id	title	brand	link	vehicle MSRP	description	image_link	availability	condition	product_type	google_product_category	MPN	link_template	color	mileage	model	vin	year	price	store code	MSRP	mileage.unit	certified_pre_owned	custom_label_0	custom_label_1	custom_label_2
1FMUK8KH4VGA12207	2027 Ford Explorer ST-Line	Ford	https://www.andersonandkochford.com/vehicle/1FMUK8KH4VGA12207/2027-Ford-Explorer-North_Branch-MN/	48328 USD	2027 Avalanche Ford Explorer St-line 4WD 2.3L EcoBoost I-4 For sale at Anderson & Koch Ford in North Branch Minnesota.	https://media-cdn-tango.jazelc.com/media/323932401	in stock	NEW	SUV	Vehicles & Parts > Vehicles > Motor Vehicles > Cars, Trucks & Vans	1FMUK8KH4VGA12207	https://www.andersonandkochford.com/vehicle/1FMUK8KH4VGA12207/2027-Ford-Explorer-North_Branch-MN/123?store={store_code}	NA	12 miles	Explorer	1FMUK8KH4VGA12207	2027	48328 USD	04229513139877848249	48328 USD	MI	no	Explorer	No	Over 20k
1FMWK8GC7VGA15592	2027 Ford Explorer ST	Ford	https://www.andersonandkochford.com/vehicle/1FMWK8GC7VGA15592/2027-Ford-Explorer-North_Branch-MN/	60861 USD	2027 Avalanche Ford Explorer St 4WD 3.0L EcoBoost V6 For sale at Anderson & Koch Ford in North Branch Minnesota.	https://media-cdn-tango.jazelc.com/media/322181242	in stock	NEW	SUV	Vehicles & Parts > Vehicles > Motor Vehicles > Cars, Trucks & Vans	1FMWK8GC7VGA15592	https://www.andersonandkochford.com/vehicle/1FMWK8GC7VGA15592/2027-Ford-Explorer-North_Branch-MN/123?store={store_code}	NA	5 miles	Explorer	1FMWK8GC7VGA15592	2027	60861 USD	04229513139877848249	60861 USD	MI	no	Explorer	No	Over 20k
1FTER4HP2TLE66407	2026 Ford Ranger XLT	Ford	https://www.andersonandkochford.com/vehicle/1FTER4HP2TLE66407/2026-Ford-Ranger-North_Branch-MN/	46484 USD	2026 Avalanche Ford Ranger Xlt 4WD 2.7L EcoBoost V6 For sale at Anderson & Koch Ford in North Branch Minnesota.	https://media-cdn-tango.jazelc.com/media/300266687	in stock	NEW	TRUCK	Vehicles & Parts > Vehicles > Motor Vehicles > Cars, Trucks & Vans	1FTER4HP2TLE66407	https://www.andersonandkochford.com/vehicle/1FTER4HP2TLE66407/2026-Ford-Ranger-North_Branch-MN/123?store={store_code}	NA	0 miles	Ranger	1FTER4HP2TLE66407	2026	46484 USD	04229513139877848249	46484 USD	MI	no	Ranger	No	Over 20k
1FTEW2LP9TKF68359	2026 Ford F-150 STX	Ford	https://www.andersonandkochford.com/vehicle/1FTEW2LP9TKF68359/2026-Ford-F--150-North_Branch-MN/	45901 USD	2026 Avalanche Ford F-150 Stx 4WD 2.7L V6 EcoBoost For sale at Anderson & Koch Ford in North Branch Minnesota.	https://media-cdn-tango.jazelc.com/media/323152801	in stock	NEW	TRUCK	Vehicles & Parts > Vehicles > Motor Vehicles > Cars, Trucks & Vans	1FTEW2LP9TKF68359	https://www.andersonandkochford.com/vehicle/1FTEW2LP9TKF68359/2026-Ford-F--150-North_Branch-MN/123?store={store_code}	NA	0 miles	F-150	1FTEW2LP9TKF68359	2026	45901 USD	04229513139877848249	45901 USD	MI	no	F-150	No	Over 20k
1FTFW1E87PFB11102	2023 Ford F-150 XLT	Ford	https://www.andersonandkochford.com/vehicle/1FTFW1E87PFB11102/Used-2023-Ford-F--150-North_Branch-MN/	34345 USD	2023 Avalanche Ford F-150 Xlt 4WD 3.5L V6 EcoBoost For sale at Anderson & Koch Ford in North Branch Minnesota.	https://media-cdn-tango.jazelc.com/media/322155894	in stock	USED	TRUCK	Vehicles & Parts > Vehicles > Motor Vehicles > Cars, Trucks & Vans	1FTFW1E87PFB11102	https://www.andersonandkochford.com/vehicle/1FTFW1E87PFB11102/Used-2023-Ford-F--150-North_Branch-MN/123?store={store_code}	NA	51487 miles	F-150	1FTFW1E87PFB11102	2023	34345 USD	04229513139877848249	34345 USD	MI	no	F-150	No	Over 20k
1FTFW2L84RFB19833	2024 Ford F-150 STX	Ford	https://www.andersonandkochford.com/vehicle/1FTFW2L84RFB19833/Used-2024-Ford-F--150-North_Branch-MN/	40345 USD	2024 Avalanche Ford F-150 Stx 4WD 3.5L V6 EcoBoost For sale at Anderson & Koch Ford in North Branch Minnesota.	https://media-cdn-tango.jazelc.com/media/323545012	in stock	USED	TRUCK	Vehicles & Parts > Vehicles > Motor Vehicles > Cars, Trucks & Vans	1FTFW2L84RFB19833	https://www.andersonandkochford.com/vehicle/1FTFW2L84RFB19833/Used-2024-Ford-F--150-North_Branch-MN/123?store={store_code}	NA	19043 miles	F-150	1FTFW2L84RFB19833	2024	40345 USD	04229513139877848249	40345 USD	MI	no	F-150	No	Over 20k
1FTFW5L83TKF26705	2026 Ford F-150 LARIAT	Ford	https://www.andersonandkochford.com/vehicle/1FTFW5L83TKF26705/2026-Ford-F--150-North_Branch-MN/	63506 USD	2026 Avalanche Ford F-150 Lariat 4WD 3.5L V6 EcoBoost For sale at Anderson & Koch Ford in North Branch Minnesota.	https://media-cdn-tango.jazelc.com/media/321539054	in stock	NEW	TRUCK	Vehicles & Parts > Vehicles > Motor Vehicles > Cars, Trucks & Vans	1FTFW5L83TKF26705	https://www.andersonandkochford.com/vehicle/1FTFW5L83TKF26705/2026-Ford-F--150-North_Branch-MN/123?store={store_code}	NA	0 miles	F-150	1FTFW5L83TKF26705	2026	63506 USD	04229513139877848249	63506 USD	MI	no	F-150	No	Over 20k
5YFB4MDE5SP239420	2025 Toyota Corolla LE	Toyota	https://www.andersonandkochford.com/vehicle/5YFB4MDE5SP239420/Used-2025-Toyota-Corolla-North_Branch-MN/	21845 USD	2025 Celestite Toyota Corolla Le FWD 2.0L I4 DOHC 16V For sale at Anderson & Koch Ford in North Branch Minnesota.	https://media-cdn-tango.jazelc.com/media/322820937	in stock	USED	OTHER	Vehicles & Parts > Vehicles > Motor Vehicles > Cars, Trucks & Vans	5YFB4MDE5SP239420	https://www.andersonandkochford.com/vehicle/5YFB4MDE5SP239420/Used-2025-Toyota-Corolla-North_Branch-MN/123?store={store_code}	NA	48586 miles	Corolla	5YFB4MDE5SP239420	2025	21845 USD	04229513139877848249	21845 USD	MI	no	Corolla	No	Over 20k
1C4PJMDX5KD113268	2019 Jeep Cherokee Limited	Jeep	https://www.andersonandkochford.com/vehicle/1C4PJMDX5KD113268/Used-2019-Jeep-Cherokee-North_Branch-MN/	15345 USD	2019 Diamond Black Crystal Pearlcoat Jeep Cherokee Limited 4WD 3.2L V6 For sale at Anderson & Koch Ford in North Branch Minnesota.	https://media-cdn-tango.jazelc.com/media/323186794	in stock	USED	SUV	Vehicles & Parts > Vehicles > Motor Vehicles > Cars, Trucks & Vans	1C4PJMDX5KD113268	https://www.andersonandkochford.com/vehicle/1C4PJMDX5KD113268/Used-2019-Jeep-Cherokee-North_Branch-MN/123?store={store_code}	BLACK	86157 miles	Cherokee	1C4PJMDX5KD113268	2019	15345 USD	04229513139877848249	15345 USD	MI	no	Cherokee	No	Under 20k
1C4RJHAG5RC699636	2024 Jeep Grand Cherokee Altitude	Jeep	https://www.andersonandkochford.com/vehicle/1C4RJHAG5RC699636/Used-2024-Jeep-Grand_Cherokee-North_Branch-MN/	29345 USD	2024 Silver Zynith Jeep Grand Cherokee Altitude 4WD 3.6L V6 24V VVT For sale at Anderson & Koch Ford in North Branch Minnesota.	https://media-cdn-tango.jazelc.com/media/320524572	in stock	USED	SUV	Vehicles & Parts > Vehicles > Motor Vehicles > Cars, Trucks & Vans	1C4RJHAG5RC699636	https://www.andersonandkochford.com/vehicle/1C4RJHAG5RC699636/Used-2024-Jeep-Grand_Cherokee-North_Branch-MN/123?store={store_code}	SILVER	25048 miles	Grand Cherokee	1C4RJHAG5RC699636	2024	29345 USD	04229513139877848249	29345 USD	MI	no	Grand Cherokee	No	Over 20k
1C6SRFFP1SN732026	2025 RAM 1500 BIG Horn/Lone Star	RAM	https://www.andersonandkochford.com/vehicle/1C6SRFFP1SN732026/Used-2025-RAM-1500-North_Branch-MN/	40145 USD	2025 Diamond Black Crystal Pearlcoat RAM 1500 Big Horn\/lone Star 4WD 3.0L I6 For sale at Anderson & Koch Ford in North Branch Minnesota.	https://media-cdn-tango.jazelc.com/media/324254443	in stock	USED	TRUCK	Vehicles & Parts > Vehicles > Motor Vehicles > Cars, Trucks & Vans	1C6SRFFP1SN732026	https://www.andersonandkochford.com/vehicle/1C6SRFFP1SN732026/Used-2025-RAM-1500-North_Branch-MN/123?store={store_code}	BLACK	30035 miles	1500	1C6SRFFP1SN732026	2025	40145 USD	04229513139877848249	40145 USD	MI	no	1500	No	Over 20k
1FM5K8D86FGA27309	2015 Ford Explorer XLT	Ford	https://www.andersonandkochford.com/vehicle/1FM5K8D86FGA27309/Used-2015-Ford-Explorer-North_Branch-MN/	10845 USD	2015 White Platinum Clearcoat Metallic Ford Explorer Xlt 4WD 3.5L V6 Ti-VCT For sale at Anderson & Koch Ford in North Branch Minnesota.	https://media-cdn-tango.jazelc.com/media/324193695	in stock	USED	SUV	Vehicles & Parts > Vehicles > Motor Vehicles > Cars, Trucks & Vans	1FM5K8D86FGA27309	https://www.andersonandkochford.com/vehicle/1FM5K8D86FGA27309/Used-2015-Ford-Explorer-North_Branch-MN/123?store={store_code}	WHITE	144936 miles	Explorer	1FM5K8D86FGA27309	2015	10845 USD	04229513139877848249	10845 USD	MI	no	Explorer	No	Under 20k
1FMCU9G67MUA96574	2021 Ford Escape SE	Ford	https://www.andersonandkochford.com/vehicle/1FMCU9G67MUA96574/Used-2021-Ford-Escape-North_Branch-MN/	17845 USD	2021 Rapid Red Metallic Tinted Clearcoat Ford Escape Se AWD 1.5L EcoBoost For sale at Anderson & Koch Ford in North Branch Minnesota.	https://media-cdn-tango.jazelc.com/media/323592090	in stock	USED	SUV	Vehicles & Parts > Vehicles > Motor Vehicles > Cars, Trucks & Vans	1FMCU9G67MUA96574	https://www.andersonandkochford.com/vehicle/1FMCU9G67MUA96574/Used-2021-Ford-Escape-North_Branch-MN/123?store={store_code}	RED	61339 miles	Escape	1FMCU9G67MUA96574	2021	17845 USD	04229513139877848249	17845 USD	MI	no	Escape	No	Under 20k
1FMCU9JA1SUA84916	2025 Ford Escape Platinum	Ford	https://www.andersonandkochford.com/vehicle/1FMCU9JA1SUA84916/Used-2025-Ford-Escape-North_Branch-MN/	27345 USD	2025 Carbonized Gray Metallic Ford Escape Platinum AWD EcoBoost 2.0L I4 GTDi DOHC Turbocharged VCT For sale at Anderson & Koch Ford in North Branch Minnesota.	https://media-cdn-tango.jazelc.com/media/290097491	in stock	USED	SUV	Vehicles & Parts > Vehicles > Motor Vehicles > Cars, Trucks & Vans	1FMCU9JA1SUA84916	https://www.andersonandkochford.com/vehicle/1FMCU9JA1SUA84916/Used-2025-Ford-Escape-North_Branch-MN/123?store={store_code}	GRAY	23332 miles	Escape	1FMCU9JA1SUA84916	2025	27345 USD	04229513139877848249	27345 USD	MI	no	Escape	No	Over 20k
1FMCU9JA6RUA71878	2024 Ford Escape Platinum	Ford	https://www.andersonandkochford.com/vehicle/1FMCU9JA6RUA71878/Used-2024-Ford-Escape-North_Branch-MN/	24345 USD	2024 Black Ford Escape Platinum AWD EcoBoost 2.0L I4 GTDi DOHC Turbocharged VCT For sale at Anderson & Koch Ford in North Branch Minnesota.	https://media-cdn-tango.jazelc.com/media/322592133	in stock	USED	SUV	Vehicles & Parts > Vehicles > Motor Vehicles > Cars, Trucks & Vans	1FMCU9JA6RUA71878	https://www.andersonandkochford.com/vehicle/1FMCU9JA6RUA71878/Used-2024-Ford-Escape-North_Branch-MN/123?store={store_code}	BLACK	42209 miles	Escape	1FMCU9JA6RUA71878	2024	24345 USD	04229513139877848249	24345 USD	MI	no	Escape	No	Over 20k
1FMCU9JA8SUA60676	2025 Ford Escape Platinum	Ford	https://www.andersonandkochford.com/vehicle/1FMCU9JA8SUA60676/Used-2025-Ford-Escape-North_Branch-MN/	27345 USD	2025 Carbonized Gray Metallic Ford Escape Platinum AWD EcoBoost 2.0L I4 GTDi DOHC Turbocharged VCT For sale at Anderson & Koch Ford in North Branch Minnesota.	https://media-cdn-tango.jazelc.com/media/322503827	in stock	USED	SUV	Vehicles & Parts > Vehicles > Motor Vehicles > Cars, Trucks & Vans	1FMCU9JA8SUA60676	https://www.andersonandkochford.com/vehicle/1FMCU9JA8SUA60676/Used-2025-Ford-Escape-North_Branch-MN/123?store={store_code}	GRAY	23496 miles	Escape	1FMCU9JA8SUA60676	2025	27345 USD	04229513139877848249	27345 USD	MI	no	Escape	No	Over 20k
1FMCU9JD9HUA87033	2017 Ford Escape Titanium	Ford	https://www.andersonandkochford.com/vehicle/1FMCU9JD9HUA87033/Used-2017-Ford-Escape-North_Branch-MN/	12345 USD	2017 Magnetic Metallic Ford Escape Titanium 4WD 1.5L EcoBoost For sale at Anderson & Koch Ford in North Branch Minnesota.	https://media-cdn-tango.jazelc.com/media/323592094	in stock	USED	SUV	Vehicles & Parts > Vehicles > Motor Vehicles > Cars, Trucks & Vans	1FMCU9JD9HUA87033	https://www.andersonandkochford.com/vehicle/1FMCU9JD9HUA87033/Used-2017-Ford-Escape-North_Branch-MN/123?store={store_code}	GRAY	111917 miles	Escape	1FMCU9JD9HUA87033	2017	12345 USD	04229513139877848249	12345 USD	MI	no	Escape	No	Under 20k
1FMCU9MN0PUA45031	2023 Ford Escape ST-Line	Ford	https://www.andersonandkochford.com/vehicle/1FMCU9MN0PUA45031/Used-2023-Ford-Escape-North_Branch-MN/	20645 USD	2023 Oxford White Ford Escape St-line AWD 1.5L EcoBoost For sale at Anderson & Koch Ford in North Branch Minnesota.	https://media-cdn-tango.jazelc.com/media/323149602	in stock	USED	SUV	Vehicles & Parts > Vehicles > Motor Vehicles > Cars, Trucks & Vans	1FMCU9MN0PUA45031	https://www.andersonandkochford.com/vehicle/1FMCU9MN0PUA45031/Used-2023-Ford-Escape-North_Branch-MN/123?store={store_code}	WHITE	69151 miles	Escape	1FMCU9MN0PUA45031	2023	20645 USD	04229513139877848249	20645 USD	MI	no	Escape	No	Over 20k
1FMCU9MN7PUA73277	2023 Ford Escape ST-Line	Ford	https://www.andersonandkochford.com/vehicle/1FMCU9MN7PUA73277/Used-2023-Ford-Escape-North_Branch-MN/	19245 USD	2023 Oxford White Ford Escape St-line AWD 1.5L EcoBoost For sale at Anderson & Koch Ford in North Branch Minnesota.	https://media-cdn-tango.jazelc.com/media/323149607	in stock	USED	SUV	Vehicles & Parts > Vehicles > Motor Vehicles > Cars, Trucks & Vans	1FMCU9MN7PUA73277	https://www.andersonandkochford.com/vehicle/1FMCU9MN7PUA73277/Used-2023-Ford-Escape-North_Branch-MN/123?store={store_code}	WHITE	82830 miles	Escape	1FMCU9MN7PUA73277	2023	19245 USD	04229513139877848249	19245 USD	MI	no	Escape	No	Under 20k
1FMEE5DP7MLA85754	2021 Ford Bronco Badlands	Ford	https://www.andersonandkochford.com/vehicle/1FMEE5DP7MLA85754/Used-2021-Ford-Bronco-North_Branch-MN/	37345 USD	2021 Orange Metallic Ford Bronco Badlands 4WD 2.7L EcoBoost V6 For sale at Anderson & Koch Ford in North Branch Minnesota.	https://media-cdn-tango.jazelc.com/media/320514599	in stock	USED	SUV	Vehicles & Parts > Vehicles > Motor Vehicles > Cars, Trucks & Vans	1FMEE5DP7MLA85754	https://www.andersonandkochford.com/vehicle/1FMEE5DP7MLA85754/Used-2021-Ford-Bronco-North_Branch-MN/123?store={store_code}	ORANGE	25263 miles	Bronco	1FMEE5DP7MLA85754	2021	37345 USD	04229513139877848249	37345 USD	MI	no	Bronco	No	Over 20k
1FMEE8BPXTLB72244	2026 Ford Bronco Outer Banks	Ford	https://www.andersonandkochford.com/vehicle/1FMEE8BPXTLB72244/2026-Ford-Bronco-North_Branch-MN/	61180 USD	2026 Oxford White Ford Bronco Outer Banks 4WD 2.7L EcoBoost V6 For sale at Anderson & Koch Ford in North Branch Minnesota.	https://media-cdn-tango.jazelc.com/media/299061378	in stock	NEW	SUV	Vehicles & Parts > Vehicles > Motor Vehicles > Cars, Trucks & Vans	1FMEE8BPXTLB72244	https://www.andersonandkochford.com/vehicle/1FMEE8BPXTLB72244/2026-Ford-Bronco-North_Branch-MN/123?store={store_code}	WHITE	0 miles	Bronco	1FMEE8BPXTLB72244	2026	61180 USD	04229513139877848249	61180 USD	MI	no	Bronco	No	Over 20k
1FMEE9BP0TLB20997	2026 Ford Bronco Badlands	Ford	https://www.andersonandkochford.com/vehicle/1FMEE9BP0TLB20997/2026-Ford-Bronco-North_Branch-MN/	62062 USD	2026 Oxford White Ford Bronco Badlands 4WD 2.7L EcoBoost V6 For sale at Anderson & Koch Ford in North Branch Minnesota.	https://media-cdn-tango.jazelc.com/media/318864536	in stock	NEW	SUV	Vehicles & Parts > Vehicles > Motor Vehicles > Cars, Trucks & Vans	1FMEE9BP0TLB20997	https://www.andersonandkochford.com/vehicle/1FMEE9BP0TLB20997/2026-Ford-Bronco-North_Branch-MN/123?store={store_code}	WHITE	41 miles	Bronco	1FMEE9BP0TLB20997	2026	62062 USD	04229513139877848249	62062 USD	MI	no	Bronco	No	Over 20k
1FMEE9BP6RLA70275	2024 Ford Bronco Badlands	Ford	https://www.andersonandkochford.com/vehicle/1FMEE9BP6RLA70275/Used-2024-Ford-Bronco-North_Branch-MN/	44345 USD	2024 Carbonized Gray Metallic Ford Bronco Badlands 4WD 2.7L EcoBoost V6 For sale at Anderson & Koch Ford in North Branch Minnesota.	https://media-cdn-tango.jazelc.com/media/323544936	in stock	USED	SUV	Vehicles & Parts > Vehicles > Motor Vehicles > Cars, Trucks & Vans	1FMEE9BP6RLA70275	https://www.andersonandkochford.com/vehicle/1FMEE9BP6RLA70275/Used-2024-Ford-Bronco-North_Branch-MN/123?store={store_code}	GRAY	31886 miles	Bronco	1FMEE9BP6RLA70275	2024	44345 USD	04229513139877848249	44345 USD	MI	no	Bronco	No	Over 20k
1FMEE9BP7TLB23444	2026 Ford Bronco Badlands	Ford	https://www.andersonandkochford.com/vehicle/1FMEE9BP7TLB23444/2026-Ford-Bronco-North_Branch-MN/	63282 USD	2026 Shadow Black Ford Bronco Badlands 4WD 2.7L EcoBoost V6 For sale at Anderson & Koch Ford in North Branch Minnesota.	https://media-cdn-tango.jazelc.com/media/318864199	in stock	NEW	SUV	Vehicles & Parts > Vehicles > Motor Vehicles > Cars, Trucks & Vans	1FMEE9BP7TLB23444	https://www.andersonandkochford.com/vehicle/1FMEE9BP7TLB23444/2026-Ford-Bronco-North_Branch-MN/123?store={store_code}	BLACK	6 miles	Bronco	1FMEE9BP7TLB23444	2026	63282 USD	04229513139877848249	63282 USD	MI	no	Bronco	No	Over 20k
1FMJK1M83VEA14405	2027 Ford Expedition MAX Platinum	Ford	https://www.andersonandkochford.com/vehicle/1FMJK1M83VEA14405/2027-Ford-Expedition_MAX-North_Branch-MN/	83967 USD	2027 Black Metallic Ford Expedition Max Platinum 4WD EcoBoost 3.5L V6 GTDi DOHC 24V Twin Turbocharged For sale at Anderson & Koch Ford in North Branch Minnesota.	https://media-cdn-tango.jazelc.com/media/322714800	in stock	NEW	SUV	Vehicles & Parts > Vehicles > Motor Vehicles > Cars, Trucks & Vans	1FMJK1M83VEA14405	https://www.andersonandkochford.com/vehicle/1FMJK1M83VEA14405/2027-Ford-Expedition_MAX-North_Branch-MN/123?store={store_code}	BLACK	14 miles	Expedition Max	1FMJK1M83VEA14405	2027	83967 USD	04229513139877848249	83967 USD	MI	no	Expedition Max	No	Over 20k
1FMJK1MG7VEA42991	2027 Ford Expedition MAX Platinum	Ford	https://www.andersonandkochford.com/vehicle/1FMJK1MG7VEA42991/2027-Ford-Expedition_MAX-North_Branch-MN/	87350 USD	2027 Glacier Gray Metallic Tri-Coat Ford Expedition Max Platinum 4WD 3.5L V6 EcoBoost High Output For sale at Anderson & Koch Ford in North Branch Minnesota.	https://media-cdn-tango.jazelc.com/media/317072460	in stock	NEW	SUV	Vehicles & Parts > Vehicles > Motor Vehicles > Cars, Trucks & Vans	1FMJK1MG7VEA42991	https://www.andersonandkochford.com/vehicle/1FMJK1MG7VEA42991/2027-Ford-Expedition_MAX-North_Branch-MN/123?store={store_code}	WHITE	0 miles	Expedition Max	1FMJK1MG7VEA42991	2027	87350 USD	04229513139877848249	87350 USD	MI	no	Expedition Max	No	Over 20k
1FMJU1MG2VEA28491	2027 Ford Expedition Platinum	Ford	https://www.andersonandkochford.com/vehicle/1FMJU1MG2VEA28491/2027-Ford-Expedition-North_Branch-MN/	84446 USD	2027 Star White Metallic Tri-Coat Ford Expedition Platinum 4WD 3.5L V6 EcoBoost High Output For sale at Anderson & Koch Ford in North Branch Minnesota.	https://media-cdn-tango.jazelc.com/media/323931926	in stock	NEW	SUV	Vehicles & Parts > Vehicles > Motor Vehicles > Cars, Trucks & Vans	1FMJU1MG2VEA28491	https://www.andersonandkochford.com/vehicle/1FMJU1MG2VEA28491/2027-Ford-Expedition-North_Branch-MN/123?store={store_code}	WHITE	0 miles	Expedition	1FMJU1MG2VEA28491	2027	84446 USD	04229513139877848249	84446 USD	MI	no	Expedition	No	Over 20k
1FMJU1RG7VEA21724	2027 Ford Expedition Tremor	Ford	https://www.andersonandkochford.com/vehicle/1FMJU1RG7VEA21724/2027-Ford-Expedition-North_Branch-MN/	83752 USD	2027 Marsh Gray Ford Expedition Tremor 4WD 3.5L V6 EcoBoost High Output For sale at Anderson & Koch Ford in North Branch Minnesota.	https://media-cdn-tango.jazelc.com/media/323378994	in stock	NEW	SUV	Vehicles & Parts > Vehicles > Motor Vehicles > Cars, Trucks & Vans	1FMJU1RG7VEA21724	https://www.andersonandkochford.com/vehicle/1FMJU1RG7VEA21724/2027-Ford-Expedition-North_Branch-MN/123?store={store_code}	GRAY	0 miles	Expedition	1FMJU1RG7VEA21724	2027	83752 USD	04229513139877848249	83752 USD	MI	no	Expedition	No	Over 20k
1FMSK8DH1NGB20403	2022 Ford Explorer XLT	Ford	https://www.andersonandkochford.com/vehicle/1FMSK8DH1NGB20403/Used-2022-Ford-Explorer-North_Branch-MN/	21345 USD	2022 Agate Black Metallic Ford Explorer Xlt 4WD 2.3L EcoBoost I-4 For sale at Anderson & Koch Ford in North Branch Minnesota.	https://media-cdn-tango.jazelc.com/media/322587183	in stock	USED	SUV	Vehicles & Parts > Vehicles > Motor Vehicles > Cars, Trucks & Vans	1FMSK8DH1NGB20403	https://www.andersonandkochford.com/vehicle/1FMSK8DH1NGB20403/Used-2022-Ford-Explorer-North_Branch-MN/123?store={store_code}	BLACK	110724 miles	Explorer	1FMSK8DH1NGB20403	2022	21345 USD	04229513139877848249	21345 USD	MI	no	Explorer	No	Over 20k
1FMSK8DH8LGB29077	2020 Ford Explorer XLT	Ford	https://www.andersonandkochford.com/vehicle/1FMSK8DH8LGB29077/Used-2020-Ford-Explorer-North_Branch-MN/	13345 USD	2020 White Metallic Ford Explorer Xlt 4WD 2.3L EcoBoost I-4 For sale at Anderson & Koch Ford in North Branch Minnesota.	https://media-cdn-tango.jazelc.com/media/320161366	in stock	USED	SUV	Vehicles & Parts > Vehicles > Motor Vehicles > Cars, Trucks & Vans	1FMSK8DH8LGB29077	https://www.andersonandkochford.com/vehicle/1FMSK8DH8LGB29077/Used-2020-Ford-Explorer-North_Branch-MN/123?store={store_code}	WHITE	173735 miles	Explorer	1FMSK8DH8LGB29077	2020	13345 USD	04229513139877848249	13345 USD	MI	no	Explorer	No	Under 20k
1FMUK8DH0TGB67976	2026 Ford Explorer Active	Ford	https://www.andersonandkochford.com/vehicle/1FMUK8DH0TGB67976/2026-Ford-Explorer-North_Branch-MN/	41845 USD	2026 Black Metallic Ford Explorer Active 4WD 2.3L EcoBoost I-4 For sale at Anderson & Koch Ford in North Branch Minnesota.	https://media-cdn-tango.jazelc.com/media/319218401	in stock	NEW	SUV	Vehicles & Parts > Vehicles > Motor Vehicles > Cars, Trucks & Vans	1FMUK8DH0TGB67976	https://www.andersonandkochford.com/vehicle/1FMUK8DH0TGB67976/2026-Ford-Explorer-North_Branch-MN/123?store={store_code}	BLACK	119 miles	Explorer	1FMUK8DH0TGB67976	2026	41845 USD	04229513139877848249	41845 USD	MI	no	Explorer	No	Over 20k
1FMUK8DH0TGC39792	2026 Ford Explorer Active	Ford	https://www.andersonandkochford.com/vehicle/1FMUK8DH0TGC39792/2026-Ford-Explorer-North_Branch-MN/	42778 USD	2026 Gray Metallic Ford Explorer Active 4WD 2.3L EcoBoost I-4 For sale at Anderson & Koch Ford in North Branch Minnesota.	https://media-cdn-tango.jazelc.com/media/319745024	in stock	NEW	SUV	Vehicles & Parts > Vehicles > Motor Vehicles > Cars, Trucks & Vans	1FMUK8DH0TGC39792	https://www.andersonandkochford.com/vehicle/1FMUK8DH0TGC39792/2026-Ford-Explorer-North_Branch-MN/123?store={store_code}	GRAY	52 miles	Explorer	1FMUK8DH0TGC39792	2026	42778 USD	04229513139877848249	42778 USD	MI	no	Explorer	No	Over 20k
1FMUK8DH2TGC32567	2026 Ford Explorer Active w/200A Pkg	Ford	https://www.andersonandkochford.com/vehicle/1FMUK8DH2TGC32567/2026-Ford-Explorer-North_Branch-MN/	45130 USD	2026 Carbonized Gray Metallic Ford Explorer Active W\/200a Pkg 4WD 4 Cylinder For sale at Anderson & Koch Ford in North Branch Minnesota.	https://media-cdn-tango.jazelc.com/media/324202467	in stock	NEW	SUV	Vehicles & Parts > Vehicles > Motor Vehicles > Cars, Trucks & Vans	1FMUK8DH2TGC32567	https://www.andersonandkochford.com/vehicle/1FMUK8DH2TGC32567/2026-Ford-Explorer-North_Branch-MN/123?store={store_code}	GRAY	0 miles	Explorer	1FMUK8DH2TGC32567	2026	45130 USD	04229513139877848249	45130 USD	MI	no	Explorer	No	Over 20k
1FMUK8DH2TGC33475	2026 Ford Explorer Active	Ford	https://www.andersonandkochford.com/vehicle/1FMUK8DH2TGC33475/2026-Ford-Explorer-North_Branch-MN/	43407 USD	2026 Star White Metallic Tri-Coat Ford Explorer Active 4WD 2.3L EcoBoost I-4 For sale at Anderson & Koch Ford in North Branch Minnesota.	https://media-cdn-tango.jazelc.com/media/320965067	in stock	NEW	SUV	Vehicles & Parts > Vehicles > Motor Vehicles > Cars, Trucks & Vans	1FMUK8DH2TGC33475	https://www.andersonandkochford.com/vehicle/1FMUK8DH2TGC33475/2026-Ford-Explorer-North_Branch-MN/123?store={store_code}	WHITE	6 miles	Explorer	1FMUK8DH2TGC33475	2026	43407 USD	04229513139877848249	43407 USD	MI	no	Explorer	No	Over 20k
1FMUK8DH2VGA66991	2027 Ford Explorer Active	Ford	https://www.andersonandkochford.com/vehicle/1FMUK8DH2VGA66991/2027-Ford-Explorer-North_Branch-MN/	43608 USD	2027 Star White Metallic Tri-Coat Ford Explorer Active 4WD 2.3L EcoBoost I-4 For sale at Anderson & Koch Ford in North Branch Minnesota.	https://media-cdn-tango.jazelc.com/media/314548260	in stock	NEW	SUV	Vehicles & Parts > Vehicles > Motor Vehicles > Cars, Trucks & Vans	1FMUK8DH2VGA66991	https://www.andersonandkochford.com/vehicle/1FMUK8DH2VGA66991/2027-Ford-Explorer-North_Branch-MN/123?store={store_code}	WHITE	0 miles	Explorer	1FMUK8DH2VGA66991	2027	43608 USD	04229513139877848249	43608 USD	MI	no	Explorer	No	Over 20k
1FMUK8DH3VGA29285	2027 Ford Explorer Active	Ford	https://www.andersonandkochford.com/vehicle/1FMUK8DH3VGA29285/2027-Ford-Explorer-North_Branch-MN/	43325 USD	2027 Vapor Blue Metallic Ford Explorer Active 4WD 2.3L EcoBoost I-4 For sale at Anderson & Koch Ford in North Branch Minnesota.	https://media-cdn-tango.jazelc.com/media/323378545	in stock	NEW	SUV	Vehicles & Parts > Vehicles > Motor Vehicles > Cars, Trucks & Vans	1FMUK8DH3VGA29285	https://www.andersonandkochford.com/vehicle/1FMUK8DH3VGA29285/2027-Ford-Explorer-North_Branch-MN/123?store={store_code}	BLUE	0 miles	Explorer	1FMUK8DH3VGA29285	2027	43325 USD	04229513139877848249	43325 USD	MI	no	Explorer	No	Over 20k
1FMUK8DH4TGB25181	2026 Ford Explorer Active	Ford	https://www.andersonandkochford.com/vehicle/1FMUK8DH4TGB25181/Used-2026-Ford-Explorer-North_Branch-MN/	37345 USD	2026 Black Metallic Ford Explorer Active 4WD 2.3L EcoBoost I-4 For sale at Anderson & Koch Ford in North Branch Minnesota.	https://media-cdn-tango.jazelc.com/media/320861840	in stock	USED	SUV	Vehicles & Parts > Vehicles > Motor Vehicles > Cars, Trucks & Vans	1FMUK8DH4TGB25181	https://www.andersonandkochford.com/vehicle/1FMUK8DH4TGB25181/Used-2026-Ford-Explorer-North_Branch-MN/123?store={store_code}	BLACK	3691 miles	Explorer	1FMUK8DH4TGB25181	2026	37345 USD	04229513139877848249	37345 USD	MI	no	Explorer	No	Over 20k
1FMUK8DH4VGA16884	2027 Ford Explorer Active w/200A Pkg	Ford	https://www.andersonandkochford.com/vehicle/1FMUK8DH4VGA16884/2027-Ford-Explorer-North_Branch-MN/	48485 USD	2027 Carbonized Gray Metallic Ford Explorer Active W\/200a Pkg 4WD 4 Cylinder For sale at Anderson & Koch Ford in North Branch Minnesota.	https://media-cdn-tango.jazelc.com/media/323761616	in stock	NEW	SUV	Vehicles & Parts > Vehicles > Motor Vehicles > Cars, Trucks & Vans	1FMUK8DH4VGA16884	https://www.andersonandkochford.com/vehicle/1FMUK8DH4VGA16884/2027-Ford-Explorer-North_Branch-MN/123?store={store_code}	GRAY	0 miles	Explorer	1FMUK8DH4VGA16884	2027	48485 USD	04229513139877848249	48485 USD	MI	no	Explorer	No	Over 20k
1FMUK8DH5TGC32949	2026 Ford Explorer Active	Ford	https://www.andersonandkochford.com/vehicle/1FMUK8DH5TGC32949/2026-Ford-Explorer-North_Branch-MN/	38178 USD	2026 Black Metallic Ford Explorer Active 4WD 2.3L EcoBoost I-4 For sale at Anderson & Koch Ford in North Branch Minnesota.	https://media-cdn-tango.jazelc.com/media/320296953	in stock	NEW	SUV	Vehicles & Parts > Vehicles > Motor Vehicles > Cars, Trucks & Vans	1FMUK8DH5TGC32949	https://www.andersonandkochford.com/vehicle/1FMUK8DH5TGC32949/2026-Ford-Explorer-North_Branch-MN/123?store={store_code}	BLACK	6 miles	Explorer	1FMUK8DH5TGC32949	2026	38178 USD	04229513139877848249	38178 USD	MI	no	Explorer	No	Over 20k
1FMUK8DH5TGC33521	2026 Ford Explorer Active	Ford	https://www.andersonandkochford.com/vehicle/1FMUK8DH5TGC33521/2026-Ford-Explorer-North_Branch-MN/	43425 USD	2026 Vapor Blue Metallic Ford Explorer Active 4WD 2.3L EcoBoost I-4 For sale at Anderson & Koch Ford in North Branch Minnesota.	https://media-cdn-tango.jazelc.com/media/322320828	in stock	NEW	SUV	Vehicles & Parts > Vehicles > Motor Vehicles > Cars, Trucks & Vans	1FMUK8DH5TGC33521	https://www.andersonandkochford.com/vehicle/1FMUK8DH5TGC33521/2026-Ford-Explorer-North_Branch-MN/123?store={store_code}	BLUE	7 miles	Explorer	1FMUK8DH5TGC33521	2026	43425 USD	04229513139877848249	43425 USD	MI	no	Explorer	No	Over 20k
1FMUK8DH7TGB91899	2026 Ford Explorer Active	Ford	https://www.andersonandkochford.com/vehicle/1FMUK8DH7TGB91899/Used-2026-Ford-Explorer-North_Branch-MN/	45936 USD	2026 White Metallic Ford Explorer Active 4WD 2.3L EcoBoost I-4 For sale at Anderson & Koch Ford in North Branch Minnesota.	https://media-cdn-tango.jazelc.com/media/323858527	in stock	USED	SUV	Vehicles & Parts > Vehicles > Motor Vehicles > Cars, Trucks & Vans	1FMUK8DH7TGB91899	https://www.andersonandkochford.com/vehicle/1FMUK8DH7TGB91899/Used-2026-Ford-Explorer-North_Branch-MN/123?store={store_code}	WHITE	4745 miles	Explorer	1FMUK8DH7TGB91899	2026	45936 USD	04229513139877848249	45936 USD	MI	no	Explorer	No	Over 20k
1FMUK8DH7VGA12179	2027 Ford Explorer Active	Ford	https://www.andersonandkochford.com/vehicle/1FMUK8DH7VGA12179/2027-Ford-Explorer-North_Branch-MN/	42710 USD	2027 Gray Metallic Ford Explorer Active 4WD 2.3L EcoBoost I-4 For sale at Anderson & Koch Ford in North Branch Minnesota.	https://media-cdn-tango.jazelc.com/media/323378971	in stock	NEW	SUV	Vehicles & Parts > Vehicles > Motor Vehicles > Cars, Trucks & Vans	1FMUK8DH7VGA12179	https://www.andersonandkochford.com/vehicle/1FMUK8DH7VGA12179/2027-Ford-Explorer-North_Branch-MN/123?store={store_code}	GRAY	7 miles	Explorer	1FMUK8DH7VGA12179	2027	42710 USD	04229513139877848249	42710 USD	MI	no	Explorer	No	Over 20k
1FMUK8DH7VGA15874	2027 Ford Explorer Active w/100A Pkg	Ford	https://www.andersonandkochford.com/vehicle/1FMUK8DH7VGA15874/2027-Ford-Explorer-North_Branch-MN/	48485 USD	2027 Agate Black Metallic Ford Explorer Active W\/100a Pkg 4WD 4 Cylinder For sale at Anderson & Koch Ford in North Branch Minnesota.	https://media-cdn-tango.jazelc.com/media/324308918	in stock	NEW	SUV	Vehicles & Parts > Vehicles > Motor Vehicles > Cars, Trucks & Vans	1FMUK8DH7VGA15874	https://www.andersonandkochford.com/vehicle/1FMUK8DH7VGA15874/2027-Ford-Explorer-North_Branch-MN/123?store={store_code}	BLACK	0 miles	Explorer	1FMUK8DH7VGA15874	2027	48485 USD	04229513139877848249	48485 USD	MI	no	Explorer	No	Over 20k
1FMUK8DH7VGA32738	2027 Ford Explorer Active	Ford	https://www.andersonandkochford.com/vehicle/1FMUK8DH7VGA32738/2027-Ford-Explorer-North_Branch-MN/	47272 USD	2027 Avalanche Gray Ford Explorer Active 4WD 2.3L EcoBoost I-4 For sale at Anderson & Koch Ford in North Branch Minnesota.	https://media-cdn-tango.jazelc.com/media/322715267	in stock	NEW	SUV	Vehicles & Parts > Vehicles > Motor Vehicles > Cars, Trucks & Vans	1FMUK8DH7VGA32738	https://www.andersonandkochford.com/vehicle/1FMUK8DH7VGA32738/2027-Ford-Explorer-North_Branch-MN/123?store={store_code}	GRAY	0 miles	Explorer	1FMUK8DH7VGA32738	2027	47272 USD	04229513139877848249	47272 USD	MI	no	Explorer	No	Over 20k
1FMUK8DH8TGB06116	2026 Ford Explorer Active	Ford	https://www.andersonandkochford.com/vehicle/1FMUK8DH8TGB06116/Used-2026-Ford-Explorer-North_Branch-MN/	41345 USD	2026 Black Ford Explorer Active 4WD 2.3L EcoBoost I-4 For sale at Anderson & Koch Ford in North Branch Minnesota.	https://media-cdn-tango.jazelc.com/media/321265088	in stock	USED	SUV	Vehicles & Parts > Vehicles > Motor Vehicles > Cars, Trucks & Vans	1FMUK8DH8TGB06116	https://www.andersonandkochford.com/vehicle/1FMUK8DH8TGB06116/Used-2026-Ford-Explorer-North_Branch-MN/123?store={store_code}	BLACK	4958 miles	Explorer	1FMUK8DH8TGB06116	2026	41345 USD	04229513139877848249	41345 USD	MI	no	Explorer	No	Over 20k
1FMUK8DH9TGC37782	2026 Ford Explorer Active	Ford	https://www.andersonandkochford.com/vehicle/1FMUK8DH9TGC37782/2026-Ford-Explorer-North_Branch-MN/	42394 USD	2026 Black Metallic Ford Explorer Active 4WD 2.3L EcoBoost I-4 For sale at Anderson & Koch Ford in North Branch Minnesota.	https://media-cdn-tango.jazelc.com/media/319478290	in stock	NEW	SUV	Vehicles & Parts > Vehicles > Motor Vehicles > Cars, Trucks & Vans	1FMUK8DH9TGC37782	https://www.andersonandkochford.com/vehicle/1FMUK8DH9TGC37782/2026-Ford-Explorer-North_Branch-MN/123?store={store_code}	BLACK	177 miles	Explorer	1FMUK8DH9TGC37782	2026	42394 USD	04229513139877848249	42394 USD	MI	no	Explorer	No	Over 20k
1FMUK8DHXVGA56077	2027 Ford Explorer Active	Ford	https://www.andersonandkochford.com/vehicle/1FMUK8DHXVGA56077/2027-Ford-Explorer-North_Branch-MN/	47367 USD	2027 Ruby Red Metallic Tinted Clearcoat Ford Explorer Active 4WD 2.3L EcoBoost I-4 For sale at Anderson & Koch Ford in North Branch Minnesota.	https://media-cdn-tango.jazelc.com/media/314745304	in stock	NEW	SUV	Vehicles & Parts > Vehicles > Motor Vehicles > Cars, Trucks & Vans	1FMUK8DHXVGA56077	https://www.andersonandkochford.com/vehicle/1FMUK8DHXVGA56077/2027-Ford-Explorer-North_Branch-MN/123?store={store_code}	RED	0 miles	Explorer	1FMUK8DHXVGA56077	2027	47367 USD	04229513139877848249	47367 USD	MI	no	Explorer	No	Over 20k
1FMUK8HH2VGA36075	2027 Ford Explorer Platinum	Ford	https://www.andersonandkochford.com/vehicle/1FMUK8HH2VGA36075/2027-Ford-Explorer-North_Branch-MN/	57545 USD	2027 Avalanche Gray Ford Explorer Platinum 4WD 2.3L EcoBoost I-4 For sale at Anderson & Koch Ford in North Branch Minnesota.	https://media-cdn-tango.jazelc.com/media/322180843	in stock	NEW	SUV	Vehicles & Parts > Vehicles > Motor Vehicles > Cars, Trucks & Vans	1FMUK8HH2VGA36075	https://www.andersonandkochford.com/vehicle/1FMUK8HH2VGA36075/2027-Ford-Explorer-North_Branch-MN/123?store={store_code}	GRAY	0 miles	Explorer	1FMUK8HH2VGA36075	2027	57545 USD	04229513139877848249	57545 USD	MI	no	Explorer	No	Over 20k
1FMUK8HH4TGC07261	2026 Ford Explorer Platinum	Ford	https://www.andersonandkochford.com/vehicle/1FMUK8HH4TGC07261/2026-Ford-Explorer-North_Branch-MN/	50040 USD	2026 Star White Metallic Tri-Coat Ford Explorer Platinum 4WD 2.3L EcoBoost I-4 For sale at Anderson & Koch Ford in North Branch Minnesota.	https://media-cdn-tango.jazelc.com/media/318864317	in stock	NEW	SUV	Vehicles & Parts > Vehicles > Motor Vehicles > Cars, Trucks & Vans	1FMUK8HH4TGC07261	https://www.andersonandkochford.com/vehicle/1FMUK8HH4TGC07261/2026-Ford-Explorer-North_Branch-MN/123?store={store_code}	WHITE	7 miles	Explorer	1FMUK8HH4TGC07261	2026	50040 USD	04229513139877848249	50040 USD	MI	no	Explorer	No	Over 20k
1FMUK8HH7VGA42275	2027 Ford Explorer Platinum	Ford	https://www.andersonandkochford.com/vehicle/1FMUK8HH7VGA42275/2027-Ford-Explorer-North_Branch-MN/	57639 USD	2027 Ruby Red Metallic Ford Explorer Platinum 4WD 2.3L EcoBoost I-4 For sale at Anderson & Koch Ford in North Branch Minnesota.	https://media-cdn-tango.jazelc.com/media/324184945	in stock	NEW	SUV	Vehicles & Parts > Vehicles > Motor Vehicles > Cars, Trucks & Vans	1FMUK8HH7VGA42275	https://www.andersonandkochford.com/vehicle/1FMUK8HH7VGA42275/2027-Ford-Explorer-North_Branch-MN/123?store={store_code}	RED	5 miles	Explorer	1FMUK8HH7VGA42275	2027	57639 USD	04229513139877848249	57639 USD	MI	no	Explorer	No	Over 20k
1FMUK8JH9VGA89236	2027 Ford Explorer Tremor	Ford	https://www.andersonandkochford.com/vehicle/1FMUK8JH9VGA89236/2027-Ford-Explorer-North_Branch-MN/	49959 USD	2027 Carbonized Gray Metallic Ford Explorer Tremor 4WD 2.3L EcoBoost I-4 For sale at Anderson & Koch Ford in North Branch Minnesota.	https://media-cdn-tango.jazelc.com/media/320813386	in stock	NEW	SUV	Vehicles & Parts > Vehicles > Motor Vehicles > Cars, Trucks & Vans	1FMUK8JH9VGA89236	https://www.andersonandkochford.com/vehicle/1FMUK8JH9VGA89236/2027-Ford-Explorer-North_Branch-MN/123?store={store_code}	GRAY	0 miles	Explorer	1FMUK8JH9VGA89236	2027	49959 USD	04229513139877848249	49959 USD	MI	no	Explorer	No	Over 20k
1FMUK8JHXVGA10446	2027 Ford Explorer Tremor	Ford	https://www.andersonandkochford.com/vehicle/1FMUK8JHXVGA10446/2027-Ford-Explorer-North_Branch-MN/	50142 USD	2027 Marsh Gray Ford Explorer Tremor 4WD 2.3L EcoBoost I-4 For sale at Anderson & Koch Ford in North Branch Minnesota.	https://media-cdn-tango.jazelc.com/media/322321097	in stock	NEW	SUV	Vehicles & Parts > Vehicles > Motor Vehicles > Cars, Trucks & Vans	1FMUK8JHXVGA10446	https://www.andersonandkochford.com/vehicle/1FMUK8JHXVGA10446/2027-Ford-Explorer-North_Branch-MN/123?store={store_code}	GRAY	5 miles	Explorer	1FMUK8JHXVGA10446	2027	50142 USD	04229513139877848249	50142 USD	MI	no	Explorer	No	Over 20k
1FMUK8KH0VGA35628	2027 Ford Explorer ST-Line	Ford	https://www.andersonandkochford.com/vehicle/1FMUK8KH0VGA35628/2027-Ford-Explorer-North_Branch-MN/	52399 USD	2027 White Ford Explorer St-line 4WD 2.3L EcoBoost I-4 For sale at Anderson & Koch Ford in North Branch Minnesota.	https://media-cdn-tango.jazelc.com/media/323377765	in stock	NEW	SUV	Vehicles & Parts > Vehicles > Motor Vehicles > Cars, Trucks & Vans	1FMUK8KH0VGA35628	https://www.andersonandkochford.com/vehicle/1FMUK8KH0VGA35628/2027-Ford-Explorer-North_Branch-MN/123?store={store_code}	WHITE	6 miles	Explorer	1FMUK8KH0VGA35628	2027	52399 USD	04229513139877848249	52399 USD	MI	no	Explorer	No	Over 20k
1FMUK8KH4VGA43490	2027 Ford Explorer ST-Line	Ford	https://www.andersonandkochford.com/vehicle/1FMUK8KH4VGA43490/2027-Ford-Explorer-North_Branch-MN/	51306 USD	2027 Agate Black Metallic Ford Explorer St-line 4WD 2.3L EcoBoost I-4 For sale at Anderson & Koch Ford in North Branch Minnesota.	https://media-cdn-tango.jazelc.com/media/323377681	in stock	NEW	SUV	Vehicles & Parts > Vehicles > Motor Vehicles > Cars, Trucks & Vans	1FMUK8KH4VGA43490	https://www.andersonandkochford.com/vehicle/1FMUK8KH4VGA43490/2027-Ford-Explorer-North_Branch-MN/123?store={store_code}	BLACK	0 miles	Explorer	1FMUK8KH4VGA43490	2027	51306 USD	04229513139877848249	51306 USD	MI	no	Explorer	No	Over 20k
1FMUK8KH6VGA11804	2027 Ford Explorer ST-Line	Ford	https://www.andersonandkochford.com/vehicle/1FMUK8KH6VGA11804/2027-Ford-Explorer-North_Branch-MN/	47740 USD	2027 Black Metallic Ford Explorer St-line 4WD 2.3L EcoBoost I-4 For sale at Anderson & Koch Ford in North Branch Minnesota.	https://media-cdn-tango.jazelc.com/media/323378187	in stock	NEW	SUV	Vehicles & Parts > Vehicles > Motor Vehicles > Cars, Trucks & Vans	1FMUK8KH6VGA11804	https://www.andersonandkochford.com/vehicle/1FMUK8KH6VGA11804/2027-Ford-Explorer-North_Branch-MN/123?store={store_code}	BLACK	0 miles	Explorer	1FMUK8KH6VGA11804	2027	47740 USD	04229513139877848249	47740 USD	MI	no	Explorer	No	Over 20k
1FMUK8KH6VGA35424	2027 Ford Explorer ST-Line	Ford	https://www.andersonandkochford.com/vehicle/1FMUK8KH6VGA35424/2027-Ford-Explorer-North_Branch-MN/	47436 USD	2027 Gray Metallic Ford Explorer St-line 4WD 2.3L EcoBoost I-4 For sale at Anderson & Koch Ford in North Branch Minnesota.	https://media-cdn-tango.jazelc.com/media/324187616	in stock	NEW	SUV	Vehicles & Parts > Vehicles > Motor Vehicles > Cars, Trucks & Vans	1FMUK8KH6VGA35424	https://www.andersonandkochford.com/vehicle/1FMUK8KH6VGA35424/2027-Ford-Explorer-North_Branch-MN/123?store={store_code}	GRAY	6 miles	Explorer	1FMUK8KH6VGA35424	2027	47436 USD	04229513139877848249	47436 USD	MI	no	Explorer	No	Over 20k
1FMUK8KH6VGA44740	2027 Ford Explorer ST-Line	Ford	https://www.andersonandkochford.com/vehicle/1FMUK8KH6VGA44740/2027-Ford-Explorer-North_Branch-MN/	51771 USD	2027 Ruby Red Metallic Tinted Clearcoat Ford Explorer St-line 4WD 2.3L EcoBoost I-4 For sale at Anderson & Koch Ford in North Branch Minnesota.	https://media-cdn-tango.jazelc.com/media/323176280	in stock	NEW	SUV	Vehicles & Parts > Vehicles > Motor Vehicles > Cars, Trucks & Vans	1FMUK8KH6VGA44740	https://www.andersonandkochford.com/vehicle/1FMUK8KH6VGA44740/2027-Ford-Explorer-North_Branch-MN/123?store={store_code}	RED	0 miles	Explorer	1FMUK8KH6VGA44740	2027	51771 USD	04229513139877848249	51771 USD	MI	no	Explorer	No	Over 20k
1FMUK8KH9TGC15106	2026 Ford Explorer ST-Line	Ford	https://www.andersonandkochford.com/vehicle/1FMUK8KH9TGC15106/2026-Ford-Explorer-North_Branch-MN/	54300 USD	2026 Carbonized Gray Metallic Ford Explorer St-line 4WD 4 Cylinder For sale at Anderson & Koch Ford in North Branch Minnesota.	https://media-cdn-tango.jazelc.com/media/324308739	in stock	NEW	SUV	Vehicles & Parts > Vehicles > Motor Vehicles > Cars, Trucks & Vans	1FMUK8KH9TGC15106	https://www.andersonandkochford.com/vehicle/1FMUK8KH9TGC15106/2026-Ford-Explorer-North_Branch-MN/123?store={store_code}	GRAY	0 miles	Explorer	1FMUK8KH9TGC15106	2026	54300 USD	04229513139877848249	54300 USD	MI	no	Explorer	No	Over 20k
1FMUK8KHXSGB88089	2025 Ford Explorer ST-Line	Ford	https://www.andersonandkochford.com/vehicle/1FMUK8KHXSGB88089/Used-2025-Ford-Explorer-North_Branch-MN/	35845 USD	2025 Rapid Red Metallic Tinted Clearcoat Ford Explorer St-line 4WD 2.3L EcoBoost I-4 For sale at Anderson & Koch Ford in North Branch Minnesota.	https://media-cdn-tango.jazelc.com/media/321059344	in stock	USED	SUV	Vehicles & Parts > Vehicles > Motor Vehicles > Cars, Trucks & Vans	1FMUK8KHXSGB88089	https://www.andersonandkochford.com/vehicle/1FMUK8KHXSGB88089/Used-2025-Ford-Explorer-North_Branch-MN/123?store={store_code}	RED	32011 miles	Explorer	1FMUK8KHXSGB88089	2025	35845 USD	04229513139877848249	35845 USD	MI	no	Explorer	No	Over 20k
1FMUK8KHXTGC39558	2026 Ford Explorer ST-Line	Ford	https://www.andersonandkochford.com/vehicle/1FMUK8KHXTGC39558/2026-Ford-Explorer-North_Branch-MN/	47619 USD	2026 Gray Ford Explorer St-line 4WD 2.3L EcoBoost I-4 For sale at Anderson & Koch Ford in North Branch Minnesota.	https://media-cdn-tango.jazelc.com/media/320294440	in stock	NEW	SUV	Vehicles & Parts > Vehicles > Motor Vehicles > Cars, Trucks & Vans	1FMUK8KHXTGC39558	https://www.andersonandkochford.com/vehicle/1FMUK8KHXTGC39558/2026-Ford-Explorer-North_Branch-MN/123?store={store_code}	GRAY	5 miles	Explorer	1FMUK8KHXTGC39558	2026	47619 USD	04229513139877848249	47619 USD	MI	no	Explorer	No	Over 20k
1FMUK8KHXVGA65851	2027 Ford Explorer ST-Line	Ford	https://www.andersonandkochford.com/vehicle/1FMUK8KHXVGA65851/2027-Ford-Explorer-North_Branch-MN/	51771 USD	2027 Vapor Blue Metallic Ford Explorer St-line 4WD 2.3L EcoBoost I-4 For sale at Anderson & Koch Ford in North Branch Minnesota.	https://media-cdn-tango.jazelc.com/media/314548272	in stock	NEW	SUV	Vehicles & Parts > Vehicles > Motor Vehicles > Cars, Trucks & Vans	1FMUK8KHXVGA65851	https://www.andersonandkochford.com/vehicle/1FMUK8KHXVGA65851/2027-Ford-Explorer-North_Branch-MN/123?store={store_code}	BLUE	0 miles	Explorer	1FMUK8KHXVGA65851	2027	51771 USD	04229513139877848249	51771 USD	MI	no	Explorer	No	Over 20k
1FMWK8GC1TGC39809	2026 Ford Explorer ST	Ford	https://www.andersonandkochford.com/vehicle/1FMWK8GC1TGC39809/2026-Ford-Explorer-North_Branch-MN/	55884 USD	2026 White Metallic Ford Explorer St 4WD 3.0L EcoBoost V6 For sale at Anderson & Koch Ford in North Branch Minnesota.	https://media-cdn-tango.jazelc.com/media/321618215	in stock	NEW	SUV	Vehicles & Parts > Vehicles > Motor Vehicles > Cars, Trucks & Vans	1FMWK8GC1TGC39809	https://www.andersonandkochford.com/vehicle/1FMWK8GC1TGC39809/2026-Ford-Explorer-North_Branch-MN/123?store={store_code}	WHITE	9 miles	Explorer	1FMWK8GC1TGC39809	2026	55884 USD	04229513139877848249	55884 USD	MI	no	Explorer	No	Over 20k
1FMWK8GC3VGA65373	2027 Ford Explorer ST	Ford	https://www.andersonandkochford.com/vehicle/1FMWK8GC3VGA65373/2027-Ford-Explorer-North_Branch-MN/	59323 USD	2027 Agate Black Metallic Ford Explorer St 4WD 3.0L EcoBoost V6 For sale at Anderson & Koch Ford in North Branch Minnesota.	https://media-cdn-tango.jazelc.com/media/314689416	in stock	NEW	SUV	Vehicles & Parts > Vehicles > Motor Vehicles > Cars, Trucks & Vans	1FMWK8GC3VGA65373	https://www.andersonandkochford.com/vehicle/1FMWK8GC3VGA65373/2027-Ford-Explorer-North_Branch-MN/123?store={store_code}	BLACK	0 miles	Explorer	1FMWK8GC3VGA65373	2027	59323 USD	04229513139877848249	59323 USD	MI	no	Explorer	No	Over 20k
1FMWK8GC5VGA41902	2027 Ford Explorer ST	Ford	https://www.andersonandkochford.com/vehicle/1FMWK8GC5VGA41902/2027-Ford-Explorer-North_Branch-MN/	59323 USD	2027 Carbonized Gray Metallic Ford Explorer St 4WD 3.0L EcoBoost V6 For sale at Anderson & Koch Ford in North Branch Minnesota.	https://media-cdn-tango.jazelc.com/media/324122320	in stock	NEW	SUV	Vehicles & Parts > Vehicles > Motor Vehicles > Cars, Trucks & Vans	1FMWK8GC5VGA41902	https://www.andersonandkochford.com/vehicle/1FMWK8GC5VGA41902/2027-Ford-Explorer-North_Branch-MN/123?store={store_code}	GRAY	0 miles	Explorer	1FMWK8GC5VGA41902	2027	59323 USD	04229513139877848249	59323 USD	MI	no	Explorer	No	Over 20k
1FMWK8GC7VGA40444	2027 Ford Explorer ST	Ford	https://www.andersonandkochford.com/vehicle/1FMWK8GC7VGA40444/2027-Ford-Explorer-North_Branch-MN/	57811 USD	2027 Vapor Blue Metallic Ford Explorer St 4WD 3.0L EcoBoost V6 For sale at Anderson & Koch Ford in North Branch Minnesota.	https://media-cdn-tango.jazelc.com/media/323473059	in stock	NEW	SUV	Vehicles & Parts > Vehicles > Motor Vehicles > Cars, Trucks & Vans	1FMWK8GC7VGA40444	https://www.andersonandkochford.com/vehicle/1FMWK8GC7VGA40444/2027-Ford-Explorer-North_Branch-MN/123?store={store_code}	BLUE	5 miles	Explorer	1FMWK8GC7VGA40444	2027	57811 USD	04229513139877848249	57811 USD	MI	no	Explorer	No	Over 20k
1FMWK8GC9TGC40237	2026 Ford Explorer ST	Ford	https://www.andersonandkochford.com/vehicle/1FMWK8GC9TGC40237/2026-Ford-Explorer-North_Branch-MN/	56335 USD	2026 White Metallic Ford Explorer St 4WD 3.0L EcoBoost V6 For sale at Anderson & Koch Ford in North Branch Minnesota.	https://media-cdn-tango.jazelc.com/media/318494286	in stock	NEW	SUV	Vehicles & Parts > Vehicles > Motor Vehicles > Cars, Trucks & Vans	1FMWK8GC9TGC40237	https://www.andersonandkochford.com/vehicle/1FMWK8GC9TGC40237/2026-Ford-Explorer-North_Branch-MN/123?store={store_code}	WHITE	0 miles	Explorer	1FMWK8GC9TGC40237	2026	56335 USD	04229513139877848249	56335 USD	MI	no	Explorer	No	Over 20k
1FMWK8HC6VGA34312	2027 Ford Explorer Platinum	Ford	https://www.andersonandkochford.com/vehicle/1FMWK8HC6VGA34312/2027-Ford-Explorer-North_Branch-MN/	60217 USD	2027 Agate Black Metallic Ford Explorer Platinum 4WD 3.0L EcoBoost V6 For sale at Anderson & Koch Ford in North Branch Minnesota.	https://media-cdn-tango.jazelc.com/media/323931346	in stock	NEW	SUV	Vehicles & Parts > Vehicles > Motor Vehicles > Cars, Trucks & Vans	1FMWK8HC6VGA34312	https://www.andersonandkochford.com/vehicle/1FMWK8HC6VGA34312/2027-Ford-Explorer-North_Branch-MN/123?store={store_code}	BLACK	0 miles	Explorer	1FMWK8HC6VGA34312	2027	60217 USD	04229513139877848249	60217 USD	MI	no	Explorer	No	Over 20k
1FMWK8HC7VGA07720	2027 Ford Explorer Platinum	Ford	https://www.andersonandkochford.com/vehicle/1FMWK8HC7VGA07720/2027-Ford-Explorer-North_Branch-MN/	60286 USD	2027 White Ford Explorer Platinum 4WD 3.0L EcoBoost V6 For sale at Anderson & Koch Ford in North Branch Minnesota.	https://media-cdn-tango.jazelc.com/media/322931719	in stock	NEW	SUV	Vehicles & Parts > Vehicles > Motor Vehicles > Cars, Trucks & Vans	1FMWK8HC7VGA07720	https://www.andersonandkochford.com/vehicle/1FMWK8HC7VGA07720/2027-Ford-Explorer-North_Branch-MN/123?store={store_code}	WHITE	5 miles	Explorer	1FMWK8HC7VGA07720	2027	60286 USD	04229513139877848249	60286 USD	MI	no	Explorer	No	Over 20k
1FMWK8HC7VGA31774	2027 Ford Explorer Platinum	Ford	https://www.andersonandkochford.com/vehicle/1FMWK8HC7VGA31774/2027-Ford-Explorer-North_Branch-MN/	60217 USD	2027 Carbonized Gray Metallic Ford Explorer Platinum 4WD 3.0L EcoBoost V6 For sale at Anderson & Koch Ford in North Branch Minnesota.	https://media-cdn-tango.jazelc.com/media/324122406	in stock	NEW	SUV	Vehicles & Parts > Vehicles > Motor Vehicles > Cars, Trucks & Vans	1FMWK8HC7VGA31774	https://www.andersonandkochford.com/vehicle/1FMWK8HC7VGA31774/2027-Ford-Explorer-North_Branch-MN/123?store={store_code}	GRAY	0 miles	Explorer	1FMWK8HC7VGA31774	2027	60217 USD	04229513139877848249	60217 USD	MI	no	Explorer	No	Over 20k
1FT7W2BN0VEC39933	2027 Ford F-250SD XL	Ford	https://www.andersonandkochford.com/vehicle/1FT7W2BN0VEC39933/2027-Ford-F--250SD-North_Branch-MN/	59894 USD	2027 Oxford White Ford F-250sd Xl 4WD 7.3L V8 PFI CNG OHV 16V Federal 420hp For sale at Anderson & Koch Ford in North Branch Minnesota.	https://media-cdn-tango.jazelc.com/media/315108181	in stock	NEW	TRUCK	Vehicles & Parts > Vehicles > Motor Vehicles > Cars, Trucks & Vans	1FT7W2BN0VEC39933	https://www.andersonandkochford.com/vehicle/1FT7W2BN0VEC39933/2027-Ford-F--250SD-North_Branch-MN/123?store={store_code}	WHITE	0 miles	F-250sd	1FT7W2BN0VEC39933	2027	59894 USD	04229513139877848249	59894 USD	MI	no	F-250sd	No	Over 20k
1FT7W2BN2VED01784	2027 Ford F-250SD XLT	Ford	https://www.andersonandkochford.com/vehicle/1FT7W2BN2VED01784/2027-Ford-F--250SD-North_Branch-MN/	59141 USD	2027 Iconic Silver Metallic Ford F-250sd Xlt 4WD 7.3L V8 PFI CNG OHV 16V Federal 420hp For sale at Anderson & Koch Ford in North Branch Minnesota.	https://media-cdn-tango.jazelc.com/media/318031525	in stock	NEW	TRUCK	Vehicles & Parts > Vehicles > Motor Vehicles > Cars, Trucks & Vans	1FT7W2BN2VED01784	https://www.andersonandkochford.com/vehicle/1FT7W2BN2VED01784/2027-Ford-F--250SD-North_Branch-MN/123?store={store_code}	SILVER	0 miles	F-250sd	1FT7W2BN2VED01784	2027	59141 USD	04229513139877848249	59141 USD	MI	no	F-250sd	No	Over 20k
1FT7W3BT3NEE87310	2022 Ford F-350SD LARIAT	Ford	https://www.andersonandkochford.com/vehicle/1FT7W3BT3NEE87310/Used-2022-Ford-F--350SD-North_Branch-MN/	55345 USD	2022 Antimatter Blue Metallic Ford F-350sd Lariat 4WD Power Stroke 6.7L V8 DI 32V OHV Turbodiesel For sale at Anderson & Koch Ford in North Branch Minnesota.	https://media-cdn-tango.jazelc.com/media/323944915	in stock	USED	TRUCK	Vehicles & Parts > Vehicles > Motor Vehicles > Cars, Trucks & Vans	1FT7W3BT3NEE87310	https://www.andersonandkochford.com/vehicle/1FT7W3BT3NEE87310/Used-2022-Ford-F--350SD-North_Branch-MN/123?store={store_code}	BLUE	80241 miles	F-350sd	1FT7W3BT3NEE87310	2022	55345 USD	04229513139877848249	55345 USD	MI	no	F-350sd	No	Over 20k
1FT8W2BM5VEC02095	2027 Ford Super Duty F-250 SRW LARIAT	Ford	https://www.andersonandkochford.com/vehicle/1FT8W2BM5VEC02095/2027-Ford-Super_Duty_F--250_SRW-North_Branch-MN/	94105 USD	2027 Agate Black Metallic Ford Super Duty F-250 Srw Lariat 4WD 8 Cylinder For sale at Anderson & Koch Ford in North Branch Minnesota.	https://media-cdn-tango.jazelc.com/media/319141436	in stock	NEW	TRUCK	Vehicles & Parts > Vehicles > Motor Vehicles > Cars, Trucks & Vans	1FT8W2BM5VEC02095	https://www.andersonandkochford.com/vehicle/1FT8W2BM5VEC02095/2027-Ford-Super_Duty_F--250_SRW-North_Branch-MN/123?store={store_code}	BLACK	0 miles	Super Duty F-250 Srw	1FT8W2BM5VEC02095	2027	94105 USD	04229513139877848249	94105 USD	MI	no	Super Duty F-250 Srw	No	Over 20k
1FT8W2BM8TEF40782	2026 Ford F-250SD King Ranch	Ford	https://www.andersonandkochford.com/vehicle/1FT8W2BM8TEF40782/2026-Ford-F--250SD-North_Branch-MN/	92847 USD	2026 Star White Metallic Tri-Coat Ford F-250sd King Ranch 4WD 6.7L High Output Power Stroke V8 Diesel For sale at Anderson & Koch Ford in North Branch Minnesota.	https://media-cdn-tango.jazelc.com/media/319745591	in stock	NEW	TRUCK	Vehicles & Parts > Vehicles > Motor Vehicles > Cars, Trucks & Vans	1FT8W2BM8TEF40782	https://www.andersonandkochford.com/vehicle/1FT8W2BM8TEF40782/2026-Ford-F--250SD-North_Branch-MN/123?store={store_code}	WHITE	5 miles	F-250sd	1FT8W2BM8TEF40782	2026	92847 USD	04229513139877848249	92847 USD	MI	no	F-250sd	No	Over 20k
1FT8W2BM9TEF47661	2026 Ford F-250SD Platinum	Ford	https://www.andersonandkochford.com/vehicle/1FT8W2BM9TEF47661/2026-Ford-F--250SD-North_Branch-MN/	94220 USD	2026 Black Metallic Ford F-250sd Platinum 4WD 6.7L High Output Power Stroke V8 Diesel For sale at Anderson & Koch Ford in North Branch Minnesota.	https://media-cdn-tango.jazelc.com/media/320649692	in stock	NEW	TRUCK	Vehicles & Parts > Vehicles > Motor Vehicles > Cars, Trucks & Vans	1FT8W2BM9TEF47661	https://www.andersonandkochford.com/vehicle/1FT8W2BM9TEF47661/2026-Ford-F--250SD-North_Branch-MN/123?store={store_code}	BLACK	5 miles	F-250sd	1FT8W2BM9TEF47661	2026	94220 USD	04229513139877848249	94220 USD	MI	no	F-250sd	No	Over 20k
1FT8W2BN4VED10295	2027 Ford F-250SD XLT	Ford	https://www.andersonandkochford.com/vehicle/1FT8W2BN4VED10295/2027-Ford-F--250SD-North_Branch-MN/	67951 USD	2027 Carbonized Gray Metallic Ford F-250sd Xlt 4WD 7.3L V8 PFI CNG OHV 16V Federal 420hp For sale at Anderson & Koch Ford in North Branch Minnesota.	https://media-cdn-tango.jazelc.com/media/316828928	in stock	NEW	TRUCK	Vehicles & Parts > Vehicles > Motor Vehicles > Cars, Trucks & Vans	1FT8W2BN4VED10295	https://www.andersonandkochford.com/vehicle/1FT8W2BN4VED10295/2027-Ford-F--250SD-North_Branch-MN/123?store={store_code}	GRAY	0 miles	F-250sd	1FT8W2BN4VED10295	2027	67951 USD	04229513139877848249	67951 USD	MI	no	F-250sd	No	Over 20k
1FT8W2BN6VEC30593	2027 Ford F-250SD LARIAT	Ford	https://www.andersonandkochford.com/vehicle/1FT8W2BN6VEC30593/2027-Ford-F--250SD-North_Branch-MN/	75738 USD	2027 Carbonized Gray Metallic Ford F-250sd Lariat 4WD 7.3L V8 PFI CNG OHV 16V Federal 420hp For sale at Anderson & Koch Ford in North Branch Minnesota.	https://media-cdn-tango.jazelc.com/media/322965107	in stock	NEW	TRUCK	Vehicles & Parts > Vehicles > Motor Vehicles > Cars, Trucks & Vans	1FT8W2BN6VEC30593	https://www.andersonandkochford.com/vehicle/1FT8W2BN6VEC30593/2027-Ford-F--250SD-North_Branch-MN/123?store={store_code}	GRAY	4 miles	F-250sd	1FT8W2BN6VEC30593	2027	75738 USD	04229513139877848249	75738 USD	MI	no	F-250sd	No	Over 20k
1FT8W3BM0VEC54336	2027 Ford F-350SD Platinum	Ford	https://www.andersonandkochford.com/vehicle/1FT8W3BM0VEC54336/2027-Ford-F--350SD-North_Branch-MN/	100531 USD	2027 Star White Metallic Tri-Coat Ford F-350sd Platinum 4WD HO For sale at Anderson & Koch Ford in North Branch Minnesota.	https://media-cdn-tango.jazelc.com/media/322964646	in stock	NEW	TRUCK	Vehicles & Parts > Vehicles > Motor Vehicles > Cars, Trucks & Vans	1FT8W3BM0VEC54336	https://www.andersonandkochford.com/vehicle/1FT8W3BM0VEC54336/2027-Ford-F--350SD-North_Branch-MN/123?store={store_code}	WHITE	5 miles	F-350sd	1FT8W3BM0VEC54336	2027	100531 USD	04229513139877848249	100531 USD	MI	no	F-350sd	No	Over 20k
1FT8W3BM1VEC85238	2027 Ford F-350SD XL	Ford	https://www.andersonandkochford.com/vehicle/1FT8W3BM1VEC85238/2027-Ford-F--350SD-North_Branch-MN/	72238 USD	2027 Oxford White Ford F-350sd Xl 4WD HO For sale at Anderson & Koch Ford in North Branch Minnesota.	https://media-cdn-tango.jazelc.com/media/316828910	in stock	NEW	TRUCK	Vehicles & Parts > Vehicles > Motor Vehicles > Cars, Trucks & Vans	1FT8W3BM1VEC85238	https://www.andersonandkochford.com/vehicle/1FT8W3BM1VEC85238/2027-Ford-F--350SD-North_Branch-MN/123?store={store_code}	WHITE	0 miles	F-350sd	1FT8W3BM1VEC85238	2027	72238 USD	04229513139877848249	72238 USD	MI	no	F-350sd	No	Over 20k
1FT8W3BM2VEC73163	2027 Ford F-350SD Platinum	Ford	https://www.andersonandkochford.com/vehicle/1FT8W3BM2VEC73163/2027-Ford-F--350SD-North_Branch-MN/	98017 USD	2027 Agate Black Metallic Ford F-350sd Platinum 4WD HO For sale at Anderson & Koch Ford in North Branch Minnesota.	https://media-cdn-tango.jazelc.com/media/323763010	in stock	NEW	TRUCK	Vehicles & Parts > Vehicles > Motor Vehicles > Cars, Trucks & Vans	1FT8W3BM2VEC73163	https://www.andersonandkochford.com/vehicle/1FT8W3BM2VEC73163/2027-Ford-F--350SD-North_Branch-MN/123?store={store_code}	BLACK	0 miles	F-350sd	1FT8W3BM2VEC73163	2027	98017 USD	04229513139877848249	98017 USD	MI	no	F-350sd	No	Over 20k
1FT8W3BM3TEF28299	2026 Ford F-350SD LARIAT	Ford	https://www.andersonandkochford.com/vehicle/1FT8W3BM3TEF28299/2026-Ford-F--350SD-North_Branch-MN/	87086 USD	2026 Ruby Red Metallic Ford F-350sd Lariat 4WD 6.7L High Output Power Stroke V8 Diesel For sale at Anderson & Koch Ford in North Branch Minnesota.	https://media-cdn-tango.jazelc.com/media/319662483	in stock	NEW	TRUCK	Vehicles & Parts > Vehicles > Motor Vehicles > Cars, Trucks & Vans	1FT8W3BM3TEF28299	https://www.andersonandkochford.com/vehicle/1FT8W3BM3TEF28299/2026-Ford-F--350SD-North_Branch-MN/123?store={store_code}	RED	23 miles	F-350sd	1FT8W3BM3TEF28299	2026	87086 USD	04229513139877848249	87086 USD	MI	no	F-350sd	No	Over 20k
1FT8W3BM4VEC83306	2027 Ford F-350SD LARIAT	Ford	https://www.andersonandkochford.com/vehicle/1FT8W3BM4VEC83306/2027-Ford-F--350SD-North_Branch-MN/	85125 USD	2027 Carbonized Gray Metallic Ford F-350sd Lariat 4WD HO For sale at Anderson & Koch Ford in North Branch Minnesota.	https://media-cdn-tango.jazelc.com/media/315108203	in stock	NEW	TRUCK	Vehicles & Parts > Vehicles > Motor Vehicles > Cars, Trucks & Vans	1FT8W3BM4VEC83306	https://www.andersonandkochford.com/vehicle/1FT8W3BM4VEC83306/2027-Ford-F--350SD-North_Branch-MN/123?store={store_code}	GRAY	0 miles	F-350sd	1FT8W3BM4VEC83306	2027	85125 USD	04229513139877848249	85125 USD	MI	no	F-350sd	No	Over 20k
1FT8W3BM8VEC73670	2027 Ford F-350SD LARIAT	Ford	https://www.andersonandkochford.com/vehicle/1FT8W3BM8VEC73670/2027-Ford-F--350SD-North_Branch-MN/	90838 USD	2027 Neptune Blue Ford F-350sd Lariat 4WD HO For sale at Anderson & Koch Ford in North Branch Minnesota.	https://media-cdn-tango.jazelc.com/media/315108203	in stock	NEW	TRUCK	Vehicles & Parts > Vehicles > Motor Vehicles > Cars, Trucks & Vans	1FT8W3BM8VEC73670	https://www.andersonandkochford.com/vehicle/1FT8W3BM8VEC73670/2027-Ford-F--350SD-North_Branch-MN/123?store={store_code}	BLUE	0 miles	F-350sd	1FT8W3BM8VEC73670	2027	90838 USD	04229513139877848249	90838 USD	MI	no	F-350sd	No	Over 20k
1FT8W3BM9VEC84421	2027 Ford F-350SD LARIAT	Ford	https://www.andersonandkochford.com/vehicle/1FT8W3BM9VEC84421/2027-Ford-F--350SD-North_Branch-MN/	90228 USD	2027 Agate Black Metallic Ford F-350sd Lariat 4WD HO For sale at Anderson & Koch Ford in North Branch Minnesota.	https://media-cdn-tango.jazelc.com/media/315108203	in stock	NEW	TRUCK	Vehicles & Parts > Vehicles > Motor Vehicles > Cars, Trucks & Vans	1FT8W3BM9VEC84421	https://www.andersonandkochford.com/vehicle/1FT8W3BM9VEC84421/2027-Ford-F--350SD-North_Branch-MN/123?store={store_code}	BLACK	0 miles	F-350sd	1FT8W3BM9VEC84421	2027	90228 USD	04229513139877848249	90228 USD	MI	no	F-350sd	No	Over 20k
1FT8W3BN3VEC43081	2027 Ford F-350SD XLT	Ford	https://www.andersonandkochford.com/vehicle/1FT8W3BN3VEC43081/2027-Ford-F--350SD-North_Branch-MN/	68486 USD	2027 Gray Ford F-350sd Xlt 4WD 7.3L V8 PFI CNG OHV 16V Federal 420hp For sale at Anderson & Koch Ford in North Branch Minnesota.	https://media-cdn-tango.jazelc.com/media/320384154	in stock	NEW	TRUCK	Vehicles & Parts > Vehicles > Motor Vehicles > Cars, Trucks & Vans	1FT8W3BN3VEC43081	https://www.andersonandkochford.com/vehicle/1FT8W3BN3VEC43081/2027-Ford-F--350SD-North_Branch-MN/123?store={store_code}	GRAY	0 miles	F-350sd	1FT8W3BN3VEC43081	2027	68486 USD	04229513139877848249	68486 USD	MI	no	F-350sd	No	Over 20k
1FT8W3BN5VEC43972	2027 Ford F-350SD LARIAT	Ford	https://www.andersonandkochford.com/vehicle/1FT8W3BN5VEC43972/2027-Ford-F--350SD-North_Branch-MN/	78181 USD	2027 Gray Ford F-350sd Lariat 4WD 7.3L V8 PFI CNG OHV 16V Federal 420hp For sale at Anderson & Koch Ford in North Branch Minnesota.	https://media-cdn-tango.jazelc.com/media/315108203	in stock	NEW	TRUCK	Vehicles & Parts > Vehicles > Motor Vehicles > Cars, Trucks & Vans	1FT8W3BN5VEC43972	https://www.andersonandkochford.com/vehicle/1FT8W3BN5VEC43972/2027-Ford-F--350SD-North_Branch-MN/123?store={store_code}	GRAY	0 miles	F-350sd	1FT8W3BN5VEC43972	2027	78181 USD	04229513139877848249	78181 USD	MI	no	F-350sd	No	Over 20k
1FT8W3BN6VED02821	2027 Ford F-350SD XL	Ford	https://www.andersonandkochford.com/vehicle/1FT8W3BN6VED02821/2027-Ford-F--350SD-North_Branch-MN/	58841 USD	2027 Oxford White Ford F-350sd Xl 4WD 7.3L V8 PFI CNG OHV 16V Federal 420hp For sale at Anderson & Koch Ford in North Branch Minnesota.	https://media-cdn-tango.jazelc.com/media/316828910	in stock	NEW	TRUCK	Vehicles & Parts > Vehicles > Motor Vehicles > Cars, Trucks & Vans	1FT8W3BN6VED02821	https://www.andersonandkochford.com/vehicle/1FT8W3BN6VED02821/2027-Ford-F--350SD-North_Branch-MN/123?store={store_code}	WHITE	0 miles	F-350sd	1FT8W3BN6VED02821	2027	58841 USD	04229513139877848249	58841 USD	MI	no	F-350sd	No	Over 20k
1FT8W3BN8NED33651	2022 Ford F-350SD XLT	Ford	https://www.andersonandkochford.com/vehicle/1FT8W3BN8NED33651/Used-2022-Ford-F--350SD-North_Branch-MN/	50345 USD	2022 Antimatter Blue Metallic Ford F-350sd Xlt 4WD 7.3L V8 PFI SOHC 16V Federal 385hp For sale at Anderson & Koch Ford in North Branch Minnesota.	https://media-cdn-tango.jazelc.com/media/323961747	in stock	USED	TRUCK	Vehicles & Parts > Vehicles > Motor Vehicles > Cars, Trucks & Vans	1FT8W3BN8NED33651	https://www.andersonandkochford.com/vehicle/1FT8W3BN8NED33651/Used-2022-Ford-F--350SD-North_Branch-MN/123?store={store_code}	BLUE	35700 miles	F-350sd	1FT8W3BN8NED33651	2022	50345 USD	04229513139877848249	50345 USD	MI	no	F-350sd	No	Over 20k
1FT8W3BN8VEC46154	2027 Ford F-350SD LARIAT	Ford	https://www.andersonandkochford.com/vehicle/1FT8W3BN8VEC46154/2027-Ford-F--350SD-North_Branch-MN/	79088 USD	2027 White Ford F-350sd Lariat 4WD 7.3L V8 PFI CNG OHV 16V Federal 420hp For sale at Anderson & Koch Ford in North Branch Minnesota.	https://media-cdn-tango.jazelc.com/media/315108203	in stock	NEW	TRUCK	Vehicles & Parts > Vehicles > Motor Vehicles > Cars, Trucks & Vans	1FT8W3BN8VEC46154	https://www.andersonandkochford.com/vehicle/1FT8W3BN8VEC46154/2027-Ford-F--350SD-North_Branch-MN/123?store={store_code}	WHITE	0 miles	F-350sd	1FT8W3BN8VEC46154	2027	79088 USD	04229513139877848249	79088 USD	MI	no	F-350sd	No	Over 20k
1FT8W3BT4NEC11304	2022 Ford F-350SD LARIAT	Ford	https://www.andersonandkochford.com/vehicle/1FT8W3BT4NEC11304/Used-2022-Ford-F--350SD-North_Branch-MN/	64345 USD	2022 Rapid Red Metallic Tinted Clearcoat Ford F-350sd Lariat 4WD Power Stroke 6.7L V8 DI 32V OHV Turbodiesel For sale at Anderson & Koch Ford in North Branch Minnesota.	https://media-cdn-tango.jazelc.com/media/323945015	in stock	USED	TRUCK	Vehicles & Parts > Vehicles > Motor Vehicles > Cars, Trucks & Vans	1FT8W3BT4NEC11304	https://www.andersonandkochford.com/vehicle/1FT8W3BT4NEC11304/Used-2022-Ford-F--350SD-North_Branch-MN/123?store={store_code}	RED	41934 miles	F-350sd	1FT8W3BT4NEC11304	2022	64345 USD	04229513139877848249	64345 USD	MI	no	F-350sd	No	Over 20k
1FT8W3BT7KEG20909	2019 Ford F-350SD Platinum	Ford	https://www.andersonandkochford.com/vehicle/1FT8W3BT7KEG20909/Used-2019-Ford-F--350SD-North_Branch-MN/	38345 USD	2019 White Platinum Clearcoat Metallic Ford F-350sd Platinum 4WD Power Stroke 6.7L V8 DI 32V OHV Turbodiesel For sale at Anderson & Koch Ford in North Branch Minnesota.	https://media-cdn-tango.jazelc.com/media/323962712	in stock	USED	TRUCK	Vehicles & Parts > Vehicles > Motor Vehicles > Cars, Trucks & Vans	1FT8W3BT7KEG20909	https://www.andersonandkochford.com/vehicle/1FT8W3BT7KEG20909/Used-2019-Ford-F--350SD-North_Branch-MN/123?store={store_code}	WHITE	193358 miles	F-350sd	1FT8W3BT7KEG20909	2019	38345 USD	04229513139877848249	38345 USD	MI	no	F-350sd	No	Over 20k
1FT8W3BT7TEF58168	2026 Ford F-350SD XL	Ford	https://www.andersonandkochford.com/vehicle/1FT8W3BT7TEF58168/2026-Ford-F--350SD-North_Branch-MN/	66332 USD	2026 Gray Ford F-350sd Xl 4WD Power Stroke 6.7L V8 DI 32V OHV Turbodiesel For sale at Anderson & Koch Ford in North Branch Minnesota.	https://media-cdn-tango.jazelc.com/media/320731625	in stock	NEW	TRUCK	Vehicles & Parts > Vehicles > Motor Vehicles > Cars, Trucks & Vans	1FT8W3BT7TEF58168	https://www.andersonandkochford.com/vehicle/1FT8W3BT7TEF58168/2026-Ford-F--350SD-North_Branch-MN/123?store={store_code}	GRAY	7 miles	F-350sd	1FT8W3BT7TEF58168	2026	66332 USD	04229513139877848249	66332 USD	MI	no	F-350sd	No	Over 20k
1FT8W3BT8JEB29666	2018 Ford F-350SD LARIAT	Ford	https://www.andersonandkochford.com/vehicle/1FT8W3BT8JEB29666/Used-2018-Ford-F--350SD-North_Branch-MN/	37345 USD	2018 Ruby Red Metallic Ford F-350sd Lariat 4WD Power Stroke 6.7L V8 DI 32V OHV Turbodiesel For sale at Anderson & Koch Ford in North Branch Minnesota.	https://media-cdn-tango.jazelc.com/media/323945367	in stock	USED	TRUCK	Vehicles & Parts > Vehicles > Motor Vehicles > Cars, Trucks & Vans	1FT8W3BT8JEB29666	https://www.andersonandkochford.com/vehicle/1FT8W3BT8JEB29666/Used-2018-Ford-F--350SD-North_Branch-MN/123?store={store_code}	RED	169536 miles	F-350sd	1FT8W3BT8JEB29666	2018	37345 USD	04229513139877848249	37345 USD	MI	no	F-350sd	No	Over 20k
1FT8W3DM4VEC35852	2027 Ford F-350SD Platinum	Ford	https://www.andersonandkochford.com/vehicle/1FT8W3DM4VEC35852/2027-Ford-F--350SD-North_Branch-MN/	99673 USD	2027 Black Ford F-350sd Platinum 4WD HO For sale at Anderson & Koch Ford in North Branch Minnesota.	https://media-cdn-tango.jazelc.com/media/322965735	in stock	NEW	TRUCK	Vehicles & Parts > Vehicles > Motor Vehicles > Cars, Trucks & Vans	1FT8W3DM4VEC35852	https://www.andersonandkochford.com/vehicle/1FT8W3DM4VEC35852/2027-Ford-F--350SD-North_Branch-MN/123?store={store_code}	BLACK	5 miles	F-350sd	1FT8W3DM4VEC35852	2027	99673 USD	04229513139877848249	99673 USD	MI	no	F-350sd	No	Over 20k
1FT8W3DM9VED01554	2027 Ford F-350SD LARIAT	Ford	https://www.andersonandkochford.com/vehicle/1FT8W3DM9VED01554/2027-Ford-F--350SD-North_Branch-MN/	92093 USD	2027 White Ford F-350sd Lariat 4WD HO For sale at Anderson & Koch Ford in North Branch Minnesota.	https://media-cdn-tango.jazelc.com/media/315108196	in stock	NEW	TRUCK	Vehicles & Parts > Vehicles > Motor Vehicles > Cars, Trucks & Vans	1FT8W3DM9VED01554	https://www.andersonandkochford.com/vehicle/1FT8W3DM9VED01554/2027-Ford-F--350SD-North_Branch-MN/123?store={store_code}	WHITE	0 miles	F-350sd	1FT8W3DM9VED01554	2027	92093 USD	04229513139877848249	92093 USD	MI	no	F-350sd	No	Over 20k
1FT8W3DTXLEE77355	2020 Ford F-350SD LARIAT	Ford	https://www.andersonandkochford.com/vehicle/1FT8W3DTXLEE77355/Used-2020-Ford-F--350SD-North_Branch-MN/	49345 USD	2020 Star White Metallic Tri-Coat Ford F-350sd Lariat 4WD Power Stroke 6.7L V8 DI 32V OHV Turbodiesel For sale at Anderson & Koch Ford in North Branch Minnesota.	https://media-cdn-tango.jazelc.com/media/322504149	in stock	USED	TRUCK	Vehicles & Parts > Vehicles > Motor Vehicles > Cars, Trucks & Vans	1FT8W3DTXLEE77355	https://www.andersonandkochford.com/vehicle/1FT8W3DTXLEE77355/Used-2020-Ford-F--350SD-North_Branch-MN/123?store={store_code}	WHITE	98006 miles	F-350sd	1FT8W3DTXLEE77355	2020	49345 USD	04229513139877848249	49345 USD	MI	no	F-350sd	No	Over 20k
1FT8W4DM0VEC40116	2027 Ford F-450SD Platinum	Ford	https://www.andersonandkochford.com/vehicle/1FT8W4DM0VEC40116/2027-Ford-F--450SD-North_Branch-MN/	106310 USD	2027 Agate Black Metallic Ford F-450sd Platinum 4WD HO For sale at Anderson & Koch Ford in North Branch Minnesota.	https://media-cdn-tango.jazelc.com/media/323639501	in stock	NEW	TRUCK	Vehicles & Parts > Vehicles > Motor Vehicles > Cars, Trucks & Vans	1FT8W4DM0VEC40116	https://www.andersonandkochford.com/vehicle/1FT8W4DM0VEC40116/2027-Ford-F--450SD-North_Branch-MN/123?store={store_code}	BLACK	0 miles	F-450sd	1FT8W4DM0VEC40116	2027	106310 USD	04229513139877848249	106310 USD	MI	no	F-450sd	No	Over 20k
1FT8W4DM0VEC55148	2027 Ford F-450SD Platinum	Ford	https://www.andersonandkochford.com/vehicle/1FT8W4DM0VEC55148/2027-Ford-F--450SD-North_Branch-MN/	111330 USD	2027 Star White Metallic Tri-Coat Ford F-450sd Platinum 4WD HO For sale at Anderson & Koch Ford in North Branch Minnesota.	https://media-cdn-tango.jazelc.com/media/323639517	in stock	NEW	TRUCK	Vehicles & Parts > Vehicles > Motor Vehicles > Cars, Trucks & Vans	1FT8W4DM0VEC55148	https://www.andersonandkochford.com/vehicle/1FT8W4DM0VEC55148/2027-Ford-F--450SD-North_Branch-MN/123?store={store_code}	WHITE	0 miles	F-450sd	1FT8W4DM0VEC55148	2027	111330 USD	04229513139877848249	111330 USD	MI	no	F-450sd	No	Over 20k
1FT8W4DM3VEC28090	2027 Ford F-450SD Platinum	Ford	https://www.andersonandkochford.com/vehicle/1FT8W4DM3VEC28090/2027-Ford-F--450SD-North_Branch-MN/	104155 USD	2027 Black Ford F-450sd Platinum 4WD HO For sale at Anderson & Koch Ford in North Branch Minnesota.	https://media-cdn-tango.jazelc.com/media/322963584	in stock	NEW	TRUCK	Vehicles & Parts > Vehicles > Motor Vehicles > Cars, Trucks & Vans	1FT8W4DM3VEC28090	https://www.andersonandkochford.com/vehicle/1FT8W4DM3VEC28090/2027-Ford-F--450SD-North_Branch-MN/123?store={store_code}	BLACK	3 miles	F-450sd	1FT8W4DM3VEC28090	2027	104155 USD	04229513139877848249	104155 USD	MI	no	F-450sd	No	Over 20k
1FT8W4DM8VEC83330	2027 Ford F-450SD LARIAT	Ford	https://www.andersonandkochford.com/vehicle/1FT8W4DM8VEC83330/2027-Ford-F--450SD-North_Branch-MN/	99795 USD	2027 White Ford F-450sd Lariat 4WD HO For sale at Anderson & Koch Ford in North Branch Minnesota.	https://media-cdn-tango.jazelc.com/media/319651571	in stock	NEW	TRUCK	Vehicles & Parts > Vehicles > Motor Vehicles > Cars, Trucks & Vans	1FT8W4DM8VEC83330	https://www.andersonandkochford.com/vehicle/1FT8W4DM8VEC83330/2027-Ford-F--450SD-North_Branch-MN/123?store={store_code}	WHITE	0 miles	F-450sd	1FT8W4DM8VEC83330	2027	99795 USD	04229513139877848249	99795 USD	MI	no	F-450sd	No	Over 20k
1FT8W4DMXVED05621	2027 Ford F-450SD LARIAT	Ford	https://www.andersonandkochford.com/vehicle/1FT8W4DMXVED05621/2027-Ford-F--450SD-North_Branch-MN/	96155 USD	2027 Carbonized Gray Metallic Ford F-450sd Lariat 4WD HO For sale at Anderson & Koch Ford in North Branch Minnesota.	https://media-cdn-tango.jazelc.com/media/320377151	in stock	NEW	TRUCK	Vehicles & Parts > Vehicles > Motor Vehicles > Cars, Trucks & Vans	1FT8W4DMXVED05621	https://www.andersonandkochford.com/vehicle/1FT8W4DMXVED05621/2027-Ford-F--450SD-North_Branch-MN/123?store={store_code}	GRAY	0 miles	F-450sd	1FT8W4DMXVED05621	2027	96155 USD	04229513139877848249	96155 USD	MI	no	F-450sd	No	Over 20k
1FTER4HH2TLE71020	2026 Ford Ranger XLT	Ford	https://www.andersonandkochford.com/vehicle/1FTER4HH2TLE71020/2026-Ford-Ranger-North_Branch-MN/	43257 USD	2026 Carbonized Gray Metallic Ford Ranger Xlt 4WD EcoBoost 2.3L I4 GTDi DOHC Turbocharged VCT For sale at Anderson & Koch Ford in North Branch Minnesota.	https://media-cdn-tango.jazelc.com/media/300263818	in stock	NEW	TRUCK	Vehicles & Parts > Vehicles > Motor Vehicles > Cars, Trucks & Vans	1FTER4HH2TLE71020	https://www.andersonandkochford.com/vehicle/1FTER4HH2TLE71020/2026-Ford-Ranger-North_Branch-MN/123?store={store_code}	GRAY	0 miles	Ranger	1FTER4HH2TLE71020	2026	43257 USD	04229513139877848249	43257 USD	MI	no	Ranger	No	Over 20k
1FTER4HH3TLE61015	2026 Ford Ranger XLT	Ford	https://www.andersonandkochford.com/vehicle/1FTER4HH3TLE61015/2026-Ford-Ranger-North_Branch-MN/	38403 USD	2026 Shadow Black Ford Ranger Xlt 4WD EcoBoost 2.3L I4 GTDi DOHC Turbocharged VCT For sale at Anderson & Koch Ford in North Branch Minnesota.	https://media-cdn-tango.jazelc.com/media/300265028	in stock	NEW	TRUCK	Vehicles & Parts > Vehicles > Motor Vehicles > Cars, Trucks & Vans	1FTER4HH3TLE61015	https://www.andersonandkochford.com/vehicle/1FTER4HH3TLE61015/2026-Ford-Ranger-North_Branch-MN/123?store={store_code}	BLACK	0 miles	Ranger	1FTER4HH3TLE61015	2026	38403 USD	04229513139877848249	38403 USD	MI	no	Ranger	No	Over 20k
1FTER4HH7TLE58957	2026 Ford Ranger XLT	Ford	https://www.andersonandkochford.com/vehicle/1FTER4HH7TLE58957/2026-Ford-Ranger-North_Branch-MN/	40956 USD	2026 Marsh Gray Ford Ranger Xlt 4WD EcoBoost 2.3L I4 GTDi DOHC Turbocharged VCT For sale at Anderson & Koch Ford in North Branch Minnesota.	https://media-cdn-tango.jazelc.com/media/323378523	in stock	NEW	TRUCK	Vehicles & Parts > Vehicles > Motor Vehicles > Cars, Trucks & Vans	1FTER4HH7TLE58957	https://www.andersonandkochford.com/vehicle/1FTER4HH7TLE58957/2026-Ford-Ranger-North_Branch-MN/123?store={store_code}	GRAY	0 miles	Ranger	1FTER4HH7TLE58957	2026	40956 USD	04229513139877848249	40956 USD	MI	no	Ranger	No	Over 20k
1FTER4KH4TLE63249	2026 Ford Ranger LARIAT	Ford	https://www.andersonandkochford.com/vehicle/1FTER4KH4TLE63249/2026-Ford-Ranger-North_Branch-MN/	46445 USD	2026 Carbonized Gray Metallic Ford Ranger Lariat 4WD EcoBoost 2.3L I4 GTDi DOHC Turbocharged VCT For sale at Anderson & Koch Ford in North Branch Minnesota.	https://media-cdn-tango.jazelc.com/media/302975264	in stock	NEW	TRUCK	Vehicles & Parts > Vehicles > Motor Vehicles > Cars, Trucks & Vans	1FTER4KH4TLE63249	https://www.andersonandkochford.com/vehicle/1FTER4KH4TLE63249/2026-Ford-Ranger-North_Branch-MN/123?store={store_code}	GRAY	0 miles	Ranger	1FTER4KH4TLE63249	2026	46445 USD	04229513139877848249	46445 USD	MI	no	Ranger	No	Over 20k
1FTER4KH6TLE73989	2026 Ford Ranger LARIAT	Ford	https://www.andersonandkochford.com/vehicle/1FTER4KH6TLE73989/2026-Ford-Ranger-North_Branch-MN/	49698 USD	2026 Ruby Red Metallic Tinted Clearcoat Ford Ranger Lariat 4WD EcoBoost 2.3L I4 GTDi DOHC Turbocharged VCT For sale at Anderson & Koch Ford in North Branch Minnesota.	https://media-cdn-tango.jazelc.com/media/304636662	in stock	NEW	TRUCK	Vehicles & Parts > Vehicles > Motor Vehicles > Cars, Trucks & Vans	1FTER4KH6TLE73989	https://www.andersonandkochford.com/vehicle/1FTER4KH6TLE73989/2026-Ford-Ranger-North_Branch-MN/123?store={store_code}	RED	0 miles	Ranger	1FTER4KH6TLE73989	2026	49698 USD	04229513139877848249	49698 USD	MI	no	Ranger	No	Over 20k
1FTER4LR7TLE73460	2026 Ford Ranger Raptor	Ford	https://www.andersonandkochford.com/vehicle/1FTER4LR7TLE73460/2026-Ford-Ranger-North_Branch-MN/	57377 USD	2026 Shadow Black Ford Ranger Raptor 4WD 3.0L EcoBoost V6 For sale at Anderson & Koch Ford in North Branch Minnesota.	https://media-cdn-tango.jazelc.com/media/300199289	in stock	NEW	TRUCK	Vehicles & Parts > Vehicles > Motor Vehicles > Cars, Trucks & Vans	1FTER4LR7TLE73460	https://www.andersonandkochford.com/vehicle/1FTER4LR7TLE73460/2026-Ford-Ranger-North_Branch-MN/123?store={store_code}	BLACK	0 miles	Ranger	1FTER4LR7TLE73460	2026	57377 USD	04229513139877848249	57377 USD	MI	no	Ranger	No	Over 20k
1FTER4PHXTLE02061	2026 Ford Ranger XL	Ford	https://www.andersonandkochford.com/vehicle/1FTER4PHXTLE02061/2026-Ford-Ranger-North_Branch-MN/	40190 USD	2026 Oxford White Ford Ranger Xl 4WD 4 Cylinder For sale at Anderson & Koch Ford in North Branch Minnesota.	https://media-cdn-tango.jazelc.com/media/323372343	in stock	NEW	TRUCK	Vehicles & Parts > Vehicles > Motor Vehicles > Cars, Trucks & Vans	1FTER4PHXTLE02061	https://www.andersonandkochford.com/vehicle/1FTER4PHXTLE02061/2026-Ford-Ranger-North_Branch-MN/123?store={store_code}	WHITE	0 miles	Ranger	1FTER4PHXTLE02061	2026	40190 USD	04229513139877848249	40190 USD	MI	no	Ranger	No	Over 20k
1FTEW1E55LKF39687	2020 Ford F-150 XLT	Ford	https://www.andersonandkochford.com/vehicle/1FTEW1E55LKF39687/Used-2020-Ford-F--150-North_Branch-MN/	31845 USD	2020 Silver Metallic Ford F-150 Xlt 4WD 5.0L V8 For sale at Anderson & Koch Ford in North Branch Minnesota.	https://media-cdn-tango.jazelc.com/media/322594287	in stock	USED	TRUCK	Vehicles & Parts > Vehicles > Motor Vehicles > Cars, Trucks & Vans	1FTEW1E55LKF39687	https://www.andersonandkochford.com/vehicle/1FTEW1E55LKF39687/Used-2020-Ford-F--150-North_Branch-MN/123?store={store_code}	SILVER	59292 miles	F-150	1FTEW1E55LKF39687	2020	31845 USD	04229513139877848249	31845 USD	MI	no	F-150	No	Over 20k
1FTEW1EG7FKE16172	2015 Ford F-150 LARIAT	Ford	https://www.andersonandkochford.com/vehicle/1FTEW1EG7FKE16172/Used-2015-Ford-F--150-North_Branch-MN/	18345 USD	2015 Tuxedo Black Metallic Ford F-150 Lariat 4WD 3.5L V6 For sale at Anderson & Koch Ford in North Branch Minnesota.	https://media-cdn-tango.jazelc.com/media/323187092	in stock	USED	TRUCK	Vehicles & Parts > Vehicles > Motor Vehicles > Cars, Trucks & Vans	1FTEW1EG7FKE16172	https://www.andersonandkochford.com/vehicle/1FTEW1EG7FKE16172/Used-2015-Ford-F--150-North_Branch-MN/123?store={store_code}	BLACK	147453 miles	F-150	1FTEW1EG7FKE16172	2015	18345 USD	04229513139877848249	18345 USD	MI	no	F-150	No	Under 20k
1FTEW1EP5NKD72283	2022 Ford F-150 XLT	Ford	https://www.andersonandkochford.com/vehicle/1FTEW1EP5NKD72283/Used-2022-Ford-F--150-North_Branch-MN/	41345 USD	2022 Gray Metallic Ford F-150 Xlt 4WD 2.7L V6 EcoBoost For sale at Anderson & Koch Ford in North Branch Minnesota.	https://media-cdn-tango.jazelc.com/media/322573405	in stock	USED	TRUCK	Vehicles & Parts > Vehicles > Motor Vehicles > Cars, Trucks & Vans	1FTEW1EP5NKD72283	https://www.andersonandkochford.com/vehicle/1FTEW1EP5NKD72283/Used-2022-Ford-F--150-North_Branch-MN/123?store={store_code}	GRAY	11819 miles	F-150	1FTEW1EP5NKD72283	2022	41345 USD	04229513139877848249	41345 USD	MI	no	F-150	No	Over 20k
1FTEW1EP9NFB90661	2022 Ford F-150 XL	Ford	https://www.andersonandkochford.com/vehicle/1FTEW1EP9NFB90661/Used-2022-Ford-F--150-North_Branch-MN/	29345 USD	2022 Black Ford F-150 Xl 4WD 2.7L V6 EcoBoost For sale at Anderson & Koch Ford in North Branch Minnesota.	https://media-cdn-tango.jazelc.com/media/322035520	in stock	USED	TRUCK	Vehicles & Parts > Vehicles > Motor Vehicles > Cars, Trucks & Vans	1FTEW1EP9NFB90661	https://www.andersonandkochford.com/vehicle/1FTEW1EP9NFB90661/Used-2022-Ford-F--150-North_Branch-MN/123?store={store_code}	BLACK	65061 miles	F-150	1FTEW1EP9NFB90661	2022	29345 USD	04229513139877848249	29345 USD	MI	no	F-150	No	Over 20k
1FTEW2LP3TFC24549	2026 Ford F-150 STX	Ford	https://www.andersonandkochford.com/vehicle/1FTEW2LP3TFC24549/2026-Ford-F--150-North_Branch-MN/	45541 USD	2026 Black Metallic Ford F-150 Stx 4WD 2.7L V6 EcoBoost For sale at Anderson & Koch Ford in North Branch Minnesota.	https://media-cdn-tango.jazelc.com/media/323931876	in stock	NEW	TRUCK	Vehicles & Parts > Vehicles > Motor Vehicles > Cars, Trucks & Vans	1FTEW2LP3TFC24549	https://www.andersonandkochford.com/vehicle/1FTEW2LP3TFC24549/2026-Ford-F--150-North_Branch-MN/123?store={store_code}	BLACK	2 miles	F-150	1FTEW2LP3TFC24549	2026	45541 USD	04229513139877848249	45541 USD	MI	no	F-150	No	Over 20k
1FTEW2LP4TKF73064	2026 Ford F-150 STX	Ford	https://www.andersonandkochford.com/vehicle/1FTEW2LP4TKF73064/2026-Ford-F--150-North_Branch-MN/	45541 USD	2026 Carbonized Gray Metallic Ford F-150 Stx 4WD 2.7L V6 EcoBoost For sale at Anderson & Koch Ford in North Branch Minnesota.	https://media-cdn-tango.jazelc.com/media/323152769	in stock	NEW	TRUCK	Vehicles & Parts > Vehicles > Motor Vehicles > Cars, Trucks & Vans	1FTEW2LP4TKF73064	https://www.andersonandkochford.com/vehicle/1FTEW2LP4TKF73064/2026-Ford-F--150-North_Branch-MN/123?store={store_code}	GRAY	0 miles	F-150	1FTEW2LP4TKF73064	2026	45541 USD	04229513139877848249	45541 USD	MI	no	F-150	No	Over 20k
1FTEW3LP0TKE82847	2026 Ford F-150 XLT	Ford	https://www.andersonandkochford.com/vehicle/1FTEW3LP0TKE82847/2026-Ford-F--150-North_Branch-MN/	49557 USD	2026 Black Ford F-150 Xlt 4WD 2.7L V6 EcoBoost For sale at Anderson & Koch Ford in North Branch Minnesota.	https://media-cdn-tango.jazelc.com/media/324342610	in stock	NEW	TRUCK	Vehicles & Parts > Vehicles > Motor Vehicles > Cars, Trucks & Vans	1FTEW3LP0TKE82847	https://www.andersonandkochford.com/vehicle/1FTEW3LP0TKE82847/2026-Ford-F--150-North_Branch-MN/123?store={store_code}	BLACK	326 miles	F-150	1FTEW3LP0TKE82847	2026	49557 USD	04229513139877848249	49557 USD	MI	no	F-150	No	Over 20k
1FTEW3LP3TKF35010	2026 Ford F-150 XLT	Ford	https://www.andersonandkochford.com/vehicle/1FTEW3LP3TKF35010/2026-Ford-F--150-North_Branch-MN/	53068 USD	2026 Agate Black Metallic Ford F-150 Xlt 4WD 2.7L V6 EcoBoost For sale at Anderson & Koch Ford in North Branch Minnesota.	https://media-cdn-tango.jazelc.com/media/323425499	in stock	NEW	TRUCK	Vehicles & Parts > Vehicles > Motor Vehicles > Cars, Trucks & Vans	1FTEW3LP3TKF35010	https://www.andersonandkochford.com/vehicle/1FTEW3LP3TKF35010/2026-Ford-F--150-North_Branch-MN/123?store={store_code}	BLACK	0 miles	F-150	1FTEW3LP3TKF35010	2026	53068 USD	04229513139877848249	53068 USD	MI	no	F-150	No	Over 20k
1FTEW3LP4TFB59152	2026 Ford F-150 XLT	Ford	https://www.andersonandkochford.com/vehicle/1FTEW3LP4TFB59152/2026-Ford-F--150-North_Branch-MN/	52668 USD	2026 Black Metallic Ford F-150 Xlt 4WD 2.7L V6 EcoBoost For sale at Anderson & Koch Ford in North Branch Minnesota.	https://media-cdn-tango.jazelc.com/media/323175965	in stock	NEW	TRUCK	Vehicles & Parts > Vehicles > Motor Vehicles > Cars, Trucks & Vans	1FTEW3LP4TFB59152	https://www.andersonandkochford.com/vehicle/1FTEW3LP4TFB59152/2026-Ford-F--150-North_Branch-MN/123?store={store_code}	BLACK	365 miles	F-150	1FTEW3LP4TFB59152	2026	52668 USD	04229513139877848249	52668 USD	MI	no	F-150	No	Over 20k
1FTEW3LP8TFB94468	2026 Ford F-150 XLT	Ford	https://www.andersonandkochford.com/vehicle/1FTEW3LP8TFB94468/2026-Ford-F--150-North_Branch-MN/	50130 USD	2026 Silver Metallic Ford F-150 Xlt 4WD 2.7L V6 EcoBoost For sale at Anderson & Koch Ford in North Branch Minnesota.	https://media-cdn-tango.jazelc.com/media/322320448	in stock	NEW	TRUCK	Vehicles & Parts > Vehicles > Motor Vehicles > Cars, Trucks & Vans	1FTEW3LP8TFB94468	https://www.andersonandkochford.com/vehicle/1FTEW3LP8TFB94468/2026-Ford-F--150-North_Branch-MN/123?store={store_code}	SILVER	153 miles	F-150	1FTEW3LP8TFB94468	2026	50130 USD	04229513139877848249	50130 USD	MI	no	F-150	No	Over 20k
1FTEW3LP9TKF34332	2026 Ford F-150 XLT	Ford	https://www.andersonandkochford.com/vehicle/1FTEW3LP9TKF34332/2026-Ford-F--150-North_Branch-MN/	53068 USD	2026 Carbonized Gray Metallic Ford F-150 Xlt 4WD 2.7L V6 EcoBoost For sale at Anderson & Koch Ford in North Branch Minnesota.	https://media-cdn-tango.jazelc.com/media/323425577	in stock	NEW	TRUCK	Vehicles & Parts > Vehicles > Motor Vehicles > Cars, Trucks & Vans	1FTEW3LP9TKF34332	https://www.andersonandkochford.com/vehicle/1FTEW3LP9TKF34332/2026-Ford-F--150-North_Branch-MN/123?store={store_code}	GRAY	0 miles	F-150	1FTEW3LP9TKF34332	2026	53068 USD	04229513139877848249	53068 USD	MI	no	F-150	No	Over 20k
1FTEW3LPXTFB60256	2026 Ford F-150 XLT	Ford	https://www.andersonandkochford.com/vehicle/1FTEW3LPXTFB60256/2026-Ford-F--150-North_Branch-MN/	52268 USD	2026 Oxford White Ford F-150 Xlt 4WD 2.7L V6 EcoBoost For sale at Anderson & Koch Ford in North Branch Minnesota.	https://media-cdn-tango.jazelc.com/media/321549494	in stock	NEW	TRUCK	Vehicles & Parts > Vehicles > Motor Vehicles > Cars, Trucks & Vans	1FTEW3LPXTFB60256	https://www.andersonandkochford.com/vehicle/1FTEW3LPXTFB60256/2026-Ford-F--150-North_Branch-MN/123?store={store_code}	WHITE	253 miles	F-150	1FTEW3LPXTFB60256	2026	52268 USD	04229513139877848249	52268 USD	MI	no	F-150	No	Over 20k
1FTEX2LP4TKF72493	2026 Ford F-150 STX	Ford	https://www.andersonandkochford.com/vehicle/1FTEX2LP4TKF72493/2026-Ford-F--150-North_Branch-MN/	43232 USD	2026 Oxford White Ford F-150 Stx 4WD 2.7L V6 EcoBoost For sale at Anderson & Koch Ford in North Branch Minnesota.	https://media-cdn-tango.jazelc.com/media/324182669	in stock	NEW	TRUCK	Vehicles & Parts > Vehicles > Motor Vehicles > Cars, Trucks & Vans	1FTEX2LP4TKF72493	https://www.andersonandkochford.com/vehicle/1FTEX2LP4TKF72493/2026-Ford-F--150-North_Branch-MN/123?store={store_code}	WHITE	0 miles	F-150	1FTEX2LP4TKF72493	2026	43232 USD	04229513139877848249	43232 USD	MI	no	F-150	No	Over 20k
1FTEX3LP4RKD52155	2024 Ford F-150 XLT	Ford	https://www.andersonandkochford.com/vehicle/1FTEX3LP4RKD52155/Used-2024-Ford-F--150-North_Branch-MN/	40345 USD	2024 Oxford White Ford F-150 Xlt 4WD 2.7L V6 EcoBoost For sale at Anderson & Koch Ford in North Branch Minnesota.	https://media-cdn-tango.jazelc.com/media/323149593	in stock	USED	TRUCK	Vehicles & Parts > Vehicles > Motor Vehicles > Cars, Trucks & Vans	1FTEX3LP4RKD52155	https://www.andersonandkochford.com/vehicle/1FTEX3LP4RKD52155/Used-2024-Ford-F--150-North_Branch-MN/123?store={store_code}	WHITE	15695 miles	F-150	1FTEX3LP4RKD52155	2024	40345 USD	04229513139877848249	40345 USD	MI	no	F-150	No	Over 20k
1FTFW1E13MFB32933	2021 Ford F-150 XLT	Ford	https://www.andersonandkochford.com/vehicle/1FTFW1E13MFB32933/Used-2021-Ford-F--150-North_Branch-MN/	30345 USD	2021 Antimatter Blue Metallic Ford F-150 Xlt 4WD 3.0L Power Stroke V6 Turbo Diesel For sale at Anderson & Koch Ford in North Branch Minnesota.	https://media-cdn-tango.jazelc.com/media/320524840	in stock	USED	TRUCK	Vehicles & Parts > Vehicles > Motor Vehicles > Cars, Trucks & Vans	1FTFW1E13MFB32933	https://www.andersonandkochford.com/vehicle/1FTFW1E13MFB32933/Used-2021-Ford-F--150-North_Branch-MN/123?store={store_code}	BLUE	71517 miles	F-150	1FTFW1E13MFB32933	2021	30345 USD	04229513139877848249	30345 USD	MI	no	F-150	No	Over 20k
1FTFW1E51MFA46992	2021 Ford F-150 Platinum	Ford	https://www.andersonandkochford.com/vehicle/1FTFW1E51MFA46992/Used-2021-Ford-F--150-North_Branch-MN/	42345 USD	2021 Carbonized Gray Metallic Ford F-150 Platinum 4WD 5.0L V8 For sale at Anderson & Koch Ford in North Branch Minnesota.	https://media-cdn-tango.jazelc.com/media/323191560	in stock	USED	TRUCK	Vehicles & Parts > Vehicles > Motor Vehicles > Cars, Trucks & Vans	1FTFW1E51MFA46992	https://www.andersonandkochford.com/vehicle/1FTFW1E51MFA46992/Used-2021-Ford-F--150-North_Branch-MN/123?store={store_code}	GRAY	74074 miles	F-150	1FTFW1E51MFA46992	2021	42345 USD	04229513139877848249	42345 USD	MI	no	F-150	No	Over 20k
1FTFW1E52NKE02925	2022 Ford F-150 XLT	Ford	https://www.andersonandkochford.com/vehicle/1FTFW1E52NKE02925/Used-2022-Ford-F--150-North_Branch-MN/	43345 USD	2022 Carbonized Gray Metallic Ford F-150 Xlt 4WD 5.0L V8 For sale at Anderson & Koch Ford in North Branch Minnesota.	https://media-cdn-tango.jazelc.com/media/323945183	in stock	USED	TRUCK	Vehicles & Parts > Vehicles > Motor Vehicles > Cars, Trucks & Vans	1FTFW1E52NKE02925	https://www.andersonandkochford.com/vehicle/1FTFW1E52NKE02925/Used-2022-Ford-F--150-North_Branch-MN/123?store={store_code}	GRAY	37428 miles	F-150	1FTFW1E52NKE02925	2022	43345 USD	04229513139877848249	43345 USD	MI	no	F-150	No	Over 20k
1FTFW1E55LFA72302	2020 Ford F-150 LARIAT	Ford	https://www.andersonandkochford.com/vehicle/1FTFW1E55LFA72302/Used-2020-Ford-F--150-North_Branch-MN/	25345 USD	2020 Stone Gray Metallic Ford F-150 Lariat 4WD 5.0L V8 For sale at Anderson & Koch Ford in North Branch Minnesota.	https://media-cdn-tango.jazelc.com/media/323852333	in stock	USED	TRUCK	Vehicles & Parts > Vehicles > Motor Vehicles > Cars, Trucks & Vans	1FTFW1E55LFA72302	https://www.andersonandkochford.com/vehicle/1FTFW1E55LFA72302/Used-2020-Ford-F--150-North_Branch-MN/123?store={store_code}	GRAY	132908 miles	F-150	1FTFW1E55LFA72302	2020	25345 USD	04229513139877848249	25345 USD	MI	no	F-150	No	Over 20k
1FTFW1E57PKF24165	2023 Ford F-150 XLT	Ford	https://www.andersonandkochford.com/vehicle/1FTFW1E57PKF24165/Used-2023-Ford-F--150-North_Branch-MN/	42345 USD	2023 Oxford White Ford F-150 Xlt 4WD 5.0L V8 For sale at Anderson & Koch Ford in North Branch Minnesota.	https://media-cdn-tango.jazelc.com/media/323962525	in stock	USED	TRUCK	Vehicles & Parts > Vehicles > Motor Vehicles > Cars, Trucks & Vans	1FTFW1E57PKF24165	https://www.andersonandkochford.com/vehicle/1FTFW1E57PKF24165/Used-2023-Ford-F--150-North_Branch-MN/123?store={store_code}	WHITE	51103 miles	F-150	1FTFW1E57PKF24165	2023	42345 USD	04229513139877848249	42345 USD	MI	no	F-150	No	Over 20k
1FTFW1E58PKF18911	2023 Ford F-150 XLT	Ford	https://www.andersonandkochford.com/vehicle/1FTFW1E58PKF18911/Used-2023-Ford-F--150-North_Branch-MN/	43845 USD	2023 Black Ford F-150 Xlt 4WD 5.0L V8 For sale at Anderson & Koch Ford in North Branch Minnesota.	https://media-cdn-tango.jazelc.com/media/322150334	in stock	USED	TRUCK	Vehicles & Parts > Vehicles > Motor Vehicles > Cars, Trucks & Vans	1FTFW1E58PKF18911	https://www.andersonandkochford.com/vehicle/1FTFW1E58PKF18911/Used-2023-Ford-F--150-North_Branch-MN/123?store={store_code}	BLACK	16563 miles	F-150	1FTFW1E58PKF18911	2023	43845 USD	04229513139877848249	43845 USD	MI	no	F-150	No	Over 20k
1FTFW1ED5PFA64939	2023 Ford F-150 XLT	Ford	https://www.andersonandkochford.com/vehicle/1FTFW1ED5PFA64939/Used-2023-Ford-F--150-North_Branch-MN/	38845 USD	2023 Black Ford F-150 Xlt 4WD 3.5L PowerBoost Full-Hybrid V6 For sale at Anderson & Koch Ford in North Branch Minnesota.	https://media-cdn-tango.jazelc.com/media/323138486	in stock	USED	TRUCK	Vehicles & Parts > Vehicles > Motor Vehicles > Cars, Trucks & Vans	1FTFW1ED5PFA64939	https://www.andersonandkochford.com/vehicle/1FTFW1ED5PFA64939/Used-2023-Ford-F--150-North_Branch-MN/123?store={store_code}	BLACK	37275 miles	F-150	1FTFW1ED5PFA64939	2023	38845 USD	04229513139877848249	38845 USD	MI	no	F-150	No	Over 20k
1FTFW1ET6EFA45000	2014 Ford F-150 Platinum	Ford	https://www.andersonandkochford.com/vehicle/1FTFW1ET6EFA45000/Used-2014-Ford-F--150-North_Branch-MN/	14345 USD	2014 White Platinum Metallic Tri-Coat Ford F-150 Platinum 4WD 3.5L V6 For sale at Anderson & Koch Ford in North Branch Minnesota.	https://media-cdn-tango.jazelc.com/media/323577543	in stock	USED	TRUCK	Vehicles & Parts > Vehicles > Motor Vehicles > Cars, Trucks & Vans	1FTFW1ET6EFA45000	https://www.andersonandkochford.com/vehicle/1FTFW1ET6EFA45000/Used-2014-Ford-F--150-North_Branch-MN/123?store={store_code}	WHITE	148501 miles	F-150	1FTFW1ET6EFA45000	2014	14345 USD	04229513139877848249	14345 USD	MI	no	F-150	No	Under 20k
1FTFW2L88RFC20857	2024 Ford F-150 STX	Ford	https://www.andersonandkochford.com/vehicle/1FTFW2L88RFC20857/Used-2024-Ford-F--150-North_Branch-MN/	40845 USD	2024 Red Ford F-150 Stx 4WD 3.5L V6 EcoBoost For sale at Anderson & Koch Ford in North Branch Minnesota.	https://media-cdn-tango.jazelc.com/media/323545575	in stock	USED	TRUCK	Vehicles & Parts > Vehicles > Motor Vehicles > Cars, Trucks & Vans	1FTFW2L88RFC20857	https://www.andersonandkochford.com/vehicle/1FTFW2L88RFC20857/Used-2024-Ford-F--150-North_Branch-MN/123?store={store_code}	RED	4143 miles	F-150	1FTFW2L88RFC20857	2024	40845 USD	04229513139877848249	40845 USD	MI	no	F-150	No	Over 20k
1FTFW3L51TFB44658	2026 Ford F-150 XLT	Ford	https://www.andersonandkochford.com/vehicle/1FTFW3L51TFB44658/2026-Ford-F--150-North_Branch-MN/	50838 USD	2026 Gray Metallic Ford F-150 Xlt 4WD 5.0L V8 For sale at Anderson & Koch Ford in North Branch Minnesota.	https://media-cdn-tango.jazelc.com/media/322715344	in stock	NEW	TRUCK	Vehicles & Parts > Vehicles > Motor Vehicles > Cars, Trucks & Vans	1FTFW3L51TFB44658	https://www.andersonandkochford.com/vehicle/1FTFW3L51TFB44658/2026-Ford-F--150-North_Branch-MN/123?store={store_code}	GRAY	163 miles	F-150	1FTFW3L51TFB44658	2026	50838 USD	04229513139877848249	50838 USD	MI	no	F-150	No	Over 20k
1FTFW3L51TKE56812	2026 Ford F-150 XLT	Ford	https://www.andersonandkochford.com/vehicle/1FTFW3L51TKE56812/2026-Ford-F--150-North_Branch-MN/	59523 USD	2026 Black Metallic Ford F-150 Xlt 4WD 5.0L V8 For sale at Anderson & Koch Ford in North Branch Minnesota.	https://media-cdn-tango.jazelc.com/media/322931476	in stock	NEW	TRUCK	Vehicles & Parts > Vehicles > Motor Vehicles > Cars, Trucks & Vans	1FTFW3L51TKE56812	https://www.andersonandkochford.com/vehicle/1FTFW3L51TKE56812/2026-Ford-F--150-North_Branch-MN/123?store={store_code}	BLACK	16 miles	F-150	1FTFW3L51TKE56812	2026	59523 USD	04229513139877848249	59523 USD	MI	no	F-150	No	Over 20k
1FTFW3L54RKE27054	2024 Ford F-150 XLT	Ford	https://www.andersonandkochford.com/vehicle/1FTFW3L54RKE27054/Used-2024-Ford-F--150-North_Branch-MN/	41845 USD	2024 White Ford F-150 Xlt 4WD 5.0L V8 For sale at Anderson & Koch Ford in North Branch Minnesota.	https://media-cdn-tango.jazelc.com/media/322597932	in stock	USED	TRUCK	Vehicles & Parts > Vehicles > Motor Vehicles > Cars, Trucks & Vans	1FTFW3L54RKE27054	https://www.andersonandkochford.com/vehicle/1FTFW3L54RKE27054/Used-2024-Ford-F--150-North_Branch-MN/123?store={store_code}	WHITE	28731 miles	F-150	1FTFW3L54RKE27054	2024	41845 USD	04229513139877848249	41845 USD	MI	no	F-150	No	Over 20k
1FTFW3L55RKE28021	2024 Ford F-150 XLT	Ford	https://www.andersonandkochford.com/vehicle/1FTFW3L55RKE28021/Used-2024-Ford-F--150-North_Branch-MN/	41845 USD	2024 White Ford F-150 Xlt 4WD 5.0L V8 For sale at Anderson & Koch Ford in North Branch Minnesota.	https://media-cdn-tango.jazelc.com/media/322594865	in stock	USED	TRUCK	Vehicles & Parts > Vehicles > Motor Vehicles > Cars, Trucks & Vans	1FTFW3L55RKE28021	https://www.andersonandkochford.com/vehicle/1FTFW3L55RKE28021/Used-2024-Ford-F--150-North_Branch-MN/123?store={store_code}	WHITE	26913 miles	F-150	1FTFW3L55RKE28021	2024	41845 USD	04229513139877848249	41845 USD	MI	no	F-150	No	Over 20k
1FTFW3L5XTKE67131	2026 Ford F-150 XLT	Ford	https://www.andersonandkochford.com/vehicle/1FTFW3L5XTKE67131/2026-Ford-F--150-North_Branch-MN/	57020 USD	2026 Ruby Red Metallic Ford F-150 Xlt 4WD 5.0L V8 For sale at Anderson & Koch Ford in North Branch Minnesota.	https://media-cdn-tango.jazelc.com/media/323378138	in stock	NEW	TRUCK	Vehicles & Parts > Vehicles > Motor Vehicles > Cars, Trucks & Vans	1FTFW3L5XTKE67131	https://www.andersonandkochford.com/vehicle/1FTFW3L5XTKE67131/2026-Ford-F--150-North_Branch-MN/123?store={store_code}	RED	365 miles	F-150	1FTFW3L5XTKE67131	2026	57020 USD	04229513139877848249	57020 USD	MI	no	F-150	No	Over 20k
1FTFW3L81SKF50424	2025 Ford F-150 XLT	Ford	https://www.andersonandkochford.com/vehicle/1FTFW3L81SKF50424/Used-2025-Ford-F--150-North_Branch-MN/	45345 USD	2025 Carbonized Gray Metallic Ford F-150 Xlt 4WD 3.5L V6 EcoBoost For sale at Anderson & Koch Ford in North Branch Minnesota.	https://media-cdn-tango.jazelc.com/media/323149598	in stock	USED	TRUCK	Vehicles & Parts > Vehicles > Motor Vehicles > Cars, Trucks & Vans	1FTFW3L81SKF50424	https://www.andersonandkochford.com/vehicle/1FTFW3L81SKF50424/Used-2025-Ford-F--150-North_Branch-MN/123?store={store_code}	GRAY	16619 miles	F-150	1FTFW3L81SKF50424	2025	45345 USD	04229513139877848249	45345 USD	MI	no	F-150	No	Over 20k
1FTFW3L82TKF48893	2026 Ford F-150 XLT	Ford	https://www.andersonandkochford.com/vehicle/1FTFW3L82TKF48893/2026-Ford-F--150-North_Branch-MN/	57801 USD	2026 Agate Black Metallic Ford F-150 Xlt 4WD 3.5L V6 EcoBoost For sale at Anderson & Koch Ford in North Branch Minnesota.	https://media-cdn-tango.jazelc.com/media/323425499	in stock	NEW	TRUCK	Vehicles & Parts > Vehicles > Motor Vehicles > Cars, Trucks & Vans	1FTFW3L82TKF48893	https://www.andersonandkochford.com/vehicle/1FTFW3L82TKF48893/2026-Ford-F--150-North_Branch-MN/123?store={store_code}	BLACK	0 miles	F-150	1FTFW3L82TKF48893	2026	57801 USD	04229513139877848249	57801 USD	MI	no	F-150	No	Over 20k
1FTFW3L83TKD33815	2026 Ford F-150 XLT	Ford	https://www.andersonandkochford.com/vehicle/1FTFW3L83TKD33815/Used-2026-Ford-F--150-North_Branch-MN/	48829 USD	2026 Gray Metallic Ford F-150 Xlt 4WD 3.5L V6 EcoBoost For sale at Anderson & Koch Ford in North Branch Minnesota.	https://media-cdn-tango.jazelc.com/media/316120386	in stock	USED	TRUCK	Vehicles & Parts > Vehicles > Motor Vehicles > Cars, Trucks & Vans	1FTFW3L83TKD33815	https://www.andersonandkochford.com/vehicle/1FTFW3L83TKD33815/Used-2026-Ford-F--150-North_Branch-MN/123?store={store_code}	GRAY	7450 miles	F-150	1FTFW3L83TKD33815	2026	48829 USD	04229513139877848249	48829 USD	MI	no	F-150	No	Over 20k
1FTFW3L84TKE42509	2026 Ford F-150 XLT	Ford	https://www.andersonandkochford.com/vehicle/1FTFW3L84TKE42509/2026-Ford-F--150-North_Branch-MN/	56015 USD	2026 Black Metallic Ford F-150 Xlt 4WD 3.5L V6 EcoBoost For sale at Anderson & Koch Ford in North Branch Minnesota.	https://media-cdn-tango.jazelc.com/media/319217147	in stock	NEW	TRUCK	Vehicles & Parts > Vehicles > Motor Vehicles > Cars, Trucks & Vans	1FTFW3L84TKE42509	https://www.andersonandkochford.com/vehicle/1FTFW3L84TKE42509/2026-Ford-F--150-North_Branch-MN/123?store={store_code}	BLACK	253 miles	F-150	1FTFW3L84TKE42509	2026	56015 USD	04229513139877848249	56015 USD	MI	no	F-150	No	Over 20k
1FTFW3L84VFA01247	2027 Ford F-150 XLT	Ford	https://www.andersonandkochford.com/vehicle/1FTFW3L84VFA01247/2027-Ford-F--150-North_Branch-MN/	61845 USD	2027 Ruby Red Metallic Tinted Clearcoat Ford F-150 Xlt 4WD 3.5L V6 EcoBoost For sale at Anderson & Koch Ford in North Branch Minnesota.	https://media-cdn-tango.jazelc.com/media/323245234	in stock	NEW	TRUCK	Vehicles & Parts > Vehicles > Motor Vehicles > Cars, Trucks & Vans	1FTFW3L84VFA01247	https://www.andersonandkochford.com/vehicle/1FTFW3L84VFA01247/2027-Ford-F--150-North_Branch-MN/123?store={store_code}	RED	0 miles	F-150	1FTFW3L84VFA01247	2027	61845 USD	04229513139877848249	61845 USD	MI	no	F-150	No	Over 20k
1FTFW3L86TFB41653	2026 Ford F-150 XLT	Ford	https://www.andersonandkochford.com/vehicle/1FTFW3L86TFB41653/2026-Ford-F--150-North_Branch-MN/	56970 USD	2026 Blue Metallic Ford F-150 Xlt 4WD 3.5L V6 EcoBoost For sale at Anderson & Koch Ford in North Branch Minnesota.	https://media-cdn-tango.jazelc.com/media/319746244	in stock	NEW	TRUCK	Vehicles & Parts > Vehicles > Motor Vehicles > Cars, Trucks & Vans	1FTFW3L86TFB41653	https://www.andersonandkochford.com/vehicle/1FTFW3L86TFB41653/2026-Ford-F--150-North_Branch-MN/123?store={store_code}	BLUE	43 miles	F-150	1FTFW3L86TFB41653	2026	56970 USD	04229513139877848249	56970 USD	MI	no	F-150	No	Over 20k
1FTFW3L86TFB75947	2026 Ford F-150 XLT	Ford	https://www.andersonandkochford.com/vehicle/1FTFW3L86TFB75947/2026-Ford-F--150-North_Branch-MN/	58162 USD	2026 Black Metallic Ford F-150 Xlt 4WD 3.5L V6 EcoBoost For sale at Anderson & Koch Ford in North Branch Minnesota.	https://media-cdn-tango.jazelc.com/media/319217013	in stock	NEW	TRUCK	Vehicles & Parts > Vehicles > Motor Vehicles > Cars, Trucks & Vans	1FTFW3L86TFB75947	https://www.andersonandkochford.com/vehicle/1FTFW3L86TFB75947/2026-Ford-F--150-North_Branch-MN/123?store={store_code}	BLACK	153 miles	F-150	1FTFW3L86TFB75947	2026	58162 USD	04229513139877848249	58162 USD	MI	no	F-150	No	Over 20k
1FTFW3L86TKF76244	2026 Ford F-150 XLT	Ford	https://www.andersonandkochford.com/vehicle/1FTFW3L86TKF76244/2026-Ford-F--150-North_Branch-MN/	56453 USD	2026 Carbonized Gray Metallic Ford F-150 Xlt 4WD 3.5L V6 EcoBoost For sale at Anderson & Koch Ford in North Branch Minnesota.	https://media-cdn-tango.jazelc.com/media/323425577	in stock	NEW	TRUCK	Vehicles & Parts > Vehicles > Motor Vehicles > Cars, Trucks & Vans	1FTFW3L86TKF76244	https://www.andersonandkochford.com/vehicle/1FTFW3L86TKF76244/2026-Ford-F--150-North_Branch-MN/123?store={store_code}	GRAY	0 miles	F-150	1FTFW3L86TKF76244	2026	56453 USD	04229513139877848249	56453 USD	MI	no	F-150	No	Over 20k
1FTFW3L88TKE45123	2026 Ford F-150 XLT	Ford	https://www.andersonandkochford.com/vehicle/1FTFW3L88TKE45123/2026-Ford-F--150-North_Branch-MN/	66070 USD	2026 Carbonized Gray Metallic Ford F-150 Xlt 4WD V6 Cylinder For sale at Anderson & Koch Ford in North Branch Minnesota.	https://media-cdn-tango.jazelc.com/media/324093075	in stock	NEW	TRUCK	Vehicles & Parts > Vehicles > Motor Vehicles > Cars, Trucks & Vans	1FTFW3L88TKE45123	https://www.andersonandkochford.com/vehicle/1FTFW3L88TKE45123/2026-Ford-F--150-North_Branch-MN/123?store={store_code}	GRAY	0 miles	F-150	1FTFW3L88TKE45123	2026	66070 USD	04229513139877848249	66070 USD	MI	no	F-150	No	Over 20k
1FTFW3L88TKF76245	2026 Ford F-150 XLT	Ford	https://www.andersonandkochford.com/vehicle/1FTFW3L88TKF76245/2026-Ford-F--150-North_Branch-MN/	56453 USD	2026 Oxford White Ford F-150 Xlt 4WD 3.5L V6 EcoBoost For sale at Anderson & Koch Ford in North Branch Minnesota.	https://media-cdn-tango.jazelc.com/media/323425574	in stock	NEW	TRUCK	Vehicles & Parts > Vehicles > Motor Vehicles > Cars, Trucks & Vans	1FTFW3L88TKF76245	https://www.andersonandkochford.com/vehicle/1FTFW3L88TKF76245/2026-Ford-F--150-North_Branch-MN/123?store={store_code}	WHITE	0 miles	F-150	1FTFW3L88TKF76245	2026	56453 USD	04229513139877848249	56453 USD	MI	no	F-150	No	Over 20k
1FTFW3L8XTKF68504	2026 Ford F-150 XLT	Ford	https://www.andersonandkochford.com/vehicle/1FTFW3L8XTKF68504/2026-Ford-F--150-North_Branch-MN/	57892 USD	2026 Oxford White Ford F-150 Xlt 4WD 3.5L V6 EcoBoost For sale at Anderson & Koch Ford in North Branch Minnesota.	https://media-cdn-tango.jazelc.com/media/323425574	in stock	NEW	TRUCK	Vehicles & Parts > Vehicles > Motor Vehicles > Cars, Trucks & Vans	1FTFW3L8XTKF68504	https://www.andersonandkochford.com/vehicle/1FTFW3L8XTKF68504/2026-Ford-F--150-North_Branch-MN/123?store={store_code}	WHITE	0 miles	F-150	1FTFW3L8XTKF68504	2026	57892 USD	04229513139877848249	57892 USD	MI	no	F-150	No	Over 20k
1FTFW4L81TFC32061	2026 Ford F-150 Tremor	Ford	https://www.andersonandkochford.com/vehicle/1FTFW4L81TFC32061/2026-Ford-F--150-North_Branch-MN/	64986 USD	2026 Marsh Gray Ford F-150 Tremor 4WD 3.5L V6 EcoBoost For sale at Anderson & Koch Ford in North Branch Minnesota.	https://media-cdn-tango.jazelc.com/media/323931069	in stock	NEW	TRUCK	Vehicles & Parts > Vehicles > Motor Vehicles > Cars, Trucks & Vans	1FTFW4L81TFC32061	https://www.andersonandkochford.com/vehicle/1FTFW4L81TFC32061/2026-Ford-F--150-North_Branch-MN/123?store={store_code}	GRAY	5 miles	F-150	1FTFW4L81TFC32061	2026	64986 USD	04229513139877848249	64986 USD	MI	no	F-150	No	Over 20k
1FTFW4L86TFC34064	2026 Ford F-150 Tremor	Ford	https://www.andersonandkochford.com/vehicle/1FTFW4L86TFC34064/2026-Ford-F--150-North_Branch-MN/	74605 USD	2026 Antimatter Blue Metallic Ford F-150 Tremor 4WD 3.5L V6 EcoBoost For sale at Anderson & Koch Ford in North Branch Minnesota.	https://media-cdn-tango.jazelc.com/media/323931278	in stock	NEW	TRUCK	Vehicles & Parts > Vehicles > Motor Vehicles > Cars, Trucks & Vans	1FTFW4L86TFC34064	https://www.andersonandkochford.com/vehicle/1FTFW4L86TFC34064/2026-Ford-F--150-North_Branch-MN/123?store={store_code}	BLUE	0 miles	F-150	1FTFW4L86TFC34064	2026	74605 USD	04229513139877848249	74605 USD	MI	no	F-150	No	Over 20k
1FTFW5L54TFC33085	2026 Ford F-150 LARIAT	Ford	https://www.andersonandkochford.com/vehicle/1FTFW5L54TFC33085/2026-Ford-F--150-North_Branch-MN/	71444 USD	2026 Agate Black Metallic Ford F-150 Lariat 4WD 5.0L V8 For sale at Anderson & Koch Ford in North Branch Minnesota.	https://media-cdn-tango.jazelc.com/media/323139310	in stock	NEW	TRUCK	Vehicles & Parts > Vehicles > Motor Vehicles > Cars, Trucks & Vans	1FTFW5L54TFC33085	https://www.andersonandkochford.com/vehicle/1FTFW5L54TFC33085/2026-Ford-F--150-North_Branch-MN/123?store={store_code}	BLACK	0 miles	F-150	1FTFW5L54TFC33085	2026	71444 USD	04229513139877848249	71444 USD	MI	no	F-150	No	Over 20k
1FTFW5L5XTFC37304	2026 Ford F-150 LARIAT	Ford	https://www.andersonandkochford.com/vehicle/1FTFW5L5XTFC37304/2026-Ford-F--150-North_Branch-MN/	73277 USD	2026 Carbonized Gray Metallic Ford F-150 Lariat 4WD 5.0L V8 For sale at Anderson & Koch Ford in North Branch Minnesota.	https://media-cdn-tango.jazelc.com/media/322931365	in stock	NEW	TRUCK	Vehicles & Parts > Vehicles > Motor Vehicles > Cars, Trucks & Vans	1FTFW5L5XTFC37304	https://www.andersonandkochford.com/vehicle/1FTFW5L5XTFC37304/2026-Ford-F--150-North_Branch-MN/123?store={store_code}	GRAY	0 miles	F-150	1FTFW5L5XTFC37304	2026	73277 USD	04229513139877848249	73277 USD	MI	no	F-150	No	Over 20k
1FTFW5L5XTFC49775	2026 Ford F-150 LARIAT	Ford	https://www.andersonandkochford.com/vehicle/1FTFW5L5XTFC49775/2026-Ford-F--150-North_Branch-MN/	67782 USD	2026 Star White Metallic Tri-Coat Ford F-150 Lariat 4WD 5.0L V8 For sale at Anderson & Koch Ford in North Branch Minnesota.	https://media-cdn-tango.jazelc.com/media/323312915	in stock	NEW	TRUCK	Vehicles & Parts > Vehicles > Motor Vehicles > Cars, Trucks & Vans	1FTFW5L5XTFC49775	https://www.andersonandkochford.com/vehicle/1FTFW5L5XTFC49775/2026-Ford-F--150-North_Branch-MN/123?store={store_code}	WHITE	0 miles	F-150	1FTFW5L5XTFC49775	2026	67782 USD	04229513139877848249	67782 USD	MI	no	F-150	No	Over 20k
1FTFW5L81TFB96765	2026 Ford F-150 LARIAT	Ford	https://www.andersonandkochford.com/vehicle/1FTFW5L81TFB96765/2026-Ford-F--150-North_Branch-MN/	65979 USD	2026 Gray Metallic Ford F-150 Lariat 4WD 3.5L V6 EcoBoost For sale at Anderson & Koch Ford in North Branch Minnesota.	https://media-cdn-tango.jazelc.com/media/320965578	in stock	NEW	TRUCK	Vehicles & Parts > Vehicles > Motor Vehicles > Cars, Trucks & Vans	1FTFW5L81TFB96765	https://www.andersonandkochford.com/vehicle/1FTFW5L81TFB96765/2026-Ford-F--150-North_Branch-MN/123?store={store_code}	GRAY	8 miles	F-150	1FTFW5L81TFB96765	2026	65979 USD	04229513139877848249	65979 USD	MI	no	F-150	No	Over 20k
1FTFW5L82TFC25724	2026 Ford F-150 LARIAT	Ford	https://www.andersonandkochford.com/vehicle/1FTFW5L82TFC25724/2026-Ford-F--150-North_Branch-MN/	66192 USD	2026 Gray Metallic Ford F-150 Lariat 4WD 3.5L V6 EcoBoost For sale at Anderson & Koch Ford in North Branch Minnesota.	https://media-cdn-tango.jazelc.com/media/323932500	in stock	NEW	TRUCK	Vehicles & Parts > Vehicles > Motor Vehicles > Cars, Trucks & Vans	1FTFW5L82TFC25724	https://www.andersonandkochford.com/vehicle/1FTFW5L82TFC25724/2026-Ford-F--150-North_Branch-MN/123?store={store_code}	GRAY	3 miles	F-150	1FTFW5L82TFC25724	2026	66192 USD	04229513139877848249	66192 USD	MI	no	F-150	No	Over 20k
1FTFW5L84TFB18593	2026 Ford F-150 LARIAT	Ford	https://www.andersonandkochford.com/vehicle/1FTFW5L84TFB18593/2026-Ford-F--150-North_Branch-MN/	66242 USD	2026 White Metallic Ford F-150 Lariat 4WD 3.5L V6 EcoBoost For sale at Anderson & Koch Ford in North Branch Minnesota.	https://media-cdn-tango.jazelc.com/media/318927987	in stock	NEW	TRUCK	Vehicles & Parts > Vehicles > Motor Vehicles > Cars, Trucks & Vans	1FTFW5L84TFB18593	https://www.andersonandkochford.com/vehicle/1FTFW5L84TFB18593/2026-Ford-F--150-North_Branch-MN/123?store={store_code}	WHITE	14 miles	F-150	1FTFW5L84TFB18593	2026	66242 USD	04229513139877848249	66242 USD	MI	no	F-150	No	Over 20k
1FTFW5L85TFC36832	2026 Ford F-150 LARIAT	Ford	https://www.andersonandkochford.com/vehicle/1FTFW5L85TFC36832/2026-Ford-F--150-North_Branch-MN/	66721 USD	2026 Black Metallic Ford F-150 Lariat 4WD 3.5L V6 EcoBoost For sale at Anderson & Koch Ford in North Branch Minnesota.	https://media-cdn-tango.jazelc.com/media/323932451	in stock	NEW	TRUCK	Vehicles & Parts > Vehicles > Motor Vehicles > Cars, Trucks & Vans	1FTFW5L85TFC36832	https://www.andersonandkochford.com/vehicle/1FTFW5L85TFC36832/2026-Ford-F--150-North_Branch-MN/123?store={store_code}	BLACK	5 miles	F-150	1FTFW5L85TFC36832	2026	66721 USD	04229513139877848249	66721 USD	MI	no	F-150	No	Over 20k
1FTFW5L85TFC39889	2026 Ford F-150 LARIAT	Ford	https://www.andersonandkochford.com/vehicle/1FTFW5L85TFC39889/2026-Ford-F--150-North_Branch-MN/	69089 USD	2026 Ruby Red Metallic Tinted Clearcoat Ford F-150 Lariat 4WD 3.5L V6 EcoBoost For sale at Anderson & Koch Ford in North Branch Minnesota.	https://media-cdn-tango.jazelc.com/media/323931092	in stock	NEW	TRUCK	Vehicles & Parts > Vehicles > Motor Vehicles > Cars, Trucks & Vans	1FTFW5L85TFC39889	https://www.andersonandkochford.com/vehicle/1FTFW5L85TFC39889/2026-Ford-F--150-North_Branch-MN/123?store={store_code}	RED	0 miles	F-150	1FTFW5L85TFC39889	2026	69089 USD	04229513139877848249	69089 USD	MI	no	F-150	No	Over 20k
1FTFW5L86TKF48441	2026 Ford F-150 LARIAT	Ford	https://www.andersonandkochford.com/vehicle/1FTFW5L86TKF48441/2026-Ford-F--150-North_Branch-MN/	63539 USD	2026 Agate Black Metallic Ford F-150 Lariat 4WD 3.5L V6 EcoBoost For sale at Anderson & Koch Ford in North Branch Minnesota.	https://media-cdn-tango.jazelc.com/media/323139310	in stock	NEW	TRUCK	Vehicles & Parts > Vehicles > Motor Vehicles > Cars, Trucks & Vans	1FTFW5L86TKF48441	https://www.andersonandkochford.com/vehicle/1FTFW5L86TKF48441/2026-Ford-F--150-North_Branch-MN/123?store={store_code}	BLACK	0 miles	F-150	1FTFW5L86TKF48441	2026	63539 USD	04229513139877848249	63539 USD	MI	no	F-150	No	Over 20k
1FTFW5L87TKF43264	2026 Ford F-150 LARIAT	Ford	https://www.andersonandkochford.com/vehicle/1FTFW5L87TKF43264/2026-Ford-F--150-North_Branch-MN/	65138 USD	2026 Oxford White Ford F-150 Lariat 4WD 3.5L V6 EcoBoost For sale at Anderson & Koch Ford in North Branch Minnesota.	https://media-cdn-tango.jazelc.com/media/323438319	in stock	NEW	TRUCK	Vehicles & Parts > Vehicles > Motor Vehicles > Cars, Trucks & Vans	1FTFW5L87TKF43264	https://www.andersonandkochford.com/vehicle/1FTFW5L87TKF43264/2026-Ford-F--150-North_Branch-MN/123?store={store_code}	WHITE	0 miles	F-150	1FTFW5L87TKF43264	2026	65138 USD	04229513139877848249	65138 USD	MI	no	F-150	No	Over 20k
1FTFW5L87VFA11668	2027 Ford F-150 LARIAT	Ford	https://www.andersonandkochford.com/vehicle/1FTFW5L87VFA11668/2027-Ford-F--150-North_Branch-MN/	75884 USD	2027 Neptune Blue Metallic Ford F-150 Lariat 4WD 3.5L V6 EcoBoost For sale at Anderson & Koch Ford in North Branch Minnesota.	https://media-cdn-tango.jazelc.com/media/323338014	in stock	NEW	TRUCK	Vehicles & Parts > Vehicles > Motor Vehicles > Cars, Trucks & Vans	1FTFW5L87VFA11668	https://www.andersonandkochford.com/vehicle/1FTFW5L87VFA11668/2027-Ford-F--150-North_Branch-MN/123?store={store_code}	BLUE	0 miles	F-150	1FTFW5L87VFA11668	2027	75884 USD	04229513139877848249	75884 USD	MI	no	F-150	No	Over 20k
1FTFW5LD0TFC16095	2026 Ford F-150 LARIAT	Ford	https://www.andersonandkochford.com/vehicle/1FTFW5LD0TFC16095/2026-Ford-F--150-North_Branch-MN/	68072 USD	2026 Antimatter Blue Metallic Ford F-150 Lariat 4WD 3.5L PowerBoost Full-Hybrid V6 For sale at Anderson & Koch Ford in North Branch Minnesota.	https://media-cdn-tango.jazelc.com/media/322715303	in stock	NEW	TRUCK	Vehicles & Parts > Vehicles > Motor Vehicles > Cars, Trucks & Vans	1FTFW5LD0TFC16095	https://www.andersonandkochford.com/vehicle/1FTFW5LD0TFC16095/2026-Ford-F--150-North_Branch-MN/123?store={store_code}	BLUE	14 miles	F-150	1FTFW5LD0TFC16095	2026	68072 USD	04229513139877848249	68072 USD	MI	no	F-150	No	Over 20k
1FTFW6LD6TFC48765	2026 Ford F-150 King Ranch	Ford	https://www.andersonandkochford.com/vehicle/1FTFW6LD6TFC48765/2026-Ford-F--150-North_Branch-MN/	71837 USD	2026 Agate Black Metallic Ford F-150 King Ranch 4WD 3.5L PowerBoost Full-Hybrid V6 For sale at Anderson & Koch Ford in North Branch Minnesota.	https://media-cdn-tango.jazelc.com/media/323378822	in stock	NEW	TRUCK	Vehicles & Parts > Vehicles > Motor Vehicles > Cars, Trucks & Vans	1FTFW6LD6TFC48765	https://www.andersonandkochford.com/vehicle/1FTFW6LD6TFC48765/2026-Ford-F--150-North_Branch-MN/123?store={store_code}	BLACK	0 miles	F-150	1FTFW6LD6TFC48765	2026	71837 USD	04229513139877848249	71837 USD	MI	no	F-150	No	Over 20k
1FTFW7L82TFC16100	2026 Ford F-150 Platinum	Ford	https://www.andersonandkochford.com/vehicle/1FTFW7L82TFC16100/2026-Ford-F--150-North_Branch-MN/	77154 USD	2026 Ruby Red Metallic Ford F-150 Platinum 4WD 3.5L V6 EcoBoost For sale at Anderson & Koch Ford in North Branch Minnesota.	https://media-cdn-tango.jazelc.com/media/323929877	in stock	NEW	TRUCK	Vehicles & Parts > Vehicles > Motor Vehicles > Cars, Trucks & Vans	1FTFW7L82TFC16100	https://www.andersonandkochford.com/vehicle/1FTFW7L82TFC16100/2026-Ford-F--150-North_Branch-MN/123?store={store_code}	RED	23 miles	F-150	1FTFW7L82TFC16100	2026	77154 USD	04229513139877848249	77154 USD	MI	no	F-150	No	Over 20k
1FTFW7L88TFC15405	2026 Ford F-150 Platinum	Ford	https://www.andersonandkochford.com/vehicle/1FTFW7L88TFC15405/2026-Ford-F--150-North_Branch-MN/	78169 USD	2026 Black Metallic Ford F-150 Platinum 4WD 3.5L V6 EcoBoost For sale at Anderson & Koch Ford in North Branch Minnesota.	https://media-cdn-tango.jazelc.com/media/322715564	in stock	NEW	TRUCK	Vehicles & Parts > Vehicles > Motor Vehicles > Cars, Trucks & Vans	1FTFW7L88TFC15405	https://www.andersonandkochford.com/vehicle/1FTFW7L88TFC15405/2026-Ford-F--150-North_Branch-MN/123?store={store_code}	BLACK	33 miles	F-150	1FTFW7L88TFC15405	2026	78169 USD	04229513139877848249	78169 USD	MI	no	F-150	No	Over 20k
1FTFX1EG6JKG11125	2018 Ford F-150 XLT	Ford	https://www.andersonandkochford.com/vehicle/1FTFX1EG6JKG11125/Used-2018-Ford-F--150-North_Branch-MN/	23038 USD	2018 Shadow Black Ford F-150 Xlt 4WD 3.5L V6 EcoBoost For sale at Anderson & Koch Ford in North Branch Minnesota.	https://media-cdn-tango.jazelc.com/media/322587134	in stock	USED	TRUCK	Vehicles & Parts > Vehicles > Motor Vehicles > Cars, Trucks & Vans	1FTFX1EG6JKG11125	https://www.andersonandkochford.com/vehicle/1FTFX1EG6JKG11125/Used-2018-Ford-F--150-North_Branch-MN/123?store={store_code}	BLACK	90816 miles	F-150	1FTFX1EG6JKG11125	2018	23038 USD	04229513139877848249	23038 USD	MI	no	F-150	No	Over 20k
1FTRF3BN0VEC09541	2027 Ford F-350SD XL	Ford	https://www.andersonandkochford.com/vehicle/1FTRF3BN0VEC09541/2027-Ford-F--350SD-North_Branch-MN/	47962 USD	2027 Black Metallic Ford F-350sd Xl 4WD 7.3L V8 PFI CNG OHV 16V Federal 430hp For sale at Anderson & Koch Ford in North Branch Minnesota.	https://media-cdn-tango.jazelc.com/media/322548487	in stock	NEW	TRUCK	Vehicles & Parts > Vehicles > Motor Vehicles > Cars, Trucks & Vans	1FTRF3BN0VEC09541	https://www.andersonandkochford.com/vehicle/1FTRF3BN0VEC09541/2027-Ford-F--350SD-North_Branch-MN/123?store={store_code}	BLACK	5 miles	F-350sd	1FTRF3BN0VEC09541	2027	47962 USD	04229513139877848249	47962 USD	MI	no	F-350sd	No	Over 20k
1FTRF3BN0VEC09832	2027 Ford F-350SD XL	Ford	https://www.andersonandkochford.com/vehicle/1FTRF3BN0VEC09832/2027-Ford-F--350SD-North_Branch-MN/	47962 USD	2027 Black Metallic Ford F-350sd Xl 4WD 7.3L V8 PFI CNG OHV 16V Federal 430hp For sale at Anderson & Koch Ford in North Branch Minnesota.	https://media-cdn-tango.jazelc.com/media/322548487	in stock	NEW	TRUCK	Vehicles & Parts > Vehicles > Motor Vehicles > Cars, Trucks & Vans	1FTRF3BN0VEC09832	https://www.andersonandkochford.com/vehicle/1FTRF3BN0VEC09832/2027-Ford-F--350SD-North_Branch-MN/123?store={store_code}	BLACK	11 miles	F-350sd	1FTRF3BN0VEC09832	2027	47962 USD	04229513139877848249	47962 USD	MI	no	F-350sd	No	Over 20k
1FTRF3BN2VEC10822	2027 Ford F-350SD XL	Ford	https://www.andersonandkochford.com/vehicle/1FTRF3BN2VEC10822/2027-Ford-F--350SD-North_Branch-MN/	47962 USD	2027 Black Metallic Ford F-350sd Xl 4WD 7.3L V8 PFI CNG OHV 16V Federal 430hp For sale at Anderson & Koch Ford in North Branch Minnesota.	https://media-cdn-tango.jazelc.com/media/322548487	in stock	NEW	TRUCK	Vehicles & Parts > Vehicles > Motor Vehicles > Cars, Trucks & Vans	1FTRF3BN2VEC10822	https://www.andersonandkochford.com/vehicle/1FTRF3BN2VEC10822/2027-Ford-F--350SD-North_Branch-MN/123?store={store_code}	BLACK	4 miles	F-350sd	1FTRF3BN2VEC10822	2027	47962 USD	04229513139877848249	47962 USD	MI	no	F-350sd	No	Over 20k
1GCVKREC8HZ204611	2017 Chevrolet Silverado 1500 LT	Chevrolet	https://www.andersonandkochford.com/vehicle/1GCVKREC8HZ204611/Used-2017-Chevrolet-Silverado_1500-North_Branch-MN/	15345 USD	2017 Siren Red Tintcoat Chevrolet Silverado 1500 Lt 4WD EcoTec3 5.3L V8 For sale at Anderson & Koch Ford in North Branch Minnesota.	https://media-cdn-tango.jazelc.com/media/321264763	in stock	USED	TRUCK	Vehicles & Parts > Vehicles > Motor Vehicles > Cars, Trucks & Vans	1GCVKREC8HZ204611	https://www.andersonandkochford.com/vehicle/1GCVKREC8HZ204611/Used-2017-Chevrolet-Silverado_1500-North_Branch-MN/123?store={store_code}	RED	146535 miles	Silverado 1500	1GCVKREC8HZ204611	2017	15345 USD	04229513139877848249	15345 USD	MI	no	Silverado 1500	No	Under 20k
1N4BL4CV7PN300717	2023 Nissan Altima 2.5 SR	Nissan	https://www.andersonandkochford.com/vehicle/1N4BL4CV7PN300717/Used-2023-Nissan-Altima-North_Branch-MN/	24345 USD	2023 Pearl White Tricoat Nissan Altima 2.5 Sr FWD 2.5L 4-Cylinder DOHC 16V For sale at Anderson & Koch Ford in North Branch Minnesota.	https://media-cdn-tango.jazelc.com/media/324254413	in stock	USED	OTHER	Vehicles & Parts > Vehicles > Motor Vehicles > Cars, Trucks & Vans	1N4BL4CV7PN300717	https://www.andersonandkochford.com/vehicle/1N4BL4CV7PN300717/Used-2023-Nissan-Altima-North_Branch-MN/123?store={store_code}	WHITE	18770 miles	Altima	1N4BL4CV7PN300717	2023	24345 USD	04229513139877848249	24345 USD	MI	no	Altima	No	Over 20k
2FMDK3JC6DBC78391	2013 Ford Edge SEL	Ford	https://www.andersonandkochford.com/vehicle/2FMDK3JC6DBC78391/Used-2013-Ford-Edge-North_Branch-MN/	11345 USD	2013 Mineral Gray Metallic Ford Edge Sel FWD 3.5L V6 Ti-VCT For sale at Anderson & Koch Ford in North Branch Minnesota.	https://media-cdn-tango.jazelc.com/media/322504486	in stock	USED	SUV	Vehicles & Parts > Vehicles > Motor Vehicles > Cars, Trucks & Vans	2FMDK3JC6DBC78391	https://www.andersonandkochford.com/vehicle/2FMDK3JC6DBC78391/Used-2013-Ford-Edge-North_Branch-MN/123?store={store_code}	GRAY	64398 miles	Edge	2FMDK3JC6DBC78391	2013	11345 USD	04229513139877848249	11345 USD	MI	no	Edge	No	Under 20k
2FMPK4J82GBC55578	2016 Ford Edge SEL	Ford	https://www.andersonandkochford.com/vehicle/2FMPK4J82GBC55578/Used-2016-Ford-Edge-North_Branch-MN/	11345 USD	2016 Shadow Black Ford Edge Sel AWD 3.5L V6 Ti-VCT For sale at Anderson & Koch Ford in North Branch Minnesota.	https://media-cdn-tango.jazelc.com/media/323944885	in stock	USED	SUV	Vehicles & Parts > Vehicles > Motor Vehicles > Cars, Trucks & Vans	2FMPK4J82GBC55578	https://www.andersonandkochford.com/vehicle/2FMPK4J82GBC55578/Used-2016-Ford-Edge-North_Branch-MN/123?store={store_code}	BLACK	130966 miles	Edge	2FMPK4J82GBC55578	2016	11345 USD	04229513139877848249	11345 USD	MI	no	Edge	No	Under 20k
2FMPK4J92RBA85668	2024 Ford Edge SEL	Ford	https://www.andersonandkochford.com/vehicle/2FMPK4J92RBA85668/Used-2024-Ford-Edge-North_Branch-MN/	20645 USD	2024 Silver Metallic Ford Edge Sel AWD EcoBoost 2.0L I4 GTDi DOHC Turbocharged VCT For sale at Anderson & Koch Ford in North Branch Minnesota.	https://media-cdn-tango.jazelc.com/media/322503422	in stock	USED	SUV	Vehicles & Parts > Vehicles > Motor Vehicles > Cars, Trucks & Vans	2FMPK4J92RBA85668	https://www.andersonandkochford.com/vehicle/2FMPK4J92RBA85668/Used-2024-Ford-Edge-North_Branch-MN/123?store={store_code}	SILVER	64552 miles	Edge	2FMPK4J92RBA85668	2024	20645 USD	04229513139877848249	20645 USD	MI	no	Edge	No	Over 20k
2FMPK4J96RBA37641	2024 Ford Edge SEL	Ford	https://www.andersonandkochford.com/vehicle/2FMPK4J96RBA37641/Used-2024-Ford-Edge-North_Branch-MN/	21345 USD	2024 Black Metallic Ford Edge Sel AWD EcoBoost 2.0L I4 GTDi DOHC Turbocharged VCT For sale at Anderson & Koch Ford in North Branch Minnesota.	https://media-cdn-tango.jazelc.com/media/320515276	in stock	USED	SUV	Vehicles & Parts > Vehicles > Motor Vehicles > Cars, Trucks & Vans	2FMPK4J96RBA37641	https://www.andersonandkochford.com/vehicle/2FMPK4J96RBA37641/Used-2024-Ford-Edge-North_Branch-MN/123?store={store_code}	BLACK	58116 miles	Edge	2FMPK4J96RBA37641	2024	21345 USD	04229513139877848249	21345 USD	MI	no	Edge	No	Over 20k
2FMPK4J9XRBA80699	2024 Ford Edge SEL	Ford	https://www.andersonandkochford.com/vehicle/2FMPK4J9XRBA80699/Used-2024-Ford-Edge-North_Branch-MN/	20645 USD	2024 Agate Black Metallic Ford Edge Sel AWD EcoBoost 2.0L I4 GTDi DOHC Turbocharged VCT For sale at Anderson & Koch Ford in North Branch Minnesota.	https://media-cdn-tango.jazelc.com/media/320515086	in stock	USED	SUV	Vehicles & Parts > Vehicles > Motor Vehicles > Cars, Trucks & Vans	2FMPK4J9XRBA80699	https://www.andersonandkochford.com/vehicle/2FMPK4J9XRBA80699/Used-2024-Ford-Edge-North_Branch-MN/123?store={store_code}	BLACK	62744 miles	Edge	2FMPK4J9XRBA80699	2024	20645 USD	04229513139877848249	20645 USD	MI	no	Edge	No	Over 20k
2GNFLGE37D6182278	2013 Chevrolet Equinox LTZ	Chevrolet	https://www.andersonandkochford.com/vehicle/2GNFLGE37D6182278/Used-2013-Chevrolet-Equinox-North_Branch-MN/	10345 USD	2013 Black Granite Metallic Chevrolet Equinox Ltz AWD 3.6L V6 SIDI For sale at Anderson & Koch Ford in North Branch Minnesota.	https://media-cdn-tango.jazelc.com/media/324254272	in stock	USED	SUV	Vehicles & Parts > Vehicles > Motor Vehicles > Cars, Trucks & Vans	2GNFLGE37D6182278	https://www.andersonandkochford.com/vehicle/2GNFLGE37D6182278/Used-2013-Chevrolet-Equinox-North_Branch-MN/123?store={store_code}	BLACK	95917 miles	Equinox	2GNFLGE37D6182278	2013	10345 USD	04229513139877848249	10345 USD	MI	no	Equinox	No	Under 20k
3C4NJDBB5JT180718	2018 Jeep Compass Latitude	Jeep	https://www.andersonandkochford.com/vehicle/3C4NJDBB5JT180718/Used-2018-Jeep-Compass-North_Branch-MN/	10345 USD	2018 Granite Crystal Metallic Clearcoat Jeep Compass Latitude 4WD 2.4L I4 For sale at Anderson & Koch Ford in North Branch Minnesota.	https://media-cdn-tango.jazelc.com/media/316738139	in stock	USED	SUV	Vehicles & Parts > Vehicles > Motor Vehicles > Cars, Trucks & Vans	3C4NJDBB5JT180718	https://www.andersonandkochford.com/vehicle/3C4NJDBB5JT180718/Used-2018-Jeep-Compass-North_Branch-MN/123?store={store_code}	GRAY	122533 miles	Compass	3C4NJDBB5JT180718	2018	10345 USD	04229513139877848249	10345 USD	MI	no	Compass	No	Under 20k
3C6UR5CJ8JG377558	2018 RAM 2500 Tradesman	RAM	https://www.andersonandkochford.com/vehicle/3C6UR5CJ8JG377558/Used-2018-RAM-2500-North_Branch-MN/	21845 USD	2018 Bright White Clearcoat RAM 2500 Tradesman 4WD 6.4L Heavy Duty V8 HEMI w/MDS For sale at Anderson & Koch Ford in North Branch Minnesota.	https://media-cdn-tango.jazelc.com/media/321308974	in stock	USED	TRUCK	Vehicles & Parts > Vehicles > Motor Vehicles > Cars, Trucks & Vans	3C6UR5CJ8JG377558	https://www.andersonandkochford.com/vehicle/3C6UR5CJ8JG377558/Used-2018-RAM-2500-North_Branch-MN/123?store={store_code}	WHITE	116286 miles	2500	3C6UR5CJ8JG377558	2018	21845 USD	04229513139877848249	21845 USD	MI	no	2500	No	Over 20k
3FMCR9BN0TRE98474	2026 Ford Bronco Sport BIG Bend	Ford	https://www.andersonandkochford.com/vehicle/3FMCR9BN0TRE98474/2026-Ford-Bronco_Sport-North_Branch-MN/	32088 USD	2026 Shadow Black Ford Bronco Sport Big Bend 4WD 1.5L EcoBoost For sale at Anderson & Koch Ford in North Branch Minnesota.	https://media-cdn-tango.jazelc.com/media/318920040	in stock	NEW	SUV	Vehicles & Parts > Vehicles > Motor Vehicles > Cars, Trucks & Vans	3FMCR9BN0TRE98474	https://www.andersonandkochford.com/vehicle/3FMCR9BN0TRE98474/2026-Ford-Bronco_Sport-North_Branch-MN/123?store={store_code}	BLACK	10 miles	Bronco Sport	3FMCR9BN0TRE98474	2026	32088 USD	04229513139877848249	32088 USD	MI	no	Bronco Sport	No	Over 20k
3FMCR9BN0TRF27648	2026 Ford Bronco Sport BIG Bend	Ford	https://www.andersonandkochford.com/vehicle/3FMCR9BN0TRF27648/2026-Ford-Bronco_Sport-North_Branch-MN/	33041 USD	2026 Oxford White Ford Bronco Sport Big Bend 4WD 1.5L EcoBoost For sale at Anderson & Koch Ford in North Branch Minnesota.	https://media-cdn-tango.jazelc.com/media/321265286	in stock	NEW	SUV	Vehicles & Parts > Vehicles > Motor Vehicles > Cars, Trucks & Vans	3FMCR9BN0TRF27648	https://www.andersonandkochford.com/vehicle/3FMCR9BN0TRF27648/2026-Ford-Bronco_Sport-North_Branch-MN/123?store={store_code}	WHITE	0 miles	Bronco Sport	3FMCR9BN0TRF27648	2026	33041 USD	04229513139877848249	33041 USD	MI	no	Bronco Sport	No	Over 20k
3FMCR9BN3VRE13713	2027 Ford Bronco Sport BIG Bend	Ford	https://www.andersonandkochford.com/vehicle/3FMCR9BN3VRE13713/2027-Ford-Bronco_Sport-North_Branch-MN/	36923 USD	2027 Glacier Gray Metallic TriCoat Ford Bronco Sport Big Bend 4WD 1.5L EcoBoost For sale at Anderson & Koch Ford in North Branch Minnesota.	https://media-cdn-tango.jazelc.com/media/324009446	in stock	NEW	SUV	Vehicles & Parts > Vehicles > Motor Vehicles > Cars, Trucks & Vans	3FMCR9BN3VRE13713	https://www.andersonandkochford.com/vehicle/3FMCR9BN3VRE13713/2027-Ford-Bronco_Sport-North_Branch-MN/123?store={store_code}	WHITE	0 miles	Bronco Sport	3FMCR9BN3VRE13713	2027	36923 USD	04229513139877848249	36923 USD	MI	no	Bronco Sport	No	Over 20k
3FMCR9BN4TRF48888	2026 Ford Bronco Sport BIG Bend	Ford	https://www.andersonandkochford.com/vehicle/3FMCR9BN4TRF48888/2026-Ford-Bronco_Sport-North_Branch-MN/	34038 USD	2026 Carbonized Gray Metallic Ford Bronco Sport Big Bend 4WD 1.5L EcoBoost For sale at Anderson & Koch Ford in North Branch Minnesota.	https://media-cdn-tango.jazelc.com/media/324226497	in stock	NEW	SUV	Vehicles & Parts > Vehicles > Motor Vehicles > Cars, Trucks & Vans	3FMCR9BN4TRF48888	https://www.andersonandkochford.com/vehicle/3FMCR9BN4TRF48888/2026-Ford-Bronco_Sport-North_Branch-MN/123?store={store_code}	GRAY	0 miles	Bronco Sport	3FMCR9BN4TRF48888	2026	34038 USD	04229513139877848249	34038 USD	MI	no	Bronco Sport	No	Over 20k
3FMCR9BN4VRE07497	2027 Ford Bronco Sport BIG Bend	Ford	https://www.andersonandkochford.com/vehicle/3FMCR9BN4VRE07497/2027-Ford-Bronco_Sport-North_Branch-MN/	33734 USD	2027 Oxford White Ford Bronco Sport Big Bend 4WD 1.5L EcoBoost For sale at Anderson & Koch Ford in North Branch Minnesota.	https://media-cdn-tango.jazelc.com/media/324009097	in stock	NEW	SUV	Vehicles & Parts > Vehicles > Motor Vehicles > Cars, Trucks & Vans	3FMCR9BN4VRE07497	https://www.andersonandkochford.com/vehicle/3FMCR9BN4VRE07497/2027-Ford-Bronco_Sport-North_Branch-MN/123?store={store_code}	WHITE	0 miles	Bronco Sport	3FMCR9BN4VRE07497	2027	33734 USD	04229513139877848249	33734 USD	MI	no	Bronco Sport	No	Over 20k
3FMCR9BN5TRF36071	2026 Ford Bronco Sport BIG Bend	Ford	https://www.andersonandkochford.com/vehicle/3FMCR9BN5TRF36071/2026-Ford-Bronco_Sport-North_Branch-MN/	38670 USD	2026 Azure Gray Metallic Tri-Coat Ford Bronco Sport Big Bend 4WD 3 Cylinder For sale at Anderson & Koch Ford in North Branch Minnesota.	https://media-cdn-tango.jazelc.com/media/324308660	in stock	NEW	SUV	Vehicles & Parts > Vehicles > Motor Vehicles > Cars, Trucks & Vans	3FMCR9BN5TRF36071	https://www.andersonandkochford.com/vehicle/3FMCR9BN5TRF36071/2026-Ford-Bronco_Sport-North_Branch-MN/123?store={store_code}	GRAY	0 miles	Bronco Sport	3FMCR9BN5TRF36071	2026	38670 USD	04229513139877848249	38670 USD	MI	no	Bronco Sport	No	Over 20k
3FMCR9BN5TRF50746	2026 Ford Bronco Sport BIG Bend	Ford	https://www.andersonandkochford.com/vehicle/3FMCR9BN5TRF50746/2026-Ford-Bronco_Sport-North_Branch-MN/	33953 USD	2026 Shadow Black Ford Bronco Sport Big Bend 4WD 1.5L EcoBoost For sale at Anderson & Koch Ford in North Branch Minnesota.	https://media-cdn-tango.jazelc.com/media/324226494	in stock	NEW	SUV	Vehicles & Parts > Vehicles > Motor Vehicles > Cars, Trucks & Vans	3FMCR9BN5TRF50746	https://www.andersonandkochford.com/vehicle/3FMCR9BN5TRF50746/2026-Ford-Bronco_Sport-North_Branch-MN/123?store={store_code}	BLACK	0 miles	Bronco Sport	3FMCR9BN5TRF50746	2026	33953 USD	04229513139877848249	33953 USD	MI	no	Bronco Sport	No	Over 20k
3FMCR9BN5TRF53226	2026 Ford Bronco Sport BIG Bend	Ford	https://www.andersonandkochford.com/vehicle/3FMCR9BN5TRF53226/2026-Ford-Bronco_Sport-North_Branch-MN/	33568 USD	2026 Space White Metallic Ford Bronco Sport Big Bend 4WD 1.5L EcoBoost For sale at Anderson & Koch Ford in North Branch Minnesota.	https://media-cdn-tango.jazelc.com/media/324226491	in stock	NEW	SUV	Vehicles & Parts > Vehicles > Motor Vehicles > Cars, Trucks & Vans	3FMCR9BN5TRF53226	https://www.andersonandkochford.com/vehicle/3FMCR9BN5TRF53226/2026-Ford-Bronco_Sport-North_Branch-MN/123?store={store_code}	WHITE	0 miles	Bronco Sport	3FMCR9BN5TRF53226	2026	33568 USD	04229513139877848249	33568 USD	MI	no	Bronco Sport	No	Over 20k
3FMCR9CN3TRF47892	2026 Ford Bronco Sport Outer Banks	Ford	https://www.andersonandkochford.com/vehicle/3FMCR9CN3TRF47892/2026-Ford-Bronco_Sport-North_Branch-MN/	38215 USD	2026 Azure Gray Metallic Tri-Coat Ford Bronco Sport Outer Banks 4WD 1.5L EcoBoost For sale at Anderson & Koch Ford in North Branch Minnesota.	https://media-cdn-tango.jazelc.com/media/323700134	in stock	NEW	SUV	Vehicles & Parts > Vehicles > Motor Vehicles > Cars, Trucks & Vans	3FMCR9CN3TRF47892	https://www.andersonandkochford.com/vehicle/3FMCR9CN3TRF47892/2026-Ford-Bronco_Sport-North_Branch-MN/123?store={store_code}	GRAY	0 miles	Bronco Sport	3FMCR9CN3TRF47892	2026	38215 USD	04229513139877848249	38215 USD	MI	no	Bronco Sport	No	Over 20k
3FMCR9CN3TRF48993	2026 Ford Bronco Sport Outer Banks	Ford	https://www.andersonandkochford.com/vehicle/3FMCR9CN3TRF48993/2026-Ford-Bronco_Sport-North_Branch-MN/	36809 USD	2026 Space White Metallic Ford Bronco Sport Outer Banks 4WD 1.5L EcoBoost For sale at Anderson & Koch Ford in North Branch Minnesota.	https://media-cdn-tango.jazelc.com/media/323700395	in stock	NEW	SUV	Vehicles & Parts > Vehicles > Motor Vehicles > Cars, Trucks & Vans	3FMCR9CN3TRF48993	https://www.andersonandkochford.com/vehicle/3FMCR9CN3TRF48993/2026-Ford-Bronco_Sport-North_Branch-MN/123?store={store_code}	WHITE	0 miles	Bronco Sport	3FMCR9CN3TRF48993	2026	36809 USD	04229513139877848249	36809 USD	MI	no	Bronco Sport	No	Over 20k
3FMCR9CN5TRF34934	2026 Ford Bronco Sport Outer Banks	Ford	https://www.andersonandkochford.com/vehicle/3FMCR9CN5TRF34934/2026-Ford-Bronco_Sport-North_Branch-MN/	41175 USD	2026 Velocity Blue Metallic Ford Bronco Sport Outer Banks 4WD 3 Cylinder For sale at Anderson & Koch Ford in North Branch Minnesota.	https://media-cdn-tango.jazelc.com/media/324308999	in stock	NEW	SUV	Vehicles & Parts > Vehicles > Motor Vehicles > Cars, Trucks & Vans	3FMCR9CN5TRF34934	https://www.andersonandkochford.com/vehicle/3FMCR9CN5TRF34934/2026-Ford-Bronco_Sport-North_Branch-MN/123?store={store_code}	BLUE	0 miles	Bronco Sport	3FMCR9CN5TRF34934	2026	41175 USD	04229513139877848249	41175 USD	MI	no	Bronco Sport	No	Over 20k
3FMCR9CN6TRF05748	2026 Ford Bronco Sport Outer Banks	Ford	https://www.andersonandkochford.com/vehicle/3FMCR9CN6TRF05748/2026-Ford-Bronco_Sport-North_Branch-MN/	36634 USD	2026 Ruby Red Metallic Tinted Clearcoat Ford Bronco Sport Outer Banks 4WD 1.5L EcoBoost For sale at Anderson & Koch Ford in North Branch Minnesota.	https://media-cdn-tango.jazelc.com/media/320731926	in stock	NEW	SUV	Vehicles & Parts > Vehicles > Motor Vehicles > Cars, Trucks & Vans	3FMCR9CN6TRF05748	https://www.andersonandkochford.com/vehicle/3FMCR9CN6TRF05748/2026-Ford-Bronco_Sport-North_Branch-MN/123?store={store_code}	RED	10 miles	Bronco Sport	3FMCR9CN6TRF05748	2026	36634 USD	04229513139877848249	36634 USD	MI	no	Bronco Sport	No	Over 20k
3FMCR9CN9TRF26383	2026 Ford Bronco Sport Outer Banks	Ford	https://www.andersonandkochford.com/vehicle/3FMCR9CN9TRF26383/2026-Ford-Bronco_Sport-North_Branch-MN/	37278 USD	2026 Space White Metallic Ford Bronco Sport Outer Banks 4WD 1.5L EcoBoost For sale at Anderson & Koch Ford in North Branch Minnesota.	https://media-cdn-tango.jazelc.com/media/323473036	in stock	NEW	SUV	Vehicles & Parts > Vehicles > Motor Vehicles > Cars, Trucks & Vans	3FMCR9CN9TRF26383	https://www.andersonandkochford.com/vehicle/3FMCR9CN9TRF26383/2026-Ford-Bronco_Sport-North_Branch-MN/123?store={store_code}	WHITE	0 miles	Bronco Sport	3FMCR9CN9TRF26383	2026	37278 USD	04229513139877848249	37278 USD	MI	no	Bronco Sport	No	Over 20k
3FMCR9CN9TRF35097	2026 Ford Bronco Sport Outer Banks	Ford	https://www.andersonandkochford.com/vehicle/3FMCR9CN9TRF35097/2026-Ford-Bronco_Sport-North_Branch-MN/	36813 USD	2026 Oxford White Ford Bronco Sport Outer Banks 4WD 1.5L EcoBoost For sale at Anderson & Koch Ford in North Branch Minnesota.	https://media-cdn-tango.jazelc.com/media/324122451	in stock	NEW	SUV	Vehicles & Parts > Vehicles > Motor Vehicles > Cars, Trucks & Vans	3FMCR9CN9TRF35097	https://www.andersonandkochford.com/vehicle/3FMCR9CN9TRF35097/2026-Ford-Bronco_Sport-North_Branch-MN/123?store={store_code}	WHITE	0 miles	Bronco Sport	3FMCR9CN9TRF35097	2026	36813 USD	04229513139877848249	36813 USD	MI	no	Bronco Sport	No	Over 20k
3FMCR9CNXVRE08121	2027 Ford Bronco Sport Outer Banks	Ford	https://www.andersonandkochford.com/vehicle/3FMCR9CNXVRE08121/2027-Ford-Bronco_Sport-North_Branch-MN/	39301 USD	2027 Neptune Blue Metallic Ford Bronco Sport Outer Banks 4WD 1.5L EcoBoost For sale at Anderson & Koch Ford in North Branch Minnesota.	https://media-cdn-tango.jazelc.com/media/324009187	in stock	NEW	SUV	Vehicles & Parts > Vehicles > Motor Vehicles > Cars, Trucks & Vans	3FMCR9CNXVRE08121	https://www.andersonandkochford.com/vehicle/3FMCR9CNXVRE08121/2027-Ford-Bronco_Sport-North_Branch-MN/123?store={store_code}	BLUE	0 miles	Bronco Sport	3FMCR9CNXVRE08121	2027	39301 USD	04229513139877848249	39301 USD	MI	no	Bronco Sport	No	Over 20k
3FMCR9DA2TRF45370	2026 Ford Bronco Sport Badlands	Ford	https://www.andersonandkochford.com/vehicle/3FMCR9DA2TRF45370/2026-Ford-Bronco_Sport-North_Branch-MN/	41372 USD	2026 Carbonized Gray Metallic Ford Bronco Sport Badlands 4WD EcoBoost 2.0L I4 GTDi DOHC Turbocharged VCT For sale at Anderson & Koch Ford in North Branch Minnesota.	https://media-cdn-tango.jazelc.com/media/324077230	in stock	NEW	SUV	Vehicles & Parts > Vehicles > Motor Vehicles > Cars, Trucks & Vans	3FMCR9DA2TRF45370	https://www.andersonandkochford.com/vehicle/3FMCR9DA2TRF45370/2026-Ford-Bronco_Sport-North_Branch-MN/123?store={store_code}	GRAY	0 miles	Bronco Sport	3FMCR9DA2TRF45370	2026	41372 USD	04229513139877848249	41372 USD	MI	no	Bronco Sport	No	Over 20k
3FMCR9DA4TRF37643	2026 Ford Bronco Sport Badlands	Ford	https://www.andersonandkochford.com/vehicle/3FMCR9DA4TRF37643/2026-Ford-Bronco_Sport-North_Branch-MN/	38465 USD	2026 Ruby Red Metallic Tinted Clearcoat Ford Bronco Sport Badlands 4WD EcoBoost 2.0L I4 GTDi DOHC Turbocharged VCT For sale at Anderson & Koch Ford in North Branch Minnesota.	https://media-cdn-tango.jazelc.com/media/321537253	in stock	NEW	SUV	Vehicles & Parts > Vehicles > Motor Vehicles > Cars, Trucks & Vans	3FMCR9DA4TRF37643	https://www.andersonandkochford.com/vehicle/3FMCR9DA4TRF37643/2026-Ford-Bronco_Sport-North_Branch-MN/123?store={store_code}	RED	0 miles	Bronco Sport	3FMCR9DA4TRF37643	2026	38465 USD	04229513139877848249	38465 USD	MI	no	Bronco Sport	No	Over 20k
3FMCR9DA5TRF38798	2026 Ford Bronco Sport Badlands	Ford	https://www.andersonandkochford.com/vehicle/3FMCR9DA5TRF38798/2026-Ford-Bronco_Sport-North_Branch-MN/	38936 USD	2026 Gray Metallic Ford Bronco Sport Badlands 4WD EcoBoost 2.0L I4 GTDi DOHC Turbocharged VCT For sale at Anderson & Koch Ford in North Branch Minnesota.	https://media-cdn-tango.jazelc.com/media/321264697	in stock	NEW	SUV	Vehicles & Parts > Vehicles > Motor Vehicles > Cars, Trucks & Vans	3FMCR9DA5TRF38798	https://www.andersonandkochford.com/vehicle/3FMCR9DA5TRF38798/2026-Ford-Bronco_Sport-North_Branch-MN/123?store={store_code}	GRAY	5 miles	Bronco Sport	3FMCR9DA5TRF38798	2026	38936 USD	04229513139877848249	38936 USD	MI	no	Bronco Sport	No	Over 20k
3FMCR9DA7TRF38124	2026 Ford Bronco Sport Badlands	Ford	https://www.andersonandkochford.com/vehicle/3FMCR9DA7TRF38124/2026-Ford-Bronco_Sport-North_Branch-MN/	41189 USD	2026 Oxford White Ford Bronco Sport Badlands 4WD EcoBoost 2.0L I4 GTDi DOHC Turbocharged VCT For sale at Anderson & Koch Ford in North Branch Minnesota.	https://media-cdn-tango.jazelc.com/media/324342997	in stock	NEW	SUV	Vehicles & Parts > Vehicles > Motor Vehicles > Cars, Trucks & Vans	3FMCR9DA7TRF38124	https://www.andersonandkochford.com/vehicle/3FMCR9DA7TRF38124/2026-Ford-Bronco_Sport-North_Branch-MN/123?store={store_code}	WHITE	0 miles	Bronco Sport	3FMCR9DA7TRF38124	2026	41189 USD	04229513139877848249	41189 USD	MI	no	Bronco Sport	No	Over 20k
3FMCR9DA7TRF38298	2026 Ford Bronco Sport Badlands	Ford	https://www.andersonandkochford.com/vehicle/3FMCR9DA7TRF38298/2026-Ford-Bronco_Sport-North_Branch-MN/	39401 USD	2026 Space White Metallic Ford Bronco Sport Badlands 4WD EcoBoost 2.0L I4 GTDi DOHC Turbocharged VCT For sale at Anderson & Koch Ford in North Branch Minnesota.	https://media-cdn-tango.jazelc.com/media/322180451	in stock	NEW	SUV	Vehicles & Parts > Vehicles > Motor Vehicles > Cars, Trucks & Vans	3FMCR9DA7TRF38298	https://www.andersonandkochford.com/vehicle/3FMCR9DA7TRF38298/2026-Ford-Bronco_Sport-North_Branch-MN/123?store={store_code}	WHITE	5 miles	Bronco Sport	3FMCR9DA7TRF38298	2026	39401 USD	04229513139877848249	39401 USD	MI	no	Bronco Sport	No	Over 20k
3FMCR9DA8TRF20215	2026 Ford Bronco Sport Badlands	Ford	https://www.andersonandkochford.com/vehicle/3FMCR9DA8TRF20215/2026-Ford-Bronco_Sport-North_Branch-MN/	38486 USD	2026 Shadow Black Ford Bronco Sport Badlands 4WD EcoBoost 2.0L I4 GTDi DOHC Turbocharged VCT For sale at Anderson & Koch Ford in North Branch Minnesota.	https://media-cdn-tango.jazelc.com/media/321618183	in stock	NEW	SUV	Vehicles & Parts > Vehicles > Motor Vehicles > Cars, Trucks & Vans	3FMCR9DA8TRF20215	https://www.andersonandkochford.com/vehicle/3FMCR9DA8TRF20215/2026-Ford-Bronco_Sport-North_Branch-MN/123?store={store_code}	BLACK	6 miles	Bronco Sport	3FMCR9DA8TRF20215	2026	38486 USD	04229513139877848249	38486 USD	MI	no	Bronco Sport	No	Over 20k
3FTTW8J30TRB74027	2026 Ford Maverick XLT	Ford	https://www.andersonandkochford.com/vehicle/3FTTW8J30TRB74027/2026-Ford-Maverick-North_Branch-MN/	34966 USD	2026 Azure Gray Metallic Tri-Coat Ford Maverick Xlt AWD 2.5L I-4 Hybrid For sale at Anderson & Koch Ford in North Branch Minnesota.	https://media-cdn-tango.jazelc.com/media/292480901	in stock	NEW	TRUCK	Vehicles & Parts > Vehicles > Motor Vehicles > Cars, Trucks & Vans	3FTTW8J30TRB74027	https://www.andersonandkochford.com/vehicle/3FTTW8J30TRB74027/2026-Ford-Maverick-North_Branch-MN/123?store={store_code}	GRAY	0 miles	Maverick	3FTTW8J30TRB74027	2026	34966 USD	04229513139877848249	34966 USD	MI	no	Maverick	No	Over 20k
3FTTW8J31VRA08408	2027 Ford Maverick XLT	Ford	https://www.andersonandkochford.com/vehicle/3FTTW8J31VRA08408/2027-Ford-Maverick-North_Branch-MN/	39290 USD	2027 Gladwin Green Ford Maverick Xlt AWD 2.5L I-4 Hybrid For sale at Anderson & Koch Ford in North Branch Minnesota.	https://media-cdn-tango.jazelc.com/media/324008850	in stock	NEW	TRUCK	Vehicles & Parts > Vehicles > Motor Vehicles > Cars, Trucks & Vans	3FTTW8J31VRA08408	https://www.andersonandkochford.com/vehicle/3FTTW8J31VRA08408/2027-Ford-Maverick-North_Branch-MN/123?store={store_code}	GREEN	0 miles	Maverick	3FTTW8J31VRA08408	2027	39290 USD	04229513139877848249	39290 USD	MI	no	Maverick	No	Over 20k
3FTTW8J31VRA12698	2027 Ford Maverick XLT	Ford	https://www.andersonandkochford.com/vehicle/3FTTW8J31VRA12698/2027-Ford-Maverick-North_Branch-MN/	36512 USD	2027 Shadow Black Ford Maverick Xlt AWD 2.5L I-4 Hybrid For sale at Anderson & Koch Ford in North Branch Minnesota.	https://media-cdn-tango.jazelc.com/media/324008850	in stock	NEW	TRUCK	Vehicles & Parts > Vehicles > Motor Vehicles > Cars, Trucks & Vans	3FTTW8J31VRA12698	https://www.andersonandkochford.com/vehicle/3FTTW8J31VRA12698/2027-Ford-Maverick-North_Branch-MN/123?store={store_code}	BLACK	0 miles	Maverick	3FTTW8J31VRA12698	2027	36512 USD	04229513139877848249	36512 USD	MI	no	Maverick	No	Over 20k
3FTTW8J35TRB32856	2026 Ford Maverick XLT	Ford	https://www.andersonandkochford.com/vehicle/3FTTW8J35TRB32856/2026-Ford-Maverick-North_Branch-MN/	38102 USD	2026 Gray Metallic Ford Maverick Xlt AWD 2.5L I-4 Hybrid For sale at Anderson & Koch Ford in North Branch Minnesota.	https://media-cdn-tango.jazelc.com/media/319618732	in stock	NEW	TRUCK	Vehicles & Parts > Vehicles > Motor Vehicles > Cars, Trucks & Vans	3FTTW8J35TRB32856	https://www.andersonandkochford.com/vehicle/3FTTW8J35TRB32856/2026-Ford-Maverick-North_Branch-MN/123?store={store_code}	GRAY	10 miles	Maverick	3FTTW8J35TRB32856	2026	38102 USD	04229513139877848249	38102 USD	MI	no	Maverick	No	Over 20k
3FTTW8J35TRB48720	2026 Ford Maverick XLT	Ford	https://www.andersonandkochford.com/vehicle/3FTTW8J35TRB48720/2026-Ford-Maverick-North_Branch-MN/	37442 USD	2026 Blue Ford Maverick Xlt AWD 2.5L I-4 Hybrid For sale at Anderson & Koch Ford in North Branch Minnesota.	https://media-cdn-tango.jazelc.com/media/323378632	in stock	NEW	TRUCK	Vehicles & Parts > Vehicles > Motor Vehicles > Cars, Trucks & Vans	3FTTW8J35TRB48720	https://www.andersonandkochford.com/vehicle/3FTTW8J35TRB48720/2026-Ford-Maverick-North_Branch-MN/123?store={store_code}	BLUE	7 miles	Maverick	3FTTW8J35TRB48720	2026	37442 USD	04229513139877848249	37442 USD	MI	no	Maverick	No	Over 20k
3FTTW8J39VRA09211	2027 Ford Maverick XLT	Ford	https://www.andersonandkochford.com/vehicle/3FTTW8J39VRA09211/2027-Ford-Maverick-North_Branch-MN/	39896 USD	2027 Ruby Red Metallic Tinted Clearcoat Ford Maverick Xlt AWD 2.5L I-4 Hybrid For sale at Anderson & Koch Ford in North Branch Minnesota.	https://media-cdn-tango.jazelc.com/media/324008850	in stock	NEW	TRUCK	Vehicles & Parts > Vehicles > Motor Vehicles > Cars, Trucks & Vans	3FTTW8J39VRA09211	https://www.andersonandkochford.com/vehicle/3FTTW8J39VRA09211/2027-Ford-Maverick-North_Branch-MN/123?store={store_code}	RED	0 miles	Maverick	3FTTW8J39VRA09211	2027	39896 USD	04229513139877848249	39896 USD	MI	no	Maverick	No	Over 20k
3FTTW8J3XTRB15373	2026 Ford Maverick XLT	Ford	https://www.andersonandkochford.com/vehicle/3FTTW8J3XTRB15373/2026-Ford-Maverick-North_Branch-MN/	36686 USD	2026 Oxford White Ford Maverick Xlt AWD 2.5L I-4 Hybrid For sale at Anderson & Koch Ford in North Branch Minnesota.	https://media-cdn-tango.jazelc.com/media/318928151	in stock	NEW	TRUCK	Vehicles & Parts > Vehicles > Motor Vehicles > Cars, Trucks & Vans	3FTTW8J3XTRB15373	https://www.andersonandkochford.com/vehicle/3FTTW8J3XTRB15373/2026-Ford-Maverick-North_Branch-MN/123?store={store_code}	WHITE	8 miles	Maverick	3FTTW8J3XTRB15373	2026	36686 USD	04229513139877848249	36686 USD	MI	no	Maverick	No	Over 20k
3FTTW8NA6TRB29974	2026 Ford Maverick Tremor	Ford	https://www.andersonandkochford.com/vehicle/3FTTW8NA6TRB29974/2026-Ford-Maverick-North_Branch-MN/	41357 USD	2026 Shadow Black Ford Maverick Tremor AWD EcoBoost 2.0L I4 GTDi DOHC Turbocharged VCT For sale at Anderson & Koch Ford in North Branch Minnesota.	https://media-cdn-tango.jazelc.com/media/320731738	in stock	NEW	TRUCK	Vehicles & Parts > Vehicles > Motor Vehicles > Cars, Trucks & Vans	3FTTW8NA6TRB29974	https://www.andersonandkochford.com/vehicle/3FTTW8NA6TRB29974/2026-Ford-Maverick-North_Branch-MN/123?store={store_code}	BLACK	10 miles	Maverick	3FTTW8NA6TRB29974	2026	41357 USD	04229513139877848249	41357 USD	MI	no	Maverick	No	Over 20k
3FTTW8S30VRA10715	2027 Ford Maverick LARIAT	Ford	https://www.andersonandkochford.com/vehicle/3FTTW8S30VRA10715/2027-Ford-Maverick-North_Branch-MN/	44114 USD	2027 Ruby Red Metallic Tinted Clearcoat Ford Maverick Lariat AWD 2.5L I-4 Hybrid For sale at Anderson & Koch Ford in North Branch Minnesota.	https://media-cdn-tango.jazelc.com/media/324008850	in stock	NEW	TRUCK	Vehicles & Parts > Vehicles > Motor Vehicles > Cars, Trucks & Vans	3FTTW8S30VRA10715	https://www.andersonandkochford.com/vehicle/3FTTW8S30VRA10715/2027-Ford-Maverick-North_Branch-MN/123?store={store_code}	RED	0 miles	Maverick	3FTTW8S30VRA10715	2027	44114 USD	04229513139877848249	44114 USD	MI	no	Maverick	No	Over 20k
3FTTW8S30VRA12707	2027 Ford Maverick LARIAT	Ford	https://www.andersonandkochford.com/vehicle/3FTTW8S30VRA12707/2027-Ford-Maverick-North_Branch-MN/	41470 USD	2027 Neptune Blue Ford Maverick Lariat AWD 2.5L I-4 Hybrid For sale at Anderson & Koch Ford in North Branch Minnesota.	https://media-cdn-tango.jazelc.com/media/324008850	in stock	NEW	TRUCK	Vehicles & Parts > Vehicles > Motor Vehicles > Cars, Trucks & Vans	3FTTW8S30VRA12707	https://www.andersonandkochford.com/vehicle/3FTTW8S30VRA12707/2027-Ford-Maverick-North_Branch-MN/123?store={store_code}	BLUE	0 miles	Maverick	3FTTW8S30VRA12707	2027	41470 USD	04229513139877848249	41470 USD	MI	no	Maverick	No	Over 20k
3FTTW8S32TRB45787	2026 Ford Maverick LARIAT	Ford	https://www.andersonandkochford.com/vehicle/3FTTW8S32TRB45787/2026-Ford-Maverick-North_Branch-MN/	40870 USD	2026 Ruby Red Metallic Tinted Clearcoat Ford Maverick Lariat AWD 2.5L I-4 Hybrid For sale at Anderson & Koch Ford in North Branch Minnesota.	https://media-cdn-tango.jazelc.com/media/323378798	in stock	NEW	TRUCK	Vehicles & Parts > Vehicles > Motor Vehicles > Cars, Trucks & Vans	3FTTW8S32TRB45787	https://www.andersonandkochford.com/vehicle/3FTTW8S32TRB45787/2026-Ford-Maverick-North_Branch-MN/123?store={store_code}	RED	13 miles	Maverick	3FTTW8S32TRB45787	2026	40870 USD	04229513139877848249	40870 USD	MI	no	Maverick	No	Over 20k
3FTTW8S32TRB53226	2026 Ford Maverick LARIAT	Ford	https://www.andersonandkochford.com/vehicle/3FTTW8S32TRB53226/2026-Ford-Maverick-North_Branch-MN/	40656 USD	2026 Shadow Black Ford Maverick Lariat AWD 2.5L I-4 Hybrid For sale at Anderson & Koch Ford in North Branch Minnesota.	https://media-cdn-tango.jazelc.com/media/324189441	in stock	NEW	TRUCK	Vehicles & Parts > Vehicles > Motor Vehicles > Cars, Trucks & Vans	3FTTW8S32TRB53226	https://www.andersonandkochford.com/vehicle/3FTTW8S32TRB53226/2026-Ford-Maverick-North_Branch-MN/123?store={store_code}	BLACK	10 miles	Maverick	3FTTW8S32TRB53226	2026	40656 USD	04229513139877848249	40656 USD	MI	no	Maverick	No	Over 20k
3FTTW8S32TRB53405	2026 Ford Maverick LARIAT	Ford	https://www.andersonandkochford.com/vehicle/3FTTW8S32TRB53405/2026-Ford-Maverick-North_Branch-MN/	42188 USD	2026 Carbonized Gray Metallic Ford Maverick Lariat AWD 2.5L I-4 Hybrid For sale at Anderson & Koch Ford in North Branch Minnesota.	https://media-cdn-tango.jazelc.com/media/322035702	in stock	NEW	TRUCK	Vehicles & Parts > Vehicles > Motor Vehicles > Cars, Trucks & Vans	3FTTW8S32TRB53405	https://www.andersonandkochford.com/vehicle/3FTTW8S32TRB53405/2026-Ford-Maverick-North_Branch-MN/123?store={store_code}	GRAY	0 miles	Maverick	3FTTW8S32TRB53405	2026	42188 USD	04229513139877848249	42188 USD	MI	no	Maverick	No	Over 20k
3FTTW8S37TRB59281	2026 Ford Maverick LARIAT	Ford	https://www.andersonandkochford.com/vehicle/3FTTW8S37TRB59281/2026-Ford-Maverick-North_Branch-MN/	43574 USD	2026 Azure Gray Metallic Tri-Coat Ford Maverick Lariat AWD 2.5L I-4 Hybrid For sale at Anderson & Koch Ford in North Branch Minnesota.	https://media-cdn-tango.jazelc.com/media/296303572	in stock	NEW	TRUCK	Vehicles & Parts > Vehicles > Motor Vehicles > Cars, Trucks & Vans	3FTTW8S37TRB59281	https://www.andersonandkochford.com/vehicle/3FTTW8S37TRB59281/2026-Ford-Maverick-North_Branch-MN/123?store={store_code}	GRAY	0 miles	Maverick	3FTTW8S37TRB59281	2026	43574 USD	04229513139877848249	43574 USD	MI	no	Maverick	No	Over 20k
3FTTW8S37VRA08945	2027 Ford Maverick LARIAT	Ford	https://www.andersonandkochford.com/vehicle/3FTTW8S37VRA08945/2027-Ford-Maverick-North_Branch-MN/	41376 USD	2027 Glacier Gray Metallic Tri-Coat Ford Maverick Lariat AWD 2.5L I-4 Hybrid For sale at Anderson & Koch Ford in North Branch Minnesota.	https://media-cdn-tango.jazelc.com/media/324008850	in stock	NEW	TRUCK	Vehicles & Parts > Vehicles > Motor Vehicles > Cars, Trucks & Vans	3FTTW8S37VRA08945	https://www.andersonandkochford.com/vehicle/3FTTW8S37VRA08945/2027-Ford-Maverick-North_Branch-MN/123?store={store_code}	WHITE	0 miles	Maverick	3FTTW8S37VRA08945	2027	41376 USD	04229513139877848249	41376 USD	MI	no	Maverick	No	Over 20k
3FTTW8S38VRA07853	2027 Ford Maverick LARIAT	Ford	https://www.andersonandkochford.com/vehicle/3FTTW8S38VRA07853/2027-Ford-Maverick-North_Branch-MN/	41750 USD	2027 Velocity Blue Ford Maverick Lariat AWD 2.5L I-4 Hybrid For sale at Anderson & Koch Ford in North Branch Minnesota.	https://media-cdn-tango.jazelc.com/media/324008850	in stock	NEW	TRUCK	Vehicles & Parts > Vehicles > Motor Vehicles > Cars, Trucks & Vans	3FTTW8S38VRA07853	https://www.andersonandkochford.com/vehicle/3FTTW8S38VRA07853/2027-Ford-Maverick-North_Branch-MN/123?store={store_code}	BLUE	0 miles	Maverick	3FTTW8S38VRA07853	2027	41750 USD	04229513139877848249	41750 USD	MI	no	Maverick	No	Over 20k
3FTTW8S3XTRB79976	2026 Ford Maverick LARIAT	Ford	https://www.andersonandkochford.com/vehicle/3FTTW8S3XTRB79976/2026-Ford-Maverick-North_Branch-MN/	41582 USD	2026 Space White Metallic Ford Maverick Lariat AWD 2.5L I-4 Hybrid For sale at Anderson & Koch Ford in North Branch Minnesota.	https://media-cdn-tango.jazelc.com/media/296980153	in stock	NEW	TRUCK	Vehicles & Parts > Vehicles > Motor Vehicles > Cars, Trucks & Vans	3FTTW8S3XTRB79976	https://www.andersonandkochford.com/vehicle/3FTTW8S3XTRB79976/2026-Ford-Maverick-North_Branch-MN/123?store={store_code}	WHITE	0 miles	Maverick	3FTTW8S3XTRB79976	2026	41582 USD	04229513139877848249	41582 USD	MI	no	Maverick	No	Over 20k
3GNKBJRS4NS179101	2022 Chevrolet Blazer LT	Chevrolet	https://www.andersonandkochford.com/vehicle/3GNKBJRS4NS179101/Used-2022-Chevrolet-Blazer-North_Branch-MN/	25345 USD	2022 Blue Glow Metallic Chevrolet Blazer Lt AWD 3.6L V6 SIDI For sale at Anderson & Koch Ford in North Branch Minnesota.	https://media-cdn-tango.jazelc.com/media/323516979	in stock	USED	SUV	Vehicles & Parts > Vehicles > Motor Vehicles > Cars, Trucks & Vans	3GNKBJRS4NS179101	https://www.andersonandkochford.com/vehicle/3GNKBJRS4NS179101/Used-2022-Chevrolet-Blazer-North_Branch-MN/123?store={store_code}	BLUE	59254 miles	Blazer	3GNKBJRS4NS179101	2022	25345 USD	04229513139877848249	25345 USD	MI	no	Blazer	No	Over 20k
4S4BTAFCXS3181080	2025 Subaru Outback Premium	Subaru	https://www.andersonandkochford.com/vehicle/4S4BTAFCXS3181080/Used-2025-Subaru-Outback-North_Branch-MN/	24345 USD	2025 Magnetite Gray Metallic Subaru Outback Premium AWD 2.5L 4-Cylinder DOHC 16V For sale at Anderson & Koch Ford in North Branch Minnesota.	https://media-cdn-tango.jazelc.com/media/322504730	in stock	USED	SUV	Vehicles & Parts > Vehicles > Motor Vehicles > Cars, Trucks & Vans	4S4BTAFCXS3181080	https://www.andersonandkochford.com/vehicle/4S4BTAFCXS3181080/Used-2025-Subaru-Outback-North_Branch-MN/123?store={store_code}	GRAY	56969 miles	Outback	4S4BTAFCXS3181080	2025	24345 USD	04229513139877848249	24345 USD	MI	no	Outback	No	Over 20k
4T1BF1FK3CU041186	2012 Toyota Camry LE	Toyota	https://www.andersonandkochford.com/vehicle/4T1BF1FK3CU041186/Used-2012-Toyota-Camry-North_Branch-MN/	6345 USD	2012 Attitude Black Metallic Toyota Camry Le FWD 2.5L I4 SMPI DOHC For sale at Anderson & Koch Ford in North Branch Minnesota.	https://media-cdn-tango.jazelc.com/media/324254210	in stock	USED	OTHER	Vehicles & Parts > Vehicles > Motor Vehicles > Cars, Trucks & Vans	4T1BF1FK3CU041186	https://www.andersonandkochford.com/vehicle/4T1BF1FK3CU041186/Used-2012-Toyota-Camry-North_Branch-MN/123?store={store_code}	BLACK	249642 miles	Camry	4T1BF1FK3CU041186	2012	6345 USD	04229513139877848249	6345 USD	MI	no	Camry	No	Under 20k
5YFB4MDE9SP243471	2025 Toyota Corolla LE	Toyota	https://www.andersonandkochford.com/vehicle/5YFB4MDE9SP243471/Used-2025-Toyota-Corolla-North_Branch-MN/	21845 USD	2025 Midnight Black Metallic Toyota Corolla Le FWD 2.0L I4 DOHC 16V For sale at Anderson & Koch Ford in North Branch Minnesota.	https://media-cdn-tango.jazelc.com/media/322595085	in stock	USED	OTHER	Vehicles & Parts > Vehicles > Motor Vehicles > Cars, Trucks & Vans	5YFB4MDE9SP243471	https://www.andersonandkochford.com/vehicle/5YFB4MDE9SP243471/Used-2025-Toyota-Corolla-North_Branch-MN/123?store={store_code}	BLACK	46605 miles	Corolla	5YFB4MDE9SP243471	2025	21845 USD	04229513139877848249	21845 USD	MI	no	Corolla	No	Over 20k
