id	title	brand	link	vehicle MSRP	description	image_link	availability	condition	product_type	google_product_category	MPN	link_template	color	mileage	model	vin	year	price	store code	MSRP	mileage.unit	certified_pre_owned	custom_label_0	custom_label_1	custom_label_2
3GCUKSEJ9FG354788	2015 Chevrolet Silverado 1500 LTZ CREW CAB	Chevrolet	https://www.beelineautoandsport.com/Specialty-Vehicles-Chevrolet-SILVERADO-1500-LTZ-CREW-CAB-2015-Saint-Joseph-MN-d68dce75-d68b-42ae-b64c-b4c1015d0f6c	25341 USD	2015 TUNGSTEN METALLIC Chevrolet Silverado 1500 LTZ CREW CAB For sale at Bee Line Auto & Sport in Saint Joseph Minnesota.	https://cdpcdn.dx1app.com/products-private/prod/0572c8a0-f7ee-425a-856e-445420432c97/f3e02b2f-ee6a-421b-9637-b472014a74f4/00000000-0000-0000-0000-000000000000/c5f5db85-3f34-4ec2-b189-b4c1015d0e35/d68dce75-d68b-42ae-b64c-b4c1015d0f6c/6000000001.jpg	in stock	USED	TRUCK	Vehicles & Parts > Vehicles > Motor Vehicles > Cars, Trucks & Vans	3GCUKSEJ9FG354788	https://www.beelineautoandsport.com/Specialty-Vehicles-Chevrolet-SILVERADO-1500-LTZ-CREW-CAB-2015-Saint-Joseph-MN-d68dce75-d68b-42ae-b64c-b4c1015d0f6c/123?store={store_code}	NA	91878 miles	Silverado	3GCUKSEJ9FG354788	2015	25341 USD	Bee Line Auto	25341 USD	MI	no	Silverado	No	Over 20k
1N6ED1EK9RN661128	2024 Nissan Frontier PRO-4X	Nissan	https://www.beelineautoandsport.com/Specialty-Vehicles-Nissan-FRONTIER-PRO-4X-2024-Saint-Joseph-MN-5947f277-0860-42fa-a062-b4be0155f6e1	37041 USD	2024 BAJA STORM Nissan Frontier PRO-4X For sale at Bee Line Auto & Sport in Saint Joseph Minnesota.	https://cdpcdn.dx1app.com/products-private/prod/0572c8a0-f7ee-425a-856e-445420432c97/f3e02b2f-ee6a-421b-9637-b472014a74f4/00000000-0000-0000-0000-000000000000/141a5e97-238a-4f3f-894d-b4be0155f69d/5947f277-0860-42fa-a062-b4be0155f6e1/6000000001.jpg	in stock	USED	TRUCK	Vehicles & Parts > Vehicles > Motor Vehicles > Cars, Trucks & Vans	1N6ED1EK9RN661128	https://www.beelineautoandsport.com/Specialty-Vehicles-Nissan-FRONTIER-PRO-4X-2024-Saint-Joseph-MN-5947f277-0860-42fa-a062-b4be0155f6e1/123?store={store_code}	NA	12101 miles	Frontier	1N6ED1EK9RN661128	2024	37041 USD	Bee Line Auto	37041 USD	MI	no	Frontier	No	Over 20k
JTELU5JR3N5997514	2022 Toyota 4Runner TRD PRO	Toyota	https://www.beelineautoandsport.com/Specialty-Vehicles-Toyota-4RUNNER-TRD-PRO-2022-Saint-Joseph-MN-ae3cdbb3-c783-4de3-aae4-b4bc011c3478	54941 USD	2022 LIME RUSH Toyota 4Runner TRD PRO For sale at Bee Line Auto & Sport in Saint Joseph Minnesota.	https://cdpcdn.dx1app.com/products-private/prod/0572c8a0-f7ee-425a-856e-445420432c97/f3e02b2f-ee6a-421b-9637-b472014a74f4/00000000-0000-0000-0000-000000000000/729ac512-9e4e-426f-aca4-b4bc011c343e/ae3cdbb3-c783-4de3-aae4-b4bc011c3478/6000000001.jpg	in stock	USED	SUV	Vehicles & Parts > Vehicles > Motor Vehicles > Cars, Trucks & Vans	JTELU5JR3N5997514	https://www.beelineautoandsport.com/Specialty-Vehicles-Toyota-4RUNNER-TRD-PRO-2022-Saint-Joseph-MN-ae3cdbb3-c783-4de3-aae4-b4bc011c3478/123?store={store_code}	NA	12959 miles	4Runner	JTELU5JR3N5997514	2022	54941 USD	Bee Line Auto	54941 USD	MI	no	4Runner	No	Over 20k
7MUDAABG1TV180336	2026 Toyota Corolla Cross XLE AWD	Toyota	https://www.beelineautoandsport.com/Specialty-Vehicles-Toyota-COROLLA-CROSS-XLE-AWD-2026-Saint-Joseph-MN-f63c76be-5dfd-4b47-95e8-b4bc011fbba9	35341 USD	2026 CELESTITE Toyota Corolla Cross XLE AWD For sale at Bee Line Auto & Sport in Saint Joseph Minnesota.	https://cdpcdn.dx1app.com/products-private/prod/0572c8a0-f7ee-425a-856e-445420432c97/f3e02b2f-ee6a-421b-9637-b472014a74f4/00000000-0000-0000-0000-000000000000/e361a553-3861-4b3b-8c43-b4bc011fbb5b/f63c76be-5dfd-4b47-95e8-b4bc011fbba9/6000000005.jpg	in stock	USED	OTHER	Vehicles & Parts > Vehicles > Motor Vehicles > Cars, Trucks & Vans	7MUDAABG1TV180336	https://www.beelineautoandsport.com/Specialty-Vehicles-Toyota-COROLLA-CROSS-XLE-AWD-2026-Saint-Joseph-MN-f63c76be-5dfd-4b47-95e8-b4bc011fbba9/123?store={store_code}	NA	13057 miles	Corolla Cross	7MUDAABG1TV180336	2026	35341 USD	Bee Line Auto	35341 USD	MI	no	Corolla Cross	No	Over 20k
3TYLC5LN3TT055508	2026 Toyota Tacoma HYBRID TRD OFF-ROAD 5' BED	Toyota	https://www.beelineautoandsport.com/Specialty-Vehicles-Toyota-TACOMA-HYBRID-TRD-OFF-ROAD-5-BED-2026-Saint-Joseph-MN-1cff2bde-fdd7-4a0f-ae92-b4be01188715	52341 USD	2026 Toyota Tacoma HYBRID TRD OFF-ROAD 5' BED For sale at Bee Line Auto & Sport in Saint Joseph Minnesota.	https://cdpcdn.dx1app.com/products-private/prod/0572c8a0-f7ee-425a-856e-445420432c97/f3e02b2f-ee6a-421b-9637-b472014a74f4/00000000-0000-0000-0000-000000000000/7f36430c-72b9-4e87-a2f6-b4be011886d4/1cff2bde-fdd7-4a0f-ae92-b4be01188715/6000000001.jpg	in stock	USED	TRUCK	Vehicles & Parts > Vehicles > Motor Vehicles > Cars, Trucks & Vans	3TYLC5LN3TT055508	https://www.beelineautoandsport.com/Specialty-Vehicles-Toyota-TACOMA-HYBRID-TRD-OFF-ROAD-5-BED-2026-Saint-Joseph-MN-1cff2bde-fdd7-4a0f-ae92-b4be01188715/123?store={store_code}	NA	400 miles	Tacoma	3TYLC5LN3TT055508	2026	52341 USD	Bee Line Auto	52341 USD	MI	no	Tacoma	No	Over 20k
3TMLB5JN0TM228029	2026 Toyota Tacoma TRD OFF-ROAD	Toyota	https://www.beelineautoandsport.com/Specialty-Vehicles-Toyota-TACOMA-TRD-OFF-ROAD-2026-Saint-Joseph-MN-b43f6fe7-0c22-4f38-ab2c-b4be01174560	53341 USD	2026 MUDBATH Toyota Tacoma TRD OFF-ROAD For sale at Bee Line Auto & Sport in Saint Joseph Minnesota.	https://cdpcdn.dx1app.com/products-private/prod/0572c8a0-f7ee-425a-856e-445420432c97/f3e02b2f-ee6a-421b-9637-b472014a74f4/00000000-0000-0000-0000-000000000000/6829d336-c9ef-4d8d-869f-b4be0117452f/b43f6fe7-0c22-4f38-ab2c-b4be01174560/6000000001.png	in stock	USED	TRUCK	Vehicles & Parts > Vehicles > Motor Vehicles > Cars, Trucks & Vans	3TMLB5JN0TM228029	https://www.beelineautoandsport.com/Specialty-Vehicles-Toyota-TACOMA-TRD-OFF-ROAD-2026-Saint-Joseph-MN-b43f6fe7-0c22-4f38-ab2c-b4be01174560/123?store={store_code}	NA	2000 miles	Tacoma	3TMLB5JN0TM228029	2026	53341 USD	Bee Line Auto	53341 USD	MI	no	Tacoma	No	Over 20k
19UUB6F47MA006288	2021 Acura TLX TECHNOLOGY PACKAGE	Acura	https://www.beelineautoandsport.com/Specialty-Vehicles-ACURA-TLX-TECHNOLOGY-PACKAGE-2021-Saint-Joseph-MN-9591ca1b-3c55-4148-b5c3-b4be013f0121	28141 USD	2021 PLATINUM WHITE PEARL Acura TLX TECHNOLOGY PACKAGE For sale at Bee Line Auto & Sport in Saint Joseph Minnesota.	https://cdpcdn.dx1app.com/products-private/prod/0572c8a0-f7ee-425a-856e-445420432c97/f3e02b2f-ee6a-421b-9637-b472014a74f4/00000000-0000-0000-0000-000000000000/59700924-f988-459a-80eb-b4be013f00b7/9591ca1b-3c55-4148-b5c3-b4be013f0121/6000000001.jpg	in stock	USED	OTHER	Vehicles & Parts > Vehicles > Motor Vehicles > Cars, Trucks & Vans	19UUB6F47MA006288	https://www.beelineautoandsport.com/Specialty-Vehicles-ACURA-TLX-TECHNOLOGY-PACKAGE-2021-Saint-Joseph-MN-9591ca1b-3c55-4148-b5c3-b4be013f0121/123?store={store_code}	WHITE	65376 miles	TLX	19UUB6F47MA006288	2021	28141 USD	Bee Line Auto	28141 USD	MI	no	TLX	No	Over 20k
WA1BNAFYXJ2217102	2018 Audi Q5 2.0T	Audi	https://www.beelineautoandsport.com/Specialty-Vehicles-AUDI-Q5-2-0T-2018-Saint-Joseph-MN-fe47a6a4-20db-46f7-a193-b4c7011823ed	17341 USD	2018 WHITE Audi Q5 2.0T For sale at Bee Line Auto & Sport in Saint Joseph Minnesota.	https://cdpcdn.dx1app.com/products-private/prod/0572c8a0-f7ee-425a-856e-445420432c97/f3e02b2f-ee6a-421b-9637-b472014a74f4/00000000-0000-0000-0000-000000000000/68531101-aed0-4c34-b9fe-b4c7011822cf/fe47a6a4-20db-46f7-a193-b4c7011823ed/6000000001.png	in stock	USED	OTHER	Vehicles & Parts > Vehicles > Motor Vehicles > Cars, Trucks & Vans	WA1BNAFYXJ2217102	https://www.beelineautoandsport.com/Specialty-Vehicles-AUDI-Q5-2-0T-2018-Saint-Joseph-MN-fe47a6a4-20db-46f7-a193-b4c7011823ed/123?store={store_code}	WHITE	93733 miles	Q5	WA1BNAFYXJ2217102	2018	17341 USD	Bee Line Auto	17341 USD	MI	no	Q5	No	Under 20k
5GAEVAKW0PJ249922	2023 Buick Enclave ESSENSE	Buick	https://www.beelineautoandsport.com/Specialty-Vehicles-Buick-ENCLAVE-ESSENSE-2023-Saint-Joseph-MN-b9e4b848-e264-45f9-a204-b4c101492478	34341 USD	2023 MOONSTONE GRAY METALLIC Buick Enclave ESSENSE For sale at Bee Line Auto & Sport in Saint Joseph Minnesota.	https://cdpcdn.dx1app.com/products-private/prod/0572c8a0-f7ee-425a-856e-445420432c97/f3e02b2f-ee6a-421b-9637-b472014a74f4/00000000-0000-0000-0000-000000000000/5cc86a40-23fd-4edc-8ebc-b4c1014923ec/b9e4b848-e264-45f9-a204-b4c101492478/6000000007.jpg	in stock	USED	SUV	Vehicles & Parts > Vehicles > Motor Vehicles > Cars, Trucks & Vans	5GAEVAKW0PJ249922	https://www.beelineautoandsport.com/Specialty-Vehicles-Buick-ENCLAVE-ESSENSE-2023-Saint-Joseph-MN-b9e4b848-e264-45f9-a204-b4c101492478/123?store={store_code}	GRAY	36674 miles	Enclave	5GAEVAKW0PJ249922	2023	34341 USD	Bee Line Auto	34341 USD	MI	no	Enclave	No	Over 20k
LRBFZPR41PD078674	2023 Buick Envision ESSENCE	Buick	https://www.beelineautoandsport.com/Specialty-Vehicles-Buick-ENVISION-ESSENCE-2023-Saint-Joseph-MN-86877d32-80fd-4e7d-b44b-b4c1014ada1e	30841 USD	2023 EBONY TWILIGHT METALLIC Buick Envision ESSENCE For sale at Bee Line Auto & Sport in Saint Joseph Minnesota.	https://cdpcdn.dx1app.com/products-private/prod/0572c8a0-f7ee-425a-856e-445420432c97/f3e02b2f-ee6a-421b-9637-b472014a74f4/00000000-0000-0000-0000-000000000000/74507e26-467d-41c3-8e32-b4c1014ad9c8/86877d32-80fd-4e7d-b44b-b4c1014ada1e/6000000011.jpg	in stock	USED	SUV	Vehicles & Parts > Vehicles > Motor Vehicles > Cars, Trucks & Vans	LRBFZPR41PD078674	https://www.beelineautoandsport.com/Specialty-Vehicles-Buick-ENVISION-ESSENCE-2023-Saint-Joseph-MN-86877d32-80fd-4e7d-b44b-b4c1014ada1e/123?store={store_code}	BLACK	29137 miles	Envision	LRBFZPR41PD078674	2023	30841 USD	Bee Line Auto	30841 USD	MI	no	Envision	No	Over 20k
3GNKBHR45PS150669	2023 Chevrolet Blazer LT	Chevrolet	https://www.beelineautoandsport.com/Specialty-Vehicles-Chevrolet-BLAZER-LT-2023-Saint-Joseph-MN-4a0a08ed-e518-46db-9dc3-b4c1014d0dc7	21341 USD	2023 COPPER BRONZE METALLIC Chevrolet Blazer LT For sale at Bee Line Auto & Sport in Saint Joseph Minnesota.	https://cdpcdn.dx1app.com/products-private/prod/0572c8a0-f7ee-425a-856e-445420432c97/f3e02b2f-ee6a-421b-9637-b472014a74f4/00000000-0000-0000-0000-000000000000/09a1bcc5-1da2-46f1-88c6-b4c1014d0cfb/4a0a08ed-e518-46db-9dc3-b4c1014d0dc7/6000000001.jpg	in stock	USED	SUV	Vehicles & Parts > Vehicles > Motor Vehicles > Cars, Trucks & Vans	3GNKBHR45PS150669	https://www.beelineautoandsport.com/Specialty-Vehicles-Chevrolet-BLAZER-LT-2023-Saint-Joseph-MN-4a0a08ed-e518-46db-9dc3-b4c1014d0dc7/123?store={store_code}	BRONZE	82127 miles	Blazer	3GNKBHR45PS150669	2023	21341 USD	Bee Line Auto	21341 USD	MI	no	Blazer	No	Over 20k
3GNKBHR4XPS219369	2023 Chevrolet Blazer LT	Chevrolet	https://www.beelineautoandsport.com/Specialty-Vehicles-Chevrolet-BLAZER-LT-2023-Saint-Joseph-MN-cbed438b-b1cf-4be4-a1f2-b4c1014bb1e0	28741 USD	2023 BLACK Chevrolet Blazer LT For sale at Bee Line Auto & Sport in Saint Joseph Minnesota.	https://cdpcdn.dx1app.com/products-private/prod/0572c8a0-f7ee-425a-856e-445420432c97/f3e02b2f-ee6a-421b-9637-b472014a74f4/00000000-0000-0000-0000-000000000000/1ed91258-0f12-4972-b395-b4c1014bb18c/cbed438b-b1cf-4be4-a1f2-b4c1014bb1e0/6000000001.jpg	in stock	USED	SUV	Vehicles & Parts > Vehicles > Motor Vehicles > Cars, Trucks & Vans	3GNKBHR4XPS219369	https://www.beelineautoandsport.com/Specialty-Vehicles-Chevrolet-BLAZER-LT-2023-Saint-Joseph-MN-cbed438b-b1cf-4be4-a1f2-b4c1014bb1e0/123?store={store_code}	BLACK	20043 miles	Blazer	3GNKBHR4XPS219369	2023	28741 USD	Bee Line Auto	28741 USD	MI	no	Blazer	No	Over 20k
2GNAXVEX4K6202778	2019 Chevrolet Equinox LT	Chevrolet	https://www.beelineautoandsport.com/Specialty-Vehicles-Chevrolet-EQUINOX-LT-2019-Saint-Joseph-MN-2a04e6d2-8591-44cb-a29a-b4c1015404ef	19341 USD	2019 NIGHTFALL GRAY METALLIC Chevrolet Equinox LT For sale at Bee Line Auto & Sport in Saint Joseph Minnesota.	https://cdpcdn.dx1app.com/products-private/prod/0572c8a0-f7ee-425a-856e-445420432c97/f3e02b2f-ee6a-421b-9637-b472014a74f4/00000000-0000-0000-0000-000000000000/5da1d0de-5804-4cdd-88b9-b4c1015404a2/2a04e6d2-8591-44cb-a29a-b4c1015404ef/6000000007.jpg	in stock	USED	SUV	Vehicles & Parts > Vehicles > Motor Vehicles > Cars, Trucks & Vans	2GNAXVEX4K6202778	https://www.beelineautoandsport.com/Specialty-Vehicles-Chevrolet-EQUINOX-LT-2019-Saint-Joseph-MN-2a04e6d2-8591-44cb-a29a-b4c1015404ef/123?store={store_code}	GRAY	62526 miles	Equinox	2GNAXVEX4K6202778	2019	19341 USD	Bee Line Auto	19341 USD	MI	no	Equinox	No	Under 20k
1GCUDJEL6PZ322050	2023 Chevrolet Silverado 1500 HIGH COUNTRY CREW CAB	Chevrolet	https://www.beelineautoandsport.com/Specialty-Vehicles-Chevrolet-SILVERADO-1500-HIGH-COUNTRY-CREW-CAB-2023-Saint-Joseph-MN-d112e1e2-f1e0-4ece-b404-b4c101567584	49341 USD	2023 BLACK Chevrolet Silverado 1500 HIGH COUNTRY CREW CAB For sale at Bee Line Auto & Sport in Saint Joseph Minnesota.	https://cdpcdn.dx1app.com/products-private/prod/0572c8a0-f7ee-425a-856e-445420432c97/f3e02b2f-ee6a-421b-9637-b472014a74f4/00000000-0000-0000-0000-000000000000/d031598e-a6d8-4175-8086-b4c10156754d/d112e1e2-f1e0-4ece-b404-b4c101567584/6000000001.jpg	in stock	USED	TRUCK	Vehicles & Parts > Vehicles > Motor Vehicles > Cars, Trucks & Vans	1GCUDJEL6PZ322050	https://www.beelineautoandsport.com/Specialty-Vehicles-Chevrolet-SILVERADO-1500-HIGH-COUNTRY-CREW-CAB-2023-Saint-Joseph-MN-d112e1e2-f1e0-4ece-b404-b4c101567584/123?store={store_code}	BLACK	38399 miles	Silverado	1GCUDJEL6PZ322050	2023	49341 USD	Bee Line Auto	49341 USD	MI	no	Silverado	No	Over 20k
3GCUKREC0JG498880	2018 Chevrolet Silverado 1500 LT CREW CAB	Chevrolet	https://www.beelineautoandsport.com/Specialty-Vehicles-Chevrolet-SILVERADO-1500-LT-CREW-CAB-2018-Saint-Joseph-MN-d14d5f4a-81d7-4896-a4dc-b4c1015b9289	24341 USD	2018 RED HOT Chevrolet Silverado 1500 LT CREW CAB For sale at Bee Line Auto & Sport in Saint Joseph Minnesota.	https://cdpcdn.dx1app.com/products-private/prod/0572c8a0-f7ee-425a-856e-445420432c97/f3e02b2f-ee6a-421b-9637-b472014a74f4/00000000-0000-0000-0000-000000000000/a02f9eb1-a3bc-4135-b64c-b4c1015b9259/d14d5f4a-81d7-4896-a4dc-b4c1015b9289/6000000001.jpg	in stock	USED	TRUCK	Vehicles & Parts > Vehicles > Motor Vehicles > Cars, Trucks & Vans	3GCUKREC0JG498880	https://www.beelineautoandsport.com/Specialty-Vehicles-Chevrolet-SILVERADO-1500-LT-CREW-CAB-2018-Saint-Joseph-MN-d14d5f4a-81d7-4896-a4dc-b4c1015b9289/123?store={store_code}	RED	95125 miles	Silverado	3GCUKREC0JG498880	2018	24341 USD	Bee Line Auto	24341 USD	MI	no	Silverado	No	Over 20k
3GCUDDE86PG269539	2023 Chevrolet Silverado 1500 LT CREW CAB	Chevrolet	https://www.beelineautoandsport.com/Specialty-Vehicles-Chevrolet-SILVERADO-1500-LT-CREW-CAB-2023-Saint-Joseph-MN-0459f468-dc6e-4ba0-b13f-b4c101589c70	39841 USD	2023 DARK ASH METALLIC Chevrolet Silverado 1500 LT CREW CAB For sale at Bee Line Auto & Sport in Saint Joseph Minnesota.	https://cdpcdn.dx1app.com/products-private/prod/0572c8a0-f7ee-425a-856e-445420432c97/f3e02b2f-ee6a-421b-9637-b472014a74f4/00000000-0000-0000-0000-000000000000/3a61e7a3-922f-4151-9b6c-b4c101589b10/0459f468-dc6e-4ba0-b13f-b4c101589c70/6000000001.jpg	in stock	USED	TRUCK	Vehicles & Parts > Vehicles > Motor Vehicles > Cars, Trucks & Vans	3GCUDDE86PG269539	https://www.beelineautoandsport.com/Specialty-Vehicles-Chevrolet-SILVERADO-1500-LT-CREW-CAB-2023-Saint-Joseph-MN-0459f468-dc6e-4ba0-b13f-b4c101589c70/123?store={store_code}	GRAY	31806 miles	Silverado	3GCUDDE86PG269539	2023	39841 USD	Bee Line Auto	39841 USD	MI	no	Silverado	No	Over 20k
3GCUYEETXMG362185	2021 Chevrolet Silverado 1500 RST CREW CAB	Chevrolet	https://www.beelineautoandsport.com/Specialty-Vehicles-Chevrolet-SILVERADO-1500-RST-CREW-CAB-2021-Saint-Joseph-MN-4092dbf4-5a4d-4fca-8a7c-b4c1015a873a	29741 USD	2021 SUMMIT WHITE Chevrolet Silverado 1500 RST CREW CAB For sale at Bee Line Auto & Sport in Saint Joseph Minnesota.	https://cdpcdn.dx1app.com/products-private/prod/0572c8a0-f7ee-425a-856e-445420432c97/f3e02b2f-ee6a-421b-9637-b472014a74f4/00000000-0000-0000-0000-000000000000/1d60ab36-dadb-4fdc-8f9b-b4c1015a85e0/4092dbf4-5a4d-4fca-8a7c-b4c1015a873a/6000000001.jpg	in stock	USED	TRUCK	Vehicles & Parts > Vehicles > Motor Vehicles > Cars, Trucks & Vans	3GCUYEETXMG362185	https://www.beelineautoandsport.com/Specialty-Vehicles-Chevrolet-SILVERADO-1500-RST-CREW-CAB-2021-Saint-Joseph-MN-4092dbf4-5a4d-4fca-8a7c-b4c1015a873a/123?store={store_code}	WHITE	100283 miles	Silverado	3GCUYEETXMG362185	2021	29741 USD	Bee Line Auto	29741 USD	MI	no	Silverado	No	Over 20k
1GCUKEE82SZ184928	2025 Chevrolet Silverado 1500 RST CREW CAB	Chevrolet	https://www.beelineautoandsport.com/Specialty-Vehicles-Chevrolet-SILVERADO-1500-RST-CREW-CAB-2025-Saint-Joseph-MN-829310e7-e7f3-40a8-af05-b4c10154ce0f	47141 USD	2025 SUMMIT WHITE Chevrolet Silverado 1500 RST CREW CAB For sale at Bee Line Auto & Sport in Saint Joseph Minnesota.	https://cdpcdn.dx1app.com/products-private/prod/0572c8a0-f7ee-425a-856e-445420432c97/f3e02b2f-ee6a-421b-9637-b472014a74f4/00000000-0000-0000-0000-000000000000/7cf43c2a-0153-4ef1-a18c-b4c10154cdcc/829310e7-e7f3-40a8-af05-b4c10154ce0f/6000000001.jpg	in stock	USED	TRUCK	Vehicles & Parts > Vehicles > Motor Vehicles > Cars, Trucks & Vans	1GCUKEE82SZ184928	https://www.beelineautoandsport.com/Specialty-Vehicles-Chevrolet-SILVERADO-1500-RST-CREW-CAB-2025-Saint-Joseph-MN-829310e7-e7f3-40a8-af05-b4c10154ce0f/123?store={store_code}	WHITE	24888 miles	Silverado	1GCUKEE82SZ184928	2025	47141 USD	Bee Line Auto	47141 USD	MI	no	Silverado	No	Over 20k
1GCUDDEDXRZ188933	2024 Chevrolet Silverado LT CREW CAB	Chevrolet	https://www.beelineautoandsport.com/Specialty-Vehicles-Chevrolet-SILVERADO-LT-CREW-CAB-2024-Saint-Joseph-MN-47911550-5115-4031-a3cf-b4bb01047741	42341 USD	2024 SUMMIT WHITE Chevrolet Silverado LT CREW CAB For sale at Bee Line Auto & Sport in Saint Joseph Minnesota.	https://cdpcdn.dx1app.com/products-private/prod/0572c8a0-f7ee-425a-856e-445420432c97/f3e02b2f-ee6a-421b-9637-b472014a74f4/00000000-0000-0000-0000-000000000000/06b16685-91e7-4e5f-b9fe-b4bb010476db/47911550-5115-4031-a3cf-b4bb01047741/6000000001.jpg	in stock	USED	TRUCK	Vehicles & Parts > Vehicles > Motor Vehicles > Cars, Trucks & Vans	1GCUDDEDXRZ188933	https://www.beelineautoandsport.com/Specialty-Vehicles-Chevrolet-SILVERADO-LT-CREW-CAB-2024-Saint-Joseph-MN-47911550-5115-4031-a3cf-b4bb01047741/123?store={store_code}	WHITE	18177 miles	Silverado	1GCUDDEDXRZ188933	2024	42341 USD	Bee Line Auto	42341 USD	MI	no	Silverado	No	Over 20k
1GNEVGRS8SJ291517	2025 Chevrolet Traverse LT	Chevrolet	https://www.beelineautoandsport.com/Specialty-Vehicles-Chevrolet-TRAVERSE-LT-2025-Saint-Joseph-MN-1e8a4bd4-9978-4cb6-80ea-b4c1017076ac	40841 USD	2025 SUMMIT WHITE Chevrolet Traverse LT For sale at Bee Line Auto & Sport in Saint Joseph Minnesota.	https://cdpcdn.dx1app.com/products-private/prod/0572c8a0-f7ee-425a-856e-445420432c97/f3e02b2f-ee6a-421b-9637-b472014a74f4/00000000-0000-0000-0000-000000000000/306a7d2f-23be-4277-b4d2-b4c10170756d/1e8a4bd4-9978-4cb6-80ea-b4c1017076ac/6000000007.jpg	in stock	USED	SUV	Vehicles & Parts > Vehicles > Motor Vehicles > Cars, Trucks & Vans	1GNEVGRS8SJ291517	https://www.beelineautoandsport.com/Specialty-Vehicles-Chevrolet-TRAVERSE-LT-2025-Saint-Joseph-MN-1e8a4bd4-9978-4cb6-80ea-b4c1017076ac/123?store={store_code}	WHITE	12447 miles	Traverse	1GNEVGRS8SJ291517	2025	40841 USD	Bee Line Auto	40841 USD	MI	no	Traverse	No	Over 20k
2C4RC1GG2TR176257	2026 Chrysler Pacifica LIMITED	Chrysler	https://www.beelineautoandsport.com/Specialty-Vehicles-Chrysler-PACIFICA-LIMITED-2026-Saint-Joseph-MN-6b301908-f618-49d9-8a11-b4c1017139db	36841 USD	2026 DIAMOND BLACK CRYSTAL PEARLCOAT Chrysler Pacifica LIMITED For sale at Bee Line Auto & Sport in Saint Joseph Minnesota.	https://cdpcdn.dx1app.com/products-private/prod/0572c8a0-f7ee-425a-856e-445420432c97/f3e02b2f-ee6a-421b-9637-b472014a74f4/00000000-0000-0000-0000-000000000000/335737f1-5980-43ba-b279-b4c101713999/6b301908-f618-49d9-8a11-b4c1017139db/6000000001.jpg	in stock	USED	VAN	Vehicles & Parts > Vehicles > Motor Vehicles > Cars, Trucks & Vans	2C4RC1GG2TR176257	https://www.beelineautoandsport.com/Specialty-Vehicles-Chrysler-PACIFICA-LIMITED-2026-Saint-Joseph-MN-6b301908-f618-49d9-8a11-b4c1017139db/123?store={store_code}	BLACK	29430 miles	Pacifica	2C4RC1GG2TR176257	2026	36841 USD	Bee Line Auto	36841 USD	MI	no	Pacifica	No	Over 20k
2C4RC1GG6TR203783	2026 Chrysler Pacifica LIMITED	Chrysler	https://www.beelineautoandsport.com/Specialty-Vehicles-Chrysler-PACIFICA-LIMITED-2026-Saint-Joseph-MN-df22d459-5594-4050-aa9e-b4c10171de27	36341 USD	2026 SILVER MIST CLEARCOAT Chrysler Pacifica LIMITED For sale at Bee Line Auto & Sport in Saint Joseph Minnesota.	https://cdpcdn.dx1app.com/products-private/prod/0572c8a0-f7ee-425a-856e-445420432c97/f3e02b2f-ee6a-421b-9637-b472014a74f4/00000000-0000-0000-0000-000000000000/f71de07f-a935-4693-9bad-b4c10171dddf/df22d459-5594-4050-aa9e-b4c10171de27/6000000007.jpg	in stock	USED	VAN	Vehicles & Parts > Vehicles > Motor Vehicles > Cars, Trucks & Vans	2C4RC1GG6TR203783	https://www.beelineautoandsport.com/Specialty-Vehicles-Chrysler-PACIFICA-LIMITED-2026-Saint-Joseph-MN-df22d459-5594-4050-aa9e-b4c10171de27/123?store={store_code}	SILVER	35553 miles	Pacifica	2C4RC1GG6TR203783	2026	36341 USD	Bee Line Auto	36341 USD	MI	no	Pacifica	No	Over 20k
2C4RC1PGXPR500674	2023 Chrysler Pacifica PINNACLE	Chrysler	https://www.beelineautoandsport.com/Specialty-Vehicles-Chrysler-PACIFICA-PINNACLE-2023-Saint-Joseph-MN-47d44d08-ca90-4884-8c8f-b4c10172cdec	33941 USD	2023 BRIGHT WHITE CLEARCOAT Chrysler Pacifica PINNACLE For sale at Bee Line Auto & Sport in Saint Joseph Minnesota.	https://cdpcdn.dx1app.com/products-private/prod/0572c8a0-f7ee-425a-856e-445420432c97/f3e02b2f-ee6a-421b-9637-b472014a74f4/00000000-0000-0000-0000-000000000000/4aa9a1ce-d94b-4fe9-911c-b4c10172cd9b/47d44d08-ca90-4884-8c8f-b4c10172cdec/6000000001.jpg	in stock	USED	VAN	Vehicles & Parts > Vehicles > Motor Vehicles > Cars, Trucks & Vans	2C4RC1PGXPR500674	https://www.beelineautoandsport.com/Specialty-Vehicles-Chrysler-PACIFICA-PINNACLE-2023-Saint-Joseph-MN-47d44d08-ca90-4884-8c8f-b4c10172cdec/123?store={store_code}	WHITE	68263 miles	Pacifica	2C4RC1PGXPR500674	2023	33941 USD	Bee Line Auto	33941 USD	MI	no	Pacifica	No	Over 20k
2C4RC1BG0SR568823	2025 Chrysler Pacifica SELECT FWD	Chrysler	https://www.beelineautoandsport.com/Specialty-Vehicles-Chrysler-PACIFICA-SELECT-FWD-2025-Saint-Joseph-MN-6a7dbf16-1002-44f1-9810-b4bc00f6d914	30341 USD	2025 CERAMIC GRAY CLEARCOAT Chrysler Pacifica SELECT FWD For sale at Bee Line Auto & Sport in Saint Joseph Minnesota.	https://cdpcdn.dx1app.com/products-private/prod/0572c8a0-f7ee-425a-856e-445420432c97/f3e02b2f-ee6a-421b-9637-b472014a74f4/00000000-0000-0000-0000-000000000000/bc2a5e23-0745-4961-9586-b4bc00f6d8cc/6a7dbf16-1002-44f1-9810-b4bc00f6d914/6000000001.jpg	in stock	USED	VAN	Vehicles & Parts > Vehicles > Motor Vehicles > Cars, Trucks & Vans	2C4RC1BG0SR568823	https://www.beelineautoandsport.com/Specialty-Vehicles-Chrysler-PACIFICA-SELECT-FWD-2025-Saint-Joseph-MN-6a7dbf16-1002-44f1-9810-b4bc00f6d914/123?store={store_code}	GRAY	24455 miles	Pacifica	2C4RC1BG0SR568823	2025	30341 USD	Bee Line Auto	30341 USD	MI	no	Pacifica	No	Over 20k
2C4RC1CG7NR141528	2022 Chrysler Voyager LX	Chrysler	https://www.beelineautoandsport.com/Specialty-Vehicles-Chrysler-VOYAGER-LX-2022-Saint-Joseph-MN-e28ea389-9753-4e48-a81d-b4c10173a1de	21341 USD	2022 SILVER MIST CLEARCOAT Chrysler Voyager LX For sale at Bee Line Auto & Sport in Saint Joseph Minnesota.	https://cdpcdn.dx1app.com/products-private/prod/0572c8a0-f7ee-425a-856e-445420432c97/f3e02b2f-ee6a-421b-9637-b472014a74f4/00000000-0000-0000-0000-000000000000/a10450d6-187f-47c8-ac00-b4c10173a179/e28ea389-9753-4e48-a81d-b4c10173a1de/6000000007.jpg	in stock	USED	OTHER	Vehicles & Parts > Vehicles > Motor Vehicles > Cars, Trucks & Vans	2C4RC1CG7NR141528	https://www.beelineautoandsport.com/Specialty-Vehicles-Chrysler-VOYAGER-LX-2022-Saint-Joseph-MN-e28ea389-9753-4e48-a81d-b4c10173a1de/123?store={store_code}	SILVER	69445 miles	Voyager	2C4RC1CG7NR141528	2022	21341 USD	Bee Line Auto	21341 USD	MI	no	Voyager	No	Over 20k
2C4RC1CG5PR601823	2023 Chrysler Voyager LX	Chrysler	https://www.beelineautoandsport.com/Specialty-Vehicles-Chrysler-VOYAGER-LX-2023-Saint-Joseph-MN-b7bc0d8c-bae0-42cc-b189-b4d60178fb6b	21341 USD	2023 BRIGHT WHITE CLEARCOAT Chrysler Voyager LX For sale at Bee Line Auto & Sport in Saint Joseph Minnesota.	https://cdpcdn.dx1app.com/products-private/prod/0572c8a0-f7ee-425a-856e-445420432c97/f3e02b2f-ee6a-421b-9637-b472014a74f4/00000000-0000-0000-0000-000000000000/a49f6342-744f-4574-b3a9-b4d60178fb32/b7bc0d8c-bae0-42cc-b189-b4d60178fb6b/6000000001.jpg	in stock	USED	OTHER	Vehicles & Parts > Vehicles > Motor Vehicles > Cars, Trucks & Vans	2C4RC1CG5PR601823	https://www.beelineautoandsport.com/Specialty-Vehicles-Chrysler-VOYAGER-LX-2023-Saint-Joseph-MN-b7bc0d8c-bae0-42cc-b189-b4d60178fb6b/123?store={store_code}	WHITE	68927 miles	Voyager	2C4RC1CG5PR601823	2023	21341 USD	Bee Line Auto	21341 USD	MI	no	Voyager	No	Over 20k
2C4RC1CG1PR533701	2023 Chrysler Voyager LX	Chrysler	https://www.beelineautoandsport.com/Specialty-Vehicles-Chrysler-VOYAGER-LX-2023-Saint-Joseph-MN-c955c36d-8213-4dbe-b8ca-b4d60177ea3c	24341 USD	2023 BRIGHT WHITE CLEARCOAT Chrysler Voyager LX For sale at Bee Line Auto & Sport in Saint Joseph Minnesota.	https://cdpcdn.dx1app.com/products-private/prod/0572c8a0-f7ee-425a-856e-445420432c97/f3e02b2f-ee6a-421b-9637-b472014a74f4/00000000-0000-0000-0000-000000000000/a7287f9b-a1dc-4613-92f2-b4d60177e8ee/c955c36d-8213-4dbe-b8ca-b4d60177ea3c/6000000001.jpg	in stock	USED	OTHER	Vehicles & Parts > Vehicles > Motor Vehicles > Cars, Trucks & Vans	2C4RC1CG1PR533701	https://www.beelineautoandsport.com/Specialty-Vehicles-Chrysler-VOYAGER-LX-2023-Saint-Joseph-MN-c955c36d-8213-4dbe-b8ca-b4d60177ea3c/123?store={store_code}	WHITE	53301 miles	Voyager	2C4RC1CG1PR533701	2023	24341 USD	Bee Line Auto	24341 USD	MI	no	Voyager	No	Over 20k
2C4RC1CG1RR145922	2024 Chrysler Voyager LX	Chrysler	https://www.beelineautoandsport.com/Specialty-Vehicles-Chrysler-VOYAGER-LX-2024-Saint-Joseph-MN-0b5396f4-5b37-440b-a16e-b4d6017a5bae	23341 USD	2024 BRIGHT WHITE CLEARCOAT Chrysler Voyager LX For sale at Bee Line Auto & Sport in Saint Joseph Minnesota.	https://cdpcdn.dx1app.com/products-private/prod/0572c8a0-f7ee-425a-856e-445420432c97/f3e02b2f-ee6a-421b-9637-b472014a74f4/00000000-0000-0000-0000-000000000000/450f402f-0c28-4ea4-81a6-b4d6017a5b80/0b5396f4-5b37-440b-a16e-b4d6017a5bae/6000000001.jpg	in stock	USED	OTHER	Vehicles & Parts > Vehicles > Motor Vehicles > Cars, Trucks & Vans	2C4RC1CG1RR145922	https://www.beelineautoandsport.com/Specialty-Vehicles-Chrysler-VOYAGER-LX-2024-Saint-Joseph-MN-0b5396f4-5b37-440b-a16e-b4d6017a5bae/123?store={store_code}	WHITE	66143 miles	Voyager	2C4RC1CG1RR145922	2024	23341 USD	Bee Line Auto	23341 USD	MI	no	Voyager	No	Over 20k
1C4RDJDG0PC677793	2023 Dodge Durango GT PLUS	Dodge	https://www.beelineautoandsport.com/Specialty-Vehicles-Dodge-DURANGO-GT-PLUS-2023-Saint-Joseph-MN-acffb1f6-0f81-4f20-800d-b4c7015c58e0	35041 USD	2023 RED OXIDE Dodge Durango GT PLUS For sale at Bee Line Auto & Sport in Saint Joseph Minnesota.	https://cdpcdn.dx1app.com/products-private/prod/0572c8a0-f7ee-425a-856e-445420432c97/f3e02b2f-ee6a-421b-9637-b472014a74f4/00000000-0000-0000-0000-000000000000/47ca1d75-b465-49ab-b497-b4c7015c57b6/acffb1f6-0f81-4f20-800d-b4c7015c58e0/6000000037.jpg	in stock	USED	SUV	Vehicles & Parts > Vehicles > Motor Vehicles > Cars, Trucks & Vans	1C4RDJDG0PC677793	https://www.beelineautoandsport.com/Specialty-Vehicles-Dodge-DURANGO-GT-PLUS-2023-Saint-Joseph-MN-acffb1f6-0f81-4f20-800d-b4c7015c58e0/123?store={store_code}	RED	33623 miles	Durango	1C4RDJDG0PC677793	2023	35041 USD	Bee Line Auto	35041 USD	MI	no	Durango	No	Over 20k
1C6SRFFT6MN808579	2021 Dodge 1500 Big Horn, Lonestar	Dodge	https://www.beelineautoandsport.com/Specialty-Vehicles-Dodge-RAM-1500-BIG-HORN-LONE-STAR-CREW-CAB-2021-Saint-Joseph-MN-f627ec8e-b384-4d29-ad35-b4bc00ecc44e	29341 USD	2021 MAXIMUM STEEL METALLIC Dodge 1500 Big Horn, Lonestar For sale at Bee Line Auto & Sport in Saint Joseph Minnesota.	https://cdpcdn.dx1app.com/products-private/prod/0572c8a0-f7ee-425a-856e-445420432c97/f3e02b2f-ee6a-421b-9637-b472014a74f4/00000000-0000-0000-0000-000000000000/79c072a2-a057-4363-acd5-b4bc00ecbf7c/f627ec8e-b384-4d29-ad35-b4bc00ecc44e/6000000007.jpg	in stock	USED	OTHER	Vehicles & Parts > Vehicles > Motor Vehicles > Cars, Trucks & Vans	1C6SRFFT6MN808579	https://www.beelineautoandsport.com/Specialty-Vehicles-Dodge-RAM-1500-BIG-HORN-LONE-STAR-CREW-CAB-2021-Saint-Joseph-MN-f627ec8e-b384-4d29-ad35-b4bc00ecc44e/123?store={store_code}	GRAY	82540 miles	1500	1C6SRFFT6MN808579	2021	29341 USD	Bee Line Auto	29341 USD	MI	no	1500	No	Over 20k
1FMDE5BH2PLB13830	2023 Ford Bronco BLACK DIAMOND	Ford	https://www.beelineautoandsport.com/Specialty-Vehicles-Ford-BRONCO-BLACK-DIAMOND-2023-Saint-Joseph-MN-8a805509-0d92-4cda-9834-b4c1017522d1	40341 USD	2023 OXFORD WHITE Ford Bronco BLACK DIAMOND For sale at Bee Line Auto & Sport in Saint Joseph Minnesota.	https://cdpcdn.dx1app.com/products-private/prod/0572c8a0-f7ee-425a-856e-445420432c97/f3e02b2f-ee6a-421b-9637-b472014a74f4/00000000-0000-0000-0000-000000000000/434e1d91-e28b-4c3e-ac9c-b4c101752291/8a805509-0d92-4cda-9834-b4c1017522d1/6000000001.jpg	in stock	USED	SUV	Vehicles & Parts > Vehicles > Motor Vehicles > Cars, Trucks & Vans	1FMDE5BH2PLB13830	https://www.beelineautoandsport.com/Specialty-Vehicles-Ford-BRONCO-BLACK-DIAMOND-2023-Saint-Joseph-MN-8a805509-0d92-4cda-9834-b4c1017522d1/123?store={store_code}	WHITE	30009 miles	Bronco	1FMDE5BH2PLB13830	2023	40341 USD	Bee Line Auto	40341 USD	MI	no	Bronco	No	Over 20k
3FMCR9GN4SRE71477	2025 Ford Bronco Sport HERITAGE	Ford	https://www.beelineautoandsport.com/Specialty-Vehicles-Ford-BRONCO-SPORT-HERITAGE-2025-Saint-Joseph-MN-e7dae879-2d94-497e-b581-b4c101745587	30841 USD	2025 SHADOW BLACK Ford Bronco Sport HERITAGE For sale at Bee Line Auto & Sport in Saint Joseph Minnesota.	https://cdpcdn.dx1app.com/products-private/prod/0572c8a0-f7ee-425a-856e-445420432c97/f3e02b2f-ee6a-421b-9637-b472014a74f4/00000000-0000-0000-0000-000000000000/362390cd-47c3-4a5f-b286-b4c1017454ef/e7dae879-2d94-497e-b581-b4c101745587/6000000006.jpg	in stock	USED	SUV	Vehicles & Parts > Vehicles > Motor Vehicles > Cars, Trucks & Vans	3FMCR9GN4SRE71477	https://www.beelineautoandsport.com/Specialty-Vehicles-Ford-BRONCO-SPORT-HERITAGE-2025-Saint-Joseph-MN-e7dae879-2d94-497e-b581-b4c101745587/123?store={store_code}	BLACK	9022 miles	Bronco Sport	3FMCR9GN4SRE71477	2025	30841 USD	Bee Line Auto	30841 USD	MI	no	Bronco Sport	No	Over 20k
2FMPK4K99NBA51669	2022 Ford Edge TITANIUM	Ford	https://www.beelineautoandsport.com/Specialty-Vehicles-Ford-EDGE-TITANIUM-2022-Saint-Joseph-MN-3e1b7a37-d4b6-44eb-a5a6-b4c101770981	23341 USD	2022 ICONIC SILVER METALLIC Ford Edge TITANIUM For sale at Bee Line Auto & Sport in Saint Joseph Minnesota.	https://cdpcdn.dx1app.com/products-private/prod/0572c8a0-f7ee-425a-856e-445420432c97/f3e02b2f-ee6a-421b-9637-b472014a74f4/00000000-0000-0000-0000-000000000000/874c6398-4ba6-4a82-ab6f-b4c10177082e/3e1b7a37-d4b6-44eb-a5a6-b4c101770981/6000000001.jpg	in stock	USED	SUV	Vehicles & Parts > Vehicles > Motor Vehicles > Cars, Trucks & Vans	2FMPK4K99NBA51669	https://www.beelineautoandsport.com/Specialty-Vehicles-Ford-EDGE-TITANIUM-2022-Saint-Joseph-MN-3e1b7a37-d4b6-44eb-a5a6-b4c101770981/123?store={store_code}	SILVER	58661 miles	Edge	2FMPK4K99NBA51669	2022	23341 USD	Bee Line Auto	23341 USD	MI	no	Edge	No	Over 20k
1FMCU9JZ7PUA83590	2023 Ford Escape HYBRID PLATINUM	Ford	https://www.beelineautoandsport.com/Specialty-Vehicles-Ford-ESCAPE-HYBRID-PLATINUM-2023-Saint-Joseph-MN-af6c7b38-839e-4c4c-9de3-b4c101787bb2	29041 USD	2023 ATLAS BLUE METALLIC Ford Escape HYBRID PLATINUM For sale at Bee Line Auto & Sport in Saint Joseph Minnesota.	https://cdpcdn.dx1app.com/products-private/prod/0572c8a0-f7ee-425a-856e-445420432c97/f3e02b2f-ee6a-421b-9637-b472014a74f4/00000000-0000-0000-0000-000000000000/dd76ab15-0518-4d12-97d2-b4c101787a73/af6c7b38-839e-4c4c-9de3-b4c101787bb2/6000000001.jpg	in stock	USED	SUV	Vehicles & Parts > Vehicles > Motor Vehicles > Cars, Trucks & Vans	1FMCU9JZ7PUA83590	https://www.beelineautoandsport.com/Specialty-Vehicles-Ford-ESCAPE-HYBRID-PLATINUM-2023-Saint-Joseph-MN-af6c7b38-839e-4c4c-9de3-b4c101787bb2/123?store={store_code}	BLUE	11743 miles	Escape	1FMCU9JZ7PUA83590	2023	29041 USD	Bee Line Auto	29041 USD	MI	no	Escape	No	Over 20k
1FMCU9GD7HUA69816	2017 Ford Escape SE	Ford	https://www.beelineautoandsport.com/Specialty-Vehicles-Ford-ESCAPE-SE-2017-Saint-Joseph-MN-d98779dc-c869-44d9-b316-b4c1017bcece	14341 USD	2017 SHADOW BLACK Ford Escape SE For sale at Bee Line Auto & Sport in Saint Joseph Minnesota.	https://cdpcdn.dx1app.com/products-private/prod/0572c8a0-f7ee-425a-856e-445420432c97/f3e02b2f-ee6a-421b-9637-b472014a74f4/00000000-0000-0000-0000-000000000000/d39e3237-dfa5-4be4-aaf1-b4c1017bcd7a/d98779dc-c869-44d9-b316-b4c1017bcece/6000000001.jpg	in stock	USED	SUV	Vehicles & Parts > Vehicles > Motor Vehicles > Cars, Trucks & Vans	1FMCU9GD7HUA69816	https://www.beelineautoandsport.com/Specialty-Vehicles-Ford-ESCAPE-SE-2017-Saint-Joseph-MN-d98779dc-c869-44d9-b316-b4c1017bcece/123?store={store_code}	BLACK	59506 miles	Escape	1FMCU9GD7HUA69816	2017	14341 USD	Bee Line Auto	14341 USD	MI	no	Escape	No	Under 20k
1FMCU9GD1JUD08766	2018 Ford Escape SE	Ford	https://www.beelineautoandsport.com/Specialty-Vehicles-Ford-ESCAPE-SE-2018-Saint-Joseph-MN-3e086a04-f01d-487c-9dd9-b4c1017ab743	15841 USD	2018 WHITE GOLD METALLIC Ford Escape SE For sale at Bee Line Auto & Sport in Saint Joseph Minnesota.	https://cdpcdn.dx1app.com/products-private/prod/0572c8a0-f7ee-425a-856e-445420432c97/f3e02b2f-ee6a-421b-9637-b472014a74f4/00000000-0000-0000-0000-000000000000/6212c985-427d-4572-80b8-b4c1017ab719/3e086a04-f01d-487c-9dd9-b4c1017ab743/6000000007.jpg	in stock	USED	SUV	Vehicles & Parts > Vehicles > Motor Vehicles > Cars, Trucks & Vans	1FMCU9GD1JUD08766	https://www.beelineautoandsport.com/Specialty-Vehicles-Ford-ESCAPE-SE-2018-Saint-Joseph-MN-3e086a04-f01d-487c-9dd9-b4c1017ab743/123?store={store_code}	WHITE	48555 miles	Escape	1FMCU9GD1JUD08766	2018	15841 USD	Bee Line Auto	15841 USD	MI	no	Escape	No	Under 20k
1FMCU9MN9RUB27326	2024 Ford Escape ST-LINE	Ford	https://www.beelineautoandsport.com/Specialty-Vehicles-Ford-ESCAPE-ST-LINE-2024-Saint-Joseph-MN-e72e9d17-842b-45cb-8229-b4bb01098fa2	27641 USD	2024 STAR WHITE METALLIC TRI-COAT Ford Escape ST-LINE For sale at Bee Line Auto & Sport in Saint Joseph Minnesota.	https://cdpcdn.dx1app.com/products-private/prod/0572c8a0-f7ee-425a-856e-445420432c97/f3e02b2f-ee6a-421b-9637-b472014a74f4/00000000-0000-0000-0000-000000000000/b18b4e3c-5844-4e4b-b970-b4bb01098ed6/e72e9d17-842b-45cb-8229-b4bb01098fa2/6000000001.jpg	in stock	USED	SUV	Vehicles & Parts > Vehicles > Motor Vehicles > Cars, Trucks & Vans	1FMCU9MN9RUB27326	https://www.beelineautoandsport.com/Specialty-Vehicles-Ford-ESCAPE-ST-LINE-2024-Saint-Joseph-MN-e72e9d17-842b-45cb-8229-b4bb01098fa2/123?store={store_code}	WHITE	6734 miles	Escape	1FMCU9MN9RUB27326	2024	27641 USD	Bee Line Auto	27641 USD	MI	no	Escape	No	Over 20k
1FM5K8GT6GGB90852	2016 Ford Explorer SPORT	Ford	https://www.beelineautoandsport.com/Specialty-Vehicles-Ford-EXPLORER-SPORT-2016-Saint-Joseph-MN-d0b67d51-a44c-4b77-969d-b4c1017d71a5	15341 USD	2016 INGOT SILVER METALLIC Ford Explorer SPORT For sale at Bee Line Auto & Sport in Saint Joseph Minnesota.	https://cdpcdn.dx1app.com/products-private/prod/0572c8a0-f7ee-425a-856e-445420432c97/f3e02b2f-ee6a-421b-9637-b472014a74f4/00000000-0000-0000-0000-000000000000/3811a30e-9335-46db-8d0a-b4c1017d7069/d0b67d51-a44c-4b77-969d-b4c1017d71a5/6000000001.jpg	in stock	USED	SUV	Vehicles & Parts > Vehicles > Motor Vehicles > Cars, Trucks & Vans	1FM5K8GT6GGB90852	https://www.beelineautoandsport.com/Specialty-Vehicles-Ford-EXPLORER-SPORT-2016-Saint-Joseph-MN-d0b67d51-a44c-4b77-969d-b4c1017d71a5/123?store={store_code}	SILVER	113025 miles	Explorer	1FM5K8GT6GGB90852	2016	15341 USD	Bee Line Auto	15341 USD	MI	no	Explorer	No	Under 20k
1FTFW5L88RKD06517	2024 Ford F-150 LARIAT CREW CAB	Ford	https://www.beelineautoandsport.com/Specialty-Vehicles-Ford-F-150-LARIAT-CREW-CAB-2024-Saint-Joseph-MN-40942a14-40f7-4487-a925-b4c201073844	52341 USD	2024 ANTIMATTER BLUE METALLIC Ford F-150 LARIAT CREW CAB For sale at Bee Line Auto & Sport in Saint Joseph Minnesota.	https://cdpcdn.dx1app.com/products-private/prod/0572c8a0-f7ee-425a-856e-445420432c97/f3e02b2f-ee6a-421b-9637-b472014a74f4/00000000-0000-0000-0000-000000000000/ec88f798-afa1-4fd1-b18f-b4c201073585/40942a14-40f7-4487-a925-b4c201073844/6000000001.jpg	in stock	USED	TRUCK	Vehicles & Parts > Vehicles > Motor Vehicles > Cars, Trucks & Vans	1FTFW5L88RKD06517	https://www.beelineautoandsport.com/Specialty-Vehicles-Ford-F-150-LARIAT-CREW-CAB-2024-Saint-Joseph-MN-40942a14-40f7-4487-a925-b4c201073844/123?store={store_code}	BLUE	17601 miles	F-150	1FTFW5L88RKD06517	2024	52341 USD	Bee Line Auto	52341 USD	MI	no	F-150	No	Over 20k
1FTFW1RG4RFB04452	2024 Ford F-150 RAPTOR CREW CAB	Ford	https://www.beelineautoandsport.com/Specialty-Vehicles-Ford-F-150-RAPTOR-CREW-CAB-2024-Saint-Joseph-MN-e0d9fcea-c721-43b3-99e4-b4c2011b8bb8	70541 USD	2024 CARBONIZED GRAY METALLIC Ford F-150 RAPTOR CREW CAB For sale at Bee Line Auto & Sport in Saint Joseph Minnesota.	https://cdpcdn.dx1app.com/products-private/prod/0572c8a0-f7ee-425a-856e-445420432c97/f3e02b2f-ee6a-421b-9637-b472014a74f4/00000000-0000-0000-0000-000000000000/1bc8103d-5b0d-47f2-81a7-b4c2011b8a49/e0d9fcea-c721-43b3-99e4-b4c2011b8bb8/6000000001.jpg	in stock	USED	TRUCK	Vehicles & Parts > Vehicles > Motor Vehicles > Cars, Trucks & Vans	1FTFW1RG4RFB04452	https://www.beelineautoandsport.com/Specialty-Vehicles-Ford-F-150-RAPTOR-CREW-CAB-2024-Saint-Joseph-MN-e0d9fcea-c721-43b3-99e4-b4c2011b8bb8/123?store={store_code}	GRAY	36000 miles	F-150	1FTFW1RG4RFB04452	2024	70541 USD	Bee Line Auto	70541 USD	MI	no	F-150	No	Over 20k
1FTEW2LP0RKD03127	2024 Ford F-150 STX CREW CAB	Ford	https://www.beelineautoandsport.com/Specialty-Vehicles-Ford-F-150-STX-CREW-CAB-2024-Saint-Joseph-MN-43429793-f6fe-4a03-9786-b4c2011f0e9d	39841 USD	2024 OXFORD WHITE Ford F-150 STX CREW CAB For sale at Bee Line Auto & Sport in Saint Joseph Minnesota.	https://cdpcdn.dx1app.com/products-private/prod/0572c8a0-f7ee-425a-856e-445420432c97/f3e02b2f-ee6a-421b-9637-b472014a74f4/00000000-0000-0000-0000-000000000000/a48c6f41-ee2c-4efe-ba4a-b4c2011f0bd4/43429793-f6fe-4a03-9786-b4c2011f0e9d/6000000001.jpg	in stock	USED	TRUCK	Vehicles & Parts > Vehicles > Motor Vehicles > Cars, Trucks & Vans	1FTEW2LP0RKD03127	https://www.beelineautoandsport.com/Specialty-Vehicles-Ford-F-150-STX-CREW-CAB-2024-Saint-Joseph-MN-43429793-f6fe-4a03-9786-b4c2011f0e9d/123?store={store_code}	WHITE	22803 miles	F-150	1FTEW2LP0RKD03127	2024	39841 USD	Bee Line Auto	39841 USD	MI	no	F-150	No	Over 20k
1FTFW1E86PKD84748	2023 Ford F-150 XLT CREW CAB	Ford	https://www.beelineautoandsport.com/Specialty-Vehicles-Ford-F-150-XLT-CREW-CAB-2023-Saint-Joseph-MN-2e7968f8-48eb-45da-a3ba-b4c20120010b	41341 USD	2023 OXFORD WHITE Ford F-150 XLT CREW CAB For sale at Bee Line Auto & Sport in Saint Joseph Minnesota.	https://cdpcdn.dx1app.com/products-private/prod/0572c8a0-f7ee-425a-856e-445420432c97/f3e02b2f-ee6a-421b-9637-b472014a74f4/00000000-0000-0000-0000-000000000000/85cf22a6-9aff-4dd0-b7f0-b4c2012000d2/2e7968f8-48eb-45da-a3ba-b4c20120010b/6000000001.jpg	in stock	USED	TRUCK	Vehicles & Parts > Vehicles > Motor Vehicles > Cars, Trucks & Vans	1FTFW1E86PKD84748	https://www.beelineautoandsport.com/Specialty-Vehicles-Ford-F-150-XLT-CREW-CAB-2023-Saint-Joseph-MN-2e7968f8-48eb-45da-a3ba-b4c20120010b/123?store={store_code}	WHITE	24969 miles	F-150	1FTFW1E86PKD84748	2023	41341 USD	Bee Line Auto	41341 USD	MI	no	F-150	No	Over 20k
1FTFW1E55PFC33995	2023 Ford F-150 XLT CREW CAB	Ford	https://www.beelineautoandsport.com/Specialty-Vehicles-Ford-F-150-XLT-CREW-CAB-2023-Saint-Joseph-MN-d3a6e4d6-0be9-4055-adaf-b4c20120f254	38341 USD	2023 ICONIC SILVER MATALLIC Ford F-150 XLT CREW CAB For sale at Bee Line Auto & Sport in Saint Joseph Minnesota.	https://cdpcdn.dx1app.com/products-private/prod/0572c8a0-f7ee-425a-856e-445420432c97/f3e02b2f-ee6a-421b-9637-b472014a74f4/00000000-0000-0000-0000-000000000000/ef0912cb-4b86-44e0-9584-b4c20120f222/d3a6e4d6-0be9-4055-adaf-b4c20120f254/6000000001.jpg	in stock	USED	TRUCK	Vehicles & Parts > Vehicles > Motor Vehicles > Cars, Trucks & Vans	1FTFW1E55PFC33995	https://www.beelineautoandsport.com/Specialty-Vehicles-Ford-F-150-XLT-CREW-CAB-2023-Saint-Joseph-MN-d3a6e4d6-0be9-4055-adaf-b4c20120f254/123?store={store_code}	SILVER	72768 miles	F-150	1FTFW1E55PFC33995	2023	38341 USD	Bee Line Auto	38341 USD	MI	no	F-150	No	Over 20k
1FTFW3L81SKD12346	2025 Ford F-150 XLT CREW CAB	Ford	https://www.beelineautoandsport.com/Specialty-Vehicles-Ford-F-150-XLT-CREW-CAB-2025-Saint-Joseph-MN-13bf9696-19a8-4edf-85d2-b4c200f322e6	43341 USD	2025 AGATE BLACK METALLIC Ford F-150 XLT CREW CAB For sale at Bee Line Auto & Sport in Saint Joseph Minnesota.	https://cdpcdn.dx1app.com/products-private/prod/0572c8a0-f7ee-425a-856e-445420432c97/f3e02b2f-ee6a-421b-9637-b472014a74f4/00000000-0000-0000-0000-000000000000/3db79325-5bcf-4b30-9cba-b4c200f31f8a/13bf9696-19a8-4edf-85d2-b4c200f322e6/6000000001.jpg	in stock	USED	TRUCK	Vehicles & Parts > Vehicles > Motor Vehicles > Cars, Trucks & Vans	1FTFW3L81SKD12346	https://www.beelineautoandsport.com/Specialty-Vehicles-Ford-F-150-XLT-CREW-CAB-2025-Saint-Joseph-MN-13bf9696-19a8-4edf-85d2-b4c200f322e6/123?store={store_code}	BLACK	14114 miles	F-150	1FTFW3L81SKD12346	2025	43341 USD	Bee Line Auto	43341 USD	MI	no	F-150	No	Over 20k
1FTFW3L84SKE49779	2025 Ford F-150 XLT CREW CAB	Ford	https://www.beelineautoandsport.com/Specialty-Vehicles-Ford-F-150-XLT-CREW-CAB-2025-Saint-Joseph-MN-480fd3fd-dbf4-44cb-b564-b4c200fbb57d	43341 USD	2025 CARBONIZED GRAY METALLIC Ford F-150 XLT CREW CAB For sale at Bee Line Auto & Sport in Saint Joseph Minnesota.	https://cdpcdn.dx1app.com/products-private/prod/0572c8a0-f7ee-425a-856e-445420432c97/f3e02b2f-ee6a-421b-9637-b472014a74f4/00000000-0000-0000-0000-000000000000/038db7b4-ba50-47f5-919c-b4c200fbb463/480fd3fd-dbf4-44cb-b564-b4c200fbb57d/6000000001.jpg	in stock	USED	TRUCK	Vehicles & Parts > Vehicles > Motor Vehicles > Cars, Trucks & Vans	1FTFW3L84SKE49779	https://www.beelineautoandsport.com/Specialty-Vehicles-Ford-F-150-XLT-CREW-CAB-2025-Saint-Joseph-MN-480fd3fd-dbf4-44cb-b564-b4c200fbb57d/123?store={store_code}	GRAY	15364 miles	F-150	1FTFW3L84SKE49779	2025	43341 USD	Bee Line Auto	43341 USD	MI	no	F-150	No	Over 20k
1FTFW3L80SKE49634	2025 Ford F-150 XLT CREW CAB	Ford	https://www.beelineautoandsport.com/Specialty-Vehicles-Ford-F-150-XLT-CREW-CAB-2025-Saint-Joseph-MN-ba6208d2-7a7c-4913-8cd7-b4bb0102b703	43341 USD	2025 ICONIC SILVER METALLIC Ford F-150 XLT CREW CAB For sale at Bee Line Auto & Sport in Saint Joseph Minnesota.	https://cdpcdn.dx1app.com/products-private/prod/0572c8a0-f7ee-425a-856e-445420432c97/f3e02b2f-ee6a-421b-9637-b472014a74f4/00000000-0000-0000-0000-000000000000/ff486a2a-7d8b-4e8e-8a4d-b4bb0102b62e/ba6208d2-7a7c-4913-8cd7-b4bb0102b703/6000000001.jpg	in stock	USED	TRUCK	Vehicles & Parts > Vehicles > Motor Vehicles > Cars, Trucks & Vans	1FTFW3L80SKE49634	https://www.beelineautoandsport.com/Specialty-Vehicles-Ford-F-150-XLT-CREW-CAB-2025-Saint-Joseph-MN-ba6208d2-7a7c-4913-8cd7-b4bb0102b703/123?store={store_code}	SILVER	15669 miles	F-150	1FTFW3L80SKE49634	2025	43341 USD	Bee Line Auto	43341 USD	MI	no	F-150	No	Over 20k
1FTFW3L80SKD37142	2025 Ford F-150 XLT CREW CAB	Ford	https://www.beelineautoandsport.com/Specialty-Vehicles-Ford-F-150-XLT-CREW-CAB-2025-Saint-Joseph-MN-de95d09b-3ef3-4173-9016-b4c200fdfa6f	43341 USD	2025 OXFORD WHITE Ford F-150 XLT CREW CAB For sale at Bee Line Auto & Sport in Saint Joseph Minnesota.	https://cdpcdn.dx1app.com/products-private/prod/0572c8a0-f7ee-425a-856e-445420432c97/f3e02b2f-ee6a-421b-9637-b472014a74f4/00000000-0000-0000-0000-000000000000/2de222ff-767f-431a-88d9-b4c200fdf8b1/de95d09b-3ef3-4173-9016-b4c200fdfa6f/6000000001.jpg	in stock	USED	TRUCK	Vehicles & Parts > Vehicles > Motor Vehicles > Cars, Trucks & Vans	1FTFW3L80SKD37142	https://www.beelineautoandsport.com/Specialty-Vehicles-Ford-F-150-XLT-CREW-CAB-2025-Saint-Joseph-MN-de95d09b-3ef3-4173-9016-b4c200fdfa6f/123?store={store_code}	WHITE	22226 miles	F-150	1FTFW3L80SKD37142	2025	43341 USD	Bee Line Auto	43341 USD	MI	no	F-150	No	Over 20k
1FT8W3BT4HEC59132	2017 Ford F-350	Ford	https://www.beelineautoandsport.com/Specialty-Vehicles-Ford-F-350SD-LARIAT-CREW-CAB-2017-Saint-Joseph-MN-1d16a428-c8b4-4c01-a661-b4c2012526b6	48341 USD	2017 RACE RED Ford F-350 For sale at Bee Line Auto & Sport in Saint Joseph Minnesota.	https://cdpcdn.dx1app.com/products-private/prod/0572c8a0-f7ee-425a-856e-445420432c97/f3e02b2f-ee6a-421b-9637-b472014a74f4/00000000-0000-0000-0000-000000000000/529e3f59-030f-4f37-9d16-b4c201252688/1d16a428-c8b4-4c01-a661-b4c2012526b6/6000000001.jpg	in stock	USED	TRUCK	Vehicles & Parts > Vehicles > Motor Vehicles > Cars, Trucks & Vans	1FT8W3BT4HEC59132	https://www.beelineautoandsport.com/Specialty-Vehicles-Ford-F-350SD-LARIAT-CREW-CAB-2017-Saint-Joseph-MN-1d16a428-c8b4-4c01-a661-b4c2012526b6/123?store={store_code}	RED	107081 miles	F-350	1FT8W3BT4HEC59132	2017	48341 USD	Bee Line Auto	48341 USD	MI	no	F-350	No	Over 20k
1GTG6EEN2K1216508	2019 GMC Canyon DENALI CREW CAB	GMC	https://www.beelineautoandsport.com/Specialty-Vehicles-GMC-CANYON-DENALI-CREW-CAB-2019-Saint-Joseph-MN-d8e4a54b-4538-418e-8124-b4c20146ecd9	26341 USD	2019 ONYX BLACK GMC Canyon DENALI CREW CAB For sale at Bee Line Auto & Sport in Saint Joseph Minnesota.	https://cdpcdn.dx1app.com/products-private/prod/0572c8a0-f7ee-425a-856e-445420432c97/f3e02b2f-ee6a-421b-9637-b472014a74f4/00000000-0000-0000-0000-000000000000/70a36fd5-a0c2-498a-8c94-b4c20146ec79/d8e4a54b-4538-418e-8124-b4c20146ecd9/6000000001.jpg	in stock	USED	TRUCK	Vehicles & Parts > Vehicles > Motor Vehicles > Cars, Trucks & Vans	1GTG6EEN2K1216508	https://www.beelineautoandsport.com/Specialty-Vehicles-GMC-CANYON-DENALI-CREW-CAB-2019-Saint-Joseph-MN-d8e4a54b-4538-418e-8124-b4c20146ecd9/123?store={store_code}	BLACK	111821 miles	Canyon	1GTG6EEN2K1216508	2019	26341 USD	Bee Line Auto	26341 USD	MI	no	Canyon	No	Over 20k
3GTUUGED9PG342837	2023 GMC Sierra 1500 DENALI CREW CAB	GMC	https://www.beelineautoandsport.com/Specialty-Vehicles-GMC-SIERRA-1500-DENALI-CREW-CAB-2023-Saint-Joseph-MN-697f311a-746f-4d74-8102-b4c20148da4a	53341 USD	2023 WHITE FROST TRICOAT GMC Sierra 1500 DENALI CREW CAB For sale at Bee Line Auto & Sport in Saint Joseph Minnesota.	https://cdpcdn.dx1app.com/products-private/prod/0572c8a0-f7ee-425a-856e-445420432c97/f3e02b2f-ee6a-421b-9637-b472014a74f4/00000000-0000-0000-0000-000000000000/e1f6069e-82e0-444a-a8a4-b4c20148da19/697f311a-746f-4d74-8102-b4c20148da4a/6000000001.jpg	in stock	USED	TRUCK	Vehicles & Parts > Vehicles > Motor Vehicles > Cars, Trucks & Vans	3GTUUGED9PG342837	https://www.beelineautoandsport.com/Specialty-Vehicles-GMC-SIERRA-1500-DENALI-CREW-CAB-2023-Saint-Joseph-MN-697f311a-746f-4d74-8102-b4c20148da4a/123?store={store_code}	WHITE	30016 miles	Sierra	3GTUUGED9PG342837	2023	53341 USD	Bee Line Auto	53341 USD	MI	no	Sierra	No	Over 20k
3GTP9EELXNG102302	2022 GMC Sierra Limited AT4	GMC	https://www.beelineautoandsport.com/Specialty-Vehicles-GMC-SIERRA-1500-LIMITED-AT4-CREW-CAB-2022-Saint-Joseph-MN-8ab06e05-9f1f-4b6d-9a95-b4c7016b28a4	42341 USD	2022 SUMMIT WHITE GMC Sierra Limited AT4 For sale at Bee Line Auto & Sport in Saint Joseph Minnesota.	https://cdpcdn.dx1app.com/products-private/prod/0572c8a0-f7ee-425a-856e-445420432c97/f3e02b2f-ee6a-421b-9637-b472014a74f4/00000000-0000-0000-0000-000000000000/486b72c3-710c-46af-9a44-b4c7016b2793/8ab06e05-9f1f-4b6d-9a95-b4c7016b28a4/6000000001.jpg	in stock	USED	TRUCK	Vehicles & Parts > Vehicles > Motor Vehicles > Cars, Trucks & Vans	3GTP9EELXNG102302	https://www.beelineautoandsport.com/Specialty-Vehicles-GMC-SIERRA-1500-LIMITED-AT4-CREW-CAB-2022-Saint-Joseph-MN-8ab06e05-9f1f-4b6d-9a95-b4c7016b28a4/123?store={store_code}	WHITE	44126 miles	Sierra Limited	3GTP9EELXNG102302	2022	42341 USD	Bee Line Auto	42341 USD	MI	no	Sierra Limited	No	Over 20k
1GTUUDED6RZ247797	2024 GMC Sierra 1500 SLT CREW CAB	GMC	https://www.beelineautoandsport.com/Specialty-Vehicles-GMC-SIERRA-1500-SLT-CREW-CAB-2024-Saint-Joseph-MN-c8d55e9d-6be3-4572-8af3-b4c20147a239	49341 USD	2024 TITANIUM GMC Sierra 1500 SLT CREW CAB For sale at Bee Line Auto & Sport in Saint Joseph Minnesota.	https://cdpcdn.dx1app.com/products-private/prod/0572c8a0-f7ee-425a-856e-445420432c97/f3e02b2f-ee6a-421b-9637-b472014a74f4/00000000-0000-0000-0000-000000000000/f3d70d22-38ee-4b49-aa29-b4c20147a203/c8d55e9d-6be3-4572-8af3-b4c20147a239/6000000001.jpg	in stock	USED	TRUCK	Vehicles & Parts > Vehicles > Motor Vehicles > Cars, Trucks & Vans	1GTUUDED6RZ247797	https://www.beelineautoandsport.com/Specialty-Vehicles-GMC-SIERRA-1500-SLT-CREW-CAB-2024-Saint-Joseph-MN-c8d55e9d-6be3-4572-8af3-b4c20147a239/123?store={store_code}	GRAY	28965 miles	Sierra	1GTUUDED6RZ247797	2024	49341 USD	Bee Line Auto	49341 USD	MI	no	Sierra	No	Over 20k
1GKS2GKCXKR268799	2019 GMC Yukon XL SLT	GMC	https://www.beelineautoandsport.com/Specialty-Vehicles-GMC-YUKON-XL-SLT-2019-Saint-Joseph-MN-99bbe9fe-6a6b-4d22-afa6-b4c2014d09e0	28341 USD	2019 SUMMIT WHITE GMC Yukon XL SLT For sale at Bee Line Auto & Sport in Saint Joseph Minnesota.	https://cdpcdn.dx1app.com/products-private/prod/0572c8a0-f7ee-425a-856e-445420432c97/f3e02b2f-ee6a-421b-9637-b472014a74f4/00000000-0000-0000-0000-000000000000/720926a4-36a7-4120-9f39-b4c2014d093f/99bbe9fe-6a6b-4d22-afa6-b4c2014d09e0/6000000001.jpg	in stock	USED	SUV	Vehicles & Parts > Vehicles > Motor Vehicles > Cars, Trucks & Vans	1GKS2GKCXKR268799	https://www.beelineautoandsport.com/Specialty-Vehicles-GMC-YUKON-XL-SLT-2019-Saint-Joseph-MN-99bbe9fe-6a6b-4d22-afa6-b4c2014d09e0/123?store={store_code}	WHITE	95664 miles	Yukon XL	1GKS2GKCXKR268799	2019	28341 USD	Bee Line Auto	28341 USD	MI	no	Yukon XL	No	Over 20k
5FNRL6H64PB077783	2023 Honda Odyssey EX-L	Honda	https://www.beelineautoandsport.com/Specialty-Vehicles-Honda-ODYSSEY-EX-L-2023-Saint-Joseph-MN-3f092f1d-0a1d-4072-8e26-b4c70118e63a	37341 USD	2023 LUNAR SILVER METALLIC Honda Odyssey EX-L For sale at Bee Line Auto & Sport in Saint Joseph Minnesota.	https://cdpcdn.dx1app.com/products-private/prod/0572c8a0-f7ee-425a-856e-445420432c97/f3e02b2f-ee6a-421b-9637-b472014a74f4/00000000-0000-0000-0000-000000000000/e2735f74-f2bf-4b42-92b5-b4c70118e5cd/3f092f1d-0a1d-4072-8e26-b4c70118e63a/6000000005.jpg	in stock	USED	VAN	Vehicles & Parts > Vehicles > Motor Vehicles > Cars, Trucks & Vans	5FNRL6H64PB077783	https://www.beelineautoandsport.com/Specialty-Vehicles-Honda-ODYSSEY-EX-L-2023-Saint-Joseph-MN-3f092f1d-0a1d-4072-8e26-b4c70118e63a/123?store={store_code}	SILVER	21157 miles	Odyssey	5FNRL6H64PB077783	2023	37341 USD	Bee Line Auto	37341 USD	MI	no	Odyssey	No	Over 20k
5FNYF8H5XPB013351	2023 Honda Passport EX-L	Honda	https://www.beelineautoandsport.com/Specialty-Vehicles-Honda-PASSPORT-EX-L-2023-Saint-Joseph-MN-40673a4c-7199-4d9f-984d-b4be01436fa6	34041 USD	2023 PLATINUM WHITE PEARL Honda Passport EX-L For sale at Bee Line Auto & Sport in Saint Joseph Minnesota.	https://cdpcdn.dx1app.com/products-private/prod/0572c8a0-f7ee-425a-856e-445420432c97/f3e02b2f-ee6a-421b-9637-b472014a74f4/00000000-0000-0000-0000-000000000000/5e8fd038-5b54-4f34-9a4c-b4be01436f49/40673a4c-7199-4d9f-984d-b4be01436fa6/6000000001.jpg	in stock	USED	SUV	Vehicles & Parts > Vehicles > Motor Vehicles > Cars, Trucks & Vans	5FNYF8H5XPB013351	https://www.beelineautoandsport.com/Specialty-Vehicles-Honda-PASSPORT-EX-L-2023-Saint-Joseph-MN-40673a4c-7199-4d9f-984d-b4be01436fa6/123?store={store_code}	WHITE	36695 miles	Passport	5FNYF8H5XPB013351	2023	34041 USD	Bee Line Auto	34041 USD	MI	no	Passport	No	Over 20k
KM8JFCA17NU073647	2022 Hyundai Tucson HYBRID SEL CONVENIENCE	Hyundai	https://www.beelineautoandsport.com/Specialty-Vehicles-Hyundai-TUCSON-HYBRID-SEL-CONVENIENCE-2022-Saint-Joseph-MN-4a7f3d18-d927-4d2f-8a6f-b4c100ff65df	24341 USD	2022 DEEP SEA Hyundai Tucson HYBRID SEL CONVENIENCE For sale at Bee Line Auto & Sport in Saint Joseph Minnesota.	https://cdpcdn.dx1app.com/products-private/prod/0572c8a0-f7ee-425a-856e-445420432c97/f3e02b2f-ee6a-421b-9637-b472014a74f4/00000000-0000-0000-0000-000000000000/1dc25703-4172-4104-89c8-b4c100ff6580/4a7f3d18-d927-4d2f-8a6f-b4c100ff65df/6000000001.jpg	in stock	USED	SUV	Vehicles & Parts > Vehicles > Motor Vehicles > Cars, Trucks & Vans	KM8JFCA17NU073647	https://www.beelineautoandsport.com/Specialty-Vehicles-Hyundai-TUCSON-HYBRID-SEL-CONVENIENCE-2022-Saint-Joseph-MN-4a7f3d18-d927-4d2f-8a6f-b4c100ff65df/123?store={store_code}	BLUE	58013 miles	Tucson	KM8JFCA17NU073647	2022	24341 USD	Bee Line Auto	24341 USD	MI	no	Tucson	No	Over 20k
KM8J3CA22GU120412	2016 Hyundai Tucson LIMITED	Hyundai	https://www.beelineautoandsport.com/Specialty-Vehicles-Hyundai-TUCSON-LIMITED-2016-Saint-Joseph-MN-16d17726-a6a1-4f58-986a-b4be01467b03	14341 USD	2016 RUBY WINE Hyundai Tucson LIMITED For sale at Bee Line Auto & Sport in Saint Joseph Minnesota.	https://cdpcdn.dx1app.com/products-private/prod/0572c8a0-f7ee-425a-856e-445420432c97/f3e02b2f-ee6a-421b-9637-b472014a74f4/00000000-0000-0000-0000-000000000000/8a6bfcd8-acf2-470c-a6a1-b4be01467ac0/16d17726-a6a1-4f58-986a-b4be01467b03/6000000001.jpg	in stock	USED	SUV	Vehicles & Parts > Vehicles > Motor Vehicles > Cars, Trucks & Vans	KM8J3CA22GU120412	https://www.beelineautoandsport.com/Specialty-Vehicles-Hyundai-TUCSON-LIMITED-2016-Saint-Joseph-MN-16d17726-a6a1-4f58-986a-b4be01467b03/123?store={store_code}	MAROON	95056 miles	Tucson	KM8J3CA22GU120412	2016	14341 USD	Bee Line Auto	14341 USD	MI	no	Tucson	No	Under 20k
1C4PJMDX4LD567156	2020 Jeep Cherokee LIMITED	Jeep	https://www.beelineautoandsport.com/Specialty-Vehicles-Jeep-CHEROKEE-LIMITED-2020-Saint-Joseph-MN-eac42575-b6ea-4074-a159-b4c2014dbddb	17341 USD	2020 VELVET RED PEARLCOAT Jeep Cherokee LIMITED For sale at Bee Line Auto & Sport in Saint Joseph Minnesota.	https://cdpcdn.dx1app.com/products-private/prod/0572c8a0-f7ee-425a-856e-445420432c97/f3e02b2f-ee6a-421b-9637-b472014a74f4/00000000-0000-0000-0000-000000000000/d51e048a-706b-44c2-b952-b4c2014dbd94/eac42575-b6ea-4074-a159-b4c2014dbddb/6000000001.png	in stock	USED	SUV	Vehicles & Parts > Vehicles > Motor Vehicles > Cars, Trucks & Vans	1C4PJMDX4LD567156	https://www.beelineautoandsport.com/Specialty-Vehicles-Jeep-CHEROKEE-LIMITED-2020-Saint-Joseph-MN-eac42575-b6ea-4074-a159-b4c2014dbddb/123?store={store_code}	RED	98360 miles	Cherokee	1C4PJMDX4LD567156	2020	17341 USD	Bee Line Auto	17341 USD	MI	no	Cherokee	No	Under 20k
3C4NJDCNXPT549431	2023 Jeep Compass LIMITED	Jeep	https://www.beelineautoandsport.com/Specialty-Vehicles-Jeep-COMPASS-LIMITED-2023-Saint-Joseph-MN-9d8a9277-97ac-452f-b7ff-b4c2015c0841	26141 USD	2023 GRANITE CRYSTAL METALLIC CLEARCOAT Jeep Compass LIMITED For sale at Bee Line Auto & Sport in Saint Joseph Minnesota.	https://cdpcdn.dx1app.com/products-private/prod/0572c8a0-f7ee-425a-856e-445420432c97/f3e02b2f-ee6a-421b-9637-b472014a74f4/00000000-0000-0000-0000-000000000000/eb22e0d0-59b1-4b68-ad05-b4c2015c070b/9d8a9277-97ac-452f-b7ff-b4c2015c0841/6000000007.jpg	in stock	USED	SUV	Vehicles & Parts > Vehicles > Motor Vehicles > Cars, Trucks & Vans	3C4NJDCNXPT549431	https://www.beelineautoandsport.com/Specialty-Vehicles-Jeep-COMPASS-LIMITED-2023-Saint-Joseph-MN-9d8a9277-97ac-452f-b7ff-b4c2015c0841/123?store={store_code}	GRAY	7860 miles	Compass	3C4NJDCNXPT549431	2023	26141 USD	Bee Line Auto	26141 USD	MI	no	Compass	No	Over 20k
3C4NJDCN0PT572443	2023 Jeep Compass LIMITED	Jeep	https://www.beelineautoandsport.com/Specialty-Vehicles-Jeep-COMPASS-LIMITED-2023-Saint-Joseph-MN-aae5d789-9057-4ef5-9ed2-b4c2015cde4e	25641 USD	2023 LASER BLUE PEARLCOAT Jeep Compass LIMITED For sale at Bee Line Auto & Sport in Saint Joseph Minnesota.	https://cdpcdn.dx1app.com/products-private/prod/0572c8a0-f7ee-425a-856e-445420432c97/f3e02b2f-ee6a-421b-9637-b472014a74f4/00000000-0000-0000-0000-000000000000/1d49507b-ce62-4581-8d49-b4c2015cde10/aae5d789-9057-4ef5-9ed2-b4c2015cde4e/6000000007.jpg	in stock	USED	SUV	Vehicles & Parts > Vehicles > Motor Vehicles > Cars, Trucks & Vans	3C4NJDCN0PT572443	https://www.beelineautoandsport.com/Specialty-Vehicles-Jeep-COMPASS-LIMITED-2023-Saint-Joseph-MN-aae5d789-9057-4ef5-9ed2-b4c2015cde4e/123?store={store_code}	BLUE	14101 miles	Compass	3C4NJDCN0PT572443	2023	25641 USD	Bee Line Auto	25641 USD	MI	no	Compass	No	Over 20k
3C4NJDCN4PT536948	2023 Jeep Compass LIMITED	Jeep	https://www.beelineautoandsport.com/Specialty-Vehicles-Jeep-COMPASS-LIMITED-2023-Saint-Joseph-MN-ff263f03-68be-40a5-915a-b4c2015ec396	25641 USD	2023 GRANITE CRYSTAL METALLIC CLEARCOAT Jeep Compass LIMITED For sale at Bee Line Auto & Sport in Saint Joseph Minnesota.	https://cdpcdn.dx1app.com/products-private/prod/0572c8a0-f7ee-425a-856e-445420432c97/f3e02b2f-ee6a-421b-9637-b472014a74f4/00000000-0000-0000-0000-000000000000/ea323140-16e0-4263-a727-b4c2015ec28c/ff263f03-68be-40a5-915a-b4c2015ec396/6000000001.jpg	in stock	USED	SUV	Vehicles & Parts > Vehicles > Motor Vehicles > Cars, Trucks & Vans	3C4NJDCN4PT536948	https://www.beelineautoandsport.com/Specialty-Vehicles-Jeep-COMPASS-LIMITED-2023-Saint-Joseph-MN-ff263f03-68be-40a5-915a-b4c2015ec396/123?store={store_code}	GRAY	16299 miles	Compass	3C4NJDCN4PT536948	2023	25641 USD	Bee Line Auto	25641 USD	MI	no	Compass	No	Over 20k
3C4NJDCN9RT115746	2024 Jeep Compass LIMITED	Jeep	https://www.beelineautoandsport.com/Specialty-Vehicles-Jeep-COMPASS-LIMITED-2024-Saint-Joseph-MN-1a36979a-54a1-4702-aaa2-b4c2014f2679	26341 USD	2024 SILVER ZYNITH METALLIC CLEARCOAT Jeep Compass LIMITED For sale at Bee Line Auto & Sport in Saint Joseph Minnesota.	https://cdpcdn.dx1app.com/products-private/prod/0572c8a0-f7ee-425a-856e-445420432c97/f3e02b2f-ee6a-421b-9637-b472014a74f4/00000000-0000-0000-0000-000000000000/3e1ffbb6-eace-460c-9daf-b4c2014f2635/1a36979a-54a1-4702-aaa2-b4c2014f2679/6000000001.jpg	in stock	USED	SUV	Vehicles & Parts > Vehicles > Motor Vehicles > Cars, Trucks & Vans	3C4NJDCN9RT115746	https://www.beelineautoandsport.com/Specialty-Vehicles-Jeep-COMPASS-LIMITED-2024-Saint-Joseph-MN-1a36979a-54a1-4702-aaa2-b4c2014f2679/123?store={store_code}	SILVER	8872 miles	Compass	3C4NJDCN9RT115746	2024	26341 USD	Bee Line Auto	26341 USD	MI	no	Compass	No	Over 20k
1C4RJHAG3RC233123	2024 Jeep Grand Cherokee ALTITUDE X	Jeep	https://www.beelineautoandsport.com/Specialty-Vehicles-Jeep-GRAND-CHEROKEE-ALTITUDE-X-2024-Saint-Joseph-MN-c54a1a59-5f68-40f3-a5e3-b4c301448891	35841 USD	2024 BALTIC GRAY METALLIC CLEARCOAT Jeep Grand Cherokee ALTITUDE X For sale at Bee Line Auto & Sport in Saint Joseph Minnesota.	https://cdpcdn.dx1app.com/products-private/prod/0572c8a0-f7ee-425a-856e-445420432c97/f3e02b2f-ee6a-421b-9637-b472014a74f4/00000000-0000-0000-0000-000000000000/7437ccab-c2b0-4503-a872-b4c30144856c/c54a1a59-5f68-40f3-a5e3-b4c301448891/6000000001.jpg	in stock	USED	SUV	Vehicles & Parts > Vehicles > Motor Vehicles > Cars, Trucks & Vans	1C4RJHAG3RC233123	https://www.beelineautoandsport.com/Specialty-Vehicles-Jeep-GRAND-CHEROKEE-ALTITUDE-X-2024-Saint-Joseph-MN-c54a1a59-5f68-40f3-a5e3-b4c301448891/123?store={store_code}	GRAY	13434 miles	Grand Cherokee	1C4RJHAG3RC233123	2024	35841 USD	Bee Line Auto	35841 USD	MI	no	Grand Cherokee	No	Over 20k
1C4RJKBG3N8587667	2022 Jeep Grand Cherokee L LIMITED	Jeep	https://www.beelineautoandsport.com/Specialty-Vehicles-Jeep-GRAND-CHEROKEE-L-LIMITED-2022-Saint-Joseph-MN-c85ef019-c35d-444f-a737-b4c301487d6a	34341 USD	2022 BRIGHT WHITE CLEARCOAT Jeep Grand Cherokee L LIMITED For sale at Bee Line Auto & Sport in Saint Joseph Minnesota.	https://cdpcdn.dx1app.com/products-private/prod/0572c8a0-f7ee-425a-856e-445420432c97/f3e02b2f-ee6a-421b-9637-b472014a74f4/00000000-0000-0000-0000-000000000000/fa7fb10d-c35e-486c-887f-b4c301487d27/c85ef019-c35d-444f-a737-b4c301487d6a/6000000001.jpg	in stock	USED	SUV	Vehicles & Parts > Vehicles > Motor Vehicles > Cars, Trucks & Vans	1C4RJKBG3N8587667	https://www.beelineautoandsport.com/Specialty-Vehicles-Jeep-GRAND-CHEROKEE-L-LIMITED-2022-Saint-Joseph-MN-c85ef019-c35d-444f-a737-b4c301487d6a/123?store={store_code}	WHITE	22070 miles	Grand Cherokee L	1C4RJKBG3N8587667	2022	34341 USD	Bee Line Auto	34341 USD	MI	no	Grand Cherokee L	No	Over 20k
1C4RJKBG7P8830948	2023 Jeep Grand Cherokee L LIMITED	Jeep	https://www.beelineautoandsport.com/Specialty-Vehicles-Jeep-GRAND-CHEROKEE-L-LIMITED-2023-Saint-Joseph-MN-8e05390b-ab01-49d0-a78f-b4c301467999	35341 USD	2023 BRIGHT WHITE CLEARCOAT Jeep Grand Cherokee L LIMITED For sale at Bee Line Auto & Sport in Saint Joseph Minnesota.	https://cdpcdn.dx1app.com/products-private/prod/0572c8a0-f7ee-425a-856e-445420432c97/f3e02b2f-ee6a-421b-9637-b472014a74f4/00000000-0000-0000-0000-000000000000/33579e95-e877-417b-85a9-b4c301467950/8e05390b-ab01-49d0-a78f-b4c301467999/6000000001.jpg	in stock	USED	SUV	Vehicles & Parts > Vehicles > Motor Vehicles > Cars, Trucks & Vans	1C4RJKBG7P8830948	https://www.beelineautoandsport.com/Specialty-Vehicles-Jeep-GRAND-CHEROKEE-L-LIMITED-2023-Saint-Joseph-MN-8e05390b-ab01-49d0-a78f-b4c301467999/123?store={store_code}	WHITE	28175 miles	Grand Cherokee L	1C4RJKBG7P8830948	2023	35341 USD	Bee Line Auto	35341 USD	MI	no	Grand Cherokee L	No	Over 20k
1C4RJHAG9P8910157	2023 Jeep Grand Cherokee LAREDO	Jeep	https://www.beelineautoandsport.com/Specialty-Vehicles-Jeep-GRAND-CHEROKEE-LAREDO-2023-Saint-Joseph-MN-183b3601-f481-4d3e-9917-b4c301472bf5	30841 USD	2023 DIAMOND BLACK CRYSTAL PEARLCOAT Jeep Grand Cherokee LAREDO For sale at Bee Line Auto & Sport in Saint Joseph Minnesota.	https://cdpcdn.dx1app.com/products-private/prod/0572c8a0-f7ee-425a-856e-445420432c97/f3e02b2f-ee6a-421b-9637-b472014a74f4/00000000-0000-0000-0000-000000000000/e17e8fd0-3007-459c-92bc-b4c301472bc2/183b3601-f481-4d3e-9917-b4c301472bf5/6000000001.jpg	in stock	USED	SUV	Vehicles & Parts > Vehicles > Motor Vehicles > Cars, Trucks & Vans	1C4RJHAG9P8910157	https://www.beelineautoandsport.com/Specialty-Vehicles-Jeep-GRAND-CHEROKEE-LAREDO-2023-Saint-Joseph-MN-183b3601-f481-4d3e-9917-b4c301472bf5/123?store={store_code}	BLACK	14682 miles	Grand Cherokee	1C4RJHAG9P8910157	2023	30841 USD	Bee Line Auto	30841 USD	MI	no	Grand Cherokee	No	Over 20k
1C4RJHAG3PC625323	2023 Jeep Grand Cherokee LAREDO	Jeep	https://www.beelineautoandsport.com/Specialty-Vehicles-Jeep-GRAND-CHEROKEE-LAREDO-2023-Saint-Joseph-MN-4efcec32-cb29-4c1d-a99d-b4c30147bd71	22341 USD	2023 BRIGHT WHITE CLEARCOAT Jeep Grand Cherokee LAREDO For sale at Bee Line Auto & Sport in Saint Joseph Minnesota.	https://cdpcdn.dx1app.com/products-private/prod/0572c8a0-f7ee-425a-856e-445420432c97/f3e02b2f-ee6a-421b-9637-b472014a74f4/00000000-0000-0000-0000-000000000000/9fc48f46-0b7a-4b88-af97-b4c30147bd47/4efcec32-cb29-4c1d-a99d-b4c30147bd71/6000000001.png	in stock	USED	SUV	Vehicles & Parts > Vehicles > Motor Vehicles > Cars, Trucks & Vans	1C4RJHAG3PC625323	https://www.beelineautoandsport.com/Specialty-Vehicles-Jeep-GRAND-CHEROKEE-LAREDO-2023-Saint-Joseph-MN-4efcec32-cb29-4c1d-a99d-b4c30147bd71/123?store={store_code}	WHITE	81348 miles	Grand Cherokee	1C4RJHAG3PC625323	2023	22341 USD	Bee Line Auto	22341 USD	MI	no	Grand Cherokee	No	Over 20k
1C4RJFAG0MC548944	2021 Jeep Grand Cherokee LAREDO X	Jeep	https://www.beelineautoandsport.com/Specialty-Vehicles-Jeep-GRAND-CHEROKEE-LAREDO-X-2021-Saint-Joseph-MN-df35252f-4fd7-4c17-add6-b4bb01274105	22841 USD	2021 VELVET RED PEARLCOAT Jeep Grand Cherokee LAREDO X For sale at Bee Line Auto & Sport in Saint Joseph Minnesota.	https://cdpcdn.dx1app.com/products-private/prod/0572c8a0-f7ee-425a-856e-445420432c97/f3e02b2f-ee6a-421b-9637-b472014a74f4/00000000-0000-0000-0000-000000000000/36dfe219-1a3e-4580-b629-b4bb01274071/df35252f-4fd7-4c17-add6-b4bb01274105/6000000001.jpg	in stock	USED	SUV	Vehicles & Parts > Vehicles > Motor Vehicles > Cars, Trucks & Vans	1C4RJFAG0MC548944	https://www.beelineautoandsport.com/Specialty-Vehicles-Jeep-GRAND-CHEROKEE-LAREDO-X-2021-Saint-Joseph-MN-df35252f-4fd7-4c17-add6-b4bb01274105/123?store={store_code}	RED	72070 miles	Grand Cherokee	1C4RJFAG0MC548944	2021	22841 USD	Bee Line Auto	22841 USD	MI	no	Grand Cherokee	No	Over 20k
1C4RJHBG7RC223614	2024 Jeep Grand Cherokee LIMITED	Jeep	https://www.beelineautoandsport.com/Specialty-Vehicles-Jeep-GRAND-CHEROKEE-LIMITED-2024-Saint-Joseph-MN-e36d352b-b218-4db0-9de3-b4bb010b8574	35741 USD	2024 MIDNIGHT SKY Jeep Grand Cherokee LIMITED For sale at Bee Line Auto & Sport in Saint Joseph Minnesota.	https://cdpcdn.dx1app.com/products-private/prod/0572c8a0-f7ee-425a-856e-445420432c97/f3e02b2f-ee6a-421b-9637-b472014a74f4/00000000-0000-0000-0000-000000000000/d932cdd3-5165-4a51-9e6e-b4bb010b8464/e36d352b-b218-4db0-9de3-b4bb010b8574/6000000001.jpg	in stock	USED	SUV	Vehicles & Parts > Vehicles > Motor Vehicles > Cars, Trucks & Vans	1C4RJHBG7RC223614	https://www.beelineautoandsport.com/Specialty-Vehicles-Jeep-GRAND-CHEROKEE-LIMITED-2024-Saint-Joseph-MN-e36d352b-b218-4db0-9de3-b4bb010b8574/123?store={store_code}	BLACK	23503 miles	Grand Cherokee	1C4RJHBG7RC223614	2024	35741 USD	Bee Line Auto	35741 USD	MI	no	Grand Cherokee	No	Over 20k
1C4HJXFN9LW270552	2020 Jeep Wrangler UNLIMITED RUBICON	Jeep	https://www.beelineautoandsport.com/Specialty-Vehicles-Jeep-WRANGLER-UNLIMITED-RUBICON-2020-Saint-Joseph-MN-e3c2cd73-145e-44b9-bbea-b4c301496dc3	32341 USD	2020 BRIGHT WHITE CLEARCOAT Jeep Wrangler UNLIMITED RUBICON For sale at Bee Line Auto & Sport in Saint Joseph Minnesota.	https://cdpcdn.dx1app.com/products-private/prod/0572c8a0-f7ee-425a-856e-445420432c97/f3e02b2f-ee6a-421b-9637-b472014a74f4/00000000-0000-0000-0000-000000000000/ab0a15c1-bbe6-4720-8f02-b4c301496d77/e3c2cd73-145e-44b9-bbea-b4c301496dc3/6000000001.jpg	in stock	USED	SUV	Vehicles & Parts > Vehicles > Motor Vehicles > Cars, Trucks & Vans	1C4HJXFN9LW270552	https://www.beelineautoandsport.com/Specialty-Vehicles-Jeep-WRANGLER-UNLIMITED-RUBICON-2020-Saint-Joseph-MN-e3c2cd73-145e-44b9-bbea-b4c301496dc3/123?store={store_code}	WHITE	64444 miles	Wrangler	1C4HJXFN9LW270552	2020	32341 USD	Bee Line Auto	32341 USD	MI	no	Wrangler	No	Over 20k
KNDPMCAC7K7560556	2019 Kia Sportage LX	Kia	https://www.beelineautoandsport.com/Specialty-Vehicles-Kia-SPORTAGE-LX-2019-Saint-Joseph-MN-eb2c5bab-e5cd-4ffa-9f80-b4c101011fcf	10341 USD	2019 MINERAL SILVER Kia Sportage LX For sale at Bee Line Auto & Sport in Saint Joseph Minnesota.	https://cdpcdn.dx1app.com/products-private/prod/0572c8a0-f7ee-425a-856e-445420432c97/f3e02b2f-ee6a-421b-9637-b472014a74f4/00000000-0000-0000-0000-000000000000/0632c12f-9dbf-41fc-9c21-b4c101011f56/eb2c5bab-e5cd-4ffa-9f80-b4c101011fcf/6000000001.jpg	in stock	USED	SUV	Vehicles & Parts > Vehicles > Motor Vehicles > Cars, Trucks & Vans	KNDPMCAC7K7560556	https://www.beelineautoandsport.com/Specialty-Vehicles-Kia-SPORTAGE-LX-2019-Saint-Joseph-MN-eb2c5bab-e5cd-4ffa-9f80-b4c101011fcf/123?store={store_code}	SILVER	136256 miles	Sportage	KNDPMCAC7K7560556	2019	10341 USD	Bee Line Auto	10341 USD	MI	no	Sportage	No	Under 20k
2T2BAMCA3PC030350	2023 Lexus RX 350 PREMIUM	Lexus	https://www.beelineautoandsport.com/Specialty-Vehicles-LEXUS-RX-350-PREMIUM-2023-Saint-Joseph-MN-bbe52410-ac34-4f63-9d29-b4c7011e6cf6	48341 USD	2023 NIGHTFALL MICA Lexus RX 350 PREMIUM For sale at Bee Line Auto & Sport in Saint Joseph Minnesota.	https://cdpcdn.dx1app.com/products-private/prod/0572c8a0-f7ee-425a-856e-445420432c97/f3e02b2f-ee6a-421b-9637-b472014a74f4/00000000-0000-0000-0000-000000000000/141c306e-557a-4cc5-a8b5-b4c7011e6bdb/bbe52410-ac34-4f63-9d29-b4c7011e6cf6/6000000005.jpg	in stock	USED	OTHER	Vehicles & Parts > Vehicles > Motor Vehicles > Cars, Trucks & Vans	2T2BAMCA3PC030350	https://www.beelineautoandsport.com/Specialty-Vehicles-LEXUS-RX-350-PREMIUM-2023-Saint-Joseph-MN-bbe52410-ac34-4f63-9d29-b4c7011e6cf6/123?store={store_code}	GRAY	13730 miles	RX	2T2BAMCA3PC030350	2023	48341 USD	Bee Line Auto	48341 USD	MI	no	RX	No	Over 20k
JTJDZKCA0K2015397	2019 Lexus RX 350L	Lexus	https://www.beelineautoandsport.com/Specialty-Vehicles-LEXUS-RX-350L-2019-Saint-Joseph-MN-cf5fa6a9-1719-4392-a9d0-b4be01493af3	31341 USD	2019 OBSIDIAN Lexus RX 350L For sale at Bee Line Auto & Sport in Saint Joseph Minnesota.	https://cdpcdn.dx1app.com/products-private/prod/0572c8a0-f7ee-425a-856e-445420432c97/f3e02b2f-ee6a-421b-9637-b472014a74f4/00000000-0000-0000-0000-000000000000/5c2aa141-2dc1-4aaa-8e7d-b4be01493aa3/cf5fa6a9-1719-4392-a9d0-b4be01493af3/6000000007.jpg	in stock	USED	OTHER	Vehicles & Parts > Vehicles > Motor Vehicles > Cars, Trucks & Vans	JTJDZKCA0K2015397	https://www.beelineautoandsport.com/Specialty-Vehicles-LEXUS-RX-350L-2019-Saint-Joseph-MN-cf5fa6a9-1719-4392-a9d0-b4be01493af3/123?store={store_code}	BLACK	94228 miles	RX	JTJDZKCA0K2015397	2019	31341 USD	Bee Line Auto	31341 USD	MI	no	RX	No	Over 20k
JM3KFBEM1S0804297	2025 Mazda CX-5 2.5 S PREMIUM PLUS PACKAGE	Mazda	https://www.beelineautoandsport.com/Specialty-Vehicles-Mazda-CX-5-2-5-S-PREMIUM-PLUS-PACKAGE-2025-Saint-Joseph-MN-c948c41c-bc73-424b-866f-b4be015210c6	35341 USD	2025 MACHINE GRAY METALLIC Mazda CX-5 2.5 S PREMIUM PLUS PACKAGE For sale at Bee Line Auto & Sport in Saint Joseph Minnesota.	https://cdpcdn.dx1app.com/products-private/prod/0572c8a0-f7ee-425a-856e-445420432c97/f3e02b2f-ee6a-421b-9637-b472014a74f4/00000000-0000-0000-0000-000000000000/a1a96f34-42be-4949-8256-b4be01520de5/c948c41c-bc73-424b-866f-b4be015210c6/6000000005.jpg	in stock	USED	SUV	Vehicles & Parts > Vehicles > Motor Vehicles > Cars, Trucks & Vans	JM3KFBEM1S0804297	https://www.beelineautoandsport.com/Specialty-Vehicles-Mazda-CX-5-2-5-S-PREMIUM-PLUS-PACKAGE-2025-Saint-Joseph-MN-c948c41c-bc73-424b-866f-b4be015210c6/123?store={store_code}	GRAY	14646 miles	CX-5	JM3KFBEM1S0804297	2025	35341 USD	Bee Line Auto	35341 USD	MI	no	CX-5	No	Over 20k
JM3KFBBL9S0641524	2025 Mazda CX-5 2.5 S SELECT PACKAGE	Mazda	https://www.beelineautoandsport.com/Specialty-Vehicles-Mazda-CX-5-2-5-S-SELECT-PACKAGE-2025-Saint-Joseph-MN-739fbdb2-7d8b-4b87-a90d-b4c70141026a	32341 USD	2025 MACHINE GRAY METALLIC Mazda CX-5 2.5 S SELECT PACKAGE For sale at Bee Line Auto & Sport in Saint Joseph Minnesota.	https://cdpcdn.dx1app.com/products-private/prod/0572c8a0-f7ee-425a-856e-445420432c97/f3e02b2f-ee6a-421b-9637-b472014a74f4/00000000-0000-0000-0000-000000000000/ada75369-3ecc-438d-b215-b4c701410156/739fbdb2-7d8b-4b87-a90d-b4c70141026a/6000000005.jpg	in stock	USED	SUV	Vehicles & Parts > Vehicles > Motor Vehicles > Cars, Trucks & Vans	JM3KFBBL9S0641524	https://www.beelineautoandsport.com/Specialty-Vehicles-Mazda-CX-5-2-5-S-SELECT-PACKAGE-2025-Saint-Joseph-MN-739fbdb2-7d8b-4b87-a90d-b4c70141026a/123?store={store_code}	GRAY	46553 miles	CX-5	JM3KFBBL9S0641524	2025	32341 USD	Bee Line Auto	32341 USD	MI	no	CX-5	No	Over 20k
7MMVABBM5SN340801	2025 Mazda CX-50 2.5 S PREFERRED PACKAGE	Mazda	https://www.beelineautoandsport.com/Specialty-Vehicles-Mazda-CX-50-2-5-S-PREFERRED-PACKAGE-2025-Saint-Joseph-MN-13c7b131-b88d-4f0a-9916-b4be0153a5f3	26341 USD	2025 JET BLACK MICA Mazda CX-50 2.5 S PREFERRED PACKAGE For sale at Bee Line Auto & Sport in Saint Joseph Minnesota.	https://cdpcdn.dx1app.com/products-private/prod/0572c8a0-f7ee-425a-856e-445420432c97/f3e02b2f-ee6a-421b-9637-b472014a74f4/00000000-0000-0000-0000-000000000000/02ecf166-1e06-499e-9b2e-b4be0153a5ca/13c7b131-b88d-4f0a-9916-b4be0153a5f3/6000000001.jpg	in stock	USED	SUV	Vehicles & Parts > Vehicles > Motor Vehicles > Cars, Trucks & Vans	7MMVABBM5SN340801	https://www.beelineautoandsport.com/Specialty-Vehicles-Mazda-CX-50-2-5-S-PREFERRED-PACKAGE-2025-Saint-Joseph-MN-13c7b131-b88d-4f0a-9916-b4be0153a5f3/123?store={store_code}	BLACK	45760 miles	CX-50	7MMVABBM5SN340801	2025	26341 USD	Bee Line Auto	26341 USD	MI	no	CX-50	No	Over 20k
7MMVAADW3SN132327	2025 Mazda CX-50 HYBRID PREMIUM	Mazda	https://www.beelineautoandsport.com/Specialty-Vehicles-Mazda-CX-50-HYBRID-PREMIUM-2025-Saint-Joseph-MN-bcff11a1-5841-4881-a7b4-b4be0152f3ca	33341 USD	2025 POLYMETAL GRAY METALLIC Mazda CX-50 HYBRID PREMIUM For sale at Bee Line Auto & Sport in Saint Joseph Minnesota.	https://cdpcdn.dx1app.com/products-private/prod/0572c8a0-f7ee-425a-856e-445420432c97/f3e02b2f-ee6a-421b-9637-b472014a74f4/00000000-0000-0000-0000-000000000000/a7f04b24-f104-4fb1-88aa-b4be0152f386/bcff11a1-5841-4881-a7b4-b4be0152f3ca/6000000007.jpg	in stock	USED	SUV	Vehicles & Parts > Vehicles > Motor Vehicles > Cars, Trucks & Vans	7MMVAADW3SN132327	https://www.beelineautoandsport.com/Specialty-Vehicles-Mazda-CX-50-HYBRID-PREMIUM-2025-Saint-Joseph-MN-bcff11a1-5841-4881-a7b4-b4be0152f3ca/123?store={store_code}	GRAY	29353 miles	CX-50	7MMVAADW3SN132327	2025	33341 USD	Bee Line Auto	33341 USD	MI	no	CX-50	No	Over 20k
1N4BL4DV2SN392679	2025 Nissan Altima 2.5 SV	Nissan	https://www.beelineautoandsport.com/Specialty-Vehicles-Nissan-ALTIMA-2-5-SV-2025-Saint-Joseph-MN-64b76982-2e15-4464-b72b-b4be01545f28	22341 USD	2025 GLACIER WHITE Nissan Altima 2.5 SV For sale at Bee Line Auto & Sport in Saint Joseph Minnesota.	https://cdpcdn.dx1app.com/products-private/prod/0572c8a0-f7ee-425a-856e-445420432c97/f3e02b2f-ee6a-421b-9637-b472014a74f4/00000000-0000-0000-0000-000000000000/00978462-f894-44cf-ba75-b4be01545ef0/64b76982-2e15-4464-b72b-b4be01545f28/6000000007.jpg	in stock	USED	OTHER	Vehicles & Parts > Vehicles > Motor Vehicles > Cars, Trucks & Vans	1N4BL4DV2SN392679	https://www.beelineautoandsport.com/Specialty-Vehicles-Nissan-ALTIMA-2-5-SV-2025-Saint-Joseph-MN-64b76982-2e15-4464-b72b-b4be01545f28/123?store={store_code}	WHITE	31057 miles	Altima	1N4BL4DV2SN392679	2025	22341 USD	Bee Line Auto	22341 USD	MI	no	Altima	No	Over 20k
1N4BL4DV1SN391927	2025 Nissan Altima 2.5 SV	Nissan	https://www.beelineautoandsport.com/Specialty-Vehicles-Nissan-ALTIMA-2-5-SV-2025-Saint-Joseph-MN-70eb5baa-60c6-4330-9a6e-b4be01551a35	22341 USD	2025 SUPER BLACK Nissan Altima 2.5 SV For sale at Bee Line Auto & Sport in Saint Joseph Minnesota.	https://cdpcdn.dx1app.com/products-private/prod/0572c8a0-f7ee-425a-856e-445420432c97/f3e02b2f-ee6a-421b-9637-b472014a74f4/00000000-0000-0000-0000-000000000000/391d7c36-4b0b-433d-bb33-b4be015519ed/70eb5baa-60c6-4330-9a6e-b4be01551a35/6000000001.jpg	in stock	USED	OTHER	Vehicles & Parts > Vehicles > Motor Vehicles > Cars, Trucks & Vans	1N4BL4DV1SN391927	https://www.beelineautoandsport.com/Specialty-Vehicles-Nissan-ALTIMA-2-5-SV-2025-Saint-Joseph-MN-70eb5baa-60c6-4330-9a6e-b4be01551a35/123?store={store_code}	BLACK	32374 miles	Altima	1N4BL4DV1SN391927	2025	22341 USD	Bee Line Auto	22341 USD	MI	no	Altima	No	Over 20k
5N1AZ2DS0PC137722	2023 Nissan Murano PLATINUM	Nissan	https://www.beelineautoandsport.com/Specialty-Vehicles-Nissan-MURANO-PLATINUM-2023-Saint-Joseph-MN-72b8431e-79aa-495d-a887-b4be01573ab2	31841 USD	2023 BOULDER GRAY PEARL Nissan Murano PLATINUM For sale at Bee Line Auto & Sport in Saint Joseph Minnesota.	https://cdpcdn.dx1app.com/products-private/prod/0572c8a0-f7ee-425a-856e-445420432c97/f3e02b2f-ee6a-421b-9637-b472014a74f4/00000000-0000-0000-0000-000000000000/79760cbd-34db-455a-a1e8-b4be01573a72/72b8431e-79aa-495d-a887-b4be01573ab2/6000000005.jpg	in stock	USED	SUV	Vehicles & Parts > Vehicles > Motor Vehicles > Cars, Trucks & Vans	5N1AZ2DS0PC137722	https://www.beelineautoandsport.com/Specialty-Vehicles-Nissan-MURANO-PLATINUM-2023-Saint-Joseph-MN-72b8431e-79aa-495d-a887-b4be01573ab2/123?store={store_code}	GRAY	27397 miles	Murano	5N1AZ2DS0PC137722	2023	31841 USD	Bee Line Auto	31841 USD	MI	no	Murano	No	Over 20k
5N1AZ2CS0PC125006	2023 Nissan Murano SL	Nissan	https://www.beelineautoandsport.com/Specialty-Vehicles-Nissan-MURANO-SL-2023-Saint-Joseph-MN-d7a83e25-ef5c-4f6e-a584-b4be0157cf07	28841 USD	2023 BOULDER GRAY PEARL Nissan Murano SL For sale at Bee Line Auto & Sport in Saint Joseph Minnesota.	https://cdpcdn.dx1app.com/products-private/prod/0572c8a0-f7ee-425a-856e-445420432c97/f3e02b2f-ee6a-421b-9637-b472014a74f4/00000000-0000-0000-0000-000000000000/027950cd-14f4-4398-a76e-b4be0157ced7/d7a83e25-ef5c-4f6e-a584-b4be0157cf07/6000000001.jpg	in stock	USED	SUV	Vehicles & Parts > Vehicles > Motor Vehicles > Cars, Trucks & Vans	5N1AZ2CS0PC125006	https://www.beelineautoandsport.com/Specialty-Vehicles-Nissan-MURANO-SL-2023-Saint-Joseph-MN-d7a83e25-ef5c-4f6e-a584-b4be0157cf07/123?store={store_code}	GRAY	40684 miles	Murano	5N1AZ2CS0PC125006	2023	28841 USD	Bee Line Auto	28841 USD	MI	no	Murano	No	Over 20k
5N1AZ2CS1PC120929	2023 Nissan Murano SL AWD	Nissan	https://www.beelineautoandsport.com/Specialty-Vehicles-Nissan-MURANO-SL-AWD-2023-Saint-Joseph-MN-a814e83c-30ce-4022-8e96-b4bb0121d864	26841 USD	2023 PEARL WHITE TRICOAT Nissan Murano SL AWD For sale at Bee Line Auto & Sport in Saint Joseph Minnesota.	https://cdpcdn.dx1app.com/products-private/prod/0572c8a0-f7ee-425a-856e-445420432c97/f3e02b2f-ee6a-421b-9637-b472014a74f4/00000000-0000-0000-0000-000000000000/e2e66c74-9591-49f4-9a00-b4bb0121d5bc/a814e83c-30ce-4022-8e96-b4bb0121d864/6000000001.jpg	in stock	USED	SUV	Vehicles & Parts > Vehicles > Motor Vehicles > Cars, Trucks & Vans	5N1AZ2CS1PC120929	https://www.beelineautoandsport.com/Specialty-Vehicles-Nissan-MURANO-SL-AWD-2023-Saint-Joseph-MN-a814e83c-30ce-4022-8e96-b4bb0121d864/123?store={store_code}	WHITE	51499 miles	Murano	5N1AZ2CS1PC120929	2023	26841 USD	Bee Line Auto	26841 USD	MI	no	Murano	No	Over 20k
5N1BT3AB3PC875403	2023 Nissan Rogue S	Nissan	https://www.beelineautoandsport.com/Specialty-Vehicles-Nissan-ROGUE-S-2023-Saint-Joseph-MN-0f8139ba-a696-4859-a2b2-b4c001406c40	22341 USD	2023 SUPER BLACK Nissan Rogue S For sale at Bee Line Auto & Sport in Saint Joseph Minnesota.	https://cdpcdn.dx1app.com/products-private/prod/0572c8a0-f7ee-425a-856e-445420432c97/f3e02b2f-ee6a-421b-9637-b472014a74f4/00000000-0000-0000-0000-000000000000/3e91e689-5f14-45d7-8382-b4c001406c08/0f8139ba-a696-4859-a2b2-b4c001406c40/6000000007.jpg	in stock	USED	SUV	Vehicles & Parts > Vehicles > Motor Vehicles > Cars, Trucks & Vans	5N1BT3AB3PC875403	https://www.beelineautoandsport.com/Specialty-Vehicles-Nissan-ROGUE-S-2023-Saint-Joseph-MN-0f8139ba-a696-4859-a2b2-b4c001406c40/123?store={store_code}	BLACK	40669 miles	Rogue	5N1BT3AB3PC875403	2023	22341 USD	Bee Line Auto	22341 USD	MI	no	Rogue	No	Over 20k
5N1BT3BB8PC855551	2023 Nissan Rogue SV	Nissan	https://www.beelineautoandsport.com/Specialty-Vehicles-Nissan-ROGUE-SV-2023-Saint-Joseph-MN-1f28e8f4-0464-4c6a-bad9-b4c0013fbf18	23841 USD	2023 GUN METALLIC Nissan Rogue SV For sale at Bee Line Auto & Sport in Saint Joseph Minnesota.	https://cdpcdn.dx1app.com/products-private/prod/0572c8a0-f7ee-425a-856e-445420432c97/f3e02b2f-ee6a-421b-9637-b472014a74f4/00000000-0000-0000-0000-000000000000/043bc5e8-2a5a-469c-8aeb-b4c0013fbede/1f28e8f4-0464-4c6a-bad9-b4c0013fbf18/6000000007.jpg	in stock	USED	SUV	Vehicles & Parts > Vehicles > Motor Vehicles > Cars, Trucks & Vans	5N1BT3BB8PC855551	https://www.beelineautoandsport.com/Specialty-Vehicles-Nissan-ROGUE-SV-2023-Saint-Joseph-MN-1f28e8f4-0464-4c6a-bad9-b4c0013fbf18/123?store={store_code}	GRAY	30292 miles	Rogue	5N1BT3BB8PC855551	2023	23841 USD	Bee Line Auto	23841 USD	MI	no	Rogue	No	Over 20k
JN8BT3BB0PW219231	2023 Nissan Rogue SV	Nissan	https://www.beelineautoandsport.com/Specialty-Vehicles-Nissan-ROGUE-SV-2023-Saint-Joseph-MN-4d43056b-572f-4a8a-a617-b4c0013b87bf	25041 USD	2023 SUPER BLACK Nissan Rogue SV For sale at Bee Line Auto & Sport in Saint Joseph Minnesota.	https://cdpcdn.dx1app.com/products-private/prod/0572c8a0-f7ee-425a-856e-445420432c97/f3e02b2f-ee6a-421b-9637-b472014a74f4/00000000-0000-0000-0000-000000000000/a4b3d0b5-2eee-41df-ab95-b4c0013b8378/4d43056b-572f-4a8a-a617-b4c0013b87bf/6000000001.jpg	in stock	USED	SUV	Vehicles & Parts > Vehicles > Motor Vehicles > Cars, Trucks & Vans	JN8BT3BB0PW219231	https://www.beelineautoandsport.com/Specialty-Vehicles-Nissan-ROGUE-SV-2023-Saint-Joseph-MN-4d43056b-572f-4a8a-a617-b4c0013b87bf/123?store={store_code}	BLACK	23839 miles	Rogue	JN8BT3BB0PW219231	2023	25041 USD	Bee Line Auto	25041 USD	MI	no	Rogue	No	Over 20k
5N1BT3BB7PC862605	2023 Nissan Rogue SV	Nissan	https://www.beelineautoandsport.com/Specialty-Vehicles-Nissan-ROGUE-SV-2023-Saint-Joseph-MN-6dc62a3c-6b99-475b-8109-b4c0013ca949	24341 USD	2023 GUN METALLIC Nissan Rogue SV For sale at Bee Line Auto & Sport in Saint Joseph Minnesota.	https://cdpcdn.dx1app.com/products-private/prod/0572c8a0-f7ee-425a-856e-445420432c97/f3e02b2f-ee6a-421b-9637-b472014a74f4/00000000-0000-0000-0000-000000000000/1ef8d8e9-5069-44ee-a218-b4c0013ca907/6dc62a3c-6b99-475b-8109-b4c0013ca949/6000000001.jpg	in stock	USED	SUV	Vehicles & Parts > Vehicles > Motor Vehicles > Cars, Trucks & Vans	5N1BT3BB7PC862605	https://www.beelineautoandsport.com/Specialty-Vehicles-Nissan-ROGUE-SV-2023-Saint-Joseph-MN-6dc62a3c-6b99-475b-8109-b4c0013ca949/123?store={store_code}	GRAY	44795 miles	Rogue	5N1BT3BB7PC862605	2023	24341 USD	Bee Line Auto	24341 USD	MI	no	Rogue	No	Over 20k
5N1BT3BB9PC880703	2023 Nissan Rogue SV	Nissan	https://www.beelineautoandsport.com/Specialty-Vehicles-Nissan-ROGUE-SV-2023-Saint-Joseph-MN-7c87ccdf-b55f-44d4-8f0d-b4c0013e98b3	24341 USD	2023 PEARL WHITE TRICOAT Nissan Rogue SV For sale at Bee Line Auto & Sport in Saint Joseph Minnesota.	https://cdpcdn.dx1app.com/products-private/prod/0572c8a0-f7ee-425a-856e-445420432c97/f3e02b2f-ee6a-421b-9637-b472014a74f4/00000000-0000-0000-0000-000000000000/a9960de1-adab-459a-aa81-b4c0013e9846/7c87ccdf-b55f-44d4-8f0d-b4c0013e98b3/6000000007.jpg	in stock	USED	SUV	Vehicles & Parts > Vehicles > Motor Vehicles > Cars, Trucks & Vans	5N1BT3BB9PC880703	https://www.beelineautoandsport.com/Specialty-Vehicles-Nissan-ROGUE-SV-2023-Saint-Joseph-MN-7c87ccdf-b55f-44d4-8f0d-b4c0013e98b3/123?store={store_code}	WHITE	28102 miles	Rogue	5N1BT3BB9PC880703	2023	24341 USD	Bee Line Auto	24341 USD	MI	no	Rogue	No	Over 20k
5N1BT3BB1PC860932	2023 Nissan Rogue SV	Nissan	https://www.beelineautoandsport.com/Specialty-Vehicles-Nissan-ROGUE-SV-2023-Saint-Joseph-MN-f4658b06-54e3-4bd8-8529-b4c0013dcdde	24841 USD	2023 GUN METALLIC Nissan Rogue SV For sale at Bee Line Auto & Sport in Saint Joseph Minnesota.	https://cdpcdn.dx1app.com/products-private/prod/0572c8a0-f7ee-425a-856e-445420432c97/f3e02b2f-ee6a-421b-9637-b472014a74f4/00000000-0000-0000-0000-000000000000/bd23fa12-7c32-4bd7-902a-b4c0013dcd41/f4658b06-54e3-4bd8-8529-b4c0013dcdde/6000000007.jpg	in stock	USED	SUV	Vehicles & Parts > Vehicles > Motor Vehicles > Cars, Trucks & Vans	5N1BT3BB1PC860932	https://www.beelineautoandsport.com/Specialty-Vehicles-Nissan-ROGUE-SV-2023-Saint-Joseph-MN-f4658b06-54e3-4bd8-8529-b4c0013dcdde/123?store={store_code}	GRAY	16555 miles	Rogue	5N1BT3BB1PC860932	2023	24841 USD	Bee Line Auto	24841 USD	MI	no	Rogue	No	Over 20k
5N1BT3BB8SC815799	2025 Nissan Rogue SV	Nissan	https://www.beelineautoandsport.com/Specialty-Vehicles-Nissan-ROGUE-SV-2025-Saint-Joseph-MN-429e0e95-39c8-42fa-ad3c-b4c0013017b0	23841 USD	2025 SUPER BLACK Nissan Rogue SV For sale at Bee Line Auto & Sport in Saint Joseph Minnesota.	https://cdpcdn.dx1app.com/products-private/prod/0572c8a0-f7ee-425a-856e-445420432c97/f3e02b2f-ee6a-421b-9637-b472014a74f4/00000000-0000-0000-0000-000000000000/f9d04e20-506e-4b32-8d80-b4c00130138f/429e0e95-39c8-42fa-ad3c-b4c0013017b0/6000000001.jpg	in stock	USED	SUV	Vehicles & Parts > Vehicles > Motor Vehicles > Cars, Trucks & Vans	5N1BT3BB8SC815799	https://www.beelineautoandsport.com/Specialty-Vehicles-Nissan-ROGUE-SV-2025-Saint-Joseph-MN-429e0e95-39c8-42fa-ad3c-b4c0013017b0/123?store={store_code}	BLACK	40802 miles	Rogue	5N1BT3BB8SC815799	2025	23841 USD	Bee Line Auto	23841 USD	MI	no	Rogue	No	Over 20k
3N1AB8BV0SY410573	2025 Nissan Sentra S	Nissan	https://www.beelineautoandsport.com/Specialty-Vehicles-Nissan-SENTRA-S-2025-Saint-Joseph-MN-ff86dbad-611b-47bd-b26d-b4c0015276e1	20341 USD	2025 FRESH POWDER Nissan Sentra S For sale at Bee Line Auto & Sport in Saint Joseph Minnesota.	https://cdpcdn.dx1app.com/products-private/prod/0572c8a0-f7ee-425a-856e-445420432c97/f3e02b2f-ee6a-421b-9637-b472014a74f4/00000000-0000-0000-0000-000000000000/8fc84833-c62a-438f-aaf2-b4c0015275b4/ff86dbad-611b-47bd-b26d-b4c0015276e1/6000000007.jpg	in stock	USED	OTHER	Vehicles & Parts > Vehicles > Motor Vehicles > Cars, Trucks & Vans	3N1AB8BV0SY410573	https://www.beelineautoandsport.com/Specialty-Vehicles-Nissan-SENTRA-S-2025-Saint-Joseph-MN-ff86dbad-611b-47bd-b26d-b4c0015276e1/123?store={store_code}	WHITE	12938 miles	Sentra	3N1AB8BV0SY410573	2025	20341 USD	Bee Line Auto	20341 USD	MI	no	Sentra	No	Over 20k
3N1AB8CV1SY410080	2025 Nissan Sentra SV	Nissan	https://www.beelineautoandsport.com/Specialty-Vehicles-Nissan-SENTRA-SV-2025-Saint-Joseph-MN-690418b8-23b7-44db-a54a-b4c7014d0204	21341 USD	2025 SUPER BLACK Nissan Sentra SV For sale at Bee Line Auto & Sport in Saint Joseph Minnesota.	https://cdpcdn.dx1app.com/products-private/prod/0572c8a0-f7ee-425a-856e-445420432c97/f3e02b2f-ee6a-421b-9637-b472014a74f4/00000000-0000-0000-0000-000000000000/a5c9ba1b-79b9-4680-a513-b4c7014d00f6/690418b8-23b7-44db-a54a-b4c7014d0204/6000000005.jpg	in stock	USED	OTHER	Vehicles & Parts > Vehicles > Motor Vehicles > Cars, Trucks & Vans	3N1AB8CV1SY410080	https://www.beelineautoandsport.com/Specialty-Vehicles-Nissan-SENTRA-SV-2025-Saint-Joseph-MN-690418b8-23b7-44db-a54a-b4c7014d0204/123?store={store_code}	BLACK	23433 miles	Sentra	3N1AB8CV1SY410080	2025	21341 USD	Bee Line Auto	21341 USD	MI	no	Sentra	No	Over 20k
3N1AB8CV8SY392371	2025 Nissan Sentra SV	Nissan	https://www.beelineautoandsport.com/Specialty-Vehicles-Nissan-SENTRA-SV-2025-Saint-Joseph-MN-7042db84-15fb-4179-822d-b4c10105dac1	21341 USD	2025 GUN METALLIC Nissan Sentra SV For sale at Bee Line Auto & Sport in Saint Joseph Minnesota.	https://cdpcdn.dx1app.com/products-private/prod/0572c8a0-f7ee-425a-856e-445420432c97/f3e02b2f-ee6a-421b-9637-b472014a74f4/00000000-0000-0000-0000-000000000000/ea3e231e-e913-4b42-978f-b4c10105da73/7042db84-15fb-4179-822d-b4c10105dac1/6000000007.jpg	in stock	USED	OTHER	Vehicles & Parts > Vehicles > Motor Vehicles > Cars, Trucks & Vans	3N1AB8CV8SY392371	https://www.beelineautoandsport.com/Specialty-Vehicles-Nissan-SENTRA-SV-2025-Saint-Joseph-MN-7042db84-15fb-4179-822d-b4c10105dac1/123?store={store_code}	GRAY	26184 miles	Sentra	3N1AB8CV8SY392371	2025	21341 USD	Bee Line Auto	21341 USD	MI	no	Sentra	No	Over 20k
3N1AB8CV8SY406754	2025 Nissan Sentra SV	Nissan	https://www.beelineautoandsport.com/Specialty-Vehicles-Nissan-SENTRA-SV-2025-Saint-Joseph-MN-f0aa1446-7af6-46af-9fa3-b4c10104d828	20341 USD	2025 GUN METALLIC Nissan Sentra SV For sale at Bee Line Auto & Sport in Saint Joseph Minnesota.	https://cdpcdn.dx1app.com/products-private/prod/0572c8a0-f7ee-425a-856e-445420432c97/f3e02b2f-ee6a-421b-9637-b472014a74f4/00000000-0000-0000-0000-000000000000/2acc6793-15bc-4f4d-8e3b-b4c10104d7cb/f0aa1446-7af6-46af-9fa3-b4c10104d828/6000000001.jpg	in stock	USED	OTHER	Vehicles & Parts > Vehicles > Motor Vehicles > Cars, Trucks & Vans	3N1AB8CV8SY406754	https://www.beelineautoandsport.com/Specialty-Vehicles-Nissan-SENTRA-SV-2025-Saint-Joseph-MN-f0aa1446-7af6-46af-9fa3-b4c10104d828/123?store={store_code}	GRAY	17440 miles	Sentra	3N1AB8CV8SY406754	2025	20341 USD	Bee Line Auto	20341 USD	MI	no	Sentra	No	Over 20k
1C6SRFHT9RN143617	2024 Ram 1500 LIMITED	Ram	https://www.beelineautoandsport.com/Specialty-Vehicles-RAM-1500-LIMITED-2024-Saint-Joseph-MN-94e07185-5aca-4dda-b4c1-b4c3014b3a6d	50041 USD	2024 BRIGHT WHITE Ram 1500 LIMITED For sale at Bee Line Auto & Sport in Saint Joseph Minnesota.	https://cdpcdn.dx1app.com/products-private/prod/0572c8a0-f7ee-425a-856e-445420432c97/f3e02b2f-ee6a-421b-9637-b472014a74f4/00000000-0000-0000-0000-000000000000/368d23c3-a858-4178-a559-b4c3014b3a3c/94e07185-5aca-4dda-b4c1-b4c3014b3a6d/6000000001.jpg	in stock	USED	TRUCK	Vehicles & Parts > Vehicles > Motor Vehicles > Cars, Trucks & Vans	1C6SRFHT9RN143617	https://www.beelineautoandsport.com/Specialty-Vehicles-RAM-1500-LIMITED-2024-Saint-Joseph-MN-94e07185-5aca-4dda-b4c1-b4c3014b3a6d/123?store={store_code}	WHITE	35776 miles	1500	1C6SRFHT9RN143617	2024	50041 USD	Bee Line Auto	50041 USD	MI	no	1500	No	Over 20k
3C63R3EL6RG203028	2024 Ram 3500 LARAMIE	Ram	https://www.beelineautoandsport.com/Specialty-Vehicles-RAM-3500-LARAMIE-2024-Saint-Joseph-MN-91c1d179-2876-4e62-a439-b4c3014a6114	67841 USD	2024 DIAMOND BLACK CRYSTAL PEARLCOAT Ram 3500 LARAMIE For sale at Bee Line Auto & Sport in Saint Joseph Minnesota.	https://cdpcdn.dx1app.com/products-private/prod/0572c8a0-f7ee-425a-856e-445420432c97/f3e02b2f-ee6a-421b-9637-b472014a74f4/00000000-0000-0000-0000-000000000000/86943329-744b-472e-b851-b4c3014a60b4/91c1d179-2876-4e62-a439-b4c3014a6114/6000000001.jpg	in stock	USED	TRUCK	Vehicles & Parts > Vehicles > Motor Vehicles > Cars, Trucks & Vans	3C63R3EL6RG203028	https://www.beelineautoandsport.com/Specialty-Vehicles-RAM-3500-LARAMIE-2024-Saint-Joseph-MN-91c1d179-2876-4e62-a439-b4c3014a6114/123?store={store_code}	BLACK	8722 miles	3500	3C63R3EL6RG203028	2024	67841 USD	Bee Line Auto	67841 USD	MI	no	3500	No	Over 20k
4S4WMAND7P3420875	2023 Subaru Ascent LIMITED	Subaru	https://www.beelineautoandsport.com/Specialty-Vehicles-Subaru-ASCENT-LIMITED-2023-Saint-Joseph-MN-86725374-9485-4d29-ac1a-b4c001557a8e	28841 USD	2023 AUTUMN GREEN METALLIC Subaru Ascent LIMITED For sale at Bee Line Auto & Sport in Saint Joseph Minnesota.	https://cdpcdn.dx1app.com/products-private/prod/0572c8a0-f7ee-425a-856e-445420432c97/f3e02b2f-ee6a-421b-9637-b472014a74f4/00000000-0000-0000-0000-000000000000/5583bf2c-d52c-4fda-afbf-b4c001557a22/86725374-9485-4d29-ac1a-b4c001557a8e/6000000001.jpg	in stock	USED	OTHER	Vehicles & Parts > Vehicles > Motor Vehicles > Cars, Trucks & Vans	4S4WMAND7P3420875	https://www.beelineautoandsport.com/Specialty-Vehicles-Subaru-ASCENT-LIMITED-2023-Saint-Joseph-MN-86725374-9485-4d29-ac1a-b4c001557a8e/123?store={store_code}	GREEN	58205 miles	Ascent	4S4WMAND7P3420875	2023	28841 USD	Bee Line Auto	28841 USD	MI	no	Ascent	No	Over 20k
JF2SKAGC1LH506940	2020 Subaru Forester PREMIUM	Subaru	https://www.beelineautoandsport.com/Specialty-Vehicles-Subaru-FORESTER-PREMIUM-2020-Saint-Joseph-MN-50f3a199-0098-4433-9330-b4bc00f0bcc8	14041 USD	2020 CRIMSON RED PEARL Subaru Forester PREMIUM For sale at Bee Line Auto & Sport in Saint Joseph Minnesota.	https://cdpcdn.dx1app.com/products-private/prod/0572c8a0-f7ee-425a-856e-445420432c97/f3e02b2f-ee6a-421b-9637-b472014a74f4/00000000-0000-0000-0000-000000000000/4cf12059-3bce-4ea3-af34-b4bc00f0bc70/50f3a199-0098-4433-9330-b4bc00f0bcc8/6000000001.jpg	in stock	USED	OTHER	Vehicles & Parts > Vehicles > Motor Vehicles > Cars, Trucks & Vans	JF2SKAGC1LH506940	https://www.beelineautoandsport.com/Specialty-Vehicles-Subaru-FORESTER-PREMIUM-2020-Saint-Joseph-MN-50f3a199-0098-4433-9330-b4bc00f0bcc8/123?store={store_code}	RED	156190 miles	Forester	JF2SKAGC1LH506940	2020	14041 USD	Bee Line Auto	14041 USD	MI	no	Forester	No	Under 20k
JF2SKARC5LH404585	2020 Subaru Forester SPORT	Subaru	https://www.beelineautoandsport.com/Specialty-Vehicles-Subaru-FORESTER-SPORT-2020-Saint-Joseph-MN-6e36b92a-0f7d-4175-8fda-b4c0015a8eb8	27841 USD	2020 ICE SILVER METALLIC Subaru Forester SPORT For sale at Bee Line Auto & Sport in Saint Joseph Minnesota.	https://cdpcdn.dx1app.com/products-private/prod/0572c8a0-f7ee-425a-856e-445420432c97/f3e02b2f-ee6a-421b-9637-b472014a74f4/00000000-0000-0000-0000-000000000000/813181a5-ab39-45bb-bca6-b4c0015a8cd7/6e36b92a-0f7d-4175-8fda-b4c0015a8eb8/6000000001.jpg	in stock	USED	OTHER	Vehicles & Parts > Vehicles > Motor Vehicles > Cars, Trucks & Vans	JF2SKARC5LH404585	https://www.beelineautoandsport.com/Specialty-Vehicles-Subaru-FORESTER-SPORT-2020-Saint-Joseph-MN-6e36b92a-0f7d-4175-8fda-b4c0015a8eb8/123?store={store_code}	SILVER	20065 miles	Forester	JF2SKARC5LH404585	2020	27841 USD	Bee Line Auto	27841 USD	MI	no	Forester	No	Over 20k
4S4SLDH68T3039305	2026 Subaru Forester SPORT	Subaru	https://www.beelineautoandsport.com/Specialty-Vehicles-Subaru-FORESTER-SPORT-2026-Saint-Joseph-MN-4c0083c6-9467-4596-91ca-b4c7014f884d	33341 USD	2026 CRYSTAL BLACK SILICA Subaru Forester SPORT For sale at Bee Line Auto & Sport in Saint Joseph Minnesota.	https://cdpcdn.dx1app.com/products-private/prod/0572c8a0-f7ee-425a-856e-445420432c97/f3e02b2f-ee6a-421b-9637-b472014a74f4/00000000-0000-0000-0000-000000000000/5b96d117-0a7b-42de-b932-b4c7014f8805/4c0083c6-9467-4596-91ca-b4c7014f884d/6000000005.jpg	in stock	USED	OTHER	Vehicles & Parts > Vehicles > Motor Vehicles > Cars, Trucks & Vans	4S4SLDH68T3039305	https://www.beelineautoandsport.com/Specialty-Vehicles-Subaru-FORESTER-SPORT-2026-Saint-Joseph-MN-4c0083c6-9467-4596-91ca-b4c7014f884d/123?store={store_code}	BLACK	15866 miles	Forester	4S4SLDH68T3039305	2026	33341 USD	Bee Line Auto	33341 USD	MI	no	Forester	No	Over 20k
4S4BTAPC8S3216679	2025 Subaru Outback TOURING	Subaru	https://www.beelineautoandsport.com/Specialty-Vehicles-Subaru-OUTBACK-TOURING-2025-Saint-Joseph-MN-d34630a4-c4ad-46ba-9d67-b4c1013f23f7	35741 USD	2025 MAGNETITE GRAY METALLIC/CRYSTAL BLACK SILICA Subaru Outback TOURING For sale at Bee Line Auto & Sport in Saint Joseph Minnesota.	https://cdpcdn.dx1app.com/products-private/prod/0572c8a0-f7ee-425a-856e-445420432c97/f3e02b2f-ee6a-421b-9637-b472014a74f4/00000000-0000-0000-0000-000000000000/001e13ef-3b9e-4848-a11b-b4c1013f1f4f/d34630a4-c4ad-46ba-9d67-b4c1013f23f7/6000000001.jpg	in stock	USED	OTHER	Vehicles & Parts > Vehicles > Motor Vehicles > Cars, Trucks & Vans	4S4BTAPC8S3216679	https://www.beelineautoandsport.com/Specialty-Vehicles-Subaru-OUTBACK-TOURING-2025-Saint-Joseph-MN-d34630a4-c4ad-46ba-9d67-b4c1013f23f7/123?store={store_code}	BLACK	15733 miles	Outback	4S4BTAPC8S3216679	2025	35741 USD	Bee Line Auto	35741 USD	MI	no	Outback	No	Over 20k
JTEVA5BR3T5091232	2026 Toyota 4Runner SR5	Toyota	https://www.beelineautoandsport.com/Specialty-Vehicles-Toyota-4RUNNER-SR5-2026-Saint-Joseph-MN-edffcf20-32fc-402a-8b9e-b4bc0119036a	46841 USD	2026 HERITAGE BLUE Toyota 4Runner SR5 For sale at Bee Line Auto & Sport in Saint Joseph Minnesota.	https://cdpcdn.dx1app.com/products-private/prod/0572c8a0-f7ee-425a-856e-445420432c97/f3e02b2f-ee6a-421b-9637-b472014a74f4/00000000-0000-0000-0000-000000000000/0f4e15b2-0d06-44bc-a467-b4bc0119031a/edffcf20-32fc-402a-8b9e-b4bc0119036a/6000000007.jpg	in stock	USED	SUV	Vehicles & Parts > Vehicles > Motor Vehicles > Cars, Trucks & Vans	JTEVA5BR3T5091232	https://www.beelineautoandsport.com/Specialty-Vehicles-Toyota-4RUNNER-SR5-2026-Saint-Joseph-MN-edffcf20-32fc-402a-8b9e-b4bc0119036a/123?store={store_code}	BLUE	12080 miles	4Runner	JTEVA5BR3T5091232	2026	46841 USD	Bee Line Auto	46841 USD	MI	no	4Runner	No	Over 20k
JTERU5JR1R6246535	2024 Toyota 4Runner TRD OFF-ROAD PREMIUM	Toyota	https://www.beelineautoandsport.com/Specialty-Vehicles-Toyota-4RUNNER-TRD-OFF-ROAD-PREMIUM-2024-Saint-Joseph-MN-b054e12e-808a-4f13-81cc-b4bc011aede1	47341 USD	2024 ICE CAP Toyota 4Runner TRD OFF-ROAD PREMIUM For sale at Bee Line Auto & Sport in Saint Joseph Minnesota.	https://cdpcdn.dx1app.com/products-private/prod/0572c8a0-f7ee-425a-856e-445420432c97/f3e02b2f-ee6a-421b-9637-b472014a74f4/00000000-0000-0000-0000-000000000000/9c41c167-fba2-49bd-9e5f-b4bc011aecc0/b054e12e-808a-4f13-81cc-b4bc011aede1/6000000001.jpg	in stock	USED	SUV	Vehicles & Parts > Vehicles > Motor Vehicles > Cars, Trucks & Vans	JTERU5JR1R6246535	https://www.beelineautoandsport.com/Specialty-Vehicles-Toyota-4RUNNER-TRD-OFF-ROAD-PREMIUM-2024-Saint-Joseph-MN-b054e12e-808a-4f13-81cc-b4bc011aede1/123?store={store_code}	WHITE	46586 miles	4Runner	JTERU5JR1R6246535	2024	47341 USD	Bee Line Auto	47341 USD	MI	no	4Runner	No	Over 20k
JTEVA5BR5T5089644	2026 Toyota 4Runner TRD SPORT	Toyota	https://www.beelineautoandsport.com/Specialty-Vehicles-Toyota-4RUNNER-TRD-SPORT-2026-Saint-Joseph-MN-1e0068eb-fef7-4193-8c17-b4bc0116b464	51841 USD	2026 WIND CHILL PEARL Toyota 4Runner TRD SPORT For sale at Bee Line Auto & Sport in Saint Joseph Minnesota.	https://cdpcdn.dx1app.com/products-private/prod/0572c8a0-f7ee-425a-856e-445420432c97/f3e02b2f-ee6a-421b-9637-b472014a74f4/00000000-0000-0000-0000-000000000000/5d8bb936-a8ef-45fe-a32b-b4bc0116b1b9/1e0068eb-fef7-4193-8c17-b4bc0116b464/6000000001.jpg	in stock	USED	SUV	Vehicles & Parts > Vehicles > Motor Vehicles > Cars, Trucks & Vans	JTEVA5BR5T5089644	https://www.beelineautoandsport.com/Specialty-Vehicles-Toyota-4RUNNER-TRD-SPORT-2026-Saint-Joseph-MN-1e0068eb-fef7-4193-8c17-b4bc0116b464/123?store={store_code}	WHITE	10381 miles	4Runner	JTEVA5BR5T5089644	2026	51841 USD	Bee Line Auto	51841 USD	MI	no	4Runner	No	Over 20k
JTEVA5BRXT5109922	2026 Toyota 4Runner TRD SPORT	Toyota	https://www.beelineautoandsport.com/Specialty-Vehicles-Toyota-4RUNNER-TRD-SPORT-2026-Saint-Joseph-MN-91d85cee-8428-41c6-9de0-b4bc01124f46	52341 USD	2026 WIND CHILL PEARL Toyota 4Runner TRD SPORT For sale at Bee Line Auto & Sport in Saint Joseph Minnesota.	https://cdpcdn.dx1app.com/products-private/prod/0572c8a0-f7ee-425a-856e-445420432c97/f3e02b2f-ee6a-421b-9637-b472014a74f4/00000000-0000-0000-0000-000000000000/63d7abb9-b5ae-452f-8936-b4bc01124efb/91d85cee-8428-41c6-9de0-b4bc01124f46/6000000007.jpg	in stock	USED	SUV	Vehicles & Parts > Vehicles > Motor Vehicles > Cars, Trucks & Vans	JTEVA5BRXT5109922	https://www.beelineautoandsport.com/Specialty-Vehicles-Toyota-4RUNNER-TRD-SPORT-2026-Saint-Joseph-MN-91d85cee-8428-41c6-9de0-b4bc01124f46/123?store={store_code}	WHITE	9141 miles	4Runner	JTEVA5BRXT5109922	2026	52341 USD	Bee Line Auto	52341 USD	MI	no	4Runner	No	Over 20k
JTEVA5BR2T5110627	2026 Toyota 4Runner TRD SPORT	Toyota	https://www.beelineautoandsport.com/Specialty-Vehicles-Toyota-4RUNNER-TRD-SPORT-2026-Saint-Joseph-MN-e67efaaa-3ce3-40bd-b3fd-b4bc01132e0f	51841 USD	2026 BLACK Toyota 4Runner TRD SPORT For sale at Bee Line Auto & Sport in Saint Joseph Minnesota.	https://cdpcdn.dx1app.com/products-private/prod/0572c8a0-f7ee-425a-856e-445420432c97/f3e02b2f-ee6a-421b-9637-b472014a74f4/00000000-0000-0000-0000-000000000000/896beafe-4dd1-4a85-8029-b4bc01132ddb/e67efaaa-3ce3-40bd-b3fd-b4bc01132e0f/6000000001.jpg	in stock	USED	SUV	Vehicles & Parts > Vehicles > Motor Vehicles > Cars, Trucks & Vans	JTEVA5BR2T5110627	https://www.beelineautoandsport.com/Specialty-Vehicles-Toyota-4RUNNER-TRD-SPORT-2026-Saint-Joseph-MN-e67efaaa-3ce3-40bd-b3fd-b4bc01132e0f/123?store={store_code}	BLACK	10776 miles	4Runner	JTEVA5BR2T5110627	2026	51841 USD	Bee Line Auto	51841 USD	MI	no	4Runner	No	Over 20k
4T1FA38PX8U136355	2008 Toyota Camry Solara SLE	Toyota	https://www.beelineautoandsport.com/Specialty-Vehicles-Toyota-CAMRY-SOLARA-SLE-2008-Saint-Joseph-MN-cd340552-1bf3-42b5-9936-b4bc01020717	16041 USD	2008 BLUE METALLIC Toyota Camry Solara SLE For sale at Bee Line Auto & Sport in Saint Joseph Minnesota.	https://cdpcdn.dx1app.com/products-private/prod/0572c8a0-f7ee-425a-856e-445420432c97/f3e02b2f-ee6a-421b-9637-b472014a74f4/00000000-0000-0000-0000-000000000000/1ef9b665-6419-4f8c-b467-b4bc010206d8/cd340552-1bf3-42b5-9936-b4bc01020717/6000000001.jpg	in stock	USED	OTHER	Vehicles & Parts > Vehicles > Motor Vehicles > Cars, Trucks & Vans	4T1FA38PX8U136355	https://www.beelineautoandsport.com/Specialty-Vehicles-Toyota-CAMRY-SOLARA-SLE-2008-Saint-Joseph-MN-cd340552-1bf3-42b5-9936-b4bc01020717/123?store={store_code}	BLUE	41282 miles	Camry Solara	4T1FA38PX8U136355	2008	16041 USD	Bee Line Auto	16041 USD	MI	no	Camry Solara	No	Under 20k
4T1DBADK6SU020600	2025 Toyota Camry XSE AWD	Toyota	https://www.beelineautoandsport.com/Specialty-Vehicles-Toyota-CAMRY-XSE-AWD-2025-Saint-Joseph-MN-be8b0242-9722-4577-984b-b4bc00f2152a	40341 USD	2025 SUPERSONIC RED Toyota Camry XSE AWD For sale at Bee Line Auto & Sport in Saint Joseph Minnesota.	https://cdpcdn.dx1app.com/products-private/prod/0572c8a0-f7ee-425a-856e-445420432c97/f3e02b2f-ee6a-421b-9637-b472014a74f4/00000000-0000-0000-0000-000000000000/799d8052-e571-45b3-9433-b4bc00f214e5/be8b0242-9722-4577-984b-b4bc00f2152a/6000000001.jpg	in stock	USED	OTHER	Vehicles & Parts > Vehicles > Motor Vehicles > Cars, Trucks & Vans	4T1DBADK6SU020600	https://www.beelineautoandsport.com/Specialty-Vehicles-Toyota-CAMRY-XSE-AWD-2025-Saint-Joseph-MN-be8b0242-9722-4577-984b-b4bc00f2152a/123?store={store_code}	RED	11050 miles	Camry	4T1DBADK6SU020600	2025	40341 USD	Bee Line Auto	40341 USD	MI	no	Camry	No	Over 20k
7MUFBABG1SV082752	2025 Toyota Corolla Cross HYBRID XSE	Toyota	https://www.beelineautoandsport.com/Specialty-Vehicles-Toyota-COROLLA-CROSS-HYBRID-XSE-2025-Saint-Joseph-MN-7bb3855c-f223-4c3f-9a6e-b4d60112d3fe	36341 USD	2025 JET BLACK Toyota Corolla Cross HYBRID XSE For sale at Bee Line Auto & Sport in Saint Joseph Minnesota.	https://cdpcdn.dx1app.com/products-private/prod/0572c8a0-f7ee-425a-856e-445420432c97/f3e02b2f-ee6a-421b-9637-b472014a74f4/00000000-0000-0000-0000-000000000000/a6bc39b4-39a6-47a2-8e2b-b4d60112b955/7bb3855c-f223-4c3f-9a6e-b4d60112d3fe/6000000001.png	in stock	USED	OTHER	Vehicles & Parts > Vehicles > Motor Vehicles > Cars, Trucks & Vans	7MUFBABG1SV082752	https://www.beelineautoandsport.com/Specialty-Vehicles-Toyota-COROLLA-CROSS-HYBRID-XSE-2025-Saint-Joseph-MN-7bb3855c-f223-4c3f-9a6e-b4d60112d3fe/123?store={store_code}	BLACK	1700 miles	Corolla Cross	7MUFBABG1SV082752	2025	36341 USD	Bee Line Auto	36341 USD	MI	no	Corolla Cross	No	Over 20k
7MUCAABGXTV175941	2026 Toyota Corolla Cross LE	Toyota	https://www.beelineautoandsport.com/Specialty-Vehicles-Toyota-COROLLA-CROSS-LE-2026-Saint-Joseph-MN-dfd64461-a6f3-4be4-b5b6-b4c501449e42	31341 USD	2026 CYPRESS Toyota Corolla Cross LE For sale at Bee Line Auto & Sport in Saint Joseph Minnesota.	https://cdpcdn.dx1app.com/products-private/prod/0572c8a0-f7ee-425a-856e-445420432c97/f3e02b2f-ee6a-421b-9637-b472014a74f4/00000000-0000-0000-0000-000000000000/069a3f37-8eb1-41ff-87d2-b4c501449e0f/dfd64461-a6f3-4be4-b5b6-b4c501449e42/6000000005.jpg	in stock	USED	OTHER	Vehicles & Parts > Vehicles > Motor Vehicles > Cars, Trucks & Vans	7MUCAABGXTV175941	https://www.beelineautoandsport.com/Specialty-Vehicles-Toyota-COROLLA-CROSS-LE-2026-Saint-Joseph-MN-dfd64461-a6f3-4be4-b5b6-b4c501449e42/123?store={store_code}	GREEN	11884 miles	Corolla Cross	7MUCAABGXTV175941	2026	31341 USD	Bee Line Auto	31341 USD	MI	no	Corolla Cross	No	Over 20k
7MUDAABG7TV169762	2026 Toyota Corolla Cross XLE	Toyota	https://www.beelineautoandsport.com/Specialty-Vehicles-Toyota-COROLLA-CROSS-XLE-2026-Saint-Joseph-MN-98b40078-a516-437b-883c-b4c100fd04af	35841 USD	2026 SONIC SILVER Toyota Corolla Cross XLE For sale at Bee Line Auto & Sport in Saint Joseph Minnesota.	https://cdpcdn.dx1app.com/products-private/prod/0572c8a0-f7ee-425a-856e-445420432c97/f3e02b2f-ee6a-421b-9637-b472014a74f4/00000000-0000-0000-0000-000000000000/1cdf78a2-2021-44ec-868e-b4c100fd00fc/98b40078-a516-437b-883c-b4c100fd04af/6000000007.jpg	in stock	USED	OTHER	Vehicles & Parts > Vehicles > Motor Vehicles > Cars, Trucks & Vans	7MUDAABG7TV169762	https://www.beelineautoandsport.com/Specialty-Vehicles-Toyota-COROLLA-CROSS-XLE-2026-Saint-Joseph-MN-98b40078-a516-437b-883c-b4c100fd04af/123?store={store_code}	SILVER	13958 miles	Corolla Cross	7MUDAABG7TV169762	2026	35841 USD	Bee Line Auto	35841 USD	MI	no	Corolla Cross	No	Over 20k
7MUDAABG9TV174557	2026 Toyota Corolla Cross XLE AWD	Toyota	https://www.beelineautoandsport.com/Specialty-Vehicles-Toyota-COROLLA-CROSS-XLE-AWD-2026-Saint-Joseph-MN-ce315c40-4893-4151-a9c0-b4bc012101b5	35341 USD	2026 SONIC SILVER Toyota Corolla Cross XLE AWD For sale at Bee Line Auto & Sport in Saint Joseph Minnesota.	https://cdpcdn.dx1app.com/products-private/prod/0572c8a0-f7ee-425a-856e-445420432c97/f3e02b2f-ee6a-421b-9637-b472014a74f4/00000000-0000-0000-0000-000000000000/4dc93592-f284-4bef-a507-b4bc01210172/ce315c40-4893-4151-a9c0-b4bc012101b5/6000000007.jpg	in stock	USED	OTHER	Vehicles & Parts > Vehicles > Motor Vehicles > Cars, Trucks & Vans	7MUDAABG9TV174557	https://www.beelineautoandsport.com/Specialty-Vehicles-Toyota-COROLLA-CROSS-XLE-AWD-2026-Saint-Joseph-MN-ce315c40-4893-4151-a9c0-b4bc012101b5/123?store={store_code}	SILVER	14686 miles	Corolla Cross	7MUDAABG9TV174557	2026	35341 USD	Bee Line Auto	35341 USD	MI	no	Corolla Cross	No	Over 20k
JTDBDMHE7S3017075	2025 Toyota Corolla HYBRID SE	Toyota	https://www.beelineautoandsport.com/Specialty-Vehicles-Toyota-COROLLA-HYBRID-SE-2025-Saint-Joseph-MN-28ad0f09-b5e6-461b-8da2-b4c501124f3c	29341 USD	2025 MIDNIGHT BLACK METALLIC Toyota Corolla HYBRID SE For sale at Bee Line Auto & Sport in Saint Joseph Minnesota.	https://cdpcdn.dx1app.com/products-private/prod/0572c8a0-f7ee-425a-856e-445420432c97/f3e02b2f-ee6a-421b-9637-b472014a74f4/00000000-0000-0000-0000-000000000000/4fdfc1d4-4365-4bd8-861d-b4c501124dea/28ad0f09-b5e6-461b-8da2-b4c501124f3c/6000000006.jpg	in stock	USED	OTHER	Vehicles & Parts > Vehicles > Motor Vehicles > Cars, Trucks & Vans	JTDBDMHE7S3017075	https://www.beelineautoandsport.com/Specialty-Vehicles-Toyota-COROLLA-HYBRID-SE-2025-Saint-Joseph-MN-28ad0f09-b5e6-461b-8da2-b4c501124f3c/123?store={store_code}	BLACK	23593 miles	Corolla	JTDBDMHE7S3017075	2025	29341 USD	Bee Line Auto	29341 USD	MI	no	Corolla	No	Over 20k
JTDACAAJXS3001408	2025 Toyota Crown Signia XLE AWD	Toyota	https://www.beelineautoandsport.com/Specialty-Vehicles-Toyota-CROWN-SIGNIA-XLE-AWD-2025-Saint-Joseph-MN-07b207d4-b821-4e03-8ddf-b4bc01233315	46341 USD	2025 STORM CLOUD Toyota Crown Signia XLE AWD For sale at Bee Line Auto & Sport in Saint Joseph Minnesota.	https://cdpcdn.dx1app.com/products-private/prod/0572c8a0-f7ee-425a-856e-445420432c97/f3e02b2f-ee6a-421b-9637-b472014a74f4/00000000-0000-0000-0000-000000000000/d9231a23-443f-4714-b203-b4bc012332dd/07b207d4-b821-4e03-8ddf-b4bc01233315/6000000001.jpg	in stock	USED	OTHER	Vehicles & Parts > Vehicles > Motor Vehicles > Cars, Trucks & Vans	JTDACAAJXS3001408	https://www.beelineautoandsport.com/Specialty-Vehicles-Toyota-CROWN-SIGNIA-XLE-AWD-2025-Saint-Joseph-MN-07b207d4-b821-4e03-8ddf-b4bc01233315/123?store={store_code}	GRAY	18425 miles	Crown Signia	JTDACAAJXS3001408	2025	46341 USD	Bee Line Auto	46341 USD	MI	no	Crown Signia	No	Over 20k
5TDAAAA54SS034220	2025 Toyota Grand Highlander LE FWD	Toyota	https://www.beelineautoandsport.com/Specialty-Vehicles-Toyota-GRAND-HIGHLANDER-LE-FWD-2025-Saint-Joseph-MN-f3b7739a-cc36-4acb-a255-b4bc0123fb15	43341 USD	2025 STORM CLOUD Toyota Grand Highlander LE FWD For sale at Bee Line Auto & Sport in Saint Joseph Minnesota.	https://cdpcdn.dx1app.com/products-private/prod/0572c8a0-f7ee-425a-856e-445420432c97/f3e02b2f-ee6a-421b-9637-b472014a74f4/00000000-0000-0000-0000-000000000000/894f7d92-b052-462d-a3d5-b4bc0123fad9/f3b7739a-cc36-4acb-a255-b4bc0123fb15/6000000005.jpg	in stock	USED	SUV	Vehicles & Parts > Vehicles > Motor Vehicles > Cars, Trucks & Vans	5TDAAAA54SS034220	https://www.beelineautoandsport.com/Specialty-Vehicles-Toyota-GRAND-HIGHLANDER-LE-FWD-2025-Saint-Joseph-MN-f3b7739a-cc36-4acb-a255-b4bc0123fb15/123?store={store_code}	GRAY	7045 miles	Grand Highlander	5TDAAAA54SS034220	2025	43341 USD	Bee Line Auto	43341 USD	MI	no	Grand Highlander	No	Over 20k
5TDEBRCH2SS650924	2025 Toyota Highlander HYBRID PLATINUM	Toyota	https://www.beelineautoandsport.com/Specialty-Vehicles-Toyota-HIGHLANDER-HYBRID-PLATINUM-2025-Saint-Joseph-MN-eebcbee6-f115-44cd-abab-b4c70102d29c	53341 USD	2025 MIDNIGHT BLACK METALLIC Toyota Highlander HYBRID PLATINUM For sale at Bee Line Auto & Sport in Saint Joseph Minnesota.	https://cdpcdn.dx1app.com/products-private/prod/0572c8a0-f7ee-425a-856e-445420432c97/f3e02b2f-ee6a-421b-9637-b472014a74f4/00000000-0000-0000-0000-000000000000/834ac8a6-7165-4571-ac64-b4c70102d11d/eebcbee6-f115-44cd-abab-b4c70102d29c/6000000001.png	in stock	USED	SUV	Vehicles & Parts > Vehicles > Motor Vehicles > Cars, Trucks & Vans	5TDEBRCH2SS650924	https://www.beelineautoandsport.com/Specialty-Vehicles-Toyota-HIGHLANDER-HYBRID-PLATINUM-2025-Saint-Joseph-MN-eebcbee6-f115-44cd-abab-b4c70102d29c/123?store={store_code}	BLACK	39762 miles	Highlander	5TDEBRCH2SS650924	2025	53341 USD	Bee Line Auto	53341 USD	MI	no	Highlander	No	Over 20k
5TDGBRCH7NS562416	2022 Toyota Highlander HYBRID XLE AWD	Toyota	https://www.beelineautoandsport.com/Specialty-Vehicles-Toyota-HIGHLANDER-HYBRID-XLE-AWD-2022-Saint-Joseph-MN-8062ecec-6c02-4291-bf69-b4bc01251240	38341 USD	2022 MIDNIGHT BLACK METALLIC Toyota Highlander HYBRID XLE AWD For sale at Bee Line Auto & Sport in Saint Joseph Minnesota.	https://cdpcdn.dx1app.com/products-private/prod/0572c8a0-f7ee-425a-856e-445420432c97/f3e02b2f-ee6a-421b-9637-b472014a74f4/00000000-0000-0000-0000-000000000000/e53770a8-1638-4286-ad5e-b4bc012511f3/8062ecec-6c02-4291-bf69-b4bc01251240/6000000007.jpg	in stock	USED	SUV	Vehicles & Parts > Vehicles > Motor Vehicles > Cars, Trucks & Vans	5TDGBRCH7NS562416	https://www.beelineautoandsport.com/Specialty-Vehicles-Toyota-HIGHLANDER-HYBRID-XLE-AWD-2022-Saint-Joseph-MN-8062ecec-6c02-4291-bf69-b4bc01251240/123?store={store_code}	BLACK	0 miles	Highlander	5TDGBRCH7NS562416	2022	38341 USD	Bee Line Auto	38341 USD	MI	no	Highlander	No	Over 20k
5TDDZRBH5LS052790	2020 Toyota Highlander LIMITED	Toyota	https://www.beelineautoandsport.com/Specialty-Vehicles-Toyota-HIGHLANDER-LIMITED-2020-Saint-Joseph-MN-0b2514e0-f238-40fd-963e-b4c701042701	34341 USD	2020 BLIZZARD PEARL Toyota Highlander LIMITED For sale at Bee Line Auto & Sport in Saint Joseph Minnesota.	https://cdpcdn.dx1app.com/products-private/prod/0572c8a0-f7ee-425a-856e-445420432c97/f3e02b2f-ee6a-421b-9637-b472014a74f4/00000000-0000-0000-0000-000000000000/6e28ef41-440c-4303-b895-b4c7010426c7/0b2514e0-f238-40fd-963e-b4c701042701/6000000001.png	in stock	USED	SUV	Vehicles & Parts > Vehicles > Motor Vehicles > Cars, Trucks & Vans	5TDDZRBH5LS052790	https://www.beelineautoandsport.com/Specialty-Vehicles-Toyota-HIGHLANDER-LIMITED-2020-Saint-Joseph-MN-0b2514e0-f238-40fd-963e-b4c701042701/123?store={store_code}	WHITE	69950 miles	Highlander	5TDDZRBH5LS052790	2020	34341 USD	Bee Line Auto	34341 USD	MI	no	Highlander	No	Over 20k
5TDKDRBH6PS032432	2023 Toyota Highlander LE, L, Limited, Platinum, XLE / XSE (w/ 12.3" multimedia, w/ 8" multimedia)	Toyota	https://www.beelineautoandsport.com/Specialty-Vehicles-Toyota-HIGHTLANDER-PLATINUM-2023-Saint-Joseph-MN-9177ea08-4077-473a-bcdd-b4c501485138	43341 USD	2023 WIND CHILL PEARL Toyota Highlander LE, L, Limited, Platinum, XLE / XSE (w/ 12.3" multimedia, w/ 8" multimedia) For sale at Bee Line Auto & Sport in Saint Joseph Minnesota.	https://cdpcdn.dx1app.com/products-private/prod/0572c8a0-f7ee-425a-856e-445420432c97/f3e02b2f-ee6a-421b-9637-b472014a74f4/00000000-0000-0000-0000-000000000000/32742314-d8ba-45a2-bd0c-b4c501484f40/9177ea08-4077-473a-bcdd-b4c501485138/6000000001.jpg	in stock	USED	SUV	Vehicles & Parts > Vehicles > Motor Vehicles > Cars, Trucks & Vans	5TDKDRBH6PS032432	https://www.beelineautoandsport.com/Specialty-Vehicles-Toyota-HIGHTLANDER-PLATINUM-2023-Saint-Joseph-MN-9177ea08-4077-473a-bcdd-b4c501485138/123?store={store_code}	WHITE	50575 miles	Highlander	5TDKDRBH6PS032432	2023	43341 USD	Bee Line Auto	43341 USD	MI	no	Highlander	No	Over 20k
JTDACACU9T3057025	2026 Toyota Prius Prime	Toyota	https://www.beelineautoandsport.com/Specialty-Vehicles-Toyota-PRIUS-PLUG-IN-HYBRID-NIGHTSHADE-2026-Saint-Joseph-MN-4dc1f113-901c-44d3-a553-b4be011303ef	37641 USD	2026 WIND CHILL PEARL Toyota Prius Prime For sale at Bee Line Auto & Sport in Saint Joseph Minnesota.	https://cdpcdn.dx1app.com/products-private/prod/0572c8a0-f7ee-425a-856e-445420432c97/f3e02b2f-ee6a-421b-9637-b472014a74f4/00000000-0000-0000-0000-000000000000/bdd4742f-343a-4baa-ad60-b4be01130336/4dc1f113-901c-44d3-a553-b4be011303ef/6000000001.jpg	in stock	USED	OTHER	Vehicles & Parts > Vehicles > Motor Vehicles > Cars, Trucks & Vans	JTDACACU9T3057025	https://www.beelineautoandsport.com/Specialty-Vehicles-Toyota-PRIUS-PLUG-IN-HYBRID-NIGHTSHADE-2026-Saint-Joseph-MN-4dc1f113-901c-44d3-a553-b4be011303ef/123?store={store_code}	WHITE	11507 miles	Prius Prime	JTDACACU9T3057025	2026	37641 USD	Bee Line Auto	37641 USD	MI	no	Prius Prime	No	Over 20k
4T3LWRFV0NU065100	2022 Toyota RAV4 HYBRID LE	Toyota	https://www.beelineautoandsport.com/Specialty-Vehicles-Toyota-RAV4-HYBRID-LE-2022-Saint-Joseph-MN-2136437f-69b8-4a6e-9775-b4be0101777e	28341 USD	2022 MIDNIGHT BLACK METALLIC Toyota RAV4 HYBRID LE For sale at Bee Line Auto & Sport in Saint Joseph Minnesota.	https://cdpcdn.dx1app.com/products-private/prod/0572c8a0-f7ee-425a-856e-445420432c97/f3e02b2f-ee6a-421b-9637-b472014a74f4/00000000-0000-0000-0000-000000000000/6f0644dc-d79f-4576-aee4-b4be0101735d/2136437f-69b8-4a6e-9775-b4be0101777e/6000000001.jpg	in stock	USED	SUV	Vehicles & Parts > Vehicles > Motor Vehicles > Cars, Trucks & Vans	4T3LWRFV0NU065100	https://www.beelineautoandsport.com/Specialty-Vehicles-Toyota-RAV4-HYBRID-LE-2022-Saint-Joseph-MN-2136437f-69b8-4a6e-9775-b4be0101777e/123?store={store_code}	BLACK	80433 miles	RAV4	4T3LWRFV0NU065100	2022	28341 USD	Bee Line Auto	28341 USD	MI	no	RAV4	No	Over 20k
JTMDWRFV8LD540829	2020 Toyota RAV4 HYBRID LIMITED	Toyota	https://www.beelineautoandsport.com/Specialty-Vehicles-Toyota-RAV4-HYBRID-LIMITED-2020-Saint-Joseph-MN-db37f0b4-245e-423d-a422-b4be010735b8	37341 USD	2020 MIDNIGHT BLACK METALLIC Toyota RAV4 HYBRID LIMITED For sale at Bee Line Auto & Sport in Saint Joseph Minnesota.	https://cdpcdn.dx1app.com/products-private/prod/0572c8a0-f7ee-425a-856e-445420432c97/f3e02b2f-ee6a-421b-9637-b472014a74f4/00000000-0000-0000-0000-000000000000/4f9aec13-ff5a-4160-ab65-b4be01073565/db37f0b4-245e-423d-a422-b4be010735b8/6000000001.jpg	in stock	USED	SUV	Vehicles & Parts > Vehicles > Motor Vehicles > Cars, Trucks & Vans	JTMDWRFV8LD540829	https://www.beelineautoandsport.com/Specialty-Vehicles-Toyota-RAV4-HYBRID-LIMITED-2020-Saint-Joseph-MN-db37f0b4-245e-423d-a422-b4be010735b8/123?store={store_code}	BLACK	10285 miles	RAV4	JTMDWRFV8LD540829	2020	37341 USD	Bee Line Auto	37341 USD	MI	no	RAV4	No	Over 20k
JTMRWRFV3SJ086043	2025 Toyota RAV4 HYBRID XLE	Toyota	https://www.beelineautoandsport.com/Specialty-Vehicles-Toyota-RAV4-HYBRID-XLE-2025-Saint-Joseph-MN-34e258aa-7081-4207-877c-b4bc012fcd87	39041 USD	2025 MIDNIGHT BLACK METALLIC Toyota RAV4 HYBRID XLE For sale at Bee Line Auto & Sport in Saint Joseph Minnesota.	https://cdpcdn.dx1app.com/products-private/prod/0572c8a0-f7ee-425a-856e-445420432c97/f3e02b2f-ee6a-421b-9637-b472014a74f4/00000000-0000-0000-0000-000000000000/2d774f7e-2146-46a4-876e-b4bc012fcaaf/34e258aa-7081-4207-877c-b4bc012fcd87/6000000001.jpg	in stock	USED	SUV	Vehicles & Parts > Vehicles > Motor Vehicles > Cars, Trucks & Vans	JTMRWRFV3SJ086043	https://www.beelineautoandsport.com/Specialty-Vehicles-Toyota-RAV4-HYBRID-XLE-2025-Saint-Joseph-MN-34e258aa-7081-4207-877c-b4bc012fcd87/123?store={store_code}	BLACK	23913 miles	RAV4	JTMRWRFV3SJ086043	2025	39041 USD	Bee Line Auto	39041 USD	MI	no	RAV4	No	Over 20k
4T3RWRFV6SU165286	2025 Toyota RAV4 HYBRID XLE	Toyota	https://www.beelineautoandsport.com/Specialty-Vehicles-Toyota-RAV4-HYBRID-XLE-2025-Saint-Joseph-MN-4fae52d3-f15f-4735-a096-b4bc01381a74	36841 USD	2025 MAGNETIC GRAY METALLIC Toyota RAV4 HYBRID XLE For sale at Bee Line Auto & Sport in Saint Joseph Minnesota.	https://cdpcdn.dx1app.com/products-private/prod/0572c8a0-f7ee-425a-856e-445420432c97/f3e02b2f-ee6a-421b-9637-b472014a74f4/00000000-0000-0000-0000-000000000000/bbf2fae1-45d8-4a97-b370-b4bc0138194f/4fae52d3-f15f-4735-a096-b4bc01381a74/6000000001.jpg	in stock	USED	SUV	Vehicles & Parts > Vehicles > Motor Vehicles > Cars, Trucks & Vans	4T3RWRFV6SU165286	https://www.beelineautoandsport.com/Specialty-Vehicles-Toyota-RAV4-HYBRID-XLE-2025-Saint-Joseph-MN-4fae52d3-f15f-4735-a096-b4bc01381a74/123?store={store_code}	GRAY	41729 miles	RAV4	4T3RWRFV6SU165286	2025	36841 USD	Bee Line Auto	36841 USD	MI	no	RAV4	No	Over 20k
JTMRWRFV4SJ080798	2025 Toyota RAV4 HYBRID XLE	Toyota	https://www.beelineautoandsport.com/Specialty-Vehicles-Toyota-RAV4-HYBRID-XLE-2025-Saint-Joseph-MN-7d8377c9-de49-44df-9ac9-b4bc01344cf1	39341 USD	2025 MAGNETIC GRAY METALLIC Toyota RAV4 HYBRID XLE For sale at Bee Line Auto & Sport in Saint Joseph Minnesota.	https://cdpcdn.dx1app.com/products-private/prod/0572c8a0-f7ee-425a-856e-445420432c97/f3e02b2f-ee6a-421b-9637-b472014a74f4/00000000-0000-0000-0000-000000000000/1cfff21a-bd67-42a1-aa1e-b4bc01344cb4/7d8377c9-de49-44df-9ac9-b4bc01344cf1/6000000011.jpg	in stock	USED	SUV	Vehicles & Parts > Vehicles > Motor Vehicles > Cars, Trucks & Vans	JTMRWRFV4SJ080798	https://www.beelineautoandsport.com/Specialty-Vehicles-Toyota-RAV4-HYBRID-XLE-2025-Saint-Joseph-MN-7d8377c9-de49-44df-9ac9-b4bc01344cf1/123?store={store_code}	GRAY	23995 miles	RAV4	JTMRWRFV4SJ080798	2025	39341 USD	Bee Line Auto	39341 USD	MI	no	RAV4	No	Over 20k
4T3RWRFV2SU182277	2025 Toyota RAV4 HYBRID XLE	Toyota	https://www.beelineautoandsport.com/Specialty-Vehicles-Toyota-RAV4-HYBRID-XLE-2025-Saint-Joseph-MN-7f916f74-d0f5-444a-88c9-b4bc0131dd26	38341 USD	2025 ICE CAP Toyota RAV4 HYBRID XLE For sale at Bee Line Auto & Sport in Saint Joseph Minnesota.	https://cdpcdn.dx1app.com/products-private/prod/0572c8a0-f7ee-425a-856e-445420432c97/f3e02b2f-ee6a-421b-9637-b472014a74f4/00000000-0000-0000-0000-000000000000/1861a2e7-243b-46ea-8109-b4bc0131dce8/7f916f74-d0f5-444a-88c9-b4bc0131dd26/6000000001.jpg	in stock	USED	SUV	Vehicles & Parts > Vehicles > Motor Vehicles > Cars, Trucks & Vans	4T3RWRFV2SU182277	https://www.beelineautoandsport.com/Specialty-Vehicles-Toyota-RAV4-HYBRID-XLE-2025-Saint-Joseph-MN-7f916f74-d0f5-444a-88c9-b4bc0131dd26/123?store={store_code}	WHITE	33587 miles	RAV4	4T3RWRFV2SU182277	2025	38341 USD	Bee Line Auto	38341 USD	MI	no	RAV4	No	Over 20k
JTMB6RFV5ND524243	2022 Toyota RAV4 HYBRID XLE PREMIUM	Toyota	https://www.beelineautoandsport.com/Specialty-Vehicles-Toyota-RAV4-HYBRID-XLE-PREMIUM-2022-Saint-Joseph-MN-3659e56c-3b66-47b1-aacd-b4bc013bb26b	37341 USD	2022 SILVER SKY METALLIC Toyota RAV4 HYBRID XLE PREMIUM For sale at Bee Line Auto & Sport in Saint Joseph Minnesota.	https://cdpcdn.dx1app.com/products-private/prod/0572c8a0-f7ee-425a-856e-445420432c97/f3e02b2f-ee6a-421b-9637-b472014a74f4/00000000-0000-0000-0000-000000000000/47ff0d6d-8a6c-4433-a357-b4bc013bb237/3659e56c-3b66-47b1-aacd-b4bc013bb26b/6000000001.jpg	in stock	USED	SUV	Vehicles & Parts > Vehicles > Motor Vehicles > Cars, Trucks & Vans	JTMB6RFV5ND524243	https://www.beelineautoandsport.com/Specialty-Vehicles-Toyota-RAV4-HYBRID-XLE-PREMIUM-2022-Saint-Joseph-MN-3659e56c-3b66-47b1-aacd-b4bc013bb26b/123?store={store_code}	SILVER	29983 miles	RAV4	JTMB6RFV5ND524243	2022	37341 USD	Bee Line Auto	37341 USD	MI	no	RAV4	No	Over 20k
4T3RWRFV6SU165823	2025 Toyota RAV4 HYBRID XLE PREMIUM	Toyota	https://www.beelineautoandsport.com/Specialty-Vehicles-Toyota-RAV4-HYBRID-XLE-PREMIUM-2025-Saint-Joseph-MN-61ae75ac-eaec-4845-a228-b4bc013a30a7	35841 USD	2025 MIDNIGHT BLACK METALLIC Toyota RAV4 HYBRID XLE PREMIUM For sale at Bee Line Auto & Sport in Saint Joseph Minnesota.	https://cdpcdn.dx1app.com/products-private/prod/0572c8a0-f7ee-425a-856e-445420432c97/f3e02b2f-ee6a-421b-9637-b472014a74f4/00000000-0000-0000-0000-000000000000/f996fff3-65c3-4757-9302-b4bc013a305c/61ae75ac-eaec-4845-a228-b4bc013a30a7/6000000001.jpg	in stock	USED	SUV	Vehicles & Parts > Vehicles > Motor Vehicles > Cars, Trucks & Vans	4T3RWRFV6SU165823	https://www.beelineautoandsport.com/Specialty-Vehicles-Toyota-RAV4-HYBRID-XLE-PREMIUM-2025-Saint-Joseph-MN-61ae75ac-eaec-4845-a228-b4bc013a30a7/123?store={store_code}	BLACK	52084 miles	RAV4	4T3RWRFV6SU165823	2025	35841 USD	Bee Line Auto	35841 USD	MI	no	RAV4	No	Over 20k
7SVAAABA1PX002652	2023 Toyota Sequoia LIMITED	Toyota	https://www.beelineautoandsport.com/Specialty-Vehicles-Toyota-SEQUOIA-LIMITED-2023-Saint-Joseph-MN-578017b9-8fa6-455f-91eb-b4be010fc026	57041 USD	2023 SUPERSONIC RED Toyota Sequoia LIMITED For sale at Bee Line Auto & Sport in Saint Joseph Minnesota.	https://cdpcdn.dx1app.com/products-private/prod/0572c8a0-f7ee-425a-856e-445420432c97/f3e02b2f-ee6a-421b-9637-b472014a74f4/00000000-0000-0000-0000-000000000000/c6adea56-2cff-43e1-8f97-b4be010fbf26/578017b9-8fa6-455f-91eb-b4be010fc026/6000000001.jpg	in stock	USED	SUV	Vehicles & Parts > Vehicles > Motor Vehicles > Cars, Trucks & Vans	7SVAAABA1PX002652	https://www.beelineautoandsport.com/Specialty-Vehicles-Toyota-SEQUOIA-LIMITED-2023-Saint-Joseph-MN-578017b9-8fa6-455f-91eb-b4be010fc026/123?store={store_code}	RED	56665 miles	Sequoia	7SVAAABA1PX002652	2023	57041 USD	Bee Line Auto	57041 USD	MI	no	Sequoia	No	Over 20k
5TDDW5G17ES095690	2014 Toyota Sequoia PLATINUM	Toyota	https://www.beelineautoandsport.com/Specialty-Vehicles-Toyota-SEQUOIA-PLATINUM-2014-Saint-Joseph-MN-46407d48-6be5-42d6-932a-b4be0114e320	24341 USD	2014 BLIZZARD PEARL Toyota Sequoia PLATINUM For sale at Bee Line Auto & Sport in Saint Joseph Minnesota.	https://cdpcdn.dx1app.com/products-private/prod/0572c8a0-f7ee-425a-856e-445420432c97/f3e02b2f-ee6a-421b-9637-b472014a74f4/00000000-0000-0000-0000-000000000000/40e30178-f277-41e2-8052-b4be0114e2dd/46407d48-6be5-42d6-932a-b4be0114e320/6000000001.jpg	in stock	USED	SUV	Vehicles & Parts > Vehicles > Motor Vehicles > Cars, Trucks & Vans	5TDDW5G17ES095690	https://www.beelineautoandsport.com/Specialty-Vehicles-Toyota-SEQUOIA-PLATINUM-2014-Saint-Joseph-MN-46407d48-6be5-42d6-932a-b4be0114e320/123?store={store_code}	WHITE	158097 miles	Sequoia	5TDDW5G17ES095690	2014	24341 USD	Bee Line Auto	24341 USD	MI	no	Sequoia	No	Over 20k
7SVAAABA6TX081035	2026 Toyota Sequoia PLATINUM	Toyota	https://www.beelineautoandsport.com/Specialty-Vehicles-Toyota-SEQUOIA-PLATINUM-2026-Saint-Joseph-MN-8b82496f-8dab-4ea8-af9d-b4be0109bd83	85341 USD	2026 SUPERSONIC RED Toyota Sequoia PLATINUM For sale at Bee Line Auto & Sport in Saint Joseph Minnesota.	https://cdpcdn.dx1app.com/products-private/prod/0572c8a0-f7ee-425a-856e-445420432c97/f3e02b2f-ee6a-421b-9637-b472014a74f4/00000000-0000-0000-0000-000000000000/6f7c6f6f-db47-45ad-a0b5-b4be0109bd4e/8b82496f-8dab-4ea8-af9d-b4be0109bd83/6000000001.jpg	in stock	USED	SUV	Vehicles & Parts > Vehicles > Motor Vehicles > Cars, Trucks & Vans	7SVAAABA6TX081035	https://www.beelineautoandsport.com/Specialty-Vehicles-Toyota-SEQUOIA-PLATINUM-2026-Saint-Joseph-MN-8b82496f-8dab-4ea8-af9d-b4be0109bd83/123?store={store_code}	RED	7750 miles	Sequoia	7SVAAABA6TX081035	2026	85341 USD	Bee Line Auto	85341 USD	MI	no	Sequoia	No	Over 20k
7SVAAABA3TX098584	2026 Toyota Sequoia PLATINUM	Toyota	https://www.beelineautoandsport.com/Specialty-Vehicles-Toyota-SEQUOIA-PLATINUM-2026-Saint-Joseph-MN-c0374237-ea80-4e12-86a8-b4be01082bd1	85341 USD	2026 WIND CHILL PEARL Toyota Sequoia PLATINUM For sale at Bee Line Auto & Sport in Saint Joseph Minnesota.	https://cdpcdn.dx1app.com/products-private/prod/0572c8a0-f7ee-425a-856e-445420432c97/f3e02b2f-ee6a-421b-9637-b472014a74f4/00000000-0000-0000-0000-000000000000/3aa89ea8-91e6-4db0-9104-b4be01082b6b/c0374237-ea80-4e12-86a8-b4be01082bd1/6000000007.jpg	in stock	USED	SUV	Vehicles & Parts > Vehicles > Motor Vehicles > Cars, Trucks & Vans	7SVAAABA3TX098584	https://www.beelineautoandsport.com/Specialty-Vehicles-Toyota-SEQUOIA-PLATINUM-2026-Saint-Joseph-MN-c0374237-ea80-4e12-86a8-b4be01082bd1/123?store={store_code}	WHITE	2087 miles	Sequoia	7SVAAABA3TX098584	2026	85341 USD	Bee Line Auto	85341 USD	MI	no	Sequoia	No	Over 20k
5TDBY5G14KS170925	2019 Toyota Sequoia SR5	Toyota	https://www.beelineautoandsport.com/Specialty-Vehicles-Toyota-SEQUOIA-SR5-2019-Saint-Joseph-MN-5b07cc72-7889-4270-9a78-b4be011134bb	39341 USD	2019 SUPER WHITE Toyota Sequoia SR5 For sale at Bee Line Auto & Sport in Saint Joseph Minnesota.	https://cdpcdn.dx1app.com/products-private/prod/0572c8a0-f7ee-425a-856e-445420432c97/f3e02b2f-ee6a-421b-9637-b472014a74f4/00000000-0000-0000-0000-000000000000/37ff38ed-76e3-455e-8250-b4be01113482/5b07cc72-7889-4270-9a78-b4be011134bb/6000000001.jpg	in stock	USED	SUV	Vehicles & Parts > Vehicles > Motor Vehicles > Cars, Trucks & Vans	5TDBY5G14KS170925	https://www.beelineautoandsport.com/Specialty-Vehicles-Toyota-SEQUOIA-SR5-2019-Saint-Joseph-MN-5b07cc72-7889-4270-9a78-b4be011134bb/123?store={store_code}	WHITE	82291 miles	Sequoia	5TDBY5G14KS170925	2019	39341 USD	Bee Line Auto	39341 USD	MI	no	Sequoia	No	Over 20k
3TYLC5LN2TT054592	2026 Toyota Tacoma HYBRID TRD OFF-ROAD	Toyota	https://www.beelineautoandsport.com/Specialty-Vehicles-Toyota-TACOMA-HYBRID-TRD-OFF-ROAD-2026-Saint-Joseph-MN-19dbc455-f335-44f2-9e23-b4be01167b13	50253 USD	2026 HERITAGE BLUE Toyota Tacoma HYBRID TRD OFF-ROAD For sale at Bee Line Auto & Sport in Saint Joseph Minnesota.	https://cdpcdn.dx1app.com/products-private/prod/0572c8a0-f7ee-425a-856e-445420432c97/f3e02b2f-ee6a-421b-9637-b472014a74f4/00000000-0000-0000-0000-000000000000/92a36be7-b630-46c7-ac1c-b4be01167ad0/19dbc455-f335-44f2-9e23-b4be01167b13/6000000001.jpg	in stock	USED	TRUCK	Vehicles & Parts > Vehicles > Motor Vehicles > Cars, Trucks & Vans	3TYLC5LN2TT054592	https://www.beelineautoandsport.com/Specialty-Vehicles-Toyota-TACOMA-HYBRID-TRD-OFF-ROAD-2026-Saint-Joseph-MN-19dbc455-f335-44f2-9e23-b4be01167b13/123?store={store_code}	BLUE	500 miles	Tacoma	3TYLC5LN2TT054592	2026	50253 USD	Bee Line Auto	50253 USD	MI	no	Tacoma	No	Over 20k
3TYLD5KN8ST020394	2025 Toyota Tacoma SR 5' BED	Toyota	https://www.beelineautoandsport.com/Specialty-Vehicles-Toyota-TACOMA-SR-5-BED-2025-Saint-Joseph-MN-c60d64b9-544a-438b-bbdc-b4be011ba66a	39341 USD	2025 CELESTIAL SILVER METALLIC Toyota Tacoma SR 5' BED For sale at Bee Line Auto & Sport in Saint Joseph Minnesota.	https://cdpcdn.dx1app.com/products-private/prod/0572c8a0-f7ee-425a-856e-445420432c97/f3e02b2f-ee6a-421b-9637-b472014a74f4/00000000-0000-0000-0000-000000000000/54b41fe2-1738-4429-9c3f-b4be011ba626/c60d64b9-544a-438b-bbdc-b4be011ba66a/6000000001.jpg	in stock	USED	TRUCK	Vehicles & Parts > Vehicles > Motor Vehicles > Cars, Trucks & Vans	3TYLD5KN8ST020394	https://www.beelineautoandsport.com/Specialty-Vehicles-Toyota-TACOMA-SR-5-BED-2025-Saint-Joseph-MN-c60d64b9-544a-438b-bbdc-b4be011ba66a/123?store={store_code}	SILVER	10949 miles	Tacoma	3TYLD5KN8ST020394	2025	39341 USD	Bee Line Auto	39341 USD	MI	no	Tacoma	No	Over 20k
3TMCZ5AN3JM164044	2018 Toyota Tacoma TRD OFF-ROAD 5' BED	Toyota	https://www.beelineautoandsport.com/Specialty-Vehicles-Toyota-TACOMA-TRD-OFF-ROAD-5-BED-2018-Saint-Joseph-MN-7c0bef16-a729-4f08-a7ab-b4be01293e2d	27341 USD	2018 MIDNIGHT BLACK METALLIC Toyota Tacoma TRD OFF-ROAD 5' BED For sale at Bee Line Auto & Sport in Saint Joseph Minnesota.	https://cdpcdn.dx1app.com/products-private/prod/0572c8a0-f7ee-425a-856e-445420432c97/f3e02b2f-ee6a-421b-9637-b472014a74f4/00000000-0000-0000-0000-000000000000/89904774-0ca5-449a-9577-b4be01293df1/7c0bef16-a729-4f08-a7ab-b4be01293e2d/6000000005.jpg	in stock	USED	TRUCK	Vehicles & Parts > Vehicles > Motor Vehicles > Cars, Trucks & Vans	3TMCZ5AN3JM164044	https://www.beelineautoandsport.com/Specialty-Vehicles-Toyota-TACOMA-TRD-OFF-ROAD-5-BED-2018-Saint-Joseph-MN-7c0bef16-a729-4f08-a7ab-b4be01293e2d/123?store={store_code}	BLACK	146237 miles	Tacoma	3TMCZ5AN3JM164044	2018	27341 USD	Bee Line Auto	27341 USD	MI	no	Tacoma	No	Over 20k
3TYLB5JN1ST078774	2025 Toyota Tacoma TRD OFF-ROAD 5' BED	Toyota	https://www.beelineautoandsport.com/Specialty-Vehicles-Toyota-TACOMA-TRD-OFF-ROAD-5-BED-2025-Saint-Joseph-MN-54b28d35-bc42-491d-b3a1-b4be0119d525	45341 USD	2025 SUPERSONIC RED Toyota Tacoma TRD OFF-ROAD 5' BED For sale at Bee Line Auto & Sport in Saint Joseph Minnesota.	https://cdpcdn.dx1app.com/products-private/prod/0572c8a0-f7ee-425a-856e-445420432c97/f3e02b2f-ee6a-421b-9637-b472014a74f4/00000000-0000-0000-0000-000000000000/a730d959-838f-4c6b-a80b-b4be0119d4e6/54b28d35-bc42-491d-b3a1-b4be0119d525/6000000007.jpg	in stock	USED	TRUCK	Vehicles & Parts > Vehicles > Motor Vehicles > Cars, Trucks & Vans	3TYLB5JN1ST078774	https://www.beelineautoandsport.com/Specialty-Vehicles-Toyota-TACOMA-TRD-OFF-ROAD-5-BED-2025-Saint-Joseph-MN-54b28d35-bc42-491d-b3a1-b4be0119d525/123?store={store_code}	RED	3314 miles	Tacoma	3TYLB5JN1ST078774	2025	45341 USD	Bee Line Auto	45341 USD	MI	no	Tacoma	No	Over 20k
5TFAW5F14JX719258	2018 Toyota Tundra 1794 5.5' BED	Toyota	https://www.beelineautoandsport.com/Specialty-Vehicles-Toyota-TUNDRA-1794-5-5-BED-2018-Saint-Joseph-MN-9bc388bf-9252-4424-835a-b4be013daf98	39341 USD	2018 SMOKED MESQUITE Toyota Tundra 1794 5.5' BED For sale at Bee Line Auto & Sport in Saint Joseph Minnesota.	https://cdpcdn.dx1app.com/products-private/prod/0572c8a0-f7ee-425a-856e-445420432c97/f3e02b2f-ee6a-421b-9637-b472014a74f4/00000000-0000-0000-0000-000000000000/ade93fbf-6d7d-411b-82fa-b4be013daf52/9bc388bf-9252-4424-835a-b4be013daf98/6000000001.png	in stock	USED	TRUCK	Vehicles & Parts > Vehicles > Motor Vehicles > Cars, Trucks & Vans	5TFAW5F14JX719258	https://www.beelineautoandsport.com/Specialty-Vehicles-Toyota-TUNDRA-1794-5-5-BED-2018-Saint-Joseph-MN-9bc388bf-9252-4424-835a-b4be013daf98/123?store={store_code}	GRAY	96522 miles	Tundra	5TFAW5F14JX719258	2018	39341 USD	Bee Line Auto	39341 USD	MI	no	Tundra	No	Over 20k
5TFMA5DB4SX258149	2025 Toyota Tundra 1794 5.5' BED	Toyota	https://www.beelineautoandsport.com/Specialty-Vehicles-Toyota-TUNDRA-1794-5-5-BED-2025-Saint-Joseph-MN-5e55e70a-3223-4163-8d68-b4be0133ef3c	63341 USD	2025 MIDNIGHT BLACK METALLIC Toyota Tundra 1794 5.5' BED For sale at Bee Line Auto & Sport in Saint Joseph Minnesota.	https://cdpcdn.dx1app.com/products-private/prod/0572c8a0-f7ee-425a-856e-445420432c97/f3e02b2f-ee6a-421b-9637-b472014a74f4/00000000-0000-0000-0000-000000000000/066db08f-0b03-4a3d-b95e-b4be0133ef06/5e55e70a-3223-4163-8d68-b4be0133ef3c/6000000001.jpg	in stock	USED	TRUCK	Vehicles & Parts > Vehicles > Motor Vehicles > Cars, Trucks & Vans	5TFMA5DB4SX258149	https://www.beelineautoandsport.com/Specialty-Vehicles-Toyota-TUNDRA-1794-5-5-BED-2025-Saint-Joseph-MN-5e55e70a-3223-4163-8d68-b4be0133ef3c/123?store={store_code}	BLACK	10549 miles	Tundra	5TFMA5DB4SX258149	2025	63341 USD	Bee Line Auto	63341 USD	MI	no	Tundra	No	Over 20k
5TFWC5DB5TX120060	2026 Toyota Tundra HYBRID LIMITED 5.5' BED	Toyota	https://www.beelineautoandsport.com/Specialty-Vehicles-Toyota-TUNDRA-HYBRID-LIMITED-5-5-BED-2026-Saint-Joseph-MN-280c3488-8860-4655-98a0-b4be012f1379	66941 USD	2026 MAGNETIC GRAY METALLIC Toyota Tundra HYBRID LIMITED 5.5' BED For sale at Bee Line Auto & Sport in Saint Joseph Minnesota.	https://cdpcdn.dx1app.com/products-private/prod/0572c8a0-f7ee-425a-856e-445420432c97/f3e02b2f-ee6a-421b-9637-b472014a74f4/00000000-0000-0000-0000-000000000000/65b2015d-3482-45d1-b16e-b4be012f126a/280c3488-8860-4655-98a0-b4be012f1379/6000000001.jpg	in stock	USED	TRUCK	Vehicles & Parts > Vehicles > Motor Vehicles > Cars, Trucks & Vans	5TFWC5DB5TX120060	https://www.beelineautoandsport.com/Specialty-Vehicles-Toyota-TUNDRA-HYBRID-LIMITED-5-5-BED-2026-Saint-Joseph-MN-280c3488-8860-4655-98a0-b4be012f1379/123?store={store_code}	GRAY	4846 miles	Tundra	5TFWC5DB5TX120060	2026	66941 USD	Bee Line Auto	66941 USD	MI	no	Tundra	No	Over 20k
5TFJC5DB9TX130746	2026 Toyota Tundra HYBRID LIMITED 5.5' BED	Toyota	https://www.beelineautoandsport.com/Specialty-Vehicles-Toyota-TUNDRA-HYBRID-LIMITED-5-5-BED-2026-Saint-Joseph-MN-a8c09258-8e49-4758-bed2-b4be013173d5	64341 USD	2026 MAGNETIC GRAY METALLIC Toyota Tundra HYBRID LIMITED 5.5' BED For sale at Bee Line Auto & Sport in Saint Joseph Minnesota.	https://cdpcdn.dx1app.com/products-private/prod/0572c8a0-f7ee-425a-856e-445420432c97/f3e02b2f-ee6a-421b-9637-b472014a74f4/00000000-0000-0000-0000-000000000000/46ff852f-ed6d-480f-89d8-b4be0131739c/a8c09258-8e49-4758-bed2-b4be013173d5/6000000001.jpg	in stock	USED	TRUCK	Vehicles & Parts > Vehicles > Motor Vehicles > Cars, Trucks & Vans	5TFJC5DB9TX130746	https://www.beelineautoandsport.com/Specialty-Vehicles-Toyota-TUNDRA-HYBRID-LIMITED-5-5-BED-2026-Saint-Joseph-MN-a8c09258-8e49-4758-bed2-b4be013173d5/123?store={store_code}	GRAY	6000 miles	Tundra	5TFJC5DB9TX130746	2026	64341 USD	Bee Line Auto	64341 USD	MI	no	Tundra	No	Over 20k
5TFNC5DB7RX061775	2024 Toyota Tundra HYBRID PLATINUM 5.5' BED	Toyota	https://www.beelineautoandsport.com/Specialty-Vehicles-Toyota-TUNDRA-HYBRID-PLATINUM-5-5-BED-2024-Saint-Joseph-MN-1510c7f3-856f-4f8b-846f-b4be01355968	55341 USD	2024 MAGNETIC GRAY METALLIC Toyota Tundra HYBRID PLATINUM 5.5' BED For sale at Bee Line Auto & Sport in Saint Joseph Minnesota.	https://cdpcdn.dx1app.com/products-private/prod/0572c8a0-f7ee-425a-856e-445420432c97/f3e02b2f-ee6a-421b-9637-b472014a74f4/00000000-0000-0000-0000-000000000000/cbf7d82e-b4c0-4186-a59b-b4be01355936/1510c7f3-856f-4f8b-846f-b4be01355968/6000000007.jpg	in stock	USED	TRUCK	Vehicles & Parts > Vehicles > Motor Vehicles > Cars, Trucks & Vans	5TFNC5DB7RX061775	https://www.beelineautoandsport.com/Specialty-Vehicles-Toyota-TUNDRA-HYBRID-PLATINUM-5-5-BED-2024-Saint-Joseph-MN-1510c7f3-856f-4f8b-846f-b4be01355968/123?store={store_code}	GRAY	24195 miles	Tundra	5TFNC5DB7RX061775	2024	55341 USD	Bee Line Auto	55341 USD	MI	no	Tundra	No	Over 20k
5TFNC5DB7TX118662	2026 Toyota Tundra HYBRID PLATINUM 5.5' BED	Toyota	https://www.beelineautoandsport.com/Specialty-Vehicles-Toyota-TUNDRA-HYBRID-PLATINUM-5-5-BED-2026-Saint-Joseph-MN-c04867c9-5d4c-4532-968d-b4bb00fec9ab	64341 USD	2026 WIND CHILL PEARL Toyota Tundra HYBRID PLATINUM 5.5' BED For sale at Bee Line Auto & Sport in Saint Joseph Minnesota.	https://cdpcdn.dx1app.com/products-private/prod/0572c8a0-f7ee-425a-856e-445420432c97/f3e02b2f-ee6a-421b-9637-b472014a74f4/00000000-0000-0000-0000-000000000000/0dfb9fe3-e463-494e-95d3-b4bb00fec5c4/c04867c9-5d4c-4532-968d-b4bb00fec9ab/6000000037.jpg	in stock	USED	TRUCK	Vehicles & Parts > Vehicles > Motor Vehicles > Cars, Trucks & Vans	5TFNC5DB7TX118662	https://www.beelineautoandsport.com/Specialty-Vehicles-Toyota-TUNDRA-HYBRID-PLATINUM-5-5-BED-2026-Saint-Joseph-MN-c04867c9-5d4c-4532-968d-b4bb00fec9ab/123?store={store_code}	WHITE	9943 miles	Tundra	5TFNC5DB7TX118662	2026	64341 USD	Bee Line Auto	64341 USD	MI	no	Tundra	No	Over 20k
5TFJA5DB9NX004413	2022 Toyota Tundra LIMITED 5.5' BED	Toyota	https://www.beelineautoandsport.com/Specialty-Vehicles-Toyota-TUNDRA-LIMITED-5-5-BED-2022-Saint-Joseph-MN-8c5a5ed5-eb35-4c4c-bf32-b4be013974de	45341 USD	2022 MIDNIGHT BLACK METALLIC Toyota Tundra LIMITED 5.5' BED For sale at Bee Line Auto & Sport in Saint Joseph Minnesota.	https://cdpcdn.dx1app.com/products-private/prod/0572c8a0-f7ee-425a-856e-445420432c97/f3e02b2f-ee6a-421b-9637-b472014a74f4/00000000-0000-0000-0000-000000000000/68dc7240-3754-431b-803e-b4be01397496/8c5a5ed5-eb35-4c4c-bf32-b4be013974de/6000000001.jpg	in stock	USED	TRUCK	Vehicles & Parts > Vehicles > Motor Vehicles > Cars, Trucks & Vans	5TFJA5DB9NX004413	https://www.beelineautoandsport.com/Specialty-Vehicles-Toyota-TUNDRA-LIMITED-5-5-BED-2022-Saint-Joseph-MN-8c5a5ed5-eb35-4c4c-bf32-b4be013974de/123?store={store_code}	BLACK	62253 miles	Tundra	5TFJA5DB9NX004413	2022	45341 USD	Bee Line Auto	45341 USD	MI	no	Tundra	No	Over 20k
5TFWA5DB7TX344775	2026 Toyota Tundra PLATINUM 5.5' BED	Toyota	https://www.beelineautoandsport.com/Specialty-Vehicles-Toyota-TUNDRA-PLATINUM-5-5-BED-2026-Saint-Joseph-MN-82af3b42-f5a9-47fa-9947-b4be012a7586	65341 USD	2026 MIDNIGHT BLACK METALLIC Toyota Tundra PLATINUM 5.5' BED For sale at Bee Line Auto & Sport in Saint Joseph Minnesota.	https://cdpcdn.dx1app.com/products-private/prod/0572c8a0-f7ee-425a-856e-445420432c97/f3e02b2f-ee6a-421b-9637-b472014a74f4/00000000-0000-0000-0000-000000000000/bf907c13-0be2-4696-a7c9-b4be012a753f/82af3b42-f5a9-47fa-9947-b4be012a7586/6000000001.jpg	in stock	USED	TRUCK	Vehicles & Parts > Vehicles > Motor Vehicles > Cars, Trucks & Vans	5TFWA5DB7TX344775	https://www.beelineautoandsport.com/Specialty-Vehicles-Toyota-TUNDRA-PLATINUM-5-5-BED-2026-Saint-Joseph-MN-82af3b42-f5a9-47fa-9947-b4be012a7586/123?store={store_code}	BLACK	9516 miles	Tundra	5TFWA5DB7TX344775	2026	65341 USD	Bee Line Auto	65341 USD	MI	no	Tundra	No	Over 20k
5TFLA5DB2RX230646	2024 Toyota Tundra SR5 5.5' BED	Toyota	https://www.beelineautoandsport.com/Specialty-Vehicles-Toyota-TUNDRA-SR5-5-5-BED-2024-Saint-Joseph-MN-c3e7afa9-50a1-4454-a4fd-b4be01379761	45341 USD	2024 MIDNIGHT BLACK METALLIC Toyota Tundra SR5 5.5' BED For sale at Bee Line Auto & Sport in Saint Joseph Minnesota.	https://cdpcdn.dx1app.com/products-private/prod/0572c8a0-f7ee-425a-856e-445420432c97/f3e02b2f-ee6a-421b-9637-b472014a74f4/00000000-0000-0000-0000-000000000000/9bfd93d8-94d8-41ac-8c6a-b4be01379727/c3e7afa9-50a1-4454-a4fd-b4be01379761/6000000001.jpg	in stock	USED	TRUCK	Vehicles & Parts > Vehicles > Motor Vehicles > Cars, Trucks & Vans	5TFLA5DB2RX230646	https://www.beelineautoandsport.com/Specialty-Vehicles-Toyota-TUNDRA-SR5-5-5-BED-2024-Saint-Joseph-MN-c3e7afa9-50a1-4454-a4fd-b4be01379761/123?store={store_code}	BLACK	30854 miles	Tundra	5TFLA5DB2RX230646	2024	45341 USD	Bee Line Auto	45341 USD	MI	no	Tundra	No	Over 20k
5TFLA5DB9TX375805	2026 Toyota Tundra SR5 5.5' BED	Toyota	https://www.beelineautoandsport.com/Specialty-Vehicles-Toyota-TUNDRA-SR5-5-5-BED-2026-Saint-Joseph-MN-09c5703e-994f-40b4-bdaf-b4be0132622d	56341 USD	2026 LUNAR ROCK Toyota Tundra SR5 5.5' BED For sale at Bee Line Auto & Sport in Saint Joseph Minnesota.	https://cdpcdn.dx1app.com/products-private/prod/0572c8a0-f7ee-425a-856e-445420432c97/f3e02b2f-ee6a-421b-9637-b472014a74f4/00000000-0000-0000-0000-000000000000/268caac8-783f-4ada-8527-b4be013261f7/09c5703e-994f-40b4-bdaf-b4be0132622d/6000000001.png	in stock	USED	TRUCK	Vehicles & Parts > Vehicles > Motor Vehicles > Cars, Trucks & Vans	5TFLA5DB9TX375805	https://www.beelineautoandsport.com/Specialty-Vehicles-Toyota-TUNDRA-SR5-5-5-BED-2026-Saint-Joseph-MN-09c5703e-994f-40b4-bdaf-b4be0132622d/123?store={store_code}	SILVER	4000 miles	Tundra	5TFLA5DB9TX375805	2026	56341 USD	Bee Line Auto	56341 USD	MI	no	Tundra	No	Over 20k
1V2FR2CA8SC507874	2025 Volkswagen Atlas 2.0T SEL PREMIUM R-LINE	Volkswagen	https://www.beelineautoandsport.com/Specialty-Vehicles-Volkswagen-ATLAS-2-0T-SEL-PREMIUM-R-LINE-2025-Saint-Joseph-MN-d199105f-7c74-4975-ad3b-b4c101480a64	43341 USD	2025 DEEP BLACK PEARL Volkswagen Atlas 2.0T SEL PREMIUM R-LINE For sale at Bee Line Auto & Sport in Saint Joseph Minnesota.	https://cdpcdn.dx1app.com/products-private/prod/0572c8a0-f7ee-425a-856e-445420432c97/f3e02b2f-ee6a-421b-9637-b472014a74f4/00000000-0000-0000-0000-000000000000/c4655327-4606-4ea6-94a8-b4c10148063c/d199105f-7c74-4975-ad3b-b4c101480a64/6000000007.jpg	in stock	USED	SUV	Vehicles & Parts > Vehicles > Motor Vehicles > Cars, Trucks & Vans	1V2FR2CA8SC507874	https://www.beelineautoandsport.com/Specialty-Vehicles-Volkswagen-ATLAS-2-0T-SEL-PREMIUM-R-LINE-2025-Saint-Joseph-MN-d199105f-7c74-4975-ad3b-b4c101480a64/123?store={store_code}	BLACK	17643 miles	Atlas	1V2FR2CA8SC507874	2025	43341 USD	Bee Line Auto	43341 USD	MI	no	Atlas	No	Over 20k
1V2HE2CA3RC216729	2024 Volkswagen Atlas Cross Sport 2.0T SE W/ TECHNOLOGY	Volkswagen	https://www.beelineautoandsport.com/Specialty-Vehicles-Volkswagen-ATLAS-CROSS-SPORT-2-0T-SE-W-TECHNOLOGY-2024-Saint-Joseph-MN-4732a9c9-3d3c-4814-8206-b4c70151e69d	33341 USD	2024 PLATINUM GRAY METALLIC Volkswagen Atlas Cross Sport 2.0T SE W/ TECHNOLOGY For sale at Bee Line Auto & Sport in Saint Joseph Minnesota.	https://cdpcdn.dx1app.com/products-private/prod/0572c8a0-f7ee-425a-856e-445420432c97/f3e02b2f-ee6a-421b-9637-b472014a74f4/00000000-0000-0000-0000-000000000000/680c8ded-91ad-475f-a871-b4c70151e663/4732a9c9-3d3c-4814-8206-b4c70151e69d/6000000005.jpg	in stock	USED	SUV	Vehicles & Parts > Vehicles > Motor Vehicles > Cars, Trucks & Vans	1V2HE2CA3RC216729	https://www.beelineautoandsport.com/Specialty-Vehicles-Volkswagen-ATLAS-CROSS-SPORT-2-0T-SE-W-TECHNOLOGY-2024-Saint-Joseph-MN-4732a9c9-3d3c-4814-8206-b4c70151e69d/123?store={store_code}	WHITE	21965 miles	Atlas Cross Sport	1V2HE2CA3RC216729	2024	33341 USD	Bee Line Auto	33341 USD	MI	no	Atlas Cross Sport	No	Over 20k
1V2HE2CAXRC212306	2024 Volkswagen Atlas Cross Sport 2.0T SE W/ TECHNOLOGY	Volkswagen	https://www.beelineautoandsport.com/Specialty-Vehicles-Volkswagen-ATLAS-CROSS-SPORT-2-0T-SE-W-TECHNOLOGY-2024-Saint-Joseph-MN-71cbd9f6-7b91-4e00-a2ec-b4c7015131e1	31341 USD	2024 DEEP BLACK PEARL Volkswagen Atlas Cross Sport 2.0T SE W/ TECHNOLOGY For sale at Bee Line Auto & Sport in Saint Joseph Minnesota.	https://cdpcdn.dx1app.com/products-private/prod/0572c8a0-f7ee-425a-856e-445420432c97/f3e02b2f-ee6a-421b-9637-b472014a74f4/00000000-0000-0000-0000-000000000000/afd7a1dd-185f-4e1b-9c30-b4c70151318e/71cbd9f6-7b91-4e00-a2ec-b4c7015131e1/6000000001.png	in stock	USED	SUV	Vehicles & Parts > Vehicles > Motor Vehicles > Cars, Trucks & Vans	1V2HE2CAXRC212306	https://www.beelineautoandsport.com/Specialty-Vehicles-Volkswagen-ATLAS-CROSS-SPORT-2-0T-SE-W-TECHNOLOGY-2024-Saint-Joseph-MN-71cbd9f6-7b91-4e00-a2ec-b4c7015131e1/123?store={store_code}	BLACK	39764 miles	Atlas Cross Sport	1V2HE2CAXRC212306	2024	31341 USD	Bee Line Auto	31341 USD	MI	no	Atlas Cross Sport	No	Over 20k
3TMGZ5AN1LM348581	2020 Toyota Tacoma LIMITED	Toyota	https://www.beelineautoandsport.com/Specialty-Vehicles-Toyota-TACOMA-LIMITED-2020-Saint-Joseph-MN-f6fa47f3-fcb3-4ba3-b11b-b4be0128281f	35341 USD	2020 SUPER WHITE Toyota Tacoma LIMITED For sale at Bee Line Auto & Sport in Saint Joseph Minnesota.	https://cdpcdn.dx1app.com/products-private/prod/0572c8a0-f7ee-425a-856e-445420432c97/f3e02b2f-ee6a-421b-9637-b472014a74f4/00000000-0000-0000-0000-000000000000/77b64d5d-60b5-4b0d-992f-b4be012826da/f6fa47f3-fcb3-4ba3-b11b-b4be0128281f/6000000001.jpg	in stock	USED	TRUCK	Vehicles & Parts > Vehicles > Motor Vehicles > Cars, Trucks & Vans	3TMGZ5AN1LM348581	https://www.beelineautoandsport.com/Specialty-Vehicles-Toyota-TACOMA-LIMITED-2020-Saint-Joseph-MN-f6fa47f3-fcb3-4ba3-b11b-b4be0128281f/123?store={store_code}	WHITE	81236 miles	Tacoma	3TMGZ5AN1LM348581	2020	35341 USD	Bee Line Auto	35341 USD	MI	no	Tacoma	No	Over 20k
