id	title	brand	link	vehicle MSRP	description	image_link	availability	condition	product_type	google_product_category	MPN	link_template	color	mileage	model	vin	year	price	store code	MSRP	mileage.unit
YV4062PNXP1926886	by Volvo 2023 Volvo XC90 B6 Plus 7-Seater	Volvo	https://www.bortonvolvocars.com/certified/Volvo/2023-Volvo-XC90-In-Minneapolis-MN-e51b312aac18518c500bfccbe8959861.htm	45350 USD	2023 Bright Dusk Metallic Volvo XC90 by B6 Plus 7-Seater 2.0L i-4 For sale at Borton Volvo Cars in Golden Valley Minnesota.	https://pictures.dealer.com/b/bortonvolvogroupvcna/0689/0bfe49fcb2ee07ebc6248fa4191dab2dx.jpg	in stock	USED	SUV	Vehicles & Parts > Vehicles > Motor Vehicles > Cars, Trucks & Vans	YV4062PNXP1926886	https://www.bortonvolvocars.com/certified/Volvo/2023-Volvo-XC90-In-Minneapolis-MN-e51b312aac18518c500bfccbe8959861.htm?store={store_code}	NA	11937 miles	XC90	YV4062PNXP1926886	2023	45350 USD	81060	45350 USD	MI
YV4EK3CL3T2601402	2026 Volvo EX30 Cross Country Ultra	Volvo	https://www.bortonvolvocars.com/commercial-new/Volvo/2026-Volvo-EX30-Cross-Country-In-Minneapolis-MN-c65bf11fac1858654ca7e31eb6c81be5.htm	45705 USD	2026 Crystal White Volvo EX30 Cross Country Ultra For sale at Borton Volvo Cars in Golden Valley Minnesota.	https://images.dealer.com/ddc/vehicles/2026/Volvo/EX30/SUV/trim_Twin_Motor_Cross_Country_Ultra_aeee65/color/Crystal%20White%20Metallic-707-229%2C230%2C230-640-en_US.jpg	in stock	NEW	SUV	Vehicles & Parts > Vehicles > Motor Vehicles > Cars, Trucks & Vans	YV4EK3CL3T2601402	https://www.bortonvolvocars.com/commercial-new/Volvo/2026-Volvo-EX30-Cross-Country-In-Minneapolis-MN-c65bf11fac1858654ca7e31eb6c81be5.htm?store={store_code}	WHITE	0 miles	EX30 Cross Country	YV4EK3CL3T2601402	2026	45705 USD	81060	45705 USD	MI
YV4EK3ZK7T2617312	2026 Volvo EX30 Twin Motor Plus	Volvo	https://www.bortonvolvocars.com/commercial-new/Volvo/2026-Volvo-EX30-In-Minneapolis-MN-792295e5ac18036b6bbd4e8d457f369c.htm	42905 USD	2026 Vapour Grey Volvo EX30 Twin Motor Plus For sale at Borton Volvo Cars in Golden Valley Minnesota.	https://images.dealer.com/ddc/vehicles/2026/Volvo/EX30/SUV/trim_Twin_Motor_Plus_d411af/color/Vapour%20Gray%20Metallic-740-66%2C72%2C75-640-en_US.jpg	in stock	NEW	SUV	Vehicles & Parts > Vehicles > Motor Vehicles > Cars, Trucks & Vans	YV4EK3ZK7T2617312	https://www.bortonvolvocars.com/commercial-new/Volvo/2026-Volvo-EX30-In-Minneapolis-MN-792295e5ac18036b6bbd4e8d457f369c.htm?store={store_code}	GRAY	0 miles	EX30	YV4EK3ZK7T2617312	2026	42905 USD	81060	42905 USD	MI
YV4M12RCXT1392391	2026 Volvo XC60 B5 Plus	Volvo	https://www.bortonvolvocars.com/commercial-new/Volvo/2026-Volvo-XC60-In-Minneapolis-MN-c2d995a8ac184b304862c01e7651912a.htm	57825 USD	2026 Bright Dusk Volvo XC60 B5 Plus 2.0L I-4 cyl For sale at Borton Volvo Cars in Golden Valley Minnesota.	https://images.dealer.com/ddc/vehicles/2026/Volvo/XC60/SUV/trim_B5_Plus_57a4b2/color/Bright%20Dusk%20Metallic-736-159%2C151%2C140-640-en_US.jpg	in stock	NEW	SUV	Vehicles & Parts > Vehicles > Motor Vehicles > Cars, Trucks & Vans	YV4M12RCXT1392391	https://www.bortonvolvocars.com/commercial-new/Volvo/2026-Volvo-XC60-In-Minneapolis-MN-c2d995a8ac184b304862c01e7651912a.htm?store={store_code}	NA	0 miles	XC60	YV4M12RCXT1392391	2026	57825 USD	81060	57825 USD	MI
YV4EK3CL8T2601251	2026 Volvo EX30 Cross Country Ultra	Volvo	https://www.bortonvolvocars.com/new/Volvo/2026-Volvo-EX30-Cross-Country-In-Minneapolis-MN-b71fa110ac1838763a0a5cd76db9610d.htm	45605 USD	2026 Crystal White Volvo EX30 Cross Country Ultra For sale at Borton Volvo Cars in Golden Valley Minnesota.	https://images.dealer.com/ddc/vehicles/2026/Volvo/EX30/SUV/trim_Twin_Motor_Cross_Country_Ultra_aeee65/color/Crystal%20White%20Metallic-707-229%2C230%2C230-640-en_US.jpg	in stock	NEW	SUV	Vehicles & Parts > Vehicles > Motor Vehicles > Cars, Trucks & Vans	YV4EK3CL8T2601251	https://www.bortonvolvocars.com/new/Volvo/2026-Volvo-EX30-Cross-Country-In-Minneapolis-MN-b71fa110ac1838763a0a5cd76db9610d.htm?store={store_code}	WHITE	0 miles	EX30 Cross Country	YV4EK3CL8T2601251	2026	45605 USD	81060	45605 USD	MI
YV4EK3ZKXT2618082	2026 Volvo EX30 Twin Motor Plus	Volvo	https://www.bortonvolvocars.com/new/Volvo/2026-Volvo-EX30-In-Minneapolis-MN-97fb2da1ac184f12654073c76f62d987.htm	42905 USD	2026 Crystal White Volvo EX30 Twin Motor Plus For sale at Borton Volvo Cars in Golden Valley Minnesota.	https://images.dealer.com/ddc/vehicles/2026/Volvo/EX30/SUV/trim_Twin_Motor_Plus_d411af/color/Crystal%20White%20Metallic-707-229%2C230%2C230-640-en_US.jpg	in stock	NEW	SUV	Vehicles & Parts > Vehicles > Motor Vehicles > Cars, Trucks & Vans	YV4EK3ZKXT2618082	https://www.bortonvolvocars.com/new/Volvo/2026-Volvo-EX30-In-Minneapolis-MN-97fb2da1ac184f12654073c76f62d987.htm?store={store_code}	WHITE	0 miles	EX30	YV4EK3ZKXT2618082	2026	42905 USD	81060	42905 USD	MI
7JDDA3KK4TG060977	2026 Volvo EX90 Twin Motor Performance Plus 6-Seater	Volvo	https://www.bortonvolvocars.com/new/Volvo/2026-Volvo-EX90-In-Minneapolis-MN-0e2d2a18ac1841976aff950577885298.htm	86030 USD	2026 Crystal White Volvo EX90 Twin Motor Performance Plus 6-Seater For sale at Borton Volvo Cars in Golden Valley Minnesota.	https://images.dealer.com/ddc/vehicles/2026/Volvo/EX90/SUV/trim_Twin_Motor_Performance_Plus_6Seater_483bdc/color/Crystal%20White%20Metallic-707-229%2C230%2C230-640-en_US.jpg	in stock	NEW	SUV	Vehicles & Parts > Vehicles > Motor Vehicles > Cars, Trucks & Vans	7JDDA3KK4TG060977	https://www.bortonvolvocars.com/new/Volvo/2026-Volvo-EX90-In-Minneapolis-MN-0e2d2a18ac1841976aff950577885298.htm?store={store_code}	WHITE	0 miles	EX90	7JDDA3KK4TG060977	2026	86030 USD	81060	86030 USD	MI
7JDDA3VL1TG060794	2026 Volvo EX90 Twin Motor Performance Ultra 7-Seater	Volvo	https://www.bortonvolvocars.com/new/Volvo/2026-Volvo-EX90-In-Minneapolis-MN-47f86b26ac18460841a55025f37303ff.htm	86940 USD	2026 Crystal White Volvo EX90 Twin Motor Performance Ultra 7-Seater For sale at Borton Volvo Cars in Golden Valley Minnesota.	https://images.dealer.com/ddc/vehicles/2026/Volvo/EX90/SUV/trim_Twin_Motor_Performance_Ultra_fcc331/color/Crystal%20White%20Metallic-707-229%2C230%2C230-640-en_US.jpg	in stock	NEW	SUV	Vehicles & Parts > Vehicles > Motor Vehicles > Cars, Trucks & Vans	7JDDA3VL1TG060794	https://www.bortonvolvocars.com/new/Volvo/2026-Volvo-EX90-In-Minneapolis-MN-47f86b26ac18460841a55025f37303ff.htm?store={store_code}	WHITE	0 miles	EX90	7JDDA3VL1TG060794	2026	86940 USD	81060	86940 USD	MI
7JDDA3VLXTG060891	2026 Volvo EX90 Twin Motor Performance Ultra 7-Seater	Volvo	https://www.bortonvolvocars.com/new/Volvo/2026-Volvo-EX90-In-Minneapolis-MN-47f87ba5ac18279a8a8609ac14148c2d.htm	86940 USD	2026 Aurora Silver Volvo EX90 Twin Motor Performance Ultra 7-Seater For sale at Borton Volvo Cars in Golden Valley Minnesota.	https://images.dealer.com/ddc/vehicles/2026/Volvo/EX90/SUV/trim_Twin_Motor_Performance_Ultra_fcc331/color/Aurora%20Silver-745-175%2C174%2C178-640-en_US.jpg	in stock	NEW	SUV	Vehicles & Parts > Vehicles > Motor Vehicles > Cars, Trucks & Vans	7JDDA3VLXTG060891	https://www.bortonvolvocars.com/new/Volvo/2026-Volvo-EX90-In-Minneapolis-MN-47f87ba5ac18279a8a8609ac14148c2d.htm?store={store_code}	SILVER	0 miles	EX90	7JDDA3VLXTG060891	2026	86940 USD	81060	86940 USD	MI
7JDDB3VL4TG062973	2026 Volvo EX90 Twin Motor Ultra 7-Seater	Volvo	https://www.bortonvolvocars.com/new/Volvo/2026-Volvo-EX90-In-Minneapolis-MN-4ea4f590ac180898774eb9b574dc9284.htm	81940 USD	2026 Onyx Black Volvo EX90 Twin Motor Ultra 7-Seater For sale at Borton Volvo Cars in Golden Valley Minnesota.	https://images.dealer.com/ddc/vehicles/2026/Volvo/EX90/SUV/trim_Twin_Motor_Ultra_6903c0/color/Onyx%20Black%20Metallic-717-35%2C35%2C36-640-en_US.jpg	in stock	NEW	SUV	Vehicles & Parts > Vehicles > Motor Vehicles > Cars, Trucks & Vans	7JDDB3VL4TG062973	https://www.bortonvolvocars.com/new/Volvo/2026-Volvo-EX90-In-Minneapolis-MN-4ea4f590ac180898774eb9b574dc9284.htm?store={store_code}	BLACK	0 miles	EX90	7JDDB3VL4TG062973	2026	81940 USD	81060	81940 USD	MI
YV4062PE3T1501682	2026 Volvo XC90 B6 Plus 7-Seater	Volvo	https://www.bortonvolvocars.com/new/Volvo/2026-Volvo-XC90-In-Minneapolis-MN-29ffdca0ac18052ec5770185b6d1d81b.htm	67070 USD	2026 Bright Dusk Volvo XC90 B6 Plus 7-Seater 2.0L I-4 cyl For sale at Borton Volvo Cars in Golden Valley Minnesota.	https://images.dealer.com/ddc/vehicles/2026/Volvo/XC90/SUV/trim_B6_Plus_7Seater_4849a4/color/Bright%20Dusk%20Metallic-736-159%2C151%2C140-640-en_US.jpg	in stock	NEW	SUV	Vehicles & Parts > Vehicles > Motor Vehicles > Cars, Trucks & Vans	YV4062PE3T1501682	https://www.bortonvolvocars.com/new/Volvo/2026-Volvo-XC90-In-Minneapolis-MN-29ffdca0ac18052ec5770185b6d1d81b.htm?store={store_code}	NA	0 miles	XC90	YV4062PE3T1501682	2026	67070 USD	81060	67070 USD	MI
YV4062PE5T1515146	2026 Volvo XC90 B6 Plus 7-Seater	Volvo	https://www.bortonvolvocars.com/new/Volvo/2026-Volvo-XC90-In-Minneapolis-MN-4047460fac1828a0866fc41307c75277.htm	67070 USD	2026 Bright Dusk Volvo XC90 B6 Plus 7-Seater 2.0L I-4 cyl For sale at Borton Volvo Cars in Golden Valley Minnesota.	https://images.dealer.com/ddc/vehicles/2026/Volvo/XC90/SUV/trim_B6_Plus_7Seater_4849a4/color/Bright%20Dusk%20Metallic-736-159%2C151%2C140-640-en_US.jpg	in stock	NEW	SUV	Vehicles & Parts > Vehicles > Motor Vehicles > Cars, Trucks & Vans	YV4062PE5T1515146	https://www.bortonvolvocars.com/new/Volvo/2026-Volvo-XC90-In-Minneapolis-MN-4047460fac1828a0866fc41307c75277.htm?store={store_code}	NA	0 miles	XC90	YV4062PE5T1515146	2026	67070 USD	81060	67070 USD	MI
YV4H60PE1T1529892	2026 Volvo XC90 plug-in hybrid T8 Plus 7-Seater	Volvo	https://www.bortonvolvocars.com/new/Volvo/2026-Volvo-XC90-plug-in-hybrid-In-Minneapolis-MN-08f337b3ac185bdee06e809c74405fb9.htm	79915 USD	2026 Bright Dusk Volvo XC90 plug-in T8 Plus 7-Seater 2.0L I-4 cyl For sale at Borton Volvo Cars in Golden Valley Minnesota.	https://images.dealer.com/ddc/vehicles/2026/Volvo/XC90%20Plug-In%20Hybrid/SUV/trim_T8_Plus_7Seater_46f14b/color/Bright%20Dusk%20Metallic-736-159%2C151%2C140-640-en_US.jpg	in stock	NEW	SUV	Vehicles & Parts > Vehicles > Motor Vehicles > Cars, Trucks & Vans	YV4H60PE1T1529892	https://www.bortonvolvocars.com/new/Volvo/2026-Volvo-XC90-plug-in-hybrid-In-Minneapolis-MN-08f337b3ac185bdee06e809c74405fb9.htm?store={store_code}	NA	0 miles	XC90 plug-in	YV4H60PE1T1529892	2026	79915 USD	81060	79915 USD	MI
YV4M22RM6V1569401	2027 Volvo XC60 Ultra	Volvo	https://www.bortonvolvocars.com/new/Volvo/2027-Volvo-XC60-In-Minneapolis-MN-b55b695dac183ecbd73d4eaecdea5397.htm	63960 USD	2027 Bright Dusk Volvo XC60 Ultra 4L B5 For sale at Borton Volvo Cars in Golden Valley Minnesota.	https://images.dealer.com/unavailable_stockphoto.png	in stock	NEW	SUV	Vehicles & Parts > Vehicles > Motor Vehicles > Cars, Trucks & Vans	YV4M22RM6V1569401	https://www.bortonvolvocars.com/new/Volvo/2027-Volvo-XC60-In-Minneapolis-MN-b55b695dac183ecbd73d4eaecdea5397.htm?store={store_code}	NA	0 miles	XC60	YV4M22RM6V1569401	2027	63960 USD	81060	63960 USD	MI
YV4M22RM3V1587791	2027 Volvo XC60 Ultra	Volvo	https://www.bortonvolvocars.com/new/Volvo/2027-Volvo-XC60-In-Minneapolis-MN-b55b7a4eac1820874a57f05d8380851e.htm	64400 USD	2027 Bright Dusk Volvo XC60 Ultra 4L B5 For sale at Borton Volvo Cars in Golden Valley Minnesota.	https://images.dealer.com/unavailable_stockphoto.png	in stock	NEW	SUV	Vehicles & Parts > Vehicles > Motor Vehicles > Cars, Trucks & Vans	YV4M22RM3V1587791	https://www.bortonvolvocars.com/new/Volvo/2027-Volvo-XC60-In-Minneapolis-MN-b55b7a4eac1820874a57f05d8380851e.htm?store={store_code}	NA	0 miles	XC60	YV4M22RM3V1587791	2027	64400 USD	81060	64400 USD	MI
YV4M22RJ5V1587880	2027 Volvo XC60 B5 Core	Volvo	https://www.bortonvolvocars.com/new/Volvo/2027-Volvo-XC60-In-Minneapolis-MN-b55b7ab1ac1812d29292c3de284ee092.htm	53850 USD	2027 Bright Dusk Volvo XC60 B5 Core 2.0L I-4 cyl For sale at Borton Volvo Cars in Golden Valley Minnesota.	https://images.dealer.com/autodata/us/color/2027/USD70VOS021A0/736.jpg	in stock	NEW	SUV	Vehicles & Parts > Vehicles > Motor Vehicles > Cars, Trucks & Vans	YV4M22RJ5V1587880	https://www.bortonvolvocars.com/new/Volvo/2027-Volvo-XC60-In-Minneapolis-MN-b55b7ab1ac1812d29292c3de284ee092.htm?store={store_code}	NA	0 miles	XC60	YV4M22RJ5V1587880	2027	53850 USD	81060	53850 USD	MI
YV4M22RC8V1587728	2027 Volvo XC60 Plus	Volvo	https://www.bortonvolvocars.com/new/Volvo/2027-Volvo-XC60-In-Minneapolis-MN-b55b810bac184da0e298c919ed105e9f.htm	59050 USD	2027 Bright Dusk Volvo XC60 Plus 4L B5 For sale at Borton Volvo Cars in Golden Valley Minnesota.	https://images.dealer.com/unavailable_stockphoto.png	in stock	NEW	SUV	Vehicles & Parts > Vehicles > Motor Vehicles > Cars, Trucks & Vans	YV4M22RC8V1587728	https://www.bortonvolvocars.com/new/Volvo/2027-Volvo-XC60-In-Minneapolis-MN-b55b810bac184da0e298c919ed105e9f.htm?store={store_code}	NA	0 miles	XC60	YV4M22RC8V1587728	2027	59050 USD	81060	59050 USD	MI
LPSED3KA4ML012960	2021 Polestar Polestar 2 Launch Edition	Polestar	https://www.bortonvolvocars.com/used/Polestar/2021-Polestar-Polestar-2-In-Minneapolis-MN-3b34cef4ac180dd880c597eac038ce89.htm	21461 USD	2021 Thunder Polestar Polestar 2 2 Launch Edition Other For sale at Borton Volvo Cars in Golden Valley Minnesota.	https://pictures.dealer.com/b/bortonvolvogroupvcna/1593/288d68a55b998702fc7606d49890027ax.jpg	in stock	USED	OTHER	Vehicles & Parts > Vehicles > Motor Vehicles > Cars, Trucks & Vans	LPSED3KA4ML012960	https://www.bortonvolvocars.com/used/Polestar/2021-Polestar-Polestar-2-In-Minneapolis-MN-3b34cef4ac180dd880c597eac038ce89.htm?store={store_code}	NA	54701 miles	Polestar 2	LPSED3KA4ML012960	2021	21461 USD	81060	21461 USD	MI
LPSED3KAXML019508	2021 Polestar Polestar 2 Launch Edition	Polestar	https://www.bortonvolvocars.com/used/Polestar/2021-Polestar-Polestar-2-In-Minneapolis-MN-8b61fdb6ac18112a41dc78ae8cd3494f.htm	22850 USD	2021 Void Polestar Polestar 2 2 Launch Edition Other For sale at Borton Volvo Cars in Golden Valley Minnesota.	https://pictures.dealer.com/b/bortonvolvogroupvcna/0480/ba7163341858c1d82e0326584cf0d369x.jpg	in stock	USED	OTHER	Vehicles & Parts > Vehicles > Motor Vehicles > Cars, Trucks & Vans	LPSED3KAXML019508	https://www.bortonvolvocars.com/used/Polestar/2021-Polestar-Polestar-2-In-Minneapolis-MN-8b61fdb6ac18112a41dc78ae8cd3494f.htm?store={store_code}	NA	59374 miles	Polestar 2	LPSED3KAXML019508	2021	22850 USD	81060	22850 USD	MI
YSMET3KA3PL133031	2023 Polestar Polestar 2 Long Range Dual Motor Performance Plus	Polestar	https://www.bortonvolvocars.com/used/Polestar/2023-Polestar-Polestar-2-In-Minneapolis-MN-14f219d4ac184a64f5d1c0feeb44561e.htm	28461 USD	2023 Magnesium Metallic Polestar Polestar 2 2 Long Range Dual Motor Performance Plus Other For sale at Borton Volvo Cars in Golden Valley Minnesota.	https://pictures.dealer.com/b/bortonvolvogroupvcna/0532/fb24bc7370de3422cb2456f20b6d56bbx.jpg	in stock	USED	OTHER	Vehicles & Parts > Vehicles > Motor Vehicles > Cars, Trucks & Vans	YSMET3KA3PL133031	https://www.bortonvolvocars.com/used/Polestar/2023-Polestar-Polestar-2-In-Minneapolis-MN-14f219d4ac184a64f5d1c0feeb44561e.htm?store={store_code}	NA	25014 miles	Polestar 2	YSMET3KA3PL133031	2023	28461 USD	81060	28461 USD	MI
YSMFD3KA5RL217906	2024 Polestar Polestar 2 Long Range Dual Motor	Polestar	https://www.bortonvolvocars.com/used/Polestar/2024-Polestar-Polestar-2-In-Minneapolis-MN-05802365ac180936a0a72ed86b0a2284.htm	31074 USD	2024 Magnesium Metallic Polestar Polestar 2 2 Long Range Dual Motor Other For sale at Borton Volvo Cars in Golden Valley Minnesota.	https://pictures.dealer.com/b/bortonvolvogroupvcna/1246/2f6e2faab394ed93f05faffb9e57688bx.jpg	in stock	USED	OTHER	Vehicles & Parts > Vehicles > Motor Vehicles > Cars, Trucks & Vans	YSMFD3KA5RL217906	https://www.bortonvolvocars.com/used/Polestar/2024-Polestar-Polestar-2-In-Minneapolis-MN-05802365ac180936a0a72ed86b0a2284.htm?store={store_code}	NA	16155 miles	Polestar 2	YSMFD3KA5RL217906	2024	31074 USD	81060	31074 USD	MI
YSMFD3KA7RL219527	2024 Polestar Polestar 2 Long Range Dual Motor	Polestar	https://www.bortonvolvocars.com/used/Polestar/2024-Polestar-Polestar-2-In-Minneapolis-MN-9ad65d4fac1849e6c966ea6fa7a1e359.htm	25350 USD	2024 Magnesium Metallic Polestar Polestar 2 2 Long Range Dual Motor Other For sale at Borton Volvo Cars in Golden Valley Minnesota.	https://pictures.dealer.com/b/bortonvolvogroupvcna/0210/361bab9d3a9a65af1d6a66103a9f79fbx.jpg	in stock	USED	OTHER	Vehicles & Parts > Vehicles > Motor Vehicles > Cars, Trucks & Vans	YSMFD3KA7RL219527	https://www.bortonvolvocars.com/used/Polestar/2024-Polestar-Polestar-2-In-Minneapolis-MN-9ad65d4fac1849e6c966ea6fa7a1e359.htm?store={store_code}	NA	29608 miles	Polestar 2	YSMFD3KA7RL219527	2024	25350 USD	81060	25350 USD	MI
7SYEA3YB3SG028324	2025 Polestar Polestar 3 Long Range Dual Motor	Polestar	https://www.bortonvolvocars.com/used/Polestar/2025-Polestar-Polestar-3-In-Minneapolis-MN-14f21b24ac181da0dd1bebc3738a4cb9.htm	44161 USD	2025 Thunder Metallic Polestar Polestar 3 3 Long Range Dual Motor Other For sale at Borton Volvo Cars in Golden Valley Minnesota.	https://pictures.dealer.com/b/bortonvolvogroupvcna/1446/c1e341a510c5dcf13a241f4d3cda6d98x.jpg	in stock	USED	OTHER	Vehicles & Parts > Vehicles > Motor Vehicles > Cars, Trucks & Vans	7SYEA3YB3SG028324	https://www.bortonvolvocars.com/used/Polestar/2025-Polestar-Polestar-3-In-Minneapolis-MN-14f21b24ac181da0dd1bebc3738a4cb9.htm?store={store_code}	NA	8536 miles	Polestar 3	7SYEA3YB3SG028324	2025	44161 USD	81060	44161 USD	MI
7SYEA3YB9SG029316	2025 Polestar Polestar 3 Long Range Dual Motor	Polestar	https://www.bortonvolvocars.com/used/Polestar/2025-Polestar-Polestar-3-In-Minneapolis-MN-20c27a75ac182cb32dbc2639b2d43654.htm	53340 USD	2025 Magnesium Metallic Polestar Polestar 3 3 Long Range Dual Motor Other For sale at Borton Volvo Cars in Golden Valley Minnesota.	https://pictures.dealer.com/b/bortonvolvogroupvcna/1716/ab75e5b0fb25b35662ca737c62ccdfd1x.jpg	in stock	USED	OTHER	Vehicles & Parts > Vehicles > Motor Vehicles > Cars, Trucks & Vans	7SYEA3YB9SG029316	https://www.bortonvolvocars.com/used/Polestar/2025-Polestar-Polestar-3-In-Minneapolis-MN-20c27a75ac182cb32dbc2639b2d43654.htm?store={store_code}	NA	54 miles	Polestar 3	7SYEA3YB9SG029316	2025	53340 USD	81060	53340 USD	MI
7SYEE3YB6SG029293	2025 Polestar Polestar 3 Long Range Dual Motor Performance Plus	Polestar	https://www.bortonvolvocars.com/used/Polestar/2025-Polestar-Polestar-3-In-Minneapolis-MN-3b34cac6ac180dd880c597ea081b25ee.htm	51461 USD	2025 Thunder Metallic Polestar Polestar 3 3 Long Range Dual Motor Performance Plus Other For sale at Borton Volvo Cars in Golden Valley Minnesota.	https://pictures.dealer.com/b/bortonvolvogroupvcna/0932/22b1e59aaed5650e407e15278b77b281x.jpg	in stock	USED	OTHER	Vehicles & Parts > Vehicles > Motor Vehicles > Cars, Trucks & Vans	7SYEE3YB6SG029293	https://www.bortonvolvocars.com/used/Polestar/2025-Polestar-Polestar-3-In-Minneapolis-MN-3b34cac6ac180dd880c597ea081b25ee.htm?store={store_code}	NA	307 miles	Polestar 3	7SYEE3YB6SG029293	2025	51461 USD	81060	51461 USD	MI
7SYEA3YB5SG030981	2025 Polestar Polestar 3 Long Range Dual Motor	Polestar	https://www.bortonvolvocars.com/used/Polestar/2025-Polestar-Polestar-3-In-Minneapolis-MN-3b34d06aac183b953cbae2d10c63f653.htm	47461 USD	2025 Space Metallic Polestar Polestar 3 3 Long Range Dual Motor Other For sale at Borton Volvo Cars in Golden Valley Minnesota.	https://pictures.dealer.com/b/bortonvolvogroupvcna/1099/7a571b4ad7bd418e9d19985a07538404x.jpg	in stock	USED	OTHER	Vehicles & Parts > Vehicles > Motor Vehicles > Cars, Trucks & Vans	7SYEA3YB5SG030981	https://www.bortonvolvocars.com/used/Polestar/2025-Polestar-Polestar-3-In-Minneapolis-MN-3b34d06aac183b953cbae2d10c63f653.htm?store={store_code}	NA	3131 miles	Polestar 3	7SYEA3YB5SG030981	2025	47461 USD	81060	47461 USD	MI
7SYEE3YB2SG025340	2025 Polestar Polestar 3 Long Range Dual Motor Performance Plus	Polestar	https://www.bortonvolvocars.com/used/Polestar/2025-Polestar-Polestar-3-In-Minneapolis-MN-3b34d1aeac18460621052e7c130d4040.htm	48461 USD	2025 Jupiter Metallic Polestar Polestar 3 3 Long Range Dual Motor Performance Plus Other For sale at Borton Volvo Cars in Golden Valley Minnesota.	https://pictures.dealer.com/b/bortonvolvogroupvcna/1770/50839a973a4f9a2a31c10b42db334499x.jpg	in stock	USED	OTHER	Vehicles & Parts > Vehicles > Motor Vehicles > Cars, Trucks & Vans	7SYEE3YB2SG025340	https://www.bortonvolvocars.com/used/Polestar/2025-Polestar-Polestar-3-In-Minneapolis-MN-3b34d1aeac18460621052e7c130d4040.htm?store={store_code}	NA	12920 miles	Polestar 3	7SYEE3YB2SG025340	2025	48461 USD	81060	48461 USD	MI
YV4902NK3F1224165	2015 Volvo XC70 T6	Volvo	https://www.bortonvolvocars.com/used/Volvo/2015-Volvo-XC70-In-Minneapolis-MN-a522ce4aac18279fde168c346e9e13a8.htm	15350 USD	2015 Seashell Metallic Volvo XC70 T6 3.0L i-6 For sale at Borton Volvo Cars in Golden Valley Minnesota.	https://pictures.dealer.com/b/bortonvolvogroupvcna/0210/361bab9d3a9a65af1d6a66103a9f79fbx.jpg	in stock	USED	SUV	Vehicles & Parts > Vehicles > Motor Vehicles > Cars, Trucks & Vans	YV4902NK3F1224165	https://www.bortonvolvocars.com/used/Volvo/2015-Volvo-XC70-In-Minneapolis-MN-a522ce4aac18279fde168c346e9e13a8.htm?store={store_code}	NA	128225 miles	XC70	YV4902NK3F1224165	2015	15350 USD	81060	15350 USD	MI
YV4A221L3M1681612	2021 Volvo XC90 T6 Inscription	Volvo	https://www.bortonvolvocars.com/used/Volvo/2021-Volvo-XC90-In-Minneapolis-MN-0aa54f6cac180512e887ce9cea206965.htm	20350 USD	2021 Birch Light Metallic Volvo XC90 T6 Inscription 2.0L i-4 For sale at Borton Volvo Cars in Golden Valley Minnesota.	https://pictures.dealer.com/b/bortonvolvogroupvcna/1378/f9ee539b4b404a5f4d25977c0fd9cef5x.jpg	in stock	USED	SUV	Vehicles & Parts > Vehicles > Motor Vehicles > Cars, Trucks & Vans	YV4A221L3M1681612	https://www.bortonvolvocars.com/used/Volvo/2021-Volvo-XC90-In-Minneapolis-MN-0aa54f6cac180512e887ce9cea206965.htm?store={store_code}	NA	152529 miles	XC90	YV4A221L3M1681612	2021	20350 USD	81060	20350 USD	MI
YV4ED3GL3P2059664	by Volvo 2023 Volvo C40 Recharge Pure Electric Twin Plus	Volvo	https://www.bortonvolvocars.com/certified/Volvo/2023-Volvo-C40-Recharge-Pure-Electric-In-Minneapolis-MN-058024c7ac185c3035c89e2396ce1564.htm	30019 USD	2023 Thunder Gray Metallic Volvo C40 Recharge Pure Electric by Twin Plus Other For sale at Borton Volvo Cars in Golden Valley Minnesota.	https://pictures.dealer.com/b/bortonvolvogroupvcna/0021/64d075463fc9bfa543c7d1905b170d17x.jpg	in stock	USED	SUV	Vehicles & Parts > Vehicles > Motor Vehicles > Cars, Trucks & Vans	YV4ED3GL3P2059664	https://www.bortonvolvocars.com/certified/Volvo/2023-Volvo-C40-Recharge-Pure-Electric-In-Minneapolis-MN-058024c7ac185c3035c89e2396ce1564.htm?store={store_code}	GRAY	27095 miles	C40 Recharge Pure Electric	YV4ED3GL3P2059664	2023	30019 USD	81060	30019 USD	MI
YV4ED3GK2P2051868	by Volvo 2023 Volvo C40 Recharge Pure Electric Twin Core	Volvo	https://www.bortonvolvocars.com/certified/Volvo/2023-Volvo-C40-Recharge-Pure-Electric-In-Minneapolis-MN-1f3ea9c7ac181da0dd1bebc369830e04.htm	28644 USD	2023 Black Stone Volvo C40 Recharge Pure Electric by Twin Core Other For sale at Borton Volvo Cars in Golden Valley Minnesota.	https://pictures.dealer.com/b/bortonvolvogroupvcna/0246/202acaf261cc1a6f54d923e31ef102a9x.jpg	in stock	USED	SUV	Vehicles & Parts > Vehicles > Motor Vehicles > Cars, Trucks & Vans	YV4ED3GK2P2051868	https://www.bortonvolvocars.com/certified/Volvo/2023-Volvo-C40-Recharge-Pure-Electric-In-Minneapolis-MN-1f3ea9c7ac181da0dd1bebc369830e04.htm?store={store_code}	BLACK	18937 miles	C40 Recharge Pure Electric	YV4ED3GK2P2051868	2023	28644 USD	81060	28644 USD	MI
YV4ED3GM3P2055459	by Volvo 2023 Volvo C40 Recharge Pure Electric Ultimate	Volvo	https://www.bortonvolvocars.com/certified/Volvo/2023-Volvo-C40-Recharge-Pure-Electric-In-Minneapolis-MN-51409872ac1843223622966ac6c2efa4.htm	29111 USD	2023 Onyx Black Metallic Volvo C40 Recharge Pure Electric by Ultimate Other For sale at Borton Volvo Cars in Golden Valley Minnesota.	https://pictures.dealer.com/b/bortonvolvogroupvcna/1192/04a5721d7ef7e66ce3f94cdda9f29927x.jpg	in stock	USED	SUV	Vehicles & Parts > Vehicles > Motor Vehicles > Cars, Trucks & Vans	YV4ED3GM3P2055459	https://www.bortonvolvocars.com/certified/Volvo/2023-Volvo-C40-Recharge-Pure-Electric-In-Minneapolis-MN-51409872ac1843223622966ac6c2efa4.htm?store={store_code}	BLACK	38212 miles	C40 Recharge Pure Electric	YV4ED3GM3P2055459	2023	29111 USD	81060	29111 USD	MI
YV4ED3GLXP2043140	by Volvo 2023 Volvo C40 Recharge Pure Electric Twin Plus	Volvo	https://www.bortonvolvocars.com/certified/Volvo/2023-Volvo-C40-Recharge-Pure-Electric-In-Minneapolis-MN-99596a46ac18083a2914417fbec30089.htm	28770 USD	2023 Onyx Black Metallic Volvo C40 Recharge Pure Electric by Twin Plus Other For sale at Borton Volvo Cars in Golden Valley Minnesota.	https://pictures.dealer.com/b/bortonvolvogroupvcna/0572/c23fe297185e740a09637278edb25606x.jpg	in stock	USED	SUV	Vehicles & Parts > Vehicles > Motor Vehicles > Cars, Trucks & Vans	YV4ED3GLXP2043140	https://www.bortonvolvocars.com/certified/Volvo/2023-Volvo-C40-Recharge-Pure-Electric-In-Minneapolis-MN-99596a46ac18083a2914417fbec30089.htm?store={store_code}	BLACK	22076 miles	C40 Recharge Pure Electric	YV4ED3GLXP2043140	2023	28770 USD	81060	28770 USD	MI
YV4ED3UM2P2096623	by Volvo 2023 Volvo XC40 Recharge Pure Electric Ultimate	Volvo	https://www.bortonvolvocars.com/certified/Volvo/2023-Volvo-XC40-Recharge-Pure-Electric-In-Minneapolis-MN-62318b8fac18518ba815d9f2bddfe97c.htm	35884 USD	2023 Fjord Blue Metallic Volvo XC40 Recharge Pure Electric by Ultimate Other For sale at Borton Volvo Cars in Golden Valley Minnesota.	https://pictures.dealer.com/b/bortonvolvogroupvcna/0210/361bab9d3a9a65af1d6a66103a9f79fbx.jpg	in stock	USED	SUV	Vehicles & Parts > Vehicles > Motor Vehicles > Cars, Trucks & Vans	YV4ED3UM2P2096623	https://www.bortonvolvocars.com/certified/Volvo/2023-Volvo-XC40-Recharge-Pure-Electric-In-Minneapolis-MN-62318b8fac18518ba815d9f2bddfe97c.htm?store={store_code}	BLUE	27473 miles	XC40 Recharge Pure Electric	YV4ED3UM2P2096623	2023	35884 USD	81060	35884 USD	MI
YV4062PN3P1935025	by Volvo 2023 Volvo XC90 B6 Plus 7-Seater	Volvo	https://www.bortonvolvocars.com/certified/Volvo/2023-Volvo-XC90-In-Minneapolis-MN-4fc626bfac1826090cabaa51ade07874.htm	41549 USD	2023 Onyx Black Metallic Volvo XC90 by B6 Plus 7-Seater 2.0L i-4 For sale at Borton Volvo Cars in Golden Valley Minnesota.	https://pictures.dealer.com/b/bortonvolvogroupvcna/0410/fd50b1e352adbdd5ade98f6f44a72c91x.jpg	in stock	USED	SUV	Vehicles & Parts > Vehicles > Motor Vehicles > Cars, Trucks & Vans	YV4062PN3P1935025	https://www.bortonvolvocars.com/certified/Volvo/2023-Volvo-XC90-In-Minneapolis-MN-4fc626bfac1826090cabaa51ade07874.htm?store={store_code}	BLACK	30295 miles	XC90	YV4062PN3P1935025	2023	41549 USD	81060	41549 USD	MI
YV4062PN7P1935173	by Volvo 2023 Volvo XC90 B6 Plus 7-Seater	Volvo	https://www.bortonvolvocars.com/certified/Volvo/2023-Volvo-XC90-In-Minneapolis-MN-78f54b94ac181588e4b749d9d47f8c95.htm	42702 USD	2023 Thunder Gray Metallic Volvo XC90 by B6 Plus 7-Seater 2.0L i-4 For sale at Borton Volvo Cars in Golden Valley Minnesota.	https://pictures.dealer.com/b/bortonvolvogroupvcna/1859/f7cafd072b89d022296efa584a750e63x.jpg	in stock	USED	SUV	Vehicles & Parts > Vehicles > Motor Vehicles > Cars, Trucks & Vans	YV4062PN7P1935173	https://www.bortonvolvocars.com/certified/Volvo/2023-Volvo-XC90-In-Minneapolis-MN-78f54b94ac181588e4b749d9d47f8c95.htm?store={store_code}	GRAY	22055 miles	XC90	YV4062PN7P1935173	2023	42702 USD	81060	42702 USD	MI
YV4062PA3P1988918	by Volvo 2023 Volvo XC90 Ultimate	Volvo	https://www.bortonvolvocars.com/certified/Volvo/2023-Volvo-XC90-In-Minneapolis-MN-97db63a6ac181a1c32bd2d199eaace5e.htm	47339 USD	2023 Denim Blue Metallic Volvo XC90 by Ultimate 2.0L i-4 For sale at Borton Volvo Cars in Golden Valley Minnesota.	https://pictures.dealer.com/b/bortonvolvogroupvcna/1104/7c66065d5b641fa35f7f22cc9ea2145bx.jpg	in stock	USED	SUV	Vehicles & Parts > Vehicles > Motor Vehicles > Cars, Trucks & Vans	YV4062PA3P1988918	https://www.bortonvolvocars.com/certified/Volvo/2023-Volvo-XC90-In-Minneapolis-MN-97db63a6ac181a1c32bd2d199eaace5e.htm?store={store_code}	BLUE	21715 miles	XC90	YV4062PA3P1988918	2023	47339 USD	81060	47339 USD	MI
YV40621N2P1986024	by Volvo 2023 Volvo XC90 B6 Plus 6-Seater	Volvo	https://www.bortonvolvocars.com/certified/Volvo/2023-Volvo-XC90-In-Minneapolis-MN-97db651fac1831fce06a2ee88847afae.htm	38255 USD	2023 Onyx Black Metallic Volvo XC90 by B6 Plus 6-Seater 2.0L i-4 For sale at Borton Volvo Cars in Golden Valley Minnesota.	https://pictures.dealer.com/b/bortonvolvogroupvcna/0743/ba20f99ecf689d772df66916dc251832x.jpg	in stock	USED	SUV	Vehicles & Parts > Vehicles > Motor Vehicles > Cars, Trucks & Vans	YV40621N2P1986024	https://www.bortonvolvocars.com/certified/Volvo/2023-Volvo-XC90-In-Minneapolis-MN-97db651fac1831fce06a2ee88847afae.htm?store={store_code}	BLACK	41275 miles	XC90	YV40621N2P1986024	2023	38255 USD	81060	38255 USD	MI
YV4H60CX5P1971460	by Volvo 2023 Volvo XC90 Recharge Plug-In Hybrid Ultimate	Volvo	https://www.bortonvolvocars.com/certified/Volvo/2023-Volvo-XC90-Recharge-Plug-In-Hybrid-In-Minneapolis-MN-d7258664ac185e94bf0f8189988154e5.htm	54253 USD	2023 Denim Blue Metallic Volvo XC90 Recharge Plug-In by Ultimate 2.0L i-4 For sale at Borton Volvo Cars in Golden Valley Minnesota.	https://pictures.dealer.com/b/bortonvolvogroupvcna/0345/9e5b68ee5a58dea736431a3a9bccd856x.jpg	in stock	USED	SUV	Vehicles & Parts > Vehicles > Motor Vehicles > Cars, Trucks & Vans	YV4H60CX5P1971460	https://www.bortonvolvocars.com/certified/Volvo/2023-Volvo-XC90-Recharge-Plug-In-Hybrid-In-Minneapolis-MN-d7258664ac185e94bf0f8189988154e5.htm?store={store_code}	BLUE	28547 miles	XC90 Recharge Plug-In	YV4H60CX5P1971460	2023	54253 USD	81060	54253 USD	MI
YV4H60LE8R1167106	by Volvo 2024 Volvo XC90 plug-in hybrid T8 Plus 6 Passenger	Volvo	https://www.bortonvolvocars.com/certified/Volvo/2024-Volvo-XC90-plug-in-hybrid-In-Minneapolis-MN-1a186fabac1827bd9540ac677da70736.htm	51822 USD	2024 Crystal White Volvo XC90 plug-in by T8 Plus 6 Passenger 2.0L i-4 For sale at Borton Volvo Cars in Golden Valley Minnesota.	https://pictures.dealer.com/b/bortonvolvogroupvcna/1659/b4310f2b17715f95745ac7607d4230b4x.jpg	in stock	USED	SUV	Vehicles & Parts > Vehicles > Motor Vehicles > Cars, Trucks & Vans	YV4H60LE8R1167106	https://www.bortonvolvocars.com/certified/Volvo/2024-Volvo-XC90-plug-in-hybrid-In-Minneapolis-MN-1a186fabac1827bd9540ac677da70736.htm?store={store_code}	WHITE	31329 miles	XC90 plug-in	YV4H60LE8R1167106	2024	51822 USD	81060	51822 USD	MI
YV4H60CF7R1231290	by Volvo 2024 Volvo XC90 plug-in hybrid Ultimate	Volvo	https://www.bortonvolvocars.com/certified/Volvo/2024-Volvo-XC90-plug-in-hybrid-In-Minneapolis-MN-dc4bddddac18326561807f766dfefcac.htm	56730 USD	2024 Silver Dawn Metallic Volvo XC90 plug-in by Ultimate 2.0L i-4 For sale at Borton Volvo Cars in Golden Valley Minnesota.	https://pictures.dealer.com/b/bortonvolvogroupvcna/0606/27c4f26d39923197bcae740e2056084fx.jpg	in stock	USED	SUV	Vehicles & Parts > Vehicles > Motor Vehicles > Cars, Trucks & Vans	YV4H60CF7R1231290	https://www.bortonvolvocars.com/certified/Volvo/2024-Volvo-XC90-plug-in-hybrid-In-Minneapolis-MN-dc4bddddac18326561807f766dfefcac.htm?store={store_code}	SILVER	44334 miles	XC90 plug-in	YV4H60CF7R1231290	2024	56730 USD	81060	56730 USD	MI
YV4H60RC5S1070621	by Volvo 2025 Volvo XC60 plug-in hybrid T8 Plus	Volvo	https://www.bortonvolvocars.com/certified/Volvo/2025-Volvo-XC60-plug-in-hybrid-In-Minneapolis-MN-f60ba037ac182cb6d83888abcc5e27bc.htm	53368 USD	2025 Onyx Black Metallic Volvo XC60 plug-in by T8 Plus 2.0L i-4 For sale at Borton Volvo Cars in Golden Valley Minnesota.	https://pictures.dealer.com/b/bortonvolvogroupvcna/1422/3f6e5eec721d5272cf4ecbf3d1bd47c4x.jpg	in stock	USED	SUV	Vehicles & Parts > Vehicles > Motor Vehicles > Cars, Trucks & Vans	YV4H60RC5S1070621	https://www.bortonvolvocars.com/certified/Volvo/2025-Volvo-XC60-plug-in-hybrid-In-Minneapolis-MN-f60ba037ac182cb6d83888abcc5e27bc.htm?store={store_code}	BLACK	19135 miles	XC60 plug-in	YV4H60RC5S1070621	2025	53368 USD	81060	53368 USD	MI
YV4M12PE6S1304343	by Volvo 2025 Volvo XC90 B5 Plus	Volvo	https://www.bortonvolvocars.com/certified/Volvo/2025-Volvo-XC90-In-Minneapolis-MN-2bb88c6eac1837a5dcecb0486dd48a71.htm	50350 USD	2025 Vapour Gray Metallic Volvo XC90 by B5 Plus 2.0L i-4 For sale at Borton Volvo Cars in Golden Valley Minnesota.	https://pictures.dealer.com/b/bortonvolvogroupvcna/0894/63246e4a555541e87cc4512b86fbde2ex.jpg	in stock	USED	SUV	Vehicles & Parts > Vehicles > Motor Vehicles > Cars, Trucks & Vans	YV4M12PE6S1304343	https://www.bortonvolvocars.com/certified/Volvo/2025-Volvo-XC90-In-Minneapolis-MN-2bb88c6eac1837a5dcecb0486dd48a71.htm?store={store_code}	GRAY	9795 miles	XC90	YV4M12PE6S1304343	2025	50350 USD	81060	50350 USD	MI
YV4H60PF8S1333374	by Volvo 2025 Volvo XC90 plug-in hybrid T8 Ultra 7 Passenger	Volvo	https://www.bortonvolvocars.com/certified/Volvo/2025-Volvo-XC90-plug-in-hybrid-In-Minneapolis-MN-fb323744ac182cb69c1268f80a10d309.htm	63866 USD	2025 Onyx Black Metallic Volvo XC90 plug-in by T8 Ultra 7 Passenger 2.0L i-4 For sale at Borton Volvo Cars in Golden Valley Minnesota.	https://pictures.dealer.com/b/bortonvolvogroupvcna/0930/e71e6ab1a7ee3a771e16765f30a8ea76x.jpg	in stock	USED	SUV	Vehicles & Parts > Vehicles > Motor Vehicles > Cars, Trucks & Vans	YV4H60PF8S1333374	https://www.bortonvolvocars.com/certified/Volvo/2025-Volvo-XC90-plug-in-hybrid-In-Minneapolis-MN-fb323744ac182cb69c1268f80a10d309.htm?store={store_code}	BLACK	14603 miles	XC90 plug-in	YV4H60PF8S1333374	2025	63866 USD	81060	63866 USD	MI
YV4L12UC1T2734680	by Volvo 2026 Volvo XC40 B5 Plus	Volvo	https://www.bortonvolvocars.com/certified/Volvo/2026-Volvo-XC40-In-Minneapolis-MN-46f3eb3aac184bdbc2704395f171392e.htm	39480 USD	2026 Vapour Grey Metallic Volvo XC40 by B5 Plus 2.0L i-4 For sale at Borton Volvo Cars in Golden Valley Minnesota.	https://pictures.dealer.com/b/bortonvolvogroupvcna/0007/75f1c2f0284fdc430f6ec418df4bdacdx.jpg	in stock	USED	SUV	Vehicles & Parts > Vehicles > Motor Vehicles > Cars, Trucks & Vans	YV4L12UC1T2734680	https://www.bortonvolvocars.com/certified/Volvo/2026-Volvo-XC40-In-Minneapolis-MN-46f3eb3aac184bdbc2704395f171392e.htm?store={store_code}	GRAY	8737 miles	XC40	YV4L12UC1T2734680	2026	39480 USD	81060	39480 USD	MI
YV4L12UC3T2656239	by Volvo 2026 Volvo XC40 B5 Plus	Volvo	https://www.bortonvolvocars.com/certified/Volvo/2026-Volvo-XC40-In-Minneapolis-MN-66504692ac1814f42b5f378d5b3eb364.htm	46340 USD	2026 Onyx Black Volvo XC40 by B5 Plus 2.0L i-4 For sale at Borton Volvo Cars in Golden Valley Minnesota.	https://pictures.dealer.com/b/bortonvolvogroupvcna/1644/7e91f43b1c356201e125e3838b5ad5cbx.jpg	in stock	USED	SUV	Vehicles & Parts > Vehicles > Motor Vehicles > Cars, Trucks & Vans	YV4L12UC3T2656239	https://www.bortonvolvocars.com/certified/Volvo/2026-Volvo-XC40-In-Minneapolis-MN-66504692ac1814f42b5f378d5b3eb364.htm?store={store_code}	BLACK	3255 miles	XC40	YV4L12UC3T2656239	2026	46340 USD	81060	46340 USD	MI
YV4M12RC0T1414558	by Volvo 2026 Volvo XC60 B5 Plus	Volvo	https://www.bortonvolvocars.com/certified/Volvo/2026-Volvo-XC60-In-Minneapolis-MN-298b5244ac1827bd9540ac67f76db64a.htm	53606 USD	2026 Denim Blue Metallic Volvo XC60 by B5 Plus 2.0L i-4 For sale at Borton Volvo Cars in Golden Valley Minnesota.	https://pictures.dealer.com/b/bortonvolvogroupvcna/0830/856bc024e038eecea222a37c25961e5cx.jpg	in stock	USED	SUV	Vehicles & Parts > Vehicles > Motor Vehicles > Cars, Trucks & Vans	YV4M12RC0T1414558	https://www.bortonvolvocars.com/certified/Volvo/2026-Volvo-XC60-In-Minneapolis-MN-298b5244ac1827bd9540ac67f76db64a.htm?store={store_code}	BLUE	15816 miles	XC60	YV4M12RC0T1414558	2026	53606 USD	81060	53606 USD	MI
YV4M12RC4T1415437	by Volvo 2026 Volvo XC60 B5 Plus	Volvo	https://www.bortonvolvocars.com/certified/Volvo/2026-Volvo-XC60-In-Minneapolis-MN-4d9853f7ac181e63234f4feedc0ce5f3.htm	51574 USD	2026 Crystal White Metallic Volvo XC60 by B5 Plus 2.0L i-4 For sale at Borton Volvo Cars in Golden Valley Minnesota.	https://pictures.dealer.com/b/bortonvolvogroupvcna/0228/59237124135fd112bd317e36fb43c92cx.jpg	in stock	USED	SUV	Vehicles & Parts > Vehicles > Motor Vehicles > Cars, Trucks & Vans	YV4M12RC4T1415437	https://www.bortonvolvocars.com/certified/Volvo/2026-Volvo-XC60-In-Minneapolis-MN-4d9853f7ac181e63234f4feedc0ce5f3.htm?store={store_code}	WHITE	16673 miles	XC60	YV4M12RC4T1415437	2026	51574 USD	81060	51574 USD	MI
YV4M12RCXT1416981	by Volvo 2026 Volvo XC60 B5 Plus	Volvo	https://www.bortonvolvocars.com/certified/Volvo/2026-Volvo-XC60-In-Minneapolis-MN-62318898ac183e4132cdba3655663e04.htm	51629 USD	2026 Onyx Black Metallic Volvo XC60 by B5 Plus 2.0L i-4 For sale at Borton Volvo Cars in Golden Valley Minnesota.	https://pictures.dealer.com/b/bortonvolvogroupvcna/0210/361bab9d3a9a65af1d6a66103a9f79fbx.jpg	in stock	USED	SUV	Vehicles & Parts > Vehicles > Motor Vehicles > Cars, Trucks & Vans	YV4M12RCXT1416981	https://www.bortonvolvocars.com/certified/Volvo/2026-Volvo-XC60-In-Minneapolis-MN-62318898ac183e4132cdba3655663e04.htm?store={store_code}	BLACK	17340 miles	XC60	YV4M12RCXT1416981	2026	51629 USD	81060	51629 USD	MI
YV4062PF4T1491303	by Volvo 2026 Volvo XC90 B6 Ultra	Volvo	https://www.bortonvolvocars.com/certified/Volvo/2026-Volvo-XC90-In-Minneapolis-MN-46f3e4eaac183200ff501480a84a3e9a.htm	65166 USD	2026 Onyx Black Metallic Volvo XC90 by B6 Ultra 2.0L i-4 For sale at Borton Volvo Cars in Golden Valley Minnesota.	https://pictures.dealer.com/b/bortonvolvogroupvcna/0819/424f5b20614edbd9d24296e35e8f56b2x.jpg	in stock	USED	SUV	Vehicles & Parts > Vehicles > Motor Vehicles > Cars, Trucks & Vans	YV4062PF4T1491303	https://www.bortonvolvocars.com/certified/Volvo/2026-Volvo-XC90-In-Minneapolis-MN-46f3e4eaac183200ff501480a84a3e9a.htm?store={store_code}	BLACK	11329 miles	XC90	YV4062PF4T1491303	2026	65166 USD	81060	65166 USD	MI
YV4062PEXT1471676	by Volvo 2026 Volvo XC90 B6 Plus 7-Seater	Volvo	https://www.bortonvolvocars.com/certified/Volvo/2026-Volvo-XC90-In-Minneapolis-MN-78f54f55ac1826090cabaa517666b090.htm	59146 USD	2026 Crystal White Pearl Volvo XC90 by B6 Plus 7-Seater 2.0L i-4 For sale at Borton Volvo Cars in Golden Valley Minnesota.	https://pictures.dealer.com/b/bortonvolvogroupvcna/0009/d5bffc99ca1fb5c8885dde722f203596x.jpg	in stock	USED	SUV	Vehicles & Parts > Vehicles > Motor Vehicles > Cars, Trucks & Vans	YV4062PEXT1471676	https://www.bortonvolvocars.com/certified/Volvo/2026-Volvo-XC90-In-Minneapolis-MN-78f54f55ac1826090cabaa517666b090.htm?store={store_code}	WHITE	7627 miles	XC90	YV4062PEXT1471676	2026	59146 USD	81060	59146 USD	MI
YV4L12WK1T2171568	2026 Volvo V60 Cross Country B5 Plus	Volvo	https://www.bortonvolvocars.com/commercial-new/Volvo/2026-Volvo-V60-Cross-Country-In-Minneapolis-MN-66eb42e8ac1840dfbb8815d91489641c.htm	54390 USD	2026 Denim Blue Volvo V60 Cross Country B5 Plus 2.0L I-4 cyl For sale at Borton Volvo Cars in Golden Valley Minnesota.	https://images.dealer.com/ddc/vehicles/2026/Volvo/V60%20Cross%20Country/Wagon/trim_B5_Plus_a2493b/color/Denim%20Blue%20Metallic-723-38%2C54%2C70-640-en_US.jpg	in stock	NEW	OTHER	Vehicles & Parts > Vehicles > Motor Vehicles > Cars, Trucks & Vans	YV4L12WK1T2171568	https://www.bortonvolvocars.com/commercial-new/Volvo/2026-Volvo-V60-Cross-Country-In-Minneapolis-MN-66eb42e8ac1840dfbb8815d91489641c.htm?store={store_code}	BLUE	0 miles	V60 Cross Country	YV4L12WK1T2171568	2026	54390 USD	81060	54390 USD	MI
YV4L12WK5T2170603	2026 Volvo V60 Cross Country B5 Plus	Volvo	https://www.bortonvolvocars.com/commercial-new/Volvo/2026-Volvo-V60-Cross-Country-In-Minneapolis-MN-e57c509eac182f70e0a09ac02757f867.htm	55720 USD	2026 Aurora Silver Volvo V60 Cross Country B5 Plus 2.0L I-4 cyl For sale at Borton Volvo Cars in Golden Valley Minnesota.	https://images.dealer.com/ddc/vehicles/2026/Volvo/V60%20Cross%20Country/Wagon/trim_B5_Plus_a2493b/color/Aurora%20Silver-745-175%2C174%2C178-640-en_US.jpg	in stock	NEW	OTHER	Vehicles & Parts > Vehicles > Motor Vehicles > Cars, Trucks & Vans	YV4L12WK5T2170603	https://www.bortonvolvocars.com/commercial-new/Volvo/2026-Volvo-V60-Cross-Country-In-Minneapolis-MN-e57c509eac182f70e0a09ac02757f867.htm?store={store_code}	SILVER	0 miles	V60 Cross Country	YV4L12WK5T2170603	2026	55720 USD	81060	55720 USD	MI
YV4L12WK6T2170254	2026 Volvo V60 Cross Country B5 Plus	Volvo	https://www.bortonvolvocars.com/commercial-new/Volvo/2026-Volvo-V60-Cross-Country-In-Minneapolis-MN-f07a7f83ac184040fc941c3d49cd20c6.htm	55720 USD	2026 Crystal White Volvo V60 Cross Country B5 Plus 2.0L I-4 cyl For sale at Borton Volvo Cars in Golden Valley Minnesota.	https://images.dealer.com/ddc/vehicles/2026/Volvo/V60%20Cross%20Country/Wagon/trim_B5_Plus_a2493b/color/Crystal%20White%20Pearl-707-229%2C230%2C230-640-en_US.jpg	in stock	NEW	OTHER	Vehicles & Parts > Vehicles > Motor Vehicles > Cars, Trucks & Vans	YV4L12WK6T2170254	https://www.bortonvolvocars.com/commercial-new/Volvo/2026-Volvo-V60-Cross-Country-In-Minneapolis-MN-f07a7f83ac184040fc941c3d49cd20c6.htm?store={store_code}	WHITE	0 miles	V60 Cross Country	YV4L12WK6T2170254	2026	55720 USD	81060	55720 USD	MI
YV4L12UJ7T2779234	2026 Volvo XC40 B5 Core	Volvo	https://www.bortonvolvocars.com/commercial-new/Volvo/2026-Volvo-XC40-In-Minneapolis-MN-04348d3dac18383f49d7cdf5a3b56d6b.htm	44435 USD	2026 Crystal White Volvo XC40 B5 Core 2.0L I-4 cyl For sale at Borton Volvo Cars in Golden Valley Minnesota.	https://images.dealer.com/ddc/vehicles/2026/Volvo/XC40/SUV/trim_B5_Core_b20b0f/color/Crystal%20White-707-229%2C230%2C230-640-en_US.jpg	in stock	NEW	SUV	Vehicles & Parts > Vehicles > Motor Vehicles > Cars, Trucks & Vans	YV4L12UJ7T2779234	https://www.bortonvolvocars.com/commercial-new/Volvo/2026-Volvo-XC40-In-Minneapolis-MN-04348d3dac18383f49d7cdf5a3b56d6b.htm?store={store_code}	WHITE	0 miles	XC40	YV4L12UJ7T2779234	2026	44435 USD	81060	44435 USD	MI
YV4L12UJ6T2805922	2026 Volvo XC40 B5 Core	Volvo	https://www.bortonvolvocars.com/commercial-new/Volvo/2026-Volvo-XC40-In-Minneapolis-MN-08f23e8eac18107eb3503fd1113e08ec.htm	45235 USD	2026 Onyx Black Volvo XC40 B5 Core 2.0L I-4 cyl For sale at Borton Volvo Cars in Golden Valley Minnesota.	https://images.dealer.com/ddc/vehicles/2026/Volvo/XC40/SUV/trim_B5_Core_b20b0f/color/Onyx%20Black-717-35%2C35%2C36-640-en_US.jpg	in stock	NEW	SUV	Vehicles & Parts > Vehicles > Motor Vehicles > Cars, Trucks & Vans	YV4L12UJ6T2805922	https://www.bortonvolvocars.com/commercial-new/Volvo/2026-Volvo-XC40-In-Minneapolis-MN-08f23e8eac18107eb3503fd1113e08ec.htm?store={store_code}	BLACK	0 miles	XC40	YV4L12UJ6T2805922	2026	45235 USD	81060	45235 USD	MI
YV4L12UC7T2679555	2026 Volvo XC40 B5 Plus	Volvo	https://www.bortonvolvocars.com/commercial-new/Volvo/2026-Volvo-XC40-In-Minneapolis-MN-0a3bca92ac1852cb96816b9c8fec6f15.htm	47500 USD	2026 Vapour Grey Volvo XC40 B5 Plus 2.0L I-4 cyl For sale at Borton Volvo Cars in Golden Valley Minnesota.	https://images.dealer.com/ddc/vehicles/2026/Volvo/XC40/SUV/trim_B5_Plus_cccdb9/color/Vapour%20Gray%20Metallic-740-66%2C72%2C75-640-en_US.jpg	in stock	NEW	SUV	Vehicles & Parts > Vehicles > Motor Vehicles > Cars, Trucks & Vans	YV4L12UC7T2679555	https://www.bortonvolvocars.com/commercial-new/Volvo/2026-Volvo-XC40-In-Minneapolis-MN-0a3bca92ac1852cb96816b9c8fec6f15.htm?store={store_code}	GRAY	0 miles	XC40	YV4L12UC7T2679555	2026	47500 USD	81060	47500 USD	MI
YV4L12UJ5T2805832	2026 Volvo XC40 B5 Core	Volvo	https://www.bortonvolvocars.com/commercial-new/Volvo/2026-Volvo-XC40-In-Minneapolis-MN-0a6c42a5ac1823e7d7937e3eb0a163d7.htm	45235 USD	2026 Denim Blue Volvo XC40 B5 Core 2.0L I-4 cyl For sale at Borton Volvo Cars in Golden Valley Minnesota.	https://images.dealer.com/ddc/vehicles/2026/Volvo/XC40/SUV/trim_B5_Core_b20b0f/color/Denim%20Blue-723-38%2C54%2C70-640-en_US.jpg	in stock	NEW	SUV	Vehicles & Parts > Vehicles > Motor Vehicles > Cars, Trucks & Vans	YV4L12UJ5T2805832	https://www.bortonvolvocars.com/commercial-new/Volvo/2026-Volvo-XC40-In-Minneapolis-MN-0a6c42a5ac1823e7d7937e3eb0a163d7.htm?store={store_code}	BLUE	0 miles	XC40	YV4L12UJ5T2805832	2026	45235 USD	81060	45235 USD	MI
YV4L12UC3T2684221	2026 Volvo XC40 B5 Plus	Volvo	https://www.bortonvolvocars.com/commercial-new/Volvo/2026-Volvo-XC40-In-Minneapolis-MN-14964d1cac1818a2b497fae5fdd706d5.htm	47500 USD	2026 Vapour Grey Volvo XC40 B5 Plus 2.0L I-4 cyl For sale at Borton Volvo Cars in Golden Valley Minnesota.	https://images.dealer.com/ddc/vehicles/2026/Volvo/XC40/SUV/trim_B5_Plus_cccdb9/color/Vapour%20Gray%20Metallic-740-66%2C72%2C75-640-en_US.jpg	in stock	NEW	SUV	Vehicles & Parts > Vehicles > Motor Vehicles > Cars, Trucks & Vans	YV4L12UC3T2684221	https://www.bortonvolvocars.com/commercial-new/Volvo/2026-Volvo-XC40-In-Minneapolis-MN-14964d1cac1818a2b497fae5fdd706d5.htm?store={store_code}	GRAY	0 miles	XC40	YV4L12UC3T2684221	2026	47500 USD	81060	47500 USD	MI
YV4L12UC4T2756477	2026 Volvo XC40 B5 Plus	Volvo	https://www.bortonvolvocars.com/commercial-new/Volvo/2026-Volvo-XC40-In-Minneapolis-MN-2337129aac1829ba410fbf7978bb0eb6.htm	47610 USD	2026 Vapour Grey Volvo XC40 B5 Plus 2.0L I-4 cyl For sale at Borton Volvo Cars in Golden Valley Minnesota.	https://images.dealer.com/ddc/vehicles/2026/Volvo/XC40/SUV/trim_B5_Plus_cccdb9/color/Vapour%20Gray%20Metallic-740-66%2C72%2C75-640-en_US.jpg	in stock	NEW	SUV	Vehicles & Parts > Vehicles > Motor Vehicles > Cars, Trucks & Vans	YV4L12UC4T2756477	https://www.bortonvolvocars.com/commercial-new/Volvo/2026-Volvo-XC40-In-Minneapolis-MN-2337129aac1829ba410fbf7978bb0eb6.htm?store={store_code}	GRAY	0 miles	XC40	YV4L12UC4T2756477	2026	47610 USD	81060	47610 USD	MI
YV4L12UC4T2811624	2026 Volvo XC40 B5 Plus	Volvo	https://www.bortonvolvocars.com/commercial-new/Volvo/2026-Volvo-XC40-In-Minneapolis-MN-44ca8907ac181d0a4090da9023f4829f.htm	48985 USD	2026 Vapour Grey Volvo XC40 B5 Plus 2.0L I-4 cyl For sale at Borton Volvo Cars in Golden Valley Minnesota.	https://images.dealer.com/ddc/vehicles/2026/Volvo/XC40/SUV/trim_B5_Plus_cccdb9/color/Vapour%20Gray%20Metallic-740-66%2C72%2C75-640-en_US.jpg	in stock	NEW	SUV	Vehicles & Parts > Vehicles > Motor Vehicles > Cars, Trucks & Vans	YV4L12UC4T2811624	https://www.bortonvolvocars.com/commercial-new/Volvo/2026-Volvo-XC40-In-Minneapolis-MN-44ca8907ac181d0a4090da9023f4829f.htm?store={store_code}	GRAY	0 miles	XC40	YV4L12UC4T2811624	2026	48985 USD	81060	48985 USD	MI
YV4L12UC1T2785645	2026 Volvo XC40 B5 Plus	Volvo	https://www.bortonvolvocars.com/commercial-new/Volvo/2026-Volvo-XC40-In-Minneapolis-MN-47f92e36ac183497454cbb82edec711c.htm	47610 USD	2026 Aurora Silver Volvo XC40 B5 Plus 2.0L I-4 cyl For sale at Borton Volvo Cars in Golden Valley Minnesota.	https://images.dealer.com/ddc/vehicles/2026/Volvo/XC40/SUV/trim_B5_Plus_cccdb9/color/Aurora%20Silver-745-175%2C174%2C178-640-en_US.jpg	in stock	NEW	SUV	Vehicles & Parts > Vehicles > Motor Vehicles > Cars, Trucks & Vans	YV4L12UC1T2785645	https://www.bortonvolvocars.com/commercial-new/Volvo/2026-Volvo-XC40-In-Minneapolis-MN-47f92e36ac183497454cbb82edec711c.htm?store={store_code}	SILVER	0 miles	XC40	YV4L12UC1T2785645	2026	47610 USD	81060	47610 USD	MI
YV4L12UC8T2786968	2026 Volvo XC40 B5 Plus	Volvo	https://www.bortonvolvocars.com/commercial-new/Volvo/2026-Volvo-XC40-In-Minneapolis-MN-47f942edac184fc83ca98b6a1b52439c.htm	47610 USD	2026 Vapour Grey Volvo XC40 B5 Plus 2.0L I-4 cyl For sale at Borton Volvo Cars in Golden Valley Minnesota.	https://images.dealer.com/ddc/vehicles/2026/Volvo/XC40/SUV/trim_B5_Plus_cccdb9/color/Vapour%20Gray%20Metallic-740-66%2C72%2C75-640-en_US.jpg	in stock	NEW	SUV	Vehicles & Parts > Vehicles > Motor Vehicles > Cars, Trucks & Vans	YV4L12UC8T2786968	https://www.bortonvolvocars.com/commercial-new/Volvo/2026-Volvo-XC40-In-Minneapolis-MN-47f942edac184fc83ca98b6a1b52439c.htm?store={store_code}	GRAY	0 miles	XC40	YV4L12UC8T2786968	2026	47610 USD	81060	47610 USD	MI
YV4L12UC5T2775801	2026 Volvo XC40 B5 Plus	Volvo	https://www.bortonvolvocars.com/commercial-new/Volvo/2026-Volvo-XC40-In-Minneapolis-MN-47f94355ac184fb5b994269c04af9e79.htm	47395 USD	2026 Crystal White Volvo XC40 B5 Plus 2.0L I-4 cyl For sale at Borton Volvo Cars in Golden Valley Minnesota.	https://images.dealer.com/ddc/vehicles/2026/Volvo/XC40/SUV/trim_B5_Plus_cccdb9/color/Crystal%20White-707-229%2C230%2C230-640-en_US.jpg	in stock	NEW	SUV	Vehicles & Parts > Vehicles > Motor Vehicles > Cars, Trucks & Vans	YV4L12UC5T2775801	https://www.bortonvolvocars.com/commercial-new/Volvo/2026-Volvo-XC40-In-Minneapolis-MN-47f94355ac184fb5b994269c04af9e79.htm?store={store_code}	WHITE	0 miles	XC40	YV4L12UC5T2775801	2026	47395 USD	81060	47395 USD	MI
YV4L12UC1T2787346	2026 Volvo XC40 B5 Plus	Volvo	https://www.bortonvolvocars.com/commercial-new/Volvo/2026-Volvo-XC40-In-Minneapolis-MN-47f943d8ac184db46fa63ee49d9b7fb0.htm	47610 USD	2026 Vapour Grey Volvo XC40 B5 Plus 2.0L I-4 cyl For sale at Borton Volvo Cars in Golden Valley Minnesota.	https://images.dealer.com/ddc/vehicles/2026/Volvo/XC40/SUV/trim_B5_Plus_cccdb9/color/Vapour%20Gray%20Metallic-740-66%2C72%2C75-640-en_US.jpg	in stock	NEW	SUV	Vehicles & Parts > Vehicles > Motor Vehicles > Cars, Trucks & Vans	YV4L12UC1T2787346	https://www.bortonvolvocars.com/commercial-new/Volvo/2026-Volvo-XC40-In-Minneapolis-MN-47f943d8ac184db46fa63ee49d9b7fb0.htm?store={store_code}	GRAY	0 miles	XC40	YV4L12UC1T2787346	2026	47610 USD	81060	47610 USD	MI
YV4L12UCXT2791671	2026 Volvo XC40 B5 Plus	Volvo	https://www.bortonvolvocars.com/commercial-new/Volvo/2026-Volvo-XC40-In-Minneapolis-MN-47f95088ac1849d2c697a70a63672b25.htm	47610 USD	2026 Onyx Black Volvo XC40 B5 Plus 2.0L I-4 cyl For sale at Borton Volvo Cars in Golden Valley Minnesota.	https://images.dealer.com/ddc/vehicles/2026/Volvo/XC40/SUV/trim_B5_Plus_cccdb9/color/Onyx%20Black-717-35%2C35%2C36-640-en_US.jpg	in stock	NEW	SUV	Vehicles & Parts > Vehicles > Motor Vehicles > Cars, Trucks & Vans	YV4L12UCXT2791671	https://www.bortonvolvocars.com/commercial-new/Volvo/2026-Volvo-XC40-In-Minneapolis-MN-47f95088ac1849d2c697a70a63672b25.htm?store={store_code}	BLACK	0 miles	XC40	YV4L12UCXT2791671	2026	47610 USD	81060	47610 USD	MI
YV4L12UC4T2792007	2026 Volvo XC40 B5 Plus	Volvo	https://www.bortonvolvocars.com/commercial-new/Volvo/2026-Volvo-XC40-In-Minneapolis-MN-47f95d6cac184fc83ca98b6aeb1cf801.htm	47610 USD	2026 Vapour Grey Volvo XC40 B5 Plus 2.0L I-4 cyl For sale at Borton Volvo Cars in Golden Valley Minnesota.	https://images.dealer.com/ddc/vehicles/2026/Volvo/XC40/SUV/trim_B5_Plus_cccdb9/color/Vapour%20Gray%20Metallic-740-66%2C72%2C75-640-en_US.jpg	in stock	NEW	SUV	Vehicles & Parts > Vehicles > Motor Vehicles > Cars, Trucks & Vans	YV4L12UC4T2792007	https://www.bortonvolvocars.com/commercial-new/Volvo/2026-Volvo-XC40-In-Minneapolis-MN-47f95d6cac184fc83ca98b6aeb1cf801.htm?store={store_code}	GRAY	0 miles	XC40	YV4L12UC4T2792007	2026	47610 USD	81060	47610 USD	MI
YV4L12UC4T2794792	2026 Volvo XC40 B5 Plus	Volvo	https://www.bortonvolvocars.com/commercial-new/Volvo/2026-Volvo-XC40-In-Minneapolis-MN-47f97e60ac180e13da5ab05dd7a02b76.htm	47610 USD	2026 Aurora Silver Volvo XC40 B5 Plus 2.0L I-4 cyl For sale at Borton Volvo Cars in Golden Valley Minnesota.	https://images.dealer.com/ddc/vehicles/2026/Volvo/XC40/SUV/trim_B5_Plus_cccdb9/color/Aurora%20Silver-745-175%2C174%2C178-640-en_US.jpg	in stock	NEW	SUV	Vehicles & Parts > Vehicles > Motor Vehicles > Cars, Trucks & Vans	YV4L12UC4T2794792	https://www.bortonvolvocars.com/commercial-new/Volvo/2026-Volvo-XC40-In-Minneapolis-MN-47f97e60ac180e13da5ab05dd7a02b76.htm?store={store_code}	SILVER	0 miles	XC40	YV4L12UC4T2794792	2026	47610 USD	81060	47610 USD	MI
YV4L12UC6T2782322	2026 Volvo XC40 B5 Plus	Volvo	https://www.bortonvolvocars.com/commercial-new/Volvo/2026-Volvo-XC40-In-Minneapolis-MN-4a66e9b2ac181a9da514cc1b5bad1e51.htm	46945 USD	2026 Onyx Black Volvo XC40 B5 Plus 2.0L I-4 cyl For sale at Borton Volvo Cars in Golden Valley Minnesota.	https://images.dealer.com/ddc/vehicles/2026/Volvo/XC40/SUV/trim_B5_Plus_cccdb9/color/Onyx%20Black-717-35%2C35%2C36-640-en_US.jpg	in stock	NEW	SUV	Vehicles & Parts > Vehicles > Motor Vehicles > Cars, Trucks & Vans	YV4L12UC6T2782322	https://www.bortonvolvocars.com/commercial-new/Volvo/2026-Volvo-XC40-In-Minneapolis-MN-4a66e9b2ac181a9da514cc1b5bad1e51.htm?store={store_code}	BLACK	0 miles	XC40	YV4L12UC6T2782322	2026	46945 USD	81060	46945 USD	MI
YV4L12UC0T2777388	2026 Volvo XC40 B5 Plus	Volvo	https://www.bortonvolvocars.com/commercial-new/Volvo/2026-Volvo-XC40-In-Minneapolis-MN-4a66eaa6ac1828a0866fc4133a5a8097.htm	47610 USD	2026 Crystal White Volvo XC40 B5 Plus 2.0L I-4 cyl For sale at Borton Volvo Cars in Golden Valley Minnesota.	https://images.dealer.com/ddc/vehicles/2026/Volvo/XC40/SUV/trim_B5_Plus_cccdb9/color/Crystal%20White-707-229%2C230%2C230-640-en_US.jpg	in stock	NEW	SUV	Vehicles & Parts > Vehicles > Motor Vehicles > Cars, Trucks & Vans	YV4L12UC0T2777388	https://www.bortonvolvocars.com/commercial-new/Volvo/2026-Volvo-XC40-In-Minneapolis-MN-4a66eaa6ac1828a0866fc4133a5a8097.htm?store={store_code}	WHITE	0 miles	XC40	YV4L12UC0T2777388	2026	47610 USD	81060	47610 USD	MI
YV4L12UC4T2777362	2026 Volvo XC40 B5 Plus	Volvo	https://www.bortonvolvocars.com/commercial-new/Volvo/2026-Volvo-XC40-In-Minneapolis-MN-4a66f0b7ac183dd22c32649ebf9255cb.htm	47610 USD	2026 Crystal White Volvo XC40 B5 Plus 2.0L I-4 cyl For sale at Borton Volvo Cars in Golden Valley Minnesota.	https://images.dealer.com/ddc/vehicles/2026/Volvo/XC40/SUV/trim_B5_Plus_cccdb9/color/Crystal%20White-707-229%2C230%2C230-640-en_US.jpg	in stock	NEW	SUV	Vehicles & Parts > Vehicles > Motor Vehicles > Cars, Trucks & Vans	YV4L12UC4T2777362	https://www.bortonvolvocars.com/commercial-new/Volvo/2026-Volvo-XC40-In-Minneapolis-MN-4a66f0b7ac183dd22c32649ebf9255cb.htm?store={store_code}	WHITE	0 miles	XC40	YV4L12UC4T2777362	2026	47610 USD	81060	47610 USD	MI
YV4L12UC2T2784441	2026 Volvo XC40 B5 Plus	Volvo	https://www.bortonvolvocars.com/commercial-new/Volvo/2026-Volvo-XC40-In-Minneapolis-MN-4a66f6e4ac1828a0866fc413901cdcc2.htm	46945 USD	2026 Cloud Blue Volvo XC40 B5 Plus 2.0L I-4 cyl For sale at Borton Volvo Cars in Golden Valley Minnesota.	https://images.dealer.com/ddc/vehicles/2026/Volvo/XC40/SUV/trim_B5_Plus_cccdb9/color/Cloud%20Blue-626-152%2C167%2C180-640-en_US.jpg	in stock	NEW	SUV	Vehicles & Parts > Vehicles > Motor Vehicles > Cars, Trucks & Vans	YV4L12UC2T2784441	https://www.bortonvolvocars.com/commercial-new/Volvo/2026-Volvo-XC40-In-Minneapolis-MN-4a66f6e4ac1828a0866fc413901cdcc2.htm?store={store_code}	GRAY	0 miles	XC40	YV4L12UC2T2784441	2026	46945 USD	81060	46945 USD	MI
YV4L12UM4T2686181	2026 Volvo XC40 B5 Ultra	Volvo	https://www.bortonvolvocars.com/commercial-new/Volvo/2026-Volvo-XC40-In-Minneapolis-MN-5784d9fdac1832583f093e74547dd3aa.htm	51325 USD	2026 Aurora Silver Volvo XC40 B5 Ultra 2.0L I-4 cyl For sale at Borton Volvo Cars in Golden Valley Minnesota.	https://images.dealer.com/ddc/vehicles/2026/Volvo/XC40/SUV/trim_B5_Ultra_af9b11/color/Aurora%20Silver-745-175%2C174%2C178-640-en_US.jpg	in stock	NEW	SUV	Vehicles & Parts > Vehicles > Motor Vehicles > Cars, Trucks & Vans	YV4L12UM4T2686181	https://www.bortonvolvocars.com/commercial-new/Volvo/2026-Volvo-XC40-In-Minneapolis-MN-5784d9fdac1832583f093e74547dd3aa.htm?store={store_code}	SILVER	0 miles	XC40	YV4L12UM4T2686181	2026	51325 USD	81060	51325 USD	MI
YV4L12UC7T2700047	2026 Volvo XC40 B5 Plus	Volvo	https://www.bortonvolvocars.com/commercial-new/Volvo/2026-Volvo-XC40-In-Minneapolis-MN-584bb98cac184135b50fe0af503a3c24.htm	46740 USD	2026 Aurora Silver Volvo XC40 B5 Plus 2.0L I-4 cyl For sale at Borton Volvo Cars in Golden Valley Minnesota.	https://images.dealer.com/ddc/vehicles/2026/Volvo/XC40/SUV/trim_B5_Plus_cccdb9/color/Aurora%20Silver-745-175%2C174%2C178-640-en_US.jpg	in stock	NEW	SUV	Vehicles & Parts > Vehicles > Motor Vehicles > Cars, Trucks & Vans	YV4L12UC7T2700047	https://www.bortonvolvocars.com/commercial-new/Volvo/2026-Volvo-XC40-In-Minneapolis-MN-584bb98cac184135b50fe0af503a3c24.htm?store={store_code}	SILVER	0 miles	XC40	YV4L12UC7T2700047	2026	46740 USD	81060	46740 USD	MI
YV4L12UC5T2697469	2026 Volvo XC40 B5 Plus	Volvo	https://www.bortonvolvocars.com/commercial-new/Volvo/2026-Volvo-XC40-In-Minneapolis-MN-584bbc85ac183d319ef18547df384925.htm	47500 USD	2026 Onyx Black Volvo XC40 B5 Plus 2.0L I-4 cyl For sale at Borton Volvo Cars in Golden Valley Minnesota.	https://images.dealer.com/ddc/vehicles/2026/Volvo/XC40/SUV/trim_B5_Plus_cccdb9/color/Onyx%20Black-717-35%2C35%2C36-640-en_US.jpg	in stock	NEW	SUV	Vehicles & Parts > Vehicles > Motor Vehicles > Cars, Trucks & Vans	YV4L12UC5T2697469	https://www.bortonvolvocars.com/commercial-new/Volvo/2026-Volvo-XC40-In-Minneapolis-MN-584bbc85ac183d319ef18547df384925.htm?store={store_code}	BLACK	0 miles	XC40	YV4L12UC5T2697469	2026	47500 USD	81060	47500 USD	MI
YV4L12UC2T2699258	2026 Volvo XC40 B5 Plus	Volvo	https://www.bortonvolvocars.com/commercial-new/Volvo/2026-Volvo-XC40-In-Minneapolis-MN-584bbea6ac185b1b862f04f12ad80af1.htm	47500 USD	2026 Crystal White Volvo XC40 B5 Plus 2.0L I-4 cyl For sale at Borton Volvo Cars in Golden Valley Minnesota.	https://images.dealer.com/ddc/vehicles/2026/Volvo/XC40/SUV/trim_B5_Plus_cccdb9/color/Crystal%20White-707-229%2C230%2C230-640-en_US.jpg	in stock	NEW	SUV	Vehicles & Parts > Vehicles > Motor Vehicles > Cars, Trucks & Vans	YV4L12UC2T2699258	https://www.bortonvolvocars.com/commercial-new/Volvo/2026-Volvo-XC40-In-Minneapolis-MN-584bbea6ac185b1b862f04f12ad80af1.htm?store={store_code}	WHITE	0 miles	XC40	YV4L12UC2T2699258	2026	47500 USD	81060	47500 USD	MI
YV4L12UC0T2703534	2026 Volvo XC40 B5 Plus	Volvo	https://www.bortonvolvocars.com/commercial-new/Volvo/2026-Volvo-XC40-In-Minneapolis-MN-5e4f0f9bac1821d12dff1a991ffccff2.htm	47500 USD	2026 Cloud Blue Volvo XC40 B5 Plus 2.0L I-4 cyl For sale at Borton Volvo Cars in Golden Valley Minnesota.	https://images.dealer.com/ddc/vehicles/2026/Volvo/XC40/SUV/trim_B5_Plus_cccdb9/color/Cloud%20Blue-626-152%2C167%2C180-640-en_US.jpg	in stock	NEW	SUV	Vehicles & Parts > Vehicles > Motor Vehicles > Cars, Trucks & Vans	YV4L12UC0T2703534	https://www.bortonvolvocars.com/commercial-new/Volvo/2026-Volvo-XC40-In-Minneapolis-MN-5e4f0f9bac1821d12dff1a991ffccff2.htm?store={store_code}	GRAY	0 miles	XC40	YV4L12UC0T2703534	2026	47500 USD	81060	47500 USD	MI
YV4L12UC8T2743814	2026 Volvo XC40 B5 Plus	Volvo	https://www.bortonvolvocars.com/commercial-new/Volvo/2026-Volvo-XC40-In-Minneapolis-MN-5f5be93cac1805ac1d6b5c1838c92ec6.htm	47500 USD	2026 Cloud Blue Volvo XC40 B5 Plus 2.0L I-4 cyl For sale at Borton Volvo Cars in Golden Valley Minnesota.	https://images.dealer.com/ddc/vehicles/2026/Volvo/XC40/SUV/trim_B5_Plus_cccdb9/color/Cloud%20Blue-626-152%2C167%2C180-640-en_US.jpg	in stock	NEW	SUV	Vehicles & Parts > Vehicles > Motor Vehicles > Cars, Trucks & Vans	YV4L12UC8T2743814	https://www.bortonvolvocars.com/commercial-new/Volvo/2026-Volvo-XC40-In-Minneapolis-MN-5f5be93cac1805ac1d6b5c1838c92ec6.htm?store={store_code}	GRAY	0 miles	XC40	YV4L12UC8T2743814	2026	47500 USD	81060	47500 USD	MI
YV4L12UC6T2699991	2026 Volvo XC40 B5 Plus	Volvo	https://www.bortonvolvocars.com/commercial-new/Volvo/2026-Volvo-XC40-In-Minneapolis-MN-660cbd4aac1810e5d997ec0db248ff03.htm	47500 USD	2026 Aurora Silver Volvo XC40 B5 Plus 2.0L I-4 cyl For sale at Borton Volvo Cars in Golden Valley Minnesota.	https://images.dealer.com/ddc/vehicles/2026/Volvo/XC40/SUV/trim_B5_Plus_cccdb9/color/Aurora%20Silver-745-175%2C174%2C178-640-en_US.jpg	in stock	NEW	SUV	Vehicles & Parts > Vehicles > Motor Vehicles > Cars, Trucks & Vans	YV4L12UC6T2699991	https://www.bortonvolvocars.com/commercial-new/Volvo/2026-Volvo-XC40-In-Minneapolis-MN-660cbd4aac1810e5d997ec0db248ff03.htm?store={store_code}	SILVER	0 miles	XC40	YV4L12UC6T2699991	2026	47500 USD	81060	47500 USD	MI
YV4L12UC5T2699710	2026 Volvo XC40 B5 Plus	Volvo	https://www.bortonvolvocars.com/commercial-new/Volvo/2026-Volvo-XC40-In-Minneapolis-MN-660cbee6ac182f0fabb6333c33d432d1.htm	47500 USD	2026 Aurora Silver Volvo XC40 B5 Plus 2.0L I-4 cyl For sale at Borton Volvo Cars in Golden Valley Minnesota.	https://images.dealer.com/ddc/vehicles/2026/Volvo/XC40/SUV/trim_B5_Plus_cccdb9/color/Aurora%20Silver-745-175%2C174%2C178-640-en_US.jpg	in stock	NEW	SUV	Vehicles & Parts > Vehicles > Motor Vehicles > Cars, Trucks & Vans	YV4L12UC5T2699710	https://www.bortonvolvocars.com/commercial-new/Volvo/2026-Volvo-XC40-In-Minneapolis-MN-660cbee6ac182f0fabb6333c33d432d1.htm?store={store_code}	SILVER	0 miles	XC40	YV4L12UC5T2699710	2026	47500 USD	81060	47500 USD	MI
YV4L12UCXT2703699	2026 Volvo XC40 B5 Plus	Volvo	https://www.bortonvolvocars.com/commercial-new/Volvo/2026-Volvo-XC40-In-Minneapolis-MN-660cc060ac1811fe324823e2ad26fe37.htm	47500 USD	2026 Cloud Blue Volvo XC40 B5 Plus 2.0L I-4 cyl For sale at Borton Volvo Cars in Golden Valley Minnesota.	https://images.dealer.com/ddc/vehicles/2026/Volvo/XC40/SUV/trim_B5_Plus_cccdb9/color/Cloud%20Blue-626-152%2C167%2C180-640-en_US.jpg	in stock	NEW	SUV	Vehicles & Parts > Vehicles > Motor Vehicles > Cars, Trucks & Vans	YV4L12UCXT2703699	https://www.bortonvolvocars.com/commercial-new/Volvo/2026-Volvo-XC40-In-Minneapolis-MN-660cc060ac1811fe324823e2ad26fe37.htm?store={store_code}	GRAY	0 miles	XC40	YV4L12UCXT2703699	2026	47500 USD	81060	47500 USD	MI
YV4L12UC1T2702862	2026 Volvo XC40 B5 Plus	Volvo	https://www.bortonvolvocars.com/commercial-new/Volvo/2026-Volvo-XC40-In-Minneapolis-MN-660cc225ac181c7ea8bbb837f2e29e3a.htm	47500 USD	2026 Cloud Blue Volvo XC40 B5 Plus 2.0L I-4 cyl For sale at Borton Volvo Cars in Golden Valley Minnesota.	https://images.dealer.com/ddc/vehicles/2026/Volvo/XC40/SUV/trim_B5_Plus_cccdb9/color/Cloud%20Blue-626-152%2C167%2C180-640-en_US.jpg	in stock	NEW	SUV	Vehicles & Parts > Vehicles > Motor Vehicles > Cars, Trucks & Vans	YV4L12UC1T2702862	https://www.bortonvolvocars.com/commercial-new/Volvo/2026-Volvo-XC40-In-Minneapolis-MN-660cc225ac181c7ea8bbb837f2e29e3a.htm?store={store_code}	GRAY	0 miles	XC40	YV4L12UC1T2702862	2026	47500 USD	81060	47500 USD	MI
YV4L12UC6T2656235	2026 Volvo XC40 B5 Plus	Volvo	https://www.bortonvolvocars.com/commercial-new/Volvo/2026-Volvo-XC40-In-Minneapolis-MN-665048d8ac18195e584d64e5fc901588.htm	46900 USD	2026 Onyx Black Volvo XC40 B5 Plus 2.0L I-4 cyl For sale at Borton Volvo Cars in Golden Valley Minnesota.	https://images.dealer.com/ddc/vehicles/2026/Volvo/XC40/SUV/trim_B5_Plus_cccdb9/color/Onyx%20Black-717-35%2C35%2C36-640-en_US.jpg	in stock	NEW	SUV	Vehicles & Parts > Vehicles > Motor Vehicles > Cars, Trucks & Vans	YV4L12UC6T2656235	https://www.bortonvolvocars.com/commercial-new/Volvo/2026-Volvo-XC40-In-Minneapolis-MN-665048d8ac18195e584d64e5fc901588.htm?store={store_code}	BLACK	0 miles	XC40	YV4L12UC6T2656235	2026	46900 USD	81060	46900 USD	MI
YV4L12UM8T2718050	2026 Volvo XC40 B5 Ultra	Volvo	https://www.bortonvolvocars.com/commercial-new/Volvo/2026-Volvo-XC40-In-Minneapolis-MN-66eb19e2ac182f0fabb6333c67126963.htm	50325 USD	2026 Crystal White Volvo XC40 B5 Ultra 2.0L I-4 cyl For sale at Borton Volvo Cars in Golden Valley Minnesota.	https://images.dealer.com/ddc/vehicles/2026/Volvo/XC40/SUV/trim_B5_Ultra_af9b11/color/Crystal%20White-707-229%2C230%2C230-640-en_US.jpg	in stock	NEW	SUV	Vehicles & Parts > Vehicles > Motor Vehicles > Cars, Trucks & Vans	YV4L12UM8T2718050	https://www.bortonvolvocars.com/commercial-new/Volvo/2026-Volvo-XC40-In-Minneapolis-MN-66eb19e2ac182f0fabb6333c67126963.htm?store={store_code}	WHITE	0 miles	XC40	YV4L12UM8T2718050	2026	50325 USD	81060	50325 USD	MI
YV4L12UK0T2717232	2026 Volvo XC40 B5 Core	Volvo	https://www.bortonvolvocars.com/commercial-new/Volvo/2026-Volvo-XC40-In-Minneapolis-MN-66eb2e8aac1848db300c54668d01cdac.htm	43895 USD	2026 Crystal White Volvo XC40 B5 Core 2.0L I-4 cyl For sale at Borton Volvo Cars in Golden Valley Minnesota.	https://images.dealer.com/ddc/vehicles/2026/Volvo/XC40/SUV/trim_B5_Core_b20b0f/color/Crystal%20White-707-229%2C230%2C230-640-en_US.jpg	in stock	NEW	SUV	Vehicles & Parts > Vehicles > Motor Vehicles > Cars, Trucks & Vans	YV4L12UK0T2717232	https://www.bortonvolvocars.com/commercial-new/Volvo/2026-Volvo-XC40-In-Minneapolis-MN-66eb2e8aac1848db300c54668d01cdac.htm?store={store_code}	WHITE	0 miles	XC40	YV4L12UK0T2717232	2026	43895 USD	81060	43895 USD	MI
YV4L12UC9T2656701	2026 Volvo XC40 B5 Plus	Volvo	https://www.bortonvolvocars.com/commercial-new/Volvo/2026-Volvo-XC40-In-Minneapolis-MN-6a9d1069ac1857da60b233d14012b753.htm	47500 USD	2026 Vapour Grey Volvo XC40 B5 Plus 2.0L I-4 cyl For sale at Borton Volvo Cars in Golden Valley Minnesota.	https://images.dealer.com/ddc/vehicles/2026/Volvo/XC40/SUV/trim_B5_Plus_cccdb9/color/Vapour%20Gray%20Metallic-740-66%2C72%2C75-640-en_US.jpg	in stock	NEW	SUV	Vehicles & Parts > Vehicles > Motor Vehicles > Cars, Trucks & Vans	YV4L12UC9T2656701	https://www.bortonvolvocars.com/commercial-new/Volvo/2026-Volvo-XC40-In-Minneapolis-MN-6a9d1069ac1857da60b233d14012b753.htm?store={store_code}	GRAY	0 miles	XC40	YV4L12UC9T2656701	2026	47500 USD	81060	47500 USD	MI
YV4L12UC4T2660395	2026 Volvo XC40 B5 Plus	Volvo	https://www.bortonvolvocars.com/commercial-new/Volvo/2026-Volvo-XC40-In-Minneapolis-MN-7a0c8cd8ac185337592d6ac734d9c31c.htm	47199 USD	2026 Aurora Silver Volvo XC40 B5 Plus 2.0L I-4 cyl For sale at Borton Volvo Cars in Golden Valley Minnesota.	https://images.dealer.com/ddc/vehicles/2026/Volvo/XC40/SUV/trim_B5_Plus_cccdb9/color/Aurora%20Silver-745-175%2C174%2C178-640-en_US.jpg	in stock	NEW	SUV	Vehicles & Parts > Vehicles > Motor Vehicles > Cars, Trucks & Vans	YV4L12UC4T2660395	https://www.bortonvolvocars.com/commercial-new/Volvo/2026-Volvo-XC40-In-Minneapolis-MN-7a0c8cd8ac185337592d6ac734d9c31c.htm?store={store_code}	SILVER	0 miles	XC40	YV4L12UC4T2660395	2026	47199 USD	81060	47199 USD	MI
YV4L12UM0T2720164	2026 Volvo XC40 B5 Ultra	Volvo	https://www.bortonvolvocars.com/commercial-new/Volvo/2026-Volvo-XC40-In-Minneapolis-MN-7aa8a779ac18223662107191dd0d02d2.htm	51325 USD	2026 Vapour Grey Volvo XC40 B5 Ultra 2.0L I-4 cyl For sale at Borton Volvo Cars in Golden Valley Minnesota.	https://images.dealer.com/ddc/vehicles/2026/Volvo/XC40/SUV/trim_B5_Ultra_af9b11/color/Vapour%20Gray%20Metallic-740-66%2C72%2C75-640-en_US.jpg	in stock	NEW	SUV	Vehicles & Parts > Vehicles > Motor Vehicles > Cars, Trucks & Vans	YV4L12UM0T2720164	https://www.bortonvolvocars.com/commercial-new/Volvo/2026-Volvo-XC40-In-Minneapolis-MN-7aa8a779ac18223662107191dd0d02d2.htm?store={store_code}	GRAY	0 miles	XC40	YV4L12UM0T2720164	2026	51325 USD	81060	51325 USD	MI
YV4L12UM2T2656967	2026 Volvo XC40 B5 Ultra	Volvo	https://www.bortonvolvocars.com/commercial-new/Volvo/2026-Volvo-XC40-In-Minneapolis-MN-7f2f53beac182c24ac29024fe080dd31.htm	50325 USD	2026 Vapour Grey Volvo XC40 B5 Ultra 2.0L I-4 cyl For sale at Borton Volvo Cars in Golden Valley Minnesota.	https://images.dealer.com/ddc/vehicles/2026/Volvo/XC40/SUV/trim_B5_Ultra_af9b11/color/Vapour%20Gray%20Metallic-740-66%2C72%2C75-640-en_US.jpg	in stock	NEW	SUV	Vehicles & Parts > Vehicles > Motor Vehicles > Cars, Trucks & Vans	YV4L12UM2T2656967	https://www.bortonvolvocars.com/commercial-new/Volvo/2026-Volvo-XC40-In-Minneapolis-MN-7f2f53beac182c24ac29024fe080dd31.htm?store={store_code}	GRAY	0 miles	XC40	YV4L12UM2T2656967	2026	50325 USD	81060	50325 USD	MI
YV4L12UC8T2660514	2026 Volvo XC40 B5 Plus	Volvo	https://www.bortonvolvocars.com/commercial-new/Volvo/2026-Volvo-XC40-In-Minneapolis-MN-846bd7aeac182c24ac29024f71806760.htm	46840 USD	2026 Aurora Silver Volvo XC40 B5 Plus 2.0L I-4 cyl For sale at Borton Volvo Cars in Golden Valley Minnesota.	https://images.dealer.com/ddc/vehicles/2026/Volvo/XC40/SUV/trim_B5_Plus_cccdb9/color/Aurora%20Silver-745-175%2C174%2C178-640-en_US.jpg	in stock	NEW	SUV	Vehicles & Parts > Vehicles > Motor Vehicles > Cars, Trucks & Vans	YV4L12UC8T2660514	https://www.bortonvolvocars.com/commercial-new/Volvo/2026-Volvo-XC40-In-Minneapolis-MN-846bd7aeac182c24ac29024f71806760.htm?store={store_code}	SILVER	0 miles	XC40	YV4L12UC8T2660514	2026	46840 USD	81060	46840 USD	MI
YV4L12UM9T2818321	2026 Volvo XC40 B5 Ultra	Volvo	https://www.bortonvolvocars.com/commercial-new/Volvo/2026-Volvo-XC40-In-Minneapolis-MN-8bd7adbaac185330e4dfe83e418ee8a9.htm	51435 USD	2026 Sand Dune Volvo XC40 B5 Ultra 2.0L I-4 cyl For sale at Borton Volvo Cars in Golden Valley Minnesota.	https://images.dealer.com/ddc/vehicles/2026/Volvo/XC40/SUV/trim_B5_Ultra_af9b11/color/Sand%20Dune%20Metallic-743-210%2C205%2C196-640-en_US.jpg	in stock	NEW	SUV	Vehicles & Parts > Vehicles > Motor Vehicles > Cars, Trucks & Vans	YV4L12UM9T2818321	https://www.bortonvolvocars.com/commercial-new/Volvo/2026-Volvo-XC40-In-Minneapolis-MN-8bd7adbaac185330e4dfe83e418ee8a9.htm?store={store_code}	BEIGE	0 miles	XC40	YV4L12UM9T2818321	2026	51435 USD	81060	51435 USD	MI
YV4L12UD1T2864242	2026 Volvo XC40 B5 Ultra Black Edition	Volvo	https://www.bortonvolvocars.com/commercial-new/Volvo/2026-Volvo-XC40-In-Minneapolis-MN-9510de50ac184121ce021fae91d5da01.htm	51860 USD	2026 Onyx Black Volvo XC40 B5 Ultra Black Edition 2.0L I-4 cyl For sale at Borton Volvo Cars in Golden Valley Minnesota.	https://images.dealer.com/ddc/vehicles/2026/Volvo/XC40/SUV/trim_B5_Ultra_Black_Edition_22258c/color/Onyx%20Black-717-35%2C35%2C36-640-en_US.jpg	in stock	NEW	SUV	Vehicles & Parts > Vehicles > Motor Vehicles > Cars, Trucks & Vans	YV4L12UD1T2864242	https://www.bortonvolvocars.com/commercial-new/Volvo/2026-Volvo-XC40-In-Minneapolis-MN-9510de50ac184121ce021fae91d5da01.htm?store={store_code}	BLACK	0 miles	XC40	YV4L12UD1T2864242	2026	51860 USD	81060	51860 USD	MI
YV4L12UC8T2864424	2026 Volvo XC40 B5 Plus	Volvo	https://www.bortonvolvocars.com/commercial-new/Volvo/2026-Volvo-XC40-In-Minneapolis-MN-9510e08dac180aac8449eac696a42731.htm	47610 USD	2026 Vapour Grey Volvo XC40 B5 Plus 2.0L I-4 cyl For sale at Borton Volvo Cars in Golden Valley Minnesota.	https://images.dealer.com/ddc/vehicles/2026/Volvo/XC40/SUV/trim_B5_Plus_cccdb9/color/Vapour%20Gray%20Metallic-740-66%2C72%2C75-640-en_US.jpg	in stock	NEW	SUV	Vehicles & Parts > Vehicles > Motor Vehicles > Cars, Trucks & Vans	YV4L12UC8T2864424	https://www.bortonvolvocars.com/commercial-new/Volvo/2026-Volvo-XC40-In-Minneapolis-MN-9510e08dac180aac8449eac696a42731.htm?store={store_code}	GRAY	0 miles	XC40	YV4L12UC8T2864424	2026	47610 USD	81060	47610 USD	MI
YV4L12UJXT2858574	2026 Volvo XC40 B5 Core	Volvo	https://www.bortonvolvocars.com/commercial-new/Volvo/2026-Volvo-XC40-In-Minneapolis-MN-9510f104ac185d005aaedd20dbc8638c.htm	44660 USD	2026 Vapour Grey Volvo XC40 B5 Core 2.0L I-4 cyl For sale at Borton Volvo Cars in Golden Valley Minnesota.	https://images.dealer.com/ddc/vehicles/2026/Volvo/XC40/SUV/trim_B5_Core_b20b0f/color/Vapour%20Gray%20Metallic-740-66%2C72%2C75-640-en_US.jpg	in stock	NEW	SUV	Vehicles & Parts > Vehicles > Motor Vehicles > Cars, Trucks & Vans	YV4L12UJXT2858574	https://www.bortonvolvocars.com/commercial-new/Volvo/2026-Volvo-XC40-In-Minneapolis-MN-9510f104ac185d005aaedd20dbc8638c.htm?store={store_code}	GRAY	0 miles	XC40	YV4L12UJXT2858574	2026	44660 USD	81060	44660 USD	MI
YV4L12UC9T2760072	2026 Volvo XC40 B5 Plus	Volvo	https://www.bortonvolvocars.com/commercial-new/Volvo/2026-Volvo-XC40-In-Minneapolis-MN-95e20d93ac180aaef01b6797609bed01.htm	47610 USD	2026 Crystal White Volvo XC40 B5 Plus 2.0L I-4 cyl For sale at Borton Volvo Cars in Golden Valley Minnesota.	https://images.dealer.com/ddc/vehicles/2026/Volvo/XC40/SUV/trim_B5_Plus_cccdb9/color/Crystal%20White-707-229%2C230%2C230-640-en_US.jpg	in stock	NEW	SUV	Vehicles & Parts > Vehicles > Motor Vehicles > Cars, Trucks & Vans	YV4L12UC9T2760072	https://www.bortonvolvocars.com/commercial-new/Volvo/2026-Volvo-XC40-In-Minneapolis-MN-95e20d93ac180aaef01b6797609bed01.htm?store={store_code}	WHITE	0 miles	XC40	YV4L12UC9T2760072	2026	47610 USD	81060	47610 USD	MI
YV4L12UJ0T2747628	2026 Volvo XC40 B5 Core	Volvo	https://www.bortonvolvocars.com/commercial-new/Volvo/2026-Volvo-XC40-In-Minneapolis-MN-97fce7bfac181d083fdfe8a16c5ebe4b.htm	44550 USD	2026 Onyx Black Volvo XC40 B5 Core 2.0L I-4 cyl For sale at Borton Volvo Cars in Golden Valley Minnesota.	https://images.dealer.com/ddc/vehicles/2026/Volvo/XC40/SUV/trim_B5_Core_b20b0f/color/Onyx%20Black-717-35%2C35%2C36-640-en_US.jpg	in stock	NEW	SUV	Vehicles & Parts > Vehicles > Motor Vehicles > Cars, Trucks & Vans	YV4L12UJ0T2747628	https://www.bortonvolvocars.com/commercial-new/Volvo/2026-Volvo-XC40-In-Minneapolis-MN-97fce7bfac181d083fdfe8a16c5ebe4b.htm?store={store_code}	BLACK	0 miles	XC40	YV4L12UJ0T2747628	2026	44550 USD	81060	44550 USD	MI
YV4L12UJ2T2767931	2026 Volvo XC40 B5 Core	Volvo	https://www.bortonvolvocars.com/commercial-new/Volvo/2026-Volvo-XC40-In-Minneapolis-MN-998f26c5ac184d0115f7ddcff30998f9.htm	44660 USD	2026 Denim Blue Volvo XC40 B5 Core 2.0L I-4 cyl For sale at Borton Volvo Cars in Golden Valley Minnesota.	https://images.dealer.com/ddc/vehicles/2026/Volvo/XC40/SUV/trim_B5_Core_b20b0f/color/Denim%20Blue-723-38%2C54%2C70-640-en_US.jpg	in stock	NEW	SUV	Vehicles & Parts > Vehicles > Motor Vehicles > Cars, Trucks & Vans	YV4L12UJ2T2767931	https://www.bortonvolvocars.com/commercial-new/Volvo/2026-Volvo-XC40-In-Minneapolis-MN-998f26c5ac184d0115f7ddcff30998f9.htm?store={store_code}	BLUE	0 miles	XC40	YV4L12UJ2T2767931	2026	44660 USD	81060	44660 USD	MI
YV4L12UC3T2723907	2026 Volvo XC40 B5 Plus	Volvo	https://www.bortonvolvocars.com/commercial-new/Volvo/2026-Volvo-XC40-In-Minneapolis-MN-999153ffac185540a18f331606e3cc87.htm	47950 USD	2026 Crystal White Volvo XC40 B5 Plus 2.0L I-4 cyl For sale at Borton Volvo Cars in Golden Valley Minnesota.	https://images.dealer.com/ddc/vehicles/2026/Volvo/XC40/SUV/trim_B5_Plus_cccdb9/color/Crystal%20White-707-229%2C230%2C230-640-en_US.jpg	in stock	NEW	SUV	Vehicles & Parts > Vehicles > Motor Vehicles > Cars, Trucks & Vans	YV4L12UC3T2723907	https://www.bortonvolvocars.com/commercial-new/Volvo/2026-Volvo-XC40-In-Minneapolis-MN-999153ffac185540a18f331606e3cc87.htm?store={store_code}	WHITE	0 miles	XC40	YV4L12UC3T2723907	2026	47950 USD	81060	47950 USD	MI
YV4L12UC5T2821577	2026 Volvo XC40 B5 Plus	Volvo	https://www.bortonvolvocars.com/commercial-new/Volvo/2026-Volvo-XC40-In-Minneapolis-MN-b258e1e0ac181734323613c62d239647.htm	47610 USD	2026 Crystal White Volvo XC40 B5 Plus 2.0L I-4 cyl For sale at Borton Volvo Cars in Golden Valley Minnesota.	https://images.dealer.com/ddc/vehicles/2026/Volvo/XC40/SUV/trim_B5_Plus_cccdb9/color/Crystal%20White-707-229%2C230%2C230-640-en_US.jpg	in stock	NEW	SUV	Vehicles & Parts > Vehicles > Motor Vehicles > Cars, Trucks & Vans	YV4L12UC5T2821577	https://www.bortonvolvocars.com/commercial-new/Volvo/2026-Volvo-XC40-In-Minneapolis-MN-b258e1e0ac181734323613c62d239647.htm?store={store_code}	WHITE	0 miles	XC40	YV4L12UC5T2821577	2026	47610 USD	81060	47610 USD	MI
YV4L12UC6T2823130	2026 Volvo XC40 B5 Plus	Volvo	https://www.bortonvolvocars.com/commercial-new/Volvo/2026-Volvo-XC40-In-Minneapolis-MN-b258fbcdac180a40e7072273c69947e3.htm	47610 USD	2026 Cloud Blue Volvo XC40 B5 Plus 2.0L I-4 cyl For sale at Borton Volvo Cars in Golden Valley Minnesota.	https://images.dealer.com/ddc/vehicles/2026/Volvo/XC40/SUV/trim_B5_Plus_cccdb9/color/Cloud%20Blue-626-152%2C167%2C180-640-en_US.jpg	in stock	NEW	SUV	Vehicles & Parts > Vehicles > Motor Vehicles > Cars, Trucks & Vans	YV4L12UC6T2823130	https://www.bortonvolvocars.com/commercial-new/Volvo/2026-Volvo-XC40-In-Minneapolis-MN-b258fbcdac180a40e7072273c69947e3.htm?store={store_code}	GRAY	0 miles	XC40	YV4L12UC6T2823130	2026	47610 USD	81060	47610 USD	MI
YV4L12UCXT2760212	2026 Volvo XC40 B5 Plus	Volvo	https://www.bortonvolvocars.com/commercial-new/Volvo/2026-Volvo-XC40-In-Minneapolis-MN-ba394818ac1852b0d28ee18afdeb5fd2.htm	47610 USD	2026 Crystal White Volvo XC40 B5 Plus 2.0L I-4 cyl For sale at Borton Volvo Cars in Golden Valley Minnesota.	https://images.dealer.com/ddc/vehicles/2026/Volvo/XC40/SUV/trim_B5_Plus_cccdb9/color/Crystal%20White-707-229%2C230%2C230-640-en_US.jpg	in stock	NEW	SUV	Vehicles & Parts > Vehicles > Motor Vehicles > Cars, Trucks & Vans	YV4L12UCXT2760212	https://www.bortonvolvocars.com/commercial-new/Volvo/2026-Volvo-XC40-In-Minneapolis-MN-ba394818ac1852b0d28ee18afdeb5fd2.htm?store={store_code}	WHITE	0 miles	XC40	YV4L12UCXT2760212	2026	47610 USD	81060	47610 USD	MI
YV4L12UC1T2759725	2026 Volvo XC40 B5 Plus	Volvo	https://www.bortonvolvocars.com/commercial-new/Volvo/2026-Volvo-XC40-In-Minneapolis-MN-ba396547ac184e44d9d42ee5062f5080.htm	47610 USD	2026 Onyx Black Volvo XC40 B5 Plus 2.0L I-4 cyl For sale at Borton Volvo Cars in Golden Valley Minnesota.	https://images.dealer.com/ddc/vehicles/2026/Volvo/XC40/SUV/trim_B5_Plus_cccdb9/color/Onyx%20Black-717-35%2C35%2C36-640-en_US.jpg	in stock	NEW	SUV	Vehicles & Parts > Vehicles > Motor Vehicles > Cars, Trucks & Vans	YV4L12UC1T2759725	https://www.bortonvolvocars.com/commercial-new/Volvo/2026-Volvo-XC40-In-Minneapolis-MN-ba396547ac184e44d9d42ee5062f5080.htm?store={store_code}	BLACK	0 miles	XC40	YV4L12UC1T2759725	2026	47610 USD	81060	47610 USD	MI
YV4L12UC0T2759621	2026 Volvo XC40 B5 Plus	Volvo	https://www.bortonvolvocars.com/commercial-new/Volvo/2026-Volvo-XC40-In-Minneapolis-MN-ba396900ac182c5f7e3913ddb9ecc303.htm	47610 USD	2026 Cloud Blue Volvo XC40 B5 Plus 2.0L I-4 cyl For sale at Borton Volvo Cars in Golden Valley Minnesota.	https://images.dealer.com/ddc/vehicles/2026/Volvo/XC40/SUV/trim_B5_Plus_cccdb9/color/Cloud%20Blue-626-152%2C167%2C180-640-en_US.jpg	in stock	NEW	SUV	Vehicles & Parts > Vehicles > Motor Vehicles > Cars, Trucks & Vans	YV4L12UC0T2759621	https://www.bortonvolvocars.com/commercial-new/Volvo/2026-Volvo-XC40-In-Minneapolis-MN-ba396900ac182c5f7e3913ddb9ecc303.htm?store={store_code}	GRAY	0 miles	XC40	YV4L12UC0T2759621	2026	47610 USD	81060	47610 USD	MI
YV4L12UCXT2666511	2026 Volvo XC40 B5 Plus	Volvo	https://www.bortonvolvocars.com/commercial-new/Volvo/2026-Volvo-XC40-In-Minneapolis-MN-c226cfe3ac181738077bc8b07a4fd2bf.htm	46700 USD	2026 Cloud Blue Volvo XC40 B5 Plus 2.0L I-4 cyl For sale at Borton Volvo Cars in Golden Valley Minnesota.	https://images.dealer.com/ddc/vehicles/2026/Volvo/XC40/SUV/trim_B5_Plus_cccdb9/color/Cloud%20Blue-626-152%2C167%2C180-640-en_US.jpg	in stock	NEW	SUV	Vehicles & Parts > Vehicles > Motor Vehicles > Cars, Trucks & Vans	YV4L12UCXT2666511	https://www.bortonvolvocars.com/commercial-new/Volvo/2026-Volvo-XC40-In-Minneapolis-MN-c226cfe3ac181738077bc8b07a4fd2bf.htm?store={store_code}	GRAY	0 miles	XC40	YV4L12UCXT2666511	2026	46700 USD	81060	46700 USD	MI
YV4L12UC6T2667087	2026 Volvo XC40 B5 Plus	Volvo	https://www.bortonvolvocars.com/commercial-new/Volvo/2026-Volvo-XC40-In-Minneapolis-MN-c7461cefac1827f5af8e51a5557c19cf.htm	47500 USD	2026 Cloud Blue Volvo XC40 B5 Plus 2.0L I-4 cyl For sale at Borton Volvo Cars in Golden Valley Minnesota.	https://images.dealer.com/ddc/vehicles/2026/Volvo/XC40/SUV/trim_B5_Plus_cccdb9/color/Cloud%20Blue-626-152%2C167%2C180-640-en_US.jpg	in stock	NEW	SUV	Vehicles & Parts > Vehicles > Motor Vehicles > Cars, Trucks & Vans	YV4L12UC6T2667087	https://www.bortonvolvocars.com/commercial-new/Volvo/2026-Volvo-XC40-In-Minneapolis-MN-c7461cefac1827f5af8e51a5557c19cf.htm?store={store_code}	GRAY	0 miles	XC40	YV4L12UC6T2667087	2026	47500 USD	81060	47500 USD	MI
YV4L12UC1T2667157	2026 Volvo XC40 B5 Plus	Volvo	https://www.bortonvolvocars.com/commercial-new/Volvo/2026-Volvo-XC40-In-Minneapolis-MN-c7461edeac183d5c47ce29799d50efd8.htm	47500 USD	2026 Cloud Blue Volvo XC40 B5 Plus 2.0L I-4 cyl For sale at Borton Volvo Cars in Golden Valley Minnesota.	https://images.dealer.com/ddc/vehicles/2026/Volvo/XC40/SUV/trim_B5_Plus_cccdb9/color/Cloud%20Blue-626-152%2C167%2C180-640-en_US.jpg	in stock	NEW	SUV	Vehicles & Parts > Vehicles > Motor Vehicles > Cars, Trucks & Vans	YV4L12UC1T2667157	https://www.bortonvolvocars.com/commercial-new/Volvo/2026-Volvo-XC40-In-Minneapolis-MN-c7461edeac183d5c47ce29799d50efd8.htm?store={store_code}	GRAY	0 miles	XC40	YV4L12UC1T2667157	2026	47500 USD	81060	47500 USD	MI
YV4L12UM1T2730587	2026 Volvo XC40 B5 Ultra	Volvo	https://www.bortonvolvocars.com/commercial-new/Volvo/2026-Volvo-XC40-In-Minneapolis-MN-d2437a89ac1821d1dfd7e2a0207bdbcf.htm	51325 USD	2026 Denim Blue Volvo XC40 B5 Ultra 2.0L I-4 cyl For sale at Borton Volvo Cars in Golden Valley Minnesota.	https://images.dealer.com/ddc/vehicles/2026/Volvo/XC40/SUV/trim_B5_Ultra_af9b11/color/Denim%20Blue-723-38%2C54%2C70-640-en_US.jpg	in stock	NEW	SUV	Vehicles & Parts > Vehicles > Motor Vehicles > Cars, Trucks & Vans	YV4L12UM1T2730587	https://www.bortonvolvocars.com/commercial-new/Volvo/2026-Volvo-XC40-In-Minneapolis-MN-d2437a89ac1821d1dfd7e2a0207bdbcf.htm?store={store_code}	BLUE	0 miles	XC40	YV4L12UM1T2730587	2026	51325 USD	81060	51325 USD	MI
YV4L12UC3T2729366	2026 Volvo XC40 B5 Plus	Volvo	https://www.bortonvolvocars.com/commercial-new/Volvo/2026-Volvo-XC40-In-Minneapolis-MN-e5520940ac1839ffd61117da483f81f2.htm	47500 USD	2026 Aurora Silver Volvo XC40 B5 Plus 2.0L I-4 cyl For sale at Borton Volvo Cars in Golden Valley Minnesota.	https://images.dealer.com/ddc/vehicles/2026/Volvo/XC40/SUV/trim_B5_Plus_cccdb9/color/Aurora%20Silver-745-175%2C174%2C178-640-en_US.jpg	in stock	NEW	SUV	Vehicles & Parts > Vehicles > Motor Vehicles > Cars, Trucks & Vans	YV4L12UC3T2729366	https://www.bortonvolvocars.com/commercial-new/Volvo/2026-Volvo-XC40-In-Minneapolis-MN-e5520940ac1839ffd61117da483f81f2.htm?store={store_code}	SILVER	0 miles	XC40	YV4L12UC3T2729366	2026	47500 USD	81060	47500 USD	MI
YV4L12UC4T2777457	2026 Volvo XC40 B5 Plus	Volvo	https://www.bortonvolvocars.com/commercial-new/Volvo/2026-Volvo-XC40-In-Minneapolis-MN-e831f418ac1837f53f8606c66286f5a9.htm	47395 USD	2026 Aurora Silver Volvo XC40 B5 Plus 2.0L I-4 cyl For sale at Borton Volvo Cars in Golden Valley Minnesota.	https://images.dealer.com/ddc/vehicles/2026/Volvo/XC40/SUV/trim_B5_Plus_cccdb9/color/Aurora%20Silver-745-175%2C174%2C178-640-en_US.jpg	in stock	NEW	SUV	Vehicles & Parts > Vehicles > Motor Vehicles > Cars, Trucks & Vans	YV4L12UC4T2777457	https://www.bortonvolvocars.com/commercial-new/Volvo/2026-Volvo-XC40-In-Minneapolis-MN-e831f418ac1837f53f8606c66286f5a9.htm?store={store_code}	SILVER	0 miles	XC40	YV4L12UC4T2777457	2026	47395 USD	81060	47395 USD	MI
YV4L12UJ2T2755682	2026 Volvo XC40 B5 Core	Volvo	https://www.bortonvolvocars.com/commercial-new/Volvo/2026-Volvo-XC40-In-Minneapolis-MN-ea743131ac18581a9abd1ec1cc722b08.htm	44435 USD	2026 Forest Lake Volvo XC40 B5 Core 2.0L I-4 cyl For sale at Borton Volvo Cars in Golden Valley Minnesota.	https://images.dealer.com/ddc/vehicles/2026/Volvo/XC40/SUV/trim_B5_Core_b20b0f/color/Forest%20Lake-746-64%2C74%2C74-640-en_US.jpg	in stock	NEW	SUV	Vehicles & Parts > Vehicles > Motor Vehicles > Cars, Trucks & Vans	YV4L12UJ2T2755682	https://www.bortonvolvocars.com/commercial-new/Volvo/2026-Volvo-XC40-In-Minneapolis-MN-ea743131ac18581a9abd1ec1cc722b08.htm?store={store_code}	GREEN	39 miles	XC40	YV4L12UJ2T2755682	2026	44435 USD	81060	44435 USD	MI
YV4L12UC8T2730660	2026 Volvo XC40 B5 Plus	Volvo	https://www.bortonvolvocars.com/commercial-new/Volvo/2026-Volvo-XC40-In-Minneapolis-MN-f2efd10fac181130ee82a3452d706ca8.htm	46500 USD	2026 Crystal White Volvo XC40 B5 Plus 2.0L I-4 cyl For sale at Borton Volvo Cars in Golden Valley Minnesota.	https://images.dealer.com/ddc/vehicles/2026/Volvo/XC40/SUV/trim_B5_Plus_cccdb9/color/Crystal%20White-707-229%2C230%2C230-640-en_US.jpg	in stock	NEW	SUV	Vehicles & Parts > Vehicles > Motor Vehicles > Cars, Trucks & Vans	YV4L12UC8T2730660	https://www.bortonvolvocars.com/commercial-new/Volvo/2026-Volvo-XC40-In-Minneapolis-MN-f2efd10fac181130ee82a3452d706ca8.htm?store={store_code}	WHITE	0 miles	XC40	YV4L12UC8T2730660	2026	46500 USD	81060	46500 USD	MI
YV4M12RC5T1403314	2026 Volvo XC60 B5 Plus	Volvo	https://www.bortonvolvocars.com/commercial-new/Volvo/2026-Volvo-XC60-In-Minneapolis-MN-11f131e3ac184236e10863afdf11a5eb.htm	56585 USD	2026 Onyx Black Volvo XC60 B5 Plus 2.0L I-4 cyl For sale at Borton Volvo Cars in Golden Valley Minnesota.	https://images.dealer.com/ddc/vehicles/2026/Volvo/XC60/SUV/trim_B5_Plus_57a4b2/color/Onyx%20Black%20Metallic-717-35%2C35%2C36-640-en_US.jpg	in stock	NEW	SUV	Vehicles & Parts > Vehicles > Motor Vehicles > Cars, Trucks & Vans	YV4M12RC5T1403314	https://www.bortonvolvocars.com/commercial-new/Volvo/2026-Volvo-XC60-In-Minneapolis-MN-11f131e3ac184236e10863afdf11a5eb.htm?store={store_code}	BLACK	0 miles	XC60	YV4M12RC5T1403314	2026	56585 USD	81060	56585 USD	MI
YV4M12RD7T1404067	2026 Volvo XC60 B5 Ultra Black Edition	Volvo	https://www.bortonvolvocars.com/commercial-new/Volvo/2026-Volvo-XC60-In-Minneapolis-MN-1706edfaac185ff845e3b372622aceef.htm	67915 USD	2026 Crystal White Volvo XC60 B5 Ultra Black Edition 2.0L I-4 cyl For sale at Borton Volvo Cars in Golden Valley Minnesota.	https://images.dealer.com/ddc/vehicles/2026/Volvo/XC60/SUV/trim_B5_Ultra_Black_Edition_682a23/color/Crystal%20White%20Metallic-707-229%2C230%2C230-640-en_US.jpg	in stock	NEW	SUV	Vehicles & Parts > Vehicles > Motor Vehicles > Cars, Trucks & Vans	YV4M12RD7T1404067	https://www.bortonvolvocars.com/commercial-new/Volvo/2026-Volvo-XC60-In-Minneapolis-MN-1706edfaac185ff845e3b372622aceef.htm?store={store_code}	WHITE	0 miles	XC60	YV4M12RD7T1404067	2026	67915 USD	81060	67915 USD	MI
YV4M12RC5T1404351	2026 Volvo XC60 B5 Plus	Volvo	https://www.bortonvolvocars.com/commercial-new/Volvo/2026-Volvo-XC60-In-Minneapolis-MN-18c29177ac184236e10863af1462a2d1.htm	56585 USD	2026 Aurora Silver Volvo XC60 B5 Plus 2.0L I-4 cyl For sale at Borton Volvo Cars in Golden Valley Minnesota.	https://images.dealer.com/ddc/vehicles/2026/Volvo/XC60/SUV/trim_B5_Plus_57a4b2/color/Aurora%20Silver-745-175%2C174%2C178-640-en_US.jpg	in stock	NEW	SUV	Vehicles & Parts > Vehicles > Motor Vehicles > Cars, Trucks & Vans	YV4M12RC5T1404351	https://www.bortonvolvocars.com/commercial-new/Volvo/2026-Volvo-XC60-In-Minneapolis-MN-18c29177ac184236e10863af1462a2d1.htm?store={store_code}	SILVER	0 miles	XC60	YV4M12RC5T1404351	2026	56585 USD	81060	56585 USD	MI
YV4M12RC7T1429722	2026 Volvo XC60 B5 Plus	Volvo	https://www.bortonvolvocars.com/commercial-new/Volvo/2026-Volvo-XC60-In-Minneapolis-MN-23370e99ac180948ad569815d0c94851.htm	56705 USD	2026 Aurora Silver Volvo XC60 B5 Plus 2.0L I-4 cyl For sale at Borton Volvo Cars in Golden Valley Minnesota.	https://images.dealer.com/ddc/vehicles/2026/Volvo/XC60/SUV/trim_B5_Plus_57a4b2/color/Aurora%20Silver-745-175%2C174%2C178-640-en_US.jpg	in stock	NEW	SUV	Vehicles & Parts > Vehicles > Motor Vehicles > Cars, Trucks & Vans	YV4M12RC7T1429722	https://www.bortonvolvocars.com/commercial-new/Volvo/2026-Volvo-XC60-In-Minneapolis-MN-23370e99ac180948ad569815d0c94851.htm?store={store_code}	SILVER	0 miles	XC60	YV4M12RC7T1429722	2026	56705 USD	81060	56705 USD	MI
YV4M12RC6T1432515	2026 Volvo XC60 B5 Plus	Volvo	https://www.bortonvolvocars.com/commercial-new/Volvo/2026-Volvo-XC60-In-Minneapolis-MN-233711b2ac184b11b2d29e4fb426ba2c.htm	56705 USD	2026 Onyx Black Volvo XC60 B5 Plus 2.0L I-4 cyl For sale at Borton Volvo Cars in Golden Valley Minnesota.	https://images.dealer.com/ddc/vehicles/2026/Volvo/XC60/SUV/trim_B5_Plus_57a4b2/color/Onyx%20Black%20Metallic-717-35%2C35%2C36-640-en_US.jpg	in stock	NEW	SUV	Vehicles & Parts > Vehicles > Motor Vehicles > Cars, Trucks & Vans	YV4M12RC6T1432515	https://www.bortonvolvocars.com/commercial-new/Volvo/2026-Volvo-XC60-In-Minneapolis-MN-233711b2ac184b11b2d29e4fb426ba2c.htm?store={store_code}	BLACK	0 miles	XC60	YV4M12RC6T1432515	2026	56705 USD	81060	56705 USD	MI
YV4M12RC3T1429801	2026 Volvo XC60 B5 Plus	Volvo	https://www.bortonvolvocars.com/commercial-new/Volvo/2026-Volvo-XC60-In-Minneapolis-MN-23371208ac18220eae8536aba63d94b3.htm	56705 USD	2026 Aurora Silver Volvo XC60 B5 Plus 2.0L I-4 cyl For sale at Borton Volvo Cars in Golden Valley Minnesota.	https://images.dealer.com/ddc/vehicles/2026/Volvo/XC60/SUV/trim_B5_Plus_57a4b2/color/Aurora%20Silver-745-175%2C174%2C178-640-en_US.jpg	in stock	NEW	SUV	Vehicles & Parts > Vehicles > Motor Vehicles > Cars, Trucks & Vans	YV4M12RC3T1429801	https://www.bortonvolvocars.com/commercial-new/Volvo/2026-Volvo-XC60-In-Minneapolis-MN-23371208ac18220eae8536aba63d94b3.htm?store={store_code}	SILVER	0 miles	XC60	YV4M12RC3T1429801	2026	56705 USD	81060	56705 USD	MI
YV4M12RC4T1431315	2026 Volvo XC60 B5 Plus	Volvo	https://www.bortonvolvocars.com/commercial-new/Volvo/2026-Volvo-XC60-In-Minneapolis-MN-2337136aac1820cc81a6f54f16cd1b28.htm	56705 USD	2026 Denim Blue Volvo XC60 B5 Plus 2.0L I-4 cyl For sale at Borton Volvo Cars in Golden Valley Minnesota.	https://images.dealer.com/ddc/vehicles/2026/Volvo/XC60/SUV/trim_B5_Plus_57a4b2/color/Denim%20Blue%20Metallic-723-38%2C54%2C70-640-en_US.jpg	in stock	NEW	SUV	Vehicles & Parts > Vehicles > Motor Vehicles > Cars, Trucks & Vans	YV4M12RC4T1431315	https://www.bortonvolvocars.com/commercial-new/Volvo/2026-Volvo-XC60-In-Minneapolis-MN-2337136aac1820cc81a6f54f16cd1b28.htm?store={store_code}	BLUE	0 miles	XC60	YV4M12RC4T1431315	2026	56705 USD	81060	56705 USD	MI
YV4M12RC4T1428740	2026 Volvo XC60 B5 Plus	Volvo	https://www.bortonvolvocars.com/commercial-new/Volvo/2026-Volvo-XC60-In-Minneapolis-MN-233783d7ac185a88a5c1d854b415c970.htm	55705 USD	2026 Crystal White Volvo XC60 B5 Plus 2.0L I-4 cyl For sale at Borton Volvo Cars in Golden Valley Minnesota.	https://images.dealer.com/ddc/vehicles/2026/Volvo/XC60/SUV/trim_B5_Plus_57a4b2/color/Crystal%20White%20Metallic-707-229%2C230%2C230-640-en_US.jpg	in stock	NEW	SUV	Vehicles & Parts > Vehicles > Motor Vehicles > Cars, Trucks & Vans	YV4M12RC4T1428740	https://www.bortonvolvocars.com/commercial-new/Volvo/2026-Volvo-XC60-In-Minneapolis-MN-233783d7ac185a88a5c1d854b415c970.htm?store={store_code}	WHITE	0 miles	XC60	YV4M12RC4T1428740	2026	55705 USD	81060	55705 USD	MI
YV4M12RC9T1407799	2026 Volvo XC60 B5 Plus	Volvo	https://www.bortonvolvocars.com/commercial-new/Volvo/2026-Volvo-XC60-In-Minneapolis-MN-347c2d7aac185670ff0eaf89b8a0370c.htm	55585 USD	2026 Aurora Silver Volvo XC60 B5 Plus 2.0L I-4 cyl For sale at Borton Volvo Cars in Golden Valley Minnesota.	https://images.dealer.com/ddc/vehicles/2026/Volvo/XC60/SUV/trim_B5_Plus_57a4b2/color/Aurora%20Silver-745-175%2C174%2C178-640-en_US.jpg	in stock	NEW	SUV	Vehicles & Parts > Vehicles > Motor Vehicles > Cars, Trucks & Vans	YV4M12RC9T1407799	https://www.bortonvolvocars.com/commercial-new/Volvo/2026-Volvo-XC60-In-Minneapolis-MN-347c2d7aac185670ff0eaf89b8a0370c.htm?store={store_code}	SILVER	0 miles	XC60	YV4M12RC9T1407799	2026	55585 USD	81060	55585 USD	MI
YV4M12RC2T1439283	2026 Volvo XC60 B5 Plus	Volvo	https://www.bortonvolvocars.com/commercial-new/Volvo/2026-Volvo-XC60-In-Minneapolis-MN-37c9174fac18052e83cad25e547a8b40.htm	57725 USD	2026 Denim Blue Volvo XC60 B5 Plus 2.0L I-4 cyl For sale at Borton Volvo Cars in Golden Valley Minnesota.	https://images.dealer.com/ddc/vehicles/2026/Volvo/XC60/SUV/trim_B5_Plus_57a4b2/color/Denim%20Blue%20Metallic-723-38%2C54%2C70-640-en_US.jpg	in stock	NEW	SUV	Vehicles & Parts > Vehicles > Motor Vehicles > Cars, Trucks & Vans	YV4M12RC2T1439283	https://www.bortonvolvocars.com/commercial-new/Volvo/2026-Volvo-XC60-In-Minneapolis-MN-37c9174fac18052e83cad25e547a8b40.htm?store={store_code}	BLUE	0 miles	XC60	YV4M12RC2T1439283	2026	57725 USD	81060	57725 USD	MI
YV4M12RC4T1340948	2026 Volvo XC60 B5 Plus	Volvo	https://www.bortonvolvocars.com/commercial-new/Volvo/2026-Volvo-XC60-In-Minneapolis-MN-46869a48ac180e13da5ab05d9cda7db8.htm	55045 USD	2026 Crystal White Volvo XC60 B5 Plus 2.0L I-4 cyl For sale at Borton Volvo Cars in Golden Valley Minnesota.	https://images.dealer.com/ddc/vehicles/2026/Volvo/XC60/SUV/trim_B5_Plus_57a4b2/color/Crystal%20White%20Metallic-707-229%2C230%2C230-640-en_US.jpg	in stock	NEW	SUV	Vehicles & Parts > Vehicles > Motor Vehicles > Cars, Trucks & Vans	YV4M12RC4T1340948	https://www.bortonvolvocars.com/commercial-new/Volvo/2026-Volvo-XC60-In-Minneapolis-MN-46869a48ac180e13da5ab05d9cda7db8.htm?store={store_code}	WHITE	0 miles	XC60	YV4M12RC4T1340948	2026	55045 USD	81060	55045 USD	MI
YV4M12RC2T1494123	2026 Volvo XC60 B5 Plus	Volvo	https://www.bortonvolvocars.com/commercial-new/Volvo/2026-Volvo-XC60-In-Minneapolis-MN-47f9ef6bac182fab6af0ddda756db055.htm	56705 USD	2026 Aurora Silver Volvo XC60 B5 Plus 2.0L I-4 cyl For sale at Borton Volvo Cars in Golden Valley Minnesota.	https://images.dealer.com/ddc/vehicles/2026/Volvo/XC60/SUV/trim_B5_Plus_57a4b2/color/Aurora%20Silver-745-175%2C174%2C178-640-en_US.jpg	in stock	NEW	SUV	Vehicles & Parts > Vehicles > Motor Vehicles > Cars, Trucks & Vans	YV4M12RC2T1494123	https://www.bortonvolvocars.com/commercial-new/Volvo/2026-Volvo-XC60-In-Minneapolis-MN-47f9ef6bac182fab6af0ddda756db055.htm?store={store_code}	SILVER	0 miles	XC60	YV4M12RC2T1494123	2026	56705 USD	81060	56705 USD	MI
YV4M12RM1T1493876	2026 Volvo XC60 B5 Ultra	Volvo	https://www.bortonvolvocars.com/commercial-new/Volvo/2026-Volvo-XC60-In-Minneapolis-MN-47f9f682ac181802d8ffc503355588b6.htm	62655 USD	2026 Vapour Grey Volvo XC60 B5 Ultra 2.0L I-4 cyl For sale at Borton Volvo Cars in Golden Valley Minnesota.	https://images.dealer.com/ddc/vehicles/2026/Volvo/XC60/SUV/trim_B5_Ultra_0f1ae1/color/Vapour%20Gray%20Metallic-740-66%2C72%2C75-640-en_US.jpg	in stock	NEW	SUV	Vehicles & Parts > Vehicles > Motor Vehicles > Cars, Trucks & Vans	YV4M12RM1T1493876	https://www.bortonvolvocars.com/commercial-new/Volvo/2026-Volvo-XC60-In-Minneapolis-MN-47f9f682ac181802d8ffc503355588b6.htm?store={store_code}	GRAY	0 miles	XC60	YV4M12RM1T1493876	2026	62655 USD	81060	62655 USD	MI
YV4M12RC2T1498785	2026 Volvo XC60 B5 Plus	Volvo	https://www.bortonvolvocars.com/commercial-new/Volvo/2026-Volvo-XC60-In-Minneapolis-MN-47f9f68bac181848608ee1d91c62732e.htm	56705 USD	2026 Onyx Black Volvo XC60 B5 Plus 2.0L I-4 cyl For sale at Borton Volvo Cars in Golden Valley Minnesota.	https://images.dealer.com/ddc/vehicles/2026/Volvo/XC60/SUV/trim_B5_Plus_57a4b2/color/Onyx%20Black%20Metallic-717-35%2C35%2C36-640-en_US.jpg	in stock	NEW	SUV	Vehicles & Parts > Vehicles > Motor Vehicles > Cars, Trucks & Vans	YV4M12RC2T1498785	https://www.bortonvolvocars.com/commercial-new/Volvo/2026-Volvo-XC60-In-Minneapolis-MN-47f9f68bac181848608ee1d91c62732e.htm?store={store_code}	BLACK	0 miles	XC60	YV4M12RC2T1498785	2026	56705 USD	81060	56705 USD	MI
YV4M12RC2T1494283	2026 Volvo XC60 B5 Plus	Volvo	https://www.bortonvolvocars.com/commercial-new/Volvo/2026-Volvo-XC60-In-Minneapolis-MN-47fa930eac184fc83ca98b6ac77c8be0.htm	56705 USD	2026 Onyx Black Volvo XC60 B5 Plus 2.0L I-4 cyl For sale at Borton Volvo Cars in Golden Valley Minnesota.	https://images.dealer.com/ddc/vehicles/2026/Volvo/XC60/SUV/trim_B5_Plus_57a4b2/color/Onyx%20Black%20Metallic-717-35%2C35%2C36-640-en_US.jpg	in stock	NEW	SUV	Vehicles & Parts > Vehicles > Motor Vehicles > Cars, Trucks & Vans	YV4M12RC2T1494283	https://www.bortonvolvocars.com/commercial-new/Volvo/2026-Volvo-XC60-In-Minneapolis-MN-47fa930eac184fc83ca98b6ac77c8be0.htm?store={store_code}	BLACK	0 miles	XC60	YV4M12RC2T1494283	2026	56705 USD	81060	56705 USD	MI
YV4M12RC1T1449755	2026 Volvo XC60 B5 Plus	Volvo	https://www.bortonvolvocars.com/commercial-new/Volvo/2026-Volvo-XC60-In-Minneapolis-MN-4a66ed96ac182c96d0a0058b29b790c8.htm	56705 USD	2026 Aurora Silver Volvo XC60 B5 Plus 2.0L I-4 cyl For sale at Borton Volvo Cars in Golden Valley Minnesota.	https://images.dealer.com/ddc/vehicles/2026/Volvo/XC60/SUV/trim_B5_Plus_57a4b2/color/Aurora%20Silver-745-175%2C174%2C178-640-en_US.jpg	in stock	NEW	SUV	Vehicles & Parts > Vehicles > Motor Vehicles > Cars, Trucks & Vans	YV4M12RC1T1449755	https://www.bortonvolvocars.com/commercial-new/Volvo/2026-Volvo-XC60-In-Minneapolis-MN-4a66ed96ac182c96d0a0058b29b790c8.htm?store={store_code}	SILVER	0 miles	XC60	YV4M12RC1T1449755	2026	56705 USD	81060	56705 USD	MI
YV4M12RC5T1449984	2026 Volvo XC60 B5 Plus	Volvo	https://www.bortonvolvocars.com/commercial-new/Volvo/2026-Volvo-XC60-In-Minneapolis-MN-4a66f0f1ac18160793fbd8903aaa2513.htm	56705 USD	2026 Aurora Silver Volvo XC60 B5 Plus 2.0L I-4 cyl For sale at Borton Volvo Cars in Golden Valley Minnesota.	https://images.dealer.com/ddc/vehicles/2026/Volvo/XC60/SUV/trim_B5_Plus_57a4b2/color/Aurora%20Silver-745-175%2C174%2C178-640-en_US.jpg	in stock	NEW	SUV	Vehicles & Parts > Vehicles > Motor Vehicles > Cars, Trucks & Vans	YV4M12RC5T1449984	https://www.bortonvolvocars.com/commercial-new/Volvo/2026-Volvo-XC60-In-Minneapolis-MN-4a66f0f1ac18160793fbd8903aaa2513.htm?store={store_code}	SILVER	0 miles	XC60	YV4M12RC5T1449984	2026	56705 USD	81060	56705 USD	MI
YV4M12RJ9T1491699	2026 Volvo XC60 B5 Core	Volvo	https://www.bortonvolvocars.com/commercial-new/Volvo/2026-Volvo-XC60-In-Minneapolis-MN-4d7b9b38ac1846fcc5349b582fbd9347.htm	51525 USD	2026 Crystal White Volvo XC60 B5 Core 2.0L I-4 cyl For sale at Borton Volvo Cars in Golden Valley Minnesota.	https://images.dealer.com/ddc/vehicles/2026/Volvo/XC60/SUV/trim_B5_Core_091881/color/Crystal%20White%20Metallic-707-229%2C230%2C230-640-en_US.jpg	in stock	NEW	SUV	Vehicles & Parts > Vehicles > Motor Vehicles > Cars, Trucks & Vans	YV4M12RJ9T1491699	https://www.bortonvolvocars.com/commercial-new/Volvo/2026-Volvo-XC60-In-Minneapolis-MN-4d7b9b38ac1846fcc5349b582fbd9347.htm?store={store_code}	WHITE	0 miles	XC60	YV4M12RJ9T1491699	2026	51525 USD	81060	51525 USD	MI
YV4M12RJ6T1411940	2026 Volvo XC60 B5 Core	Volvo	https://www.bortonvolvocars.com/commercial-new/Volvo/2026-Volvo-XC60-In-Minneapolis-MN-5f5be21fac18408399709bf65b709727.htm	52425 USD	2026 Denim Blue Volvo XC60 B5 Core 2.0L I-4 cyl For sale at Borton Volvo Cars in Golden Valley Minnesota.	https://images.dealer.com/ddc/vehicles/2026/Volvo/XC60/SUV/trim_B5_Core_091881/color/Denim%20Blue%20Metallic-723-38%2C54%2C70-640-en_US.jpg	in stock	NEW	SUV	Vehicles & Parts > Vehicles > Motor Vehicles > Cars, Trucks & Vans	YV4M12RJ6T1411940	https://www.bortonvolvocars.com/commercial-new/Volvo/2026-Volvo-XC60-In-Minneapolis-MN-5f5be21fac18408399709bf65b709727.htm?store={store_code}	BLUE	0 miles	XC60	YV4M12RJ6T1411940	2026	52425 USD	81060	52425 USD	MI
YV4M12RC7T1359753	2026 Volvo XC60 B5 Plus	Volvo	https://www.bortonvolvocars.com/commercial-new/Volvo/2026-Volvo-XC60-In-Minneapolis-MN-6374684fac180bb238468165674cb35e.htm	56585 USD	2026 Aurora Silver Volvo XC60 B5 Plus 2.0L I-4 cyl For sale at Borton Volvo Cars in Golden Valley Minnesota.	https://images.dealer.com/ddc/vehicles/2026/Volvo/XC60/SUV/trim_B5_Plus_57a4b2/color/Aurora%20Silver-745-175%2C174%2C178-640-en_US.jpg	in stock	NEW	SUV	Vehicles & Parts > Vehicles > Motor Vehicles > Cars, Trucks & Vans	YV4M12RC7T1359753	https://www.bortonvolvocars.com/commercial-new/Volvo/2026-Volvo-XC60-In-Minneapolis-MN-6374684fac180bb238468165674cb35e.htm?store={store_code}	SILVER	0 miles	XC60	YV4M12RC7T1359753	2026	56585 USD	81060	56585 USD	MI
YV4M12RC1T1346724	2026 Volvo XC60 B5 Plus	Volvo	https://www.bortonvolvocars.com/commercial-new/Volvo/2026-Volvo-XC60-In-Minneapolis-MN-66eb1b7dac182f0fabb6333c4357ae2e.htm	56585 USD	2026 Aurora Silver Volvo XC60 B5 Plus 2.0L I-4 cyl For sale at Borton Volvo Cars in Golden Valley Minnesota.	https://images.dealer.com/ddc/vehicles/2026/Volvo/XC60/SUV/trim_B5_Plus_57a4b2/color/Aurora%20Silver-745-175%2C174%2C178-640-en_US.jpg	in stock	NEW	SUV	Vehicles & Parts > Vehicles > Motor Vehicles > Cars, Trucks & Vans	YV4M12RC1T1346724	https://www.bortonvolvocars.com/commercial-new/Volvo/2026-Volvo-XC60-In-Minneapolis-MN-66eb1b7dac182f0fabb6333c4357ae2e.htm?store={store_code}	SILVER	0 miles	XC60	YV4M12RC1T1346724	2026	56585 USD	81060	56585 USD	MI
YV4M12RC9T1361598	2026 Volvo XC60 B5 Plus	Volvo	https://www.bortonvolvocars.com/commercial-new/Volvo/2026-Volvo-XC60-In-Minneapolis-MN-66eb3c27ac1819733e9ca9c47aead17a.htm	56585 USD	2026 Aurora Silver Volvo XC60 B5 Plus 2.0L I-4 cyl For sale at Borton Volvo Cars in Golden Valley Minnesota.	https://images.dealer.com/ddc/vehicles/2026/Volvo/XC60/SUV/trim_B5_Plus_57a4b2/color/Aurora%20Silver-745-175%2C174%2C178-640-en_US.jpg	in stock	NEW	SUV	Vehicles & Parts > Vehicles > Motor Vehicles > Cars, Trucks & Vans	YV4M12RC9T1361598	https://www.bortonvolvocars.com/commercial-new/Volvo/2026-Volvo-XC60-In-Minneapolis-MN-66eb3c27ac1819733e9ca9c47aead17a.htm?store={store_code}	SILVER	0 miles	XC60	YV4M12RC9T1361598	2026	56585 USD	81060	56585 USD	MI
YV4M12RC9T1367661	2026 Volvo XC60 B5 Plus	Volvo	https://www.bortonvolvocars.com/commercial-new/Volvo/2026-Volvo-XC60-In-Minneapolis-MN-66eb4769ac18421df72c003f76306605.htm	55085 USD	2026 Onyx Black Volvo XC60 B5 Plus 2.0L I-4 cyl For sale at Borton Volvo Cars in Golden Valley Minnesota.	https://images.dealer.com/ddc/vehicles/2026/Volvo/XC60/SUV/trim_B5_Plus_57a4b2/color/Onyx%20Black%20Metallic-717-35%2C35%2C36-640-en_US.jpg	in stock	NEW	SUV	Vehicles & Parts > Vehicles > Motor Vehicles > Cars, Trucks & Vans	YV4M12RC9T1367661	https://www.bortonvolvocars.com/commercial-new/Volvo/2026-Volvo-XC60-In-Minneapolis-MN-66eb4769ac18421df72c003f76306605.htm?store={store_code}	BLACK	0 miles	XC60	YV4M12RC9T1367661	2026	55085 USD	81060	55085 USD	MI
YV4M12RC5T1374719	2026 Volvo XC60 B5 Plus	Volvo	https://www.bortonvolvocars.com/commercial-new/Volvo/2026-Volvo-XC60-In-Minneapolis-MN-66eb4bffac1848db300c5466208d42da.htm	56790 USD	2026 Denim Blue Volvo XC60 B5 Plus 2.0L I-4 cyl For sale at Borton Volvo Cars in Golden Valley Minnesota.	https://images.dealer.com/ddc/vehicles/2026/Volvo/XC60/SUV/trim_B5_Plus_57a4b2/color/Denim%20Blue%20Metallic-723-38%2C54%2C70-640-en_US.jpg	in stock	NEW	SUV	Vehicles & Parts > Vehicles > Motor Vehicles > Cars, Trucks & Vans	YV4M12RC5T1374719	https://www.bortonvolvocars.com/commercial-new/Volvo/2026-Volvo-XC60-In-Minneapolis-MN-66eb4bffac1848db300c5466208d42da.htm?store={store_code}	BLUE	0 miles	XC60	YV4M12RC5T1374719	2026	56790 USD	81060	56790 USD	MI
YV4M12RJ7T1374428	2026 Volvo XC60 B5 Core	Volvo	https://www.bortonvolvocars.com/commercial-new/Volvo/2026-Volvo-XC60-In-Minneapolis-MN-66eb4d9dac1811fe324823e25fe53770.htm	49595 USD	2026 Crystal White Volvo XC60 B5 Core 2.0L I-4 cyl For sale at Borton Volvo Cars in Golden Valley Minnesota.	https://images.dealer.com/ddc/vehicles/2026/Volvo/XC60/SUV/trim_B5_Core_091881/color/Crystal%20White%20Metallic-707-229%2C230%2C230-640-en_US.jpg	in stock	NEW	SUV	Vehicles & Parts > Vehicles > Motor Vehicles > Cars, Trucks & Vans	YV4M12RJ7T1374428	https://www.bortonvolvocars.com/commercial-new/Volvo/2026-Volvo-XC60-In-Minneapolis-MN-66eb4d9dac1811fe324823e25fe53770.htm?store={store_code}	WHITE	0 miles	XC60	YV4M12RJ7T1374428	2026	49595 USD	81060	49595 USD	MI
YV4M12RD6T1381736	2026 Volvo XC60 B5 Ultra Black Edition	Volvo	https://www.bortonvolvocars.com/commercial-new/Volvo/2026-Volvo-XC60-In-Minneapolis-MN-66eb5641ac182f0fabb6333c6f4a9c31.htm	66890 USD	2026 Onyx Black Volvo XC60 B5 Ultra Black Edition 2.0L I-4 cyl For sale at Borton Volvo Cars in Golden Valley Minnesota.	https://images.dealer.com/ddc/vehicles/2026/Volvo/XC60/SUV/trim_B5_Ultra_Black_Edition_682a23/color/Onyx%20Black%20Metallic-717-35%2C35%2C36-640-en_US.jpg	in stock	NEW	SUV	Vehicles & Parts > Vehicles > Motor Vehicles > Cars, Trucks & Vans	YV4M12RD6T1381736	https://www.bortonvolvocars.com/commercial-new/Volvo/2026-Volvo-XC60-In-Minneapolis-MN-66eb5641ac182f0fabb6333c6f4a9c31.htm?store={store_code}	BLACK	0 miles	XC60	YV4M12RD6T1381736	2026	66890 USD	81060	66890 USD	MI
YV4M12RC0T1359786	2026 Volvo XC60 B5 Plus	Volvo	https://www.bortonvolvocars.com/commercial-new/Volvo/2026-Volvo-XC60-In-Minneapolis-MN-72f6517cac183cbeee3aae90ffbc041b.htm	56585 USD	2026 Aurora Silver Volvo XC60 B5 Plus 2.0L I-4 cyl For sale at Borton Volvo Cars in Golden Valley Minnesota.	https://images.dealer.com/ddc/vehicles/2026/Volvo/XC60/SUV/trim_B5_Plus_57a4b2/color/Aurora%20Silver-745-175%2C174%2C178-640-en_US.jpg	in stock	NEW	SUV	Vehicles & Parts > Vehicles > Motor Vehicles > Cars, Trucks & Vans	YV4M12RC0T1359786	https://www.bortonvolvocars.com/commercial-new/Volvo/2026-Volvo-XC60-In-Minneapolis-MN-72f6517cac183cbeee3aae90ffbc041b.htm?store={store_code}	SILVER	0 miles	XC60	YV4M12RC0T1359786	2026	56585 USD	81060	56585 USD	MI
YV4M12RC3T1293167	2026 Volvo XC60 B5 Plus	Volvo	https://www.bortonvolvocars.com/commercial-new/Volvo/2026-Volvo-XC60-In-Minneapolis-MN-7afb36dcac185337592d6ac7924f787e.htm	57790 USD	2026 Onyx Black Volvo XC60 B5 Plus 2.0L I-4 cyl For sale at Borton Volvo Cars in Golden Valley Minnesota.	https://images.dealer.com/ddc/vehicles/2026/Volvo/XC60/SUV/trim_B5_Plus_57a4b2/color/Onyx%20Black%20Metallic-717-35%2C35%2C36-640-en_US.jpg	in stock	NEW	SUV	Vehicles & Parts > Vehicles > Motor Vehicles > Cars, Trucks & Vans	YV4M12RC3T1293167	https://www.bortonvolvocars.com/commercial-new/Volvo/2026-Volvo-XC60-In-Minneapolis-MN-7afb36dcac185337592d6ac7924f787e.htm?store={store_code}	BLACK	0 miles	XC60	YV4M12RC3T1293167	2026	57790 USD	81060	57790 USD	MI
YV4M12RM8T1296722	2026 Volvo XC60 B5 Ultra	Volvo	https://www.bortonvolvocars.com/commercial-new/Volvo/2026-Volvo-XC60-In-Minneapolis-MN-7f2f5148ac185f36336158397bbca9be.htm	67090 USD	2026 Vapour Grey Volvo XC60 B5 Ultra 2.0L I-4 cyl For sale at Borton Volvo Cars in Golden Valley Minnesota.	https://images.dealer.com/ddc/vehicles/2026/Volvo/XC60/SUV/trim_B5_Ultra_0f1ae1/color/Vapour%20Gray%20Metallic-740-66%2C72%2C75-640-en_US.jpg	in stock	NEW	SUV	Vehicles & Parts > Vehicles > Motor Vehicles > Cars, Trucks & Vans	YV4M12RM8T1296722	https://www.bortonvolvocars.com/commercial-new/Volvo/2026-Volvo-XC60-In-Minneapolis-MN-7f2f5148ac185f36336158397bbca9be.htm?store={store_code}	GRAY	0 miles	XC60	YV4M12RM8T1296722	2026	67090 USD	81060	67090 USD	MI
YV4M12RM6T1296735	2026 Volvo XC60 B5 Ultra	Volvo	https://www.bortonvolvocars.com/commercial-new/Volvo/2026-Volvo-XC60-In-Minneapolis-MN-846bd9e5ac18104b9fad4d0a1e4e0cf6.htm	66890 USD	2026 Vapour Grey Volvo XC60 B5 Ultra 2.0L I-4 cyl For sale at Borton Volvo Cars in Golden Valley Minnesota.	https://images.dealer.com/ddc/vehicles/2026/Volvo/XC60/SUV/trim_B5_Ultra_0f1ae1/color/Vapour%20Gray%20Metallic-740-66%2C72%2C75-640-en_US.jpg	in stock	NEW	SUV	Vehicles & Parts > Vehicles > Motor Vehicles > Cars, Trucks & Vans	YV4M12RM6T1296735	https://www.bortonvolvocars.com/commercial-new/Volvo/2026-Volvo-XC60-In-Minneapolis-MN-846bd9e5ac18104b9fad4d0a1e4e0cf6.htm?store={store_code}	GRAY	0 miles	XC60	YV4M12RM6T1296735	2026	66890 USD	81060	66890 USD	MI
YV4M12RC4T1387543	2026 Volvo XC60 B5 Plus	Volvo	https://www.bortonvolvocars.com/commercial-new/Volvo/2026-Volvo-XC60-In-Minneapolis-MN-99914f50ac182f85e9d0168de87d7e26.htm	57825 USD	2026 Aurora Silver Volvo XC60 B5 Plus 2.0L I-4 cyl For sale at Borton Volvo Cars in Golden Valley Minnesota.	https://images.dealer.com/ddc/vehicles/2026/Volvo/XC60/SUV/trim_B5_Plus_57a4b2/color/Aurora%20Silver-745-175%2C174%2C178-640-en_US.jpg	in stock	NEW	SUV	Vehicles & Parts > Vehicles > Motor Vehicles > Cars, Trucks & Vans	YV4M12RC4T1387543	https://www.bortonvolvocars.com/commercial-new/Volvo/2026-Volvo-XC60-In-Minneapolis-MN-99914f50ac182f85e9d0168de87d7e26.htm?store={store_code}	SILVER	0 miles	XC60	YV4M12RC4T1387543	2026	57825 USD	81060	57825 USD	MI
YV4M12RC8T1336093	2026 Volvo XC60 B5 Plus	Volvo	https://www.bortonvolvocars.com/commercial-new/Volvo/2026-Volvo-XC60-In-Minneapolis-MN-9a6dc70bac18223677c81cdba8c3bdb5.htm	56585 USD	2026 Onyx Black Volvo XC60 B5 Plus 2.0L I-4 cyl For sale at Borton Volvo Cars in Golden Valley Minnesota.	https://images.dealer.com/ddc/vehicles/2026/Volvo/XC60/SUV/trim_B5_Plus_57a4b2/color/Onyx%20Black%20Metallic-717-35%2C35%2C36-640-en_US.jpg	in stock	NEW	SUV	Vehicles & Parts > Vehicles > Motor Vehicles > Cars, Trucks & Vans	YV4M12RC8T1336093	https://www.bortonvolvocars.com/commercial-new/Volvo/2026-Volvo-XC60-In-Minneapolis-MN-9a6dc70bac18223677c81cdba8c3bdb5.htm?store={store_code}	BLACK	0 miles	XC60	YV4M12RC8T1336093	2026	56585 USD	81060	56585 USD	MI
YV4M12RC5T1343129	2026 Volvo XC60 B5 Plus	Volvo	https://www.bortonvolvocars.com/commercial-new/Volvo/2026-Volvo-XC60-In-Minneapolis-MN-a06eb5e2ac180e70894ab665ac267309.htm	56825 USD	2026 Mulberry Red Volvo XC60 B5 Plus 2.0L I-4 cyl For sale at Borton Volvo Cars in Golden Valley Minnesota.	https://images.dealer.com/ddc/vehicles/2026/Volvo/XC60/SUV/trim_B5_Plus_57a4b2/color/Mulberry%20Metallic-739-49%2C40%2C48-640-en_US.jpg	in stock	NEW	SUV	Vehicles & Parts > Vehicles > Motor Vehicles > Cars, Trucks & Vans	YV4M12RC5T1343129	https://www.bortonvolvocars.com/commercial-new/Volvo/2026-Volvo-XC60-In-Minneapolis-MN-a06eb5e2ac180e70894ab665ac267309.htm?store={store_code}	RED	0 miles	XC60	YV4M12RC5T1343129	2026	56825 USD	81060	56825 USD	MI
YV4M12RC4T1335488	2026 Volvo XC60 B5 Plus	Volvo	https://www.bortonvolvocars.com/commercial-new/Volvo/2026-Volvo-XC60-In-Minneapolis-MN-a146ca75ac182114930ff9949829a292.htm	56585 USD	2026 Crystal White Volvo XC60 B5 Plus 2.0L I-4 cyl For sale at Borton Volvo Cars in Golden Valley Minnesota.	https://images.dealer.com/ddc/vehicles/2026/Volvo/XC60/SUV/trim_B5_Plus_57a4b2/color/Crystal%20White%20Metallic-707-229%2C230%2C230-640-en_US.jpg	in stock	NEW	SUV	Vehicles & Parts > Vehicles > Motor Vehicles > Cars, Trucks & Vans	YV4M12RC4T1335488	https://www.bortonvolvocars.com/commercial-new/Volvo/2026-Volvo-XC60-In-Minneapolis-MN-a146ca75ac182114930ff9949829a292.htm?store={store_code}	WHITE	0 miles	XC60	YV4M12RC4T1335488	2026	56585 USD	81060	56585 USD	MI
YV4M12RJ5T1391227	2026 Volvo XC60 B5 Core	Volvo	https://www.bortonvolvocars.com/commercial-new/Volvo/2026-Volvo-XC60-In-Minneapolis-MN-ae35a4aeac185540a18f3316a975b12f.htm	47395 USD	2026 Onyx Black Volvo XC60 B5 Core 2.0L I-4 cyl For sale at Borton Volvo Cars in Golden Valley Minnesota.	https://images.dealer.com/ddc/vehicles/2026/Volvo/XC60/SUV/trim_B5_Core_091881/color/Onyx%20Black%20Metallic-717-35%2C35%2C36-640-en_US.jpg	in stock	NEW	SUV	Vehicles & Parts > Vehicles > Motor Vehicles > Cars, Trucks & Vans	YV4M12RJ5T1391227	https://www.bortonvolvocars.com/commercial-new/Volvo/2026-Volvo-XC60-In-Minneapolis-MN-ae35a4aeac185540a18f3316a975b12f.htm?store={store_code}	BLACK	0 miles	XC60	YV4M12RJ5T1391227	2026	47395 USD	81060	47395 USD	MI
YV4M12RC7T1474370	2026 Volvo XC60 B5 Plus	Volvo	https://www.bortonvolvocars.com/commercial-new/Volvo/2026-Volvo-XC60-In-Minneapolis-MN-b198d114ac1858eeeb7394100a903251.htm	58110 USD	2026 Vapour Grey Volvo XC60 B5 Plus 2.0L I-4 cyl For sale at Borton Volvo Cars in Golden Valley Minnesota.	https://images.dealer.com/ddc/vehicles/2026/Volvo/XC60/SUV/trim_B5_Plus_57a4b2/color/Vapour%20Gray%20Metallic-740-66%2C72%2C75-640-en_US.jpg	in stock	NEW	SUV	Vehicles & Parts > Vehicles > Motor Vehicles > Cars, Trucks & Vans	YV4M12RC7T1474370	https://www.bortonvolvocars.com/commercial-new/Volvo/2026-Volvo-XC60-In-Minneapolis-MN-b198d114ac1858eeeb7394100a903251.htm?store={store_code}	GRAY	0 miles	XC60	YV4M12RC7T1474370	2026	58110 USD	81060	58110 USD	MI
YV4M12RC4T1498934	2026 Volvo XC60 B5 Plus	Volvo	https://www.bortonvolvocars.com/commercial-new/Volvo/2026-Volvo-XC60-In-Minneapolis-MN-b258eee6ac180302593716fced241ebe.htm	56705 USD	2026 Onyx Black Volvo XC60 B5 Plus 2.0L I-4 cyl For sale at Borton Volvo Cars in Golden Valley Minnesota.	https://images.dealer.com/ddc/vehicles/2026/Volvo/XC60/SUV/trim_B5_Plus_57a4b2/color/Onyx%20Black%20Metallic-717-35%2C35%2C36-640-en_US.jpg	in stock	NEW	SUV	Vehicles & Parts > Vehicles > Motor Vehicles > Cars, Trucks & Vans	YV4M12RC4T1498934	https://www.bortonvolvocars.com/commercial-new/Volvo/2026-Volvo-XC60-In-Minneapolis-MN-b258eee6ac180302593716fced241ebe.htm?store={store_code}	BLACK	0 miles	XC60	YV4M12RC4T1498934	2026	56705 USD	81060	56705 USD	MI
YV4M12RC2T1444550	2026 Volvo XC60 B5 Plus	Volvo	https://www.bortonvolvocars.com/commercial-new/Volvo/2026-Volvo-XC60-In-Minneapolis-MN-bdb054f5ac1804975d9e90c1720aa02a.htm	56705 USD	2026 Onyx Black Volvo XC60 B5 Plus 2.0L I-4 cyl For sale at Borton Volvo Cars in Golden Valley Minnesota.	https://images.dealer.com/ddc/vehicles/2026/Volvo/XC60/SUV/trim_B5_Plus_57a4b2/color/Onyx%20Black%20Metallic-717-35%2C35%2C36-640-en_US.jpg	in stock	NEW	SUV	Vehicles & Parts > Vehicles > Motor Vehicles > Cars, Trucks & Vans	YV4M12RC2T1444550	https://www.bortonvolvocars.com/commercial-new/Volvo/2026-Volvo-XC60-In-Minneapolis-MN-bdb054f5ac1804975d9e90c1720aa02a.htm?store={store_code}	BLACK	0 miles	XC60	YV4M12RC2T1444550	2026	56705 USD	81060	56705 USD	MI
YV4M12RJXT1427543	2026 Volvo XC60 B5 Core	Volvo	https://www.bortonvolvocars.com/commercial-new/Volvo/2026-Volvo-XC60-In-Minneapolis-MN-c65cc6ffac183b11f3cdb3dca30dce30.htm	52105 USD	2026 Crystal White Volvo XC60 B5 Core 2.0L I-4 cyl For sale at Borton Volvo Cars in Golden Valley Minnesota.	https://images.dealer.com/ddc/vehicles/2026/Volvo/XC60/SUV/trim_B5_Core_091881/color/Crystal%20White%20Metallic-707-229%2C230%2C230-640-en_US.jpg	in stock	NEW	SUV	Vehicles & Parts > Vehicles > Motor Vehicles > Cars, Trucks & Vans	YV4M12RJXT1427543	https://www.bortonvolvocars.com/commercial-new/Volvo/2026-Volvo-XC60-In-Minneapolis-MN-c65cc6ffac183b11f3cdb3dca30dce30.htm?store={store_code}	WHITE	0 miles	XC60	YV4M12RJXT1427543	2026	52105 USD	81060	52105 USD	MI
YV4M12RC1T1299999	2026 Volvo XC60 B5 Plus	Volvo	https://www.bortonvolvocars.com/commercial-new/Volvo/2026-Volvo-XC60-In-Minneapolis-MN-cd5bcc10ac18287a6b9ccbb8902cc1bd.htm	56800 USD	2026 Vapour Grey Volvo XC60 B5 Plus 2.0L I-4 cyl For sale at Borton Volvo Cars in Golden Valley Minnesota.	https://images.dealer.com/ddc/vehicles/2026/Volvo/XC60/SUV/trim_B5_Plus_57a4b2/color/Vapour%20Gray%20Metallic-740-66%2C72%2C75-640-en_US.jpg	in stock	NEW	SUV	Vehicles & Parts > Vehicles > Motor Vehicles > Cars, Trucks & Vans	YV4M12RC1T1299999	https://www.bortonvolvocars.com/commercial-new/Volvo/2026-Volvo-XC60-In-Minneapolis-MN-cd5bcc10ac18287a6b9ccbb8902cc1bd.htm?store={store_code}	GRAY	0 miles	XC60	YV4M12RC1T1299999	2026	56800 USD	81060	56800 USD	MI
YV4M12RC1T1335349	2026 Volvo XC60 B5 Plus	Volvo	https://www.bortonvolvocars.com/commercial-new/Volvo/2026-Volvo-XC60-In-Minneapolis-MN-d3ea9c79ac182cddb86dbea1794d204c.htm	56585 USD	2026 Aurora Silver Volvo XC60 B5 Plus 2.0L I-4 cyl For sale at Borton Volvo Cars in Golden Valley Minnesota.	https://images.dealer.com/ddc/vehicles/2026/Volvo/XC60/SUV/trim_B5_Plus_57a4b2/color/Aurora%20Silver-745-175%2C174%2C178-640-en_US.jpg	in stock	NEW	SUV	Vehicles & Parts > Vehicles > Motor Vehicles > Cars, Trucks & Vans	YV4M12RC1T1335349	https://www.bortonvolvocars.com/commercial-new/Volvo/2026-Volvo-XC60-In-Minneapolis-MN-d3ea9c79ac182cddb86dbea1794d204c.htm?store={store_code}	SILVER	0 miles	XC60	YV4M12RC1T1335349	2026	56585 USD	81060	56585 USD	MI
YV4M12RM6T1348560	2026 Volvo XC60 B5 Ultra	Volvo	https://www.bortonvolvocars.com/commercial-new/Volvo/2026-Volvo-XC60-In-Minneapolis-MN-d5b107b1ac184236e10863afe4314cc5.htm	62535 USD	2026 Onyx Black Volvo XC60 B5 Ultra 2.0L I-4 cyl For sale at Borton Volvo Cars in Golden Valley Minnesota.	https://images.dealer.com/ddc/vehicles/2026/Volvo/XC60/SUV/trim_B5_Ultra_0f1ae1/color/Onyx%20Black%20Metallic-717-35%2C35%2C36-640-en_US.jpg	in stock	NEW	SUV	Vehicles & Parts > Vehicles > Motor Vehicles > Cars, Trucks & Vans	YV4M12RM6T1348560	https://www.bortonvolvocars.com/commercial-new/Volvo/2026-Volvo-XC60-In-Minneapolis-MN-d5b107b1ac184236e10863afe4314cc5.htm?store={store_code}	BLACK	0 miles	XC60	YV4M12RM6T1348560	2026	62535 USD	81060	62535 USD	MI
YV4M12RC9T1390731	2026 Volvo XC60 B5 Plus	Volvo	https://www.bortonvolvocars.com/commercial-new/Volvo/2026-Volvo-XC60-In-Minneapolis-MN-e551c4f2ac182f71495d717228e58f90.htm	55585 USD	2026 Crystal White Volvo XC60 B5 Plus 2.0L I-4 cyl For sale at Borton Volvo Cars in Golden Valley Minnesota.	https://images.dealer.com/ddc/vehicles/2026/Volvo/XC60/SUV/trim_B5_Plus_57a4b2/color/Crystal%20White%20Metallic-707-229%2C230%2C230-640-en_US.jpg	in stock	NEW	SUV	Vehicles & Parts > Vehicles > Motor Vehicles > Cars, Trucks & Vans	YV4M12RC9T1390731	https://www.bortonvolvocars.com/commercial-new/Volvo/2026-Volvo-XC60-In-Minneapolis-MN-e551c4f2ac182f71495d717228e58f90.htm?store={store_code}	WHITE	0 miles	XC60	YV4M12RC9T1390731	2026	55585 USD	81060	55585 USD	MI
YV4M12RC8T1393748	2026 Volvo XC60 B5 Plus	Volvo	https://www.bortonvolvocars.com/commercial-new/Volvo/2026-Volvo-XC60-In-Minneapolis-MN-e551c8e8ac185eebd5a42a45021ddd3d.htm	56585 USD	2026 Crystal White Volvo XC60 B5 Plus 2.0L I-4 cyl For sale at Borton Volvo Cars in Golden Valley Minnesota.	https://images.dealer.com/ddc/vehicles/2026/Volvo/XC60/SUV/trim_B5_Plus_57a4b2/color/Crystal%20White%20Metallic-707-229%2C230%2C230-640-en_US.jpg	in stock	NEW	SUV	Vehicles & Parts > Vehicles > Motor Vehicles > Cars, Trucks & Vans	YV4M12RC8T1393748	https://www.bortonvolvocars.com/commercial-new/Volvo/2026-Volvo-XC60-In-Minneapolis-MN-e551c8e8ac185eebd5a42a45021ddd3d.htm?store={store_code}	WHITE	0 miles	XC60	YV4M12RC8T1393748	2026	56585 USD	81060	56585 USD	MI
YV4M12RC4T1381225	2026 Volvo XC60 B5 Plus	Volvo	https://www.bortonvolvocars.com/commercial-new/Volvo/2026-Volvo-XC60-In-Minneapolis-MN-e551ddbdac1839ffd61117da6e9f8a1a.htm	56585 USD	2026 Onyx Black Volvo XC60 B5 Plus 2.0L I-4 cyl For sale at Borton Volvo Cars in Golden Valley Minnesota.	https://images.dealer.com/ddc/vehicles/2026/Volvo/XC60/SUV/trim_B5_Plus_57a4b2/color/Onyx%20Black%20Metallic-717-35%2C35%2C36-640-en_US.jpg	in stock	NEW	SUV	Vehicles & Parts > Vehicles > Motor Vehicles > Cars, Trucks & Vans	YV4M12RC4T1381225	https://www.bortonvolvocars.com/commercial-new/Volvo/2026-Volvo-XC60-In-Minneapolis-MN-e551ddbdac1839ffd61117da6e9f8a1a.htm?store={store_code}	BLACK	0 miles	XC60	YV4M12RC4T1381225	2026	56585 USD	81060	56585 USD	MI
YV4M12RC6T1381890	2026 Volvo XC60 B5 Plus	Volvo	https://www.bortonvolvocars.com/commercial-new/Volvo/2026-Volvo-XC60-In-Minneapolis-MN-e55248c5ac182f71495d717223954d55.htm	56585 USD	2026 Aurora Silver Volvo XC60 B5 Plus 2.0L I-4 cyl For sale at Borton Volvo Cars in Golden Valley Minnesota.	https://images.dealer.com/ddc/vehicles/2026/Volvo/XC60/SUV/trim_B5_Plus_57a4b2/color/Aurora%20Silver-745-175%2C174%2C178-640-en_US.jpg	in stock	NEW	SUV	Vehicles & Parts > Vehicles > Motor Vehicles > Cars, Trucks & Vans	YV4M12RC6T1381890	https://www.bortonvolvocars.com/commercial-new/Volvo/2026-Volvo-XC60-In-Minneapolis-MN-e55248c5ac182f71495d717223954d55.htm?store={store_code}	SILVER	0 miles	XC60	YV4M12RC6T1381890	2026	56585 USD	81060	56585 USD	MI
YV4M12RCXT1400747	2026 Volvo XC60 B5 Plus	Volvo	https://www.bortonvolvocars.com/commercial-new/Volvo/2026-Volvo-XC60-In-Minneapolis-MN-f2efce22ac18187fe5c17ea3d9e05849.htm	57825 USD	2026 Mulberry Red Volvo XC60 B5 Plus 2.0L I-4 cyl For sale at Borton Volvo Cars in Golden Valley Minnesota.	https://images.dealer.com/ddc/vehicles/2026/Volvo/XC60/SUV/trim_B5_Plus_57a4b2/color/Mulberry%20Metallic-739-49%2C40%2C48-640-en_US.jpg	in stock	NEW	SUV	Vehicles & Parts > Vehicles > Motor Vehicles > Cars, Trucks & Vans	YV4M12RCXT1400747	https://www.bortonvolvocars.com/commercial-new/Volvo/2026-Volvo-XC60-In-Minneapolis-MN-f2efce22ac18187fe5c17ea3d9e05849.htm?store={store_code}	RED	0 miles	XC60	YV4M12RCXT1400747	2026	57825 USD	81060	57825 USD	MI
YV4H60RC4T1329519	2026 Volvo XC60 plug-in hybrid T8 Plus	Volvo	https://www.bortonvolvocars.com/commercial-new/Volvo/2026-Volvo-XC60-plug-in-hybrid-In-Minneapolis-MN-5784dbfbac18404058e611a5e59ca78a.htm	64135 USD	2026 Vapour Grey Volvo XC60 plug-in T8 Plus 2.0L I-4 cyl For sale at Borton Volvo Cars in Golden Valley Minnesota.	https://images.dealer.com/ddc/vehicles/2026/Volvo/XC60%20Plug-In%20Hybrid/SUV/trim_T8_Plus_a4a345/color/Vapour%20Gray%20Metallic-740-66%2C72%2C75-640-en_US.jpg	in stock	NEW	SUV	Vehicles & Parts > Vehicles > Motor Vehicles > Cars, Trucks & Vans	YV4H60RC4T1329519	https://www.bortonvolvocars.com/commercial-new/Volvo/2026-Volvo-XC60-plug-in-hybrid-In-Minneapolis-MN-5784dbfbac18404058e611a5e59ca78a.htm?store={store_code}	GRAY	0 miles	XC60 plug-in	YV4H60RC4T1329519	2026	64135 USD	81060	64135 USD	MI
YV4H60RD6T1494321	2026 Volvo XC60 plug-in hybrid T8 Ultra Black Edition	Volvo	https://www.bortonvolvocars.com/commercial-new/Volvo/2026-Volvo-XC60-plug-in-hybrid-In-Minneapolis-MN-6b0483bcac184197d0fdba0535cc78ed.htm	77420 USD	2026 Onyx Black Volvo XC60 plug-in T8 Ultra Black Edition 2.0L I-4 cyl For sale at Borton Volvo Cars in Golden Valley Minnesota.	https://images.dealer.com/ddc/vehicles/2026/Volvo/XC60%20Plug-In%20Hybrid/SUV/trim_T8_Ultra_Black_Edition_0091d3/color/Onyx%20Black%20Metallic-717-35%2C35%2C36-640-en_US.jpg	in stock	NEW	SUV	Vehicles & Parts > Vehicles > Motor Vehicles > Cars, Trucks & Vans	YV4H60RD6T1494321	https://www.bortonvolvocars.com/commercial-new/Volvo/2026-Volvo-XC60-plug-in-hybrid-In-Minneapolis-MN-6b0483bcac184197d0fdba0535cc78ed.htm?store={store_code}	BLACK	0 miles	XC60 plug-in	YV4H60RD6T1494321	2026	77420 USD	81060	77420 USD	MI
YV4H60RC7T1498045	2026 Volvo XC60 plug-in hybrid T8 Plus	Volvo	https://www.bortonvolvocars.com/commercial-new/Volvo/2026-Volvo-XC60-plug-in-hybrid-In-Minneapolis-MN-896ae6deac183c209a2751b241565f7a.htm	67160 USD	2026 Onyx Black Volvo XC60 plug-in T8 Plus 2.0L I-4 cyl For sale at Borton Volvo Cars in Golden Valley Minnesota.	https://images.dealer.com/ddc/vehicles/2026/Volvo/XC60%20Plug-In%20Hybrid/SUV/trim_T8_Plus_a4a345/color/Onyx%20Black%20Metallic-717-35%2C35%2C36-640-en_US.jpg	in stock	NEW	SUV	Vehicles & Parts > Vehicles > Motor Vehicles > Cars, Trucks & Vans	YV4H60RC7T1498045	https://www.bortonvolvocars.com/commercial-new/Volvo/2026-Volvo-XC60-plug-in-hybrid-In-Minneapolis-MN-896ae6deac183c209a2751b241565f7a.htm?store={store_code}	BLACK	0 miles	XC60 plug-in	YV4H60RC7T1498045	2026	67160 USD	81060	67160 USD	MI
YV4H60RC3T1499676	2026 Volvo XC60 plug-in hybrid T8 Plus	Volvo	https://www.bortonvolvocars.com/commercial-new/Volvo/2026-Volvo-XC60-plug-in-hybrid-In-Minneapolis-MN-9450eea3ac1837f47d123b902ce3f9ad.htm	66940 USD	2026 Crystal White Volvo XC60 plug-in T8 Plus 2.0L I-4 cyl For sale at Borton Volvo Cars in Golden Valley Minnesota.	https://images.dealer.com/ddc/vehicles/2026/Volvo/XC60%20Plug-In%20Hybrid/SUV/trim_T8_Plus_a4a345/color/Crystal%20White%20Metallic-707-229%2C230%2C230-640-en_US.jpg	in stock	NEW	SUV	Vehicles & Parts > Vehicles > Motor Vehicles > Cars, Trucks & Vans	YV4H60RC3T1499676	https://www.bortonvolvocars.com/commercial-new/Volvo/2026-Volvo-XC60-plug-in-hybrid-In-Minneapolis-MN-9450eea3ac1837f47d123b902ce3f9ad.htm?store={store_code}	WHITE	0 miles	XC60 plug-in	YV4H60RC3T1499676	2026	66940 USD	81060	66940 USD	MI
YV4H60RC4T1341573	2026 Volvo XC60 plug-in hybrid T8 Plus	Volvo	https://www.bortonvolvocars.com/commercial-new/Volvo/2026-Volvo-XC60-plug-in-hybrid-In-Minneapolis-MN-aabab4d6ac1828597ee2ae74853eb292.htm	65635 USD	2026 Vapour Grey Volvo XC60 plug-in T8 Plus 2.0L I-4 cyl For sale at Borton Volvo Cars in Golden Valley Minnesota.	https://images.dealer.com/ddc/vehicles/2026/Volvo/XC60%20Plug-In%20Hybrid/SUV/trim_T8_Plus_a4a345/color/Vapour%20Gray%20Metallic-740-66%2C72%2C75-640-en_US.jpg	in stock	NEW	SUV	Vehicles & Parts > Vehicles > Motor Vehicles > Cars, Trucks & Vans	YV4H60RC4T1341573	https://www.bortonvolvocars.com/commercial-new/Volvo/2026-Volvo-XC60-plug-in-hybrid-In-Minneapolis-MN-aabab4d6ac1828597ee2ae74853eb292.htm?store={store_code}	GRAY	0 miles	XC60 plug-in	YV4H60RC4T1341573	2026	65635 USD	81060	65635 USD	MI
YV4H60RC8T1441532	2026 Volvo XC60 plug-in hybrid T8 Plus	Volvo	https://www.bortonvolvocars.com/commercial-new/Volvo/2026-Volvo-XC60-plug-in-hybrid-In-Minneapolis-MN-b184e757ac184e44d9d42ee53b27e7c9.htm	67160 USD	2026 Crystal White Volvo XC60 plug-in T8 Plus 2.0L I-4 cyl For sale at Borton Volvo Cars in Golden Valley Minnesota.	https://images.dealer.com/ddc/vehicles/2026/Volvo/XC60%20Plug-In%20Hybrid/SUV/trim_T8_Plus_a4a345/color/Crystal%20White%20Metallic-707-229%2C230%2C230-640-en_US.jpg	in stock	NEW	SUV	Vehicles & Parts > Vehicles > Motor Vehicles > Cars, Trucks & Vans	YV4H60RC8T1441532	https://www.bortonvolvocars.com/commercial-new/Volvo/2026-Volvo-XC60-plug-in-hybrid-In-Minneapolis-MN-b184e757ac184e44d9d42ee53b27e7c9.htm?store={store_code}	WHITE	0 miles	XC60 plug-in	YV4H60RC8T1441532	2026	67160 USD	81060	67160 USD	MI
YV4H60RC2T1392814	2026 Volvo XC60 plug-in hybrid T8 Plus	Volvo	https://www.bortonvolvocars.com/commercial-new/Volvo/2026-Volvo-XC60-plug-in-hybrid-In-Minneapolis-MN-e551e8b5ac18187fe5c17ea389863481.htm	65635 USD	2026 Vapour Grey Volvo XC60 plug-in T8 Plus 2.0L I-4 cyl For sale at Borton Volvo Cars in Golden Valley Minnesota.	https://images.dealer.com/ddc/vehicles/2026/Volvo/XC60%20Plug-In%20Hybrid/SUV/trim_T8_Plus_a4a345/color/Vapour%20Gray%20Metallic-740-66%2C72%2C75-640-en_US.jpg	in stock	NEW	SUV	Vehicles & Parts > Vehicles > Motor Vehicles > Cars, Trucks & Vans	YV4H60RC2T1392814	https://www.bortonvolvocars.com/commercial-new/Volvo/2026-Volvo-XC60-plug-in-hybrid-In-Minneapolis-MN-e551e8b5ac18187fe5c17ea389863481.htm?store={store_code}	GRAY	0 miles	XC60 plug-in	YV4H60RC2T1392814	2026	65635 USD	81060	65635 USD	MI
YV4062PEXT1455591	2026 Volvo XC90 B6 Plus 7-Seater	Volvo	https://www.bortonvolvocars.com/commercial-new/Volvo/2026-Volvo-XC90-In-Minneapolis-MN-3ae59849ac182acca3325405401184a4.htm	66240 USD	2026 Crystal White Volvo XC90 B6 Plus 7-Seater 2.0L I-4 cyl For sale at Borton Volvo Cars in Golden Valley Minnesota.	https://images.dealer.com/ddc/vehicles/2026/Volvo/XC90/SUV/trim_B6_Plus_7Seater_4849a4/color/Crystal%20White%20Pearl-707-229%2C230%2C230-640-en_US.jpg	in stock	NEW	SUV	Vehicles & Parts > Vehicles > Motor Vehicles > Cars, Trucks & Vans	YV4062PEXT1455591	https://www.bortonvolvocars.com/commercial-new/Volvo/2026-Volvo-XC90-In-Minneapolis-MN-3ae59849ac182acca3325405401184a4.htm?store={store_code}	WHITE	0 miles	XC90	YV4062PEXT1455591	2026	66240 USD	81060	66240 USD	MI
YV4062PE1T1446343	2026 Volvo XC90 B6 Plus 7-Seater	Volvo	https://www.bortonvolvocars.com/commercial-new/Volvo/2026-Volvo-XC90-In-Minneapolis-MN-4ea3f977ac182624a36828a77e40b99c.htm	67175 USD	2026 Vapour Grey Volvo XC90 B6 Plus 7-Seater 2.0L I-4 cyl For sale at Borton Volvo Cars in Golden Valley Minnesota.	https://images.dealer.com/ddc/vehicles/2026/Volvo/XC90/SUV/trim_B6_Plus_7Seater_4849a4/color/Vapour%20Gray%20Metallic-740-66%2C72%2C75-640-en_US.jpg	in stock	NEW	SUV	Vehicles & Parts > Vehicles > Motor Vehicles > Cars, Trucks & Vans	YV4062PE1T1446343	https://www.bortonvolvocars.com/commercial-new/Volvo/2026-Volvo-XC90-In-Minneapolis-MN-4ea3f977ac182624a36828a77e40b99c.htm?store={store_code}	GRAY	0 miles	XC90	YV4062PE1T1446343	2026	67175 USD	81060	67175 USD	MI
YV4062PE4T1432162	2026 Volvo XC90 B6 Plus 7-Seater	Volvo	https://www.bortonvolvocars.com/commercial-new/Volvo/2026-Volvo-XC90-In-Minneapolis-MN-52f26ddbac1818a251d11050b8102232.htm	66640 USD	2026 Vapour Grey Volvo XC90 B6 Plus 7-Seater 2.0L I-4 cyl For sale at Borton Volvo Cars in Golden Valley Minnesota.	https://images.dealer.com/ddc/vehicles/2026/Volvo/XC90/SUV/trim_B6_Plus_7Seater_4849a4/color/Vapour%20Gray%20Metallic-740-66%2C72%2C75-640-en_US.jpg	in stock	NEW	SUV	Vehicles & Parts > Vehicles > Motor Vehicles > Cars, Trucks & Vans	YV4062PE4T1432162	https://www.bortonvolvocars.com/commercial-new/Volvo/2026-Volvo-XC90-In-Minneapolis-MN-52f26ddbac1818a251d11050b8102232.htm?store={store_code}	GRAY	0 miles	XC90	YV4062PE4T1432162	2026	66640 USD	81060	66640 USD	MI
YV4062PE7T1435945	2026 Volvo XC90 B6 Plus 7-Seater	Volvo	https://www.bortonvolvocars.com/commercial-new/Volvo/2026-Volvo-XC90-In-Minneapolis-MN-59357036ac1832583f093e741efbf5e0.htm	66540 USD	2026 Denim Blue Volvo XC90 B6 Plus 7-Seater 2.0L I-4 cyl For sale at Borton Volvo Cars in Golden Valley Minnesota.	https://images.dealer.com/ddc/vehicles/2026/Volvo/XC90/SUV/trim_B6_Plus_7Seater_4849a4/color/Denim%20Blue%20Metallic-723-38%2C54%2C70-640-en_US.jpg	in stock	NEW	SUV	Vehicles & Parts > Vehicles > Motor Vehicles > Cars, Trucks & Vans	YV4062PE7T1435945	https://www.bortonvolvocars.com/commercial-new/Volvo/2026-Volvo-XC90-In-Minneapolis-MN-59357036ac1832583f093e741efbf5e0.htm?store={store_code}	BLUE	0 miles	XC90	YV4062PE7T1435945	2026	66540 USD	81060	66540 USD	MI
YV4062PE9T1440015	2026 Volvo XC90 B6 Plus 7-Seater	Volvo	https://www.bortonvolvocars.com/commercial-new/Volvo/2026-Volvo-XC90-In-Minneapolis-MN-5ca51792ac1832583f093e74b023d785.htm	66840 USD	2026 Crystal White Volvo XC90 B6 Plus 7-Seater 2.0L I-4 cyl For sale at Borton Volvo Cars in Golden Valley Minnesota.	https://images.dealer.com/ddc/vehicles/2026/Volvo/XC90/SUV/trim_B6_Plus_7Seater_4849a4/color/Crystal%20White%20Pearl-707-229%2C230%2C230-640-en_US.jpg	in stock	NEW	SUV	Vehicles & Parts > Vehicles > Motor Vehicles > Cars, Trucks & Vans	YV4062PE9T1440015	https://www.bortonvolvocars.com/commercial-new/Volvo/2026-Volvo-XC90-In-Minneapolis-MN-5ca51792ac1832583f093e74b023d785.htm?store={store_code}	WHITE	0 miles	XC90	YV4062PE9T1440015	2026	66840 USD	81060	66840 USD	MI
YV4062PE6T1456012	2026 Volvo XC90 B6 Plus 7-Seater	Volvo	https://www.bortonvolvocars.com/commercial-new/Volvo/2026-Volvo-XC90-In-Minneapolis-MN-5e4f0d5bac185aae63784147a97d6e18.htm	67175 USD	2026 Crystal White Volvo XC90 B6 Plus 7-Seater 2.0L I-4 cyl For sale at Borton Volvo Cars in Golden Valley Minnesota.	https://images.dealer.com/ddc/vehicles/2026/Volvo/XC90/SUV/trim_B6_Plus_7Seater_4849a4/color/Crystal%20White%20Pearl-707-229%2C230%2C230-640-en_US.jpg	in stock	NEW	SUV	Vehicles & Parts > Vehicles > Motor Vehicles > Cars, Trucks & Vans	YV4062PE6T1456012	https://www.bortonvolvocars.com/commercial-new/Volvo/2026-Volvo-XC90-In-Minneapolis-MN-5e4f0d5bac185aae63784147a97d6e18.htm?store={store_code}	WHITE	0 miles	XC90	YV4062PE6T1456012	2026	67175 USD	81060	67175 USD	MI
YV4062PE3T1462480	2026 Volvo XC90 B6 Plus 7-Seater	Volvo	https://www.bortonvolvocars.com/commercial-new/Volvo/2026-Volvo-XC90-In-Minneapolis-MN-66eb26d0ac18421df72c003fec5af9bb.htm	67175 USD	2026 Vapour Grey Volvo XC90 B6 Plus 7-Seater 2.0L I-4 cyl For sale at Borton Volvo Cars in Golden Valley Minnesota.	https://images.dealer.com/ddc/vehicles/2026/Volvo/XC90/SUV/trim_B6_Plus_7Seater_4849a4/color/Vapour%20Gray%20Metallic-740-66%2C72%2C75-640-en_US.jpg	in stock	NEW	SUV	Vehicles & Parts > Vehicles > Motor Vehicles > Cars, Trucks & Vans	YV4062PE3T1462480	https://www.bortonvolvocars.com/commercial-new/Volvo/2026-Volvo-XC90-In-Minneapolis-MN-66eb26d0ac18421df72c003fec5af9bb.htm?store={store_code}	GRAY	0 miles	XC90	YV4062PE3T1462480	2026	67175 USD	81060	67175 USD	MI
YV4062PE5T1463842	2026 Volvo XC90 B6 Plus 7-Seater	Volvo	https://www.bortonvolvocars.com/commercial-new/Volvo/2026-Volvo-XC90-In-Minneapolis-MN-66eb369fac1848db300c54660c793025.htm	67175 USD	2026 Onyx Black Volvo XC90 B6 Plus 7-Seater 2.0L I-4 cyl For sale at Borton Volvo Cars in Golden Valley Minnesota.	https://images.dealer.com/ddc/vehicles/2026/Volvo/XC90/SUV/trim_B6_Plus_7Seater_4849a4/color/Onyx%20Black%20Metallic-717-35%2C35%2C36-640-en_US.jpg	in stock	NEW	SUV	Vehicles & Parts > Vehicles > Motor Vehicles > Cars, Trucks & Vans	YV4062PE5T1463842	https://www.bortonvolvocars.com/commercial-new/Volvo/2026-Volvo-XC90-In-Minneapolis-MN-66eb369fac1848db300c54660c793025.htm?store={store_code}	BLACK	0 miles	XC90	YV4062PE5T1463842	2026	67175 USD	81060	67175 USD	MI
YV4062PE7T1463857	2026 Volvo XC90 B6 Plus 7-Seater	Volvo	https://www.bortonvolvocars.com/commercial-new/Volvo/2026-Volvo-XC90-In-Minneapolis-MN-66eb383dac183b60b185bb5273c5175c.htm	67175 USD	2026 Onyx Black Volvo XC90 B6 Plus 7-Seater 2.0L I-4 cyl For sale at Borton Volvo Cars in Golden Valley Minnesota.	https://images.dealer.com/ddc/vehicles/2026/Volvo/XC90/SUV/trim_B6_Plus_7Seater_4849a4/color/Onyx%20Black%20Metallic-717-35%2C35%2C36-640-en_US.jpg	in stock	NEW	SUV	Vehicles & Parts > Vehicles > Motor Vehicles > Cars, Trucks & Vans	YV4062PE7T1463857	https://www.bortonvolvocars.com/commercial-new/Volvo/2026-Volvo-XC90-In-Minneapolis-MN-66eb383dac183b60b185bb5273c5175c.htm?store={store_code}	BLACK	0 miles	XC90	YV4062PE7T1463857	2026	67175 USD	81060	67175 USD	MI
YV4062PF6T1465821	2026 Volvo XC90 B6 Ultra 7-Seater	Volvo	https://www.bortonvolvocars.com/commercial-new/Volvo/2026-Volvo-XC90-In-Minneapolis-MN-66eb460fac180bb2384681658962def5.htm	70505 USD	2026 Vapour Grey Volvo XC90 B6 Ultra 7-Seater 2.0L I-4 cyl For sale at Borton Volvo Cars in Golden Valley Minnesota.	https://images.dealer.com/ddc/vehicles/2026/Volvo/XC90/SUV/trim_B6_Ultra_7Seater_ce11f1/color/Vapour%20Gray%20Metallic-740-66%2C72%2C75-640-en_US.jpg	in stock	NEW	SUV	Vehicles & Parts > Vehicles > Motor Vehicles > Cars, Trucks & Vans	YV4062PF6T1465821	https://www.bortonvolvocars.com/commercial-new/Volvo/2026-Volvo-XC90-In-Minneapolis-MN-66eb460fac180bb2384681658962def5.htm?store={store_code}	GRAY	0 miles	XC90	YV4062PF6T1465821	2026	70505 USD	81060	70505 USD	MI
YV4062PE5T1428461	2026 Volvo XC90 B6 Plus 7-Seater	Volvo	https://www.bortonvolvocars.com/commercial-new/Volvo/2026-Volvo-XC90-In-Minneapolis-MN-85373939ac182f8540c75909a702958c.htm	67705 USD	2026 Crystal White Volvo XC90 B6 Plus 7-Seater 2.0L I-4 cyl For sale at Borton Volvo Cars in Golden Valley Minnesota.	https://images.dealer.com/ddc/vehicles/2026/Volvo/XC90/SUV/trim_B6_Plus_7Seater_4849a4/color/Crystal%20White%20Pearl-707-229%2C230%2C230-640-en_US.jpg	in stock	NEW	SUV	Vehicles & Parts > Vehicles > Motor Vehicles > Cars, Trucks & Vans	YV4062PE5T1428461	https://www.bortonvolvocars.com/commercial-new/Volvo/2026-Volvo-XC90-In-Minneapolis-MN-85373939ac182f8540c75909a702958c.htm?store={store_code}	WHITE	0 miles	XC90	YV4062PE5T1428461	2026	67705 USD	81060	67705 USD	MI
YV4M12PE6T1453451	2026 Volvo XC90 B5 Plus 7-Seater	Volvo	https://www.bortonvolvocars.com/commercial-new/Volvo/2026-Volvo-XC90-In-Minneapolis-MN-8afd761fac182034cbf33ea0b9207293.htm	64340 USD	2026 Vapour Grey Volvo XC90 B5 Plus 7-Seater 2.0L I-4 cyl For sale at Borton Volvo Cars in Golden Valley Minnesota.	https://images.dealer.com/ddc/vehicles/2026/Volvo/XC90/SUV/trim_B5_Plus_7Seater_30ff2c/color/Vapour%20Gray%20Metallic-740-66%2C72%2C75-640-en_US.jpg	in stock	NEW	SUV	Vehicles & Parts > Vehicles > Motor Vehicles > Cars, Trucks & Vans	YV4M12PE6T1453451	https://www.bortonvolvocars.com/commercial-new/Volvo/2026-Volvo-XC90-In-Minneapolis-MN-8afd761fac182034cbf33ea0b9207293.htm?store={store_code}	GRAY	0 miles	XC90	YV4M12PE6T1453451	2026	64340 USD	81060	64340 USD	MI
YV4062PE6T1432132	2026 Volvo XC90 B6 Plus 7-Seater	Volvo	https://www.bortonvolvocars.com/commercial-new/Volvo/2026-Volvo-XC90-In-Minneapolis-MN-9ef5a4edac182c24ac29024f79d4486b.htm	67175 USD	2026 Vapour Grey Volvo XC90 B6 Plus 7-Seater 2.0L I-4 cyl For sale at Borton Volvo Cars in Golden Valley Minnesota.	https://images.dealer.com/ddc/vehicles/2026/Volvo/XC90/SUV/trim_B6_Plus_7Seater_4849a4/color/Vapour%20Gray%20Metallic-740-66%2C72%2C75-640-en_US.jpg	in stock	NEW	SUV	Vehicles & Parts > Vehicles > Motor Vehicles > Cars, Trucks & Vans	YV4062PE6T1432132	https://www.bortonvolvocars.com/commercial-new/Volvo/2026-Volvo-XC90-In-Minneapolis-MN-9ef5a4edac182c24ac29024f79d4486b.htm?store={store_code}	GRAY	0 miles	XC90	YV4062PE6T1432132	2026	67175 USD	81060	67175 USD	MI
YV4M12PE1T1450828	2026 Volvo XC90 B5 Plus 7-Seater	Volvo	https://www.bortonvolvocars.com/commercial-new/Volvo/2026-Volvo-XC90-In-Minneapolis-MN-bf519589ac181028b621efada2471ba8.htm	63425 USD	2026 Aurora Silver Volvo XC90 B5 Plus 7-Seater 2.0L I-4 cyl For sale at Borton Volvo Cars in Golden Valley Minnesota.	https://images.dealer.com/ddc/vehicles/2026/Volvo/XC90/SUV/trim_B5_Plus_7Seater_30ff2c/color/Aurora%20Silver-745-175%2C174%2C178-640-en_US.jpg	in stock	NEW	SUV	Vehicles & Parts > Vehicles > Motor Vehicles > Cars, Trucks & Vans	YV4M12PE1T1450828	https://www.bortonvolvocars.com/commercial-new/Volvo/2026-Volvo-XC90-In-Minneapolis-MN-bf519589ac181028b621efada2471ba8.htm?store={store_code}	SILVER	0 miles	XC90	YV4M12PE1T1450828	2026	63425 USD	81060	63425 USD	MI
YV4062PEXT1433171	2026 Volvo XC90 B6 Plus 7-Seater	Volvo	https://www.bortonvolvocars.com/commercial-new/Volvo/2026-Volvo-XC90-In-Minneapolis-MN-cd5bcdd5ac181738077bc8b0f3d765ac.htm	67175 USD	2026 Denim Blue Volvo XC90 B6 Plus 7-Seater 2.0L I-4 cyl For sale at Borton Volvo Cars in Golden Valley Minnesota.	https://images.dealer.com/ddc/vehicles/2026/Volvo/XC90/SUV/trim_B6_Plus_7Seater_4849a4/color/Denim%20Blue%20Metallic-723-38%2C54%2C70-640-en_US.jpg	in stock	NEW	SUV	Vehicles & Parts > Vehicles > Motor Vehicles > Cars, Trucks & Vans	YV4062PEXT1433171	https://www.bortonvolvocars.com/commercial-new/Volvo/2026-Volvo-XC90-In-Minneapolis-MN-cd5bcdd5ac181738077bc8b0f3d765ac.htm?store={store_code}	BLUE	0 miles	XC90	YV4062PEXT1433171	2026	67175 USD	81060	67175 USD	MI
YV4062PEXT1435471	2026 Volvo XC90 B6 Plus 7-Seater	Volvo	https://www.bortonvolvocars.com/commercial-new/Volvo/2026-Volvo-XC90-In-Minneapolis-MN-d272a5c4ac181cdd372de4aa5849dc04.htm	67705 USD	2026 Aurora Silver Volvo XC90 B6 Plus 7-Seater 2.0L I-4 cyl For sale at Borton Volvo Cars in Golden Valley Minnesota.	https://images.dealer.com/ddc/vehicles/2026/Volvo/XC90/SUV/trim_B6_Plus_7Seater_4849a4/color/Aurora%20Silver-745-175%2C174%2C178-640-en_US.jpg	in stock	NEW	SUV	Vehicles & Parts > Vehicles > Motor Vehicles > Cars, Trucks & Vans	YV4062PEXT1435471	https://www.bortonvolvocars.com/commercial-new/Volvo/2026-Volvo-XC90-In-Minneapolis-MN-d272a5c4ac181cdd372de4aa5849dc04.htm?store={store_code}	SILVER	0 miles	XC90	YV4062PEXT1435471	2026	67705 USD	81060	67705 USD	MI
YV4062PE5T1471827	2026 Volvo XC90 B6 Plus 7-Seater	Volvo	https://www.bortonvolvocars.com/commercial-new/Volvo/2026-Volvo-XC90-In-Minneapolis-MN-e551c91cac1803eacf52b0ff908dad5b.htm	67175 USD	2026 Vapour Grey Volvo XC90 B6 Plus 7-Seater 2.0L I-4 cyl For sale at Borton Volvo Cars in Golden Valley Minnesota.	https://images.dealer.com/ddc/vehicles/2026/Volvo/XC90/SUV/trim_B6_Plus_7Seater_4849a4/color/Vapour%20Gray%20Metallic-740-66%2C72%2C75-640-en_US.jpg	in stock	NEW	SUV	Vehicles & Parts > Vehicles > Motor Vehicles > Cars, Trucks & Vans	YV4062PE5T1471827	https://www.bortonvolvocars.com/commercial-new/Volvo/2026-Volvo-XC90-In-Minneapolis-MN-e551c91cac1803eacf52b0ff908dad5b.htm?store={store_code}	GRAY	0 miles	XC90	YV4062PE5T1471827	2026	67175 USD	81060	67175 USD	MI
YV4062PE0T1471833	2026 Volvo XC90 B6 Plus 7-Seater	Volvo	https://www.bortonvolvocars.com/commercial-new/Volvo/2026-Volvo-XC90-In-Minneapolis-MN-e551cdfdac185eebd5a42a453a526bdc.htm	67175 USD	2026 Vapour Grey Volvo XC90 B6 Plus 7-Seater 2.0L I-4 cyl For sale at Borton Volvo Cars in Golden Valley Minnesota.	https://images.dealer.com/ddc/vehicles/2026/Volvo/XC90/SUV/trim_B6_Plus_7Seater_4849a4/color/Vapour%20Gray%20Metallic-740-66%2C72%2C75-640-en_US.jpg	in stock	NEW	SUV	Vehicles & Parts > Vehicles > Motor Vehicles > Cars, Trucks & Vans	YV4062PE0T1471833	https://www.bortonvolvocars.com/commercial-new/Volvo/2026-Volvo-XC90-In-Minneapolis-MN-e551cdfdac185eebd5a42a453a526bdc.htm?store={store_code}	GRAY	0 miles	XC90	YV4062PE0T1471833	2026	67175 USD	81060	67175 USD	MI
YV4062PE3T1476542	2026 Volvo XC90 B6 Plus 7-Seater	Volvo	https://www.bortonvolvocars.com/commercial-new/Volvo/2026-Volvo-XC90-In-Minneapolis-MN-e551d9fcac1823afbf61a794431f7d2d.htm	67175 USD	2026 Onyx Black Volvo XC90 B6 Plus 7-Seater 2.0L I-4 cyl For sale at Borton Volvo Cars in Golden Valley Minnesota.	https://images.dealer.com/ddc/vehicles/2026/Volvo/XC90/SUV/trim_B6_Plus_7Seater_4849a4/color/Onyx%20Black%20Metallic-717-35%2C35%2C36-640-en_US.jpg	in stock	NEW	SUV	Vehicles & Parts > Vehicles > Motor Vehicles > Cars, Trucks & Vans	YV4062PE3T1476542	https://www.bortonvolvocars.com/commercial-new/Volvo/2026-Volvo-XC90-In-Minneapolis-MN-e551d9fcac1823afbf61a794431f7d2d.htm?store={store_code}	BLACK	0 miles	XC90	YV4062PE3T1476542	2026	67175 USD	81060	67175 USD	MI
YV4062PE9T1470518	2026 Volvo XC90 B6 Plus 7-Seater	Volvo	https://www.bortonvolvocars.com/commercial-new/Volvo/2026-Volvo-XC90-In-Minneapolis-MN-e551dd2dac184236e10863af8c831e88.htm	67175 USD	2026 Aurora Silver Volvo XC90 B6 Plus 7-Seater 2.0L I-4 cyl For sale at Borton Volvo Cars in Golden Valley Minnesota.	https://images.dealer.com/ddc/vehicles/2026/Volvo/XC90/SUV/trim_B6_Plus_7Seater_4849a4/color/Aurora%20Silver-745-175%2C174%2C178-640-en_US.jpg	in stock	NEW	SUV	Vehicles & Parts > Vehicles > Motor Vehicles > Cars, Trucks & Vans	YV4062PE9T1470518	https://www.bortonvolvocars.com/commercial-new/Volvo/2026-Volvo-XC90-In-Minneapolis-MN-e551dd2dac184236e10863af8c831e88.htm?store={store_code}	SILVER	0 miles	XC90	YV4062PE9T1470518	2026	67175 USD	81060	67175 USD	MI
YV4062PE7T1476480	2026 Volvo XC90 B6 Plus 7-Seater	Volvo	https://www.bortonvolvocars.com/commercial-new/Volvo/2026-Volvo-XC90-In-Minneapolis-MN-e551dd9aac184236e10863af099588da.htm	67175 USD	2026 Onyx Black Volvo XC90 B6 Plus 7-Seater 2.0L I-4 cyl For sale at Borton Volvo Cars in Golden Valley Minnesota.	https://images.dealer.com/ddc/vehicles/2026/Volvo/XC90/SUV/trim_B6_Plus_7Seater_4849a4/color/Onyx%20Black%20Metallic-717-35%2C35%2C36-640-en_US.jpg	in stock	NEW	SUV	Vehicles & Parts > Vehicles > Motor Vehicles > Cars, Trucks & Vans	YV4062PE7T1476480	https://www.bortonvolvocars.com/commercial-new/Volvo/2026-Volvo-XC90-In-Minneapolis-MN-e551dd9aac184236e10863af099588da.htm?store={store_code}	BLACK	0 miles	XC90	YV4062PE7T1476480	2026	67175 USD	81060	67175 USD	MI
YV4062PE9T1435980	2026 Volvo XC90 B6 Plus 7-Seater	Volvo	https://www.bortonvolvocars.com/commercial-new/Volvo/2026-Volvo-XC90-In-Minneapolis-MN-f07a814dac181406e39c08c2f2447f76.htm	66540 USD	2026 Denim Blue Volvo XC90 B6 Plus 7-Seater 2.0L I-4 cyl For sale at Borton Volvo Cars in Golden Valley Minnesota.	https://images.dealer.com/ddc/vehicles/2026/Volvo/XC90/SUV/trim_B6_Plus_7Seater_4849a4/color/Denim%20Blue%20Metallic-723-38%2C54%2C70-640-en_US.jpg	in stock	NEW	SUV	Vehicles & Parts > Vehicles > Motor Vehicles > Cars, Trucks & Vans	YV4062PE9T1435980	https://www.bortonvolvocars.com/commercial-new/Volvo/2026-Volvo-XC90-In-Minneapolis-MN-f07a814dac181406e39c08c2f2447f76.htm?store={store_code}	BLUE	0 miles	XC90	YV4062PE9T1435980	2026	66540 USD	81060	66540 USD	MI
YV4H60PF6T1486871	2026 Volvo XC90 plug-in hybrid T8 Ultra 7-Seater	Volvo	https://www.bortonvolvocars.com/commercial-new/Volvo/2026-Volvo-XC90-plug-in-hybrid-In-Minneapolis-MN-2336d58dac182ac7cb1327f034be3f7c.htm	84030 USD	2026 Crystal White Volvo XC90 plug-in T8 Ultra 7-Seater 2.0L I-4 cyl For sale at Borton Volvo Cars in Golden Valley Minnesota.	https://images.dealer.com/ddc/vehicles/2026/Volvo/XC90%20Plug-In%20Hybrid/SUV/trim_T8_Ultra_7Seater_d4bcc0/color/Crystal%20White%20Pearl-707-229%2C230%2C230-640-en_US.jpg	in stock	NEW	SUV	Vehicles & Parts > Vehicles > Motor Vehicles > Cars, Trucks & Vans	YV4H60PF6T1486871	https://www.bortonvolvocars.com/commercial-new/Volvo/2026-Volvo-XC90-plug-in-hybrid-In-Minneapolis-MN-2336d58dac182ac7cb1327f034be3f7c.htm?store={store_code}	WHITE	0 miles	XC90 plug-in	YV4H60PF6T1486871	2026	84030 USD	81060	84030 USD	MI
YV4H60PE7T1532313	2026 Volvo XC90 plug-in hybrid T8 Plus 7-Seater	Volvo	https://www.bortonvolvocars.com/commercial-new/Volvo/2026-Volvo-XC90-plug-in-hybrid-In-Minneapolis-MN-2e796433ac1826fc4220aec52389264c.htm	78005 USD	2026 Onyx Black Volvo XC90 plug-in T8 Plus 7-Seater 2.0L I-4 cyl For sale at Borton Volvo Cars in Golden Valley Minnesota.	https://images.dealer.com/ddc/vehicles/2026/Volvo/XC90%20Plug-In%20Hybrid/SUV/trim_T8_Plus_7Seater_46f14b/color/Onyx%20Black%20Metallic-717-35%2C35%2C36-640-en_US.jpg	in stock	NEW	SUV	Vehicles & Parts > Vehicles > Motor Vehicles > Cars, Trucks & Vans	YV4H60PE7T1532313	https://www.bortonvolvocars.com/commercial-new/Volvo/2026-Volvo-XC90-plug-in-hybrid-In-Minneapolis-MN-2e796433ac1826fc4220aec52389264c.htm?store={store_code}	BLACK	0 miles	XC90 plug-in	YV4H60PE7T1532313	2026	78005 USD	81060	78005 USD	MI
YV4H60PM7T1522002	2026 Volvo XC90 plug-in hybrid T8 Ultra Dark Theme 7-Seater	Volvo	https://www.bortonvolvocars.com/commercial-new/Volvo/2026-Volvo-XC90-plug-in-hybrid-In-Minneapolis-MN-9b2cc913ac1810998925e011041aa3d7.htm	85365 USD	2026 Onyx Black Volvo XC90 plug-in T8 Ultra Dark Theme 7-Seater 2.0L I-4 cyl For sale at Borton Volvo Cars in Golden Valley Minnesota.	https://images.dealer.com/ddc/vehicles/2026/Volvo/XC90%20Plug-In%20Hybrid/SUV/trim_T8_Ultra_Dark_Theme_7Seater_3d3048/color/Onyx%20Black%20Metallic-717-35%2C35%2C36-640-en_US.jpg	in stock	NEW	SUV	Vehicles & Parts > Vehicles > Motor Vehicles > Cars, Trucks & Vans	YV4H60PM7T1522002	https://www.bortonvolvocars.com/commercial-new/Volvo/2026-Volvo-XC90-plug-in-hybrid-In-Minneapolis-MN-9b2cc913ac1810998925e011041aa3d7.htm?store={store_code}	BLACK	0 miles	XC90 plug-in	YV4H60PM7T1522002	2026	85365 USD	81060	85365 USD	MI
YV4H60PF9T1477548	2026 Volvo XC90 plug-in hybrid T8 Ultra 7-Seater	Volvo	https://www.bortonvolvocars.com/commercial-new/Volvo/2026-Volvo-XC90-plug-in-hybrid-In-Minneapolis-MN-a9337b94ac18563ae13a39e84d3a1318.htm	81475 USD	2026 Mulberry Red Volvo XC90 plug-in T8 Ultra 7-Seater 2.0L I-4 cyl For sale at Borton Volvo Cars in Golden Valley Minnesota.	https://images.dealer.com/ddc/vehicles/2026/Volvo/XC90%20Plug-In%20Hybrid/SUV/trim_T8_Ultra_7Seater_d4bcc0/color/Mulberry%20Red%20Metallic-739-49%2C40%2C48-640-en_US.jpg	in stock	NEW	SUV	Vehicles & Parts > Vehicles > Motor Vehicles > Cars, Trucks & Vans	YV4H60PF9T1477548	https://www.bortonvolvocars.com/commercial-new/Volvo/2026-Volvo-XC90-plug-in-hybrid-In-Minneapolis-MN-a9337b94ac18563ae13a39e84d3a1318.htm?store={store_code}	RED	0 miles	XC90 plug-in	YV4H60PF9T1477548	2026	81475 USD	81060	81475 USD	MI
YV4L12UM1T2805191	2026 Volvo XC40 B5 Ultra	Volvo	https://www.bortonvolvocars.com/new/Volvo/2026-Volvo-XC40-In-Minneapolis-MN-053f72b4ac181d22987dd2b35366d263.htm	50985 USD	2026 Crystal White Volvo XC40 B5 Ultra 2.0L I-4 cyl For sale at Borton Volvo Cars in Golden Valley Minnesota.	https://images.dealer.com/ddc/vehicles/2026/Volvo/XC40/SUV/trim_B5_Ultra_af9b11/color/Crystal%20White-707-229%2C230%2C230-640-en_US.jpg	in stock	NEW	SUV	Vehicles & Parts > Vehicles > Motor Vehicles > Cars, Trucks & Vans	YV4L12UM1T2805191	https://www.bortonvolvocars.com/new/Volvo/2026-Volvo-XC40-In-Minneapolis-MN-053f72b4ac181d22987dd2b35366d263.htm?store={store_code}	WHITE	0 miles	XC40	YV4L12UM1T2805191	2026	50985 USD	81060	50985 USD	MI
YV4L12UD7T2805969	2026 Volvo XC40 B5 Ultra Black Edition	Volvo	https://www.bortonvolvocars.com/new/Volvo/2026-Volvo-XC40-In-Minneapolis-MN-0928aa69ac18107eb3503fd1f87c52e5.htm	51635 USD	2026 Crystal White Volvo XC40 B5 Ultra Black Edition 2.0L I-4 cyl For sale at Borton Volvo Cars in Golden Valley Minnesota.	https://images.dealer.com/ddc/vehicles/2026/Volvo/XC40/SUV/trim_B5_Ultra_Black_Edition_22258c/color/Crystal%20White-707-229%2C230%2C230-640-en_US.jpg	in stock	NEW	SUV	Vehicles & Parts > Vehicles > Motor Vehicles > Cars, Trucks & Vans	YV4L12UD7T2805969	https://www.bortonvolvocars.com/new/Volvo/2026-Volvo-XC40-In-Minneapolis-MN-0928aa69ac18107eb3503fd1f87c52e5.htm?store={store_code}	WHITE	0 miles	XC40	YV4L12UD7T2805969	2026	51635 USD	81060	51635 USD	MI
YV4L12UM6T2807230	2026 Volvo XC40 B5 Ultra	Volvo	https://www.bortonvolvocars.com/new/Volvo/2026-Volvo-XC40-In-Minneapolis-MN-1d926b1aac183c20f46ddc47682a211f.htm	50985 USD	2026 Onyx Black Volvo XC40 B5 Ultra 2.0L I-4 cyl For sale at Borton Volvo Cars in Golden Valley Minnesota.	https://images.dealer.com/ddc/vehicles/2026/Volvo/XC40/SUV/trim_B5_Ultra_af9b11/color/Onyx%20Black-717-35%2C35%2C36-640-en_US.jpg	in stock	NEW	SUV	Vehicles & Parts > Vehicles > Motor Vehicles > Cars, Trucks & Vans	YV4L12UM6T2807230	https://www.bortonvolvocars.com/new/Volvo/2026-Volvo-XC40-In-Minneapolis-MN-1d926b1aac183c20f46ddc47682a211f.htm?store={store_code}	BLACK	0 miles	XC40	YV4L12UM6T2807230	2026	50985 USD	81060	50985 USD	MI
YV4L12UM0T2747087	2026 Volvo XC40 B5 Ultra	Volvo	https://www.bortonvolvocars.com/new/Volvo/2026-Volvo-XC40-In-Minneapolis-MN-279004d2ac1823e7f45058290e349764.htm	50875 USD	2026 Onyx Black Volvo XC40 B5 Ultra 2.0L I-4 cyl For sale at Borton Volvo Cars in Golden Valley Minnesota.	https://images.dealer.com/ddc/vehicles/2026/Volvo/XC40/SUV/trim_B5_Ultra_af9b11/color/Onyx%20Black-717-35%2C35%2C36-640-en_US.jpg	in stock	NEW	SUV	Vehicles & Parts > Vehicles > Motor Vehicles > Cars, Trucks & Vans	YV4L12UM0T2747087	https://www.bortonvolvocars.com/new/Volvo/2026-Volvo-XC40-In-Minneapolis-MN-279004d2ac1823e7f45058290e349764.htm?store={store_code}	BLACK	0 miles	XC40	YV4L12UM0T2747087	2026	50875 USD	81060	50875 USD	MI
YV4L12UM8T2721983	2026 Volvo XC40 B5 Ultra	Volvo	https://www.bortonvolvocars.com/new/Volvo/2026-Volvo-XC40-In-Minneapolis-MN-800b9ef5ac18082e9316a3d9611a1f5f.htm	52320 USD	2026 Crystal White Volvo XC40 B5 Ultra 2.0L I-4 cyl For sale at Borton Volvo Cars in Golden Valley Minnesota.	https://images.dealer.com/ddc/vehicles/2026/Volvo/XC40/SUV/trim_B5_Ultra_af9b11/color/Crystal%20White-707-229%2C230%2C230-640-en_US.jpg	in stock	NEW	SUV	Vehicles & Parts > Vehicles > Motor Vehicles > Cars, Trucks & Vans	YV4L12UM8T2721983	https://www.bortonvolvocars.com/new/Volvo/2026-Volvo-XC40-In-Minneapolis-MN-800b9ef5ac18082e9316a3d9611a1f5f.htm?store={store_code}	WHITE	0 miles	XC40	YV4L12UM8T2721983	2026	52320 USD	81060	52320 USD	MI
YV4L12UM6T2819457	2026 Volvo XC40 B5 Ultra	Volvo	https://www.bortonvolvocars.com/new/Volvo/2026-Volvo-XC40-In-Minneapolis-MN-93f13216ac180d8e4ec892289d153544.htm	51435 USD	2026 Crystal White Volvo XC40 B5 Ultra 2.0L I-4 cyl For sale at Borton Volvo Cars in Golden Valley Minnesota.	https://images.dealer.com/ddc/vehicles/2026/Volvo/XC40/SUV/trim_B5_Ultra_af9b11/color/Crystal%20White-707-229%2C230%2C230-640-en_US.jpg	in stock	NEW	SUV	Vehicles & Parts > Vehicles > Motor Vehicles > Cars, Trucks & Vans	YV4L12UM6T2819457	https://www.bortonvolvocars.com/new/Volvo/2026-Volvo-XC40-In-Minneapolis-MN-93f13216ac180d8e4ec892289d153544.htm?store={store_code}	WHITE	0 miles	XC40	YV4L12UM6T2819457	2026	51435 USD	81060	51435 USD	MI
YV4L12UM0T2859744	2026 Volvo XC40 B5 Ultra	Volvo	https://www.bortonvolvocars.com/new/Volvo/2026-Volvo-XC40-In-Minneapolis-MN-9510dd7dac1814e012e1fffc2244c260.htm	51660 USD	2026 Denim Blue Volvo XC40 B5 Ultra 2.0L I-4 cyl For sale at Borton Volvo Cars in Golden Valley Minnesota.	https://images.dealer.com/ddc/vehicles/2026/Volvo/XC40/SUV/trim_B5_Ultra_af9b11/color/Denim%20Blue-723-38%2C54%2C70-640-en_US.jpg	in stock	NEW	SUV	Vehicles & Parts > Vehicles > Motor Vehicles > Cars, Trucks & Vans	YV4L12UM0T2859744	https://www.bortonvolvocars.com/new/Volvo/2026-Volvo-XC40-In-Minneapolis-MN-9510dd7dac1814e012e1fffc2244c260.htm?store={store_code}	BLUE	0 miles	XC40	YV4L12UM0T2859744	2026	51660 USD	81060	51660 USD	MI
YV4L12UD4T2864266	2026 Volvo XC40 B5 Ultra Black Edition	Volvo	https://www.bortonvolvocars.com/new/Volvo/2026-Volvo-XC40-In-Minneapolis-MN-9510e3cbac1824b1018118bafaeefd44.htm	52310 USD	2026 Vapour Grey Volvo XC40 B5 Ultra Black Edition 2.0L I-4 cyl For sale at Borton Volvo Cars in Golden Valley Minnesota.	https://images.dealer.com/ddc/vehicles/2026/Volvo/XC40/SUV/trim_B5_Ultra_Black_Edition_22258c/color/Vapour%20Gray%20Metallic-740-66%2C72%2C75-640-en_US.jpg	in stock	NEW	SUV	Vehicles & Parts > Vehicles > Motor Vehicles > Cars, Trucks & Vans	YV4L12UD4T2864266	https://www.bortonvolvocars.com/new/Volvo/2026-Volvo-XC40-In-Minneapolis-MN-9510e3cbac1824b1018118bafaeefd44.htm?store={store_code}	GRAY	0 miles	XC40	YV4L12UD4T2864266	2026	52310 USD	81060	52310 USD	MI
YV4L12UC4T2851444	2026 Volvo XC40 B5 Plus	Volvo	https://www.bortonvolvocars.com/new/Volvo/2026-Volvo-XC40-In-Minneapolis-MN-9510e7a5ac185d005aaedd20f20484a6.htm	47610 USD	2026 Onyx Black Volvo XC40 B5 Plus 2.0L I-4 cyl For sale at Borton Volvo Cars in Golden Valley Minnesota.	https://images.dealer.com/ddc/vehicles/2026/Volvo/XC40/SUV/trim_B5_Plus_cccdb9/color/Onyx%20Black-717-35%2C35%2C36-640-en_US.jpg	in stock	NEW	SUV	Vehicles & Parts > Vehicles > Motor Vehicles > Cars, Trucks & Vans	YV4L12UC4T2851444	https://www.bortonvolvocars.com/new/Volvo/2026-Volvo-XC40-In-Minneapolis-MN-9510e7a5ac185d005aaedd20f20484a6.htm?store={store_code}	BLACK	0 miles	XC40	YV4L12UC4T2851444	2026	47610 USD	81060	47610 USD	MI
YV4L12UM8T2860012	2026 Volvo XC40 B5 Ultra	Volvo	https://www.bortonvolvocars.com/new/Volvo/2026-Volvo-XC40-In-Minneapolis-MN-9510e7f1ac1824b1018118ba2d57def0.htm	51660 USD	2026 Denim Blue Volvo XC40 B5 Ultra 2.0L I-4 cyl For sale at Borton Volvo Cars in Golden Valley Minnesota.	https://images.dealer.com/ddc/vehicles/2026/Volvo/XC40/SUV/trim_B5_Ultra_af9b11/color/Denim%20Blue-723-38%2C54%2C70-640-en_US.jpg	in stock	NEW	SUV	Vehicles & Parts > Vehicles > Motor Vehicles > Cars, Trucks & Vans	YV4L12UM8T2860012	https://www.bortonvolvocars.com/new/Volvo/2026-Volvo-XC40-In-Minneapolis-MN-9510e7f1ac1824b1018118ba2d57def0.htm?store={store_code}	BLUE	0 miles	XC40	YV4L12UM8T2860012	2026	51660 USD	81060	51660 USD	MI
YV4L12UC0T2853031	2026 Volvo XC40 B5 Plus	Volvo	https://www.bortonvolvocars.com/new/Volvo/2026-Volvo-XC40-In-Minneapolis-MN-9510edceac185d005aaedd203602ee89.htm	47610 USD	2026 Crystal White Volvo XC40 B5 Plus 2.0L I-4 cyl For sale at Borton Volvo Cars in Golden Valley Minnesota.	https://images.dealer.com/ddc/vehicles/2026/Volvo/XC40/SUV/trim_B5_Plus_cccdb9/color/Crystal%20White-707-229%2C230%2C230-640-en_US.jpg	in stock	NEW	SUV	Vehicles & Parts > Vehicles > Motor Vehicles > Cars, Trucks & Vans	YV4L12UC0T2853031	https://www.bortonvolvocars.com/new/Volvo/2026-Volvo-XC40-In-Minneapolis-MN-9510edceac185d005aaedd203602ee89.htm?store={store_code}	WHITE	0 miles	XC40	YV4L12UC0T2853031	2026	47610 USD	81060	47610 USD	MI
YV4L12UC4T2768984	2026 Volvo XC40 B5 Plus	Volvo	https://www.bortonvolvocars.com/new/Volvo/2026-Volvo-XC40-In-Minneapolis-MN-a21e2b2dac181b7530a2c083094b7068.htm	48860 USD	2026 Onyx Black Volvo XC40 B5 Plus 2.0L I-4 cyl For sale at Borton Volvo Cars in Golden Valley Minnesota.	https://images.dealer.com/ddc/vehicles/2026/Volvo/XC40/SUV/trim_B5_Plus_cccdb9/color/Onyx%20Black-717-35%2C35%2C36-640-en_US.jpg	in stock	NEW	SUV	Vehicles & Parts > Vehicles > Motor Vehicles > Cars, Trucks & Vans	YV4L12UC4T2768984	https://www.bortonvolvocars.com/new/Volvo/2026-Volvo-XC40-In-Minneapolis-MN-a21e2b2dac181b7530a2c083094b7068.htm?store={store_code}	BLACK	0 miles	XC40	YV4L12UC4T2768984	2026	48860 USD	81060	48860 USD	MI
YV4L12UM2T2874973	2026 Volvo XC40 B5 Ultra	Volvo	https://www.bortonvolvocars.com/new/Volvo/2026-Volvo-XC40-In-Minneapolis-MN-aeb7a46fac184067335a66be9123299f.htm	51660 USD	2026 Onyx Black Volvo XC40 B5 Ultra 2.0L I-4 cyl For sale at Borton Volvo Cars in Golden Valley Minnesota.	https://images.dealer.com/ddc/vehicles/2026/Volvo/XC40/SUV/trim_B5_Ultra_af9b11/color/Onyx%20Black-717-35%2C35%2C36-640-en_US.jpg	in stock	NEW	SUV	Vehicles & Parts > Vehicles > Motor Vehicles > Cars, Trucks & Vans	YV4L12UM2T2874973	https://www.bortonvolvocars.com/new/Volvo/2026-Volvo-XC40-In-Minneapolis-MN-aeb7a46fac184067335a66be9123299f.htm?store={store_code}	BLACK	0 miles	XC40	YV4L12UM2T2874973	2026	51660 USD	81060	51660 USD	MI
YV4L12UC8T2822383	2026 Volvo XC40 B5 Plus	Volvo	https://www.bortonvolvocars.com/new/Volvo/2026-Volvo-XC40-In-Minneapolis-MN-afb0203bac185e3b261a30382b8de74c.htm	49660 USD	2026 Crystal White Volvo XC40 B5 Plus 2.0L I-4 cyl For sale at Borton Volvo Cars in Golden Valley Minnesota.	https://images.dealer.com/ddc/vehicles/2026/Volvo/XC40/SUV/trim_B5_Plus_cccdb9/color/Crystal%20White-707-229%2C230%2C230-640-en_US.jpg	in stock	NEW	SUV	Vehicles & Parts > Vehicles > Motor Vehicles > Cars, Trucks & Vans	YV4L12UC8T2822383	https://www.bortonvolvocars.com/new/Volvo/2026-Volvo-XC40-In-Minneapolis-MN-afb0203bac185e3b261a30382b8de74c.htm?store={store_code}	WHITE	0 miles	XC40	YV4L12UC8T2822383	2026	49660 USD	81060	49660 USD	MI
YV4L12UC9T2884763	2026 Volvo XC40 B5 Plus	Volvo	https://www.bortonvolvocars.com/new/Volvo/2026-Volvo-XC40-In-Minneapolis-MN-bb09218fac1836316e8e0c1646b6679a.htm	48060 USD	2026 Forest Lake Volvo XC40 B5 Plus 2.0L I-4 cyl For sale at Borton Volvo Cars in Golden Valley Minnesota.	https://images.dealer.com/ddc/vehicles/2026/Volvo/XC40/SUV/trim_B5_Plus_cccdb9/color/Forest%20Lake-746-64%2C74%2C74-640-en_US.jpg	in stock	NEW	SUV	Vehicles & Parts > Vehicles > Motor Vehicles > Cars, Trucks & Vans	YV4L12UC9T2884763	https://www.bortonvolvocars.com/new/Volvo/2026-Volvo-XC40-In-Minneapolis-MN-bb09218fac1836316e8e0c1646b6679a.htm?store={store_code}	GREEN	0 miles	XC40	YV4L12UC9T2884763	2026	48060 USD	81060	48060 USD	MI
YV4L12UC3T2885164	2026 Volvo XC40 B5 Plus	Volvo	https://www.bortonvolvocars.com/new/Volvo/2026-Volvo-XC40-In-Minneapolis-MN-bb0931ebac183b7cfe9e7d694f3131a8.htm	48060 USD	2026 Denim Blue Volvo XC40 B5 Plus 2.0L I-4 cyl For sale at Borton Volvo Cars in Golden Valley Minnesota.	https://images.dealer.com/ddc/vehicles/2026/Volvo/XC40/SUV/trim_B5_Plus_cccdb9/color/Denim%20Blue-723-38%2C54%2C70-640-en_US.jpg	in stock	NEW	SUV	Vehicles & Parts > Vehicles > Motor Vehicles > Cars, Trucks & Vans	YV4L12UC3T2885164	https://www.bortonvolvocars.com/new/Volvo/2026-Volvo-XC40-In-Minneapolis-MN-bb0931ebac183b7cfe9e7d694f3131a8.htm?store={store_code}	BLUE	0 miles	XC40	YV4L12UC3T2885164	2026	48060 USD	81060	48060 USD	MI
YV4L12UM2T2872818	2026 Volvo XC40 B5 Ultra	Volvo	https://www.bortonvolvocars.com/new/Volvo/2026-Volvo-XC40-In-Minneapolis-MN-bb0942e6ac183c5b5fb7bc25d6cd043d.htm	51660 USD	2026 Crystal White Volvo XC40 B5 Ultra 2.0L I-4 cyl For sale at Borton Volvo Cars in Golden Valley Minnesota.	https://images.dealer.com/ddc/vehicles/2026/Volvo/XC40/SUV/trim_B5_Ultra_af9b11/color/Crystal%20White-707-229%2C230%2C230-640-en_US.jpg	in stock	NEW	SUV	Vehicles & Parts > Vehicles > Motor Vehicles > Cars, Trucks & Vans	YV4L12UM2T2872818	https://www.bortonvolvocars.com/new/Volvo/2026-Volvo-XC40-In-Minneapolis-MN-bb0942e6ac183c5b5fb7bc25d6cd043d.htm?store={store_code}	WHITE	0 miles	XC40	YV4L12UM2T2872818	2026	51660 USD	81060	51660 USD	MI
YV4L12UM7T2802991	2026 Volvo XC40 B5 Ultra	Volvo	https://www.bortonvolvocars.com/new/Volvo/2026-Volvo-XC40-In-Minneapolis-MN-f5dc4184ac1807bdb61772b5cafe15e8.htm	50985 USD	2026 Crystal White Volvo XC40 B5 Ultra 2.0L I-4 cyl For sale at Borton Volvo Cars in Golden Valley Minnesota.	https://images.dealer.com/ddc/vehicles/2026/Volvo/XC40/SUV/trim_B5_Ultra_af9b11/color/Crystal%20White-707-229%2C230%2C230-640-en_US.jpg	in stock	NEW	SUV	Vehicles & Parts > Vehicles > Motor Vehicles > Cars, Trucks & Vans	YV4L12UM7T2802991	https://www.bortonvolvocars.com/new/Volvo/2026-Volvo-XC40-In-Minneapolis-MN-f5dc4184ac1807bdb61772b5cafe15e8.htm?store={store_code}	WHITE	0 miles	XC40	YV4L12UM7T2802991	2026	50985 USD	81060	50985 USD	MI
YV4M12RM1T1409250	2026 Volvo XC60 B5 Ultra	Volvo	https://www.bortonvolvocars.com/new/Volvo/2026-Volvo-XC60-In-Minneapolis-MN-4abc196cac1805a0b0297f8d61fb0ab7.htm	62535 USD	2026 Onyx Black Volvo XC60 B5 Ultra 2.0L I-4 cyl For sale at Borton Volvo Cars in Golden Valley Minnesota.	https://images.dealer.com/ddc/vehicles/2026/Volvo/XC60/SUV/trim_B5_Ultra_0f1ae1/color/Onyx%20Black%20Metallic-717-35%2C35%2C36-640-en_US.jpg	in stock	NEW	SUV	Vehicles & Parts > Vehicles > Motor Vehicles > Cars, Trucks & Vans	YV4M12RM1T1409250	https://www.bortonvolvocars.com/new/Volvo/2026-Volvo-XC60-In-Minneapolis-MN-4abc196cac1805a0b0297f8d61fb0ab7.htm?store={store_code}	BLACK	0 miles	XC60	YV4M12RM1T1409250	2026	62535 USD	81060	62535 USD	MI
YV4M12RC4T1497699	2026 Volvo XC60 B5 Plus	Volvo	https://www.bortonvolvocars.com/new/Volvo/2026-Volvo-XC60-In-Minneapolis-MN-b258d0e1ac181734323613c6078e053d.htm	56705 USD	2026 Crystal White Volvo XC60 B5 Plus 2.0L I-4 cyl For sale at Borton Volvo Cars in Golden Valley Minnesota.	https://images.dealer.com/ddc/vehicles/2026/Volvo/XC60/SUV/trim_B5_Plus_57a4b2/color/Crystal%20White%20Metallic-707-229%2C230%2C230-640-en_US.jpg	in stock	NEW	SUV	Vehicles & Parts > Vehicles > Motor Vehicles > Cars, Trucks & Vans	YV4M12RC4T1497699	https://www.bortonvolvocars.com/new/Volvo/2026-Volvo-XC60-In-Minneapolis-MN-b258d0e1ac181734323613c6078e053d.htm?store={store_code}	WHITE	0 miles	XC60	YV4M12RC4T1497699	2026	56705 USD	81060	56705 USD	MI
YV4M12RC0T1501019	2026 Volvo XC60 B5 Plus	Volvo	https://www.bortonvolvocars.com/new/Volvo/2026-Volvo-XC60-In-Minneapolis-MN-b258e26aac184c5d1b9eb0c5628e1a97.htm	56705 USD	2026 Crystal White Volvo XC60 B5 Plus 2.0L I-4 cyl For sale at Borton Volvo Cars in Golden Valley Minnesota.	https://images.dealer.com/ddc/vehicles/2026/Volvo/XC60/SUV/trim_B5_Plus_57a4b2/color/Crystal%20White%20Metallic-707-229%2C230%2C230-640-en_US.jpg	in stock	NEW	SUV	Vehicles & Parts > Vehicles > Motor Vehicles > Cars, Trucks & Vans	YV4M12RC0T1501019	https://www.bortonvolvocars.com/new/Volvo/2026-Volvo-XC60-In-Minneapolis-MN-b258e26aac184c5d1b9eb0c5628e1a97.htm?store={store_code}	WHITE	0 miles	XC60	YV4M12RC0T1501019	2026	56705 USD	81060	56705 USD	MI
YV4M12RC2T1501068	2026 Volvo XC60 B5 Plus	Volvo	https://www.bortonvolvocars.com/new/Volvo/2026-Volvo-XC60-In-Minneapolis-MN-b258e861ac181e22457d1d20068cfb38.htm	56705 USD	2026 Denim Blue Volvo XC60 B5 Plus 2.0L I-4 cyl For sale at Borton Volvo Cars in Golden Valley Minnesota.	https://images.dealer.com/ddc/vehicles/2026/Volvo/XC60/SUV/trim_B5_Plus_57a4b2/color/Denim%20Blue%20Metallic-723-38%2C54%2C70-640-en_US.jpg	in stock	NEW	SUV	Vehicles & Parts > Vehicles > Motor Vehicles > Cars, Trucks & Vans	YV4M12RC2T1501068	https://www.bortonvolvocars.com/new/Volvo/2026-Volvo-XC60-In-Minneapolis-MN-b258e861ac181e22457d1d20068cfb38.htm?store={store_code}	BLUE	0 miles	XC60	YV4M12RC2T1501068	2026	56705 USD	81060	56705 USD	MI
YV4M12RCXT1500265	2026 Volvo XC60 B5 Plus	Volvo	https://www.bortonvolvocars.com/new/Volvo/2026-Volvo-XC60-In-Minneapolis-MN-b258e871ac180bb0241969364b7ad9fd.htm	56705 USD	2026 Denim Blue Volvo XC60 B5 Plus 2.0L I-4 cyl For sale at Borton Volvo Cars in Golden Valley Minnesota.	https://images.dealer.com/ddc/vehicles/2026/Volvo/XC60/SUV/trim_B5_Plus_57a4b2/color/Denim%20Blue%20Metallic-723-38%2C54%2C70-640-en_US.jpg	in stock	NEW	SUV	Vehicles & Parts > Vehicles > Motor Vehicles > Cars, Trucks & Vans	YV4M12RCXT1500265	https://www.bortonvolvocars.com/new/Volvo/2026-Volvo-XC60-In-Minneapolis-MN-b258e871ac180bb0241969364b7ad9fd.htm?store={store_code}	BLUE	0 miles	XC60	YV4M12RCXT1500265	2026	56705 USD	81060	56705 USD	MI
YV4M12RC3T1501399	2026 Volvo XC60 B5 Plus	Volvo	https://www.bortonvolvocars.com/new/Volvo/2026-Volvo-XC60-In-Minneapolis-MN-b258eee7ac185b1529821def9148e58d.htm	56705 USD	2026 Crystal White Volvo XC60 B5 Plus 2.0L I-4 cyl For sale at Borton Volvo Cars in Golden Valley Minnesota.	https://images.dealer.com/ddc/vehicles/2026/Volvo/XC60/SUV/trim_B5_Plus_57a4b2/color/Crystal%20White%20Metallic-707-229%2C230%2C230-640-en_US.jpg	in stock	NEW	SUV	Vehicles & Parts > Vehicles > Motor Vehicles > Cars, Trucks & Vans	YV4M12RC3T1501399	https://www.bortonvolvocars.com/new/Volvo/2026-Volvo-XC60-In-Minneapolis-MN-b258eee7ac185b1529821def9148e58d.htm?store={store_code}	WHITE	0 miles	XC60	YV4M12RC3T1501399	2026	56705 USD	81060	56705 USD	MI
YV4M12RC2T1428851	2026 Volvo XC60 B5 Plus	Volvo	https://www.bortonvolvocars.com/new/Volvo/2026-Volvo-XC60-In-Minneapolis-MN-ba393d7cac1804975d9e90c10170558b.htm	56705 USD	2026 Crystal White Volvo XC60 B5 Plus 2.0L I-4 cyl For sale at Borton Volvo Cars in Golden Valley Minnesota.	https://images.dealer.com/ddc/vehicles/2026/Volvo/XC60/SUV/trim_B5_Plus_57a4b2/color/Crystal%20White%20Metallic-707-229%2C230%2C230-640-en_US.jpg	in stock	NEW	SUV	Vehicles & Parts > Vehicles > Motor Vehicles > Cars, Trucks & Vans	YV4M12RC2T1428851	https://www.bortonvolvocars.com/new/Volvo/2026-Volvo-XC60-In-Minneapolis-MN-ba393d7cac1804975d9e90c10170558b.htm?store={store_code}	WHITE	0 miles	XC60	YV4M12RC2T1428851	2026	56705 USD	81060	56705 USD	MI
YV4M12RM2T1478867	2026 Volvo XC60 B5 Ultra	Volvo	https://www.bortonvolvocars.com/new/Volvo/2026-Volvo-XC60-In-Minneapolis-MN-bd67c3c6ac1807bdc045851129e964fb.htm	66460 USD	2026 Onyx Black Volvo XC60 B5 Ultra 2.0L I-4 cyl For sale at Borton Volvo Cars in Golden Valley Minnesota.	https://images.dealer.com/ddc/vehicles/2026/Volvo/XC60/SUV/trim_B5_Ultra_0f1ae1/color/Onyx%20Black%20Metallic-717-35%2C35%2C36-640-en_US.jpg	in stock	NEW	SUV	Vehicles & Parts > Vehicles > Motor Vehicles > Cars, Trucks & Vans	YV4M12RM2T1478867	https://www.bortonvolvocars.com/new/Volvo/2026-Volvo-XC60-In-Minneapolis-MN-bd67c3c6ac1807bdc045851129e964fb.htm?store={store_code}	BLACK	0 miles	XC60	YV4M12RM2T1478867	2026	66460 USD	81060	66460 USD	MI
YV4H60RC0T1501173	2026 Volvo XC60 plug-in hybrid T8 Plus	Volvo	https://www.bortonvolvocars.com/new/Volvo/2026-Volvo-XC60-plug-in-hybrid-In-Minneapolis-MN-dd38cf90ac184a64f5d1c0fe726f78ae.htm	70535 USD	2026 Vapour Grey Volvo XC60 plug-in T8 Plus 2.0L I-4 cyl For sale at Borton Volvo Cars in Golden Valley Minnesota.	https://images.dealer.com/ddc/vehicles/2026/Volvo/XC60%20Plug-In%20Hybrid/SUV/trim_T8_Plus_a4a345/color/Vapour%20Gray%20Metallic-740-66%2C72%2C75-640-en_US.jpg	in stock	NEW	SUV	Vehicles & Parts > Vehicles > Motor Vehicles > Cars, Trucks & Vans	YV4H60RC0T1501173	https://www.bortonvolvocars.com/new/Volvo/2026-Volvo-XC60-plug-in-hybrid-In-Minneapolis-MN-dd38cf90ac184a64f5d1c0fe726f78ae.htm?store={store_code}	GRAY	0 miles	XC60 plug-in	YV4H60RC0T1501173	2026	70535 USD	81060	70535 USD	MI
YV4H60RC7T1482315	2026 Volvo XC60 plug-in hybrid T8 Plus	Volvo	https://www.bortonvolvocars.com/new/Volvo/2026-Volvo-XC60-plug-in-hybrid-In-Minneapolis-MN-e2effe21ac184fff6390049246aeced7.htm	67160 USD	2026 Crystal White Volvo XC60 plug-in T8 Plus 2.0L I-4 cyl For sale at Borton Volvo Cars in Golden Valley Minnesota.	https://images.dealer.com/ddc/vehicles/2026/Volvo/XC60%20Plug-In%20Hybrid/SUV/trim_T8_Plus_a4a345/color/Crystal%20White%20Metallic-707-229%2C230%2C230-640-en_US.jpg	in stock	NEW	SUV	Vehicles & Parts > Vehicles > Motor Vehicles > Cars, Trucks & Vans	YV4H60RC7T1482315	https://www.bortonvolvocars.com/new/Volvo/2026-Volvo-XC60-plug-in-hybrid-In-Minneapolis-MN-e2effe21ac184fff6390049246aeced7.htm?store={store_code}	WHITE	0 miles	XC60 plug-in	YV4H60RC7T1482315	2026	67160 USD	81060	67160 USD	MI
YV4M12PE8T1500429	2026 Volvo XC90 B5 Plus 7-Seater	Volvo	https://www.bortonvolvocars.com/new/Volvo/2026-Volvo-XC90-In-Minneapolis-MN-0ed760c8ac1859f6427a5b40321bc316.htm	63320 USD	2026 Crystal White Volvo XC90 B5 Plus 7-Seater 2.0L I-4 cyl For sale at Borton Volvo Cars in Golden Valley Minnesota.	https://images.dealer.com/ddc/vehicles/2026/Volvo/XC90/SUV/trim_B5_Plus_7Seater_30ff2c/color/Crystal%20White%20Pearl-707-229%2C230%2C230-640-en_US.jpg	in stock	NEW	SUV	Vehicles & Parts > Vehicles > Motor Vehicles > Cars, Trucks & Vans	YV4M12PE8T1500429	https://www.bortonvolvocars.com/new/Volvo/2026-Volvo-XC90-In-Minneapolis-MN-0ed760c8ac1859f6427a5b40321bc316.htm?store={store_code}	WHITE	0 miles	XC90	YV4M12PE8T1500429	2026	63320 USD	81060	63320 USD	MI
YV4M12PJ3T1494620	2026 Volvo XC90 B5 Core	Volvo	https://www.bortonvolvocars.com/new/Volvo/2026-Volvo-XC90-In-Minneapolis-MN-23378ad1ac1856ead87feebee36a58de.htm	58180 USD	2026 Onyx Black Volvo XC90 B5 Core 2.0L I-4 cyl For sale at Borton Volvo Cars in Golden Valley Minnesota.	https://images.dealer.com/ddc/vehicles/2026/Volvo/XC90/SUV/trim_B5_Core_6022a3/color/Onyx%20Black%20Metallic-717-35%2C35%2C36-640-en_US.jpg	in stock	NEW	SUV	Vehicles & Parts > Vehicles > Motor Vehicles > Cars, Trucks & Vans	YV4M12PJ3T1494620	https://www.bortonvolvocars.com/new/Volvo/2026-Volvo-XC90-In-Minneapolis-MN-23378ad1ac1856ead87feebee36a58de.htm?store={store_code}	BLACK	0 miles	XC90	YV4M12PJ3T1494620	2026	58180 USD	81060	58180 USD	MI
YV4062PE2T1501723	2026 Volvo XC90 B6 Plus 7-Seater	Volvo	https://www.bortonvolvocars.com/new/Volvo/2026-Volvo-XC90-In-Minneapolis-MN-29ffd88cac185c5946d90ac4a3db97bc.htm	67070 USD	2026 Denim Blue Volvo XC90 B6 Plus 7-Seater 2.0L I-4 cyl For sale at Borton Volvo Cars in Golden Valley Minnesota.	https://images.dealer.com/ddc/vehicles/2026/Volvo/XC90/SUV/trim_B6_Plus_7Seater_4849a4/color/Denim%20Blue%20Metallic-723-38%2C54%2C70-640-en_US.jpg	in stock	NEW	SUV	Vehicles & Parts > Vehicles > Motor Vehicles > Cars, Trucks & Vans	YV4062PE2T1501723	https://www.bortonvolvocars.com/new/Volvo/2026-Volvo-XC90-In-Minneapolis-MN-29ffd88cac185c5946d90ac4a3db97bc.htm?store={store_code}	BLUE	0 miles	XC90	YV4062PE2T1501723	2026	67070 USD	81060	67070 USD	MI
YV4062PF9T1465778	2026 Volvo XC90 B6 Ultra 7-Seater	Volvo	https://www.bortonvolvocars.com/new/Volvo/2026-Volvo-XC90-In-Minneapolis-MN-66eb5881ac185aae63784147ca55be64.htm	70925 USD	2026 Aurora Silver Volvo XC90 B6 Ultra 7-Seater 2.0L I-4 cyl For sale at Borton Volvo Cars in Golden Valley Minnesota.	https://images.dealer.com/ddc/vehicles/2026/Volvo/XC90/SUV/trim_B6_Ultra_7Seater_ce11f1/color/Aurora%20Silver-745-175%2C174%2C178-640-en_US.jpg	in stock	NEW	SUV	Vehicles & Parts > Vehicles > Motor Vehicles > Cars, Trucks & Vans	YV4062PF9T1465778	https://www.bortonvolvocars.com/new/Volvo/2026-Volvo-XC90-In-Minneapolis-MN-66eb5881ac185aae63784147ca55be64.htm?store={store_code}	SILVER	0 miles	XC90	YV4062PF9T1465778	2026	70925 USD	81060	70925 USD	MI
YV4M12PE8T1537044	2026 Volvo XC90 B5 Plus 7-Seater	Volvo	https://www.bortonvolvocars.com/new/Volvo/2026-Volvo-XC90-In-Minneapolis-MN-8824dc06ac184197d0fdba051df2c97d.htm	62520 USD	2026 Crystal White Volvo XC90 B5 Plus 7-Seater 2.0L I-4 cyl For sale at Borton Volvo Cars in Golden Valley Minnesota.	https://images.dealer.com/ddc/vehicles/2026/Volvo/XC90/SUV/trim_B5_Plus_7Seater_30ff2c/color/Crystal%20White%20Pearl-707-229%2C230%2C230-640-en_US.jpg	in stock	NEW	SUV	Vehicles & Parts > Vehicles > Motor Vehicles > Cars, Trucks & Vans	YV4M12PE8T1537044	https://www.bortonvolvocars.com/new/Volvo/2026-Volvo-XC90-In-Minneapolis-MN-8824dc06ac184197d0fdba051df2c97d.htm?store={store_code}	WHITE	0 miles	XC90	YV4M12PE8T1537044	2026	62520 USD	81060	62520 USD	MI
YV4M12PE5T1486943	2026 Volvo XC90 B5 Plus 7-Seater	Volvo	https://www.bortonvolvocars.com/new/Volvo/2026-Volvo-XC90-In-Minneapolis-MN-96804522ac183203311d4ef21a673c97.htm	62780 USD	2026 Onyx Black Volvo XC90 B5 Plus 7-Seater 2.0L I-4 cyl For sale at Borton Volvo Cars in Golden Valley Minnesota.	https://images.dealer.com/ddc/vehicles/2026/Volvo/XC90/SUV/trim_B5_Plus_7Seater_30ff2c/color/Onyx%20Black%20Metallic-717-35%2C35%2C36-640-en_US.jpg	in stock	NEW	SUV	Vehicles & Parts > Vehicles > Motor Vehicles > Cars, Trucks & Vans	YV4M12PE5T1486943	https://www.bortonvolvocars.com/new/Volvo/2026-Volvo-XC90-In-Minneapolis-MN-96804522ac183203311d4ef21a673c97.htm?store={store_code}	BLACK	0 miles	XC90	YV4M12PE5T1486943	2026	62780 USD	81060	62780 USD	MI
YV4062PE1T1506900	2026 Volvo XC90 B6 Plus 7-Seater	Volvo	https://www.bortonvolvocars.com/new/Volvo/2026-Volvo-XC90-In-Minneapolis-MN-c4ca8821ac184e44d9d42ee5ef1e791a.htm	68980 USD	2026 Denim Blue Volvo XC90 B6 Plus 7-Seater 2.0L I-4 cyl For sale at Borton Volvo Cars in Golden Valley Minnesota.	https://images.dealer.com/ddc/vehicles/2026/Volvo/XC90/SUV/trim_B6_Plus_7Seater_4849a4/color/Denim%20Blue%20Metallic-723-38%2C54%2C70-640-en_US.jpg	in stock	NEW	SUV	Vehicles & Parts > Vehicles > Motor Vehicles > Cars, Trucks & Vans	YV4062PE1T1506900	https://www.bortonvolvocars.com/new/Volvo/2026-Volvo-XC90-In-Minneapolis-MN-c4ca8821ac184e44d9d42ee5ef1e791a.htm?store={store_code}	BLUE	0 miles	XC90	YV4062PE1T1506900	2026	68980 USD	81060	68980 USD	MI
YV4062PEXT1471791	2026 Volvo XC90 B6 Plus 7-Seater	Volvo	https://www.bortonvolvocars.com/new/Volvo/2026-Volvo-XC90-In-Minneapolis-MN-e551c892ac185ff845e3b372a530f190.htm	67175 USD	2026 Vapour Grey Volvo XC90 B6 Plus 7-Seater 2.0L I-4 cyl For sale at Borton Volvo Cars in Golden Valley Minnesota.	https://images.dealer.com/ddc/vehicles/2026/Volvo/XC90/SUV/trim_B6_Plus_7Seater_4849a4/color/Vapour%20Gray%20Metallic-740-66%2C72%2C75-640-en_US.jpg	in stock	NEW	SUV	Vehicles & Parts > Vehicles > Motor Vehicles > Cars, Trucks & Vans	YV4062PEXT1471791	https://www.bortonvolvocars.com/new/Volvo/2026-Volvo-XC90-In-Minneapolis-MN-e551c892ac185ff845e3b372a530f190.htm?store={store_code}	GRAY	0 miles	XC90	YV4062PEXT1471791	2026	67175 USD	81060	67175 USD	MI
YV4062PE8T1477685	2026 Volvo XC90 B6 Plus 7-Seater	Volvo	https://www.bortonvolvocars.com/new/Volvo/2026-Volvo-XC90-In-Minneapolis-MN-e551da4fac184236e10863af8c2e001f.htm	67175 USD	2026 Crystal White Volvo XC90 B6 Plus 7-Seater 2.0L I-4 cyl For sale at Borton Volvo Cars in Golden Valley Minnesota.	https://images.dealer.com/ddc/vehicles/2026/Volvo/XC90/SUV/trim_B6_Plus_7Seater_4849a4/color/Crystal%20White%20Pearl-707-229%2C230%2C230-640-en_US.jpg	in stock	NEW	SUV	Vehicles & Parts > Vehicles > Motor Vehicles > Cars, Trucks & Vans	YV4062PE8T1477685	https://www.bortonvolvocars.com/new/Volvo/2026-Volvo-XC90-In-Minneapolis-MN-e551da4fac184236e10863af8c2e001f.htm?store={store_code}	WHITE	0 miles	XC90	YV4062PE8T1477685	2026	67175 USD	81060	67175 USD	MI
YV4M12PJ1T1479968	2026 Volvo XC90 B5 Core	Volvo	https://www.bortonvolvocars.com/new/Volvo/2026-Volvo-XC90-In-Minneapolis-MN-ef88f3e7ac1823afbf61a794a0613849.htm	59425 USD	2026 Vapour Grey Volvo XC90 B5 Core 2.0L I-4 cyl For sale at Borton Volvo Cars in Golden Valley Minnesota.	https://images.dealer.com/ddc/vehicles/2026/Volvo/XC90/SUV/trim_B5_Core_6022a3/color/Vapour%20Gray%20Metallic-740-66%2C72%2C75-640-en_US.jpg	in stock	NEW	SUV	Vehicles & Parts > Vehicles > Motor Vehicles > Cars, Trucks & Vans	YV4M12PJ1T1479968	https://www.bortonvolvocars.com/new/Volvo/2026-Volvo-XC90-In-Minneapolis-MN-ef88f3e7ac1823afbf61a794a0613849.htm?store={store_code}	GRAY	0 miles	XC90	YV4M12PJ1T1479968	2026	59425 USD	81060	59425 USD	MI
YV4H60PE9T1529896	2026 Volvo XC90 plug-in hybrid T8 Plus 7-Seater	Volvo	https://www.bortonvolvocars.com/new/Volvo/2026-Volvo-XC90-plug-in-hybrid-In-Minneapolis-MN-08f23e81ac18381be180bcc07457cf8b.htm	78005 USD	2026 Onyx Black Volvo XC90 plug-in T8 Plus 7-Seater 2.0L I-4 cyl For sale at Borton Volvo Cars in Golden Valley Minnesota.	https://images.dealer.com/ddc/vehicles/2026/Volvo/XC90%20Plug-In%20Hybrid/SUV/trim_T8_Plus_7Seater_46f14b/color/Onyx%20Black%20Metallic-717-35%2C35%2C36-640-en_US.jpg	in stock	NEW	SUV	Vehicles & Parts > Vehicles > Motor Vehicles > Cars, Trucks & Vans	YV4H60PE9T1529896	https://www.bortonvolvocars.com/new/Volvo/2026-Volvo-XC90-plug-in-hybrid-In-Minneapolis-MN-08f23e81ac18381be180bcc07457cf8b.htm?store={store_code}	BLACK	0 miles	XC90 plug-in	YV4H60PE9T1529896	2026	78005 USD	81060	78005 USD	MI
YV4H60PEXT1529972	2026 Volvo XC90 plug-in hybrid T8 Plus 7-Seater	Volvo	https://www.bortonvolvocars.com/new/Volvo/2026-Volvo-XC90-plug-in-hybrid-In-Minneapolis-MN-0926fc23ac18381be180bcc0d5bab5c7.htm	79915 USD	2026 Onyx Black Volvo XC90 plug-in T8 Plus 7-Seater 2.0L I-4 cyl For sale at Borton Volvo Cars in Golden Valley Minnesota.	https://images.dealer.com/ddc/vehicles/2026/Volvo/XC90%20Plug-In%20Hybrid/SUV/trim_T8_Plus_7Seater_46f14b/color/Onyx%20Black%20Metallic-717-35%2C35%2C36-640-en_US.jpg	in stock	NEW	SUV	Vehicles & Parts > Vehicles > Motor Vehicles > Cars, Trucks & Vans	YV4H60PEXT1529972	https://www.bortonvolvocars.com/new/Volvo/2026-Volvo-XC90-plug-in-hybrid-In-Minneapolis-MN-0926fc23ac18381be180bcc0d5bab5c7.htm?store={store_code}	BLACK	0 miles	XC90 plug-in	YV4H60PEXT1529972	2026	79915 USD	81060	79915 USD	MI
YV4H60PE1T1491290	2026 Volvo XC90 plug-in hybrid T8 Plus 7-Seater	Volvo	https://www.bortonvolvocars.com/new/Volvo/2026-Volvo-XC90-plug-in-hybrid-In-Minneapolis-MN-23370315ac18128e266fbe6166a1a43d.htm	77725 USD	2026 Vapour Grey Volvo XC90 plug-in T8 Plus 7-Seater 2.0L I-4 cyl For sale at Borton Volvo Cars in Golden Valley Minnesota.	https://images.dealer.com/ddc/vehicles/2026/Volvo/XC90%20Plug-In%20Hybrid/SUV/trim_T8_Plus_7Seater_46f14b/color/Vapour%20Gray%20Metallic-740-66%2C72%2C75-640-en_US.jpg	in stock	NEW	SUV	Vehicles & Parts > Vehicles > Motor Vehicles > Cars, Trucks & Vans	YV4H60PE1T1491290	https://www.bortonvolvocars.com/new/Volvo/2026-Volvo-XC90-plug-in-hybrid-In-Minneapolis-MN-23370315ac18128e266fbe6166a1a43d.htm?store={store_code}	GRAY	0 miles	XC90 plug-in	YV4H60PE1T1491290	2026	77725 USD	81060	77725 USD	MI
YV4H60PE6T1495755	2026 Volvo XC90 plug-in hybrid T8 Plus 7-Seater	Volvo	https://www.bortonvolvocars.com/new/Volvo/2026-Volvo-XC90-plug-in-hybrid-In-Minneapolis-MN-233706acac184b11b2d29e4ff3cc6758.htm	77725 USD	2026 Vapour Grey Volvo XC90 plug-in T8 Plus 7-Seater 2.0L I-4 cyl For sale at Borton Volvo Cars in Golden Valley Minnesota.	https://images.dealer.com/ddc/vehicles/2026/Volvo/XC90%20Plug-In%20Hybrid/SUV/trim_T8_Plus_7Seater_46f14b/color/Vapour%20Gray%20Metallic-740-66%2C72%2C75-640-en_US.jpg	in stock	NEW	SUV	Vehicles & Parts > Vehicles > Motor Vehicles > Cars, Trucks & Vans	YV4H60PE6T1495755	https://www.bortonvolvocars.com/new/Volvo/2026-Volvo-XC90-plug-in-hybrid-In-Minneapolis-MN-233706acac184b11b2d29e4ff3cc6758.htm?store={store_code}	GRAY	0 miles	XC90 plug-in	YV4H60PE6T1495755	2026	77725 USD	81060	77725 USD	MI
YV4H60PEXT1493295	2026 Volvo XC90 plug-in hybrid T8 Plus 7-Seater	Volvo	https://www.bortonvolvocars.com/new/Volvo/2026-Volvo-XC90-plug-in-hybrid-In-Minneapolis-MN-233711bcac185a88a5c1d854a3aa0d63.htm	79225 USD	2026 Denim Blue Volvo XC90 plug-in T8 Plus 7-Seater 2.0L I-4 cyl For sale at Borton Volvo Cars in Golden Valley Minnesota.	https://images.dealer.com/ddc/vehicles/2026/Volvo/XC90%20Plug-In%20Hybrid/SUV/trim_T8_Plus_7Seater_46f14b/color/Denim%20Blue%20Metallic-723-38%2C54%2C70-640-en_US.jpg	in stock	NEW	SUV	Vehicles & Parts > Vehicles > Motor Vehicles > Cars, Trucks & Vans	YV4H60PEXT1493295	https://www.bortonvolvocars.com/new/Volvo/2026-Volvo-XC90-plug-in-hybrid-In-Minneapolis-MN-233711bcac185a88a5c1d854a3aa0d63.htm?store={store_code}	BLUE	0 miles	XC90 plug-in	YV4H60PEXT1493295	2026	79225 USD	81060	79225 USD	MI
YV4H60PE1T1496361	2026 Volvo XC90 plug-in hybrid T8 Plus 7-Seater	Volvo	https://www.bortonvolvocars.com/new/Volvo/2026-Volvo-XC90-plug-in-hybrid-In-Minneapolis-MN-233bd4c8ac180948ad569815c4115e59.htm	77845 USD	2026 Onyx Black Volvo XC90 plug-in T8 Plus 7-Seater 2.0L I-4 cyl For sale at Borton Volvo Cars in Golden Valley Minnesota.	https://images.dealer.com/ddc/vehicles/2026/Volvo/XC90%20Plug-In%20Hybrid/SUV/trim_T8_Plus_7Seater_46f14b/color/Onyx%20Black%20Metallic-717-35%2C35%2C36-640-en_US.jpg	in stock	NEW	SUV	Vehicles & Parts > Vehicles > Motor Vehicles > Cars, Trucks & Vans	YV4H60PE1T1496361	https://www.bortonvolvocars.com/new/Volvo/2026-Volvo-XC90-plug-in-hybrid-In-Minneapolis-MN-233bd4c8ac180948ad569815c4115e59.htm?store={store_code}	BLACK	0 miles	XC90 plug-in	YV4H60PE1T1496361	2026	77845 USD	81060	77845 USD	MI
YV4H60PE8T1532272	2026 Volvo XC90 plug-in hybrid T8 Plus 7-Seater	Volvo	https://www.bortonvolvocars.com/new/Volvo/2026-Volvo-XC90-plug-in-hybrid-In-Minneapolis-MN-2e796270ac18381be180bcc0619bdf15.htm	79915 USD	2026 Vapour Grey Volvo XC90 plug-in T8 Plus 7-Seater 2.0L I-4 cyl For sale at Borton Volvo Cars in Golden Valley Minnesota.	https://images.dealer.com/ddc/vehicles/2026/Volvo/XC90%20Plug-In%20Hybrid/SUV/trim_T8_Plus_7Seater_46f14b/color/Vapour%20Gray%20Metallic-740-66%2C72%2C75-640-en_US.jpg	in stock	NEW	SUV	Vehicles & Parts > Vehicles > Motor Vehicles > Cars, Trucks & Vans	YV4H60PE8T1532272	https://www.bortonvolvocars.com/new/Volvo/2026-Volvo-XC90-plug-in-hybrid-In-Minneapolis-MN-2e796270ac18381be180bcc0619bdf15.htm?store={store_code}	GRAY	0 miles	XC90 plug-in	YV4H60PE8T1532272	2026	79915 USD	81060	79915 USD	MI
YV4H60PE5T1484438	2026 Volvo XC90 plug-in hybrid T8 Plus 7-Seater	Volvo	https://www.bortonvolvocars.com/new/Volvo/2026-Volvo-XC90-plug-in-hybrid-In-Minneapolis-MN-2f204009ac182b49266a2bec556e6ee8.htm	77725 USD	2026 Onyx Black Volvo XC90 plug-in T8 Plus 7-Seater 2.0L I-4 cyl For sale at Borton Volvo Cars in Golden Valley Minnesota.	https://images.dealer.com/ddc/vehicles/2026/Volvo/XC90%20Plug-In%20Hybrid/SUV/trim_T8_Plus_7Seater_46f14b/color/Onyx%20Black%20Metallic-717-35%2C35%2C36-640-en_US.jpg	in stock	NEW	SUV	Vehicles & Parts > Vehicles > Motor Vehicles > Cars, Trucks & Vans	YV4H60PE5T1484438	https://www.bortonvolvocars.com/new/Volvo/2026-Volvo-XC90-plug-in-hybrid-In-Minneapolis-MN-2f204009ac182b49266a2bec556e6ee8.htm?store={store_code}	BLACK	0 miles	XC90 plug-in	YV4H60PE5T1484438	2026	77725 USD	81060	77725 USD	MI
YV4H60PE6T1484514	2026 Volvo XC90 plug-in hybrid T8 Plus 7-Seater	Volvo	https://www.bortonvolvocars.com/new/Volvo/2026-Volvo-XC90-plug-in-hybrid-In-Minneapolis-MN-30e02e2fac182a89d8071e90cc71224e.htm	77725 USD	2026 Onyx Black Volvo XC90 plug-in T8 Plus 7-Seater 2.0L I-4 cyl For sale at Borton Volvo Cars in Golden Valley Minnesota.	https://images.dealer.com/ddc/vehicles/2026/Volvo/XC90%20Plug-In%20Hybrid/SUV/trim_T8_Plus_7Seater_46f14b/color/Onyx%20Black%20Metallic-717-35%2C35%2C36-640-en_US.jpg	in stock	NEW	SUV	Vehicles & Parts > Vehicles > Motor Vehicles > Cars, Trucks & Vans	YV4H60PE6T1484514	https://www.bortonvolvocars.com/new/Volvo/2026-Volvo-XC90-plug-in-hybrid-In-Minneapolis-MN-30e02e2fac182a89d8071e90cc71224e.htm?store={store_code}	BLACK	0 miles	XC90 plug-in	YV4H60PE6T1484514	2026	77725 USD	81060	77725 USD	MI
YV4H60PE9T1514850	2026 Volvo XC90 plug-in hybrid T8 Plus 7-Seater	Volvo	https://www.bortonvolvocars.com/new/Volvo/2026-Volvo-XC90-plug-in-hybrid-In-Minneapolis-MN-3524314cac1852b06426f33fcaf3af9c.htm	77595 USD	2026 Denim Blue Volvo XC90 plug-in T8 Plus 7-Seater 2.0L I-4 cyl For sale at Borton Volvo Cars in Golden Valley Minnesota.	https://images.dealer.com/ddc/vehicles/2026/Volvo/XC90%20Plug-In%20Hybrid/SUV/trim_T8_Plus_7Seater_46f14b/color/Denim%20Blue%20Metallic-723-38%2C54%2C70-640-en_US.jpg	in stock	NEW	SUV	Vehicles & Parts > Vehicles > Motor Vehicles > Cars, Trucks & Vans	YV4H60PE9T1514850	https://www.bortonvolvocars.com/new/Volvo/2026-Volvo-XC90-plug-in-hybrid-In-Minneapolis-MN-3524314cac1852b06426f33fcaf3af9c.htm?store={store_code}	BLUE	0 miles	XC90 plug-in	YV4H60PE9T1514850	2026	77595 USD	81060	77595 USD	MI
YV4H60PE2T1536107	2026 Volvo XC90 plug-in hybrid T8 Plus 7-Seater	Volvo	https://www.bortonvolvocars.com/new/Volvo/2026-Volvo-XC90-plug-in-hybrid-In-Minneapolis-MN-47f9ef94ac182fab6af0ddda6e0e7637.htm	78230 USD	2026 Crystal White Volvo XC90 plug-in T8 Plus 7-Seater 2.0L I-4 cyl For sale at Borton Volvo Cars in Golden Valley Minnesota.	https://images.dealer.com/ddc/vehicles/2026/Volvo/XC90%20Plug-In%20Hybrid/SUV/trim_T8_Plus_7Seater_46f14b/color/Crystal%20White%20Pearl-707-229%2C230%2C230-640-en_US.jpg	in stock	NEW	SUV	Vehicles & Parts > Vehicles > Motor Vehicles > Cars, Trucks & Vans	YV4H60PE2T1536107	https://www.bortonvolvocars.com/new/Volvo/2026-Volvo-XC90-plug-in-hybrid-In-Minneapolis-MN-47f9ef94ac182fab6af0ddda6e0e7637.htm?store={store_code}	WHITE	0 miles	XC90 plug-in	YV4H60PE2T1536107	2026	78230 USD	81060	78230 USD	MI
YV4H60PE9T1536234	2026 Volvo XC90 plug-in hybrid T8 Plus 7-Seater	Volvo	https://www.bortonvolvocars.com/new/Volvo/2026-Volvo-XC90-plug-in-hybrid-In-Minneapolis-MN-47f9f64cac1849d2c697a70aeba11e17.htm	78230 USD	2026 Mulberry Red Volvo XC90 plug-in T8 Plus 7-Seater 2.0L I-4 cyl For sale at Borton Volvo Cars in Golden Valley Minnesota.	https://images.dealer.com/ddc/vehicles/2026/Volvo/XC90%20Plug-In%20Hybrid/SUV/trim_T8_Plus_7Seater_46f14b/color/Mulberry%20Red%20Metallic-739-49%2C40%2C48-640-en_US.jpg	in stock	NEW	SUV	Vehicles & Parts > Vehicles > Motor Vehicles > Cars, Trucks & Vans	YV4H60PE9T1536234	https://www.bortonvolvocars.com/new/Volvo/2026-Volvo-XC90-plug-in-hybrid-In-Minneapolis-MN-47f9f64cac1849d2c697a70aeba11e17.htm?store={store_code}	RED	0 miles	XC90 plug-in	YV4H60PE9T1536234	2026	78230 USD	81060	78230 USD	MI
YV4H60PE5T1534061	2026 Volvo XC90 plug-in hybrid T8 Plus 7-Seater	Volvo	https://www.bortonvolvocars.com/new/Volvo/2026-Volvo-XC90-plug-in-hybrid-In-Minneapolis-MN-4a24f626ac1844ad74a38acf23c8c653.htm	78230 USD	2026 Denim Blue Volvo XC90 plug-in T8 Plus 7-Seater 2.0L I-4 cyl For sale at Borton Volvo Cars in Golden Valley Minnesota.	https://images.dealer.com/ddc/vehicles/2026/Volvo/XC90%20Plug-In%20Hybrid/SUV/trim_T8_Plus_7Seater_46f14b/color/Denim%20Blue%20Metallic-723-38%2C54%2C70-640-en_US.jpg	in stock	NEW	SUV	Vehicles & Parts > Vehicles > Motor Vehicles > Cars, Trucks & Vans	YV4H60PE5T1534061	https://www.bortonvolvocars.com/new/Volvo/2026-Volvo-XC90-plug-in-hybrid-In-Minneapolis-MN-4a24f626ac1844ad74a38acf23c8c653.htm?store={store_code}	BLUE	0 miles	XC90 plug-in	YV4H60PE5T1534061	2026	78230 USD	81060	78230 USD	MI
YV4H60PF8T1511852	2026 Volvo XC90 plug-in hybrid T8 Ultra 7-Seater	Volvo	https://www.bortonvolvocars.com/new/Volvo/2026-Volvo-XC90-plug-in-hybrid-In-Minneapolis-MN-4a678d02ac182c96d0a0058bdadc34d7.htm	81595 USD	2026 Vapour Grey Volvo XC90 plug-in T8 Ultra 7-Seater 2.0L I-4 cyl For sale at Borton Volvo Cars in Golden Valley Minnesota.	https://images.dealer.com/ddc/vehicles/2026/Volvo/XC90%20Plug-In%20Hybrid/SUV/trim_T8_Ultra_7Seater_d4bcc0/color/Vapour%20Gray%20Metallic-740-66%2C72%2C75-640-en_US.jpg	in stock	NEW	SUV	Vehicles & Parts > Vehicles > Motor Vehicles > Cars, Trucks & Vans	YV4H60PF8T1511852	https://www.bortonvolvocars.com/new/Volvo/2026-Volvo-XC90-plug-in-hybrid-In-Minneapolis-MN-4a678d02ac182c96d0a0058bdadc34d7.htm?store={store_code}	GRAY	0 miles	XC90 plug-in	YV4H60PF8T1511852	2026	81595 USD	81060	81595 USD	MI
YV4H60PE3T1534219	2026 Volvo XC90 plug-in hybrid T8 Plus 7-Seater	Volvo	https://www.bortonvolvocars.com/new/Volvo/2026-Volvo-XC90-plug-in-hybrid-In-Minneapolis-MN-4ba0ddbcac1826fc4220aec574d69881.htm	78005 USD	2026 Crystal White Volvo XC90 plug-in T8 Plus 7-Seater 2.0L I-4 cyl For sale at Borton Volvo Cars in Golden Valley Minnesota.	https://images.dealer.com/ddc/vehicles/2026/Volvo/XC90%20Plug-In%20Hybrid/SUV/trim_T8_Plus_7Seater_46f14b/color/Crystal%20White%20Pearl-707-229%2C230%2C230-640-en_US.jpg	in stock	NEW	SUV	Vehicles & Parts > Vehicles > Motor Vehicles > Cars, Trucks & Vans	YV4H60PE3T1534219	https://www.bortonvolvocars.com/new/Volvo/2026-Volvo-XC90-plug-in-hybrid-In-Minneapolis-MN-4ba0ddbcac1826fc4220aec574d69881.htm?store={store_code}	WHITE	0 miles	XC90 plug-in	YV4H60PE3T1534219	2026	78005 USD	81060	78005 USD	MI
YV4H60PF6T1534742	2026 Volvo XC90 plug-in hybrid T8 Ultra 7-Seater	Volvo	https://www.bortonvolvocars.com/new/Volvo/2026-Volvo-XC90-plug-in-hybrid-In-Minneapolis-MN-6561e24aac185bdeff10c7b197e5d21f.htm	81755 USD	2026 Crystal White Volvo XC90 plug-in T8 Ultra 7-Seater 2.0L I-4 cyl For sale at Borton Volvo Cars in Golden Valley Minnesota.	https://images.dealer.com/ddc/vehicles/2026/Volvo/XC90%20Plug-In%20Hybrid/SUV/trim_T8_Ultra_7Seater_d4bcc0/color/Crystal%20White%20Pearl-707-229%2C230%2C230-640-en_US.jpg	in stock	NEW	SUV	Vehicles & Parts > Vehicles > Motor Vehicles > Cars, Trucks & Vans	YV4H60PF6T1534742	https://www.bortonvolvocars.com/new/Volvo/2026-Volvo-XC90-plug-in-hybrid-In-Minneapolis-MN-6561e24aac185bdeff10c7b197e5d21f.htm?store={store_code}	WHITE	0 miles	XC90 plug-in	YV4H60PF6T1534742	2026	81755 USD	81060	81755 USD	MI
YV4H60PE0T1473685	2026 Volvo XC90 plug-in hybrid T8 Plus 7-Seater	Volvo	https://www.bortonvolvocars.com/new/Volvo/2026-Volvo-XC90-plug-in-hybrid-In-Minneapolis-MN-99b05419ac182d4c53e7282d606548ad.htm	77725 USD	2026 Onyx Black Volvo XC90 plug-in T8 Plus 7-Seater 2.0L I-4 cyl For sale at Borton Volvo Cars in Golden Valley Minnesota.	https://images.dealer.com/ddc/vehicles/2026/Volvo/XC90%20Plug-In%20Hybrid/SUV/trim_T8_Plus_7Seater_46f14b/color/Onyx%20Black%20Metallic-717-35%2C35%2C36-640-en_US.jpg	in stock	NEW	SUV	Vehicles & Parts > Vehicles > Motor Vehicles > Cars, Trucks & Vans	YV4H60PE0T1473685	https://www.bortonvolvocars.com/new/Volvo/2026-Volvo-XC90-plug-in-hybrid-In-Minneapolis-MN-99b05419ac182d4c53e7282d606548ad.htm?store={store_code}	BLACK	0 miles	XC90 plug-in	YV4H60PE0T1473685	2026	77725 USD	81060	77725 USD	MI
YV4H60PE3T1497589	2026 Volvo XC90 plug-in hybrid T8 Plus 7-Seater	Volvo	https://www.bortonvolvocars.com/new/Volvo/2026-Volvo-XC90-plug-in-hybrid-In-Minneapolis-MN-ba394136ac18162d55482e23da127de6.htm	77845 USD	2026 Denim Blue Volvo XC90 plug-in T8 Plus 7-Seater 2.0L I-4 cyl For sale at Borton Volvo Cars in Golden Valley Minnesota.	https://images.dealer.com/ddc/vehicles/2026/Volvo/XC90%20Plug-In%20Hybrid/SUV/trim_T8_Plus_7Seater_46f14b/color/Denim%20Blue%20Metallic-723-38%2C54%2C70-640-en_US.jpg	in stock	NEW	SUV	Vehicles & Parts > Vehicles > Motor Vehicles > Cars, Trucks & Vans	YV4H60PE3T1497589	https://www.bortonvolvocars.com/new/Volvo/2026-Volvo-XC90-plug-in-hybrid-In-Minneapolis-MN-ba394136ac18162d55482e23da127de6.htm?store={store_code}	BLUE	0 miles	XC90 plug-in	YV4H60PE3T1497589	2026	77845 USD	81060	77845 USD	MI
YV4H60PE0T1497517	2026 Volvo XC90 plug-in hybrid T8 Plus 7-Seater	Volvo	https://www.bortonvolvocars.com/new/Volvo/2026-Volvo-XC90-plug-in-hybrid-In-Minneapolis-MN-ba394a91ac181b75aed53650ecdb4907.htm	77845 USD	2026 Denim Blue Volvo XC90 plug-in T8 Plus 7-Seater 2.0L I-4 cyl For sale at Borton Volvo Cars in Golden Valley Minnesota.	https://images.dealer.com/ddc/vehicles/2026/Volvo/XC90%20Plug-In%20Hybrid/SUV/trim_T8_Plus_7Seater_46f14b/color/Denim%20Blue%20Metallic-723-38%2C54%2C70-640-en_US.jpg	in stock	NEW	SUV	Vehicles & Parts > Vehicles > Motor Vehicles > Cars, Trucks & Vans	YV4H60PE0T1497517	https://www.bortonvolvocars.com/new/Volvo/2026-Volvo-XC90-plug-in-hybrid-In-Minneapolis-MN-ba394a91ac181b75aed53650ecdb4907.htm?store={store_code}	BLUE	0 miles	XC90 plug-in	YV4H60PE0T1497517	2026	77845 USD	81060	77845 USD	MI
YV4H60PE1T1497817	2026 Volvo XC90 plug-in hybrid T8 Plus 7-Seater	Volvo	https://www.bortonvolvocars.com/new/Volvo/2026-Volvo-XC90-plug-in-hybrid-In-Minneapolis-MN-ba394a9eac183a92bb9cb9f8f074b250.htm	77845 USD	2026 Onyx Black Volvo XC90 plug-in T8 Plus 7-Seater 2.0L I-4 cyl For sale at Borton Volvo Cars in Golden Valley Minnesota.	https://images.dealer.com/ddc/vehicles/2026/Volvo/XC90%20Plug-In%20Hybrid/SUV/trim_T8_Plus_7Seater_46f14b/color/Onyx%20Black%20Metallic-717-35%2C35%2C36-640-en_US.jpg	in stock	NEW	SUV	Vehicles & Parts > Vehicles > Motor Vehicles > Cars, Trucks & Vans	YV4H60PE1T1497817	https://www.bortonvolvocars.com/new/Volvo/2026-Volvo-XC90-plug-in-hybrid-In-Minneapolis-MN-ba394a9eac183a92bb9cb9f8f074b250.htm?store={store_code}	BLACK	0 miles	XC90 plug-in	YV4H60PE1T1497817	2026	77845 USD	81060	77845 USD	MI
YV4H60PF2T1500099	2026 Volvo XC90 plug-in hybrid T8 Ultra 7-Seater	Volvo	https://www.bortonvolvocars.com/new/Volvo/2026-Volvo-XC90-plug-in-hybrid-In-Minneapolis-MN-ba396504ac180483df3059a10fecb71f.htm	81595 USD	2026 Mulberry Red Volvo XC90 plug-in T8 Ultra 7-Seater 2.0L I-4 cyl For sale at Borton Volvo Cars in Golden Valley Minnesota.	https://images.dealer.com/ddc/vehicles/2026/Volvo/XC90%20Plug-In%20Hybrid/SUV/trim_T8_Ultra_7Seater_d4bcc0/color/Mulberry%20Red%20Metallic-739-49%2C40%2C48-640-en_US.jpg	in stock	NEW	SUV	Vehicles & Parts > Vehicles > Motor Vehicles > Cars, Trucks & Vans	YV4H60PF2T1500099	https://www.bortonvolvocars.com/new/Volvo/2026-Volvo-XC90-plug-in-hybrid-In-Minneapolis-MN-ba396504ac180483df3059a10fecb71f.htm?store={store_code}	RED	0 miles	XC90 plug-in	YV4H60PF2T1500099	2026	81595 USD	81060	81595 USD	MI
YV4H60PF8T1499508	2026 Volvo XC90 plug-in hybrid T8 Ultra 7-Seater	Volvo	https://www.bortonvolvocars.com/new/Volvo/2026-Volvo-XC90-plug-in-hybrid-In-Minneapolis-MN-ba39693dac1852b0d28ee18aa34ce2a4.htm	81595 USD	2026 Onyx Black Volvo XC90 plug-in T8 Ultra 7-Seater 2.0L I-4 cyl For sale at Borton Volvo Cars in Golden Valley Minnesota.	https://images.dealer.com/ddc/vehicles/2026/Volvo/XC90%20Plug-In%20Hybrid/SUV/trim_T8_Ultra_7Seater_d4bcc0/color/Onyx%20Black%20Metallic-717-35%2C35%2C36-640-en_US.jpg	in stock	NEW	SUV	Vehicles & Parts > Vehicles > Motor Vehicles > Cars, Trucks & Vans	YV4H60PF8T1499508	https://www.bortonvolvocars.com/new/Volvo/2026-Volvo-XC90-plug-in-hybrid-In-Minneapolis-MN-ba39693dac1852b0d28ee18aa34ce2a4.htm?store={store_code}	BLACK	0 miles	XC90 plug-in	YV4H60PF8T1499508	2026	81595 USD	81060	81595 USD	MI
YV4H60PE3T1500216	2026 Volvo XC90 plug-in hybrid T8 Plus 7-Seater	Volvo	https://www.bortonvolvocars.com/new/Volvo/2026-Volvo-XC90-plug-in-hybrid-In-Minneapolis-MN-ba397073ac18203aee22bcff5c9555d7.htm	77845 USD	2026 Crystal White Volvo XC90 plug-in T8 Plus 7-Seater 2.0L I-4 cyl For sale at Borton Volvo Cars in Golden Valley Minnesota.	https://images.dealer.com/ddc/vehicles/2026/Volvo/XC90%20Plug-In%20Hybrid/SUV/trim_T8_Plus_7Seater_46f14b/color/Crystal%20White%20Pearl-707-229%2C230%2C230-640-en_US.jpg	in stock	NEW	SUV	Vehicles & Parts > Vehicles > Motor Vehicles > Cars, Trucks & Vans	YV4H60PE3T1500216	https://www.bortonvolvocars.com/new/Volvo/2026-Volvo-XC90-plug-in-hybrid-In-Minneapolis-MN-ba397073ac18203aee22bcff5c9555d7.htm?store={store_code}	WHITE	0 miles	XC90 plug-in	YV4H60PE3T1500216	2026	77845 USD	81060	77845 USD	MI
YV4H60PF5T1500114	2026 Volvo XC90 plug-in hybrid T8 Ultra 7-Seater	Volvo	https://www.bortonvolvocars.com/new/Volvo/2026-Volvo-XC90-plug-in-hybrid-In-Minneapolis-MN-ba39762aac181b75aed53650d6645ae7.htm	81595 USD	2026 Mulberry Red Volvo XC90 plug-in T8 Ultra 7-Seater 2.0L I-4 cyl For sale at Borton Volvo Cars in Golden Valley Minnesota.	https://images.dealer.com/ddc/vehicles/2026/Volvo/XC90%20Plug-In%20Hybrid/SUV/trim_T8_Ultra_7Seater_d4bcc0/color/Mulberry%20Red%20Metallic-739-49%2C40%2C48-640-en_US.jpg	in stock	NEW	SUV	Vehicles & Parts > Vehicles > Motor Vehicles > Cars, Trucks & Vans	YV4H60PF5T1500114	https://www.bortonvolvocars.com/new/Volvo/2026-Volvo-XC90-plug-in-hybrid-In-Minneapolis-MN-ba39762aac181b75aed53650d6645ae7.htm?store={store_code}	RED	0 miles	XC90 plug-in	YV4H60PF5T1500114	2026	81595 USD	81060	81595 USD	MI
YV4H60PE2T1524944	2026 Volvo XC90 plug-in hybrid T8 Plus 7-Seater	Volvo	https://www.bortonvolvocars.com/new/Volvo/2026-Volvo-XC90-plug-in-hybrid-In-Minneapolis-MN-c2726d3fac183a61373cfa70cbc7081b.htm	79915 USD	2026 Onyx Black Volvo XC90 plug-in T8 Plus 7-Seater 2.0L I-4 cyl For sale at Borton Volvo Cars in Golden Valley Minnesota.	https://images.dealer.com/ddc/vehicles/2026/Volvo/XC90%20Plug-In%20Hybrid/SUV/trim_T8_Plus_7Seater_46f14b/color/Onyx%20Black%20Metallic-717-35%2C35%2C36-640-en_US.jpg	in stock	NEW	SUV	Vehicles & Parts > Vehicles > Motor Vehicles > Cars, Trucks & Vans	YV4H60PE2T1524944	https://www.bortonvolvocars.com/new/Volvo/2026-Volvo-XC90-plug-in-hybrid-In-Minneapolis-MN-c2726d3fac183a61373cfa70cbc7081b.htm?store={store_code}	BLACK	0 miles	XC90 plug-in	YV4H60PE2T1524944	2026	79915 USD	81060	79915 USD	MI
YV4H60PF5T1539527	2026 Volvo XC90 plug-in hybrid T8 Ultra 7-Seater	Volvo	https://www.bortonvolvocars.com/new/Volvo/2026-Volvo-XC90-plug-in-hybrid-In-Minneapolis-MN-dd38ca68ac185c8404187acefff67ad3.htm	86075 USD	2026 Mulberry Red Volvo XC90 plug-in T8 Ultra 7-Seater 2.0L I-4 cyl For sale at Borton Volvo Cars in Golden Valley Minnesota.	https://images.dealer.com/ddc/vehicles/2026/Volvo/XC90%20Plug-In%20Hybrid/SUV/trim_T8_Ultra_7Seater_d4bcc0/color/Mulberry%20Red%20Metallic-739-49%2C40%2C48-640-en_US.jpg	in stock	NEW	SUV	Vehicles & Parts > Vehicles > Motor Vehicles > Cars, Trucks & Vans	YV4H60PF5T1539527	https://www.bortonvolvocars.com/new/Volvo/2026-Volvo-XC90-plug-in-hybrid-In-Minneapolis-MN-dd38ca68ac185c8404187acefff67ad3.htm?store={store_code}	RED	0 miles	XC90 plug-in	YV4H60PF5T1539527	2026	86075 USD	81060	86075 USD	MI
YV4H60PE1T1536812	2026 Volvo XC90 plug-in hybrid T8 Plus 7-Seater	Volvo	https://www.bortonvolvocars.com/new/Volvo/2026-Volvo-XC90-plug-in-hybrid-In-Minneapolis-MN-dd38cc82ac18388e567ff3a86fe787eb.htm	82325 USD	2026 Denim Blue Volvo XC90 plug-in T8 Plus 7-Seater 2.0L I-4 cyl For sale at Borton Volvo Cars in Golden Valley Minnesota.	https://images.dealer.com/ddc/vehicles/2026/Volvo/XC90%20Plug-In%20Hybrid/SUV/trim_T8_Plus_7Seater_46f14b/color/Denim%20Blue%20Metallic-723-38%2C54%2C70-640-en_US.jpg	in stock	NEW	SUV	Vehicles & Parts > Vehicles > Motor Vehicles > Cars, Trucks & Vans	YV4H60PE1T1536812	https://www.bortonvolvocars.com/new/Volvo/2026-Volvo-XC90-plug-in-hybrid-In-Minneapolis-MN-dd38cc82ac18388e567ff3a86fe787eb.htm?store={store_code}	BLUE	0 miles	XC90 plug-in	YV4H60PE1T1536812	2026	82325 USD	81060	82325 USD	MI
YV4H60PE2T1536267	2026 Volvo XC90 plug-in hybrid T8 Plus 7-Seater	Volvo	https://www.bortonvolvocars.com/new/Volvo/2026-Volvo-XC90-plug-in-hybrid-In-Minneapolis-MN-dd38d00eac184a64f5d1c0feed3b7f4a.htm	81870 USD	2026 Crystal White Volvo XC90 plug-in T8 Plus 7-Seater 2.0L I-4 cyl For sale at Borton Volvo Cars in Golden Valley Minnesota.	https://images.dealer.com/ddc/vehicles/2026/Volvo/XC90%20Plug-In%20Hybrid/SUV/trim_T8_Plus_7Seater_46f14b/color/Crystal%20White%20Pearl-707-229%2C230%2C230-640-en_US.jpg	in stock	NEW	SUV	Vehicles & Parts > Vehicles > Motor Vehicles > Cars, Trucks & Vans	YV4H60PE2T1536267	https://www.bortonvolvocars.com/new/Volvo/2026-Volvo-XC90-plug-in-hybrid-In-Minneapolis-MN-dd38d00eac184a64f5d1c0feed3b7f4a.htm?store={store_code}	WHITE	0 miles	XC90 plug-in	YV4H60PE2T1536267	2026	81870 USD	81060	81870 USD	MI
YV4H60PE0T1506717	2026 Volvo XC90 plug-in hybrid T8 Plus 7-Seater	Volvo	https://www.bortonvolvocars.com/new/Volvo/2026-Volvo-XC90-plug-in-hybrid-In-Minneapolis-MN-e8317dc8ac184fff63900492f1c78164.htm	77845 USD	2026 Onyx Black Volvo XC90 plug-in T8 Plus 7-Seater 2.0L I-4 cyl For sale at Borton Volvo Cars in Golden Valley Minnesota.	https://images.dealer.com/ddc/vehicles/2026/Volvo/XC90%20Plug-In%20Hybrid/SUV/trim_T8_Plus_7Seater_46f14b/color/Onyx%20Black%20Metallic-717-35%2C35%2C36-640-en_US.jpg	in stock	NEW	SUV	Vehicles & Parts > Vehicles > Motor Vehicles > Cars, Trucks & Vans	YV4H60PE0T1506717	https://www.bortonvolvocars.com/new/Volvo/2026-Volvo-XC90-plug-in-hybrid-In-Minneapolis-MN-e8317dc8ac184fff63900492f1c78164.htm?store={store_code}	BLACK	0 miles	XC90 plug-in	YV4H60PE0T1506717	2026	77845 USD	81060	77845 USD	MI
YV4H60PM0T1519457	2026 Volvo XC90 plug-in hybrid T8 Ultra Dark Theme 7-Seater	Volvo	https://www.bortonvolvocars.com/new/Volvo/2026-Volvo-XC90-plug-in-hybrid-In-Minneapolis-MN-f20e5529ac184a64f5d1c0fe928b99c9.htm	82870 USD	2026 Aurora Silver Volvo XC90 plug-in T8 Ultra Dark Theme 7-Seater 2.0L I-4 cyl For sale at Borton Volvo Cars in Golden Valley Minnesota.	https://images.dealer.com/ddc/vehicles/2026/Volvo/XC90%20Plug-In%20Hybrid/SUV/trim_T8_Ultra_Dark_Theme_7Seater_3d3048/color/Aurora%20Silver-745-175%2C174%2C178-640-en_US.jpg	in stock	NEW	SUV	Vehicles & Parts > Vehicles > Motor Vehicles > Cars, Trucks & Vans	YV4H60PM0T1519457	https://www.bortonvolvocars.com/new/Volvo/2026-Volvo-XC90-plug-in-hybrid-In-Minneapolis-MN-f20e5529ac184a64f5d1c0fe928b99c9.htm?store={store_code}	SILVER	0 miles	XC90 plug-in	YV4H60PM0T1519457	2026	82870 USD	81060	82870 USD	MI
YV4H60PE1T1480614	2026 Volvo XC90 plug-in hybrid T8 Plus 7-Seater	Volvo	https://www.bortonvolvocars.com/new/Volvo/2026-Volvo-XC90-plug-in-hybrid-In-Minneapolis-MN-f81b285aac181f92901001b886d8e4f9.htm	77725 USD	2026 Vapour Grey Volvo XC90 plug-in T8 Plus 7-Seater 2.0L I-4 cyl For sale at Borton Volvo Cars in Golden Valley Minnesota.	https://images.dealer.com/ddc/vehicles/2026/Volvo/XC90%20Plug-In%20Hybrid/SUV/trim_T8_Plus_7Seater_46f14b/color/Vapour%20Gray%20Metallic-740-66%2C72%2C75-640-en_US.jpg	in stock	NEW	SUV	Vehicles & Parts > Vehicles > Motor Vehicles > Cars, Trucks & Vans	YV4H60PE1T1480614	https://www.bortonvolvocars.com/new/Volvo/2026-Volvo-XC90-plug-in-hybrid-In-Minneapolis-MN-f81b285aac181f92901001b886d8e4f9.htm?store={store_code}	GRAY	0 miles	XC90 plug-in	YV4H60PE1T1480614	2026	77725 USD	81060	77725 USD	MI
YV4M22RM9V1554486	2027 Volvo XC60 Ultra	Volvo	https://www.bortonvolvocars.com/new/Volvo/2027-Volvo-XC60-In-Minneapolis-MN-b55b2dd4ac1820874a57f05d2d3b8e96.htm	64760 USD	2027 Onyx Black Volvo XC60 Ultra 4L B5 For sale at Borton Volvo Cars in Golden Valley Minnesota.	https://images.dealer.com/unavailable_stockphoto.png	in stock	NEW	SUV	Vehicles & Parts > Vehicles > Motor Vehicles > Cars, Trucks & Vans	YV4M22RM9V1554486	https://www.bortonvolvocars.com/new/Volvo/2027-Volvo-XC60-In-Minneapolis-MN-b55b2dd4ac1820874a57f05d2d3b8e96.htm?store={store_code}	BLACK	0 miles	XC60	YV4M22RM9V1554486	2027	64760 USD	81060	64760 USD	MI
YV4M22RJ6V1559411	2027 Volvo XC60 B5 Core	Volvo	https://www.bortonvolvocars.com/new/Volvo/2027-Volvo-XC60-In-Minneapolis-MN-b55b2ddeac183ecbd73d4eaed2279020.htm	54210 USD	2027 Vapour Grey Volvo XC60 B5 Core 2.0L I-4 cyl For sale at Borton Volvo Cars in Golden Valley Minnesota.	https://images.dealer.com/autodata/us/color/2027/USD70VOS021A0/740.jpg	in stock	NEW	SUV	Vehicles & Parts > Vehicles > Motor Vehicles > Cars, Trucks & Vans	YV4M22RJ6V1559411	https://www.bortonvolvocars.com/new/Volvo/2027-Volvo-XC60-In-Minneapolis-MN-b55b2ddeac183ecbd73d4eaed2279020.htm?store={store_code}	GRAY	0 miles	XC60	YV4M22RJ6V1559411	2027	54210 USD	81060	54210 USD	MI
YV4M22RC9V1554270	2027 Volvo XC60 Plus	Volvo	https://www.bortonvolvocars.com/new/Volvo/2027-Volvo-XC60-In-Minneapolis-MN-b55b313dac183ecbd73d4eae9a3384eb.htm	59410 USD	2027 Crystal White Volvo XC60 Plus 4L B5 For sale at Borton Volvo Cars in Golden Valley Minnesota.	https://images.dealer.com/unavailable_stockphoto.png	in stock	NEW	SUV	Vehicles & Parts > Vehicles > Motor Vehicles > Cars, Trucks & Vans	YV4M22RC9V1554270	https://www.bortonvolvocars.com/new/Volvo/2027-Volvo-XC60-In-Minneapolis-MN-b55b313dac183ecbd73d4eae9a3384eb.htm?store={store_code}	WHITE	0 miles	XC60	YV4M22RC9V1554270	2027	59410 USD	81060	59410 USD	MI
YV4M22RC1V1558779	2027 Volvo XC60 Plus	Volvo	https://www.bortonvolvocars.com/new/Volvo/2027-Volvo-XC60-In-Minneapolis-MN-b55b34c2ac1851979897d8869cc084f6.htm	59410 USD	2027 Denim Blue Volvo XC60 Plus 4L B5 For sale at Borton Volvo Cars in Golden Valley Minnesota.	https://images.dealer.com/unavailable_stockphoto.png	in stock	NEW	SUV	Vehicles & Parts > Vehicles > Motor Vehicles > Cars, Trucks & Vans	YV4M22RC1V1558779	https://www.bortonvolvocars.com/new/Volvo/2027-Volvo-XC60-In-Minneapolis-MN-b55b34c2ac1851979897d8869cc084f6.htm?store={store_code}	BLUE	0 miles	XC60	YV4M22RC1V1558779	2027	59410 USD	81060	59410 USD	MI
YV4HD0RD0V1552027	2027 Volvo XC60 Ultra	Volvo	https://www.bortonvolvocars.com/new/Volvo/2027-Volvo-XC60-In-Minneapolis-MN-b55b34eaac184da0e298c919a0496e1a.htm	76360 USD	2027 Onyx Black Volvo XC60 Ultra 4L T8 For sale at Borton Volvo Cars in Golden Valley Minnesota.	https://images.dealer.com/unavailable_stockphoto.png	in stock	NEW	SUV	Vehicles & Parts > Vehicles > Motor Vehicles > Cars, Trucks & Vans	YV4HD0RD0V1552027	https://www.bortonvolvocars.com/new/Volvo/2027-Volvo-XC60-In-Minneapolis-MN-b55b34eaac184da0e298c919a0496e1a.htm?store={store_code}	BLACK	0 miles	XC60	YV4HD0RD0V1552027	2027	76360 USD	81060	76360 USD	MI
YV4HD0RC9V1555225	2027 Volvo XC60 Plus	Volvo	https://www.bortonvolvocars.com/new/Volvo/2027-Volvo-XC60-In-Minneapolis-MN-b55b3534ac180edf8db7c817a2e1a7e3.htm	70710 USD	2027 Denim Blue Volvo XC60 Plus 4L T8 For sale at Borton Volvo Cars in Golden Valley Minnesota.	https://images.dealer.com/unavailable_stockphoto.png	in stock	NEW	SUV	Vehicles & Parts > Vehicles > Motor Vehicles > Cars, Trucks & Vans	YV4HD0RC9V1555225	https://www.bortonvolvocars.com/new/Volvo/2027-Volvo-XC60-In-Minneapolis-MN-b55b3534ac180edf8db7c817a2e1a7e3.htm?store={store_code}	BLUE	0 miles	XC60	YV4HD0RC9V1555225	2027	70710 USD	81060	70710 USD	MI
YV4M22RM6V1558009	2027 Volvo XC60 Ultra	Volvo	https://www.bortonvolvocars.com/new/Volvo/2027-Volvo-XC60-In-Minneapolis-MN-b55b37c2ac183203d1d9fe25121a0c76.htm	64760 USD	2027 Denim Blue Volvo XC60 Ultra 4L B5 For sale at Borton Volvo Cars in Golden Valley Minnesota.	https://images.dealer.com/unavailable_stockphoto.png	in stock	NEW	SUV	Vehicles & Parts > Vehicles > Motor Vehicles > Cars, Trucks & Vans	YV4M22RM6V1558009	https://www.bortonvolvocars.com/new/Volvo/2027-Volvo-XC60-In-Minneapolis-MN-b55b37c2ac183203d1d9fe25121a0c76.htm?store={store_code}	BLUE	0 miles	XC60	YV4M22RM6V1558009	2027	64760 USD	81060	64760 USD	MI
YV4M22RJ8V1558194	2027 Volvo XC60 B5 Core	Volvo	https://www.bortonvolvocars.com/new/Volvo/2027-Volvo-XC60-In-Minneapolis-MN-b55b3b30ac185e19df2a9b923281aa2a.htm	54210 USD	2027 Onyx Black Volvo XC60 B5 Core 2.0L I-4 cyl For sale at Borton Volvo Cars in Golden Valley Minnesota.	https://images.dealer.com/autodata/us/color/2027/USD70VOS021A0/717.jpg	in stock	NEW	SUV	Vehicles & Parts > Vehicles > Motor Vehicles > Cars, Trucks & Vans	YV4M22RJ8V1558194	https://www.bortonvolvocars.com/new/Volvo/2027-Volvo-XC60-In-Minneapolis-MN-b55b3b30ac185e19df2a9b923281aa2a.htm?store={store_code}	BLACK	0 miles	XC60	YV4M22RJ8V1558194	2027	54210 USD	81060	54210 USD	MI
YV4HD0RC4V1564902	2027 Volvo XC60 Plus	Volvo	https://www.bortonvolvocars.com/new/Volvo/2027-Volvo-XC60-In-Minneapolis-MN-b55b425aac183ecbd73d4eae7e96d33b.htm	70710 USD	2027 Crystal White Volvo XC60 Plus 4L T8 For sale at Borton Volvo Cars in Golden Valley Minnesota.	https://images.dealer.com/unavailable_stockphoto.png	in stock	NEW	SUV	Vehicles & Parts > Vehicles > Motor Vehicles > Cars, Trucks & Vans	YV4HD0RC4V1564902	https://www.bortonvolvocars.com/new/Volvo/2027-Volvo-XC60-In-Minneapolis-MN-b55b425aac183ecbd73d4eae7e96d33b.htm?store={store_code}	WHITE	0 miles	XC60	YV4HD0RC4V1564902	2027	70710 USD	81060	70710 USD	MI
YV4M22RC4V1557979	2027 Volvo XC60 Plus	Volvo	https://www.bortonvolvocars.com/new/Volvo/2027-Volvo-XC60-In-Minneapolis-MN-b55b426aac1851979897d8860e68fc3a.htm	59410 USD	2027 Onyx Black Volvo XC60 Plus 4L B5 For sale at Borton Volvo Cars in Golden Valley Minnesota.	https://images.dealer.com/unavailable_stockphoto.png	in stock	NEW	SUV	Vehicles & Parts > Vehicles > Motor Vehicles > Cars, Trucks & Vans	YV4M22RC4V1557979	https://www.bortonvolvocars.com/new/Volvo/2027-Volvo-XC60-In-Minneapolis-MN-b55b426aac1851979897d8860e68fc3a.htm?store={store_code}	BLACK	0 miles	XC60	YV4M22RC4V1557979	2027	59410 USD	81060	59410 USD	MI
YV4M22RJ7V1587329	2027 Volvo XC60 B5 Core	Volvo	https://www.bortonvolvocars.com/new/Volvo/2027-Volvo-XC60-In-Minneapolis-MN-b55b66baac184da0e298c9198f9d6500.htm	53850 USD	2027 Onyx Black Volvo XC60 B5 Core 2.0L I-4 cyl For sale at Borton Volvo Cars in Golden Valley Minnesota.	https://images.dealer.com/autodata/us/color/2027/USD70VOS021A0/717.jpg	in stock	NEW	SUV	Vehicles & Parts > Vehicles > Motor Vehicles > Cars, Trucks & Vans	YV4M22RJ7V1587329	https://www.bortonvolvocars.com/new/Volvo/2027-Volvo-XC60-In-Minneapolis-MN-b55b66baac184da0e298c9198f9d6500.htm?store={store_code}	BLACK	0 miles	XC60	YV4M22RJ7V1587329	2027	53850 USD	81060	53850 USD	MI
YV4M22RM4V1565251	2027 Volvo XC60 Ultra	Volvo	https://www.bortonvolvocars.com/new/Volvo/2027-Volvo-XC60-In-Minneapolis-MN-b55b68f1ac1820874a57f05dfd985e64.htm	64760 USD	2027 Forest Lake Volvo XC60 Ultra 4L B5 For sale at Borton Volvo Cars in Golden Valley Minnesota.	https://images.dealer.com/unavailable_stockphoto.png	in stock	NEW	SUV	Vehicles & Parts > Vehicles > Motor Vehicles > Cars, Trucks & Vans	YV4M22RM4V1565251	https://www.bortonvolvocars.com/new/Volvo/2027-Volvo-XC60-In-Minneapolis-MN-b55b68f1ac1820874a57f05dfd985e64.htm?store={store_code}	GREEN	0 miles	XC60	YV4M22RM4V1565251	2027	64760 USD	81060	64760 USD	MI
YV4HD0RM9V1565309	2027 Volvo XC60 Ultra	Volvo	https://www.bortonvolvocars.com/new/Volvo/2027-Volvo-XC60-In-Minneapolis-MN-b55b6945ac185fef39d0f00f470dafb1.htm	76060 USD	2027 Denim Blue Volvo XC60 Ultra 4L T8 For sale at Borton Volvo Cars in Golden Valley Minnesota.	https://images.dealer.com/unavailable_stockphoto.png	in stock	NEW	SUV	Vehicles & Parts > Vehicles > Motor Vehicles > Cars, Trucks & Vans	YV4HD0RM9V1565309	https://www.bortonvolvocars.com/new/Volvo/2027-Volvo-XC60-In-Minneapolis-MN-b55b6945ac185fef39d0f00f470dafb1.htm?store={store_code}	BLUE	0 miles	XC60	YV4HD0RM9V1565309	2027	76060 USD	81060	76060 USD	MI
YV4HD0RM4V1568411	2027 Volvo XC60 Ultra	Volvo	https://www.bortonvolvocars.com/new/Volvo/2027-Volvo-XC60-In-Minneapolis-MN-b55b6948ac184da0e298c9191d8245db.htm	76060 USD	2027 Crystal White Volvo XC60 Ultra 4L T8 For sale at Borton Volvo Cars in Golden Valley Minnesota.	https://images.dealer.com/unavailable_stockphoto.png	in stock	NEW	SUV	Vehicles & Parts > Vehicles > Motor Vehicles > Cars, Trucks & Vans	YV4HD0RM4V1568411	https://www.bortonvolvocars.com/new/Volvo/2027-Volvo-XC60-In-Minneapolis-MN-b55b6948ac184da0e298c9191d8245db.htm?store={store_code}	WHITE	0 miles	XC60	YV4HD0RM4V1568411	2027	76060 USD	81060	76060 USD	MI
YV4HD0RC0V1564752	2027 Volvo XC60 Plus	Volvo	https://www.bortonvolvocars.com/new/Volvo/2027-Volvo-XC60-In-Minneapolis-MN-b55b695eac185e19df2a9b9227e3922d.htm	70710 USD	2027 Mulberry Red Volvo XC60 Plus 4L T8 For sale at Borton Volvo Cars in Golden Valley Minnesota.	https://images.dealer.com/unavailable_stockphoto.png	in stock	NEW	SUV	Vehicles & Parts > Vehicles > Motor Vehicles > Cars, Trucks & Vans	YV4HD0RC0V1564752	https://www.bortonvolvocars.com/new/Volvo/2027-Volvo-XC60-In-Minneapolis-MN-b55b695eac185e19df2a9b9227e3922d.htm?store={store_code}	RED	0 miles	XC60	YV4HD0RC0V1564752	2027	70710 USD	81060	70710 USD	MI
YV4M22RJ5V1568679	2027 Volvo XC60 B5 Core	Volvo	https://www.bortonvolvocars.com/new/Volvo/2027-Volvo-XC60-In-Minneapolis-MN-b55b698eac184da0e298c919c2057c1f.htm	54210 USD	2027 Denim Blue Volvo XC60 B5 Core 2.0L I-4 cyl For sale at Borton Volvo Cars in Golden Valley Minnesota.	https://images.dealer.com/autodata/us/color/2027/USD70VOS021A0/723.jpg	in stock	NEW	SUV	Vehicles & Parts > Vehicles > Motor Vehicles > Cars, Trucks & Vans	YV4M22RJ5V1568679	https://www.bortonvolvocars.com/new/Volvo/2027-Volvo-XC60-In-Minneapolis-MN-b55b698eac184da0e298c919c2057c1f.htm?store={store_code}	BLUE	0 miles	XC60	YV4M22RJ5V1568679	2027	54210 USD	81060	54210 USD	MI
YV4M22RJ5V1579178	2027 Volvo XC60 B5 Core	Volvo	https://www.bortonvolvocars.com/new/Volvo/2027-Volvo-XC60-In-Minneapolis-MN-b55b69cfac180edf8db7c8178f09ab25.htm	53050 USD	2027 Vapour Grey Volvo XC60 B5 Core 2.0L I-4 cyl For sale at Borton Volvo Cars in Golden Valley Minnesota.	https://images.dealer.com/autodata/us/color/2027/USD70VOS021A0/740.jpg	in stock	NEW	SUV	Vehicles & Parts > Vehicles > Motor Vehicles > Cars, Trucks & Vans	YV4M22RJ5V1579178	https://www.bortonvolvocars.com/new/Volvo/2027-Volvo-XC60-In-Minneapolis-MN-b55b69cfac180edf8db7c8178f09ab25.htm?store={store_code}	GRAY	0 miles	XC60	YV4M22RJ5V1579178	2027	53050 USD	81060	53050 USD	MI
YV4M22RC9V1566001	2027 Volvo XC60 Plus	Volvo	https://www.bortonvolvocars.com/new/Volvo/2027-Volvo-XC60-In-Minneapolis-MN-b55b6d53ac1812d29292c3de88cb1743.htm	59410 USD	2027 Denim Blue Volvo XC60 Plus 4L B5 For sale at Borton Volvo Cars in Golden Valley Minnesota.	https://images.dealer.com/unavailable_stockphoto.png	in stock	NEW	SUV	Vehicles & Parts > Vehicles > Motor Vehicles > Cars, Trucks & Vans	YV4M22RC9V1566001	https://www.bortonvolvocars.com/new/Volvo/2027-Volvo-XC60-In-Minneapolis-MN-b55b6d53ac1812d29292c3de88cb1743.htm?store={store_code}	BLUE	0 miles	XC60	YV4M22RC9V1566001	2027	59410 USD	81060	59410 USD	MI
YV4M22RJXV1566958	2027 Volvo XC60 B5 Core	Volvo	https://www.bortonvolvocars.com/new/Volvo/2027-Volvo-XC60-In-Minneapolis-MN-b55b6d64ac1812d29292c3de6f1cf3ba.htm	54210 USD	2027 Denim Blue Volvo XC60 B5 Core 2.0L I-4 cyl For sale at Borton Volvo Cars in Golden Valley Minnesota.	https://images.dealer.com/autodata/us/color/2027/USD70VOS021A0/723.jpg	in stock	NEW	SUV	Vehicles & Parts > Vehicles > Motor Vehicles > Cars, Trucks & Vans	YV4M22RJXV1566958	https://www.bortonvolvocars.com/new/Volvo/2027-Volvo-XC60-In-Minneapolis-MN-b55b6d64ac1812d29292c3de6f1cf3ba.htm?store={store_code}	BLUE	0 miles	XC60	YV4M22RJXV1566958	2027	54210 USD	81060	54210 USD	MI
YV4M22RC4V1588083	2027 Volvo XC60 Plus	Volvo	https://www.bortonvolvocars.com/new/Volvo/2027-Volvo-XC60-In-Minneapolis-MN-b55b6d6dac18279fde168c34ae35e024.htm	59050 USD	2027 Forest Lake Volvo XC60 Plus 4L B5 For sale at Borton Volvo Cars in Golden Valley Minnesota.	https://images.dealer.com/unavailable_stockphoto.png	in stock	NEW	SUV	Vehicles & Parts > Vehicles > Motor Vehicles > Cars, Trucks & Vans	YV4M22RC4V1588083	https://www.bortonvolvocars.com/new/Volvo/2027-Volvo-XC60-In-Minneapolis-MN-b55b6d6dac18279fde168c34ae35e024.htm?store={store_code}	GREEN	0 miles	XC60	YV4M22RC4V1588083	2027	59050 USD	81060	59050 USD	MI
YV4M22RC8V1566006	2027 Volvo XC60 Plus	Volvo	https://www.bortonvolvocars.com/new/Volvo/2027-Volvo-XC60-In-Minneapolis-MN-b55b6ff5ac185bc6fc1af9b5cba62693.htm	59410 USD	2027 Denim Blue Volvo XC60 Plus 4L B5 For sale at Borton Volvo Cars in Golden Valley Minnesota.	https://images.dealer.com/unavailable_stockphoto.png	in stock	NEW	SUV	Vehicles & Parts > Vehicles > Motor Vehicles > Cars, Trucks & Vans	YV4M22RC8V1566006	https://www.bortonvolvocars.com/new/Volvo/2027-Volvo-XC60-In-Minneapolis-MN-b55b6ff5ac185bc6fc1af9b5cba62693.htm?store={store_code}	BLUE	0 miles	XC60	YV4M22RC8V1566006	2027	59410 USD	81060	59410 USD	MI
YV4M22RC9V1567679	2027 Volvo XC60 Plus	Volvo	https://www.bortonvolvocars.com/new/Volvo/2027-Volvo-XC60-In-Minneapolis-MN-b55b7001ac185fef39d0f00f8f47c9df.htm	59410 USD	2027 Forest Lake Volvo XC60 Plus 4L B5 For sale at Borton Volvo Cars in Golden Valley Minnesota.	https://images.dealer.com/unavailable_stockphoto.png	in stock	NEW	SUV	Vehicles & Parts > Vehicles > Motor Vehicles > Cars, Trucks & Vans	YV4M22RC9V1567679	https://www.bortonvolvocars.com/new/Volvo/2027-Volvo-XC60-In-Minneapolis-MN-b55b7001ac185fef39d0f00f8f47c9df.htm?store={store_code}	GREEN	0 miles	XC60	YV4M22RC9V1567679	2027	59410 USD	81060	59410 USD	MI
YV4HD0RM4V1568800	2027 Volvo XC60 Ultra	Volvo	https://www.bortonvolvocars.com/new/Volvo/2027-Volvo-XC60-In-Minneapolis-MN-b55b7013ac180edf8db7c817a2ff88e3.htm	76060 USD	2027 Vapour Grey Volvo XC60 Ultra 4L T8 For sale at Borton Volvo Cars in Golden Valley Minnesota.	https://images.dealer.com/unavailable_stockphoto.png	in stock	NEW	SUV	Vehicles & Parts > Vehicles > Motor Vehicles > Cars, Trucks & Vans	YV4HD0RM4V1568800	https://www.bortonvolvocars.com/new/Volvo/2027-Volvo-XC60-In-Minneapolis-MN-b55b7013ac180edf8db7c817a2ff88e3.htm?store={store_code}	GRAY	0 miles	XC60	YV4HD0RM4V1568800	2027	76060 USD	81060	76060 USD	MI
YV4M22RC6V1567414	2027 Volvo XC60 Plus	Volvo	https://www.bortonvolvocars.com/new/Volvo/2027-Volvo-XC60-In-Minneapolis-MN-b55b7015ac1851979897d886a3c5d8df.htm	59410 USD	2027 Mulberry Red Volvo XC60 Plus 4L B5 For sale at Borton Volvo Cars in Golden Valley Minnesota.	https://images.dealer.com/unavailable_stockphoto.png	in stock	NEW	SUV	Vehicles & Parts > Vehicles > Motor Vehicles > Cars, Trucks & Vans	YV4M22RC6V1567414	https://www.bortonvolvocars.com/new/Volvo/2027-Volvo-XC60-In-Minneapolis-MN-b55b7015ac1851979897d886a3c5d8df.htm?store={store_code}	RED	0 miles	XC60	YV4M22RC6V1567414	2027	59410 USD	81060	59410 USD	MI
YV4M22RC7V1587784	2027 Volvo XC60 Plus	Volvo	https://www.bortonvolvocars.com/new/Volvo/2027-Volvo-XC60-In-Minneapolis-MN-b55b733cac185fef39d0f00fdf632bf9.htm	59050 USD	2027 Denim Blue Volvo XC60 Plus 4L B5 For sale at Borton Volvo Cars in Golden Valley Minnesota.	https://images.dealer.com/unavailable_stockphoto.png	in stock	NEW	SUV	Vehicles & Parts > Vehicles > Motor Vehicles > Cars, Trucks & Vans	YV4M22RC7V1587784	https://www.bortonvolvocars.com/new/Volvo/2027-Volvo-XC60-In-Minneapolis-MN-b55b733cac185fef39d0f00fdf632bf9.htm?store={store_code}	BLUE	0 miles	XC60	YV4M22RC7V1587784	2027	59050 USD	81060	59050 USD	MI
YV4HD0RC3V1569587	2027 Volvo XC60 Plus	Volvo	https://www.bortonvolvocars.com/new/Volvo/2027-Volvo-XC60-In-Minneapolis-MN-b55b734dac185fef39d0f00f5779b061.htm	70710 USD	2027 Forest Lake Volvo XC60 Plus 4L T8 For sale at Borton Volvo Cars in Golden Valley Minnesota.	https://images.dealer.com/unavailable_stockphoto.png	in stock	NEW	SUV	Vehicles & Parts > Vehicles > Motor Vehicles > Cars, Trucks & Vans	YV4HD0RC3V1569587	https://www.bortonvolvocars.com/new/Volvo/2027-Volvo-XC60-In-Minneapolis-MN-b55b734dac185fef39d0f00f5779b061.htm?store={store_code}	GREEN	0 miles	XC60	YV4HD0RC3V1569587	2027	70710 USD	81060	70710 USD	MI
YV4M22RM0V1588624	2027 Volvo XC60 Ultra	Volvo	https://www.bortonvolvocars.com/new/Volvo/2027-Volvo-XC60-In-Minneapolis-MN-b55b735cac1851979897d886b716433d.htm	64400 USD	2027 Crystal White Volvo XC60 Ultra 4L B5 For sale at Borton Volvo Cars in Golden Valley Minnesota.	https://images.dealer.com/unavailable_stockphoto.png	in stock	NEW	SUV	Vehicles & Parts > Vehicles > Motor Vehicles > Cars, Trucks & Vans	YV4M22RM0V1588624	https://www.bortonvolvocars.com/new/Volvo/2027-Volvo-XC60-In-Minneapolis-MN-b55b735cac1851979897d886b716433d.htm?store={store_code}	WHITE	0 miles	XC60	YV4M22RM0V1588624	2027	64400 USD	81060	64400 USD	MI
YV4M22RJ3V1566848	2027 Volvo XC60 B5 Core	Volvo	https://www.bortonvolvocars.com/new/Volvo/2027-Volvo-XC60-In-Minneapolis-MN-b55b735eac180edf8db7c8172ffb949a.htm	54210 USD	2027 Crystal White Volvo XC60 B5 Core 2.0L I-4 cyl For sale at Borton Volvo Cars in Golden Valley Minnesota.	https://images.dealer.com/autodata/us/color/2027/USD70VOS021A0/707.jpg	in stock	NEW	SUV	Vehicles & Parts > Vehicles > Motor Vehicles > Cars, Trucks & Vans	YV4M22RJ3V1566848	https://www.bortonvolvocars.com/new/Volvo/2027-Volvo-XC60-In-Minneapolis-MN-b55b735eac180edf8db7c8172ffb949a.htm?store={store_code}	WHITE	0 miles	XC60	YV4M22RJ3V1566848	2027	54210 USD	81060	54210 USD	MI
YV4M22RC3V1587717	2027 Volvo XC60 Plus	Volvo	https://www.bortonvolvocars.com/new/Volvo/2027-Volvo-XC60-In-Minneapolis-MN-b55b7416ac183ecbd73d4eaec2d1e0b5.htm	59050 USD	2027 Onyx Black Volvo XC60 Plus 4L B5 For sale at Borton Volvo Cars in Golden Valley Minnesota.	https://images.dealer.com/unavailable_stockphoto.png	in stock	NEW	SUV	Vehicles & Parts > Vehicles > Motor Vehicles > Cars, Trucks & Vans	YV4M22RC3V1587717	https://www.bortonvolvocars.com/new/Volvo/2027-Volvo-XC60-In-Minneapolis-MN-b55b7416ac183ecbd73d4eaec2d1e0b5.htm?store={store_code}	BLACK	0 miles	XC60	YV4M22RC3V1587717	2027	59050 USD	81060	59050 USD	MI
YV4M22RC0V1566534	2027 Volvo XC60 Plus	Volvo	https://www.bortonvolvocars.com/new/Volvo/2027-Volvo-XC60-In-Minneapolis-MN-b55b764aac185e19df2a9b92361504aa.htm	59410 USD	2027 Vapour Grey Volvo XC60 Plus 4L B5 For sale at Borton Volvo Cars in Golden Valley Minnesota.	https://images.dealer.com/unavailable_stockphoto.png	in stock	NEW	SUV	Vehicles & Parts > Vehicles > Motor Vehicles > Cars, Trucks & Vans	YV4M22RC0V1566534	https://www.bortonvolvocars.com/new/Volvo/2027-Volvo-XC60-In-Minneapolis-MN-b55b764aac185e19df2a9b92361504aa.htm?store={store_code}	GRAY	0 miles	XC60	YV4M22RC0V1566534	2027	59410 USD	81060	59410 USD	MI
YV4M22RC3V1567130	2027 Volvo XC60 Plus	Volvo	https://www.bortonvolvocars.com/new/Volvo/2027-Volvo-XC60-In-Minneapolis-MN-b55b7662ac183ecbd73d4eae0876dc8c.htm	59410 USD	2027 Forest Lake Volvo XC60 Plus 4L B5 For sale at Borton Volvo Cars in Golden Valley Minnesota.	https://images.dealer.com/unavailable_stockphoto.png	in stock	NEW	SUV	Vehicles & Parts > Vehicles > Motor Vehicles > Cars, Trucks & Vans	YV4M22RC3V1567130	https://www.bortonvolvocars.com/new/Volvo/2027-Volvo-XC60-In-Minneapolis-MN-b55b7662ac183ecbd73d4eae0876dc8c.htm?store={store_code}	GREEN	0 miles	XC60	YV4M22RC3V1567130	2027	59410 USD	81060	59410 USD	MI
YV4M22RC8V1588586	2027 Volvo XC60 Plus	Volvo	https://www.bortonvolvocars.com/new/Volvo/2027-Volvo-XC60-In-Minneapolis-MN-b55b7679ac180edf8db7c81752ab714b.htm	59050 USD	2027 Crystal White Volvo XC60 Plus 4L B5 For sale at Borton Volvo Cars in Golden Valley Minnesota.	https://images.dealer.com/unavailable_stockphoto.png	in stock	NEW	SUV	Vehicles & Parts > Vehicles > Motor Vehicles > Cars, Trucks & Vans	YV4M22RC8V1588586	https://www.bortonvolvocars.com/new/Volvo/2027-Volvo-XC60-In-Minneapolis-MN-b55b7679ac180edf8db7c81752ab714b.htm?store={store_code}	WHITE	0 miles	XC60	YV4M22RC8V1588586	2027	59050 USD	81060	59050 USD	MI
YV4HD0RC1V1570611	2027 Volvo XC60 Plus	Volvo	https://www.bortonvolvocars.com/new/Volvo/2027-Volvo-XC60-In-Minneapolis-MN-b55b76ceac185bc6fc1af9b5395240f3.htm	69910 USD	2027 Vapour Grey Volvo XC60 Plus 4L T8 For sale at Borton Volvo Cars in Golden Valley Minnesota.	https://images.dealer.com/unavailable_stockphoto.png	in stock	NEW	SUV	Vehicles & Parts > Vehicles > Motor Vehicles > Cars, Trucks & Vans	YV4HD0RC1V1570611	https://www.bortonvolvocars.com/new/Volvo/2027-Volvo-XC60-In-Minneapolis-MN-b55b76ceac185bc6fc1af9b5395240f3.htm?store={store_code}	GRAY	0 miles	XC60	YV4HD0RC1V1570611	2027	69910 USD	81060	69910 USD	MI
YV4M22RC3V1567841	2027 Volvo XC60 Plus	Volvo	https://www.bortonvolvocars.com/new/Volvo/2027-Volvo-XC60-In-Minneapolis-MN-b55b771bac180edf8db7c81772c07597.htm	59410 USD	2027 Forest Lake Volvo XC60 Plus 4L B5 For sale at Borton Volvo Cars in Golden Valley Minnesota.	https://images.dealer.com/unavailable_stockphoto.png	in stock	NEW	SUV	Vehicles & Parts > Vehicles > Motor Vehicles > Cars, Trucks & Vans	YV4M22RC3V1567841	https://www.bortonvolvocars.com/new/Volvo/2027-Volvo-XC60-In-Minneapolis-MN-b55b771bac180edf8db7c81772c07597.htm?store={store_code}	GREEN	0 miles	XC60	YV4M22RC3V1567841	2027	59410 USD	81060	59410 USD	MI
YV4M22RC9V1567438	2027 Volvo XC60 Plus	Volvo	https://www.bortonvolvocars.com/new/Volvo/2027-Volvo-XC60-In-Minneapolis-MN-b55b7a1dac183203d1d9fe257a8cacc5.htm	59410 USD	2027 Vapour Grey Volvo XC60 Plus 4L B5 For sale at Borton Volvo Cars in Golden Valley Minnesota.	https://images.dealer.com/unavailable_stockphoto.png	in stock	NEW	SUV	Vehicles & Parts > Vehicles > Motor Vehicles > Cars, Trucks & Vans	YV4M22RC9V1567438	https://www.bortonvolvocars.com/new/Volvo/2027-Volvo-XC60-In-Minneapolis-MN-b55b7a1dac183203d1d9fe257a8cacc5.htm?store={store_code}	GRAY	0 miles	XC60	YV4M22RC9V1567438	2027	59410 USD	81060	59410 USD	MI
YV4M22RC7V1588644	2027 Volvo XC60 Plus	Volvo	https://www.bortonvolvocars.com/new/Volvo/2027-Volvo-XC60-In-Minneapolis-MN-b55b7a2bac1811a58638d073c0bbba51.htm	59050 USD	2027 Crystal White Volvo XC60 Plus 4L B5 For sale at Borton Volvo Cars in Golden Valley Minnesota.	https://images.dealer.com/unavailable_stockphoto.png	in stock	NEW	SUV	Vehicles & Parts > Vehicles > Motor Vehicles > Cars, Trucks & Vans	YV4M22RC7V1588644	https://www.bortonvolvocars.com/new/Volvo/2027-Volvo-XC60-In-Minneapolis-MN-b55b7a2bac1811a58638d073c0bbba51.htm?store={store_code}	WHITE	0 miles	XC60	YV4M22RC7V1588644	2027	59050 USD	81060	59050 USD	MI
YV4M22RM8V1566175	2027 Volvo XC60 Ultra	Volvo	https://www.bortonvolvocars.com/new/Volvo/2027-Volvo-XC60-In-Minneapolis-MN-b55b7a48ac184da0e298c91951df7e87.htm	64760 USD	2027 Crystal White Volvo XC60 Ultra 4L B5 For sale at Borton Volvo Cars in Golden Valley Minnesota.	https://images.dealer.com/unavailable_stockphoto.png	in stock	NEW	SUV	Vehicles & Parts > Vehicles > Motor Vehicles > Cars, Trucks & Vans	YV4M22RM8V1566175	https://www.bortonvolvocars.com/new/Volvo/2027-Volvo-XC60-In-Minneapolis-MN-b55b7a48ac184da0e298c91951df7e87.htm?store={store_code}	WHITE	0 miles	XC60	YV4M22RM8V1566175	2027	64760 USD	81060	64760 USD	MI
YV4M22RJ9V1587882	2027 Volvo XC60 B5 Core	Volvo	https://www.bortonvolvocars.com/new/Volvo/2027-Volvo-XC60-In-Minneapolis-MN-b55b7a50ac1812be80b66b4f6fd74cf9.htm	53850 USD	2027 Onyx Black Volvo XC60 B5 Core 2.0L I-4 cyl For sale at Borton Volvo Cars in Golden Valley Minnesota.	https://images.dealer.com/autodata/us/color/2027/USD70VOS021A0/717.jpg	in stock	NEW	SUV	Vehicles & Parts > Vehicles > Motor Vehicles > Cars, Trucks & Vans	YV4M22RJ9V1587882	https://www.bortonvolvocars.com/new/Volvo/2027-Volvo-XC60-In-Minneapolis-MN-b55b7a50ac1812be80b66b4f6fd74cf9.htm?store={store_code}	BLACK	0 miles	XC60	YV4M22RJ9V1587882	2027	53850 USD	81060	53850 USD	MI
YV4M22RM3V1567668	2027 Volvo XC60 Ultra	Volvo	https://www.bortonvolvocars.com/new/Volvo/2027-Volvo-XC60-In-Minneapolis-MN-b55b7a6aac1820874a57f05ddf963bca.htm	64760 USD	2027 Denim Blue Volvo XC60 Ultra 4L B5 For sale at Borton Volvo Cars in Golden Valley Minnesota.	https://images.dealer.com/unavailable_stockphoto.png	in stock	NEW	SUV	Vehicles & Parts > Vehicles > Motor Vehicles > Cars, Trucks & Vans	YV4M22RM3V1567668	https://www.bortonvolvocars.com/new/Volvo/2027-Volvo-XC60-In-Minneapolis-MN-b55b7a6aac1820874a57f05ddf963bca.htm?store={store_code}	BLUE	0 miles	XC60	YV4M22RM3V1567668	2027	64760 USD	81060	64760 USD	MI
YV4M22RJ8V1587887	2027 Volvo XC60 B5 Core	Volvo	https://www.bortonvolvocars.com/new/Volvo/2027-Volvo-XC60-In-Minneapolis-MN-b55b7a70ac1812be80b66b4f8e9f09ed.htm	53410 USD	2027 Forest Lake Volvo XC60 B5 Core 2.0L I-4 cyl For sale at Borton Volvo Cars in Golden Valley Minnesota.	https://images.dealer.com/autodata/us/color/2027/USD70VOS021A0/746.jpg	in stock	NEW	SUV	Vehicles & Parts > Vehicles > Motor Vehicles > Cars, Trucks & Vans	YV4M22RJ8V1587887	https://www.bortonvolvocars.com/new/Volvo/2027-Volvo-XC60-In-Minneapolis-MN-b55b7a70ac1812be80b66b4f8e9f09ed.htm?store={store_code}	GREEN	0 miles	XC60	YV4M22RJ8V1587887	2027	53410 USD	81060	53410 USD	MI
YV4M22RJ0V1587897	2027 Volvo XC60 B5 Core	Volvo	https://www.bortonvolvocars.com/new/Volvo/2027-Volvo-XC60-In-Minneapolis-MN-b55b7ab0ac1811a58638d073d6f71224.htm	53850 USD	2027 Denim Blue Volvo XC60 B5 Core 2.0L I-4 cyl For sale at Borton Volvo Cars in Golden Valley Minnesota.	https://images.dealer.com/autodata/us/color/2027/USD70VOS021A0/723.jpg	in stock	NEW	SUV	Vehicles & Parts > Vehicles > Motor Vehicles > Cars, Trucks & Vans	YV4M22RJ0V1587897	https://www.bortonvolvocars.com/new/Volvo/2027-Volvo-XC60-In-Minneapolis-MN-b55b7ab0ac1811a58638d073d6f71224.htm?store={store_code}	BLUE	0 miles	XC60	YV4M22RJ0V1587897	2027	53850 USD	81060	53850 USD	MI
YV4M22RM9V1587116	2027 Volvo XC60 Ultra	Volvo	https://www.bortonvolvocars.com/new/Volvo/2027-Volvo-XC60-In-Minneapolis-MN-b55b7c36ac185bc6fc1af9b5059ce62c.htm	64400 USD	2027 Forest Lake Volvo XC60 Ultra 4L B5 For sale at Borton Volvo Cars in Golden Valley Minnesota.	https://images.dealer.com/unavailable_stockphoto.png	in stock	NEW	SUV	Vehicles & Parts > Vehicles > Motor Vehicles > Cars, Trucks & Vans	YV4M22RM9V1587116	https://www.bortonvolvocars.com/new/Volvo/2027-Volvo-XC60-In-Minneapolis-MN-b55b7c36ac185bc6fc1af9b5059ce62c.htm?store={store_code}	GREEN	0 miles	XC60	YV4M22RM9V1587116	2027	64400 USD	81060	64400 USD	MI
YV4M22RC6V1571091	2027 Volvo XC60 Plus	Volvo	https://www.bortonvolvocars.com/new/Volvo/2027-Volvo-XC60-In-Minneapolis-MN-b55b7d10ac1851979897d88640130b23.htm	59410 USD	2027 Onyx Black Volvo XC60 Plus 4L B5 For sale at Borton Volvo Cars in Golden Valley Minnesota.	https://images.dealer.com/unavailable_stockphoto.png	in stock	NEW	SUV	Vehicles & Parts > Vehicles > Motor Vehicles > Cars, Trucks & Vans	YV4M22RC6V1571091	https://www.bortonvolvocars.com/new/Volvo/2027-Volvo-XC60-In-Minneapolis-MN-b55b7d10ac1851979897d88640130b23.htm?store={store_code}	BLACK	0 miles	XC60	YV4M22RC6V1571091	2027	59410 USD	81060	59410 USD	MI
YV4M22RC4V1568190	2027 Volvo XC60 Plus	Volvo	https://www.bortonvolvocars.com/new/Volvo/2027-Volvo-XC60-In-Minneapolis-MN-b55b7d36ac182917f2b474940c75a30e.htm	59410 USD	2027 Crystal White Volvo XC60 Plus 4L B5 For sale at Borton Volvo Cars in Golden Valley Minnesota.	https://images.dealer.com/unavailable_stockphoto.png	in stock	NEW	SUV	Vehicles & Parts > Vehicles > Motor Vehicles > Cars, Trucks & Vans	YV4M22RC4V1568190	https://www.bortonvolvocars.com/new/Volvo/2027-Volvo-XC60-In-Minneapolis-MN-b55b7d36ac182917f2b474940c75a30e.htm?store={store_code}	WHITE	0 miles	XC60	YV4M22RC4V1568190	2027	59410 USD	81060	59410 USD	MI
YV4M22RJ8V1587369	2027 Volvo XC60 B5 Core	Volvo	https://www.bortonvolvocars.com/new/Volvo/2027-Volvo-XC60-In-Minneapolis-MN-b55b7d52ac185fef39d0f00fa1d3ef67.htm	53400 USD	2027 Forest Lake Volvo XC60 B5 Core 2.0L I-4 cyl For sale at Borton Volvo Cars in Golden Valley Minnesota.	https://images.dealer.com/autodata/us/color/2027/USD70VOS021A0/746.jpg	in stock	NEW	SUV	Vehicles & Parts > Vehicles > Motor Vehicles > Cars, Trucks & Vans	YV4M22RJ8V1587369	https://www.bortonvolvocars.com/new/Volvo/2027-Volvo-XC60-In-Minneapolis-MN-b55b7d52ac185fef39d0f00fa1d3ef67.htm?store={store_code}	GREEN	0 miles	XC60	YV4M22RJ8V1587369	2027	53400 USD	81060	53400 USD	MI
YV4M22RC2V1587207	2027 Volvo XC60 Plus	Volvo	https://www.bortonvolvocars.com/new/Volvo/2027-Volvo-XC60-In-Minneapolis-MN-b55b7d55ac1811a58638d07346aa9ac2.htm	59050 USD	2027 Forest Lake Volvo XC60 Plus 4L B5 For sale at Borton Volvo Cars in Golden Valley Minnesota.	https://images.dealer.com/unavailable_stockphoto.png	in stock	NEW	SUV	Vehicles & Parts > Vehicles > Motor Vehicles > Cars, Trucks & Vans	YV4M22RC2V1587207	https://www.bortonvolvocars.com/new/Volvo/2027-Volvo-XC60-In-Minneapolis-MN-b55b7d55ac1811a58638d07346aa9ac2.htm?store={store_code}	GREEN	0 miles	XC60	YV4M22RC2V1587207	2027	59050 USD	81060	59050 USD	MI
YV4M22RJ2V1568221	2027 Volvo XC60 B5 Core	Volvo	https://www.bortonvolvocars.com/new/Volvo/2027-Volvo-XC60-In-Minneapolis-MN-b55b7d6aac1811a58638d073f668393d.htm	54210 USD	2027 Forest Lake Volvo XC60 B5 Core 2.0L I-4 cyl For sale at Borton Volvo Cars in Golden Valley Minnesota.	https://images.dealer.com/autodata/us/color/2027/USD70VOS021A0/746.jpg	in stock	NEW	SUV	Vehicles & Parts > Vehicles > Motor Vehicles > Cars, Trucks & Vans	YV4M22RJ2V1568221	https://www.bortonvolvocars.com/new/Volvo/2027-Volvo-XC60-In-Minneapolis-MN-b55b7d6aac1811a58638d073f668393d.htm?store={store_code}	GREEN	0 miles	XC60	YV4M22RJ2V1568221	2027	54210 USD	81060	54210 USD	MI
YV4M22RM0V1588543	2027 Volvo XC60 Ultra	Volvo	https://www.bortonvolvocars.com/new/Volvo/2027-Volvo-XC60-In-Minneapolis-MN-b55b83eeac185fef39d0f00f80b16ca5.htm	64400 USD	2027 Crystal White Volvo XC60 Ultra 4L B5 For sale at Borton Volvo Cars in Golden Valley Minnesota.	https://images.dealer.com/unavailable_stockphoto.png	in stock	NEW	SUV	Vehicles & Parts > Vehicles > Motor Vehicles > Cars, Trucks & Vans	YV4M22RM0V1588543	https://www.bortonvolvocars.com/new/Volvo/2027-Volvo-XC60-In-Minneapolis-MN-b55b83eeac185fef39d0f00f80b16ca5.htm?store={store_code}	WHITE	0 miles	XC60	YV4M22RM0V1588543	2027	64400 USD	81060	64400 USD	MI
YV4M22RM1V1588924	2027 Volvo XC60 Ultra	Volvo	https://www.bortonvolvocars.com/new/Volvo/2027-Volvo-XC60-In-Minneapolis-MN-b55b843bac185fef39d0f00fe68e180a.htm	68635 USD	2027 Onyx Black Volvo XC60 Ultra 4L B5 For sale at Borton Volvo Cars in Golden Valley Minnesota.	https://images.dealer.com/unavailable_stockphoto.png	in stock	NEW	SUV	Vehicles & Parts > Vehicles > Motor Vehicles > Cars, Trucks & Vans	YV4M22RM1V1588924	https://www.bortonvolvocars.com/new/Volvo/2027-Volvo-XC60-In-Minneapolis-MN-b55b843bac185fef39d0f00fe68e180a.htm?store={store_code}	BLACK	0 miles	XC60	YV4M22RM1V1588924	2027	68635 USD	81060	68635 USD	MI
YV4M22RM0V1566641	2027 Volvo XC60 Ultra	Volvo	https://www.bortonvolvocars.com/new/Volvo/2027-Volvo-XC60-In-Minneapolis-MN-b55b8a80ac180edf8db7c817702a6a4f.htm	64760 USD	2027 Denim Blue Volvo XC60 Ultra 4L B5 For sale at Borton Volvo Cars in Golden Valley Minnesota.	https://images.dealer.com/unavailable_stockphoto.png	in stock	NEW	SUV	Vehicles & Parts > Vehicles > Motor Vehicles > Cars, Trucks & Vans	YV4M22RM0V1566641	https://www.bortonvolvocars.com/new/Volvo/2027-Volvo-XC60-In-Minneapolis-MN-b55b8a80ac180edf8db7c817702a6a4f.htm?store={store_code}	BLUE	0 miles	XC60	YV4M22RM0V1566641	2027	64760 USD	81060	64760 USD	MI
YV4062PE8V1568068	2027 Volvo XC90 B6 Plus 7-Seater	Volvo	https://www.bortonvolvocars.com/new/Volvo/2027-Volvo-XC90-In-Minneapolis-MN-b55b1db7ac184da0e298c919ab2ec204.htm	72660 USD	2027 Aurora Silver Volvo XC90 B6 Plus 7-Seater 2.0L I-4 cyl For sale at Borton Volvo Cars in Golden Valley Minnesota.	https://images.dealer.com/ddc/vehicles/2027/Volvo/XC90/SUV/trim_B6_Plus_7Seater_c825c5/color/Aurora%20Silver-745-175%2C174%2C178-640-en_US.jpg	in stock	NEW	SUV	Vehicles & Parts > Vehicles > Motor Vehicles > Cars, Trucks & Vans	YV4062PE8V1568068	https://www.bortonvolvocars.com/new/Volvo/2027-Volvo-XC90-In-Minneapolis-MN-b55b1db7ac184da0e298c919ab2ec204.htm?store={store_code}	SILVER	0 miles	XC90	YV4062PE8V1568068	2027	72660 USD	81060	72660 USD	MI
YV4062PF7V1568300	2027 Volvo XC90 Ultra	Volvo	https://www.bortonvolvocars.com/new/Volvo/2027-Volvo-XC90-In-Minneapolis-MN-b55b23beac1817c99dfd0f5c4833450d.htm	75710 USD	2027 Denim Blue Volvo XC90 Ultra 4L B6 For sale at Borton Volvo Cars in Golden Valley Minnesota.	https://images.dealer.com/unavailable_stockphoto.png	in stock	NEW	SUV	Vehicles & Parts > Vehicles > Motor Vehicles > Cars, Trucks & Vans	YV4062PF7V1568300	https://www.bortonvolvocars.com/new/Volvo/2027-Volvo-XC90-In-Minneapolis-MN-b55b23beac1817c99dfd0f5c4833450d.htm?store={store_code}	BLUE	0 miles	XC90	YV4062PF7V1568300	2027	75710 USD	81060	75710 USD	MI
YV4062PE7V1559247	2027 Volvo XC90 B6 Plus 7-Seater	Volvo	https://www.bortonvolvocars.com/new/Volvo/2027-Volvo-XC90-In-Minneapolis-MN-b55b27beac184da0e298c91982adf691.htm	71860 USD	2027 Forest Lake Volvo XC90 B6 Plus 7-Seater 2.0L I-4 cyl For sale at Borton Volvo Cars in Golden Valley Minnesota.	https://images.dealer.com/ddc/vehicles/2027/Volvo/XC90/SUV/trim_B6_Plus_7Seater_c825c5/color/Forest%20Lake-746-64%2C74%2C74-640-en_US.jpg	in stock	NEW	SUV	Vehicles & Parts > Vehicles > Motor Vehicles > Cars, Trucks & Vans	YV4062PE7V1559247	https://www.bortonvolvocars.com/new/Volvo/2027-Volvo-XC90-In-Minneapolis-MN-b55b27beac184da0e298c91982adf691.htm?store={store_code}	GREEN	0 miles	XC90	YV4062PE7V1559247	2027	71860 USD	81060	71860 USD	MI
YV4062PE9V1572887	2027 Volvo XC90 B6 Plus 7-Seater	Volvo	https://www.bortonvolvocars.com/new/Volvo/2027-Volvo-XC90-In-Minneapolis-MN-b55b2e64ac1812be80b66b4fbc4a3489.htm	72210 USD	2027 Vapour Grey Volvo XC90 B6 Plus 7-Seater 2.0L I-4 cyl For sale at Borton Volvo Cars in Golden Valley Minnesota.	https://images.dealer.com/ddc/vehicles/2027/Volvo/XC90/SUV/trim_B6_Plus_7Seater_c825c5/color/Vapour%20Gray%20Metallic-740-66%2C72%2C75-640-en_US.jpg	in stock	NEW	SUV	Vehicles & Parts > Vehicles > Motor Vehicles > Cars, Trucks & Vans	YV4062PE9V1572887	https://www.bortonvolvocars.com/new/Volvo/2027-Volvo-XC90-In-Minneapolis-MN-b55b2e64ac1812be80b66b4fbc4a3489.htm?store={store_code}	GRAY	0 miles	XC90	YV4062PE9V1572887	2027	72210 USD	81060	72210 USD	MI
YV4062PEXV1571764	2027 Volvo XC90 B6 Plus 7-Seater	Volvo	https://www.bortonvolvocars.com/new/Volvo/2027-Volvo-XC90-In-Minneapolis-MN-b55b2e76ac1811a58638d073b8391569.htm	72210 USD	2027 Crystal White Volvo XC90 B6 Plus 7-Seater 2.0L I-4 cyl For sale at Borton Volvo Cars in Golden Valley Minnesota.	https://images.dealer.com/ddc/vehicles/2027/Volvo/XC90/SUV/trim_B6_Plus_7Seater_c825c5/color/Crystal%20White%20Pearl-707-229%2C230%2C230-640-en_US.jpg	in stock	NEW	SUV	Vehicles & Parts > Vehicles > Motor Vehicles > Cars, Trucks & Vans	YV4062PEXV1571764	https://www.bortonvolvocars.com/new/Volvo/2027-Volvo-XC90-In-Minneapolis-MN-b55b2e76ac1811a58638d073b8391569.htm?store={store_code}	WHITE	0 miles	XC90	YV4062PEXV1571764	2027	72210 USD	81060	72210 USD	MI
YV4062PF9V1571263	2027 Volvo XC90 Ultra	Volvo	https://www.bortonvolvocars.com/new/Volvo/2027-Volvo-XC90-In-Minneapolis-MN-b55b34c7ac1817c99dfd0f5c0993a08a.htm	76060 USD	2027 Aurora Silver Volvo XC90 Ultra 4L B6 For sale at Borton Volvo Cars in Golden Valley Minnesota.	https://images.dealer.com/unavailable_stockphoto.png	in stock	NEW	SUV	Vehicles & Parts > Vehicles > Motor Vehicles > Cars, Trucks & Vans	YV4062PF9V1571263	https://www.bortonvolvocars.com/new/Volvo/2027-Volvo-XC90-In-Minneapolis-MN-b55b34c7ac1817c99dfd0f5c0993a08a.htm?store={store_code}	SILVER	0 miles	XC90	YV4062PF9V1571263	2027	76060 USD	81060	76060 USD	MI
YV4062JM6V1572863	2027 Volvo XC90 B6 Ultra Dark Theme 6-Seater	Volvo	https://www.bortonvolvocars.com/new/Volvo/2027-Volvo-XC90-In-Minneapolis-MN-b55b37bcac1812d29292c3de2ba6f1b6.htm	76560 USD	2027 Forest Lake Volvo XC90 B6 Ultra Dark Theme 6-Seater 2.0L I-4 cyl For sale at Borton Volvo Cars in Golden Valley Minnesota.	https://images.dealer.com/ddc/vehicles/2027/Volvo/XC90/SUV/trim_B6_Ultra_Dark_Theme_6Seater_7a36b7/color/Forest%20Lake-746-64%2C74%2C74-640-en_US.jpg	in stock	NEW	SUV	Vehicles & Parts > Vehicles > Motor Vehicles > Cars, Trucks & Vans	YV4062JM6V1572863	https://www.bortonvolvocars.com/new/Volvo/2027-Volvo-XC90-In-Minneapolis-MN-b55b37bcac1812d29292c3de2ba6f1b6.htm?store={store_code}	GREEN	0 miles	XC90	YV4062JM6V1572863	2027	76560 USD	81060	76560 USD	MI
YV4062PE6V1572443	2027 Volvo XC90 B6 Plus 7-Seater	Volvo	https://www.bortonvolvocars.com/new/Volvo/2027-Volvo-XC90-In-Minneapolis-MN-b55b37d2ac1812be80b66b4fd766cde3.htm	72210 USD	2027 Onyx Black Volvo XC90 B6 Plus 7-Seater 2.0L I-4 cyl For sale at Borton Volvo Cars in Golden Valley Minnesota.	https://images.dealer.com/ddc/vehicles/2027/Volvo/XC90/SUV/trim_B6_Plus_7Seater_c825c5/color/Onyx%20Black%20Metallic-717-35%2C35%2C36-640-en_US.jpg	in stock	NEW	SUV	Vehicles & Parts > Vehicles > Motor Vehicles > Cars, Trucks & Vans	YV4062PE6V1572443	https://www.bortonvolvocars.com/new/Volvo/2027-Volvo-XC90-In-Minneapolis-MN-b55b37d2ac1812be80b66b4fd766cde3.htm?store={store_code}	BLACK	0 miles	XC90	YV4062PE6V1572443	2027	72210 USD	81060	72210 USD	MI
YV4062JF2V1570643	2027 Volvo XC90 Ultra	Volvo	https://www.bortonvolvocars.com/new/Volvo/2027-Volvo-XC90-In-Minneapolis-MN-b55b3e3dac183203d1d9fe25f3e8e1e4.htm	83260 USD	2027 Denim Blue Volvo XC90 Ultra 4L B6 For sale at Borton Volvo Cars in Golden Valley Minnesota.	https://images.dealer.com/unavailable_stockphoto.png	in stock	NEW	SUV	Vehicles & Parts > Vehicles > Motor Vehicles > Cars, Trucks & Vans	YV4062JF2V1570643	https://www.bortonvolvocars.com/new/Volvo/2027-Volvo-XC90-In-Minneapolis-MN-b55b3e3dac183203d1d9fe25f3e8e1e4.htm?store={store_code}	BLUE	0 miles	XC90	YV4062JF2V1570643	2027	83260 USD	81060	83260 USD	MI
YV4062PM7V1570790	2027 Volvo XC90 B6 Ultra Dark Theme 7-Seater	Volvo	https://www.bortonvolvocars.com/new/Volvo/2027-Volvo-XC90-In-Minneapolis-MN-b55b423eac1817c99dfd0f5c462816a5.htm	82760 USD	2027 Denim Blue Volvo XC90 B6 Ultra Dark Theme 7-Seater 2.0L I-4 cyl For sale at Borton Volvo Cars in Golden Valley Minnesota.	https://images.dealer.com/ddc/vehicles/2027/Volvo/XC90/SUV/trim_B6_Ultra_Dark_Theme_7Seater_151ccb/color/Denim%20Blue%20Metallic-723-38%2C54%2C70-640-en_US.jpg	in stock	NEW	SUV	Vehicles & Parts > Vehicles > Motor Vehicles > Cars, Trucks & Vans	YV4062PM7V1570790	https://www.bortonvolvocars.com/new/Volvo/2027-Volvo-XC90-In-Minneapolis-MN-b55b423eac1817c99dfd0f5c462816a5.htm?store={store_code}	BLUE	0 miles	XC90	YV4062PM7V1570790	2027	82760 USD	81060	82760 USD	MI
YV4HD0PFXV1571172	2027 Volvo XC90 Ultra	Volvo	https://www.bortonvolvocars.com/new/Volvo/2027-Volvo-XC90-In-Minneapolis-MN-b55b4530ac18279fde168c341c11ed64.htm	86110 USD	2027 Onyx Black Volvo XC90 Ultra 4L T8 For sale at Borton Volvo Cars in Golden Valley Minnesota.	https://images.dealer.com/unavailable_stockphoto.png	in stock	NEW	SUV	Vehicles & Parts > Vehicles > Motor Vehicles > Cars, Trucks & Vans	YV4HD0PFXV1571172	https://www.bortonvolvocars.com/new/Volvo/2027-Volvo-XC90-In-Minneapolis-MN-b55b4530ac18279fde168c341c11ed64.htm?store={store_code}	BLACK	0 miles	XC90	YV4HD0PFXV1571172	2027	86110 USD	81060	86110 USD	MI
YV4062PF9V1569352	2027 Volvo XC90 Ultra	Volvo	https://www.bortonvolvocars.com/new/Volvo/2027-Volvo-XC90-In-Minneapolis-MN-b55b4849ac185fef39d0f00fa60fb68c.htm	76060 USD	2027 Crystal White Volvo XC90 Ultra 4L B6 For sale at Borton Volvo Cars in Golden Valley Minnesota.	https://images.dealer.com/unavailable_stockphoto.png	in stock	NEW	SUV	Vehicles & Parts > Vehicles > Motor Vehicles > Cars, Trucks & Vans	YV4062PF9V1569352	https://www.bortonvolvocars.com/new/Volvo/2027-Volvo-XC90-In-Minneapolis-MN-b55b4849ac185fef39d0f00fa60fb68c.htm?store={store_code}	WHITE	0 miles	XC90	YV4062PF9V1569352	2027	76060 USD	81060	76060 USD	MI
YV4062PE1V1574567	2027 Volvo XC90 B6 Plus 7-Seater	Volvo	https://www.bortonvolvocars.com/new/Volvo/2027-Volvo-XC90-In-Minneapolis-MN-b55b6640ac1851979897d886800f7f7f.htm	72210 USD	2027 Vapour Grey Volvo XC90 B6 Plus 7-Seater 2.0L I-4 cyl For sale at Borton Volvo Cars in Golden Valley Minnesota.	https://images.dealer.com/ddc/vehicles/2027/Volvo/XC90/SUV/trim_B6_Plus_7Seater_c825c5/color/Vapour%20Gray%20Metallic-740-66%2C72%2C75-640-en_US.jpg	in stock	NEW	SUV	Vehicles & Parts > Vehicles > Motor Vehicles > Cars, Trucks & Vans	YV4062PE1V1574567	https://www.bortonvolvocars.com/new/Volvo/2027-Volvo-XC90-In-Minneapolis-MN-b55b6640ac1851979897d886800f7f7f.htm?store={store_code}	GRAY	0 miles	XC90	YV4062PE1V1574567	2027	72210 USD	81060	72210 USD	MI
YV4062PE8V1576400	2027 Volvo XC90 B6 Plus 7-Seater	Volvo	https://www.bortonvolvocars.com/new/Volvo/2027-Volvo-XC90-In-Minneapolis-MN-b55b68ffac1851979897d886fc1a9567.htm	71860 USD	2027 Crystal White Volvo XC90 B6 Plus 7-Seater 2.0L I-4 cyl For sale at Borton Volvo Cars in Golden Valley Minnesota.	https://images.dealer.com/ddc/vehicles/2027/Volvo/XC90/SUV/trim_B6_Plus_7Seater_c825c5/color/Crystal%20White%20Pearl-707-229%2C230%2C230-640-en_US.jpg	in stock	NEW	SUV	Vehicles & Parts > Vehicles > Motor Vehicles > Cars, Trucks & Vans	YV4062PE8V1576400	https://www.bortonvolvocars.com/new/Volvo/2027-Volvo-XC90-In-Minneapolis-MN-b55b68ffac1851979897d886fc1a9567.htm?store={store_code}	WHITE	0 miles	XC90	YV4062PE8V1576400	2027	71860 USD	81060	71860 USD	MI
YV4M22PJ4V1582835	2027 Volvo XC90 B5 Core	Volvo	https://www.bortonvolvocars.com/new/Volvo/2027-Volvo-XC90-In-Minneapolis-MN-b55b6d35ac1804415d9b37e0c72eb457.htm	64155 USD	2027 Denim Blue Volvo XC90 B5 Core 2.0L I-4 cyl For sale at Borton Volvo Cars in Golden Valley Minnesota.	https://images.dealer.com/ddc/vehicles/2027/Volvo/XC90/SUV/trim_B5_Core_1836d3/color/Denim%20Blue%20Metallic-723-38%2C54%2C70-640-en_US.jpg	in stock	NEW	SUV	Vehicles & Parts > Vehicles > Motor Vehicles > Cars, Trucks & Vans	YV4M22PJ4V1582835	https://www.bortonvolvocars.com/new/Volvo/2027-Volvo-XC90-In-Minneapolis-MN-b55b6d35ac1804415d9b37e0c72eb457.htm?store={store_code}	BLUE	0 miles	XC90	YV4M22PJ4V1582835	2027	64155 USD	81060	64155 USD	MI
YV4062PEXV1574745	2027 Volvo XC90 B6 Plus 7-Seater	Volvo	https://www.bortonvolvocars.com/new/Volvo/2027-Volvo-XC90-In-Minneapolis-MN-b55b6d36ac185e19df2a9b92c4b95bce.htm	72210 USD	2027 Denim Blue Volvo XC90 B6 Plus 7-Seater 2.0L I-4 cyl For sale at Borton Volvo Cars in Golden Valley Minnesota.	https://images.dealer.com/ddc/vehicles/2027/Volvo/XC90/SUV/trim_B6_Plus_7Seater_c825c5/color/Denim%20Blue%20Metallic-723-38%2C54%2C70-640-en_US.jpg	in stock	NEW	SUV	Vehicles & Parts > Vehicles > Motor Vehicles > Cars, Trucks & Vans	YV4062PEXV1574745	https://www.bortonvolvocars.com/new/Volvo/2027-Volvo-XC90-In-Minneapolis-MN-b55b6d36ac185e19df2a9b92c4b95bce.htm?store={store_code}	BLUE	0 miles	XC90	YV4062PEXV1574745	2027	72210 USD	81060	72210 USD	MI
YV4062PF5V1574001	2027 Volvo XC90 Ultra	Volvo	https://www.bortonvolvocars.com/new/Volvo/2027-Volvo-XC90-In-Minneapolis-MN-b55b6d4aac1817c99dfd0f5cb637f3f5.htm	76060 USD	2027 Denim Blue Volvo XC90 Ultra 4L B6 For sale at Borton Volvo Cars in Golden Valley Minnesota.	https://images.dealer.com/unavailable_stockphoto.png	in stock	NEW	SUV	Vehicles & Parts > Vehicles > Motor Vehicles > Cars, Trucks & Vans	YV4062PF5V1574001	https://www.bortonvolvocars.com/new/Volvo/2027-Volvo-XC90-In-Minneapolis-MN-b55b6d4aac1817c99dfd0f5cb637f3f5.htm?store={store_code}	BLUE	0 miles	XC90	YV4062PF5V1574001	2027	76060 USD	81060	76060 USD	MI
YV4M22PE5V1582801	2027 Volvo XC90 B5 Plus	Volvo	https://www.bortonvolvocars.com/new/Volvo/2027-Volvo-XC90-In-Minneapolis-MN-b55b6d7dac185e19df2a9b92b5365cae.htm	67970 USD	2027 Forest Lake Volvo XC90 B5 Plus 2.0L I-4 cyl For sale at Borton Volvo Cars in Golden Valley Minnesota.	https://images.dealer.com/ddc/vehicles/2027/Volvo/XC90/SUV/trim_B5_Plus_9dadd1/color/Forest%20Lake-746-64%2C74%2C74-640-en_US.jpg	in stock	NEW	SUV	Vehicles & Parts > Vehicles > Motor Vehicles > Cars, Trucks & Vans	YV4M22PE5V1582801	https://www.bortonvolvocars.com/new/Volvo/2027-Volvo-XC90-In-Minneapolis-MN-b55b6d7dac185e19df2a9b92b5365cae.htm?store={store_code}	GREEN	0 miles	XC90	YV4M22PE5V1582801	2027	67970 USD	81060	67970 USD	MI
YV4HD0JF4V1574321	2027 Volvo XC90 Ultra	Volvo	https://www.bortonvolvocars.com/new/Volvo/2027-Volvo-XC90-In-Minneapolis-MN-b55b700cac185fef39d0f00f5c9f938a.htm	86610 USD	2027 Denim Blue Volvo XC90 Ultra 4L T8 For sale at Borton Volvo Cars in Golden Valley Minnesota.	https://images.dealer.com/unavailable_stockphoto.png	in stock	NEW	SUV	Vehicles & Parts > Vehicles > Motor Vehicles > Cars, Trucks & Vans	YV4HD0JF4V1574321	https://www.bortonvolvocars.com/new/Volvo/2027-Volvo-XC90-In-Minneapolis-MN-b55b700cac185fef39d0f00f5c9f938a.htm?store={store_code}	BLUE	0 miles	XC90	YV4HD0JF4V1574321	2027	86610 USD	81060	86610 USD	MI
YV4062JE9V1574650	2027 Volvo XC90 B6 Plus 6-Seater	Volvo	https://www.bortonvolvocars.com/new/Volvo/2027-Volvo-XC90-In-Minneapolis-MN-b55b7018ac18279fde168c340d8a4f0a.htm	72360 USD	2027 Crystal White Volvo XC90 B6 Plus 6-Seater 2.0L I-4 cyl For sale at Borton Volvo Cars in Golden Valley Minnesota.	https://images.dealer.com/ddc/vehicles/2027/Volvo/XC90/SUV/trim_B6_Plus_6Seater_908e37/color/Crystal%20White%20Pearl-707-229%2C230%2C230-640-en_US.jpg	in stock	NEW	SUV	Vehicles & Parts > Vehicles > Motor Vehicles > Cars, Trucks & Vans	YV4062JE9V1574650	https://www.bortonvolvocars.com/new/Volvo/2027-Volvo-XC90-In-Minneapolis-MN-b55b7018ac18279fde168c340d8a4f0a.htm?store={store_code}	WHITE	0 miles	XC90	YV4062JE9V1574650	2027	72360 USD	81060	72360 USD	MI
YV4062JE4V1576130	2027 Volvo XC90 B6 Plus 6-Seater	Volvo	https://www.bortonvolvocars.com/new/Volvo/2027-Volvo-XC90-In-Minneapolis-MN-b55b7170ac185bc6fc1af9b5c6be2380.htm	72360 USD	2027 Denim Blue Volvo XC90 B6 Plus 6-Seater 2.0L I-4 cyl For sale at Borton Volvo Cars in Golden Valley Minnesota.	https://images.dealer.com/ddc/vehicles/2027/Volvo/XC90/SUV/trim_B6_Plus_6Seater_908e37/color/Denim%20Blue%20Metallic-723-38%2C54%2C70-640-en_US.jpg	in stock	NEW	SUV	Vehicles & Parts > Vehicles > Motor Vehicles > Cars, Trucks & Vans	YV4062JE4V1576130	https://www.bortonvolvocars.com/new/Volvo/2027-Volvo-XC90-In-Minneapolis-MN-b55b7170ac185bc6fc1af9b5c6be2380.htm?store={store_code}	BLUE	0 miles	XC90	YV4062JE4V1576130	2027	72360 USD	81060	72360 USD	MI
YV4062JE0V1583981	2027 Volvo XC90 B6 Plus 6-Seater	Volvo	https://www.bortonvolvocars.com/new/Volvo/2027-Volvo-XC90-In-Minneapolis-MN-b55b7356ac185e19df2a9b92550aa176.htm	73105 USD	2027 Vapour Grey Volvo XC90 B6 Plus 6-Seater 2.0L I-4 cyl For sale at Borton Volvo Cars in Golden Valley Minnesota.	https://images.dealer.com/ddc/vehicles/2027/Volvo/XC90/SUV/trim_B6_Plus_6Seater_908e37/color/Vapour%20Gray%20Metallic-740-66%2C72%2C75-640-en_US.jpg	in stock	NEW	SUV	Vehicles & Parts > Vehicles > Motor Vehicles > Cars, Trucks & Vans	YV4062JE0V1583981	https://www.bortonvolvocars.com/new/Volvo/2027-Volvo-XC90-In-Minneapolis-MN-b55b7356ac185e19df2a9b92550aa176.htm?store={store_code}	GRAY	0 miles	XC90	YV4062JE0V1583981	2027	73105 USD	81060	73105 USD	MI
YV4M22PJ9V1575363	2027 Volvo XC90 B5 Core	Volvo	https://www.bortonvolvocars.com/new/Volvo/2027-Volvo-XC90-In-Minneapolis-MN-b55b738aac183ecbd73d4eaed2d1e60d.htm	63760 USD	2027 Vapour Grey Volvo XC90 B5 Core 2.0L I-4 cyl For sale at Borton Volvo Cars in Golden Valley Minnesota.	https://images.dealer.com/ddc/vehicles/2027/Volvo/XC90/SUV/trim_B5_Core_1836d3/color/Vapour%20Gray%20Metallic-740-66%2C72%2C75-640-en_US.jpg	in stock	NEW	SUV	Vehicles & Parts > Vehicles > Motor Vehicles > Cars, Trucks & Vans	YV4M22PJ9V1575363	https://www.bortonvolvocars.com/new/Volvo/2027-Volvo-XC90-In-Minneapolis-MN-b55b738aac183ecbd73d4eaed2d1e60d.htm?store={store_code}	GRAY	0 miles	XC90	YV4M22PJ9V1575363	2027	63760 USD	81060	63760 USD	MI
YV4M22PEXV1577691	2027 Volvo XC90 B5 Plus	Volvo	https://www.bortonvolvocars.com/new/Volvo/2027-Volvo-XC90-In-Minneapolis-MN-b55b7400ac1817c99dfd0f5cf2c23dd2.htm	68110 USD	2027 Denim Blue Volvo XC90 B5 Plus 2.0L I-4 cyl For sale at Borton Volvo Cars in Golden Valley Minnesota.	https://images.dealer.com/ddc/vehicles/2027/Volvo/XC90/SUV/trim_B5_Plus_9dadd1/color/Denim%20Blue%20Metallic-723-38%2C54%2C70-640-en_US.jpg	in stock	NEW	SUV	Vehicles & Parts > Vehicles > Motor Vehicles > Cars, Trucks & Vans	YV4M22PEXV1577691	https://www.bortonvolvocars.com/new/Volvo/2027-Volvo-XC90-In-Minneapolis-MN-b55b7400ac1817c99dfd0f5cf2c23dd2.htm?store={store_code}	BLUE	0 miles	XC90	YV4M22PEXV1577691	2027	68110 USD	81060	68110 USD	MI
YV4062PF1V1574092	2027 Volvo XC90 Ultra	Volvo	https://www.bortonvolvocars.com/new/Volvo/2027-Volvo-XC90-In-Minneapolis-MN-b55b766bac185bc6fc1af9b51752d485.htm	76060 USD	2027 Forest Lake Volvo XC90 Ultra 4L B6 For sale at Borton Volvo Cars in Golden Valley Minnesota.	https://images.dealer.com/unavailable_stockphoto.png	in stock	NEW	SUV	Vehicles & Parts > Vehicles > Motor Vehicles > Cars, Trucks & Vans	YV4062PF1V1574092	https://www.bortonvolvocars.com/new/Volvo/2027-Volvo-XC90-In-Minneapolis-MN-b55b766bac185bc6fc1af9b51752d485.htm?store={store_code}	GREEN	0 miles	XC90	YV4062PF1V1574092	2027	76060 USD	81060	76060 USD	MI
YV4062JM1V1574827	2027 Volvo XC90 B6 Ultra Dark Theme 6-Seater	Volvo	https://www.bortonvolvocars.com/new/Volvo/2027-Volvo-XC90-In-Minneapolis-MN-b55b76abac1804415d9b37e0d5eb2788.htm	76560 USD	2027 Crystal White Volvo XC90 B6 Ultra Dark Theme 6-Seater 2.0L I-4 cyl For sale at Borton Volvo Cars in Golden Valley Minnesota.	https://images.dealer.com/ddc/vehicles/2027/Volvo/XC90/SUV/trim_B6_Ultra_Dark_Theme_6Seater_7a36b7/color/Crystal%20White%20Pearl-707-229%2C230%2C230-640-en_US.jpg	in stock	NEW	SUV	Vehicles & Parts > Vehicles > Motor Vehicles > Cars, Trucks & Vans	YV4062JM1V1574827	https://www.bortonvolvocars.com/new/Volvo/2027-Volvo-XC90-In-Minneapolis-MN-b55b76abac1804415d9b37e0d5eb2788.htm?store={store_code}	WHITE	0 miles	XC90	YV4062JM1V1574827	2027	76560 USD	81060	76560 USD	MI
YV4062JF9V1582708	2027 Volvo XC90 Ultra	Volvo	https://www.bortonvolvocars.com/new/Volvo/2027-Volvo-XC90-In-Minneapolis-MN-b55b7a2fac185bc6fc1af9b5638b7c54.htm	76210 USD	2027 Onyx Black Volvo XC90 Ultra 4L B6 For sale at Borton Volvo Cars in Golden Valley Minnesota.	https://images.dealer.com/unavailable_stockphoto.png	in stock	NEW	SUV	Vehicles & Parts > Vehicles > Motor Vehicles > Cars, Trucks & Vans	YV4062JF9V1582708	https://www.bortonvolvocars.com/new/Volvo/2027-Volvo-XC90-In-Minneapolis-MN-b55b7a2fac185bc6fc1af9b5638b7c54.htm?store={store_code}	BLACK	0 miles	XC90	YV4062JF9V1582708	2027	76210 USD	81060	76210 USD	MI
YV4062JM2V1582970	2027 Volvo XC90 B6 Ultra Dark Theme 6-Seater	Volvo	https://www.bortonvolvocars.com/new/Volvo/2027-Volvo-XC90-In-Minneapolis-MN-b55b7a5dac185e19df2a9b92424ada92.htm	78965 USD	2027 Forest Lake Volvo XC90 B6 Ultra Dark Theme 6-Seater 2.0L I-4 cyl For sale at Borton Volvo Cars in Golden Valley Minnesota.	https://images.dealer.com/ddc/vehicles/2027/Volvo/XC90/SUV/trim_B6_Ultra_Dark_Theme_6Seater_7a36b7/color/Forest%20Lake-746-64%2C74%2C74-640-en_US.jpg	in stock	NEW	SUV	Vehicles & Parts > Vehicles > Motor Vehicles > Cars, Trucks & Vans	YV4062JM2V1582970	https://www.bortonvolvocars.com/new/Volvo/2027-Volvo-XC90-In-Minneapolis-MN-b55b7a5dac185e19df2a9b92424ada92.htm?store={store_code}	GREEN	0 miles	XC90	YV4062JM2V1582970	2027	78965 USD	81060	78965 USD	MI
YV4062JE9V1575944	2027 Volvo XC90 B6 Plus 6-Seater	Volvo	https://www.bortonvolvocars.com/new/Volvo/2027-Volvo-XC90-In-Minneapolis-MN-b55b7ca2ac1812d29292c3de648f1770.htm	72360 USD	2027 Denim Blue Volvo XC90 B6 Plus 6-Seater 2.0L I-4 cyl For sale at Borton Volvo Cars in Golden Valley Minnesota.	https://images.dealer.com/ddc/vehicles/2027/Volvo/XC90/SUV/trim_B6_Plus_6Seater_908e37/color/Denim%20Blue%20Metallic-723-38%2C54%2C70-640-en_US.jpg	in stock	NEW	SUV	Vehicles & Parts > Vehicles > Motor Vehicles > Cars, Trucks & Vans	YV4062JE9V1575944	https://www.bortonvolvocars.com/new/Volvo/2027-Volvo-XC90-In-Minneapolis-MN-b55b7ca2ac1812d29292c3de648f1770.htm?store={store_code}	BLUE	0 miles	XC90	YV4062JE9V1575944	2027	72360 USD	81060	72360 USD	MI
YV4062PM4V1577342	2027 Volvo XC90 B6 Ultra Dark Theme 7-Seater	Volvo	https://www.bortonvolvocars.com/new/Volvo/2027-Volvo-XC90-In-Minneapolis-MN-b55b8116ac185fef39d0f00f1ce00311.htm	75710 USD	2027 Crystal White Volvo XC90 B6 Ultra Dark Theme 7-Seater 2.0L I-4 cyl For sale at Borton Volvo Cars in Golden Valley Minnesota.	https://images.dealer.com/ddc/vehicles/2027/Volvo/XC90/SUV/trim_B6_Ultra_Dark_Theme_7Seater_151ccb/color/Crystal%20White%20Pearl-707-229%2C230%2C230-640-en_US.jpg	in stock	NEW	SUV	Vehicles & Parts > Vehicles > Motor Vehicles > Cars, Trucks & Vans	YV4062PM4V1577342	https://www.bortonvolvocars.com/new/Volvo/2027-Volvo-XC90-In-Minneapolis-MN-b55b8116ac185fef39d0f00f1ce00311.htm?store={store_code}	WHITE	0 miles	XC90	YV4062PM4V1577342	2027	75710 USD	81060	75710 USD	MI
YV4062JMXV1576947	2027 Volvo XC90 B6 Ultra Dark Theme 6-Seater	Volvo	https://www.bortonvolvocars.com/new/Volvo/2027-Volvo-XC90-In-Minneapolis-MN-b55b8117ac1812d29292c3de7e99d640.htm	76560 USD	2027 Denim Blue Volvo XC90 B6 Ultra Dark Theme 6-Seater 2.0L I-4 cyl For sale at Borton Volvo Cars in Golden Valley Minnesota.	https://images.dealer.com/ddc/vehicles/2027/Volvo/XC90/SUV/trim_B6_Ultra_Dark_Theme_6Seater_7a36b7/color/Denim%20Blue%20Metallic-723-38%2C54%2C70-640-en_US.jpg	in stock	NEW	SUV	Vehicles & Parts > Vehicles > Motor Vehicles > Cars, Trucks & Vans	YV4062JMXV1576947	https://www.bortonvolvocars.com/new/Volvo/2027-Volvo-XC90-In-Minneapolis-MN-b55b8117ac1812d29292c3de7e99d640.htm?store={store_code}	BLUE	0 miles	XC90	YV4062JMXV1576947	2027	76560 USD	81060	76560 USD	MI
YV4HD0JM2V1573960	2027 Volvo XC90 plug-in hybrid T8 Ultra Dark Theme 6-Seater	Volvo	https://www.bortonvolvocars.com/new/Volvo/2027-Volvo-XC90-plug-in-hybrid-In-Minneapolis-MN-b55b2e54ac185bc6fc1af9b576d5dbb6.htm	86610 USD	2027 Onyx Black Volvo XC90 plug-in T8 Ultra Dark Theme 6-Seater 2.0L I-4 cyl For sale at Borton Volvo Cars in Golden Valley Minnesota.	https://images.dealer.com/ddc/vehicles/2027/Volvo/XC90%20Plug-In%20Hybrid/SUV/trim_T8_Ultra_Dark_Theme_6Seater_4f1bec/color/Onyx%20Black%20Metallic-717-35%2C35%2C36-640-en_US.jpg	in stock	NEW	SUV	Vehicles & Parts > Vehicles > Motor Vehicles > Cars, Trucks & Vans	YV4HD0JM2V1573960	https://www.bortonvolvocars.com/new/Volvo/2027-Volvo-XC90-plug-in-hybrid-In-Minneapolis-MN-b55b2e54ac185bc6fc1af9b576d5dbb6.htm?store={store_code}	BLACK	0 miles	XC90 plug-in	YV4HD0JM2V1573960	2027	86610 USD	81060	86610 USD	MI
5J8TC2H70ML007263	2021 Acura RDX Advance Package SH-AWD	Acura	https://www.bortonvolvocars.com/used/Acura/2021-Acura-RDX-In-Minneapolis-MN-0e4df91aac18281ce6a130f74b4eed98.htm	32850 USD	2021 Performance Red Pearl Acura RDX Advance Package SH-AWD 2.0L i-4 For sale at Borton Volvo Cars in Golden Valley Minnesota.	https://pictures.dealer.com/b/bortonvolvogroupvcna/0014/55a8bc2c690c24f7967b927b451c99f4x.jpg	in stock	USED	OTHER	Vehicles & Parts > Vehicles > Motor Vehicles > Cars, Trucks & Vans	5J8TC2H70ML007263	https://www.bortonvolvocars.com/used/Acura/2021-Acura-RDX-In-Minneapolis-MN-0e4df91aac18281ce6a130f74b4eed98.htm?store={store_code}	RED	33884 miles	RDX	5J8TC2H70ML007263	2021	32850 USD	81060	32850 USD	MI
WAUW2AFC9GN043354	2016 Audi S7 4.0T Quattro	Audi	https://www.bortonvolvocars.com/used/Audi/2016-Audi-S7-In-Minneapolis-MN-95b2b421ac18279fde168c34ff0fe33a.htm	22103 USD	2016 Tornado Gray Metallic Audi S7 4.0T Quattro 4.0L V-8 For sale at Borton Volvo Cars in Golden Valley Minnesota.	https://pictures.dealer.com/b/bortonvolvogroupvcna/0210/361bab9d3a9a65af1d6a66103a9f79fbx.jpg	in stock	USED	OTHER	Vehicles & Parts > Vehicles > Motor Vehicles > Cars, Trucks & Vans	WAUW2AFC9GN043354	https://www.bortonvolvocars.com/used/Audi/2016-Audi-S7-In-Minneapolis-MN-95b2b421ac18279fde168c34ff0fe33a.htm?store={store_code}	GRAY	123370 miles	S7	WAUW2AFC9GN043354	2016	22103 USD	81060	22103 USD	MI
WA1BNAFY4J2083123	2018 Audi Q5 2.0T Premium Plus Quattro	Audi	https://www.bortonvolvocars.com/used/Audi/2018-Audi-Q5-In-Minneapolis-MN-52bf2a94ac18460621052e7c7cf6fe57.htm	20763 USD	2018 Brilliant Black Audi Q5 2.0T Premium Plus Quattro 2.0L Other For sale at Borton Volvo Cars in Golden Valley Minnesota.	https://pictures.dealer.com/b/bortonvolvogroupvcna/1418/0e681faa3270dd133bd34a3e1b12f980x.jpg	in stock	USED	OTHER	Vehicles & Parts > Vehicles > Motor Vehicles > Cars, Trucks & Vans	WA1BNAFY4J2083123	https://www.bortonvolvocars.com/used/Audi/2018-Audi-Q5-In-Minneapolis-MN-52bf2a94ac18460621052e7c7cf6fe57.htm?store={store_code}	BLACK	52841 miles	Q5	WA1BNAFY4J2083123	2018	20763 USD	81060	20763 USD	MI
WA1ANAFY4L2011336	2020 Audi Q5 45 Premium Quattro	Audi	https://www.bortonvolvocars.com/used/Audi/2020-Audi-Q5-In-Minneapolis-MN-0e4df585ac182e5a249a91be116d2bde.htm	17797 USD	2020 Monsoon Gray Metallic Audi Q5 45 Premium Quattro 2.0L i-4 For sale at Borton Volvo Cars in Golden Valley Minnesota.	https://pictures.dealer.com/b/bortonvolvogroupvcna/1080/d174ca73d41c63e48618f82aa2f206a2x.jpg	in stock	USED	OTHER	Vehicles & Parts > Vehicles > Motor Vehicles > Cars, Trucks & Vans	WA1ANAFY4L2011336	https://www.bortonvolvocars.com/used/Audi/2020-Audi-Q5-In-Minneapolis-MN-0e4df585ac182e5a249a91be116d2bde.htm?store={store_code}	GRAY	85343 miles	Q5	WA1ANAFY4L2011336	2020	17797 USD	81060	17797 USD	MI
WA1EVAF10LD001699	2020 Audi Q8 55 Premium Plus Quattro	Audi	https://www.bortonvolvocars.com/used/Audi/2020-Audi-Q8-In-Minneapolis-MN-d5b6ec08ac181d6fce3c741c93ffb70a.htm	30350 USD	2020 Glacier White Audi Q8 55 Premium Plus Quattro 3.0L V-6 For sale at Borton Volvo Cars in Golden Valley Minnesota.	https://pictures.dealer.com/b/bortonvolvogroupvcna/1010/a6182bee320ec5a85c2f93a49ccecbc3x.jpg	in stock	USED	OTHER	Vehicles & Parts > Vehicles > Motor Vehicles > Cars, Trucks & Vans	WA1EVAF10LD001699	https://www.bortonvolvocars.com/used/Audi/2020-Audi-Q8-In-Minneapolis-MN-d5b6ec08ac181d6fce3c741c93ffb70a.htm?store={store_code}	WHITE	70507 miles	Q8	WA1EVAF10LD001699	2020	30350 USD	81060	30350 USD	MI
WA13AAGU9S2023903	2025 Audi Q5 2.0T Prestige Quattro	Audi	https://www.bortonvolvocars.com/used/Audi/2025-Audi-Q5-In-Minneapolis-MN-10b5f78cac18381be180bcc0d8301c15.htm	40961 USD	2025 Daytona Gray Metallic Audi Q5 2.0T Prestige Quattro 2.0L i-4 For sale at Borton Volvo Cars in Golden Valley Minnesota.	https://pictures.dealer.com/b/bortonvolvogroupvcna/0243/86dd45a5c33b131609106b11886cd433x.jpg	in stock	USED	OTHER	Vehicles & Parts > Vehicles > Motor Vehicles > Cars, Trucks & Vans	WA13AAGU9S2023903	https://www.bortonvolvocars.com/used/Audi/2025-Audi-Q5-In-Minneapolis-MN-10b5f78cac18381be180bcc0d8301c15.htm?store={store_code}	GRAY	965 miles	Q5	WA13AAGU9S2023903	2025	40961 USD	81060	40961 USD	MI
WBA5R7C56KAJ79926	2019 BMW 330i 330i xDrive	BMW	https://www.bortonvolvocars.com/used/BMW/2019-BMW-330i-In-Minneapolis-MN-46f3e36bac1813cdd93b471374ac5ad6.htm	26607 USD	2019 Jet Black BMW 330i xDrive 2.0L i-4 For sale at Borton Volvo Cars in Golden Valley Minnesota.	https://pictures.dealer.com/b/bortonvolvogroupvcna/0702/474550f07b142b99cc52e764d12114b3x.jpg	in stock	USED	OTHER	Vehicles & Parts > Vehicles > Motor Vehicles > Cars, Trucks & Vans	WBA5R7C56KAJ79926	https://www.bortonvolvocars.com/used/BMW/2019-BMW-330i-In-Minneapolis-MN-46f3e36bac1813cdd93b471374ac5ad6.htm?store={store_code}	BLACK	35736 miles	330i	WBA5R7C56KAJ79926	2019	26607 USD	81060	26607 USD	MI
WBAJS3C03LCD78277	2020 BMW 540i 540i xDrive	BMW	https://www.bortonvolvocars.com/used/BMW/2020-BMW-540i-In-Minneapolis-MN-0aa54807ac180512e887ce9c597befdc.htm	30350 USD	2020 Bluestone Metallic BMW 540i xDrive 3.0L i-6 For sale at Borton Volvo Cars in Golden Valley Minnesota.	https://pictures.dealer.com/b/bortonvolvogroupvcna/1170/b7315e924fa76af2d1d7e44ae0a9645bx.jpg	in stock	USED	OTHER	Vehicles & Parts > Vehicles > Motor Vehicles > Cars, Trucks & Vans	WBAJS3C03LCD78277	https://www.bortonvolvocars.com/used/BMW/2020-BMW-540i-In-Minneapolis-MN-0aa54807ac180512e887ce9c597befdc.htm?store={store_code}	BLUE	70153 miles	540i	WBAJS3C03LCD78277	2020	30350 USD	81060	30350 USD	MI
WB523CF07RCP35851	2024 BMW iX xDrive50	BMW	https://www.bortonvolvocars.com/used/BMW/2024-BMW-iX-In-Minneapolis-MN-ea0a6486ac183305a3d01a231cd500b8.htm	48474 USD	2024 Oxide Gray Metallic BMW iX xDrive50 Other For sale at Borton Volvo Cars in Golden Valley Minnesota.	https://pictures.dealer.com/b/bortonvolvogroupvcna/0728/20e8eb12ee003df57f1bb71b03e10280x.jpg	in stock	USED	OTHER	Vehicles & Parts > Vehicles > Motor Vehicles > Cars, Trucks & Vans	WB523CF07RCP35851	https://www.bortonvolvocars.com/used/BMW/2024-BMW-iX-In-Minneapolis-MN-ea0a6486ac183305a3d01a231cd500b8.htm?store={store_code}	GRAY	22734 miles	iX	WB523CF07RCP35851	2024	48474 USD	81060	48474 USD	MI
1G6AA5RA7D0177258	2013 CADILLAC ATS 2.5L	CADILLAC	https://www.bortonvolvocars.com/used/CADILLAC/2013-CADILLAC-ATS-In-Minneapolis-MN-8b61f955ac185ca9e7e2cb7f3d0b58f1.htm	3349 USD	2013 Radiant Silver Metallic CADILLAC ATS 2.5L 2.5L i-4 For sale at Borton Volvo Cars in Golden Valley Minnesota.	https://pictures.dealer.com/b/bortonvolvogroupvcna/0174/98105bb35ee1b079410c74a2229e4799x.jpg	in stock	USED	OTHER	Vehicles & Parts > Vehicles > Motor Vehicles > Cars, Trucks & Vans	1G6AA5RA7D0177258	https://www.bortonvolvocars.com/used/CADILLAC/2013-CADILLAC-ATS-In-Minneapolis-MN-8b61f955ac185ca9e7e2cb7f3d0b58f1.htm?store={store_code}	SILVER	158034 miles	ATS	1G6AA5RA7D0177258	2013	3349 USD	81060	3349 USD	MI
1G6AK1RS9K0130227	2019 CADILLAC ATS 3.6L Premium Luxury	CADILLAC	https://www.bortonvolvocars.com/used/CADILLAC/2019-CADILLAC-ATS-In-Minneapolis-MN-b83fc18dac184067335a66be5648704a.htm	20350 USD	2019 Crystal White Tricoat CADILLAC ATS 3.6L Premium Luxury 3.6L V-6 For sale at Borton Volvo Cars in Golden Valley Minnesota.	https://pictures.dealer.com/b/bortonvolvogroupvcna/1383/aac28d0a30b94e8e1e7008a5df5c077ex.jpg	in stock	USED	OTHER	Vehicles & Parts > Vehicles > Motor Vehicles > Cars, Trucks & Vans	1G6AK1RS9K0130227	https://www.bortonvolvocars.com/used/CADILLAC/2019-CADILLAC-ATS-In-Minneapolis-MN-b83fc18dac184067335a66be5648704a.htm?store={store_code}	WHITE	106186 miles	ATS	1G6AK1RS9K0130227	2019	20350 USD	81060	20350 USD	MI
1GYS4FKL3NR321230	2022 CADILLAC Escalade Sport	CADILLAC	https://www.bortonvolvocars.com/used/CADILLAC/2022-CADILLAC-Escalade-In-Minneapolis-MN-9f0001c5ac180aac8449eac616d6b39b.htm	67133 USD	2022 Crystal White Tricoat CADILLAC Escalade Sport 6.2L V-8 For sale at Borton Volvo Cars in Golden Valley Minnesota.	https://pictures.dealer.com/b/bortonvolvogroupvcna/0274/5899756a0b9ae9d452e213cdf125ab1ax.jpg	in stock	USED	OTHER	Vehicles & Parts > Vehicles > Motor Vehicles > Cars, Trucks & Vans	1GYS4FKL3NR321230	https://www.bortonvolvocars.com/used/CADILLAC/2022-CADILLAC-Escalade-In-Minneapolis-MN-9f0001c5ac180aac8449eac616d6b39b.htm?store={store_code}	WHITE	39191 miles	Escalade	1GYS4FKL3NR321230	2022	67133 USD	81060	67133 USD	MI
2C3CCARG3GH296443	2016 Chrysler 300 Limited	Chrysler	https://www.bortonvolvocars.com/used/Chrysler/2016-Chrysler-300-In-Minneapolis-MN-a522cbbeac18004e1d0db14e2cfd9cdb.htm	12073 USD	2016 Maximum Steel Metallic Clearcoat Chrysler 300 Limited 3.6L V-6 For sale at Borton Volvo Cars in Golden Valley Minnesota.	https://pictures.dealer.com/b/bortonvolvogroupvcna/0210/361bab9d3a9a65af1d6a66103a9f79fbx.jpg	in stock	USED	OTHER	Vehicles & Parts > Vehicles > Motor Vehicles > Cars, Trucks & Vans	2C3CCARG3GH296443	https://www.bortonvolvocars.com/used/Chrysler/2016-Chrysler-300-In-Minneapolis-MN-a522cbbeac18004e1d0db14e2cfd9cdb.htm?store={store_code}	GRAY	153386 miles	300	2C3CCARG3GH296443	2016	12073 USD	81060	12073 USD	MI
2C4RC1EG0JR194336	2018 Chrysler Pacifica Touring L Plus	Chrysler	https://www.bortonvolvocars.com/used/Chrysler/2018-Chrysler-Pacifica-In-Minneapolis-MN-52bf2c03ac18005db88bfdc430e2e382.htm	18315 USD	2018 Granite Crystal Metallic Clearcoat Chrysler Pacifica Touring L Plus 3.6L V-6 For sale at Borton Volvo Cars in Golden Valley Minnesota.	https://pictures.dealer.com/b/bortonvolvogroupvcna/1042/30e2c04fd6a9f4e970b6b97a6ec5c17cx.jpg	in stock	USED	VAN	Vehicles & Parts > Vehicles > Motor Vehicles > Cars, Trucks & Vans	2C4RC1EG0JR194336	https://www.bortonvolvocars.com/used/Chrysler/2018-Chrysler-Pacifica-In-Minneapolis-MN-52bf2c03ac18005db88bfdc430e2e382.htm?store={store_code}	GRAY	75606 miles	Pacifica	2C4RC1EG0JR194336	2018	18315 USD	81060	18315 USD	MI
2C4RC3BG8NR222809	2022 Chrysler Pacifica Touring L	Chrysler	https://www.bortonvolvocars.com/used/Chrysler/2022-Chrysler-Pacifica-In-Minneapolis-MN-c28ce154ac183c5b5fb7bc255cc21333.htm	29933 USD	2022 Velvet Red Pearlcoat Chrysler Pacifica Touring L 3.6L V-6 For sale at Borton Volvo Cars in Golden Valley Minnesota.	https://pictures.dealer.com/b/bortonvolvogroupvcna/0269/5f570a45b14877ca8fbc55da8d1626aex.jpg	in stock	USED	VAN	Vehicles & Parts > Vehicles > Motor Vehicles > Cars, Trucks & Vans	2C4RC3BG8NR222809	https://www.bortonvolvocars.com/used/Chrysler/2022-Chrysler-Pacifica-In-Minneapolis-MN-c28ce154ac183c5b5fb7bc255cc21333.htm?store={store_code}	RED	56545 miles	Pacifica	2C4RC3BG8NR222809	2022	29933 USD	81060	29933 USD	MI
1C4RDJDG5LC119688	2020 Dodge Durango GT	Dodge	https://www.bortonvolvocars.com/used/Dodge/2020-Dodge-Durango-In-Minneapolis-MN-d0814c83ac184463be65380e315d94a4.htm	19150 USD	2020 Vice White Dodge Durango GT 3.6L V-6 For sale at Borton Volvo Cars in Golden Valley Minnesota.	https://pictures.dealer.com/b/bortonvolvogroupvcna/0461/6623ee8fc9524fa8c2ba1de09df7727ax.jpg	in stock	USED	SUV	Vehicles & Parts > Vehicles > Motor Vehicles > Cars, Trucks & Vans	1C4RDJDG5LC119688	https://www.bortonvolvocars.com/used/Dodge/2020-Dodge-Durango-In-Minneapolis-MN-d0814c83ac184463be65380e315d94a4.htm?store={store_code}	WHITE	102346 miles	Durango	1C4RDJDG5LC119688	2020	19150 USD	81060	19150 USD	MI
1FMCU9EG9BKC09459	2011 Ford Escape Limited	Ford	https://www.bortonvolvocars.com/used/Ford/2011-Ford-Escape-In-Minneapolis-MN-67569433ac1806566e6ba949cb54aec3.htm	3345 USD	2011 White Suede Ford Escape Limited 3.0L V-6 For sale at Borton Volvo Cars in Golden Valley Minnesota.	https://pictures.dealer.com/b/bortonvolvogroupvcna/1336/0fd1200df49a72c6abe02bcdc555be73x.jpg	in stock	USED	SUV	Vehicles & Parts > Vehicles > Motor Vehicles > Cars, Trucks & Vans	1FMCU9EG9BKC09459	https://www.bortonvolvocars.com/used/Ford/2011-Ford-Escape-In-Minneapolis-MN-67569433ac1806566e6ba949cb54aec3.htm?store={store_code}	WHITE	180606 miles	Escape	1FMCU9EG9BKC09459	2011	3345 USD	81060	3345 USD	MI
1FMCU0G69NUB87827	2022 Ford Escape SE	Ford	https://www.bortonvolvocars.com/used/Ford/2022-Ford-Escape-In-Minneapolis-MN-434b1a7cac18393e25b843a348fa2c78.htm	19575 USD	2022 Blue Silver Metallic Ford Escape SE 1.5L i-3 For sale at Borton Volvo Cars in Golden Valley Minnesota.	https://pictures.dealer.com/b/bortonvolvogroupvcna/1621/e47a09f8cf5f3f43c9f86fde6d4d8165x.jpg	in stock	USED	SUV	Vehicles & Parts > Vehicles > Motor Vehicles > Cars, Trucks & Vans	1FMCU0G69NUB87827	https://www.bortonvolvocars.com/used/Ford/2022-Ford-Escape-In-Minneapolis-MN-434b1a7cac18393e25b843a348fa2c78.htm?store={store_code}	SILVER	19270 miles	Escape	1FMCU0G69NUB87827	2022	19575 USD	81060	19575 USD	MI
KMTG34LE0KU014210	2019 Genesis G70 3.3T Design	Genesis	https://www.bortonvolvocars.com/used/Genesis/2019-Genesis-G70-In-Minneapolis-MN-52bf2d40ac18005db88bfdc498cd1104.htm	21600 USD	2019 Black Forest Green Genesis G70 3.3T Design 3.3L V-6 For sale at Borton Volvo Cars in Golden Valley Minnesota.	https://pictures.dealer.com/b/bortonvolvogroupvcna/0612/108442c8eee26e868c9b1361c3a30e33x.jpg	in stock	USED	OTHER	Vehicles & Parts > Vehicles > Motor Vehicles > Cars, Trucks & Vans	KMTG34LE0KU014210	https://www.bortonvolvocars.com/used/Genesis/2019-Genesis-G70-In-Minneapolis-MN-52bf2d40ac18005db88bfdc498cd1104.htm?store={store_code}	BLACK	108277 miles	G70	KMTG34LE0KU014210	2019	21600 USD	81060	21600 USD	MI
5J6RM4H96GL116263	2016 Honda CR-V Touring	Honda	https://www.bortonvolvocars.com/used/Honda/2016-Honda-CR-V-In-Minneapolis-MN-0aa54ddaac180936a0a72ed86901a2ac.htm	20350 USD	2016 Crystal Black Pearl Honda CR-V Touring 2.4L i-4 For sale at Borton Volvo Cars in Golden Valley Minnesota.	https://pictures.dealer.com/b/bortonvolvogroupvcna/0481/9f3d1951a6699ac111308a52451c7612x.jpg	in stock	USED	SUV	Vehicles & Parts > Vehicles > Motor Vehicles > Cars, Trucks & Vans	5J6RM4H96GL116263	https://www.bortonvolvocars.com/used/Honda/2016-Honda-CR-V-In-Minneapolis-MN-0aa54ddaac180936a0a72ed86901a2ac.htm?store={store_code}	BLACK	92109 miles	CR-V	5J6RM4H96GL116263	2016	20350 USD	81060	20350 USD	MI
5FNYF6H5XHB035758	2017 Honda Pilot EX-L	Honda	https://www.bortonvolvocars.com/used/Honda/2017-Honda-Pilot-In-Minneapolis-MN-3e250ab2ac181da0dd1bebc3780e9491.htm	16929 USD	2017 Black Forest Pearl Honda Pilot EX-L 3.5L V-6 For sale at Borton Volvo Cars in Golden Valley Minnesota.	https://pictures.dealer.com/b/bortonvolvogroupvcna/0194/0d94e43da1f7da0f6ac81069784c1c70x.jpg	in stock	USED	SUV	Vehicles & Parts > Vehicles > Motor Vehicles > Cars, Trucks & Vans	5FNYF6H5XHB035758	https://www.bortonvolvocars.com/used/Honda/2017-Honda-Pilot-In-Minneapolis-MN-3e250ab2ac181da0dd1bebc3780e9491.htm?store={store_code}	BLACK	150183 miles	Pilot	5FNYF6H5XHB035758	2017	16929 USD	81060	16929 USD	MI
2HKRW2H95MH674335	2021 Honda CR-V Touring	Honda	https://www.bortonvolvocars.com/used/Honda/2021-Honda-CR-V-In-Minneapolis-MN-8b61f78fac1813b262e6ac10832761c3.htm	30540 USD	2021 Platinum White Pearl Honda CR-V Touring 1.5L i-4 For sale at Borton Volvo Cars in Golden Valley Minnesota.	https://pictures.dealer.com/b/bortonvolvogroupvcna/0210/361bab9d3a9a65af1d6a66103a9f79fbx.jpg	in stock	USED	SUV	Vehicles & Parts > Vehicles > Motor Vehicles > Cars, Trucks & Vans	2HKRW2H95MH674335	https://www.bortonvolvocars.com/used/Honda/2021-Honda-CR-V-In-Minneapolis-MN-8b61f78fac1813b262e6ac10832761c3.htm?store={store_code}	WHITE	42090 miles	CR-V	2HKRW2H95MH674335	2021	30540 USD	81060	30540 USD	MI
19XZE4F59NE002878	2022 Honda Insight EX	Honda	https://www.bortonvolvocars.com/used/Honda/2022-Honda-Insight-In-Minneapolis-MN-058021fdac184a64f5d1c0fe229d3dee.htm	23991 USD	2022 Platinum White Pearl Honda Insight EX 1.5L i-4 For sale at Borton Volvo Cars in Golden Valley Minnesota.	https://pictures.dealer.com/b/bortonvolvogroupvcna/0713/c9ce8467d177dae4afc09a2674695059x.jpg	in stock	USED	OTHER	Vehicles & Parts > Vehicles > Motor Vehicles > Cars, Trucks & Vans	19XZE4F59NE002878	https://www.bortonvolvocars.com/used/Honda/2022-Honda-Insight-In-Minneapolis-MN-058021fdac184a64f5d1c0fe229d3dee.htm?store={store_code}	WHITE	46452 miles	Insight	19XZE4F59NE002878	2022	23991 USD	81060	23991 USD	MI
KM8R3DHE2LU045794	2020 Hyundai Palisade SEL	Hyundai	https://www.bortonvolvocars.com/used/Hyundai/2020-Hyundai-Palisade-In-Minneapolis-MN-c28cdf94ac1809a22d742423cdd94248.htm	22399 USD	2020 Moonlight Cloud Hyundai Palisade SEL 3.8L V-6 For sale at Borton Volvo Cars in Golden Valley Minnesota.	https://pictures.dealer.com/b/bortonvolvogroupvcna/1446/e30cccd14522f2847b990e6a328fea64x.jpg	in stock	USED	SUV	Vehicles & Parts > Vehicles > Motor Vehicles > Cars, Trucks & Vans	KM8R3DHE2LU045794	https://www.bortonvolvocars.com/used/Hyundai/2020-Hyundai-Palisade-In-Minneapolis-MN-c28cdf94ac1809a22d742423cdd94248.htm?store={store_code}	GRAY	92499 miles	Palisade	KM8R3DHE2LU045794	2020	22399 USD	81060	22399 USD	MI
1C4SJVBP7RS167468	2024 Jeep Wagoneer Series II	Jeep	https://www.bortonvolvocars.com/used/Jeep/2024-Jeep-Wagoneer-In-Minneapolis-MN-b83fc2ceac1834a791521c6be4bb5e9a.htm	47733 USD	2024 Diamond Black Crystal Pearlcoat Jeep Wagoneer Series II 3.0L i-6 For sale at Borton Volvo Cars in Golden Valley Minnesota.	https://pictures.dealer.com/b/bortonvolvogroupvcna/0123/66814b3f3be3f0febc14cee7f7a7618ex.jpg	in stock	USED	SUV	Vehicles & Parts > Vehicles > Motor Vehicles > Cars, Trucks & Vans	1C4SJVBP7RS167468	https://www.bortonvolvocars.com/used/Jeep/2024-Jeep-Wagoneer-In-Minneapolis-MN-b83fc2ceac1834a791521c6be4bb5e9a.htm?store={store_code}	BLACK	26124 miles	Wagoneer	1C4SJVBP7RS167468	2024	47733 USD	81060	47733 USD	MI
5XXGT4L35JG235495	2018 Kia Optima LX	Kia	https://www.bortonvolvocars.com/used/Kia/2018-Kia-Optima-In-Minneapolis-MN-b6c15df7ac181b0c439e6d2b03266db3.htm	8862 USD	2018 Ebony Black Kia Optima LX 2.4L i-4 For sale at Borton Volvo Cars in Golden Valley Minnesota.	https://pictures.dealer.com/b/bortonvolvogroupvcna/1796/fe59866677bdd3ab3d563e6d29184525x.jpg	in stock	USED	OTHER	Vehicles & Parts > Vehicles > Motor Vehicles > Cars, Trucks & Vans	5XXGT4L35JG235495	https://www.bortonvolvocars.com/used/Kia/2018-Kia-Optima-In-Minneapolis-MN-b6c15df7ac181b0c439e6d2b03266db3.htm?store={store_code}	BLACK	120386 miles	Optima	5XXGT4L35JG235495	2018	8862 USD	81060	8862 USD	MI
KNDC3DLC7P5092173	2023 Kia EV6 Wind	Kia	https://www.bortonvolvocars.com/used/Kia/2023-Kia-EV6-In-Minneapolis-MN-bd690000ac1833deba8e7e1b546594f9.htm	27244 USD	2023 Red Kia EV6 Wind Other For sale at Borton Volvo Cars in Golden Valley Minnesota.	https://pictures.dealer.com/b/bortonvolvogroupvcna/1590/bf01d41088ba730afa75bbd6a463c0c3x.jpg	in stock	USED	OTHER	Vehicles & Parts > Vehicles > Motor Vehicles > Cars, Trucks & Vans	KNDC3DLC7P5092173	https://www.bortonvolvocars.com/used/Kia/2023-Kia-EV6-In-Minneapolis-MN-bd690000ac1833deba8e7e1b546594f9.htm?store={store_code}	RED	39568 miles	EV6	KNDC3DLC7P5092173	2023	27244 USD	81060	27244 USD	MI
JTHB51FF8K5007309	2019 LEXUS LS 500 500 Base	LEXUS	https://www.bortonvolvocars.com/used/Lexus/2019-Lexus-LS-500-In-Minneapolis-MN-f0e54f2eac18099670a9b7d53f647e9a.htm	47401 USD	2019 Obsidian LEXUS LS 500 500 Base 3.5L V-6 For sale at Borton Volvo Cars in Golden Valley Minnesota.	https://pictures.dealer.com/b/bortonvolvogroupvcna/1515/cf33af6d8381c78615cdabe143593398x.jpg	in stock	USED	OTHER	Vehicles & Parts > Vehicles > Motor Vehicles > Cars, Trucks & Vans	JTHB51FF8K5007309	https://www.bortonvolvocars.com/used/Lexus/2019-Lexus-LS-500-In-Minneapolis-MN-f0e54f2eac18099670a9b7d53f647e9a.htm?store={store_code}	BLACK	42009 miles	LS 500	JTHB51FF8K5007309	2019	47401 USD	81060	47401 USD	MI
JTJGARBZ7M5027990	2021 LEXUS NX 300 300 Base	LEXUS	https://www.bortonvolvocars.com/used/Lexus/2021-Lexus-NX-300-In-Minneapolis-MN-71a224c0ac180e99be2ff67dd1adfba5.htm	30022 USD	2021 Eminent White Pearl LEXUS NX 300 300 Base 2.0L i-4 For sale at Borton Volvo Cars in Golden Valley Minnesota.	https://pictures.dealer.com/b/bortonvolvogroupvcna/0210/361bab9d3a9a65af1d6a66103a9f79fbx.jpg	in stock	USED	OTHER	Vehicles & Parts > Vehicles > Motor Vehicles > Cars, Trucks & Vans	JTJGARBZ7M5027990	https://www.bortonvolvocars.com/used/Lexus/2021-Lexus-NX-300-In-Minneapolis-MN-71a224c0ac180e99be2ff67dd1adfba5.htm?store={store_code}	WHITE	44377 miles	NX 300	JTJGARBZ7M5027990	2021	30022 USD	81060	30022 USD	MI
2T2BBMCA7SC103791	2025 LEXUS RX 350h 350h Luxury	LEXUS	https://www.bortonvolvocars.com/used/Lexus/2025-Lexus-RX-350h-In-Minneapolis-MN-b6c15f7dac180302593716fc5fa4239f.htm	57961 USD	2025 Nightfall Mica LEXUS RX 350h 350h Luxury 2.5L i-4 For sale at Borton Volvo Cars in Golden Valley Minnesota.	https://pictures.dealer.com/b/bortonvolvogroupvcna/1401/ca45d25e8724bb959d5835986f1c709dx.jpg	in stock	USED	OTHER	Vehicles & Parts > Vehicles > Motor Vehicles > Cars, Trucks & Vans	2T2BBMCA7SC103791	https://www.bortonvolvocars.com/used/Lexus/2025-Lexus-RX-350h-In-Minneapolis-MN-b6c15f7dac180302593716fc5fa4239f.htm?store={store_code}	GRAY	5094 miles	RX 350h	2T2BBMCA7SC103791	2025	57961 USD	81060	57961 USD	MI
5LM5J7XC3NGL01039	2022 Lincoln Aviator Reserve	Lincoln	https://www.bortonvolvocars.com/used/Lincoln/2022-Lincoln-Aviator-In-Minneapolis-MN-76ccb103ac184d75e32c2e103c0f0642.htm	32869 USD	2022 Flight Blue Metallic Clearcoat Lincoln Aviator Reserve 3.0L V-6 For sale at Borton Volvo Cars in Golden Valley Minnesota.	https://pictures.dealer.com/b/bortonvolvogroupvcna/0220/20db2bcf821d1602918ac155cfd459e0x.jpg	in stock	USED	SUV	Vehicles & Parts > Vehicles > Motor Vehicles > Cars, Trucks & Vans	5LM5J7XC3NGL01039	https://www.bortonvolvocars.com/used/Lincoln/2022-Lincoln-Aviator-In-Minneapolis-MN-76ccb103ac184d75e32c2e103c0f0642.htm?store={store_code}	BLUE	89040 miles	Aviator	5LM5J7XC3NGL01039	2022	32869 USD	81060	32869 USD	MI
JM3KE4CY5E0323994	2014 Mazda Mazda CX-5 Touring	Mazda	https://www.bortonvolvocars.com/used/Mazda/2014-Mazda-Mazda-CX-5-In-Minneapolis-MN-c28cdb00ac1833deba8e7e1b33eb36bc.htm	15350 USD	2014 Meteor Gray Mazda Mazda CX-5 CX-5 Touring 2.5L i-4 For sale at Borton Volvo Cars in Golden Valley Minnesota.	https://pictures.dealer.com/b/bortonvolvogroupvcna/1185/b551f272d5ce82fe120aa1a8071f15abx.jpg	in stock	USED	SUV	Vehicles & Parts > Vehicles > Motor Vehicles > Cars, Trucks & Vans	JM3KE4CY5E0323994	https://www.bortonvolvocars.com/used/Mazda/2014-Mazda-Mazda-CX-5-In-Minneapolis-MN-c28cdb00ac1833deba8e7e1b33eb36bc.htm?store={store_code}	GRAY	118699 miles	Mazda CX-5	JM3KE4CY5E0323994	2014	15350 USD	81060	15350 USD	MI
JM3KE4DYXG0912850	2016 Mazda Mazda CX-5 Grand Touring	Mazda	https://www.bortonvolvocars.com/used/Mazda/2016-Mazda-Mazda-CX-5-In-Minneapolis-MN-298b4cbcac183e12886ddde51d3391d7.htm	17314 USD	2016 Jet Black Mica Mazda Mazda CX-5 CX-5 Grand Touring 2.5L i-4 For sale at Borton Volvo Cars in Golden Valley Minnesota.	https://pictures.dealer.com/b/bortonvolvogroupvcna/0316/873d79596f18e163bfe75da638733fb9x.jpg	in stock	USED	SUV	Vehicles & Parts > Vehicles > Motor Vehicles > Cars, Trucks & Vans	JM3KE4DYXG0912850	https://www.bortonvolvocars.com/used/Mazda/2016-Mazda-Mazda-CX-5-In-Minneapolis-MN-298b4cbcac183e12886ddde51d3391d7.htm?store={store_code}	BLACK	105157 miles	Mazda CX-5	JM3KE4DYXG0912850	2016	17314 USD	81060	17314 USD	MI
JM3KFBDM3K0685492	2019 Mazda Mazda CX-5 Grand Touring	Mazda	https://www.bortonvolvocars.com/used/Mazda/2019-Mazda-Mazda-CX-5-In-Minneapolis-MN-bd68fa78ac1809a22d7424232c41c4c0.htm	23334 USD	2019 Machine Gray Mazda Mazda CX-5 CX-5 Grand Touring 2.5L i-4 For sale at Borton Volvo Cars in Golden Valley Minnesota.	https://pictures.dealer.com/b/bortonvolvogroupvcna/1883/234c4e06e4a8d62e3e94e68eda1a5da7x.jpg	in stock	USED	SUV	Vehicles & Parts > Vehicles > Motor Vehicles > Cars, Trucks & Vans	JM3KFBDM3K0685492	https://www.bortonvolvocars.com/used/Mazda/2019-Mazda-Mazda-CX-5-In-Minneapolis-MN-bd68fa78ac1809a22d7424232c41c4c0.htm?store={store_code}	GRAY	55794 miles	Mazda CX-5	JM3KFBDM3K0685492	2019	23334 USD	81060	23334 USD	MI
4JGDF6EE8FA603512	2015 Mercedes-Benz GL-Class GL 450 4maticÂ®	Mercedes-Benz	https://www.bortonvolvocars.com/used/Mercedes-Benz/2015-Mercedes-Benz-GL-Class-In-Minneapolis-MN-ac00e0f5ac184088ef41bc97b022b8f2.htm	14939 USD	2015 Black Mercedes-Benz GL-Class GL 450 4maticÂ® 3.0L V-6 For sale at Borton Volvo Cars in Golden Valley Minnesota.	https://pictures.dealer.com/b/bortonvolvogroupvcna/0210/361bab9d3a9a65af1d6a66103a9f79fbx.jpg	in stock	USED	OTHER	Vehicles & Parts > Vehicles > Motor Vehicles > Cars, Trucks & Vans	4JGDF6EE8FA603512	https://www.bortonvolvocars.com/used/Mercedes-Benz/2015-Mercedes-Benz-GL-Class-In-Minneapolis-MN-ac00e0f5ac184088ef41bc97b022b8f2.htm?store={store_code}	BLACK	105986 miles	GL-Class	4JGDF6EE8FA603512	2015	14939 USD	81060	14939 USD	MI
WDC0G4KB5JV075812	2018 Mercedes-Benz GLC 300 GLC 300 4maticÂ®	Mercedes-Benz	https://www.bortonvolvocars.com/used/Mercedes-Benz/2018-Mercedes-Benz-GLC-300-In-Minneapolis-MN-c28cde45ac1833deba8e7e1b137aaa10.htm	17321 USD	2018 Lunar Blue Metallic Mercedes-Benz GLC 300 4maticÂ® 2.0L i-4 For sale at Borton Volvo Cars in Golden Valley Minnesota.	https://pictures.dealer.com/b/bortonvolvogroupvcna/0767/20b7dd417c09e4bcdf73283bb49357f9x.jpg	in stock	USED	OTHER	Vehicles & Parts > Vehicles > Motor Vehicles > Cars, Trucks & Vans	WDC0G4KB5JV075812	https://www.bortonvolvocars.com/used/Mercedes-Benz/2018-Mercedes-Benz-GLC-300-In-Minneapolis-MN-c28cde45ac1833deba8e7e1b137aaa10.htm?store={store_code}	SILVER	106384 miles	GLC 300	WDC0G4KB5JV075812	2018	17321 USD	81060	17321 USD	MI
WDC0G6EB6KF541833	2019 Mercedes-Benz AMG GLC 43 GLC 43 AMGÂ® 4maticÂ®	Mercedes-Benz	https://www.bortonvolvocars.com/used/Mercedes-Benz/2019-Mercedes-Benz-AMG-GLC-43-In-Minneapolis-MN-1f3ea67dac181bbdf7ea8270332ee9e8.htm	22329 USD	2019 Selenite Gray Metallic Mercedes-Benz AMG GLC 43 GLC 43 AMGÂ® 4maticÂ® 3.0L V-6 For sale at Borton Volvo Cars in Golden Valley Minnesota.	https://pictures.dealer.com/b/bortonvolvogroupvcna/1019/888b9886d15a7cea8fb03c89447200a2x.jpg	in stock	USED	OTHER	Vehicles & Parts > Vehicles > Motor Vehicles > Cars, Trucks & Vans	WDC0G6EB6KF541833	https://www.bortonvolvocars.com/used/Mercedes-Benz/2019-Mercedes-Benz-AMG-GLC-43-In-Minneapolis-MN-1f3ea67dac181bbdf7ea8270332ee9e8.htm?store={store_code}	GRAY	117111 miles	AMG GLC 43	WDC0G6EB6KF541833	2019	22329 USD	81060	22329 USD	MI
WDC0G4KB1KV188366	2019 Mercedes-Benz GLC 300 GLC 300 4maticÂ®	Mercedes-Benz	https://www.bortonvolvocars.com/used/Mercedes-Benz/2019-Mercedes-Benz-GLC-300-In-Minneapolis-MN-298b4e13ac180b4132bfb5712e77720b.htm	25350 USD	2019 Polar White Mercedes-Benz GLC 300 4maticÂ® 2.0L i-4 For sale at Borton Volvo Cars in Golden Valley Minnesota.	https://pictures.dealer.com/b/bortonvolvogroupvcna/1360/f4194a123d2fc40647ac76103a791f8cx.jpg	in stock	USED	OTHER	Vehicles & Parts > Vehicles > Motor Vehicles > Cars, Trucks & Vans	WDC0G4KB1KV188366	https://www.bortonvolvocars.com/used/Mercedes-Benz/2019-Mercedes-Benz-GLC-300-In-Minneapolis-MN-298b4e13ac180b4132bfb5712e77720b.htm?store={store_code}	WHITE	34760 miles	GLC 300	WDC0G4KB1KV188366	2019	25350 USD	81060	25350 USD	MI
4JGFB8GB3LA247873	2020 Mercedes-Benz GLE 580 GLE 580 4maticÂ®	Mercedes-Benz	https://www.bortonvolvocars.com/used/Mercedes-Benz/2020-Mercedes-Benz-GLE-580-In-Minneapolis-MN-ac736a5aac1805ae4d16891e9613f2b8.htm	37146 USD	2020 Designo Diamond White Bright Mercedes-Benz GLE 580 4maticÂ® 4.0L V-8 For sale at Borton Volvo Cars in Golden Valley Minnesota.	https://pictures.dealer.com/b/bortonvolvogroupvcna/0167/65e505412d958ef574a478740977ec2ax.jpg	in stock	USED	OTHER	Vehicles & Parts > Vehicles > Motor Vehicles > Cars, Trucks & Vans	4JGFB8GB3LA247873	https://www.bortonvolvocars.com/used/Mercedes-Benz/2020-Mercedes-Benz-GLE-580-In-Minneapolis-MN-ac736a5aac1805ae4d16891e9613f2b8.htm?store={store_code}	WHITE	53867 miles	GLE 580	4JGFB8GB3LA247873	2020	37146 USD	81060	37146 USD	MI
YSMED3KAXPL113582	2023 Polestar Polestar 2 Long Range Dual Motor	Polestar	https://www.bortonvolvocars.com/used/Polestar/2023-Polestar-Polestar-2-In-Minneapolis-MN-9ad65ea9ac1811a5b94575c6ce22d894.htm	27850 USD	2023 Snow Metallic Polestar Polestar 2 2 Long Range Dual Motor Other For sale at Borton Volvo Cars in Golden Valley Minnesota.	https://pictures.dealer.com/b/bortonvolvogroupvcna/0500/7b1e25a6fcc88a43196bcb3184219113x.jpg	in stock	USED	OTHER	Vehicles & Parts > Vehicles > Motor Vehicles > Cars, Trucks & Vans	YSMED3KAXPL113582	https://www.bortonvolvocars.com/used/Polestar/2023-Polestar-Polestar-2-In-Minneapolis-MN-9ad65ea9ac1811a5b94575c6ce22d894.htm?store={store_code}	WHITE	22992 miles	Polestar 2	YSMED3KAXPL113582	2023	27850 USD	81060	27850 USD	MI
YSRPA3A41TK000787	2026 Polestar Polestar 4 Long Range Dual Motor	Polestar	https://www.bortonvolvocars.com/used/Polestar/2026-Polestar-Polestar-4-In-Minneapolis-MN-29569bb1ac185abe565e24b01357805c.htm	46340 USD	2026 Snow Metallic Polestar Polestar 4 4 Long Range Dual Motor Other For sale at Borton Volvo Cars in Golden Valley Minnesota.	https://pictures.dealer.com/b/bortonvolvogroupvcna/0151/f81f8329edaf5e1549b7d114b185db87x.jpg	in stock	USED	OTHER	Vehicles & Parts > Vehicles > Motor Vehicles > Cars, Trucks & Vans	YSRPA3A41TK000787	https://www.bortonvolvocars.com/used/Polestar/2026-Polestar-Polestar-4-In-Minneapolis-MN-29569bb1ac185abe565e24b01357805c.htm?store={store_code}	WHITE	1411 miles	Polestar 4	YSRPA3A41TK000787	2026	46340 USD	81060	46340 USD	MI
4S4BRBJC3D3237407	2013 Subaru Outback 2.5i Limited	Subaru	https://www.bortonvolvocars.com/used/Subaru/2013-Subaru-Outback-In-Minneapolis-MN-b495d92bac183ecbd73d4eaef36117e9.htm	6344 USD	2013 Graphite Gray Metallic Subaru Outback 2.5i Limited 2.5L i-4 For sale at Borton Volvo Cars in Golden Valley Minnesota.	https://pictures.dealer.com/b/bortonvolvogroupvcna/0970/edd81fe463408d23db476bdcfff55dedx.jpg	in stock	USED	OTHER	Vehicles & Parts > Vehicles > Motor Vehicles > Cars, Trucks & Vans	4S4BRBJC3D3237407	https://www.bortonvolvocars.com/used/Subaru/2013-Subaru-Outback-In-Minneapolis-MN-b495d92bac183ecbd73d4eaef36117e9.htm?store={store_code}	GRAY	149800 miles	Outback	4S4BRBJC3D3237407	2013	6344 USD	81060	6344 USD	MI
JF1GPAU69E8291076	2014 Subaru Impreza 2.0i Sport Limited	Subaru	https://www.bortonvolvocars.com/used/Subaru/2014-Subaru-Impreza-In-Minneapolis-MN-ac00e3caac1811a5b94575c6e1173f73.htm	15350 USD	2014 Dark Gray Metallic Subaru Impreza 2.0i Sport Limited 2.0L i-4 For sale at Borton Volvo Cars in Golden Valley Minnesota.	https://pictures.dealer.com/b/bortonvolvogroupvcna/0210/361bab9d3a9a65af1d6a66103a9f79fbx.jpg	in stock	USED	OTHER	Vehicles & Parts > Vehicles > Motor Vehicles > Cars, Trucks & Vans	JF1GPAU69E8291076	https://www.bortonvolvocars.com/used/Subaru/2014-Subaru-Impreza-In-Minneapolis-MN-ac00e3caac1811a5b94575c6e1173f73.htm?store={store_code}	GRAY	32220 miles	Impreza	JF1GPAU69E8291076	2014	15350 USD	81060	15350 USD	MI
5TDGBRCH0MS063715	2021 Toyota Highlander Hybrid XLE	Toyota	https://www.bortonvolvocars.com/used/Toyota/2021-Toyota-Highlander-Hybrid-In-Minneapolis-MN-ccd9872fac1826fb6cdcd723c0263585.htm	36504 USD	2021 Magnetic Gray Metallic Toyota Highlander XLE 2.5L i-4 For sale at Borton Volvo Cars in Golden Valley Minnesota.	https://pictures.dealer.com/b/bortonvolvogroupvcna/1986/676caa68b3f7ca511e7ef10b5731ce7dx.jpg	in stock	USED	SUV	Vehicles & Parts > Vehicles > Motor Vehicles > Cars, Trucks & Vans	5TDGBRCH0MS063715	https://www.bortonvolvocars.com/used/Toyota/2021-Toyota-Highlander-Hybrid-In-Minneapolis-MN-ccd9872fac1826fb6cdcd723c0263585.htm?store={store_code}	GRAY	84918 miles	Highlander	5TDGBRCH0MS063715	2021	36504 USD	81060	36504 USD	MI
WVW687CD9NW121902	2022 Volkswagen Golf GTI Autobahn	Volkswagen	https://www.bortonvolvocars.com/used/Volkswagen/2022-Volkswagen-Golf-GTI-In-Minneapolis-MN-298b50eaac180b4132bfb571337f664a.htm	32835 USD	2022 Moonstone Gray Volkswagen Golf GTI Autobahn 2.0L i-4 For sale at Borton Volvo Cars in Golden Valley Minnesota.	https://pictures.dealer.com/b/bortonvolvogroupvcna/1984/6bedf420be8e48581bc97c90d2641b7cx.jpg	in stock	USED	OTHER	Vehicles & Parts > Vehicles > Motor Vehicles > Cars, Trucks & Vans	WVW687CD9NW121902	https://www.bortonvolvocars.com/used/Volkswagen/2022-Volkswagen-Golf-GTI-In-Minneapolis-MN-298b50eaac180b4132bfb571337f664a.htm?store={store_code}	GRAY	29797 miles	Golf GTI	WVW687CD9NW121902	2022	32835 USD	81060	32835 USD	MI
3VV4B7AX9NM081067	2022 Volkswagen Tiguan 2.0T SEL R-Line	Volkswagen	https://www.bortonvolvocars.com/used/Volkswagen/2022-Volkswagen-Tiguan-In-Minneapolis-MN-5d0ce49aac1838d3cd4b4fc1e5804c66.htm	24942 USD	2022 Atlantic Blue Metallic Volkswagen Tiguan 2.0T SEL R-Line 2.0L i-4 For sale at Borton Volvo Cars in Golden Valley Minnesota.	https://pictures.dealer.com/b/bortonvolvogroupvcna/1474/6f68ff37c8319eaafaa1fb790dda7322x.jpg	in stock	USED	SUV	Vehicles & Parts > Vehicles > Motor Vehicles > Cars, Trucks & Vans	3VV4B7AX9NM081067	https://www.bortonvolvocars.com/used/Volkswagen/2022-Volkswagen-Tiguan-In-Minneapolis-MN-5d0ce49aac1838d3cd4b4fc1e5804c66.htm?store={store_code}	BLUE	67164 miles	Tiguan	3VV4B7AX9NM081067	2022	24942 USD	81060	24942 USD	MI
1V2FR2CA0RC522833	2024 Volkswagen Atlas 2.0T SEL Premium R-Line	Volkswagen	https://www.bortonvolvocars.com/used/Volkswagen/2024-Volkswagen-Atlas-In-Minneapolis-MN-a227d932ac1822397e42545e764f0932.htm	34877 USD	2024 Platinum Gray Metallic Volkswagen Atlas 2.0T SEL Premium R-Line 2.0L i-4 For sale at Borton Volvo Cars in Golden Valley Minnesota.	https://pictures.dealer.com/b/bortonvolvogroupvcna/0022/8dded584e1b32503a72bf59c20c61d8fx.jpg	in stock	USED	SUV	Vehicles & Parts > Vehicles > Motor Vehicles > Cars, Trucks & Vans	1V2FR2CA0RC522833	https://www.bortonvolvocars.com/used/Volkswagen/2024-Volkswagen-Atlas-In-Minneapolis-MN-a227d932ac1822397e42545e764f0932.htm?store={store_code}	WHITE	41754 miles	Atlas	1V2FR2CA0RC522833	2024	34877 USD	81060	34877 USD	MI
YV4612NK4G1269701	2016 Volvo XC70 T5 Premier	Volvo	https://www.bortonvolvocars.com/used/Volvo/2016-Volvo-XC70-In-Minneapolis-MN-ac00e283ac18279fde168c3433600c51.htm	16263 USD	2016 Magic Blue Metallic Volvo XC70 T5 Premier 2.5L i-5 For sale at Borton Volvo Cars in Golden Valley Minnesota.	https://pictures.dealer.com/b/bortonvolvogroupvcna/0210/361bab9d3a9a65af1d6a66103a9f79fbx.jpg	in stock	USED	SUV	Vehicles & Parts > Vehicles > Motor Vehicles > Cars, Trucks & Vans	YV4612NK4G1269701	https://www.bortonvolvocars.com/used/Volvo/2016-Volvo-XC70-In-Minneapolis-MN-ac00e283ac18279fde168c3433600c51.htm?store={store_code}	BLUE	104612 miles	XC70	YV4612NK4G1269701	2016	16263 USD	81060	16263 USD	MI
YV449MRR0H2066299	2017 Volvo XC60 T6 Dynamic	Volvo	https://www.bortonvolvocars.com/used/Volvo/2017-Volvo-XC60-In-Minneapolis-MN-5d0ce71cac181e63234f4feea4cdf13e.htm	7320 USD	2017 Onyx Black Metallic Volvo XC60 T6 Dynamic 2.0L i-4 For sale at Borton Volvo Cars in Golden Valley Minnesota.	https://pictures.dealer.com/b/bortonvolvogroupvcna/1972/72266013e7234c8762e3c1f192915d22x.jpg	in stock	USED	SUV	Vehicles & Parts > Vehicles > Motor Vehicles > Cars, Trucks & Vans	YV449MRR0H2066299	https://www.bortonvolvocars.com/used/Volvo/2017-Volvo-XC60-In-Minneapolis-MN-5d0ce71cac181e63234f4feea4cdf13e.htm?store={store_code}	BLACK	187201 miles	XC60	YV449MRR0H2066299	2017	7320 USD	81060	7320 USD	MI
YV4162UK1K2139424	2019 Volvo XC40 Momentum	Volvo	https://www.bortonvolvocars.com/used/Volvo/2019-Volvo-XC40-In-Minneapolis-MN-863cc98fac185b7043adb35bbf60d657.htm	23921 USD	2019 Gray Metallic Volvo XC40 Momentum 2.0L i-4 For sale at Borton Volvo Cars in Golden Valley Minnesota.	https://pictures.dealer.com/b/bortonvolvogroupvcna/0865/89710f39cbd4cd4ea8b8f46c07ceddf7x.jpg	in stock	USED	SUV	Vehicles & Parts > Vehicles > Motor Vehicles > Cars, Trucks & Vans	YV4162UK1K2139424	https://www.bortonvolvocars.com/used/Volvo/2019-Volvo-XC40-In-Minneapolis-MN-863cc98fac185b7043adb35bbf60d657.htm?store={store_code}	GRAY	46534 miles	XC40	YV4162UK1K2139424	2019	23921 USD	81060	23921 USD	MI
YV4ED3UR9M2544363	2021 Volvo XC40 Recharge Twin Pure Electric P8	Volvo	https://www.bortonvolvocars.com/used/Volvo/2021-Volvo-XC40-Recharge-Twin-Pure-Electric-In-Minneapolis-MN-675696cbac18155969bd56a9b5f4b2ed.htm	25350 USD	2021 Thunder Gray Metallic Volvo XC40 Recharge Twin Pure Electric P8 Other For sale at Borton Volvo Cars in Golden Valley Minnesota.	https://pictures.dealer.com/b/bortonvolvogroupvcna/0353/765870c8fc08f956bc826036043ef705x.jpg	in stock	USED	SUV	Vehicles & Parts > Vehicles > Motor Vehicles > Cars, Trucks & Vans	YV4ED3UR9M2544363	https://www.bortonvolvocars.com/used/Volvo/2021-Volvo-XC40-Recharge-Twin-Pure-Electric-In-Minneapolis-MN-675696cbac18155969bd56a9b5f4b2ed.htm?store={store_code}	GRAY	52623 miles	XC40 Recharge Twin Pure Electric	YV4ED3UR9M2544363	2021	25350 USD	81060	25350 USD	MI
YV4A22PK0N1811524	2022 Volvo XC90 T6 Momentum	Volvo	https://www.bortonvolvocars.com/used/Volvo/2022-Volvo-XC90-In-Minneapolis-MN-84bfbaa4ac185d005aaedd2022eb3e4e.htm	28941 USD	2022 Bright Silver Metallic Volvo XC90 T6 Momentum 2.0L i-4 For sale at Borton Volvo Cars in Golden Valley Minnesota.	https://pictures.dealer.com/b/bortonvolvogroupvcna/0466/fd11f935bfcb0d9a8a116d4015690526x.jpg	in stock	USED	SUV	Vehicles & Parts > Vehicles > Motor Vehicles > Cars, Trucks & Vans	YV4A22PK0N1811524	https://www.bortonvolvocars.com/used/Volvo/2022-Volvo-XC90-In-Minneapolis-MN-84bfbaa4ac185d005aaedd2022eb3e4e.htm?store={store_code}	SILVER	73559 miles	XC90	YV4A22PK0N1811524	2022	28941 USD	81060	28941 USD	MI
YV4ED3GM4P2056443	2023 Volvo C40 Recharge Pure Electric Ultimate	Volvo	https://www.bortonvolvocars.com/used/Volvo/2023-Volvo-C40-Recharge-Pure-Electric-In-Minneapolis-MN-b495d235ac185e19df2a9b9258d603f4.htm	32013 USD	2023 Crystal White Metallic Volvo C40 Recharge Pure Electric Ultimate Other For sale at Borton Volvo Cars in Golden Valley Minnesota.	https://pictures.dealer.com/b/bortonvolvogroupvcna/0970/edd81fe463408d23db476bdcfff55dedx.jpg	in stock	USED	SUV	Vehicles & Parts > Vehicles > Motor Vehicles > Cars, Trucks & Vans	YV4ED3GM4P2056443	https://www.bortonvolvocars.com/used/Volvo/2023-Volvo-C40-Recharge-Pure-Electric-In-Minneapolis-MN-b495d235ac185e19df2a9b9258d603f4.htm?store={store_code}	WHITE	30198 miles	C40 Recharge Pure Electric	YV4ED3GM4P2056443	2023	32013 USD	81060	32013 USD	MI
YV4ED3UL6P2102219	2023 Volvo XC40 Recharge Pure Electric Twin Plus	Volvo	https://www.bortonvolvocars.com/used/Volvo/2023-Volvo-XC40-Recharge-Pure-Electric-In-Minneapolis-MN-863cc7fbac181fe2458d26f2adfe8bfa.htm	33191 USD	2023 Onyx Black Metallic Volvo XC40 Recharge Pure Electric Twin Plus Other For sale at Borton Volvo Cars in Golden Valley Minnesota.	https://pictures.dealer.com/b/bortonvolvogroupvcna/0210/361bab9d3a9a65af1d6a66103a9f79fbx.jpg	in stock	USED	SUV	Vehicles & Parts > Vehicles > Motor Vehicles > Cars, Trucks & Vans	YV4ED3UL6P2102219	https://www.bortonvolvocars.com/used/Volvo/2023-Volvo-XC40-Recharge-Pure-Electric-In-Minneapolis-MN-863cc7fbac181fe2458d26f2adfe8bfa.htm?store={store_code}	BLACK	17602 miles	XC40 Recharge Pure Electric	YV4ED3UL6P2102219	2023	33191 USD	81060	33191 USD	MI
YV4ED3UM9P2087515	2023 Volvo XC40 Recharge Pure Electric Ultimate	Volvo	https://www.bortonvolvocars.com/used/Volvo/2023-Volvo-XC40-Recharge-Pure-Electric-In-Minneapolis-MN-af6f8753ac182917f2b47494a886ec0f.htm	37454 USD	2023 Crystal White Metallic Volvo XC40 Recharge Pure Electric Ultimate Other For sale at Borton Volvo Cars in Golden Valley Minnesota.	https://pictures.dealer.com/b/bortonvolvogroupvcna/0210/361bab9d3a9a65af1d6a66103a9f79fbx.jpg	in stock	USED	SUV	Vehicles & Parts > Vehicles > Motor Vehicles > Cars, Trucks & Vans	YV4ED3UM9P2087515	https://www.bortonvolvocars.com/used/Volvo/2023-Volvo-XC40-Recharge-Pure-Electric-In-Minneapolis-MN-af6f8753ac182917f2b47494a886ec0f.htm?store={store_code}	WHITE	18113 miles	XC40 Recharge Pure Electric	YV4ED3UM9P2087515	2023	37454 USD	81060	37454 USD	MI
YV4L12RN6P1383187	2023 Volvo XC60 B5 Plus Bright Theme	Volvo	https://www.bortonvolvocars.com/used/Volvo/2023-Volvo-XC60-In-Minneapolis-MN-90892a7fac180edff824bb3b41ae92f1.htm	34664 USD	2023 Onyx Black Metallic Volvo XC60 B5 Plus Bright Theme 2.0L i-4 For sale at Borton Volvo Cars in Golden Valley Minnesota.	https://pictures.dealer.com/b/bortonvolvogroupvcna/0210/361bab9d3a9a65af1d6a66103a9f79fbx.jpg	in stock	USED	SUV	Vehicles & Parts > Vehicles > Motor Vehicles > Cars, Trucks & Vans	YV4L12RN6P1383187	https://www.bortonvolvocars.com/used/Volvo/2023-Volvo-XC60-In-Minneapolis-MN-90892a7fac180edff824bb3b41ae92f1.htm?store={store_code}	BLACK	41861 miles	XC60	YV4L12RN6P1383187	2023	34664 USD	81060	34664 USD	MI
YV4062PN7P1971414	2023 Volvo XC90 B6 Plus 7-Seater	Volvo	https://www.bortonvolvocars.com/used/Volvo/2023-Volvo-XC90-In-Minneapolis-MN-2bb88965ac18108092dccbddb0f050af.htm	37161 USD	2023 Crystal White Volvo XC90 B6 Plus 7-Seater 2.0L i-4 For sale at Borton Volvo Cars in Golden Valley Minnesota.	https://pictures.dealer.com/b/bortonvolvogroupvcna/0622/fef5cdcea4b0921fb116fac8373f874fx.jpg	in stock	USED	SUV	Vehicles & Parts > Vehicles > Motor Vehicles > Cars, Trucks & Vans	YV4062PN7P1971414	https://www.bortonvolvocars.com/used/Volvo/2023-Volvo-XC90-In-Minneapolis-MN-2bb88965ac18108092dccbddb0f050af.htm?store={store_code}	WHITE	38585 miles	XC90	YV4062PN7P1971414	2023	37161 USD	81060	37161 USD	MI
YV4062PA2P1964321	2023 Volvo XC90 Ultimate	Volvo	https://www.bortonvolvocars.com/used/Volvo/2023-Volvo-XC90-In-Minneapolis-MN-a0e59a1fac1828a5426f66e16454da8a.htm	40327 USD	2023 Denim Blue Metallic Volvo XC90 Ultimate 2.0L i-4 For sale at Borton Volvo Cars in Golden Valley Minnesota.	https://pictures.dealer.com/b/bortonvolvogroupvcna/1248/f67df69c3c05201d280d47e3b91fcd59x.jpg	in stock	USED	SUV	Vehicles & Parts > Vehicles > Motor Vehicles > Cars, Trucks & Vans	YV4062PA2P1964321	https://www.bortonvolvocars.com/used/Volvo/2023-Volvo-XC90-In-Minneapolis-MN-a0e59a1fac1828a5426f66e16454da8a.htm?store={store_code}	BLUE	28262 miles	XC90	YV4062PA2P1964321	2023	40327 USD	81060	40327 USD	MI
YV4ER3GL6R2104455	2024 Volvo C40 Recharge Pure Electric Twin Plus	Volvo	https://www.bortonvolvocars.com/used/Volvo/2024-Volvo-C40-Recharge-Pure-Electric-In-Minneapolis-MN-623189efac1844a957f07faa4da32285.htm	34661 USD	2024 Onyx Black Metallic Volvo C40 Recharge Pure Electric Twin Plus Other For sale at Borton Volvo Cars in Golden Valley Minnesota.	https://pictures.dealer.com/b/bortonvolvogroupvcna/0064/df70c9f75f107b10d0fda8e94c39d4d1x.jpg	in stock	USED	SUV	Vehicles & Parts > Vehicles > Motor Vehicles > Cars, Trucks & Vans	YV4ER3GL6R2104455	https://www.bortonvolvocars.com/used/Volvo/2024-Volvo-C40-Recharge-Pure-Electric-In-Minneapolis-MN-623189efac1844a957f07faa4da32285.htm?store={store_code}	BLACK	7236 miles	C40 Recharge Pure Electric	YV4ER3GL6R2104455	2024	34661 USD	81060	34661 USD	MI
YV4ER3XM2R2279682	2024 Volvo XC40 Recharge Pure Electric Ultimate	Volvo	https://www.bortonvolvocars.com/used/Volvo/2024-Volvo-XC40-Recharge-Pure-Electric-In-Minneapolis-MN-af6f8a02ac183ecbd73d4eaea8f61483.htm	42139 USD	2024 Onyx Black Metallic Volvo XC40 Recharge Pure Electric Ultimate Other For sale at Borton Volvo Cars in Golden Valley Minnesota.	https://pictures.dealer.com/b/bortonvolvogroupvcna/0210/361bab9d3a9a65af1d6a66103a9f79fbx.jpg	in stock	USED	SUV	Vehicles & Parts > Vehicles > Motor Vehicles > Cars, Trucks & Vans	YV4ER3XM2R2279682	https://www.bortonvolvocars.com/used/Volvo/2024-Volvo-XC40-Recharge-Pure-Electric-In-Minneapolis-MN-af6f8a02ac183ecbd73d4eaea8f61483.htm?store={store_code}	BLACK	29839 miles	XC40 Recharge Pure Electric	YV4ER3XM2R2279682	2024	42139 USD	81060	42139 USD	MI
YV4L12RM0R1715313	2024 Volvo XC60 B5 Ultimate Dark Theme	Volvo	https://www.bortonvolvocars.com/used/Volvo/2024-Volvo-XC60-In-Minneapolis-MN-52bf28f4ac181c35d475de4c742b8942.htm	39012 USD	2024 Crystal White Metallic Volvo XC60 B5 Ultimate Dark Theme 2.0L i-4 For sale at Borton Volvo Cars in Golden Valley Minnesota.	https://pictures.dealer.com/b/bortonvolvogroupvcna/0578/0515b03f71f95e6f4acce2378c108ef5x.jpg	in stock	USED	SUV	Vehicles & Parts > Vehicles > Motor Vehicles > Cars, Trucks & Vans	YV4L12RM0R1715313	https://www.bortonvolvocars.com/used/Volvo/2024-Volvo-XC60-In-Minneapolis-MN-52bf28f4ac181c35d475de4c742b8942.htm?store={store_code}	WHITE	89012 miles	XC60	YV4L12RM0R1715313	2024	39012 USD	81060	39012 USD	MI
YV4L12RL4R1920639	2024 Volvo XC60 B5 Plus Dark Theme	Volvo	https://www.bortonvolvocars.com/used/Volvo/2024-Volvo-XC60-In-Minneapolis-MN-b495d4c2ac1804415d9b37e0080b8e26.htm	43761 USD	2024 Thunder Gray Metallic Volvo XC60 B5 Plus Dark Theme 2.0L i-4 For sale at Borton Volvo Cars in Golden Valley Minnesota.	https://pictures.dealer.com/b/bortonvolvogroupvcna/0210/361bab9d3a9a65af1d6a66103a9f79fbx.jpg	in stock	USED	SUV	Vehicles & Parts > Vehicles > Motor Vehicles > Cars, Trucks & Vans	YV4L12RL4R1920639	https://www.bortonvolvocars.com/used/Volvo/2024-Volvo-XC60-In-Minneapolis-MN-b495d4c2ac1804415d9b37e0080b8e26.htm?store={store_code}	GRAY	13771 miles	XC60	YV4L12RL4R1920639	2024	43761 USD	81060	43761 USD	MI
YV4H60CE0R1240677	2024 Volvo XC90 plug-in hybrid T8 Plus Bright Theme 7 Passenger	Volvo	https://www.bortonvolvocars.com/used/Volvo/2024-Volvo-XC90-plug-in-hybrid-In-Minneapolis-MN-00581dd2ac180706beba7998b6f00a22.htm	54061 USD	2024 Vapour Gray Metallic Volvo XC90 plug-in T8 Plus Bright Theme 7 Passenger 2.0L i-4 For sale at Borton Volvo Cars in Golden Valley Minnesota.	https://pictures.dealer.com/b/bortonvolvogroupvcna/1900/81f0cc9ecd7f74b559e836d2ef513d5ax.jpg	in stock	USED	SUV	Vehicles & Parts > Vehicles > Motor Vehicles > Cars, Trucks & Vans	YV4H60CE0R1240677	https://www.bortonvolvocars.com/used/Volvo/2024-Volvo-XC90-plug-in-hybrid-In-Minneapolis-MN-00581dd2ac180706beba7998b6f00a22.htm?store={store_code}	GRAY	27930 miles	XC90 plug-in	YV4H60CE0R1240677	2024	54061 USD	81060	54061 USD	MI
YV4H60CF6R1226677	2024 Volvo XC90 plug-in hybrid Ultimate	Volvo	https://www.bortonvolvocars.com/used/Volvo/2024-Volvo-XC90-plug-in-hybrid-In-Minneapolis-MN-4c1af3fcac1802934a2c939fdc0ae631.htm	57061 USD	2024 Platinum Gray Metallic Volvo XC90 plug-in Ultimate 2.0L i-4 For sale at Borton Volvo Cars in Golden Valley Minnesota.	https://pictures.dealer.com/b/bortonvolvogroupvcna/1534/55ac27f8d7658ac6f93a154e62370a24x.jpg	in stock	USED	SUV	Vehicles & Parts > Vehicles > Motor Vehicles > Cars, Trucks & Vans	YV4H60CF6R1226677	https://www.bortonvolvocars.com/used/Volvo/2024-Volvo-XC90-plug-in-hybrid-In-Minneapolis-MN-4c1af3fcac1802934a2c939fdc0ae631.htm?store={store_code}	WHITE	15866 miles	XC90 plug-in	YV4H60CF6R1226677	2024	57061 USD	81060	57061 USD	MI
YV4EK3ZK7S2602839	2025 Volvo EX30 Twin Motor Performance Plus	Volvo	https://www.bortonvolvocars.com/used/Volvo/2025-Volvo-EX30-In-Minneapolis-MN-4d985291ac1838d32b575b0ee9c727d3.htm	35461 USD	2025 Cloud Blue Volvo EX30 Twin Motor Performance Plus Other For sale at Borton Volvo Cars in Golden Valley Minnesota.	https://pictures.dealer.com/b/bortonvolvogroupvcna/0210/361bab9d3a9a65af1d6a66103a9f79fbx.jpg	in stock	USED	SUV	Vehicles & Parts > Vehicles > Motor Vehicles > Cars, Trucks & Vans	YV4EK3ZK7S2602839	https://www.bortonvolvocars.com/used/Volvo/2025-Volvo-EX30-In-Minneapolis-MN-4d985291ac1838d32b575b0ee9c727d3.htm?store={store_code}	GRAY	6392 miles	EX30	YV4EK3ZK7S2602839	2025	35461 USD	81060	35461 USD	MI
YV4062NL7S1200915	2025 Volvo V90 Cross Country B6	Volvo	https://www.bortonvolvocars.com/used/Volvo/2025-Volvo-V90-Cross-Country-In-Minneapolis-MN-b495d384ac1812d29292c3deb190c698.htm	63261 USD	2025 Onyx Black Metallic Volvo V90 Cross Country B6 2.0L i-4 For sale at Borton Volvo Cars in Golden Valley Minnesota.	https://pictures.dealer.com/b/bortonvolvogroupvcna/0210/361bab9d3a9a65af1d6a66103a9f79fbx.jpg	in stock	USED	OTHER	Vehicles & Parts > Vehicles > Motor Vehicles > Cars, Trucks & Vans	YV4062NL7S1200915	https://www.bortonvolvocars.com/used/Volvo/2025-Volvo-V90-Cross-Country-In-Minneapolis-MN-b495d384ac1812d29292c3deb190c698.htm?store={store_code}	BLACK	15317 miles	V90 Cross Country	YV4062NL7S1200915	2025	63261 USD	81060	63261 USD	MI
YV4062PB7S1364380	2025 Volvo XC90 B6 Plus 7-Seater 2025.5	Volvo	https://www.bortonvolvocars.com/used/Volvo/2025-Volvo-XC90-In-Minneapolis-MN-dc4bdc15ac18490df75413143d679196.htm	49761 USD	2025 Denim Blue Metallic Volvo XC90 B6 Plus 7-Seater .5 2.0L i-4 For sale at Borton Volvo Cars in Golden Valley Minnesota.	https://pictures.dealer.com/b/bortonvolvogroupvcna/1443/2275d81946eb3e4c9488055df8554867x.jpg	in stock	USED	SUV	Vehicles & Parts > Vehicles > Motor Vehicles > Cars, Trucks & Vans	YV4062PB7S1364380	https://www.bortonvolvocars.com/used/Volvo/2025-Volvo-XC90-In-Minneapolis-MN-dc4bdc15ac18490df75413143d679196.htm?store={store_code}	BLUE	15612 miles	XC90	YV4062PB7S1364380	2025	49761 USD	81060	49761 USD	MI
YV4H60JE2S1328851	2025 Volvo XC90 plug-in hybrid T8 Plus 6 Passenger	Volvo	https://www.bortonvolvocars.com/used/Volvo/2025-Volvo-XC90-plug-in-hybrid-In-Minneapolis-MN-fb323484ac18099670a9b7d5506f7106.htm	58355 USD	2025 Vapour Gray Metallic Volvo XC90 plug-in T8 Plus 6 Passenger 2.0L i-4 For sale at Borton Volvo Cars in Golden Valley Minnesota.	https://pictures.dealer.com/b/bortonvolvogroupvcna/0210/361bab9d3a9a65af1d6a66103a9f79fbx.jpg	in stock	USED	SUV	Vehicles & Parts > Vehicles > Motor Vehicles > Cars, Trucks & Vans	YV4H60JE2S1328851	https://www.bortonvolvocars.com/used/Volvo/2025-Volvo-XC90-plug-in-hybrid-In-Minneapolis-MN-fb323484ac18099670a9b7d5506f7106.htm?store={store_code}	GRAY	18889 miles	XC90 plug-in	YV4H60JE2S1328851	2025	58355 USD	81060	58355 USD	MI
YV4L12UC8T2786890	2026 Volvo XC40 B5 Plus	Volvo	https://www.bortonvolvocars.com/used/Volvo/2026-Volvo-XC40-In-Minneapolis-MN-af6f8094ac185bc6fc1af9b5788466eb.htm	40118 USD	2026 Onyx Black Volvo XC40 B5 Plus 2.0L i-4 For sale at Borton Volvo Cars in Golden Valley Minnesota.	https://pictures.dealer.com/b/bortonvolvogroupvcna/0210/361bab9d3a9a65af1d6a66103a9f79fbx.jpg	in stock	USED	SUV	Vehicles & Parts > Vehicles > Motor Vehicles > Cars, Trucks & Vans	YV4L12UC8T2786890	https://www.bortonvolvocars.com/used/Volvo/2026-Volvo-XC40-In-Minneapolis-MN-af6f8094ac185bc6fc1af9b5788466eb.htm?store={store_code}	BLACK	16637 miles	XC40	YV4L12UC8T2786890	2026	40118 USD	81060	40118 USD	MI
YV4L12UC4T2748752	2026 Volvo XC40 B5 Plus	Volvo	https://www.bortonvolvocars.com/used/Volvo/2026-Volvo-XC40-In-Minneapolis-MN-af6f81bfac180452334db88b0187dde6.htm	38093 USD	2026 Aurora Silver Volvo XC40 B5 Plus 2.0L i-4 For sale at Borton Volvo Cars in Golden Valley Minnesota.	https://pictures.dealer.com/b/bortonvolvogroupvcna/0210/361bab9d3a9a65af1d6a66103a9f79fbx.jpg	in stock	USED	SUV	Vehicles & Parts > Vehicles > Motor Vehicles > Cars, Trucks & Vans	YV4L12UC4T2748752	https://www.bortonvolvocars.com/used/Volvo/2026-Volvo-XC40-In-Minneapolis-MN-af6f81bfac180452334db88b0187dde6.htm?store={store_code}	SILVER	17099 miles	XC40	YV4L12UC4T2748752	2026	38093 USD	81060	38093 USD	MI
YV4L12UC8T2746860	2026 Volvo XC40 B5 Plus	Volvo	https://www.bortonvolvocars.com/used/Volvo/2026-Volvo-XC40-In-Minneapolis-MN-af6f841fac184088ef41bc97958d4324.htm	38068 USD	2026 Crystal White Volvo XC40 B5 Plus 2.0L i-4 For sale at Borton Volvo Cars in Golden Valley Minnesota.	https://pictures.dealer.com/b/bortonvolvogroupvcna/0210/361bab9d3a9a65af1d6a66103a9f79fbx.jpg	in stock	USED	SUV	Vehicles & Parts > Vehicles > Motor Vehicles > Cars, Trucks & Vans	YV4L12UC8T2746860	https://www.bortonvolvocars.com/used/Volvo/2026-Volvo-XC40-In-Minneapolis-MN-af6f841fac184088ef41bc97958d4324.htm?store={store_code}	WHITE	17275 miles	XC40	YV4L12UC8T2746860	2026	38068 USD	81060	38068 USD	MI
YV4M12RC5T1422171	2026 Volvo XC60 B5 Plus	Volvo	https://www.bortonvolvocars.com/used/Volvo/2026-Volvo-XC60-In-Minneapolis-MN-a522cf64ac1817c99dfd0f5c427dcd27.htm	50350 USD	2026 Aurora Silver Volvo XC60 B5 Plus 2.0L i-4 For sale at Borton Volvo Cars in Golden Valley Minnesota.	https://pictures.dealer.com/b/bortonvolvogroupvcna/0210/361bab9d3a9a65af1d6a66103a9f79fbx.jpg	in stock	USED	SUV	Vehicles & Parts > Vehicles > Motor Vehicles > Cars, Trucks & Vans	YV4M12RC5T1422171	https://www.bortonvolvocars.com/used/Volvo/2026-Volvo-XC60-In-Minneapolis-MN-a522cf64ac1817c99dfd0f5c427dcd27.htm?store={store_code}	SILVER	16554 miles	XC60	YV4M12RC5T1422171	2026	50350 USD	81060	50350 USD	MI
YV4M12RM4T1416421	2026 Volvo XC60 B5 Ultra	Volvo	https://www.bortonvolvocars.com/used/Volvo/2026-Volvo-XC60-In-Minneapolis-MN-af6f82f3ac18431504067597ca3bcca8.htm	54148 USD	2026 Crystal White Metallic Volvo XC60 B5 Ultra 2.0L i-4 For sale at Borton Volvo Cars in Golden Valley Minnesota.	https://pictures.dealer.com/b/bortonvolvogroupvcna/0210/361bab9d3a9a65af1d6a66103a9f79fbx.jpg	in stock	USED	SUV	Vehicles & Parts > Vehicles > Motor Vehicles > Cars, Trucks & Vans	YV4M12RM4T1416421	https://www.bortonvolvocars.com/used/Volvo/2026-Volvo-XC60-In-Minneapolis-MN-af6f82f3ac18431504067597ca3bcca8.htm?store={store_code}	WHITE	17068 miles	XC60	YV4M12RM4T1416421	2026	54148 USD	81060	54148 USD	MI
YV4062PF2T1489937	2026 Volvo XC90 B6 Ultra	Volvo	https://www.bortonvolvocars.com/used/Volvo/2026-Volvo-XC90-In-Minneapolis-MN-6c7d33ccac1806568f439d17a226498a.htm	63917 USD	2026 Onyx Black Metallic Volvo XC90 B6 Ultra 2.0L i-4 For sale at Borton Volvo Cars in Golden Valley Minnesota.	https://pictures.dealer.com/b/bortonvolvogroupvcna/1570/23da91ab32cd41200f1e6894ea08ae71x.jpg	in stock	USED	SUV	Vehicles & Parts > Vehicles > Motor Vehicles > Cars, Trucks & Vans	YV4062PF2T1489937	https://www.bortonvolvocars.com/used/Volvo/2026-Volvo-XC90-In-Minneapolis-MN-6c7d33ccac1806568f439d17a226498a.htm?store={store_code}	BLACK	9484 miles	XC90	YV4062PF2T1489937	2026	63917 USD	81060	63917 USD	MI
YV4062PF1T1490092	2026 Volvo XC90 B6 Ultra	Volvo	https://www.bortonvolvocars.com/used/Volvo/2026-Volvo-XC90-In-Minneapolis-MN-6c7d3538ac183b721f3e0223f6e8d01c.htm	63280 USD	2026 Onyx Black Metallic Volvo XC90 B6 Ultra 2.0L i-4 For sale at Borton Volvo Cars in Golden Valley Minnesota.	https://pictures.dealer.com/b/bortonvolvogroupvcna/0924/8216929160de0c50049b58036a0b7d7dx.jpg	in stock	USED	SUV	Vehicles & Parts > Vehicles > Motor Vehicles > Cars, Trucks & Vans	YV4062PF1T1490092	https://www.bortonvolvocars.com/used/Volvo/2026-Volvo-XC90-In-Minneapolis-MN-6c7d3538ac183b721f3e0223f6e8d01c.htm?store={store_code}	BLACK	12439 miles	XC90	YV4062PF1T1490092	2026	63280 USD	81060	63280 USD	MI
