id	item_group_id	title	description	link	image_link	availability	price	sale_price	brand	condition	identifier_exists	google_product_category	product_type
6557		*Valentines love Boxes*	To Share or Not to Share with your sweetie? That is the Question! This colossal assorted fine chocolate box is packed to the brim with Toffees, Pecan Snappers, Nut Clusters, Cremes, Caramels & Bark in a variety of Rich Milk Chocolate, Lucious Dark Chocolate & White Chocolate. Oh, and how could we forget, little Solid milk chocolate hearts spread throughout!	https://candylandstore.com/shop/valentines-day-chocolate-assortment/	https://candylandstore.com/wp-content/uploads/2017/01/Valentine.jpg	in_stock	29.95 USD		Candyland	new	no	Food, Beverages & Tobacco > Food Items > Candy & Chocolate	Fine Chocolates > Gourmet Chocolate Gift Boxes > Holidays
154105		1 Gallon 2025 Happy Birthday	1 Gallon 2025 Happy Birthday	https://candylandstore.com/shop/1-gallon-2025-happy-birthday/	https://candylandstore.com/wp-content/uploads/2025/06/1-1.jpg	in_stock	20.95 USD		Candyland	new	no	Food, Beverages & Tobacco > Food Items > Candy & Chocolate	1 Gallon Popcorn Tins > Birthdays > Chicago Mix
4059		1 Gallon Air Force Popcorn Tin	#gallery-2 { margin: auto; } #gallery-2 .gallery-item { float: left; margin-top: 10px; text-align: center; width: 25%; } #gallery-2 img { border: 2px solid #cfcfcf; } #gallery-2 .gallery-caption { margin-left: 0; } /* see gallery_shortcode() in wp-includes/media.php */ 1 Gallon Air Force Tin	https://candylandstore.com/shop/1-gallon-air-force-popcorn-tin/	https://candylandstore.com/wp-content/uploads/2016/09/Screen-Shot-2016-09-24-at-11.26.01-AM.png	in_stock	26.00 USD		Candyland	new	no	Food, Beverages & Tobacco > Food Items > Candy & Chocolate	Military Tins > Popcorn Tins
4018		1 Gallon Army Popcorn Tin	#gallery-3 { margin: auto; } #gallery-3 .gallery-item { float: left; margin-top: 10px; text-align: center; width: 25%; } #gallery-3 img { border: 2px solid #cfcfcf; } #gallery-3 .gallery-caption { margin-left: 0; } /* see gallery_shortcode() in wp-includes/media.php */ 1 Gallon Army popcorn tin	https://candylandstore.com/shop/1-gallon-army-popcorn-tin/	https://candylandstore.com/wp-content/uploads/2016/09/Screen-Shot-2016-09-24-at-11.22.25-AM.png	in_stock	26.00 USD		Candyland	new	no	Food, Beverages & Tobacco > Food Items > Candy & Chocolate	Military Tins > Popcorn Tins
159072		1 Gallon Bee Kind	1 Gallon Bee Kind	https://candylandstore.com/shop/1-gallon-bee-kind/	https://candylandstore.com/wp-content/uploads/2026/03/42-1.jpg	in_stock	20.95 USD		Candyland	new	no	Food, Beverages & Tobacco > Food Items > Candy & Chocolate	1 Gallon Popcorn Tins > Easter > Holidays
3786		1 Gallon Candyland Popcorn Tin	1 Gallon Candyland Popcorn Tin	https://candylandstore.com/shop/candyland-popcorn-tin-1-gallon/	https://candylandstore.com/wp-content/uploads/2016/09/2.jpg	in_stock	20.95 USD		Candyland	new	no	Food, Beverages & Tobacco > Food Items > Candy & Chocolate	1 Gallon Popcorn Tins > Birthdays > Chicago Mix
56173		1 Gallon Checking it Twice	1 Gallon Checking it Twice	https://candylandstore.com/shop/1-gallon-checking-it-twice/	https://candylandstore.com/wp-content/uploads/2020/10/White-Simple-Illustrated-Happy-Birthday-Greeting-Card-3.png	in_stock	20.95 USD		Candyland	new	no	Food, Beverages & Tobacco > Food Items > Candy & Chocolate	1 Gallon Popcorn Tins > Christmas > Christmas Popcorn Tins
149135		1 Gallon Classic Nutcracker	1 Gallon Classic Nutcracker	https://candylandstore.com/shop/1-gallon-classic-nutcracker/	https://candylandstore.com/wp-content/uploads/2024/07/12-2.jpg	in_stock	20.95 USD		Candyland	new	no	Food, Beverages & Tobacco > Food Items > Candy & Chocolate	1 Gallon Popcorn Tins > Chicago Mix > Christmas
159128		1 Gallon Congratulations	1 Gallon Congratulations	https://candylandstore.com/shop/1-gallon-congratulations/	https://candylandstore.com/wp-content/uploads/2026/03/41-1.jpg	in_stock	20.95 USD		Candyland	new	no	Food, Beverages & Tobacco > Food Items > Candy & Chocolate	1 Gallon Popcorn Tins > Corporate Events > Popcorn Tins
49859		1 Gallon Dazzling	1 Gallon Dazzling	https://candylandstore.com/shop/1-gallon-dazzling/	https://candylandstore.com/wp-content/uploads/2020/05/1G-DAZZLING.jpg	in_stock	20.95 USD		Candyland	new	no	Food, Beverages & Tobacco > Food Items > Candy & Chocolate	1 Gallon Popcorn Tins > Christmas > Christmas Popcorn Tins
159118		1 Gallon Fall Harvest	1 Gallon Fall Harvest	https://candylandstore.com/shop/1-gallon-fall-harvest/	https://candylandstore.com/wp-content/uploads/2026/03/40-1.jpg	in_stock	20.95 USD		Candyland	new	no	Food, Beverages & Tobacco > Food Items > Candy & Chocolate	1 Gallon Popcorn Tins > Holidays > Popcorn Tins
93648		1 Gallon Freshly Popped	POPCORN TINS PROUDLY MADE IN USA	https://candylandstore.com/shop/1-gallon-freshly-popped/	https://candylandstore.com/wp-content/uploads/2021/10/FRESHLY-POPPED.jpg	in_stock	20.95 USD		Candyland	new	no	Food, Beverages & Tobacco > Food Items > Candy & Chocolate	1 Gallon Popcorn Tins > Birthdays > Chicago Mix
154841		1 Gallon Frightful Fun	1 Gallon Frightful Fun	https://candylandstore.com/shop/1-gallon-frightful-fun/	https://candylandstore.com/wp-content/uploads/2025/08/3.jpg	in_stock	20.95 USD		Candyland	new	no	Food, Beverages & Tobacco > Food Items > Candy & Chocolate	1 Gallon Popcorn Tins > Corporate Events > Halloween
49871		1 Gallon Fun in the Sun	1 Gallon Fun in the Sun	https://candylandstore.com/shop/1-gallon-fun-in-the-sun/	https://candylandstore.com/wp-content/uploads/2020/05/FUN-IN-THE-SUN.-.jpg	in_stock	20.95 USD		Candyland	new	no	Food, Beverages & Tobacco > Food Items > Candy & Chocolate	1 Gallon Popcorn Tins > Birthdays > Holidays
4161		1 Gallon Green Bay Packers	1 Gallon Green Bay Packers	https://candylandstore.com/shop/1-gallon-green-bay-packers/	https://candylandstore.com/wp-content/uploads/2016/09/packers-1-gallon-.jpg	in_stock	24.00 USD		Candyland	new	no	Food, Beverages & Tobacco > Food Items > Candy & Chocolate	Popcorn Tins > Sport Tins
75499		1 Gallon Happy Easter	1 Gallon Happy Easter	https://candylandstore.com/shop/1-gallon-happy-easter/	https://candylandstore.com/wp-content/uploads/2021/01/1G-EASTER.jpg	in_stock	20.95 USD		Candyland	new	no	Food, Beverages & Tobacco > Food Items > Candy & Chocolate	1 Gallon Popcorn Tins > Easter > Holidays
91039		1 Gallon Happy Halloween	1 Gallon Happy Halloween	https://candylandstore.com/shop/1-gallon-happy-halloween-new/	https://candylandstore.com/wp-content/uploads/2021/09/1-G-HAPPY-HALLOWEEN.jpg	in_stock	20.95 USD		Candyland	new	no	Food, Beverages & Tobacco > Food Items > Candy & Chocolate	1 Gallon Popcorn Tins > Corporate Events > Halloween
157982		1 Gallon Hearts Galore	1 Gallon Hearts Galore	https://candylandstore.com/shop/1-gallon-hearts-galore-coming-soon/	https://candylandstore.com/wp-content/uploads/2025/06/2-1.jpg	in_stock	20.95 USD		Candyland	new	no	Food, Beverages & Tobacco > Food Items > Candy & Chocolate	1 Gallon Popcorn Tins > Holidays > Mother’s Day
17664		1 Gallon Hocus Pocus	Available in larger sizes! POPCORN TINS PROUDLY MADE IN USA Volume Discounts: 5% off for 25-49 tins 10% off for 50-149 tins 15% off for 150+ tins	https://candylandstore.com/shop/1-gallon-golden-thank-2/	https://candylandstore.com/wp-content/uploads/2018/10/611x7048S-HocusPocus_dwnld-scaled.jpg	in_stock	18.95 USD		Candyland	new	no	Food, Beverages & Tobacco > Food Items > Candy & Chocolate	1 Gallon Popcorn Tins > Popcorn Tins
154125		1 Gallon Holiday POP	1 Gallon Holiday POP	https://candylandstore.com/shop/1-gallon-holiday-pop/	https://candylandstore.com/wp-content/uploads/2025/06/4-1.jpg	in_stock	20.95 USD		Candyland	new	no	Food, Beverages & Tobacco > Food Items > Candy & Chocolate	1 Gallon Popcorn Tins > Chicago Mix > Christmas
159108		1 Gallon Indigo Stripes	1 Gallon Indigo Stripes	https://candylandstore.com/shop/1-gallon-indigo-stripes/	https://candylandstore.com/wp-content/uploads/2026/03/39-1.jpg	in_stock	20.95 USD		Candyland	new	no	Food, Beverages & Tobacco > Food Items > Candy & Chocolate	1 Gallon Popcorn Tins > Father's Day > Holidays
137851		1 Gallon Just For Fun!	POPCORN TINS PROUDLY MADE IN THE USA	https://candylandstore.com/shop/1-gallon-just-for-fun/	https://candylandstore.com/wp-content/uploads/2023/03/fun-in-the-sun-best-seller.jpg	in_stock	20.95 USD		Candyland	new	no	Food, Beverages & Tobacco > Food Items > Candy & Chocolate	1 Gallon Popcorn Tins > Birthdays > Chicago Mix
4151		1 Gallon MN Twins	1 Gallon MN Twins	https://candylandstore.com/shop/1-gallon-mn-twins/	https://candylandstore.com/wp-content/uploads/2016/09/1g-MN-twins.jpg	in_stock	26.00 USD		Candyland	new	no	Food, Beverages & Tobacco > Food Items > Candy & Chocolate	Popcorn Tins > Sport Tins
4116		1 Gallon MN Vikings	1 Gallon MN Vikings	https://candylandstore.com/shop/1-gallon-mn-vikings/	https://candylandstore.com/wp-content/uploads/2016/09/MN-vikings.jpg	in_stock	26.00 USD		Candyland	new	no	Food, Beverages & Tobacco > Food Items > Candy & Chocolate	Popcorn Tins > Sport Tins
4131		1 Gallon MN Wild	1 Gallon MN Wild	https://candylandstore.com/shop/1-gallon-mn-wild/	https://candylandstore.com/wp-content/uploads/2016/09/3799423.jpg.webp	in_stock	26.00 USD		Candyland	new	no	Food, Beverages & Tobacco > Food Items > Candy & Chocolate	Popcorn Tins > Sport Tins
142261		1 Gallon Santa With Reindeer	1 Gallon Santa With Reindeer	https://candylandstore.com/shop/1-gallon-santa-with-reindeer-new/	https://candylandstore.com/wp-content/uploads/2023/09/11-2.jpg	in_stock	20.95 USD		Candyland	new	no	Food, Beverages & Tobacco > Food Items > Candy & Chocolate	1 Gallon Popcorn Tins > Chicago Mix > Christmas
159098		1 Gallon Spring Blooms	1 Gallon Spring Blooms	https://candylandstore.com/shop/1-gallon-spring-blooms/	https://candylandstore.com/wp-content/uploads/2026/03/38-1.jpg	in_stock	20.95 USD		Candyland	new	no	Food, Beverages & Tobacco > Food Items > Candy & Chocolate	1 Gallon Popcorn Tins > Easter > Holidays
159088		1 Gallon Stars & Stripes	1 Gallon Stars & Stripes	https://candylandstore.com/shop/1-gallon-stars-stripes/	https://candylandstore.com/wp-content/uploads/2026/03/37-1.jpg	in_stock	20.95 USD		Candyland	new	no	Food, Beverages & Tobacco > Food Items > Candy & Chocolate	1 Gallon Popcorn Tins > Father's Day > Holidays
78159		1 Gallon Thank You	1 Gallon Thank You	https://candylandstore.com/shop/1-gallon-thank-you-new/	https://candylandstore.com/wp-content/uploads/2021/02/thank-you-1g.png	in_stock	20.95 USD		Candyland	new	no	Food, Beverages & Tobacco > Food Items > Candy & Chocolate	1 Gallon Popcorn Tins > Corporate Events > Holidays
8259		1 Gallon TIMBERWOLVES Popcorn Tin	POPCORN TINS PROUDLY MADE IN USA	https://candylandstore.com/shop/1-gallon-timberwolves-popcorn-tin/	https://candylandstore.com/wp-content/uploads/2017/11/TimberPuppies1Gal.jpg	in_stock	26.00 USD		Candyland	new	no	Food, Beverages & Tobacco > Food Items > Candy & Chocolate	Popcorn Tins > Sport Tins
14374		1 Gallon Vintage Christmas Popcorn Tin	1 Gallon Vintage Christmas Popcorn Tin	https://candylandstore.com/shop/1-gallon-vintage-christmas-popcorn-tin/	https://candylandstore.com/wp-content/uploads/2018/10/Vintage-Christmas.png	in_stock	20.95 USD		Candyland	new	no	Food, Beverages & Tobacco > Food Items > Candy & Chocolate	1 Gallon Popcorn Tins > Christmas > Christmas Popcorn Tins
133831		1 Gallon With Love	1 Gallon With Love	https://candylandstore.com/shop/1-gallon-heartwarming/	https://candylandstore.com/wp-content/uploads/2023/01/1.jpg	in_stock	20.95 USD		Candyland	new	no	Food, Beverages & Tobacco > Food Items > Candy & Chocolate	1 Gallon Popcorn Tins > Birthdays > Holidays
8320		1lb Plus Chocolate Assortment Gift Box	To Share or Not to Share? That is the Question! This colossal 1 Pound Plus some assorted fine chocolate box is packed to the brim with Toffees, Pecan Snappers, Nut Clusters, Cremes, Caramels & Bark in a variety of Rich Milk Chocolate, Lucious Dark Chocolate & White Chocolate.	https://candylandstore.com/shop/holiday-chocolate-assortment-gift-box/	https://candylandstore.com/wp-content/uploads/2017/11/ChocolateBox3.jpeg	in_stock	36.00 USD		Candyland	new	no	Food, Beverages & Tobacco > Food Items > Candy & Chocolate	Chocolate Boxes - Corporate > Christmas > Christmas Sweets & Treats
113484		1lb Plus Chocolates for the Lady	For the lady of the house, MOM. This colossal 1 Pound Plus some assorted fine chocolate box is packed to the brim with Toffees, Pecan Snappers, Nut Clusters, Cremes, Caramels & Bark in a variety of Rich Milk Chocolate, Lucious Dark Chocolate & White Chocolate.	https://candylandstore.com/shop/1lb-plus-chocolates-for-the-lady/	https://candylandstore.com/wp-content/uploads/2022/04/ladybug-box-2022.png	in_stock	36.00 USD		Candyland	new	no	Food, Beverages & Tobacco > Food Items > Candy & Chocolate	Fine Chocolates > Gourmet Chocolate Gift Boxes > Mother’s Day
154170		2 Gallon 2025 Happy Birthday	2 Gallon 2025 Happy Birthday	https://candylandstore.com/shop/2-gallon-2025-happy-birthday/	https://candylandstore.com/wp-content/uploads/2025/06/1-2.jpg	in_stock	30.95 USD		Candyland	new	no	Food, Beverages & Tobacco > Food Items > Candy & Chocolate	2 gallon Popcorn Tins > Birthdays > Corporate Events
115382		2 Gallon Autumn Vibes	POPCORN TINS PROUDLY MADE IN USA Volume Discounts: 5% off for 25-49 tins 10% off for 50-149 tins 15% off for 150+ tins	https://candylandstore.com/shop/2-gallon-autumn-new/	https://candylandstore.com/wp-content/uploads/2022/06/SWEATER-WEATHER-AUTUM.jpg	in_stock	30.95 USD		Candyland	new	no	Food, Beverages & Tobacco > Food Items > Candy & Chocolate	2 gallon Popcorn Tins > Holidays > Thanksgiving
159168		2 Gallon Bee Kind	2 Gallon Bee Kind	https://candylandstore.com/shop/2-gallon-bee-kind/	https://candylandstore.com/wp-content/uploads/2026/03/43-1.jpg	in_stock	30.95 USD		Candyland	new	no	Food, Beverages & Tobacco > Food Items > Candy & Chocolate	2 gallon Popcorn Tins > Mother’s Day > Popcorn Tins
1017		2 Gallon Candyland Popcorn Tin	2 Gallon Candyland Popcorn Tin	https://candylandstore.com/shop/candyland-popcorn-tin/	https://candylandstore.com/wp-content/uploads/2016/07/1.jpg	in_stock	30.95 USD		Candyland	new	no	Food, Beverages & Tobacco > Food Items > Candy & Chocolate	2 gallon Popcorn Tins > Chicago Mix > Christmas Popcorn Tins
149217		2 Gallon Classic Nutcracker	2 Gallon Classic Nutcracker	https://candylandstore.com/shop/2-gallon-classic-nutcracker/	https://candylandstore.com/wp-content/uploads/2025/09/7.jpg	in_stock	30.95 USD		Candyland	new	no	Food, Beverages & Tobacco > Food Items > Candy & Chocolate	2 gallon Popcorn Tins > Birthdays > Christmas Popcorn Tins
159204		2 Gallon Congratulations	2 Gallon Congratulations	https://candylandstore.com/shop/2-gallon-congratulations/	https://candylandstore.com/wp-content/uploads/2026/03/44-1.jpg	in_stock	30.95 USD		Candyland	new	no	Food, Beverages & Tobacco > Food Items > Candy & Chocolate	2 gallon Popcorn Tins > Corporate Events > Popcorn Tins
141094		2 Gallon Diamonds	2 Gallon Diamonds	https://candylandstore.com/shop/2-gallon-diamond-new/	https://candylandstore.com/wp-content/uploads/2023/06/2G-DIAMONDS.jpg	in_stock	30.95 USD		Candyland	new	no	Food, Beverages & Tobacco > Food Items > Candy & Chocolate	2 gallon Popcorn Tins > Birthdays > Corporate Events
122057		2 Gallon Emerald Snowfall	2 Gallon Emerald Snowfall	https://candylandstore.com/shop/2-gallon-emerald-snowfall-new/	https://candylandstore.com/wp-content/uploads/2022/10/emeral2g.jpg	in_stock	30.95 USD		Candyland	new	no	Food, Beverages & Tobacco > Food Items > Candy & Chocolate	2 gallon Popcorn Tins > Chicago Mix > Christmas
159192		2 Gallon Fall Harvest	2 Gallon Fall Harvest	https://candylandstore.com/shop/2-gallon-fall-harvest/	https://candylandstore.com/wp-content/uploads/2026/03/45-1.jpg	in_stock	30.95 USD		Candyland	new	no	Food, Beverages & Tobacco > Food Items > Candy & Chocolate	2 gallon Popcorn Tins > Popcorn Tins > Thanksgiving
17423		2 Gallon Falling Leaves	2 Gallon Falling Leaves	https://candylandstore.com/shop/2-gallon-falling-leaves-2/	https://candylandstore.com/wp-content/uploads/2019/09/2GallonFalling-Leaves.png	in_stock	30.95 USD		Candyland	new	no	Food, Beverages & Tobacco > Food Items > Candy & Chocolate	2 gallon Popcorn Tins > Chicago Mix > Holidays
86073		2 Gallon Freshly Popped	2 Gallon Freshly Popped	https://candylandstore.com/shop/2-gallon-freshly-popped-new/	https://candylandstore.com/wp-content/uploads/2021/05/2g-top-seller-fresh-pop.jpg	in_stock	30.95 USD		Candyland	new	no	Food, Beverages & Tobacco > Food Items > Candy & Chocolate	2 gallon Popcorn Tins > Birthdays > Chicago Mix
149191		2 Gallon Frightful Fun	2 Gallon Frightful Fun	https://candylandstore.com/shop/2-gallon-frightful-fun/	https://candylandstore.com/wp-content/uploads/2025/06/4-2.jpg	in_stock	30.95 USD		Candyland	new	no	Food, Beverages & Tobacco > Food Items > Candy & Chocolate	2 gallon Popcorn Tins > Halloween > Holidays
51993		2 Gallon Fun In The Sun	2 Gallon Fun In The Sun	https://candylandstore.com/shop/2-gallon-fun-in-the-sun/	https://candylandstore.com/wp-content/uploads/2020/06/2-summer-vibes.jpg	in_stock	30.95 USD		Candyland	new	no	Food, Beverages & Tobacco > Food Items > Candy & Chocolate	2 gallon Popcorn Tins > Birthdays > Chicago Mix
122184		2 Gallon Golden Swirls	2 Gallon Golden Swirls	https://candylandstore.com/shop/2-gallon-heart-warming-new/	https://candylandstore.com/wp-content/uploads/2022/10/GOLDEN-SWIRL-.jpg	in_stock	30.95 USD		Candyland	new	no	Food, Beverages & Tobacco > Food Items > Candy & Chocolate	2 gallon Popcorn Tins > Christmas Popcorn Tins > Popcorn Tins
75486		2 Gallon Happy Easter	2 Gallon Happy Easter	https://candylandstore.com/shop/happy-easter/	https://candylandstore.com/wp-content/uploads/2021/01/2gEaster-tin.jpg	in_stock	30.95 USD		Candyland	new	no	Food, Beverages & Tobacco > Food Items > Candy & Chocolate	2 gallon Popcorn Tins > Chicago Mix > Easter
157995		2 Gallon Hearts Galore	2 Gallon Hearts Galore	https://candylandstore.com/shop/2-gallon-hearts-galore-coming-soon/	https://candylandstore.com/wp-content/uploads/2025/06/2-2.jpg	in_stock	30.95 USD		Candyland	new	no	Food, Beverages & Tobacco > Food Items > Candy & Chocolate	2 gallon Popcorn Tins > Mother’s Day > Popcorn Tins
91690		2 Gallon Hometown Holiday	POPCORN TINS PROUDLY MADE IN USA	https://candylandstore.com/shop/2-gallon-hometown-holiday-new/	https://candylandstore.com/wp-content/uploads/2021/09/Untitled-design-43.png	in_stock	30.95 USD		Candyland	new	no	Food, Beverages & Tobacco > Food Items > Candy & Chocolate	2 gallon Popcorn Tins > Christmas > Corporate Events
159180		2 Gallon Indigo Stripes	2 Gallon Indigo Stripes	https://candylandstore.com/shop/2-gallon-indigo-stripes/	https://candylandstore.com/wp-content/uploads/2026/03/46-1.jpg	in_stock	30.95 USD		Candyland	new	no	Food, Beverages & Tobacco > Food Items > Candy & Chocolate	2 gallon Popcorn Tins > Corporate Events > Father's Day
122170		2 Gallon Just for Fun	2 Gallon Just for Fun	https://candylandstore.com/shop/2-gallon-just-for-fun-new/	https://candylandstore.com/wp-content/uploads/2022/10/2G-HOT-FUN.jpg	in_stock	30.95 USD		Candyland	new	no	Food, Beverages & Tobacco > Food Items > Candy & Chocolate	2 gallon Popcorn Tins > Birthdays > Corporate Events
155127		2 Gallon Lamplight Village	2 Gallon Lamplight Village	https://candylandstore.com/shop/2-gallon-lamplight-village/	https://candylandstore.com/wp-content/uploads/2025/09/6.jpg	in_stock	30.95 USD		Candyland	new	no	Food, Beverages & Tobacco > Food Items > Candy & Chocolate	2 gallon Popcorn Tins > Birthdays > Christmas Popcorn Tins
148248		2 Gallon Mother’s Day Tin	Treat Mom with a gift she’ll LOVE!	https://candylandstore.com/shop/2-gallon-mothers-day/	https://candylandstore.com/wp-content/uploads/2024/04/Mothersday15t.jpeg	in_stock	30.95 USD		Candyland	new	no	Food, Beverages & Tobacco > Food Items > Candy & Chocolate	2 gallon Popcorn Tins > Holidays > Mother’s Day
122087		2 Gallon Peppermint Snowman	2 Gallon Peppermint Snowman	https://candylandstore.com/shop/2-gallon-peppermint-snowman-new/	https://candylandstore.com/wp-content/uploads/2022/10/peppermint-snowman.jpg	in_stock	30.95 USD		Candyland	new	no	Food, Beverages & Tobacco > Food Items > Candy & Chocolate	2 gallon Popcorn Tins > Chicago Mix > Christmas
150414		2 Gallon Santa with Reindeer	2 Gallon Santa with Reindeer	https://candylandstore.com/shop/2-gallon-santa-with-reindeer/	https://candylandstore.com/wp-content/uploads/2024/11/2024-holiday-tins-santa-with-deer.jpg	in_stock	30.95 USD		Candyland	new	no	Food, Beverages & Tobacco > Food Items > Candy & Chocolate	2 gallon Popcorn Tins > Chicago Mix > Christmas
136384		2 Gallon Shamrock	Limited Edition! Now accepting pre-orders for the week of St. Patrick’s Day!	https://candylandstore.com/shop/2-gallon-shamrock-new/	https://candylandstore.com/wp-content/uploads/2023/02/shamrock-2gallon.png	in_stock	30.95 USD		Candyland	new	no	Food, Beverages & Tobacco > Food Items > Candy & Chocolate	2 gallon Popcorn Tins > Holidays > Popcorn Tins
159138		2 Gallon Spring Blooms	2 Gallon Spring Blooms	https://candylandstore.com/shop/2-gallon-spring-blooms/	https://candylandstore.com/wp-content/uploads/2026/03/47-1.jpg	in_stock	30.95 USD		Candyland	new	no	Food, Beverages & Tobacco > Food Items > Candy & Chocolate	2 gallon Popcorn Tins > Easter > Holidays
122136		2 Gallon Star Spangled	2 Gallon Star Spangled	https://candylandstore.com/shop/2-gallon-star-spangled-new/	https://candylandstore.com/wp-content/uploads/2022/10/2G-SPANGLED-JULY.jpg	in_stock	30.95 USD		Candyland	new	no	Food, Beverages & Tobacco > Food Items > Candy & Chocolate	2 gallon Popcorn Tins > Birthdays > Corporate Events
159156		2 Gallon Stars & Stripes	2 Gallon Stars & Stripes	https://candylandstore.com/shop/2-gallon-stars-stripes/	https://candylandstore.com/wp-content/uploads/2026/03/48-1.jpg	in_stock	30.95 USD		Candyland	new	no	Food, Beverages & Tobacco > Food Items > Candy & Chocolate	2 gallon Popcorn Tins > Father's Day > Holidays
149046		2 Gallon Thank you!	2 Gallon Thank you!	https://candylandstore.com/shop/2-gallon-thank-you/	https://candylandstore.com/wp-content/uploads/2024/07/best-seller-thank-you-.jpg	in_stock	30.95 USD		Candyland	new	no	Food, Beverages & Tobacco > Food Items > Candy & Chocolate	2 gallon Popcorn Tins > Chicago Mix > Corporate Events
158010		2 Gallon With Love	2 Gallon With Love	https://candylandstore.com/shop/2-gallon-with-love-coming-soon/	https://candylandstore.com/wp-content/uploads/2025/06/3-2.jpg	in_stock	30.95 USD		Candyland	new	no	Food, Beverages & Tobacco > Food Items > Candy & Chocolate	2 gallon Popcorn Tins > Mother’s Day > Popcorn Tins
154199		2 Gallon Woodland Holiday	2 Gallon Woodland Holiday	https://candylandstore.com/shop/2-gallon-woodland-holiday/	https://candylandstore.com/wp-content/uploads/2025/06/5-1.jpg	in_stock	30.95 USD		Candyland	new	no	Food, Beverages & Tobacco > Food Items > Candy & Chocolate	2 gallon Popcorn Tins > Christmas > Christmas Popcorn Tins
5132		2lb Holiday Chocolate Assortment Box	To Share or Not to Share? That is the Question! This colossal 2 pound assorted fine chocolate box is packed to the brim with Toffees, Pecan Snappers, Nut Clusters, Cremes, Caramels & Bark in a variety of Rich Milk Chocolate, Lucious Dark Chocolate & White Chocolate.	https://candylandstore.com/shop/2lb-holiday-chocolate-assortment-box/	https://candylandstore.com/wp-content/uploads/2016/11/Christmas-Box.jpg	in_stock	53.95 USD		Candyland	new	no	Food, Beverages & Tobacco > Food Items > Candy & Chocolate	Chocolate Boxes - Corporate > Christmas > Christmas Sweets & Treats
4069		3 Gallon Air Force Popcorn Tin	#gallery-3 { margin: auto; } #gallery-3 .gallery-item { float: left; margin-top: 10px; text-align: center; width: 25%; } #gallery-3 img { border: 2px solid #cfcfcf; } #gallery-3 .gallery-caption { margin-left: 0; } /* see gallery_shortcode() in wp-includes/media.php */ 3 Gallon Air Force Tin	https://candylandstore.com/shop/3-gallon-air-force-popcorn-tin/	https://candylandstore.com/wp-content/uploads/2016/09/2949414.jpg	in_stock	41.00 USD		Candyland	new	no	Food, Beverages & Tobacco > Food Items > Candy & Chocolate	Military Tins > Popcorn Tins
4027		3 Gallon Army Popcorn Tin	#gallery-2 { margin: auto; } #gallery-2 .gallery-item { float: left; margin-top: 10px; text-align: center; width: 25%; } #gallery-2 img { border: 2px solid #cfcfcf; } #gallery-2 .gallery-caption { margin-left: 0; } /* see gallery_shortcode() in wp-includes/media.php */ 3 Gallon Army Popcorn Tin	https://candylandstore.com/shop/3-gallon-army-popcorn-tin/	https://candylandstore.com/wp-content/uploads/2016/09/2882725.jpg	in_stock	41.00 USD		Candyland	new	no	Food, Beverages & Tobacco > Food Items > Candy & Chocolate	Military Tins > Popcorn Tins
4202		3 Gallon Green Bay Packers	3 Gallon Green Bay Packers	https://candylandstore.com/shop/3-gallon-green-bay-packers/	https://candylandstore.com/wp-content/uploads/2016/09/packers-3.5-packers-.jpg	in_stock	41.00 USD		Candyland	new	no	Food, Beverages & Tobacco > Food Items > Candy & Chocolate	Popcorn Tins > Sport Tins
10425		3 Gallon Lynx Popcorn Tin	POPCORN TINS PROUDLY MADE IN USA	https://candylandstore.com/shop/3-gallon-lynx-popcorn-tin-2/	https://candylandstore.com/wp-content/uploads/2018/04/Screen-Shot-2018-04-29-at-6.52.47-PM.png	in_stock	41.00 USD		Candyland	new	no	Food, Beverages & Tobacco > Food Items > Candy & Chocolate	Popcorn Tins > Sport Tins
4047		3 Gallon Marines Popcorn Tin	#gallery-1 { margin: auto; } #gallery-1 .gallery-item { float: left; margin-top: 10px; text-align: center; width: 25%; } #gallery-1 img { border: 2px solid #cfcfcf; } #gallery-1 .gallery-caption { margin-left: 0; } /* see gallery_shortcode() in wp-includes/media.php */ 3 Gallon Marines Popcorn Tin	https://candylandstore.com/shop/3-gallon-marines-popcorn-tin/	https://candylandstore.com/wp-content/uploads/2016/09/2949014.jpg	in_stock	41.00 USD		Candyland	new	no	Food, Beverages & Tobacco > Food Items > Candy & Chocolate	Military Tins > Popcorn Tins
4171		3 Gallon MN Twins	3 Gallon MN Twins	https://candylandstore.com/shop/3-gallon-mn-twins/	https://candylandstore.com/wp-content/uploads/2016/09/3g-MN-twins.jpg	in_stock	41.00 USD		Candyland	new	no	Food, Beverages & Tobacco > Food Items > Candy & Chocolate	Popcorn Tins > Sport Tins
4214		3 Gallon MN Vikings	3 Gallon MN Vikings	https://candylandstore.com/shop/3-gallon-mn-vikings/	https://candylandstore.com/wp-content/uploads/2016/09/3g-mn-vikings.jpeg	in_stock	41.00 USD		Candyland	new	no	Food, Beverages & Tobacco > Food Items > Candy & Chocolate	Popcorn Tins > Sport Tins
4226		3 Gallon MN Wild	POPCORN TINS PROUDLY MADE IN USA	https://candylandstore.com/shop/3-gallon-mn-wild/	https://candylandstore.com/wp-content/uploads/2016/09/3785523.jpg.webp	in_stock	41.00 USD		Candyland	new	no	Food, Beverages & Tobacco > Food Items > Candy & Chocolate	Popcorn Tins > Sport Tins
4091		3 Gallon Navy Popcorn Tin	#gallery-5 { margin: auto; } #gallery-5 .gallery-item { float: left; margin-top: 10px; text-align: center; width: 25%; } #gallery-5 img { border: 2px solid #cfcfcf; } #gallery-5 .gallery-caption { margin-left: 0; } /* see gallery_shortcode() in wp-includes/media.php */ 3 Gallon Navy Popcorn Tin	https://candylandstore.com/shop/3-gallon-navy-popcorn-tin/	https://candylandstore.com/wp-content/uploads/2016/09/2949214.jpg	in_stock	41.00 USD		Candyland	new	no	Food, Beverages & Tobacco > Food Items > Candy & Chocolate	Military Tins > Popcorn Tins
8269		3 Gallon TIMBERWOLVES Popcorn Tin	POPCORN TINS PROUDLY MADE IN USA	https://candylandstore.com/shop/3-gallon-timberwolves-popcorn-tin/	https://candylandstore.com/wp-content/uploads/2017/11/TimberPuppies3Gal.jpg	in_stock	41.00 USD		Candyland	new	no	Food, Beverages & Tobacco > Food Items > Candy & Chocolate	Popcorn Tins > Sport Tins
10301		3.5 Gallon Birthday Pop!	3.5 Gallon Birthday Pop!	https://candylandstore.com/shop/candyland-popcorn-tin-2-2/	https://candylandstore.com/wp-content/uploads/2018/04/3GBIRTHDAY-TIN.png	in_stock	38.95 USD		Candyland	new	no	Food, Beverages & Tobacco > Food Items > Candy & Chocolate	3.5 Gallon Popcorn Tins > Birthdays > Popcorn Tins
149282		3.5 Gallon Classic Nutcracker	3.5 Gallon Classic Nutcracker	https://candylandstore.com/shop/3-5-gallon-classic-nutcracker/	https://candylandstore.com/wp-content/uploads/2024/07/9-2.jpg	in_stock	38.95 USD		Candyland	new	no	Food, Beverages & Tobacco > Food Items > Candy & Chocolate	3.5 Gallon Popcorn Tins > Christmas > Christmas Popcorn Tins
159257		3.5 Gallon Congratulations	3.5 Gallon Congratulations	https://candylandstore.com/shop/3-5-gallon-stars-stripes/	https://candylandstore.com/wp-content/uploads/2026/03/53.jpg	in_stock	38.95 USD		Candyland	new	no	Food, Beverages & Tobacco > Food Items > Candy & Chocolate	3.5 Gallon Popcorn Tins > Corporate Events > Popcorn Tins
141057		3.5 Gallon Diamonds	3.5 Gallon Diamonds	https://candylandstore.com/shop/3-5-gallon-diamonds-new/	https://candylandstore.com/wp-content/uploads/2023/06/3G-DIAMONDS.jpg	in_stock	38.95 USD		Candyland	new	no	Food, Beverages & Tobacco > Food Items > Candy & Chocolate	3.5 Gallon Popcorn Tins > Birthdays > Christmas
159216		3.5 Gallon Fall Harvest	3.5 Gallon Fall Harvest	https://candylandstore.com/shop/3-5-gallon-fall-harvest/	https://candylandstore.com/wp-content/uploads/2026/03/52.jpg	in_stock	38.95 USD		Candyland	new	no	Food, Beverages & Tobacco > Food Items > Candy & Chocolate	3.5 Gallon Popcorn Tins > Corporate Events > Holidays
154211		3.5 Gallon First Snowfall	3.5 Gallon First Snowfall	https://candylandstore.com/shop/3-5-gallon-first-snowfall/	https://candylandstore.com/wp-content/uploads/2024/07/11-4.jpg	in_stock	38.95 USD		Candyland	new	no	Food, Beverages & Tobacco > Food Items > Candy & Chocolate	3.5 Gallon Popcorn Tins > Christmas > Christmas Popcorn Tins
86089		3.5 Gallon Freshly Popped	3.5 Gallon Freshly Popped	https://candylandstore.com/shop/3-5-gallon-freshly-popped-new/	https://candylandstore.com/wp-content/uploads/2021/05/3G-FRESHLY-POPPED.jpg	in_stock	38.95 USD		Candyland	new	no	Food, Beverages & Tobacco > Food Items > Candy & Chocolate	3.5 Gallon Popcorn Tins > Christmas > Christmas Popcorn Tins
121976		3.5 Gallon Gilded Forest	3.5 Gallon Gilded Forest	https://candylandstore.com/shop/3-5-gallon-gilded-forest-new/	https://candylandstore.com/wp-content/uploads/2022/10/gildedforest.jpg	in_stock	38.95 USD		Candyland	new	no	Food, Beverages & Tobacco > Food Items > Candy & Chocolate	3.5 Gallon Popcorn Tins > Christmas > Christmas Popcorn Tins
154224		3.5 Gallon Holiday POP	3.5 Gallon Holiday POP	https://candylandstore.com/shop/3-5-gallon-holiday-pop/	https://candylandstore.com/wp-content/uploads/2024/07/12-3.jpg	in_stock	38.95 USD		Candyland	new	no	Food, Beverages & Tobacco > Food Items > Candy & Chocolate	3.5 Gallon Popcorn Tins > Christmas > Christmas Popcorn Tins
159233		3.5 Gallon Indigo Stripes	3.5 Gallon Indigo Stripes	https://candylandstore.com/shop/3-5-gallon-indigo-stripes/	https://candylandstore.com/wp-content/uploads/2026/03/51-1.jpg	in_stock	38.95 USD		Candyland	new	no	Food, Beverages & Tobacco > Food Items > Candy & Chocolate	3.5 Gallon Popcorn Tins > Corporate Events > Father's Day
122000		3.5 Gallon Just for Fun	3.5 Gallon Just for Fun	https://candylandstore.com/shop/3-5-gallon-just-for-fun-new/	https://candylandstore.com/wp-content/uploads/2022/10/3GJUST-FOR-FUN.jpg	in_stock	38.95 USD		Candyland	new	no	Food, Beverages & Tobacco > Food Items > Candy & Chocolate	3.5 Gallon Popcorn Tins > Birthdays > Holidays
149256		3.5 Gallon Lamplight Village	3.5 Gallon Lamplight Village	https://candylandstore.com/shop/3-5-gallon-icy-lights/	https://candylandstore.com/wp-content/uploads/2024/07/10-3.jpg	in_stock	38.95 USD		Candyland	new	no	Food, Beverages & Tobacco > Food Items > Candy & Chocolate	3.5 Gallon Popcorn Tins > Christmas > Christmas Popcorn Tins
121988		3.5 Gallon Peppermint Snowman	3.5 Gallon Peppermint Snowman	https://candylandstore.com/shop/3-5-gallon-peppermint-snowman-new/	https://candylandstore.com/wp-content/uploads/2022/10/3.5g-peppermint-snowman.jpg	in_stock	38.95 USD		Candyland	new	no	Food, Beverages & Tobacco > Food Items > Candy & Chocolate	3.5 Gallon Popcorn Tins > Christmas > Christmas Popcorn Tins
150428		3.5 Gallon Santa with Reindeer	3.5 Gallon Santa with Reindeer	https://candylandstore.com/shop/3-5-gallon-santa-with-reindeer/	https://candylandstore.com/wp-content/uploads/2024/11/santa-with-deer-2024.jpg	in_stock	38.95 USD		Candyland	new	no	Food, Beverages & Tobacco > Food Items > Candy & Chocolate	3.5 Gallon Popcorn Tins > Christmas > Christmas Popcorn Tins
148		3.5 Gallon Signature Candyland Popcorn Tin	Candyland’s signature old-fashioned red and white tin. This tin is perfect for any time of the year. The classic red and white colors with the Candyland emblem warms any room or party. Our most popular filling is the Chicago Mix® . POPCORN TINS PROUDLY MADE IN THE USA	https://candylandstore.com/shop/candyland-popcorn-tin-2/	https://candylandstore.com/wp-content/uploads/2016/06/3.jpg	in_stock	38.95 USD		Candyland	new	no	Food, Beverages & Tobacco > Food Items > Candy & Chocolate	3.5 Gallon Popcorn Tins > Birthdays > Chicago Mix
159245		3.5 Gallon Spring Blooms	3.5 Gallon Spring Blooms	https://candylandstore.com/shop/3-5-gallon-spring-blooms/	https://candylandstore.com/wp-content/uploads/2026/03/50-1.jpg	in_stock	38.95 USD		Candyland	new	no	Food, Beverages & Tobacco > Food Items > Candy & Chocolate	3.5 Gallon Popcorn Tins > Easter > Holidays
88775		3.5 Gallon Star Spangled	3.5 Gallon Star Spangled	https://candylandstore.com/shop/3-5-gallon-americana-new/	https://candylandstore.com/wp-content/uploads/2021/07/star-spangled-3.5.jpg	in_stock	38.95 USD		Candyland	new	no	Food, Beverages & Tobacco > Food Items > Candy & Chocolate	3.5 Gallon Popcorn Tins > Corporate Events > Father's Day
159314		3.5 Gallon Stars & Stripes	3.5 Gallon Stars & Stripes	https://candylandstore.com/shop/3-5-gallon-stars-stripes-2/	https://candylandstore.com/wp-content/uploads/2026/03/49-1.jpg	in_stock	38.95 USD		Candyland	new	no	Food, Beverages & Tobacco > Food Items > Candy & Chocolate	3.5 Gallon Popcorn Tins > Corporate Events > Father's Day
136854		3.5 Gallon Thank You	3.5 Gallon Thank You	https://candylandstore.com/shop/3-5-gallon-thank-you-new/	https://candylandstore.com/wp-content/uploads/2023/11/top-seller-thank-you.jpg	in_stock	38.95 USD		Candyland	new	no	Food, Beverages & Tobacco > Food Items > Candy & Chocolate	3.5 Gallon Popcorn Tins > Corporate Events > Popcorn Tins
149295		3.5 Gallon Trimming the Tree	3.5 Gallon Trimming the Tree	https://candylandstore.com/shop/3-5-gallon-trimming-the-tree/	https://candylandstore.com/wp-content/uploads/2024/07/30.jpg	in_stock	38.95 USD		Candyland	new	no	Food, Beverages & Tobacco > Food Items > Candy & Chocolate	3.5 Gallon Popcorn Tins > Christmas > Christmas Popcorn Tins
155215		3.5 Golden Swirls	POPCORN TINS PROUDLY MADE IN THE USA	https://candylandstore.com/shop/3-5-golden-swirls/	https://candylandstore.com/wp-content/uploads/2020/05/golden-swirls-6.5-2.png	in_stock	38.95 USD		Candyland	new	no	Food, Beverages & Tobacco > Food Items > Candy & Chocolate	3.5 Gallon Popcorn Tins > Christmas > Christmas Popcorn Tins
148924		4oz Chicago Mix® Pouch Bags (12 pack)	4oz Chicago Mix® Pouch Bags (12 pack)	https://candylandstore.com/shop/4oz-chicago-mix-pouch-bags-12-pack/	https://candylandstore.com/wp-content/uploads/2024/07/4oz-chicago-mix-.jpg	in_stock	54.00 USD		Candyland	new	no	Food, Beverages & Tobacco > Food Items > Candy & Chocolate	Bagged Popcorn > Bagged Popcorn - Corporate > Chicago Mix
142562		4oz Chicago Mix® Pouch Bags 40 pack	4oz Chicago Mix® Pouch Bags 40 pack	https://candylandstore.com/shop/4oz-chicago-mix-pouch-bags-40-pack/	https://candylandstore.com/wp-content/uploads/2022/01/chicagomix22-1.png	in_stock	180.00 USD		Candyland	new	no	Food, Beverages & Tobacco > Food Items > Candy & Chocolate	Bagged Popcorn > Bagged Popcorn - Corporate > Chicago Mix
148925		4oz Old Fashioned Cheese Corn Pouch Bags (12 pack)	4oz Old Fashioned Cheese Corn Pouch Bags (12 pack)	https://candylandstore.com/shop/4oz-old-fashioned-cheese-corn-pouch-bags-12-pack/	https://candylandstore.com/wp-content/uploads/2024/07/1.jpg	in_stock	60.00 USD		Candyland	new	no	Food, Beverages & Tobacco > Food Items > Candy & Chocolate	Bagged Popcorn > Bagged Popcorn - Corporate > Chicago Mix
7406		6.5 Gallon Candyland Tin	6.5 Gallon Candyland Tin	https://candylandstore.com/shop/candyland-popcorn-tin-6-5-gallon/	https://candylandstore.com/wp-content/uploads/2017/06/4.jpg	in_stock	50.95 USD		Candyland	new	no	Food, Beverages & Tobacco > Food Items > Candy & Chocolate	6.5 Gallon Popcorn Tins > Birthdays > Chicago Mix
149333		6.5 Gallon Classic Nutcracker	6.5 Gallon Classic Nutcracker	https://candylandstore.com/shop/6-5-gallon-classic-nutcracker/	https://candylandstore.com/wp-content/uploads/2024/07/9-2.jpg	in_stock	50.95 USD		Candyland	new	no	Food, Beverages & Tobacco > Food Items > Candy & Chocolate	6.5 Gallon Popcorn Tins > Christmas > Christmas Popcorn Tins
159269		6.5 Gallon Congratulations	6.5 Gallon Congratulations	https://candylandstore.com/shop/6-5-gallon-congratulations/	https://candylandstore.com/wp-content/uploads/2026/03/53.jpg	in_stock	50.95 USD		Candyland	new	no	Food, Beverages & Tobacco > Food Items > Candy & Chocolate	6.5 Gallon Popcorn Tins > Corporate Events > Popcorn Tins
143054		6.5 Gallon First Homecoming	6.5 Gallon First Homecoming	https://candylandstore.com/shop/6-5-gallon-first-homecoming/	https://candylandstore.com/wp-content/uploads/2023/11/firsthomecomeing.jpg	in_stock	50.95 USD		Candyland	new	no	Food, Beverages & Tobacco > Food Items > Candy & Chocolate	6.5 Gallon Popcorn Tins > Christmas > Christmas Popcorn Tins
154248		6.5 Gallon First Snowfall	6.5 Gallon First Snowfall	https://candylandstore.com/shop/6-5-gallon-first-snowfall/	https://candylandstore.com/wp-content/uploads/2024/07/11-4.jpg	in_stock	50.95 USD		Candyland	new	no	Food, Beverages & Tobacco > Food Items > Candy & Chocolate	6.5 Gallon Popcorn Tins > Christmas > Christmas Popcorn Tins
86101		6.5 Gallon Freshly Popped	6.5 Gallon Freshly Popped	https://candylandstore.com/shop/6-5-gallon-freshly-popped-new/	https://candylandstore.com/wp-content/uploads/2021/05/Watercolor-Marble-Happy-Christmas-Tree-Illustration-Canvas-12.png	in_stock	50.95 USD		Candyland	new	no	Food, Beverages & Tobacco > Food Items > Candy & Chocolate	6.5 Gallon Popcorn Tins > Birthdays > Christmas
121924		6.5 Gallon Gilded Forest	6.5 Gallon Gilded Forest	https://candylandstore.com/shop/6-5-gallon-gilded-forest-new/	https://candylandstore.com/wp-content/uploads/2022/10/gildedforest.jpg	in_stock	50.95 USD		Candyland	new	no	Food, Beverages & Tobacco > Food Items > Candy & Chocolate	6.5 Gallon Popcorn Tins > Christmas > Christmas Popcorn Tins
50005		6.5 Gallon Golden Swirls	6.5 Gallon Golden Swirls	https://candylandstore.com/shop/6-5-gallon-golden-swirl/	https://candylandstore.com/wp-content/uploads/2020/05/Untitled-design-46.png	in_stock	50.95 USD		Candyland	new	no	Food, Beverages & Tobacco > Food Items > Candy & Chocolate	6.5 Gallon Popcorn Tins > Christmas > Christmas Popcorn Tins
155299		6.5 Gallon Golden Thank You	6.5 Gallon Golden Thank You	https://candylandstore.com/shop/6-5-gallon-golden-thank-you/	https://candylandstore.com/wp-content/uploads/2025/10/6.5-golden-thank-you.jpg	in_stock	50.95 USD		Candyland	new	no	Food, Beverages & Tobacco > Food Items > Candy & Chocolate	6.5 Gallon Popcorn Tins > Corporate Events > Popcorn Tins
154260		6.5 Gallon Holiday POP	6.5 Gallon Holiday POP	https://candylandstore.com/shop/6-5-gallon-holiday-pop/	https://candylandstore.com/wp-content/uploads/2024/07/12-3.jpg	in_stock	50.95 USD		Candyland	new	no	Food, Beverages & Tobacco > Food Items > Candy & Chocolate	6.5 Gallon Popcorn Tins > Christmas > Christmas Popcorn Tins
159281		6.5 Gallon Indigo Stripes	6.5 Gallon Indigo Stripes	https://candylandstore.com/shop/6-5-gallon-indigo-stripes/	https://candylandstore.com/wp-content/uploads/2026/03/51-1.jpg	in_stock	50.95 USD		Candyland	new	no	Food, Beverages & Tobacco > Food Items > Candy & Chocolate	6.5 Gallon Popcorn Tins > Corporate Events > Popcorn Tins
149321		6.5 Gallon Joy	6.5 Gallon Joy	https://candylandstore.com/shop/6-5-gallon-joy/	https://candylandstore.com/wp-content/uploads/2024/07/26.jpg	in_stock	50.95 USD		Candyland	new	no	Food, Beverages & Tobacco > Food Items > Candy & Chocolate	6.5 Gallon Popcorn Tins > Christmas > Christmas Popcorn Tins
155229		6.5 Gallon Lamplight Village	6.5 Gallon Lamplight Village	https://candylandstore.com/shop/6-5-gallon-lamplight-village/	https://candylandstore.com/wp-content/uploads/2024/07/10-3.jpg	in_stock	50.95 USD		Candyland	new	no	Food, Beverages & Tobacco > Food Items > Candy & Chocolate	6.5 Gallon Popcorn Tins > Christmas > Christmas Popcorn Tins
56456		6.5 Gallon Let it Snow	6.5 Gallon Let it Snow	https://candylandstore.com/shop/6-5-gallon-let-it-snow/	https://candylandstore.com/wp-content/uploads/2020/10/Untitled-design-48.png	in_stock	50.95 USD		Candyland	new	no	Food, Beverages & Tobacco > Food Items > Candy & Chocolate	6.5 Gallon Popcorn Tins > Christmas > Christmas Popcorn Tins
121911		6.5 Gallon Peppermint Snowman	6.5 Gallon Peppermint Snowman	https://candylandstore.com/shop/6-5-gallon-peppermint-snowman-new/	https://candylandstore.com/wp-content/uploads/2022/10/new-peppermint-snowman.png	in_stock	50.95 USD		Candyland	new	no	Food, Beverages & Tobacco > Food Items > Candy & Chocolate	6.5 Gallon Popcorn Tins > Christmas > Christmas Popcorn Tins
155244		6.5 Gallon Santa with Reindeer	6.5 Gallon Santa with Reindeer	https://candylandstore.com/shop/6-5-gallon-santa-with-reindeer/	https://candylandstore.com/wp-content/uploads/2024/11/santa-with-deer-2024.jpg	in_stock	50.95 USD		Candyland	new	no	Food, Beverages & Tobacco > Food Items > Candy & Chocolate	6.5 Gallon Popcorn Tins > Christmas > Christmas Popcorn Tins
143027		6.5 Gallon Thank You	6.5 Gallon Thank You	https://candylandstore.com/shop/6-5-gallon-thank-you-new/	https://candylandstore.com/wp-content/uploads/2023/11/top-seller-thank-you.jpg	in_stock	50.95 USD		Candyland	new	no	Food, Beverages & Tobacco > Food Items > Candy & Chocolate	6.5 Gallon Popcorn Tins > Christmas > Christmas Popcorn Tins
154272		6.5 Gallon Woodland Holiday	6.5 Gallon Woodland Holiday	https://candylandstore.com/shop/6-5-gallon-woodland-holiday/	https://candylandstore.com/wp-content/uploads/2025/06/WOODLAND.jpg	in_stock	50.95 USD		Candyland	new	no	Food, Beverages & Tobacco > Food Items > Candy & Chocolate	6.5 Gallon Popcorn Tins > Christmas > Christmas Popcorn Tins
146572		72% Dark Chocolate Hearts	There is no better way to enjoy the richness of a really good piece of dark chocolate than these, with 72% cocoa content. Luxurious heart-shaped chocolate that is unbelievably smooth will melt away in your mouth and give you the rich dark taste you crave.	https://candylandstore.com/shop/72-dark-chocolate-hearts/	https://candylandstore.com/wp-content/uploads/2016/08/Screen-Shot-2018-02-10-at-9.42.49-AM.png	in_stock	10.00 USD		Candyland	new	no	Food, Beverages & Tobacco > Food Items > Candy & Chocolate	Bulk Chocolate > Christmas > Holidays
152277		8oz Chicago Mix® Pouch Bags (12 pack)	Limited Time Deal! Great for any Holiday gathering. The Perfect Gift for friends, family, and co-workers.	https://candylandstore.com/shop/8oz-chicago-mix-pouch-bags-12-pack-hot-deal/	https://candylandstore.com/wp-content/uploads/2024/12/8oz-pouch-bag.jpg	in_stock	84.00 USD		Candyland	new	no	Food, Beverages & Tobacco > Food Items > Candy & Chocolate	Bagged Popcorn > Bagged Popcorn - Corporate > Chicago Mix
116094		8oz Chicago Mix® Pouch Bags 30 pack	8oz Chicago Mix® Pouch Bags 30 pack	https://candylandstore.com/shop/chicago-mix-pouch-bags-30-pack/	https://candylandstore.com/wp-content/uploads/2022/01/chicagomix22-1.png	in_stock	210.00 USD		Candyland	new	no	Food, Beverages & Tobacco > Food Items > Candy & Chocolate	Bagged Popcorn > Bagged Popcorn - Corporate > Chicago Mix
148932		8oz Sea Salt Caramel Corn Pouch Bags (12 pack)	8oz Sea Salt Caramel Corn Pouch Bags (12 pack)	https://candylandstore.com/shop/8oz-sea-salt-caramel-corn-pouch-bags-12-pack/	https://candylandstore.com/wp-content/uploads/2024/07/seasalt-1.jpg	in_stock	84.00 USD		Candyland	new	no	Food, Beverages & Tobacco > Food Items > Candy & Chocolate	Bagged Popcorn > Bagged Popcorn - Corporate > Chicago Mix
59301		A Mega Snapper Gift Box	An abundance of chocolate, Ooey gooey Caramel & Pecans. The sweetest gift for any sweet-tooth.	https://candylandstore.com/shop/mega-snapper-gift-box/	https://candylandstore.com/wp-content/uploads/2020/11/SIGNAGE-15.png	in_stock	21.00 USD		Candyland	new	no	Food, Beverages & Tobacco > Food Items > Candy & Chocolate	Birthdays > Christmas > Christmas Sweets & Treats
159997		All-American Gummies	Proudly made in the USA! Lemonade: The OG summer classic—bright, zesty, and perfectly tart. Strawberry Lemonade: A sweet, sun-drenched twist on a fan favorite. Blue Raspberry Lemonade: Bold, electric, and crave-worthy blue-hued bliss.	https://candylandstore.com/shop/all-american-gummies/	https://candylandstore.com/wp-content/uploads/2026/06/allamerican-gummies.jpg	in_stock	6.00 USD		Candyland	new	no	Food, Beverages & Tobacco > Food Items > Candy & Chocolate	Candy > Father's Day > Gummis
146627		All-Nut Bridge Mix	This tantalizing mix combines so many different things to love. Almonds, cashews, pecans, and peanuts are all coated in either milk or dark chocolate, creating a nutty blend with both the sweetness of milk chocolate and the cocoa of dark chocolate.	https://candylandstore.com/shop/all-nut-bridge-mix/	https://candylandstore.com/wp-content/uploads/2016/08/DSC_0207.jpg	in_stock	9.00 USD		Candyland	new	no	Food, Beverages & Tobacco > Food Items > Candy & Chocolate	Bulk Chocolate > Christmas > Holidays
977		Almond Clusters	Perhaps the healthiest item in the chocolate case, these clusters are a huge boost for heart health, and they taste amazing. Roasted and salted almonds are hand-dipped into smooth chocolate for a classic nut and chocolate combination. Try them in milk or dark chocolate.	https://candylandstore.com/shop/almond-clusters/	https://candylandstore.com/wp-content/uploads/2016/06/CandyLand_20030820_0103.jpg	in_stock	25.99 USD		Candyland	new	no	Food, Beverages & Tobacco > Food Items > Candy & Chocolate	Clusters > Fine Chocolates
145855		Assorted Fruit Pinwheels	Enjoy this unique take on traditional starlite mints, where each hard candy is deliciously fruit-flavored instead of minty! Everyone can still get their after-dinner refreshment with these adorable Fruit Pinwheel Starlight Mints. These colorful candies are perfect to add just a little something extra to your next event! Hard candy	https://candylandstore.com/shop/assorted-fruit-pinwheels/	https://candylandstore.com/wp-content/uploads/2023/11/2.jpg	in_stock	6.00 USD		Candyland	new	no	Food, Beverages & Tobacco > Food Items > Candy & Chocolate	Candy > Hard Candies > Holidays
146439		Assorted Saltwater Taffy	Saltwater Taffy reminds you of summer days in the sun, pulling on stretchy taffy and getting it stuck on your teeth. Take a bite of our assorted taffy for that same summer sensation in various flavors. Flavors include Banana, Grape, Orange Cream, Raspberry, Watermelon, Cherry, Chocolate, Cinnamon, Frosted Cupcake, Cotton Candy, Caramel Apple, and Strawberry Cheesecake. Ingredients : CORN SYRUP, SUGAR, COCONUT OIL, SEA SALT, EVAPORATED MILK, EGG WHITES, MALIC ACID, COCOA, CITRIC ACID, SUNFLOWER LECITHIN, NATURAL AND ARTIFICIAL FLAVOR, ARTIFICIAL COLOR (INCLUDING FD&C BLUE 1, RED 40, YELLOW 5, YELLOW 6)	https://candylandstore.com/shop/assorted-saltwater-taffy/	https://candylandstore.com/wp-content/uploads/2024/01/assorted-taffy-2024.jpg	in_stock	6.50 USD		Candyland	new	no	Food, Beverages & Tobacco > Food Items > Candy & Chocolate	Birthdays > Candy > Holidays
146406		Assorted Sour Balls	These multicolored bulbs of flavor are sour and sweet. Each bite bursts with chewy flavor and would be a tasty accompaniment to a game night with friends. Ingredients : Corn Syrup, Sugar, Dextrose, Corn Starch-Modified, Malic Acid, Natural and Artificial Flavors, Citric Acid, Carnauba Wax, Beeswax, Confectioner’s Glaze, Red #40, Yellow #5, Yellow #6, Blue #2 Lake, Red #40 Lake, Titanium Dioxide, Blue #1, Red #3.	https://candylandstore.com/shop/assorted-sour-balls/	https://candylandstore.com/wp-content/uploads/2016/06/CandyLand_20030423_0011.jpg	in_stock	6.00 USD		Candyland	new	no	Food, Beverages & Tobacco > Food Items > Candy & Chocolate	Birthdays > Candy > Holidays
42082		Assorted Sugar-Free Chocolate Gift Box	An abundance of our finest sugar free chocolates! Ooey gooey Caramels, Pecan Snappers, Peanut Butter Cups, Milk Chocolate Cherries, Butter Toffee Bars, Almond Bark.	https://candylandstore.com/shop/assorted-sugar-free-chocolate-gift-box/	https://candylandstore.com/wp-content/uploads/2020/04/DSC_0742.jpg	in_stock	31.99 USD		Candyland	new	no	Food, Beverages & Tobacco > Food Items > Candy & Chocolate	Birthdays > Christmas > Christmas Sweets & Treats
146450		Assorted SUGAR-FREE Saltwater Taffy	Our Sugar-Free salt Water Taffy includes Maltitol, and is made by Glade Taffy Town. We provide you with their flavors of Lemon, Strawberry, Chocolate, Raspberry, and Orange flavors.	https://candylandstore.com/shop/assorted-sugar-free-saltwater-taffy/	https://candylandstore.com/wp-content/uploads/2017/04/SugarFreeAssorted.png	in_stock	7.00 USD		Candyland	new	no	Food, Beverages & Tobacco > Food Items > Candy & Chocolate	Birthdays > Candy > Holidays
28030		Assorted Truffle Box	Choose from 12 or 25 delectable assorted truffles! Truffles are Milk, Dark and White Chocolate with a wide variety of Flavors! Flavors include: Raspberry, Mint, Sea Salt Caramel, Amaretto, Champagne, Black Forest Cherry,Tiramisu, Keylime, Cappuccino, Rum, Chocolate & Hazelnut! * Assortments are random. If you’d like certain flavors, please indicate in order notes. Flavors are while supplies last. Check for Availability*	https://candylandstore.com/shop/assorted-truffle-box/	https://candylandstore.com/wp-content/uploads/2020/04/truffle-boxes-.jpg	in_stock	19.00 USD		Candyland	new	no	Food, Beverages & Tobacco > Food Items > Candy & Chocolate	Birthdays > Dark Chocolate > Father's Day
159019		Autumn Foliage – Nut Tin	NUT TINS PROUDLY MADE IN USA	https://candylandstore.com/shop/autumn-foliage-nut-tin/	https://candylandstore.com/wp-content/uploads/2026/03/29-1.jpg	in_stock	21.00 USD		Candyland	new	no	Food, Beverages & Tobacco > Food Items > Candy & Chocolate	Christmas > Christmas Sweets & Treats > Corporate Events
148055		Banana Salt Water Taffy	Taffy is a GLUTEN & PEANUT FREE product.	https://candylandstore.com/shop/banana-salt-water-taffy/	https://candylandstore.com/wp-content/uploads/2017/04/Banana.png	in_stock	6.50 USD		Candyland	new	no	Food, Beverages & Tobacco > Food Items > Candy & Chocolate	Birthdays > Candy > Holidays
84791		Berries & Creme Taffy	Berries & Creme Taffy	https://candylandstore.com/shop/berries-creme-taffy/	https://candylandstore.com/wp-content/uploads/2021/04/Untitled-design-24.png	in_stock	10.99 USD		Candyland	new	no	Food, Beverages & Tobacco > Food Items > Candy & Chocolate	Birthdays > Candy > Holidays
51349		Birthday Bomb! Gift Box	What’s inside, You ask? Personalized Birthday Card 3oz Chicago Mix® 1/4 lb Rainbow Drops 1/4lb Rainbow licorice (Tropical Flavors) 2 Candyland house-made Caramel Bars 2 Hand-selected dipped Pretzels (Dark Chocolate, Milk Chocolate with sprinkles) 1 Red Cherry popcorn ball 1.5oz Birthday Cake whirly or Rainbow whirly pop Topped with 4 Milk Chocolate foiled wrapped presents	https://candylandstore.com/shop/birthday-bomb/	https://candylandstore.com/wp-content/uploads/2020/06/Untitled-design-37.png	in_stock	28.95 USD		Candyland	new	no	Food, Beverages & Tobacco > Food Items > Candy & Chocolate	Birthdays > Chicago Mix > Holidays
146195		Black Licorice Scottie Dogs	Shout out to all the dog lovers out there, check out these adorable Scottie Dogs Licorice treats! These little pups of deliciousness will have you SITTING and STAYING for more! TAPIOCA SYRUP, SUGAR, MODIFIED FOOD STARCH, CARAMEL COLOR, CONTAINS 2% OR LESS OF THE FOLLOWING: *VEGETABLE OILS (COCONUT AND CANOLA), CARNAUBA WAX, ANISE OIL, LICORICE ROOT EXTRACT, SALT. *Adds a trivial amount of fat.	https://candylandstore.com/shop/black-licorice-scottie-dogs-2/	https://candylandstore.com/wp-content/uploads/2017/08/black-scotty-dogs.png	in_stock	7.50 USD		Candyland	new	no	Food, Beverages & Tobacco > Food Items > Candy & Chocolate	Candy > Father's Day > Holidays
150397		Black Licorice Tire Tracks	A favorite treat in Finland, these soft and velvety chewy licorice bites are just the right balance of anise and sweet.	https://candylandstore.com/shop/black-licorice-tire-tracks/	https://candylandstore.com/wp-content/uploads/2024/11/2-1.jpg	in_stock	7.50 USD		Candyland	new	no	Food, Beverages & Tobacco > Food Items > Candy & Chocolate	Candy > Father's Day > Holidays
146307		Black Licorice Wheels	Black Licorice Wheels: This sharp black licorice is twisted into a whimsical wheel and has a hard texture. Take a bite right out of the center or carefully untwist it — either way, it tastes great! Ingredients : Molasses, wheat flour, glucose syrup, corn starch, licorice juice (5%), stabilizers, sorbitol, glycerol, vegetable oil (coconut), modified potato starch, salt, natural flavorings, glazing agent, beeswax.	https://candylandstore.com/shop/black-licorice-wheels/	https://candylandstore.com/wp-content/uploads/2016/07/BLACK-LICORICE-WHEELS-1.png	in_stock	7.50 USD		Candyland	new	no	Food, Beverages & Tobacco > Food Items > Candy & Chocolate	Candy > Christmas > Father's Day
153760		Bomb Pop Salt Water Taffy	This bright, refreshing flavor is packed with cherry, lime, and blue raspberry flavors. These fruity flavors create a sweet, tangy taffy candy treat that will take you back to warm sunny days, outdoor fun in fresh-cut grass, and plenty of nostalgic moments. This mouthwatering Rocket Pop taffy flavor is perfect for bringing the joy of summer with you everywhere you go! Ingredients : CORN SYRUP, SUGAR, COCONUT OIL, SEA SALT, EGG WHITES, SAIGON CINNAMON, MALIC ACID, EVAPORATED MILK,|NATURAL AND ARTIFICIAL FLAVOR, ARTIFICIAL COLORS (INCLUDING FD&C BLUE 1, RED 40, YELLOW 5, YELLOW 6)	https://candylandstore.com/shop/bomb-pop-salt-water-taffy/	https://candylandstore.com/wp-content/uploads/2025/05/bomb-pop.jpg	in_stock	6.50 USD		Candyland	new	no	Food, Beverages & Tobacco > Food Items > Candy & Chocolate	Birthdays > Candy > Holidays
146329		Boston Baked Beans	With a satisfying crunch, Boston Baked Beans deliver a lot of flavor. A red candy coating layered over a salty peanut makes for a sweet snack. INGREDIENTS: Sugar, Peanuts, Corn Syrup, Modified Food Starch (Corn), Acacia (Gum Arabic), Confectioner’s Glaze (Shellac), Artificial Flavor, Carnauba Wax, White Mineral Oil, Red 40, Yellow 5, Yellow 6, Blue 2. Contains Peanuts.	https://candylandstore.com/shop/boston-baked-beans-2/	https://candylandstore.com/wp-content/uploads/2016/07/DSC_0019.jpg	in_stock	7.00 USD		Candyland	new	no	Food, Beverages & Tobacco > Food Items > Candy & Chocolate	All Nuts > Candied Nuts > Candy
38990		Bursting Specialty Tin of Chocolates – Multiple Tin Options	An Assortment of Candyland’s Handpicked Specialty Chocolates! Please select your tin style	https://candylandstore.com/shop/bursting-specialty-chocolate-tin/	https://candylandstore.com/wp-content/uploads/2020/04/BURSTING-SPRING-BLOOM-2026.jpg	in_stock	59.95 USD		Candyland	new	no	Food, Beverages & Tobacco > Food Items > Candy & Chocolate	Birthdays > Brittles & Barks > Chocolate Covered
976		Butter Toffee Bars	Our Butter Toffee Bars are a crisp crunch of sensational buttered toffee glazed with a smooth and full flavored milk chocolate.	https://candylandstore.com/shop/butter-toffee-bars/	https://candylandstore.com/wp-content/uploads/2016/06/CandyLand_20030610_0113-1-e1472487895213.jpg	in_stock	25.99 USD		Candyland	new	no	Food, Beverages & Tobacco > Food Items > Candy & Chocolate	Brittles & Barks > Father's Day > Fine Chocolates
146340		Buttered Toffee Peanuts	Crack one of these open and chew on the intensely sweet toffee that surrounds a salty peanut. We keep them warm and fresh, and the sweet crunch of a Butter Toffee Peanut goes with everything. Ingredients: Sugar, Peanuts, Salted Butter (Sweet Cream, Salt), Artificial flavor (Vanilla Powder), Salt, Soy Lecithin. May Contain: Sesame, Tree Nuts and Wheat	https://candylandstore.com/shop/buttered-toffee-peanuts/	https://candylandstore.com/wp-content/uploads/2016/07/Butter-Toffee-Peanuts-.jpg	in_stock	6.00 USD		Candyland	new	no	Food, Beverages & Tobacco > Food Items > Candy & Chocolate	All Nuts > Candied Nuts > Candy
145776		Butterscotch Discs	Unwrap a butterscotch disc and enjoy an old-fashioned favorite. These sweet butterscotch-flavored hard candies are a classic choice anytime you need a little something to brighten up your day. Hard candy	https://candylandstore.com/shop/butterscotch-discs-hard-candy/	https://candylandstore.com/wp-content/uploads/2016/07/DSC_0688.jpg	in_stock	6.00 USD		Candyland	new	no	Food, Beverages & Tobacco > Food Items > Candy & Chocolate	Candy > Hard Candies > Holidays
145822		BUTTERY TOFFEE	Beautifully wrapped in gold foil, this buttery toffee is a smooth and creamy hard candy. Hard candy	https://candylandstore.com/shop/buttery-toffee-hard-candy/	https://candylandstore.com/wp-content/uploads/2023/09/buttery-toffee.jpg	in_stock	6.00 USD		Candyland	new	no	Food, Beverages & Tobacco > Food Items > Candy & Chocolate	Candy > Hard Candies > Holidays
2361		Candy Building Blocks	Candy you can build with! These tart blocks can be stacked into any formation you can imagine, and then taken apart and eaten. It’s hard to choose which part is more fun!	https://candylandstore.com/shop/candy-building-blocks/	https://candylandstore.com/wp-content/uploads/2016/06/CandyLand_20030514_0157-1.jpg	in_stock	12.99 USD		Candyland	new	no	Food, Beverages & Tobacco > Food Items > Candy & Chocolate	Additional Sweets & Treats > Birthdays > Candy
2359		Candy Corn	Perfect for Halloween, or for perking up a dreary winter afternoon. Candy Corn is the brightly colored harvest-themed candy you love.	https://candylandstore.com/shop/candy-corn/	https://candylandstore.com/wp-content/uploads/2016/08/CANDYCORN.jpg	in_stock	12.99 USD		Candyland	new	no	Food, Beverages & Tobacco > Food Items > Candy & Chocolate	Additional Sweets & Treats > Candy > Halloween
1084		Candy/Popcorn Buffet	Contact Candyland by email for more information and to place your order. Contact Us	https://candylandstore.com/shop/candypopcorn-buffet/	https://candylandstore.com/wp-content/uploads/2016/07/popcorn-fancy-bags.jpg	in_stock	100.00 USD		Candyland	new	no	Food, Beverages & Tobacco > Food Items > Candy & Chocolate	Candy/Popcorn Buffet
23265		Candyland Ball Cap – Classic Logo	Be proud of your favorite local hometown favorite sweet shop, Candyland! Wear this new, stylish, Richardson Trucker-style ball cap around town! A custom new patch sewn directly into the hat with an adjustable snap back makes this hat one size fits most.	https://candylandstore.com/shop/candyland-hat/	https://candylandstore.com/wp-content/uploads/2020/01/3.jpg	in_stock	25.00 USD		Candyland	new	no	Food, Beverages & Tobacco > Food Items > Candy & Chocolate	Birthdays > Candyland Apparel > Father's Day
149466		Candyland Ball Cap – Tradition Patch	A Minnesota Tradition, Candyland! Serving everyone’s favorite sweets since 1932! Wear this new, stylish, Richardson Trucker-style ball cap around town! A custom new patch sewn directly into the hat with an adjustable snap back makes this hat one size fits most.	https://candylandstore.com/shop/candyland-ball-cap-tradition-patch/	https://candylandstore.com/wp-content/uploads/2024/08/4.jpg	in_stock	25.00 USD		Candyland	new	no	Food, Beverages & Tobacco > Food Items > Candy & Chocolate	Birthdays > Candyland Apparel > Father's Day
150837		Candyland Beanie – NEW!	A Minnesota Tradition, Candyland! Serving everyone’s favorite sweets since 1932! Wear this new, stylish, winter beanie with the new Candyland Patch!	https://candylandstore.com/shop/candyland-beanie-new/	https://candylandstore.com/wp-content/uploads/2024/12/BeanieHat-scaled.jpeg	in_stock	20.00 USD		Candyland	new	no	Food, Beverages & Tobacco > Food Items > Candy & Chocolate	Birthdays > Candyland Apparel > Christmas
3267		CANDYLAND In The Twin Cities	CANDYLAND In The Twin Cities	https://candylandstore.com/shop/candyland-twin-cities/	https://candylandstore.com/wp-content/uploads/2016/09/Screen-Shot-2016-09-19-at-11.18.58-AM.png	in_stock	20.00 USD		Candyland	new	no	Food, Beverages & Tobacco > Food Items > Candy & Chocolate	Birthdays > Candyland Book > Christmas
15994		Candyland Popcorn Scoop	Scoop your Chicago Mix in style! Adding a custom Candyland Scoop for any of your Popcorn needs is a sweet upgrade to make your event run smoothly & with style!	https://candylandstore.com/shop/candyland-popcorn-scoop/	https://candylandstore.com/wp-content/uploads/2019/01/scoops--scaled.jpg	in_stock	4.95 USD		Candyland	new	no	Food, Beverages & Tobacco > Food Items > Candy & Chocolate	2 gallon Popcorn Tins > 3.5 Gallon Popcorn Tins > 6.5 Gallon Popcorn Tins
51336		Candyland x Hippy Feet Socks	SMALL SIZE Mens: 4-7 1/2 Womens: 5 1/2-9 LARGE SIZE Mens: 8-14 Womens: 9 1/2+	https://candylandstore.com/shop/candyland-socks-by-hippyfeet/	https://candylandstore.com/wp-content/uploads/2020/06/Candyland-x-Hippy-feet.jpg	in_stock	20.00 USD		Candyland	new	no	Food, Beverages & Tobacco > Food Items > Candy & Chocolate	Birthdays > Candyland Apparel > Christmas
145743		Candyland’s Candy Jar Mix	Get in the mix with Butterscotch Discs, Fruit Pinwheels, Strawberry Bonbons, Orange Slices, golden Honey Drops, Starlight Mint Kisses, Sour fruit Balls, Root Beer Barrels, Root Beer Float, Sizzling Cinnamon, Butter Toffee, Chocolate Mint, and Filled fruit bursts. Please note that some candies may be limited due to being out of stock. Hard candy	https://candylandstore.com/shop/candylands-candy-jar-mix-hard-candy/	https://candylandstore.com/wp-content/uploads/2024/01/Candy-jar-mix-2026.jpg	in_stock	6.00 USD		Candyland	new	no	Food, Beverages & Tobacco > Food Items > Candy & Chocolate	Birthdays > Candy > Corporate Events
148955		Candyland’s Trio Pack (12 pack)	Package Contains: 6 – 4oz Chicago Mix® Pouch Bags 3 – 4oz Old Fashioned Cheese Popcorn Pouch Bags 3 – 8oz Sea-Salt Caramel Corn Pouch Bags	https://candylandstore.com/shop/8oz-chicago-mix-pouch-bags-12-pack/	https://candylandstore.com/wp-content/uploads/2024/07/12.jpg	in_stock	56.00 USD		Candyland	new	no	Food, Beverages & Tobacco > Food Items > Candy & Chocolate	Bagged Popcorn > Bagged Popcorn - Corporate > Chicago Mix
90150		Candyland’s “This & That” Bar	Our peanut butter fudge, atop is a layer of peanuts and our housemade caramel, submerged in your choice of chocolate. The Best.	https://candylandstore.com/shop/candylands-this-that-bar/	https://candylandstore.com/wp-content/uploads/2021/08/DSC_0085.jpg	in_stock	25.99 USD		Candyland	new	no	Food, Beverages & Tobacco > Food Items > Candy & Chocolate	Chocolate Covered > Chocolate with Caramel > Dark Chocolate
3307		Caramel Popcorn	It’s one of the most original recipes for Caramel Corn around! Large kernels of fresh air-popped popcorn tumbled in a copper kettle with the most amazing brown sugar and butter combination, cooled to perfection into a deep, sweet, crispy Caramel Corn. NUTRITION INFORMATION:	https://candylandstore.com/shop/caramel-popcorn/	https://candylandstore.com/wp-content/uploads/2016/09/Caramel-Corn-.jpg	in_stock	11.00 USD		Candyland	new	no	Food, Beverages & Tobacco > Food Items > Candy & Chocolate	Bagged Popcorn
7312		Caramel Swirl Taffy	Taffy is a GLUTEN & PEANUT FREE product.	https://candylandstore.com/shop/caramel-swirl-taffy/	https://candylandstore.com/wp-content/uploads/2017/05/CaramelSwirl.png	in_stock	10.99 USD		Candyland	new	no	Food, Beverages & Tobacco > Food Items > Candy & Chocolate	Candy > Salt Water Taffy
3069		Caramellow	Cara-mello, Car-mello, Carmall… how ever its pronounced its irrelevant because this luscious marshmallow dipped in our House made Caramel, then drenched in Rich Milk Chocolate (Obviously with a cherry on top) is going to steal your heart at first bite!	https://candylandstore.com/shop/caramellow/	https://candylandstore.com/wp-content/uploads/2016/06/CandyLand_20030610_0124-1.jpg	in_stock	25.99 USD		Candyland	new	no	Food, Beverages & Tobacco > Food Items > Candy & Chocolate	Chocolate Covered > Chocolate with Caramel > Fine Chocolates
4354		Cashew Clusters	just the perfect combination of Chocolate & Salted, Roasted Cashews blended together to make the most simple, yet amazing cluster!	https://candylandstore.com/shop/cashew-clusters/	https://candylandstore.com/wp-content/uploads/2016/06/CandyLand_20030610_0122-1.jpg	in_stock	25.99 USD		Candyland	new	no	Food, Beverages & Tobacco > Food Items > Candy & Chocolate	Clusters > Fine Chocolates
3065		Cashew Snappers	Cashew Snappers	https://candylandstore.com/shop/cashew-snappers/	https://candylandstore.com/wp-content/uploads/2016/06/CandyLand_20030610_0110-1-e1472487964192.jpg	in_stock	25.99 USD		Candyland	new	no	Food, Beverages & Tobacco > Food Items > Candy & Chocolate	Chocolate Covered > Chocolate with Caramel > Fine Chocolates
78074		Cheese Popcorn	Large kernels of fresh popcorn, totally encompassed in a rich delicious deep golden cheddar cheese NUTRITION INFORMATION: Ingredients: Popcorn, Cheddar Cheese {Vegetable Oils (Soybean Oil, Palm Oil), Dehydrated Cheese Blend [Cheddar Cheese (Pasteurized Milk, Cheese Culture, Salt Enzymes), Cream, Salt, Sodium Phosphate, Yellow 5, Lactic Acid, Yellow 6]. Contains 2% or less of Soy Lecithin. Contains: Milk, Soy.}, Peanut Oil, Salt.	https://candylandstore.com/shop/cheese-popcorn-2/	https://candylandstore.com/wp-content/uploads/2016/09/cheese-Corn-1.jpg	in_stock	13.25 USD		Candyland	new	no	Food, Beverages & Tobacco > Food Items > Candy & Chocolate	Bagged Popcorn
3245		Chicago Mix®	Chicago Mix® is a federally registered trademark belonging to Candyland, Inc.	https://candylandstore.com/shop/chicago-mix%ef%b8%8f/	https://candylandstore.com/wp-content/uploads/2016/09/chicago-Mix®-1.jpg	in_stock	11.00 USD		Candyland	new	no	Food, Beverages & Tobacco > Food Items > Candy & Chocolate	Bagged Popcorn > Chicago Mix
145575		Chicago Mix® T-shirt – NEW	Available in a variety of sizes ranging from Youth Small to Adult 2XL	https://candylandstore.com/shop/new-chicago-mix-t-shirt/	https://candylandstore.com/wp-content/uploads/2024/01/5.jpg	in_stock	23.00 USD		Candyland	new	no	Food, Beverages & Tobacco > Food Items > Candy & Chocolate	Birthdays > Candyland Apparel > Mother’s Day
142310		Chickadee with Mitten- Nut Tin	NUT TINS PROUDLY MADE IN USA	https://candylandstore.com/shop/festive-cactus-nut-tin-new/	https://candylandstore.com/wp-content/uploads/2023/09/chick-with-mit.jpg	in_stock	21.00 USD		Candyland	new	no	Food, Beverages & Tobacco > Food Items > Candy & Chocolate	Christmas > Christmas Sweets & Treats > Corporate Events
154887		Chili Mango Salt Water Taffy	This unusual flavor gives you a combination of the sweet taste of mango with a spicy kick that will keep you coming back for more… Ingredients : CORN SYRUP, SUGAR, COCONUT OIL, SEA SALT, CHILI POWDER, EGG WHITES, MALIC ACID, CAYENNE PEPPER, EVAPORATED MILK, SUNFLOWER LECITHIN, TITANIUM DIOXIDE|NATURAL FLAVOR, ARTIFICIAL COLORS (INCLUDING FD&C BLUE 1, YELLOW 5, YELLOW 6)	https://candylandstore.com/shop/chili-mango-salt-water-taffy/	https://candylandstore.com/wp-content/uploads/2025/08/5-scaled.jpg	in_stock	6.50 USD		Candyland	new	no	Food, Beverages & Tobacco > Food Items > Candy & Chocolate	Birthdays > Candy > Halloween
979		Chippo’s	Milk chocolate covered potato chips! Sweet and salty at the same time. A delightful lightly salted crunch with a a smooth milk chocolate coat and delicious finish.	https://candylandstore.com/shop/chippos/	https://candylandstore.com/wp-content/uploads/2016/06/CandyLand_20030610_0118-1-e1472488090449.jpg	in_stock	25.99 USD		Candyland	new	no	Food, Beverages & Tobacco > Food Items > Candy & Chocolate	Chocolate Covered > Fine Chocolates
84799		Chocolate & Mint Cookie Bites	Chocolate & Mint Cookie Bites	https://candylandstore.com/shop/chocolate-mint-cookie-bites/	https://candylandstore.com/wp-content/uploads/2021/04/Untitled-design-22.png	in_stock	15.99 USD		Candyland	new	no	Food, Beverages & Tobacco > Food Items > Candy & Chocolate	Birthdays > Bulk Chocolate > Christmas
146704		Chocolate Covered Almonds (Milk or Dark)	Dark Chocolate Almonds : The bitter crunch of a dark chocolate-coated almond is a healthy and delicious snack. It’s perfect sustenance to take on an afternoon in the city, while wandering a park or down a high street. Milk Chocolate Almonds : Milk Chocolate Covered Almonds are a classic treat. A thick layer of smooth milk chocolate melts in your mouth and leaves you with a sweet, crunchy almond.	https://candylandstore.com/shop/chocolate-covered-almonds-milk-or-dark/	https://candylandstore.com/wp-content/uploads/2016/08/DSC_0986.jpg	in_stock	9.00 USD		Candyland	new	no	Food, Beverages & Tobacco > Food Items > Candy & Chocolate	Birthdays > Bulk Chocolate > Christmas
974		Chocolate Covered Caramels (Milk & Dark)	Milk Chocolate Caramels : Nothing is more luxurious than sweet and sticky caramel coated in creamy milk chocolate. These sweet squares come with a thin dark chocolate drizzle over the top, and are delicious reward at the end of any day. Dark Chocolate Caramels : That first bite into a Dark Chocolate Caramel breaks the chocolate coating and lets you sink your teeth into rich vanilla caramel. Soak it all in and enjoy the harmony between the two flavors and the sticky sweetness of it all.	https://candylandstore.com/shop/chocolate-covered-caramel/	https://candylandstore.com/wp-content/uploads/2016/06/CandyLand_20030610_0131-1.jpg	in_stock	25.99 USD		Candyland	new	no	Food, Beverages & Tobacco > Food Items > Candy & Chocolate	Chocolate Covered > Chocolate with Caramel > Dark Chocolate
146740		Chocolate Covered Expresso Beans (Milk or Dark)	Dark Chocolate Espresso Beans : Enjoy the bitter crunch of an espresso bean enveloped in a rich layer of dark chocolate. The satisfying bite of each piece will linger in your mouth and leave a warm, luxurious feeling behind. Milk Chocolate Espresso Beans : The crunch and bitterness of an espresso bean is countered by a thick layer of smooth, rich milk chocolate in these little confections. Perfectly balanced and perfectly suited to an extra special espresso-flavored treat for the coffee lover in your life!	https://candylandstore.com/shop/chocolate-covered-expresso-beans-milk-or-dark/	https://candylandstore.com/wp-content/uploads/2016/08/DSC_0984.jpg	in_stock	9.00 USD		Candyland	new	no	Food, Beverages & Tobacco > Food Items > Candy & Chocolate	Birthdays > Bulk Chocolate > Christmas
1313		Chocolate Covered Graham Crackers	These bite sized bounties and a campfire favorite. Experience the craved texture of a thin layer of chocolate melt in your mouth and slowly uncover a sweet graham cracker crunch.	https://candylandstore.com/shop/chocolate-covered-graham-crackers/	https://candylandstore.com/wp-content/uploads/2016/08/Candyland-Web-83.jpg	in_stock	15.99 USD		Candyland	new	no	Food, Beverages & Tobacco > Food Items > Candy & Chocolate	Additional Sweets & Treats > Candy > Fine Chocolates
146638		Chocolate Covered Gummi Bears	Everyone loves gummi bears, and everyone loves chocolate. When you put them together, it only gets better! The sweet chocolate balances with the tartness of multi-flavored gummies, and each bite lets you sink your teeth into a unique flavor combination. Chocolate-covered orange, strawberry-banana, cherry, strawberry, marshmallow and apricot. Ingredients: Gummi Bears (corn syrup, sugar, water, gelatin, citric acid, natural and artificial flavor, vegetable oil [coconut, canola], and carnauba leaf wax [to prevent sticking], FD&C red 40, yellow 6, yellow 5, titanium dioxide [color]), Milk Chocolate (sugar, milk, cocoa butter, chocolate liquor, soy lecithin, natural flavor), Powdered Sugar (sugar, cornstarch). Contains: Milk and Soy.	https://candylandstore.com/shop/chocolate-covered-gummi-bears-2/	https://candylandstore.com/wp-content/uploads/2016/08/chocolate-gummies.jpg	in_stock	9.00 USD		Candyland	new	no	Food, Beverages & Tobacco > Food Items > Candy & Chocolate	Birthdays > Bulk Chocolate > Christmas
5045		Chocolate Covered Oreos	Hmm, What can make the Classic Oreo(R) even better?! Dipping them in Luxurious Milk Chocolate, Rich & Decadent Dark Chocolate or Indulgent White Chocolate, YES!	https://candylandstore.com/shop/chocolate-covered-oreos/	https://candylandstore.com/wp-content/uploads/2016/06/CandyLand_20030610_0119.jpg	in_stock	25.99 USD		Candyland	new	no	Food, Beverages & Tobacco > Food Items > Candy & Chocolate	Fine Chocolates > More Fine Chocolate
141646		Chocolate Covered Peanut Butter Gram	Milk Chocolate-smothered graham crackers sandwiched between a dollop of creamy peanut butter, dipped once again in milk chocolate, topped with a dash of sea salt.	https://candylandstore.com/shop/chocolate-covered-peanut-butter-grams/	https://candylandstore.com/wp-content/uploads/2023/06/PB-grams.png	in_stock	3.75 USD		Candyland	new	no	Food, Beverages & Tobacco > Food Items > Candy & Chocolate	Chocolate Covered > Christmas Sweets & Treats > Fine Chocolates
146775		Chocolate Covered Peanuts (Milk or Dark)	Dark Chocolate Peanuts : Enjoy the healthy mixture that comes from a bite of a Dark Chocolate Peanut. The sweet nutty taste of a peanut and the rich taste of gourmet dark chocolate complement each other perfectly. Milk Chocolate Peanuts : Crunch your way through a handful of these to enjoy the perfectly proportioned combination of salty and sweet. Try these salty and nutty peanuts enveloped in two layers of sweet milk chocolate.	https://candylandstore.com/shop/chocolate-covered-peanuts-milk-dark/	https://candylandstore.com/wp-content/uploads/2016/08/DSC_0988.jpeg	in_stock	9.00 USD		Candyland	new	no	Food, Beverages & Tobacco > Food Items > Candy & Chocolate	Birthdays > Bulk Chocolate > Christmas
971		Chocolate Covered Pretzels	Milk Chocolate: Enjoy the salty crunch of a pretzel mixed with a sweet coating of milk chocolate. A classic combination and a delicious snack! Dark Chocolate: A crumbly pretzel, evenly salted and perfectly baked, blends smoothly with rich dark chocolate in our Dark Chocolate Pretzels. These are the perfect size snack to enjoy as a dessert, or just to munch on for a pick-me-up at work. White Chocolate : White chocolate adds a lot of smooth and sweet flavor to a pretzel in our White Chocolate Coated Pretzels. A sharp crunch with a smooth finish makes for a perfect treat Milk Chocolate Covered with Toffee Pretzels : Although these are a crunchy treat, the toffee gives these Toffee Pretzels almost a soft bite. The sweet and chewy treats are coated with milk chocolate and toffee bits that surround a salty pretzel. Milk Chocolate Covered with M&Ms™: These pretzels are best described as decadent. The crunch of a salty pretzel, the smooth chocolate, the satisfying bite of Mini M&Ms™: you deserve something as sweet as this!	https://candylandstore.com/shop/chocolate-covered-pretzels/	https://candylandstore.com/wp-content/uploads/2016/06/CandyLand_20030610_0126-1.jpg	in_stock	25.99 USD		Candyland	new	no	Food, Beverages & Tobacco > Food Items > Candy & Chocolate	Fine Chocolates > More Fine Chocolate
146810		Chocolate Covered Raisins (Milk or Dark)	Dark Chocolate : For a healthy combination of chocolate and fruit, Dark Chocolate Raisins can provide just the light texture and satisfying chocolate you need to ease your temptation. As the hardened chocolate gives way to the soft raisin, you will surely be pleased. Milk Chocolate : If you like your milk chocolate to have a slightly fruity tone, then Milk Chocolate Raisins are perfect for you. With a satisfying texture and familiar taste, it’s easy to find yourself drawn to these.	https://candylandstore.com/shop/chocolate-covered-raisins-milk-or-dark/	https://candylandstore.com/wp-content/uploads/2016/08/DSC_0987.jpg	in_stock	9.00 USD		Candyland	new	no	Food, Beverages & Tobacco > Food Items > Candy & Chocolate	Birthdays > Bulk Chocolate > Christmas
3056		Chocolate Fudge (Plain or With Walnuts)	Chocolate Fudge (Plain or With Walnuts)	https://candylandstore.com/shop/chocolate-fudge/	https://candylandstore.com/wp-content/uploads/2016/06/CandyLand_20030610_0128-1.jpg	in_stock	15.99 USD		Candyland	new	no	Food, Beverages & Tobacco > Food Items > Candy & Chocolate	Christmas Sweets & Treats > Father's Day > Fine Chocolates
146505		Chocolate Grahams	Tasty, Golden, graham crackers dipped in luxurious milk chocolate Ingredients: Graham Wafers (enriched wheat flour [wheat flour, niacin, reduced iron, thiamine mononitrate, riboflavin, folic acid], sugar, shortening [partially hydrogenated soybean oil], graham flour, high fructose corn syrup, cornstarch, natural vanilla flavor, baking soda, soy lecithin, salt, molasses), Milk Chocolate (sugar, milk, cocoa butter, chocolate liquor, soy lecithin, natural flavor). Contains: Milk, Soy and Wheat. Manufactured in a facility that processes Egg, Milk, Peanuts, Sesame, Soy, Tree Nuts and Wheat	https://candylandstore.com/shop/chocolate-grams-2/	https://candylandstore.com/wp-content/uploads/2016/08/Candyland-Web-83.jpg	in_stock	9.00 USD		Candyland	new	no	Food, Beverages & Tobacco > Food Items > Candy & Chocolate	Bulk Chocolate > Holidays
146649		Chocolate Rocks	A twist on the classic idea of chocolate with a candy coating. Shaped and colored like little pebbles, Chocolate Rocks are an exciting treat for the geologists in your life, and a favorite amongst children. Ingredients: Milk Chocolate (Sugar, Cocoa Butter, Cocoa Paste, Powdered Whole Milk, Lecithin, Natural Flavor), Sugar, Maltodextrin, Titanium Dioxide, Artificial Colors (Include FD&C Blue 1, Blue 2, Red 40, Yellow 5, Yellow 6), Beet Juice, Caramel, Confectioners Glaze, Carnauba Wax. Peanut Free, Tree Nut Free, Non-GMO, Kosher	https://candylandstore.com/shop/chocolate-rocks-2/	https://candylandstore.com/wp-content/uploads/2016/08/Candyland-Web-46.jpg	in_stock	9.00 USD		Candyland	new	no	Food, Beverages & Tobacco > Food Items > Candy & Chocolate	Birthdays > Bulk Chocolate > Christmas
4419		Chocolate Rose	semi-solid molded milk chocolate rose is covered in bight red foil, nestled in silk leaves atop a graceful 14 inch green stem. And of course there are no thorns on these chocolate roses! The perfect “I love you” gift.	https://candylandstore.com/shop/chocolate-roses/	https://candylandstore.com/wp-content/uploads/2016/09/Chocolate-Roses.jpg	in_stock	4.95 USD		Candyland	new	no	Food, Beverages & Tobacco > Food Items > Candy & Chocolate	Additional Sweets & Treats > Candy > Holidays
146616		Chocolate Stars	Let these astronomical chunks melt away on your tongue, sending a cascade of milky chocolate through your senses. The ridged texture contrasts the smooth, creamy chocolate. Ingredients : Sugar, Cocoa Butter, Milk, Chocolate Liquor, Soy Lecithin, and Vanillin (an artificial flavoring). Contains: Milk and Soy.	https://candylandstore.com/shop/chocolate-stars-2/	https://candylandstore.com/wp-content/uploads/2016/08/DSC_0993.jpg	in_stock	9.00 USD		Candyland	new	no	Food, Beverages & Tobacco > Food Items > Candy & Chocolate	Bulk Chocolate > Christmas > Holidays
155654		Christmas At Lamplight – Nut Tin	NUT TINS PROUDLY MADE IN USA	https://candylandstore.com/shop/christmas-at-lamplight-nut-tin/	https://candylandstore.com/wp-content/uploads/2025/11/LAMPLIGHT-CHRISTMAS.jpg	in_stock	21.00 USD		Candyland	new	no	Food, Beverages & Tobacco > Food Items > Candy & Chocolate	Christmas > Christmas Sweets & Treats > Corporate Events
145923		Cinnamon Bears	These bears are full of cinnamon flavor. Before you even take a bite, the smell wafts towards you and dares you to try them in all their spicy glory.	https://candylandstore.com/shop/cinnamon-bears/	https://candylandstore.com/wp-content/uploads/2016/06/DSC_0023.jpg	in_stock	6.00 USD		Candyland	new	no	Food, Beverages & Tobacco > Food Items > Candy & Chocolate	Candy > Father's Day > Holidays
146351		Cinnamon Toffee Almonds	These almonds are an autumn classic. With rich cinnamon flavor, you’ll find yourself crunching away on these and thinking back to crunching leaves and crisp air. Ingredients: Sugar, Almonds, Cinnamon, Salt, Butter.	https://candylandstore.com/shop/cinnamon-toffee-almonds/	https://candylandstore.com/wp-content/uploads/2016/08/cinnamon-toffee-almonds-.jpg	in_stock	8.50 USD		Candyland	new	no	Food, Beverages & Tobacco > Food Items > Candy & Chocolate	All Nuts > Candied Nuts > Candy
154405		Classic Licorice Swirl	Classic Licorice Swirl	https://candylandstore.com/shop/classic-licorice-swirl/	https://candylandstore.com/wp-content/uploads/2017/04/blackLicorice.png	in_stock	6.50 USD		Candyland	new	no	Food, Beverages & Tobacco > Food Items > Candy & Chocolate	Birthdays > Candy > Holidays
54336		Classic Snack Pack	The Perfect gift or A simple snack for you! Send them this delicious pack full of Candyland’s CLASSIC FLAVORS of popcorn that started in 1932! Perfect for Birthdays, Employee incentives, Get Well, Anniversaries & Thank you gifts. This pack includes three of our original 88+ year recipes Our Classic Caramel corn, Cheese, and seasoned popcorn (Peanut oil, salt) With these three classics blended, we created the Famous Chicago Mix®	https://candylandstore.com/shop/classic-snack-pack/	https://candylandstore.com/wp-content/uploads/2020/08/snack-pack-.jpg	in_stock	29.95 USD		Candyland	new	no	Food, Beverages & Tobacco > Food Items > Candy & Chocolate	Bagged Popcorn - Corporate > Birthdays > Chicago Mix
3071		Coconut Bon-Bon	Coconut Bon-Bon	https://candylandstore.com/shop/coconut-bon-bon/	https://candylandstore.com/wp-content/uploads/2016/06/CandyLand_20030610_0132-1.jpg	in_stock	25.99 USD		Candyland	new	no	Food, Beverages & Tobacco > Food Items > Candy & Chocolate	Chocolate Covered > Dark Chocolate > Fine Chocolates
3074		Coconut Clusters	Coconut Clusters	https://candylandstore.com/shop/coconut-haystack/	https://candylandstore.com/wp-content/uploads/2016/06/CandyLand_20030610_0116-1-e1473299854743.jpg	in_stock	25.99 USD		Candyland	new	no	Food, Beverages & Tobacco > Food Items > Candy & Chocolate	Clusters > Dark Chocolate > Fine Chocolates
4924		Contemporary Ornaments – Nut Tins	Contemporary Ornaments – Nut Tins	https://candylandstore.com/shop/contemporary-ornaments/	https://candylandstore.com/wp-content/uploads/2016/10/Contemporary-Ornaments.jpg	in_stock	21.00 USD		Candyland	new	no	Food, Beverages & Tobacco > Food Items > Candy & Chocolate	Nut Tins > Nuts
146538		Cookie Dough Bites	The best part of a chocolate chip cookie is the chocolate chip. With Cookie Dough Bites, you get a sweet, doughy center coated in chocolate. Try them with a fresh, cold glass of milk today!	https://candylandstore.com/shop/cookie-dough-bites-2/	https://candylandstore.com/wp-content/uploads/2016/08/DSC_0990.jpg	in_stock	9.00 USD		Candyland	new	no	Food, Beverages & Tobacco > Food Items > Candy & Chocolate	Bulk Chocolate > Holidays
1213		Cotton Candy Taffy	Colorful pink Cotton Candy Taffy! Who needs that sticky cotton candy when you can pop a nice and neat, chewy, cotton candy flavored, salt water taffy right in your mouth. Mmm, oh so good!	https://candylandstore.com/shop/cotton-candy-taffy/	https://candylandstore.com/wp-content/uploads/2016/07/DSC_0004.jpg	in_stock	10.99 USD		Candyland	new	no	Food, Beverages & Tobacco > Food Items > Candy & Chocolate	Candy > Salt Water Taffy
146461		Creamy Chocolate	Creamy Chocolate	https://candylandstore.com/shop/creamy-chocolate/	https://candylandstore.com/wp-content/uploads/2024/01/creamy-chocoate-taffy.jpg	in_stock	6.50 USD		Candyland	new	no	Food, Beverages & Tobacco > Food Items > Candy & Chocolate	Birthdays > Candy > Holidays
78067		Crispy Caramel Cheese Popcorn Mix	Large kernels of fresh popcorn, totally encompassed in a rich delicious deep golden cheddar cheese mixed with Classic Caramel Corn. Yum. NUTRITION INFORMATION: Ingredients: Popcorn, Cheddar Cheese {Vegetable Oils (Soybean Oil, Palm Oil), Dehydrated Cheese Blend [Cheddar Cheese (Pasteurized Milk, Cheese Culture, Salt Enzymes), Cream, Salt, Sodium Phosphate, Yellow 5, Lactic Acid, Yellow 6]. Contains 2% or less of: Soy Lecithin. Contains: Milk, Soy.}, Peanut Oil, Salt. CHEESE POPCORN IS A GLUTEN FREE PRODUCT.	https://candylandstore.com/shop/crispy-caramel-cheese-popcorn-mix/	https://candylandstore.com/wp-content/uploads/2016/09/Untitled-design-28.png	in_stock	13.25 USD		Candyland	new	no	Food, Beverages & Tobacco > Food Items > Candy & Chocolate	Bagged Popcorn
2348		Crystal Sticks	Add some color and creativity to any party or event with old fashioned Crystal Sticks! Offered in a wide variety of Colors & Flavors, Crystal sticks are sure to add that beautiful accent! Made from Pure Cane Sugar and artificial flavors.	https://candylandstore.com/shop/crystal-sticks/	https://candylandstore.com/wp-content/uploads/2016/06/CandyLand_20030529_0053-1.jpg	in_stock	2.00 USD		Candyland	new	no	Food, Beverages & Tobacco > Food Items > Candy & Chocolate	Additional Sweets & Treats > Birthdays > Candy
3641		Dark Chocolate Drizzle Caramel Corn	Looking for popcorn that screams Rich & Decadent ?! Well, you’ve found it! It all starts with our Classic Caramel Popcorn, then drizzled with only the Finest Dark Chocolate! NUTRITION INFORMATION: Ingredients: Popcorn, Brown Sugar, Corn Syrup, Butter, Bicarbonate of Soda, Dark Chocolate (Sugar, Chocolate Liquor processed with Alkali, Cocoa Butter, Butterfat {Milk}, Soy Lecithin & Vanilla). May Contain: Peanuts & Tree Nuts. CHOCOLATE DRIZZLE CARAMEL POPCORN IS A GLUTEN FREE PRODUCT.	https://candylandstore.com/shop/dark-chocolate-drizzle-caramel-popcorn/	https://candylandstore.com/wp-content/uploads/2016/09/Dark-Chocolate-drizzle-.jpg	in_stock	14.00 USD		Candyland	new	no	Food, Beverages & Tobacco > Food Items > Candy & Chocolate	Bagged Popcorn
4991		DARK Chocolate Jingle Bells	DARK Chocolate Jingle Bells	https://candylandstore.com/shop/dark-chocolate-jingle-bells/	https://candylandstore.com/wp-content/uploads/2016/10/Dark-Bells.jpg	in_stock	19.99 USD		Candyland	new	no	Food, Beverages & Tobacco > Food Items > Candy & Chocolate	Christmas > Christmas Sweets & Treats > Dark Chocolate
146693		Dark Chocolate Non-Pariels	These small discs have a minty crunch to them. Each bite releases a concoction of semi-sweet chocolate and cool, sweet mint, with small sugar beads adding a little texture. Ingredients: sugar, chocolate liquor, cocoa butter, milk fat, soy lecithin, vanilla, cornstarch, confectioner’s glaze, carnauba wax, and coloring .	https://candylandstore.com/shop/non-pariels-2/	https://candylandstore.com/wp-content/uploads/2016/08/DSC_0171.jpg	in_stock	9.00 USD		Candyland	new	no	Food, Beverages & Tobacco > Food Items > Candy & Chocolate	Birthdays > Bulk Chocolate > Christmas
2416		Dark Peppermint Patties	Bite into one of these soft discs and instantly taste cool, fresh mint. As you devour a Peppermint Patty, you’ll be met with the taste of a thing coating of dark chocolate as well as the clean taste of mint, which dance together in a soft and chewy patty.	https://candylandstore.com/shop/dark-peppermint-patties/	https://candylandstore.com/wp-content/uploads/2016/09/peppermint.jpg	in_stock	25.99 USD		Candyland	new	no	Food, Beverages & Tobacco > Food Items > Candy & Chocolate	Dark Chocolate > Fine Chocolates > More Fine Chocolate
154852		Dirty Soda Salt Water Taffy	Can’t get enough of your favorite soda shop drink? Sink your teeth into one of our newest taffy flavors, Dirty Soda Taffy ! This indulgent twist on a classic cola drink combines the caramel-y flavor of cola and adds a smooth coconut flavor with a bright hint of lime. Ingredients : CORN SYRUP, SUGAR, COCONUT OIL, SEA SALT, EGG WHITES, SAIGON CINNAMON, MALIC ACID, EVAPORATED MILK,|NATURAL AND ARTIFICIAL FLAVOR, ARTIFICIAL COLORS (INCLUDING FD&C BLUE 1, RED 40, YELLOW 5, YELLOW 6)	https://candylandstore.com/shop/dirty-soda-salt-water-taffy/	https://candylandstore.com/wp-content/uploads/2025/08/4-scaled.jpg	in_stock	6.50 USD		Candyland	new	no	Food, Beverages & Tobacco > Food Items > Candy & Chocolate	Birthdays > Candy > Halloween
149508		Double-Dipped Maple Peanuts	Perfectly roasted peanuts dipped not once but twice in a sweet maple coating. Pure deliciousness! Ingredients: Sugar, Hydrogenated Palm Kernel Oil, Peanuts, Whole Milk Solids, Whey, Nonfat Dry Milk Solids, Soy Lecithin, Salt, Artificial Colors (FD&C: Yellow #5 Lake, Yellow #6 Lake, Blue #2 Lake), Maple Syrup, Artificial Flavoring. Packaged in the same facility as peanuts, tree nuts, wheat, soy, sesame, and milk products.	https://candylandstore.com/shop/double-dipped-maple-peanuts/	https://candylandstore.com/wp-content/uploads/2024/08/2.jpg	in_stock	7.50 USD		Candyland	new	no	Food, Beverages & Tobacco > Food Items > Candy & Chocolate	Birthdays > Candied Nuts > Candy
158283		Everyday 6Pack Quart tins	Bring a little fun to gifting with this 6-pack of playful tins filled with our signature Chicago Mix® popcorn. Each tin features a fun-style design—four cheerful designs to choose from—and is packed with the irresistible combo of sweet caramel corn and savory cheese corn with the right amount of regular popcorn. Perfect for thank-you gifts, thinking-of-you surprises, office treats, parties, or sharing with a crowd, this set makes it easy to spread smiles (and popcorn).	https://candylandstore.com/shop/everyday-6pack-quart-tins/	https://candylandstore.com/wp-content/uploads/2026/01/qt-tins-filled-with-chicago-mix-scaled.jpg	in_stock	60.00 USD		Candyland	new	no	Food, Beverages & Tobacco > Food Items > Candy & Chocolate	Chicago Mix > Corporate Events > Holidays
50036		Falling Leaves – Nut Tin	NUT TINS PROUDLY MADE IN USA	https://candylandstore.com/shop/fallin-leaves-nut-tin/	https://candylandstore.com/wp-content/uploads/2020/05/falling-leaves-flat.jpg	in_stock	21.00 USD		Candyland	new	no	Food, Beverages & Tobacco > Food Items > Candy & Chocolate	Halloween > Holidays > Nut Tins
146516		Fancy Bridge Mix	This tantalizing mix combines so many different things to love. Almonds, cashews, pecans, and peanuts are all coated in either milk or dark chocolate, creating a nutty blend with both the sweetness of milk chocolate and the cocoa of dark chocolate along with malted milk balls, caramels, dried dark chocolate cherries and red velvet cherries and dark chocolate orange peels… Yum! Ingredients: Milk Chocolate (Sugar, Chocolate Liquor, Cocoa Butter, Whole Milk Powder, Anhydrous Butter Oil, Soy Lecithin [Emulsifier], Salt, Vanillin [Artificial Flavor]), Semi-Sweet Chocolate (Sugar, Chocolate Liquor, Cocoa Butter, Anhydrous Butter Oil, Soy Lecithin, Vanillin [Artificial Flavor]), Sugar, Corn Syrup, Peanuts, Brazil Nuts, Raisins, Coconut Oil, Sweetened Condensed Whole Milk (Condensed Whole Milk, Sugar), Whey, Maltodextrin, Malted Milk Powder (Malted Barley, Wheat Flour, Milk, Sodium Bicarbonate, Salt), Soy Lecithin, Malt Extract, Modified Corn Starch, Cocoa Powder, Salt, Mono & Diglycerides, Egg Whites, Natural & Artificial Flavors, Citric Acid, Invertase, Caramel Color, Red 3, Red 40, Yellow 5, Blue 1, Gum Arabic, Confectioners Glaze.	https://candylandstore.com/shop/fancy-bridge-mix-2/	https://candylandstore.com/wp-content/uploads/2021/04/DSC_0983.jpg	in_stock	9.00 USD		Candyland	new	no	Food, Beverages & Tobacco > Food Items > Candy & Chocolate	Bulk Chocolate > Father's Day > Holidays
146560		Fancy foil Milk Chocolate Stars	Unwrap one of these solid chocolate treats and take a bite — you’ll be glad you did. The chocolate will snap off and start to melt in your mouth in the smooth and creamy way that only fine chocolate can.	https://candylandstore.com/shop/milk-chocolate-foiled-stars-2/	https://candylandstore.com/wp-content/uploads/2024/01/GoldfoiledstarL.jpeg	in_stock	11.00 USD		Candyland	new	no	Food, Beverages & Tobacco > Food Items > Candy & Chocolate	Bulk Chocolate > Christmas > Holidays
147643		Fancy Foiled Dark Chocolate Eggs	Dark Chocolate Foil-Wrapped Eggs Indulge in silky, premium dark chocolate wrapped in vibrant Easter foil. These delicious chocolate eggs deliver a deep cocoa flavor with a smooth melt- in- your- mouth finish. Perfect for Easter baskets, party favors, candy buffets, or springtime snacking.	https://candylandstore.com/shop/foiled-dark-chocolate-eggs-2/	https://candylandstore.com/wp-content/uploads/2024/02/dark-chocoate-foil-eggs-2026.jpg	in_stock	11.00 USD		Candyland	new	no	Food, Beverages & Tobacco > Food Items > Candy & Chocolate	Candy > Dark Chocolate > Easter
153179		Fancy Foiled Lucky Charms	Individually wrapped Milk Chocolate pieces in fancy foils.	https://candylandstore.com/shop/foiled-milk-chocolate-lucky-charms/	https://candylandstore.com/wp-content/uploads/2025/02/Lucky-charms.jpg	in_stock	11.00 USD		Candyland	new	no	Food, Beverages & Tobacco > Food Items > Candy & Chocolate	Bulk Chocolate > Candy > Easter
147654		Fancy Foiled Milk Chocolate Eggs	Premium Milk Chocolate Easter Eggs Rich, velvety milk chocolate eggs wrapped in vibrant foil with cheerful spring patterns. Perfect for Easter baskets, gift bags, and sweet seasonal treats.	https://candylandstore.com/shop/foiled-milk-chocolate-eggs-3/	https://candylandstore.com/wp-content/uploads/2024/02/milk-chocolate-foiled-eggs.jpg	in_stock	9.50 USD		Candyland	new	no	Food, Beverages & Tobacco > Food Items > Candy & Chocolate	Candy > Easter > Fine Chocolates
4400		Fancy Foiled Wrapped Turkeys	Turkey, Cranberry Sauce, Gravy & Mashed Potatoes scream Thanksgiving! Sweeten up your holiday with 1 oz. Foil-wrapped Milk Chocolate Turkeys!	https://candylandstore.com/shop/foiled-wrapped-turkeys/	https://candylandstore.com/wp-content/uploads/2016/09/ChocolateTurkeys.jpg	in_stock	3.95 USD		Candyland	new	no	Food, Beverages & Tobacco > Food Items > Candy & Chocolate	Holidays > Thanksgiving
149385		Festive Gnomes – Nut Tin	NUT TINS PROUDLY MADE IN USA	https://candylandstore.com/shop/festive-gnomes-nut-tin/	https://candylandstore.com/wp-content/uploads/2024/07/FESTIVE-FLAT.jpg	in_stock	21.00 USD		Candyland	new	no	Food, Beverages & Tobacco > Food Items > Candy & Chocolate	Christmas > Christmas Sweets & Treats > Corporate Events
147032		Firecracker Nut Mix	Bring that Southern Flare right to you! Boom! Pow! this delicious combination has that perfect Cajun addition to an already classic mix of Peanuts, Sesame Sticks & Cheddar Sesame Sticks.	https://candylandstore.com/shop/firecracker-nut-mix/	https://candylandstore.com/wp-content/uploads/2016/08/Candyland-Web-78.jpg	in_stock	7.50 USD		Candyland	new	no	Food, Beverages & Tobacco > Food Items > Candy & Chocolate	All Nuts > Christmas > Father's Day
145833		Fizzy Zotz	These hard candies with a fizzy sour center that will bring you back to your childhood. Delightful flavors and fizz are like a party in your mouth. Flavors Include Orange, Blue Raspberry, Cherry, Watermelon, and Grape. Hard candy	https://candylandstore.com/shop/fizzy-zotz/	https://candylandstore.com/wp-content/uploads/2023/10/zotz.jpg	in_stock	6.00 USD		Candyland	new	no	Food, Beverages & Tobacco > Food Items > Candy & Chocolate	Candy > Hard Candies > Holidays
3616		Flavo Crunch	A rich buttery crunchy toffee popcorn, with almonds, cashews and pecans cooked into the recipe. NUTRITION INFORMATION: Ingredients: Popcorn, Bicarbonate of Soda, White Cane Sugar, Brown Sugar, Salt, Peanut Oil, Corn Syrup, Vanilla Extract (Vanilla Bean Extract in water & Alcohol 41%), Salted Cashews, Salted Pecans, Salted Almonds, Butter (Cream & Salt). FLAVO KRUNCH IS A GLUTEN FREE PRODUCT.	https://candylandstore.com/shop/flavo-crunch/	https://candylandstore.com/wp-content/uploads/2016/09/DSC_0956.jpg	in_stock	14.00 USD		Candyland	new	no	Food, Beverages & Tobacco > Food Items > Candy & Chocolate	Bagged Popcorn
4987		Foil Wrapped Santas	Rich, Smooth & extra delicious Solid Milk Chocolate wrapped in Santa Foil.	https://candylandstore.com/shop/foil-wrapped-santas/	https://candylandstore.com/wp-content/uploads/2016/10/Santas.jpg	in_stock	19.99 USD		Candyland	new	no	Food, Beverages & Tobacco > Food Items > Candy & Chocolate	Christmas > Christmas Sweets & Treats > Holidays
4975		Foiled Chocolate Cigars	Foiled Chocolate Cigars	https://candylandstore.com/shop/chocolate-cigars-packs/	https://candylandstore.com/wp-content/uploads/2016/10/GoldCigars24pk.jpg	in_stock	2.25 USD		Candyland	new	no	Food, Beverages & Tobacco > Food Items > Candy & Chocolate	Additional Sweets & Treats > Candy > Father's Day
147632		Foiled Solid Milk Chocolate Bunnies	Spruce up your Easter baskets with rich & delicious solid Milk Chocolate bunnies! Each piece is foiled wrapped.	https://candylandstore.com/shop/foiled-solid-milk-chocolate-bunnies-2/	https://candylandstore.com/wp-content/uploads/2024/02/fancy-foiled-bunnies.jpg	in_stock	11.00 USD		Candyland	new	no	Food, Beverages & Tobacco > Food Items > Candy & Chocolate	Candy > Easter > Fine Chocolates
146880		Foiled Sports Balls	Fun for a party for the kids. A great gift for a good sport! Give ’em some delicious chocolate balls wrapped up like sports balls. If you’re a sports fan take some to work and leave them in a dish to share with your friends. Included in the mix is a basketball, golf ball, soccer ball, baseball and football. Foil wrapped chocolate.	https://candylandstore.com/shop/foiled-sports-balls/	https://candylandstore.com/wp-content/uploads/2016/06/CandyLand_20030610_0107-1-e1471312582480.jpg	in_stock	9.00 USD		Candyland	new	no	Food, Beverages & Tobacco > Food Items > Candy & Chocolate	Birthdays > Bulk Chocolate > Father's Day
5148		Foiled Wrapped Holiday Presents	Foiled Wrapped Holiday Presents	https://candylandstore.com/shop/foiled-wrapped-presents/	https://candylandstore.com/wp-content/uploads/2016/06/CandyLand_20031118_0028-1.jpg	in_stock	19.99 USD		Candyland	new	no	Food, Beverages & Tobacco > Food Items > Candy & Chocolate	Additional Sweets & Treats > Christmas > Christmas Sweets & Treats
123336		FOREST SNOWMAN – Nut Tin	NUT TINS PROUDLY MADE IN USA	https://candylandstore.com/shop/forest-snowman-nut-tin/	https://candylandstore.com/wp-content/uploads/2022/11/forest-Snowman.jpg	in_stock	21.00 USD		Candyland	new	no	Food, Beverages & Tobacco > Food Items > Candy & Chocolate	Christmas > Christmas Sweets & Treats > Holidays
146362		French Burnt Peanuts	These little treats pack a satisfying crunch that gives way to a sweet and knotty candy coating. In the center, you’ll find a roasted peanut that perfectly complements the sweetness of the candy shell. Ingredients: Sugar, Peanuts, Corn Syrup, Less than 2% of Tapioca Dextrin, Confectioner’s Glaze, Natural and Artificial Flavors, Red # 3, Yellow #6, Red #40, Blue #2, Salt.	https://candylandstore.com/shop/french-burnt-peanuts-2/	https://candylandstore.com/wp-content/uploads/2016/07/DSC_0020.jpg	in_stock	7.00 USD		Candyland	new	no	Food, Beverages & Tobacco > Food Items > Candy & Chocolate	All Nuts > Candied Nuts > Candy
142319		Frosted Pine – Nut Tin	NUT TINS PROUDLY MADE IN USA	https://candylandstore.com/shop/frosted-pine-nut-tin-new-2/	https://candylandstore.com/wp-content/uploads/2023/09/frosted-pines.jpg	in_stock	37.50 USD		Candyland	new	no	Food, Beverages & Tobacco > Food Items > Candy & Chocolate	Christmas > Christmas Sweets & Treats > Corporate Events
159442		Fruit Burst Filled Hard Candy Mix	Crafted for true candy lovers, our fruit-filled hard candies offer a refined take on a classic treat. Each piece is carefully made with a smooth shell and a rich, fruit-infused center, delivering a sophisticated burst of flavor in every bite. Flavors like apple, pineapple, orange, and cherry, there’s a flavor for everyone to enjoy.	https://candylandstore.com/shop/fruit-burst-filled-hard-candy-mix/	https://candylandstore.com/wp-content/uploads/2026/04/1.jpg	in_stock	6.00 USD		Candyland	new	no	Food, Beverages & Tobacco > Food Items > Candy & Chocolate	Candy > Hard Candies > Holidays
147021		Fruit N’ Nut Power Mix	Discover the perfect combination of premium nuts, dried fruits, banana chips, and crunchy seeds in one delicious mix. Packed with flavor, texture, and wholesome goodness, this customer favorite is ideal for busy days, outdoor adventures, or a guilt-free treat whenever cravings hit.	https://candylandstore.com/shop/fruit-n-nut-mix-2/	https://candylandstore.com/wp-content/uploads/2024/01/power-mix.jpg	in_stock	6.00 USD		Candyland	new	no	Food, Beverages & Tobacco > Food Items > Candy & Chocolate	All Nuts > Christmas > Holidays
146127		Fruit Slices	Another hard to find candy our Fruit Slices are available to you in only an assortment of flavors including cherry, orange, watermelon, lime, Blue Raspberry, and lemon and sometimes you can receive surprise flavors.	https://candylandstore.com/shop/fruit-slices-2/	https://candylandstore.com/wp-content/uploads/2016/06/CandyLand_20030514_0144.jpg	in_stock	6.50 USD		Candyland	new	no	Food, Beverages & Tobacco > Food Items > Candy & Chocolate	Candy > Holidays > Jelly Candies
1127		Fruit Slices Cuties	Decorate this spring with a bowl of these Fruit Cuties that come in five delicious flavors of lemon, lime, cherry, blueberry, and orange. Each piece is approximately 1 inch by 1 inch by 1/4 of an inch thick. Chewy jelly candy covered with sparkling crystal sugar.	https://candylandstore.com/shop/fruit-slices-cuties/	https://candylandstore.com/wp-content/uploads/2016/08/Candyland-Web-44.jpg	in_stock	10.99 USD		Candyland	new	no	Food, Beverages & Tobacco > Food Items > Candy & Chocolate	Candy > Jelly Candies
153907		Fruit Slices Cuties	Ingredients: Pure cane sugar, glucose, agar, citric acid, canola oil, natural and artificial flavors, artificial colors (red #40, blue #1, yellow #5 and #6).	https://candylandstore.com/shop/fruit-slices-cuties-2/	https://candylandstore.com/wp-content/uploads/2016/06/CandyLand_20030514_0144.jpg	in_stock	6.50 USD		Candyland	new	no	Food, Beverages & Tobacco > Food Items > Candy & Chocolate	Candy > Holidays > Jelly Candies
134850		Galactica Jaw Breakers	Do you think you can fit this in your mouth?! Do not try!, this Pool Ball sized candy is sure to keep you busy for quite some time. along with other various sizes. Sunburst-Yellow, Outrageous-Orange, Precise-Blue, Snow Mountain-White, Incredible Green, and Raving Red. *** colors may vary with availability	https://candylandstore.com/shop/galactica-jaw-breakers/	https://candylandstore.com/wp-content/uploads/2023/02/JAWBREAKERS.png	in_stock	0.75 USD		Candyland	new	no	Food, Beverages & Tobacco > Food Items > Candy & Chocolate	Candy > Jawbreakers
159622		Garden Gnome – Nut Tin	NUT TINS PROUDLY MADE IN USA	https://candylandstore.com/shop/garden-gnome-nut-tin/	https://candylandstore.com/wp-content/uploads/2026/04/garden-gmone.jpg	in_stock	21.00 USD		Candyland	new	no	Food, Beverages & Tobacco > Food Items > Candy & Chocolate	Corporate Events > Easter > Holidays
41276		Giant Gummi Rattlesnakes	Over 2′ Long! This multicolored, slippery gummi snake is soft and chewy, and ever so yummy. This BIG gummi snake is packed with big juicy fruity flavors including Blue Raspberry, Lemon & Cherry! Ingredients : Corn Syrup (From Corn), Sugar (From Beets), Water, Gelatin, Citric Acid, Natural & Artificial Flavors, Pectin (Derived from Fruit), Vegetable Oil (Palm0 and Carnauba Leaf Wax (To Prevent Sticking), Titanium Dioxide (Color), FD&C Yellow 5, Blue 1, Red 40.	https://candylandstore.com/shop/giant-gummi-rattlesnakes/	https://candylandstore.com/wp-content/uploads/2020/04/IMG_1885.jpg	in_stock	3.00 USD		Candyland	new	no	Food, Beverages & Tobacco > Food Items > Candy & Chocolate	Candy > Gummis > Halloween
3271		Gift Card	Select a gift card for yourself or a friend, today! Works In-Store and Online!	https://candylandstore.com/shop/gift-card/	https://candylandstore.com/wp-content/uploads/2016/09/gift-card-pic-scaled.jpg	in_stock	10.00 USD		Candyland	new	no	Food, Beverages & Tobacco > Food Items > Candy & Chocolate	Birthdays > Christmas > Christmas Sweets & Treats
142337		Gilded Forest – Nut Tin	NUT TINS PROUDLY MADE IN USA	https://candylandstore.com/shop/gilded-forest-nut-tin-2/	https://candylandstore.com/wp-content/uploads/2023/09/gilded-forest.jpg	in_stock	21.00 USD		Candyland	new	no	Food, Beverages & Tobacco > Food Items > Candy & Chocolate	Christmas > Christmas Sweets & Treats > Corporate Events
146594		Gold Foiled Milk Chocolate Coins	With a bright and shiny foiling un-wrap a piece of smooth chocolate. The foiling is an authentic 1852 coin design.	https://candylandstore.com/shop/gold-foiled-milk-chocolate-coins/	https://candylandstore.com/wp-content/uploads/2016/09/Screen-Shot-2016-09-16-at-8.21.09-AM.png	in_stock	11.00 USD		Candyland	new	no	Food, Beverages & Tobacco > Food Items > Candy & Chocolate	Birthdays > Bulk Chocolate > Christmas
159480		Golden Honey Drops	Smooth, sweet, and naturally comforting—our Golden Honey Drops are a timeless treat. Each golden candy delivers the rich, mellow flavor of honey with a silky, slow-melting finish that soothes and satisfies. Perfect for a simple indulgence or a cozy pick-me-up anytime.	https://candylandstore.com/shop/golden-honey-drops/	https://candylandstore.com/wp-content/uploads/2026/04/4.jpg	in_stock	6.00 USD		Candyland	new	no	Food, Beverages & Tobacco > Food Items > Candy & Chocolate	Candy > Hard Candies > Holidays
37974		Golden Thank You – Nut Tin	TINS PROUDLY MADE IN USA	https://candylandstore.com/shop/golden-thank-you-1-lb-nut-tin/	https://candylandstore.com/wp-content/uploads/2020/04/2cgty__02544.1504637697.jpg	in_stock	21.00 USD		Candyland	new	no	Food, Beverages & Tobacco > Food Items > Candy & Chocolate	Nut Tins > Nuts > Tins - Corporate
146138		Gourmet Jelly Beans	A handful of these little beans is an adventure to eat. With 49 flavors, each bean presents something new to your palate. Eat them all together and create a new flavor, or try them on their own and get to know flavors like Coconut, Lemon, Chocolate, Coffee, Grape, and Toasted Marshmallow.	https://candylandstore.com/shop/gourmet-jelly-beans-2/	https://candylandstore.com/wp-content/uploads/2016/06/CandyLand_20030514_0143.jpg	in_stock	8.50 USD		Candyland	new	no	Food, Beverages & Tobacco > Food Items > Candy & Chocolate	Candy > Easter > Father's Day
159458		Granny’s Sweet Hard Candy Mix	Take a sweet trip down memory lane with Sweet Granny’s Candy Mix . This cheerful assortment of classic hard candies is filled with bright fruity flavors, cool mints, and timeless favorites—just like the treats you’d find in Grandma’s candy dish. Perfect for sharing, gifting, or keeping all to yourself, every handful is a little taste of nostalgia. Includes Strawberry Bonbons, Butterscotch, Cinnamon Discs, and Starlight Mints.	https://candylandstore.com/shop/grannys-sweet-hard-candy-mix/	https://candylandstore.com/wp-content/uploads/2026/04/2.jpg	in_stock	6.00 USD		Candyland	new	no	Food, Beverages & Tobacco > Food Items > Candy & Chocolate	Candy > Hard Candies > Holidays
145610		Gummi Assorted Sharks	Sweet fruity flavors in every soft chewy gummi, every bite is sure to attack your taste buds.	https://candylandstore.com/shop/gummi-assorted-sharks/	https://candylandstore.com/wp-content/uploads/2021/06/Watercolor-Marble-Happy-Christmas-Tree-Illustration-Canvas-14.png	in_stock	6.00 USD		Candyland	new	no	Food, Beverages & Tobacco > Food Items > Candy & Chocolate	Candy > Gummis
145525		Gummi Bears	There is a surprising amount of fun to be had in eating these little creatures. Bright, soft, chewy, sweet, and even a little tart, every mouthful is an adventure. These Assorted Fruit Gummi Bears feature your favorite Gummi Bears in some fan-favorite flavors including Cherry, Strawberry, Green Apple, Pineapple, Lemon, and Orange.	https://candylandstore.com/shop/gummi-bears-copy/	https://candylandstore.com/wp-content/uploads/2016/06/Watercolor-Marble-Happy-Christmas-Tree-Illustration-Canvas-15.png	in_stock	6.00 USD		Candyland	new	no	Food, Beverages & Tobacco > Food Items > Candy & Chocolate	Candy > Gummis
145550		Gummi Bunny Hoppers	Forget about bears this Easter (wait not really). It’s all about the bunny this Easter! Enjoy Gummi Albunnies in Mango, Strawberry, Blue Raspberry, Green Apple, Cherry, and grape.	https://candylandstore.com/shop/gummi-bunny-hoppers/	https://candylandstore.com/wp-content/uploads/2024/01/hoppers-.jpg	in_stock	6.00 USD		Candyland	new	no	Food, Beverages & Tobacco > Food Items > Candy & Chocolate	Candy > Gummis
145599		Gummi Butterflies	These are bright, beautiful & sweet! What more could you want? Enjoy these Gummi Butterflies in Grape, Strawberry, Orange, Blue Raspberry, Cherry, and Green Apple flavors. Hold on tight because they will fly away! INGREDIENTS: Corn Syrup (From Corn), Sugar (From Beets), Water, Gelatin, Citric Acid, Natural and Artificial Flavors, Pectin (Derived from Fruits), Vegetable Oil (Coconut, Canola), and Carnauba Leaf Wax, (To prevent sticking), FD&C Yellow 5, FD&C Red 40, FD&C Yellow 6, FD&C Blue 1.	https://candylandstore.com/shop/gummi-butterflies-large/	https://candylandstore.com/wp-content/uploads/2022/06/gummie-butterflies-large.png	in_stock	6.00 USD		Candyland	new	no	Food, Beverages & Tobacco > Food Items > Candy & Chocolate	Candy > Easter > Gummis
153094		Gummi Carrots	Sweet fruity flavors in every soft chewy gummi, every bite is sure to attack your taste buds.	https://candylandstore.com/shop/gummi-carrots-2/	https://candylandstore.com/wp-content/uploads/2020/03/DSC_0840-2.jpg	in_stock	6.00 USD		Candyland	new	no	Food, Beverages & Tobacco > Food Items > Candy & Chocolate	Candy > Easter > Gummis
145732		Gummi Cubs	The smaller cousins of classic Gummy Bears, Gummy Cubs are tiny but sweet. Sink your teeth into one of thirteen flavors of Cubs and enjoy the tangy flavor that comes along. Bubblegum, cherry, strawberry, orange, lemon, piña colada, green apple, lime, blue raspberry, or blueberry is sure to hit the spot for all to enjoy!	https://candylandstore.com/shop/gummi-cubs/	https://candylandstore.com/wp-content/uploads/2016/08/Candyland-Web-49.jpg	in_stock	6.00 USD		Candyland	new	no	Food, Beverages & Tobacco > Food Items > Candy & Chocolate	Candy > Gummis
145721		Gummi Frogs	Not your typical Frog Legs…Gummi Frogs begin with a nice tangy zing and finish with a classic Sweet gummy fruity flavor!	https://candylandstore.com/shop/gummi-frogs-2/	https://candylandstore.com/wp-content/uploads/2016/08/Candyland-Web-48.jpg	in_stock	6.00 USD		Candyland	new	no	Food, Beverages & Tobacco > Food Items > Candy & Chocolate	Candy > Gummis
145643		Gummi Missing Body Parts	These gummi parts are known to attract the hungriest of Zombies. Devour these tasty gummies while creeping out your friends and family. The perfect Halloween party snack.	https://candylandstore.com/shop/gummi-missing-body-parts/	https://candylandstore.com/wp-content/uploads/2020/10/in·tu·i·tion-scaled.png	in_stock	6.00 USD		Candyland	new	no	Food, Beverages & Tobacco > Food Items > Candy & Chocolate	Candy > Gummis > Halloween
145621		Gummi Pizza Slices	Tiny pizza slices with colorful toppings like tomatoes, peppers, and mushrooms, but pack a bold fruity taste.	https://candylandstore.com/shop/gummi-pizza-slices/	https://candylandstore.com/wp-content/uploads/2021/01/Untitled-design-19.png	in_stock	6.00 USD		Candyland	new	no	Food, Beverages & Tobacco > Food Items > Candy & Chocolate	Candy > Gummis
145654		Gummi Skulls	A sweet, tangy treat every vampire enjoys now and then! These scary teeth feature lifelike fangs and a delicious strawberry flavor.	https://candylandstore.com/shop/gummi-skulls/	https://candylandstore.com/wp-content/uploads/2020/10/skull.jpg	in_stock	6.00 USD		Candyland	new	no	Food, Beverages & Tobacco > Food Items > Candy & Chocolate	Candy > Gummis
145688		Gummi Sour Worms	One of the sourest items in the store, Sour Gummy Worms is a pop of color and a burst of flavor. Just looking at them gets your mouth watering, and you’ll keep coming back for that fruity and tangy taste!	https://candylandstore.com/shop/gummi-sour-worms/	https://candylandstore.com/wp-content/uploads/2016/08/Candyland-Web-50.jpg	in_stock	6.00 USD		Candyland	new	no	Food, Beverages & Tobacco > Food Items > Candy & Chocolate	Candy > Gummis
145665		Gummi Sweet Peaches	Just peachy! Our Gummi Sweet Peach Rings are bursting with bright, fresh peach flavor.	https://candylandstore.com/shop/gummi-sweet-peaches/	https://candylandstore.com/wp-content/uploads/2022/01/Gummi-sweet-peaches-.png	in_stock	6.00 USD		Candyland	new	no	Food, Beverages & Tobacco > Food Items > Candy & Chocolate	Candy > Gummis
145632		Gummi Tangy Rainbow Drops	Tangy tropical fruit flavors in every soft chewy gummi mound, every bite is sure to surprise and be delicious.	https://candylandstore.com/shop/gummi-tangy-rainbow-drops/	https://candylandstore.com/wp-content/uploads/2021/05/gummi-Rainbow-drops-.png	in_stock	6.00 USD		Candyland	new	no	Food, Beverages & Tobacco > Food Items > Candy & Chocolate	Candy > Gummis
145676		Gummi Turtles	Gummi Turtle shells are filled with a sweet melt-in-your-mouth raspberry center that’s complemented with a fruit flavor body.	https://candylandstore.com/shop/gummi-turtles/	https://candylandstore.com/wp-content/uploads/2021/03/Untitled-design-18.png	in_stock	6.00 USD		Candyland	new	no	Food, Beverages & Tobacco > Food Items > Candy & Chocolate	Candy > Gummis
145584		Gummi Watermelon Bites	The perfect combo of sweet and sour, these watermelon slices will quickly become a fan favorite!	https://candylandstore.com/shop/gummi-watermelon-bites/	https://candylandstore.com/wp-content/uploads/2024/01/watermelon-bites.jpg	in_stock	6.00 USD		Candyland	new	no	Food, Beverages & Tobacco > Food Items > Candy & Chocolate	Candy > Gummis
454		Gummi Worms	Whether you eat them as part of a Dirt Dessert or by the handful alone, Gummy Worms are sweet, stretchy, fruity, and even a little tart. They are fun to play with, fun to use as decoration, and fun to eat.	https://candylandstore.com/shop/gummi-worms/	https://candylandstore.com/wp-content/uploads/2016/06/Untitled-9e.jpg	in_stock	6.00 USD		Candyland	new	no	Food, Beverages & Tobacco > Food Items > Candy & Chocolate	Candy > Gummis
155146		Half Gallon Candy Stripe	New Look Half-Gallon Without the Handle!	https://candylandstore.com/shop/half-gallon-candy-stripe/	https://candylandstore.com/wp-content/uploads/2025/09/2.jpg	in_stock	17.95 USD		Candyland	new	no	Food, Beverages & Tobacco > Food Items > Candy & Chocolate	Chicago Mix > Christmas Popcorn Tins > Half Gallon Popcorn Tins
149103		Half Gallon Classic Nutcracker	New Look Half-Gallon Without the Handle!	https://candylandstore.com/shop/half-gallon-classic-nutcracker/	https://candylandstore.com/wp-content/uploads/2024/12/2.jpg	in_stock	17.95 USD		Candyland	new	no	Food, Beverages & Tobacco > Food Items > Candy & Chocolate	Chicago Mix > Christmas Popcorn Tins > Half Gallon Popcorn Tins
49771		Half Gallon Dazzling Popcorn Tin	Half Gallon Dazzling Popcorn Tin	https://candylandstore.com/shop/half-gallon-dazzling-popcorn-tin/	https://candylandstore.com/wp-content/uploads/2020/05/White-Simple-Illustrated-Happy-Birthday-Greeting-Card-2.png	in_stock	17.95 USD		Candyland	new	no	Food, Beverages & Tobacco > Food Items > Candy & Chocolate	Christmas > Christmas Popcorn Tins > Corporate Events
154095		Half Gallon Flower Blossom	POPCORN TINS PROUDLY MADE IN THE USA	https://candylandstore.com/shop/half-gallon-flower-blossom/	https://candylandstore.com/wp-content/uploads/2025/06/flower-blossom-12g.jpg	in_stock	17.95 USD		Candyland	new	no	Food, Beverages & Tobacco > Food Items > Candy & Chocolate	Birthdays > Chicago Mix > Easter
154085		Half Gallon Fun In The Sun	POPCORN TINS PROUDLY MADE IN THE USA	https://candylandstore.com/shop/half-gallon-fun-in-the-sun/	https://candylandstore.com/wp-content/uploads/2025/09/1.jpg	in_stock	17.95 USD		Candyland	new	no	Food, Beverages & Tobacco > Food Items > Candy & Chocolate	Chicago Mix > Half Gallon Popcorn Tins > Popcorn Tins
150922		Half Gallon Let It Snow	New Look Half-Gallon Without the Handle!	https://candylandstore.com/shop/half-gallon-let-it-snow/	https://candylandstore.com/wp-content/uploads/2024/12/1.jpg	in_stock	17.95 USD		Candyland	new	no	Food, Beverages & Tobacco > Food Items > Candy & Chocolate	Chicago Mix > Christmas Popcorn Tins > Half Gallon Popcorn Tins
159301		Half Gallon Paw Prints	New Look Half-Gallon Without the Handle!	https://candylandstore.com/shop/half-gallon-paw-prints/	https://candylandstore.com/wp-content/uploads/2026/03/34-1.jpg	in_stock	17.95 USD		Candyland	new	no	Food, Beverages & Tobacco > Food Items > Candy & Chocolate	Chicago Mix > Corporate Events > Father's Day
17265		Half Gallon Red Snowflakes	Half Gallon Red Snowflakes	https://candylandstore.com/shop/half-gallon-red-snowflakes/	https://candylandstore.com/wp-content/uploads/2018/10/Red-Snowflake.png	in_stock	15.95 USD		Candyland	new	no	Food, Beverages & Tobacco > Food Items > Candy & Chocolate	Christmas > Christmas Popcorn Tins > Half Gallon Popcorn Tins
159061		Half Gallon Star Spangled	POPCORN TINS PROUDLY MADE IN THE USA	https://candylandstore.com/shop/half-gallon-stars-stripes/	https://candylandstore.com/wp-content/uploads/2026/03/star-spangled-half-gallon.jpg	in_stock	17.95 USD		Candyland	new	no	Food, Beverages & Tobacco > Food Items > Candy & Chocolate	Father's Day > Half Gallon Popcorn Tins > Holidays
154070		Half Gallon Vivid Floral	POPCORN TINS PROUDLY MADE IN THE USA	https://candylandstore.com/shop/half-gallon-vivid-floral/	https://candylandstore.com/wp-content/uploads/2025/06/vivid-floral-12g.jpg	in_stock	17.95 USD		Candyland	new	no	Food, Beverages & Tobacco > Food Items > Candy & Chocolate	Birthdays > Chicago Mix > Easter
14086		Halloween Chocolate Balls	Halloween Chocolate Balls	https://candylandstore.com/shop/halloween-chocolate-balls/	https://candylandstore.com/wp-content/uploads/2018/10/Screen-Shot-2018-09-25-at-3.41.08-PM.png	in_stock	19.99 USD		Candyland	new	no	Food, Beverages & Tobacco > Food Items > Candy & Chocolate	Additional Sweets & Treats > Candy > Halloween
155201		Halloween Mix Salt Water Taffy	Halloween means trick-or-treaters, and trick-or-treaters mean TONS of candy. There are multiple bag sizes to choose from. You can carry the fun all through October. Don’t get Halloween candy in bulk from boring candy brands—treat your visitors to gourmet artisan taffy instead! Ingredients : CORN SYRUP, SUGAR, COCONUT OIL, SEA SALT, EGG WHITES, EVAPORATED MILK, MALIC ACID, CITRIC ACID, NATURAL AND ARTIFICIAL FLAVOR, ARTIFICIAL COLORS (INCLUDING FD&C BLUE 1, RED 40, YELLOW 5, YELLOW 6)	https://candylandstore.com/shop/halloween-mix-salt-water-taffy/	https://candylandstore.com/wp-content/uploads/2016/09/halloween-taffy.jpg	in_stock	6.50 USD		Candyland	new	no	Food, Beverages & Tobacco > Food Items > Candy & Chocolate	Candy > Holidays > Salt Water Taffy
96286		Hand-Made Old Tyme Hard Candy Mix	Enjoy the nostalgia of Old-Fashioned holiday hard Candy. Cut rock candy, baby ribbons, pillows, straws, chips, and waffles in many flavors make it the perfect addition to your holiday candy dish—like grandma used to have! Use these mini pieces to dress up your Gingerbread House or enjoy the sweet taste of traditional holiday candy. The candy flavors are; Orange, Wintergreen, Peppermint, Cinnamon, Strawberry, Apple-Cinnamon, Lemon, Grape, and Cherry. Approximately 80 Mini Ribbon Candy pieces per pound.	https://candylandstore.com/shop/mini-ribbon-hard-candy/	https://candylandstore.com/wp-content/uploads/2021/11/handmademini-ribbon.jpg	in_stock	21.99 USD		Candyland	new	no	Food, Beverages & Tobacco > Food Items > Candy & Chocolate	Additional Sweets & Treats > Candy > Christmas
5280		Handmade Ribbon Candy	Handmade Ribbon Candy	https://candylandstore.com/shop/handmade-ribbon-candy/	https://candylandstore.com/wp-content/uploads/2016/11/Candyland-Web-131.jpg	in_stock	21.99 USD		Candyland	new	no	Food, Beverages & Tobacco > Food Items > Candy & Chocolate	Candy > Christmas > Christmas Sweets & Treats
159050		Happy Birthday Bash – Nut Tin	NUT TINS PROUDLY MADE IN USA	https://candylandstore.com/shop/happy-birthday-bash-nut-tin/	https://candylandstore.com/wp-content/uploads/2026/03/birthday-bash-flat.jpg	in_stock	21.00 USD		Candyland	new	no	Food, Beverages & Tobacco > Food Items > Candy & Chocolate	Birthdays > Holidays > Nut Tins
146228		Hard Black Licorice Cats	Licorice Black Cats are our hardest black licorice. For a chewy texture combined with traditional licorice flavor, give these cat confections a try!	https://candylandstore.com/shop/black-licorice-cats-2/	https://candylandstore.com/wp-content/uploads/2024/01/licorice-cats.jpg	in_stock	7.50 USD		Candyland	new	no	Food, Beverages & Tobacco > Food Items > Candy & Chocolate	Candy > Father's Day > Halloween
93614		Hometown Holidays – Nut Tin	NUT TINS PROUDLY MADE IN USA	https://candylandstore.com/shop/hometown-holidays-nut-tin/	https://candylandstore.com/wp-content/uploads/2021/10/hometown-holiday-flat.jpg	in_stock	21.00 USD		Candyland	new	no	Food, Beverages & Tobacco > Food Items > Candy & Chocolate	Christmas > Christmas Sweets & Treats > Corporate Events
2421		Hot Atomic Fire Balls	Try a Hot Atomic Fire Ball for a sweet and spicy kick. These cinnamon hard candies will add a little spice to any activity, whether you’re cleaning your room, prepping a five star meal, getting chased by a bear, or driving to the post office.	https://candylandstore.com/shop/hot-atomic-fire-balls/	https://candylandstore.com/wp-content/uploads/2016/08/fireball_wrapped_5.jpg	in_stock	16.99 USD		Candyland	new	no	Food, Beverages & Tobacco > Food Items > Candy & Chocolate	Additional Sweets & Treats > Candy > Hard Candies
2338		Hot Cinnamon Imperials	Little but fierce! These tiny hard candies pack a serious cinnamon punch.	https://candylandstore.com/shop/hot-cinnamon-imperials/	https://candylandstore.com/wp-content/uploads/2016/06/CandyLand_20030820_0106-1.jpg	in_stock	9.99 USD		Candyland	new	no	Food, Beverages & Tobacco > Food Items > Candy & Chocolate	Additional Sweets & Treats > Candy
159469		Hot Ginger Hard Candy	Turn up the heat with our Sweet, but Spicy Ginger Hard Candy . Made with natural colors and flavors, each golden drop delivers a bold ginger kick balanced with just the right touch of sweetness. Warming, soothing, and irresistibly flavorful—perfect for ginger lovers who like a little spice in every bite.	https://candylandstore.com/shop/hot-ginger-hard-candy/	https://candylandstore.com/wp-content/uploads/2026/04/3.jpg	in_stock	6.00 USD		Candyland	new	no	Food, Beverages & Tobacco > Food Items > Candy & Chocolate	Candy > Hard Candies > Holidays
146071		Hot Tamales	Ingredients: SUGAR, CORN SYRUP, MODIFIED FOOD STARCH, CONTAINS LESS THAN 0.5% OF THE FOLLOWING: ARTIFICIAL FLAVORS, DEXTRIN, CONFECTIONERS GLAZE, MEDIUM CHAIN TRIGLYCERIDES, CARNAUBA WAX, SODIUM CITRATE, PECTIN, CITRIC ACID, MALIC ACID, FUMARIC ACID, RED #40, YELLOW #5 (TARTRAZINE), YELLOW #6, BLUE #1.	https://candylandstore.com/shop/hot-tamales-2/	https://candylandstore.com/wp-content/uploads/2024/01/hot-tamales--scaled.jpg	in_stock	6.00 USD		Candyland	new	no	Food, Beverages & Tobacco > Food Items > Candy & Chocolate	Candy > Father's Day > Holidays
2527		House Made Caramel	Are you a purist? Why complicate a perfect relationship by adding other candies or nuts, right? Our house made caramel is made with only the finest sugars, Butter & cream and made on the premises on the daily!	https://candylandstore.com/shop/house-made-caramel/	https://candylandstore.com/wp-content/uploads/2016/06/CandyLand_20030610_0130-1.jpg	in_stock	14.99 USD		Candyland	new	no	Food, Beverages & Tobacco > Food Items > Candy & Chocolate	Additional Sweets & Treats > Candy
152588		Jelly Cinnamon Hearts	Share a heart-shaped treat with some heat this Valentine’s Day. This spicy delight is an exquisite combination of cinnamon and sanded sugar to keep you coming back for more. Add them to any candy dish or baked goods for a fiery boost friends and family will love.	https://candylandstore.com/shop/jelly-cinnamon-hearts/	https://candylandstore.com/wp-content/uploads/2025/01/4.jpg	in_stock	5.00 USD		Candyland	new	no	Food, Beverages & Tobacco > Food Items > Candy & Chocolate	Candy > Holidays > Jujus
1328		Jelly Sticks	Dark Orange Sticks: Let this rich dark chocolate mix with the clear citrus flavor of the orange jelly and enjoy a symphony of flavor. Dark Chocolate Orange Jelly Sticks are a luxurious confection that are made to be savored. Dark Raspberry Sticks have been discontinued. MK Orange Jelly Sticks: Bite into a thin Milk Chocolate Orange Stick for a crunch of sweet milk chocolate. You’ll find that the chocolate mixes well with the citrusy orange gel inside and blends into a delicious chocolate treat.	https://candylandstore.com/shop/raspberry-jelly-sticks/	https://candylandstore.com/wp-content/uploads/2016/06/CandyLand_20030610_0123-1.jpg	in_stock	25.99 USD		Candyland	new	no	Food, Beverages & Tobacco > Food Items > Candy & Chocolate	Chocolate Covered > Dark Chocolate > Fine Chocolates
150095		Jolly Jingle Mix	Jolly Jingle Mix includes White chocolate-covered Tree pretzels with sugar sprinkles, Red cherry malted milk balls along with Milk chocolate malted milk balls, dark chocolate holiday nonpareils, and Milk chocolate cranberries, topped with Dark chocolate raisins.	https://candylandstore.com/shop/jolly-jingle-mix/	https://candylandstore.com/wp-content/uploads/2024/10/hollyjollymix2024.jpg	in_stock	9.00 USD		Candyland	new	no	Food, Beverages & Tobacco > Food Items > Candy & Chocolate	Additional Sweets & Treats > Bulk Chocolate > Candy
146318		Jordan Almonds	Candy-coated almonds are a vintage snack with a sweet crunch. Munch on a handful while going through a classic movie marathon or give them out as a pretty pastel party favor! Ingredients: Sugar, almonds, less than 2% of corn syrup, tapioca dextrin, titanium dioxide, artificial flavor, modified starch, confectioners glaze (with beeswax and carnauba wax)	https://candylandstore.com/shop/jordan-almonds-2/	https://candylandstore.com/wp-content/uploads/2016/06/CandyLand_20030529_0071-1-e1472175466181.jpg	in_stock	7.50 USD		Candyland	new	no	Food, Beverages & Tobacco > Food Items > Candy & Chocolate	Candied Nuts > Candy > Easter
146015		Juicy Fruit Jellies	Another hard-to-find candy is our Fruit jellies, Made from real fruit juice and available only in an assortment of flavors: cherry, orange, watermelon, lime, and lemon. You sometimes could receive a surprise flavor. Ingredients: Sugar, Corn Syrup, 8% Juice (Grape, Pear, Pineapple, Peach) From Concentrate, Modified Corn Starch; Gelling Agent: Pectins; Acids; Citric Acid; Natural And Artificial Flavor; Fruit And Vegetable Juice For Color; Carrot, Spirulina Extract For Color, Pumpkin, Hibiscus, Black Currant; Acidity Regulator; Sodium Citrates, Color; Paprika Oleoresin.No Artificial Flavors. Contains Fruit Juice.	https://candylandstore.com/shop/juicy-fruit-jellies/	https://candylandstore.com/wp-content/uploads/2021/04/Untitled-design-21.png	in_stock	7.00 USD		Candyland	new	no	Food, Beverages & Tobacco > Food Items > Candy & Chocolate	Candy > Holidays > Jelly Candies
146373		Lemoncello® Almonds	These roasted almonds are first coated in rich, white chocolate and then topped with a layer of delectable lemon cream. A perfect treat, these almonds have the sweet and tangy taste of a cold glass of lemonade on a summer day and are sure to be adored by you and your guests. Lemoncello® Almonds are perfectly sweet party or wedding candy favors. Enjoy them as a snack or after-meal treat to satisfy a sweet tooth. Their sweetness is complemented by satisfying protein and the antioxidant-rich goodness of delicious roasted almonds. Ingredients: White Chocolate (sugar, cocoa butter, whole milk powder, soy lecithin – an emulsifier, natural vanilla flavor), Confectioners Coating (sugar, palm kernel oil, nonfat dry milk, anhydrous milk fat, soy lecithin – an emulsifier, natural flavor), Almonds, Tapioca Dextrin, Natural Flavor, Confectioners Glaze, Color Added (yellow 5 lake). Contains: Almonds, Milk, and Soy Ingredients.	https://candylandstore.com/shop/lemoncello-almonds/	https://candylandstore.com/wp-content/uploads/2022/06/LIMOCELLO-ALMONDS.jpeg	in_stock	9.00 USD		Candyland	new	no	Food, Beverages & Tobacco > Food Items > Candy & Chocolate	All Nuts > Candied Nuts > Candy
146173		Licorice Allsorts	A classic mixture of bite-sized licorice and coconut flavored chews. Square and cylinder type shapes with pastel colors like yellow pink and blue.	https://candylandstore.com/shop/licorice/	https://candylandstore.com/wp-content/uploads/2016/06/CandyLand_20030514_0156-1.jpg	in_stock	7.50 USD		Candyland	new	no	Food, Beverages & Tobacco > Food Items > Candy & Chocolate	Candy > Father's Day > Holidays
148718		Maple Taffy	“Maple” is the new “Pumpkin Spice” this year. The light golden brown color of our Maple saltwater taffy brings to mind your favorite sticky syrup on the breakfast table. A perfect treat all on its own, our Maple taffy is also a great addition to seasonal mixes when paired well with other flavors.	https://candylandstore.com/shop/minnesota-maple/	https://candylandstore.com/wp-content/uploads/2024/06/2.jpg	in_stock	6.50 USD		Candyland	new	no	Food, Beverages & Tobacco > Food Items > Candy & Chocolate	Birthdays > Candy > Holidays
985		Marshmallow Wonder	This massive cluster is our take on the ever-popular “Rocky Road” flavor. Spongy marshmallows with chopped walnuts tossed in decadent chocolate. Available in Milk & Dark Chocolate. Cannot Choose? Get some of both!	https://candylandstore.com/shop/marshmallow-wonder/	https://candylandstore.com/wp-content/uploads/2016/06/CandyLand_20030610_0117-1.jpg	in_stock	25.99 USD		Candyland	new	no	Food, Beverages & Tobacco > Food Items > Candy & Chocolate	Clusters > Fine Chocolates
3603		Milk Chocolate Drizzle Caramel Corn	Mmmmm…. How can our Original Recipe, hand Stirred in a copper kettle, Caramel Popcorn get any better?! Drizzle creamy, rich Milk Chocolate over it! NUTRITION INFORMATION: Ingredients: Popcorn, Brown Sugar, Corn Syrup, Butter, Bicarbonate of Soda, Milk Chocolate (Sugar, Chocolate Liquor processed with Alkali, Cocoa Butter, Butterfat {Milk}, Soy Lecithin & Vanilla). May Contain: Peanuts & Tree Nuts. CHOCOLATE DRIZZLE CARAMEL POPCORN IS A GLUTEN FREE PRODUCT.	https://candylandstore.com/shop/milk-chocolate-drizzled-caramel-popcorn/	https://candylandstore.com/wp-content/uploads/2016/09/milk-Chocolate-Drizzle-.jpg	in_stock	14.00 USD		Candyland	new	no	Food, Beverages & Tobacco > Food Items > Candy & Chocolate	Bagged Popcorn
95991		MILK Chocolate Fancy Snowmen	Rich, Smooth & extra delicious Solid Milk Chocolate wrapped in dapper snowmen attire.	https://candylandstore.com/shop/milk-chocolate-fancy-snowmen/	https://candylandstore.com/wp-content/uploads/2021/11/foiled-snowmen-scaled.jpg	in_stock	19.99 USD		Candyland	new	no	Food, Beverages & Tobacco > Food Items > Candy & Chocolate	Christmas > Christmas Sweets & Treats > Fine Chocolates
146583		Milk Chocolate Foiled Hearts	Unwrap one of these solid chocolate treats and take a bite — you’ll be glad you did. The chocolate will snap off and start to melt in your mouth in the smooth and creamy way that only fine chocolate can.	https://candylandstore.com/shop/milk-chocolate-foiled-hearts/	https://candylandstore.com/wp-content/uploads/2016/06/CandyLand_20030820_0099.jpg	in_stock	10.00 USD		Candyland	new	no	Food, Beverages & Tobacco > Food Items > Candy & Chocolate	Bulk Chocolate > Christmas > Holidays
158728		Milk Chocolate Spring Non-Pariels	Milk chocolate non-pareils are made with creamy milk chocolate and coated in non-pareils for a classic candy bowl treat. Ingredients: MILK CHOCOLATE (SUGAR, COCOA BUTTER, MILK, UNSWEETENED CHOCOLATE, LACTOSE), SUNFLOWER LECITHIN (AN EMULSIFIER), VANILLA. NONPAREILS (SUGAR, CORN STARCH, ADDED COLOR, CARNAUBA WAX). Contains Milk. May Contain Egg, Peanut, Soy, Tree Nuts, Wheat	https://candylandstore.com/shop/milk-chocolate-spring-non-pariels/	https://candylandstore.com/wp-content/uploads/2026/03/milk-chocolate-spring-non-pareils-scaled.jpg	in_stock	9.00 USD		Candyland	new	no	Food, Beverages & Tobacco > Food Items > Candy & Chocolate	Birthdays > Bulk Chocolate > Easter
146671		Mock Snapper	Where a classic Snapper suggests pecans, the featured nut in these sweet and sticky bite size pieces is a peanut. Mixed with caramel and then coated in chocolate, Mock Snappers are rich and delicious.	https://candylandstore.com/shop/mock-snapper/	https://candylandstore.com/wp-content/uploads/2024/01/MockTurtles.jpg	in_stock	9.00 USD		Candyland	new	no	Food, Beverages & Tobacco > Food Items > Candy & Chocolate	Bulk Chocolate > Holidays
38053		Movie Night Special	Movie Night Special	https://candylandstore.com/shop/movie-night-special/	https://candylandstore.com/wp-content/uploads/2020/04/3-scaled.jpg	in_stock	34.95 USD		Candyland	new	no	Food, Beverages & Tobacco > Food Items > Candy & Chocolate	Bagged Popcorn - Corporate > Birthdays > Chicago Mix
153918		Nacho Cheese Popcorn	Large kernels of fresh popcorn, totally encompassed in a rich delicious deep golden spicy cheddar cheese and a spice blend. NUTRITION INFORMATION: Ingredients: DRIED CHEDDAR CHEESE FLAVORING (PARTIALLY HYDROGENATED SOYBEAN OIL, MILK CHEESE CULTURE, CREAM SALT, SODIUM, PHOSPHATE, YELLOW 5, LACTIC ACID, SOY LECITHIN, YELLOW 6) PEANUT OIL. POPPED POPCORN, DRIED JALAPEÑO POWDER, SIX PEPPER SEASONING (GRANULATED GARLIC, KOSHER SALT, RED THAI CHILI POWDER, BLACK PEPPER, ONION POWDER GROUND ANCHO, CHILE DE ARBOL, GROUND CHIPOTLE, MUSTARD SEED, HATCH RED CHILI POWDER, HATCH GREEN CHILI POWDER.) SALT.	https://candylandstore.com/shop/nacho-cheese-popcorn-new/	https://candylandstore.com/wp-content/uploads/2025/05/nacho-cheese-website.jpg	in_stock	13.25 USD		Candyland	new	no	Food, Beverages & Tobacco > Food Items > Candy & Chocolate	Bagged Popcorn
159028		Nifty Gifty – Nut Tin	TINS PROUDLY MADE IN USA	https://candylandstore.com/shop/nifty-gifty-nut-tin/	https://candylandstore.com/wp-content/uploads/2026/03/30-1.jpg	in_stock	21.00 USD		Candyland	new	no	Food, Beverages & Tobacco > Food Items > Candy & Chocolate	Birthdays > Nut Tins > Nuts
3668		Old Fashioned Caramel Popcorn Ball	Old Fashioned Caramel Popcorn Ball	https://candylandstore.com/shop/caramel-popcorn-ball/	https://candylandstore.com/wp-content/uploads/2016/09/Caramel-Popcorn-Ball.jpg	in_stock	3.00 USD		Candyland	new	no	Food, Beverages & Tobacco > Food Items > Candy & Chocolate	Halloween > Old Fashioned Popcorn Balls
3598		Old Fashioned Popcorn Balls	Cherry: Buttered Rum: Vanilla:	https://candylandstore.com/shop/vanilla-popcorn-balls/	https://candylandstore.com/wp-content/uploads/2016/09/Flavor-Popcorn-Balls.jpg	in_stock	3.00 USD		Candyland	new	no	Food, Beverages & Tobacco > Food Items > Candy & Chocolate	Halloween > Old Fashioned Popcorn Balls
146082		Old-Fashioned Large Gum Drops	Take a bite out of a large, juicy gumdrop! These are sweet and fruity and coated with a sugary outer layer to really bring out all the flavor.	https://candylandstore.com/shop/old-fashioned-large-gum-drops/	https://candylandstore.com/wp-content/uploads/2016/07/gum-drops.jpg	in_stock	6.00 USD		Candyland	new	no	Food, Beverages & Tobacco > Food Items > Candy & Chocolate	Candy > Christmas > Holidays
146105		Orange Slices	Sink your teeth into an Orange Slice to be awash in bright citrus flavor. A sugary coating sweetens the mix, and the juicy flavor will bring you back to summer days with plenty of sunshine.	https://candylandstore.com/shop/orange-slices-2/	https://candylandstore.com/wp-content/uploads/2016/06/Untitled-9b.jpg	in_stock	6.00 USD		Candyland	new	no	Food, Beverages & Tobacco > Food Items > Candy & Chocolate	Candy > Holidays > Jelly Candies
147211		Pastel Melty Mints	Classic and tasteful, these colorful mints are perfectly creamy and refreshing. With a smooth texture that is contrasted by little sugar beads, Large Melty Mints are the perfect after dinner treat.	https://candylandstore.com/shop/pastel-melty-mints/	https://candylandstore.com/wp-content/uploads/2020/03/pastel-mint.jpg	in_stock	9.00 USD		Candyland	new	no	Food, Beverages & Tobacco > Food Items > Candy & Chocolate	Birthdays > Bulk Chocolate > Christmas
2384		Peanut Butter Cups	Dark Chocolate Peanut Butter Cups : Bite into these smooth, rich cups and enjoy all the strong flavors that mix within it. With thick, creamy peanut butter and luxurious dark chocolate, these are a special treat that are really worth savoring. Milk Chocolate Peanut Butter Cups : Our Milk Peanut Butter Cups snap open to reveal thick, luscious, gourmet peanut butter. The first bite will give you the perfect blend of chocolate and peanut butter, and you’ll keep enjoying that mixture until you’re licking your fingers and wishing for more. White Chocolate Peanut Butter Cups : White chocolate mixes perfectly with thick peanut butter in these smooth, rich, gourmet cups. Enjoy the unique combination in the familiar shape with White Chocolate Peanut Butter Cups.	https://candylandstore.com/shop/peanut-butter-cups/	https://candylandstore.com/wp-content/uploads/2016/06/CandyLand_20030610_0115-1-e1471912843660.jpg	in_stock	25.99 USD		Candyland	new	no	Food, Beverages & Tobacco > Food Items > Candy & Chocolate	Dark Chocolate > Fine Chocolates > More Fine Chocolate
4355		Peanut Clusters	why complicate the perfect relationship with anything else?! Rich, smooth & decadent chocolate clustered with Salted & Roasted Peanuts! Its as simple as that!	https://candylandstore.com/shop/peanut-clusters/	https://candylandstore.com/wp-content/uploads/2016/06/CandyLand_20030610_0121.jpg	in_stock	25.99 USD		Candyland	new	no	Food, Beverages & Tobacco > Food Items > Candy & Chocolate	Clusters > Fine Chocolates
3062		Pecan Snappers	Pecan Snappers	https://candylandstore.com/shop/pecan-snappers/	https://candylandstore.com/wp-content/uploads/2016/06/CandyLand_20030423_0021.jpg	in_stock	25.99 USD		Candyland	new	no	Food, Beverages & Tobacco > Food Items > Candy & Chocolate	Chocolate Covered > Chocolate with Caramel > Dark Chocolate
3059		Penuchi Fudge ( Plain or with Walnuts )	A recipe going back to..lets say..”Forever and a Day ago”! Maybe a few days…or decades! This Rich Creamy Fudge with rich molasses flavors of Brown Sugar are sure to satisfy your sweet tooth!	https://candylandstore.com/shop/penuchi-fudge/	https://candylandstore.com/wp-content/uploads/2016/06/CandyLand_20030610_0129-1-e1472487823175.jpg	in_stock	15.99 USD		Candyland	new	no	Food, Beverages & Tobacco > Food Items > Candy & Chocolate	Christmas Sweets & Treats > Fine Chocolates > Fudge
10332		Peppermint Salt Water Taffy	Peppermint Salt Water Taffy	https://candylandstore.com/shop/peppermint-salt-water-taffy/	https://candylandstore.com/wp-content/uploads/2018/04/Screen-Shot-2018-04-09-at-1.40.01-PM.png	in_stock	10.99 USD		Candyland	new	no	Food, Beverages & Tobacco > Food Items > Candy & Chocolate	Candy > Salt Water Taffy
158973		Pineapple Upside Down Cake Salt Water Taffy	Ingredients: CORN SYRUP, SUGAR, COCONUT OIL, SEA SALT, EGG WHITES, MALIC ACID, CITRIC ACID, EVAPORATED MILK, SUNFLOWER LECITHIN, NATURAL FLAVOR, ARTIFICIAL COLOR	https://candylandstore.com/shop/pineapple-upside-down-cake-salt-water-taffy/	https://candylandstore.com/wp-content/uploads/2026/03/1-1.jpg	in_stock	6.50 USD		Candyland	new	no	Food, Beverages & Tobacco > Food Items > Candy & Chocolate	Birthdays > Candy > Halloween
147043		Pistachios	Take the time to crack open a salty pistachio and enjoy the unique flavor of the green nut inside. Grab a bowlful and read the paper, or enjoy a healthy snack during a busy day.	https://candylandstore.com/shop/pistachios-2/	https://candylandstore.com/wp-content/uploads/2016/08/pistachio.jpg	in_stock	7.50 USD		Candyland	new	no	Food, Beverages & Tobacco > Food Items > Candy & Chocolate	All Nuts > Christmas > Father's Day
2976		Popcorn Favors Plus – Medium Flat Bottom	A sturdy upgraded packaging for an individual serving of delicious popcorn! Dimensions for each individual bag is 3″ x 2.5″ x 6.5″	https://candylandstore.com/shop/popcorn-favors-plus-medium-flat-bottom/	https://candylandstore.com/wp-content/uploads/2016/09/USE-THIS-ONE-.png	in_stock	147.50 USD		Candyland	new	no	Food, Beverages & Tobacco > Food Items > Candy & Chocolate	Popcorn Favors Plus > Weddings & Events
2992		Popcorn Favors Plus- Large Flat Bottom	Popcorn Favors Plus- Large Flat Bottom	https://candylandstore.com/shop/popcorn-favors-plus-large-flat-bottom/	https://candylandstore.com/wp-content/uploads/2016/09/Screen-Shot-2019-07-09-at-3.43.20-PM.png	in_stock	225.00 USD		Candyland	new	no	Food, Beverages & Tobacco > Food Items > Candy & Chocolate	Popcorn Favors Plus > Weddings & Events
2812		Popcorn Favors Plus- Small Flat Bottom	An upgraded packaging to jazz up your popcorn bags. Order as many as you’d like in quantities of 50, 2oz Mini Popcorn Favor is only available in Caramel Corn or Sea Salt Caramel Corn. Each serving is approximately 2 cups. Dimensions of each item is 2”x 2”x 5”	https://candylandstore.com/shop/popcorn-favors-plus-2oz-mini/	https://candylandstore.com/wp-content/uploads/2019/07/Small-Caramel-Corn-.jpg	in_stock	137.50 USD		Candyland	new	no	Food, Beverages & Tobacco > Food Items > Candy & Chocolate	Popcorn Favors Plus > Weddings & Events
146262		Rainbow Laces	What is more fun than tying up your taste buds with some of our fruity laces? Each lace is approximately 1/8 of an inch in diameter, and they come thirty-six inches long with about 19 laces in four flavors strawberry, green apple, tutti-fruitti, and raspberry. Ingredients : Glucose-fructose syrup, wheat flour, sugar, dextrose, palm oil, citric acid, artificial flavoring, artificial colors (FD&C red 40, FD&C blue 1, titanium dioxide), turmeric oleoresin (color), tocopherols, ascorbic acid, beeswax (glazing agent). Contains wheat.	https://candylandstore.com/shop/rainbow-laces-2/	https://candylandstore.com/wp-content/uploads/2016/08/Candyland-Web-94.jpg	in_stock	7.50 USD		Candyland	new	no	Food, Beverages & Tobacco > Food Items > Candy & Chocolate	Additional Sweets & Treats > Birthdays > Candy
146049		Raspberries & Blackberries	Two of the best flavors Raspberries and Blackberries. They measure approximately a half inch wide by a half inch tall. Each berry has a candy coated outer crust with a burst of chewy jelly flavor inside. Grab a handful and go. They are delicious and so real looking too!	https://candylandstore.com/shop/rasberries-blackberries/	https://candylandstore.com/wp-content/uploads/2016/08/Candyland-Web-51.jpg	in_stock	8.50 USD		Candyland	new	no	Food, Beverages & Tobacco > Food Items > Candy & Chocolate	Candy > Holidays > Jelly Candies
158959		Raspberry Salt Water Taffy	Ingredients: CORN SYRUP, SUGAR, COCONUT OIL, SEA SALT, EGG WHITES, MALIC ACID, CITRIC ACID, EVAPORATED MILK, SUNFLOWER LECITHIN, NATURAL FLAVOR, ARTIFICIAL COLOR (INCLUDING FD&C BLUE 1)	https://candylandstore.com/shop/raspberry-salt-water-taffy/	https://candylandstore.com/wp-content/uploads/2026/03/2-1.jpg	in_stock	6.50 USD		Candyland	new	no	Food, Beverages & Tobacco > Food Items > Candy & Chocolate	Birthdays > Candy > Halloween
147054		Red Hot Snack Mix – NEW	We turned up the heat with Red Hot seasoning, adding a hot buffalo sauce-inspired flavor to this crunchy mix. Featuring: Rye Chips, Micro Mini Pretzel Twists, Roasted & Salted Cashew Pieces & Spanish peanuts with Salted Sesame Sticks, all mixed with a Red Hot Dry Seasoning.	https://candylandstore.com/shop/smoking-hot-nut-mix-new-2/	https://candylandstore.com/wp-content/uploads/2024/02/3-scaled.jpg	in_stock	7.50 USD		Candyland	new	no	Food, Beverages & Tobacco > Food Items > Candy & Chocolate	All Nuts > Christmas > Father's Day
146206		Red Licorice Scottie Dogs	Shout out to all the dog lovers out there, check out these adorable Scottie Dogs Strawberry Licorice treats! These little pups of deliciousness will have you SITTING and STAYING for more! INGREDIENTS: CORN SYRUP, SUGAR, MODIFIED CORN STARCH, MODIFIED POTATO STARCH, CONTAINS 2% OR LESS OF THE FOLLOWING: ARTIFICIAL FLAVOR, COCONUT OIL, CANOLA OIL, CARNAUBA WAX, COLOR ADDED, RED 40, LICORICE ROOT EXTRACT.	https://candylandstore.com/shop/red-licorice-scottie-dogs-2/	https://candylandstore.com/wp-content/uploads/2017/08/DSC_0205.jpg	in_stock	7.50 USD		Candyland	new	no	Food, Beverages & Tobacco > Food Items > Candy & Chocolate	Candy > Father's Day > Holidays
17949		Regular Seasoned OR Buttered Corn	**PLEASE CONTACT THE STORE IF YOU WOULD LIKE THIS ITEM SHIPPED**	https://candylandstore.com/shop/buttered-corn/	https://candylandstore.com/wp-content/uploads/2016/11/Season-Regular-2.jpg	in_stock	8.00 USD		Candyland	new	no	Food, Beverages & Tobacco > Food Items > Candy & Chocolate	Bagged Popcorn
145787		Root-beer Barrels	These hard candies are shaped like barrels of the familiar soft drink, but that’s not the only similarity. Once you unwrap them, you’ll be surprised by how much these treats taste just like root beer. Sweet and juicy, you’ll find yourself getting attached to these hard candies in no time! Hard candy	https://candylandstore.com/shop/root-beer-barrels-hard-candy/	https://candylandstore.com/wp-content/uploads/2024/01/f6ae7d27ce0d652d.cro-OLlV7MKo-large.jpg.avif	in_stock	6.00 USD		Candyland	new	no	Food, Beverages & Tobacco > Food Items > Candy & Chocolate	Candy > Hard Candies > Holidays
146965		Salted & Roasted Almonds	The sweet and flavorful nut in a unique shape is roasted and salted and kept warm in our stores. Use them for baking or adding texture to any dish.	https://candylandstore.com/shop/salted-roasted-almonds/	https://candylandstore.com/wp-content/uploads/2016/07/DSC_0002.jpg	in_stock	9.50 USD		Candyland	new	no	Food, Beverages & Tobacco > Food Items > Candy & Chocolate	All Nuts > Christmas > Holidays
146999		Salted & Roasted Cashews	Quality cashews are kept warm in our store and ready to eat. The classic sweet nut with a mouth-watering touch of salt.	https://candylandstore.com/shop/salted-roasted-cashews-2/	https://candylandstore.com/wp-content/uploads/2016/07/DSC_0210.jpg	in_stock	9.50 USD		Candyland	new	no	Food, Beverages & Tobacco > Food Items > Candy & Chocolate	All Nuts > Christmas > Holidays
146976		Salted & Roasted Deluxe Mixed Nuts	This is a gourmet mix of fine nuts. With almonds, cashews, pecans, hazelnuts, and pistachios. All roasted and salted, this is a quality dish to snack on or even serve at a party.	https://candylandstore.com/shop/salted-roasted-cashews/	https://candylandstore.com/wp-content/uploads/2024/01/imperial-nut-mix.jpg	in_stock	9.50 USD		Candyland	new	no	Food, Beverages & Tobacco > Food Items > Candy & Chocolate	All Nuts > Christmas > Christmas Sweets & Treats
146988		Salted & Roasted Pecans	Treat yourself to a handful of Pecans. Known for their softer texture and dark skin, these are a delicious nut and are perfect for both snacking and baking.	https://candylandstore.com/shop/salted-roasted-pecans/	https://candylandstore.com/wp-content/uploads/2016/07/DSC_0003.jpg	in_stock	9.50 USD		Candyland	new	no	Food, Beverages & Tobacco > Food Items > Candy & Chocolate	All Nuts > Christmas > Holidays
146217		Salted Barnyard Licorice	Originating from Holland, Salted Barnyard Licorice is a creative twist on your average Licorice. With a medium hardness, these farm-shaped bites have a little bit of a salty kick to them that will amp up your licorice experience.	https://candylandstore.com/shop/salted-barnyard-licorice-2/	https://candylandstore.com/wp-content/uploads/2016/08/Candyland-Web-38.jpg	in_stock	7.50 USD		Candyland	new	no	Food, Beverages & Tobacco > Food Items > Candy & Chocolate	Candy > Father's Day > Holidays
1204		Salted Peanuts in the Shell	Nothing beats the experience of taking the time to open up a Salted in Shell Peanut. Whether you’re at a ball game or sitting around a fire, these are a classic snack that are part of a lot of fun experiences.	https://candylandstore.com/shop/salted-peanuts-shell/	https://candylandstore.com/wp-content/uploads/2016/07/Screen-Shot-2016-09-07-at-7.34.01-PM.png	in_stock	5.99 USD		Candyland	new	no	Food, Beverages & Tobacco > Food Items > Candy & Chocolate	All Nuts > Nuts
145798		Sanded Lemon Drops	Lemon drops are a classic mixture of sweet and tart flavors to really make your mouth pucker. Sure to hit the spot from your very first taste, our lemon candy drops do not disappoint. Initially sold in European medicinal shops during the 1800’s to help cover the bitter taste of medicine, lemon drops are now enjoyed as a delicious candy around the world. Hard candy	https://candylandstore.com/shop/sanded-lemon-drops-hard-candy/	https://candylandstore.com/wp-content/uploads/2024/01/sanded-lemon-drop.jpg	in_stock	6.00 USD		Candyland	new	no	Food, Beverages & Tobacco > Food Items > Candy & Chocolate	Candy > Hard Candies > Holidays
148317		Sassy Sour Gummi Strawberries	Each gummy is a punch of tangy wild strawberry flavor, coated in a zingy layer of sour sugar that will tickle your taste buds and leave you craving more. Ingredients: Sugar, corn syrup, modified corn starch, gelatine; acids: citric acid, malic acid; natural and artificial flavor, color: Yellow 5, Red 40, Blue 1	https://candylandstore.com/shop/sassy-sour-gummi-strawberries/	https://candylandstore.com/wp-content/uploads/2024/05/2.jpg	in_stock	6.00 USD		Candyland	new	no	Food, Beverages & Tobacco > Food Items > Candy & Chocolate	Birthdays > Candy > Gummis
2535		Satellite Wafers	Hopping in the DeLorean with Dr. Emmett Brown, we’re going to travel back to the 1950’s for this vintage classic! With this classic Candy, you must be daring and eat a whole piece at one time! The ouster shell is a Wafer that will dissolve in your mouth leaving you to find a sweet treat on the inside! Each bag comes with roughly 36 wafer candies for you to enjoy!	https://candylandstore.com/shop/satellite-wafers/	https://candylandstore.com/wp-content/uploads/2016/08/Candyland-Web-81.jpg	in_stock	4.00 USD		Candyland	new	no	Food, Beverages & Tobacco > Food Items > Candy & Chocolate	Additional Sweets & Treats > Birthdays > Candy
3604		Sea Salt Caramel Corn	Fresh crisp caramel corn stirred in copper kettles with an added tang! A nice combination of sweet crunch and sassy sea salt. Nutritional Information:	https://candylandstore.com/shop/sea-salt-caramel-corn/	https://candylandstore.com/wp-content/uploads/2016/09/SeaSalt-CarmelCorn.jpg	in_stock	11.00 USD		Candyland	new	no	Food, Beverages & Tobacco > Food Items > Candy & Chocolate	Bagged Popcorn
2405		Sea Salt Caramels	Dark Chocolate Sea Salt Caramels : Imagine biting into a soft piece of sweet, stretchy caramel. Now imagine it covered in luxurious dark chocolate. Now imagine that the whole thing is amplified by a sprinkling of sea salt. That’s right: Dark Chocolate Sea Salt Caramels really are that good. Milk Chocolate Sea Salt Caramels : The sweet, sweet combination of milk chocolate and creamy caramel could only be improved by one thing: a savory touch of sea salt. This complements the existing flavors in just the right way and leaves you wanting more.	https://candylandstore.com/shop/chocolate-covered-sea-salt-caramels/	https://candylandstore.com/wp-content/uploads/2016/08/Candyland-Web-33.jpg	in_stock	25.99 USD		Candyland	new	no	Food, Beverages & Tobacco > Food Items > Candy & Chocolate	Chocolate Covered > Chocolate with Caramel > Dark Chocolate
159038		Sea Turtle – Nut Tin	TINS PROUDLY MADE IN USA	https://candylandstore.com/shop/sea-turtles-nut-tin/	https://candylandstore.com/wp-content/uploads/2026/03/27-1.jpg	in_stock	21.00 USD		Candyland	new	no	Food, Beverages & Tobacco > Food Items > Candy & Chocolate	Nut Tins > Nuts
147973		Shaved Ice Taffy	Our refreshing Shaved Ice taffy is the perfect summer treat. The delicious blend of strawberry, coconut, and cream will transport your taste buds to your favorite summer vacation. Whether your wanting to delicious snack on a hot summer day or are just missing the warm weather, our Shaved Ice taffy is for you.	https://candylandstore.com/shop/shaved-ice-taffy/	https://candylandstore.com/wp-content/uploads/2024/04/Screenshot-2024-04-01-at-11.19.48 AM.png	in_stock	6.50 USD		Candyland	new	no	Food, Beverages & Tobacco > Food Items > Candy & Chocolate	Birthdays > Candy > Holidays
142328		Snowman with Labs – Nut Tin	NUT TINS PROUDLY MADE IN USA	https://candylandstore.com/shop/snowman-with-labs-nut-tin-new-2/	https://candylandstore.com/wp-content/uploads/2023/09/snowman-with-labs.jpg	in_stock	21.00 USD		Candyland	new	no	Food, Beverages & Tobacco > Food Items > Candy & Chocolate	Christmas > Christmas Sweets & Treats > Corporate Events
6942		Solid Chocolate Bunnies	All varieties are bagged in a clear package.	https://candylandstore.com/shop/solid-chocolate-bunnies/	https://candylandstore.com/wp-content/uploads/2017/03/1.jpg	in_stock	5.00 USD		Candyland	new	no	Food, Beverages & Tobacco > Food Items > Candy & Chocolate	Dark Chocolate > Easter > Fine Chocolates
153342		Solid Chocolate Bunnies MULTI-PACKs	All varieties are bagged in a clear package.	https://candylandstore.com/shop/solid-chocolate-bunnies-multi-pack/	https://candylandstore.com/wp-content/uploads/2017/03/2.jpg	in_stock	14.50 USD		Candyland	new	no	Food, Beverages & Tobacco > Food Items > Candy & Chocolate	Dark Chocolate > Easter > Fine Chocolates
146428		Sour Cherry Balls	These delights come colored in the bright red tone reminiscent of Maraschino Cherries, and offer some of the same sweetness. However, they also provide a little sour kick that leaves you wanting more. Ingredients : Corn Syrup, Sugar, Dextrose, Corn Starch-Modified, Malic Acid, Citric Acid, Sodium Citrate, Natural and Artificial Flavor, Carnauba Wax, Beeswax, Confectioner’s Glaze, Red #40.	https://candylandstore.com/shop/sour-cherry-balls/	https://candylandstore.com/wp-content/uploads/2016/06/CandyLand_20031118_0027.jpg	in_stock	6.00 USD		Candyland	new	no	Food, Beverages & Tobacco > Food Items > Candy & Chocolate	Birthdays > Candy > Holidays
146384		Sour Fruit Salad	Sink your teeth into these juicy treats for a blast of summertime flavor. These Red(Cherry), Orange(Peach), and Green(Green Apple) candies are sour around the edges and sweet in the center. Apple Ingredients: Glucose syrup(wheat & corn), Sugar, Modified Starch (WHEAT, Corn, Potato), Acidifiers (Citric Acid, Malic Acid, Lactic Acid, Sodium Malate), Colorings (Tumeric (Natural Source), FD&C Blue no 1 (artificial Source)-), Flavoring (Apple-natural Source), Glazing agent (Carnauba wax). Cherry Ingredients: Glucose syrup(wheat & corn), Sugar, Modified Starch (WHEAT, Corn, Potato), Acidifiers (Citric Acid, Malic Acid, Lactic Acid, Sodium Malate), Colorings (Black Carrot Juice(Natural Source), FD&C Blue no 1 (artificial Source)-), Flavoring (Apple-natural Source), Glazing agent (Carnauba wax). Peach Ingredients: Glucose syrup(wheat & corn), Sugar, Modified Starch (WHEAT, Corn, Potato), Acidifiers (Citric Acid, Malic Acid, Lactic Acid, Sodium Malate), Colorings (Paprika Extract(Natural Source), FD&C Blue no 1 (artificial Source)-), Flavoring (Apple-natural Source), Glazing agent (Carnauba wax).	https://candylandstore.com/shop/sour-fruit-salad/	https://candylandstore.com/wp-content/uploads/2021/04/Untitled-design-20.png	in_stock	6.00 USD		Candyland	new	no	Food, Beverages & Tobacco > Food Items > Candy & Chocolate	Birthdays > Candy > Holidays
146417		Sour Patch Kids	Sink your teeth into a soft Sour Patch Kid and enjoy the initial burst of sour flavor. As that tartness wears off, you’ll be greeted by a sweet center. These chewy candies are a popular treat and are great for enjoying a movie or for an afternoon pick-me-up.	https://candylandstore.com/shop/sour-patch-kids/	https://candylandstore.com/wp-content/uploads/2024/01/sour-patch-kids.jpg	in_stock	8.00 USD		Candyland	new	no	Food, Beverages & Tobacco > Food Items > Candy & Chocolate	Birthdays > Candy > Holidays
146395		Sour Patch Watermelon	Sink your teeth into these juicy treats for a blast of summertime flavor. These pink and green candies are sour around the edges and sweet in the center.	https://candylandstore.com/shop/sour-watermelon-2/	https://candylandstore.com/wp-content/uploads/2024/01/sour-patch-watermelon.jpg	in_stock	7.50 USD		Candyland	new	no	Food, Beverages & Tobacco > Food Items > Candy & Chocolate	Birthdays > Candy > Holidays
148329		Sour Wild Raspberries	Punch your momma, these jelly-filled sour raspberries are coated in a mouth-puckering sour sugar that awakens the senses and refreshes the palate packed with the fruitiest of flavors, Inspired by the lush taste of wild raspberries, these gummies offer a perfect balance of tart and sweet. Ingredients: Corn syrup, sugar, gelatine; acids: citric acid, malic acid; humectant: glycerol; inverted sugar syrup; gelling agent: pectins; acidity regulator: sodium malates, sodium citrates; natural and artificial flavor, color: Yellow 5, Blue 1.	https://candylandstore.com/shop/sour-wild-raspberries/	https://candylandstore.com/wp-content/uploads/2024/05/sour-wild-raspberry.jpg	in_stock	6.00 USD		Candyland	new	no	Food, Beverages & Tobacco > Food Items > Candy & Chocolate	Birthdays > Candy > Gummis
147010		Spanish Peanuts	With larger kernels than their Spanish brothers, Redskin Peanuts still provide that sweet nutty flavor you’re looking for. Roasted and salted and kept in the skin; a healthy snack and a great addition to many meals!	https://candylandstore.com/shop/spanish-peanuts/	https://candylandstore.com/wp-content/uploads/2016/07/DSC_0001.jpg	in_stock	6.00 USD		Candyland	new	no	Food, Beverages & Tobacco > Food Items > Candy & Chocolate	All Nuts > Christmas > Father's Day
146093		Spearmint Leaves	A Mint Classic! Sink your teeth into this nostalgic mint, juju delight!	https://candylandstore.com/shop/spearmint-leaves-2/	https://candylandstore.com/wp-content/uploads/2016/06/Untitled-9c.jpg	in_stock	6.00 USD		Candyland	new	no	Food, Beverages & Tobacco > Food Items > Candy & Chocolate	Candy > Christmas > Father's Day
774		Special Occasion Popcorn Favors	Fulfillment of orders more than 100 bags may take up to 48 hours.	https://candylandstore.com/shop/special-occasion-popcorn-favors/	https://candylandstore.com/wp-content/uploads/2016/08/Candyland-Web-26.jpg	in_stock	95.00 USD		Candyland	new	no	Food, Beverages & Tobacco > Food Items > Candy & Chocolate	Chicago Mix > Special Occasion Popcorn Favors > Weddings & Events
158597		Speckled Fruity Jelly Beans	Speckled fruity jelly Beans instantly transform your bulk displays into a Springtime wonderland. This Easter candy favorite is elevated with a two-tone crisp speckled shell in bright and cheery pinks, yellows, purple, greens, and turquoise. That it is made with a sugar and starch recipe means Speckled Fruity Jelly Beans are a great alternative to pectin jelly beans. And with classic flavors like strawberry, lemon, grape, raspberry, and lime, they’ll be a favorite for Easter baskets or repacking with your branding.	https://candylandstore.com/shop/speckled-fruity-jelly-beans/	https://candylandstore.com/wp-content/uploads/2024/02/2-scaled.jpg	in_stock	6.00 USD		Candyland	new	no	Food, Beverages & Tobacco > Food Items > Candy & Chocolate	Candy > Easter > Holidays
147621		Speckled Malted Milk balls	The center of this delicious bite starts with a Malt Ball with a decadent layer of sweet Milk Chocolate Surrounding. Then to top it all off a thin, crisp layer of Candy that adds an irresistible crunch that have you Hopping into Candyland for more!	https://candylandstore.com/shop/malted-milk-eggs-2/	https://candylandstore.com/wp-content/uploads/2024/02/1-scaled.jpg	in_stock	11.50 USD		Candyland	new	no	Food, Beverages & Tobacco > Food Items > Candy & Chocolate	Additional Sweets & Treats > Candy > Easter
153105		Spiced Jelly Beans	An Easter classic that you can enjoy this Easter season, these soft pastel jelly beans bring the taste of freshness. With a variety of colors and flavors including Peppermint, Cinnamon, Ginger, Spearmint, Wintergreen, Clove, and Licorice. Ingredients: Sugar, Corn Syrup, Modified Food Starch (Corn), Cornstarch, Artificial and Natural Flavors, Carnauba Wax, Confectioner’s Glaze (Shellac), White Mineral Oil, Red 40, Yellow 6, Blue 1, Red 3, Yellow 5, Beeswax.	https://candylandstore.com/shop/spiced-jelly-beans/	https://candylandstore.com/wp-content/uploads/2021/02/Untitled-design-24.png	in_stock	6.00 USD		Candyland	new	no	Food, Beverages & Tobacco > Food Items > Candy & Chocolate	Candy > Easter > Holidays
146038		Spicettes	These gumdrops are a step above the average sweet drops. They are still just as juicy and soft, but they have a touch of spice to really amplify the flavor. orange, lemon, lime, clove, chocolate, cinnamon, licorice and wintergreen flavors.	https://candylandstore.com/shop/spicettes-2/	https://candylandstore.com/wp-content/uploads/2016/08/spicettes.jpg	in_stock	6.00 USD		Candyland	new	no	Food, Beverages & Tobacco > Food Items > Candy & Chocolate	Candy > Christmas > Father's Day
160443		Spooky Mix – Coming Soon	Spooky Candy Mix Get ready for a frightfully fun treat! Our Spooky Candy Mix is a colorful assortment of festive Halloween-shaped gummies in bright orange, green, purple, black, and white. Soft, chewy, and full of sweet, fruity flavor, this playful mix is perfect for Halloween parties, candy bowls, trick-or-treat celebrations, or enjoying a little spooky fun anytime! Approx. 575 pieces per pound.	https://candylandstore.com/shop/spooky-mix-coming-soon/	https://candylandstore.com/wp-content/uploads/2026/08/spooky-mix.jpg	in_stock	6.00 USD		Candyland	new	no	Food, Beverages & Tobacco > Food Items > Candy & Chocolate	Additional Sweets & Treats > Candy > Halloween
158995		Spring Has Sprung – Nut Tin	NUT TINS PROUDLY MADE IN USA	https://candylandstore.com/shop/spring-has-sprung-nut-tin/	https://candylandstore.com/wp-content/uploads/2026/03/32-1.jpg	in_stock	21.00 USD		Candyland	new	no	Food, Beverages & Tobacco > Food Items > Candy & Chocolate	Christmas > Christmas Sweets & Treats > Corporate Events
159033		Springtime Friends – Nut Tin	TINS PROUDLY MADE IN USA	https://candylandstore.com/shop/springtime-friends-nut-tin/	https://candylandstore.com/wp-content/uploads/2026/03/33-1.jpg	in_stock	21.00 USD		Candyland	new	no	Food, Beverages & Tobacco > Food Items > Candy & Chocolate	Easter > Nut Tins > Nuts
146682		Squirrel Turds	This treat has less to do with squirrels than the name implies. A pretzel filled with peanut butter is dipped in chocolate, and the perfect sweet and salty creation is built.	https://candylandstore.com/shop/squirrel-turds-2/	https://candylandstore.com/wp-content/uploads/2016/08/DSC_0989.jpg	in_stock	9.00 USD		Candyland	new	no	Food, Beverages & Tobacco > Food Items > Candy & Chocolate	Birthdays > Bulk Chocolate > Holidays
145811		Starlight Mint Kisses	Twist open a classic Starlight Candy for a traditional mint experience. Fresh sweet peppermint is the perfect refresher at any time of day. Hard candy	https://candylandstore.com/shop/starlight-mint-kisses-hard-candy/	https://candylandstore.com/wp-content/uploads/2016/07/DSC_0706.jpg	in_stock	6.00 USD		Candyland	new	no	Food, Beverages & Tobacco > Food Items > Candy & Chocolate	Candy > Hard Candies > Holidays
159601		Stars & Stripes – Nut Tin	NUT TINS PROUDLY MADE IN USA	https://candylandstore.com/shop/stars-stripes-nut-tin/	https://candylandstore.com/wp-content/uploads/2026/03/31-1.jpg	in_stock	21.00 USD		Candyland	new	no	Food, Beverages & Tobacco > Food Items > Candy & Chocolate	Corporate Events > Father's Day > Holidays
37979		Stars – 2LB Nut Tin	Stars – 2LB Nut Tin	https://candylandstore.com/shop/stars-2lb-nut-tin/	https://candylandstore.com/wp-content/uploads/2020/04/round_stars.jpg	in_stock	39.00 USD		Candyland	new	no	Food, Beverages & Tobacco > Food Items > Candy & Chocolate	Birthdays > Holidays > Nut Tins
145844		Strawberry Bon Bons	These drops are a delightful mix of tart and sweet, with a hard outer shell and a soft gel inside. Unwrap a Strawberry Bonbon for a summery taste that will remind you of parades and sunny afternoons. Hard candy	https://candylandstore.com/shop/strawberry-bon-bons/	https://candylandstore.com/wp-content/uploads/2016/10/Screen-Shot-2016-10-19-at-11.40.34-AM.png	in_stock	6.00 USD		Candyland	new	no	Food, Beverages & Tobacco > Food Items > Candy & Chocolate	Candy > Hard Candies > Holidays
1216		Strawberry Cheesecake Taffy	Try our new strawberry cheesecake salt water taffy, in one bite, nice and neat! The yellow cheesecake with a swirl of strawberry will make your mouth water for more. Perfect and fresh this spring for any occasion. Each piece is approximately one inch across by 3/4 of an inch thick.	https://candylandstore.com/shop/strawberry-cheesecake-taffy/	https://candylandstore.com/wp-content/uploads/2017/04/StrawberryCheeseCake.png	in_stock	10.99 USD		Candyland	new	no	Food, Beverages & Tobacco > Food Items > Candy & Chocolate	Candy > Salt Water Taffy
150384		Strawberry Licorice Tire Tracks	Try these sweet, soft, chewy bites of strawberry imported straight from Finland. Great for any candy dish or office drawer. Ingredients : glucose-fructose syrup, wheat flour, sugar, humectant (sorbitol syrup), acidity regulators (citric acid, sodium citrate), flavor, colour (carmine), thickener (guar gum), glazing agent (carnauba wax). Contains Gluten.	https://candylandstore.com/shop/strawberry-licorice-tire-tracks/	https://candylandstore.com/wp-content/uploads/2024/11/1.jpg	in_stock	7.50 USD		Candyland	new	no	Food, Beverages & Tobacco > Food Items > Candy & Chocolate	Candy > Father's Day > Holidays
146184		Strawberry Licorice Wheels	Red Licorice Wheels: Take the time to unwind these wheels to reveal the long strand of strawberry licorice, or just take a bite and get right to the fun! Enjoy this sweet hard red licorice that is stretched out and rolled up. Ingredients : Glucose syrup, sugar, corn starch, wheat flour, stabilizers, clycerol, sorbitol, emulsifier, mono- and diglycerides of fatty acids, citric acid, natural identical flavorings, carmine, acidity regulator, sodium citrate, vegetable oil (coconut), glazing agent, beeswax. Contains: Wheat and Coconut	https://candylandstore.com/shop/strawberry-licorice-wheels-2/	https://candylandstore.com/wp-content/uploads/2023/02/licorice-wheels.png	in_stock	7.50 USD		Candyland	new	no	Food, Beverages & Tobacco > Food Items > Candy & Chocolate	Candy > Father's Day > Holidays
146273		Strawberry String Licorice	Soft Long, thin strings bundled all up together make a delicious licorice package, and is a fun experience to eat! Each string is approximately 2 feet long. Ingredients : Glucose-fructose syrup, wheat flour, sugar, dextrose, palm oil, citric acid, artificial flavoring, artificial color (FD&C red 40), tocopherols, ascorbic acid, beeswax (glazing agent). Contains wheat.	https://candylandstore.com/shop/strawberry-string-licorice-2/	https://candylandstore.com/wp-content/uploads/2016/07/STRING-LICORICE.png	in_stock	8.50 USD		Candyland	new	no	Food, Beverages & Tobacco > Food Items > Candy & Chocolate	Additional Sweets & Treats > Birthdays > Candy
148731		Strawberry-Kiwi Taffy	The perfect flavor combo. Enjoy the delicious citrus tang of kiwi with the smooth sweetness of strawberry with these delightfully poppable morsels. This strawberry-kiwi combination is a flavor you’ll want to taste again and again.	https://candylandstore.com/shop/strawberry-kiwi-taffy/	https://candylandstore.com/wp-content/uploads/2024/06/1.jpg	in_stock	6.50 USD		Candyland	new	no	Food, Beverages & Tobacco > Food Items > Candy & Chocolate	Birthdays > Candy > Holidays
1237		Sugar-Free Almond Bark	A smooth section of thick white almond bark using an amazing sugar substitute to get that just right sweet taste. Our Sugar Free chocolates are sweetened with Maltitol.	https://candylandstore.com/shop/sugar-free-almond-bark/	https://candylandstore.com/wp-content/uploads/2016/09/Screen-Shot-2016-09-07-at-7.33.29-PM.png	in_stock	29.99 USD		Candyland	new	no	Food, Beverages & Tobacco > Food Items > Candy & Chocolate	Candy > Sugar-Free
42928		Sugar-Free Box – Mother’s Day Edition	An abundance of our finest sugar-free chocolates! Ooey gooey Caramels, Pecan Snappers, Peanut Butter Cups, Milk Chocolate Cherries, Butter Toffee Bars, Almond Bar	https://candylandstore.com/shop/mothers-day-sugar-free-box/	https://candylandstore.com/wp-content/uploads/2020/04/DSC_0744.jpeg	in_stock	27.99 USD		Candyland	new	no	Food, Beverages & Tobacco > Food Items > Candy & Chocolate	Fine Chocolates > Gourmet Chocolate Gift Boxes > Mother’s Day
1245		Sugar-Free Milk Chocolate Caramels	Try our Sugar-Free Milk Chocolate Caramels! So chewy and creamy! Our Sugar Free chocolates are sweetened with Maltitol.	https://candylandstore.com/shop/sugar-free-milk-chocolate-caramels/	https://candylandstore.com/wp-content/uploads/2016/06/CandyLand_20030610_0131-1.jpg	in_stock	29.99 USD		Candyland	new	no	Food, Beverages & Tobacco > Food Items > Candy & Chocolate	Candy > Sugar-Free
1244		Sugar-Free Milk Chocolate Covered Cherries	Try our delicious hand-dipped cherries covered in milk chocolate. Our Sugar Free chocolates are sweetened with Maltitol.	https://candylandstore.com/shop/sugar-free-milk-chocolate-covered-cherries/	https://candylandstore.com/wp-content/uploads/2016/06/CandyLand_20030610_0125-1-e1472173911966.jpg	in_stock	29.99 USD		Candyland	new	no	Food, Beverages & Tobacco > Food Items > Candy & Chocolate	Candy > Sugar-Free
1246		Sugar-Free Milk Chocolate Sea Salt Caramels	Order a box of our fine chocolate, hand made, sugar-free Milk Chocolate Sea Salt Caramels. Each one is so chewy and touched with a dash of sea salt to give it that extra perfect combination of sweet and salty.	https://candylandstore.com/shop/sugar-free-milk-chocolate-sea-salt-caramels/	https://candylandstore.com/wp-content/uploads/2016/08/Candyland-Web-33.jpg	in_stock	29.99 USD		Candyland	new	no	Food, Beverages & Tobacco > Food Items > Candy & Chocolate	Candy > Sugar-Free
1243		Sugar-Free Peanut Butter Cups	The most amazing peanut butter cup ever! Milk chocolate covered peanut butter cup. Our Sugar Free chocolates are sweetened with Maltitol.	https://candylandstore.com/shop/sugar-free-peanut-butter-cups/	https://candylandstore.com/wp-content/uploads/2016/07/peanut-butter-cup-SF.jpg	in_stock	29.99 USD		Candyland	new	no	Food, Beverages & Tobacco > Food Items > Candy & Chocolate	Candy > Sugar-Free
154397		Sugar-Free Pecan Snappers – Dark Chocolate – NEW	We offer to you a lovely sugar free Turtle to satisfy your sweet tooth. Our sugar-free chocolates are distinctly chosen to get the best taste. NOW available in DARK chocolate. Our Sugar-Free chocolates are sweetened with Maltitol.	https://candylandstore.com/shop/sugar-free-pecan-snappers-dark-chocolate-new/	https://candylandstore.com/wp-content/uploads/2025/06/dark-chocolate-SF-turtle.jpg	in_stock	29.99 USD		Candyland	new	no	Food, Beverages & Tobacco > Food Items > Candy & Chocolate	Candy > Dark Chocolate > Father's Day
1242		Sugar-Free Pecan Snappers – Milk Chocolate	We offer to you a lovely sugar free Turtle to satisfy your sweet tooth. Our sugar-free chocolates are distinctly chosen to get the best taste. Only available in milk chocolate. Our Sugar Free chocolates are sweetened with Maltitol.	https://candylandstore.com/shop/sugar-free-pecan-turtles/	https://candylandstore.com/wp-content/uploads/2016/07/SF-milk-turtle.jpg	in_stock	29.99 USD		Candyland	new	no	Food, Beverages & Tobacco > Food Items > Candy & Chocolate	Candy > Sugar-Free
145956		Swedish Fish	These rich and filling fish have a sweet gel texture along with a fun shape and bright colors. Sink your teeth into a Swedish Fish for a surprising explosion of unique flavor. Try the red ones, have you ever had a lingonberry-favored fishy? YUM!	https://candylandstore.com/shop/swedish-fish/	https://candylandstore.com/wp-content/uploads/2024/01/swedish-fish-.jpg	in_stock	7.50 USD		Candyland	new	no	Food, Beverages & Tobacco > Food Items > Candy & Chocolate	Additional Sweets & Treats > Candy > Holidays
123882		Sweet Holiday Wishes Box	Our Sweet Holiday Wishes Box artwork is brought to you by the third-generation Candyland Lamb family’s grandchildren, with the help of a dear friend and artist, Terri Gearhart.	https://candylandstore.com/shop/sweet-holiday-wishes-2/	https://candylandstore.com/wp-content/uploads/2022/11/11-scaled.jpg	in_stock	39.95 USD		Candyland	new	no	Food, Beverages & Tobacco > Food Items > Candy & Chocolate	Christmas > Christmas Sweets & Treats > Holidays
147099		Sweet Tart Happy Hearts	Crunchy, sweet with a hint of tart to make your taste buds do a dance!	https://candylandstore.com/shop/sweet-tart-happy-hearts/	https://candylandstore.com/wp-content/uploads/2018/01/sweet-tart-happy-hearts.png	in_stock	6.00 USD		Candyland	new	no	Food, Beverages & Tobacco > Food Items > Candy & Chocolate	Candy > Holidays > Sours
28658		S’mores	S’mores	https://candylandstore.com/shop/smores/	https://candylandstore.com/wp-content/uploads/2020/04/smore.jpg	in_stock	4.50 USD		Candyland	new	no	Food, Beverages & Tobacco > Food Items > Candy & Chocolate	Birthdays > Chocolate Covered > Christmas
158984		Tangerine Salt Water Taffy	Ingredients: CORN SYRUP, SUGAR, COCONUT OIL, SEA SALT, EGG WHITES, CITRIC ACID, EVAPORATED MILK, NATURAL FLAVOR, ARTIFICIAL COLOR (INCLUDING FD&C RED 40, YELLOW 5)	https://candylandstore.com/shop/tangerine-salt-water-taffy/	https://candylandstore.com/wp-content/uploads/2026/03/3.jpg	in_stock	6.50 USD		Candyland	new	no	Food, Beverages & Tobacco > Food Items > Candy & Chocolate	Birthdays > Candy > Halloween
7882		Thank You – Nut Tin	POPCORN TINS PROUDLY MADE IN USA	https://candylandstore.com/shop/thank-nut-tin-2/	https://candylandstore.com/wp-content/uploads/2017/10/Thank-You2.png	in_stock	21.00 USD		Candyland	new	no	Food, Beverages & Tobacco > Food Items > Candy & Chocolate	Holidays > Nut Tins > Nuts
37965		Thinking of You – Nut Tin	NUT TINS PROUDLY MADE IN USA	https://candylandstore.com/shop/thinking-of-you-nut-tin/	https://candylandstore.com/wp-content/uploads/2020/04/Round_ThinkingOfYou_Digital.jpg	in_stock	21.00 USD		Candyland	new	no	Food, Beverages & Tobacco > Food Items > Candy & Chocolate	Birthdays > Christmas > Christmas Sweets & Treats
160438		Toasted Coconut Chocolate Marshmallows – Coming Soon!	Chocolate Coconut Marshmallows Indulge in a delicious combination of soft, fluffy marshmallows, rich chocolate, and golden toasted coconut. Each sweet treat is generously coated in smooth chocolate and rolled in toasted coconut for a delightful crunch and irresistible flavor. The perfect balance of creamy, chewy, chocolatey, and toasty in every bite! Approximately 15-17 pieces per pound.	https://candylandstore.com/shop/chocolate-coconut-marshmallows-coming-soon/	https://candylandstore.com/wp-content/uploads/2025/09/2-1.jpg	in_stock	25.99 USD		Candyland	new	no	Food, Beverages & Tobacco > Food Items > Candy & Chocolate	Chocolate Covered > Christmas > Dark Chocolate
145888		TOXIC WASTE (SOUR)	Dangerously sour hard candies in an assortment of flavors including lemon, black cherry, blue raspberry, apple, and watermelon. Hard candy	https://candylandstore.com/shop/toxic-waste-sour/	https://candylandstore.com/wp-content/uploads/2023/10/toxic-waste.jpg	in_stock	6.00 USD		Candyland	new	no	Food, Beverages & Tobacco > Food Items > Candy & Chocolate	Candy > Hard Candies > Holidays
155042		Trick? Or Treat? Bursting tin of Body Part Gummies	Open if you DARE! This cute, but spooky tin will be filled with everyone’s favorite body part gummies. Are you or anyone you know up for the challenge? The Perfect gift for any trick-or-treater, or at any Halloween party.	https://candylandstore.com/shop/trick-or-treat/	https://candylandstore.com/wp-content/uploads/2025/09/hocus-pocus-body-part-scaled.jpg	in_stock	16.95 USD		Candyland	new	no	Food, Beverages & Tobacco > Food Items > Candy & Chocolate	Gummis > Halloween > Packages
149415		Trimming the Tree – Nut Tin	NUT TINS PROUDLY MADE IN USA	https://candylandstore.com/shop/trimming-the-tree-nut-tin/	https://candylandstore.com/wp-content/uploads/2024/07/1-5.jpg	in_stock	21.00 USD		Candyland	new	no	Food, Beverages & Tobacco > Food Items > Candy & Chocolate	Christmas > Christmas Sweets & Treats > Corporate Events
154864		Tropical Punch Salt Water Taffy	Beat the heat with our tangy Tropical Punch taffy! This soft and chewy salt water taffy will satisfy your sweet juice cravings with its fruity punch flavor. Ingredients : CORN SYRUP, SUGAR, COCONUT OIL, SEA SALT, EGG WHITES, MALIC ACID, CITRIC ACID, EVAPORATED MILK, NATURAL AND ARTIFICIAL FLAVOR, ARTIFICIAL COLORS (INCLUDING FD&C BLUE 1, RED 40)	https://candylandstore.com/shop/tropical-punch-salt-water-taffy/	https://candylandstore.com/wp-content/uploads/2025/08/6-scaled.jpg	in_stock	6.50 USD		Candyland	new	no	Food, Beverages & Tobacco > Food Items > Candy & Chocolate	Birthdays > Candy > Halloween
3115		Two Pound Assorted Chocolate Box	Two pounds of Assorted Chocolates? Well, hey! Why not 2 POUNDS? In this colossal box of gourmet deliciousness, you get the following: Pecan & Cashew Snappers, Butter Cremes, Toffee Bars, Chocolate Covered Caramels, (Gasp for Air)…. Bon Bons, Almond Bark, Nut Clusters, Chocolate Covered Pretzels, and much more! Assorted Chocolates come in a variety of Milk, Dark & White Chocolate. The best part is some gold-wrapped solid Stars to top it off!	https://candylandstore.com/shop/two-pound-assorted-chocolate-box/	https://candylandstore.com/wp-content/uploads/2016/08/Candyland-Web-18.jpg	in_stock	53.95 USD		Candyland	new	no	Food, Beverages & Tobacco > Food Items > Candy & Chocolate	Birthdays > Father's Day > Fine Chocolates
113485		Two Pound Assorted Chocolates for the Queen Bee	One Pound of Assorted Chocolates? Well, hey! Why not 2 POUNDS only for the Queen! In this colossal box of gourmet deliciousness, you get the following: Pecan & Cashew Snappers, Butter Cremes, Toffee Bars & Victorian Brittles, Chocolate Covered Caramels, (Gasp for Air)… Bon Bons, Almond Bark, Nut Clusters, Chocolate Covered Pretzels, and much much more! Assorted Chocolates come in a variety of Milk, Dark & White Chocolate. The best part is some fancy foiled bee’s to top it off!	https://candylandstore.com/shop/two-pound-assorted-chocolates-for-the-queen-bee/	https://candylandstore.com/wp-content/uploads/2022/04/queenbeebox.png	in_stock	53.95 USD		Candyland	new	no	Food, Beverages & Tobacco > Food Items > Candy & Chocolate	Fine Chocolates > Gourmet Chocolate Gift Boxes > Mother’s Day
1224		Unicorn Pops	Long and narrow and full of fun! Strawberry Banana flavored classic delicate twist pops.	https://candylandstore.com/shop/unicorn-pop-suckers/	https://candylandstore.com/wp-content/uploads/2016/06/CandyLand_20030610_0109-1.jpg	in_stock	1.75 USD		Candyland	new	no	Food, Beverages & Tobacco > Food Items > Candy & Chocolate	Candy > Lolli Pops
107449		Valentine boxes-3 Pack	Send your family, friends, or your loved ones home with a hug and some fancy Candyland chocolates in this vibrant red heart-shaped box. *Please note not all boxes will be filled with the exact chocolates. Each box is put together by hand with a variety of hand picked chocolates in milk, Dark & white chocolates.*	https://candylandstore.com/shop/valentines-heart-boxes-3-pack/	https://candylandstore.com/wp-content/uploads/2022/01/DSC_0176.png	in_stock	36.00 USD		Candyland	new	no	Food, Beverages & Tobacco > Food Items > Candy & Chocolate	Fine Chocolates > Gourmet Chocolate Gift Boxes > Packages
158387		Valentine Heart Pretzels	A deliciously sweet & “lovely” White Chocolate covered pretzel with bright red sprinkles, sure to bring love to anyone’s heart.	https://candylandstore.com/shop/valentine-heart-pretzels/	https://candylandstore.com/wp-content/uploads/2018/01/Heart-Shaped-Pretzels-.jpg	in_stock	7.50 USD		Candyland	new	no	Food, Beverages & Tobacco > Food Items > Candy & Chocolate	Additional Sweets & Treats > Bulk Chocolate > Candy
27830		Vanilla Butter Crèmes	Sweet & Smooth Vanilla Butter Crème dipped in Luxurious Milk Chocolate or Creamy, Rich Dark Chocolate!	https://candylandstore.com/shop/vanilla-butter-cremes/	https://candylandstore.com/wp-content/uploads/2020/03/DSC_0537.jpg	in_stock	25.99 USD		Candyland	new	no	Food, Beverages & Tobacco > Food Items > Candy & Chocolate	Chocolate Covered > Fine Chocolates > More Fine Chocolate
148066		Vanilla Salt Water Taffy	Taffy is a GLUTEN & PEANUT FREE product.	https://candylandstore.com/shop/vanilla-salt-water-taffy-2/	https://candylandstore.com/wp-content/uploads/2017/04/Vanilla.png	in_stock	6.50 USD		Candyland	new	no	Food, Beverages & Tobacco > Food Items > Candy & Chocolate	Birthdays > Candy > Holidays
970		Victorian Brittle	Our own old fashioned recipe, hand-made toffee brittle made with fresh almonds, covered with rich milk chocolate and topped off with more almonds. A gentle crunchy bar with almonds in and on the top of chocolate covered toffee.	https://candylandstore.com/shop/hand-made-toffee-brittle-made-fresh-almonds-covered-rich-milk-chocolate-topped-off-almonds-gentle-crunchy-bar-almonds-top-chocolate-covered/	https://candylandstore.com/wp-content/uploads/2016/06/CandyLand_20030610_0112-1-e1472487912563.jpg	in_stock	25.99 USD		Candyland	new	no	Food, Beverages & Tobacco > Food Items > Candy & Chocolate	Brittles & Barks > Father's Day > Fine Chocolates
17642		Village Christmas – 1 Lb Nut Tin	TINS PROUDLY MADE IN USA Volume Discounts: 5% off for 25-49 tins 10% off for 50-149 tins 15% off for 150+ tins	https://candylandstore.com/shop/blanket-of-white-2-2/	https://candylandstore.com/wp-content/uploads/2019/10/Screen-Shot-2019-10-30-at-8.58.11-AM.png	in_stock	20.50 USD		Candyland	new	no	Food, Beverages & Tobacco > Food Items > Candy & Chocolate	Christmas > Christmas Sweets & Treats > Nut Tins
146239		Wallaby Gourmet Black Licorice	With a soft texture and an easy bite, this Australian treat has a little bit of a tang. Coming through that chewy flavor is the strong taste of smooth black licorice. Each piece measures approximately 1/2 inch thick by 1 – 7/8 inches long. Ingredients : Enriched Wheat Flour (wheat, iron, niacin, thiamin, riboflavin, folic acid), Sugar, Water, Cane Syrup, Dextrose, Rice Syrup, High Fructose Corn Syrup, Corn Syrup, Modified Food Starch (corn), Licorice Extract, Palm Oil, Natural Flavor, Glycerin, Soy Mono & Diglycerides, Potassium Sorbate (preservative), Salt, Artificial Colors FD&C Red 40, Yellow 5, Blue 1. Contains: Soy and Wheat.	https://candylandstore.com/shop/wallaby-gourmet-black-licorice-2/	https://candylandstore.com/wp-content/uploads/2016/08/Candyland-Web-37.jpg	in_stock	7.50 USD		Candyland	new	no	Food, Beverages & Tobacco > Food Items > Candy & Chocolate	Candy > Father's Day > Holidays
146250		Wallaby Gourmet Red Licorice	Slightly larger than bite-sized pieces of sweet Australian licorice. With a slightly tart aftertaste that lingers and leaves you wanting more, these are a truly unique licorice experience. Also available in black licorice. Ingredients : Sugar, Corn Syrup, Enriched Wheat Flour (wheat, iron, niacin, thiamine, riboflavin, folic acid), water, cane syrup, modified food starch (corn), Palm Oil, Citric Acid, Natural and Artificial Flavor, Malic Acid, Soy Mono & Diglycerides, Sodium Citrate, Potassium Sorbate (preservative), Salt, FD&C Red 40. Contains: Soy and Wheat.	https://candylandstore.com/shop/wallaby-gourmet-red-licorice-2/	https://candylandstore.com/wp-content/uploads/2016/08/Candyland-Web-36.jpg	in_stock	7.50 USD		Candyland	new	no	Food, Beverages & Tobacco > Food Items > Candy & Chocolate	Candy > Father's Day > Holidays
148022		Watermelon Salt Water Taffy	Taffy is a GLUTEN & PEANUT FREE product.	https://candylandstore.com/shop/watermelon-salt-water-taffy/	https://candylandstore.com/wp-content/uploads/2017/05/Watermelon.png	in_stock	6.50 USD		Candyland	new	no	Food, Beverages & Tobacco > Food Items > Candy & Chocolate	Birthdays > Candy > Holidays
1230		Whirly Pops	The perfectly swirled into a circle and flatted with delicacy, a classic looking lollipop available in fruit variety flavors!	https://candylandstore.com/shop/whirly-pops/	https://candylandstore.com/wp-content/uploads/2016/06/CandyLand_20030619_0087-1.jpg	in_stock	4.00 USD		Candyland	new	no	Food, Beverages & Tobacco > Food Items > Candy & Chocolate	Candy > Lolli Pops
5183		White Cheddar Popcorn	Massive Mushroom Popcorn Air popped to Perfection! Then delicately hand stirred in a copper kettle coating with a cool & rich White Cheddar topping thats irresistible!	https://candylandstore.com/shop/white-cheddar-popcorn/	https://candylandstore.com/wp-content/uploads/2016/11/white-Cheddar.jpg	in_stock	13.25 USD		Candyland	new	no	Food, Beverages & Tobacco > Food Items > Candy & Chocolate	Bagged Popcorn
3066		White Chocolate Almond Bark	White Chocolate Almond Bark	https://candylandstore.com/shop/almond-bark/	https://candylandstore.com/wp-content/uploads/2016/06/CandyLand_20030610_0114-1-e1472487877995.jpg	in_stock	25.99 USD		Candyland	new	no	Food, Beverages & Tobacco > Food Items > Candy & Chocolate	Brittles & Barks > Fine Chocolates
159045		Wings of Beauty – Nut Tin	TINS PROUDLY MADE IN USA	https://candylandstore.com/shop/wings-of-beauty-nut-tin/	https://candylandstore.com/wp-content/uploads/2026/03/28-1.jpg	in_stock	21.00 USD		Candyland	new	no	Food, Beverages & Tobacco > Food Items > Candy & Chocolate	Mother’s Day > Nut Tins > Nuts
158041		With Love – Nut Tin	NUT TINS PROUDLY MADE IN USA	https://candylandstore.com/shop/with-love-nut-tin/	https://candylandstore.com/wp-content/uploads/2026/01/33.jpg	in_stock	37.50 USD		Candyland	new	no	Food, Beverages & Tobacco > Food Items > Candy & Chocolate	Mother’s Day > Nut Tins > Nuts
2360		Yogurt Covered Pretzels	The crumbly, salty crunch of a twisted pretzel can’t easily be improved, but one surefire way to add something special is to coat a pretzel in smooth yogurt. The sweet white layer of yogurt is accentuated by the salty pretzel, and brings out the savory bite of pretzel.	https://candylandstore.com/shop/yogurt-covered-pretzels/	https://candylandstore.com/wp-content/uploads/2016/06/CandyLand_20030514_0158-1.jpg	in_stock	12.99 USD		Candyland	new	no	Food, Beverages & Tobacco > Food Items > Candy & Chocolate	Additional Sweets & Treats > Candy
