id	title	brand	link	vehicle MSRP	description	image_link	availability	condition	product_type	google_product_category	MPN	link_template	color	mileage	model	vin	year	price	store code	MSRP	mileage.unit	custom_label_0
4T1BK1EB2HU248995	2017 Toyota Avalon	Toyota	https://www.carlsontoyota.com/inventory/certified-used-2017-toyota-avalon-fwd-4-dr-touring-4t1bk1eb2hu248995/	22524 USD	2017 MAGNETIC GRAY MET. Toyota Avalon Used 2017 Toyota Avalon 4-DR TOURING For sale at Carlson Toyota in Coon Rapids Minnesota.	https://www.carlsontoyota.com/wp-content/plugins/inventory/images/notfound.jpg	in stock	USED	OTHER	Vehicles & Parts > Vehicles > Motor Vehicles > Cars, Trucks & Vans	4T1BK1EB2HU248995	https://www.carlsontoyota.com/inventory/certified-used-2017-toyota-avalon-fwd-4-dr-touring-4t1bk1eb2hu248995/123?store={store_code}	GRAY	70045 miles	Avalon	4T1BK1EB2HU248995	2017	22524 USD	CT100	22524 USD	MI	Avalon
5YFB4MDE3RP111669	2024 Toyota Corolla LE	Toyota	https://www.carlsontoyota.com/inventory/certified-used-2024-toyota-corolla-le-fwd-4d-sedan-5yfb4mde3rp111669/	22178 USD	2024 Toyota Corolla Used 2024 Toyota Corolla LE 4D Sedan 2.0L I4 DOHC 16V For sale at Carlson Toyota in Coon Rapids Minnesota.	https://vehicle-images.carscommerce.inc/fdf1-110008693/5YFB4MDE3RP111669/thumbnails/large/9cda98de8c591e1ac931f41d6b297667.webp	in stock	USED	OTHER	Vehicles & Parts > Vehicles > Motor Vehicles > Cars, Trucks & Vans	5YFB4MDE3RP111669	https://www.carlsontoyota.com/inventory/certified-used-2024-toyota-corolla-le-fwd-4d-sedan-5yfb4mde3rp111669/123?store={store_code}	NA	55444 miles	Corolla	5YFB4MDE3RP111669	2024	22178 USD	CT100	22178 USD	MI	Corolla
5YFB4MDE5RP156239	2024 Toyota Corolla LE	Toyota	https://www.carlsontoyota.com/inventory/certified-used-2024-toyota-corolla-le-fwd-4d-sedan-5yfb4mde5rp156239/	21898 USD	2024 Toyota Corolla Used 2024 Toyota Corolla LE 4D Sedan 2.0L I4 DOHC 16V For sale at Carlson Toyota in Coon Rapids Minnesota.	https://vehicle-images.carscommerce.inc/4b17-110008693/5YFB4MDE5RP156239/thumbnails/large/0a4a98650cc9e2ee42642f1ffaf14dee.webp	in stock	USED	OTHER	Vehicles & Parts > Vehicles > Motor Vehicles > Cars, Trucks & Vans	5YFB4MDE5RP156239	https://www.carlsontoyota.com/inventory/certified-used-2024-toyota-corolla-le-fwd-4d-sedan-5yfb4mde5rp156239/123?store={store_code}	NA	58007 miles	Corolla	5YFB4MDE5RP156239	2024	21898 USD	CT100	21898 USD	MI	Corolla
4T1DAACKXSU010012	2025 Toyota Camry SE	Toyota	https://www.carlsontoyota.com/inventory/certified-used-2025-toyota-camry-se-fwd-4d-sedan-4t1daackxsu010012/	28272 USD	2025 Toyota Camry Used 2025 Toyota Camry SE 4D Sedan 2.5L 4-Cylinder 16V DOHC For sale at Carlson Toyota in Coon Rapids Minnesota.	https://vehicle-images.carscommerce.inc/4a08-110008693/4T1DAACKXSU010012/thumbnails/large/8b90ff65f0120e285d68d951fd365734.webp	in stock	USED	OTHER	Vehicles & Parts > Vehicles > Motor Vehicles > Cars, Trucks & Vans	4T1DAACKXSU010012	https://www.carlsontoyota.com/inventory/certified-used-2025-toyota-camry-se-fwd-4d-sedan-4t1daackxsu010012/123?store={store_code}	NA	55669 miles	Camry	4T1DAACKXSU010012	2025	28272 USD	CT100	28272 USD	MI	Camry
2T3P1RFV3SW568941	2025 Toyota RAV4 XLE	Toyota	https://www.carlsontoyota.com/inventory/certified-used-2025-toyota-rav4-xle-awd-4d-sport-utility-2t3p1rfv3sw568941/	32891 USD	2025 Toyota RAV4 Used 2025 Toyota RAV4 XLE 4D Sport Utility 2.5L 4-Cylinder DOHC Dual VVT-i For sale at Carlson Toyota in Coon Rapids Minnesota.	https://vehicle-images.carscommerce.inc/77d1-110008693/2T3P1RFV3SW568941/thumbnails/large/cd2e6047cd457aa58c956f17a939365b.webp	in stock	USED	SUV	Vehicles & Parts > Vehicles > Motor Vehicles > Cars, Trucks & Vans	2T3P1RFV3SW568941	https://www.carlsontoyota.com/inventory/certified-used-2025-toyota-rav4-xle-awd-4d-sport-utility-2t3p1rfv3sw568941/123?store={store_code}	NA	37416 miles	RAV4	2T3P1RFV3SW568941	2025	32891 USD	CT100	32891 USD	MI	RAV4
5TDYRKEC8SS242994	2025 Toyota Sienna	Toyota	https://www.carlsontoyota.com/inventory/certified-used-2025-toyota-sienna-fwd-8-passenger-5tdyrkec8ss242994/	44402 USD	2025 DK. BLUE MC. Toyota Sienna Used 2025 Toyota Sienna 8 PASSENGER For sale at Carlson Toyota in Coon Rapids Minnesota.	https://vehicle-images.carscommerce.inc/c2e7-110008693/5TDYRKEC8SS242994/thumbnails/large/4160072fbaeaf46c9e9e13aac2bc7b4d.webp	in stock	USED	VAN	Vehicles & Parts > Vehicles > Motor Vehicles > Cars, Trucks & Vans	5TDYRKEC8SS242994	https://www.carlsontoyota.com/inventory/certified-used-2025-toyota-sienna-fwd-8-passenger-5tdyrkec8ss242994/123?store={store_code}	BLUE	35687 miles	Sienna	5TDYRKEC8SS242994	2025	44402 USD	CT100	44402 USD	MI	Sienna
JTEVB5BR1T5059859	2026 Toyota 4Runner i-FORCE MAX 4Runner TRD Pro	Toyota	https://www.carlsontoyota.com/inventory/new-2026-toyota-4runner-i-force-max-4runner-trd-pro-part-time-4-wheel-drive-4wd-trd-pro-jtevb5br1t5059859/	74398 USD	2026 Wave Maker 1 Toyota 4Runner i-FORCE MAX New 2026 Toyota 4Runner i-FORCE MAX 4Runner TRD Pro 4WD TRD Pro i-FORCE MAX 2.4L 4-Cyl. Turbo Hybrid Powertrain For sale at Carlson Toyota in Coon Rapids Minnesota.	https://delivery.via.assetscs.toyota.com/adobe/assets/urn:aaid:aem:d8d3b664-3a8d-4470-aa48-1ae1458d7119/as/image.png?fmt=png-alpha,rgb,none	in stock	NEW	SUV	Vehicles & Parts > Vehicles > Motor Vehicles > Cars, Trucks & Vans	JTEVB5BR1T5059859	https://www.carlsontoyota.com/inventory/new-2026-toyota-4runner-i-force-max-4runner-trd-pro-part-time-4-wheel-drive-4wd-trd-pro-jtevb5br1t5059859/123?store={store_code}	NA	0 miles	4Runner i-FORCE MAX	JTEVB5BR1T5059859	2026	74398 USD	CT100	74398 USD	MI	4Runner i-FORCE MAX
JTEVA5BR8T5171772	2026 Toyota 4Runner SR5	Toyota	https://www.carlsontoyota.com/inventory/new-2026-toyota-4runner-sr5-part-time-4-wheel-drive-4wd-sr5-jteva5br8t5171772/	47353 USD	2026 Underground Toyota 4Runner New 2026 Toyota 4Runner SR5 4WD SR5 i-FORCE 2.4L 4-Cyl. Turbo For sale at Carlson Toyota in Coon Rapids Minnesota.	https://delivery.via.assetscs.toyota.com/adobe/assets/urn:aaid:aem:1349b1f2-096b-4ac6-81c0-f38d59219bf1/as/image.png?fmt=png-alpha,rgb,none	in stock	NEW	SUV	Vehicles & Parts > Vehicles > Motor Vehicles > Cars, Trucks & Vans	JTEVA5BR8T5171772	https://www.carlsontoyota.com/inventory/new-2026-toyota-4runner-sr5-part-time-4-wheel-drive-4wd-sr5-jteva5br8t5171772/123?store={store_code}	NA	0 miles	4Runner	JTEVA5BR8T5171772	2026	47353 USD	CT100	47353 USD	MI	4Runner
JTEVA5BRXT5164810	2026 Toyota 4Runner TRD Off-Road Premium	Toyota	https://www.carlsontoyota.com/inventory/new-2026-toyota-4runner-trd-off-road-premium-part-time-4-wheel-drive-4wd-trd-off-rd-prem-jteva5brxt5164810/	61528 USD	2026 Underground Toyota 4Runner New 2026 Toyota 4Runner TRD Off-Road Premium 4WD TRD OFF-RD PREM i-FORCE 2.4L 4-Cyl. Turbo For sale at Carlson Toyota in Coon Rapids Minnesota.	https://delivery.via.assetscs.toyota.com/adobe/assets/urn:aaid:aem:b46b4600-d940-45b8-a155-dc91521e5971/as/image.png?fmt=png-alpha,rgb,none	in stock	NEW	SUV	Vehicles & Parts > Vehicles > Motor Vehicles > Cars, Trucks & Vans	JTEVA5BRXT5164810	https://www.carlsontoyota.com/inventory/new-2026-toyota-4runner-trd-off-road-premium-part-time-4-wheel-drive-4wd-trd-off-rd-prem-jteva5brxt5164810/123?store={store_code}	NA	0 miles	4Runner	JTEVA5BRXT5164810	2026	61528 USD	CT100	61528 USD	MI	4Runner
JTEVA5BR9T5163065	2026 Toyota 4Runner TRD Sport Premium	Toyota	https://www.carlsontoyota.com/inventory/new-2026-toyota-4runner-trd-sport-premium-part-time-4-wheel-drive-4wd-trd-sport-prem-jteva5br9t5163065/	59533 USD	2026 Underground Toyota 4Runner New 2026 Toyota 4Runner TRD Sport Premium 4WD TRD SPORT PREM i-FORCE 2.4L 4-Cyl. Turbo For sale at Carlson Toyota in Coon Rapids Minnesota.	https://vehicle-images.carscommerce.inc/5e62-110008693/JTEVA5BR9T5163065/9011747f0eacb7f28770373e081197c7.webp	in stock	NEW	SUV	Vehicles & Parts > Vehicles > Motor Vehicles > Cars, Trucks & Vans	JTEVA5BR9T5163065	https://www.carlsontoyota.com/inventory/new-2026-toyota-4runner-trd-sport-premium-part-time-4-wheel-drive-4wd-trd-sport-prem-jteva5br9t5163065/123?store={store_code}	NA	0 miles	4Runner	JTEVA5BR9T5163065	2026	59533 USD	CT100	59533 USD	MI	4Runner
JTMBGAHB3TY619617	2026 Toyota bZ Woodland	Toyota	https://www.carlsontoyota.com/inventory/new-2026-toyota-bz-woodland-all-wheel-drive-premium-awd-jtmbgahb3ty619617/	49510 USD	2026 Raven Toyota bZ Woodland New 2026 Toyota bZ Woodland Premium AWD Dual Electric Motors For sale at Carlson Toyota in Coon Rapids Minnesota.	https://vehicle-images.carscommerce.inc/35f9-110008693/JTMBGAHB3TY619617/298435c128001dd6702cfe108d7f47f6.webp	in stock	NEW	OTHER	Vehicles & Parts > Vehicles > Motor Vehicles > Cars, Trucks & Vans	JTMBGAHB3TY619617	https://www.carlsontoyota.com/inventory/new-2026-toyota-bz-woodland-all-wheel-drive-premium-awd-jtmbgahb3ty619617/123?store={store_code}	NA	0 miles	bZ Woodland	JTMBGAHB3TY619617	2026	49510 USD	CT100	49510 USD	MI	bZ Woodland
JTMAAAAD2TJ027255	2026 Toyota C-HR XSE	Toyota	https://www.carlsontoyota.com/inventory/new-2026-toyota-c-hr-xse-all-wheel-drive-xse-awd-jtmaaaad2tj027255/	43669 USD	2026 Tandoori Toyota C-HR New 2026 Toyota C-HR XSE XSE AWD Dual Electric Motors For sale at Carlson Toyota in Coon Rapids Minnesota.	https://vehicle-images.carscommerce.inc/98b6-110008693/JTMAAAAD2TJ027255/ccb32b51ac035c05ef906de5ac0cf343.webp	in stock	NEW	OTHER	Vehicles & Parts > Vehicles > Motor Vehicles > Cars, Trucks & Vans	JTMAAAAD2TJ027255	https://www.carlsontoyota.com/inventory/new-2026-toyota-c-hr-xse-all-wheel-drive-xse-awd-jtmaaaad2tj027255/123?store={store_code}	NA	0 miles	C-HR	JTMAAAAD2TJ027255	2026	43669 USD	CT100	43669 USD	MI	C-HR
4T1DBADK9TU39B420	2026 Toyota Camry SE AWD	Toyota	https://www.carlsontoyota.com/inventory/new-2026-toyota-camry-se-awd-all-wheel-drive-se-awd-4t1dbadk9tu39b420/	38929 USD	2026 Dark Cosmos 1 Toyota Camry New 2026 Toyota Camry SE AWD SE AWD 2.5L 4-Cyl. Gas/Electric Hybrid For sale at Carlson Toyota in Coon Rapids Minnesota.	https://delivery.via.assetscs.toyota.com/adobe/assets/urn:aaid:aem:955ac114-947e-4d1d-82b0-a4cc6981b5c8/as/image.png?fmt=png-alpha,rgb,none	in stock	NEW	OTHER	Vehicles & Parts > Vehicles > Motor Vehicles > Cars, Trucks & Vans	4T1DBADK9TU39B420	https://www.carlsontoyota.com/inventory/new-2026-toyota-camry-se-awd-all-wheel-drive-se-awd-4t1dbadk9tu39b420/123?store={store_code}	NA	0 miles	Camry	4T1DBADK9TU39B420	2026	38929 USD	CT100	38929 USD	MI	Camry
4T1DAACK2TU39B568	2026 Toyota Camry SE	Toyota	https://www.carlsontoyota.com/inventory/new-2026-toyota-camry-se-front-wheel-drive-se-4t1daack2tu39b568/	36929 USD	2026 Ocean Gem Toyota Camry New 2026 Toyota Camry SE SE 2.5L 4-Cyl. Gas/Electric Hybrid For sale at Carlson Toyota in Coon Rapids Minnesota.	https://delivery.via.assetscs.toyota.com/adobe/assets/urn:aaid:aem:32aea905-d882-469c-80c5-fa2104f1d6fb/as/image.png?fmt=png-alpha,rgb,none	in stock	NEW	OTHER	Vehicles & Parts > Vehicles > Motor Vehicles > Cars, Trucks & Vans	4T1DAACK2TU39B568	https://www.carlsontoyota.com/inventory/new-2026-toyota-camry-se-front-wheel-drive-se-4t1daack2tu39b568/123?store={store_code}	NA	0 miles	Camry	4T1DAACK2TU39B568	2026	36929 USD	CT100	36929 USD	MI	Camry
4T1DAACK2TU787463	2026 Toyota Camry SE	Toyota	https://www.carlsontoyota.com/inventory/new-2026-toyota-camry-se-front-wheel-drive-se-4t1daack2tu787463/	34524 USD	2026 Ocean Gem Toyota Camry New 2026 Toyota Camry SE SE 2.5L 4-Cyl. Gas/Electric Hybrid For sale at Carlson Toyota in Coon Rapids Minnesota.	https://vehicle-images.carscommerce.inc/406c-110008693/4T1DAACK2TU787463/9f5204d84693a77d10aae097eb41bd7c.webp	in stock	NEW	OTHER	Vehicles & Parts > Vehicles > Motor Vehicles > Cars, Trucks & Vans	4T1DAACK2TU787463	https://www.carlsontoyota.com/inventory/new-2026-toyota-camry-se-front-wheel-drive-se-4t1daack2tu787463/123?store={store_code}	NA	0 miles	Camry	4T1DAACK2TU787463	2026	34524 USD	CT100	34524 USD	MI	Camry
4T1DBADK3TU569009	2026 Toyota Camry XSE AWD	Toyota	https://www.carlsontoyota.com/inventory/new-2026-toyota-camry-xse-awd-all-wheel-drive-xse-awd-4t1dbadk3tu569009/	47087 USD	2026 Dark Cosmos 1 Toyota Camry New 2026 Toyota Camry XSE AWD XSE AWD 2.5L 4-Cyl. Gas/Electric Hybrid For sale at Carlson Toyota in Coon Rapids Minnesota.	https://delivery.via.assetscs.toyota.com/adobe/assets/urn:aaid:aem:10896fa3-c737-4b57-94d9-c8397f81d990/as/image.png?fmt=png-alpha,rgb,none	in stock	NEW	OTHER	Vehicles & Parts > Vehicles > Motor Vehicles > Cars, Trucks & Vans	4T1DBADK3TU569009	https://www.carlsontoyota.com/inventory/new-2026-toyota-camry-xse-awd-all-wheel-drive-xse-awd-4t1dbadk3tu569009/123?store={store_code}	NA	0 miles	Camry	4T1DBADK3TU569009	2026	47087 USD	CT100	47087 USD	MI	Camry
7MUBAABG4TV207245	2026 Toyota Corolla Cross LE	Toyota	https://www.carlsontoyota.com/inventory/new-2026-toyota-corolla-cross-le-all-wheel-drive-le-awd-7mubaabg4tv207245/	31208 USD	2026 Celestite Toyota Corolla Cross New 2026 Toyota Corolla Cross LE LE - AWD 2.0L 4-Cyl. For sale at Carlson Toyota in Coon Rapids Minnesota.	https://vehicle-images.carscommerce.inc/2329-110008693/7MUBAABG4TV207245/c98b12a5a394702ba7cd4bd824cd9447.webp	in stock	NEW	OTHER	Vehicles & Parts > Vehicles > Motor Vehicles > Cars, Trucks & Vans	7MUBAABG4TV207245	https://www.carlsontoyota.com/inventory/new-2026-toyota-corolla-cross-le-all-wheel-drive-le-awd-7mubaabg4tv207245/123?store={store_code}	NA	0 miles	Corolla Cross	7MUBAABG4TV207245	2026	31208 USD	CT100	31208 USD	MI	Corolla Cross
7MUCAABG8TV43A980	2026 Toyota Corolla Cross LE	Toyota	https://www.carlsontoyota.com/inventory/new-2026-toyota-corolla-cross-le-all-wheel-drive-le-awd-7mucaabg8tv43a980/	31879 USD	2026 Celestite Toyota Corolla Cross New 2026 Toyota Corolla Cross LE LE - AWD 2.0L 4-Cyl. For sale at Carlson Toyota in Coon Rapids Minnesota.	https://delivery.via.assetscs.toyota.com/adobe/assets/urn:aaid:aem:1f44762d-3b55-44c5-8b9b-cf0c61931af8/as/image.png?fmt=png-alpha,rgb,none	in stock	NEW	OTHER	Vehicles & Parts > Vehicles > Motor Vehicles > Cars, Trucks & Vans	7MUCAABG8TV43A980	https://www.carlsontoyota.com/inventory/new-2026-toyota-corolla-cross-le-all-wheel-drive-le-awd-7mucaabg8tv43a980/123?store={store_code}	NA	0 miles	Corolla Cross	7MUCAABG8TV43A980	2026	31879 USD	CT100	31879 USD	MI	Corolla Cross
7MUDAABG1TV38A721	2026 Toyota Corolla Cross XLE	Toyota	https://www.carlsontoyota.com/inventory/new-2026-toyota-corolla-cross-xle-all-wheel-drive-xle-awd-7mudaabg1tv38a721/	35504 USD	2026 Celestite Toyota Corolla Cross New 2026 Toyota Corolla Cross XLE XLE - AWD 2.0L 4-Cyl. For sale at Carlson Toyota in Coon Rapids Minnesota.	https://delivery.via.assetscs.toyota.com/adobe/assets/urn:aaid:aem:eb193162-8b63-4a45-baba-54d70ae622dd/as/image.png?fmt=png-alpha,rgb,none	in stock	NEW	OTHER	Vehicles & Parts > Vehicles > Motor Vehicles > Cars, Trucks & Vans	7MUDAABG1TV38A721	https://www.carlsontoyota.com/inventory/new-2026-toyota-corolla-cross-xle-all-wheel-drive-xle-awd-7mudaabg1tv38a721/123?store={store_code}	NA	0 miles	Corolla Cross	7MUDAABG1TV38A721	2026	35504 USD	CT100	35504 USD	MI	Corolla Cross
7MUDAABG3TV210033	2026 Toyota Corolla Cross XLE	Toyota	https://www.carlsontoyota.com/inventory/new-2026-toyota-corolla-cross-xle-all-wheel-drive-xle-awd-7mudaabg3tv210033/	35374 USD	2026 Celestite Toyota Corolla Cross New 2026 Toyota Corolla Cross XLE XLE - AWD 2.0L 4-Cyl. For sale at Carlson Toyota in Coon Rapids Minnesota.	https://media.rti.toyota.com/adobe/assets/urn:aaid:aem:c4e99d70-bcbb-43de-9082-ccff6e71bb81/as/image.png?size=1200,663	in stock	NEW	OTHER	Vehicles & Parts > Vehicles > Motor Vehicles > Cars, Trucks & Vans	7MUDAABG3TV210033	https://www.carlsontoyota.com/inventory/new-2026-toyota-corolla-cross-xle-all-wheel-drive-xle-awd-7mudaabg3tv210033/123?store={store_code}	NA	0 miles	Corolla Cross	7MUDAABG3TV210033	2026	35374 USD	CT100	35374 USD	MI	Corolla Cross
7MUDAABG7TV39C338	2026 Toyota Corolla Cross XLE	Toyota	https://www.carlsontoyota.com/inventory/new-2026-toyota-corolla-cross-xle-all-wheel-drive-xle-awd-7mudaabg7tv39c338/	35374 USD	2026 Celestite Toyota Corolla Cross New 2026 Toyota Corolla Cross XLE XLE - AWD 2.0L 4-Cyl. For sale at Carlson Toyota in Coon Rapids Minnesota.	https://delivery.via.assetscs.toyota.com/adobe/assets/urn:aaid:aem:eb193162-8b63-4a45-baba-54d70ae622dd/as/image.png?fmt=png-alpha,rgb,none	in stock	NEW	OTHER	Vehicles & Parts > Vehicles > Motor Vehicles > Cars, Trucks & Vans	7MUDAABG7TV39C338	https://www.carlsontoyota.com/inventory/new-2026-toyota-corolla-cross-xle-all-wheel-drive-xle-awd-7mudaabg7tv39c338/123?store={store_code}	NA	0 miles	Corolla Cross	7MUDAABG7TV39C338	2026	35374 USD	CT100	35374 USD	MI	Corolla Cross
7MUDAABG9TV39C180	2026 Toyota Corolla Cross XLE	Toyota	https://www.carlsontoyota.com/inventory/new-2026-toyota-corolla-cross-xle-all-wheel-drive-xle-awd-7mudaabg9tv39c180/	35374 USD	2026 Celestite Toyota Corolla Cross New 2026 Toyota Corolla Cross XLE XLE - AWD 2.0L 4-Cyl. For sale at Carlson Toyota in Coon Rapids Minnesota.	https://delivery.via.assetscs.toyota.com/adobe/assets/urn:aaid:aem:eb193162-8b63-4a45-baba-54d70ae622dd/as/image.png?fmt=png-alpha,rgb,none	in stock	NEW	OTHER	Vehicles & Parts > Vehicles > Motor Vehicles > Cars, Trucks & Vans	7MUDAABG9TV39C180	https://www.carlsontoyota.com/inventory/new-2026-toyota-corolla-cross-xle-all-wheel-drive-xle-awd-7mudaabg9tv39c180/123?store={store_code}	NA	0 miles	Corolla Cross	7MUDAABG9TV39C180	2026	35374 USD	CT100	35374 USD	MI	Corolla Cross
JTDBDMHE2T3039308	2026 Toyota Corolla Hybrid SE AWD	Toyota	https://www.carlsontoyota.com/inventory/new-2026-toyota-corolla-hybrid-se-awd-all-wheel-drive-se-awd-sedan-jtdbdmhe2t3039308/	31557 USD	2026 Celestite Toyota Corolla New 2026 Toyota Corolla Hybrid SE AWD SE AWD SEDAN 1.8L 4-Cyl. Hybrid For sale at Carlson Toyota in Coon Rapids Minnesota.	https://vehicle-images.carscommerce.inc/29ef-110008693/JTDBDMHE2T3039308/710c13b7ff0bcaf320eec39ffc3a2f6b.webp	in stock	NEW	OTHER	Vehicles & Parts > Vehicles > Motor Vehicles > Cars, Trucks & Vans	JTDBDMHE2T3039308	https://www.carlsontoyota.com/inventory/new-2026-toyota-corolla-hybrid-se-awd-all-wheel-drive-se-awd-sedan-jtdbdmhe2t3039308/123?store={store_code}	NA	0 miles	Corolla	JTDBDMHE2T3039308	2026	31557 USD	CT100	31557 USD	MI	Corolla
5TDADAB50TS055461	2026 Toyota Grand Highlander Hybrid MAX Limited	Toyota	https://www.carlsontoyota.com/inventory/new-2026-toyota-grand-highlander-hybrid-max-limited-all-wheel-drive-limited-hybrid-max-5tdadab50ts055461/	61463 USD	2026 Blueprint Toyota Grand Highlander New 2026 Toyota Grand Highlander Hybrid MAX Limited LIMITED HYBRID MAX For sale at Carlson Toyota in Coon Rapids Minnesota.	https://vehicle-images.carscommerce.inc/92e8-110008693/5TDADAB50TS055461/2eb2721e1a731ac374afb6c7d278ad7a.webp	in stock	NEW	SUV	Vehicles & Parts > Vehicles > Motor Vehicles > Cars, Trucks & Vans	5TDADAB50TS055461	https://www.carlsontoyota.com/inventory/new-2026-toyota-grand-highlander-hybrid-max-limited-all-wheel-drive-limited-hybrid-max-5tdadab50ts055461/123?store={store_code}	BLUE	0 miles	Grand Highlander	5TDADAB50TS055461	2026	61463 USD	CT100	61463 USD	MI	Grand Highlander
5TDADAB59TS055006	2026 Toyota Grand Highlander Hybrid MAX Platinum	Toyota	https://www.carlsontoyota.com/inventory/new-2026-toyota-grand-highlander-hybrid-max-platinum-all-wheel-drive-platinum-hybrid-max-5tdadab59ts055006/	64491 USD	2026 Cement Toyota Grand Highlander New 2026 Toyota Grand Highlander Hybrid MAX Platinum PLATINUM HYBRID MAX For sale at Carlson Toyota in Coon Rapids Minnesota.	https://vehicle-images.carscommerce.inc/d600-110008693/5TDADAB59TS055006/baffb3805d8143006da6f86f88c95cf4.webp	in stock	NEW	SUV	Vehicles & Parts > Vehicles > Motor Vehicles > Cars, Trucks & Vans	5TDADAB59TS055006	https://www.carlsontoyota.com/inventory/new-2026-toyota-grand-highlander-hybrid-max-platinum-all-wheel-drive-platinum-hybrid-max-5tdadab59ts055006/123?store={store_code}	GRAY	0 miles	Grand Highlander	5TDADAB59TS055006	2026	64491 USD	CT100	64491 USD	MI	Grand Highlander
2T36CRAV1TC39I888	2026 Toyota RAV4 LE	Toyota	https://www.carlsontoyota.com/inventory/new-2026-toyota-rav4-le-all-wheel-drive-hybrid-awd-2t36crav1tc39i888/	35245 USD	2026 Meteor Shower Toyota RAV4 New 2026 Toyota RAV4 LE HYBRID AWD 2.5L 4-Cyl. Hybrid For sale at Carlson Toyota in Coon Rapids Minnesota.	https://delivery.via.assetscs.toyota.com/adobe/assets/urn:aaid:aem:9da86fac-ea9a-4c2f-b75e-9d3286580fad/as/image.png?fmt=png-alpha,rgb,none	in stock	NEW	SUV	Vehicles & Parts > Vehicles > Motor Vehicles > Cars, Trucks & Vans	2T36CRAV1TC39I888	https://www.carlsontoyota.com/inventory/new-2026-toyota-rav4-le-all-wheel-drive-hybrid-awd-2t36crav1tc39i888/123?store={store_code}	NA	0 miles	RAV4	2T36CRAV1TC39I888	2026	35245 USD	CT100	35245 USD	MI	RAV4
2T36CRAV2TW105722	2026 Toyota RAV4 Limited	Toyota	https://www.carlsontoyota.com/inventory/new-2026-toyota-rav4-limited-all-wheel-drive-hybrid-awd-2t36crav2tw105722/	46344 USD	2026 Meteor Shower Toyota RAV4 New 2026 Toyota RAV4 Limited HYBRID AWD 2.5L 4-Cyl. Hybrid For sale at Carlson Toyota in Coon Rapids Minnesota.	https://vehicle-images.carscommerce.inc/a301-110008693/2T36CRAV2TW105722/7a5e620415973915e1ddbb0433b70790.webp	in stock	NEW	SUV	Vehicles & Parts > Vehicles > Motor Vehicles > Cars, Trucks & Vans	2T36CRAV2TW105722	https://www.carlsontoyota.com/inventory/new-2026-toyota-rav4-limited-all-wheel-drive-hybrid-awd-2t36crav2tw105722/123?store={store_code}	NA	0 miles	RAV4	2T36CRAV2TW105722	2026	46344 USD	CT100	46344 USD	MI	RAV4
2T36CRAV3TW40J929	2026 Toyota RAV4 SE	Toyota	https://www.carlsontoyota.com/inventory/new-2026-toyota-rav4-se-all-wheel-drive-hybrid-awd-2t36crav3tw40j929/	38544 USD	2026 Meteor Shower Toyota RAV4 New 2026 Toyota RAV4 SE HYBRID AWD 2.5L 4-Cyl. Hybrid For sale at Carlson Toyota in Coon Rapids Minnesota.	https://delivery.via.assetscs.toyota.com/adobe/assets/urn:aaid:aem:f567d068-33a3-4f4c-a8a2-d8ba87e01383/as/image.png?fmt=png-alpha,rgb,none	in stock	NEW	SUV	Vehicles & Parts > Vehicles > Motor Vehicles > Cars, Trucks & Vans	2T36CRAV3TW40J929	https://www.carlsontoyota.com/inventory/new-2026-toyota-rav4-se-all-wheel-drive-hybrid-awd-2t36crav3tw40j929/123?store={store_code}	NA	0 miles	RAV4	2T36CRAV3TW40J929	2026	38544 USD	CT100	38544 USD	MI	RAV4
2T36CRAV3TW42E910	2026 Toyota RAV4 SE	Toyota	https://www.carlsontoyota.com/inventory/new-2026-toyota-rav4-se-all-wheel-drive-hybrid-awd-2t36crav3tw42e910/	40169 USD	2026 Meteor Shower Toyota RAV4 New 2026 Toyota RAV4 SE HYBRID AWD 2.5L 4-Cyl. Hybrid For sale at Carlson Toyota in Coon Rapids Minnesota.	https://delivery.via.assetscs.toyota.com/adobe/assets/urn:aaid:aem:9e2b3107-94af-47b3-bd21-3bd8fce88697/as/image.png?fmt=png-alpha,rgb,none	in stock	NEW	SUV	Vehicles & Parts > Vehicles > Motor Vehicles > Cars, Trucks & Vans	2T36CRAV3TW42E910	https://www.carlsontoyota.com/inventory/new-2026-toyota-rav4-se-all-wheel-drive-hybrid-awd-2t36crav3tw42e910/123?store={store_code}	NA	0 miles	RAV4	2T36CRAV3TW42E910	2026	40169 USD	CT100	40169 USD	MI	RAV4
2T36CRAV8TW42H530	2026 Toyota RAV4 SE	Toyota	https://www.carlsontoyota.com/inventory/new-2026-toyota-rav4-se-all-wheel-drive-hybrid-awd-2t36crav8tw42h530/	39449 USD	2026 Meteor Shower Toyota RAV4 New 2026 Toyota RAV4 SE HYBRID AWD 2.5L 4-Cyl. Hybrid For sale at Carlson Toyota in Coon Rapids Minnesota.	https://delivery.via.assetscs.toyota.com/adobe/assets/urn:aaid:aem:c93bb554-08aa-4ff7-975b-3280d03050fa/as/image.png?fmt=png-alpha,rgb,none	in stock	NEW	SUV	Vehicles & Parts > Vehicles > Motor Vehicles > Cars, Trucks & Vans	2T36CRAV8TW42H530	https://www.carlsontoyota.com/inventory/new-2026-toyota-rav4-se-all-wheel-drive-hybrid-awd-2t36crav8tw42h530/123?store={store_code}	NA	0 miles	RAV4	2T36CRAV8TW42H530	2026	39449 USD	CT100	39449 USD	MI	RAV4
2T36CRAV9TW42H374	2026 Toyota RAV4 SE	Toyota	https://www.carlsontoyota.com/inventory/new-2026-toyota-rav4-se-all-wheel-drive-hybrid-awd-2t36crav9tw42h374/	40169 USD	2026 Meteor Shower Toyota RAV4 New 2026 Toyota RAV4 SE HYBRID AWD 2.5L 4-Cyl. Hybrid For sale at Carlson Toyota in Coon Rapids Minnesota.	https://delivery.via.assetscs.toyota.com/adobe/assets/urn:aaid:aem:9e2b3107-94af-47b3-bd21-3bd8fce88697/as/image.png?fmt=png-alpha,rgb,none	in stock	NEW	SUV	Vehicles & Parts > Vehicles > Motor Vehicles > Cars, Trucks & Vans	2T36CRAV9TW42H374	https://www.carlsontoyota.com/inventory/new-2026-toyota-rav4-se-all-wheel-drive-hybrid-awd-2t36crav9tw42h374/123?store={store_code}	NA	0 miles	RAV4	2T36CRAV9TW42H374	2026	40169 USD	CT100	40169 USD	MI	RAV4
2T36CRAV3TW41F740	2026 Toyota RAV4 Woodland	Toyota	https://www.carlsontoyota.com/inventory/new-2026-toyota-rav4-woodland-all-wheel-drive-hybrid-awd-2t36crav3tw41f740/	42855 USD	2026 Urban Rock Toyota RAV4 New 2026 Toyota RAV4 Woodland HYBRID AWD 2.5L 4-Cyl. Hybrid For sale at Carlson Toyota in Coon Rapids Minnesota.	https://delivery.via.assetscs.toyota.com/adobe/assets/urn:aaid:aem:c5b05a08-8e42-4ea8-a63d-7cfc52915926/as/image.png?fmt=png-alpha,rgb,none	in stock	NEW	SUV	Vehicles & Parts > Vehicles > Motor Vehicles > Cars, Trucks & Vans	2T36CRAV3TW41F740	https://www.carlsontoyota.com/inventory/new-2026-toyota-rav4-woodland-all-wheel-drive-hybrid-awd-2t36crav3tw41f740/123?store={store_code}	NA	0 miles	RAV4	2T36CRAV3TW41F740	2026	42855 USD	CT100	42855 USD	MI	RAV4
2T36CRAV8TW43K030	2026 Toyota RAV4 Woodland	Toyota	https://www.carlsontoyota.com/inventory/new-2026-toyota-rav4-woodland-all-wheel-drive-hybrid-awd-2t36crav8tw43k030/	43410 USD	2026 Urban Rock Toyota RAV4 New 2026 Toyota RAV4 Woodland HYBRID AWD 2.5L 4-Cyl. Hybrid For sale at Carlson Toyota in Coon Rapids Minnesota.	https://delivery.via.assetscs.toyota.com/adobe/assets/urn:aaid:aem:c5b05a08-8e42-4ea8-a63d-7cfc52915926/as/image.png?fmt=png-alpha,rgb,none	in stock	NEW	SUV	Vehicles & Parts > Vehicles > Motor Vehicles > Cars, Trucks & Vans	2T36CRAV8TW43K030	https://www.carlsontoyota.com/inventory/new-2026-toyota-rav4-woodland-all-wheel-drive-hybrid-awd-2t36crav8tw43k030/123?store={store_code}	NA	0 miles	RAV4	2T36CRAV8TW43K030	2026	43410 USD	CT100	43410 USD	MI	RAV4
2T36CRAV8TW43K089	2026 Toyota RAV4 Woodland	Toyota	https://www.carlsontoyota.com/inventory/new-2026-toyota-rav4-woodland-all-wheel-drive-hybrid-awd-2t36crav8tw43k089/	42855 USD	2026 Urban Rock Toyota RAV4 New 2026 Toyota RAV4 Woodland HYBRID AWD 2.5L 4-Cyl. Hybrid For sale at Carlson Toyota in Coon Rapids Minnesota.	https://delivery.via.assetscs.toyota.com/adobe/assets/urn:aaid:aem:c5b05a08-8e42-4ea8-a63d-7cfc52915926/as/image.png?fmt=png-alpha,rgb,none	in stock	NEW	SUV	Vehicles & Parts > Vehicles > Motor Vehicles > Cars, Trucks & Vans	2T36CRAV8TW43K089	https://www.carlsontoyota.com/inventory/new-2026-toyota-rav4-woodland-all-wheel-drive-hybrid-awd-2t36crav8tw43k089/123?store={store_code}	NA	0 miles	RAV4	2T36CRAV8TW43K089	2026	42855 USD	CT100	42855 USD	MI	RAV4
3TMLB5JN4TM39D070	2026 Toyota Tacoma Limited 4X4 DOUBLE CAB 4-Wheel Drive	Toyota	https://www.carlsontoyota.com/inventory/new-2026-toyota-tacoma-limited-4-wheel-drive-4x4-double-cab-3tmlb5jn4tm39d070/	56439 USD	2026 Underground Toyota Tacoma New 2026 Toyota Tacoma Limited 4X4 DOUBLE CAB i-FORCE 2.4L 4-Cyl. Turbo For sale at Carlson Toyota in Coon Rapids Minnesota.	https://delivery.via.assetscs.toyota.com/adobe/assets/urn:aaid:aem:df8bd35e-2ab1-498d-acb3-682068cf8a76/as/image.png?fmt=png-alpha,rgb,none	in stock	NEW	TRUCK	Vehicles & Parts > Vehicles > Motor Vehicles > Cars, Trucks & Vans	3TMLB5JN4TM39D070	https://www.carlsontoyota.com/inventory/new-2026-toyota-tacoma-limited-4-wheel-drive-4x4-double-cab-3tmlb5jn4tm39d070/123?store={store_code}	NA	0 miles	Tacoma	3TMLB5JN4TM39D070	2026	56439 USD	CT100	56439 USD	MI	Tacoma
3TMLB5JN5TM41C273	2026 Toyota Tacoma Limited 4X4 DOUBLE CAB 4-Wheel Drive	Toyota	https://www.carlsontoyota.com/inventory/new-2026-toyota-tacoma-limited-4-wheel-drive-4x4-double-cab-3tmlb5jn5tm41c273/	56439 USD	2026 Underground Toyota Tacoma New 2026 Toyota Tacoma Limited 4X4 DOUBLE CAB i-FORCE 2.4L 4-Cyl. Turbo For sale at Carlson Toyota in Coon Rapids Minnesota.	https://delivery.via.assetscs.toyota.com/adobe/assets/urn:aaid:aem:df8bd35e-2ab1-498d-acb3-682068cf8a76/as/image.png?fmt=png-alpha,rgb,none	in stock	NEW	TRUCK	Vehicles & Parts > Vehicles > Motor Vehicles > Cars, Trucks & Vans	3TMLB5JN5TM41C273	https://www.carlsontoyota.com/inventory/new-2026-toyota-tacoma-limited-4-wheel-drive-4x4-double-cab-3tmlb5jn5tm41c273/123?store={store_code}	NA	0 miles	Tacoma	3TMLB5JN5TM41C273	2026	56439 USD	CT100	56439 USD	MI	Tacoma
3TMLB5JN1TM320654	2026 Toyota Tacoma SR5 4X4 DOUBLE CAB 4-Wheel Drive	Toyota	https://www.carlsontoyota.com/inventory/new-2026-toyota-tacoma-sr5-4-wheel-drive-4x4-double-cab-3tmlb5jn1tm320654/	44609 USD	2026 Underground Toyota Tacoma New 2026 Toyota Tacoma SR5 4X4 DOUBLE CAB i-FORCE 2.4L 4-Cyl. Turbo For sale at Carlson Toyota in Coon Rapids Minnesota.	https://vehicle-images.carscommerce.inc/6e01-110008693/3TMLB5JN1TM320654/19d2342c240c80027550a9e5e2adeac2.webp	in stock	NEW	TRUCK	Vehicles & Parts > Vehicles > Motor Vehicles > Cars, Trucks & Vans	3TMLB5JN1TM320654	https://www.carlsontoyota.com/inventory/new-2026-toyota-tacoma-sr5-4-wheel-drive-4x4-double-cab-3tmlb5jn1tm320654/123?store={store_code}	NA	0 miles	Tacoma	3TMLB5JN1TM320654	2026	44609 USD	CT100	44609 USD	MI	Tacoma
3TMLB5JN4TM318638	2026 Toyota Tacoma SR5 4X4 DOUBLE CAB 4-Wheel Drive	Toyota	https://www.carlsontoyota.com/inventory/new-2026-toyota-tacoma-sr5-4-wheel-drive-4x4-double-cab-3tmlb5jn4tm318638/	45904 USD	2026 Underground Toyota Tacoma New 2026 Toyota Tacoma SR5 4X4 DOUBLE CAB i-FORCE 2.4L 4-Cyl. Turbo For sale at Carlson Toyota in Coon Rapids Minnesota.	https://vehicle-images.carscommerce.inc/20f9-110008693/3TMLB5JN4TM318638/b6142494562e5d4035a97d3c3759f147.webp	in stock	NEW	TRUCK	Vehicles & Parts > Vehicles > Motor Vehicles > Cars, Trucks & Vans	3TMLB5JN4TM318638	https://www.carlsontoyota.com/inventory/new-2026-toyota-tacoma-sr5-4-wheel-drive-4x4-double-cab-3tmlb5jn4tm318638/123?store={store_code}	NA	0 miles	Tacoma	3TMLB5JN4TM318638	2026	45904 USD	CT100	45904 USD	MI	Tacoma
3TMLB5JN4TM322866	2026 Toyota Tacoma SR5 4X4 DOUBLE CAB 4-Wheel Drive	Toyota	https://www.carlsontoyota.com/inventory/new-2026-toyota-tacoma-sr5-4-wheel-drive-4x4-double-cab-3tmlb5jn4tm322866/	44609 USD	2026 Underground Toyota Tacoma New 2026 Toyota Tacoma SR5 4X4 DOUBLE CAB i-FORCE 2.4L 4-Cyl. Turbo For sale at Carlson Toyota in Coon Rapids Minnesota.	https://vehicle-images.carscommerce.inc/4284-110008693/3TMLB5JN4TM322866/6cf4b21894790684b08b1bc957f4e416.webp	in stock	NEW	TRUCK	Vehicles & Parts > Vehicles > Motor Vehicles > Cars, Trucks & Vans	3TMLB5JN4TM322866	https://www.carlsontoyota.com/inventory/new-2026-toyota-tacoma-sr5-4-wheel-drive-4x4-double-cab-3tmlb5jn4tm322866/123?store={store_code}	NA	0 miles	Tacoma	3TMLB5JN4TM322866	2026	44609 USD	CT100	44609 USD	MI	Tacoma
3TMLB5JN1TM319844	2026 Toyota Tacoma TRD Off-Road 4X4 DBL CAB LONG BED 4-Wheel Drive	Toyota	https://www.carlsontoyota.com/inventory/new-2026-toyota-tacoma-trd-off-road-4-wheel-drive-4x4-dbl-cab-long-bed-3tmlb5jn1tm319844/	53373 USD	2026 Mudbath Toyota Tacoma New 2026 Toyota Tacoma TRD Off-Road 4X4 DBL CAB LONG BED i-FORCE 2.4L 4-Cyl. Turbo For sale at Carlson Toyota in Coon Rapids Minnesota.	https://vehicle-images.carscommerce.inc/6f7d-110008693/3TMLB5JN1TM319844/e740432b655e02279659ab4942e54743.webp	in stock	NEW	TRUCK	Vehicles & Parts > Vehicles > Motor Vehicles > Cars, Trucks & Vans	3TMLB5JN1TM319844	https://www.carlsontoyota.com/inventory/new-2026-toyota-tacoma-trd-off-road-4-wheel-drive-4x4-dbl-cab-long-bed-3tmlb5jn1tm319844/123?store={store_code}	NA	0 miles	Tacoma	3TMLB5JN1TM319844	2026	53373 USD	CT100	53373 USD	MI	Tacoma
3TMLB5JN4TM40B314	2026 Toyota Tacoma TRD Off-Road 4X4 DOUBLE CAB 4-Wheel Drive	Toyota	https://www.carlsontoyota.com/inventory/new-2026-toyota-tacoma-trd-off-road-4-wheel-drive-4x4-double-cab-3tmlb5jn4tm40b314/	47753 USD	2026 Underground Toyota Tacoma New 2026 Toyota Tacoma TRD Off-Road 4X4 DOUBLE CAB i-FORCE 2.4L 4-Cyl. Turbo For sale at Carlson Toyota in Coon Rapids Minnesota.	https://delivery.via.assetscs.toyota.com/adobe/assets/urn:aaid:aem:daecef97-048d-4a0f-afa4-d60f33715eee/as/image.png?fmt=png-alpha,rgb,none	in stock	NEW	TRUCK	Vehicles & Parts > Vehicles > Motor Vehicles > Cars, Trucks & Vans	3TMLB5JN4TM40B314	https://www.carlsontoyota.com/inventory/new-2026-toyota-tacoma-trd-off-road-4-wheel-drive-4x4-double-cab-3tmlb5jn4tm40b314/123?store={store_code}	NA	0 miles	Tacoma	3TMLB5JN4TM40B314	2026	47753 USD	CT100	47753 USD	MI	Tacoma
3TMLB5JN9TM320563	2026 Toyota Tacoma TRD Sport 4X4 DOUBLE CAB 4-Wheel Drive	Toyota	https://www.carlsontoyota.com/inventory/new-2026-toyota-tacoma-trd-sport-4-wheel-drive-4x4-double-cab-3tmlb5jn9tm320563/	55399 USD	2026 Mudbath Toyota Tacoma New 2026 Toyota Tacoma TRD Sport 4X4 DOUBLE CAB i-FORCE 2.4L 4-Cyl. Turbo For sale at Carlson Toyota in Coon Rapids Minnesota.	https://vehicle-images.carscommerce.inc/d21f-110008693/3TMLB5JN9TM320563/828d042f68ba6d927c576d63d9944cbb.webp	in stock	NEW	TRUCK	Vehicles & Parts > Vehicles > Motor Vehicles > Cars, Trucks & Vans	3TMLB5JN9TM320563	https://www.carlsontoyota.com/inventory/new-2026-toyota-tacoma-trd-sport-4-wheel-drive-4x4-double-cab-3tmlb5jn9tm320563/123?store={store_code}	NA	0 miles	Tacoma	3TMLB5JN9TM320563	2026	55399 USD	CT100	55399 USD	MI	Tacoma
JTMBGAHB1V139AP74	2027 Toyota bZ Woodland	Toyota	https://www.carlsontoyota.com/inventory/new-2027-toyota-bz-woodland-all-wheel-drive-premium-awd-jtmbgahb1v139ap74/	51074 USD	2027 Halo 1 Toyota bZ Woodland New 2027 Toyota bZ Woodland PREMIUM AWD Dual Electric Motors For sale at Carlson Toyota in Coon Rapids Minnesota.	https://delivery.via.assetscs.toyota.com/adobe/assets/urn:aaid:aem:40fab179-d4da-4208-9324-91b889c24477/as/image.png?fmt=png-alpha,rgb,none	in stock	NEW	OTHER	Vehicles & Parts > Vehicles > Motor Vehicles > Cars, Trucks & Vans	JTMBGAHB1V139AP74	https://www.carlsontoyota.com/inventory/new-2027-toyota-bz-woodland-all-wheel-drive-premium-awd-jtmbgahb1v139ap74/123?store={store_code}	NA	0 miles	bZ Woodland	JTMBGAHB1V139AP74	2027	51074 USD	CT100	51074 USD	MI	bZ Woodland
4T1DBADK0VU43L066	2027 Toyota Camry SE AWD	Toyota	https://www.carlsontoyota.com/inventory/new-2027-toyota-camry-se-awd-all-wheel-drive-se-awd-4t1dbadk0vu43l066/	36962 USD	2027 Ocean Gem Toyota Camry New 2027 Toyota Camry SE AWD SE AWD 2.5L 4-Cyl. Gas/Electric Hybrid For sale at Carlson Toyota in Coon Rapids Minnesota.	https://www.carlsontoyota.com/wp-content/plugins/inventory/images/notfound.jpg	in stock	NEW	OTHER	Vehicles & Parts > Vehicles > Motor Vehicles > Cars, Trucks & Vans	4T1DBADK0VU43L066	https://www.carlsontoyota.com/inventory/new-2027-toyota-camry-se-awd-all-wheel-drive-se-awd-4t1dbadk0vu43l066/123?store={store_code}	NA	0 miles	Camry	4T1DBADK0VU43L066	2027	36962 USD	CT100	36962 USD	MI	Camry
4T1DAACK2VU43L476	2027 Toyota Camry SE	Toyota	https://www.carlsontoyota.com/inventory/new-2027-toyota-camry-se-front-wheel-drive-se-4t1daack2vu43l476/	35437 USD	2027 Ocean Gem Toyota Camry New 2027 Toyota Camry SE SE 2.5L 4-Cyl. Gas/Electric Hybrid For sale at Carlson Toyota in Coon Rapids Minnesota.	https://www.carlsontoyota.com/wp-content/plugins/inventory/images/notfound.jpg	in stock	NEW	OTHER	Vehicles & Parts > Vehicles > Motor Vehicles > Cars, Trucks & Vans	4T1DAACK2VU43L476	https://www.carlsontoyota.com/inventory/new-2027-toyota-camry-se-front-wheel-drive-se-4t1daack2vu43l476/123?store={store_code}	NA	0 miles	Camry	4T1DAACK2VU43L476	2027	35437 USD	CT100	35437 USD	MI	Camry
4T1DAACK5VU42P204	2027 Toyota Camry SE	Toyota	https://www.carlsontoyota.com/inventory/new-2027-toyota-camry-se-front-wheel-drive-se-4t1daack5vu42p204/	35437 USD	2027 Underground Toyota Camry New 2027 Toyota Camry SE SE 2.5L 4-Cyl. Gas/Electric Hybrid For sale at Carlson Toyota in Coon Rapids Minnesota.	https://www.carlsontoyota.com/wp-content/plugins/inventory/images/notfound.jpg	in stock	NEW	OTHER	Vehicles & Parts > Vehicles > Motor Vehicles > Cars, Trucks & Vans	4T1DAACK5VU42P204	https://www.carlsontoyota.com/inventory/new-2027-toyota-camry-se-front-wheel-drive-se-4t1daack5vu42p204/123?store={store_code}	NA	0 miles	Camry	4T1DAACK5VU42P204	2027	35437 USD	CT100	35437 USD	MI	Camry
4T1DBADK0VU41N716	2027 Toyota Camry XLE AWD	Toyota	https://www.carlsontoyota.com/inventory/new-2027-toyota-camry-xle-awd-all-wheel-drive-xle-awd-4t1dbadk0vu41n716/	38562 USD	2027 Ocean Gem Toyota Camry New 2027 Toyota Camry XLE AWD XLE AWD 2.5L 4-Cyl. Gas/Electric Hybrid For sale at Carlson Toyota in Coon Rapids Minnesota.	https://www.carlsontoyota.com/wp-content/plugins/inventory/images/notfound.jpg	in stock	NEW	OTHER	Vehicles & Parts > Vehicles > Motor Vehicles > Cars, Trucks & Vans	4T1DBADK0VU41N716	https://www.carlsontoyota.com/inventory/new-2027-toyota-camry-xle-awd-all-wheel-drive-xle-awd-4t1dbadk0vu41n716/123?store={store_code}	NA	0 miles	Camry	4T1DBADK0VU41N716	2027	38562 USD	CT100	38562 USD	MI	Camry
4T1DBADK1VU42K416	2027 Toyota Camry XSE AWD	Toyota	https://www.carlsontoyota.com/inventory/new-2027-toyota-camry-xse-awd-all-wheel-drive-xse-awd-4t1dbadk1vu42k416/	41092 USD	2027 Ocean Gem Toyota Camry New 2027 Toyota Camry XSE AWD XSE AWD 2.5L 4-Cyl. Gas/Electric Hybrid For sale at Carlson Toyota in Coon Rapids Minnesota.	https://www.carlsontoyota.com/wp-content/plugins/inventory/images/notfound.jpg	in stock	NEW	OTHER	Vehicles & Parts > Vehicles > Motor Vehicles > Cars, Trucks & Vans	4T1DBADK1VU42K416	https://www.carlsontoyota.com/inventory/new-2027-toyota-camry-xse-awd-all-wheel-drive-xse-awd-4t1dbadk1vu42k416/123?store={store_code}	NA	0 miles	Camry	4T1DBADK1VU42K416	2027	41092 USD	CT100	41092 USD	MI	Camry
JTDBDMHE6V3039749	2027 Toyota Corolla Hybrid SE AWD	Toyota	https://www.carlsontoyota.com/inventory/new-2027-toyota-corolla-hybrid-se-awd-all-wheel-drive-se-awd-sedan-jtdbdmhe6v3039749/	31393 USD	2027 Inked Toyota Corolla New 2027 Toyota Corolla Hybrid SE AWD SE AWD SEDAN 1.8L 4-Cyl. Hybrid For sale at Carlson Toyota in Coon Rapids Minnesota.	https://vehicle-images.carscommerce.inc/726b-110008693/JTDBDMHE6V3039749/23fb40998e4f2b481328de976175787b.webp	in stock	NEW	OTHER	Vehicles & Parts > Vehicles > Motor Vehicles > Cars, Trucks & Vans	JTDBDMHE6V3039749	https://www.carlsontoyota.com/inventory/new-2027-toyota-corolla-hybrid-se-awd-all-wheel-drive-se-awd-sedan-jtdbdmhe6v3039749/123?store={store_code}	NA	0 miles	Corolla	JTDBDMHE6V3039749	2027	31393 USD	CT100	31393 USD	MI	Corolla
5YFB4MDE3VP39B639	2027 Toyota Corolla LE	Toyota	https://www.carlsontoyota.com/inventory/new-2027-toyota-corolla-le-front-wheel-drive-le-5yfb4mde3vp39b639/	26574 USD	2027 Celestite Toyota Corolla New 2027 Toyota Corolla LE LE 2.0L 4-Cyl. For sale at Carlson Toyota in Coon Rapids Minnesota.	https://media.rti.toyota.com/adobe/assets/urn:aaid:aem:27496df4-76c1-4852-bf25-703cfa265235/as/image.png?size=1200,663	in stock	NEW	OTHER	Vehicles & Parts > Vehicles > Motor Vehicles > Cars, Trucks & Vans	5YFB4MDE3VP39B639	https://www.carlsontoyota.com/inventory/new-2027-toyota-corolla-le-front-wheel-drive-le-5yfb4mde3vp39b639/123?store={store_code}	NA	0 miles	Corolla	5YFB4MDE3VP39B639	2027	26574 USD	CT100	26574 USD	MI	Corolla
5YFB4MDEXVP40D057	2027 Toyota Corolla LE	Toyota	https://www.carlsontoyota.com/inventory/new-2027-toyota-corolla-le-front-wheel-drive-le-5yfb4mdexvp40d057/	25528 USD	2027 Celestite Toyota Corolla New 2027 Toyota Corolla LE LE 2.0L 4-Cyl. For sale at Carlson Toyota in Coon Rapids Minnesota.	https://media.rti.toyota.com/adobe/assets/urn:aaid:aem:27496df4-76c1-4852-bf25-703cfa265235/as/image.png?size=1200,663	in stock	NEW	OTHER	Vehicles & Parts > Vehicles > Motor Vehicles > Cars, Trucks & Vans	5YFB4MDEXVP40D057	https://www.carlsontoyota.com/inventory/new-2027-toyota-corolla-le-front-wheel-drive-le-5yfb4mdexvp40d057/123?store={store_code}	NA	0 miles	Corolla	5YFB4MDEXVP40D057	2027	25528 USD	CT100	25528 USD	MI	Corolla
5YFB4MDEXVP41C311	2027 Toyota Corolla LE	Toyota	https://www.carlsontoyota.com/inventory/new-2027-toyota-corolla-le-front-wheel-drive-le-5yfb4mdexvp41c311/	25528 USD	2027 Celestite Toyota Corolla New 2027 Toyota Corolla LE LE 2.0L 4-Cyl. For sale at Carlson Toyota in Coon Rapids Minnesota.	https://media.rti.toyota.com/adobe/assets/urn:aaid:aem:27496df4-76c1-4852-bf25-703cfa265235/as/image.png?size=1200,663	in stock	NEW	OTHER	Vehicles & Parts > Vehicles > Motor Vehicles > Cars, Trucks & Vans	5YFB4MDEXVP41C311	https://www.carlsontoyota.com/inventory/new-2027-toyota-corolla-le-front-wheel-drive-le-5yfb4mdexvp41c311/123?store={store_code}	NA	0 miles	Corolla	5YFB4MDEXVP41C311	2027	25528 USD	CT100	25528 USD	MI	Corolla
JTDB4MEE4V3050964	2027 Toyota Corolla LE	Toyota	https://www.carlsontoyota.com/inventory/new-2027-toyota-corolla-le-front-wheel-drive-le-jtdb4mee4v3050964/	25279 USD	2027 Celestite Toyota Corolla New 2027 Toyota Corolla LE LE 2.0L 4-Cyl. For sale at Carlson Toyota in Coon Rapids Minnesota.	https://vehicle-images.carscommerce.inc/428c-110008693/JTDB4MEE4V3050964/704af9f95416cb345412267f39b6a1dd.webp	in stock	NEW	OTHER	Vehicles & Parts > Vehicles > Motor Vehicles > Cars, Trucks & Vans	JTDB4MEE4V3050964	https://www.carlsontoyota.com/inventory/new-2027-toyota-corolla-le-front-wheel-drive-le-jtdb4mee4v3050964/123?store={store_code}	NA	0 miles	Corolla	JTDB4MEE4V3050964	2027	25279 USD	CT100	25279 USD	MI	Corolla
5YFP4MCE7VP42B636	2027 Toyota Corolla SE	Toyota	https://www.carlsontoyota.com/inventory/new-2027-toyota-corolla-se-front-wheel-drive-se-5yfp4mce7vp42b636/	28844 USD	2027 Underground Toyota Corolla New 2027 Toyota Corolla SE SE 2.0L 4-Cyl. For sale at Carlson Toyota in Coon Rapids Minnesota.	https://media.rti.toyota.com/adobe/assets/urn:aaid:aem:134ef1e3-a9b5-42b6-96ef-d3055ef63bc2/as/image.png?size=1200,663	in stock	NEW	OTHER	Vehicles & Parts > Vehicles > Motor Vehicles > Cars, Trucks & Vans	5YFP4MCE7VP42B636	https://www.carlsontoyota.com/inventory/new-2027-toyota-corolla-se-front-wheel-drive-se-5yfp4mce7vp42b636/123?store={store_code}	NA	0 miles	Corolla	5YFP4MCE7VP42B636	2027	28844 USD	CT100	28844 USD	MI	Corolla
JTEABFAJ6VK081134	2027 Toyota Land Cruiser	Toyota	https://www.carlsontoyota.com/inventory/new-2027-toyota-land-cruiser-full-time-4-wheel-drive-4wd-wagon-hybrid-jteabfaj6vk081134/	74725 USD	2027 Inked Toyota Land Cruiser New 2027 Toyota Land Cruiser 4WD WAGON HYBRID 2.4L 4-Cyl. i-FORCE MAX Hybrid For sale at Carlson Toyota in Coon Rapids Minnesota.	https://vehicle-images.carscommerce.inc/1516-110008693/JTEABFAJ6VK081134/cda2e78b357b94bd7cfe24c7cde745ec.webp	in stock	NEW	OTHER	Vehicles & Parts > Vehicles > Motor Vehicles > Cars, Trucks & Vans	JTEABFAJ6VK081134	https://www.carlsontoyota.com/inventory/new-2027-toyota-land-cruiser-full-time-4-wheel-drive-4wd-wagon-hybrid-jteabfaj6vk081134/123?store={store_code}	NA	0 miles	Land Cruiser	JTEABFAJ6VK081134	2027	74725 USD	CT100	74725 USD	MI	Land Cruiser
JTEABFAJ7V139AQ02	2027 Toyota Land Cruiser	Toyota	https://www.carlsontoyota.com/inventory/new-2027-toyota-land-cruiser-full-time-4-wheel-drive-4wd-wagon-hybrid-jteabfaj7v139aq02/	72585 USD	2027 Underground Toyota Land Cruiser New 2027 Toyota Land Cruiser 4WD WAGON HYBRID 2.4L 4-Cyl. i-FORCE MAX Hybrid For sale at Carlson Toyota in Coon Rapids Minnesota.	https://delivery.via.assetscs.toyota.com/adobe/assets/urn:aaid:aem:f793e755-3d56-4497-9fe8-572a4f7784b1/as/image.png?fmt=png-alpha,rgb,none	in stock	NEW	OTHER	Vehicles & Parts > Vehicles > Motor Vehicles > Cars, Trucks & Vans	JTEABFAJ7V139AQ02	https://www.carlsontoyota.com/inventory/new-2027-toyota-land-cruiser-full-time-4-wheel-drive-4wd-wagon-hybrid-jteabfaj7v139aq02/123?store={store_code}	NA	0 miles	Land Cruiser	JTEABFAJ7V139AQ02	2027	72585 USD	CT100	72585 USD	MI	Land Cruiser
JTDADABU4V3038237	2027 Toyota Prius XLE AWD	Toyota	https://www.carlsontoyota.com/inventory/new-2027-toyota-prius-xle-awd-all-wheel-drive-xle-awd-jtdadabu4v3038237/	35564 USD	2027 Inked Toyota Prius New 2027 Toyota Prius XLE AWD XLE AWD 2.0L 4-Cyl. Hybrid For sale at Carlson Toyota in Coon Rapids Minnesota.	https://vehicle-images.carscommerce.inc/5c0e-110008693/JTDADABU4V3038237/46eb194824d570fcfbf26991b592a2b4.webp	in stock	NEW	OTHER	Vehicles & Parts > Vehicles > Motor Vehicles > Cars, Trucks & Vans	JTDADABU4V3038237	https://www.carlsontoyota.com/inventory/new-2027-toyota-prius-xle-awd-all-wheel-drive-xle-awd-jtdadabu4v3038237/123?store={store_code}	NA	0 miles	Prius	JTDADABU4V3038237	2027	35564 USD	CT100	35564 USD	MI	Prius
5FNRL6H83PB054982	2023 Honda Odyssey Touring	Honda	https://www.carlsontoyota.com/inventory/used-2023-honda-odyssey-touring-fwd-4d-passenger-van-5fnrl6h83pb054982/	35659 USD	2023 Honda Odyssey Used 2023 Honda Odyssey Touring 4D Passenger Van 3.5L V6 SOHC i-VTEC 24V For sale at Carlson Toyota in Coon Rapids Minnesota.	https://vehicle-images.carscommerce.inc/c08c-110008693/5FNRL6H83PB054982/thumbnails/large/e37a4d1693832dfc783da7a191551319.webp	in stock	USED	VAN	Vehicles & Parts > Vehicles > Motor Vehicles > Cars, Trucks & Vans	5FNRL6H83PB054982	https://www.carlsontoyota.com/inventory/used-2023-honda-odyssey-touring-fwd-4d-passenger-van-5fnrl6h83pb054982/123?store={store_code}	NA	39001 miles	Odyssey	5FNRL6H83PB054982	2023	35659 USD	CT100	35659 USD	MI	Odyssey
5FNYF8H05PB034497	2023 Honda Passport Elite	Honda	https://www.carlsontoyota.com/inventory/used-2023-honda-passport-elite-awd-4d-sport-utility-5fnyf8h05pb034497/	37286 USD	2023 Honda Passport Used 2023 Honda Passport Elite 4D Sport Utility 3.5L V6 24V SOHC i-VTEC For sale at Carlson Toyota in Coon Rapids Minnesota.	https://vehicle-images.carscommerce.inc/9942-110008693/5FNYF8H05PB034497/thumbnails/large/29599ab812d1d5c48d4644b022107dcd.webp	in stock	USED	SUV	Vehicles & Parts > Vehicles > Motor Vehicles > Cars, Trucks & Vans	5FNYF8H05PB034497	https://www.carlsontoyota.com/inventory/used-2023-honda-passport-elite-awd-4d-sport-utility-5fnyf8h05pb034497/123?store={store_code}	NA	36010 miles	Passport	5FNYF8H05PB034497	2023	37286 USD	CT100	37286 USD	MI	Passport
5TDKDRBH2PS525105	2023 Toyota Highlander XSE	Toyota	https://www.carlsontoyota.com/inventory/used-2023-toyota-highlander-xse-awd-4d-sport-utility-5tdkdrbh2ps525105/	32325 USD	2023 Toyota Highlander Used 2023 Toyota Highlander XSE 4D Sport Utility 2.4L I4 PDI Turbocharged DOHC 16V LEV3-SULEV30 265hp For sale at Carlson Toyota in Coon Rapids Minnesota.	https://vehicle-images.carscommerce.inc/4f31-110008693/5TDKDRBH2PS525105/thumbnails/large/ee599a5eef72ca9602dbe19cc6d7e1f6.webp	in stock	USED	SUV	Vehicles & Parts > Vehicles > Motor Vehicles > Cars, Trucks & Vans	5TDKDRBH2PS525105	https://www.carlsontoyota.com/inventory/used-2023-toyota-highlander-xse-awd-4d-sport-utility-5tdkdrbh2ps525105/123?store={store_code}	NA	87467 miles	Highlander	5TDKDRBH2PS525105	2023	32325 USD	CT100	32325 USD	MI	Highlander
5J8TC2H63RL037839	2024 Acura RDX A-Spec Package	Acura	https://www.carlsontoyota.com/inventory/used-2024-acura-rdx-a-spec-package-awd-4d-sport-utility-5j8tc2h63rl037839/	37899 USD	2024 Acura RDX Used 2024 Acura RDX A-Spec Package 4D Sport Utility 2.0L 16V DOHC For sale at Carlson Toyota in Coon Rapids Minnesota.	https://vehicle-images.carscommerce.inc/baeb-110008693/5J8TC2H63RL037839/thumbnails/large/21571399ea2f28586ef7c98c2641200e.webp	in stock	USED	SUV	Vehicles & Parts > Vehicles > Motor Vehicles > Cars, Trucks & Vans	5J8TC2H63RL037839	https://www.carlsontoyota.com/inventory/used-2024-acura-rdx-a-spec-package-awd-4d-sport-utility-5j8tc2h63rl037839/123?store={store_code}	NA	34549 miles	RDX	5J8TC2H63RL037839	2024	37899 USD	CT100	37899 USD	MI	RDX
2HGFE2F55RH576462	2024 Honda Civic Sport	Honda	https://www.carlsontoyota.com/inventory/used-2024-honda-civic-sport-fwd-4d-sedan-2hgfe2f55rh576462/	22794 USD	2024 Honda Civic Used 2024 Honda Civic Sport 4D Sedan 2.0L I4 DOHC 16V i-VTEC For sale at Carlson Toyota in Coon Rapids Minnesota.	https://vehicle-images.carscommerce.inc/9af2-110008693/2HGFE2F55RH576462/thumbnails/large/04243296455e76d143bf18e18157971c.webp	in stock	USED	OTHER	Vehicles & Parts > Vehicles > Motor Vehicles > Cars, Trucks & Vans	2HGFE2F55RH576462	https://www.carlsontoyota.com/inventory/used-2024-honda-civic-sport-fwd-4d-sedan-2hgfe2f55rh576462/123?store={store_code}	NA	54469 miles	Civic	2HGFE2F55RH576462	2024	22794 USD	CT100	22794 USD	MI	Civic
3HDSA2H73SM703786	2025 Acura ADX A-Spec Advance Package	Acura	https://www.carlsontoyota.com/inventory/used-2025-acura-adx-a-spec-advance-package-awd-4d-sport-utility-3hdsa2h73sm703786/	34454 USD	2025 Acura ADX Used 2025 Acura ADX A-Spec Advance Package 4D Sport Utility 1.5L I4 Turbocharged DOHC 16V 190hp For sale at Carlson Toyota in Coon Rapids Minnesota.	https://vehicle-images.carscommerce.inc/6799-110008693/3HDSA2H73SM703786/thumbnails/large/f52c761e79a11ff50592918cffabb3e7.webp	in stock	USED	SUV	Vehicles & Parts > Vehicles > Motor Vehicles > Cars, Trucks & Vans	3HDSA2H73SM703786	https://www.carlsontoyota.com/inventory/used-2025-acura-adx-a-spec-advance-package-awd-4d-sport-utility-3hdsa2h73sm703786/123?store={store_code}	NA	9385 miles	ADX	3HDSA2H73SM703786	2025	34454 USD	CT100	34454 USD	MI	ADX
2HGFE2F2XSH601867	2025 Honda Civic LX	Honda	https://www.carlsontoyota.com/inventory/used-2025-honda-civic-lx-fwd-4d-sedan-2hgfe2f2xsh601867/	24398 USD	2025 Honda Civic Used 2025 Honda Civic LX 4D Sedan 2.0L I4 DOHC 16V For sale at Carlson Toyota in Coon Rapids Minnesota.	https://vehicle-images.carscommerce.inc/a45b-110008693/2HGFE2F2XSH601867/thumbnails/large/7183dad78c2bdf2768b5beb873bd7f24.webp	in stock	USED	OTHER	Vehicles & Parts > Vehicles > Motor Vehicles > Cars, Trucks & Vans	2HGFE2F2XSH601867	https://www.carlsontoyota.com/inventory/used-2025-honda-civic-lx-fwd-4d-sedan-2hgfe2f2xsh601867/123?store={store_code}	NA	33064 miles	Civic	2HGFE2F2XSH601867	2025	24398 USD	CT100	24398 USD	MI	Civic
2HGFE2F53SH600554	2025 Honda Civic Sport	Honda	https://www.carlsontoyota.com/inventory/used-2025-honda-civic-sport-fwd-4d-sedan-2hgfe2f53sh600554/	25468 USD	2025 Honda Civic Used 2025 Honda Civic Sport 4D Sedan 2.0L I4 DOHC 16V For sale at Carlson Toyota in Coon Rapids Minnesota.	https://vehicle-images.carscommerce.inc/5f07-110008693/2HGFE2F53SH600554/thumbnails/large/a7d4034335097380f07d2c87f857350e.webp	in stock	USED	OTHER	Vehicles & Parts > Vehicles > Motor Vehicles > Cars, Trucks & Vans	2HGFE2F53SH600554	https://www.carlsontoyota.com/inventory/used-2025-honda-civic-sport-fwd-4d-sedan-2hgfe2f53sh600554/123?store={store_code}	NA	36810 miles	Civic	2HGFE2F53SH600554	2025	25468 USD	CT100	25468 USD	MI	Civic
2HGFE2F59SH604382	2025 Honda Civic Sport	Honda	https://www.carlsontoyota.com/inventory/used-2025-honda-civic-sport-fwd-4d-sedan-2hgfe2f59sh604382/	25388 USD	2025 Honda Civic Used 2025 Honda Civic Sport 4D Sedan 2.0L I4 DOHC 16V For sale at Carlson Toyota in Coon Rapids Minnesota.	https://vehicle-images.carscommerce.inc/3b0d-110008693/2HGFE2F59SH604382/thumbnails/large/767c9643699f255be07fed0500f30936.webp	in stock	USED	OTHER	Vehicles & Parts > Vehicles > Motor Vehicles > Cars, Trucks & Vans	2HGFE2F59SH604382	https://www.carlsontoyota.com/inventory/used-2025-honda-civic-sport-fwd-4d-sedan-2hgfe2f59sh604382/123?store={store_code}	NA	38381 miles	Civic	2HGFE2F59SH604382	2025	25388 USD	CT100	25388 USD	MI	Civic
5FNRL6H66SB085182	2025 Honda Odyssey EX-L	Honda	https://www.carlsontoyota.com/inventory/used-2025-honda-odyssey-ex-l-fwd-4d-passenger-van-5fnrl6h66sb085182/	35952 USD	2025 Honda Odyssey Used 2025 Honda Odyssey EX-L 4D Passenger Van 3.5L V6 SOHC i-VTEC 24V For sale at Carlson Toyota in Coon Rapids Minnesota.	https://vehicle-images.carscommerce.inc/e1db-110008693/5FNRL6H66SB085182/thumbnails/large/33951f6262a655656662bfdf03da4225.webp	in stock	USED	VAN	Vehicles & Parts > Vehicles > Motor Vehicles > Cars, Trucks & Vans	5FNRL6H66SB085182	https://www.carlsontoyota.com/inventory/used-2025-honda-odyssey-ex-l-fwd-4d-passenger-van-5fnrl6h66sb085182/123?store={store_code}	NA	33982 miles	Odyssey	5FNRL6H66SB085182	2025	35952 USD	CT100	35952 USD	MI	Odyssey
4T1DAACK5SU099200	2025 Toyota Camry LE	Toyota	https://www.carlsontoyota.com/inventory/used-2025-toyota-camry-le-fwd-4d-sedan-4t1daack5su099200/	29478 USD	2025 Toyota Camry Used 2025 Toyota Camry LE 4D Sedan 2.5L 4-Cylinder 16V DOHC For sale at Carlson Toyota in Coon Rapids Minnesota.	https://vehicle-images.carscommerce.inc/1bf6-110008693/4T1DAACK5SU099200/thumbnails/large/349aa63f4e480c008e457e6700606975.webp	in stock	USED	OTHER	Vehicles & Parts > Vehicles > Motor Vehicles > Cars, Trucks & Vans	4T1DAACK5SU099200	https://www.carlsontoyota.com/inventory/used-2025-toyota-camry-le-fwd-4d-sedan-4t1daack5su099200/123?store={store_code}	NA	45346 miles	Camry	4T1DAACK5SU099200	2025	29478 USD	CT100	29478 USD	MI	Camry
5TDAAAB57SS079795	2025 Toyota Grand Highlander XLE	Toyota	https://www.carlsontoyota.com/inventory/used-2025-toyota-grand-highlander-xle-awd-4d-sport-utility-5tdaaab57ss079795/	45621 USD	2025 Toyota Grand Highlander Used 2025 Toyota Grand Highlander XLE 4D Sport Utility 2.4L 4-Cylinder For sale at Carlson Toyota in Coon Rapids Minnesota.	https://vehicle-images.carscommerce.inc/fa3a-110008693/5TDAAAB57SS079795/thumbnails/large/782c29bd83539212a80091529a2d405f.webp	in stock	USED	SUV	Vehicles & Parts > Vehicles > Motor Vehicles > Cars, Trucks & Vans	5TDAAAB57SS079795	https://www.carlsontoyota.com/inventory/used-2025-toyota-grand-highlander-xle-awd-4d-sport-utility-5tdaaab57ss079795/123?store={store_code}	NA	26336 miles	Grand Highlander	5TDAAAB57SS079795	2025	45621 USD	CT100	45621 USD	MI	Grand Highlander
JTDACAAU4S3052123	2025 Toyota Prius LE	Toyota	https://www.carlsontoyota.com/inventory/used-2025-toyota-prius-le-fwd-5d-hatchback-jtdacaau4s3052123/	28898 USD	2025 Toyota Prius Used 2025 Toyota Prius LE 5D Hatchback 2.0L 4-Cylinder DOHC 16V VVT For sale at Carlson Toyota in Coon Rapids Minnesota.	https://www.carlsontoyota.com/wp-content/plugins/inventory/images/notfound.jpg	in stock	USED	OTHER	Vehicles & Parts > Vehicles > Motor Vehicles > Cars, Trucks & Vans	JTDACAAU4S3052123	https://www.carlsontoyota.com/inventory/used-2025-toyota-prius-le-fwd-5d-hatchback-jtdacaau4s3052123/123?store={store_code}	NA	41095 miles	Prius	JTDACAAU4S3052123	2025	28898 USD	CT100	28898 USD	MI	Prius
JTMB6RFV0SJ092626	2025 Toyota RAV4 Hybrid XLE Premium	Toyota	https://www.carlsontoyota.com/inventory/used-2025-toyota-rav4-hybrid-xle-premium-awd-4d-sport-utility-jtmb6rfv0sj092626/	43122 USD	2025 Toyota RAV4 Used 2025 Toyota RAV4 Hybrid XLE Premium 4D Sport Utility 2.5L 4-Cylinder For sale at Carlson Toyota in Coon Rapids Minnesota.	https://www.carlsontoyota.com/wp-content/plugins/inventory/images/notfound.jpg	in stock	USED	SUV	Vehicles & Parts > Vehicles > Motor Vehicles > Cars, Trucks & Vans	JTMB6RFV0SJ092626	https://www.carlsontoyota.com/inventory/used-2025-toyota-rav4-hybrid-xle-premium-awd-4d-sport-utility-jtmb6rfv0sj092626/123?store={store_code}	NA	5221 miles	RAV4	JTMB6RFV0SJ092626	2025	43122 USD	CT100	43122 USD	MI	RAV4
2HKRS4H74TH435640	2026 Honda CR-V EX-L	Honda	https://www.carlsontoyota.com/inventory/used-2026-honda-cr-v-ex-l-awd-4d-sport-utility-2hkrs4h74th435640/	35898 USD	2026 Honda CR-V Used 2026 Honda CR-V EX-L 4D Sport Utility 1.5L I4 DOHC 16V For sale at Carlson Toyota in Coon Rapids Minnesota.	https://vehicle-images.carscommerce.inc/228f-110008693/2HKRS4H74TH435640/thumbnails/large/0f41f5d2f5d940ecb7b26c715b98c3b7.webp	in stock	USED	SUV	Vehicles & Parts > Vehicles > Motor Vehicles > Cars, Trucks & Vans	2HKRS4H74TH435640	https://www.carlsontoyota.com/inventory/used-2026-honda-cr-v-ex-l-awd-4d-sport-utility-2hkrs4h74th435640/123?store={store_code}	NA	15759 miles	CR-V	2HKRS4H74TH435640	2026	35898 USD	CT100	35898 USD	MI	CR-V
5FNRL6H76TB040835	2026 Honda Odyssey Sport-L	Honda	https://www.carlsontoyota.com/inventory/used-2026-honda-odyssey-sport-l-fwd-4d-passenger-van-5fnrl6h76tb040835/	39934 USD	2026 Honda Odyssey Used 2026 Honda Odyssey Sport-L 4D Passenger Van 3.5L V6 SOHC i-VTEC 24V For sale at Carlson Toyota in Coon Rapids Minnesota.	https://vehicle-images.carscommerce.inc/7983-110008693/5FNRL6H76TB040835/thumbnails/large/66ab4eb6b57db43b1353994a500fe85a.webp	in stock	USED	VAN	Vehicles & Parts > Vehicles > Motor Vehicles > Cars, Trucks & Vans	5FNRL6H76TB040835	https://www.carlsontoyota.com/inventory/used-2026-honda-odyssey-sport-l-fwd-4d-passenger-van-5fnrl6h76tb040835/123?store={store_code}	NA	23764 miles	Odyssey	5FNRL6H76TB040835	2026	39934 USD	CT100	39934 USD	MI	Odyssey
4T1DAACK7TU681140	2026 Toyota Camry SE	Toyota	https://www.carlsontoyota.com/inventory/used-2026-toyota-camry-se-fwd-4d-sedan-4t1daack7tu681140/	33798 USD	2026 Toyota Camry Used 2026 Toyota Camry SE 4D Sedan 2.5L 4-Cylinder 16V DOHC For sale at Carlson Toyota in Coon Rapids Minnesota.	https://vehicle-images.carscommerce.inc/8afa-110008693/4T1DAACK7TU681140/thumbnails/large/5a78a389e17f19191a0681f76031a19b.webp	in stock	USED	OTHER	Vehicles & Parts > Vehicles > Motor Vehicles > Cars, Trucks & Vans	4T1DAACK7TU681140	https://www.carlsontoyota.com/inventory/used-2026-toyota-camry-se-fwd-4d-sedan-4t1daack7tu681140/123?store={store_code}	NA	4972 miles	Camry	4T1DAACK7TU681140	2026	33798 USD	CT100	33798 USD	MI	Camry
1V2HN2CA2TC518469	2026 Volkswagen Atlas SE w/Technology	Volkswagen	https://www.carlsontoyota.com/inventory/used-2026-volkswagen-atlas-se-wtechnology-awd-4d-sport-utility-1v2hn2ca2tc518469/	37139 USD	2026 Volkswagen Atlas Used 2026 Volkswagen Atlas SE w/Technology 4D Sport Utility 2.0L TSI For sale at Carlson Toyota in Coon Rapids Minnesota.	https://vehicle-images.carscommerce.inc/6d35-110008693/1V2HN2CA2TC518469/thumbnails/large/5510a3d0a9bc04fe62d9f891cafe6e71.webp	in stock	USED	SUV	Vehicles & Parts > Vehicles > Motor Vehicles > Cars, Trucks & Vans	1V2HN2CA2TC518469	https://www.carlsontoyota.com/inventory/used-2026-volkswagen-atlas-se-wtechnology-awd-4d-sport-utility-1v2hn2ca2tc518469/123?store={store_code}	NA	13029 miles	Atlas	1V2HN2CA2TC518469	2026	37139 USD	CT100	37139 USD	MI	Atlas
JTMBGAHB1TY618501	2026 Toyota bZ Woodland	Toyota	https://www.carlsontoyota.com/inventory/new-2026-toyota-bz-woodland-all-wheel-drive-premium-awd-jtmbgahb1ty618501/	50139 USD	2026 Stepping Stone Toyota bZ Woodland New 2026 Toyota bZ Woodland Premium AWD Dual Electric Motors For sale at Carlson Toyota in Coon Rapids Minnesota.	https://vehicle-images.carscommerce.inc/3428-110008693/JTMBGAHB1TY618501/8992916e8b7eb97b8de6f9ba20015c22.webp	in stock	NEW	OTHER	Vehicles & Parts > Vehicles > Motor Vehicles > Cars, Trucks & Vans	JTMBGAHB1TY618501	https://www.carlsontoyota.com/inventory/new-2026-toyota-bz-woodland-all-wheel-drive-premium-awd-jtmbgahb1ty618501/123?store={store_code}	NA	0 miles	bZ Woodland	JTMBGAHB1TY618501	2026	50139 USD	CT100	50139 USD	MI	bZ Woodland
5TDADAB54TS055642	2026 Toyota Grand Highlander Hybrid MAX Platinum	Toyota	https://www.carlsontoyota.com/inventory/new-2026-toyota-grand-highlander-hybrid-max-platinum-all-wheel-drive-platinum-hybrid-max-5tdadab54ts055642/	63143 USD	2026 Heavy Metal 1 Toyota Grand Highlander New 2026 Toyota Grand Highlander Hybrid MAX Platinum PLATINUM HYBRID MAX For sale at Carlson Toyota in Coon Rapids Minnesota.	https://vehicle-images.carscommerce.inc/70ec-110008693/5TDADAB54TS055642/112bb2bfeda644fc1c3b0b76770cd78b.webp	in stock	NEW	SUV	Vehicles & Parts > Vehicles > Motor Vehicles > Cars, Trucks & Vans	5TDADAB54TS055642	https://www.carlsontoyota.com/inventory/new-2026-toyota-grand-highlander-hybrid-max-platinum-all-wheel-drive-platinum-hybrid-max-5tdadab54ts055642/123?store={store_code}	GRAY	0 miles	Grand Highlander	5TDADAB54TS055642	2026	63143 USD	CT100	63143 USD	MI	Grand Highlander
3TMLB5JN3TM322146	2026 Toyota Tacoma TRD Sport 4X4 DBL CAB LONG BED 4-Wheel Drive	Toyota	https://www.carlsontoyota.com/inventory/new-2026-toyota-tacoma-trd-sport-4-wheel-drive-4x4-dbl-cab-long-bed-3tmlb5jn3tm322146/	55899 USD	2026 Mudbath Toyota Tacoma New 2026 Toyota Tacoma TRD Sport 4X4 DBL CAB LONG BED i-FORCE 2.4L 4-Cyl. Turbo For sale at Carlson Toyota in Coon Rapids Minnesota.	https://delivery.via.assetscs.toyota.com/adobe/assets/urn:aaid:aem:09836c45-d8ad-4b25-a7b8-f3b7bbf8b09f/as/image.png?fmt=png-alpha,rgb,none	in stock	NEW	TRUCK	Vehicles & Parts > Vehicles > Motor Vehicles > Cars, Trucks & Vans	3TMLB5JN3TM322146	https://www.carlsontoyota.com/inventory/new-2026-toyota-tacoma-trd-sport-4-wheel-drive-4x4-dbl-cab-long-bed-3tmlb5jn3tm322146/123?store={store_code}	NA	0 miles	Tacoma	3TMLB5JN3TM322146	2026	55899 USD	CT100	55899 USD	MI	Tacoma
JF1ZNBE19V8750985	2027 Toyota GR86 Premium AT	Toyota	https://www.carlsontoyota.com/inventory/new-2027-toyota-gr86-premium-at-rear-wheel-drive-22-coupe-6-spd-at-jf1znbe19v8750985/	37709 USD	2027 Halo 1 Toyota GR86 New 2027 Toyota GR86 Premium AT 2+2 COUPE 6 SPD A/T 2.4L 4-Cyl. For sale at Carlson Toyota in Coon Rapids Minnesota.	https://delivery.via.assetscs.toyota.com/adobe/assets/urn:aaid:aem:c2875a41-0f4d-4860-b47d-cd8d3876db69/as/image.png?fmt=png-alpha,rgb,none	in stock	NEW	OTHER	Vehicles & Parts > Vehicles > Motor Vehicles > Cars, Trucks & Vans	JF1ZNBE19V8750985	https://www.carlsontoyota.com/inventory/new-2027-toyota-gr86-premium-at-rear-wheel-drive-22-coupe-6-spd-at-jf1znbe19v8750985/123?store={store_code}	NA	0 miles	GR86	JF1ZNBE19V8750985	2027	37709 USD	CT100	37709 USD	MI	GR86
5TDXBRCH9MS525799	2021 Toyota Highlander Hybrid Limited	Toyota	https://www.carlsontoyota.com/inventory/certified-used-2021-toyota-highlander-hybrid-limited-awd-4d-sport-utility-5tdxbrch9ms525799/	31732 USD	2021 Blue Toyota Highlander Used 2021 Toyota Highlander Hybrid Limited 4D Sport Utility 2.5L I4 PDI Hybrid DOHC 16V LEV3-SULEV30 186hp For sale at Carlson Toyota in Coon Rapids Minnesota.	https://vehicle-images.carscommerce.inc/e916-110008693/5TDXBRCH9MS525799/thumbnails/large/cde04c22c87ce341778b2d0695218a6f.webp	in stock	USED	SUV	Vehicles & Parts > Vehicles > Motor Vehicles > Cars, Trucks & Vans	5TDXBRCH9MS525799	https://www.carlsontoyota.com/inventory/certified-used-2021-toyota-highlander-hybrid-limited-awd-4d-sport-utility-5tdxbrch9ms525799/123?store={store_code}	BLUE	97679 miles	Highlander	5TDXBRCH9MS525799	2021	31732 USD	CT100	31732 USD	MI	Highlander
5TDYSKFC9NS066206	2022 Toyota Sienna XLE	Toyota	https://www.carlsontoyota.com/inventory/certified-used-2022-toyota-sienna-xle-awd-4d-passenger-van-5tdyskfc9ns066206/	34586 USD	2022 Red Toyota Sienna Used 2022 Toyota Sienna XLE 4D Passenger Van 2.5L I4 For sale at Carlson Toyota in Coon Rapids Minnesota.	https://www.carlsontoyota.com/wp-content/plugins/inventory/images/notfound.jpg	in stock	USED	VAN	Vehicles & Parts > Vehicles > Motor Vehicles > Cars, Trucks & Vans	5TDYSKFC9NS066206	https://www.carlsontoyota.com/inventory/certified-used-2022-toyota-sienna-xle-awd-4d-passenger-van-5tdyskfc9ns066206/123?store={store_code}	RED	111822 miles	Sienna	5TDYSKFC9NS066206	2022	34586 USD	CT100	34586 USD	MI	Sienna
5TDYSKFCXNS050760	2022 Toyota Sienna XLE	Toyota	https://www.carlsontoyota.com/inventory/certified-used-2022-toyota-sienna-xle-awd-4d-passenger-van-5tdyskfcxns050760/	37149 USD	2022 Green Toyota Sienna Used 2022 Toyota Sienna XLE 4D Passenger Van 2.5L I4 For sale at Carlson Toyota in Coon Rapids Minnesota.	https://vehicle-images.carscommerce.inc/5f39-110008693/5TDYSKFCXNS050760/thumbnails/large/d5a241d009160589f3a51cbf99e0279a.webp	in stock	USED	VAN	Vehicles & Parts > Vehicles > Motor Vehicles > Cars, Trucks & Vans	5TDYSKFCXNS050760	https://www.carlsontoyota.com/inventory/certified-used-2022-toyota-sienna-xle-awd-4d-passenger-van-5tdyskfcxns050760/123?store={store_code}	GREEN	98027 miles	Sienna	5TDYSKFCXNS050760	2022	37149 USD	CT100	37149 USD	MI	Sienna
JTEKU5JR2P6192323	2023 Toyota 4Runner Limited	Toyota	https://www.carlsontoyota.com/inventory/certified-used-2023-toyota-4runner-limited-4wd-4d-sport-utility-jteku5jr2p6192323/	39656 USD	2023 White Toyota 4Runner Used 2023 Toyota 4Runner Limited 4D Sport Utility 4.0L V6 DOHC 24V For sale at Carlson Toyota in Coon Rapids Minnesota.	https://vehicle-images.carscommerce.inc/9e7c-110008693/JTEKU5JR2P6192323/thumbnails/large/96aad1650782f607cb4f29cd7236c3d9.webp	in stock	USED	SUV	Vehicles & Parts > Vehicles > Motor Vehicles > Cars, Trucks & Vans	JTEKU5JR2P6192323	https://www.carlsontoyota.com/inventory/certified-used-2023-toyota-4runner-limited-4wd-4d-sport-utility-jteku5jr2p6192323/123?store={store_code}	WHITE	81636 miles	4Runner	JTEKU5JR2P6192323	2023	39656 USD	CT100	39656 USD	MI	4Runner
JTERU5JR5P6119042	2023 Toyota 4Runner TRD Off-Road Premium	Toyota	https://www.carlsontoyota.com/inventory/certified-used-2023-toyota-4runner-trd-off-road-premium-4wd-4d-sport-utility-jteru5jr5p6119042/	40667 USD	2023 Blue Toyota 4Runner Used 2023 Toyota 4Runner TRD Off-Road Premium 4D Sport Utility 4.0L V6 DOHC 24V For sale at Carlson Toyota in Coon Rapids Minnesota.	https://vehicle-images.carscommerce.inc/22bd-110008693/JTERU5JR5P6119042/thumbnails/large/a314727afd8ecd958e5b285e82a70010.webp	in stock	USED	SUV	Vehicles & Parts > Vehicles > Motor Vehicles > Cars, Trucks & Vans	JTERU5JR5P6119042	https://www.carlsontoyota.com/inventory/certified-used-2023-toyota-4runner-trd-off-road-premium-4wd-4d-sport-utility-jteru5jr5p6119042/123?store={store_code}	BLUE	65204 miles	4Runner	JTERU5JR5P6119042	2023	40667 USD	CT100	40667 USD	MI	4Runner
JTELU5JR3P6126268	2023 Toyota 4Runner TRD Pro	Toyota	https://www.carlsontoyota.com/inventory/certified-used-2023-toyota-4runner-trd-pro-4wd-4d-sport-utility-jtelu5jr3p6126268/	49325 USD	2023 White Toyota 4Runner Used 2023 Toyota 4Runner TRD Pro 4D Sport Utility 4.0L V6 DOHC 24V For sale at Carlson Toyota in Coon Rapids Minnesota.	https://vehicle-images.carscommerce.inc/b411-110008693/JTELU5JR3P6126268/thumbnails/large/8c761af0f6102572c7cf17770aac722a.webp	in stock	USED	SUV	Vehicles & Parts > Vehicles > Motor Vehicles > Cars, Trucks & Vans	JTELU5JR3P6126268	https://www.carlsontoyota.com/inventory/certified-used-2023-toyota-4runner-trd-pro-4wd-4d-sport-utility-jtelu5jr3p6126268/123?store={store_code}	WHITE	57052 miles	4Runner	JTELU5JR3P6126268	2023	49325 USD	CT100	49325 USD	MI	4Runner
4T1G11AK8PU137123	2023 Toyota Camry SE	Toyota	https://www.carlsontoyota.com/inventory/certified-used-2023-toyota-camry-se-fwd-4d-sedan-4t1g11ak8pu137123/	24001 USD	2023 Red Toyota Camry Used 2023 Toyota Camry SE 4D Sedan 2.5L I4 DOHC 16V For sale at Carlson Toyota in Coon Rapids Minnesota.	https://www.carlsontoyota.com/wp-content/plugins/inventory/images/notfound.jpg	in stock	USED	OTHER	Vehicles & Parts > Vehicles > Motor Vehicles > Cars, Trucks & Vans	4T1G11AK8PU137123	https://www.carlsontoyota.com/inventory/certified-used-2023-toyota-camry-se-fwd-4d-sedan-4t1g11ak8pu137123/123?store={store_code}	RED	85187 miles	Camry	4T1G11AK8PU137123	2023	24001 USD	CT100	24001 USD	MI	Camry
2T3A1RFV0PW389690	2023 Toyota RAV4 XLE Premium	Toyota	https://www.carlsontoyota.com/inventory/certified-used-2023-toyota-rav4-xle-premium-awd-4d-sport-utility-2t3a1rfv0pw389690/	37810 USD	2023 Beige Toyota RAV4 Used 2023 Toyota RAV4 XLE Premium 4D Sport Utility 2.5L 4-Cylinder DOHC Dual VVT-i For sale at Carlson Toyota in Coon Rapids Minnesota.	https://www.carlsontoyota.com/wp-content/plugins/inventory/images/notfound.jpg	in stock	USED	SUV	Vehicles & Parts > Vehicles > Motor Vehicles > Cars, Trucks & Vans	2T3A1RFV0PW389690	https://www.carlsontoyota.com/inventory/certified-used-2023-toyota-rav4-xle-premium-awd-4d-sport-utility-2t3a1rfv0pw389690/123?store={store_code}	BEIGE	16855 miles	RAV4	2T3A1RFV0PW389690	2023	37810 USD	CT100	37810 USD	MI	RAV4
3TYDZ5BN1PT022372	2023 Toyota Tacoma SR5 4D Double Cab 4WD	Toyota	https://www.carlsontoyota.com/inventory/certified-used-2023-toyota-tacoma-sr5-4wd-4d-double-cab-3tydz5bn1pt022372/	35117 USD	2023 Silver Toyota Tacoma Used 2023 Toyota Tacoma SR5 4D Double Cab 3.5L V6 PDI DOHC 24V LEV3-ULEV70 278hp For sale at Carlson Toyota in Coon Rapids Minnesota.	https://www.carlsontoyota.com/wp-content/plugins/inventory/images/notfound.jpg	in stock	USED	TRUCK	Vehicles & Parts > Vehicles > Motor Vehicles > Cars, Trucks & Vans	3TYDZ5BN1PT022372	https://www.carlsontoyota.com/inventory/certified-used-2023-toyota-tacoma-sr5-4wd-4d-double-cab-3tydz5bn1pt022372/123?store={store_code}	SILVER	52492 miles	Tacoma	3TYDZ5BN1PT022372	2023	35117 USD	CT100	35117 USD	MI	Tacoma
7MUCAABG2RV110039	2024 Toyota Corolla Cross LE	Toyota	https://www.carlsontoyota.com/inventory/certified-used-2024-toyota-corolla-cross-le-awd-4d-sport-utility-7mucaabg2rv110039/	28917 USD	2024 Black Toyota Corolla Cross Used 2024 Toyota Corolla Cross LE 4D Sport Utility 2.0L I4 PDI DOHC 16V LEV3-SULEV30 169hp For sale at Carlson Toyota in Coon Rapids Minnesota.	https://vehicle-images.carscommerce.inc/fdc6-110008693/7MUCAABG2RV110039/thumbnails/large/de18a687817834cfc4ed86c3610f7997.webp	in stock	USED	SUV	Vehicles & Parts > Vehicles > Motor Vehicles > Cars, Trucks & Vans	7MUCAABG2RV110039	https://www.carlsontoyota.com/inventory/certified-used-2024-toyota-corolla-cross-le-awd-4d-sport-utility-7mucaabg2rv110039/123?store={store_code}	BLACK	10708 miles	Corolla Cross	7MUCAABG2RV110039	2024	28917 USD	CT100	28917 USD	MI	Corolla Cross
5YFB4MDE0RP181730	2024 Toyota Corolla LE	Toyota	https://www.carlsontoyota.com/inventory/certified-used-2024-toyota-corolla-le-fwd-4d-sedan-5yfb4mde0rp181730/	22198 USD	2024 Silver Toyota Corolla Used 2024 Toyota Corolla LE 4D Sedan 2.0L I4 DOHC 16V For sale at Carlson Toyota in Coon Rapids Minnesota.	https://vehicle-images.carscommerce.inc/f440-110008693/5YFB4MDE0RP181730/thumbnails/large/7bf742bad73de64d9b255b9cd2c4b936.webp	in stock	USED	OTHER	Vehicles & Parts > Vehicles > Motor Vehicles > Cars, Trucks & Vans	5YFB4MDE0RP181730	https://www.carlsontoyota.com/inventory/certified-used-2024-toyota-corolla-le-fwd-4d-sedan-5yfb4mde0rp181730/123?store={store_code}	SILVER	53237 miles	Corolla	5YFB4MDE0RP181730	2024	22198 USD	CT100	22198 USD	MI	Corolla
5YFB4MDE4RP179463	2024 Toyota Corolla LE	Toyota	https://www.carlsontoyota.com/inventory/certified-used-2024-toyota-corolla-le-fwd-4d-sedan-5yfb4mde4rp179463/	22195 USD	2024 Black Toyota Corolla Used 2024 Toyota Corolla LE 4D Sedan 2.0L I4 DOHC 16V For sale at Carlson Toyota in Coon Rapids Minnesota.	https://vehicle-images.carscommerce.inc/81f9-110008693/5YFB4MDE4RP179463/thumbnails/large/40c54e8783c1b1534b383e866b58206a.webp	in stock	USED	OTHER	Vehicles & Parts > Vehicles > Motor Vehicles > Cars, Trucks & Vans	5YFB4MDE4RP179463	https://www.carlsontoyota.com/inventory/certified-used-2024-toyota-corolla-le-fwd-4d-sedan-5yfb4mde4rp179463/123?store={store_code}	BLACK	49904 miles	Corolla	5YFB4MDE4RP179463	2024	22195 USD	CT100	22195 USD	MI	Corolla
5YFB4MDE6RP177682	2024 Toyota Corolla LE	Toyota	https://www.carlsontoyota.com/inventory/certified-used-2024-toyota-corolla-le-fwd-4d-sedan-5yfb4mde6rp177682/	21971 USD	2024 Black Toyota Corolla Used 2024 Toyota Corolla LE 4D Sedan 2.0L I4 DOHC 16V For sale at Carlson Toyota in Coon Rapids Minnesota.	https://vehicle-images.carscommerce.inc/2aed-110008693/5YFB4MDE6RP177682/thumbnails/large/3812edbdf2d5b620b1c6c3699c1160d8.webp	in stock	USED	OTHER	Vehicles & Parts > Vehicles > Motor Vehicles > Cars, Trucks & Vans	5YFB4MDE6RP177682	https://www.carlsontoyota.com/inventory/certified-used-2024-toyota-corolla-le-fwd-4d-sedan-5yfb4mde6rp177682/123?store={store_code}	BLACK	56466 miles	Corolla	5YFB4MDE6RP177682	2024	21971 USD	CT100	21971 USD	MI	Corolla
5YFB4MDE9RP166840	2024 Toyota Corolla LE	Toyota	https://www.carlsontoyota.com/inventory/certified-used-2024-toyota-corolla-le-fwd-4d-sedan-5yfb4mde9rp166840/	22098 USD	2024 Black Toyota Corolla Used 2024 Toyota Corolla LE 4D Sedan 2.0L I4 DOHC 16V For sale at Carlson Toyota in Coon Rapids Minnesota.	https://vehicle-images.carscommerce.inc/9d3e-110008693/5YFB4MDE9RP166840/thumbnails/large/f373d77b99828eaca745a4f4afeb9491.webp	in stock	USED	OTHER	Vehicles & Parts > Vehicles > Motor Vehicles > Cars, Trucks & Vans	5YFB4MDE9RP166840	https://www.carlsontoyota.com/inventory/certified-used-2024-toyota-corolla-le-fwd-4d-sedan-5yfb4mde9rp166840/123?store={store_code}	BLACK	51708 miles	Corolla	5YFB4MDE9RP166840	2024	22098 USD	CT100	22098 USD	MI	Corolla
5YFB4MDE9RP190605	2024 Toyota Corolla LE	Toyota	https://www.carlsontoyota.com/inventory/certified-used-2024-toyota-corolla-le-fwd-4d-sedan-5yfb4mde9rp190605/	22192 USD	2024 Black Toyota Corolla Used 2024 Toyota Corolla LE 4D Sedan 2.0L I4 DOHC 16V For sale at Carlson Toyota in Coon Rapids Minnesota.	https://vehicle-images.carscommerce.inc/cb06-110008693/5YFB4MDE9RP190605/thumbnails/large/02a289de02f09cc5c8109db938aebae9.webp	in stock	USED	OTHER	Vehicles & Parts > Vehicles > Motor Vehicles > Cars, Trucks & Vans	5YFB4MDE9RP190605	https://www.carlsontoyota.com/inventory/certified-used-2024-toyota-corolla-le-fwd-4d-sedan-5yfb4mde9rp190605/123?store={store_code}	BLACK	54422 miles	Corolla	5YFB4MDE9RP190605	2024	22192 USD	CT100	22192 USD	MI	Corolla
5TDACAB52RS006418	2024 Toyota Grand Highlander Hybrid Limited	Toyota	https://www.carlsontoyota.com/inventory/certified-used-2024-toyota-grand-highlander-hybrid-limited-awd-4d-sport-utility-5tdacab52rs006418/	47894 USD	2024 Black Toyota Grand Highlander Used 2024 Toyota Grand Highlander Hybrid Limited 4D Sport Utility 2.5L 4-Cylinder For sale at Carlson Toyota in Coon Rapids Minnesota.	https://vehicle-images.carscommerce.inc/e0a9-110008693/5TDACAB52RS006418/thumbnails/large/7355cc7dadaa756be84e463cabd8ca32.webp	in stock	USED	SUV	Vehicles & Parts > Vehicles > Motor Vehicles > Cars, Trucks & Vans	5TDACAB52RS006418	https://www.carlsontoyota.com/inventory/certified-used-2024-toyota-grand-highlander-hybrid-limited-awd-4d-sport-utility-5tdacab52rs006418/123?store={store_code}	BLACK	77754 miles	Grand Highlander	5TDACAB52RS006418	2024	47894 USD	CT100	47894 USD	MI	Grand Highlander
2T3J1RFV5RW478108	2024 Toyota RAV4 Adventure	Toyota	https://www.carlsontoyota.com/inventory/certified-used-2024-toyota-rav4-adventure-awd-4d-sport-utility-2t3j1rfv5rw478108/	33291 USD	2024 Red Toyota RAV4 Used 2024 Toyota RAV4 Adventure 4D Sport Utility 2.5L 4-Cylinder DOHC Dual VVT-i For sale at Carlson Toyota in Coon Rapids Minnesota.	https://www.carlsontoyota.com/wp-content/plugins/inventory/images/notfound.jpg	in stock	USED	SUV	Vehicles & Parts > Vehicles > Motor Vehicles > Cars, Trucks & Vans	2T3J1RFV5RW478108	https://www.carlsontoyota.com/inventory/certified-used-2024-toyota-rav4-adventure-awd-4d-sport-utility-2t3j1rfv5rw478108/123?store={store_code}	RED	58162 miles	RAV4	2T3J1RFV5RW478108	2024	33291 USD	CT100	33291 USD	MI	RAV4
4T3RWRFV9RU136245	2024 Toyota RAV4 Hybrid XLE	Toyota	https://www.carlsontoyota.com/inventory/certified-used-2024-toyota-rav4-hybrid-xle-awd-4d-sport-utility-4t3rwrfv9ru136245/	32203 USD	2024 Gray Toyota RAV4 Used 2024 Toyota RAV4 Hybrid XLE 4D Sport Utility 2.5L 4-Cylinder For sale at Carlson Toyota in Coon Rapids Minnesota.	https://vehicle-images.carscommerce.inc/f90a-110008693/4T3RWRFV9RU136245/thumbnails/large/6e7dfdfc7dedcfe8cf280bb65c4d4f8e.webp	in stock	USED	SUV	Vehicles & Parts > Vehicles > Motor Vehicles > Cars, Trucks & Vans	4T3RWRFV9RU136245	https://www.carlsontoyota.com/inventory/certified-used-2024-toyota-rav4-hybrid-xle-awd-4d-sport-utility-4t3rwrfv9ru136245/123?store={store_code}	GRAY	66560 miles	RAV4	4T3RWRFV9RU136245	2024	32203 USD	CT100	32203 USD	MI	RAV4
2T3G1RFV8RW482874	2024 Toyota RAV4 LE	Toyota	https://www.carlsontoyota.com/inventory/certified-used-2024-toyota-rav4-le-awd-4d-sport-utility-2t3g1rfv8rw482874/	32798 USD	2024 Black Toyota RAV4 Used 2024 Toyota RAV4 LE 4D Sport Utility 2.5L 4-Cylinder DOHC Dual VVT-i For sale at Carlson Toyota in Coon Rapids Minnesota.	https://vehicle-images.carscommerce.inc/3c3b-110008693/2T3G1RFV8RW482874/thumbnails/large/5e54c9d5a21794aeac77cd5227b42f7e.webp	in stock	USED	SUV	Vehicles & Parts > Vehicles > Motor Vehicles > Cars, Trucks & Vans	2T3G1RFV8RW482874	https://www.carlsontoyota.com/inventory/certified-used-2024-toyota-rav4-le-awd-4d-sport-utility-2t3g1rfv8rw482874/123?store={store_code}	BLACK	10599 miles	RAV4	2T3G1RFV8RW482874	2024	32798 USD	CT100	32798 USD	MI	RAV4
2T3P1RFV6RW445984	2024 Toyota RAV4 XLE	Toyota	https://www.carlsontoyota.com/inventory/certified-used-2024-toyota-rav4-xle-awd-4d-sport-utility-2t3p1rfv6rw445984/	31663 USD	2024 Gray Toyota RAV4 Used 2024 Toyota RAV4 XLE 4D Sport Utility 2.5L 4-Cylinder DOHC Dual VVT-i For sale at Carlson Toyota in Coon Rapids Minnesota.	https://www.carlsontoyota.com/wp-content/plugins/inventory/images/notfound.jpg	in stock	USED	SUV	Vehicles & Parts > Vehicles > Motor Vehicles > Cars, Trucks & Vans	2T3P1RFV6RW445984	https://www.carlsontoyota.com/inventory/certified-used-2024-toyota-rav4-xle-awd-4d-sport-utility-2t3p1rfv6rw445984/123?store={store_code}	GRAY	55839 miles	RAV4	2T3P1RFV6RW445984	2024	31663 USD	CT100	31663 USD	MI	RAV4
2T3A1RFV8RW428478	2024 Toyota RAV4 XLE Premium	Toyota	https://www.carlsontoyota.com/inventory/certified-used-2024-toyota-rav4-xle-premium-awd-4d-sport-utility-2t3a1rfv8rw428478/	37388 USD	2024 Red Toyota RAV4 Used 2024 Toyota RAV4 XLE Premium 4D Sport Utility 2.5L 4-Cylinder DOHC Dual VVT-i For sale at Carlson Toyota in Coon Rapids Minnesota.	https://vehicle-images.carscommerce.inc/df18-110008693/2T3A1RFV8RW428478/thumbnails/large/fd9cf202c0fcd2c00e388ca134f096a6.webp	in stock	USED	SUV	Vehicles & Parts > Vehicles > Motor Vehicles > Cars, Trucks & Vans	2T3A1RFV8RW428478	https://www.carlsontoyota.com/inventory/certified-used-2024-toyota-rav4-xle-premium-awd-4d-sport-utility-2t3a1rfv8rw428478/123?store={store_code}	RED	28327 miles	RAV4	2T3A1RFV8RW428478	2024	37388 USD	CT100	37388 USD	MI	RAV4
5TDYSKFC2RS146677	2024 Toyota Sienna XLE	Toyota	https://www.carlsontoyota.com/inventory/certified-used-2024-toyota-sienna-xle-awd-4d-passenger-van-5tdyskfc2rs146677/	50798 USD	2024 Gray Toyota Sienna Used 2024 Toyota Sienna XLE 4D Passenger Van 2.5L I4 For sale at Carlson Toyota in Coon Rapids Minnesota.	https://www.carlsontoyota.com/wp-content/plugins/inventory/images/notfound.jpg	in stock	USED	VAN	Vehicles & Parts > Vehicles > Motor Vehicles > Cars, Trucks & Vans	5TDYSKFC2RS146677	https://www.carlsontoyota.com/inventory/certified-used-2024-toyota-sienna-xle-awd-4d-passenger-van-5tdyskfc2rs146677/123?store={store_code}	GRAY	27547 miles	Sienna	5TDYSKFC2RS146677	2024	50798 USD	CT100	50798 USD	MI	Sienna
4T1DAACK0SU108837	2025 Toyota Camry SE	Toyota	https://www.carlsontoyota.com/inventory/certified-used-2025-toyota-camry-se-fwd-4d-sedan-4t1daack0su108837/	29859 USD	2025 White Toyota Camry Used 2025 Toyota Camry SE 4D Sedan 2.5L 4-Cylinder 16V DOHC For sale at Carlson Toyota in Coon Rapids Minnesota.	https://vehicle-images.carscommerce.inc/2bd8-110008693/4T1DAACK0SU108837/thumbnails/large/ab97202ae8d4c1b7f3d1153ed071222c.webp	in stock	USED	OTHER	Vehicles & Parts > Vehicles > Motor Vehicles > Cars, Trucks & Vans	4T1DAACK0SU108837	https://www.carlsontoyota.com/inventory/certified-used-2025-toyota-camry-se-fwd-4d-sedan-4t1daack0su108837/123?store={store_code}	WHITE	50729 miles	Camry	4T1DAACK0SU108837	2025	29859 USD	CT100	29859 USD	MI	Camry
4T1DAACK2SU085688	2025 Toyota Camry SE	Toyota	https://www.carlsontoyota.com/inventory/certified-used-2025-toyota-camry-se-fwd-4d-sedan-4t1daack2su085688/	29634 USD	2025 Blue Toyota Camry Used 2025 Toyota Camry SE 4D Sedan 2.5L 4-Cylinder 16V DOHC For sale at Carlson Toyota in Coon Rapids Minnesota.	https://vehicle-images.carscommerce.inc/9bf1-110008693/4T1DAACK2SU085688/thumbnails/large/57f2ceca788857426af995a719309766.webp	in stock	USED	OTHER	Vehicles & Parts > Vehicles > Motor Vehicles > Cars, Trucks & Vans	4T1DAACK2SU085688	https://www.carlsontoyota.com/inventory/certified-used-2025-toyota-camry-se-fwd-4d-sedan-4t1daack2su085688/123?store={store_code}	BLUE	51059 miles	Camry	4T1DAACK2SU085688	2025	29634 USD	CT100	29634 USD	MI	Camry
4T1DAACK8SU151662	2025 Toyota Camry SE	Toyota	https://www.carlsontoyota.com/inventory/certified-used-2025-toyota-camry-se-fwd-4d-sedan-4t1daack8su151662/	29656 USD	2025 Red Toyota Camry Used 2025 Toyota Camry SE 4D Sedan 2.5L 4-Cylinder 16V DOHC For sale at Carlson Toyota in Coon Rapids Minnesota.	https://vehicle-images.carscommerce.inc/32e7-110008693/4T1DAACK8SU151662/thumbnails/large/b73257c083b69f6410029fa91995c9af.webp	in stock	USED	OTHER	Vehicles & Parts > Vehicles > Motor Vehicles > Cars, Trucks & Vans	4T1DAACK8SU151662	https://www.carlsontoyota.com/inventory/certified-used-2025-toyota-camry-se-fwd-4d-sedan-4t1daack8su151662/123?store={store_code}	RED	50680 miles	Camry	4T1DAACK8SU151662	2025	29656 USD	CT100	29656 USD	MI	Camry
7MUAAABG6SV131800	2025 Toyota Corolla Cross L	Toyota	https://www.carlsontoyota.com/inventory/certified-used-2025-toyota-corolla-cross-l-awd-4d-sport-utility-7muaaabg6sv131800/	26760 USD	2025 Black Toyota Corolla Cross Used 2025 Toyota Corolla Cross L 4D Sport Utility 2.0L I4 PDI DOHC 16V LEV3-SULEV30 169hp For sale at Carlson Toyota in Coon Rapids Minnesota.	https://www.carlsontoyota.com/wp-content/plugins/inventory/images/notfound.jpg	in stock	USED	SUV	Vehicles & Parts > Vehicles > Motor Vehicles > Cars, Trucks & Vans	7MUAAABG6SV131800	https://www.carlsontoyota.com/inventory/certified-used-2025-toyota-corolla-cross-l-awd-4d-sport-utility-7muaaabg6sv131800/123?store={store_code}	BLACK	40902 miles	Corolla Cross	7MUAAABG6SV131800	2025	26760 USD	CT100	26760 USD	MI	Corolla Cross
7MUCAABG6SV132762	2025 Toyota Corolla Cross LE	Toyota	https://www.carlsontoyota.com/inventory/certified-used-2025-toyota-corolla-cross-le-awd-4d-sport-utility-7mucaabg6sv132762/	27697 USD	2025 Silver Toyota Corolla Cross Used 2025 Toyota Corolla Cross LE 4D Sport Utility 2.0L I4 PDI DOHC 16V LEV3-SULEV30 169hp For sale at Carlson Toyota in Coon Rapids Minnesota.	https://vehicle-images.carscommerce.inc/9b5b-110008693/7MUCAABG6SV132762/thumbnails/large/1b0ca97f2eccf91a368262e5ce8154dc.webp	in stock	USED	SUV	Vehicles & Parts > Vehicles > Motor Vehicles > Cars, Trucks & Vans	7MUCAABG6SV132762	https://www.carlsontoyota.com/inventory/certified-used-2025-toyota-corolla-cross-le-awd-4d-sport-utility-7mucaabg6sv132762/123?store={store_code}	SILVER	15344 miles	Corolla Cross	7MUCAABG6SV132762	2025	27697 USD	CT100	27697 USD	MI	Corolla Cross
7MUEAABG4SV135524	2025 Toyota Corolla Cross XLE	Toyota	https://www.carlsontoyota.com/inventory/certified-used-2025-toyota-corolla-cross-xle-awd-4d-sport-utility-7mueaabg4sv135524/	31613 USD	2025 Blue Toyota Corolla Cross Used 2025 Toyota Corolla Cross XLE 4D Sport Utility 2.0L I4 PDI DOHC 16V LEV3-SULEV30 169hp For sale at Carlson Toyota in Coon Rapids Minnesota.	https://vehicle-images.carscommerce.inc/648d-110008693/7MUEAABG4SV135524/thumbnails/large/fff03a9bae4440f66929db2333893ced.webp	in stock	USED	SUV	Vehicles & Parts > Vehicles > Motor Vehicles > Cars, Trucks & Vans	7MUEAABG4SV135524	https://www.carlsontoyota.com/inventory/certified-used-2025-toyota-corolla-cross-xle-awd-4d-sport-utility-7mueaabg4sv135524/123?store={store_code}	BLUE	35872 miles	Corolla Cross	7MUEAABG4SV135524	2025	31613 USD	CT100	31613 USD	MI	Corolla Cross
5YFB4MDE3SP276112	2025 Toyota Corolla LE	Toyota	https://www.carlsontoyota.com/inventory/certified-used-2025-toyota-corolla-le-fwd-4d-sedan-5yfb4mde3sp276112/	23498 USD	2025 White Toyota Corolla Used 2025 Toyota Corolla LE 4D Sedan 2.0L I4 DOHC 16V For sale at Carlson Toyota in Coon Rapids Minnesota.	https://vehicle-images.carscommerce.inc/5f21-110008693/5YFB4MDE3SP276112/thumbnails/large/cf3e3cb3a7de8cf3d3f0926ae4126718.webp	in stock	USED	OTHER	Vehicles & Parts > Vehicles > Motor Vehicles > Cars, Trucks & Vans	5YFB4MDE3SP276112	https://www.carlsontoyota.com/inventory/certified-used-2025-toyota-corolla-le-fwd-4d-sedan-5yfb4mde3sp276112/123?store={store_code}	WHITE	35603 miles	Corolla	5YFB4MDE3SP276112	2025	23498 USD	CT100	23498 USD	MI	Corolla
5YFB4MDE4SP303088	2025 Toyota Corolla LE	Toyota	https://www.carlsontoyota.com/inventory/certified-used-2025-toyota-corolla-le-fwd-4d-sedan-5yfb4mde4sp303088/	23763 USD	2025 Black Toyota Corolla Used 2025 Toyota Corolla LE 4D Sedan 2.0L I4 DOHC 16V For sale at Carlson Toyota in Coon Rapids Minnesota.	https://www.carlsontoyota.com/wp-content/plugins/inventory/images/notfound.jpg	in stock	USED	OTHER	Vehicles & Parts > Vehicles > Motor Vehicles > Cars, Trucks & Vans	5YFB4MDE4SP303088	https://www.carlsontoyota.com/inventory/certified-used-2025-toyota-corolla-le-fwd-4d-sedan-5yfb4mde4sp303088/123?store={store_code}	BLACK	35926 miles	Corolla	5YFB4MDE4SP303088	2025	23763 USD	CT100	23763 USD	MI	Corolla
5YFB4MDE7SP282382	2025 Toyota Corolla LE	Toyota	https://www.carlsontoyota.com/inventory/certified-used-2025-toyota-corolla-le-fwd-4d-sedan-5yfb4mde7sp282382/	22815 USD	2025 Black Toyota Corolla Used 2025 Toyota Corolla LE 4D Sedan 2.0L I4 DOHC 16V For sale at Carlson Toyota in Coon Rapids Minnesota.	https://vehicle-images.carscommerce.inc/676e-110008693/5YFB4MDE7SP282382/thumbnails/large/e997c61a9f083cefd046348ebffc2d57.webp	in stock	USED	OTHER	Vehicles & Parts > Vehicles > Motor Vehicles > Cars, Trucks & Vans	5YFB4MDE7SP282382	https://www.carlsontoyota.com/inventory/certified-used-2025-toyota-corolla-le-fwd-4d-sedan-5yfb4mde7sp282382/123?store={store_code}	BLACK	46156 miles	Corolla	5YFB4MDE7SP282382	2025	22815 USD	CT100	22815 USD	MI	Corolla
4T3LWRFV0SU209501	2025 Toyota RAV4 Hybrid LE	Toyota	https://www.carlsontoyota.com/inventory/certified-used-2025-toyota-rav4-hybrid-le-awd-4d-sport-utility-4t3lwrfv0su209501/	36441 USD	2025 White Toyota RAV4 Used 2025 Toyota RAV4 Hybrid LE 4D Sport Utility 2.5L 4-Cylinder For sale at Carlson Toyota in Coon Rapids Minnesota.	https://vehicle-images.carscommerce.inc/4d2a-110008693/4T3LWRFV0SU209501/thumbnails/large/973dbd66756204dfaa8d6a2f03ae6b1f.webp	in stock	USED	SUV	Vehicles & Parts > Vehicles > Motor Vehicles > Cars, Trucks & Vans	4T3LWRFV0SU209501	https://www.carlsontoyota.com/inventory/certified-used-2025-toyota-rav4-hybrid-le-awd-4d-sport-utility-4t3lwrfv0su209501/123?store={store_code}	WHITE	17114 miles	RAV4	4T3LWRFV0SU209501	2025	36441 USD	CT100	36441 USD	MI	RAV4
4T3LWRFV2SU208429	2025 Toyota RAV4 Hybrid LE	Toyota	https://www.carlsontoyota.com/inventory/certified-used-2025-toyota-rav4-hybrid-le-awd-4d-sport-utility-4t3lwrfv2su208429/	36338 USD	2025 Silver Toyota RAV4 Used 2025 Toyota RAV4 Hybrid LE 4D Sport Utility 2.5L 4-Cylinder For sale at Carlson Toyota in Coon Rapids Minnesota.	https://vehicle-images.carscommerce.inc/a1f2-110008693/4T3LWRFV2SU208429/thumbnails/large/5dc4fa4c36fad62e66a3b6adbb2df6ac.webp	in stock	USED	SUV	Vehicles & Parts > Vehicles > Motor Vehicles > Cars, Trucks & Vans	4T3LWRFV2SU208429	https://www.carlsontoyota.com/inventory/certified-used-2025-toyota-rav4-hybrid-le-awd-4d-sport-utility-4t3lwrfv2su208429/123?store={store_code}	SILVER	15027 miles	RAV4	4T3LWRFV2SU208429	2025	36338 USD	CT100	36338 USD	MI	RAV4
4T3LWRFV3SU209007	2025 Toyota RAV4 Hybrid LE	Toyota	https://www.carlsontoyota.com/inventory/certified-used-2025-toyota-rav4-hybrid-le-awd-4d-sport-utility-4t3lwrfv3su209007/	36190 USD	2025 Silver Toyota RAV4 Used 2025 Toyota RAV4 Hybrid LE 4D Sport Utility 2.5L 4-Cylinder For sale at Carlson Toyota in Coon Rapids Minnesota.	https://vehicle-images.carscommerce.inc/9acf-110008693/4T3LWRFV3SU209007/thumbnails/large/6ef275f3f6cdc88688cbd9ac8514abed.webp	in stock	USED	SUV	Vehicles & Parts > Vehicles > Motor Vehicles > Cars, Trucks & Vans	4T3LWRFV3SU209007	https://www.carlsontoyota.com/inventory/certified-used-2025-toyota-rav4-hybrid-le-awd-4d-sport-utility-4t3lwrfv3su209007/123?store={store_code}	SILVER	17575 miles	RAV4	4T3LWRFV3SU209007	2025	36190 USD	CT100	36190 USD	MI	RAV4
JTMLWRFV6SD305629	2025 Toyota RAV4 Hybrid LE	Toyota	https://www.carlsontoyota.com/inventory/certified-used-2025-toyota-rav4-hybrid-le-awd-4d-sport-utility-jtmlwrfv6sd305629/	35974 USD	2025 White Toyota RAV4 Used 2025 Toyota RAV4 Hybrid LE 4D Sport Utility 2.5L 4-Cylinder For sale at Carlson Toyota in Coon Rapids Minnesota.	https://vehicle-images.carscommerce.inc/ffdb-110008693/JTMLWRFV6SD305629/thumbnails/large/48489c275ccdd1c964b70ec5113faec0.webp	in stock	USED	SUV	Vehicles & Parts > Vehicles > Motor Vehicles > Cars, Trucks & Vans	JTMLWRFV6SD305629	https://www.carlsontoyota.com/inventory/certified-used-2025-toyota-rav4-hybrid-le-awd-4d-sport-utility-jtmlwrfv6sd305629/123?store={store_code}	WHITE	27181 miles	RAV4	JTMLWRFV6SD305629	2025	35974 USD	CT100	35974 USD	MI	RAV4
JTMLWRFV8SD347767	2025 Toyota RAV4 Hybrid LE	Toyota	https://www.carlsontoyota.com/inventory/certified-used-2025-toyota-rav4-hybrid-le-awd-4d-sport-utility-jtmlwrfv8sd347767/	36161 USD	2025 Silver Toyota RAV4 Used 2025 Toyota RAV4 Hybrid LE 4D Sport Utility 2.5L 4-Cylinder For sale at Carlson Toyota in Coon Rapids Minnesota.	https://vehicle-images.carscommerce.inc/f38d-110008693/JTMLWRFV8SD347767/thumbnails/large/40415298f4ab94ad355e422151afdbb7.webp	in stock	USED	SUV	Vehicles & Parts > Vehicles > Motor Vehicles > Cars, Trucks & Vans	JTMLWRFV8SD347767	https://www.carlsontoyota.com/inventory/certified-used-2025-toyota-rav4-hybrid-le-awd-4d-sport-utility-jtmlwrfv8sd347767/123?store={store_code}	SILVER	18607 miles	RAV4	JTMLWRFV8SD347767	2025	36161 USD	CT100	36161 USD	MI	RAV4
JTMLWRFVXSD319520	2025 Toyota RAV4 Hybrid LE	Toyota	https://www.carlsontoyota.com/inventory/certified-used-2025-toyota-rav4-hybrid-le-awd-4d-sport-utility-jtmlwrfvxsd319520/	35588 USD	2025 White Toyota RAV4 Used 2025 Toyota RAV4 Hybrid LE 4D Sport Utility 2.5L 4-Cylinder For sale at Carlson Toyota in Coon Rapids Minnesota.	https://www.carlsontoyota.com/wp-content/plugins/inventory/images/notfound.jpg	in stock	USED	SUV	Vehicles & Parts > Vehicles > Motor Vehicles > Cars, Trucks & Vans	JTMLWRFVXSD319520	https://www.carlsontoyota.com/inventory/certified-used-2025-toyota-rav4-hybrid-le-awd-4d-sport-utility-jtmlwrfvxsd319520/123?store={store_code}	WHITE	33003 miles	RAV4	JTMLWRFVXSD319520	2025	35588 USD	CT100	35588 USD	MI	RAV4
4T3E6RFV9SU182775	2025 Toyota RAV4 Hybrid XSE	Toyota	https://www.carlsontoyota.com/inventory/certified-used-2025-toyota-rav4-hybrid-xse-awd-4d-sport-utility-4t3e6rfv9su182775/	39747 USD	2025 Beige Toyota RAV4 Used 2025 Toyota RAV4 Hybrid XSE 4D Sport Utility 2.5L 4-Cylinder For sale at Carlson Toyota in Coon Rapids Minnesota.	https://vehicle-images.carscommerce.inc/134c-110008693/4T3E6RFV9SU182775/thumbnails/large/afa513b57cc1189d4b6f8ce68b9e2ee2.webp	in stock	USED	SUV	Vehicles & Parts > Vehicles > Motor Vehicles > Cars, Trucks & Vans	4T3E6RFV9SU182775	https://www.carlsontoyota.com/inventory/certified-used-2025-toyota-rav4-hybrid-xse-awd-4d-sport-utility-4t3e6rfv9su182775/123?store={store_code}	BEIGE	41835 miles	RAV4	4T3E6RFV9SU182775	2025	39747 USD	CT100	39747 USD	MI	RAV4
2T3P1RFV4SC509933	2025 Toyota RAV4 XLE	Toyota	https://www.carlsontoyota.com/inventory/certified-used-2025-toyota-rav4-xle-awd-4d-sport-utility-2t3p1rfv4sc509933/	32864 USD	2025 Black Toyota RAV4 Used 2025 Toyota RAV4 XLE 4D Sport Utility 2.5L 4-Cylinder DOHC Dual VVT-i For sale at Carlson Toyota in Coon Rapids Minnesota.	https://vehicle-images.carscommerce.inc/c104-110008693/2T3P1RFV4SC509933/thumbnails/large/5d2642765d6942f30591f8c27e6d06df.webp	in stock	USED	SUV	Vehicles & Parts > Vehicles > Motor Vehicles > Cars, Trucks & Vans	2T3P1RFV4SC509933	https://www.carlsontoyota.com/inventory/certified-used-2025-toyota-rav4-xle-awd-4d-sport-utility-2t3p1rfv4sc509933/123?store={store_code}	BLACK	38345 miles	RAV4	2T3P1RFV4SC509933	2025	32864 USD	CT100	32864 USD	MI	RAV4
2T3P1RFV4SW541909	2025 Toyota RAV4 XLE	Toyota	https://www.carlsontoyota.com/inventory/certified-used-2025-toyota-rav4-xle-awd-4d-sport-utility-2t3p1rfv4sw541909/	32680 USD	2025 Red Toyota RAV4 Used 2025 Toyota RAV4 XLE 4D Sport Utility 2.5L 4-Cylinder DOHC Dual VVT-i For sale at Carlson Toyota in Coon Rapids Minnesota.	https://vehicle-images.carscommerce.inc/2785-110008693/2T3P1RFV4SW541909/thumbnails/large/e438569b8d0e35764446ebad672ea186.webp	in stock	USED	SUV	Vehicles & Parts > Vehicles > Motor Vehicles > Cars, Trucks & Vans	2T3P1RFV4SW541909	https://www.carlsontoyota.com/inventory/certified-used-2025-toyota-rav4-xle-awd-4d-sport-utility-2t3p1rfv4sw541909/123?store={store_code}	RED	39614 miles	RAV4	2T3P1RFV4SW541909	2025	32680 USD	CT100	32680 USD	MI	RAV4
2T3P1RFV7SW541953	2025 Toyota RAV4 XLE	Toyota	https://www.carlsontoyota.com/inventory/certified-used-2025-toyota-rav4-xle-awd-4d-sport-utility-2t3p1rfv7sw541953/	32704 USD	2025 Silver Toyota RAV4 Used 2025 Toyota RAV4 XLE 4D Sport Utility 2.5L 4-Cylinder DOHC Dual VVT-i For sale at Carlson Toyota in Coon Rapids Minnesota.	https://vehicle-images.carscommerce.inc/44f4-110008693/2T3P1RFV7SW541953/thumbnails/large/e4e1a977486eaaf55d2e871a802c3ffe.webp	in stock	USED	SUV	Vehicles & Parts > Vehicles > Motor Vehicles > Cars, Trucks & Vans	2T3P1RFV7SW541953	https://www.carlsontoyota.com/inventory/certified-used-2025-toyota-rav4-xle-awd-4d-sport-utility-2t3p1rfv7sw541953/123?store={store_code}	SILVER	39641 miles	RAV4	2T3P1RFV7SW541953	2025	32704 USD	CT100	32704 USD	MI	RAV4
2T3P1RFV8SW544151	2025 Toyota RAV4 XLE	Toyota	https://www.carlsontoyota.com/inventory/certified-used-2025-toyota-rav4-xle-awd-4d-sport-utility-2t3p1rfv8sw544151/	32796 USD	2025 Black Toyota RAV4 Used 2025 Toyota RAV4 XLE 4D Sport Utility 2.5L 4-Cylinder DOHC Dual VVT-i For sale at Carlson Toyota in Coon Rapids Minnesota.	https://vehicle-images.carscommerce.inc/c42d-110008693/2T3P1RFV8SW544151/thumbnails/large/0d341a93ee13aa79842ea9b8b334ac22.webp	in stock	USED	SUV	Vehicles & Parts > Vehicles > Motor Vehicles > Cars, Trucks & Vans	2T3P1RFV8SW544151	https://www.carlsontoyota.com/inventory/certified-used-2025-toyota-rav4-xle-awd-4d-sport-utility-2t3p1rfv8sw544151/123?store={store_code}	BLACK	28275 miles	RAV4	2T3P1RFV8SW544151	2025	32796 USD	CT100	32796 USD	MI	RAV4
2T3A1RFV6SC497872	2025 Toyota RAV4 XLE Premium	Toyota	https://www.carlsontoyota.com/inventory/certified-used-2025-toyota-rav4-xle-premium-awd-4d-sport-utility-2t3a1rfv6sc497872/	38180 USD	2025 Gray Toyota RAV4 Used 2025 Toyota RAV4 XLE Premium 4D Sport Utility 2.5L 4-Cylinder DOHC Dual VVT-i For sale at Carlson Toyota in Coon Rapids Minnesota.	https://vehicle-images.carscommerce.inc/a943-110008693/2T3A1RFV6SC497872/thumbnails/large/44e2ca20bcf6393c196e3cd146f8bad7.webp	in stock	USED	SUV	Vehicles & Parts > Vehicles > Motor Vehicles > Cars, Trucks & Vans	2T3A1RFV6SC497872	https://www.carlsontoyota.com/inventory/certified-used-2025-toyota-rav4-xle-premium-awd-4d-sport-utility-2t3a1rfv6sc497872/123?store={store_code}	GRAY	21021 miles	RAV4	2T3A1RFV6SC497872	2025	38180 USD	CT100	38180 USD	MI	RAV4
5TDYRKEC2SS252503	2025 Toyota Sienna XLE	Toyota	https://www.carlsontoyota.com/inventory/certified-used-2025-toyota-sienna-xle-fwd-4d-passenger-van-5tdyrkec2ss252503/	46511 USD	2025 Gray Toyota Sienna Used 2025 Toyota Sienna XLE 4D Passenger Van 2.5L I4 Hybrid w/VVT-iE DOHC 16V For sale at Carlson Toyota in Coon Rapids Minnesota.	https://www.carlsontoyota.com/wp-content/plugins/inventory/images/notfound.jpg	in stock	USED	VAN	Vehicles & Parts > Vehicles > Motor Vehicles > Cars, Trucks & Vans	5TDYRKEC2SS252503	https://www.carlsontoyota.com/inventory/certified-used-2025-toyota-sienna-xle-fwd-4d-passenger-van-5tdyrkec2ss252503/123?store={store_code}	GRAY	25151 miles	Sienna	5TDYRKEC2SS252503	2025	46511 USD	CT100	46511 USD	MI	Sienna
5TDYRKECXSS259229	2025 Toyota Sienna XLE	Toyota	https://www.carlsontoyota.com/inventory/certified-used-2025-toyota-sienna-xle-fwd-4d-passenger-van-5tdyrkecxss259229/	47598 USD	2025 Silver Toyota Sienna Used 2025 Toyota Sienna XLE 4D Passenger Van 2.5L I4 Hybrid w/VVT-iE DOHC 16V For sale at Carlson Toyota in Coon Rapids Minnesota.	https://vehicle-images.carscommerce.inc/4fa5-110008693/5TDYRKECXSS259229/thumbnails/large/4df3cb2f40bf6c6cbe7e51194cc18eee.webp	in stock	USED	VAN	Vehicles & Parts > Vehicles > Motor Vehicles > Cars, Trucks & Vans	5TDYRKECXSS259229	https://www.carlsontoyota.com/inventory/certified-used-2025-toyota-sienna-xle-fwd-4d-passenger-van-5tdyrkecxss259229/123?store={store_code}	SILVER	16353 miles	Sienna	5TDYRKECXSS259229	2025	47598 USD	CT100	47598 USD	MI	Sienna
4T1DBADK7TU056345	2026 Toyota Camry XSE	Toyota	https://www.carlsontoyota.com/inventory/certified-used-2026-toyota-camry-xse-awd-4d-sedan-4t1dbadk7tu056345/	40489 USD	2026 Blue Toyota Camry Used 2026 Toyota Camry XSE 4D Sedan 2.5L 4-Cylinder 16V DOHC For sale at Carlson Toyota in Coon Rapids Minnesota.	https://vehicle-images.carscommerce.inc/7708-110008693/4T1DBADK7TU056345/thumbnails/large/86d00f91f1cfd53be4f8417202852c99.webp	in stock	USED	OTHER	Vehicles & Parts > Vehicles > Motor Vehicles > Cars, Trucks & Vans	4T1DBADK7TU056345	https://www.carlsontoyota.com/inventory/certified-used-2026-toyota-camry-xse-awd-4d-sedan-4t1dbadk7tu056345/123?store={store_code}	BLUE	4880 miles	Camry	4T1DBADK7TU056345	2026	40489 USD	CT100	40489 USD	MI	Camry
JTDBCMFEXT3125021	2026 Toyota Corolla Hybrid SE	Toyota	https://www.carlsontoyota.com/inventory/certified-used-2026-toyota-corolla-hybrid-se-fwd-4d-sedan-jtdbcmfext3125021/	29189 USD	2026 Black Toyota Corolla Used 2026 Toyota Corolla Hybrid SE 4D Sedan 1.8L DOHC 16V VVT For sale at Carlson Toyota in Coon Rapids Minnesota.	https://vehicle-images.carscommerce.inc/aa11-110008693/JTDBCMFEXT3125021/thumbnails/large/6824c34a0433dc727aa8cbd18007999b.webp	in stock	USED	OTHER	Vehicles & Parts > Vehicles > Motor Vehicles > Cars, Trucks & Vans	JTDBCMFEXT3125021	https://www.carlsontoyota.com/inventory/certified-used-2026-toyota-corolla-hybrid-se-fwd-4d-sedan-jtdbcmfext3125021/123?store={store_code}	BLACK	13966 miles	Corolla	JTDBCMFEXT3125021	2026	29189 USD	CT100	29189 USD	MI	Corolla
2T36CRAV1TW009970	2026 Toyota RAV4 XLE Premium	Toyota	https://www.carlsontoyota.com/inventory/certified-used-2026-toyota-rav4-xle-premium-awd-4d-sport-utility-2t36crav1tw009970/	45860 USD	2026 Beige Toyota RAV4 Used 2026 Toyota RAV4 XLE Premium 4D Sport Utility 2.5L 4-Cylinder For sale at Carlson Toyota in Coon Rapids Minnesota.	https://www.carlsontoyota.com/wp-content/plugins/inventory/images/notfound.jpg	in stock	USED	SUV	Vehicles & Parts > Vehicles > Motor Vehicles > Cars, Trucks & Vans	2T36CRAV1TW009970	https://www.carlsontoyota.com/inventory/certified-used-2026-toyota-rav4-xle-premium-awd-4d-sport-utility-2t36crav1tw009970/123?store={store_code}	BEIGE	16043 miles	RAV4	2T36CRAV1TW009970	2026	45860 USD	CT100	45860 USD	MI	RAV4
2T36CRAV6TW019748	2026 Toyota RAV4 XSE	Toyota	https://www.carlsontoyota.com/inventory/certified-used-2026-toyota-rav4-xse-awd-4d-sport-utility-2t36crav6tw019748/	47408 USD	2026 Beige Toyota RAV4 Used 2026 Toyota RAV4 XSE 4D Sport Utility 2.5L 4-Cylinder For sale at Carlson Toyota in Coon Rapids Minnesota.	https://vehicle-images.carscommerce.inc/14ea-110008693/2T36CRAV6TW019748/thumbnails/large/c3fd86f3408fbeb5ab50211ef9852b63.webp	in stock	USED	SUV	Vehicles & Parts > Vehicles > Motor Vehicles > Cars, Trucks & Vans	2T36CRAV6TW019748	https://www.carlsontoyota.com/inventory/certified-used-2026-toyota-rav4-xse-awd-4d-sport-utility-2t36crav6tw019748/123?store={store_code}	BEIGE	6631 miles	RAV4	2T36CRAV6TW019748	2026	47408 USD	CT100	47408 USD	MI	RAV4
5TDYRKEC6TS301493	2026 Toyota Sienna XLE	Toyota	https://www.carlsontoyota.com/inventory/certified-used-2026-toyota-sienna-xle-fwd-4d-passenger-van-5tdyrkec6ts301493/	49441 USD	2026 Beige Toyota Sienna Used 2026 Toyota Sienna XLE 4D Passenger Van 2.5L I4 For sale at Carlson Toyota in Coon Rapids Minnesota.	https://vehicle-images.carscommerce.inc/27a7-110008693/5TDYRKEC6TS301493/thumbnails/large/98479c477dbd12588fed426eb21ce5f9.webp	in stock	USED	VAN	Vehicles & Parts > Vehicles > Motor Vehicles > Cars, Trucks & Vans	5TDYRKEC6TS301493	https://www.carlsontoyota.com/inventory/certified-used-2026-toyota-sienna-xle-fwd-4d-passenger-van-5tdyrkec6ts301493/123?store={store_code}	BEIGE	19031 miles	Sienna	5TDYRKEC6TS301493	2026	49441 USD	CT100	49441 USD	MI	Sienna
5TDYRKEC7TS299706	2026 Toyota Sienna XLE	Toyota	https://www.carlsontoyota.com/inventory/certified-used-2026-toyota-sienna-xle-fwd-4d-passenger-van-5tdyrkec7ts299706/	50242 USD	2026 Black Toyota Sienna Used 2026 Toyota Sienna XLE 4D Passenger Van 2.5L I4 For sale at Carlson Toyota in Coon Rapids Minnesota.	https://www.carlsontoyota.com/wp-content/plugins/inventory/images/notfound.jpg	in stock	USED	VAN	Vehicles & Parts > Vehicles > Motor Vehicles > Cars, Trucks & Vans	5TDYRKEC7TS299706	https://www.carlsontoyota.com/inventory/certified-used-2026-toyota-sienna-xle-fwd-4d-passenger-van-5tdyrkec7ts299706/123?store={store_code}	BLACK	24587 miles	Sienna	5TDYRKEC7TS299706	2026	50242 USD	CT100	50242 USD	MI	Sienna
JTEVB5BR8T5056683	2026 Toyota 4Runner i-FORCE MAX 4Runner Limited	Toyota	https://www.carlsontoyota.com/inventory/new-2026-toyota-4runner-i-force-max-4runner-limited-full-time-4-wheel-drive-4wd-limited-jtevb5br8t5056683/	65484 USD	2026 Wind Chill Pearl 1 Toyota 4Runner i-FORCE MAX New 2026 Toyota 4Runner i-FORCE MAX 4Runner Limited 4WD LIMITED i-FORCE MAX 2.4L 4-Cyl. Turbo Hybrid Powertrain For sale at Carlson Toyota in Coon Rapids Minnesota.	https://vehicle-images.carscommerce.inc/eae9-110008693/JTEVB5BR8T5056683/223a44ab5ea82215566c50a139f82579.webp	in stock	NEW	SUV	Vehicles & Parts > Vehicles > Motor Vehicles > Cars, Trucks & Vans	JTEVB5BR8T5056683	https://www.carlsontoyota.com/inventory/new-2026-toyota-4runner-i-force-max-4runner-limited-full-time-4-wheel-drive-4wd-limited-jtevb5br8t5056683/123?store={store_code}	WHITE	0 miles	4Runner i-FORCE MAX	JTEVB5BR8T5056683	2026	65484 USD	CT100	65484 USD	MI	4Runner i-FORCE MAX
JTEVA5BR9T5161459	2026 Toyota 4Runner Limited	Toyota	https://www.carlsontoyota.com/inventory/new-2026-toyota-4runner-limited-full-time-4-wheel-drive-4wd-limited-jteva5br9t5161459/	63373 USD	2026 Wind Chill Pearl 1 Toyota 4Runner New 2026 Toyota 4Runner Limited 4WD LIMITED i-FORCE 2.4L 4-Cyl. Turbo For sale at Carlson Toyota in Coon Rapids Minnesota.	https://vehicle-images.carscommerce.inc/bc40-110008693/JTEVA5BR9T5161459/c66e75423cd4940fad6468ae671a5c15.webp	in stock	NEW	SUV	Vehicles & Parts > Vehicles > Motor Vehicles > Cars, Trucks & Vans	JTEVA5BR9T5161459	https://www.carlsontoyota.com/inventory/new-2026-toyota-4runner-limited-full-time-4-wheel-drive-4wd-limited-jteva5br9t5161459/123?store={store_code}	WHITE	0 miles	4Runner	JTEVA5BR9T5161459	2026	63373 USD	CT100	63373 USD	MI	4Runner
JTEVA5BR4T5160977	2026 Toyota 4Runner TRD Sport	Toyota	https://www.carlsontoyota.com/inventory/new-2026-toyota-4runner-trd-sport-part-time-4-wheel-drive-4wd-trd-sport-jteva5br4t5160977/	53258 USD	2026 Heritage Blue Toyota 4Runner New 2026 Toyota 4Runner TRD Sport 4WD TRD SPORT i-FORCE 2.4L 4-Cyl. Turbo For sale at Carlson Toyota in Coon Rapids Minnesota.	https://vehicle-images.carscommerce.inc/e01a-110008693/JTEVA5BR4T5160977/62d9f1a0afee1d39e292e41ea4191de8.webp	in stock	NEW	SUV	Vehicles & Parts > Vehicles > Motor Vehicles > Cars, Trucks & Vans	JTEVA5BR4T5160977	https://www.carlsontoyota.com/inventory/new-2026-toyota-4runner-trd-sport-part-time-4-wheel-drive-4wd-trd-sport-jteva5br4t5160977/123?store={store_code}	BLUE	0 miles	4Runner	JTEVA5BR4T5160977	2026	53258 USD	CT100	53258 USD	MI	4Runner
JTMBDAFB3TA014744	2026 Toyota bZ XLE	Toyota	https://www.carlsontoyota.com/inventory/new-2026-toyota-bz-xle-all-wheel-drive-xle-awd-jtmbdafb3ta014744/	42535 USD	2026 Heavy Metal 1 Toyota bZ New 2026 Toyota bZ XLE XLE AWD Dual Electric Motors For sale at Carlson Toyota in Coon Rapids Minnesota.	https://vehicle-images.carscommerce.inc/ff9f-110008693/JTMBDAFB3TA014744/cc98e60edf4134d95023fd52439b0d6d.webp	in stock	NEW	OTHER	Vehicles & Parts > Vehicles > Motor Vehicles > Cars, Trucks & Vans	JTMBDAFB3TA014744	https://www.carlsontoyota.com/inventory/new-2026-toyota-bz-xle-all-wheel-drive-xle-awd-jtmbdafb3ta014744/123?store={store_code}	GRAY	0 miles	bZ	JTMBDAFB3TA014744	2026	42535 USD	CT100	42535 USD	MI	bZ
4T1DBADK0TU39C066	2026 Toyota Camry LE AWD	Toyota	https://www.carlsontoyota.com/inventory/new-2026-toyota-camry-le-awd-all-wheel-drive-le-awd-4t1dbadk0tu39c066/	34909 USD	2026 Ice Cap Toyota Camry New 2026 Toyota Camry LE AWD LE AWD 2.5L 4-Cyl. Gas/Electric Hybrid For sale at Carlson Toyota in Coon Rapids Minnesota.	https://delivery.via.assetscs.toyota.com/adobe/assets/urn:aaid:aem:fbc518d7-30e2-49b6-b826-b1d8ee02db64/as/image.png?fmt=png-alpha,rgb,none	in stock	NEW	OTHER	Vehicles & Parts > Vehicles > Motor Vehicles > Cars, Trucks & Vans	4T1DBADK0TU39C066	https://www.carlsontoyota.com/inventory/new-2026-toyota-camry-le-awd-all-wheel-drive-le-awd-4t1dbadk0tu39c066/123?store={store_code}	WHITE	0 miles	Camry	4T1DBADK0TU39C066	2026	34909 USD	CT100	34909 USD	MI	Camry
4T1DBADK2TU39C067	2026 Toyota Camry LE AWD	Toyota	https://www.carlsontoyota.com/inventory/new-2026-toyota-camry-le-awd-all-wheel-drive-le-awd-4t1dbadk2tu39c067/	34909 USD	2026 Midnight Black Metallic Toyota Camry New 2026 Toyota Camry LE AWD LE AWD 2.5L 4-Cyl. Gas/Electric Hybrid For sale at Carlson Toyota in Coon Rapids Minnesota.	https://delivery.via.assetscs.toyota.com/adobe/assets/urn:aaid:aem:c43c7d05-882f-4ff6-b4b0-85a8bb30e153/as/image.png?fmt=png-alpha,rgb,none	in stock	NEW	OTHER	Vehicles & Parts > Vehicles > Motor Vehicles > Cars, Trucks & Vans	4T1DBADK2TU39C067	https://www.carlsontoyota.com/inventory/new-2026-toyota-camry-le-awd-all-wheel-drive-le-awd-4t1dbadk2tu39c067/123?store={store_code}	BLACK	0 miles	Camry	4T1DBADK2TU39C067	2026	34909 USD	CT100	34909 USD	MI	Camry
4T1DBADK7TU072965	2026 Toyota Camry LE AWD	Toyota	https://www.carlsontoyota.com/inventory/new-2026-toyota-camry-le-awd-all-wheel-drive-le-awd-4t1dbadk7tu072965/	35384 USD	2026 Supersonic Red 1 Toyota Camry New 2026 Toyota Camry LE AWD LE AWD 2.5L 4-Cyl. Gas/Electric Hybrid For sale at Carlson Toyota in Coon Rapids Minnesota.	https://vehicle-images.carscommerce.inc/573e-110008693/4T1DBADK7TU072965/02039ea684a78e992df2c400965abd49.webp	in stock	NEW	OTHER	Vehicles & Parts > Vehicles > Motor Vehicles > Cars, Trucks & Vans	4T1DBADK7TU072965	https://www.carlsontoyota.com/inventory/new-2026-toyota-camry-le-awd-all-wheel-drive-le-awd-4t1dbadk7tu072965/123?store={store_code}	RED	0 miles	Camry	4T1DBADK7TU072965	2026	35384 USD	CT100	35384 USD	MI	Camry
4T1DAACK9TU788156	2026 Toyota Camry LE	Toyota	https://www.carlsontoyota.com/inventory/new-2026-toyota-camry-le-front-wheel-drive-le-4t1daack9tu788156/	31365 USD	2026 Ice Cap Toyota Camry New 2026 Toyota Camry LE LE 2.5L 4-Cyl. Gas/Electric Hybrid For sale at Carlson Toyota in Coon Rapids Minnesota.	https://vehicle-images.carscommerce.inc/937c-110008693/4T1DAACK9TU788156/8af580f3de630b136d7e63658da3b897.webp	in stock	NEW	OTHER	Vehicles & Parts > Vehicles > Motor Vehicles > Cars, Trucks & Vans	4T1DAACK9TU788156	https://www.carlsontoyota.com/inventory/new-2026-toyota-camry-le-front-wheel-drive-le-4t1daack9tu788156/123?store={store_code}	WHITE	0 miles	Camry	4T1DAACK9TU788156	2026	31365 USD	CT100	31365 USD	MI	Camry
4T1DAACKXTU37B634	2026 Toyota Camry LE	Toyota	https://www.carlsontoyota.com/inventory/new-2026-toyota-camry-le-front-wheel-drive-le-4t1daackxtu37b634/	33859 USD	2026 Supersonic Red 1 Toyota Camry New 2026 Toyota Camry LE LE 2.5L 4-Cyl. Gas/Electric Hybrid For sale at Carlson Toyota in Coon Rapids Minnesota.	https://delivery.via.assetscs.toyota.com/adobe/assets/urn:aaid:aem:f5711421-01f0-4cfe-9705-8ca79395e2c8/as/image.png?fmt=png-alpha,rgb,none	in stock	NEW	OTHER	Vehicles & Parts > Vehicles > Motor Vehicles > Cars, Trucks & Vans	4T1DAACKXTU37B634	https://www.carlsontoyota.com/inventory/new-2026-toyota-camry-le-front-wheel-drive-le-4t1daackxtu37b634/123?store={store_code}	RED	0 miles	Camry	4T1DAACKXTU37B634	2026	33859 USD	CT100	33859 USD	MI	Camry
4T1DAACKXTU905825	2026 Toyota Camry LE	Toyota	https://www.carlsontoyota.com/inventory/new-2026-toyota-camry-le-front-wheel-drive-le-4t1daackxtu905825/	31709 USD	2026 Ice Cap Toyota Camry New 2026 Toyota Camry LE LE 2.5L 4-Cyl. Gas/Electric Hybrid For sale at Carlson Toyota in Coon Rapids Minnesota.	https://vehicle-images.carscommerce.inc/633c-110008693/4T1DAACKXTU905825/b2a4fa7c112e879f9f4d815d439d9434.webp	in stock	NEW	OTHER	Vehicles & Parts > Vehicles > Motor Vehicles > Cars, Trucks & Vans	4T1DAACKXTU905825	https://www.carlsontoyota.com/inventory/new-2026-toyota-camry-le-front-wheel-drive-le-4t1daackxtu905825/123?store={store_code}	WHITE	0 miles	Camry	4T1DAACKXTU905825	2026	31709 USD	CT100	31709 USD	MI	Camry
4T1DBADK6TU37A203	2026 Toyota Camry Nightshade AWD	Toyota	https://www.carlsontoyota.com/inventory/new-2026-toyota-camry-nightshade-awd-all-wheel-drive-nightshade-awd-4t1dbadk6tu37a203/	38393 USD	2026 Supersonic Red 1 Toyota Camry New 2026 Toyota Camry Nightshade AWD NIGHTSHADE AWD 2.5L 4-Cyl. Gas/Electric Hybrid For sale at Carlson Toyota in Coon Rapids Minnesota.	https://delivery.via.assetscs.toyota.com/adobe/assets/urn:aaid:aem:679648a0-7c16-41b9-9d0f-973345961540/as/image.png?fmt=png-alpha,rgb,none	in stock	NEW	OTHER	Vehicles & Parts > Vehicles > Motor Vehicles > Cars, Trucks & Vans	4T1DBADK6TU37A203	https://www.carlsontoyota.com/inventory/new-2026-toyota-camry-nightshade-awd-all-wheel-drive-nightshade-awd-4t1dbadk6tu37a203/123?store={store_code}	RED	0 miles	Camry	4T1DBADK6TU37A203	2026	38393 USD	CT100	38393 USD	MI	Camry
4T1DBADK8TU37D846	2026 Toyota Camry Nightshade AWD	Toyota	https://www.carlsontoyota.com/inventory/new-2026-toyota-camry-nightshade-awd-all-wheel-drive-nightshade-awd-4t1dbadk8tu37d846/	39929 USD	2026 Supersonic Red 1 Toyota Camry New 2026 Toyota Camry Nightshade AWD NIGHTSHADE AWD 2.5L 4-Cyl. Gas/Electric Hybrid For sale at Carlson Toyota in Coon Rapids Minnesota.	https://delivery.via.assetscs.toyota.com/adobe/assets/urn:aaid:aem:fab5ef90-5f93-4acd-9d0b-70285f1e365c/as/image.png?fmt=png-alpha,rgb,none	in stock	NEW	OTHER	Vehicles & Parts > Vehicles > Motor Vehicles > Cars, Trucks & Vans	4T1DBADK8TU37D846	https://www.carlsontoyota.com/inventory/new-2026-toyota-camry-nightshade-awd-all-wheel-drive-nightshade-awd-4t1dbadk8tu37d846/123?store={store_code}	RED	0 miles	Camry	4T1DBADK8TU37D846	2026	39929 USD	CT100	39929 USD	MI	Camry
4T1DBADK9TU39E754	2026 Toyota Camry Nightshade AWD	Toyota	https://www.carlsontoyota.com/inventory/new-2026-toyota-camry-nightshade-awd-all-wheel-drive-nightshade-awd-4t1dbadk9tu39e754/	37918 USD	2026 Midnight Black Metallic Toyota Camry New 2026 Toyota Camry Nightshade AWD NIGHTSHADE AWD 2.5L 4-Cyl. Gas/Electric Hybrid For sale at Carlson Toyota in Coon Rapids Minnesota.	https://delivery.via.assetscs.toyota.com/adobe/assets/urn:aaid:aem:3fae8472-6175-4105-b0a3-3d3c67b3eb24/as/image.png?fmt=png-alpha,rgb,none	in stock	NEW	OTHER	Vehicles & Parts > Vehicles > Motor Vehicles > Cars, Trucks & Vans	4T1DBADK9TU39E754	https://www.carlsontoyota.com/inventory/new-2026-toyota-camry-nightshade-awd-all-wheel-drive-nightshade-awd-4t1dbadk9tu39e754/123?store={store_code}	BLACK	0 miles	Camry	4T1DBADK9TU39E754	2026	37918 USD	CT100	37918 USD	MI	Camry
4T1DBADK6TU39B455	2026 Toyota Camry SE AWD	Toyota	https://www.carlsontoyota.com/inventory/new-2026-toyota-camry-se-awd-all-wheel-drive-se-awd-4t1dbadk6tu39b455/	38454 USD	2026 Reservoir Blue Toyota Camry New 2026 Toyota Camry SE AWD SE AWD 2.5L 4-Cyl. Gas/Electric Hybrid For sale at Carlson Toyota in Coon Rapids Minnesota.	https://delivery.via.assetscs.toyota.com/adobe/assets/urn:aaid:aem:f83b15e5-bf3c-4a22-baf9-b43da3fd4c04/as/image.png?fmt=png-alpha,rgb,none	in stock	NEW	OTHER	Vehicles & Parts > Vehicles > Motor Vehicles > Cars, Trucks & Vans	4T1DBADK6TU39B455	https://www.carlsontoyota.com/inventory/new-2026-toyota-camry-se-awd-all-wheel-drive-se-awd-4t1dbadk6tu39b455/123?store={store_code}	BLUE	0 miles	Camry	4T1DBADK6TU39B455	2026	38454 USD	CT100	38454 USD	MI	Camry
4T1DBADK9TU39B188	2026 Toyota Camry SE AWD	Toyota	https://www.carlsontoyota.com/inventory/new-2026-toyota-camry-se-awd-all-wheel-drive-se-awd-4t1dbadk9tu39b188/	35818 USD	2026 Midnight Black Metallic Toyota Camry New 2026 Toyota Camry SE AWD SE AWD 2.5L 4-Cyl. Gas/Electric Hybrid For sale at Carlson Toyota in Coon Rapids Minnesota.	https://delivery.via.assetscs.toyota.com/adobe/assets/urn:aaid:aem:96782322-81bd-41d2-ac79-227e5c7e68ca/as/image.png?fmt=png-alpha,rgb,none	in stock	NEW	OTHER	Vehicles & Parts > Vehicles > Motor Vehicles > Cars, Trucks & Vans	4T1DBADK9TU39B188	https://www.carlsontoyota.com/inventory/new-2026-toyota-camry-se-awd-all-wheel-drive-se-awd-4t1dbadk9tu39b188/123?store={store_code}	BLACK	0 miles	Camry	4T1DBADK9TU39B188	2026	35818 USD	CT100	35818 USD	MI	Camry
4T1DAACK4TU354582	2026 Toyota Camry SE	Toyota	https://www.carlsontoyota.com/inventory/new-2026-toyota-camry-se-front-wheel-drive-se-4t1daack4tu354582/	34638 USD	2026 Supersonic Red 1 Toyota Camry New 2026 Toyota Camry SE SE 2.5L 4-Cyl. Gas/Electric Hybrid For sale at Carlson Toyota in Coon Rapids Minnesota.	https://vehicle-images.carscommerce.inc/c7fa-110008693/4T1DAACK4TU354582/a290d5d899fd6020726eb5cb43956cf2.webp	in stock	NEW	OTHER	Vehicles & Parts > Vehicles > Motor Vehicles > Cars, Trucks & Vans	4T1DAACK4TU354582	https://www.carlsontoyota.com/inventory/new-2026-toyota-camry-se-front-wheel-drive-se-4t1daack4tu354582/123?store={store_code}	RED	0 miles	Camry	4T1DAACK4TU354582	2026	34638 USD	CT100	34638 USD	MI	Camry
4T1DAACKXTU40B313	2026 Toyota Camry SE	Toyota	https://www.carlsontoyota.com/inventory/new-2026-toyota-camry-se-front-wheel-drive-se-4t1daackxtu40b313/	34399 USD	2026 Midnight Black Metallic Toyota Camry New 2026 Toyota Camry SE SE 2.5L 4-Cyl. Gas/Electric Hybrid For sale at Carlson Toyota in Coon Rapids Minnesota.	https://delivery.via.assetscs.toyota.com/adobe/assets/urn:aaid:aem:84dbc8b7-5511-486d-9c42-c5f8b92e4ad2/as/image.png?fmt=png-alpha,rgb,none	in stock	NEW	OTHER	Vehicles & Parts > Vehicles > Motor Vehicles > Cars, Trucks & Vans	4T1DAACKXTU40B313	https://www.carlsontoyota.com/inventory/new-2026-toyota-camry-se-front-wheel-drive-se-4t1daackxtu40b313/123?store={store_code}	BLACK	0 miles	Camry	4T1DAACKXTU40B313	2026	34399 USD	CT100	34399 USD	MI	Camry
4T1DAACKXTU40C266	2026 Toyota Camry SE	Toyota	https://www.carlsontoyota.com/inventory/new-2026-toyota-camry-se-front-wheel-drive-se-4t1daackxtu40c266/	35799 USD	2026 Supersonic Red 1 Toyota Camry New 2026 Toyota Camry SE SE 2.5L 4-Cyl. Gas/Electric Hybrid For sale at Carlson Toyota in Coon Rapids Minnesota.	https://delivery.via.assetscs.toyota.com/adobe/assets/urn:aaid:aem:deee7ee2-bf6e-4db9-a205-4378c0b193c4/as/image.png?fmt=png-alpha,rgb,none	in stock	NEW	OTHER	Vehicles & Parts > Vehicles > Motor Vehicles > Cars, Trucks & Vans	4T1DAACKXTU40C266	https://www.carlsontoyota.com/inventory/new-2026-toyota-camry-se-front-wheel-drive-se-4t1daackxtu40c266/123?store={store_code}	RED	0 miles	Camry	4T1DAACKXTU40C266	2026	35799 USD	CT100	35799 USD	MI	Camry
4T1DBADK3TU072610	2026 Toyota Camry XLE AWD	Toyota	https://www.carlsontoyota.com/inventory/new-2026-toyota-camry-xle-awd-all-wheel-drive-xle-awd-4t1dbadk3tu072610/	43753 USD	2026 Heavy Metal 1 Toyota Camry New 2026 Toyota Camry XLE AWD XLE AWD 2.5L 4-Cyl. Gas/Electric Hybrid For sale at Carlson Toyota in Coon Rapids Minnesota.	https://vehicle-images.carscommerce.inc/4f5d-110008693/4T1DBADK3TU072610/3a93f9c5f83a2e51b2e0b51e17b0f1d4.webp	in stock	NEW	OTHER	Vehicles & Parts > Vehicles > Motor Vehicles > Cars, Trucks & Vans	4T1DBADK3TU072610	https://www.carlsontoyota.com/inventory/new-2026-toyota-camry-xle-awd-all-wheel-drive-xle-awd-4t1dbadk3tu072610/123?store={store_code}	GRAY	0 miles	Camry	4T1DBADK3TU072610	2026	43753 USD	CT100	43753 USD	MI	Camry
4T1DAACKXTU792460	2026 Toyota Camry XLE	Toyota	https://www.carlsontoyota.com/inventory/new-2026-toyota-camry-xle-front-wheel-drive-xle-4t1daackxtu792460/	41209 USD	2026 Wind Chill Pearl 1 Toyota Camry New 2026 Toyota Camry XLE XLE 2.5L 4-Cyl. Gas/Electric Hybrid For sale at Carlson Toyota in Coon Rapids Minnesota.	https://vehicle-images.carscommerce.inc/2b53-110008693/4T1DAACKXTU792460/916cfd1d64e11f1fbf9ba628f77c38f6.webp	in stock	NEW	OTHER	Vehicles & Parts > Vehicles > Motor Vehicles > Cars, Trucks & Vans	4T1DAACKXTU792460	https://www.carlsontoyota.com/inventory/new-2026-toyota-camry-xle-front-wheel-drive-xle-4t1daackxtu792460/123?store={store_code}	WHITE	0 miles	Camry	4T1DAACKXTU792460	2026	41209 USD	CT100	41209 USD	MI	Camry
4T1DBADK1TU37D431	2026 Toyota Camry XSE AWD	Toyota	https://www.carlsontoyota.com/inventory/new-2026-toyota-camry-xse-awd-all-wheel-drive-xse-awd-4t1dbadk1tu37d431/	45473 USD	2026 Wind Chill Pearl with Midnight Black Metallic roof 1 Toyota Camry New 2026 Toyota Camry XSE AWD XSE AWD 2.5L 4-Cyl. Gas/Electric Hybrid For sale at Carlson Toyota in Coon Rapids Minnesota.	https://delivery.via.assetscs.toyota.com/adobe/assets/urn:aaid:aem:81decb5d-5a23-49bd-acb1-5139800c1ea5/as/image.png?fmt=png-alpha,rgb,none	in stock	NEW	OTHER	Vehicles & Parts > Vehicles > Motor Vehicles > Cars, Trucks & Vans	4T1DBADK1TU37D431	https://www.carlsontoyota.com/inventory/new-2026-toyota-camry-xse-awd-all-wheel-drive-xse-awd-4t1dbadk1tu37d431/123?store={store_code}	WHITE	0 miles	Camry	4T1DBADK1TU37D431	2026	45473 USD	CT100	45473 USD	MI	Camry
7MUFBABG2TV43B505	2026 Toyota Corolla Cross Hybrid XSE	Toyota	https://www.carlsontoyota.com/inventory/new-2026-toyota-corolla-cross-hybrid-xse-all-wheel-drive-xse-7mufbabg2tv43b505/	38294 USD	2026 Jet Black Toyota Corolla Cross New 2026 Toyota Corolla Cross Hybrid XSE XSE 2.0L 4-Cyl. Hybrid For sale at Carlson Toyota in Coon Rapids Minnesota.	https://delivery.via.assetscs.toyota.com/adobe/assets/urn:aaid:aem:3a64460f-4824-4a53-9c18-b45591da2199/as/image.png?fmt=png-alpha,rgb,none	in stock	NEW	OTHER	Vehicles & Parts > Vehicles > Motor Vehicles > Cars, Trucks & Vans	7MUFBABG2TV43B505	https://www.carlsontoyota.com/inventory/new-2026-toyota-corolla-cross-hybrid-xse-all-wheel-drive-xse-7mufbabg2tv43b505/123?store={store_code}	BLACK	0 miles	Corolla Cross	7MUFBABG2TV43B505	2026	38294 USD	CT100	38294 USD	MI	Corolla Cross
7MUBAABG5TV39A336	2026 Toyota Corolla Cross LE	Toyota	https://www.carlsontoyota.com/inventory/new-2026-toyota-corolla-cross-le-all-wheel-drive-le-awd-7mubaabg5tv39a336/	32794 USD	2026 Soul Red Crystal 1 2 Toyota Corolla Cross New 2026 Toyota Corolla Cross LE LE - AWD 2.0L 4-Cyl. For sale at Carlson Toyota in Coon Rapids Minnesota.	https://delivery.via.assetscs.toyota.com/adobe/assets/urn:aaid:aem:70e6db67-b0e3-40ba-90da-9b7b6108e7b1/as/image.png?fmt=png-alpha,rgb,none	in stock	NEW	OTHER	Vehicles & Parts > Vehicles > Motor Vehicles > Cars, Trucks & Vans	7MUBAABG5TV39A336	https://www.carlsontoyota.com/inventory/new-2026-toyota-corolla-cross-le-all-wheel-drive-le-awd-7mubaabg5tv39a336/123?store={store_code}	RED	0 miles	Corolla Cross	7MUBAABG5TV39A336	2026	32794 USD	CT100	32794 USD	MI	Corolla Cross
7MUCAABG0TV40B330	2026 Toyota Corolla Cross LE	Toyota	https://www.carlsontoyota.com/inventory/new-2026-toyota-corolla-cross-le-all-wheel-drive-le-awd-7mucaabg0tv40b330/	32928 USD	2026 Wind Chill Pearl 1 Toyota Corolla Cross New 2026 Toyota Corolla Cross LE LE - AWD 2.0L 4-Cyl. For sale at Carlson Toyota in Coon Rapids Minnesota.	https://delivery.via.assetscs.toyota.com/adobe/assets/urn:aaid:aem:9abb93ba-4753-4d27-8901-045c8a1d9037/as/image.png?fmt=png-alpha,rgb,none	in stock	NEW	OTHER	Vehicles & Parts > Vehicles > Motor Vehicles > Cars, Trucks & Vans	7MUCAABG0TV40B330	https://www.carlsontoyota.com/inventory/new-2026-toyota-corolla-cross-le-all-wheel-drive-le-awd-7mucaabg0tv40b330/123?store={store_code}	WHITE	0 miles	Corolla Cross	7MUCAABG0TV40B330	2026	32928 USD	CT100	32928 USD	MI	Corolla Cross
7MUCAABG2TV208382	2026 Toyota Corolla Cross LE	Toyota	https://www.carlsontoyota.com/inventory/new-2026-toyota-corolla-cross-le-all-wheel-drive-le-awd-7mucaabg2tv208382/	32543 USD	2026 Soul Red Crystal 1 2 Toyota Corolla Cross New 2026 Toyota Corolla Cross LE LE - AWD 2.0L 4-Cyl. For sale at Carlson Toyota in Coon Rapids Minnesota.	https://vehicle-images.carscommerce.inc/5ab7-110008693/7MUCAABG2TV208382/4790498e891e653ead5bc56051304096.webp	in stock	NEW	OTHER	Vehicles & Parts > Vehicles > Motor Vehicles > Cars, Trucks & Vans	7MUCAABG2TV208382	https://www.carlsontoyota.com/inventory/new-2026-toyota-corolla-cross-le-all-wheel-drive-le-awd-7mucaabg2tv208382/123?store={store_code}	RED	0 miles	Corolla Cross	7MUCAABG2TV208382	2026	32543 USD	CT100	32543 USD	MI	Corolla Cross
7MUCAABG2TV40B331	2026 Toyota Corolla Cross LE	Toyota	https://www.carlsontoyota.com/inventory/new-2026-toyota-corolla-cross-le-all-wheel-drive-le-awd-7mucaabg2tv40b331/	32354 USD	2026 Soul Red Crystal 1 2 Toyota Corolla Cross New 2026 Toyota Corolla Cross LE LE - AWD 2.0L 4-Cyl. For sale at Carlson Toyota in Coon Rapids Minnesota.	https://delivery.via.assetscs.toyota.com/adobe/assets/urn:aaid:aem:af081a13-2398-4ddd-8cd7-f0fc95889beb/as/image.png?fmt=png-alpha,rgb,none	in stock	NEW	OTHER	Vehicles & Parts > Vehicles > Motor Vehicles > Cars, Trucks & Vans	7MUCAABG2TV40B331	https://www.carlsontoyota.com/inventory/new-2026-toyota-corolla-cross-le-all-wheel-drive-le-awd-7mucaabg2tv40b331/123?store={store_code}	RED	0 miles	Corolla Cross	7MUCAABG2TV40B331	2026	32354 USD	CT100	32354 USD	MI	Corolla Cross
7MUCAABG6TV209065	2026 Toyota Corolla Cross LE	Toyota	https://www.carlsontoyota.com/inventory/new-2026-toyota-corolla-cross-le-all-wheel-drive-le-awd-7mucaabg6tv209065/	31968 USD	2026 Cavalry Blue Toyota Corolla Cross New 2026 Toyota Corolla Cross LE LE - AWD 2.0L 4-Cyl. For sale at Carlson Toyota in Coon Rapids Minnesota.	https://vehicle-images.carscommerce.inc/7d17-110008693/7MUCAABG6TV209065/5b5fc55b82893f2c6e95ac9b7cc23c23.webp	in stock	NEW	OTHER	Vehicles & Parts > Vehicles > Motor Vehicles > Cars, Trucks & Vans	7MUCAABG6TV209065	https://www.carlsontoyota.com/inventory/new-2026-toyota-corolla-cross-le-all-wheel-drive-le-awd-7mucaabg6tv209065/123?store={store_code}	BLUE	0 miles	Corolla Cross	7MUCAABG6TV209065	2026	31968 USD	CT100	31968 USD	MI	Corolla Cross
7MUCAABG7TV209379	2026 Toyota Corolla Cross LE	Toyota	https://www.carlsontoyota.com/inventory/new-2026-toyota-corolla-cross-le-all-wheel-drive-le-awd-7mucaabg7tv209379/	31879 USD	2026 Cypress Toyota Corolla Cross New 2026 Toyota Corolla Cross LE LE - AWD 2.0L 4-Cyl. For sale at Carlson Toyota in Coon Rapids Minnesota.	https://vehicle-images.carscommerce.inc/2d84-110008693/7MUCAABG7TV209379/3b62af612253c4af02d21f70a0845ff1.webp	in stock	NEW	OTHER	Vehicles & Parts > Vehicles > Motor Vehicles > Cars, Trucks & Vans	7MUCAABG7TV209379	https://www.carlsontoyota.com/inventory/new-2026-toyota-corolla-cross-le-all-wheel-drive-le-awd-7mucaabg7tv209379/123?store={store_code}	GREEN	0 miles	Corolla Cross	7MUCAABG7TV209379	2026	31879 USD	CT100	31879 USD	MI	Corolla Cross
7MUCAABG7TV209916	2026 Toyota Corolla Cross LE	Toyota	https://www.carlsontoyota.com/inventory/new-2026-toyota-corolla-cross-le-all-wheel-drive-le-awd-7mucaabg7tv209916/	31879 USD	2026 Cypress Toyota Corolla Cross New 2026 Toyota Corolla Cross LE LE - AWD 2.0L 4-Cyl. For sale at Carlson Toyota in Coon Rapids Minnesota.	https://delivery.via.assetscs.toyota.com/adobe/assets/urn:aaid:aem:5071b586-6df5-43d1-9fba-58e896a71cf5/as/image.png?fmt=png-alpha,rgb,none	in stock	NEW	OTHER	Vehicles & Parts > Vehicles > Motor Vehicles > Cars, Trucks & Vans	7MUCAABG7TV209916	https://www.carlsontoyota.com/inventory/new-2026-toyota-corolla-cross-le-all-wheel-drive-le-awd-7mucaabg7tv209916/123?store={store_code}	GREEN	0 miles	Corolla Cross	7MUCAABG7TV209916	2026	31879 USD	CT100	31879 USD	MI	Corolla Cross
7MUCAABGXTV43C388	2026 Toyota Corolla Cross LE	Toyota	https://www.carlsontoyota.com/inventory/new-2026-toyota-corolla-cross-le-all-wheel-drive-le-awd-7mucaabgxtv43c388/	31879 USD	2026 Cypress Toyota Corolla Cross New 2026 Toyota Corolla Cross LE LE - AWD 2.0L 4-Cyl. For sale at Carlson Toyota in Coon Rapids Minnesota.	https://delivery.via.assetscs.toyota.com/adobe/assets/urn:aaid:aem:fe08a46f-1601-4a34-9cab-6be2b0908ffd/as/image.png?fmt=png-alpha,rgb,none	in stock	NEW	OTHER	Vehicles & Parts > Vehicles > Motor Vehicles > Cars, Trucks & Vans	7MUCAABGXTV43C388	https://www.carlsontoyota.com/inventory/new-2026-toyota-corolla-cross-le-all-wheel-drive-le-awd-7mucaabgxtv43c388/123?store={store_code}	GREEN	0 miles	Corolla Cross	7MUCAABGXTV43C388	2026	31879 USD	CT100	31879 USD	MI	Corolla Cross
7MUDAABG0TV38A404	2026 Toyota Corolla Cross XLE	Toyota	https://www.carlsontoyota.com/inventory/new-2026-toyota-corolla-cross-xle-all-wheel-drive-xle-awd-7mudaabg0tv38a404/	35374 USD	2026 Sonic Silver Toyota Corolla Cross New 2026 Toyota Corolla Cross XLE XLE - AWD 2.0L 4-Cyl. For sale at Carlson Toyota in Coon Rapids Minnesota.	https://delivery.via.assetscs.toyota.com/adobe/assets/urn:aaid:aem:4108b3bb-da40-4e97-bb0d-25e0b18800de/as/image.png?fmt=png-alpha,rgb,none	in stock	NEW	OTHER	Vehicles & Parts > Vehicles > Motor Vehicles > Cars, Trucks & Vans	7MUDAABG0TV38A404	https://www.carlsontoyota.com/inventory/new-2026-toyota-corolla-cross-xle-all-wheel-drive-xle-awd-7mudaabg0tv38a404/123?store={store_code}	SILVER	0 miles	Corolla Cross	7MUDAABG0TV38A404	2026	35374 USD	CT100	35374 USD	MI	Corolla Cross
7MUDAABG0TV39A964	2026 Toyota Corolla Cross XLE	Toyota	https://www.carlsontoyota.com/inventory/new-2026-toyota-corolla-cross-xle-all-wheel-drive-xle-awd-7mudaabg0tv39a964/	35463 USD	2026 Jet Black Toyota Corolla Cross New 2026 Toyota Corolla Cross XLE XLE - AWD 2.0L 4-Cyl. For sale at Carlson Toyota in Coon Rapids Minnesota.	https://delivery.via.assetscs.toyota.com/adobe/assets/urn:aaid:aem:ecc119aa-d6bb-4333-9dba-2d3159e304b4/as/image.png?fmt=png-alpha,rgb,none	in stock	NEW	OTHER	Vehicles & Parts > Vehicles > Motor Vehicles > Cars, Trucks & Vans	7MUDAABG0TV39A964	https://www.carlsontoyota.com/inventory/new-2026-toyota-corolla-cross-xle-all-wheel-drive-xle-awd-7mudaabg0tv39a964/123?store={store_code}	BLACK	0 miles	Corolla Cross	7MUDAABG0TV39A964	2026	35463 USD	CT100	35463 USD	MI	Corolla Cross
7MUDAABG2TV39D252	2026 Toyota Corolla Cross XLE	Toyota	https://www.carlsontoyota.com/inventory/new-2026-toyota-corolla-cross-xle-all-wheel-drive-xle-awd-7mudaabg2tv39d252/	35374 USD	2026 Sonic Silver Toyota Corolla Cross New 2026 Toyota Corolla Cross XLE XLE - AWD 2.0L 4-Cyl. For sale at Carlson Toyota in Coon Rapids Minnesota.	https://delivery.via.assetscs.toyota.com/adobe/assets/urn:aaid:aem:4108b3bb-da40-4e97-bb0d-25e0b18800de/as/image.png?fmt=png-alpha,rgb,none	in stock	NEW	OTHER	Vehicles & Parts > Vehicles > Motor Vehicles > Cars, Trucks & Vans	7MUDAABG2TV39D252	https://www.carlsontoyota.com/inventory/new-2026-toyota-corolla-cross-xle-all-wheel-drive-xle-awd-7mudaabg2tv39d252/123?store={store_code}	SILVER	0 miles	Corolla Cross	7MUDAABG2TV39D252	2026	35374 USD	CT100	35374 USD	MI	Corolla Cross
7MUDAABG4TV209652	2026 Toyota Corolla Cross XLE	Toyota	https://www.carlsontoyota.com/inventory/new-2026-toyota-corolla-cross-xle-all-wheel-drive-xle-awd-7mudaabg4tv209652/	36649 USD	2026 Wind Chill Pearl 1 Toyota Corolla Cross New 2026 Toyota Corolla Cross XLE XLE - AWD 2.0L 4-Cyl. For sale at Carlson Toyota in Coon Rapids Minnesota.	https://vehicle-images.carscommerce.inc/b0d8-110008693/7MUDAABG4TV209652/5229f616f8de4d5bccc68ceff1833bc6.webp	in stock	NEW	OTHER	Vehicles & Parts > Vehicles > Motor Vehicles > Cars, Trucks & Vans	7MUDAABG4TV209652	https://www.carlsontoyota.com/inventory/new-2026-toyota-corolla-cross-xle-all-wheel-drive-xle-awd-7mudaabg4tv209652/123?store={store_code}	WHITE	0 miles	Corolla Cross	7MUDAABG4TV209652	2026	36649 USD	CT100	36649 USD	MI	Corolla Cross
7MUDAABG8TV39B201	2026 Toyota Corolla Cross XLE	Toyota	https://www.carlsontoyota.com/inventory/new-2026-toyota-corolla-cross-xle-all-wheel-drive-xle-awd-7mudaabg8tv39b201/	35849 USD	2026 Soul Red Crystal 1 2 Toyota Corolla Cross New 2026 Toyota Corolla Cross XLE XLE - AWD 2.0L 4-Cyl. For sale at Carlson Toyota in Coon Rapids Minnesota.	https://delivery.via.assetscs.toyota.com/adobe/assets/urn:aaid:aem:4fb0dbc2-8c8e-4d59-b5bf-eedf26233e02/as/image.png?fmt=png-alpha,rgb,none	in stock	NEW	OTHER	Vehicles & Parts > Vehicles > Motor Vehicles > Cars, Trucks & Vans	7MUDAABG8TV39B201	https://www.carlsontoyota.com/inventory/new-2026-toyota-corolla-cross-xle-all-wheel-drive-xle-awd-7mudaabg8tv39b201/123?store={store_code}	RED	0 miles	Corolla Cross	7MUDAABG8TV39B201	2026	35849 USD	CT100	35849 USD	MI	Corolla Cross
7MUDAABG9TV39C244	2026 Toyota Corolla Cross XLE	Toyota	https://www.carlsontoyota.com/inventory/new-2026-toyota-corolla-cross-xle-all-wheel-drive-xle-awd-7mudaabg9tv39c244/	35374 USD	2026 Cypress Toyota Corolla Cross New 2026 Toyota Corolla Cross XLE XLE - AWD 2.0L 4-Cyl. For sale at Carlson Toyota in Coon Rapids Minnesota.	https://delivery.via.assetscs.toyota.com/adobe/assets/urn:aaid:aem:e11d4caf-f995-4058-9abe-f8dcca07e211/as/image.png?fmt=png-alpha,rgb,none	in stock	NEW	OTHER	Vehicles & Parts > Vehicles > Motor Vehicles > Cars, Trucks & Vans	7MUDAABG9TV39C244	https://www.carlsontoyota.com/inventory/new-2026-toyota-corolla-cross-xle-all-wheel-drive-xle-awd-7mudaabg9tv39c244/123?store={store_code}	GREEN	0 miles	Corolla Cross	7MUDAABG9TV39C244	2026	35374 USD	CT100	35374 USD	MI	Corolla Cross
5YFT4MCEXTP297806	2026 Toyota Corolla XSE	Toyota	https://www.carlsontoyota.com/inventory/new-2026-toyota-corolla-xse-front-wheel-drive-xse-5yft4mcextp297806/	30493 USD	2026 Midnight Black Metallic Toyota Corolla New 2026 Toyota Corolla XSE XSE 2.0L 4-Cyl. For sale at Carlson Toyota in Coon Rapids Minnesota.	https://vehicle-images.carscommerce.inc/3b04-110008693/5YFT4MCEXTP297806/e4bab40cb1e140692cc4e98a265e29ce.webp	in stock	NEW	OTHER	Vehicles & Parts > Vehicles > Motor Vehicles > Cars, Trucks & Vans	5YFT4MCEXTP297806	https://www.carlsontoyota.com/inventory/new-2026-toyota-corolla-xse-front-wheel-drive-xse-5yft4mcextp297806/123?store={store_code}	BLACK	0 miles	Corolla	5YFT4MCEXTP297806	2026	30493 USD	CT100	30493 USD	MI	Corolla
SB1ADADE7TE002926	2026 Toyota GR Corolla Premium Plus DAT	Toyota	https://www.carlsontoyota.com/inventory/new-2026-toyota-gr-corolla-premium-plus-dat-all-wheel-drive-5dr-premium-plus-sb1adade7te002926/	50905 USD	2026 Black Toyota GR Corolla New 2026 Toyota GR Corolla Premium Plus DAT 5DR PREMIUM PLUS 1.6L 3-Cyl. Turbo For sale at Carlson Toyota in Coon Rapids Minnesota.	https://vehicle-images.carscommerce.inc/2628-110008693/SB1ADADE7TE002926/7b43e2853bd593a37ae5e3d4d663d717.webp	in stock	NEW	OTHER	Vehicles & Parts > Vehicles > Motor Vehicles > Cars, Trucks & Vans	SB1ADADE7TE002926	https://www.carlsontoyota.com/inventory/new-2026-toyota-gr-corolla-premium-plus-dat-all-wheel-drive-5dr-premium-plus-sb1adade7te002926/123?store={store_code}	BLACK	0 miles	GR Corolla	SB1ADADE7TE002926	2026	50905 USD	CT100	50905 USD	MI	GR Corolla
SB1ADADE9TE002376	2026 Toyota GR Corolla Premium Plus DAT	Toyota	https://www.carlsontoyota.com/inventory/new-2026-toyota-gr-corolla-premium-plus-dat-all-wheel-drive-5dr-premium-plus-sb1adade9te002376/	51624 USD	2026 Heavy Metal 1 Toyota GR Corolla New 2026 Toyota GR Corolla Premium Plus DAT 5DR PREMIUM PLUS 1.6L 3-Cyl. Turbo For sale at Carlson Toyota in Coon Rapids Minnesota.	https://vehicle-images.carscommerce.inc/9cc8-110008693/SB1ADADE9TE002376/a1cc7e6af16c00a8ab80b1284bbeaa3d.webp	in stock	NEW	OTHER	Vehicles & Parts > Vehicles > Motor Vehicles > Cars, Trucks & Vans	SB1ADADE9TE002376	https://www.carlsontoyota.com/inventory/new-2026-toyota-gr-corolla-premium-plus-dat-all-wheel-drive-5dr-premium-plus-sb1adade9te002376/123?store={store_code}	GRAY	0 miles	GR Corolla	SB1ADADE9TE002376	2026	51624 USD	CT100	51624 USD	MI	GR Corolla
SB1ADADEXTE003164	2026 Toyota GR Corolla Premium Plus DAT	Toyota	https://www.carlsontoyota.com/inventory/new-2026-toyota-gr-corolla-premium-plus-dat-all-wheel-drive-5dr-premium-plus-sb1adadexte003164/	51194 USD	2026 Heavy Metal 1 Toyota GR Corolla New 2026 Toyota GR Corolla Premium Plus DAT 5DR PREMIUM PLUS 1.6L 3-Cyl. Turbo For sale at Carlson Toyota in Coon Rapids Minnesota.	https://vehicle-images.carscommerce.inc/171b-110008693/SB1ADADEXTE003164/165969fa00ec31ef8f2819df39873ee8.webp	in stock	NEW	OTHER	Vehicles & Parts > Vehicles > Motor Vehicles > Cars, Trucks & Vans	SB1ADADEXTE003164	https://www.carlsontoyota.com/inventory/new-2026-toyota-gr-corolla-premium-plus-dat-all-wheel-drive-5dr-premium-plus-sb1adadexte003164/123?store={store_code}	GRAY	0 miles	GR Corolla	SB1ADADEXTE003164	2026	51194 USD	CT100	51194 USD	MI	GR Corolla
SB1ADADE0TE003514	2026 Toyota GR Corolla Premium Plus MT	Toyota	https://www.carlsontoyota.com/inventory/new-2026-toyota-gr-corolla-premium-plus-mt-all-wheel-drive-5dr-premium-plus-sb1adade0te003514/	50189 USD	2026 Heavy Metal 1 Toyota GR Corolla New 2026 Toyota GR Corolla Premium Plus MT 5DR PREMIUM PLUS 1.6L 3-Cyl. Turbo For sale at Carlson Toyota in Coon Rapids Minnesota.	https://vehicle-images.carscommerce.inc/d5f6-110008693/SB1ADADE0TE003514/a647b9fce5bceec347b7e95a41181b86.webp	in stock	NEW	OTHER	Vehicles & Parts > Vehicles > Motor Vehicles > Cars, Trucks & Vans	SB1ADADE0TE003514	https://www.carlsontoyota.com/inventory/new-2026-toyota-gr-corolla-premium-plus-mt-all-wheel-drive-5dr-premium-plus-sb1adade0te003514/123?store={store_code}	GRAY	0 miles	GR Corolla	SB1ADADE0TE003514	2026	50189 USD	CT100	50189 USD	MI	GR Corolla
SB1ADADE0TE004808	2026 Toyota GR Corolla Premium Plus MT	Toyota	https://www.carlsontoyota.com/inventory/new-2026-toyota-gr-corolla-premium-plus-mt-all-wheel-drive-5dr-premium-plus-sb1adade0te004808/	48539 USD	2026 Black Toyota GR Corolla New 2026 Toyota GR Corolla Premium Plus MT 5DR PREMIUM PLUS 1.6L 3-Cyl. Turbo For sale at Carlson Toyota in Coon Rapids Minnesota.	https://delivery.via.assetscs.toyota.com/adobe/assets/urn:aaid:aem:131a05c0-e04a-44d9-bfbc-5ba7657e3872/as/image.png?fmt=png-alpha,rgb,none	in stock	NEW	OTHER	Vehicles & Parts > Vehicles > Motor Vehicles > Cars, Trucks & Vans	SB1ADADE0TE004808	https://www.carlsontoyota.com/inventory/new-2026-toyota-gr-corolla-premium-plus-mt-all-wheel-drive-5dr-premium-plus-sb1adade0te004808/123?store={store_code}	BLACK	0 miles	GR Corolla	SB1ADADE0TE004808	2026	48539 USD	CT100	48539 USD	MI	GR Corolla
SB1ADADE1TE003800	2026 Toyota GR Corolla Premium Plus MT	Toyota	https://www.carlsontoyota.com/inventory/new-2026-toyota-gr-corolla-premium-plus-mt-all-wheel-drive-5dr-premium-plus-sb1adade1te003800/	49309 USD	2026 Supersonic Red 1 Toyota GR Corolla New 2026 Toyota GR Corolla Premium Plus MT 5DR PREMIUM PLUS 1.6L 3-Cyl. Turbo For sale at Carlson Toyota in Coon Rapids Minnesota.	https://vehicle-images.carscommerce.inc/39b3-110008693/SB1ADADE1TE003800/9466268905ccaea515aec82c8e19e50f.webp	in stock	NEW	OTHER	Vehicles & Parts > Vehicles > Motor Vehicles > Cars, Trucks & Vans	SB1ADADE1TE003800	https://www.carlsontoyota.com/inventory/new-2026-toyota-gr-corolla-premium-plus-mt-all-wheel-drive-5dr-premium-plus-sb1adade1te003800/123?store={store_code}	RED	0 miles	GR Corolla	SB1ADADE1TE003800	2026	49309 USD	CT100	49309 USD	MI	GR Corolla
5TDACAB52TS125237	2026 Toyota Grand Highlander Hybrid Limited	Toyota	https://www.carlsontoyota.com/inventory/new-2026-toyota-grand-highlander-hybrid-limited-all-wheel-drive-limited-hybrid-awd-5tdacab52ts125237/	59771 USD	2026 Midnight Black Metallic Toyota Grand Highlander New 2026 Toyota Grand Highlander Hybrid Limited LIMITED HYBRID AWD 2.5-Liter 4-Cylinder Hybrid For sale at Carlson Toyota in Coon Rapids Minnesota.	https://vehicle-images.carscommerce.inc/e9fe-110008693/5TDACAB52TS125237/bb363cf7018c496e3390899661e3f18a.webp	in stock	NEW	SUV	Vehicles & Parts > Vehicles > Motor Vehicles > Cars, Trucks & Vans	5TDACAB52TS125237	https://www.carlsontoyota.com/inventory/new-2026-toyota-grand-highlander-hybrid-limited-all-wheel-drive-limited-hybrid-awd-5tdacab52ts125237/123?store={store_code}	BLACK	0 miles	Grand Highlander	5TDACAB52TS125237	2026	59771 USD	CT100	59771 USD	MI	Grand Highlander
5TDACAB54TS30N495	2026 Toyota Grand Highlander Hybrid Limited	Toyota	https://www.carlsontoyota.com/inventory/new-2026-toyota-grand-highlander-hybrid-limited-all-wheel-drive-limited-hybrid-awd-5tdacab54ts30n495/	58296 USD	2026 Ruby Flare Pearl 1 Toyota Grand Highlander New 2026 Toyota Grand Highlander Hybrid Limited LIMITED HYBRID AWD 2.5-Liter 4-Cylinder Hybrid For sale at Carlson Toyota in Coon Rapids Minnesota.	https://delivery.via.assetscs.toyota.com/adobe/assets/urn:aaid:aem:232ffbed-9501-4c6d-b9b2-d6a669667e44/as/image.png?fmt=png-alpha,rgb,none	in stock	NEW	SUV	Vehicles & Parts > Vehicles > Motor Vehicles > Cars, Trucks & Vans	5TDACAB54TS30N495	https://www.carlsontoyota.com/inventory/new-2026-toyota-grand-highlander-hybrid-limited-all-wheel-drive-limited-hybrid-awd-5tdacab54ts30n495/123?store={store_code}	RED	0 miles	Grand Highlander	5TDACAB54TS30N495	2026	58296 USD	CT100	58296 USD	MI	Grand Highlander
5TDACAB54TS38G549	2026 Toyota Grand Highlander Hybrid Limited	Toyota	https://www.carlsontoyota.com/inventory/new-2026-toyota-grand-highlander-hybrid-limited-all-wheel-drive-limited-hybrid-awd-5tdacab54ts38g549/	58658 USD	2026 Storm Cloud Toyota Grand Highlander New 2026 Toyota Grand Highlander Hybrid Limited LIMITED HYBRID AWD 2.5-Liter 4-Cylinder Hybrid For sale at Carlson Toyota in Coon Rapids Minnesota.	https://delivery.via.assetscs.toyota.com/adobe/assets/urn:aaid:aem:9a617a15-5572-4439-92d9-3bb1f5643867/as/image.png?fmt=png-alpha,rgb,none	in stock	NEW	SUV	Vehicles & Parts > Vehicles > Motor Vehicles > Cars, Trucks & Vans	5TDACAB54TS38G549	https://www.carlsontoyota.com/inventory/new-2026-toyota-grand-highlander-hybrid-limited-all-wheel-drive-limited-hybrid-awd-5tdacab54ts38g549/123?store={store_code}	GRAY	0 miles	Grand Highlander	5TDACAB54TS38G549	2026	58658 USD	CT100	58658 USD	MI	Grand Highlander
5TDACAB55TS119321	2026 Toyota Grand Highlander Hybrid Limited	Toyota	https://www.carlsontoyota.com/inventory/new-2026-toyota-grand-highlander-hybrid-limited-all-wheel-drive-limited-hybrid-awd-5tdacab55ts119321/	58078 USD	2026 Storm Cloud Toyota Grand Highlander New 2026 Toyota Grand Highlander Hybrid Limited LIMITED HYBRID AWD 2.5-Liter 4-Cylinder Hybrid For sale at Carlson Toyota in Coon Rapids Minnesota.	https://vehicle-images.carscommerce.inc/b078-110008693/5TDACAB55TS119321/a94b4c5371085afda1b6cf79309507d7.webp	in stock	NEW	SUV	Vehicles & Parts > Vehicles > Motor Vehicles > Cars, Trucks & Vans	5TDACAB55TS119321	https://www.carlsontoyota.com/inventory/new-2026-toyota-grand-highlander-hybrid-limited-all-wheel-drive-limited-hybrid-awd-5tdacab55ts119321/123?store={store_code}	GRAY	0 miles	Grand Highlander	5TDACAB55TS119321	2026	58078 USD	CT100	58078 USD	MI	Grand Highlander
5TDACAB56TS42I185	2026 Toyota Grand Highlander Hybrid Limited	Toyota	https://www.carlsontoyota.com/inventory/new-2026-toyota-grand-highlander-hybrid-limited-all-wheel-drive-limited-hybrid-awd-5tdacab56ts42i185/	57903 USD	2026 Blueprint Toyota Grand Highlander New 2026 Toyota Grand Highlander Hybrid Limited LIMITED HYBRID AWD 2.5-Liter 4-Cylinder Hybrid For sale at Carlson Toyota in Coon Rapids Minnesota.	https://delivery.via.assetscs.toyota.com/adobe/assets/urn:aaid:aem:02117288-7e84-49be-94c4-eecb9bf66586/as/image.png?fmt=png-alpha,rgb,none	in stock	NEW	SUV	Vehicles & Parts > Vehicles > Motor Vehicles > Cars, Trucks & Vans	5TDACAB56TS42I185	https://www.carlsontoyota.com/inventory/new-2026-toyota-grand-highlander-hybrid-limited-all-wheel-drive-limited-hybrid-awd-5tdacab56ts42i185/123?store={store_code}	BLUE	0 miles	Grand Highlander	5TDACAB56TS42I185	2026	57903 USD	CT100	57903 USD	MI	Grand Highlander
5TDACAB59TS43F552	2026 Toyota Grand Highlander Hybrid Limited	Toyota	https://www.carlsontoyota.com/inventory/new-2026-toyota-grand-highlander-hybrid-limited-all-wheel-drive-limited-hybrid-awd-5tdacab59ts43f552/	59133 USD	2026 Wind Chill Pearl 1 Toyota Grand Highlander New 2026 Toyota Grand Highlander Hybrid Limited LIMITED HYBRID AWD 2.5-Liter 4-Cylinder Hybrid For sale at Carlson Toyota in Coon Rapids Minnesota.	https://delivery.via.assetscs.toyota.com/adobe/assets/urn:aaid:aem:2a178af4-2139-4a96-a967-c1595e8c911b/as/image.png?fmt=png-alpha,rgb,none	in stock	NEW	SUV	Vehicles & Parts > Vehicles > Motor Vehicles > Cars, Trucks & Vans	5TDACAB59TS43F552	https://www.carlsontoyota.com/inventory/new-2026-toyota-grand-highlander-hybrid-limited-all-wheel-drive-limited-hybrid-awd-5tdacab59ts43f552/123?store={store_code}	WHITE	0 miles	Grand Highlander	5TDACAB59TS43F552	2026	59133 USD	CT100	59133 USD	MI	Grand Highlander
5TDACAB5XTS128550	2026 Toyota Grand Highlander Hybrid Limited	Toyota	https://www.carlsontoyota.com/inventory/new-2026-toyota-grand-highlander-hybrid-limited-all-wheel-drive-limited-hybrid-awd-5tdacab5xts128550/	58028 USD	2026 Heavy Metal 1 Toyota Grand Highlander New 2026 Toyota Grand Highlander Hybrid Limited LIMITED HYBRID AWD 2.5-Liter 4-Cylinder Hybrid For sale at Carlson Toyota in Coon Rapids Minnesota.	https://vehicle-images.carscommerce.inc/de6b-110008693/5TDACAB5XTS128550/772d4b1a8735c03ab83929ff23d344db.webp	in stock	NEW	SUV	Vehicles & Parts > Vehicles > Motor Vehicles > Cars, Trucks & Vans	5TDACAB5XTS128550	https://www.carlsontoyota.com/inventory/new-2026-toyota-grand-highlander-hybrid-limited-all-wheel-drive-limited-hybrid-awd-5tdacab5xts128550/123?store={store_code}	GRAY	0 miles	Grand Highlander	5TDACAB5XTS128550	2026	58028 USD	CT100	58028 USD	MI	Grand Highlander
5TDACAB52TS40F485	2026 Toyota Grand Highlander Hybrid Nightshade	Toyota	https://www.carlsontoyota.com/inventory/new-2026-toyota-grand-highlander-hybrid-nightshade-all-wheel-drive-nightshade-hybrid-5tdacab52ts40f485/	58533 USD	2026 Cement Toyota Grand Highlander New 2026 Toyota Grand Highlander Hybrid Nightshade NIGHTSHADE HYBRID 2.5-Liter 4-Cylinder Hybrid For sale at Carlson Toyota in Coon Rapids Minnesota.	https://delivery.via.assetscs.toyota.com/adobe/assets/urn:aaid:aem:99834a84-e487-471f-bd7b-a6321b44f702/as/image.png?fmt=png-alpha,rgb,none	in stock	NEW	SUV	Vehicles & Parts > Vehicles > Motor Vehicles > Cars, Trucks & Vans	5TDACAB52TS40F485	https://www.carlsontoyota.com/inventory/new-2026-toyota-grand-highlander-hybrid-nightshade-all-wheel-drive-nightshade-hybrid-5tdacab52ts40f485/123?store={store_code}	GRAY	0 miles	Grand Highlander	5TDACAB52TS40F485	2026	58533 USD	CT100	58533 USD	MI	Grand Highlander
5TDACAB54TS41E821	2026 Toyota Grand Highlander Hybrid Nightshade	Toyota	https://www.carlsontoyota.com/inventory/new-2026-toyota-grand-highlander-hybrid-nightshade-all-wheel-drive-nightshade-hybrid-5tdacab54ts41e821/	59813 USD	2026 Cement Toyota Grand Highlander New 2026 Toyota Grand Highlander Hybrid Nightshade NIGHTSHADE HYBRID 2.5-Liter 4-Cylinder Hybrid For sale at Carlson Toyota in Coon Rapids Minnesota.	https://delivery.via.assetscs.toyota.com/adobe/assets/urn:aaid:aem:99834a84-e487-471f-bd7b-a6321b44f702/as/image.png?fmt=png-alpha,rgb,none	in stock	NEW	SUV	Vehicles & Parts > Vehicles > Motor Vehicles > Cars, Trucks & Vans	5TDACAB54TS41E821	https://www.carlsontoyota.com/inventory/new-2026-toyota-grand-highlander-hybrid-nightshade-all-wheel-drive-nightshade-hybrid-5tdacab54ts41e821/123?store={store_code}	GRAY	0 miles	Grand Highlander	5TDACAB54TS41E821	2026	59813 USD	CT100	59813 USD	MI	Grand Highlander
5TDACAB55TS42H979	2026 Toyota Grand Highlander Hybrid Nightshade	Toyota	https://www.carlsontoyota.com/inventory/new-2026-toyota-grand-highlander-hybrid-nightshade-all-wheel-drive-nightshade-hybrid-5tdacab55ts42h979/	59813 USD	2026 Cement Toyota Grand Highlander New 2026 Toyota Grand Highlander Hybrid Nightshade NIGHTSHADE HYBRID 2.5-Liter 4-Cylinder Hybrid For sale at Carlson Toyota in Coon Rapids Minnesota.	https://delivery.via.assetscs.toyota.com/adobe/assets/urn:aaid:aem:99834a84-e487-471f-bd7b-a6321b44f702/as/image.png?fmt=png-alpha,rgb,none	in stock	NEW	SUV	Vehicles & Parts > Vehicles > Motor Vehicles > Cars, Trucks & Vans	5TDACAB55TS42H979	https://www.carlsontoyota.com/inventory/new-2026-toyota-grand-highlander-hybrid-nightshade-all-wheel-drive-nightshade-hybrid-5tdacab55ts42h979/123?store={store_code}	GRAY	0 miles	Grand Highlander	5TDACAB55TS42H979	2026	59813 USD	CT100	59813 USD	MI	Grand Highlander
5TDABAA52TS43F798	2026 Toyota Grand Highlander Hybrid XLE	Toyota	https://www.carlsontoyota.com/inventory/new-2026-toyota-grand-highlander-hybrid-xle-front-wheel-drive-xle-hybrid-fwd-5tdabaa52ts43f798/	50678 USD	2026 Ruby Flare Pearl 1 Toyota Grand Highlander New 2026 Toyota Grand Highlander Hybrid XLE XLE HYBRID FWD 2.5-Liter 4-Cylinder Hybrid For sale at Carlson Toyota in Coon Rapids Minnesota.	https://delivery.via.assetscs.toyota.com/adobe/assets/urn:aaid:aem:aad95c8c-8cab-4579-a583-bcdb535c4151/as/image.png?fmt=png-alpha,rgb,none	in stock	NEW	SUV	Vehicles & Parts > Vehicles > Motor Vehicles > Cars, Trucks & Vans	5TDABAA52TS43F798	https://www.carlsontoyota.com/inventory/new-2026-toyota-grand-highlander-hybrid-xle-front-wheel-drive-xle-hybrid-fwd-5tdabaa52ts43f798/123?store={store_code}	RED	0 miles	Grand Highlander	5TDABAA52TS43F798	2026	50678 USD	CT100	50678 USD	MI	Grand Highlander
5TDABAA55TS007624	2026 Toyota Grand Highlander Hybrid XLE	Toyota	https://www.carlsontoyota.com/inventory/new-2026-toyota-grand-highlander-hybrid-xle-front-wheel-drive-xle-hybrid-fwd-5tdabaa55ts007624/	50471 USD	2026 Storm Cloud Toyota Grand Highlander New 2026 Toyota Grand Highlander Hybrid XLE XLE HYBRID FWD 2.5-Liter 4-Cylinder Hybrid For sale at Carlson Toyota in Coon Rapids Minnesota.	https://vehicle-images.carscommerce.inc/37a2-110008693/5TDABAA55TS007624/c45c1bf4dd13bb06d453c3bf3698f9c7.webp	in stock	NEW	SUV	Vehicles & Parts > Vehicles > Motor Vehicles > Cars, Trucks & Vans	5TDABAA55TS007624	https://www.carlsontoyota.com/inventory/new-2026-toyota-grand-highlander-hybrid-xle-front-wheel-drive-xle-hybrid-fwd-5tdabaa55ts007624/123?store={store_code}	GRAY	0 miles	Grand Highlander	5TDABAA55TS007624	2026	50471 USD	CT100	50471 USD	MI	Grand Highlander
5TDAAAB51TS31F427	2026 Toyota Grand Highlander Platinum	Toyota	https://www.carlsontoyota.com/inventory/new-2026-toyota-grand-highlander-platinum-all-wheel-drive-platinum-awd-5tdaaab51ts31f427/	58708 USD	2026 Storm Cloud Toyota Grand Highlander New 2026 Toyota Grand Highlander Platinum PLATINUM AWD 2.4L 4-Cyl. Turbocharged For sale at Carlson Toyota in Coon Rapids Minnesota.	https://delivery.via.assetscs.toyota.com/adobe/assets/urn:aaid:aem:a5b8c3d9-6cc6-4f5b-a760-15e6c6071f34/as/image.png?fmt=png-alpha,rgb,none	in stock	NEW	SUV	Vehicles & Parts > Vehicles > Motor Vehicles > Cars, Trucks & Vans	5TDAAAB51TS31F427	https://www.carlsontoyota.com/inventory/new-2026-toyota-grand-highlander-platinum-all-wheel-drive-platinum-awd-5tdaaab51ts31f427/123?store={store_code}	GRAY	0 miles	Grand Highlander	5TDAAAB51TS31F427	2026	58708 USD	CT100	58708 USD	MI	Grand Highlander
5TDAAAB59TS39E796	2026 Toyota Grand Highlander Platinum	Toyota	https://www.carlsontoyota.com/inventory/new-2026-toyota-grand-highlander-platinum-all-wheel-drive-platinum-awd-5tdaaab59ts39e796/	60276 USD	2026 Midnight Black Metallic Toyota Grand Highlander New 2026 Toyota Grand Highlander Platinum PLATINUM AWD 2.4L 4-Cyl. Turbocharged For sale at Carlson Toyota in Coon Rapids Minnesota.	https://delivery.via.assetscs.toyota.com/adobe/assets/urn:aaid:aem:46a20d1d-6a55-4549-81d5-268e060324eb/as/image.png?fmt=png-alpha,rgb,none	in stock	NEW	SUV	Vehicles & Parts > Vehicles > Motor Vehicles > Cars, Trucks & Vans	5TDAAAB59TS39E796	https://www.carlsontoyota.com/inventory/new-2026-toyota-grand-highlander-platinum-all-wheel-drive-platinum-awd-5tdaaab59ts39e796/123?store={store_code}	BLACK	0 miles	Grand Highlander	5TDAAAB59TS39E796	2026	60276 USD	CT100	60276 USD	MI	Grand Highlander
5TDAAAB56TS39G229	2026 Toyota Grand Highlander XLE	Toyota	https://www.carlsontoyota.com/inventory/new-2026-toyota-grand-highlander-xle-all-wheel-drive-xle-awd-5tdaaab56ts39g229/	50473 USD	2026 Storm Cloud Toyota Grand Highlander New 2026 Toyota Grand Highlander XLE XLE AWD 2.4L 4-Cyl. Turbocharged For sale at Carlson Toyota in Coon Rapids Minnesota.	https://delivery.via.assetscs.toyota.com/adobe/assets/urn:aaid:aem:67d2d889-86f6-4f93-be09-9265953794e2/as/image.png?fmt=png-alpha,rgb,none	in stock	NEW	SUV	Vehicles & Parts > Vehicles > Motor Vehicles > Cars, Trucks & Vans	5TDAAAB56TS39G229	https://www.carlsontoyota.com/inventory/new-2026-toyota-grand-highlander-xle-all-wheel-drive-xle-awd-5tdaaab56ts39g229/123?store={store_code}	GRAY	0 miles	Grand Highlander	5TDAAAB56TS39G229	2026	50473 USD	CT100	50473 USD	MI	Grand Highlander
5TDXBRCH1TS732878	2026 Toyota Highlander Hybrid Limited	Toyota	https://www.carlsontoyota.com/inventory/new-2026-toyota-highlander-hybrid-limited-all-wheel-drive-limited-awd-5tdxbrch1ts732878/	56892 USD	2026 Heavy Metal 1 Toyota Highlander New 2026 Toyota Highlander Hybrid Limited LIMITED AWD 2.5L 4-Cyl. Hybrid For sale at Carlson Toyota in Coon Rapids Minnesota.	https://vehicle-images.carscommerce.inc/3ea4-110008693/5TDXBRCH1TS732878/7b2a4a61ed9694382d3b821f4c49e5cf.webp	in stock	NEW	SUV	Vehicles & Parts > Vehicles > Motor Vehicles > Cars, Trucks & Vans	5TDXBRCH1TS732878	https://www.carlsontoyota.com/inventory/new-2026-toyota-highlander-hybrid-limited-all-wheel-drive-limited-awd-5tdxbrch1ts732878/123?store={store_code}	GRAY	0 miles	Highlander	5TDXBRCH1TS732878	2026	56892 USD	CT100	56892 USD	MI	Highlander
5TDXBRCH4TS41A224	2026 Toyota Highlander Hybrid Limited	Toyota	https://www.carlsontoyota.com/inventory/new-2026-toyota-highlander-hybrid-limited-all-wheel-drive-limited-awd-5tdxbrch4ts41a224/	56133 USD	2026 Heavy Metal 1 Toyota Highlander New 2026 Toyota Highlander Hybrid Limited LIMITED AWD 2.5L 4-Cyl. Hybrid For sale at Carlson Toyota in Coon Rapids Minnesota.	https://delivery.via.assetscs.toyota.com/adobe/assets/urn:aaid:aem:7d455f28-1324-4fc3-8700-d4912f3d732a/as/image.png?fmt=png-alpha,rgb,none	in stock	NEW	SUV	Vehicles & Parts > Vehicles > Motor Vehicles > Cars, Trucks & Vans	5TDXBRCH4TS41A224	https://www.carlsontoyota.com/inventory/new-2026-toyota-highlander-hybrid-limited-all-wheel-drive-limited-awd-5tdxbrch4ts41a224/123?store={store_code}	GRAY	0 miles	Highlander	5TDXBRCH4TS41A224	2026	56133 USD	CT100	56133 USD	MI	Highlander
5TDXBRCH8TS42A139	2026 Toyota Highlander Hybrid Limited	Toyota	https://www.carlsontoyota.com/inventory/new-2026-toyota-highlander-hybrid-limited-all-wheel-drive-limited-awd-5tdxbrch8ts42a139/	56972 USD	2026 Heavy Metal 1 Toyota Highlander New 2026 Toyota Highlander Hybrid Limited LIMITED AWD 2.5L 4-Cyl. Hybrid For sale at Carlson Toyota in Coon Rapids Minnesota.	https://delivery.via.assetscs.toyota.com/adobe/assets/urn:aaid:aem:7d455f28-1324-4fc3-8700-d4912f3d732a/as/image.png?fmt=png-alpha,rgb,none	in stock	NEW	SUV	Vehicles & Parts > Vehicles > Motor Vehicles > Cars, Trucks & Vans	5TDXBRCH8TS42A139	https://www.carlsontoyota.com/inventory/new-2026-toyota-highlander-hybrid-limited-all-wheel-drive-limited-awd-5tdxbrch8ts42a139/123?store={store_code}	GRAY	0 miles	Highlander	5TDXBRCH8TS42A139	2026	56972 USD	CT100	56972 USD	MI	Highlander
5TDKDRBH7TS620673	2026 Toyota Highlander Platinum	Toyota	https://www.carlsontoyota.com/inventory/new-2026-toyota-highlander-platinum-all-wheel-drive-platinum-awd-5tdkdrbh7ts620673/	57017 USD	2026 Midnight Black Metallic Toyota Highlander New 2026 Toyota Highlander Platinum PLATINUM AWD 2.4L 4-Cyl. Turbo For sale at Carlson Toyota in Coon Rapids Minnesota.	https://vehicle-images.carscommerce.inc/da20-110008693/5TDKDRBH7TS620673/29606790e3949910be68cc70bc9a9f97.webp	in stock	NEW	SUV	Vehicles & Parts > Vehicles > Motor Vehicles > Cars, Trucks & Vans	5TDKDRBH7TS620673	https://www.carlsontoyota.com/inventory/new-2026-toyota-highlander-platinum-all-wheel-drive-platinum-awd-5tdkdrbh7ts620673/123?store={store_code}	BLACK	0 miles	Highlander	5TDKDRBH7TS620673	2026	57017 USD	CT100	57017 USD	MI	Highlander
2T36CRAV2TC044230	2026 Toyota RAV4 LE	Toyota	https://www.carlsontoyota.com/inventory/new-2026-toyota-rav4-le-all-wheel-drive-hybrid-awd-2t36crav2tc044230/	35744 USD	2026 Storm Cloud Toyota RAV4 New 2026 Toyota RAV4 LE HYBRID AWD 2.5L 4-Cyl. Hybrid For sale at Carlson Toyota in Coon Rapids Minnesota.	https://vehicle-images.carscommerce.inc/b2be-110008693/2T36CRAV2TC044230/d27b4df67707369bd2150b6e03b8bdf5.webp	in stock	NEW	SUV	Vehicles & Parts > Vehicles > Motor Vehicles > Cars, Trucks & Vans	2T36CRAV2TC044230	https://www.carlsontoyota.com/inventory/new-2026-toyota-rav4-le-all-wheel-drive-hybrid-awd-2t36crav2tc044230/123?store={store_code}	GRAY	0 miles	RAV4	2T36CRAV2TC044230	2026	35744 USD	CT100	35744 USD	MI	RAV4
4T36CRAV5TU012788	2026 Toyota RAV4 LE	Toyota	https://www.carlsontoyota.com/inventory/new-2026-toyota-rav4-le-all-wheel-drive-hybrid-awd-4t36crav5tu012788/	35744 USD	2026 Ice Cap Toyota RAV4 New 2026 Toyota RAV4 LE HYBRID AWD 2.5L 4-Cyl. Hybrid For sale at Carlson Toyota in Coon Rapids Minnesota.	https://delivery.via.assetscs.toyota.com/adobe/assets/urn:aaid:aem:aa4b4096-1d1d-49df-ad71-795224f077a3/as/image.png?fmt=png-alpha,rgb,none	in stock	NEW	SUV	Vehicles & Parts > Vehicles > Motor Vehicles > Cars, Trucks & Vans	4T36CRAV5TU012788	https://www.carlsontoyota.com/inventory/new-2026-toyota-rav4-le-all-wheel-drive-hybrid-awd-4t36crav5tu012788/123?store={store_code}	WHITE	0 miles	RAV4	4T36CRAV5TU012788	2026	35744 USD	CT100	35744 USD	MI	RAV4
4T36CRAV8TU39H073	2026 Toyota RAV4 LE	Toyota	https://www.carlsontoyota.com/inventory/new-2026-toyota-rav4-le-all-wheel-drive-hybrid-awd-4t36crav8tu39h073/	36349 USD	2026 Ruby Flare Pearl 1 Toyota RAV4 New 2026 Toyota RAV4 LE HYBRID AWD 2.5L 4-Cyl. Hybrid For sale at Carlson Toyota in Coon Rapids Minnesota.	https://delivery.via.assetscs.toyota.com/adobe/assets/urn:aaid:aem:1a06aaac-2c2e-43ba-b922-aa8df5d8bfdc/as/image.png?fmt=png-alpha,rgb,none	in stock	NEW	SUV	Vehicles & Parts > Vehicles > Motor Vehicles > Cars, Trucks & Vans	4T36CRAV8TU39H073	https://www.carlsontoyota.com/inventory/new-2026-toyota-rav4-le-all-wheel-drive-hybrid-awd-4t36crav8tu39h073/123?store={store_code}	RED	0 miles	RAV4	4T36CRAV8TU39H073	2026	36349 USD	CT100	36349 USD	MI	RAV4
4T36CRAVXTU38G561	2026 Toyota RAV4 LE	Toyota	https://www.carlsontoyota.com/inventory/new-2026-toyota-rav4-le-all-wheel-drive-hybrid-awd-4t36cravxtu38g561/	35684 USD	2026 Ice Cap Toyota RAV4 New 2026 Toyota RAV4 LE HYBRID AWD 2.5L 4-Cyl. Hybrid For sale at Carlson Toyota in Coon Rapids Minnesota.	https://delivery.via.assetscs.toyota.com/adobe/assets/urn:aaid:aem:15a589f8-9d6c-4505-8aa3-b359ab2a8adc/as/image.png?fmt=png-alpha,rgb,none	in stock	NEW	SUV	Vehicles & Parts > Vehicles > Motor Vehicles > Cars, Trucks & Vans	4T36CRAVXTU38G561	https://www.carlsontoyota.com/inventory/new-2026-toyota-rav4-le-all-wheel-drive-hybrid-awd-4t36cravxtu38g561/123?store={store_code}	WHITE	0 miles	RAV4	4T36CRAVXTU38G561	2026	35684 USD	CT100	35684 USD	MI	RAV4
2T36CRAV3TW39G798	2026 Toyota RAV4 Limited	Toyota	https://www.carlsontoyota.com/inventory/new-2026-toyota-rav4-limited-all-wheel-drive-hybrid-awd-2t36crav3tw39g798/	46344 USD	2026 Midnight Black Metallic Toyota RAV4 New 2026 Toyota RAV4 Limited HYBRID AWD 2.5L 4-Cyl. Hybrid For sale at Carlson Toyota in Coon Rapids Minnesota.	https://delivery.via.assetscs.toyota.com/adobe/assets/urn:aaid:aem:295e9f69-4cfe-4187-821e-f5419c433a30/as/image.png?fmt=png-alpha,rgb,none	in stock	NEW	SUV	Vehicles & Parts > Vehicles > Motor Vehicles > Cars, Trucks & Vans	2T36CRAV3TW39G798	https://www.carlsontoyota.com/inventory/new-2026-toyota-rav4-limited-all-wheel-drive-hybrid-awd-2t36crav3tw39g798/123?store={store_code}	BLACK	0 miles	RAV4	2T36CRAV3TW39G798	2026	46344 USD	CT100	46344 USD	MI	RAV4
2T36CRAV4TW39I284	2026 Toyota RAV4 Limited	Toyota	https://www.carlsontoyota.com/inventory/new-2026-toyota-rav4-limited-all-wheel-drive-hybrid-awd-2t36crav4tw39i284/	46344 USD	2026 Midnight Black Metallic Toyota RAV4 New 2026 Toyota RAV4 Limited HYBRID AWD 2.5L 4-Cyl. Hybrid For sale at Carlson Toyota in Coon Rapids Minnesota.	https://delivery.via.assetscs.toyota.com/adobe/assets/urn:aaid:aem:295e9f69-4cfe-4187-821e-f5419c433a30/as/image.png?fmt=png-alpha,rgb,none	in stock	NEW	SUV	Vehicles & Parts > Vehicles > Motor Vehicles > Cars, Trucks & Vans	2T36CRAV4TW39I284	https://www.carlsontoyota.com/inventory/new-2026-toyota-rav4-limited-all-wheel-drive-hybrid-awd-2t36crav4tw39i284/123?store={store_code}	BLACK	0 miles	RAV4	2T36CRAV4TW39I284	2026	46344 USD	CT100	46344 USD	MI	RAV4
2T36CRAV6TW39H895	2026 Toyota RAV4 Limited	Toyota	https://www.carlsontoyota.com/inventory/new-2026-toyota-rav4-limited-all-wheel-drive-hybrid-awd-2t36crav6tw39h895/	46819 USD	2026 Wind Chill Pearl 1 Toyota RAV4 New 2026 Toyota RAV4 Limited HYBRID AWD 2.5L 4-Cyl. Hybrid For sale at Carlson Toyota in Coon Rapids Minnesota.	https://delivery.via.assetscs.toyota.com/adobe/assets/urn:aaid:aem:d7bbf169-9264-491d-ac5b-5f73edd26b7a/as/image.png?fmt=png-alpha,rgb,none	in stock	NEW	SUV	Vehicles & Parts > Vehicles > Motor Vehicles > Cars, Trucks & Vans	2T36CRAV6TW39H895	https://www.carlsontoyota.com/inventory/new-2026-toyota-rav4-limited-all-wheel-drive-hybrid-awd-2t36crav6tw39h895/123?store={store_code}	WHITE	0 miles	RAV4	2T36CRAV6TW39H895	2026	46819 USD	CT100	46819 USD	MI	RAV4
2T36CRAV8TW37J715	2026 Toyota RAV4 Limited	Toyota	https://www.carlsontoyota.com/inventory/new-2026-toyota-rav4-limited-all-wheel-drive-hybrid-awd-2t36crav8tw37j715/	46819 USD	2026 Wind Chill Pearl 1 Toyota RAV4 New 2026 Toyota RAV4 Limited HYBRID AWD 2.5L 4-Cyl. Hybrid For sale at Carlson Toyota in Coon Rapids Minnesota.	https://delivery.via.assetscs.toyota.com/adobe/assets/urn:aaid:aem:d7bbf169-9264-491d-ac5b-5f73edd26b7a/as/image.png?fmt=png-alpha,rgb,none	in stock	NEW	SUV	Vehicles & Parts > Vehicles > Motor Vehicles > Cars, Trucks & Vans	2T36CRAV8TW37J715	https://www.carlsontoyota.com/inventory/new-2026-toyota-rav4-limited-all-wheel-drive-hybrid-awd-2t36crav8tw37j715/123?store={store_code}	WHITE	0 miles	RAV4	2T36CRAV8TW37J715	2026	46819 USD	CT100	46819 USD	MI	RAV4
2T36CRAV8TW38G901	2026 Toyota RAV4 Limited	Toyota	https://www.carlsontoyota.com/inventory/new-2026-toyota-rav4-limited-all-wheel-drive-hybrid-awd-2t36crav8tw38g901/	46344 USD	2026 Storm Cloud Toyota RAV4 New 2026 Toyota RAV4 Limited HYBRID AWD 2.5L 4-Cyl. Hybrid For sale at Carlson Toyota in Coon Rapids Minnesota.	https://delivery.via.assetscs.toyota.com/adobe/assets/urn:aaid:aem:18178d72-4e4a-469e-acbe-69e2494e2580/as/image.png?fmt=png-alpha,rgb,none	in stock	NEW	SUV	Vehicles & Parts > Vehicles > Motor Vehicles > Cars, Trucks & Vans	2T36CRAV8TW38G901	https://www.carlsontoyota.com/inventory/new-2026-toyota-rav4-limited-all-wheel-drive-hybrid-awd-2t36crav8tw38g901/123?store={store_code}	GRAY	0 miles	RAV4	2T36CRAV8TW38G901	2026	46344 USD	CT100	46344 USD	MI	RAV4
JTM7ERAV6TD025318	2026 Toyota RAV4 Plug-in Hybrid GR SPORT	Toyota	https://www.carlsontoyota.com/inventory/new-2026-toyota-rav4-plug-in-hybrid-gr-sport-all-wheel-drive-plug-in-hybrid-awd-jtm7erav6td025318/	50800 USD	2026 Midnight Black Metallic Toyota RAV4 Plug-in New 2026 Toyota RAV4 Plug-in Hybrid GR SPORT PLUG-IN HYBRID AWD 2.5L 4-Cyl. Plug-in Hybrid For sale at Carlson Toyota in Coon Rapids Minnesota.	https://vehicle-images.carscommerce.inc/1b98-110008693/JTM7ERAV6TD025318/ffc432073b62b54fef879ca3e546f37d.webp	in stock	NEW	SUV	Vehicles & Parts > Vehicles > Motor Vehicles > Cars, Trucks & Vans	JTM7ERAV6TD025318	https://www.carlsontoyota.com/inventory/new-2026-toyota-rav4-plug-in-hybrid-gr-sport-all-wheel-drive-plug-in-hybrid-awd-jtm7erav6td025318/123?store={store_code}	BLACK	0 miles	RAV4 Plug-in	JTM7ERAV6TD025318	2026	50800 USD	CT100	50800 USD	MI	RAV4 Plug-in
JTM7ERAV8TD024347	2026 Toyota RAV4 Plug-in Hybrid GR SPORT	Toyota	https://www.carlsontoyota.com/inventory/new-2026-toyota-rav4-plug-in-hybrid-gr-sport-all-wheel-drive-plug-in-hybrid-awd-jtm7erav8td024347/	50935 USD	2026 Midnight Black Metallic Toyota RAV4 Plug-in New 2026 Toyota RAV4 Plug-in Hybrid GR SPORT PLUG-IN HYBRID AWD 2.5L 4-Cyl. Plug-in Hybrid For sale at Carlson Toyota in Coon Rapids Minnesota.	https://vehicle-images.carscommerce.inc/785e-110008693/JTM7ERAV8TD024347/1a43103b46b4f1d0e46bc2957f6ef735.webp	in stock	NEW	SUV	Vehicles & Parts > Vehicles > Motor Vehicles > Cars, Trucks & Vans	JTM7ERAV8TD024347	https://www.carlsontoyota.com/inventory/new-2026-toyota-rav4-plug-in-hybrid-gr-sport-all-wheel-drive-plug-in-hybrid-awd-jtm7erav8td024347/123?store={store_code}	BLACK	0 miles	RAV4 Plug-in	JTM7ERAV8TD024347	2026	50935 USD	CT100	50935 USD	MI	RAV4 Plug-in
JTM7ERAV3T138DI21	2026 Toyota RAV4 Plug-in Hybrid Woodland	Toyota	https://www.carlsontoyota.com/inventory/new-2026-toyota-rav4-plug-in-hybrid-woodland-all-wheel-drive-plug-in-hybrid-awd-jtm7erav3t138di21/	48680 USD	2026 Midnight Black Metallic Toyota RAV4 Plug-in New 2026 Toyota RAV4 Plug-in Hybrid Woodland PLUG-IN HYBRID AWD 2.5L 4-Cyl. Plug-in Hybrid For sale at Carlson Toyota in Coon Rapids Minnesota.	https://delivery.via.assetscs.toyota.com/adobe/assets/urn:aaid:aem:20dc63f6-c27c-4f6e-a80e-a9aec4b2251c/as/image.png?fmt=png-alpha,rgb,none	in stock	NEW	SUV	Vehicles & Parts > Vehicles > Motor Vehicles > Cars, Trucks & Vans	JTM7ERAV3T138DI21	https://www.carlsontoyota.com/inventory/new-2026-toyota-rav4-plug-in-hybrid-woodland-all-wheel-drive-plug-in-hybrid-awd-jtm7erav3t138di21/123?store={store_code}	BLACK	0 miles	RAV4 Plug-in	JTM7ERAV3T138DI21	2026	48680 USD	CT100	48680 USD	MI	RAV4 Plug-in
JTM7ERAV3TD024322	2026 Toyota RAV4 Plug-in Hybrid Woodland	Toyota	https://www.carlsontoyota.com/inventory/new-2026-toyota-rav4-plug-in-hybrid-woodland-all-wheel-drive-plug-in-hybrid-awd-jtm7erav3td024322/	48255 USD	2026 Ice Cap Toyota RAV4 Plug-in New 2026 Toyota RAV4 Plug-in Hybrid Woodland PLUG-IN HYBRID AWD 2.5L 4-Cyl. Plug-in Hybrid For sale at Carlson Toyota in Coon Rapids Minnesota.	https://vehicle-images.carscommerce.inc/751c-110008693/JTM7ERAV3TD024322/bd31d6e3cd487eddc92e2979194828ba.webp	in stock	NEW	SUV	Vehicles & Parts > Vehicles > Motor Vehicles > Cars, Trucks & Vans	JTM7ERAV3TD024322	https://www.carlsontoyota.com/inventory/new-2026-toyota-rav4-plug-in-hybrid-woodland-all-wheel-drive-plug-in-hybrid-awd-jtm7erav3td024322/123?store={store_code}	WHITE	0 miles	RAV4 Plug-in	JTM7ERAV3TD024322	2026	48255 USD	CT100	48255 USD	MI	RAV4 Plug-in
JTM7ERAV2TJ031182	2026 Toyota RAV4 Plug-in Hybrid XSE	Toyota	https://www.carlsontoyota.com/inventory/new-2026-toyota-rav4-plug-in-hybrid-xse-all-wheel-drive-plug-in-hybrid-awd-jtm7erav2tj031182/	53974 USD	2026 Wind Chill Pearl with Midnight Black Metallic roof 1 Toyota RAV4 Plug-in New 2026 Toyota RAV4 Plug-in Hybrid XSE PLUG-IN HYBRID AWD 2.5L 4-Cyl. Plug-in Hybrid For sale at Carlson Toyota in Coon Rapids Minnesota.	https://vehicle-images.carscommerce.inc/90de-110008693/JTM7ERAV2TJ031182/8ac393abb0b02a7d4cb0bcf788b3937a.webp	in stock	NEW	SUV	Vehicles & Parts > Vehicles > Motor Vehicles > Cars, Trucks & Vans	JTM7ERAV2TJ031182	https://www.carlsontoyota.com/inventory/new-2026-toyota-rav4-plug-in-hybrid-xse-all-wheel-drive-plug-in-hybrid-awd-jtm7erav2tj031182/123?store={store_code}	WHITE	0 miles	RAV4 Plug-in	JTM7ERAV2TJ031182	2026	53974 USD	CT100	53974 USD	MI	RAV4 Plug-in
JTM7ERAV3T139DF41	2026 Toyota RAV4 Plug-in Hybrid XSE	Toyota	https://www.carlsontoyota.com/inventory/new-2026-toyota-rav4-plug-in-hybrid-xse-all-wheel-drive-plug-in-hybrid-awd-jtm7erav3t139df41/	50704 USD	2026 Midnight Black Metallic Toyota RAV4 Plug-in New 2026 Toyota RAV4 Plug-in Hybrid XSE PLUG-IN HYBRID AWD 2.5L 4-Cyl. Plug-in Hybrid For sale at Carlson Toyota in Coon Rapids Minnesota.	https://delivery.via.assetscs.toyota.com/adobe/assets/urn:aaid:aem:7ed3b83a-14b1-4ccb-98f4-b2db64821008/as/image.png?fmt=png-alpha,rgb,none	in stock	NEW	SUV	Vehicles & Parts > Vehicles > Motor Vehicles > Cars, Trucks & Vans	JTM7ERAV3T139DF41	https://www.carlsontoyota.com/inventory/new-2026-toyota-rav4-plug-in-hybrid-xse-all-wheel-drive-plug-in-hybrid-awd-jtm7erav3t139df41/123?store={store_code}	BLACK	0 miles	RAV4 Plug-in	JTM7ERAV3T139DF41	2026	50704 USD	CT100	50704 USD	MI	RAV4 Plug-in
JTM7ERAV5TD026606	2026 Toyota RAV4 Plug-in Hybrid XSE	Toyota	https://www.carlsontoyota.com/inventory/new-2026-toyota-rav4-plug-in-hybrid-xse-all-wheel-drive-plug-in-hybrid-awd-jtm7erav5td026606/	52574 USD	2026 Midnight Black Metallic Toyota RAV4 Plug-in New 2026 Toyota RAV4 Plug-in Hybrid XSE PLUG-IN HYBRID AWD 2.5L 4-Cyl. Plug-in Hybrid For sale at Carlson Toyota in Coon Rapids Minnesota.	https://vehicle-images.carscommerce.inc/69d1-110008693/JTM7ERAV5TD026606/f8c8b317f967b7b1ef3a312ae9fed231.webp	in stock	NEW	SUV	Vehicles & Parts > Vehicles > Motor Vehicles > Cars, Trucks & Vans	JTM7ERAV5TD026606	https://www.carlsontoyota.com/inventory/new-2026-toyota-rav4-plug-in-hybrid-xse-all-wheel-drive-plug-in-hybrid-awd-jtm7erav5td026606/123?store={store_code}	BLACK	0 miles	RAV4 Plug-in	JTM7ERAV5TD026606	2026	52574 USD	CT100	52574 USD	MI	RAV4 Plug-in
JTM7ERAV5TD026704	2026 Toyota RAV4 Plug-in Hybrid XSE	Toyota	https://www.carlsontoyota.com/inventory/new-2026-toyota-rav4-plug-in-hybrid-xse-all-wheel-drive-plug-in-hybrid-awd-jtm7erav5td026704/	52774 USD	2026 Midnight Black Metallic Toyota RAV4 Plug-in New 2026 Toyota RAV4 Plug-in Hybrid XSE PLUG-IN HYBRID AWD 2.5L 4-Cyl. Plug-in Hybrid For sale at Carlson Toyota in Coon Rapids Minnesota.	https://vehicle-images.carscommerce.inc/cc95-110008693/JTM7ERAV5TD026704/00421a65dfb153d9fa6b4a2fd94667ab.webp	in stock	NEW	SUV	Vehicles & Parts > Vehicles > Motor Vehicles > Cars, Trucks & Vans	JTM7ERAV5TD026704	https://www.carlsontoyota.com/inventory/new-2026-toyota-rav4-plug-in-hybrid-xse-all-wheel-drive-plug-in-hybrid-awd-jtm7erav5td026704/123?store={store_code}	BLACK	0 miles	RAV4 Plug-in	JTM7ERAV5TD026704	2026	52774 USD	CT100	52774 USD	MI	RAV4 Plug-in
JTM7ERAV5TD026718	2026 Toyota RAV4 Plug-in Hybrid XSE	Toyota	https://www.carlsontoyota.com/inventory/new-2026-toyota-rav4-plug-in-hybrid-xse-all-wheel-drive-plug-in-hybrid-awd-jtm7erav5td026718/	52704 USD	2026 Midnight Black Metallic Toyota RAV4 Plug-in New 2026 Toyota RAV4 Plug-in Hybrid XSE PLUG-IN HYBRID AWD 2.5L 4-Cyl. Plug-in Hybrid For sale at Carlson Toyota in Coon Rapids Minnesota.	https://vehicle-images.carscommerce.inc/d4b4-110008693/JTM7ERAV5TD026718/14f0a11b538e957f6b1c165ef5407675.webp	in stock	NEW	SUV	Vehicles & Parts > Vehicles > Motor Vehicles > Cars, Trucks & Vans	JTM7ERAV5TD026718	https://www.carlsontoyota.com/inventory/new-2026-toyota-rav4-plug-in-hybrid-xse-all-wheel-drive-plug-in-hybrid-awd-jtm7erav5td026718/123?store={store_code}	BLACK	0 miles	RAV4 Plug-in	JTM7ERAV5TD026718	2026	52704 USD	CT100	52704 USD	MI	RAV4 Plug-in
JTM7ERAV8T139DF35	2026 Toyota RAV4 Plug-in Hybrid XSE	Toyota	https://www.carlsontoyota.com/inventory/new-2026-toyota-rav4-plug-in-hybrid-xse-all-wheel-drive-plug-in-hybrid-awd-jtm7erav8t139df35/	51659 USD	2026 Midnight Black Metallic Toyota RAV4 Plug-in New 2026 Toyota RAV4 Plug-in Hybrid XSE PLUG-IN HYBRID AWD 2.5L 4-Cyl. Plug-in Hybrid For sale at Carlson Toyota in Coon Rapids Minnesota.	https://delivery.via.assetscs.toyota.com/adobe/assets/urn:aaid:aem:7ed3b83a-14b1-4ccb-98f4-b2db64821008/as/image.png?fmt=png-alpha,rgb,none	in stock	NEW	SUV	Vehicles & Parts > Vehicles > Motor Vehicles > Cars, Trucks & Vans	JTM7ERAV8T139DF35	https://www.carlsontoyota.com/inventory/new-2026-toyota-rav4-plug-in-hybrid-xse-all-wheel-drive-plug-in-hybrid-awd-jtm7erav8t139df35/123?store={store_code}	BLACK	0 miles	RAV4 Plug-in	JTM7ERAV8T139DF35	2026	51659 USD	CT100	51659 USD	MI	RAV4 Plug-in
2T36CRAV1TW43I739	2026 Toyota RAV4 SE	Toyota	https://www.carlsontoyota.com/inventory/new-2026-toyota-rav4-se-all-wheel-drive-hybrid-awd-2t36crav1tw43i739/	40568 USD	2026 Storm Cloud Toyota RAV4 New 2026 Toyota RAV4 SE HYBRID AWD 2.5L 4-Cyl. Hybrid For sale at Carlson Toyota in Coon Rapids Minnesota.	https://delivery.via.assetscs.toyota.com/adobe/assets/urn:aaid:aem:3b6c989e-9380-497e-9dc0-f1150845488c/as/image.png?fmt=png-alpha,rgb,none	in stock	NEW	SUV	Vehicles & Parts > Vehicles > Motor Vehicles > Cars, Trucks & Vans	2T36CRAV1TW43I739	https://www.carlsontoyota.com/inventory/new-2026-toyota-rav4-se-all-wheel-drive-hybrid-awd-2t36crav1tw43i739/123?store={store_code}	GRAY	0 miles	RAV4	2T36CRAV1TW43I739	2026	40568 USD	CT100	40568 USD	MI	RAV4
2T36CRAV4TW42I593	2026 Toyota RAV4 SE	Toyota	https://www.carlsontoyota.com/inventory/new-2026-toyota-rav4-se-all-wheel-drive-hybrid-awd-2t36crav4tw42i593/	39319 USD	2026 Storm Cloud Toyota RAV4 New 2026 Toyota RAV4 SE HYBRID AWD 2.5L 4-Cyl. Hybrid For sale at Carlson Toyota in Coon Rapids Minnesota.	https://delivery.via.assetscs.toyota.com/adobe/assets/urn:aaid:aem:a977c5cf-56bd-4b6c-ad79-f0066a006555/as/image.png?fmt=png-alpha,rgb,none	in stock	NEW	SUV	Vehicles & Parts > Vehicles > Motor Vehicles > Cars, Trucks & Vans	2T36CRAV4TW42I593	https://www.carlsontoyota.com/inventory/new-2026-toyota-rav4-se-all-wheel-drive-hybrid-awd-2t36crav4tw42i593/123?store={store_code}	GRAY	0 miles	RAV4	2T36CRAV4TW42I593	2026	39319 USD	CT100	39319 USD	MI	RAV4
2T36CRAV7TW38F349	2026 Toyota RAV4 SE	Toyota	https://www.carlsontoyota.com/inventory/new-2026-toyota-rav4-se-all-wheel-drive-hybrid-awd-2t36crav7tw38f349/	39319 USD	2026 Storm Cloud Toyota RAV4 New 2026 Toyota RAV4 SE HYBRID AWD 2.5L 4-Cyl. Hybrid For sale at Carlson Toyota in Coon Rapids Minnesota.	https://delivery.via.assetscs.toyota.com/adobe/assets/urn:aaid:aem:a977c5cf-56bd-4b6c-ad79-f0066a006555/as/image.png?fmt=png-alpha,rgb,none	in stock	NEW	SUV	Vehicles & Parts > Vehicles > Motor Vehicles > Cars, Trucks & Vans	2T36CRAV7TW38F349	https://www.carlsontoyota.com/inventory/new-2026-toyota-rav4-se-all-wheel-drive-hybrid-awd-2t36crav7tw38f349/123?store={store_code}	GRAY	0 miles	RAV4	2T36CRAV7TW38F349	2026	39319 USD	CT100	39319 USD	MI	RAV4
2T36CRAV7TW40H768	2026 Toyota RAV4 SE	Toyota	https://www.carlsontoyota.com/inventory/new-2026-toyota-rav4-se-all-wheel-drive-hybrid-awd-2t36crav7tw40h768/	39319 USD	2026 Storm Cloud Toyota RAV4 New 2026 Toyota RAV4 SE HYBRID AWD 2.5L 4-Cyl. Hybrid For sale at Carlson Toyota in Coon Rapids Minnesota.	https://delivery.via.assetscs.toyota.com/adobe/assets/urn:aaid:aem:a977c5cf-56bd-4b6c-ad79-f0066a006555/as/image.png?fmt=png-alpha,rgb,none	in stock	NEW	SUV	Vehicles & Parts > Vehicles > Motor Vehicles > Cars, Trucks & Vans	2T36CRAV7TW40H768	https://www.carlsontoyota.com/inventory/new-2026-toyota-rav4-se-all-wheel-drive-hybrid-awd-2t36crav7tw40h768/123?store={store_code}	GRAY	0 miles	RAV4	2T36CRAV7TW40H768	2026	39319 USD	CT100	39319 USD	MI	RAV4
2T36CRAVXTW107542	2026 Toyota RAV4 SE	Toyota	https://www.carlsontoyota.com/inventory/new-2026-toyota-rav4-se-all-wheel-drive-hybrid-awd-2t36cravxtw107542/	39319 USD	2026 Storm Cloud Toyota RAV4 New 2026 Toyota RAV4 SE HYBRID AWD 2.5L 4-Cyl. Hybrid For sale at Carlson Toyota in Coon Rapids Minnesota.	https://vehicle-images.carscommerce.inc/dfb5-110008693/2T36CRAVXTW107542/41eed67b6fcfb29a387d77d59010c712.webp	in stock	NEW	SUV	Vehicles & Parts > Vehicles > Motor Vehicles > Cars, Trucks & Vans	2T36CRAVXTW107542	https://www.carlsontoyota.com/inventory/new-2026-toyota-rav4-se-all-wheel-drive-hybrid-awd-2t36cravxtw107542/123?store={store_code}	GRAY	0 miles	RAV4	2T36CRAVXTW107542	2026	39319 USD	CT100	39319 USD	MI	RAV4
4T36CRAV0TU011242	2026 Toyota RAV4 SE	Toyota	https://www.carlsontoyota.com/inventory/new-2026-toyota-rav4-se-all-wheel-drive-hybrid-awd-4t36crav0tu011242/	40169 USD	2026 Blueprint Toyota RAV4 New 2026 Toyota RAV4 SE HYBRID AWD 2.5L 4-Cyl. Hybrid For sale at Carlson Toyota in Coon Rapids Minnesota.	https://vehicle-images.carscommerce.inc/d68f-110008693/4T36CRAV0TU011242/fd63f55e825cac27adbdeb68dcb0ad2f.webp	in stock	NEW	SUV	Vehicles & Parts > Vehicles > Motor Vehicles > Cars, Trucks & Vans	4T36CRAV0TU011242	https://www.carlsontoyota.com/inventory/new-2026-toyota-rav4-se-all-wheel-drive-hybrid-awd-4t36crav0tu011242/123?store={store_code}	BLUE	0 miles	RAV4	4T36CRAV0TU011242	2026	40169 USD	CT100	40169 USD	MI	RAV4
4T36CRAV0TU39G371	2026 Toyota RAV4 SE	Toyota	https://www.carlsontoyota.com/inventory/new-2026-toyota-rav4-se-all-wheel-drive-hybrid-awd-4t36crav0tu39g371/	39319 USD	2026 Ice Cap Toyota RAV4 New 2026 Toyota RAV4 SE HYBRID AWD 2.5L 4-Cyl. Hybrid For sale at Carlson Toyota in Coon Rapids Minnesota.	https://delivery.via.assetscs.toyota.com/adobe/assets/urn:aaid:aem:a02f1f9a-d059-4620-b53d-00b8a45b51a5/as/image.png?fmt=png-alpha,rgb,none	in stock	NEW	SUV	Vehicles & Parts > Vehicles > Motor Vehicles > Cars, Trucks & Vans	4T36CRAV0TU39G371	https://www.carlsontoyota.com/inventory/new-2026-toyota-rav4-se-all-wheel-drive-hybrid-awd-4t36crav0tu39g371/123?store={store_code}	WHITE	0 miles	RAV4	4T36CRAV0TU39G371	2026	39319 USD	CT100	39319 USD	MI	RAV4
4T36CRAV1TU40L629	2026 Toyota RAV4 SE	Toyota	https://www.carlsontoyota.com/inventory/new-2026-toyota-rav4-se-all-wheel-drive-hybrid-awd-4t36crav1tu40l629/	39319 USD	2026 Ice Cap Toyota RAV4 New 2026 Toyota RAV4 SE HYBRID AWD 2.5L 4-Cyl. Hybrid For sale at Carlson Toyota in Coon Rapids Minnesota.	https://delivery.via.assetscs.toyota.com/adobe/assets/urn:aaid:aem:a02f1f9a-d059-4620-b53d-00b8a45b51a5/as/image.png?fmt=png-alpha,rgb,none	in stock	NEW	SUV	Vehicles & Parts > Vehicles > Motor Vehicles > Cars, Trucks & Vans	4T36CRAV1TU40L629	https://www.carlsontoyota.com/inventory/new-2026-toyota-rav4-se-all-wheel-drive-hybrid-awd-4t36crav1tu40l629/123?store={store_code}	WHITE	0 miles	RAV4	4T36CRAV1TU40L629	2026	39319 USD	CT100	39319 USD	MI	RAV4
4T36CRAV1TU40M425	2026 Toyota RAV4 SE	Toyota	https://www.carlsontoyota.com/inventory/new-2026-toyota-rav4-se-all-wheel-drive-hybrid-awd-4t36crav1tu40m425/	38919 USD	2026 Midnight Black Metallic Toyota RAV4 New 2026 Toyota RAV4 SE HYBRID AWD 2.5L 4-Cyl. Hybrid For sale at Carlson Toyota in Coon Rapids Minnesota.	https://delivery.via.assetscs.toyota.com/adobe/assets/urn:aaid:aem:310692ae-5f18-4ebb-8e3d-67e167c9b8d6/as/image.png?fmt=png-alpha,rgb,none	in stock	NEW	SUV	Vehicles & Parts > Vehicles > Motor Vehicles > Cars, Trucks & Vans	4T36CRAV1TU40M425	https://www.carlsontoyota.com/inventory/new-2026-toyota-rav4-se-all-wheel-drive-hybrid-awd-4t36crav1tu40m425/123?store={store_code}	BLACK	0 miles	RAV4	4T36CRAV1TU40M425	2026	38919 USD	CT100	38919 USD	MI	RAV4
4T36CRAV1TU41R247	2026 Toyota RAV4 SE	Toyota	https://www.carlsontoyota.com/inventory/new-2026-toyota-rav4-se-all-wheel-drive-hybrid-awd-4t36crav1tu41r247/	39319 USD	2026 Midnight Black Metallic Toyota RAV4 New 2026 Toyota RAV4 SE HYBRID AWD 2.5L 4-Cyl. Hybrid For sale at Carlson Toyota in Coon Rapids Minnesota.	https://delivery.via.assetscs.toyota.com/adobe/assets/urn:aaid:aem:cd5a2ab5-862b-4ead-babc-6ce44c28fd2f/as/image.png?fmt=png-alpha,rgb,none	in stock	NEW	SUV	Vehicles & Parts > Vehicles > Motor Vehicles > Cars, Trucks & Vans	4T36CRAV1TU41R247	https://www.carlsontoyota.com/inventory/new-2026-toyota-rav4-se-all-wheel-drive-hybrid-awd-4t36crav1tu41r247/123?store={store_code}	BLACK	0 miles	RAV4	4T36CRAV1TU41R247	2026	39319 USD	CT100	39319 USD	MI	RAV4
4T36CRAV2TU012635	2026 Toyota RAV4 SE	Toyota	https://www.carlsontoyota.com/inventory/new-2026-toyota-rav4-se-all-wheel-drive-hybrid-awd-4t36crav2tu012635/	40568 USD	2026 Ice Cap Toyota RAV4 New 2026 Toyota RAV4 SE HYBRID AWD 2.5L 4-Cyl. Hybrid For sale at Carlson Toyota in Coon Rapids Minnesota.	https://delivery.via.assetscs.toyota.com/adobe/assets/urn:aaid:aem:0a5c0ada-ca45-45e4-9136-682074eeb137/as/image.png?fmt=png-alpha,rgb,none	in stock	NEW	SUV	Vehicles & Parts > Vehicles > Motor Vehicles > Cars, Trucks & Vans	4T36CRAV2TU012635	https://www.carlsontoyota.com/inventory/new-2026-toyota-rav4-se-all-wheel-drive-hybrid-awd-4t36crav2tu012635/123?store={store_code}	WHITE	0 miles	RAV4	4T36CRAV2TU012635	2026	40568 USD	CT100	40568 USD	MI	RAV4
4T36CRAV3TU011588	2026 Toyota RAV4 SE	Toyota	https://www.carlsontoyota.com/inventory/new-2026-toyota-rav4-se-all-wheel-drive-hybrid-awd-4t36crav3tu011588/	40169 USD	2026 Blueprint Toyota RAV4 New 2026 Toyota RAV4 SE HYBRID AWD 2.5L 4-Cyl. Hybrid For sale at Carlson Toyota in Coon Rapids Minnesota.	https://delivery.via.assetscs.toyota.com/adobe/assets/urn:aaid:aem:a51056b4-3f38-4f5a-a043-332b212e2a2d/as/image.png?fmt=png-alpha,rgb,none	in stock	NEW	SUV	Vehicles & Parts > Vehicles > Motor Vehicles > Cars, Trucks & Vans	4T36CRAV3TU011588	https://www.carlsontoyota.com/inventory/new-2026-toyota-rav4-se-all-wheel-drive-hybrid-awd-4t36crav3tu011588/123?store={store_code}	BLUE	0 miles	RAV4	4T36CRAV3TU011588	2026	40169 USD	CT100	40169 USD	MI	RAV4
4T36CRAV4TU011969	2026 Toyota RAV4 SE	Toyota	https://www.carlsontoyota.com/inventory/new-2026-toyota-rav4-se-all-wheel-drive-hybrid-awd-4t36crav4tu011969/	39319 USD	2026 Midnight Black Metallic Toyota RAV4 New 2026 Toyota RAV4 SE HYBRID AWD 2.5L 4-Cyl. Hybrid For sale at Carlson Toyota in Coon Rapids Minnesota.	https://vehicle-images.carscommerce.inc/54c0-110008693/4T36CRAV4TU011969/3440595ba83352a1910d8e56e1ad4eae.webp	in stock	NEW	SUV	Vehicles & Parts > Vehicles > Motor Vehicles > Cars, Trucks & Vans	4T36CRAV4TU011969	https://www.carlsontoyota.com/inventory/new-2026-toyota-rav4-se-all-wheel-drive-hybrid-awd-4t36crav4tu011969/123?store={store_code}	BLACK	0 miles	RAV4	4T36CRAV4TU011969	2026	39319 USD	CT100	39319 USD	MI	RAV4
4T36CRAV4TU40M158	2026 Toyota RAV4 SE	Toyota	https://www.carlsontoyota.com/inventory/new-2026-toyota-rav4-se-all-wheel-drive-hybrid-awd-4t36crav4tu40m158/	40169 USD	2026 Blueprint Toyota RAV4 New 2026 Toyota RAV4 SE HYBRID AWD 2.5L 4-Cyl. Hybrid For sale at Carlson Toyota in Coon Rapids Minnesota.	https://delivery.via.assetscs.toyota.com/adobe/assets/urn:aaid:aem:095ee5c8-3dc5-467e-a577-cca1fb6b8cc8/as/image.png?fmt=png-alpha,rgb,none	in stock	NEW	SUV	Vehicles & Parts > Vehicles > Motor Vehicles > Cars, Trucks & Vans	4T36CRAV4TU40M158	https://www.carlsontoyota.com/inventory/new-2026-toyota-rav4-se-all-wheel-drive-hybrid-awd-4t36crav4tu40m158/123?store={store_code}	BLUE	0 miles	RAV4	4T36CRAV4TU40M158	2026	40169 USD	CT100	40169 USD	MI	RAV4
4T36CRAV4TU41R064	2026 Toyota RAV4 SE	Toyota	https://www.carlsontoyota.com/inventory/new-2026-toyota-rav4-se-all-wheel-drive-hybrid-awd-4t36crav4tu41r064/	39558 USD	2026 Blueprint Toyota RAV4 New 2026 Toyota RAV4 SE HYBRID AWD 2.5L 4-Cyl. Hybrid For sale at Carlson Toyota in Coon Rapids Minnesota.	https://delivery.via.assetscs.toyota.com/adobe/assets/urn:aaid:aem:17918330-f987-46bc-851d-8a6ec26e24e0/as/image.png?fmt=png-alpha,rgb,none	in stock	NEW	SUV	Vehicles & Parts > Vehicles > Motor Vehicles > Cars, Trucks & Vans	4T36CRAV4TU41R064	https://www.carlsontoyota.com/inventory/new-2026-toyota-rav4-se-all-wheel-drive-hybrid-awd-4t36crav4tu41r064/123?store={store_code}	BLUE	0 miles	RAV4	4T36CRAV4TU41R064	2026	39558 USD	CT100	39558 USD	MI	RAV4
4T36CRAV5TU40K600	2026 Toyota RAV4 SE	Toyota	https://www.carlsontoyota.com/inventory/new-2026-toyota-rav4-se-all-wheel-drive-hybrid-awd-4t36crav5tu40k600/	39318 USD	2026 Ice Cap Toyota RAV4 New 2026 Toyota RAV4 SE HYBRID AWD 2.5L 4-Cyl. Hybrid For sale at Carlson Toyota in Coon Rapids Minnesota.	https://delivery.via.assetscs.toyota.com/adobe/assets/urn:aaid:aem:e32d0dec-bb91-4e4f-a89a-ddd7880b03f3/as/image.png?fmt=png-alpha,rgb,none	in stock	NEW	SUV	Vehicles & Parts > Vehicles > Motor Vehicles > Cars, Trucks & Vans	4T36CRAV5TU40K600	https://www.carlsontoyota.com/inventory/new-2026-toyota-rav4-se-all-wheel-drive-hybrid-awd-4t36crav5tu40k600/123?store={store_code}	WHITE	0 miles	RAV4	4T36CRAV5TU40K600	2026	39318 USD	CT100	39318 USD	MI	RAV4
4T36CRAV6TU40K718	2026 Toyota RAV4 SE	Toyota	https://www.carlsontoyota.com/inventory/new-2026-toyota-rav4-se-all-wheel-drive-hybrid-awd-4t36crav6tu40k718/	40169 USD	2026 Midnight Black Metallic Toyota RAV4 New 2026 Toyota RAV4 SE HYBRID AWD 2.5L 4-Cyl. Hybrid For sale at Carlson Toyota in Coon Rapids Minnesota.	https://delivery.via.assetscs.toyota.com/adobe/assets/urn:aaid:aem:bb37ca97-fc16-41d8-af1d-79c4e7740cc6/as/image.png?fmt=png-alpha,rgb,none	in stock	NEW	SUV	Vehicles & Parts > Vehicles > Motor Vehicles > Cars, Trucks & Vans	4T36CRAV6TU40K718	https://www.carlsontoyota.com/inventory/new-2026-toyota-rav4-se-all-wheel-drive-hybrid-awd-4t36crav6tu40k718/123?store={store_code}	BLACK	0 miles	RAV4	4T36CRAV6TU40K718	2026	40169 USD	CT100	40169 USD	MI	RAV4
4T36CRAV6TU40L481	2026 Toyota RAV4 SE	Toyota	https://www.carlsontoyota.com/inventory/new-2026-toyota-rav4-se-all-wheel-drive-hybrid-awd-4t36crav6tu40l481/	40169 USD	2026 Midnight Black Metallic Toyota RAV4 New 2026 Toyota RAV4 SE HYBRID AWD 2.5L 4-Cyl. Hybrid For sale at Carlson Toyota in Coon Rapids Minnesota.	https://delivery.via.assetscs.toyota.com/adobe/assets/urn:aaid:aem:bb37ca97-fc16-41d8-af1d-79c4e7740cc6/as/image.png?fmt=png-alpha,rgb,none	in stock	NEW	SUV	Vehicles & Parts > Vehicles > Motor Vehicles > Cars, Trucks & Vans	4T36CRAV6TU40L481	https://www.carlsontoyota.com/inventory/new-2026-toyota-rav4-se-all-wheel-drive-hybrid-awd-4t36crav6tu40l481/123?store={store_code}	BLACK	0 miles	RAV4	4T36CRAV6TU40L481	2026	40169 USD	CT100	40169 USD	MI	RAV4
4T36CRAV7TU010525	2026 Toyota RAV4 SE	Toyota	https://www.carlsontoyota.com/inventory/new-2026-toyota-rav4-se-all-wheel-drive-hybrid-awd-4t36crav7tu010525/	39744 USD	2026 Blueprint Toyota RAV4 New 2026 Toyota RAV4 SE HYBRID AWD 2.5L 4-Cyl. Hybrid For sale at Carlson Toyota in Coon Rapids Minnesota.	https://vehicle-images.carscommerce.inc/6a4e-110008693/4T36CRAV7TU010525/e0ab9b121a5880311f4405a198087307.webp	in stock	NEW	SUV	Vehicles & Parts > Vehicles > Motor Vehicles > Cars, Trucks & Vans	4T36CRAV7TU010525	https://www.carlsontoyota.com/inventory/new-2026-toyota-rav4-se-all-wheel-drive-hybrid-awd-4t36crav7tu010525/123?store={store_code}	BLUE	0 miles	RAV4	4T36CRAV7TU010525	2026	39744 USD	CT100	39744 USD	MI	RAV4
4T36CRAV8TU40M146	2026 Toyota RAV4 SE	Toyota	https://www.carlsontoyota.com/inventory/new-2026-toyota-rav4-se-all-wheel-drive-hybrid-awd-4t36crav8tu40m146/	40169 USD	2026 Ice Cap Toyota RAV4 New 2026 Toyota RAV4 SE HYBRID AWD 2.5L 4-Cyl. Hybrid For sale at Carlson Toyota in Coon Rapids Minnesota.	https://delivery.via.assetscs.toyota.com/adobe/assets/urn:aaid:aem:80570da0-a906-4f5a-b451-55317200bd06/as/image.png?fmt=png-alpha,rgb,none	in stock	NEW	SUV	Vehicles & Parts > Vehicles > Motor Vehicles > Cars, Trucks & Vans	4T36CRAV8TU40M146	https://www.carlsontoyota.com/inventory/new-2026-toyota-rav4-se-all-wheel-drive-hybrid-awd-4t36crav8tu40m146/123?store={store_code}	WHITE	0 miles	RAV4	4T36CRAV8TU40M146	2026	40169 USD	CT100	40169 USD	MI	RAV4
4T36CRAV9TU009263	2026 Toyota RAV4 SE	Toyota	https://www.carlsontoyota.com/inventory/new-2026-toyota-rav4-se-all-wheel-drive-hybrid-awd-4t36crav9tu009263/	39848 USD	2026 Blueprint Toyota RAV4 New 2026 Toyota RAV4 SE HYBRID AWD 2.5L 4-Cyl. Hybrid For sale at Carlson Toyota in Coon Rapids Minnesota.	https://vehicle-images.carscommerce.inc/a081-110008693/4T36CRAV9TU009263/c8ffc7480396f8ac1380e6008d3acb41.webp	in stock	NEW	SUV	Vehicles & Parts > Vehicles > Motor Vehicles > Cars, Trucks & Vans	4T36CRAV9TU009263	https://www.carlsontoyota.com/inventory/new-2026-toyota-rav4-se-all-wheel-drive-hybrid-awd-4t36crav9tu009263/123?store={store_code}	BLUE	0 miles	RAV4	4T36CRAV9TU009263	2026	39848 USD	CT100	39848 USD	MI	RAV4
4T36CRAV9TU41P990	2026 Toyota RAV4 SE	Toyota	https://www.carlsontoyota.com/inventory/new-2026-toyota-rav4-se-all-wheel-drive-hybrid-awd-4t36crav9tu41p990/	40169 USD	2026 Blueprint Toyota RAV4 New 2026 Toyota RAV4 SE HYBRID AWD 2.5L 4-Cyl. Hybrid For sale at Carlson Toyota in Coon Rapids Minnesota.	https://delivery.via.assetscs.toyota.com/adobe/assets/urn:aaid:aem:095ee5c8-3dc5-467e-a577-cca1fb6b8cc8/as/image.png?fmt=png-alpha,rgb,none	in stock	NEW	SUV	Vehicles & Parts > Vehicles > Motor Vehicles > Cars, Trucks & Vans	4T36CRAV9TU41P990	https://www.carlsontoyota.com/inventory/new-2026-toyota-rav4-se-all-wheel-drive-hybrid-awd-4t36crav9tu41p990/123?store={store_code}	BLUE	0 miles	RAV4	4T36CRAV9TU41P990	2026	40169 USD	CT100	40169 USD	MI	RAV4
4T36CRAV9TU41Q430	2026 Toyota RAV4 SE	Toyota	https://www.carlsontoyota.com/inventory/new-2026-toyota-rav4-se-all-wheel-drive-hybrid-awd-4t36crav9tu41q430/	40594 USD	2026 Midnight Black Metallic Toyota RAV4 New 2026 Toyota RAV4 SE HYBRID AWD 2.5L 4-Cyl. Hybrid For sale at Carlson Toyota in Coon Rapids Minnesota.	https://delivery.via.assetscs.toyota.com/adobe/assets/urn:aaid:aem:bb37ca97-fc16-41d8-af1d-79c4e7740cc6/as/image.png?fmt=png-alpha,rgb,none	in stock	NEW	SUV	Vehicles & Parts > Vehicles > Motor Vehicles > Cars, Trucks & Vans	4T36CRAV9TU41Q430	https://www.carlsontoyota.com/inventory/new-2026-toyota-rav4-se-all-wheel-drive-hybrid-awd-4t36crav9tu41q430/123?store={store_code}	BLACK	0 miles	RAV4	4T36CRAV9TU41Q430	2026	40594 USD	CT100	40594 USD	MI	RAV4
4T36CRAVXTU40K737	2026 Toyota RAV4 SE	Toyota	https://www.carlsontoyota.com/inventory/new-2026-toyota-rav4-se-all-wheel-drive-hybrid-awd-4t36cravxtu40k737/	40594 USD	2026 Ice Cap Toyota RAV4 New 2026 Toyota RAV4 SE HYBRID AWD 2.5L 4-Cyl. Hybrid For sale at Carlson Toyota in Coon Rapids Minnesota.	https://delivery.via.assetscs.toyota.com/adobe/assets/urn:aaid:aem:80570da0-a906-4f5a-b451-55317200bd06/as/image.png?fmt=png-alpha,rgb,none	in stock	NEW	SUV	Vehicles & Parts > Vehicles > Motor Vehicles > Cars, Trucks & Vans	4T36CRAVXTU40K737	https://www.carlsontoyota.com/inventory/new-2026-toyota-rav4-se-all-wheel-drive-hybrid-awd-4t36cravxtu40k737/123?store={store_code}	WHITE	0 miles	RAV4	4T36CRAVXTU40K737	2026	40594 USD	CT100	40594 USD	MI	RAV4
4T36CRAVXTU40L404	2026 Toyota RAV4 SE	Toyota	https://www.carlsontoyota.com/inventory/new-2026-toyota-rav4-se-all-wheel-drive-hybrid-awd-4t36cravxtu40l404/	40169 USD	2026 Midnight Black Metallic Toyota RAV4 New 2026 Toyota RAV4 SE HYBRID AWD 2.5L 4-Cyl. Hybrid For sale at Carlson Toyota in Coon Rapids Minnesota.	https://delivery.via.assetscs.toyota.com/adobe/assets/urn:aaid:aem:bb37ca97-fc16-41d8-af1d-79c4e7740cc6/as/image.png?fmt=png-alpha,rgb,none	in stock	NEW	SUV	Vehicles & Parts > Vehicles > Motor Vehicles > Cars, Trucks & Vans	4T36CRAVXTU40L404	https://www.carlsontoyota.com/inventory/new-2026-toyota-rav4-se-all-wheel-drive-hybrid-awd-4t36cravxtu40l404/123?store={store_code}	BLACK	0 miles	RAV4	4T36CRAVXTU40L404	2026	40169 USD	CT100	40169 USD	MI	RAV4
4T36CRAVXTU40M522	2026 Toyota RAV4 SE	Toyota	https://www.carlsontoyota.com/inventory/new-2026-toyota-rav4-se-all-wheel-drive-hybrid-awd-4t36cravxtu40m522/	39319 USD	2026 Midnight Black Metallic Toyota RAV4 New 2026 Toyota RAV4 SE HYBRID AWD 2.5L 4-Cyl. Hybrid For sale at Carlson Toyota in Coon Rapids Minnesota.	https://delivery.via.assetscs.toyota.com/adobe/assets/urn:aaid:aem:cd5a2ab5-862b-4ead-babc-6ce44c28fd2f/as/image.png?fmt=png-alpha,rgb,none	in stock	NEW	SUV	Vehicles & Parts > Vehicles > Motor Vehicles > Cars, Trucks & Vans	4T36CRAVXTU40M522	https://www.carlsontoyota.com/inventory/new-2026-toyota-rav4-se-all-wheel-drive-hybrid-awd-4t36cravxtu40m522/123?store={store_code}	BLACK	0 miles	RAV4	4T36CRAVXTU40M522	2026	39319 USD	CT100	39319 USD	MI	RAV4
4T36CRAVXTU41P903	2026 Toyota RAV4 SE	Toyota	https://www.carlsontoyota.com/inventory/new-2026-toyota-rav4-se-all-wheel-drive-hybrid-awd-4t36cravxtu41p903/	39449 USD	2026 Blueprint Toyota RAV4 New 2026 Toyota RAV4 SE HYBRID AWD 2.5L 4-Cyl. Hybrid For sale at Carlson Toyota in Coon Rapids Minnesota.	https://delivery.via.assetscs.toyota.com/adobe/assets/urn:aaid:aem:17918330-f987-46bc-851d-8a6ec26e24e0/as/image.png?fmt=png-alpha,rgb,none	in stock	NEW	SUV	Vehicles & Parts > Vehicles > Motor Vehicles > Cars, Trucks & Vans	4T36CRAVXTU41P903	https://www.carlsontoyota.com/inventory/new-2026-toyota-rav4-se-all-wheel-drive-hybrid-awd-4t36cravxtu41p903/123?store={store_code}	BLUE	0 miles	RAV4	4T36CRAVXTU41P903	2026	39449 USD	CT100	39449 USD	MI	RAV4
4T36CRAVXTU41Q419	2026 Toyota RAV4 SE	Toyota	https://www.carlsontoyota.com/inventory/new-2026-toyota-rav4-se-all-wheel-drive-hybrid-awd-4t36cravxtu41q419/	40169 USD	2026 Midnight Black Metallic Toyota RAV4 New 2026 Toyota RAV4 SE HYBRID AWD 2.5L 4-Cyl. Hybrid For sale at Carlson Toyota in Coon Rapids Minnesota.	https://delivery.via.assetscs.toyota.com/adobe/assets/urn:aaid:aem:bb37ca97-fc16-41d8-af1d-79c4e7740cc6/as/image.png?fmt=png-alpha,rgb,none	in stock	NEW	SUV	Vehicles & Parts > Vehicles > Motor Vehicles > Cars, Trucks & Vans	4T36CRAVXTU41Q419	https://www.carlsontoyota.com/inventory/new-2026-toyota-rav4-se-all-wheel-drive-hybrid-awd-4t36cravxtu41q419/123?store={store_code}	BLACK	0 miles	RAV4	4T36CRAVXTU41Q419	2026	40169 USD	CT100	40169 USD	MI	RAV4
4T36CRAVXTU41R179	2026 Toyota RAV4 SE	Toyota	https://www.carlsontoyota.com/inventory/new-2026-toyota-rav4-se-all-wheel-drive-hybrid-awd-4t36cravxtu41r179/	40169 USD	2026 Midnight Black Metallic Toyota RAV4 New 2026 Toyota RAV4 SE HYBRID AWD 2.5L 4-Cyl. Hybrid For sale at Carlson Toyota in Coon Rapids Minnesota.	https://delivery.via.assetscs.toyota.com/adobe/assets/urn:aaid:aem:bb37ca97-fc16-41d8-af1d-79c4e7740cc6/as/image.png?fmt=png-alpha,rgb,none	in stock	NEW	SUV	Vehicles & Parts > Vehicles > Motor Vehicles > Cars, Trucks & Vans	4T36CRAVXTU41R179	https://www.carlsontoyota.com/inventory/new-2026-toyota-rav4-se-all-wheel-drive-hybrid-awd-4t36cravxtu41r179/123?store={store_code}	BLACK	0 miles	RAV4	4T36CRAVXTU41R179	2026	40169 USD	CT100	40169 USD	MI	RAV4
4T36CRAVXTU42Q206	2026 Toyota RAV4 SE	Toyota	https://www.carlsontoyota.com/inventory/new-2026-toyota-rav4-se-all-wheel-drive-hybrid-awd-4t36cravxtu42q206/	38969 USD	2026 Ice Cap Toyota RAV4 New 2026 Toyota RAV4 SE HYBRID AWD 2.5L 4-Cyl. Hybrid For sale at Carlson Toyota in Coon Rapids Minnesota.	https://delivery.via.assetscs.toyota.com/adobe/assets/urn:aaid:aem:a8cc005c-3fdc-45eb-935f-1087233e3c17/as/image.png?fmt=png-alpha,rgb,none	in stock	NEW	SUV	Vehicles & Parts > Vehicles > Motor Vehicles > Cars, Trucks & Vans	4T36CRAVXTU42Q206	https://www.carlsontoyota.com/inventory/new-2026-toyota-rav4-se-all-wheel-drive-hybrid-awd-4t36cravxtu42q206/123?store={store_code}	WHITE	0 miles	RAV4	4T36CRAVXTU42Q206	2026	38969 USD	CT100	38969 USD	MI	RAV4
2T36CRAV0TW43F542	2026 Toyota RAV4 Woodland	Toyota	https://www.carlsontoyota.com/inventory/new-2026-toyota-rav4-woodland-all-wheel-drive-hybrid-awd-2t36crav0tw43f542/	43280 USD	2026 Storm Cloud Toyota RAV4 New 2026 Toyota RAV4 Woodland HYBRID AWD 2.5L 4-Cyl. Hybrid For sale at Carlson Toyota in Coon Rapids Minnesota.	https://delivery.via.assetscs.toyota.com/adobe/assets/urn:aaid:aem:bf3d0250-0fb8-401b-8124-c5c82ad8d7a8/as/image.png?fmt=png-alpha,rgb,none	in stock	NEW	SUV	Vehicles & Parts > Vehicles > Motor Vehicles > Cars, Trucks & Vans	2T36CRAV0TW43F542	https://www.carlsontoyota.com/inventory/new-2026-toyota-rav4-woodland-all-wheel-drive-hybrid-awd-2t36crav0tw43f542/123?store={store_code}	GRAY	0 miles	RAV4	2T36CRAV0TW43F542	2026	43280 USD	CT100	43280 USD	MI	RAV4
2T36CRAV1TW40G406	2026 Toyota RAV4 Woodland	Toyota	https://www.carlsontoyota.com/inventory/new-2026-toyota-rav4-woodland-all-wheel-drive-hybrid-awd-2t36crav1tw40g406/	42855 USD	2026 Ice Cap Toyota RAV4 New 2026 Toyota RAV4 Woodland HYBRID AWD 2.5L 4-Cyl. Hybrid For sale at Carlson Toyota in Coon Rapids Minnesota.	https://delivery.via.assetscs.toyota.com/adobe/assets/urn:aaid:aem:3282039e-5104-4063-a3f4-b06130e6e62d/as/image.png?fmt=png-alpha,rgb,none	in stock	NEW	SUV	Vehicles & Parts > Vehicles > Motor Vehicles > Cars, Trucks & Vans	2T36CRAV1TW40G406	https://www.carlsontoyota.com/inventory/new-2026-toyota-rav4-woodland-all-wheel-drive-hybrid-awd-2t36crav1tw40g406/123?store={store_code}	WHITE	0 miles	RAV4	2T36CRAV1TW40G406	2026	42855 USD	CT100	42855 USD	MI	RAV4
2T36CRAV2TW42G924	2026 Toyota RAV4 Woodland	Toyota	https://www.carlsontoyota.com/inventory/new-2026-toyota-rav4-woodland-all-wheel-drive-hybrid-awd-2t36crav2tw42g924/	43280 USD	2026 Midnight Black Metallic Toyota RAV4 New 2026 Toyota RAV4 Woodland HYBRID AWD 2.5L 4-Cyl. Hybrid For sale at Carlson Toyota in Coon Rapids Minnesota.	https://delivery.via.assetscs.toyota.com/adobe/assets/urn:aaid:aem:75f01121-2ebd-4934-b226-392cd2246216/as/image.png?fmt=png-alpha,rgb,none	in stock	NEW	SUV	Vehicles & Parts > Vehicles > Motor Vehicles > Cars, Trucks & Vans	2T36CRAV2TW42G924	https://www.carlsontoyota.com/inventory/new-2026-toyota-rav4-woodland-all-wheel-drive-hybrid-awd-2t36crav2tw42g924/123?store={store_code}	BLACK	0 miles	RAV4	2T36CRAV2TW42G924	2026	43280 USD	CT100	43280 USD	MI	RAV4
2T36CRAV3TW38I121	2026 Toyota RAV4 Woodland	Toyota	https://www.carlsontoyota.com/inventory/new-2026-toyota-rav4-woodland-all-wheel-drive-hybrid-awd-2t36crav3tw38i121/	42855 USD	2026 Ice Cap Toyota RAV4 New 2026 Toyota RAV4 Woodland HYBRID AWD 2.5L 4-Cyl. Hybrid For sale at Carlson Toyota in Coon Rapids Minnesota.	https://delivery.via.assetscs.toyota.com/adobe/assets/urn:aaid:aem:3282039e-5104-4063-a3f4-b06130e6e62d/as/image.png?fmt=png-alpha,rgb,none	in stock	NEW	SUV	Vehicles & Parts > Vehicles > Motor Vehicles > Cars, Trucks & Vans	2T36CRAV3TW38I121	https://www.carlsontoyota.com/inventory/new-2026-toyota-rav4-woodland-all-wheel-drive-hybrid-awd-2t36crav3tw38i121/123?store={store_code}	WHITE	0 miles	RAV4	2T36CRAV3TW38I121	2026	42855 USD	CT100	42855 USD	MI	RAV4
2T36CRAV6TW40G952	2026 Toyota RAV4 Woodland	Toyota	https://www.carlsontoyota.com/inventory/new-2026-toyota-rav4-woodland-all-wheel-drive-hybrid-awd-2t36crav6tw40g952/	42135 USD	2026 Ice Cap Toyota RAV4 New 2026 Toyota RAV4 Woodland HYBRID AWD 2.5L 4-Cyl. Hybrid For sale at Carlson Toyota in Coon Rapids Minnesota.	https://delivery.via.assetscs.toyota.com/adobe/assets/urn:aaid:aem:4c58c7f0-58da-4537-a5e0-33ac1f3d322f/as/image.png?fmt=png-alpha,rgb,none	in stock	NEW	SUV	Vehicles & Parts > Vehicles > Motor Vehicles > Cars, Trucks & Vans	2T36CRAV6TW40G952	https://www.carlsontoyota.com/inventory/new-2026-toyota-rav4-woodland-all-wheel-drive-hybrid-awd-2t36crav6tw40g952/123?store={store_code}	WHITE	0 miles	RAV4	2T36CRAV6TW40G952	2026	42135 USD	CT100	42135 USD	MI	RAV4
2T36CRAV7TW40H012	2026 Toyota RAV4 Woodland	Toyota	https://www.carlsontoyota.com/inventory/new-2026-toyota-rav4-woodland-all-wheel-drive-hybrid-awd-2t36crav7tw40h012/	43280 USD	2026 Storm Cloud Toyota RAV4 New 2026 Toyota RAV4 Woodland HYBRID AWD 2.5L 4-Cyl. Hybrid For sale at Carlson Toyota in Coon Rapids Minnesota.	https://delivery.via.assetscs.toyota.com/adobe/assets/urn:aaid:aem:bf3d0250-0fb8-401b-8124-c5c82ad8d7a8/as/image.png?fmt=png-alpha,rgb,none	in stock	NEW	SUV	Vehicles & Parts > Vehicles > Motor Vehicles > Cars, Trucks & Vans	2T36CRAV7TW40H012	https://www.carlsontoyota.com/inventory/new-2026-toyota-rav4-woodland-all-wheel-drive-hybrid-awd-2t36crav7tw40h012/123?store={store_code}	GRAY	0 miles	RAV4	2T36CRAV7TW40H012	2026	43280 USD	CT100	43280 USD	MI	RAV4
2T36CRAV7TW40I967	2026 Toyota RAV4 Woodland	Toyota	https://www.carlsontoyota.com/inventory/new-2026-toyota-rav4-woodland-all-wheel-drive-hybrid-awd-2t36crav7tw40i967/	42985 USD	2026 Storm Cloud Toyota RAV4 New 2026 Toyota RAV4 Woodland HYBRID AWD 2.5L 4-Cyl. Hybrid For sale at Carlson Toyota in Coon Rapids Minnesota.	https://delivery.via.assetscs.toyota.com/adobe/assets/urn:aaid:aem:bf3d0250-0fb8-401b-8124-c5c82ad8d7a8/as/image.png?fmt=png-alpha,rgb,none	in stock	NEW	SUV	Vehicles & Parts > Vehicles > Motor Vehicles > Cars, Trucks & Vans	2T36CRAV7TW40I967	https://www.carlsontoyota.com/inventory/new-2026-toyota-rav4-woodland-all-wheel-drive-hybrid-awd-2t36crav7tw40i967/123?store={store_code}	GRAY	0 miles	RAV4	2T36CRAV7TW40I967	2026	42985 USD	CT100	42985 USD	MI	RAV4
2T36CRAV7TW42J083	2026 Toyota RAV4 Woodland	Toyota	https://www.carlsontoyota.com/inventory/new-2026-toyota-rav4-woodland-all-wheel-drive-hybrid-awd-2t36crav7tw42j083/	43280 USD	2026 Storm Cloud Toyota RAV4 New 2026 Toyota RAV4 Woodland HYBRID AWD 2.5L 4-Cyl. Hybrid For sale at Carlson Toyota in Coon Rapids Minnesota.	https://delivery.via.assetscs.toyota.com/adobe/assets/urn:aaid:aem:bf3d0250-0fb8-401b-8124-c5c82ad8d7a8/as/image.png?fmt=png-alpha,rgb,none	in stock	NEW	SUV	Vehicles & Parts > Vehicles > Motor Vehicles > Cars, Trucks & Vans	2T36CRAV7TW42J083	https://www.carlsontoyota.com/inventory/new-2026-toyota-rav4-woodland-all-wheel-drive-hybrid-awd-2t36crav7tw42j083/123?store={store_code}	GRAY	0 miles	RAV4	2T36CRAV7TW42J083	2026	43280 USD	CT100	43280 USD	MI	RAV4
2T36CRAV0TW41I028	2026 Toyota RAV4 XLE Premium	Toyota	https://www.carlsontoyota.com/inventory/new-2026-toyota-rav4-xle-premium-all-wheel-drive-hybrid-awd-2t36crav0tw41i028/	43374 USD	2026 Storm Cloud Toyota RAV4 New 2026 Toyota RAV4 XLE Premium HYBRID AWD 2.5L 4-Cyl. Hybrid For sale at Carlson Toyota in Coon Rapids Minnesota.	https://delivery.via.assetscs.toyota.com/adobe/assets/urn:aaid:aem:dbc0339f-1e2a-4132-b48d-8a1918c23ceb/as/image.png?fmt=png-alpha,rgb,none	in stock	NEW	SUV	Vehicles & Parts > Vehicles > Motor Vehicles > Cars, Trucks & Vans	2T36CRAV0TW41I028	https://www.carlsontoyota.com/inventory/new-2026-toyota-rav4-xle-premium-all-wheel-drive-hybrid-awd-2t36crav0tw41i028/123?store={store_code}	GRAY	0 miles	RAV4	2T36CRAV0TW41I028	2026	43374 USD	CT100	43374 USD	MI	RAV4
2T36CRAV1TW41G711	2026 Toyota RAV4 XLE Premium	Toyota	https://www.carlsontoyota.com/inventory/new-2026-toyota-rav4-xle-premium-all-wheel-drive-hybrid-awd-2t36crav1tw41g711/	40634 USD	2026 Wind Chill Pearl 1 Toyota RAV4 New 2026 Toyota RAV4 XLE Premium HYBRID AWD 2.5L 4-Cyl. Hybrid For sale at Carlson Toyota in Coon Rapids Minnesota.	https://delivery.via.assetscs.toyota.com/adobe/assets/urn:aaid:aem:686974e2-f9a1-421c-8b6e-839f73d07c16/as/image.png?fmt=png-alpha,rgb,none	in stock	NEW	SUV	Vehicles & Parts > Vehicles > Motor Vehicles > Cars, Trucks & Vans	2T36CRAV1TW41G711	https://www.carlsontoyota.com/inventory/new-2026-toyota-rav4-xle-premium-all-wheel-drive-hybrid-awd-2t36crav1tw41g711/123?store={store_code}	WHITE	0 miles	RAV4	2T36CRAV1TW41G711	2026	40634 USD	CT100	40634 USD	MI	RAV4
2T36CRAV6TW39F208	2026 Toyota RAV4 XLE Premium	Toyota	https://www.carlsontoyota.com/inventory/new-2026-toyota-rav4-xle-premium-all-wheel-drive-hybrid-awd-2t36crav6tw39f208/	42819 USD	2026 Storm Cloud Toyota RAV4 New 2026 Toyota RAV4 XLE Premium HYBRID AWD 2.5L 4-Cyl. Hybrid For sale at Carlson Toyota in Coon Rapids Minnesota.	https://delivery.via.assetscs.toyota.com/adobe/assets/urn:aaid:aem:dbc0339f-1e2a-4132-b48d-8a1918c23ceb/as/image.png?fmt=png-alpha,rgb,none	in stock	NEW	SUV	Vehicles & Parts > Vehicles > Motor Vehicles > Cars, Trucks & Vans	2T36CRAV6TW39F208	https://www.carlsontoyota.com/inventory/new-2026-toyota-rav4-xle-premium-all-wheel-drive-hybrid-awd-2t36crav6tw39f208/123?store={store_code}	GRAY	0 miles	RAV4	2T36CRAV6TW39F208	2026	42819 USD	CT100	42819 USD	MI	RAV4
2T36CRAV8TC045172	2026 Toyota RAV4 XLE Premium	Toyota	https://www.carlsontoyota.com/inventory/new-2026-toyota-rav4-xle-premium-all-wheel-drive-hybrid-awd-2t36crav8tc045172/	39820 USD	2026 Storm Cloud Toyota RAV4 New 2026 Toyota RAV4 XLE Premium HYBRID AWD 2.5L 4-Cyl. Hybrid For sale at Carlson Toyota in Coon Rapids Minnesota.	https://vehicle-images.carscommerce.inc/5ddd-110008693/2T36CRAV8TC045172/8a7f7a7a81dc41ead93f004034e5074f.webp	in stock	NEW	SUV	Vehicles & Parts > Vehicles > Motor Vehicles > Cars, Trucks & Vans	2T36CRAV8TC045172	https://www.carlsontoyota.com/inventory/new-2026-toyota-rav4-xle-premium-all-wheel-drive-hybrid-awd-2t36crav8tc045172/123?store={store_code}	GRAY	0 miles	RAV4	2T36CRAV8TC045172	2026	39820 USD	CT100	39820 USD	MI	RAV4
2T36CRAV9TC41G649	2026 Toyota RAV4 XLE Premium	Toyota	https://www.carlsontoyota.com/inventory/new-2026-toyota-rav4-xle-premium-all-wheel-drive-hybrid-awd-2t36crav9tc41g649/	40319 USD	2026 Ice Cap Toyota RAV4 New 2026 Toyota RAV4 XLE Premium HYBRID AWD 2.5L 4-Cyl. Hybrid For sale at Carlson Toyota in Coon Rapids Minnesota.	https://delivery.via.assetscs.toyota.com/adobe/assets/urn:aaid:aem:aff4ca1d-6101-4795-b77b-ab50fb26d211/as/image.png?fmt=png-alpha,rgb,none	in stock	NEW	SUV	Vehicles & Parts > Vehicles > Motor Vehicles > Cars, Trucks & Vans	2T36CRAV9TC41G649	https://www.carlsontoyota.com/inventory/new-2026-toyota-rav4-xle-premium-all-wheel-drive-hybrid-awd-2t36crav9tc41g649/123?store={store_code}	WHITE	0 miles	RAV4	2T36CRAV9TC41G649	2026	40319 USD	CT100	40319 USD	MI	RAV4
4T36CRAV2TU38F629	2026 Toyota RAV4 XLE Premium	Toyota	https://www.carlsontoyota.com/inventory/new-2026-toyota-rav4-xle-premium-all-wheel-drive-hybrid-awd-4t36crav2tu38f629/	40794 USD	2026 Wind Chill Pearl 1 Toyota RAV4 New 2026 Toyota RAV4 XLE Premium HYBRID AWD 2.5L 4-Cyl. Hybrid For sale at Carlson Toyota in Coon Rapids Minnesota.	https://delivery.via.assetscs.toyota.com/adobe/assets/urn:aaid:aem:686974e2-f9a1-421c-8b6e-839f73d07c16/as/image.png?fmt=png-alpha,rgb,none	in stock	NEW	SUV	Vehicles & Parts > Vehicles > Motor Vehicles > Cars, Trucks & Vans	4T36CRAV2TU38F629	https://www.carlsontoyota.com/inventory/new-2026-toyota-rav4-xle-premium-all-wheel-drive-hybrid-awd-4t36crav2tu38f629/123?store={store_code}	WHITE	0 miles	RAV4	4T36CRAV2TU38F629	2026	40794 USD	CT100	40794 USD	MI	RAV4
4T36CRAV2TU43P630	2026 Toyota RAV4 XLE Premium	Toyota	https://www.carlsontoyota.com/inventory/new-2026-toyota-rav4-xle-premium-all-wheel-drive-hybrid-awd-4t36crav2tu43p630/	40794 USD	2026 Ruby Flare Pearl 1 Toyota RAV4 New 2026 Toyota RAV4 XLE Premium HYBRID AWD 2.5L 4-Cyl. Hybrid For sale at Carlson Toyota in Coon Rapids Minnesota.	https://delivery.via.assetscs.toyota.com/adobe/assets/urn:aaid:aem:da907931-0feb-49af-b815-bcbf4acafd12/as/image.png?fmt=png-alpha,rgb,none	in stock	NEW	SUV	Vehicles & Parts > Vehicles > Motor Vehicles > Cars, Trucks & Vans	4T36CRAV2TU43P630	https://www.carlsontoyota.com/inventory/new-2026-toyota-rav4-xle-premium-all-wheel-drive-hybrid-awd-4t36crav2tu43p630/123?store={store_code}	RED	0 miles	RAV4	4T36CRAV2TU43P630	2026	40794 USD	CT100	40794 USD	MI	RAV4
4T36CRAV2TU43Q714	2026 Toyota RAV4 XLE Premium	Toyota	https://www.carlsontoyota.com/inventory/new-2026-toyota-rav4-xle-premium-all-wheel-drive-hybrid-awd-4t36crav2tu43q714/	40449 USD	2026 Blueprint Toyota RAV4 New 2026 Toyota RAV4 XLE Premium HYBRID AWD 2.5L 4-Cyl. Hybrid For sale at Carlson Toyota in Coon Rapids Minnesota.	https://delivery.via.assetscs.toyota.com/adobe/assets/urn:aaid:aem:9248973a-ba4a-43dc-886c-cc849fdddd05/as/image.png?fmt=png-alpha,rgb,none	in stock	NEW	SUV	Vehicles & Parts > Vehicles > Motor Vehicles > Cars, Trucks & Vans	4T36CRAV2TU43Q714	https://www.carlsontoyota.com/inventory/new-2026-toyota-rav4-xle-premium-all-wheel-drive-hybrid-awd-4t36crav2tu43q714/123?store={store_code}	BLUE	0 miles	RAV4	4T36CRAV2TU43Q714	2026	40449 USD	CT100	40449 USD	MI	RAV4
4T36CRAV3TU39G526	2026 Toyota RAV4 XLE Premium	Toyota	https://www.carlsontoyota.com/inventory/new-2026-toyota-rav4-xle-premium-all-wheel-drive-hybrid-awd-4t36crav3tu39g526/	42819 USD	2026 Blueprint Toyota RAV4 New 2026 Toyota RAV4 XLE Premium HYBRID AWD 2.5L 4-Cyl. Hybrid For sale at Carlson Toyota in Coon Rapids Minnesota.	https://delivery.via.assetscs.toyota.com/adobe/assets/urn:aaid:aem:bd2bd78a-4086-430b-b8cd-f66cd026fceb/as/image.png?fmt=png-alpha,rgb,none	in stock	NEW	SUV	Vehicles & Parts > Vehicles > Motor Vehicles > Cars, Trucks & Vans	4T36CRAV3TU39G526	https://www.carlsontoyota.com/inventory/new-2026-toyota-rav4-xle-premium-all-wheel-drive-hybrid-awd-4t36crav3tu39g526/123?store={store_code}	BLUE	0 miles	RAV4	4T36CRAV3TU39G526	2026	42819 USD	CT100	42819 USD	MI	RAV4
4T36CRAV3TU42Q418	2026 Toyota RAV4 XLE Premium	Toyota	https://www.carlsontoyota.com/inventory/new-2026-toyota-rav4-xle-premium-all-wheel-drive-hybrid-awd-4t36crav3tu42q418/	42819 USD	2026 Midnight Black Metallic Toyota RAV4 New 2026 Toyota RAV4 XLE Premium HYBRID AWD 2.5L 4-Cyl. Hybrid For sale at Carlson Toyota in Coon Rapids Minnesota.	https://delivery.via.assetscs.toyota.com/adobe/assets/urn:aaid:aem:b6f3e3e4-f30e-48a9-b424-27c51ce142cc/as/image.png?fmt=png-alpha,rgb,none	in stock	NEW	SUV	Vehicles & Parts > Vehicles > Motor Vehicles > Cars, Trucks & Vans	4T36CRAV3TU42Q418	https://www.carlsontoyota.com/inventory/new-2026-toyota-rav4-xle-premium-all-wheel-drive-hybrid-awd-4t36crav3tu42q418/123?store={store_code}	BLACK	0 miles	RAV4	4T36CRAV3TU42Q418	2026	42819 USD	CT100	42819 USD	MI	RAV4
4T36CRAV3TU43Q172	2026 Toyota RAV4 XLE Premium	Toyota	https://www.carlsontoyota.com/inventory/new-2026-toyota-rav4-xle-premium-all-wheel-drive-hybrid-awd-4t36crav3tu43q172/	42819 USD	2026 Midnight Black Metallic Toyota RAV4 New 2026 Toyota RAV4 XLE Premium HYBRID AWD 2.5L 4-Cyl. Hybrid For sale at Carlson Toyota in Coon Rapids Minnesota.	https://delivery.via.assetscs.toyota.com/adobe/assets/urn:aaid:aem:b6f3e3e4-f30e-48a9-b424-27c51ce142cc/as/image.png?fmt=png-alpha,rgb,none	in stock	NEW	SUV	Vehicles & Parts > Vehicles > Motor Vehicles > Cars, Trucks & Vans	4T36CRAV3TU43Q172	https://www.carlsontoyota.com/inventory/new-2026-toyota-rav4-xle-premium-all-wheel-drive-hybrid-awd-4t36crav3tu43q172/123?store={store_code}	BLACK	0 miles	RAV4	4T36CRAV3TU43Q172	2026	42819 USD	CT100	42819 USD	MI	RAV4
4T36CRAV3TU43Q642	2026 Toyota RAV4 XLE Premium	Toyota	https://www.carlsontoyota.com/inventory/new-2026-toyota-rav4-xle-premium-all-wheel-drive-hybrid-awd-4t36crav3tu43q642/	43719 USD	2026 Wind Chill Pearl 1 Toyota RAV4 New 2026 Toyota RAV4 XLE Premium HYBRID AWD 2.5L 4-Cyl. Hybrid For sale at Carlson Toyota in Coon Rapids Minnesota.	https://delivery.via.assetscs.toyota.com/adobe/assets/urn:aaid:aem:2f1b29da-44e1-4562-a590-e12b6d7f7dd4/as/image.png?fmt=png-alpha,rgb,none	in stock	NEW	SUV	Vehicles & Parts > Vehicles > Motor Vehicles > Cars, Trucks & Vans	4T36CRAV3TU43Q642	https://www.carlsontoyota.com/inventory/new-2026-toyota-rav4-xle-premium-all-wheel-drive-hybrid-awd-4t36crav3tu43q642/123?store={store_code}	WHITE	0 miles	RAV4	4T36CRAV3TU43Q642	2026	43719 USD	CT100	43719 USD	MI	RAV4
4T36CRAV5TU009759	2026 Toyota RAV4 XLE Premium	Toyota	https://www.carlsontoyota.com/inventory/new-2026-toyota-rav4-xle-premium-all-wheel-drive-hybrid-awd-4t36crav5tu009759/	41578 USD	2026 Ruby Flare Pearl 1 Toyota RAV4 New 2026 Toyota RAV4 XLE Premium HYBRID AWD 2.5L 4-Cyl. Hybrid For sale at Carlson Toyota in Coon Rapids Minnesota.	https://vehicle-images.carscommerce.inc/3c2e-110008693/4T36CRAV5TU009759/e8d066559c95def2fe457d9eb693f28d.webp	in stock	NEW	SUV	Vehicles & Parts > Vehicles > Motor Vehicles > Cars, Trucks & Vans	4T36CRAV5TU009759	https://www.carlsontoyota.com/inventory/new-2026-toyota-rav4-xle-premium-all-wheel-drive-hybrid-awd-4t36crav5tu009759/123?store={store_code}	RED	0 miles	RAV4	4T36CRAV5TU009759	2026	41578 USD	CT100	41578 USD	MI	RAV4
4T36CRAV5TU011379	2026 Toyota RAV4 XLE Premium	Toyota	https://www.carlsontoyota.com/inventory/new-2026-toyota-rav4-xle-premium-all-wheel-drive-hybrid-awd-4t36crav5tu011379/	40794 USD	2026 Wind Chill Pearl 1 Toyota RAV4 New 2026 Toyota RAV4 XLE Premium HYBRID AWD 2.5L 4-Cyl. Hybrid For sale at Carlson Toyota in Coon Rapids Minnesota.	https://delivery.via.assetscs.toyota.com/adobe/assets/urn:aaid:aem:31fa2110-8c4f-4b4a-b687-a1268ecb0181/as/image.png?fmt=png-alpha,rgb,none	in stock	NEW	SUV	Vehicles & Parts > Vehicles > Motor Vehicles > Cars, Trucks & Vans	4T36CRAV5TU011379	https://www.carlsontoyota.com/inventory/new-2026-toyota-rav4-xle-premium-all-wheel-drive-hybrid-awd-4t36crav5tu011379/123?store={store_code}	WHITE	0 miles	RAV4	4T36CRAV5TU011379	2026	40794 USD	CT100	40794 USD	MI	RAV4
4T36CRAV5TU43Q450	2026 Toyota RAV4 XLE Premium	Toyota	https://www.carlsontoyota.com/inventory/new-2026-toyota-rav4-xle-premium-all-wheel-drive-hybrid-awd-4t36crav5tu43q450/	42819 USD	2026 Midnight Black Metallic Toyota RAV4 New 2026 Toyota RAV4 XLE Premium HYBRID AWD 2.5L 4-Cyl. Hybrid For sale at Carlson Toyota in Coon Rapids Minnesota.	https://delivery.via.assetscs.toyota.com/adobe/assets/urn:aaid:aem:b6f3e3e4-f30e-48a9-b424-27c51ce142cc/as/image.png?fmt=png-alpha,rgb,none	in stock	NEW	SUV	Vehicles & Parts > Vehicles > Motor Vehicles > Cars, Trucks & Vans	4T36CRAV5TU43Q450	https://www.carlsontoyota.com/inventory/new-2026-toyota-rav4-xle-premium-all-wheel-drive-hybrid-awd-4t36crav5tu43q450/123?store={store_code}	BLACK	0 miles	RAV4	4T36CRAV5TU43Q450	2026	42819 USD	CT100	42819 USD	MI	RAV4
4T36CRAV6TU39G228	2026 Toyota RAV4 XLE Premium	Toyota	https://www.carlsontoyota.com/inventory/new-2026-toyota-rav4-xle-premium-all-wheel-drive-hybrid-awd-4t36crav6tu39g228/	40924 USD	2026 Wind Chill Pearl 1 Toyota RAV4 New 2026 Toyota RAV4 XLE Premium HYBRID AWD 2.5L 4-Cyl. Hybrid For sale at Carlson Toyota in Coon Rapids Minnesota.	https://delivery.via.assetscs.toyota.com/adobe/assets/urn:aaid:aem:686974e2-f9a1-421c-8b6e-839f73d07c16/as/image.png?fmt=png-alpha,rgb,none	in stock	NEW	SUV	Vehicles & Parts > Vehicles > Motor Vehicles > Cars, Trucks & Vans	4T36CRAV6TU39G228	https://www.carlsontoyota.com/inventory/new-2026-toyota-rav4-xle-premium-all-wheel-drive-hybrid-awd-4t36crav6tu39g228/123?store={store_code}	WHITE	0 miles	RAV4	4T36CRAV6TU39G228	2026	40924 USD	CT100	40924 USD	MI	RAV4
4T36CRAV6TU42P800	2026 Toyota RAV4 XLE Premium	Toyota	https://www.carlsontoyota.com/inventory/new-2026-toyota-rav4-xle-premium-all-wheel-drive-hybrid-awd-4t36crav6tu42p800/	43849 USD	2026 Ruby Flare Pearl 1 Toyota RAV4 New 2026 Toyota RAV4 XLE Premium HYBRID AWD 2.5L 4-Cyl. Hybrid For sale at Carlson Toyota in Coon Rapids Minnesota.	https://delivery.via.assetscs.toyota.com/adobe/assets/urn:aaid:aem:fe8e7a17-dfa1-427a-a5b5-db066b451e21/as/image.png?fmt=png-alpha,rgb,none	in stock	NEW	SUV	Vehicles & Parts > Vehicles > Motor Vehicles > Cars, Trucks & Vans	4T36CRAV6TU42P800	https://www.carlsontoyota.com/inventory/new-2026-toyota-rav4-xle-premium-all-wheel-drive-hybrid-awd-4t36crav6tu42p800/123?store={store_code}	RED	0 miles	RAV4	4T36CRAV6TU42P800	2026	43849 USD	CT100	43849 USD	MI	RAV4
4T36CRAV8TU40L790	2026 Toyota RAV4 XLE Premium	Toyota	https://www.carlsontoyota.com/inventory/new-2026-toyota-rav4-xle-premium-all-wheel-drive-hybrid-awd-4t36crav8tu40l790/	44648 USD	2026 Midnight Black Metallic Toyota RAV4 New 2026 Toyota RAV4 XLE Premium HYBRID AWD 2.5L 4-Cyl. Hybrid For sale at Carlson Toyota in Coon Rapids Minnesota.	https://delivery.via.assetscs.toyota.com/adobe/assets/urn:aaid:aem:b6f3e3e4-f30e-48a9-b424-27c51ce142cc/as/image.png?fmt=png-alpha,rgb,none	in stock	NEW	SUV	Vehicles & Parts > Vehicles > Motor Vehicles > Cars, Trucks & Vans	4T36CRAV8TU40L790	https://www.carlsontoyota.com/inventory/new-2026-toyota-rav4-xle-premium-all-wheel-drive-hybrid-awd-4t36crav8tu40l790/123?store={store_code}	BLACK	0 miles	RAV4	4T36CRAV8TU40L790	2026	44648 USD	CT100	44648 USD	MI	RAV4
4T36CRAV9TU39F753	2026 Toyota RAV4 XLE Premium	Toyota	https://www.carlsontoyota.com/inventory/new-2026-toyota-rav4-xle-premium-all-wheel-drive-hybrid-awd-4t36crav9tu39f753/	40794 USD	2026 Wind Chill Pearl 1 Toyota RAV4 New 2026 Toyota RAV4 XLE Premium HYBRID AWD 2.5L 4-Cyl. Hybrid For sale at Carlson Toyota in Coon Rapids Minnesota.	https://delivery.via.assetscs.toyota.com/adobe/assets/urn:aaid:aem:686974e2-f9a1-421c-8b6e-839f73d07c16/as/image.png?fmt=png-alpha,rgb,none	in stock	NEW	SUV	Vehicles & Parts > Vehicles > Motor Vehicles > Cars, Trucks & Vans	4T36CRAV9TU39F753	https://www.carlsontoyota.com/inventory/new-2026-toyota-rav4-xle-premium-all-wheel-drive-hybrid-awd-4t36crav9tu39f753/123?store={store_code}	WHITE	0 miles	RAV4	4T36CRAV9TU39F753	2026	40794 USD	CT100	40794 USD	MI	RAV4
4T36CRAV9TU42Q245	2026 Toyota RAV4 XLE Premium	Toyota	https://www.carlsontoyota.com/inventory/new-2026-toyota-rav4-xle-premium-all-wheel-drive-hybrid-awd-4t36crav9tu42q245/	42819 USD	2026 Midnight Black Metallic Toyota RAV4 New 2026 Toyota RAV4 XLE Premium HYBRID AWD 2.5L 4-Cyl. Hybrid For sale at Carlson Toyota in Coon Rapids Minnesota.	https://delivery.via.assetscs.toyota.com/adobe/assets/urn:aaid:aem:b6f3e3e4-f30e-48a9-b424-27c51ce142cc/as/image.png?fmt=png-alpha,rgb,none	in stock	NEW	SUV	Vehicles & Parts > Vehicles > Motor Vehicles > Cars, Trucks & Vans	4T36CRAV9TU42Q245	https://www.carlsontoyota.com/inventory/new-2026-toyota-rav4-xle-premium-all-wheel-drive-hybrid-awd-4t36crav9tu42q245/123?store={store_code}	BLACK	0 miles	RAV4	4T36CRAV9TU42Q245	2026	42819 USD	CT100	42819 USD	MI	RAV4
4T36CRAV9TU42Q441	2026 Toyota RAV4 XLE Premium	Toyota	https://www.carlsontoyota.com/inventory/new-2026-toyota-rav4-xle-premium-all-wheel-drive-hybrid-awd-4t36crav9tu42q441/	40794 USD	2026 Wind Chill Pearl 1 Toyota RAV4 New 2026 Toyota RAV4 XLE Premium HYBRID AWD 2.5L 4-Cyl. Hybrid For sale at Carlson Toyota in Coon Rapids Minnesota.	https://delivery.via.assetscs.toyota.com/adobe/assets/urn:aaid:aem:686974e2-f9a1-421c-8b6e-839f73d07c16/as/image.png?fmt=png-alpha,rgb,none	in stock	NEW	SUV	Vehicles & Parts > Vehicles > Motor Vehicles > Cars, Trucks & Vans	4T36CRAV9TU42Q441	https://www.carlsontoyota.com/inventory/new-2026-toyota-rav4-xle-premium-all-wheel-drive-hybrid-awd-4t36crav9tu42q441/123?store={store_code}	WHITE	0 miles	RAV4	4T36CRAV9TU42Q441	2026	40794 USD	CT100	40794 USD	MI	RAV4
4T36CRAV9TU42Q536	2026 Toyota RAV4 XLE Premium	Toyota	https://www.carlsontoyota.com/inventory/new-2026-toyota-rav4-xle-premium-all-wheel-drive-hybrid-awd-4t36crav9tu42q536/	43294 USD	2026 Wind Chill Pearl 1 Toyota RAV4 New 2026 Toyota RAV4 XLE Premium HYBRID AWD 2.5L 4-Cyl. Hybrid For sale at Carlson Toyota in Coon Rapids Minnesota.	https://delivery.via.assetscs.toyota.com/adobe/assets/urn:aaid:aem:2f1b29da-44e1-4562-a590-e12b6d7f7dd4/as/image.png?fmt=png-alpha,rgb,none	in stock	NEW	SUV	Vehicles & Parts > Vehicles > Motor Vehicles > Cars, Trucks & Vans	4T36CRAV9TU42Q536	https://www.carlsontoyota.com/inventory/new-2026-toyota-rav4-xle-premium-all-wheel-drive-hybrid-awd-4t36crav9tu42q536/123?store={store_code}	WHITE	0 miles	RAV4	4T36CRAV9TU42Q536	2026	43294 USD	CT100	43294 USD	MI	RAV4
4T36CRAVXTU40M391	2026 Toyota RAV4 XLE Premium	Toyota	https://www.carlsontoyota.com/inventory/new-2026-toyota-rav4-xle-premium-all-wheel-drive-hybrid-awd-4t36cravxtu40m391/	42819 USD	2026 Ice Cap Toyota RAV4 New 2026 Toyota RAV4 XLE Premium HYBRID AWD 2.5L 4-Cyl. Hybrid For sale at Carlson Toyota in Coon Rapids Minnesota.	https://delivery.via.assetscs.toyota.com/adobe/assets/urn:aaid:aem:dd8cf79f-c784-419a-b86f-826b1a8268fe/as/image.png?fmt=png-alpha,rgb,none	in stock	NEW	SUV	Vehicles & Parts > Vehicles > Motor Vehicles > Cars, Trucks & Vans	4T36CRAVXTU40M391	https://www.carlsontoyota.com/inventory/new-2026-toyota-rav4-xle-premium-all-wheel-drive-hybrid-awd-4t36cravxtu40m391/123?store={store_code}	WHITE	0 miles	RAV4	4T36CRAVXTU40M391	2026	42819 USD	CT100	42819 USD	MI	RAV4
JTM6CRAV1TD343753	2026 Toyota RAV4 XLE Premium	Toyota	https://www.carlsontoyota.com/inventory/new-2026-toyota-rav4-xle-premium-all-wheel-drive-hybrid-awd-jtm6crav1td343753/	40159 USD	2026 Storm Cloud Toyota RAV4 New 2026 Toyota RAV4 XLE Premium HYBRID AWD 2.5L 4-Cyl. Hybrid For sale at Carlson Toyota in Coon Rapids Minnesota.	https://vehicle-images.carscommerce.inc/8988-110008693/JTM6CRAV1TD343753/310bf8eb0cf9820cad7cd324797f6263.webp	in stock	NEW	SUV	Vehicles & Parts > Vehicles > Motor Vehicles > Cars, Trucks & Vans	JTM6CRAV1TD343753	https://www.carlsontoyota.com/inventory/new-2026-toyota-rav4-xle-premium-all-wheel-drive-hybrid-awd-jtm6crav1td343753/123?store={store_code}	GRAY	0 miles	RAV4	JTM6CRAV1TD343753	2026	40159 USD	CT100	40159 USD	MI	RAV4
2T36CRAV0TW106495	2026 Toyota RAV4 XSE	Toyota	https://www.carlsontoyota.com/inventory/new-2026-toyota-rav4-xse-all-wheel-drive-hybrid-awd-2t36crav0tw106495/	45864 USD	2026 Midnight Black Metallic Toyota RAV4 New 2026 Toyota RAV4 XSE HYBRID AWD 2.5L 4-Cyl. Hybrid For sale at Carlson Toyota in Coon Rapids Minnesota.	https://delivery.via.assetscs.toyota.com/adobe/assets/urn:aaid:aem:feae298d-4821-49f2-8aac-c84c861ed263/as/image.png?fmt=png-alpha,rgb,none	in stock	NEW	SUV	Vehicles & Parts > Vehicles > Motor Vehicles > Cars, Trucks & Vans	2T36CRAV0TW106495	https://www.carlsontoyota.com/inventory/new-2026-toyota-rav4-xse-all-wheel-drive-hybrid-awd-2t36crav0tw106495/123?store={store_code}	BLACK	0 miles	RAV4	2T36CRAV0TW106495	2026	45864 USD	CT100	45864 USD	MI	RAV4
4T36CRAV0TU39G192	2026 Toyota RAV4 XSE	Toyota	https://www.carlsontoyota.com/inventory/new-2026-toyota-rav4-xse-all-wheel-drive-hybrid-awd-4t36crav0tu39g192/	45859 USD	2026 Midnight Black Metallic Toyota RAV4 New 2026 Toyota RAV4 XSE HYBRID AWD 2.5L 4-Cyl. Hybrid For sale at Carlson Toyota in Coon Rapids Minnesota.	https://delivery.via.assetscs.toyota.com/adobe/assets/urn:aaid:aem:8172276d-462b-4848-b9a0-77d48631dc6f/as/image.png?fmt=png-alpha,rgb,none	in stock	NEW	SUV	Vehicles & Parts > Vehicles > Motor Vehicles > Cars, Trucks & Vans	4T36CRAV0TU39G192	https://www.carlsontoyota.com/inventory/new-2026-toyota-rav4-xse-all-wheel-drive-hybrid-awd-4t36crav0tu39g192/123?store={store_code}	BLACK	0 miles	RAV4	4T36CRAV0TU39G192	2026	45859 USD	CT100	45859 USD	MI	RAV4
4T36CRAV6TU010967	2026 Toyota RAV4 XSE	Toyota	https://www.carlsontoyota.com/inventory/new-2026-toyota-rav4-xse-all-wheel-drive-hybrid-awd-4t36crav6tu010967/	45859 USD	2026 Midnight Black Metallic Toyota RAV4 New 2026 Toyota RAV4 XSE HYBRID AWD 2.5L 4-Cyl. Hybrid For sale at Carlson Toyota in Coon Rapids Minnesota.	https://vehicle-images.carscommerce.inc/2efa-110008693/4T36CRAV6TU010967/e584a246fa3e914caa6d8bf9609d064b.webp	in stock	NEW	SUV	Vehicles & Parts > Vehicles > Motor Vehicles > Cars, Trucks & Vans	4T36CRAV6TU010967	https://www.carlsontoyota.com/inventory/new-2026-toyota-rav4-xse-all-wheel-drive-hybrid-awd-4t36crav6tu010967/123?store={store_code}	BLACK	0 miles	RAV4	4T36CRAV6TU010967	2026	45859 USD	CT100	45859 USD	MI	RAV4
4T36CRAV7TU012467	2026 Toyota RAV4 XSE	Toyota	https://www.carlsontoyota.com/inventory/new-2026-toyota-rav4-xse-all-wheel-drive-hybrid-awd-4t36crav7tu012467/	46258 USD	2026 Midnight Black Metallic Toyota RAV4 New 2026 Toyota RAV4 XSE HYBRID AWD 2.5L 4-Cyl. Hybrid For sale at Carlson Toyota in Coon Rapids Minnesota.	https://vehicle-images.carscommerce.inc/f129-110008693/4T36CRAV7TU012467/8da3bdf7399c32346f396c2822b91c5f.webp	in stock	NEW	SUV	Vehicles & Parts > Vehicles > Motor Vehicles > Cars, Trucks & Vans	4T36CRAV7TU012467	https://www.carlsontoyota.com/inventory/new-2026-toyota-rav4-xse-all-wheel-drive-hybrid-awd-4t36crav7tu012467/123?store={store_code}	BLACK	0 miles	RAV4	4T36CRAV7TU012467	2026	46258 USD	CT100	46258 USD	MI	RAV4
4T36CRAVXTU011832	2026 Toyota RAV4 XSE	Toyota	https://www.carlsontoyota.com/inventory/new-2026-toyota-rav4-xse-all-wheel-drive-hybrid-awd-4t36cravxtu011832/	45859 USD	2026 Midnight Black Metallic Toyota RAV4 New 2026 Toyota RAV4 XSE HYBRID AWD 2.5L 4-Cyl. Hybrid For sale at Carlson Toyota in Coon Rapids Minnesota.	https://vehicle-images.carscommerce.inc/df40-110008693/4T36CRAVXTU011832/6fbf71a5bf667a03dac4250684eafb6a.webp	in stock	NEW	SUV	Vehicles & Parts > Vehicles > Motor Vehicles > Cars, Trucks & Vans	4T36CRAVXTU011832	https://www.carlsontoyota.com/inventory/new-2026-toyota-rav4-xse-all-wheel-drive-hybrid-awd-4t36cravxtu011832/123?store={store_code}	BLACK	0 miles	RAV4	4T36CRAVXTU011832	2026	45859 USD	CT100	45859 USD	MI	RAV4
7SVAAABA4TX107311	2026 Toyota Sequoia Capstone	Toyota	https://www.carlsontoyota.com/inventory/new-2026-toyota-sequoia-capstone-4-wheel-drive-capstone-hybrid-7svaaaba4tx107311/	89068 USD	2026 Blueprint Toyota Sequoia New 2026 Toyota Sequoia Capstone CAPSTONE HYBRID i-FORCE MAX Hybrid For sale at Carlson Toyota in Coon Rapids Minnesota.	https://vehicle-images.carscommerce.inc/77c3-110008693/7SVAAABA4TX107311/eed423ea5177d08f3dec7578464ae3b4.webp	in stock	NEW	SUV	Vehicles & Parts > Vehicles > Motor Vehicles > Cars, Trucks & Vans	7SVAAABA4TX107311	https://www.carlsontoyota.com/inventory/new-2026-toyota-sequoia-capstone-4-wheel-drive-capstone-hybrid-7svaaaba4tx107311/123?store={store_code}	BLUE	0 miles	Sequoia	7SVAAABA4TX107311	2026	89068 USD	CT100	89068 USD	MI	Sequoia
7SVAAABA7TX106301	2026 Toyota Sequoia Platinum	Toyota	https://www.carlsontoyota.com/inventory/new-2026-toyota-sequoia-platinum-4-wheel-drive-plt-hybrid-7svaaaba7tx106301/	86273 USD	2026 Lunar Rock Toyota Sequoia New 2026 Toyota Sequoia Platinum PLT HYBRID i-FORCE MAX Hybrid For sale at Carlson Toyota in Coon Rapids Minnesota.	https://vehicle-images.carscommerce.inc/7db1-110008693/7SVAAABA7TX106301/53fe1f793751f490a123e94f919839ab.webp	in stock	NEW	SUV	Vehicles & Parts > Vehicles > Motor Vehicles > Cars, Trucks & Vans	7SVAAABA7TX106301	https://www.carlsontoyota.com/inventory/new-2026-toyota-sequoia-platinum-4-wheel-drive-plt-hybrid-7svaaaba7tx106301/123?store={store_code}	SILVER	0 miles	Sequoia	7SVAAABA7TX106301	2026	86273 USD	CT100	86273 USD	MI	Sequoia
7SVAAABA9TX43B231	2026 Toyota Sequoia Platinum	Toyota	https://www.carlsontoyota.com/inventory/new-2026-toyota-sequoia-platinum-4-wheel-drive-plt-hybrid-7svaaaba9tx43b231/	86748 USD	2026 Wind Chill Pearl 1 Toyota Sequoia New 2026 Toyota Sequoia Platinum PLT HYBRID i-FORCE MAX Hybrid For sale at Carlson Toyota in Coon Rapids Minnesota.	https://delivery.via.assetscs.toyota.com/adobe/assets/urn:aaid:aem:5dad7e53-9d31-4187-a4dd-acb11a31433d/as/image.png?fmt=png-alpha,rgb,none	in stock	NEW	SUV	Vehicles & Parts > Vehicles > Motor Vehicles > Cars, Trucks & Vans	7SVAAABA9TX43B231	https://www.carlsontoyota.com/inventory/new-2026-toyota-sequoia-platinum-4-wheel-drive-plt-hybrid-7svaaaba9tx43b231/123?store={store_code}	WHITE	0 miles	Sequoia	7SVAAABA9TX43B231	2026	86748 USD	CT100	86748 USD	MI	Sequoia
7SVAAABA5TX43D414	2026 Toyota Sequoia TRD Pro	Toyota	https://www.carlsontoyota.com/inventory/new-2026-toyota-sequoia-trd-pro-4-wheel-drive-trd-pro-hybrid-7svaaaba5tx43d414/	88809 USD	2026 Midnight Black Metallic Toyota Sequoia New 2026 Toyota Sequoia TRD Pro TRD PRO HYBRID i-FORCE MAX Hybrid For sale at Carlson Toyota in Coon Rapids Minnesota.	https://delivery.via.assetscs.toyota.com/adobe/assets/urn:aaid:aem:212769e3-4124-44b7-acc9-af7c0019d35b/as/image.png?fmt=png-alpha,rgb,none	in stock	NEW	SUV	Vehicles & Parts > Vehicles > Motor Vehicles > Cars, Trucks & Vans	7SVAAABA5TX43D414	https://www.carlsontoyota.com/inventory/new-2026-toyota-sequoia-trd-pro-4-wheel-drive-trd-pro-hybrid-7svaaaba5tx43d414/123?store={store_code}	BLACK	0 miles	Sequoia	7SVAAABA5TX43D414	2026	88809 USD	CT100	88809 USD	MI	Sequoia
5TDZSKFC2TS40B683	2026 Toyota Sienna Limited	Toyota	https://www.carlsontoyota.com/inventory/new-2026-toyota-sienna-limited-all-wheel-drive-7-passenger-5tdzskfc2ts40b683/	57230 USD	2026 Wind Chill Pearl 1 Toyota Sienna New 2026 Toyota Sienna Limited 7 PASSENGER 2.5L Hybrid For sale at Carlson Toyota in Coon Rapids Minnesota.	https://delivery.via.assetscs.toyota.com/adobe/assets/urn:aaid:aem:4d65ec50-e161-4f96-98f6-ae4eba1ab939/as/image.png?fmt=png-alpha,rgb,none	in stock	NEW	VAN	Vehicles & Parts > Vehicles > Motor Vehicles > Cars, Trucks & Vans	5TDZSKFC2TS40B683	https://www.carlsontoyota.com/inventory/new-2026-toyota-sienna-limited-all-wheel-drive-7-passenger-5tdzskfc2ts40b683/123?store={store_code}	WHITE	0 miles	Sienna	5TDZSKFC2TS40B683	2026	57230 USD	CT100	57230 USD	MI	Sienna
5TDZSKFC5TS291160	2026 Toyota Sienna Limited	Toyota	https://www.carlsontoyota.com/inventory/new-2026-toyota-sienna-limited-all-wheel-drive-7-passenger-5tdzskfc5ts291160/	56520 USD	2026 Midnight Black Metallic Toyota Sienna New 2026 Toyota Sienna Limited 7 PASSENGER 2.5L Hybrid For sale at Carlson Toyota in Coon Rapids Minnesota.	https://vehicle-images.carscommerce.inc/9d22-110008693/5TDZSKFC5TS291160/2dadb7e5560c33d72e1e4d2cc5398dc8.webp	in stock	NEW	VAN	Vehicles & Parts > Vehicles > Motor Vehicles > Cars, Trucks & Vans	5TDZSKFC5TS291160	https://www.carlsontoyota.com/inventory/new-2026-toyota-sienna-limited-all-wheel-drive-7-passenger-5tdzskfc5ts291160/123?store={store_code}	BLACK	0 miles	Sienna	5TDZSKFC5TS291160	2026	56520 USD	CT100	56520 USD	MI	Sienna
5TDZSKFC9TS39D422	2026 Toyota Sienna Limited	Toyota	https://www.carlsontoyota.com/inventory/new-2026-toyota-sienna-limited-all-wheel-drive-7-passenger-5tdzskfc9ts39d422/	56824 USD	2026 Cypress Toyota Sienna New 2026 Toyota Sienna Limited 7 PASSENGER 2.5L Hybrid For sale at Carlson Toyota in Coon Rapids Minnesota.	https://delivery.via.assetscs.toyota.com/adobe/assets/urn:aaid:aem:508d71d5-b80d-4c36-b438-f8bdbc5af089/as/image.png?fmt=png-alpha,rgb,none	in stock	NEW	VAN	Vehicles & Parts > Vehicles > Motor Vehicles > Cars, Trucks & Vans	5TDZSKFC9TS39D422	https://www.carlsontoyota.com/inventory/new-2026-toyota-sienna-limited-all-wheel-drive-7-passenger-5tdzskfc9ts39d422/123?store={store_code}	GREEN	0 miles	Sienna	5TDZSKFC9TS39D422	2026	56824 USD	CT100	56824 USD	MI	Sienna
5TDZSKFC9TS40B860	2026 Toyota Sienna Limited	Toyota	https://www.carlsontoyota.com/inventory/new-2026-toyota-sienna-limited-all-wheel-drive-7-passenger-5tdzskfc9ts40b860/	57299 USD	2026 Wind Chill Pearl 1 Toyota Sienna New 2026 Toyota Sienna Limited 7 PASSENGER 2.5L Hybrid For sale at Carlson Toyota in Coon Rapids Minnesota.	https://delivery.via.assetscs.toyota.com/adobe/assets/urn:aaid:aem:4d65ec50-e161-4f96-98f6-ae4eba1ab939/as/image.png?fmt=png-alpha,rgb,none	in stock	NEW	VAN	Vehicles & Parts > Vehicles > Motor Vehicles > Cars, Trucks & Vans	5TDZSKFC9TS40B860	https://www.carlsontoyota.com/inventory/new-2026-toyota-sienna-limited-all-wheel-drive-7-passenger-5tdzskfc9ts40b860/123?store={store_code}	WHITE	0 miles	Sienna	5TDZSKFC9TS40B860	2026	57299 USD	CT100	57299 USD	MI	Sienna
5TDESKFC4TS38C911	2026 Toyota Sienna Platinum	Toyota	https://www.carlsontoyota.com/inventory/new-2026-toyota-sienna-platinum-all-wheel-drive-7-passenger-5tdeskfc4ts38c911/	62060 USD	2026 Wind Chill Pearl 1 Toyota Sienna New 2026 Toyota Sienna Platinum 7 PASSENGER 2.5L Hybrid For sale at Carlson Toyota in Coon Rapids Minnesota.	https://delivery.via.assetscs.toyota.com/adobe/assets/urn:aaid:aem:d5ae6e7e-f6a9-4eff-a9e1-533708000c51/as/image.png?fmt=png-alpha,rgb,none	in stock	NEW	VAN	Vehicles & Parts > Vehicles > Motor Vehicles > Cars, Trucks & Vans	5TDESKFC4TS38C911	https://www.carlsontoyota.com/inventory/new-2026-toyota-sienna-platinum-all-wheel-drive-7-passenger-5tdeskfc4ts38c911/123?store={store_code}	WHITE	0 miles	Sienna	5TDESKFC4TS38C911	2026	62060 USD	CT100	62060 USD	MI	Sienna
5TDESKFC5TS41B347	2026 Toyota Sienna Platinum	Toyota	https://www.carlsontoyota.com/inventory/new-2026-toyota-sienna-platinum-all-wheel-drive-7-passenger-5tdeskfc5ts41b347/	62944 USD	2026 Midnight Black Metallic Toyota Sienna New 2026 Toyota Sienna Platinum 7 PASSENGER 2.5L Hybrid For sale at Carlson Toyota in Coon Rapids Minnesota.	https://delivery.via.assetscs.toyota.com/adobe/assets/urn:aaid:aem:edd4ed06-9b28-41f2-87fe-27fc43f91a99/as/image.png?fmt=png-alpha,rgb,none	in stock	NEW	VAN	Vehicles & Parts > Vehicles > Motor Vehicles > Cars, Trucks & Vans	5TDESKFC5TS41B347	https://www.carlsontoyota.com/inventory/new-2026-toyota-sienna-platinum-all-wheel-drive-7-passenger-5tdeskfc5ts41b347/123?store={store_code}	BLACK	0 miles	Sienna	5TDESKFC5TS41B347	2026	62944 USD	CT100	62944 USD	MI	Sienna
5TDESKFC7TS41C998	2026 Toyota Sienna Platinum	Toyota	https://www.carlsontoyota.com/inventory/new-2026-toyota-sienna-platinum-all-wheel-drive-7-passenger-5tdeskfc7ts41c998/	63000 USD	2026 Cypress Toyota Sienna New 2026 Toyota Sienna Platinum 7 PASSENGER 2.5L Hybrid For sale at Carlson Toyota in Coon Rapids Minnesota.	https://delivery.via.assetscs.toyota.com/adobe/assets/urn:aaid:aem:f4a9fab0-579c-47ed-89db-a28c2fb6efd2/as/image.png?fmt=png-alpha,rgb,none	in stock	NEW	VAN	Vehicles & Parts > Vehicles > Motor Vehicles > Cars, Trucks & Vans	5TDESKFC7TS41C998	https://www.carlsontoyota.com/inventory/new-2026-toyota-sienna-platinum-all-wheel-drive-7-passenger-5tdeskfc7ts41c998/123?store={store_code}	GREEN	0 miles	Sienna	5TDESKFC7TS41C998	2026	63000 USD	CT100	63000 USD	MI	Sienna
5TDESKFC8TS41D061	2026 Toyota Sienna Platinum	Toyota	https://www.carlsontoyota.com/inventory/new-2026-toyota-sienna-platinum-all-wheel-drive-7-passenger-5tdeskfc8ts41d061/	61585 USD	2026 Blueprint Toyota Sienna New 2026 Toyota Sienna Platinum 7 PASSENGER 2.5L Hybrid For sale at Carlson Toyota in Coon Rapids Minnesota.	https://delivery.via.assetscs.toyota.com/adobe/assets/urn:aaid:aem:88af1ec3-6713-4e7b-ae78-3b3cbb9160ad/as/image.png?fmt=png-alpha,rgb,none	in stock	NEW	VAN	Vehicles & Parts > Vehicles > Motor Vehicles > Cars, Trucks & Vans	5TDESKFC8TS41D061	https://www.carlsontoyota.com/inventory/new-2026-toyota-sienna-platinum-all-wheel-drive-7-passenger-5tdeskfc8ts41d061/123?store={store_code}	BLUE	0 miles	Sienna	5TDESKFC8TS41D061	2026	61585 USD	CT100	61585 USD	MI	Sienna
5TDCSKFC0TS290844	2026 Toyota Sienna Woodland Edition	Toyota	https://www.carlsontoyota.com/inventory/new-2026-toyota-sienna-woodland-edition-all-wheel-drive-woodland-edition-5tdcskfc0ts290844/	54205 USD	2026 Ice Cap Toyota Sienna New 2026 Toyota Sienna Woodland Edition WOODLAND EDITION 2.5L Hybrid For sale at Carlson Toyota in Coon Rapids Minnesota.	https://vehicle-images.carscommerce.inc/286d-110008693/5TDCSKFC0TS290844/c86cfa19267621fd84e4d34e1692f0f6.webp	in stock	NEW	VAN	Vehicles & Parts > Vehicles > Motor Vehicles > Cars, Trucks & Vans	5TDCSKFC0TS290844	https://www.carlsontoyota.com/inventory/new-2026-toyota-sienna-woodland-edition-all-wheel-drive-woodland-edition-5tdcskfc0ts290844/123?store={store_code}	WHITE	0 miles	Sienna	5TDCSKFC0TS290844	2026	54205 USD	CT100	54205 USD	MI	Sienna
5TDCSKFC2TS292109	2026 Toyota Sienna Woodland Edition	Toyota	https://www.carlsontoyota.com/inventory/new-2026-toyota-sienna-woodland-edition-all-wheel-drive-woodland-edition-5tdcskfc2ts292109/	54205 USD	2026 Midnight Black Metallic Toyota Sienna New 2026 Toyota Sienna Woodland Edition WOODLAND EDITION 2.5L Hybrid For sale at Carlson Toyota in Coon Rapids Minnesota.	https://vehicle-images.carscommerce.inc/5f3a-110008693/5TDCSKFC2TS292109/f58c755f6524ed89bcfe17a49ede4a3f.webp	in stock	NEW	VAN	Vehicles & Parts > Vehicles > Motor Vehicles > Cars, Trucks & Vans	5TDCSKFC2TS292109	https://www.carlsontoyota.com/inventory/new-2026-toyota-sienna-woodland-edition-all-wheel-drive-woodland-edition-5tdcskfc2ts292109/123?store={store_code}	BLACK	0 miles	Sienna	5TDCSKFC2TS292109	2026	54205 USD	CT100	54205 USD	MI	Sienna
5TDCSKFC6TS288905	2026 Toyota Sienna Woodland Edition	Toyota	https://www.carlsontoyota.com/inventory/new-2026-toyota-sienna-woodland-edition-all-wheel-drive-woodland-edition-5tdcskfc6ts288905/	54205 USD	2026 Cypress Toyota Sienna New 2026 Toyota Sienna Woodland Edition WOODLAND EDITION 2.5L Hybrid For sale at Carlson Toyota in Coon Rapids Minnesota.	https://delivery.via.assetscs.toyota.com/adobe/assets/urn:aaid:aem:45bc062c-9ecd-471d-ab12-139a220f5444/as/image.png?fmt=png-alpha,rgb,none	in stock	NEW	VAN	Vehicles & Parts > Vehicles > Motor Vehicles > Cars, Trucks & Vans	5TDCSKFC6TS288905	https://www.carlsontoyota.com/inventory/new-2026-toyota-sienna-woodland-edition-all-wheel-drive-woodland-edition-5tdcskfc6ts288905/123?store={store_code}	GREEN	0 miles	Sienna	5TDCSKFC6TS288905	2026	54205 USD	CT100	54205 USD	MI	Sienna
5TDCSKFC8TS38E152	2026 Toyota Sienna Woodland Edition	Toyota	https://www.carlsontoyota.com/inventory/new-2026-toyota-sienna-woodland-edition-all-wheel-drive-woodland-edition-5tdcskfc8ts38e152/	54205 USD	2026 Cement Toyota Sienna New 2026 Toyota Sienna Woodland Edition WOODLAND EDITION 2.5L Hybrid For sale at Carlson Toyota in Coon Rapids Minnesota.	https://delivery.via.assetscs.toyota.com/adobe/assets/urn:aaid:aem:82d2c20d-5879-49d3-91de-b14b26d82ec4/as/image.png?fmt=png-alpha,rgb,none	in stock	NEW	VAN	Vehicles & Parts > Vehicles > Motor Vehicles > Cars, Trucks & Vans	5TDCSKFC8TS38E152	https://www.carlsontoyota.com/inventory/new-2026-toyota-sienna-woodland-edition-all-wheel-drive-woodland-edition-5tdcskfc8ts38e152/123?store={store_code}	GRAY	0 miles	Sienna	5TDCSKFC8TS38E152	2026	54205 USD	CT100	54205 USD	MI	Sienna
5TDCSKFC9TS39D071	2026 Toyota Sienna Woodland Edition	Toyota	https://www.carlsontoyota.com/inventory/new-2026-toyota-sienna-woodland-edition-all-wheel-drive-woodland-edition-5tdcskfc9ts39d071/	54604 USD	2026 Midnight Black Metallic Toyota Sienna New 2026 Toyota Sienna Woodland Edition WOODLAND EDITION 2.5L Hybrid For sale at Carlson Toyota in Coon Rapids Minnesota.	https://delivery.via.assetscs.toyota.com/adobe/assets/urn:aaid:aem:caec201d-505e-48a8-9400-ff0f59fd528c/as/image.png?fmt=png-alpha,rgb,none	in stock	NEW	VAN	Vehicles & Parts > Vehicles > Motor Vehicles > Cars, Trucks & Vans	5TDCSKFC9TS39D071	https://www.carlsontoyota.com/inventory/new-2026-toyota-sienna-woodland-edition-all-wheel-drive-woodland-edition-5tdcskfc9ts39d071/123?store={store_code}	BLACK	0 miles	Sienna	5TDCSKFC9TS39D071	2026	54604 USD	CT100	54604 USD	MI	Sienna
5TDCSKFCXTS38E038	2026 Toyota Sienna Woodland Edition	Toyota	https://www.carlsontoyota.com/inventory/new-2026-toyota-sienna-woodland-edition-all-wheel-drive-woodland-edition-5tdcskfcxts38e038/	54205 USD	2026 Cement Toyota Sienna New 2026 Toyota Sienna Woodland Edition WOODLAND EDITION 2.5L Hybrid For sale at Carlson Toyota in Coon Rapids Minnesota.	https://delivery.via.assetscs.toyota.com/adobe/assets/urn:aaid:aem:82d2c20d-5879-49d3-91de-b14b26d82ec4/as/image.png?fmt=png-alpha,rgb,none	in stock	NEW	VAN	Vehicles & Parts > Vehicles > Motor Vehicles > Cars, Trucks & Vans	5TDCSKFCXTS38E038	https://www.carlsontoyota.com/inventory/new-2026-toyota-sienna-woodland-edition-all-wheel-drive-woodland-edition-5tdcskfcxts38e038/123?store={store_code}	GRAY	0 miles	Sienna	5TDCSKFCXTS38E038	2026	54205 USD	CT100	54205 USD	MI	Sienna
5TDYSKFC0TS43B678	2026 Toyota Sienna XLE	Toyota	https://www.carlsontoyota.com/inventory/new-2026-toyota-sienna-xle-all-wheel-drive-7-passenger-5tdyskfc0ts43b678/	51750 USD	2026 Wind Chill Pearl 1 Toyota Sienna New 2026 Toyota Sienna XLE 7 PASSENGER 2.5L Hybrid For sale at Carlson Toyota in Coon Rapids Minnesota.	https://delivery.via.assetscs.toyota.com/adobe/assets/urn:aaid:aem:cc248b22-dd21-4fc6-9419-a919d67e6feb/as/image.png?fmt=png-alpha,rgb,none	in stock	NEW	VAN	Vehicles & Parts > Vehicles > Motor Vehicles > Cars, Trucks & Vans	5TDYSKFC0TS43B678	https://www.carlsontoyota.com/inventory/new-2026-toyota-sienna-xle-all-wheel-drive-7-passenger-5tdyskfc0ts43b678/123?store={store_code}	WHITE	0 miles	Sienna	5TDYSKFC0TS43B678	2026	51750 USD	CT100	51750 USD	MI	Sienna
5TDYSKFC3TS290567	2026 Toyota Sienna XLE	Toyota	https://www.carlsontoyota.com/inventory/new-2026-toyota-sienna-xle-all-wheel-drive-7-passenger-5tdyskfc3ts290567/	51275 USD	2026 Cypress Toyota Sienna New 2026 Toyota Sienna XLE 7 PASSENGER 2.5L Hybrid For sale at Carlson Toyota in Coon Rapids Minnesota.	https://vehicle-images.carscommerce.inc/9b67-110008693/5TDYSKFC3TS290567/f50e311ccbaa9ca99e0bc5b1f7c7278b.webp	in stock	NEW	VAN	Vehicles & Parts > Vehicles > Motor Vehicles > Cars, Trucks & Vans	5TDYSKFC3TS290567	https://www.carlsontoyota.com/inventory/new-2026-toyota-sienna-xle-all-wheel-drive-7-passenger-5tdyskfc3ts290567/123?store={store_code}	GREEN	0 miles	Sienna	5TDYSKFC3TS290567	2026	51275 USD	CT100	51275 USD	MI	Sienna
5TDYSKFC3TS42D073	2026 Toyota Sienna XLE	Toyota	https://www.carlsontoyota.com/inventory/new-2026-toyota-sienna-xle-all-wheel-drive-7-passenger-5tdyskfc3ts42d073/	51275 USD	2026 Cypress Toyota Sienna New 2026 Toyota Sienna XLE 7 PASSENGER 2.5L Hybrid For sale at Carlson Toyota in Coon Rapids Minnesota.	https://delivery.via.assetscs.toyota.com/adobe/assets/urn:aaid:aem:0e0284c6-af8d-4def-b936-930ac63dd9a8/as/image.png?fmt=png-alpha,rgb,none	in stock	NEW	VAN	Vehicles & Parts > Vehicles > Motor Vehicles > Cars, Trucks & Vans	5TDYSKFC3TS42D073	https://www.carlsontoyota.com/inventory/new-2026-toyota-sienna-xle-all-wheel-drive-7-passenger-5tdyskfc3ts42d073/123?store={store_code}	GREEN	0 miles	Sienna	5TDYSKFC3TS42D073	2026	51275 USD	CT100	51275 USD	MI	Sienna
5TDYSKFC3TS42E367	2026 Toyota Sienna XLE	Toyota	https://www.carlsontoyota.com/inventory/new-2026-toyota-sienna-xle-all-wheel-drive-7-passenger-5tdyskfc3ts42e367/	51275 USD	2026 Blueprint Toyota Sienna New 2026 Toyota Sienna XLE 7 PASSENGER 2.5L Hybrid For sale at Carlson Toyota in Coon Rapids Minnesota.	https://delivery.via.assetscs.toyota.com/adobe/assets/urn:aaid:aem:0030136d-bc3b-4d8e-9444-4ce129b16feb/as/image.png?fmt=png-alpha,rgb,none	in stock	NEW	VAN	Vehicles & Parts > Vehicles > Motor Vehicles > Cars, Trucks & Vans	5TDYSKFC3TS42E367	https://www.carlsontoyota.com/inventory/new-2026-toyota-sienna-xle-all-wheel-drive-7-passenger-5tdyskfc3ts42e367/123?store={store_code}	BLUE	0 miles	Sienna	5TDYSKFC3TS42E367	2026	51275 USD	CT100	51275 USD	MI	Sienna
5TDYSKFC3TS43C629	2026 Toyota Sienna XLE	Toyota	https://www.carlsontoyota.com/inventory/new-2026-toyota-sienna-xle-all-wheel-drive-7-passenger-5tdyskfc3ts43c629/	51750 USD	2026 Ruby Flare Pearl 1 Toyota Sienna New 2026 Toyota Sienna XLE 7 PASSENGER 2.5L Hybrid For sale at Carlson Toyota in Coon Rapids Minnesota.	https://delivery.via.assetscs.toyota.com/adobe/assets/urn:aaid:aem:3e33aaea-4382-4193-8c6e-d7221133d01d/as/image.png?fmt=png-alpha,rgb,none	in stock	NEW	VAN	Vehicles & Parts > Vehicles > Motor Vehicles > Cars, Trucks & Vans	5TDYSKFC3TS43C629	https://www.carlsontoyota.com/inventory/new-2026-toyota-sienna-xle-all-wheel-drive-7-passenger-5tdyskfc3ts43c629/123?store={store_code}	RED	0 miles	Sienna	5TDYSKFC3TS43C629	2026	51750 USD	CT100	51750 USD	MI	Sienna
5TDYSKFC4TS39B895	2026 Toyota Sienna XLE	Toyota	https://www.carlsontoyota.com/inventory/new-2026-toyota-sienna-xle-all-wheel-drive-7-passenger-5tdyskfc4ts39b895/	51275 USD	2026 Cypress Toyota Sienna New 2026 Toyota Sienna XLE 7 PASSENGER 2.5L Hybrid For sale at Carlson Toyota in Coon Rapids Minnesota.	https://delivery.via.assetscs.toyota.com/adobe/assets/urn:aaid:aem:0e0284c6-af8d-4def-b936-930ac63dd9a8/as/image.png?fmt=png-alpha,rgb,none	in stock	NEW	VAN	Vehicles & Parts > Vehicles > Motor Vehicles > Cars, Trucks & Vans	5TDYSKFC4TS39B895	https://www.carlsontoyota.com/inventory/new-2026-toyota-sienna-xle-all-wheel-drive-7-passenger-5tdyskfc4ts39b895/123?store={store_code}	GREEN	0 miles	Sienna	5TDYSKFC4TS39B895	2026	51275 USD	CT100	51275 USD	MI	Sienna
5TDYSKFC4TS41B675	2026 Toyota Sienna XLE	Toyota	https://www.carlsontoyota.com/inventory/new-2026-toyota-sienna-xle-all-wheel-drive-7-passenger-5tdyskfc4ts41b675/	50870 USD	2026 Heavy Metal 1 Toyota Sienna New 2026 Toyota Sienna XLE 7 PASSENGER 2.5L Hybrid For sale at Carlson Toyota in Coon Rapids Minnesota.	https://delivery.via.assetscs.toyota.com/adobe/assets/urn:aaid:aem:7428790a-b570-404b-9f7c-39b9640f899a/as/image.png?fmt=png-alpha,rgb,none	in stock	NEW	VAN	Vehicles & Parts > Vehicles > Motor Vehicles > Cars, Trucks & Vans	5TDYSKFC4TS41B675	https://www.carlsontoyota.com/inventory/new-2026-toyota-sienna-xle-all-wheel-drive-7-passenger-5tdyskfc4ts41b675/123?store={store_code}	GRAY	0 miles	Sienna	5TDYSKFC4TS41B675	2026	50870 USD	CT100	50870 USD	MI	Sienna
5TDYSKFC5TS288268	2026 Toyota Sienna XLE	Toyota	https://www.carlsontoyota.com/inventory/new-2026-toyota-sienna-xle-all-wheel-drive-7-passenger-5tdyskfc5ts288268/	51750 USD	2026 Ruby Flare Pearl 1 Toyota Sienna New 2026 Toyota Sienna XLE 7 PASSENGER 2.5L Hybrid For sale at Carlson Toyota in Coon Rapids Minnesota.	https://vehicle-images.carscommerce.inc/8930-110008693/5TDYSKFC5TS288268/d3bd531ac0119350f95f778ea4b5236e.webp	in stock	NEW	VAN	Vehicles & Parts > Vehicles > Motor Vehicles > Cars, Trucks & Vans	5TDYSKFC5TS288268	https://www.carlsontoyota.com/inventory/new-2026-toyota-sienna-xle-all-wheel-drive-7-passenger-5tdyskfc5ts288268/123?store={store_code}	RED	0 miles	Sienna	5TDYSKFC5TS288268	2026	51750 USD	CT100	51750 USD	MI	Sienna
5TDYSKFC6TS43D774	2026 Toyota Sienna XLE	Toyota	https://www.carlsontoyota.com/inventory/new-2026-toyota-sienna-xle-all-wheel-drive-7-passenger-5tdyskfc6ts43d774/	50870 USD	2026 Wind Chill Pearl 1 Toyota Sienna New 2026 Toyota Sienna XLE 7 PASSENGER 2.5L Hybrid For sale at Carlson Toyota in Coon Rapids Minnesota.	https://delivery.via.assetscs.toyota.com/adobe/assets/urn:aaid:aem:31fd0ca5-c8be-4b58-b08b-7923cc66683c/as/image.png?fmt=png-alpha,rgb,none	in stock	NEW	VAN	Vehicles & Parts > Vehicles > Motor Vehicles > Cars, Trucks & Vans	5TDYSKFC6TS43D774	https://www.carlsontoyota.com/inventory/new-2026-toyota-sienna-xle-all-wheel-drive-7-passenger-5tdyskfc6ts43d774/123?store={store_code}	WHITE	0 miles	Sienna	5TDYSKFC6TS43D774	2026	50870 USD	CT100	50870 USD	MI	Sienna
5TDYSKFC8TS42C792	2026 Toyota Sienna XLE	Toyota	https://www.carlsontoyota.com/inventory/new-2026-toyota-sienna-xle-all-wheel-drive-7-passenger-5tdyskfc8ts42c792/	52290 USD	2026 Ruby Flare Pearl 1 Toyota Sienna New 2026 Toyota Sienna XLE 7 PASSENGER 2.5L Hybrid For sale at Carlson Toyota in Coon Rapids Minnesota.	https://delivery.via.assetscs.toyota.com/adobe/assets/urn:aaid:aem:28f8f6da-152e-47c9-93f5-6ce038a528f1/as/image.png?fmt=png-alpha,rgb,none	in stock	NEW	VAN	Vehicles & Parts > Vehicles > Motor Vehicles > Cars, Trucks & Vans	5TDYSKFC8TS42C792	https://www.carlsontoyota.com/inventory/new-2026-toyota-sienna-xle-all-wheel-drive-7-passenger-5tdyskfc8ts42c792/123?store={store_code}	RED	0 miles	Sienna	5TDYSKFC8TS42C792	2026	52290 USD	CT100	52290 USD	MI	Sienna
5TDYSKFC9TS43C943	2026 Toyota Sienna XLE	Toyota	https://www.carlsontoyota.com/inventory/new-2026-toyota-sienna-xle-all-wheel-drive-7-passenger-5tdyskfc9ts43c943/	51275 USD	2026 Cypress Toyota Sienna New 2026 Toyota Sienna XLE 7 PASSENGER 2.5L Hybrid For sale at Carlson Toyota in Coon Rapids Minnesota.	https://delivery.via.assetscs.toyota.com/adobe/assets/urn:aaid:aem:0e0284c6-af8d-4def-b936-930ac63dd9a8/as/image.png?fmt=png-alpha,rgb,none	in stock	NEW	VAN	Vehicles & Parts > Vehicles > Motor Vehicles > Cars, Trucks & Vans	5TDYSKFC9TS43C943	https://www.carlsontoyota.com/inventory/new-2026-toyota-sienna-xle-all-wheel-drive-7-passenger-5tdyskfc9ts43c943/123?store={store_code}	GREEN	0 miles	Sienna	5TDYSKFC9TS43C943	2026	51275 USD	CT100	51275 USD	MI	Sienna
5TDXSKFC2TS40D537	2026 Toyota Sienna XSE	Toyota	https://www.carlsontoyota.com/inventory/new-2026-toyota-sienna-xse-all-wheel-drive-7-passenger-5tdxskfc2ts40d537/	54149 USD	2026 Ruby Flare Pearl 1 Toyota Sienna New 2026 Toyota Sienna XSE 7 PASSENGER 2.5L Hybrid For sale at Carlson Toyota in Coon Rapids Minnesota.	https://delivery.via.assetscs.toyota.com/adobe/assets/urn:aaid:aem:f6530dd1-8908-435f-a08e-72a949f8df58/as/image.png?fmt=png-alpha,rgb,none	in stock	NEW	VAN	Vehicles & Parts > Vehicles > Motor Vehicles > Cars, Trucks & Vans	5TDXSKFC2TS40D537	https://www.carlsontoyota.com/inventory/new-2026-toyota-sienna-xse-all-wheel-drive-7-passenger-5tdxskfc2ts40d537/123?store={store_code}	RED	0 miles	Sienna	5TDXSKFC2TS40D537	2026	54149 USD	CT100	54149 USD	MI	Sienna
5TDXSKFC7TS41C010	2026 Toyota Sienna XSE	Toyota	https://www.carlsontoyota.com/inventory/new-2026-toyota-sienna-xse-all-wheel-drive-7-passenger-5tdxskfc7ts41c010/	53345 USD	2026 Heavy Metal 1 Toyota Sienna New 2026 Toyota Sienna XSE 7 PASSENGER 2.5L Hybrid For sale at Carlson Toyota in Coon Rapids Minnesota.	https://delivery.via.assetscs.toyota.com/adobe/assets/urn:aaid:aem:61ec73db-55c3-47bc-88fa-5a2fc9577dff/as/image.png?fmt=png-alpha,rgb,none	in stock	NEW	VAN	Vehicles & Parts > Vehicles > Motor Vehicles > Cars, Trucks & Vans	5TDXSKFC7TS41C010	https://www.carlsontoyota.com/inventory/new-2026-toyota-sienna-xse-all-wheel-drive-7-passenger-5tdxskfc7ts41c010/123?store={store_code}	GRAY	0 miles	Sienna	5TDXSKFC7TS41C010	2026	53345 USD	CT100	53345 USD	MI	Sienna
3TYLC5LN4TT076030	2026 Toyota Tacoma i-FORCE MAX Tacoma TRD Off-Road	Toyota	https://www.carlsontoyota.com/inventory/new-2026-toyota-tacoma-i-force-max-tacoma-trd-off-road-4-wheel-drive-4x4-double-cab-hv-3tylc5ln4tt076030/	49769 USD	2026 Black Toyota Tacoma i-FORCE MAX New 2026 Toyota Tacoma i-FORCE MAX Tacoma TRD Off-Road 4X4 DOUBLE CAB HV i-FORCE MAX 2.4L 4-Cyl. Turbo Hybrid Powertrain For sale at Carlson Toyota in Coon Rapids Minnesota.	https://vehicle-images.carscommerce.inc/6a09-110008693/3TYLC5LN4TT076030/be38de1797345340dd3496caed26a0fc.webp	in stock	NEW	TRUCK	Vehicles & Parts > Vehicles > Motor Vehicles > Cars, Trucks & Vans	3TYLC5LN4TT076030	https://www.carlsontoyota.com/inventory/new-2026-toyota-tacoma-i-force-max-tacoma-trd-off-road-4-wheel-drive-4x4-double-cab-hv-3tylc5ln4tt076030/123?store={store_code}	BLACK	0 miles	Tacoma i-FORCE MAX	3TYLC5LN4TT076030	2026	49769 USD	CT100	49769 USD	MI	Tacoma i-FORCE MAX
3TYLC5LN6TT081231	2026 Toyota Tacoma i-FORCE MAX Tacoma TRD Off-Road	Toyota	https://www.carlsontoyota.com/inventory/new-2026-toyota-tacoma-i-force-max-tacoma-trd-off-road-4-wheel-drive-4x4-double-cab-hv-3tylc5ln6tt081231/	52057 USD	2026 Black Toyota Tacoma i-FORCE MAX New 2026 Toyota Tacoma i-FORCE MAX Tacoma TRD Off-Road 4X4 DOUBLE CAB HV i-FORCE MAX 2.4L 4-Cyl. Turbo Hybrid Powertrain For sale at Carlson Toyota in Coon Rapids Minnesota.	https://vehicle-images.carscommerce.inc/321b-110008693/3TYLC5LN6TT081231/de721a98a810bcc87fdb524321c7a767.webp	in stock	NEW	TRUCK	Vehicles & Parts > Vehicles > Motor Vehicles > Cars, Trucks & Vans	3TYLC5LN6TT081231	https://www.carlsontoyota.com/inventory/new-2026-toyota-tacoma-i-force-max-tacoma-trd-off-road-4-wheel-drive-4x4-double-cab-hv-3tylc5ln6tt081231/123?store={store_code}	BLACK	0 miles	Tacoma i-FORCE MAX	3TYLC5LN6TT081231	2026	52057 USD	CT100	52057 USD	MI	Tacoma i-FORCE MAX
3TMLB5JN2TM324048	2026 Toyota Tacoma SR5 4X4 DBL CAB LONG BED 4-Wheel Drive	Toyota	https://www.carlsontoyota.com/inventory/new-2026-toyota-tacoma-sr5-4-wheel-drive-4x4-dbl-cab-long-bed-3tmlb5jn2tm324048/	48959 USD	2026 Ice Cap Toyota Tacoma New 2026 Toyota Tacoma SR5 4X4 DBL CAB LONG BED i-FORCE 2.4L 4-Cyl. Turbo For sale at Carlson Toyota in Coon Rapids Minnesota.	https://delivery.via.assetscs.toyota.com/adobe/assets/urn:aaid:aem:30bade38-1e58-4eea-ba3b-a4532e097bab/as/image.png?fmt=png-alpha,rgb,none	in stock	NEW	TRUCK	Vehicles & Parts > Vehicles > Motor Vehicles > Cars, Trucks & Vans	3TMLB5JN2TM324048	https://www.carlsontoyota.com/inventory/new-2026-toyota-tacoma-sr5-4-wheel-drive-4x4-dbl-cab-long-bed-3tmlb5jn2tm324048/123?store={store_code}	WHITE	0 miles	Tacoma	3TMLB5JN2TM324048	2026	48959 USD	CT100	48959 USD	MI	Tacoma
3TMLB5JN2TM41C974	2026 Toyota Tacoma SR5 4X4 DOUBLE CAB 4-Wheel Drive	Toyota	https://www.carlsontoyota.com/inventory/new-2026-toyota-tacoma-sr5-4-wheel-drive-4x4-double-cab-3tmlb5jn2tm41c974/	44608 USD	2026 Heritage Blue Toyota Tacoma New 2026 Toyota Tacoma SR5 4X4 DOUBLE CAB i-FORCE 2.4L 4-Cyl. Turbo For sale at Carlson Toyota in Coon Rapids Minnesota.	https://delivery.via.assetscs.toyota.com/adobe/assets/urn:aaid:aem:f28e6011-1fc4-4858-8b59-de88c4a73d05/as/image.png?fmt=png-alpha,rgb,none	in stock	NEW	TRUCK	Vehicles & Parts > Vehicles > Motor Vehicles > Cars, Trucks & Vans	3TMLB5JN2TM41C974	https://www.carlsontoyota.com/inventory/new-2026-toyota-tacoma-sr5-4-wheel-drive-4x4-double-cab-3tmlb5jn2tm41c974/123?store={store_code}	BLUE	0 miles	Tacoma	3TMLB5JN2TM41C974	2026	44608 USD	CT100	44608 USD	MI	Tacoma
3TMLB5JN6TM320343	2026 Toyota Tacoma SR5 4X4 DOUBLE CAB 4-Wheel Drive	Toyota	https://www.carlsontoyota.com/inventory/new-2026-toyota-tacoma-sr5-4-wheel-drive-4x4-double-cab-3tmlb5jn6tm320343/	44698 USD	2026 Celestial Silver Metallic Toyota Tacoma New 2026 Toyota Tacoma SR5 4X4 DOUBLE CAB i-FORCE 2.4L 4-Cyl. Turbo For sale at Carlson Toyota in Coon Rapids Minnesota.	https://vehicle-images.carscommerce.inc/ab94-110008693/3TMLB5JN6TM320343/c75aa51c0ce9f1ebf0ffea3b7fc605dd.webp	in stock	NEW	TRUCK	Vehicles & Parts > Vehicles > Motor Vehicles > Cars, Trucks & Vans	3TMLB5JN6TM320343	https://www.carlsontoyota.com/inventory/new-2026-toyota-tacoma-sr5-4-wheel-drive-4x4-double-cab-3tmlb5jn6tm320343/123?store={store_code}	SILVER	0 miles	Tacoma	3TMLB5JN6TM320343	2026	44698 USD	CT100	44698 USD	MI	Tacoma
3TMLB5JN7TM322392	2026 Toyota Tacoma SR5 4X4 DOUBLE CAB 4-Wheel Drive	Toyota	https://www.carlsontoyota.com/inventory/new-2026-toyota-tacoma-sr5-4-wheel-drive-4x4-double-cab-3tmlb5jn7tm322392/	47819 USD	2026 Black Toyota Tacoma New 2026 Toyota Tacoma SR5 4X4 DOUBLE CAB i-FORCE 2.4L 4-Cyl. Turbo For sale at Carlson Toyota in Coon Rapids Minnesota.	https://delivery.via.assetscs.toyota.com/adobe/assets/urn:aaid:aem:74c79fe3-8b77-4bfa-af83-639e10585fe0/as/image.png?fmt=png-alpha,rgb,none	in stock	NEW	TRUCK	Vehicles & Parts > Vehicles > Motor Vehicles > Cars, Trucks & Vans	3TMLB5JN7TM322392	https://www.carlsontoyota.com/inventory/new-2026-toyota-tacoma-sr5-4-wheel-drive-4x4-double-cab-3tmlb5jn7tm322392/123?store={store_code}	BLACK	0 miles	Tacoma	3TMLB5JN7TM322392	2026	47819 USD	CT100	47819 USD	MI	Tacoma
3TMLB5JN7TM322554	2026 Toyota Tacoma SR5 4X4 DOUBLE CAB 4-Wheel Drive	Toyota	https://www.carlsontoyota.com/inventory/new-2026-toyota-tacoma-sr5-4-wheel-drive-4x4-double-cab-3tmlb5jn7tm322554/	44739 USD	2026 Celestial Silver Metallic Toyota Tacoma New 2026 Toyota Tacoma SR5 4X4 DOUBLE CAB i-FORCE 2.4L 4-Cyl. Turbo For sale at Carlson Toyota in Coon Rapids Minnesota.	https://delivery.via.assetscs.toyota.com/adobe/assets/urn:aaid:aem:62373e39-c2d2-4ce3-9728-7af2af37ae10/as/image.png?fmt=png-alpha,rgb,none	in stock	NEW	TRUCK	Vehicles & Parts > Vehicles > Motor Vehicles > Cars, Trucks & Vans	3TMLB5JN7TM322554	https://www.carlsontoyota.com/inventory/new-2026-toyota-tacoma-sr5-4-wheel-drive-4x4-double-cab-3tmlb5jn7tm322554/123?store={store_code}	SILVER	0 miles	Tacoma	3TMLB5JN7TM322554	2026	44739 USD	CT100	44739 USD	MI	Tacoma
3TMLB5JN8TM41C378	2026 Toyota Tacoma SR5 4X4 DOUBLE CAB 4-Wheel Drive	Toyota	https://www.carlsontoyota.com/inventory/new-2026-toyota-tacoma-sr5-4-wheel-drive-4x4-double-cab-3tmlb5jn8tm41c378/	44698 USD	2026 Black Toyota Tacoma New 2026 Toyota Tacoma SR5 4X4 DOUBLE CAB i-FORCE 2.4L 4-Cyl. Turbo For sale at Carlson Toyota in Coon Rapids Minnesota.	https://delivery.via.assetscs.toyota.com/adobe/assets/urn:aaid:aem:3ca22ff9-2922-4a52-9855-f9e30db08c0a/as/image.png?fmt=png-alpha,rgb,none	in stock	NEW	TRUCK	Vehicles & Parts > Vehicles > Motor Vehicles > Cars, Trucks & Vans	3TMLB5JN8TM41C378	https://www.carlsontoyota.com/inventory/new-2026-toyota-tacoma-sr5-4-wheel-drive-4x4-double-cab-3tmlb5jn8tm41c378/123?store={store_code}	BLACK	0 miles	Tacoma	3TMLB5JN8TM41C378	2026	44698 USD	CT100	44698 USD	MI	Tacoma
3TMLB5JNXTM41C379	2026 Toyota Tacoma SR5 4X4 DOUBLE CAB 4-Wheel Drive	Toyota	https://www.carlsontoyota.com/inventory/new-2026-toyota-tacoma-sr5-4-wheel-drive-4x4-double-cab-3tmlb5jnxtm41c379/	44609 USD	2026 Ice Cap Toyota Tacoma New 2026 Toyota Tacoma SR5 4X4 DOUBLE CAB i-FORCE 2.4L 4-Cyl. Turbo For sale at Carlson Toyota in Coon Rapids Minnesota.	https://delivery.via.assetscs.toyota.com/adobe/assets/urn:aaid:aem:9e6d3300-718d-434d-a105-45343cd4a991/as/image.png?fmt=png-alpha,rgb,none	in stock	NEW	TRUCK	Vehicles & Parts > Vehicles > Motor Vehicles > Cars, Trucks & Vans	3TMLB5JNXTM41C379	https://www.carlsontoyota.com/inventory/new-2026-toyota-tacoma-sr5-4-wheel-drive-4x4-double-cab-3tmlb5jnxtm41c379/123?store={store_code}	WHITE	0 miles	Tacoma	3TMLB5JNXTM41C379	2026	44609 USD	CT100	44609 USD	MI	Tacoma
3TYJBAFN0TT034548	2026 Toyota Tacoma SR5 4X2 XTRACAB Rear-Wheel Drive	Toyota	https://www.carlsontoyota.com/inventory/new-2026-toyota-tacoma-sr5-rear-wheel-drive-4x2-xtracab-3tyjbafn0tt034548/	37360 USD	2026 Celestial Silver Metallic Toyota Tacoma New 2026 Toyota Tacoma SR5 4X2 XTRACAB i-FORCE 2.4L 4-Cyl. Turbo For sale at Carlson Toyota in Coon Rapids Minnesota.	https://vehicle-images.carscommerce.inc/b56b-110008693/3TYJBAFN0TT034548/5455292b8f749c56e73abd18d7e73b19.webp	in stock	NEW	TRUCK	Vehicles & Parts > Vehicles > Motor Vehicles > Cars, Trucks & Vans	3TYJBAFN0TT034548	https://www.carlsontoyota.com/inventory/new-2026-toyota-tacoma-sr5-rear-wheel-drive-4x2-xtracab-3tyjbafn0tt034548/123?store={store_code}	SILVER	0 miles	Tacoma	3TYJBAFN0TT034548	2026	37360 USD	CT100	37360 USD	MI	Tacoma
3TMLB5JN2TM39B544	2026 Toyota Tacoma TRD Off-Road 4X4 DBL CAB LONG BED 4-Wheel Drive	Toyota	https://www.carlsontoyota.com/inventory/new-2026-toyota-tacoma-trd-off-road-4-wheel-drive-4x4-dbl-cab-long-bed-3tmlb5jn2tm39b544/	59233 USD	2026 Ice Cap Toyota Tacoma New 2026 Toyota Tacoma TRD Off-Road 4X4 DBL CAB LONG BED i-FORCE 2.4L 4-Cyl. Turbo For sale at Carlson Toyota in Coon Rapids Minnesota.	https://delivery.via.assetscs.toyota.com/adobe/assets/urn:aaid:aem:c48b2c5f-4960-4637-aa47-65bc29e80d41/as/image.png?fmt=png-alpha,rgb,none	in stock	NEW	TRUCK	Vehicles & Parts > Vehicles > Motor Vehicles > Cars, Trucks & Vans	3TMLB5JN2TM39B544	https://www.carlsontoyota.com/inventory/new-2026-toyota-tacoma-trd-off-road-4-wheel-drive-4x4-dbl-cab-long-bed-3tmlb5jn2tm39b544/123?store={store_code}	WHITE	0 miles	Tacoma	3TMLB5JN2TM39B544	2026	59233 USD	CT100	59233 USD	MI	Tacoma
3TMLB5JN0TM41A026	2026 Toyota Tacoma TRD Off-Road 4X4 DOUBLE CAB 4-Wheel Drive	Toyota	https://www.carlsontoyota.com/inventory/new-2026-toyota-tacoma-trd-off-road-4-wheel-drive-4x4-double-cab-3tmlb5jn0tm41a026/	47623 USD	2026 Bronze Oxide Toyota Tacoma New 2026 Toyota Tacoma TRD Off-Road 4X4 DOUBLE CAB i-FORCE 2.4L 4-Cyl. Turbo For sale at Carlson Toyota in Coon Rapids Minnesota.	https://delivery.via.assetscs.toyota.com/adobe/assets/urn:aaid:aem:35480370-500b-4538-bd96-c273b9d5cd3a/as/image.png?fmt=png-alpha,rgb,none	in stock	NEW	TRUCK	Vehicles & Parts > Vehicles > Motor Vehicles > Cars, Trucks & Vans	3TMLB5JN0TM41A026	https://www.carlsontoyota.com/inventory/new-2026-toyota-tacoma-trd-off-road-4-wheel-drive-4x4-double-cab-3tmlb5jn0tm41a026/123?store={store_code}	BRONZE	0 miles	Tacoma	3TMLB5JN0TM41A026	2026	47623 USD	CT100	47623 USD	MI	Tacoma
3TMLB5JN3TM40B272	2026 Toyota Tacoma TRD Off-Road 4X4 DOUBLE CAB 4-Wheel Drive	Toyota	https://www.carlsontoyota.com/inventory/new-2026-toyota-tacoma-trd-off-road-4-wheel-drive-4x4-double-cab-3tmlb5jn3tm40b272/	47698 USD	2026 Ice Cap Toyota Tacoma New 2026 Toyota Tacoma TRD Off-Road 4X4 DOUBLE CAB i-FORCE 2.4L 4-Cyl. Turbo For sale at Carlson Toyota in Coon Rapids Minnesota.	https://delivery.via.assetscs.toyota.com/adobe/assets/urn:aaid:aem:36df0ecf-45cf-4722-bcd7-f78f8cb4fec3/as/image.png?fmt=png-alpha,rgb,none	in stock	NEW	TRUCK	Vehicles & Parts > Vehicles > Motor Vehicles > Cars, Trucks & Vans	3TMLB5JN3TM40B272	https://www.carlsontoyota.com/inventory/new-2026-toyota-tacoma-trd-off-road-4-wheel-drive-4x4-double-cab-3tmlb5jn3tm40b272/123?store={store_code}	WHITE	0 miles	Tacoma	3TMLB5JN3TM40B272	2026	47698 USD	CT100	47698 USD	MI	Tacoma
3TMLB5JN3TM41D471	2026 Toyota Tacoma TRD Off-Road 4X4 DOUBLE CAB 4-Wheel Drive	Toyota	https://www.carlsontoyota.com/inventory/new-2026-toyota-tacoma-trd-off-road-4-wheel-drive-4x4-double-cab-3tmlb5jn3tm41d471/	46959 USD	2026 Celestial Silver Metallic Toyota Tacoma New 2026 Toyota Tacoma TRD Off-Road 4X4 DOUBLE CAB i-FORCE 2.4L 4-Cyl. Turbo For sale at Carlson Toyota in Coon Rapids Minnesota.	https://delivery.via.assetscs.toyota.com/adobe/assets/urn:aaid:aem:72f6c050-f344-4325-b65a-21a106850c59/as/image.png?fmt=png-alpha,rgb,none	in stock	NEW	TRUCK	Vehicles & Parts > Vehicles > Motor Vehicles > Cars, Trucks & Vans	3TMLB5JN3TM41D471	https://www.carlsontoyota.com/inventory/new-2026-toyota-tacoma-trd-off-road-4-wheel-drive-4x4-double-cab-3tmlb5jn3tm41d471/123?store={store_code}	SILVER	0 miles	Tacoma	3TMLB5JN3TM41D471	2026	46959 USD	CT100	46959 USD	MI	Tacoma
3TMLB5JN5TM38D261	2026 Toyota Tacoma TRD Off-Road 4X4 DOUBLE CAB 4-Wheel Drive	Toyota	https://www.carlsontoyota.com/inventory/new-2026-toyota-tacoma-trd-off-road-4-wheel-drive-4x4-double-cab-3tmlb5jn5tm38d261/	53523 USD	2026 Black Toyota Tacoma New 2026 Toyota Tacoma TRD Off-Road 4X4 DOUBLE CAB i-FORCE 2.4L 4-Cyl. Turbo For sale at Carlson Toyota in Coon Rapids Minnesota.	https://delivery.via.assetscs.toyota.com/adobe/assets/urn:aaid:aem:401bef72-8d64-48a9-9f77-48975d9a2694/as/image.png?fmt=png-alpha,rgb,none	in stock	NEW	TRUCK	Vehicles & Parts > Vehicles > Motor Vehicles > Cars, Trucks & Vans	3TMLB5JN5TM38D261	https://www.carlsontoyota.com/inventory/new-2026-toyota-tacoma-trd-off-road-4-wheel-drive-4x4-double-cab-3tmlb5jn5tm38d261/123?store={store_code}	BLACK	0 miles	Tacoma	3TMLB5JN5TM38D261	2026	53523 USD	CT100	53523 USD	MI	Tacoma
3TMLB5JN5TM41C614	2026 Toyota Tacoma TRD Off-Road 4X4 DOUBLE CAB 4-Wheel Drive	Toyota	https://www.carlsontoyota.com/inventory/new-2026-toyota-tacoma-trd-off-road-4-wheel-drive-4x4-double-cab-3tmlb5jn5tm41c614/	48078 USD	2026 Bronze Oxide Toyota Tacoma New 2026 Toyota Tacoma TRD Off-Road 4X4 DOUBLE CAB i-FORCE 2.4L 4-Cyl. Turbo For sale at Carlson Toyota in Coon Rapids Minnesota.	https://delivery.via.assetscs.toyota.com/adobe/assets/urn:aaid:aem:35480370-500b-4538-bd96-c273b9d5cd3a/as/image.png?fmt=png-alpha,rgb,none	in stock	NEW	TRUCK	Vehicles & Parts > Vehicles > Motor Vehicles > Cars, Trucks & Vans	3TMLB5JN5TM41C614	https://www.carlsontoyota.com/inventory/new-2026-toyota-tacoma-trd-off-road-4-wheel-drive-4x4-double-cab-3tmlb5jn5tm41c614/123?store={store_code}	BRONZE	0 miles	Tacoma	3TMLB5JN5TM41C614	2026	48078 USD	CT100	48078 USD	MI	Tacoma
3TMLB5JN6TM39C907	2026 Toyota Tacoma TRD Off-Road 4X4 DOUBLE CAB 4-Wheel Drive	Toyota	https://www.carlsontoyota.com/inventory/new-2026-toyota-tacoma-trd-off-road-4-wheel-drive-4x4-double-cab-3tmlb5jn6tm39c907/	50043 USD	2026 Black Toyota Tacoma New 2026 Toyota Tacoma TRD Off-Road 4X4 DOUBLE CAB i-FORCE 2.4L 4-Cyl. Turbo For sale at Carlson Toyota in Coon Rapids Minnesota.	https://delivery.via.assetscs.toyota.com/adobe/assets/urn:aaid:aem:ea8e935c-ce59-440c-acfb-7eaba2327cf5/as/image.png?fmt=png-alpha,rgb,none	in stock	NEW	TRUCK	Vehicles & Parts > Vehicles > Motor Vehicles > Cars, Trucks & Vans	3TMLB5JN6TM39C907	https://www.carlsontoyota.com/inventory/new-2026-toyota-tacoma-trd-off-road-4-wheel-drive-4x4-double-cab-3tmlb5jn6tm39c907/123?store={store_code}	BLACK	0 miles	Tacoma	3TMLB5JN6TM39C907	2026	50043 USD	CT100	50043 USD	MI	Tacoma
3TYLB5JN7TT41C487	2026 Toyota Tacoma TRD Off-Road 4X4 DOUBLE CAB 4-Wheel Drive	Toyota	https://www.carlsontoyota.com/inventory/new-2026-toyota-tacoma-trd-off-road-4-wheel-drive-4x4-double-cab-3tylb5jn7tt41c487/	47523 USD	2026 Supersonic Red 1 Toyota Tacoma New 2026 Toyota Tacoma TRD Off-Road 4X4 DOUBLE CAB i-FORCE 2.4L 4-Cyl. Turbo For sale at Carlson Toyota in Coon Rapids Minnesota.	https://delivery.via.assetscs.toyota.com/adobe/assets/urn:aaid:aem:e94939d1-a8b6-4d68-bb92-d48d1378829d/as/image.png?fmt=png-alpha,rgb,none	in stock	NEW	TRUCK	Vehicles & Parts > Vehicles > Motor Vehicles > Cars, Trucks & Vans	3TYLB5JN7TT41C487	https://www.carlsontoyota.com/inventory/new-2026-toyota-tacoma-trd-off-road-4-wheel-drive-4x4-double-cab-3tylb5jn7tt41c487/123?store={store_code}	RED	0 miles	Tacoma	3TYLB5JN7TT41C487	2026	47523 USD	CT100	47523 USD	MI	Tacoma
3TMLB5JN3TM324513	2026 Toyota Tacoma TRD Sport 4X4 DBL CAB LONG BED 4-Wheel Drive	Toyota	https://www.carlsontoyota.com/inventory/new-2026-toyota-tacoma-trd-sport-4-wheel-drive-4x4-dbl-cab-long-bed-3tmlb5jn3tm324513/	55899 USD	2026 Celestial Silver Metallic Toyota Tacoma New 2026 Toyota Tacoma TRD Sport 4X4 DBL CAB LONG BED i-FORCE 2.4L 4-Cyl. Turbo For sale at Carlson Toyota in Coon Rapids Minnesota.	https://delivery.via.assetscs.toyota.com/adobe/assets/urn:aaid:aem:f6b7b500-bd32-403c-b569-a1fdd652c5ba/as/image.png?fmt=png-alpha,rgb,none	in stock	NEW	TRUCK	Vehicles & Parts > Vehicles > Motor Vehicles > Cars, Trucks & Vans	3TMLB5JN3TM324513	https://www.carlsontoyota.com/inventory/new-2026-toyota-tacoma-trd-sport-4-wheel-drive-4x4-dbl-cab-long-bed-3tmlb5jn3tm324513/123?store={store_code}	SILVER	0 miles	Tacoma	3TMLB5JN3TM324513	2026	55899 USD	CT100	55899 USD	MI	Tacoma
3TMLB5JNXTM321611	2026 Toyota Tacoma TRD Sport 4X4 DOUBLE CAB 4-Wheel Drive	Toyota	https://www.carlsontoyota.com/inventory/new-2026-toyota-tacoma-trd-sport-4-wheel-drive-4x4-double-cab-3tmlb5jnxtm321611/	52428 USD	2026 Bronze Oxide Toyota Tacoma New 2026 Toyota Tacoma TRD Sport 4X4 DOUBLE CAB i-FORCE 2.4L 4-Cyl. Turbo For sale at Carlson Toyota in Coon Rapids Minnesota.	https://delivery.via.assetscs.toyota.com/adobe/assets/urn:aaid:aem:73c133ed-fcb0-42d1-97bf-08add52d9aeb/as/image.png?fmt=png-alpha,rgb,none	in stock	NEW	TRUCK	Vehicles & Parts > Vehicles > Motor Vehicles > Cars, Trucks & Vans	3TMLB5JNXTM321611	https://www.carlsontoyota.com/inventory/new-2026-toyota-tacoma-trd-sport-4-wheel-drive-4x4-double-cab-3tmlb5jnxtm321611/123?store={store_code}	BRONZE	0 miles	Tacoma	3TMLB5JNXTM321611	2026	52428 USD	CT100	52428 USD	MI	Tacoma
3TYLB5JN1TT153894	2026 Toyota Tacoma TRD Sport 4X4 DOUBLE CAB 4-Wheel Drive	Toyota	https://www.carlsontoyota.com/inventory/new-2026-toyota-tacoma-trd-sport-4-wheel-drive-4x4-double-cab-3tylb5jn1tt153894/	47709 USD	2026 Supersonic Red 1 Toyota Tacoma New 2026 Toyota Tacoma TRD Sport 4X4 DOUBLE CAB i-FORCE 2.4L 4-Cyl. Turbo For sale at Carlson Toyota in Coon Rapids Minnesota.	https://vehicle-images.carscommerce.inc/e377-110008693/3TYLB5JN1TT153894/4632c4d63f9c1c2fce6b335ce08237b5.webp	in stock	NEW	TRUCK	Vehicles & Parts > Vehicles > Motor Vehicles > Cars, Trucks & Vans	3TYLB5JN1TT153894	https://www.carlsontoyota.com/inventory/new-2026-toyota-tacoma-trd-sport-4-wheel-drive-4x4-double-cab-3tylb5jn1tt153894/123?store={store_code}	RED	0 miles	Tacoma	3TYLB5JN1TT153894	2026	47709 USD	CT100	47709 USD	MI	Tacoma
JTDAAAAF7T3052688	2026 Toyota Toyota Crown Limited	Toyota	https://www.carlsontoyota.com/inventory/new-2026-toyota-toyota-crown-limited-all-wheel-drive-limited-jtdaaaaf7t3052688/	52592 USD	2026 Heavy Metal 1 Toyota Toyota Crown New 2026 Toyota Toyota Crown Limited LIMITED 2.5L 4-Cyl. Hybrid For sale at Carlson Toyota in Coon Rapids Minnesota.	https://vehicle-images.carscommerce.inc/9389-110008693/JTDAAAAF7T3052688/44c9c5c425ff86ba8849f226fc0e6c65.webp	in stock	NEW	OTHER	Vehicles & Parts > Vehicles > Motor Vehicles > Cars, Trucks & Vans	JTDAAAAF7T3052688	https://www.carlsontoyota.com/inventory/new-2026-toyota-toyota-crown-limited-all-wheel-drive-limited-jtdaaaaf7t3052688/123?store={store_code}	GRAY	0 miles	Toyota Crown	JTDAAAAF7T3052688	2026	52592 USD	CT100	52592 USD	MI	Toyota Crown
JTDACAAJ3T3057904	2026 Toyota Toyota Crown Signia Limited	Toyota	https://www.carlsontoyota.com/inventory/new-2026-toyota-toyota-crown-signia-limited-all-wheel-drive-limited-jtdacaaj3t3057904/	53894 USD	2026 Storm Cloud with Black roof 1 Toyota Toyota Crown Signia New 2026 Toyota Toyota Crown Signia Limited LIMITED 2.5L 4-Cyl. Hybrid For sale at Carlson Toyota in Coon Rapids Minnesota.	https://media.rti.toyota.com/adobe/assets/urn:aaid:aem:a564eca8-1535-4c58-9ec9-934e621073a2/as/image.png?size=1200,663	in stock	NEW	OTHER	Vehicles & Parts > Vehicles > Motor Vehicles > Cars, Trucks & Vans	JTDACAAJ3T3057904	https://www.carlsontoyota.com/inventory/new-2026-toyota-toyota-crown-signia-limited-all-wheel-drive-limited-jtdacaaj3t3057904/123?store={store_code}	BLACK	0 miles	Toyota Crown Signia	JTDACAAJ3T3057904	2026	53894 USD	CT100	53894 USD	MI	Toyota Crown Signia
JTDACAAJ6T3055838	2026 Toyota Toyota Crown Signia Limited	Toyota	https://www.carlsontoyota.com/inventory/new-2026-toyota-toyota-crown-signia-limited-all-wheel-drive-limited-jtdacaaj6t3055838/	52403 USD	2026 Oxygen White 1 Toyota Toyota Crown Signia New 2026 Toyota Toyota Crown Signia Limited LIMITED 2.5L 4-Cyl. Hybrid For sale at Carlson Toyota in Coon Rapids Minnesota.	https://vehicle-images.carscommerce.inc/f3ac-110008693/JTDACAAJ6T3055838/8439a2832186bef76aedb81f41cebfea.webp	in stock	NEW	OTHER	Vehicles & Parts > Vehicles > Motor Vehicles > Cars, Trucks & Vans	JTDACAAJ6T3055838	https://www.carlsontoyota.com/inventory/new-2026-toyota-toyota-crown-signia-limited-all-wheel-drive-limited-jtdacaaj6t3055838/123?store={store_code}	WHITE	0 miles	Toyota Crown Signia	JTDACAAJ6T3055838	2026	52403 USD	CT100	52403 USD	MI	Toyota Crown Signia
JTDACAAJ8T3057901	2026 Toyota Toyota Crown Signia Limited	Toyota	https://www.carlsontoyota.com/inventory/new-2026-toyota-toyota-crown-signia-limited-all-wheel-drive-limited-jtdacaaj8t3057901/	54369 USD	2026 Oxygen White with Black roof 1 Toyota Toyota Crown Signia New 2026 Toyota Toyota Crown Signia Limited LIMITED 2.5L 4-Cyl. Hybrid For sale at Carlson Toyota in Coon Rapids Minnesota.	https://delivery.via.assetscs.toyota.com/adobe/assets/urn:aaid:aem:1daebfd0-d41d-4d7a-83bb-ceb527aa180e/as/image.png?fmt=png-alpha,rgb,none	in stock	NEW	OTHER	Vehicles & Parts > Vehicles > Motor Vehicles > Cars, Trucks & Vans	JTDACAAJ8T3057901	https://www.carlsontoyota.com/inventory/new-2026-toyota-toyota-crown-signia-limited-all-wheel-drive-limited-jtdacaaj8t3057901/123?store={store_code}	WHITE	0 miles	Toyota Crown Signia	JTDACAAJ8T3057901	2026	54369 USD	CT100	54369 USD	MI	Toyota Crown Signia
JTDACAAJXT3057222	2026 Toyota Toyota Crown Signia Limited	Toyota	https://www.carlsontoyota.com/inventory/new-2026-toyota-toyota-crown-signia-limited-all-wheel-drive-limited-jtdacaajxt3057222/	54194 USD	2026 Oxygen White with Black roof 1 Toyota Toyota Crown Signia New 2026 Toyota Toyota Crown Signia Limited LIMITED 2.5L 4-Cyl. Hybrid For sale at Carlson Toyota in Coon Rapids Minnesota.	https://delivery.via.assetscs.toyota.com/adobe/assets/urn:aaid:aem:1daebfd0-d41d-4d7a-83bb-ceb527aa180e/as/image.png?fmt=png-alpha,rgb,none	in stock	NEW	OTHER	Vehicles & Parts > Vehicles > Motor Vehicles > Cars, Trucks & Vans	JTDACAAJXT3057222	https://www.carlsontoyota.com/inventory/new-2026-toyota-toyota-crown-signia-limited-all-wheel-drive-limited-jtdacaajxt3057222/123?store={store_code}	WHITE	0 miles	Toyota Crown Signia	JTDACAAJXT3057222	2026	54194 USD	CT100	54194 USD	MI	Toyota Crown Signia
JTDACAAJ6T3054284	2026 Toyota Toyota Crown Signia XLE	Toyota	https://www.carlsontoyota.com/inventory/new-2026-toyota-toyota-crown-signia-xle-all-wheel-drive-xle-jtdacaaj6t3054284/	48438 USD	2026 Finish Line Red 1 Toyota Toyota Crown Signia New 2026 Toyota Toyota Crown Signia XLE XLE 2.5L 4-Cyl. Hybrid For sale at Carlson Toyota in Coon Rapids Minnesota.	https://vehicle-images.carscommerce.inc/eb3c-110008693/JTDACAAJ6T3054284/00b140af950950ccec742937f88b1e6e.webp	in stock	NEW	OTHER	Vehicles & Parts > Vehicles > Motor Vehicles > Cars, Trucks & Vans	JTDACAAJ6T3054284	https://www.carlsontoyota.com/inventory/new-2026-toyota-toyota-crown-signia-xle-all-wheel-drive-xle-jtdacaaj6t3054284/123?store={store_code}	RED	0 miles	Toyota Crown Signia	JTDACAAJ6T3054284	2026	48438 USD	CT100	48438 USD	MI	Toyota Crown Signia
5TFMA5DB0TX41D608	2026 Toyota Tundra 1794 Edition 1794 ED. CREWMAX 5.5 4-Wheel Drive	Toyota	https://www.carlsontoyota.com/inventory/new-2026-toyota-tundra-1794-edition-4-wheel-drive-1794-ed-crewmax-5-5-5tfma5db0tx41d608/	72474 USD	2026 Magnetic Gray Metallic Toyota Tundra New 2026 Toyota Tundra 1794 Edition 1794 ED. CREWMAX 5.5 i-FORCE V6 For sale at Carlson Toyota in Coon Rapids Minnesota.	https://delivery.via.assetscs.toyota.com/adobe/assets/urn:aaid:aem:98b5b705-2322-4858-9e28-c724c9124838/as/image.png?fmt=png-alpha,rgb,none	in stock	NEW	TRUCK	Vehicles & Parts > Vehicles > Motor Vehicles > Cars, Trucks & Vans	5TFMA5DB0TX41D608	https://www.carlsontoyota.com/inventory/new-2026-toyota-tundra-1794-edition-4-wheel-drive-1794-ed-crewmax-5-5-5tfma5db0tx41d608/123?store={store_code}	GRAY	0 miles	Tundra	5TFMA5DB0TX41D608	2026	72474 USD	CT100	72474 USD	MI	Tundra
5TFMA5DB3TX449269	2026 Toyota Tundra 1794 Edition 1794 ED. CREWMAX 5.5 4-Wheel Drive	Toyota	https://www.carlsontoyota.com/inventory/new-2026-toyota-tundra-1794-edition-4-wheel-drive-1794-ed-crewmax-5-5-5tfma5db3tx449269/	68782 USD	2026 Magnetic Gray Metallic Toyota Tundra New 2026 Toyota Tundra 1794 Edition 1794 ED. CREWMAX 5.5 i-FORCE V6 For sale at Carlson Toyota in Coon Rapids Minnesota.	https://vehicle-images.carscommerce.inc/9019-110008693/5TFMA5DB3TX449269/159f174b8595956c4dce208338aea808.webp	in stock	NEW	TRUCK	Vehicles & Parts > Vehicles > Motor Vehicles > Cars, Trucks & Vans	5TFMA5DB3TX449269	https://www.carlsontoyota.com/inventory/new-2026-toyota-tundra-1794-edition-4-wheel-drive-1794-ed-crewmax-5-5-5tfma5db3tx449269/123?store={store_code}	GRAY	0 miles	Tundra	5TFMA5DB3TX449269	2026	68782 USD	CT100	68782 USD	MI	Tundra
5TFMA5DB7TX451655	2026 Toyota Tundra 1794 Edition 1794 ED. CREWMAX 5.5 4-Wheel Drive	Toyota	https://www.carlsontoyota.com/inventory/new-2026-toyota-tundra-1794-edition-4-wheel-drive-1794-ed-crewmax-5-5-5tfma5db7tx451655/	72474 USD	2026 Blueprint Toyota Tundra New 2026 Toyota Tundra 1794 Edition 1794 ED. CREWMAX 5.5 i-FORCE V6 For sale at Carlson Toyota in Coon Rapids Minnesota.	https://vehicle-images.carscommerce.inc/16c5-110008693/5TFMA5DB7TX451655/a21453af33bab6684964764ab7771215.webp	in stock	NEW	TRUCK	Vehicles & Parts > Vehicles > Motor Vehicles > Cars, Trucks & Vans	5TFMA5DB7TX451655	https://www.carlsontoyota.com/inventory/new-2026-toyota-tundra-1794-edition-4-wheel-drive-1794-ed-crewmax-5-5-5tfma5db7tx451655/123?store={store_code}	BLUE	0 miles	Tundra	5TFMA5DB7TX451655	2026	72474 USD	CT100	72474 USD	MI	Tundra
5TFMC5DB2TX150785	2026 Toyota Tundra i-FORCE MAX Tundra 1794 Edition	Toyota	https://www.carlsontoyota.com/inventory/new-2026-toyota-tundra-i-force-max-tundra-1794-edition-4-wheel-drive-1794-crewmax-5-5-5tfmc5db2tx150785/	70608 USD	2026 Lunar Rock Toyota Tundra i-FORCE MAX New 2026 Toyota Tundra i-FORCE MAX Tundra 1794 Edition 1794 CREWMAX 5.5 i-FORCE MAX V6 Hybrid For sale at Carlson Toyota in Coon Rapids Minnesota.	https://vehicle-images.carscommerce.inc/47e4-110008693/5TFMC5DB2TX150785/a65606a52dcf9c997d37d409adc9c5fa.webp	in stock	NEW	TRUCK	Vehicles & Parts > Vehicles > Motor Vehicles > Cars, Trucks & Vans	5TFMC5DB2TX150785	https://www.carlsontoyota.com/inventory/new-2026-toyota-tundra-i-force-max-tundra-1794-edition-4-wheel-drive-1794-crewmax-5-5-5tfmc5db2tx150785/123?store={store_code}	SILVER	0 miles	Tundra i-FORCE MAX	5TFMC5DB2TX150785	2026	70608 USD	CT100	70608 USD	MI	Tundra i-FORCE MAX
5TFMC5DB5TX39A157	2026 Toyota Tundra i-FORCE MAX Tundra 1794 Edition	Toyota	https://www.carlsontoyota.com/inventory/new-2026-toyota-tundra-i-force-max-tundra-1794-edition-4-wheel-drive-1794-crewmax-5-5-5tfmc5db5tx39a157/	79950 USD	2026 Wind Chill Pearl 1 Toyota Tundra i-FORCE MAX New 2026 Toyota Tundra i-FORCE MAX Tundra 1794 Edition 1794 CREWMAX 5.5 i-FORCE MAX V6 Hybrid For sale at Carlson Toyota in Coon Rapids Minnesota.	https://delivery.via.assetscs.toyota.com/adobe/assets/urn:aaid:aem:4498ceec-98ad-4b6d-a5fc-8c24cdee95bd/as/image.png?fmt=png-alpha,rgb,none	in stock	NEW	TRUCK	Vehicles & Parts > Vehicles > Motor Vehicles > Cars, Trucks & Vans	5TFMC5DB5TX39A157	https://www.carlsontoyota.com/inventory/new-2026-toyota-tundra-i-force-max-tundra-1794-edition-4-wheel-drive-1794-crewmax-5-5-5tfmc5db5tx39a157/123?store={store_code}	WHITE	0 miles	Tundra i-FORCE MAX	5TFMC5DB5TX39A157	2026	79950 USD	CT100	79950 USD	MI	Tundra i-FORCE MAX
5TFJC5DB9TX149930	2026 Toyota Tundra i-FORCE MAX Tundra Limited	Toyota	https://www.carlsontoyota.com/inventory/new-2026-toyota-tundra-i-force-max-tundra-limited-4-wheel-drive-limited-crewmax-5-5-5tfjc5db9tx149930/	63139 USD	2026 Magnetic Gray Metallic Toyota Tundra i-FORCE MAX New 2026 Toyota Tundra i-FORCE MAX Tundra Limited LIMITED CREWMAX 5.5 i-FORCE MAX V6 Hybrid For sale at Carlson Toyota in Coon Rapids Minnesota.	https://vehicle-images.carscommerce.inc/ad22-110008693/5TFJC5DB9TX149930/bd696283bdca0af41c0c9625cce3fa51.webp	in stock	NEW	TRUCK	Vehicles & Parts > Vehicles > Motor Vehicles > Cars, Trucks & Vans	5TFJC5DB9TX149930	https://www.carlsontoyota.com/inventory/new-2026-toyota-tundra-i-force-max-tundra-limited-4-wheel-drive-limited-crewmax-5-5-5tfjc5db9tx149930/123?store={store_code}	GRAY	0 miles	Tundra i-FORCE MAX	5TFJC5DB9TX149930	2026	63139 USD	CT100	63139 USD	MI	Tundra i-FORCE MAX
5TFWC5DBXTX38C080	2026 Toyota Tundra i-FORCE MAX Tundra Platinum	Toyota	https://www.carlsontoyota.com/inventory/new-2026-toyota-tundra-i-force-max-tundra-platinum-4-wheel-drive-platinum-crewmax-5-5-5tfwc5dbxtx38c080/	78511 USD	2026 Supersonic Red 1 Toyota Tundra i-FORCE MAX New 2026 Toyota Tundra i-FORCE MAX Tundra Platinum PLATINUM CREWMAX 5.5 i-FORCE MAX V6 Hybrid For sale at Carlson Toyota in Coon Rapids Minnesota.	https://delivery.via.assetscs.toyota.com/adobe/assets/urn:aaid:aem:a5fd1579-6577-497a-b76b-089004f0a4cf/as/image.png?fmt=png-alpha,rgb,none	in stock	NEW	TRUCK	Vehicles & Parts > Vehicles > Motor Vehicles > Cars, Trucks & Vans	5TFWC5DBXTX38C080	https://www.carlsontoyota.com/inventory/new-2026-toyota-tundra-i-force-max-tundra-platinum-4-wheel-drive-platinum-crewmax-5-5-5tfwc5dbxtx38c080/123?store={store_code}	RED	0 miles	Tundra i-FORCE MAX	5TFWC5DBXTX38C080	2026	78511 USD	CT100	78511 USD	MI	Tundra i-FORCE MAX
5TFPC5DB1TX40D399	2026 Toyota Tundra i-FORCE MAX Tundra TRD Pro	Toyota	https://www.carlsontoyota.com/inventory/new-2026-toyota-tundra-i-force-max-tundra-trd-pro-4-wheel-drive-trd-pro-5-5-5tfpc5db1tx40d399/	79299 USD	2026 Midnight Black Metallic Toyota Tundra i-FORCE MAX New 2026 Toyota Tundra i-FORCE MAX Tundra TRD Pro TRD PRO 5.5 i-FORCE MAX V6 Hybrid For sale at Carlson Toyota in Coon Rapids Minnesota.	https://delivery.via.assetscs.toyota.com/adobe/assets/urn:aaid:aem:4154171a-9b39-41c5-8fbb-2a475bf609dc/as/image.png?fmt=png-alpha,rgb,none	in stock	NEW	TRUCK	Vehicles & Parts > Vehicles > Motor Vehicles > Cars, Trucks & Vans	5TFPC5DB1TX40D399	https://www.carlsontoyota.com/inventory/new-2026-toyota-tundra-i-force-max-tundra-trd-pro-4-wheel-drive-trd-pro-5-5-5tfpc5db1tx40d399/123?store={store_code}	BLACK	0 miles	Tundra i-FORCE MAX	5TFPC5DB1TX40D399	2026	79299 USD	CT100	79299 USD	MI	Tundra i-FORCE MAX
5TFJA5DB1TX40A207	2026 Toyota Tundra Limited LIMITED CREWMAX 5.5 4-Wheel Drive	Toyota	https://www.carlsontoyota.com/inventory/new-2026-toyota-tundra-limited-4-wheel-drive-limited-crewmax-5-5-5tfja5db1tx40a207/	61987 USD	2026 Midnight Black Metallic Toyota Tundra New 2026 Toyota Tundra Limited LIMITED CREWMAX 5.5 i-FORCE V6 For sale at Carlson Toyota in Coon Rapids Minnesota.	https://delivery.via.assetscs.toyota.com/adobe/assets/urn:aaid:aem:5c44a4d3-fdf7-45bd-a301-4a865701ff76/as/image.png?fmt=png-alpha,rgb,none	in stock	NEW	TRUCK	Vehicles & Parts > Vehicles > Motor Vehicles > Cars, Trucks & Vans	5TFJA5DB1TX40A207	https://www.carlsontoyota.com/inventory/new-2026-toyota-tundra-limited-4-wheel-drive-limited-crewmax-5-5-5tfja5db1tx40a207/123?store={store_code}	BLACK	0 miles	Tundra	5TFJA5DB1TX40A207	2026	61987 USD	CT100	61987 USD	MI	Tundra
5TFJA5DB5TX445260	2026 Toyota Tundra Limited LIMITED CREWMAX 5.5 4-Wheel Drive	Toyota	https://www.carlsontoyota.com/inventory/new-2026-toyota-tundra-limited-4-wheel-drive-limited-crewmax-5-5-5tfja5db5tx445260/	61334 USD	2026 Midnight Black Metallic Toyota Tundra New 2026 Toyota Tundra Limited LIMITED CREWMAX 5.5 i-FORCE V6 For sale at Carlson Toyota in Coon Rapids Minnesota.	https://vehicle-images.carscommerce.inc/7736-110008693/5TFJA5DB5TX445260/63e2eef68b5f17ec8edd732d0b7ba8d7.webp	in stock	NEW	TRUCK	Vehicles & Parts > Vehicles > Motor Vehicles > Cars, Trucks & Vans	5TFJA5DB5TX445260	https://www.carlsontoyota.com/inventory/new-2026-toyota-tundra-limited-4-wheel-drive-limited-crewmax-5-5-5tfja5db5tx445260/123?store={store_code}	BLACK	0 miles	Tundra	5TFJA5DB5TX445260	2026	61334 USD	CT100	61334 USD	MI	Tundra
5TFJA5DB7TX450959	2026 Toyota Tundra Limited LIMITED CREWMAX 5.5 4-Wheel Drive	Toyota	https://www.carlsontoyota.com/inventory/new-2026-toyota-tundra-limited-4-wheel-drive-limited-crewmax-5-5-5tfja5db7tx450959/	60801 USD	2026 Celestial Silver Metallic Toyota Tundra New 2026 Toyota Tundra Limited LIMITED CREWMAX 5.5 i-FORCE V6 For sale at Carlson Toyota in Coon Rapids Minnesota.	https://vehicle-images.carscommerce.inc/1039-110008693/5TFJA5DB7TX450959/f4b2db483cd169a1dabe29f4cb6fb8c5.webp	in stock	NEW	TRUCK	Vehicles & Parts > Vehicles > Motor Vehicles > Cars, Trucks & Vans	5TFJA5DB7TX450959	https://www.carlsontoyota.com/inventory/new-2026-toyota-tundra-limited-4-wheel-drive-limited-crewmax-5-5-5tfja5db7tx450959/123?store={store_code}	SILVER	0 miles	Tundra	5TFJA5DB7TX450959	2026	60801 USD	CT100	60801 USD	MI	Tundra
5TFWA5DB1TX443253	2026 Toyota Tundra Limited LIMITED CREWMAX 5.5 4-Wheel Drive	Toyota	https://www.carlsontoyota.com/inventory/new-2026-toyota-tundra-limited-4-wheel-drive-limited-crewmax-5-5-5tfwa5db1tx443253/	61369 USD	2026 Magnetic Gray Metallic Toyota Tundra New 2026 Toyota Tundra Limited LIMITED CREWMAX 5.5 i-FORCE V6 For sale at Carlson Toyota in Coon Rapids Minnesota.	https://vehicle-images.carscommerce.inc/27eb-110008693/5TFWA5DB1TX443253/83977a5c9dad361178b9719cfdeaed9c.webp	in stock	NEW	TRUCK	Vehicles & Parts > Vehicles > Motor Vehicles > Cars, Trucks & Vans	5TFWA5DB1TX443253	https://www.carlsontoyota.com/inventory/new-2026-toyota-tundra-limited-4-wheel-drive-limited-crewmax-5-5-5tfwa5db1tx443253/123?store={store_code}	GRAY	0 miles	Tundra	5TFWA5DB1TX443253	2026	61369 USD	CT100	61369 USD	MI	Tundra
5TFWA5DB5TX444065	2026 Toyota Tundra Limited LIMITED CREWMAX 5.5 4-Wheel Drive	Toyota	https://www.carlsontoyota.com/inventory/new-2026-toyota-tundra-limited-4-wheel-drive-limited-crewmax-5-5-5tfwa5db5tx444065/	61257 USD	2026 Magnetic Gray Metallic Toyota Tundra New 2026 Toyota Tundra Limited LIMITED CREWMAX 5.5 i-FORCE V6 For sale at Carlson Toyota in Coon Rapids Minnesota.	https://vehicle-images.carscommerce.inc/c1f4-110008693/5TFWA5DB5TX444065/f3c550e556b4257f6ae542e0bd66f937.webp	in stock	NEW	TRUCK	Vehicles & Parts > Vehicles > Motor Vehicles > Cars, Trucks & Vans	5TFWA5DB5TX444065	https://www.carlsontoyota.com/inventory/new-2026-toyota-tundra-limited-4-wheel-drive-limited-crewmax-5-5-5tfwa5db5tx444065/123?store={store_code}	GRAY	0 miles	Tundra	5TFWA5DB5TX444065	2026	61257 USD	CT100	61257 USD	MI	Tundra
5TFWA5DB5TX450626	2026 Toyota Tundra Limited LIMITED CREWMAX 5.5 4-Wheel Drive	Toyota	https://www.carlsontoyota.com/inventory/new-2026-toyota-tundra-limited-4-wheel-drive-limited-crewmax-5-5-5tfwa5db5tx450626/	59656 USD	2026 Celestial Silver Metallic Toyota Tundra New 2026 Toyota Tundra Limited LIMITED CREWMAX 5.5 i-FORCE V6 For sale at Carlson Toyota in Coon Rapids Minnesota.	https://vehicle-images.carscommerce.inc/d699-110008693/5TFWA5DB5TX450626/6080c4055ea75e99917a7d98bd3ce20a.webp	in stock	NEW	TRUCK	Vehicles & Parts > Vehicles > Motor Vehicles > Cars, Trucks & Vans	5TFWA5DB5TX450626	https://www.carlsontoyota.com/inventory/new-2026-toyota-tundra-limited-4-wheel-drive-limited-crewmax-5-5-5tfwa5db5tx450626/123?store={store_code}	SILVER	0 miles	Tundra	5TFWA5DB5TX450626	2026	59656 USD	CT100	59656 USD	MI	Tundra
5TFWA5DB7TX449221	2026 Toyota Tundra Limited LIMITED CREWMAX 5.5 4-Wheel Drive	Toyota	https://www.carlsontoyota.com/inventory/new-2026-toyota-tundra-limited-4-wheel-drive-limited-crewmax-5-5-5tfwa5db7tx449221/	60858 USD	2026 Midnight Black Metallic Toyota Tundra New 2026 Toyota Tundra Limited LIMITED CREWMAX 5.5 i-FORCE V6 For sale at Carlson Toyota in Coon Rapids Minnesota.	https://vehicle-images.carscommerce.inc/bc64-110008693/5TFWA5DB7TX449221/dc67f6fd4ec50fc5ef8b35cb31be6f47.webp	in stock	NEW	TRUCK	Vehicles & Parts > Vehicles > Motor Vehicles > Cars, Trucks & Vans	5TFWA5DB7TX449221	https://www.carlsontoyota.com/inventory/new-2026-toyota-tundra-limited-4-wheel-drive-limited-crewmax-5-5-5tfwa5db7tx449221/123?store={store_code}	BLACK	0 miles	Tundra	5TFWA5DB7TX449221	2026	60858 USD	CT100	60858 USD	MI	Tundra
5TFWA5DB9TX449110	2026 Toyota Tundra Limited LIMITED CREWMAX 5.5 4-Wheel Drive	Toyota	https://www.carlsontoyota.com/inventory/new-2026-toyota-tundra-limited-4-wheel-drive-limited-crewmax-5-5-5tfwa5db9tx449110/	60785 USD	2026 Celestial Silver Metallic Toyota Tundra New 2026 Toyota Tundra Limited LIMITED CREWMAX 5.5 i-FORCE V6 For sale at Carlson Toyota in Coon Rapids Minnesota.	https://vehicle-images.carscommerce.inc/a878-110008693/5TFWA5DB9TX449110/29e7d8e88e0ff2fad1a1084e4a965ec9.webp	in stock	NEW	TRUCK	Vehicles & Parts > Vehicles > Motor Vehicles > Cars, Trucks & Vans	5TFWA5DB9TX449110	https://www.carlsontoyota.com/inventory/new-2026-toyota-tundra-limited-4-wheel-drive-limited-crewmax-5-5-5tfwa5db9tx449110/123?store={store_code}	SILVER	0 miles	Tundra	5TFWA5DB9TX449110	2026	60785 USD	CT100	60785 USD	MI	Tundra
5TFWA5DBXTX451058	2026 Toyota Tundra Limited LIMITED CREWMAX 5.5 4-Wheel Drive	Toyota	https://www.carlsontoyota.com/inventory/new-2026-toyota-tundra-limited-4-wheel-drive-limited-crewmax-5-5-5tfwa5dbxtx451058/	65063 USD	2026 Ice Cap Toyota Tundra New 2026 Toyota Tundra Limited LIMITED CREWMAX 5.5 i-FORCE V6 For sale at Carlson Toyota in Coon Rapids Minnesota.	https://vehicle-images.carscommerce.inc/61a5-110008693/5TFWA5DBXTX451058/e36c19af03f1954df966468c040516e4.webp	in stock	NEW	TRUCK	Vehicles & Parts > Vehicles > Motor Vehicles > Cars, Trucks & Vans	5TFWA5DBXTX451058	https://www.carlsontoyota.com/inventory/new-2026-toyota-tundra-limited-4-wheel-drive-limited-crewmax-5-5-5tfwa5dbxtx451058/123?store={store_code}	WHITE	0 miles	Tundra	5TFWA5DBXTX451058	2026	65063 USD	CT100	65063 USD	MI	Tundra
5TFNA5DB7TX456164	2026 Toyota Tundra Platinum PLATINUM CREWMAX 5.5 4-Wheel Drive	Toyota	https://www.carlsontoyota.com/inventory/new-2026-toyota-tundra-platinum-4-wheel-drive-platinum-crewmax-5-5-5tfna5db7tx456164/	72908 USD	2026 Midnight Black Metallic Toyota Tundra New 2026 Toyota Tundra Platinum PLATINUM CREWMAX 5.5 i-FORCE V6 For sale at Carlson Toyota in Coon Rapids Minnesota.	https://media.rti.toyota.com/adobe/assets/urn:aaid:aem:aeeb1753-3d8b-45d7-b500-bbcaa3b4ec3c/as/image.png?size=1200,663	in stock	NEW	TRUCK	Vehicles & Parts > Vehicles > Motor Vehicles > Cars, Trucks & Vans	5TFNA5DB7TX456164	https://www.carlsontoyota.com/inventory/new-2026-toyota-tundra-platinum-4-wheel-drive-platinum-crewmax-5-5-5tfna5db7tx456164/123?store={store_code}	BLACK	0 miles	Tundra	5TFNA5DB7TX456164	2026	72908 USD	CT100	72908 USD	MI	Tundra
5TFNA5EC0TX060603	2026 Toyota Tundra Platinum PLATINUM CREWMAX 6.5 4-Wheel Drive	Toyota	https://www.carlsontoyota.com/inventory/new-2026-toyota-tundra-platinum-4-wheel-drive-platinum-crewmax-6-5-5tfna5ec0tx060603/	67558 USD	2026 Midnight Black Metallic Toyota Tundra New 2026 Toyota Tundra Platinum PLATINUM CREWMAX 6.5 i-FORCE V6 For sale at Carlson Toyota in Coon Rapids Minnesota.	https://vehicle-images.carscommerce.inc/a046-110008693/5TFNA5EC0TX060603/ef4013b20bdd3a8e76b3e1387f000099.webp	in stock	NEW	TRUCK	Vehicles & Parts > Vehicles > Motor Vehicles > Cars, Trucks & Vans	5TFNA5EC0TX060603	https://www.carlsontoyota.com/inventory/new-2026-toyota-tundra-platinum-4-wheel-drive-platinum-crewmax-6-5-5tfna5ec0tx060603/123?store={store_code}	BLACK	0 miles	Tundra	5TFNA5EC0TX060603	2026	67558 USD	CT100	67558 USD	MI	Tundra
5TFNA5EC0TX39A374	2026 Toyota Tundra Platinum PLATINUM CREWMAX 6.5 4-Wheel Drive	Toyota	https://www.carlsontoyota.com/inventory/new-2026-toyota-tundra-platinum-4-wheel-drive-platinum-crewmax-6-5-5tfna5ec0tx39a374/	72882 USD	2026 Supersonic Red 1 Toyota Tundra New 2026 Toyota Tundra Platinum PLATINUM CREWMAX 6.5 i-FORCE V6 For sale at Carlson Toyota in Coon Rapids Minnesota.	https://delivery.via.assetscs.toyota.com/adobe/assets/urn:aaid:aem:fbdd8a46-41ac-4377-ae48-e2a469ec1fbb/as/image.png?fmt=png-alpha,rgb,none	in stock	NEW	TRUCK	Vehicles & Parts > Vehicles > Motor Vehicles > Cars, Trucks & Vans	5TFNA5EC0TX39A374	https://www.carlsontoyota.com/inventory/new-2026-toyota-tundra-platinum-4-wheel-drive-platinum-crewmax-6-5-5tfna5ec0tx39a374/123?store={store_code}	RED	0 miles	Tundra	5TFNA5EC0TX39A374	2026	72882 USD	CT100	72882 USD	MI	Tundra
5TFNA5ECXTX060429	2026 Toyota Tundra Platinum PLATINUM CREWMAX 6.5 4-Wheel Drive	Toyota	https://www.carlsontoyota.com/inventory/new-2026-toyota-tundra-platinum-4-wheel-drive-platinum-crewmax-6-5-5tfna5ecxtx060429/	67957 USD	2026 Blueprint Toyota Tundra New 2026 Toyota Tundra Platinum PLATINUM CREWMAX 6.5 i-FORCE V6 For sale at Carlson Toyota in Coon Rapids Minnesota.	https://vehicle-images.carscommerce.inc/705d-110008693/5TFNA5ECXTX060429/f4de8bdbe65a9af7b045c4ef55c8fb81.webp	in stock	NEW	TRUCK	Vehicles & Parts > Vehicles > Motor Vehicles > Cars, Trucks & Vans	5TFNA5ECXTX060429	https://www.carlsontoyota.com/inventory/new-2026-toyota-tundra-platinum-4-wheel-drive-platinum-crewmax-6-5-5tfna5ecxtx060429/123?store={store_code}	BLUE	0 miles	Tundra	5TFNA5ECXTX060429	2026	67957 USD	CT100	67957 USD	MI	Tundra
5TFWA5EC4TX060723	2026 Toyota Tundra Platinum PLATINUM CREWMAX 6.5 4-Wheel Drive	Toyota	https://www.carlsontoyota.com/inventory/new-2026-toyota-tundra-platinum-4-wheel-drive-platinum-crewmax-6-5-5tfwa5ec4tx060723/	68783 USD	2026 Midnight Black Metallic Toyota Tundra New 2026 Toyota Tundra Platinum PLATINUM CREWMAX 6.5 i-FORCE V6 For sale at Carlson Toyota in Coon Rapids Minnesota.	https://vehicle-images.carscommerce.inc/9f37-110008693/5TFWA5EC4TX060723/d2c91c25d78467b8c431613762802416.webp	in stock	NEW	TRUCK	Vehicles & Parts > Vehicles > Motor Vehicles > Cars, Trucks & Vans	5TFWA5EC4TX060723	https://www.carlsontoyota.com/inventory/new-2026-toyota-tundra-platinum-4-wheel-drive-platinum-crewmax-6-5-5tfwa5ec4tx060723/123?store={store_code}	BLACK	0 miles	Tundra	5TFWA5EC4TX060723	2026	68783 USD	CT100	68783 USD	MI	Tundra
5TFLA5DB0TX42D776	2026 Toyota Tundra SR5 SR5 CREWMAX 5.5 4-Wheel Drive	Toyota	https://www.carlsontoyota.com/inventory/new-2026-toyota-tundra-sr5-4-wheel-drive-sr5-crewmax-5-5-5tfla5db0tx42d776/	58003 USD	2026 Lunar Rock Toyota Tundra New 2026 Toyota Tundra SR5 SR5 CREWMAX 5.5 i-FORCE V6 For sale at Carlson Toyota in Coon Rapids Minnesota.	https://delivery.via.assetscs.toyota.com/adobe/assets/urn:aaid:aem:17fe54a2-536c-4ee8-b4e6-59a114aef0c7/as/image.png?fmt=png-alpha,rgb,none	in stock	NEW	TRUCK	Vehicles & Parts > Vehicles > Motor Vehicles > Cars, Trucks & Vans	5TFLA5DB0TX42D776	https://www.carlsontoyota.com/inventory/new-2026-toyota-tundra-sr5-4-wheel-drive-sr5-crewmax-5-5-5tfla5db0tx42d776/123?store={store_code}	SILVER	0 miles	Tundra	5TFLA5DB0TX42D776	2026	58003 USD	CT100	58003 USD	MI	Tundra
5TFLA5DB0TX451380	2026 Toyota Tundra SR5 SR5 CREWMAX 5.5 4-Wheel Drive	Toyota	https://www.carlsontoyota.com/inventory/new-2026-toyota-tundra-sr5-4-wheel-drive-sr5-crewmax-5-5-5tfla5db0tx451380/	52364 USD	2026 Celestial Silver Metallic Toyota Tundra New 2026 Toyota Tundra SR5 SR5 CREWMAX 5.5 i-FORCE V6 For sale at Carlson Toyota in Coon Rapids Minnesota.	https://vehicle-images.carscommerce.inc/cdb3-110008693/5TFLA5DB0TX451380/922b2484ba34e8912ce4144b9f8f550d.webp	in stock	NEW	TRUCK	Vehicles & Parts > Vehicles > Motor Vehicles > Cars, Trucks & Vans	5TFLA5DB0TX451380	https://www.carlsontoyota.com/inventory/new-2026-toyota-tundra-sr5-4-wheel-drive-sr5-crewmax-5-5-5tfla5db0tx451380/123?store={store_code}	SILVER	0 miles	Tundra	5TFLA5DB0TX451380	2026	52364 USD	CT100	52364 USD	MI	Tundra
5TFLA5DB1TX446639	2026 Toyota Tundra SR5 SR5 CREWMAX 5.5 4-Wheel Drive	Toyota	https://www.carlsontoyota.com/inventory/new-2026-toyota-tundra-sr5-4-wheel-drive-sr5-crewmax-5-5-5tfla5db1tx446639/	55768 USD	2026 Lunar Rock Toyota Tundra New 2026 Toyota Tundra SR5 SR5 CREWMAX 5.5 i-FORCE V6 For sale at Carlson Toyota in Coon Rapids Minnesota.	https://vehicle-images.carscommerce.inc/db7c-110008693/5TFLA5DB1TX446639/061d19f9235b76c6e609a1a027c676f9.webp	in stock	NEW	TRUCK	Vehicles & Parts > Vehicles > Motor Vehicles > Cars, Trucks & Vans	5TFLA5DB1TX446639	https://www.carlsontoyota.com/inventory/new-2026-toyota-tundra-sr5-4-wheel-drive-sr5-crewmax-5-5-5tfla5db1tx446639/123?store={store_code}	SILVER	0 miles	Tundra	5TFLA5DB1TX446639	2026	55768 USD	CT100	55768 USD	MI	Tundra
5TFLA5DB1TX455163	2026 Toyota Tundra SR5 SR5 CREWMAX 5.5 4-Wheel Drive	Toyota	https://www.carlsontoyota.com/inventory/new-2026-toyota-tundra-sr5-4-wheel-drive-sr5-crewmax-5-5-5tfla5db1tx455163/	62353 USD	2026 Lunar Rock Toyota Tundra New 2026 Toyota Tundra SR5 SR5 CREWMAX 5.5 i-FORCE V6 For sale at Carlson Toyota in Coon Rapids Minnesota.	https://vehicle-images.carscommerce.inc/4fa9-110008693/5TFLA5DB1TX455163/556ec5ca3351685e5990fbc7960459a2.webp	in stock	NEW	TRUCK	Vehicles & Parts > Vehicles > Motor Vehicles > Cars, Trucks & Vans	5TFLA5DB1TX455163	https://www.carlsontoyota.com/inventory/new-2026-toyota-tundra-sr5-4-wheel-drive-sr5-crewmax-5-5-5tfla5db1tx455163/123?store={store_code}	SILVER	0 miles	Tundra	5TFLA5DB1TX455163	2026	62353 USD	CT100	62353 USD	MI	Tundra
5TFLA5DB2TX446195	2026 Toyota Tundra SR5 SR5 CREWMAX 5.5 4-Wheel Drive	Toyota	https://www.carlsontoyota.com/inventory/new-2026-toyota-tundra-sr5-4-wheel-drive-sr5-crewmax-5-5-5tfla5db2tx446195/	51579 USD	2026 Ice Cap Toyota Tundra New 2026 Toyota Tundra SR5 SR5 CREWMAX 5.5 i-FORCE V6 For sale at Carlson Toyota in Coon Rapids Minnesota.	https://vehicle-images.carscommerce.inc/b869-110008693/5TFLA5DB2TX446195/bea6c0e3422e8635e628dc720c0e781d.webp	in stock	NEW	TRUCK	Vehicles & Parts > Vehicles > Motor Vehicles > Cars, Trucks & Vans	5TFLA5DB2TX446195	https://www.carlsontoyota.com/inventory/new-2026-toyota-tundra-sr5-4-wheel-drive-sr5-crewmax-5-5-5tfla5db2tx446195/123?store={store_code}	WHITE	0 miles	Tundra	5TFLA5DB2TX446195	2026	51579 USD	CT100	51579 USD	MI	Tundra
5TFLA5DB4TX445212	2026 Toyota Tundra SR5 SR5 CREWMAX 5.5 4-Wheel Drive	Toyota	https://www.carlsontoyota.com/inventory/new-2026-toyota-tundra-sr5-4-wheel-drive-sr5-crewmax-5-5-5tfla5db4tx445212/	51386 USD	2026 Celestial Silver Metallic Toyota Tundra New 2026 Toyota Tundra SR5 SR5 CREWMAX 5.5 i-FORCE V6 For sale at Carlson Toyota in Coon Rapids Minnesota.	https://vehicle-images.carscommerce.inc/71e9-110008693/5TFLA5DB4TX445212/665a68bd920bd97e9f3029903b635b2a.webp	in stock	NEW	TRUCK	Vehicles & Parts > Vehicles > Motor Vehicles > Cars, Trucks & Vans	5TFLA5DB4TX445212	https://www.carlsontoyota.com/inventory/new-2026-toyota-tundra-sr5-4-wheel-drive-sr5-crewmax-5-5-5tfla5db4tx445212/123?store={store_code}	SILVER	0 miles	Tundra	5TFLA5DB4TX445212	2026	51386 USD	CT100	51386 USD	MI	Tundra
5TFLA5DB4TX450460	2026 Toyota Tundra SR5 SR5 CREWMAX 5.5 4-Wheel Drive	Toyota	https://www.carlsontoyota.com/inventory/new-2026-toyota-tundra-sr5-4-wheel-drive-sr5-crewmax-5-5-5tfla5db4tx450460/	51601 USD	2026 Celestial Silver Metallic Toyota Tundra New 2026 Toyota Tundra SR5 SR5 CREWMAX 5.5 i-FORCE V6 For sale at Carlson Toyota in Coon Rapids Minnesota.	https://vehicle-images.carscommerce.inc/c79d-110008693/5TFLA5DB4TX450460/8efd25303207bcd448adc21d399f68af.webp	in stock	NEW	TRUCK	Vehicles & Parts > Vehicles > Motor Vehicles > Cars, Trucks & Vans	5TFLA5DB4TX450460	https://www.carlsontoyota.com/inventory/new-2026-toyota-tundra-sr5-4-wheel-drive-sr5-crewmax-5-5-5tfla5db4tx450460/123?store={store_code}	SILVER	0 miles	Tundra	5TFLA5DB4TX450460	2026	51601 USD	CT100	51601 USD	MI	Tundra
5TFLA5DB5TX39D125	2026 Toyota Tundra SR5 SR5 CREWMAX 5.5 4-Wheel Drive	Toyota	https://www.carlsontoyota.com/inventory/new-2026-toyota-tundra-sr5-4-wheel-drive-sr5-crewmax-5-5-5tfla5db5tx39d125/	59185 USD	2026 Ice Cap Toyota Tundra New 2026 Toyota Tundra SR5 SR5 CREWMAX 5.5 i-FORCE V6 For sale at Carlson Toyota in Coon Rapids Minnesota.	https://delivery.via.assetscs.toyota.com/adobe/assets/urn:aaid:aem:cb9a396d-97fa-416f-8c48-c4d1458284c0/as/image.png?fmt=png-alpha,rgb,none	in stock	NEW	TRUCK	Vehicles & Parts > Vehicles > Motor Vehicles > Cars, Trucks & Vans	5TFLA5DB5TX39D125	https://www.carlsontoyota.com/inventory/new-2026-toyota-tundra-sr5-4-wheel-drive-sr5-crewmax-5-5-5tfla5db5tx39d125/123?store={store_code}	WHITE	0 miles	Tundra	5TFLA5DB5TX39D125	2026	59185 USD	CT100	59185 USD	MI	Tundra
5TFLA5DB7TX39B506	2026 Toyota Tundra SR5 SR5 CREWMAX 5.5 4-Wheel Drive	Toyota	https://www.carlsontoyota.com/inventory/new-2026-toyota-tundra-sr5-4-wheel-drive-sr5-crewmax-5-5-5tfla5db7tx39b506/	58412 USD	2026 Midnight Black Metallic Toyota Tundra New 2026 Toyota Tundra SR5 SR5 CREWMAX 5.5 i-FORCE V6 For sale at Carlson Toyota in Coon Rapids Minnesota.	https://delivery.via.assetscs.toyota.com/adobe/assets/urn:aaid:aem:ef2dddd3-a851-4781-9eb2-9f0dfe240295/as/image.png?fmt=png-alpha,rgb,none	in stock	NEW	TRUCK	Vehicles & Parts > Vehicles > Motor Vehicles > Cars, Trucks & Vans	5TFLA5DB7TX39B506	https://www.carlsontoyota.com/inventory/new-2026-toyota-tundra-sr5-4-wheel-drive-sr5-crewmax-5-5-5tfla5db7tx39b506/123?store={store_code}	BLACK	0 miles	Tundra	5TFLA5DB7TX39B506	2026	58412 USD	CT100	58412 USD	MI	Tundra
5TFLA5DB8TX451952	2026 Toyota Tundra SR5 SR5 CREWMAX 5.5 4-Wheel Drive	Toyota	https://www.carlsontoyota.com/inventory/new-2026-toyota-tundra-sr5-4-wheel-drive-sr5-crewmax-5-5-5tfla5db8tx451952/	55968 USD	2026 Magnetic Gray Metallic Toyota Tundra New 2026 Toyota Tundra SR5 SR5 CREWMAX 5.5 i-FORCE V6 For sale at Carlson Toyota in Coon Rapids Minnesota.	https://vehicle-images.carscommerce.inc/e131-110008693/5TFLA5DB8TX451952/b0289d73c040dd5af1ff5381cf2a6d69.webp	in stock	NEW	TRUCK	Vehicles & Parts > Vehicles > Motor Vehicles > Cars, Trucks & Vans	5TFLA5DB8TX451952	https://www.carlsontoyota.com/inventory/new-2026-toyota-tundra-sr5-4-wheel-drive-sr5-crewmax-5-5-5tfla5db8tx451952/123?store={store_code}	GRAY	0 miles	Tundra	5TFLA5DB8TX451952	2026	55968 USD	CT100	55968 USD	MI	Tundra
5TFLA5DB8TX455970	2026 Toyota Tundra SR5 SR5 CREWMAX 5.5 4-Wheel Drive	Toyota	https://www.carlsontoyota.com/inventory/new-2026-toyota-tundra-sr5-4-wheel-drive-sr5-crewmax-5-5-5tfla5db8tx455970/	57824 USD	2026 Lunar Rock Toyota Tundra New 2026 Toyota Tundra SR5 SR5 CREWMAX 5.5 i-FORCE V6 For sale at Carlson Toyota in Coon Rapids Minnesota.	https://delivery.via.assetscs.toyota.com/adobe/assets/urn:aaid:aem:4cf40129-9b71-4589-b3ca-e7b2cfa5176d/as/image.png?fmt=png-alpha,rgb,none	in stock	NEW	TRUCK	Vehicles & Parts > Vehicles > Motor Vehicles > Cars, Trucks & Vans	5TFLA5DB8TX455970	https://www.carlsontoyota.com/inventory/new-2026-toyota-tundra-sr5-4-wheel-drive-sr5-crewmax-5-5-5tfla5db8tx455970/123?store={store_code}	SILVER	0 miles	Tundra	5TFLA5DB8TX455970	2026	57824 USD	CT100	57824 USD	MI	Tundra
5TFLA5DB9TX41B142	2026 Toyota Tundra SR5 SR5 CREWMAX 5.5 4-Wheel Drive	Toyota	https://www.carlsontoyota.com/inventory/new-2026-toyota-tundra-sr5-4-wheel-drive-sr5-crewmax-5-5-5tfla5db9tx41b142/	56531 USD	2026 Lunar Rock Toyota Tundra New 2026 Toyota Tundra SR5 SR5 CREWMAX 5.5 i-FORCE V6 For sale at Carlson Toyota in Coon Rapids Minnesota.	https://delivery.via.assetscs.toyota.com/adobe/assets/urn:aaid:aem:17fe54a2-536c-4ee8-b4e6-59a114aef0c7/as/image.png?fmt=png-alpha,rgb,none	in stock	NEW	TRUCK	Vehicles & Parts > Vehicles > Motor Vehicles > Cars, Trucks & Vans	5TFLA5DB9TX41B142	https://www.carlsontoyota.com/inventory/new-2026-toyota-tundra-sr5-4-wheel-drive-sr5-crewmax-5-5-5tfla5db9tx41b142/123?store={store_code}	SILVER	0 miles	Tundra	5TFLA5DB9TX41B142	2026	56531 USD	CT100	56531 USD	MI	Tundra
5TFWA5DB0TX448962	2026 Toyota Tundra SR5 SR5 CREWMAX 5.5 4-Wheel Drive	Toyota	https://www.carlsontoyota.com/inventory/new-2026-toyota-tundra-sr5-4-wheel-drive-sr5-crewmax-5-5-5tfwa5db0tx448962/	60047 USD	2026 Ice Cap Toyota Tundra New 2026 Toyota Tundra SR5 SR5 CREWMAX 5.5 i-FORCE V6 For sale at Carlson Toyota in Coon Rapids Minnesota.	https://vehicle-images.carscommerce.inc/47be-110008693/5TFWA5DB0TX448962/2738efe45ecd5d813fe13d4f28ecafcd.webp	in stock	NEW	TRUCK	Vehicles & Parts > Vehicles > Motor Vehicles > Cars, Trucks & Vans	5TFWA5DB0TX448962	https://www.carlsontoyota.com/inventory/new-2026-toyota-tundra-sr5-4-wheel-drive-sr5-crewmax-5-5-5tfwa5db0tx448962/123?store={store_code}	WHITE	0 miles	Tundra	5TFWA5DB0TX448962	2026	60047 USD	CT100	60047 USD	MI	Tundra
JTMBDAFB0VA016437	2027 Toyota bZ Limited	Toyota	https://www.carlsontoyota.com/inventory/new-2027-toyota-bz-limited-all-wheel-drive-limited-awd-jtmbdafb0va016437/	49384 USD	2027 Supersonic Red with Midnight Black Metallic roof 1 Toyota bZ New 2027 Toyota bZ Limited LIMITED AWD Dual Electric Motors For sale at Carlson Toyota in Coon Rapids Minnesota.	https://delivery.via.assetscs.toyota.com/adobe/assets/urn:aaid:aem:c4139093-ef2b-4948-b0bb-2f8cd119e469/as/image.png?fmt=png-alpha,rgb,none	in stock	NEW	OTHER	Vehicles & Parts > Vehicles > Motor Vehicles > Cars, Trucks & Vans	JTMBDAFB0VA016437	https://www.carlsontoyota.com/inventory/new-2027-toyota-bz-limited-all-wheel-drive-limited-awd-jtmbdafb0va016437/123?store={store_code}	BLACK	0 miles	bZ	JTMBDAFB0VA016437	2027	49384 USD	CT100	49384 USD	MI	bZ
JTMBGAHB3VY640437	2027 Toyota bZ Woodland	Toyota	https://www.carlsontoyota.com/inventory/new-2027-toyota-bz-woodland-all-wheel-drive-premium-awd-jtmbgahb3vy640437/	49670 USD	2027 Steel Toyota bZ Woodland New 2027 Toyota bZ Woodland PREMIUM AWD Dual Electric Motors For sale at Carlson Toyota in Coon Rapids Minnesota.	https://vehicle-images.carscommerce.inc/2ab4-110008693/JTMBGAHB3VY640437/2bfc6c0d20f7afc39450fdf59038225a.webp	in stock	NEW	OTHER	Vehicles & Parts > Vehicles > Motor Vehicles > Cars, Trucks & Vans	JTMBGAHB3VY640437	https://www.carlsontoyota.com/inventory/new-2027-toyota-bz-woodland-all-wheel-drive-premium-awd-jtmbgahb3vy640437/123?store={store_code}	GRAY	0 miles	bZ Woodland	JTMBGAHB3VY640437	2027	49670 USD	CT100	49670 USD	MI	bZ Woodland
4T1DBADK0VU42L086	2027 Toyota Camry LE AWD	Toyota	https://www.carlsontoyota.com/inventory/new-2027-toyota-camry-le-awd-all-wheel-drive-le-awd-4t1dbadk0vu42l086/	35022 USD	2027 Ice Cap Toyota Camry New 2027 Toyota Camry LE AWD LE AWD 2.5L 4-Cyl. Gas/Electric Hybrid For sale at Carlson Toyota in Coon Rapids Minnesota.	https://www.carlsontoyota.com/wp-content/plugins/inventory/images/notfound.jpg	in stock	NEW	OTHER	Vehicles & Parts > Vehicles > Motor Vehicles > Cars, Trucks & Vans	4T1DBADK0VU42L086	https://www.carlsontoyota.com/inventory/new-2027-toyota-camry-le-awd-all-wheel-drive-le-awd-4t1dbadk0vu42l086/123?store={store_code}	WHITE	0 miles	Camry	4T1DBADK0VU42L086	2027	35022 USD	CT100	35022 USD	MI	Camry
4T1DAACK2VU42K462	2027 Toyota Camry SE	Toyota	https://www.carlsontoyota.com/inventory/new-2027-toyota-camry-se-front-wheel-drive-se-4t1daack2vu42k462/	37042 USD	2027 Ice Cap Toyota Camry New 2027 Toyota Camry SE SE 2.5L 4-Cyl. Gas/Electric Hybrid For sale at Carlson Toyota in Coon Rapids Minnesota.	https://www.carlsontoyota.com/wp-content/plugins/inventory/images/notfound.jpg	in stock	NEW	OTHER	Vehicles & Parts > Vehicles > Motor Vehicles > Cars, Trucks & Vans	4T1DAACK2VU42K462	https://www.carlsontoyota.com/inventory/new-2027-toyota-camry-se-front-wheel-drive-se-4t1daack2vu42k462/123?store={store_code}	WHITE	0 miles	Camry	4T1DAACK2VU42K462	2027	37042 USD	CT100	37042 USD	MI	Camry
4T1DAACK4VU43N553	2027 Toyota Camry SE	Toyota	https://www.carlsontoyota.com/inventory/new-2027-toyota-camry-se-front-wheel-drive-se-4t1daack4vu43n553/	35437 USD	2027 Ice Cap Toyota Camry New 2027 Toyota Camry SE SE 2.5L 4-Cyl. Gas/Electric Hybrid For sale at Carlson Toyota in Coon Rapids Minnesota.	https://www.carlsontoyota.com/wp-content/plugins/inventory/images/notfound.jpg	in stock	NEW	OTHER	Vehicles & Parts > Vehicles > Motor Vehicles > Cars, Trucks & Vans	4T1DAACK4VU43N553	https://www.carlsontoyota.com/inventory/new-2027-toyota-camry-se-front-wheel-drive-se-4t1daack4vu43n553/123?store={store_code}	WHITE	0 miles	Camry	4T1DAACK4VU43N553	2027	35437 USD	CT100	35437 USD	MI	Camry
4T1DAACK9VU43L328	2027 Toyota Camry SE	Toyota	https://www.carlsontoyota.com/inventory/new-2027-toyota-camry-se-front-wheel-drive-se-4t1daack9vu43l328/	35437 USD	2027 Midnight Black Metallic Toyota Camry New 2027 Toyota Camry SE SE 2.5L 4-Cyl. Gas/Electric Hybrid For sale at Carlson Toyota in Coon Rapids Minnesota.	https://www.carlsontoyota.com/wp-content/plugins/inventory/images/notfound.jpg	in stock	NEW	OTHER	Vehicles & Parts > Vehicles > Motor Vehicles > Cars, Trucks & Vans	4T1DAACK9VU43L328	https://www.carlsontoyota.com/inventory/new-2027-toyota-camry-se-front-wheel-drive-se-4t1daack9vu43l328/123?store={store_code}	BLACK	0 miles	Camry	4T1DAACK9VU43L328	2027	35437 USD	CT100	35437 USD	MI	Camry
4T1DAACK9VU43L765	2027 Toyota Camry SE	Toyota	https://www.carlsontoyota.com/inventory/new-2027-toyota-camry-se-front-wheel-drive-se-4t1daack9vu43l765/	37042 USD	2027 Reservoir Blue Toyota Camry New 2027 Toyota Camry SE SE 2.5L 4-Cyl. Gas/Electric Hybrid For sale at Carlson Toyota in Coon Rapids Minnesota.	https://www.carlsontoyota.com/wp-content/plugins/inventory/images/notfound.jpg	in stock	NEW	OTHER	Vehicles & Parts > Vehicles > Motor Vehicles > Cars, Trucks & Vans	4T1DAACK9VU43L765	https://www.carlsontoyota.com/inventory/new-2027-toyota-camry-se-front-wheel-drive-se-4t1daack9vu43l765/123?store={store_code}	BLUE	0 miles	Camry	4T1DAACK9VU43L765	2027	37042 USD	CT100	37042 USD	MI	Camry
4T1DAACK5VU43O131	2027 Toyota Camry XSE	Toyota	https://www.carlsontoyota.com/inventory/new-2027-toyota-camry-xse-front-wheel-drive-xse-4t1daack5vu43o131/	42522 USD	2027 Wind Chill Pearl 1 Toyota Camry New 2027 Toyota Camry XSE XSE 2.5L 4-Cyl. Gas/Electric Hybrid For sale at Carlson Toyota in Coon Rapids Minnesota.	https://www.carlsontoyota.com/wp-content/plugins/inventory/images/notfound.jpg	in stock	NEW	OTHER	Vehicles & Parts > Vehicles > Motor Vehicles > Cars, Trucks & Vans	4T1DAACK5VU43O131	https://www.carlsontoyota.com/inventory/new-2027-toyota-camry-xse-front-wheel-drive-xse-4t1daack5vu43o131/123?store={store_code}	WHITE	0 miles	Camry	4T1DAACK5VU43O131	2027	42522 USD	CT100	42522 USD	MI	Camry
JTND4MBE3V3276129	2027 Toyota Corolla Hatchback SE	Toyota	https://www.carlsontoyota.com/inventory/new-2027-toyota-corolla-hatchback-se-front-wheel-drive-se-5dr-hatchback-jtnd4mbe3v3276129/	27534 USD	2027 Classic Silver Metallic Toyota Corolla New 2027 Toyota Corolla Hatchback SE SE 5Dr HATCHBACK 2.0L 4-Cyl. For sale at Carlson Toyota in Coon Rapids Minnesota.	https://vehicle-images.carscommerce.inc/b643-110008693/JTND4MBE3V3276129/876e2b3ed73a99c5dd3b4a0ae3a58775.webp	in stock	NEW	OTHER	Vehicles & Parts > Vehicles > Motor Vehicles > Cars, Trucks & Vans	JTND4MBE3V3276129	https://www.carlsontoyota.com/inventory/new-2027-toyota-corolla-hatchback-se-front-wheel-drive-se-5dr-hatchback-jtnd4mbe3v3276129/123?store={store_code}	SILVER	0 miles	Corolla	JTND4MBE3V3276129	2027	27534 USD	CT100	27534 USD	MI	Corolla
JTND4MBE5V3275998	2027 Toyota Corolla Hatchback SE	Toyota	https://www.carlsontoyota.com/inventory/new-2027-toyota-corolla-hatchback-se-front-wheel-drive-se-5dr-hatchback-jtnd4mbe5v3275998/	27618 USD	2027 Classic Silver Metallic with Black roof 1 Toyota Corolla New 2027 Toyota Corolla Hatchback SE SE 5Dr HATCHBACK 2.0L 4-Cyl. For sale at Carlson Toyota in Coon Rapids Minnesota.	https://delivery.via.assetscs.toyota.com/adobe/assets/urn:aaid:aem:4a609ac6-69a0-43ac-911c-6fe2b3b4b3ff/as/image.png?fmt=png-alpha,rgb,none	in stock	NEW	OTHER	Vehicles & Parts > Vehicles > Motor Vehicles > Cars, Trucks & Vans	JTND4MBE5V3275998	https://www.carlsontoyota.com/inventory/new-2027-toyota-corolla-hatchback-se-front-wheel-drive-se-5dr-hatchback-jtnd4mbe5v3275998/123?store={store_code}	BLACK	0 miles	Corolla	JTND4MBE5V3275998	2027	27618 USD	CT100	27618 USD	MI	Corolla
JTDBCMFE7V3169898	2027 Toyota Corolla Hybrid LE	Toyota	https://www.carlsontoyota.com/inventory/new-2027-toyota-corolla-hybrid-le-front-wheel-drive-le-sedan-jtdbcmfe7v3169898/	27129 USD	2027 Ice Cap Toyota Corolla New 2027 Toyota Corolla Hybrid LE LE SEDAN 1.8L 4-Cyl. Hybrid For sale at Carlson Toyota in Coon Rapids Minnesota.	https://vehicle-images.carscommerce.inc/5899-110008693/JTDBCMFE7V3169898/70acf5a6f257b3f3dbae4b84d5f953cb.webp	in stock	NEW	OTHER	Vehicles & Parts > Vehicles > Motor Vehicles > Cars, Trucks & Vans	JTDBCMFE7V3169898	https://www.carlsontoyota.com/inventory/new-2027-toyota-corolla-hybrid-le-front-wheel-drive-le-sedan-jtdbcmfe7v3169898/123?store={store_code}	WHITE	0 miles	Corolla	JTDBCMFE7V3169898	2027	27129 USD	CT100	27129 USD	MI	Corolla
JTDBDMHE3V3040681	2027 Toyota Corolla Hybrid SE AWD	Toyota	https://www.carlsontoyota.com/inventory/new-2027-toyota-corolla-hybrid-se-awd-all-wheel-drive-se-awd-sedan-jtdbdmhe3v3040681/	32658 USD	2027 Wind Chill Pearl 1 Toyota Corolla New 2027 Toyota Corolla Hybrid SE AWD SE AWD SEDAN 1.8L 4-Cyl. Hybrid For sale at Carlson Toyota in Coon Rapids Minnesota.	https://delivery.via.assetscs.toyota.com/adobe/assets/urn:aaid:aem:4ecce91f-f7a1-43f7-b74a-c259007a693a/as/image.png?fmt=png-alpha,rgb,none	in stock	NEW	OTHER	Vehicles & Parts > Vehicles > Motor Vehicles > Cars, Trucks & Vans	JTDBDMHE3V3040681	https://www.carlsontoyota.com/inventory/new-2027-toyota-corolla-hybrid-se-awd-all-wheel-drive-se-awd-sedan-jtdbdmhe3v3040681/123?store={store_code}	WHITE	0 miles	Corolla	JTDBDMHE3V3040681	2027	32658 USD	CT100	32658 USD	MI	Corolla
JTDBDMHE5V3039547	2027 Toyota Corolla Hybrid SE AWD	Toyota	https://www.carlsontoyota.com/inventory/new-2027-toyota-corolla-hybrid-se-awd-all-wheel-drive-se-awd-sedan-jtdbdmhe5v3039547/	32383 USD	2027 Blueprint Toyota Corolla New 2027 Toyota Corolla Hybrid SE AWD SE AWD SEDAN 1.8L 4-Cyl. Hybrid For sale at Carlson Toyota in Coon Rapids Minnesota.	https://vehicle-images.carscommerce.inc/755c-110008693/JTDBDMHE5V3039547/3195f45ce2cf14d84932e32f4283f1d7.webp	in stock	NEW	OTHER	Vehicles & Parts > Vehicles > Motor Vehicles > Cars, Trucks & Vans	JTDBDMHE5V3039547	https://www.carlsontoyota.com/inventory/new-2027-toyota-corolla-hybrid-se-awd-all-wheel-drive-se-awd-sedan-jtdbdmhe5v3039547/123?store={store_code}	BLUE	0 miles	Corolla	JTDBDMHE5V3039547	2027	32383 USD	CT100	32383 USD	MI	Corolla
JTDBDMHE9V138BA15	2027 Toyota Corolla Hybrid SE AWD	Toyota	https://www.carlsontoyota.com/inventory/new-2027-toyota-corolla-hybrid-se-awd-all-wheel-drive-se-awd-sedan-jtdbdmhe9v138ba15/	32094 USD	2027 Ice Cap Toyota Corolla New 2027 Toyota Corolla Hybrid SE AWD SE AWD SEDAN 1.8L 4-Cyl. Hybrid For sale at Carlson Toyota in Coon Rapids Minnesota.	https://delivery.via.assetscs.toyota.com/adobe/assets/urn:aaid:aem:c837025a-8952-45bf-8b9e-291e7b9fceed/as/image.png?fmt=png-alpha,rgb,none	in stock	NEW	OTHER	Vehicles & Parts > Vehicles > Motor Vehicles > Cars, Trucks & Vans	JTDBDMHE9V138BA15	https://www.carlsontoyota.com/inventory/new-2027-toyota-corolla-hybrid-se-awd-all-wheel-drive-se-awd-sedan-jtdbdmhe9v138ba15/123?store={store_code}	WHITE	0 miles	Corolla	JTDBDMHE9V138BA15	2027	32094 USD	CT100	32094 USD	MI	Corolla
5YFB4MDE2VP513161	2027 Toyota Corolla LE	Toyota	https://www.carlsontoyota.com/inventory/new-2027-toyota-corolla-le-front-wheel-drive-le-5yfb4mde2vp513161/	25696 USD	2027 Classic Silver Metallic Toyota Corolla New 2027 Toyota Corolla LE LE 2.0L 4-Cyl. For sale at Carlson Toyota in Coon Rapids Minnesota.	https://vehicle-images.carscommerce.inc/4aa8-110008693/5YFB4MDE2VP513161/7cc1e28595047f7152f7cdfc07903ed7.webp	in stock	NEW	OTHER	Vehicles & Parts > Vehicles > Motor Vehicles > Cars, Trucks & Vans	5YFB4MDE2VP513161	https://www.carlsontoyota.com/inventory/new-2027-toyota-corolla-le-front-wheel-drive-le-5yfb4mde2vp513161/123?store={store_code}	SILVER	0 miles	Corolla	5YFB4MDE2VP513161	2027	25696 USD	CT100	25696 USD	MI	Corolla
5YFB4MDE4VP39C671	2027 Toyota Corolla LE	Toyota	https://www.carlsontoyota.com/inventory/new-2027-toyota-corolla-le-front-wheel-drive-le-5yfb4mde4vp39c671/	26749 USD	2027 Classic Silver Metallic Toyota Corolla New 2027 Toyota Corolla LE LE 2.0L 4-Cyl. For sale at Carlson Toyota in Coon Rapids Minnesota.	https://media.rti.toyota.com/adobe/assets/urn:aaid:aem:ca7ff6ed-98e8-46d6-a319-5b617eabaf9f/as/image.png?size=1200,663	in stock	NEW	OTHER	Vehicles & Parts > Vehicles > Motor Vehicles > Cars, Trucks & Vans	5YFB4MDE4VP39C671	https://www.carlsontoyota.com/inventory/new-2027-toyota-corolla-le-front-wheel-drive-le-5yfb4mde4vp39c671/123?store={store_code}	SILVER	0 miles	Corolla	5YFB4MDE4VP39C671	2027	26749 USD	CT100	26749 USD	MI	Corolla
5YFB4MDE6VP43A918	2027 Toyota Corolla LE	Toyota	https://www.carlsontoyota.com/inventory/new-2027-toyota-corolla-le-front-wheel-drive-le-5yfb4mde6vp43a918/	27049 USD	2027 Ruby Flare Pearl 1 Toyota Corolla New 2027 Toyota Corolla LE LE 2.0L 4-Cyl. For sale at Carlson Toyota in Coon Rapids Minnesota.	https://media.rti.toyota.com/adobe/assets/urn:aaid:aem:8afdfccc-62db-433b-a209-f0397eff33db/as/image.png?size=1200,663	in stock	NEW	OTHER	Vehicles & Parts > Vehicles > Motor Vehicles > Cars, Trucks & Vans	5YFB4MDE6VP43A918	https://www.carlsontoyota.com/inventory/new-2027-toyota-corolla-le-front-wheel-drive-le-5yfb4mde6vp43a918/123?store={store_code}	RED	0 miles	Corolla	5YFB4MDE6VP43A918	2027	27049 USD	CT100	27049 USD	MI	Corolla
5YFB4MDE7VP42B547	2027 Toyota Corolla LE	Toyota	https://www.carlsontoyota.com/inventory/new-2027-toyota-corolla-le-front-wheel-drive-le-5yfb4mde7vp42b547/	26574 USD	2027 Blueprint Toyota Corolla New 2027 Toyota Corolla LE LE 2.0L 4-Cyl. For sale at Carlson Toyota in Coon Rapids Minnesota.	https://media.rti.toyota.com/adobe/assets/urn:aaid:aem:96b64924-84cb-43d9-86d3-51213c366f22/as/image.png?size=1200,663	in stock	NEW	OTHER	Vehicles & Parts > Vehicles > Motor Vehicles > Cars, Trucks & Vans	5YFB4MDE7VP42B547	https://www.carlsontoyota.com/inventory/new-2027-toyota-corolla-le-front-wheel-drive-le-5yfb4mde7vp42b547/123?store={store_code}	BLUE	0 miles	Corolla	5YFB4MDE7VP42B547	2027	26574 USD	CT100	26574 USD	MI	Corolla
5YFP4MCE3VP300100	2027 Toyota Corolla SE	Toyota	https://www.carlsontoyota.com/inventory/new-2027-toyota-corolla-se-front-wheel-drive-se-5yfp4mce3vp300100/	29078 USD	2027 Ice Cap Toyota Corolla New 2027 Toyota Corolla SE SE 2.0L 4-Cyl. For sale at Carlson Toyota in Coon Rapids Minnesota.	https://vehicle-images.carscommerce.inc/21ff-110008693/5YFP4MCE3VP300100/d6447fa82a68dc0d564a8ef15b177cea.webp	in stock	NEW	OTHER	Vehicles & Parts > Vehicles > Motor Vehicles > Cars, Trucks & Vans	5YFP4MCE3VP300100	https://www.carlsontoyota.com/inventory/new-2027-toyota-corolla-se-front-wheel-drive-se-5yfp4mce3vp300100/123?store={store_code}	WHITE	0 miles	Corolla	5YFP4MCE3VP300100	2027	29078 USD	CT100	29078 USD	MI	Corolla
5YFS4MCE0VP300517	2027 Toyota Corolla SE	Toyota	https://www.carlsontoyota.com/inventory/new-2027-toyota-corolla-se-front-wheel-drive-se-5yfs4mce0vp300517/	28281 USD	2027 Classic Silver Metallic Toyota Corolla New 2027 Toyota Corolla SE SE 2.0L 4-Cyl. For sale at Carlson Toyota in Coon Rapids Minnesota.	https://vehicle-images.carscommerce.inc/1d80-110008693/5YFS4MCE0VP300517/3da1b2cf096c4d958e4649d549527972.webp	in stock	NEW	OTHER	Vehicles & Parts > Vehicles > Motor Vehicles > Cars, Trucks & Vans	5YFS4MCE0VP300517	https://www.carlsontoyota.com/inventory/new-2027-toyota-corolla-se-front-wheel-drive-se-5yfs4mce0vp300517/123?store={store_code}	SILVER	0 miles	Corolla	5YFS4MCE0VP300517	2027	28281 USD	CT100	28281 USD	MI	Corolla
5YFS4MCE8VP42D034	2027 Toyota Corolla SE	Toyota	https://www.carlsontoyota.com/inventory/new-2027-toyota-corolla-se-front-wheel-drive-se-5yfs4mce8vp42d034/	28354 USD	2027 Ruby Flare Pearl 1 Toyota Corolla New 2027 Toyota Corolla SE SE 2.0L 4-Cyl. For sale at Carlson Toyota in Coon Rapids Minnesota.	https://media.rti.toyota.com/adobe/assets/urn:aaid:aem:69354a08-74e0-472e-896b-83885f71ee15/as/image.png?size=1200,663	in stock	NEW	OTHER	Vehicles & Parts > Vehicles > Motor Vehicles > Cars, Trucks & Vans	5YFS4MCE8VP42D034	https://www.carlsontoyota.com/inventory/new-2027-toyota-corolla-se-front-wheel-drive-se-5yfs4mce8vp42d034/123?store={store_code}	RED	0 miles	Corolla	5YFS4MCE8VP42D034	2027	28354 USD	CT100	28354 USD	MI	Corolla
5YFT4MCE0VP38B950	2027 Toyota Corolla XSE	Toyota	https://www.carlsontoyota.com/inventory/new-2027-toyota-corolla-xse-front-wheel-drive-xse-5yft4mce0vp38b950/	32229 USD	2027 Wind Chill Pearl 1 Toyota Corolla New 2027 Toyota Corolla XSE XSE 2.0L 4-Cyl. For sale at Carlson Toyota in Coon Rapids Minnesota.	https://media.rti.toyota.com/adobe/assets/urn:aaid:aem:6811a1ab-fc4e-413e-97cc-3152f80ae3e1/as/image.png?size=1200,663	in stock	NEW	OTHER	Vehicles & Parts > Vehicles > Motor Vehicles > Cars, Trucks & Vans	5YFT4MCE0VP38B950	https://www.carlsontoyota.com/inventory/new-2027-toyota-corolla-xse-front-wheel-drive-xse-5yft4mce0vp38b950/123?store={store_code}	WHITE	0 miles	Corolla	5YFT4MCE0VP38B950	2027	32229 USD	CT100	32229 USD	MI	Corolla
JTDADABU5V3039560	2027 Toyota Prius XLE AWD	Toyota	https://www.carlsontoyota.com/inventory/new-2027-toyota-prius-xle-awd-all-wheel-drive-xle-awd-jtdadabu5v3039560/	37283 USD	2027 Supersonic Red 1 Toyota Prius New 2027 Toyota Prius XLE AWD XLE AWD 2.0L 4-Cyl. Hybrid For sale at Carlson Toyota in Coon Rapids Minnesota.	https://delivery.via.assetscs.toyota.com/adobe/assets/urn:aaid:aem:844f2834-899e-4a06-9543-1fed763f4c74/as/image.png?fmt=png-alpha,rgb,none	in stock	NEW	OTHER	Vehicles & Parts > Vehicles > Motor Vehicles > Cars, Trucks & Vans	JTDADABU5V3039560	https://www.carlsontoyota.com/inventory/new-2027-toyota-prius-xle-awd-all-wheel-drive-xle-awd-jtdadabu5v3039560/123?store={store_code}	RED	0 miles	Prius	JTDADABU5V3039560	2027	37283 USD	CT100	37283 USD	MI	Prius
JTDADABU6V3039096	2027 Toyota Prius XLE AWD	Toyota	https://www.carlsontoyota.com/inventory/new-2027-toyota-prius-xle-awd-all-wheel-drive-xle-awd-jtdadabu6v3039096/	36739 USD	2027 Guardian Gray Toyota Prius New 2027 Toyota Prius XLE AWD XLE AWD 2.0L 4-Cyl. Hybrid For sale at Carlson Toyota in Coon Rapids Minnesota.	https://delivery.via.assetscs.toyota.com/adobe/assets/urn:aaid:aem:225b59fb-c87e-40a7-9b3b-eba86474df74/as/image.png?fmt=png-alpha,rgb,none	in stock	NEW	OTHER	Vehicles & Parts > Vehicles > Motor Vehicles > Cars, Trucks & Vans	JTDADABU6V3039096	https://www.carlsontoyota.com/inventory/new-2027-toyota-prius-xle-awd-all-wheel-drive-xle-awd-jtdadabu6v3039096/123?store={store_code}	GRAY	0 miles	Prius	JTDADABU6V3039096	2027	36739 USD	CT100	36739 USD	MI	Prius
5TFBV54197X024390	2007 Toyota Tundra SR5 4D Double Cab 4WD	Toyota	https://www.carlsontoyota.com/inventory/used-2007-toyota-tundra-sr5-4wd-4d-double-cab-5tfbv54197x024390/	80752 USD	2007 Red Toyota Tundra Used 2007 Toyota Tundra SR5 4D Double Cab i-Force 5.7L V8 DOHC For sale at Carlson Toyota in Coon Rapids Minnesota.	https://www.carlsontoyota.com/wp-content/plugins/inventory/images/notfound.jpg	in stock	USED	TRUCK	Vehicles & Parts > Vehicles > Motor Vehicles > Cars, Trucks & Vans	5TFBV54197X024390	https://www.carlsontoyota.com/inventory/used-2007-toyota-tundra-sr5-4wd-4d-double-cab-5tfbv54197x024390/123?store={store_code}	RED	197850 miles	Tundra	5TFBV54197X024390	2007	80752 USD	CT100	80752 USD	MI	Tundra
5TDDZ3DC5HS171915	2017 Toyota Sienna XLE	Toyota	https://www.carlsontoyota.com/inventory/used-2017-toyota-sienna-xle-awd-4d-passenger-van-5tddz3dc5hs171915/	17753 USD	2017 Red Toyota Sienna Used 2017 Toyota Sienna XLE 4D Passenger Van 3.5L V6 SMPI DOHC For sale at Carlson Toyota in Coon Rapids Minnesota.	https://www.carlsontoyota.com/wp-content/plugins/inventory/images/notfound.jpg	in stock	USED	VAN	Vehicles & Parts > Vehicles > Motor Vehicles > Cars, Trucks & Vans	5TDDZ3DC5HS171915	https://www.carlsontoyota.com/inventory/used-2017-toyota-sienna-xle-awd-4d-passenger-van-5tddz3dc5hs171915/123?store={store_code}	RED	184441 miles	Sienna	5TDDZ3DC5HS171915	2017	17753 USD	CT100	17753 USD	MI	Sienna
1N4AL3APXJC248206	2018 Nissan Altima 2.5 SL	Nissan	https://www.carlsontoyota.com/inventory/used-2018-nissan-altima-2-5-sl-fwd-4d-sedan-1n4al3apxjc248206/	11258 USD	2018 Gray Nissan Altima Used 2018 Nissan Altima 2.5 SL 4D Sedan 2.5L 4-Cylinder DOHC 16V For sale at Carlson Toyota in Coon Rapids Minnesota.	https://vehicle-images.carscommerce.inc/f2bf-110008693/1N4AL3APXJC248206/thumbnails/large/f53b253c4d15d39d5a708a1853180139.webp	in stock	USED	OTHER	Vehicles & Parts > Vehicles > Motor Vehicles > Cars, Trucks & Vans	1N4AL3APXJC248206	https://www.carlsontoyota.com/inventory/used-2018-nissan-altima-2-5-sl-fwd-4d-sedan-1n4al3apxjc248206/123?store={store_code}	GRAY	110263 miles	Altima	1N4AL3APXJC248206	2018	11258 USD	CT100	11258 USD	MI	Altima
1GTG6DEN4L1231197	2020 GMC Canyon SLT	GMC	https://www.carlsontoyota.com/inventory/used-2020-gmc-canyon-slt-4wd-4d-crew-cab-1gtg6den4l1231197/	23760 USD	2020 Black GMC Canyon Used 2020 GMC Canyon SLT 4D Crew Cab V6 For sale at Carlson Toyota in Coon Rapids Minnesota.	https://vehicle-images.carscommerce.inc/ff46-110008693/1GTG6DEN4L1231197/thumbnails/large/ad783cc2983d82c1f0b65512e71a0b7f.webp	in stock	USED	TRUCK	Vehicles & Parts > Vehicles > Motor Vehicles > Cars, Trucks & Vans	1GTG6DEN4L1231197	https://www.carlsontoyota.com/inventory/used-2020-gmc-canyon-slt-4wd-4d-crew-cab-1gtg6den4l1231197/123?store={store_code}	BLACK	89032 miles	Canyon	1GTG6DEN4L1231197	2020	23760 USD	CT100	23760 USD	MI	Canyon
1FTFW1E83MKE89145	2021 Ford F-150 XLT	Ford	https://www.carlsontoyota.com/inventory/used-2021-ford-f-150-xlt-4wd-4d-supercrew-1ftfw1e83mke89145/	30798 USD	2021 Gray Ford F-150 Used 2021 Ford F-150 XLT 4D SuperCrew 3.5L V6 EcoBoost For sale at Carlson Toyota in Coon Rapids Minnesota.	https://vehicle-images.carscommerce.inc/97b2-110008693/1FTFW1E83MKE89145/thumbnails/large/5b1fc53c6e830b699b81ece57ee80530.webp	in stock	USED	TRUCK	Vehicles & Parts > Vehicles > Motor Vehicles > Cars, Trucks & Vans	1FTFW1E83MKE89145	https://www.carlsontoyota.com/inventory/used-2021-ford-f-150-xlt-4wd-4d-supercrew-1ftfw1e83mke89145/123?store={store_code}	GRAY	76942 miles	F-150	1FTFW1E83MKE89145	2021	30798 USD	CT100	30798 USD	MI	F-150
3GKALVEV7ML342281	2021 GMC Terrain SLT	GMC	https://www.carlsontoyota.com/inventory/used-2021-gmc-terrain-slt-awd-4d-sport-utility-3gkalvev7ml342281/	19343 USD	2021 Gray GMC Terrain Used 2021 GMC Terrain SLT 4D Sport Utility 1.5L DOHC For sale at Carlson Toyota in Coon Rapids Minnesota.	https://vehicle-images.carscommerce.inc/a10f-110008693/3GKALVEV7ML342281/thumbnails/large/457f114280d6c816fdb5cf3e9ae30976.webp	in stock	USED	SUV	Vehicles & Parts > Vehicles > Motor Vehicles > Cars, Trucks & Vans	3GKALVEV7ML342281	https://www.carlsontoyota.com/inventory/used-2021-gmc-terrain-slt-awd-4d-sport-utility-3gkalvev7ml342281/123?store={store_code}	GRAY	69393 miles	Terrain	3GKALVEV7ML342281	2021	19343 USD	CT100	19343 USD	MI	Terrain
5XYP3DHC3MG114831	2021 Kia Telluride EX	Kia	https://www.carlsontoyota.com/inventory/used-2021-kia-telluride-ex-awd-4d-sport-utility-5xyp3dhc3mg114831/	17398 USD	2021 Gray Kia Telluride Used 2021 Kia Telluride EX 4D Sport Utility 3.8L V6 DGI DOHC Dual CVVT For sale at Carlson Toyota in Coon Rapids Minnesota.	https://vehicle-images.carscommerce.inc/d4bf-110008693/5XYP3DHC3MG114831/thumbnails/large/b784455fc5af61de2b5d6614b1b3de8c.webp	in stock	USED	SUV	Vehicles & Parts > Vehicles > Motor Vehicles > Cars, Trucks & Vans	5XYP3DHC3MG114831	https://www.carlsontoyota.com/inventory/used-2021-kia-telluride-ex-awd-4d-sport-utility-5xyp3dhc3mg114831/123?store={store_code}	GRAY	139994 miles	Telluride	5XYP3DHC3MG114831	2021	17398 USD	CT100	17398 USD	MI	Telluride
3MVDMBDM1MM224331	2021 Mazda CX-30 Premium	Mazda	https://www.carlsontoyota.com/inventory/used-2021-mazda-cx-30-premium-awd-4d-sport-utility-3mvdmbdm1mm224331/	23798 USD	2021 Silver Mazda CX-30 Used 2021 Mazda CX-30 Premium 4D Sport Utility SKYACTIV®-G 2.5L 4-Cylinder DOHC 16V For sale at Carlson Toyota in Coon Rapids Minnesota.	https://vehicle-images.carscommerce.inc/7050-110008693/3MVDMBDM1MM224331/thumbnails/large/7faa5c029756e7fa5db9e2257d61872f.webp	in stock	USED	SUV	Vehicles & Parts > Vehicles > Motor Vehicles > Cars, Trucks & Vans	3MVDMBDM1MM224331	https://www.carlsontoyota.com/inventory/used-2021-mazda-cx-30-premium-awd-4d-sport-utility-3mvdmbdm1mm224331/123?store={store_code}	SILVER	37575 miles	CX-30	3MVDMBDM1MM224331	2021	23798 USD	CT100	23798 USD	MI	CX-30
5TDGZRBH3MS534902	2021 Toyota Highlander XLE	Toyota	https://www.carlsontoyota.com/inventory/used-2021-toyota-highlander-xle-awd-4d-sport-utility-5tdgzrbh3ms534902/	32636 USD	2021 Black Toyota Highlander Used 2021 Toyota Highlander XLE 4D Sport Utility 3.5L V6 DOHC For sale at Carlson Toyota in Coon Rapids Minnesota.	https://www.carlsontoyota.com/wp-content/plugins/inventory/images/notfound.jpg	in stock	USED	SUV	Vehicles & Parts > Vehicles > Motor Vehicles > Cars, Trucks & Vans	5TDGZRBH3MS534902	https://www.carlsontoyota.com/inventory/used-2021-toyota-highlander-xle-awd-4d-sport-utility-5tdgzrbh3ms534902/123?store={store_code}	BLACK	58900 miles	Highlander	5TDGZRBH3MS534902	2021	32636 USD	CT100	32636 USD	MI	Highlander
5TDJZRBH5MS069478	2021 Toyota Highlander XSE	Toyota	https://www.carlsontoyota.com/inventory/used-2021-toyota-highlander-xse-awd-4d-sport-utility-5tdjzrbh5ms069478/	25487 USD	2021 White Toyota Highlander Used 2021 Toyota Highlander XSE 4D Sport Utility 3.5L V6 DOHC For sale at Carlson Toyota in Coon Rapids Minnesota.	https://vehicle-images.carscommerce.inc/7528-110008693/5TDJZRBH5MS069478/thumbnails/large/0e08f96a0ae18e65e77bda345bf0da28.webp	in stock	USED	SUV	Vehicles & Parts > Vehicles > Motor Vehicles > Cars, Trucks & Vans	5TDJZRBH5MS069478	https://www.carlsontoyota.com/inventory/used-2021-toyota-highlander-xse-awd-4d-sport-utility-5tdjzrbh5ms069478/123?store={store_code}	WHITE	147853 miles	Highlander	5TDJZRBH5MS069478	2021	25487 USD	CT100	25487 USD	MI	Highlander
1FTER4FH2NLD08177	2022 Ford Ranger Lariat	Ford	https://www.carlsontoyota.com/inventory/used-2022-ford-ranger-lariat-4wd-4d-crew-cab-1fter4fh2nld08177/	24790 USD	2022 Silver Ford Ranger Used 2022 Ford Ranger Lariat 4D Crew Cab EcoBoost 2.3L I4 GTDi DOHC Turbocharged VCT For sale at Carlson Toyota in Coon Rapids Minnesota.	https://vehicle-images.carscommerce.inc/61db-110008693/1FTER4FH2NLD08177/thumbnails/large/505b9db58921eff9b70a83b65737b4e9.webp	in stock	USED	TRUCK	Vehicles & Parts > Vehicles > Motor Vehicles > Cars, Trucks & Vans	1FTER4FH2NLD08177	https://www.carlsontoyota.com/inventory/used-2022-ford-ranger-lariat-4wd-4d-crew-cab-1fter4fh2nld08177/123?store={store_code}	SILVER	129903 miles	Ranger	1FTER4FH2NLD08177	2022	24790 USD	CT100	24790 USD	MI	Ranger
1GKKNXLS6NZ105911	2022 GMC Acadia Denali	GMC	https://www.carlsontoyota.com/inventory/used-2022-gmc-acadia-denali-awd-4d-sport-utility-1gkknxls6nz105911/	22898 USD	2022 Red GMC Acadia Used 2022 GMC Acadia Denali 4D Sport Utility 3.6L V6 SIDI For sale at Carlson Toyota in Coon Rapids Minnesota.	https://vehicle-images.carscommerce.inc/df18-110008693/1GKKNXLS6NZ105911/thumbnails/large/4d87bec4aa4fbd27cd9b74a2786038a2.webp	in stock	USED	SUV	Vehicles & Parts > Vehicles > Motor Vehicles > Cars, Trucks & Vans	1GKKNXLS6NZ105911	https://www.carlsontoyota.com/inventory/used-2022-gmc-acadia-denali-awd-4d-sport-utility-1gkknxls6nz105911/123?store={store_code}	RED	97274 miles	Acadia	1GKKNXLS6NZ105911	2022	22898 USD	CT100	22898 USD	MI	Acadia
5N1BT3BB1NC725897	2022 Nissan Rogue SV	Nissan	https://www.carlsontoyota.com/inventory/used-2022-nissan-rogue-sv-awd-4d-sport-utility-5n1bt3bb1nc725897/	21298 USD	2022 White Nissan Rogue Used 2022 Nissan Rogue SV 4D Sport Utility 1.5L I3 Turbocharged DOHC 12V LEV3-ULEV50 201hp For sale at Carlson Toyota in Coon Rapids Minnesota.	https://vehicle-images.carscommerce.inc/c910-110008693/5N1BT3BB1NC725897/thumbnails/large/ca92318adeac143a644e92eb87c4e4d5.webp	in stock	USED	SUV	Vehicles & Parts > Vehicles > Motor Vehicles > Cars, Trucks & Vans	5N1BT3BB1NC725897	https://www.carlsontoyota.com/inventory/used-2022-nissan-rogue-sv-awd-4d-sport-utility-5n1bt3bb1nc725897/123?store={store_code}	WHITE	56116 miles	Rogue	5N1BT3BB1NC725897	2022	21298 USD	CT100	21298 USD	MI	Rogue
3N1AB8CV8NY207305	2022 Nissan Sentra SV	Nissan	https://www.carlsontoyota.com/inventory/used-2022-nissan-sentra-sv-fwd-4d-sedan-3n1ab8cv8ny207305/	18034 USD	2022 Gray Nissan Sentra Used 2022 Nissan Sentra SV 4D Sedan 2.0L DOHC For sale at Carlson Toyota in Coon Rapids Minnesota.	https://vehicle-images.carscommerce.inc/44bf-110008693/3N1AB8CV8NY207305/thumbnails/large/00ca1776a28b28bf72be91eaac9dd1c4.webp	in stock	USED	OTHER	Vehicles & Parts > Vehicles > Motor Vehicles > Cars, Trucks & Vans	3N1AB8CV8NY207305	https://www.carlsontoyota.com/inventory/used-2022-nissan-sentra-sv-fwd-4d-sedan-3n1ab8cv8ny207305/123?store={store_code}	GRAY	55000 miles	Sentra	3N1AB8CV8NY207305	2022	18034 USD	CT100	18034 USD	MI	Sentra
5TDBZRBH6NS253009	2022 Toyota Highlander LE	Toyota	https://www.carlsontoyota.com/inventory/used-2022-toyota-highlander-le-awd-4d-sport-utility-5tdbzrbh6ns253009/	29498 USD	2022 Silver Toyota Highlander Used 2022 Toyota Highlander LE 4D Sport Utility 3.5L V6 DOHC For sale at Carlson Toyota in Coon Rapids Minnesota.	https://vehicle-images.carscommerce.inc/988c-110008693/5TDBZRBH6NS253009/thumbnails/large/b7539ad13f5f68a8f3aed2938a1ced04.webp	in stock	USED	SUV	Vehicles & Parts > Vehicles > Motor Vehicles > Cars, Trucks & Vans	5TDBZRBH6NS253009	https://www.carlsontoyota.com/inventory/used-2022-toyota-highlander-le-awd-4d-sport-utility-5tdbzrbh6ns253009/123?store={store_code}	SILVER	63905 miles	Highlander	5TDBZRBH6NS253009	2022	29498 USD	CT100	29498 USD	MI	Highlander
19XFL1G89PE007209	2023 Honda Civic Sport Touring	Honda	https://www.carlsontoyota.com/inventory/used-2023-honda-civic-sport-touring-fwd-4d-hatchback-19xfl1g89pe007209/	18498 USD	2023 Blue Honda Civic Used 2023 Honda Civic Sport Touring 4D Hatchback 1.5L I4 DOHC 16V For sale at Carlson Toyota in Coon Rapids Minnesota.	https://vehicle-images.carscommerce.inc/a48c-110008693/19XFL1G89PE007209/thumbnails/large/bae50120afe649000dfa44b0f0400165.webp	in stock	USED	OTHER	Vehicles & Parts > Vehicles > Motor Vehicles > Cars, Trucks & Vans	19XFL1G89PE007209	https://www.carlsontoyota.com/inventory/used-2023-honda-civic-sport-touring-fwd-4d-hatchback-19xfl1g89pe007209/123?store={store_code}	BLUE	132334 miles	Civic	19XFL1G89PE007209	2023	18498 USD	CT100	18498 USD	MI	Civic
2T2BCMEA7PC009847	2023 Lexus RX 500h F SPORT Performance	Lexus	https://www.carlsontoyota.com/inventory/used-2023-lexus-rx-500h-f-sport-performance-awd-4d-sport-utility-2t2bcmea7pc009847/	52098 USD	2023 Gray Lexus RX Used 2023 Lexus RX 500h F SPORT Performance 4D Sport Utility 2.4L I4 PDI Hybrid Turbocharged DOHC 16V LEV3-SULEV30 271hp For sale at Carlson Toyota in Coon Rapids Minnesota.	https://vehicle-images.carscommerce.inc/e5ad-110008693/2T2BCMEA7PC009847/thumbnails/large/7682f0ef876c3d504bc7fbb603d709b6.webp	in stock	USED	SUV	Vehicles & Parts > Vehicles > Motor Vehicles > Cars, Trucks & Vans	2T2BCMEA7PC009847	https://www.carlsontoyota.com/inventory/used-2023-lexus-rx-500h-f-sport-performance-awd-4d-sport-utility-2t2bcmea7pc009847/123?store={store_code}	GRAY	30303 miles	RX	2T2BCMEA7PC009847	2023	52098 USD	CT100	52098 USD	MI	RX
JF2GTAEC6P8268045	2023 Subaru Crosstrek Premium	Subaru	https://www.carlsontoyota.com/inventory/used-2023-subaru-crosstrek-premium-awd-4d-sport-utility-jf2gtaec6p8268045/	24356 USD	2023 Black Subaru Crosstrek Used 2023 Subaru Crosstrek Premium 4D Sport Utility 2.0L 4-Cylinder DOHC 16V For sale at Carlson Toyota in Coon Rapids Minnesota.	https://vehicle-images.carscommerce.inc/c49a-110008693/JF2GTAEC6P8268045/thumbnails/large/2a9bea4c94b6d7ceec95289ea513e594.webp	in stock	USED	SUV	Vehicles & Parts > Vehicles > Motor Vehicles > Cars, Trucks & Vans	JF2GTAEC6P8268045	https://www.carlsontoyota.com/inventory/used-2023-subaru-crosstrek-premium-awd-4d-sport-utility-jf2gtaec6p8268045/123?store={store_code}	BLACK	44717 miles	Crosstrek	JF2GTAEC6P8268045	2023	24356 USD	CT100	24356 USD	MI	Crosstrek
JF2SKARC3PH550859	2023 Subaru Forester Touring	Subaru	https://www.carlsontoyota.com/inventory/used-2023-subaru-forester-touring-awd-4d-sport-utility-jf2skarc3ph550859/	31175 USD	2023 Gray Subaru Forester Used 2023 Subaru Forester Touring 4D Sport Utility 2.5L 4-Cylinder DOHC 16V For sale at Carlson Toyota in Coon Rapids Minnesota.	https://vehicle-images.carscommerce.inc/36c1-110008693/JF2SKARC3PH550859/thumbnails/large/a3174ef0cd3b973a647b0621b6729bed.webp	in stock	USED	SUV	Vehicles & Parts > Vehicles > Motor Vehicles > Cars, Trucks & Vans	JF2SKARC3PH550859	https://www.carlsontoyota.com/inventory/used-2023-subaru-forester-touring-awd-4d-sport-utility-jf2skarc3ph550859/123?store={store_code}	GRAY	23790 miles	Forester	JF2SKARC3PH550859	2023	31175 USD	CT100	31175 USD	MI	Forester
5TDKDRBH6PS047349	2023 Toyota Highlander XLE	Toyota	https://www.carlsontoyota.com/inventory/used-2023-toyota-highlander-xle-awd-4d-sport-utility-5tdkdrbh6ps047349/	31772 USD	2023 Gray Toyota Highlander Used 2023 Toyota Highlander XLE 4D Sport Utility 2.4L I4 PDI Turbocharged DOHC 16V LEV3-SULEV30 265hp For sale at Carlson Toyota in Coon Rapids Minnesota.	https://vehicle-images.carscommerce.inc/c66f-110008693/5TDKDRBH6PS047349/thumbnails/large/db0e194d5fd7c49329a4e349d73181ad.webp	in stock	USED	SUV	Vehicles & Parts > Vehicles > Motor Vehicles > Cars, Trucks & Vans	5TDKDRBH6PS047349	https://www.carlsontoyota.com/inventory/used-2023-toyota-highlander-xle-awd-4d-sport-utility-5tdkdrbh6ps047349/123?store={store_code}	GRAY	78745 miles	Highlander	5TDKDRBH6PS047349	2023	31772 USD	CT100	31772 USD	MI	Highlander
5TDKDRBH6PS509215	2023 Toyota Highlander XLE	Toyota	https://www.carlsontoyota.com/inventory/used-2023-toyota-highlander-xle-awd-4d-sport-utility-5tdkdrbh6ps509215/	39998 USD	2023 Red Toyota Highlander Used 2023 Toyota Highlander XLE 4D Sport Utility 2.4L I4 PDI Turbocharged DOHC 16V LEV3-SULEV30 265hp For sale at Carlson Toyota in Coon Rapids Minnesota.	https://vehicle-images.carscommerce.inc/9a86-110008693/5TDKDRBH6PS509215/thumbnails/large/aae98b03a1daf4651a83eaf58625bdc9.webp	in stock	USED	SUV	Vehicles & Parts > Vehicles > Motor Vehicles > Cars, Trucks & Vans	5TDKDRBH6PS509215	https://www.carlsontoyota.com/inventory/used-2023-toyota-highlander-xle-awd-4d-sport-utility-5tdkdrbh6ps509215/123?store={store_code}	RED	17250 miles	Highlander	5TDKDRBH6PS509215	2023	39998 USD	CT100	39998 USD	MI	Highlander
2T3N1RFV7PW402789	2023 Toyota RAV4 Limited	Toyota	https://www.carlsontoyota.com/inventory/used-2023-toyota-rav4-limited-awd-4d-sport-utility-2t3n1rfv7pw402789/	37986 USD	2023 Beige Toyota RAV4 Used 2023 Toyota RAV4 Limited 4D Sport Utility 2.5L 4-Cylinder DOHC Dual VVT-i For sale at Carlson Toyota in Coon Rapids Minnesota.	https://www.carlsontoyota.com/wp-content/plugins/inventory/images/notfound.jpg	in stock	USED	SUV	Vehicles & Parts > Vehicles > Motor Vehicles > Cars, Trucks & Vans	2T3N1RFV7PW402789	https://www.carlsontoyota.com/inventory/used-2023-toyota-rav4-limited-awd-4d-sport-utility-2t3n1rfv7pw402789/123?store={store_code}	BEIGE	41860 miles	RAV4	2T3N1RFV7PW402789	2023	37986 USD	CT100	37986 USD	MI	RAV4
5TFJA5DA1PX080881	2023 Toyota Tundra Limited 4D Double Cab 4WD	Toyota	https://www.carlsontoyota.com/inventory/used-2023-toyota-tundra-limited-4wd-4d-double-cab-5tfja5da1px080881/	43041 USD	2023 Gray Toyota Tundra Used 2023 Toyota Tundra Limited 4D Double Cab 3.4L V6 For sale at Carlson Toyota in Coon Rapids Minnesota.	https://vehicle-images.carscommerce.inc/6fd6-110008693/5TFJA5DA1PX080881/thumbnails/large/eec58a2b792e4738418cd75b5611ab30.webp	in stock	USED	TRUCK	Vehicles & Parts > Vehicles > Motor Vehicles > Cars, Trucks & Vans	5TFJA5DA1PX080881	https://www.carlsontoyota.com/inventory/used-2023-toyota-tundra-limited-4wd-4d-double-cab-5tfja5da1px080881/123?store={store_code}	GRAY	23722 miles	Tundra	5TFJA5DA1PX080881	2023	43041 USD	CT100	43041 USD	MI	Tundra
5TFLA5DB0PX125259	2023 Toyota Tundra SR5 4D CrewMax 4WD	Toyota	https://www.carlsontoyota.com/inventory/used-2023-toyota-tundra-sr5-4wd-4d-crewmax-5tfla5db0px125259/	40201 USD	2023 Silver Toyota Tundra Used 2023 Toyota Tundra SR5 4D CrewMax 3.4L V6 For sale at Carlson Toyota in Coon Rapids Minnesota.	https://vehicle-images.carscommerce.inc/731c-110008693/5TFLA5DB0PX125259/thumbnails/large/d212d0ec6e1af282dbef5617858224d9.webp	in stock	USED	TRUCK	Vehicles & Parts > Vehicles > Motor Vehicles > Cars, Trucks & Vans	5TFLA5DB0PX125259	https://www.carlsontoyota.com/inventory/used-2023-toyota-tundra-sr5-4wd-4d-crewmax-5tfla5db0px125259/123?store={store_code}	SILVER	32808 miles	Tundra	5TFLA5DB0PX125259	2023	40201 USD	CT100	40201 USD	MI	Tundra
1FTEW3LP6RKE53491	2024 Ford F-150 XLT	Ford	https://www.carlsontoyota.com/inventory/used-2024-ford-f-150-xlt-4wd-4d-supercrew-1ftew3lp6rke53491/	43598 USD	2024 Blue Ford F-150 Used 2024 Ford F-150 XLT 4D SuperCrew 2.7L V6 EcoBoost For sale at Carlson Toyota in Coon Rapids Minnesota.	https://vehicle-images.carscommerce.inc/2411-110008693/1FTEW3LP6RKE53491/thumbnails/large/dfcf14787f975a6ba3a4499726291856.webp	in stock	USED	TRUCK	Vehicles & Parts > Vehicles > Motor Vehicles > Cars, Trucks & Vans	1FTEW3LP6RKE53491	https://www.carlsontoyota.com/inventory/used-2024-ford-f-150-xlt-4wd-4d-supercrew-1ftew3lp6rke53491/123?store={store_code}	BLUE	9926 miles	F-150	1FTEW3LP6RKE53491	2024	43598 USD	CT100	43598 USD	MI	F-150
2HKRS6H81RH811482	2024 Honda CR-V Hybrid Sport-L	Honda	https://www.carlsontoyota.com/inventory/used-2024-honda-cr-v-hybrid-sport-l-awd-4d-sport-utility-2hkrs6h81rh811482/	31398 USD	2024 Gray Honda CR-V Used 2024 Honda CR-V Hybrid Sport-L 4D Sport Utility 2.0L I4 DOHC 16V For sale at Carlson Toyota in Coon Rapids Minnesota.	https://vehicle-images.carscommerce.inc/1cd2-110008693/2HKRS6H81RH811482/thumbnails/large/0e950aaf0b83eb25d978feaea31d5ca5.webp	in stock	USED	SUV	Vehicles & Parts > Vehicles > Motor Vehicles > Cars, Trucks & Vans	2HKRS6H81RH811482	https://www.carlsontoyota.com/inventory/used-2024-honda-cr-v-hybrid-sport-l-awd-4d-sport-utility-2hkrs6h81rh811482/123?store={store_code}	GRAY	74000 miles	CR-V	2HKRS6H81RH811482	2024	31398 USD	CT100	31398 USD	MI	CR-V
7MMVABDM7RN187071	2024 Mazda CX-50 2.5 S Premium Package	Mazda	https://www.carlsontoyota.com/inventory/used-2024-mazda-cx-50-2-5-s-premium-package-awd-4d-sport-utility-7mmvabdm7rn187071/	25421 USD	2024 Beige Mazda CX-50 Used 2024 Mazda CX-50 2.5 S Premium Package 4D Sport Utility SKYACTIV®-G 2.5L 4-Cylinder DOHC 16V For sale at Carlson Toyota in Coon Rapids Minnesota.	https://vehicle-images.carscommerce.inc/3076-110008693/7MMVABDM7RN187071/thumbnails/large/2fcdefc1323d1b1beb01be4c09a15a45.webp	in stock	USED	SUV	Vehicles & Parts > Vehicles > Motor Vehicles > Cars, Trucks & Vans	7MMVABDM7RN187071	https://www.carlsontoyota.com/inventory/used-2024-mazda-cx-50-2-5-s-premium-package-awd-4d-sport-utility-7mmvabdm7rn187071/123?store={store_code}	BEIGE	80531 miles	CX-50	7MMVABDM7RN187071	2024	25421 USD	CT100	25421 USD	MI	CX-50
4S4WMAHD1R3432406	2024 Subaru Ascent Onyx Edition	Subaru	https://www.carlsontoyota.com/inventory/used-2024-subaru-ascent-onyx-edition-awd-4d-sport-utility-4s4wmahd1r3432406/	35728 USD	2024 Blue Subaru Ascent Used 2024 Subaru Ascent Onyx Edition 4D Sport Utility 2.4L 4-Cylinder DOHC 16V For sale at Carlson Toyota in Coon Rapids Minnesota.	https://vehicle-images.carscommerce.inc/c1e1-110008693/4S4WMAHD1R3432406/thumbnails/large/db6072d06cf123e74ac941fea92eb23d.webp	in stock	USED	SUV	Vehicles & Parts > Vehicles > Motor Vehicles > Cars, Trucks & Vans	4S4WMAHD1R3432406	https://www.carlsontoyota.com/inventory/used-2024-subaru-ascent-onyx-edition-awd-4d-sport-utility-4s4wmahd1r3432406/123?store={store_code}	BLUE	27000 miles	Ascent	4S4WMAHD1R3432406	2024	35728 USD	CT100	35728 USD	MI	Ascent
5TDKDRBH5RS567657	2024 Toyota Highlander XLE	Toyota	https://www.carlsontoyota.com/inventory/used-2024-toyota-highlander-xle-awd-4d-sport-utility-5tdkdrbh5rs567657/	44167 USD	2024 Silver Toyota Highlander Used 2024 Toyota Highlander XLE 4D Sport Utility 2.4L I4 PDI Turbocharged DOHC 16V LEV3-SULEV30 265hp For sale at Carlson Toyota in Coon Rapids Minnesota.	https://www.carlsontoyota.com/wp-content/plugins/inventory/images/notfound.jpg	in stock	USED	SUV	Vehicles & Parts > Vehicles > Motor Vehicles > Cars, Trucks & Vans	5TDKDRBH5RS567657	https://www.carlsontoyota.com/inventory/used-2024-toyota-highlander-xle-awd-4d-sport-utility-5tdkdrbh5rs567657/123?store={store_code}	SILVER	22000 miles	Highlander	5TDKDRBH5RS567657	2024	44167 USD	CT100	44167 USD	MI	Highlander
5TDKDRBHXRS550322	2024 Toyota Highlander XLE	Toyota	https://www.carlsontoyota.com/inventory/used-2024-toyota-highlander-xle-awd-4d-sport-utility-5tdkdrbhxrs550322/	43536 USD	2024 Gray Toyota Highlander Used 2024 Toyota Highlander XLE 4D Sport Utility 2.4L I4 PDI Turbocharged DOHC 16V LEV3-SULEV30 265hp For sale at Carlson Toyota in Coon Rapids Minnesota.	https://vehicle-images.carscommerce.inc/c0a7-110008693/5TDKDRBHXRS550322/thumbnails/large/f1d5cec3be02ebf2f657d44658cb6b4b.webp	in stock	USED	SUV	Vehicles & Parts > Vehicles > Motor Vehicles > Cars, Trucks & Vans	5TDKDRBHXRS550322	https://www.carlsontoyota.com/inventory/used-2024-toyota-highlander-xle-awd-4d-sport-utility-5tdkdrbhxrs550322/123?store={store_code}	GRAY	12236 miles	Highlander	5TDKDRBHXRS550322	2024	43536 USD	CT100	43536 USD	MI	Highlander
2T3P1RFV1RW460408	2024 Toyota RAV4 XLE	Toyota	https://www.carlsontoyota.com/inventory/used-2024-toyota-rav4-xle-awd-4d-sport-utility-2t3p1rfv1rw460408/	34877 USD	2024 White Toyota RAV4 Used 2024 Toyota RAV4 XLE 4D Sport Utility 2.5L 4-Cylinder DOHC Dual VVT-i For sale at Carlson Toyota in Coon Rapids Minnesota.	https://www.carlsontoyota.com/wp-content/plugins/inventory/images/notfound.jpg	in stock	USED	SUV	Vehicles & Parts > Vehicles > Motor Vehicles > Cars, Trucks & Vans	2T3P1RFV1RW460408	https://www.carlsontoyota.com/inventory/used-2024-toyota-rav4-xle-awd-4d-sport-utility-2t3p1rfv1rw460408/123?store={store_code}	WHITE	25638 miles	RAV4	2T3P1RFV1RW460408	2024	34877 USD	CT100	34877 USD	MI	RAV4
5TFJA5DB3RX194182	2024 Toyota Tundra Limited 4D CrewMax 4WD	Toyota	https://www.carlsontoyota.com/inventory/used-2024-toyota-tundra-limited-4wd-4d-crewmax-5tfja5db3rx194182/	50834 USD	2024 Silver Toyota Tundra Used 2024 Toyota Tundra Limited 4D CrewMax 3.4L V6 For sale at Carlson Toyota in Coon Rapids Minnesota.	https://www.carlsontoyota.com/wp-content/plugins/inventory/images/notfound.jpg	in stock	USED	TRUCK	Vehicles & Parts > Vehicles > Motor Vehicles > Cars, Trucks & Vans	5TFJA5DB3RX194182	https://www.carlsontoyota.com/inventory/used-2024-toyota-tundra-limited-4wd-4d-crewmax-5tfja5db3rx194182/123?store={store_code}	SILVER	25508 miles	Tundra	5TFJA5DB3RX194182	2024	50834 USD	CT100	50834 USD	MI	Tundra
KL4AMGSL9SB011640	2025 Buick Encore GX Avenir	Buick	https://www.carlsontoyota.com/inventory/used-2025-buick-encore-gx-avenir-awd-4d-sport-utility-kl4amgsl9sb011640/	27328 USD	2025 Red Buick Encore GX Used 2025 Buick Encore GX Avenir 4D Sport Utility ECOTEC 1.3L Turbo For sale at Carlson Toyota in Coon Rapids Minnesota.	https://vehicle-images.carscommerce.inc/5869-110008693/KL4AMGSL9SB011640/thumbnails/large/735d2635501d267dadf7db6ed5a5d826.webp	in stock	USED	SUV	Vehicles & Parts > Vehicles > Motor Vehicles > Cars, Trucks & Vans	KL4AMGSL9SB011640	https://www.carlsontoyota.com/inventory/used-2025-buick-encore-gx-avenir-awd-4d-sport-utility-kl4amgsl9sb011640/123?store={store_code}	RED	33875 miles	Encore GX	KL4AMGSL9SB011640	2025	27328 USD	CT100	27328 USD	MI	Encore GX
1GYKNDR46SZ107215	2025 Cadillac XT5 Premium Luxury	Cadillac	https://www.carlsontoyota.com/inventory/used-2025-cadillac-xt5-premium-luxury-awd-4d-sport-utility-1gykndr46sz107215/	41235 USD	2025 Green Cadillac XT5 Used 2025 Cadillac XT5 Premium Luxury 4D Sport Utility 2.0L Turbocharged For sale at Carlson Toyota in Coon Rapids Minnesota.	https://vehicle-images.carscommerce.inc/37da-110008693/1GYKNDR46SZ107215/thumbnails/large/718dd512bd1be387078ec7c7a64e5e3e.webp	in stock	USED	SUV	Vehicles & Parts > Vehicles > Motor Vehicles > Cars, Trucks & Vans	1GYKNDR46SZ107215	https://www.carlsontoyota.com/inventory/used-2025-cadillac-xt5-premium-luxury-awd-4d-sport-utility-1gykndr46sz107215/123?store={store_code}	GREEN	11227 miles	XT5	1GYKNDR46SZ107215	2025	41235 USD	CT100	41235 USD	MI	XT5
3GCNKAEKXSG150552	2025 Chevrolet Silverado 1500 WT	Chevrolet	https://www.carlsontoyota.com/inventory/used-2025-chevrolet-silverado-1500-wt-4wd-2d-standard-cab-3gcnkaekxsg150552/	33915 USD	2025 Black Chevrolet Silverado 1500 Used 2025 Chevrolet Silverado 1500 WT 2D Standard Cab 2.7L I4 Turbocharged DOHC 16V LEV3-SULEV30 310hp For sale at Carlson Toyota in Coon Rapids Minnesota.	https://vehicle-images.carscommerce.inc/9cab-110008693/3GCNKAEKXSG150552/thumbnails/large/ca463fc05018ecbd231195abbb9adee5.webp	in stock	USED	TRUCK	Vehicles & Parts > Vehicles > Motor Vehicles > Cars, Trucks & Vans	3GCNKAEKXSG150552	https://www.carlsontoyota.com/inventory/used-2025-chevrolet-silverado-1500-wt-4wd-2d-standard-cab-3gcnkaekxsg150552/123?store={store_code}	BLACK	13070 miles	Silverado 1500	3GCNKAEKXSG150552	2025	33915 USD	CT100	33915 USD	MI	Silverado 1500
1FMCU9MN3SUA10976	2025 Ford Escape ST-Line	Ford	https://www.carlsontoyota.com/inventory/used-2025-ford-escape-st-line-awd-4d-sport-utility-1fmcu9mn3sua10976/	19698 USD	2025 Silver Ford Escape Used 2025 Ford Escape ST-Line 4D Sport Utility 1.5L EcoBoost For sale at Carlson Toyota in Coon Rapids Minnesota.	https://vehicle-images.carscommerce.inc/ba06-110008693/1FMCU9MN3SUA10976/thumbnails/large/a3acb475322f86ac99ff5f87c45fd1f5.webp	in stock	USED	SUV	Vehicles & Parts > Vehicles > Motor Vehicles > Cars, Trucks & Vans	1FMCU9MN3SUA10976	https://www.carlsontoyota.com/inventory/used-2025-ford-escape-st-line-awd-4d-sport-utility-1fmcu9mn3sua10976/123?store={store_code}	SILVER	49309 miles	Escape	1FMCU9MN3SUA10976	2025	19698 USD	CT100	19698 USD	MI	Escape
JM3KFBCM6S0699971	2025 Mazda CX-5 2.5 S Carbon Edition	Mazda	https://www.carlsontoyota.com/inventory/used-2025-mazda-cx-5-2-5-s-carbon-edition-awd-4d-sport-utility-jm3kfbcm6s0699971/	27993 USD	2025 Gray Mazda CX-5 Used 2025 Mazda CX-5 2.5 S Carbon Edition 4D Sport Utility SKYACTIV®-G 2.5L 4-Cylinder DOHC 16V For sale at Carlson Toyota in Coon Rapids Minnesota.	https://vehicle-images.carscommerce.inc/892a-110008693/JM3KFBCM6S0699971/thumbnails/large/8dc68adf3d82b010a9494d93f56a51ed.webp	in stock	USED	SUV	Vehicles & Parts > Vehicles > Motor Vehicles > Cars, Trucks & Vans	JM3KFBCM6S0699971	https://www.carlsontoyota.com/inventory/used-2025-mazda-cx-5-2-5-s-carbon-edition-awd-4d-sport-utility-jm3kfbcm6s0699971/123?store={store_code}	GRAY	27774 miles	CX-5	JM3KFBCM6S0699971	2025	27993 USD	CT100	27993 USD	MI	CX-5
JM3KFBCM9S0687961	2025 Mazda CX-5 2.5 S Carbon Edition	Mazda	https://www.carlsontoyota.com/inventory/used-2025-mazda-cx-5-2-5-s-carbon-edition-awd-4d-sport-utility-jm3kfbcm9s0687961/	27851 USD	2025 Gray Mazda CX-5 Used 2025 Mazda CX-5 2.5 S Carbon Edition 4D Sport Utility SKYACTIV®-G 2.5L 4-Cylinder DOHC 16V For sale at Carlson Toyota in Coon Rapids Minnesota.	https://vehicle-images.carscommerce.inc/e169-110008693/JM3KFBCM9S0687961/thumbnails/large/5570a91745ebfc65027b08dd095e2c45.webp	in stock	USED	SUV	Vehicles & Parts > Vehicles > Motor Vehicles > Cars, Trucks & Vans	JM3KFBCM9S0687961	https://www.carlsontoyota.com/inventory/used-2025-mazda-cx-5-2-5-s-carbon-edition-awd-4d-sport-utility-jm3kfbcm9s0687961/123?store={store_code}	GRAY	29522 miles	CX-5	JM3KFBCM9S0687961	2025	27851 USD	CT100	27851 USD	MI	CX-5
JM3KFBCL4S0672727	2025 Mazda CX-5 2.5 S Preferred Package	Mazda	https://www.carlsontoyota.com/inventory/used-2025-mazda-cx-5-2-5-s-preferred-package-awd-4d-sport-utility-jm3kfbcl4s0672727/	27798 USD	2025 White Mazda CX-5 Used 2025 Mazda CX-5 2.5 S Preferred Package 4D Sport Utility SKYACTIV®-G 2.5L 4-Cylinder DOHC 16V For sale at Carlson Toyota in Coon Rapids Minnesota.	https://vehicle-images.carscommerce.inc/6727-110008693/JM3KFBCL4S0672727/thumbnails/large/2f12cf14485ff16c41e8aa58044f0e1d.webp	in stock	USED	SUV	Vehicles & Parts > Vehicles > Motor Vehicles > Cars, Trucks & Vans	JM3KFBCL4S0672727	https://www.carlsontoyota.com/inventory/used-2025-mazda-cx-5-2-5-s-preferred-package-awd-4d-sport-utility-jm3kfbcl4s0672727/123?store={store_code}	WHITE	27907 miles	CX-5	JM3KFBCL4S0672727	2025	27798 USD	CT100	27798 USD	MI	CX-5
7MMVABDM0SN385447	2025 Mazda CX-50 2.5 S Premium Package	Mazda	https://www.carlsontoyota.com/inventory/used-2025-mazda-cx-50-2-5-s-premium-package-awd-4d-sport-utility-7mmvabdm0sn385447/	28798 USD	2025 Blue Mazda CX-50 Used 2025 Mazda CX-50 2.5 S Premium Package 4D Sport Utility SKYACTIV®-G 2.5L 4-Cylinder DOHC 16V For sale at Carlson Toyota in Coon Rapids Minnesota.	https://vehicle-images.carscommerce.inc/9994-110008693/7MMVABDM0SN385447/thumbnails/large/775d1c2f6fb0f3f5440d57ece7c1b795.webp	in stock	USED	SUV	Vehicles & Parts > Vehicles > Motor Vehicles > Cars, Trucks & Vans	7MMVABDM0SN385447	https://www.carlsontoyota.com/inventory/used-2025-mazda-cx-50-2-5-s-premium-package-awd-4d-sport-utility-7mmvabdm0sn385447/123?store={store_code}	BLUE	24986 miles	CX-50	7MMVABDM0SN385447	2025	28798 USD	CT100	28798 USD	MI	CX-50
JM1BPBYY5S1777555	2025 Mazda3 2.5 Carbon Turbo	Mazda	https://www.carlsontoyota.com/inventory/used-2025-mazda-mazda3-2-5-carbon-turbo-awd-4d-hatchback-jm1bpbyy5s1777555/	29098 USD	2025 Beige Mazda Mazda3 Used 2025 Mazda Mazda3 2.5 Carbon Turbo 4D Hatchback 2.5L I4 For sale at Carlson Toyota in Coon Rapids Minnesota.	https://vehicle-images.carscommerce.inc/99d3-110008693/JM1BPBYY5S1777555/thumbnails/large/cbeb7ebcfd48f3235b80b2796a85e3a7.webp	in stock	USED	OTHER	Vehicles & Parts > Vehicles > Motor Vehicles > Cars, Trucks & Vans	JM1BPBYY5S1777555	https://www.carlsontoyota.com/inventory/used-2025-mazda-mazda3-2-5-carbon-turbo-awd-4d-hatchback-jm1bpbyy5s1777555/123?store={store_code}	BEIGE	25237 miles	Mazda3	JM1BPBYY5S1777555	2025	29098 USD	CT100	29098 USD	MI	Mazda3
3MZBPABM8SM460868	2025 Mazda3 2.5 S Select Sport	Mazda	https://www.carlsontoyota.com/inventory/used-2025-mazda-mazda3-2-5-s-select-sport-fwd-4d-sedan-3mzbpabm8sm460868/	21098 USD	2025 Silver Mazda Mazda3 Used 2025 Mazda Mazda3 2.5 S Select Sport 4D Sedan SKYACTIV®-G 2.5L 4-Cylinder DOHC 16V For sale at Carlson Toyota in Coon Rapids Minnesota.	https://vehicle-images.carscommerce.inc/4219-110008693/3MZBPABM8SM460868/thumbnails/large/b3b159d1446aa82b136f6166a03037d6.webp	in stock	USED	OTHER	Vehicles & Parts > Vehicles > Motor Vehicles > Cars, Trucks & Vans	3MZBPABM8SM460868	https://www.carlsontoyota.com/inventory/used-2025-mazda-mazda3-2-5-s-select-sport-fwd-4d-sedan-3mzbpabm8sm460868/123?store={store_code}	SILVER	46133 miles	Mazda3	3MZBPABM8SM460868	2025	21098 USD	CT100	21098 USD	MI	Mazda3
JM1BPABM5S1760531	2025 Mazda3 2.5 S Select Sport	Mazda	https://www.carlsontoyota.com/inventory/used-2025-mazda-mazda3-2-5-s-select-sport-fwd-4d-sedan-jm1bpabm5s1760531/	20598 USD	2025 Silver Mazda Mazda3 Used 2025 Mazda Mazda3 2.5 S Select Sport 4D Sedan SKYACTIV®-G 2.5L 4-Cylinder DOHC 16V For sale at Carlson Toyota in Coon Rapids Minnesota.	https://vehicle-images.carscommerce.inc/ed08-110008693/JM1BPABM5S1760531/thumbnails/large/f0289dd5a647e3d1c316da4af9a86017.webp	in stock	USED	OTHER	Vehicles & Parts > Vehicles > Motor Vehicles > Cars, Trucks & Vans	JM1BPABM5S1760531	https://www.carlsontoyota.com/inventory/used-2025-mazda-mazda3-2-5-s-select-sport-fwd-4d-sedan-jm1bpabm5s1760531/123?store={store_code}	SILVER	56301 miles	Mazda3	JM1BPABM5S1760531	2025	20598 USD	CT100	20598 USD	MI	Mazda3
JM1BPABM5S1762862	2025 Mazda3 2.5 S Select Sport	Mazda	https://www.carlsontoyota.com/inventory/used-2025-mazda-mazda3-2-5-s-select-sport-fwd-4d-sedan-jm1bpabm5s1762862/	21443 USD	2025 Silver Mazda Mazda3 Used 2025 Mazda Mazda3 2.5 S Select Sport 4D Sedan SKYACTIV®-G 2.5L 4-Cylinder DOHC 16V For sale at Carlson Toyota in Coon Rapids Minnesota.	https://vehicle-images.carscommerce.inc/7afe-110008693/JM1BPABM5S1762862/thumbnails/large/1a5711a4cbfb617058a6c0ecc13b131a.webp	in stock	USED	OTHER	Vehicles & Parts > Vehicles > Motor Vehicles > Cars, Trucks & Vans	JM1BPABM5S1762862	https://www.carlsontoyota.com/inventory/used-2025-mazda-mazda3-2-5-s-select-sport-fwd-4d-sedan-jm1bpabm5s1762862/123?store={store_code}	SILVER	45066 miles	Mazda3	JM1BPABM5S1762862	2025	21443 USD	CT100	21443 USD	MI	Mazda3
5N1BT3AB2SC811555	2025 Nissan Rogue S	Nissan	https://www.carlsontoyota.com/inventory/used-2025-nissan-rogue-s-awd-4d-sport-utility-5n1bt3ab2sc811555/	22898 USD	2025 Black Nissan Rogue Used 2025 Nissan Rogue S 4D Sport Utility 1.5L DOHC For sale at Carlson Toyota in Coon Rapids Minnesota.	https://vehicle-images.carscommerce.inc/dea0-110008693/5N1BT3AB2SC811555/thumbnails/large/a24eabb891061d5fd8df48d051332db0.webp	in stock	USED	SUV	Vehicles & Parts > Vehicles > Motor Vehicles > Cars, Trucks & Vans	5N1BT3AB2SC811555	https://www.carlsontoyota.com/inventory/used-2025-nissan-rogue-s-awd-4d-sport-utility-5n1bt3ab2sc811555/123?store={store_code}	BLACK	30631 miles	Rogue	5N1BT3AB2SC811555	2025	22898 USD	CT100	22898 USD	MI	Rogue
JF2SLDRC7SH598128	2025 Subaru Forester Limited	Subaru	https://www.carlsontoyota.com/inventory/used-2025-subaru-forester-limited-awd-4d-sport-utility-jf2sldrc7sh598128/	32969 USD	2025 Black Subaru Forester Used 2025 Subaru Forester Limited 4D Sport Utility 2.5L 4-Cylinder DOHC 16V For sale at Carlson Toyota in Coon Rapids Minnesota.	https://vehicle-images.carscommerce.inc/7642-110008693/JF2SLDRC7SH598128/thumbnails/large/203b4e227974493f6b51db16f1228f91.webp	in stock	USED	SUV	Vehicles & Parts > Vehicles > Motor Vehicles > Cars, Trucks & Vans	JF2SLDRC7SH598128	https://www.carlsontoyota.com/inventory/used-2025-subaru-forester-limited-awd-4d-sport-utility-jf2sldrc7sh598128/123?store={store_code}	BLACK	9464 miles	Forester	JF2SLDRC7SH598128	2025	32969 USD	CT100	32969 USD	MI	Forester
4T1DBADKXSU512336	2025 Toyota Camry LE	Toyota	https://www.carlsontoyota.com/inventory/used-2025-toyota-camry-le-awd-4d-sedan-4t1dbadkxsu512336/	30070 USD	2025 White Toyota Camry Used 2025 Toyota Camry LE 4D Sedan 2.5L 4-Cylinder 16V DOHC For sale at Carlson Toyota in Coon Rapids Minnesota.	https://vehicle-images.carscommerce.inc/d255-110008693/4T1DBADKXSU512336/thumbnails/large/d7b6afb61de55459290334780b34d06b.webp	in stock	USED	OTHER	Vehicles & Parts > Vehicles > Motor Vehicles > Cars, Trucks & Vans	4T1DBADKXSU512336	https://www.carlsontoyota.com/inventory/used-2025-toyota-camry-le-awd-4d-sedan-4t1dbadkxsu512336/123?store={store_code}	WHITE	31377 miles	Camry	4T1DBADKXSU512336	2025	30070 USD	CT100	30070 USD	MI	Camry
4T1DAACK3SU170524	2025 Toyota Camry SE	Toyota	https://www.carlsontoyota.com/inventory/used-2025-toyota-camry-se-fwd-4d-sedan-4t1daack3su170524/	29641 USD	2025 White Toyota Camry Used 2025 Toyota Camry SE 4D Sedan 2.5L 4-Cylinder 16V DOHC For sale at Carlson Toyota in Coon Rapids Minnesota.	https://vehicle-images.carscommerce.inc/b539-110008693/4T1DAACK3SU170524/thumbnails/large/4c56cabc1d14252fd91fd9d526c64da7.webp	in stock	USED	OTHER	Vehicles & Parts > Vehicles > Motor Vehicles > Cars, Trucks & Vans	4T1DAACK3SU170524	https://www.carlsontoyota.com/inventory/used-2025-toyota-camry-se-fwd-4d-sedan-4t1daack3su170524/123?store={store_code}	WHITE	44107 miles	Camry	4T1DAACK3SU170524	2025	29641 USD	CT100	29641 USD	MI	Camry
4T1DAACK4SU510490	2025 Toyota Camry SE	Toyota	https://www.carlsontoyota.com/inventory/used-2025-toyota-camry-se-fwd-4d-sedan-4t1daack4su510490/	29896 USD	2025 White Toyota Camry Used 2025 Toyota Camry SE 4D Sedan 2.5L 4-Cylinder 16V DOHC For sale at Carlson Toyota in Coon Rapids Minnesota.	https://www.carlsontoyota.com/wp-content/plugins/inventory/images/notfound.jpg	in stock	USED	OTHER	Vehicles & Parts > Vehicles > Motor Vehicles > Cars, Trucks & Vans	4T1DAACK4SU510490	https://www.carlsontoyota.com/inventory/used-2025-toyota-camry-se-fwd-4d-sedan-4t1daack4su510490/123?store={store_code}	WHITE	53136 miles	Camry	4T1DAACK4SU510490	2025	29896 USD	CT100	29896 USD	MI	Camry
4T1DAACKXSU155535	2025 Toyota Camry SE	Toyota	https://www.carlsontoyota.com/inventory/used-2025-toyota-camry-se-fwd-4d-sedan-4t1daackxsu155535/	30349 USD	2025 Blue Toyota Camry Used 2025 Toyota Camry SE 4D Sedan 2.5L 4-Cylinder 16V DOHC For sale at Carlson Toyota in Coon Rapids Minnesota.	https://www.carlsontoyota.com/wp-content/plugins/inventory/images/notfound.jpg	in stock	USED	OTHER	Vehicles & Parts > Vehicles > Motor Vehicles > Cars, Trucks & Vans	4T1DAACKXSU155535	https://www.carlsontoyota.com/inventory/used-2025-toyota-camry-se-fwd-4d-sedan-4t1daackxsu155535/123?store={store_code}	BLUE	54619 miles	Camry	4T1DAACKXSU155535	2025	30349 USD	CT100	30349 USD	MI	Camry
4T3RWRFV5SU169801	2025 Toyota RAV4 Hybrid XLE	Toyota	https://www.carlsontoyota.com/inventory/used-2025-toyota-rav4-hybrid-xle-awd-4d-sport-utility-4t3rwrfv5su169801/	37337 USD	2025 Silver Toyota RAV4 Used 2025 Toyota RAV4 Hybrid XLE 4D Sport Utility 2.5L 4-Cylinder For sale at Carlson Toyota in Coon Rapids Minnesota.	https://vehicle-images.carscommerce.inc/7201-110008693/4T3RWRFV5SU169801/thumbnails/large/665939fe053f68dca4e50107095767aa.webp	in stock	USED	SUV	Vehicles & Parts > Vehicles > Motor Vehicles > Cars, Trucks & Vans	4T3RWRFV5SU169801	https://www.carlsontoyota.com/inventory/used-2025-toyota-rav4-hybrid-xle-awd-4d-sport-utility-4t3rwrfv5su169801/123?store={store_code}	SILVER	44120 miles	RAV4	4T3RWRFV5SU169801	2025	37337 USD	CT100	37337 USD	MI	RAV4
2T3P1RFV9SW544756	2025 Toyota RAV4 XLE	Toyota	https://www.carlsontoyota.com/inventory/used-2025-toyota-rav4-xle-awd-4d-sport-utility-2t3p1rfv9sw544756/	32868 USD	2025 White Toyota RAV4 Used 2025 Toyota RAV4 XLE 4D Sport Utility 2.5L 4-Cylinder DOHC Dual VVT-i For sale at Carlson Toyota in Coon Rapids Minnesota.	https://vehicle-images.carscommerce.inc/2b40-110008693/2T3P1RFV9SW544756/thumbnails/large/a9bd773a4029d4db00d977231e35b8f3.webp	in stock	USED	SUV	Vehicles & Parts > Vehicles > Motor Vehicles > Cars, Trucks & Vans	2T3P1RFV9SW544756	https://www.carlsontoyota.com/inventory/used-2025-toyota-rav4-xle-awd-4d-sport-utility-2t3p1rfv9sw544756/123?store={store_code}	WHITE	37320 miles	RAV4	2T3P1RFV9SW544756	2025	32868 USD	CT100	32868 USD	MI	RAV4
2T3A1RFV6SW503880	2025 Toyota RAV4 XLE Premium	Toyota	https://www.carlsontoyota.com/inventory/used-2025-toyota-rav4-xle-premium-awd-4d-sport-utility-2t3a1rfv6sw503880/	38578 USD	2025 Blue Toyota RAV4 Used 2025 Toyota RAV4 XLE Premium 4D Sport Utility 2.5L 4-Cylinder DOHC Dual VVT-i For sale at Carlson Toyota in Coon Rapids Minnesota.	https://vehicle-images.carscommerce.inc/c4a4-110008693/2T3A1RFV6SW503880/thumbnails/large/b7cc5dc0fd539f01ace38df032f6a83b.webp	in stock	USED	SUV	Vehicles & Parts > Vehicles > Motor Vehicles > Cars, Trucks & Vans	2T3A1RFV6SW503880	https://www.carlsontoyota.com/inventory/used-2025-toyota-rav4-xle-premium-awd-4d-sport-utility-2t3a1rfv6sw503880/123?store={store_code}	BLUE	36073 miles	RAV4	2T3A1RFV6SW503880	2025	38578 USD	CT100	38578 USD	MI	RAV4
5UX23EU00T9108253	2026 BMW X5 xDrive40i	BMW	https://www.carlsontoyota.com/inventory/used-2026-bmw-x5-xdrive40i-awd-4d-sport-utility-5ux23eu00t9108253/	50739 USD	2026 Gray BMW X5 Used 2026 BMW X5 xDrive40i 4D Sport Utility 3.0L I6 DOHC 24V For sale at Carlson Toyota in Coon Rapids Minnesota.	https://vehicle-images.carscommerce.inc/26bd-110008693/5UX23EU00T9108253/thumbnails/large/53658b9dc61d08c8036c539fd49e0ca1.webp	in stock	USED	SUV	Vehicles & Parts > Vehicles > Motor Vehicles > Cars, Trucks & Vans	5UX23EU00T9108253	https://www.carlsontoyota.com/inventory/used-2026-bmw-x5-xdrive40i-awd-4d-sport-utility-5ux23eu00t9108253/123?store={store_code}	GRAY	33480 miles	X5	5UX23EU00T9108253	2026	50739 USD	CT100	50739 USD	MI	X5
KMUHFESB8TU303227	2026 Genesis GV80 2.5T	Genesis	https://www.carlsontoyota.com/inventory/used-2026-genesis-gv80-2-5t-awd-4d-sport-utility-kmuhfesb8tu303227/	44898 USD	2026 White Genesis GV80 Used 2026 Genesis GV80 2.5T 4D Sport Utility 2.5L DOHC For sale at Carlson Toyota in Coon Rapids Minnesota.	https://vehicle-images.carscommerce.inc/3f91-110008693/KMUHFESB8TU303227/thumbnails/large/5c3af034183860ee9eef64bdcc8e11df.webp	in stock	USED	SUV	Vehicles & Parts > Vehicles > Motor Vehicles > Cars, Trucks & Vans	KMUHFESB8TU303227	https://www.carlsontoyota.com/inventory/used-2026-genesis-gv80-2-5t-awd-4d-sport-utility-kmuhfesb8tu303227/123?store={store_code}	WHITE	14071 miles	GV80	KMUHFESB8TU303227	2026	44898 USD	CT100	44898 USD	MI	GV80
2HGFE4F80TH309405	2026 Honda Civic Hybrid Sport	Honda	https://www.carlsontoyota.com/inventory/used-2026-honda-civic-hybrid-sport-fwd-4d-sedan-2hgfe4f80th309405/	30902 USD	2026 Silver Honda Civic Used 2026 Honda Civic Hybrid Sport 4D Sedan 2.0L 16V DOHC For sale at Carlson Toyota in Coon Rapids Minnesota.	https://vehicle-images.carscommerce.inc/ab01-110008693/2HGFE4F80TH309405/thumbnails/large/3dc3184f8db8fc7ab57473f0ac752937.webp	in stock	USED	OTHER	Vehicles & Parts > Vehicles > Motor Vehicles > Cars, Trucks & Vans	2HGFE4F80TH309405	https://www.carlsontoyota.com/inventory/used-2026-honda-civic-hybrid-sport-fwd-4d-sedan-2hgfe4f80th309405/123?store={store_code}	SILVER	17191 miles	Civic	2HGFE4F80TH309405	2026	30902 USD	CT100	30902 USD	MI	Civic
KNDNB5KA3T6120587	2026 Kia Carnival Hybrid LXS	Kia	https://www.carlsontoyota.com/inventory/used-2026-kia-carnival-hybrid-lxs-fwd-4d-passenger-van-kndnb5ka3t6120587/	36498 USD	2026 Black Kia Carnival Used 2026 Kia Carnival Hybrid LXS 4D Passenger Van 1.6L I4 DGI Hybrid Turbocharged DOHC 16V LEV3-SULEV30 For sale at Carlson Toyota in Coon Rapids Minnesota.	https://vehicle-images.carscommerce.inc/36a4-110008693/KNDNB5KA3T6120587/thumbnails/large/cc54ecce6f2eb04b6fdc7a6349a90498.webp	in stock	USED	VAN	Vehicles & Parts > Vehicles > Motor Vehicles > Cars, Trucks & Vans	KNDNB5KA3T6120587	https://www.carlsontoyota.com/inventory/used-2026-kia-carnival-hybrid-lxs-fwd-4d-passenger-van-kndnb5ka3t6120587/123?store={store_code}	BLACK	21165 miles	Carnival	KNDNB5KA3T6120587	2026	36498 USD	CT100	36498 USD	MI	Carnival
7MMVABBL3TN463103	2026 Mazda CX-50 2.5 S Preferred	Mazda	https://www.carlsontoyota.com/inventory/used-2026-mazda-cx-50-2-5-s-preferred-awd-4d-sport-utility-7mmvabbl3tn463103/	28798 USD	2026 Black Mazda CX-50 Used 2026 Mazda CX-50 2.5 S Preferred 4D Sport Utility SKYACTIV®-G 2.5L 4-Cylinder DOHC 16V For sale at Carlson Toyota in Coon Rapids Minnesota.	https://vehicle-images.carscommerce.inc/2816-110008693/7MMVABBL3TN463103/thumbnails/large/0e434864a607fa89f4f0c49bf3869794.webp	in stock	USED	SUV	Vehicles & Parts > Vehicles > Motor Vehicles > Cars, Trucks & Vans	7MMVABBL3TN463103	https://www.carlsontoyota.com/inventory/used-2026-mazda-cx-50-2-5-s-preferred-awd-4d-sport-utility-7mmvabbl3tn463103/123?store={store_code}	BLACK	19603 miles	CX-50	7MMVABBL3TN463103	2026	28798 USD	CT100	28798 USD	MI	CX-50
7MMVABBL4TN464986	2026 Mazda CX-50 2.5 S Preferred	Mazda	https://www.carlsontoyota.com/inventory/used-2026-mazda-cx-50-2-5-s-preferred-awd-4d-sport-utility-7mmvabbl4tn464986/	28798 USD	2026 Black Mazda CX-50 Used 2026 Mazda CX-50 2.5 S Preferred 4D Sport Utility SKYACTIV®-G 2.5L 4-Cylinder DOHC 16V For sale at Carlson Toyota in Coon Rapids Minnesota.	https://vehicle-images.carscommerce.inc/6ecf-110008693/7MMVABBL4TN464986/thumbnails/large/68b9e5da618287b87ee00a21c7621388.webp	in stock	USED	SUV	Vehicles & Parts > Vehicles > Motor Vehicles > Cars, Trucks & Vans	7MMVABBL4TN464986	https://www.carlsontoyota.com/inventory/used-2026-mazda-cx-50-2-5-s-preferred-awd-4d-sport-utility-7mmvabbl4tn464986/123?store={store_code}	BLACK	17433 miles	CX-50	7MMVABBL4TN464986	2026	28798 USD	CT100	28798 USD	MI	CX-50
7MMVABBL7TN462231	2026 Mazda CX-50 2.5 S Preferred	Mazda	https://www.carlsontoyota.com/inventory/used-2026-mazda-cx-50-2-5-s-preferred-awd-4d-sport-utility-7mmvabbl7tn462231/	28956 USD	2026 Green Mazda CX-50 Used 2026 Mazda CX-50 2.5 S Preferred 4D Sport Utility SKYACTIV®-G 2.5L 4-Cylinder DOHC 16V For sale at Carlson Toyota in Coon Rapids Minnesota.	https://vehicle-images.carscommerce.inc/ae2b-110008693/7MMVABBL7TN462231/thumbnails/large/585f73036cec845df1355666e51f3c39.webp	in stock	USED	SUV	Vehicles & Parts > Vehicles > Motor Vehicles > Cars, Trucks & Vans	7MMVABBL7TN462231	https://www.carlsontoyota.com/inventory/used-2026-mazda-cx-50-2-5-s-preferred-awd-4d-sport-utility-7mmvabbl7tn462231/123?store={store_code}	GREEN	16721 miles	CX-50	7MMVABBL7TN462231	2026	28956 USD	CT100	28956 USD	MI	CX-50
7MMVABBL8TN462187	2026 Mazda CX-50 2.5 S Preferred	Mazda	https://www.carlsontoyota.com/inventory/used-2026-mazda-cx-50-2-5-s-preferred-awd-4d-sport-utility-7mmvabbl8tn462187/	28738 USD	2026 Gray Mazda CX-50 Used 2026 Mazda CX-50 2.5 S Preferred 4D Sport Utility SKYACTIV®-G 2.5L 4-Cylinder DOHC 16V For sale at Carlson Toyota in Coon Rapids Minnesota.	https://vehicle-images.carscommerce.inc/5fdc-110008693/7MMVABBL8TN462187/thumbnails/large/3043f92dbfb3fa568a9da4ebaa960fc8.webp	in stock	USED	SUV	Vehicles & Parts > Vehicles > Motor Vehicles > Cars, Trucks & Vans	7MMVABBL8TN462187	https://www.carlsontoyota.com/inventory/used-2026-mazda-cx-50-2-5-s-preferred-awd-4d-sport-utility-7mmvabbl8tn462187/123?store={store_code}	GRAY	20955 miles	CX-50	7MMVABBL8TN462187	2026	28738 USD	CT100	28738 USD	MI	CX-50
JM3KKCHD2T1353891	2026 Mazda CX-90 3.3 Turbo Premium	Mazda	https://www.carlsontoyota.com/inventory/used-2026-mazda-cx-90-3-3-turbo-premium-awd-4d-sport-utility-jm3kkchd2t1353891/	39477 USD	2026 Black Mazda CX-90 Used 2026 Mazda CX-90 3.3 Turbo Premium 4D Sport Utility 3.3L e-SKYACTIV®-G I6 Turbocharged For sale at Carlson Toyota in Coon Rapids Minnesota.	https://vehicle-images.carscommerce.inc/30b1-110008693/JM3KKCHD2T1353891/thumbnails/large/a468158a05b0022c11a928b0e9c2c073.webp	in stock	USED	SUV	Vehicles & Parts > Vehicles > Motor Vehicles > Cars, Trucks & Vans	JM3KKCHD2T1353891	https://www.carlsontoyota.com/inventory/used-2026-mazda-cx-90-3-3-turbo-premium-awd-4d-sport-utility-jm3kkchd2t1353891/123?store={store_code}	BLACK	19429 miles	CX-90	JM3KKCHD2T1353891	2026	39477 USD	CT100	39477 USD	MI	CX-90
JM3KKCHD6T1355823	2026 Mazda CX-90 3.3 Turbo Premium	Mazda	https://www.carlsontoyota.com/inventory/used-2026-mazda-cx-90-3-3-turbo-premium-awd-4d-sport-utility-jm3kkchd6t1355823/	39956 USD	2026 Silver Mazda CX-90 Used 2026 Mazda CX-90 3.3 Turbo Premium 4D Sport Utility 3.3L e-SKYACTIV®-G I6 Turbocharged For sale at Carlson Toyota in Coon Rapids Minnesota.	https://vehicle-images.carscommerce.inc/5519-110008693/JM3KKCHD6T1355823/thumbnails/large/16fabcaf5d8f6751173c1d8641e724f3.webp	in stock	USED	SUV	Vehicles & Parts > Vehicles > Motor Vehicles > Cars, Trucks & Vans	JM3KKCHD6T1355823	https://www.carlsontoyota.com/inventory/used-2026-mazda-cx-90-3-3-turbo-premium-awd-4d-sport-utility-jm3kkchd6t1355823/123?store={store_code}	SILVER	18908 miles	CX-90	JM3KKCHD6T1355823	2026	39956 USD	CT100	39956 USD	MI	CX-90
5N1BT3CB3TC696852	2026 Nissan Rogue SL	Nissan	https://www.carlsontoyota.com/inventory/used-2026-nissan-rogue-sl-awd-4d-sport-utility-5n1bt3cb3tc696852/	25877 USD	2026 White Nissan Rogue Used 2026 Nissan Rogue SL 4D Sport Utility 1.5L DOHC For sale at Carlson Toyota in Coon Rapids Minnesota.	https://vehicle-images.carscommerce.inc/3af2-110008693/5N1BT3CB3TC696852/thumbnails/large/698a9575b391692aa35ec67571a5a857.webp	in stock	USED	SUV	Vehicles & Parts > Vehicles > Motor Vehicles > Cars, Trucks & Vans	5N1BT3CB3TC696852	https://www.carlsontoyota.com/inventory/used-2026-nissan-rogue-sl-awd-4d-sport-utility-5n1bt3cb3tc696852/123?store={store_code}	WHITE	34181 miles	Rogue	5N1BT3CB3TC696852	2026	25877 USD	CT100	25877 USD	MI	Rogue
5N1BT3CB9TC735637	2026 Nissan Rogue SL	Nissan	https://www.carlsontoyota.com/inventory/used-2026-nissan-rogue-sl-awd-4d-sport-utility-5n1bt3cb9tc735637/	26883 USD	2026 Blue Nissan Rogue Used 2026 Nissan Rogue SL 4D Sport Utility 1.5L DOHC For sale at Carlson Toyota in Coon Rapids Minnesota.	https://vehicle-images.carscommerce.inc/3c68-110008693/5N1BT3CB9TC735637/thumbnails/large/962384a4dae94a972b681d53310e6e11.webp	in stock	USED	SUV	Vehicles & Parts > Vehicles > Motor Vehicles > Cars, Trucks & Vans	5N1BT3CB9TC735637	https://www.carlsontoyota.com/inventory/used-2026-nissan-rogue-sl-awd-4d-sport-utility-5n1bt3cb9tc735637/123?store={store_code}	BLUE	21305 miles	Rogue	5N1BT3CB9TC735637	2026	26883 USD	CT100	26883 USD	MI	Rogue
4S4SLDR61T3013790	2026 Subaru Forester Limited	Subaru	https://www.carlsontoyota.com/inventory/used-2026-subaru-forester-limited-awd-4d-sport-utility-4s4sldr61t3013790/	35798 USD	2026 Black Subaru Forester Used 2026 Subaru Forester Limited 4D Sport Utility 2.5L 4-Cylinder DOHC 16V For sale at Carlson Toyota in Coon Rapids Minnesota.	https://vehicle-images.carscommerce.inc/b16a-110008693/4S4SLDR61T3013790/thumbnails/large/d8da33d8a3dadef75c702bfb1dc8e291.webp	in stock	USED	SUV	Vehicles & Parts > Vehicles > Motor Vehicles > Cars, Trucks & Vans	4S4SLDR61T3013790	https://www.carlsontoyota.com/inventory/used-2026-subaru-forester-limited-awd-4d-sport-utility-4s4sldr61t3013790/123?store={store_code}	BLACK	2662 miles	Forester	4S4SLDR61T3013790	2026	35798 USD	CT100	35798 USD	MI	Forester
4S4SLDT6XT3096161	2026 Subaru Forester Touring	Subaru	https://www.carlsontoyota.com/inventory/used-2026-subaru-forester-touring-awd-4d-sport-utility-4s4sldt6xt3096161/	39719 USD	2026 Beige Subaru Forester Used 2026 Subaru Forester Touring 4D Sport Utility 2.5L 4-Cylinder DOHC 16V For sale at Carlson Toyota in Coon Rapids Minnesota.	https://vehicle-images.carscommerce.inc/9fdf-110008693/4S4SLDT6XT3096161/thumbnails/large/040a442af9a658eef24fad461aabb50f.webp	in stock	USED	SUV	Vehicles & Parts > Vehicles > Motor Vehicles > Cars, Trucks & Vans	4S4SLDT6XT3096161	https://www.carlsontoyota.com/inventory/used-2026-subaru-forester-touring-awd-4d-sport-utility-4s4sldt6xt3096161/123?store={store_code}	BEIGE	3181 miles	Forester	4S4SLDT6XT3096161	2026	39719 USD	CT100	39719 USD	MI	Forester
5YFB4MDE5RP199284	2024 Toyota Corolla LE	Toyota	https://www.carlsontoyota.com/inventory/certified-used-2024-toyota-corolla-le-fwd-4d-sedan-5yfb4mde5rp199284/	22181 USD	2024 White Toyota Corolla Used 2024 Toyota Corolla LE 4D Sedan 2.0L I4 DOHC 16V For sale at Carlson Toyota in Coon Rapids Minnesota.	https://vehicle-images.carscommerce.inc/5bc6-110008693/5YFB4MDE5RP199284/thumbnails/large/7ae867309fc37e99336372a85f0f761f.webp	in stock	USED	OTHER	Vehicles & Parts > Vehicles > Motor Vehicles > Cars, Trucks & Vans	5YFB4MDE5RP199284	https://www.carlsontoyota.com/inventory/certified-used-2024-toyota-corolla-le-fwd-4d-sedan-5yfb4mde5rp199284/123?store={store_code}	WHITE	54311 miles	Corolla	5YFB4MDE5RP199284	2024	22181 USD	CT100	22181 USD	MI	Corolla
4T1DBADK1TU39B475	2026 Toyota Camry SE AWD	Toyota	https://www.carlsontoyota.com/inventory/new-2026-toyota-camry-se-awd-all-wheel-drive-se-awd-4t1dbadk1tu39b475/	38454 USD	2026 Midnight Black Metallic Toyota Camry New 2026 Toyota Camry SE AWD SE AWD 2.5L 4-Cyl. Gas/Electric Hybrid For sale at Carlson Toyota in Coon Rapids Minnesota.	https://delivery.via.assetscs.toyota.com/adobe/assets/urn:aaid:aem:b490d8bb-4abc-4642-a5e4-18b3a1b1033c/as/image.png?fmt=png-alpha,rgb,none	in stock	NEW	OTHER	Vehicles & Parts > Vehicles > Motor Vehicles > Cars, Trucks & Vans	4T1DBADK1TU39B475	https://www.carlsontoyota.com/inventory/new-2026-toyota-camry-se-awd-all-wheel-drive-se-awd-4t1dbadk1tu39b475/123?store={store_code}	BLACK	0 miles	Camry	4T1DBADK1TU39B475	2026	38454 USD	CT100	38454 USD	MI	Camry
5TDAAAB56TS40F785	2026 Toyota Grand Highlander Platinum	Toyota	https://www.carlsontoyota.com/inventory/new-2026-toyota-grand-highlander-platinum-all-wheel-drive-platinum-awd-5tdaaab56ts40f785/	58708 USD	2026 Midnight Black Metallic Toyota Grand Highlander New 2026 Toyota Grand Highlander Platinum PLATINUM AWD 2.4L 4-Cyl. Turbocharged For sale at Carlson Toyota in Coon Rapids Minnesota.	https://delivery.via.assetscs.toyota.com/adobe/assets/urn:aaid:aem:46a20d1d-6a55-4549-81d5-268e060324eb/as/image.png?fmt=png-alpha,rgb,none	in stock	NEW	SUV	Vehicles & Parts > Vehicles > Motor Vehicles > Cars, Trucks & Vans	5TDAAAB56TS40F785	https://www.carlsontoyota.com/inventory/new-2026-toyota-grand-highlander-platinum-all-wheel-drive-platinum-awd-5tdaaab56ts40f785/123?store={store_code}	BLACK	0 miles	Grand Highlander	5TDAAAB56TS40F785	2026	58708 USD	CT100	58708 USD	MI	Grand Highlander
5TDAAAB5XTS155575	2026 Toyota Grand Highlander Platinum	Toyota	https://www.carlsontoyota.com/inventory/new-2026-toyota-grand-highlander-platinum-all-wheel-drive-platinum-awd-5tdaaab5xts155575/	58868 USD	2026 Blueprint Toyota Grand Highlander New 2026 Toyota Grand Highlander Platinum PLATINUM AWD 2.4L 4-Cyl. Turbocharged For sale at Carlson Toyota in Coon Rapids Minnesota.	https://vehicle-images.carscommerce.inc/6aa0-110008693/5TDAAAB5XTS155575/4ca5cb2eee1bcaee3209add3661ff4db.webp	in stock	NEW	SUV	Vehicles & Parts > Vehicles > Motor Vehicles > Cars, Trucks & Vans	5TDAAAB5XTS155575	https://www.carlsontoyota.com/inventory/new-2026-toyota-grand-highlander-platinum-all-wheel-drive-platinum-awd-5tdaaab5xts155575/123?store={store_code}	BLUE	0 miles	Grand Highlander	5TDAAAB5XTS155575	2026	58868 USD	CT100	58868 USD	MI	Grand Highlander
5TDAAAB55TS41E400	2026 Toyota Grand Highlander XLE	Toyota	https://www.carlsontoyota.com/inventory/new-2026-toyota-grand-highlander-xle-all-wheel-drive-xle-awd-5tdaaab55ts41e400/	49123 USD	2026 Storm Cloud Toyota Grand Highlander New 2026 Toyota Grand Highlander XLE XLE AWD 2.4L 4-Cyl. Turbocharged For sale at Carlson Toyota in Coon Rapids Minnesota.	https://delivery.via.assetscs.toyota.com/adobe/assets/urn:aaid:aem:2b98b901-0966-45e1-b07a-a4d37b7dc336/as/image.png?fmt=png-alpha,rgb,none	in stock	NEW	SUV	Vehicles & Parts > Vehicles > Motor Vehicles > Cars, Trucks & Vans	5TDAAAB55TS41E400	https://www.carlsontoyota.com/inventory/new-2026-toyota-grand-highlander-xle-all-wheel-drive-xle-awd-5tdaaab55ts41e400/123?store={store_code}	GRAY	0 miles	Grand Highlander	5TDAAAB55TS41E400	2026	49123 USD	CT100	49123 USD	MI	Grand Highlander
5TDZSKFC6TS290793	2026 Toyota Sienna Limited	Toyota	https://www.carlsontoyota.com/inventory/new-2026-toyota-sienna-limited-all-wheel-drive-7-passenger-5tdzskfc6ts290793/	58910 USD	2026 Wind Chill Pearl 1 Toyota Sienna New 2026 Toyota Sienna Limited 7 PASSENGER 2.5L Hybrid For sale at Carlson Toyota in Coon Rapids Minnesota.	https://vehicle-images.carscommerce.inc/5e78-110008693/5TDZSKFC6TS290793/827a2022eae1aba5605d89e2caf8c760.webp	in stock	NEW	VAN	Vehicles & Parts > Vehicles > Motor Vehicles > Cars, Trucks & Vans	5TDZSKFC6TS290793	https://www.carlsontoyota.com/inventory/new-2026-toyota-sienna-limited-all-wheel-drive-7-passenger-5tdzskfc6ts290793/123?store={store_code}	WHITE	0 miles	Sienna	5TDZSKFC6TS290793	2026	58910 USD	CT100	58910 USD	MI	Sienna
5TDESKFC9TS41C680	2026 Toyota Sienna Platinum	Toyota	https://www.carlsontoyota.com/inventory/new-2026-toyota-sienna-platinum-all-wheel-drive-7-passenger-5tdeskfc9ts41c680/	61384 USD	2026 Blueprint Toyota Sienna New 2026 Toyota Sienna Platinum 7 PASSENGER 2.5L Hybrid For sale at Carlson Toyota in Coon Rapids Minnesota.	https://delivery.via.assetscs.toyota.com/adobe/assets/urn:aaid:aem:88af1ec3-6713-4e7b-ae78-3b3cbb9160ad/as/image.png?fmt=png-alpha,rgb,none	in stock	NEW	VAN	Vehicles & Parts > Vehicles > Motor Vehicles > Cars, Trucks & Vans	5TDESKFC9TS41C680	https://www.carlsontoyota.com/inventory/new-2026-toyota-sienna-platinum-all-wheel-drive-7-passenger-5tdeskfc9ts41c680/123?store={store_code}	BLUE	0 miles	Sienna	5TDESKFC9TS41C680	2026	61384 USD	CT100	61384 USD	MI	Sienna
5TFLA5DBXTX40D552	2026 Toyota Tundra SR5 SR5 CREWMAX 5.5 4-Wheel Drive	Toyota	https://www.carlsontoyota.com/inventory/new-2026-toyota-tundra-sr5-4-wheel-drive-sr5-crewmax-5-5-5tfla5dbxtx40d552/	58476 USD	2026 Magnetic Gray Metallic Toyota Tundra New 2026 Toyota Tundra SR5 SR5 CREWMAX 5.5 i-FORCE V6 For sale at Carlson Toyota in Coon Rapids Minnesota.	https://delivery.via.assetscs.toyota.com/adobe/assets/urn:aaid:aem:13a5e0f2-9ef0-43d7-bf0c-98ab51076409/as/image.png?fmt=png-alpha,rgb,none	in stock	NEW	TRUCK	Vehicles & Parts > Vehicles > Motor Vehicles > Cars, Trucks & Vans	5TFLA5DBXTX40D552	https://www.carlsontoyota.com/inventory/new-2026-toyota-tundra-sr5-4-wheel-drive-sr5-crewmax-5-5-5tfla5dbxtx40d552/123?store={store_code}	GRAY	0 miles	Tundra	5TFLA5DBXTX40D552	2026	58476 USD	CT100	58476 USD	MI	Tundra
5YFS4MCE4VP42D385	2027 Toyota Corolla SE	Toyota	https://www.carlsontoyota.com/inventory/new-2027-toyota-corolla-se-front-wheel-drive-se-5yfs4mce4vp42d385/	27879 USD	2027 Ice Cap Toyota Corolla New 2027 Toyota Corolla SE SE 2.0L 4-Cyl. For sale at Carlson Toyota in Coon Rapids Minnesota.	https://media.rti.toyota.com/adobe/assets/urn:aaid:aem:e7e05c88-561e-497b-aa56-09ecd52477dd/as/image.png?size=1200,663	in stock	NEW	OTHER	Vehicles & Parts > Vehicles > Motor Vehicles > Cars, Trucks & Vans	5YFS4MCE4VP42D385	https://www.carlsontoyota.com/inventory/new-2027-toyota-corolla-se-front-wheel-drive-se-5yfs4mce4vp42d385/123?store={store_code}	WHITE	0 miles	Corolla	5YFS4MCE4VP42D385	2027	27879 USD	CT100	27879 USD	MI	Corolla
4T1DAACKXSU036027	2025 Toyota Camry SE	Toyota	https://www.carlsontoyota.com/inventory/used-2025-toyota-camry-se-fwd-4d-sedan-4t1daackxsu036027/	28957 USD	2025 Black Toyota Camry Used 2025 Toyota Camry SE 4D Sedan 2.5L 4-Cylinder 16V DOHC For sale at Carlson Toyota in Coon Rapids Minnesota.	https://vehicle-images.carscommerce.inc/2a43-110008693/4T1DAACKXSU036027/thumbnails/large/d2eb6f408497ad2d907c0d4cce8c4d04.webp	in stock	USED	OTHER	Vehicles & Parts > Vehicles > Motor Vehicles > Cars, Trucks & Vans	4T1DAACKXSU036027	https://www.carlsontoyota.com/inventory/used-2025-toyota-camry-se-fwd-4d-sedan-4t1daackxsu036027/123?store={store_code}	BLACK	53672 miles	Camry	4T1DAACKXSU036027	2025	28957 USD	CT100	28957 USD	MI	Camry
