id	title	brand	link	vehicle MSRP	description	image_link	availability	condition	product_type	google_product_category	MPN	link_template	color	mileage	model	vin	year	price	store code	MSRP	mileage.unit	certified_pre_owned	custom_label_0	custom_label_1	custom_label_2
2T36CRAV2TW46G520	2026 Toyota RAV4 Woodland	Toyota	https://www.dahltoyotasheboygan.com/viewdetails/new/2t36crav2tw46g520/2026-toyota-rav4-sport-utility/	42930 USD	2026 Everest Toyota RAV4 Woodland 2.5L 4-Cyl. Hybrid For sale at Dahl Toyota Sheboygan in Sheboygan Wisconsin.	https://prod.tvmimageservice.com/images/GetEvoxImage?styleid=481710&amp;Width=640&amp;Height=480&amp;Type=jpeg&amp;Angle=03&amp;quality=80&amp;BackGroundColor=white&amp;colorcode=6X7&amp;autocrop=True&amp;useoverrides=true	in stock	NEW	SUV	Vehicles & Parts > Vehicles > Motor Vehicles > Cars, Trucks & Vans	2T36CRAV2TW46G520	https://www.dahltoyotasheboygan.com/viewdetails/new/2t36crav2tw46g520/2026-toyota-rav4-sport-utility/123?store={store_code}	NA	0 miles	RAV4	2T36CRAV2TW46G520	2026	42930 USD	4273022751116927017	42930 USD	MI	no	RAV4	No	Over 20k
2T36CRAV3TW117992	2026 Toyota RAV4 SE	Toyota	https://www.dahltoyotasheboygan.com/viewdetails/new/2t36crav3tw117992/2026-toyota-rav4-sport-utility/	39294 USD	2026 Meteor Shower Toyota RAV4 SE 2.5L 4-Cyl. Hybrid For sale at Dahl Toyota Sheboygan in Sheboygan Wisconsin.	https://prod.tvmimageservice.com/images/GetEvoxImage?styleid=481713&amp;Width=640&amp;Height=480&amp;Type=jpeg&amp;Angle=03&amp;quality=80&amp;BackGroundColor=white&amp;colorcode=04V8&amp;autocrop=True&amp;useoverrides=true	in stock	NEW	SUV	Vehicles & Parts > Vehicles > Motor Vehicles > Cars, Trucks & Vans	2T36CRAV3TW117992	https://www.dahltoyotasheboygan.com/viewdetails/new/2t36crav3tw117992/2026-toyota-rav4-sport-utility/123?store={store_code}	NA	0 miles	RAV4	2T36CRAV3TW117992	2026	39294 USD	4273022751116927017	39294 USD	MI	no	RAV4	No	Over 20k
2T36CRAVXTW43H198	2026 Toyota RAV4 XLE Premium	Toyota	https://www.dahltoyotasheboygan.com/viewdetails/new/2t36cravxtw43h198/2026-toyota-rav4-sport-utility/	42309 USD	2026 Meteor Shower Toyota RAV4 XLE Premium 2.5L 4-Cyl. Hybrid For sale at Dahl Toyota Sheboygan in Sheboygan Wisconsin.	https://prod.tvmimageservice.com/images/GetEvoxImage?styleid=481707&amp;Width=640&amp;Height=480&amp;Type=jpeg&amp;Angle=03&amp;quality=80&amp;BackGroundColor=white&amp;colorcode=4V8&amp;autocrop=True&amp;useoverrides=true	in stock	NEW	SUV	Vehicles & Parts > Vehicles > Motor Vehicles > Cars, Trucks & Vans	2T36CRAVXTW43H198	https://www.dahltoyotasheboygan.com/viewdetails/new/2t36cravxtw43h198/2026-toyota-rav4-sport-utility/123?store={store_code}	NA	0 miles	RAV4	2T36CRAVXTW43H198	2026	42309 USD	4273022751116927017	42309 USD	MI	no	RAV4	No	Over 20k
3TMLB5JN1TM310710	2026 Toyota Tacoma SR5	Toyota	https://www.dahltoyotasheboygan.com/viewdetails/new/3tmlb5jn1tm310710/2026-toyota-tacoma-double-cab/	45783 USD	2026 Underground Toyota Tacoma SR5 i-FORCE 2.4L 4-Cyl. Turbo For sale at Dahl Toyota Sheboygan in Sheboygan Wisconsin.	https://content.homenetiol.com/2000157/2065512/0x0/4f3d8a37658643c19e53c70da82fc74d.jpg	in stock	NEW	TRUCK	Vehicles & Parts > Vehicles > Motor Vehicles > Cars, Trucks & Vans	3TMLB5JN1TM310710	https://www.dahltoyotasheboygan.com/viewdetails/new/3tmlb5jn1tm310710/2026-toyota-tacoma-double-cab/123?store={store_code}	NA	0 miles	Tacoma	3TMLB5JN1TM310710	2026	45783 USD	4273022751116927017	45783 USD	MI	no	Tacoma	No	Over 20k
3TMLB5JN2TM323059	2026 Toyota Tacoma TRD Sport	Toyota	https://www.dahltoyotasheboygan.com/viewdetails/new/3tmlb5jn2tm323059/2026-toyota-tacoma-double-cab/	59359 USD	2026 Mudbath Toyota Tacoma TRD Sport i-FORCE 2.4L 4-Cyl. Turbo For sale at Dahl Toyota Sheboygan in Sheboygan Wisconsin.	https://prod.tvmimageservice.com/images/GetEvoxImage?styleid=480257&amp;Width=640&amp;Height=480&amp;Type=jpeg&amp;Angle=03&amp;quality=80&amp;BackGroundColor=white&amp;colorcode=04Z2&amp;autocrop=True&amp;useoverrides=true	in stock	NEW	TRUCK	Vehicles & Parts > Vehicles > Motor Vehicles > Cars, Trucks & Vans	3TMLB5JN2TM323059	https://www.dahltoyotasheboygan.com/viewdetails/new/3tmlb5jn2tm323059/2026-toyota-tacoma-double-cab/123?store={store_code}	NA	0 miles	Tacoma	3TMLB5JN2TM323059	2026	59359 USD	4273022751116927017	59359 USD	MI	no	Tacoma	No	Over 20k
3TMLB5JN4TM306733	2026 Toyota Tacoma TRD Off Road	Toyota	https://www.dahltoyotasheboygan.com/viewdetails/new/3tmlb5jn4tm306733/2026-toyota-tacoma-double-cab/	53200 USD	2026 Mudbath Toyota Tacoma TRD Off Road i-FORCE 2.4L 4-Cyl. Turbo For sale at Dahl Toyota Sheboygan in Sheboygan Wisconsin.	https://content.homenetiol.com/2000157/2065512/0x0/9ff518e24b564726891445ec2d4bca45.jpg	in stock	NEW	TRUCK	Vehicles & Parts > Vehicles > Motor Vehicles > Cars, Trucks & Vans	3TMLB5JN4TM306733	https://www.dahltoyotasheboygan.com/viewdetails/new/3tmlb5jn4tm306733/2026-toyota-tacoma-double-cab/123?store={store_code}	NA	0 miles	Tacoma	3TMLB5JN4TM306733	2026	53200 USD	4273022751116927017	53200 USD	MI	no	Tacoma	No	Over 20k
3TMLB5JN5TM41A054	2026 Toyota Tacoma SR5	Toyota	https://www.dahltoyotasheboygan.com/viewdetails/new/3tmlb5jn5tm41a054/2026-toyota-tacoma-double-cab/	50703 USD	2026 Underground Toyota Tacoma SR5 i-FORCE 2.4L 4-Cyl. Turbo For sale at Dahl Toyota Sheboygan in Sheboygan Wisconsin.	https://prod.tvmimageservice.com/images/GetEvoxImage?styleid=480254&amp;Width=640&amp;Height=480&amp;Type=jpeg&amp;Angle=03&amp;quality=80&amp;BackGroundColor=white&amp;colorcode=01L7&amp;autocrop=True&amp;useoverrides=true	in stock	NEW	TRUCK	Vehicles & Parts > Vehicles > Motor Vehicles > Cars, Trucks & Vans	3TMLB5JN5TM41A054	https://www.dahltoyotasheboygan.com/viewdetails/new/3tmlb5jn5tm41a054/2026-toyota-tacoma-double-cab/123?store={store_code}	NA	0 miles	Tacoma	3TMLB5JN5TM41A054	2026	50703 USD	4273022751116927017	50703 USD	MI	no	Tacoma	No	Over 20k
3TYLC5LN8TT083076	2026 Toyota Tacoma i-FORCE MAX TRD Off Road	Toyota	https://www.dahltoyotasheboygan.com/viewdetails/new/3tylc5ln8tt083076/2026-toyota-tacoma-i-force-max-double-cab/	58859 USD	2026 Underground Toyota Tacoma i-FORCE MAX TRD Off Road i-FORCE MAX 2.4L 4-Cyl. Turbo Hybrid Powertrain For sale at Dahl Toyota Sheboygan in Sheboygan Wisconsin.	https://prod.tvmimageservice.com/images/GetEvoxImage?styleid=480266&amp;Width=640&amp;Height=480&amp;Type=jpeg&amp;Angle=03&amp;quality=80&amp;BackGroundColor=white&amp;colorcode=1L7&amp;autocrop=True&amp;useoverrides=true	in stock	NEW	TRUCK	Vehicles & Parts > Vehicles > Motor Vehicles > Cars, Trucks & Vans	3TYLC5LN8TT083076	https://www.dahltoyotasheboygan.com/viewdetails/new/3tylc5ln8tt083076/2026-toyota-tacoma-i-force-max-double-cab/123?store={store_code}	NA	0 miles	Tacoma i-FORCE MAX	3TYLC5LN8TT083076	2026	58859 USD	4273022751116927017	58859 USD	MI	no	Tacoma i-FORCE MAX	No	Over 20k
4T1DAACK3TU372376	2026 Toyota Camry SE	Toyota	https://www.dahltoyotasheboygan.com/viewdetails/new/4t1daack3tu372376/2026-toyota-camry-4dr-car/	34039 USD	2026 Ocean Gem Toyota Camry SE 2.5L 4-Cyl. Gas/Electric Hybrid For sale at Dahl Toyota Sheboygan in Sheboygan Wisconsin.	https://prod.tvmimageservice.com/images/GetEvoxImage?styleid=476768&amp;Width=640&amp;Height=480&amp;Type=jpeg&amp;Angle=03&amp;quality=80&amp;BackGroundColor=white&amp;colorcode=0795&amp;autocrop=True&amp;useoverrides=true	in stock	NEW	OTHER	Vehicles & Parts > Vehicles > Motor Vehicles > Cars, Trucks & Vans	4T1DAACK3TU372376	https://www.dahltoyotasheboygan.com/viewdetails/new/4t1daack3tu372376/2026-toyota-camry-4dr-car/123?store={store_code}	NA	0 miles	Camry	4T1DAACK3TU372376	2026	34039 USD	4273022751116927017	34039 USD	MI	no	Camry	No	Over 20k
4T1DAACKXVU43N430	2027 Toyota Camry LE	Toyota	https://www.dahltoyotasheboygan.com/viewdetails/new/4t1daackxvu43n430/2027-toyota-camry-4dr-car/	33315 USD	2027 Ocean Gem Toyota Camry LE 2.5L 4-Cyl. Gas/Electric Hybrid For sale at Dahl Toyota Sheboygan in Sheboygan Wisconsin.	https://prod.tvmimageservice.com/images/GetEvoxImage?styleid=487769&amp;Width=640&amp;Height=480&amp;Type=jpeg&amp;Angle=03&amp;quality=80&amp;BackGroundColor=white&amp;colorcode=795&amp;autocrop=True&amp;useoverrides=true	in stock	NEW	OTHER	Vehicles & Parts > Vehicles > Motor Vehicles > Cars, Trucks & Vans	4T1DAACKXVU43N430	https://www.dahltoyotasheboygan.com/viewdetails/new/4t1daackxvu43n430/2027-toyota-camry-4dr-car/123?store={store_code}	NA	0 miles	Camry	4T1DAACKXVU43N430	2027	33315 USD	4273022751116927017	33315 USD	MI	no	Camry	No	Over 20k
4T1DBADK6TU568954	2026 Toyota Camry XSE	Toyota	https://www.dahltoyotasheboygan.com/viewdetails/new/4t1dbadk6tu568954/2026-toyota-camry-4dr-car/	44534 USD	2026 Dark Cosmos [extra_cost_color] Toyota Camry XSE 2.5L 4-Cyl. Gas/Electric Hybrid For sale at Dahl Toyota Sheboygan in Sheboygan Wisconsin.	https://prod.tvmimageservice.com/images/GetEvoxImage?styleid=476785&amp;Width=640&amp;Height=480&amp;Type=jpeg&amp;Angle=03&amp;quality=80&amp;BackGroundColor=white&amp;colorcode=08Z3&amp;autocrop=True&amp;useoverrides=true	in stock	NEW	OTHER	Vehicles & Parts > Vehicles > Motor Vehicles > Cars, Trucks & Vans	4T1DBADK6TU568954	https://www.dahltoyotasheboygan.com/viewdetails/new/4t1dbadk6tu568954/2026-toyota-camry-4dr-car/123?store={store_code}	NA	0 miles	Camry	4T1DBADK6TU568954	2026	44534 USD	4273022751116927017	44534 USD	MI	no	Camry	No	Over 20k
5TDADAB53TS056703	2026 Toyota Grand Highlander Hybrid MAX Platinum	Toyota	https://www.dahltoyotasheboygan.com/viewdetails/new/5tdadab53ts056703/2026-toyota-grand-highlander-hybrid-sport-utility/	65401 USD	2026 Midnight Black Metallic Toyota Grand Highlander MAX Platinum For sale at Dahl Toyota Sheboygan in Sheboygan Wisconsin.	https://prod.tvmimageservice.com/images/GetEvoxImage?styleid=477229&amp;Width=640&amp;Height=480&amp;Type=jpeg&amp;Angle=03&amp;quality=80&amp;BackGroundColor=white&amp;colorcode=0218&amp;autocrop=True&amp;useoverrides=true	in stock	NEW	SUV	Vehicles & Parts > Vehicles > Motor Vehicles > Cars, Trucks & Vans	5TDADAB53TS056703	https://www.dahltoyotasheboygan.com/viewdetails/new/5tdadab53ts056703/2026-toyota-grand-highlander-hybrid-sport-utility/123?store={store_code}	BLACK	0 miles	Grand Highlander	5TDADAB53TS056703	2026	65401 USD	4273022751116927017	65401 USD	MI	no	Grand Highlander	No	Over 20k
5TDADAB58VS46F349	2027 Toyota Grand Highlander Hybrid AWD	Toyota	https://www.dahltoyotasheboygan.com/viewdetails/new/5tdadab58vs46f349/2027-toyota-grand-highlander-hybrid-platinum-hybrid-max/	65335 USD	2027 Cement Toyota Grand Highlander AWD For sale at Dahl Toyota Sheboygan in Sheboygan Wisconsin.	https://prod.tvmimageservice.com/images/GetEvoxImage?styleid=0&amp;Width=640&amp;Height=480&amp;Type=jpeg&amp;Angle=03&amp;quality=80&amp;BackGroundColor=white&amp;colorcode=01H5&amp;autocrop=True&amp;useoverrides=true	in stock	NEW	SUV	Vehicles & Parts > Vehicles > Motor Vehicles > Cars, Trucks & Vans	5TDADAB58VS46F349	https://www.dahltoyotasheboygan.com/viewdetails/new/5tdadab58vs46f349/2027-toyota-grand-highlander-hybrid-platinum-hybrid-max/123?store={store_code}	GRAY	0 miles	Grand Highlander	5TDADAB58VS46F349	2027	65335 USD	4273022751116927017	65335 USD	MI	no	Grand Highlander	No	Over 20k
5TDADAB59TS44H360	2026 Toyota Grand Highlander Hybrid MAX Platinum	Toyota	https://www.dahltoyotasheboygan.com/viewdetails/new/5tdadab59ts44h360/2026-toyota-grand-highlander-hybrid-sport-utility/	63088 USD	2026 Midnight Black Metallic Toyota Grand Highlander MAX Platinum For sale at Dahl Toyota Sheboygan in Sheboygan Wisconsin.	https://prod.tvmimageservice.com/images/GetEvoxImage?styleid=477229&amp;Width=640&amp;Height=480&amp;Type=jpeg&amp;Angle=03&amp;quality=80&amp;BackGroundColor=white&amp;colorcode=0218&amp;autocrop=True&amp;useoverrides=true	in stock	NEW	SUV	Vehicles & Parts > Vehicles > Motor Vehicles > Cars, Trucks & Vans	5TDADAB59TS44H360	https://www.dahltoyotasheboygan.com/viewdetails/new/5tdadab59ts44h360/2026-toyota-grand-highlander-hybrid-sport-utility/123?store={store_code}	BLACK	0 miles	Grand Highlander	5TDADAB59TS44H360	2026	63088 USD	4273022751116927017	63088 USD	MI	no	Grand Highlander	No	Over 20k
5TFPC5DB5TX147330	2026 Toyota Tundra i-FORCE MAX TRD Pro	Toyota	https://www.dahltoyotasheboygan.com/viewdetails/new/5tfpc5db5tx147330/2026-toyota-tundra-i-force-max-crewmax/	80700 USD	2026 Wave Maker [extra_cost_color] Toyota Tundra i-FORCE MAX TRD Pro i-FORCE MAX V6 Hybrid For sale at Dahl Toyota Sheboygan in Sheboygan Wisconsin.	https://content.homenetiol.com/2000157/2065512/0x0/c6fa3c99ebf740bb8390d5e63ef4059c.jpg	in stock	NEW	TRUCK	Vehicles & Parts > Vehicles > Motor Vehicles > Cars, Trucks & Vans	5TFPC5DB5TX147330	https://www.dahltoyotasheboygan.com/viewdetails/new/5tfpc5db5tx147330/2026-toyota-tundra-i-force-max-crewmax/123?store={store_code}	NA	0 miles	Tundra i-FORCE MAX	5TFPC5DB5TX147330	2026	80700 USD	4273022751116927017	80700 USD	MI	no	Tundra i-FORCE MAX	No	Over 20k
5YFB4MDE7VP521479	2027 Toyota Corolla LE	Toyota	https://www.dahltoyotasheboygan.com/viewdetails/new/5yfb4mde7vp521479/2027-toyota-corolla-4dr-car/	25346 USD	2027 Celestite Toyota Corolla LE 2.0L 4-Cyl. For sale at Dahl Toyota Sheboygan in Sheboygan Wisconsin.	https://prod.tvmimageservice.com/images/GetEvoxImage?styleid=487008&amp;Width=640&amp;Height=480&amp;Type=jpeg&amp;Angle=03&amp;quality=80&amp;BackGroundColor=white&amp;colorcode=01K3&amp;autocrop=True&amp;useoverrides=true	in stock	NEW	OTHER	Vehicles & Parts > Vehicles > Motor Vehicles > Cars, Trucks & Vans	5YFB4MDE7VP521479	https://www.dahltoyotasheboygan.com/viewdetails/new/5yfb4mde7vp521479/2027-toyota-corolla-4dr-car/123?store={store_code}	NA	0 miles	Corolla	5YFB4MDE7VP521479	2027	25346 USD	4273022751116927017	25346 USD	MI	no	Corolla	No	Over 20k
7MUAAABG4TV207614	2026 Toyota Corolla Cross L	Toyota	https://www.dahltoyotasheboygan.com/viewdetails/new/7muaaabg4tv207614/2026-toyota-corolla-cross-sport-utility/	28539 USD	2026 Celestite Toyota Corolla Cross L 2.0L 4-Cyl. For sale at Dahl Toyota Sheboygan in Sheboygan Wisconsin.	https://prod.tvmimageservice.com/images/GetEvoxImage?styleid=476803&amp;Width=640&amp;Height=480&amp;Type=jpeg&amp;Angle=03&amp;quality=80&amp;BackGroundColor=white&amp;colorcode=01K3&amp;autocrop=True&amp;useoverrides=true	in stock	NEW	SUV	Vehicles & Parts > Vehicles > Motor Vehicles > Cars, Trucks & Vans	7MUAAABG4TV207614	https://www.dahltoyotasheboygan.com/viewdetails/new/7muaaabg4tv207614/2026-toyota-corolla-cross-sport-utility/123?store={store_code}	NA	0 miles	Corolla Cross	7MUAAABG4TV207614	2026	28539 USD	4273022751116927017	28539 USD	MI	no	Corolla Cross	No	Over 20k
7MUDAABG4VV46A145	2027 Toyota Corolla Cross AWD	Toyota	https://www.dahltoyotasheboygan.com/viewdetails/new/7mudaabg4vv46a145/2027-toyota-corolla-cross-xle---awd/	37271 USD	2027 Celestite Toyota Corolla Cross AWD 2.0L 4-Cyl. For sale at Dahl Toyota Sheboygan in Sheboygan Wisconsin.	https://prod.tvmimageservice.com/images/GetEvoxImage?styleid=0&amp;Width=640&amp;Height=480&amp;Type=jpeg&amp;Angle=03&amp;quality=80&amp;BackGroundColor=white&amp;colorcode=01K3&amp;autocrop=True&amp;useoverrides=true	in stock	NEW	OTHER	Vehicles & Parts > Vehicles > Motor Vehicles > Cars, Trucks & Vans	7MUDAABG4VV46A145	https://www.dahltoyotasheboygan.com/viewdetails/new/7mudaabg4vv46a145/2027-toyota-corolla-cross-xle---awd/123?store={store_code}	NA	0 miles	Corolla Cross	7MUDAABG4VV46A145	2027	37271 USD	4273022751116927017	37271 USD	MI	no	Corolla Cross	No	Over 20k
JTDBCMFE7V3171666	2027 Toyota Corolla Hybrid LE	Toyota	https://www.dahltoyotasheboygan.com/viewdetails/new/jtdbcmfe7v3171666/2027-toyota-corolla-hybrid-4dr-car/	28331 USD	2027 Underground Toyota Corolla LE 1.8L 4-Cyl. Hybrid For sale at Dahl Toyota Sheboygan in Sheboygan Wisconsin.	https://prod.tvmimageservice.com/images/GetEvoxImage?styleid=487017&amp;Width=640&amp;Height=480&amp;Type=jpeg&amp;Angle=03&amp;quality=80&amp;BackGroundColor=white&amp;colorcode=01L7&amp;autocrop=True&amp;useoverrides=true	in stock	NEW	OTHER	Vehicles & Parts > Vehicles > Motor Vehicles > Cars, Trucks & Vans	JTDBCMFE7V3171666	https://www.dahltoyotasheboygan.com/viewdetails/new/jtdbcmfe7v3171666/2027-toyota-corolla-hybrid-4dr-car/123?store={store_code}	NA	0 miles	Corolla	JTDBCMFE7V3171666	2027	28331 USD	4273022751116927017	28331 USD	MI	no	Corolla	No	Over 20k
JTEABFAJXVK086224	2027 Toyota Land Cruiser	Toyota	https://www.dahltoyotasheboygan.com/viewdetails/new/jteabfajxvk086224/2027-toyota-land-cruiser-sport-utility/	76679 USD	2027 Meteor Shower Toyota Land Cruiser 2.4L 4-Cyl. i-FORCE MAX Hybrid For sale at Dahl Toyota Sheboygan in Sheboygan Wisconsin.	https://prod.tvmimageservice.com/images/GetEvoxImage?styleid=483978&amp;Width=640&amp;Height=480&amp;Type=jpeg&amp;Angle=03&amp;quality=80&amp;BackGroundColor=white&amp;colorcode=04V8&amp;autocrop=True&amp;useoverrides=true	in stock	NEW	SUV	Vehicles & Parts > Vehicles > Motor Vehicles > Cars, Trucks & Vans	JTEABFAJXVK086224	https://www.dahltoyotasheboygan.com/viewdetails/new/jteabfajxvk086224/2027-toyota-land-cruiser-sport-utility/123?store={store_code}	NA	0 miles	Land Cruiser	JTEABFAJXVK086224	2027	76679 USD	4273022751116927017	76679 USD	MI	no	Land Cruiser	No	Over 20k
JTEVA5BR9T5151434	2026 Toyota 4Runner TRD Sport	Toyota	https://www.dahltoyotasheboygan.com/viewdetails/new/jteva5br9t5151434/2026-toyota-4runner-sport-utility/	56073 USD	2026 Underground Toyota 4Runner TRD Sport i-FORCE 2.4L 4-Cyl. Turbo For sale at Dahl Toyota Sheboygan in Sheboygan Wisconsin.	https://prod.tvmimageservice.com/images/GetEvoxImage?styleid=481378&amp;Width=640&amp;Height=480&amp;Type=jpeg&amp;Angle=03&amp;quality=80&amp;BackGroundColor=white&amp;colorcode=01L7&amp;autocrop=True&amp;useoverrides=true	in stock	NEW	SUV	Vehicles & Parts > Vehicles > Motor Vehicles > Cars, Trucks & Vans	JTEVA5BR9T5151434	https://www.dahltoyotasheboygan.com/viewdetails/new/jteva5br9t5151434/2026-toyota-4runner-sport-utility/123?store={store_code}	NA	0 miles	4Runner	JTEVA5BR9T5151434	2026	56073 USD	4273022751116927017	56073 USD	MI	no	4Runner	No	Over 20k
JTM7ERAVXTD034409	2026 Toyota RAV4 Plug-in Hybrid Woodland	Toyota	https://www.dahltoyotasheboygan.com/viewdetails/new/jtm7eravxtd034409/2026-toyota-rav4-plug-in-hybrid-sport-utility/	47745 USD	2026 Everest Toyota RAV4 Plug-in Woodland 2.5L 4-Cyl. Plug-in Hybrid For sale at Dahl Toyota Sheboygan in Sheboygan Wisconsin.	https://prod.tvmimageservice.com/images/GetEvoxImage?styleid=481680&amp;Width=640&amp;Height=480&amp;Type=jpeg&amp;Angle=03&amp;quality=80&amp;BackGroundColor=white&amp;colorcode=6X7&amp;autocrop=True&amp;useoverrides=true	in stock	NEW	SUV	Vehicles & Parts > Vehicles > Motor Vehicles > Cars, Trucks & Vans	JTM7ERAVXTD034409	https://www.dahltoyotasheboygan.com/viewdetails/new/jtm7eravxtd034409/2026-toyota-rav4-plug-in-hybrid-sport-utility/123?store={store_code}	NA	0 miles	RAV4 Plug-in	JTM7ERAVXTD034409	2026	47745 USD	4273022751116927017	47745 USD	MI	no	RAV4 Plug-in	No	Over 20k
JTMBGAHB5VY640262	2027 Toyota bZ Woodland Premium	Toyota	https://www.dahltoyotasheboygan.com/viewdetails/new/jtmbgahb5vy640262/2027-toyota-bz-woodland-sport-utility/	49990 USD	2027 Halo Toyota bZ Woodland Premium Dual Electric Motors For sale at Dahl Toyota Sheboygan in Sheboygan Wisconsin.	https://prod.tvmimageservice.com/images/GetEvoxImage?styleid=485388&amp;Width=640&amp;Height=480&amp;Type=jpeg&amp;Angle=03&amp;quality=80&amp;BackGroundColor=white&amp;colorcode=0D29&amp;autocrop=True&amp;useoverrides=true	in stock	NEW	SUV	Vehicles & Parts > Vehicles > Motor Vehicles > Cars, Trucks & Vans	JTMBGAHB5VY640262	https://www.dahltoyotasheboygan.com/viewdetails/new/jtmbgahb5vy640262/2027-toyota-bz-woodland-sport-utility/123?store={store_code}	NA	0 miles	bZ Woodland	JTMBGAHB5VY640262	2027	49990 USD	4273022751116927017	49990 USD	MI	no	bZ Woodland	No	Over 20k
3TMCZ5AN9KM271181	2019 Toyota Tacoma 4WD SR5	Toyota	https://www.dahltoyotasheboygan.com/viewdetails/used/3tmcz5an9km271181/2019-toyota-tacoma-4wd-crew-cab-pickup/	30899 USD	2019 Quicksand Toyota Tacoma 4WD SR5 Regular Gasoline V-6 3.5 L/211 For sale at Dahl Toyota Sheboygan in Sheboygan Wisconsin.	https://content.homenetiol.com/2000157/2065512/0x0/8d010d38ac964e7caaedd77ebb89d436.jpg	in stock	USED	TRUCK	Vehicles & Parts > Vehicles > Motor Vehicles > Cars, Trucks & Vans	3TMCZ5AN9KM271181	https://www.dahltoyotasheboygan.com/viewdetails/used/3tmcz5an9km271181/2019-toyota-tacoma-4wd-crew-cab-pickup/123?store={store_code}	NA	70585 miles	Tacoma 4WD	3TMCZ5AN9KM271181	2019	30899 USD	4273022751116927017	30899 USD	MI	no	Tacoma 4WD	No	Over 20k
4T1DAACK6SU138201	2025 Toyota Camry SE	Toyota	https://www.dahltoyotasheboygan.com/viewdetails/used/4t1daack6su138201/2025-toyota-camry-4dr-car/	29399 USD	2025 Underground Toyota Camry SE Gas/Electric I-4 2.5 L/152 For sale at Dahl Toyota Sheboygan in Sheboygan Wisconsin.	https://content.homenetiol.com/2000157/2065512/0x0/670bb131396b499e97dcec611e8ce331.jpg	in stock	USED	OTHER	Vehicles & Parts > Vehicles > Motor Vehicles > Cars, Trucks & Vans	4T1DAACK6SU138201	https://www.dahltoyotasheboygan.com/viewdetails/used/4t1daack6su138201/2025-toyota-camry-4dr-car/123?store={store_code}	NA	13955 miles	Camry	4T1DAACK6SU138201	2025	29399 USD	4273022751116927017	29399 USD	MI	no	Camry	No	Over 20k
4T1DBADK9SU021904	2025 Toyota Camry LE	Toyota	https://www.dahltoyotasheboygan.com/viewdetails/used/4t1dbadk9su021904/2025-toyota-camry-4dr-car/	27399 USD	2025 Underground Toyota Camry LE Gas/Electric I-4 2.5 L/152 For sale at Dahl Toyota Sheboygan in Sheboygan Wisconsin.	https://content.homenetiol.com/2000157/2065512/0x0/003763791f0c4530b2ac5e390e7d12f2.jpg	in stock	USED	OTHER	Vehicles & Parts > Vehicles > Motor Vehicles > Cars, Trucks & Vans	4T1DBADK9SU021904	https://www.dahltoyotasheboygan.com/viewdetails/used/4t1dbadk9su021904/2025-toyota-camry-4dr-car/123?store={store_code}	NA	75385 miles	Camry	4T1DBADK9SU021904	2025	27399 USD	4273022751116927017	27399 USD	MI	no	Camry	No	Over 20k
5TDKDRBH4RS556536	2024 Toyota Highlander XLE	Toyota	https://www.dahltoyotasheboygan.com/viewdetails/used/5tdkdrbh4rs556536/2024-toyota-highlander-sport-utility/	37899 USD	2024 Moon Dust Toyota Highlander XLE Intercooled Turbo Regular Gasoline I-4 2.4 L/146 For sale at Dahl Toyota Sheboygan in Sheboygan Wisconsin.	https://content.homenetiol.com/2000157/2065512/0x0/f5d6642842e8402c80f4191899a5034e.jpg	in stock	USED	SUV	Vehicles & Parts > Vehicles > Motor Vehicles > Cars, Trucks & Vans	5TDKDRBH4RS556536	https://www.dahltoyotasheboygan.com/viewdetails/used/5tdkdrbh4rs556536/2024-toyota-highlander-sport-utility/123?store={store_code}	NA	71680 miles	Highlander	5TDKDRBH4RS556536	2024	37899 USD	4273022751116927017	37899 USD	MI	no	Highlander	No	Over 20k
JTMBDAFB6TJ000515	2026 Toyota bZ Limited	Toyota	https://www.dahltoyotasheboygan.com/viewdetails/used/jtmbdafb6tj000515/2026-toyota-bz-sport-utility/	34541 USD	2026 Toyota bZ Limited Electric For sale at Dahl Toyota Sheboygan in Sheboygan Wisconsin.	https://content.homenetiol.com/2000157/2065512/0x0/283ab4b47f4948dfa28e2ff5b0297740.jpg	in stock	USED	SUV	Vehicles & Parts > Vehicles > Motor Vehicles > Cars, Trucks & Vans	JTMBDAFB6TJ000515	https://www.dahltoyotasheboygan.com/viewdetails/used/jtmbdafb6tj000515/2026-toyota-bz-sport-utility/123?store={store_code}	NA	3005 miles	bZ	JTMBDAFB6TJ000515	2026	34541 USD	4273022751116927017	34541 USD	MI	no	bZ	No	Over 20k
2T3J1RFV2RW463260	2024 Toyota RAV4 Adventure	Toyota	https://www.dahltoyotasheboygan.com/viewdetails/cpo/2t3j1rfv2rw463260/2024-toyota-rav4-sport-utility/	30899 USD	2024 Midnight Black Metallic Toyota RAV4 Adventure Regular Gasoline I-4 2.5 L/152 For sale at Dahl Toyota Sheboygan in Sheboygan Wisconsin.	https://content.homenetiol.com/2000157/2065512/0x0/8e84b886c87c4b8aa2c195d7709bb8c2.jpg	in stock	USED	SUV	Vehicles & Parts > Vehicles > Motor Vehicles > Cars, Trucks & Vans	2T3J1RFV2RW463260	https://www.dahltoyotasheboygan.com/viewdetails/cpo/2t3j1rfv2rw463260/2024-toyota-rav4-sport-utility/123?store={store_code}	BLACK	50200 miles	RAV4	2T3J1RFV2RW463260	2024	30899 USD	4273022751116927017	30899 USD	MI	yes	RAV4	Yes	Over 20k
2T3LWRFVXSW268653	2025 Toyota RAV4 Hybrid LE	Toyota	https://www.dahltoyotasheboygan.com/viewdetails/cpo/2t3lwrfvxsw268653/2025-toyota-rav4-sport-utility/	32899 USD	2025 Ice Cap Toyota RAV4 Hybrid LE Gas/Electric I-4 2.5 L/152 For sale at Dahl Toyota Sheboygan in Sheboygan Wisconsin.	https://content.homenetiol.com/2000157/2065512/0x0/0064736e451848f78c5330c317f47bd8.jpg	in stock	USED	SUV	Vehicles & Parts > Vehicles > Motor Vehicles > Cars, Trucks & Vans	2T3LWRFVXSW268653	https://www.dahltoyotasheboygan.com/viewdetails/cpo/2t3lwrfvxsw268653/2025-toyota-rav4-sport-utility/123?store={store_code}	WHITE	34568 miles	RAV4	2T3LWRFVXSW268653	2025	32899 USD	4273022751116927017	32899 USD	MI	yes	RAV4	Yes	Over 20k
2T3P1RFV0SW514531	2025 Toyota RAV4 XLE	Toyota	https://www.dahltoyotasheboygan.com/viewdetails/cpo/2t3p1rfv0sw514531/2025-toyota-rav4-sport-utility/	31899 USD	2025 Magnetic Gray Metallic Toyota RAV4 XLE Regular Gasoline I-4 2.5 L/152 For sale at Dahl Toyota Sheboygan in Sheboygan Wisconsin.	https://content.homenetiol.com/2000157/2065512/0x0/fbbd1d7ede0b479ba13030713c118b0d.jpg	in stock	USED	SUV	Vehicles & Parts > Vehicles > Motor Vehicles > Cars, Trucks & Vans	2T3P1RFV0SW514531	https://www.dahltoyotasheboygan.com/viewdetails/cpo/2t3p1rfv0sw514531/2025-toyota-rav4-sport-utility/123?store={store_code}	GRAY	34755 miles	RAV4	2T3P1RFV0SW514531	2025	31899 USD	4273022751116927017	31899 USD	MI	yes	RAV4	Yes	Over 20k
2T3P1RFV1SW509001	2025 Toyota RAV4 XLE	Toyota	https://www.dahltoyotasheboygan.com/viewdetails/cpo/2t3p1rfv1sw509001/2025-toyota-rav4-sport-utility/	32399 USD	2025 Magnetic Gray Metallic Toyota RAV4 XLE Regular Gasoline I-4 2.5 L/152 For sale at Dahl Toyota Sheboygan in Sheboygan Wisconsin.	https://content.homenetiol.com/2000157/2065512/0x0/82635a156abb499dbb3ebf9dc3caea4f.jpg	in stock	USED	SUV	Vehicles & Parts > Vehicles > Motor Vehicles > Cars, Trucks & Vans	2T3P1RFV1SW509001	https://www.dahltoyotasheboygan.com/viewdetails/cpo/2t3p1rfv1sw509001/2025-toyota-rav4-sport-utility/123?store={store_code}	GRAY	40355 miles	RAV4	2T3P1RFV1SW509001	2025	32399 USD	4273022751116927017	32399 USD	MI	yes	RAV4	Yes	Over 20k
2T3P1RFV2SW522436	2025 Toyota RAV4 XLE	Toyota	https://www.dahltoyotasheboygan.com/viewdetails/cpo/2t3p1rfv2sw522436/2025-toyota-rav4-sport-utility/	32399 USD	2025 Magnetic Gray Metallic Toyota RAV4 XLE Regular Gasoline I-4 2.5 L/152 For sale at Dahl Toyota Sheboygan in Sheboygan Wisconsin.	https://content.homenetiol.com/2000157/2065512/0x0/7123dbf65f6c43f8bfc5f05ab8707586.jpg	in stock	USED	SUV	Vehicles & Parts > Vehicles > Motor Vehicles > Cars, Trucks & Vans	2T3P1RFV2SW522436	https://www.dahltoyotasheboygan.com/viewdetails/cpo/2t3p1rfv2sw522436/2025-toyota-rav4-sport-utility/123?store={store_code}	GRAY	34562 miles	RAV4	2T3P1RFV2SW522436	2025	32399 USD	4273022751116927017	32399 USD	MI	yes	RAV4	Yes	Over 20k
2T3P1RFV3SW523174	2025 Toyota RAV4 XLE	Toyota	https://www.dahltoyotasheboygan.com/viewdetails/cpo/2t3p1rfv3sw523174/2025-toyota-rav4-sport-utility/	32399 USD	2025 Midnight Black Metallic Toyota RAV4 XLE Regular Gasoline I-4 2.5 L/152 For sale at Dahl Toyota Sheboygan in Sheboygan Wisconsin.	https://content.homenetiol.com/2000157/2065512/0x0/560a7aa2c9a749c1ac0526d8a26e545a.jpg	in stock	USED	SUV	Vehicles & Parts > Vehicles > Motor Vehicles > Cars, Trucks & Vans	2T3P1RFV3SW523174	https://www.dahltoyotasheboygan.com/viewdetails/cpo/2t3p1rfv3sw523174/2025-toyota-rav4-sport-utility/123?store={store_code}	BLACK	34920 miles	RAV4	2T3P1RFV3SW523174	2025	32399 USD	4273022751116927017	32399 USD	MI	yes	RAV4	Yes	Over 20k
2T3P1RFV4SC516140	2025 Toyota RAV4 XLE	Toyota	https://www.dahltoyotasheboygan.com/viewdetails/cpo/2t3p1rfv4sc516140/2025-toyota-rav4-sport-utility/	32399 USD	2025 Midnight Black Metallic Toyota RAV4 XLE Regular Gasoline I-4 2.5 L/152 For sale at Dahl Toyota Sheboygan in Sheboygan Wisconsin.	https://content.homenetiol.com/2000157/2065512/0x0/5adaa4328bd74d34802cd9385a4e11d4.jpg	in stock	USED	SUV	Vehicles & Parts > Vehicles > Motor Vehicles > Cars, Trucks & Vans	2T3P1RFV4SC516140	https://www.dahltoyotasheboygan.com/viewdetails/cpo/2t3p1rfv4sc516140/2025-toyota-rav4-sport-utility/123?store={store_code}	BLACK	36626 miles	RAV4	2T3P1RFV4SC516140	2025	32399 USD	4273022751116927017	32399 USD	MI	yes	RAV4	Yes	Over 20k
2T3P1RFV4SW544678	2025 Toyota RAV4 XLE	Toyota	https://www.dahltoyotasheboygan.com/viewdetails/cpo/2t3p1rfv4sw544678/2025-toyota-rav4-sport-utility/	32399 USD	2025 Silver Sky Metallic Toyota RAV4 XLE Regular Gasoline I-4 2.5 L/152 For sale at Dahl Toyota Sheboygan in Sheboygan Wisconsin.	https://content.homenetiol.com/2000157/2065512/0x0/bc77fb649e0e43a09aba6d760ad444ae.jpg	in stock	USED	SUV	Vehicles & Parts > Vehicles > Motor Vehicles > Cars, Trucks & Vans	2T3P1RFV4SW544678	https://www.dahltoyotasheboygan.com/viewdetails/cpo/2t3p1rfv4sw544678/2025-toyota-rav4-sport-utility/123?store={store_code}	SILVER	36765 miles	RAV4	2T3P1RFV4SW544678	2025	32399 USD	4273022751116927017	32399 USD	MI	yes	RAV4	Yes	Over 20k
2T3P1RFV8SW532517	2025 Toyota RAV4 XLE	Toyota	https://www.dahltoyotasheboygan.com/viewdetails/cpo/2t3p1rfv8sw532517/2025-toyota-rav4-sport-utility/	32399 USD	2025 Ice Cap Toyota RAV4 XLE Regular Gasoline I-4 2.5 L/152 For sale at Dahl Toyota Sheboygan in Sheboygan Wisconsin.	https://content.homenetiol.com/2000157/2065512/0x0/8a25b6b58e0c4c59ad543bc554462153.jpg	in stock	USED	SUV	Vehicles & Parts > Vehicles > Motor Vehicles > Cars, Trucks & Vans	2T3P1RFV8SW532517	https://www.dahltoyotasheboygan.com/viewdetails/cpo/2t3p1rfv8sw532517/2025-toyota-rav4-sport-utility/123?store={store_code}	WHITE	29035 miles	RAV4	2T3P1RFV8SW532517	2025	32399 USD	4273022751116927017	32399 USD	MI	yes	RAV4	Yes	Over 20k
2T3P1RFVXSW522376	2025 Toyota RAV4 XLE	Toyota	https://www.dahltoyotasheboygan.com/viewdetails/cpo/2t3p1rfvxsw522376/2025-toyota-rav4-sport-utility/	32399 USD	2025 Magnetic Gray Metallic Toyota RAV4 XLE Regular Gasoline I-4 2.5 L/152 For sale at Dahl Toyota Sheboygan in Sheboygan Wisconsin.	https://content.homenetiol.com/2000157/2065512/0x0/e4a0a45f79514fa0b980a02aa78d94eb.jpg	in stock	USED	SUV	Vehicles & Parts > Vehicles > Motor Vehicles > Cars, Trucks & Vans	2T3P1RFVXSW522376	https://www.dahltoyotasheboygan.com/viewdetails/cpo/2t3p1rfvxsw522376/2025-toyota-rav4-sport-utility/123?store={store_code}	GRAY	30830 miles	RAV4	2T3P1RFVXSW522376	2025	32399 USD	4273022751116927017	32399 USD	MI	yes	RAV4	Yes	Over 20k
3TMAZ5CN6PM203786	2023 Toyota Tacoma 2WD TRD Sport	Toyota	https://www.dahltoyotasheboygan.com/viewdetails/cpo/3tmaz5cn6pm203786/2023-toyota-tacoma-2wd-crew-cab-pickup/	34399 USD	2023 Magnetic Gray Metallic Toyota Tacoma 2WD TRD Sport Regular Gasoline V-6 3.5 L/211 For sale at Dahl Toyota Sheboygan in Sheboygan Wisconsin.	https://content.homenetiol.com/2000157/2065512/0x0/9b42be8603754634aa685701316fd71b.jpg	in stock	USED	TRUCK	Vehicles & Parts > Vehicles > Motor Vehicles > Cars, Trucks & Vans	3TMAZ5CN6PM203786	https://www.dahltoyotasheboygan.com/viewdetails/cpo/3tmaz5cn6pm203786/2023-toyota-tacoma-2wd-crew-cab-pickup/123?store={store_code}	GRAY	22245 miles	Tacoma 2WD	3TMAZ5CN6PM203786	2023	34399 USD	4273022751116927017	34399 USD	MI	yes	Tacoma 2WD	Yes	Over 20k
5TDAAAB57SS094023	2025 Toyota Grand Highlander XLE	Toyota	https://www.dahltoyotasheboygan.com/viewdetails/cpo/5tdaaab57ss094023/2025-toyota-grand-highlander-sport-utility/	41899 USD	2025 Celestial Silver Metallic Toyota Grand Highlander XLE Intercooled Turbo Regular Gasoline I-4 2.4 L/146 For sale at Dahl Toyota Sheboygan in Sheboygan Wisconsin.	https://content.homenetiol.com/2000157/2065512/0x0/e83b83b9b14e4408a44f97bbc022681a.jpg	in stock	USED	SUV	Vehicles & Parts > Vehicles > Motor Vehicles > Cars, Trucks & Vans	5TDAAAB57SS094023	https://www.dahltoyotasheboygan.com/viewdetails/cpo/5tdaaab57ss094023/2025-toyota-grand-highlander-sport-utility/123?store={store_code}	SILVER	45115 miles	Grand Highlander	5TDAAAB57SS094023	2025	41899 USD	4273022751116927017	41899 USD	MI	yes	Grand Highlander	Yes	Over 20k
5TDKDRBH3TS603904	2026 Toyota Highlander XLE	Toyota	https://www.dahltoyotasheboygan.com/viewdetails/cpo/5tdkdrbh3ts603904/2026-toyota-highlander-sport-utility/	47649 USD	2026 Midnight Black Metallic Toyota Highlander XLE Intercooled Turbo Regular Gasoline I-4 2.4 L/146 For sale at Dahl Toyota Sheboygan in Sheboygan Wisconsin.	https://content.homenetiol.com/2000157/2065512/0x0/6a192721a10d4fd1a38ff0dba0b3b0bb.jpg	in stock	USED	SUV	Vehicles & Parts > Vehicles > Motor Vehicles > Cars, Trucks & Vans	5TDKDRBH3TS603904	https://www.dahltoyotasheboygan.com/viewdetails/cpo/5tdkdrbh3ts603904/2026-toyota-highlander-sport-utility/123?store={store_code}	BLACK	18380 miles	Highlander	5TDKDRBH3TS603904	2026	47649 USD	4273022751116927017	47649 USD	MI	yes	Highlander	Yes	Over 20k
5TDKDRBH9TS604037	2026 Toyota Highlander XLE	Toyota	https://www.dahltoyotasheboygan.com/viewdetails/cpo/5tdkdrbh9ts604037/2026-toyota-highlander-sport-utility/	47399 USD	2026 Midnight Black Metallic Toyota Highlander XLE Intercooled Turbo Regular Gasoline I-4 2.4 L/146 For sale at Dahl Toyota Sheboygan in Sheboygan Wisconsin.	https://content.homenetiol.com/2000157/2065512/0x0/46904a9fae07496091bfe81894d4c3df.jpg	in stock	USED	SUV	Vehicles & Parts > Vehicles > Motor Vehicles > Cars, Trucks & Vans	5TDKDRBH9TS604037	https://www.dahltoyotasheboygan.com/viewdetails/cpo/5tdkdrbh9ts604037/2026-toyota-highlander-sport-utility/123?store={store_code}	BLACK	15826 miles	Highlander	5TDKDRBH9TS604037	2026	47399 USD	4273022751116927017	47399 USD	MI	yes	Highlander	Yes	Over 20k
2T36CRAV0TW102902	2026 Toyota RAV4 Limited	Toyota	https://www.dahltoyotasheboygan.com/viewdetails/new/2t36crav0tw102902/2026-toyota-rav4-sport-utility/	47781 USD	2026 Wind Chill Pearl Toyota RAV4 Limited 2.5L 4-Cyl. Hybrid For sale at Dahl Toyota Sheboygan in Sheboygan Wisconsin.	https://prod.tvmimageservice.com/images/GetEvoxImage?styleid=481719&amp;Width=640&amp;Height=480&amp;Type=jpeg&amp;Angle=03&amp;quality=80&amp;BackGroundColor=white&amp;colorcode=0089&amp;autocrop=True&amp;useoverrides=true	in stock	NEW	SUV	Vehicles & Parts > Vehicles > Motor Vehicles > Cars, Trucks & Vans	2T36CRAV0TW102902	https://www.dahltoyotasheboygan.com/viewdetails/new/2t36crav0tw102902/2026-toyota-rav4-sport-utility/123?store={store_code}	WHITE	0 miles	RAV4	2T36CRAV0TW102902	2026	47781 USD	4273022751116927017	47781 USD	MI	no	RAV4	No	Over 20k
2T36CRAV1TW42G896	2026 Toyota RAV4 Woodland	Toyota	https://www.dahltoyotasheboygan.com/viewdetails/new/2t36crav1tw42g896/2026-toyota-rav4-sport-utility/	42435 USD	2026 Ice Cap Toyota RAV4 Woodland 2.5L 4-Cyl. Hybrid For sale at Dahl Toyota Sheboygan in Sheboygan Wisconsin.	https://prod.tvmimageservice.com/images/GetEvoxImage?styleid=481710&amp;Width=640&amp;Height=480&amp;Type=jpeg&amp;Angle=03&amp;quality=80&amp;BackGroundColor=white&amp;colorcode=040&amp;autocrop=True&amp;useoverrides=true	in stock	NEW	SUV	Vehicles & Parts > Vehicles > Motor Vehicles > Cars, Trucks & Vans	2T36CRAV1TW42G896	https://www.dahltoyotasheboygan.com/viewdetails/new/2t36crav1tw42g896/2026-toyota-rav4-sport-utility/123?store={store_code}	WHITE	0 miles	RAV4	2T36CRAV1TW42G896	2026	42435 USD	4273022751116927017	42435 USD	MI	no	RAV4	No	Over 20k
2T36CRAV6TW117632	2026 Toyota RAV4 Limited	Toyota	https://www.dahltoyotasheboygan.com/viewdetails/new/2t36crav6tw117632/2026-toyota-rav4-sport-utility/	45394 USD	2026 Midnight Black Metallic Toyota RAV4 Limited 2.5L 4-Cyl. Hybrid For sale at Dahl Toyota Sheboygan in Sheboygan Wisconsin.	https://prod.tvmimageservice.com/images/GetEvoxImage?styleid=481719&amp;Width=640&amp;Height=480&amp;Type=jpeg&amp;Angle=03&amp;quality=80&amp;BackGroundColor=white&amp;colorcode=0218&amp;autocrop=True&amp;useoverrides=true	in stock	NEW	SUV	Vehicles & Parts > Vehicles > Motor Vehicles > Cars, Trucks & Vans	2T36CRAV6TW117632	https://www.dahltoyotasheboygan.com/viewdetails/new/2t36crav6tw117632/2026-toyota-rav4-sport-utility/123?store={store_code}	BLACK	0 miles	RAV4	2T36CRAV6TW117632	2026	45394 USD	4273022751116927017	45394 USD	MI	no	RAV4	No	Over 20k
2T36CRAV7TW113461	2026 Toyota RAV4 Woodland	Toyota	https://www.dahltoyotasheboygan.com/viewdetails/new/2t36crav7tw113461/2026-toyota-rav4-sport-utility/	43373 USD	2026 Ice Cap Toyota RAV4 Woodland 2.5L 4-Cyl. Hybrid For sale at Dahl Toyota Sheboygan in Sheboygan Wisconsin.	https://prod.tvmimageservice.com/images/GetEvoxImage?styleid=481710&amp;Width=640&amp;Height=480&amp;Type=jpeg&amp;Angle=03&amp;quality=80&amp;BackGroundColor=white&amp;colorcode=040&amp;autocrop=True&amp;useoverrides=true	in stock	NEW	SUV	Vehicles & Parts > Vehicles > Motor Vehicles > Cars, Trucks & Vans	2T36CRAV7TW113461	https://www.dahltoyotasheboygan.com/viewdetails/new/2t36crav7tw113461/2026-toyota-rav4-sport-utility/123?store={store_code}	WHITE	0 miles	RAV4	2T36CRAV7TW113461	2026	43373 USD	4273022751116927017	43373 USD	MI	no	RAV4	No	Over 20k
2T36CRAV7TW44I871	2026 Toyota RAV4 Limited	Toyota	https://www.dahltoyotasheboygan.com/viewdetails/new/2t36crav7tw44i871/2026-toyota-rav4-sport-utility/	46469 USD	2026 Wind Chill Pearl Toyota RAV4 Limited 2.5L 4-Cyl. Hybrid For sale at Dahl Toyota Sheboygan in Sheboygan Wisconsin.	https://prod.tvmimageservice.com/images/GetEvoxImage?styleid=481719&amp;Width=640&amp;Height=480&amp;Type=jpeg&amp;Angle=03&amp;quality=80&amp;BackGroundColor=white&amp;colorcode=0089&amp;autocrop=True&amp;useoverrides=true	in stock	NEW	SUV	Vehicles & Parts > Vehicles > Motor Vehicles > Cars, Trucks & Vans	2T36CRAV7TW44I871	https://www.dahltoyotasheboygan.com/viewdetails/new/2t36crav7tw44i871/2026-toyota-rav4-sport-utility/123?store={store_code}	WHITE	0 miles	RAV4	2T36CRAV7TW44I871	2026	46469 USD	4273022751116927017	46469 USD	MI	no	RAV4	No	Over 20k
2T36CRAV8TW42J495	2026 Toyota RAV4 Woodland	Toyota	https://www.dahltoyotasheboygan.com/viewdetails/new/2t36crav8tw42j495/2026-toyota-rav4-sport-utility/	43014 USD	2026 Ice Cap Toyota RAV4 Woodland 2.5L 4-Cyl. Hybrid For sale at Dahl Toyota Sheboygan in Sheboygan Wisconsin.	https://prod.tvmimageservice.com/images/GetEvoxImage?styleid=481710&amp;Width=640&amp;Height=480&amp;Type=jpeg&amp;Angle=03&amp;quality=80&amp;BackGroundColor=white&amp;colorcode=040&amp;autocrop=True&amp;useoverrides=true	in stock	NEW	SUV	Vehicles & Parts > Vehicles > Motor Vehicles > Cars, Trucks & Vans	2T36CRAV8TW42J495	https://www.dahltoyotasheboygan.com/viewdetails/new/2t36crav8tw42j495/2026-toyota-rav4-sport-utility/123?store={store_code}	WHITE	0 miles	RAV4	2T36CRAV8TW42J495	2026	43014 USD	4273022751116927017	43014 USD	MI	no	RAV4	No	Over 20k
2T36CRAVXTW46G152	2026 Toyota RAV4 Limited	Toyota	https://www.dahltoyotasheboygan.com/viewdetails/new/2t36cravxtw46g152/2026-toyota-rav4-sport-utility/	45834 USD	2026 Blueprint Toyota RAV4 Limited 2.5L 4-Cyl. Hybrid For sale at Dahl Toyota Sheboygan in Sheboygan Wisconsin.	https://prod.tvmimageservice.com/images/GetEvoxImage?styleid=481719&amp;Width=640&amp;Height=480&amp;Type=jpeg&amp;Angle=03&amp;quality=80&amp;BackGroundColor=white&amp;colorcode=08X8&amp;autocrop=True&amp;useoverrides=true	in stock	NEW	SUV	Vehicles & Parts > Vehicles > Motor Vehicles > Cars, Trucks & Vans	2T36CRAVXTW46G152	https://www.dahltoyotasheboygan.com/viewdetails/new/2t36cravxtw46g152/2026-toyota-rav4-sport-utility/123?store={store_code}	BLUE	0 miles	RAV4	2T36CRAVXTW46G152	2026	45834 USD	4273022751116927017	45834 USD	MI	no	RAV4	No	Over 20k
3TMLB5JN1TM308505	2026 Toyota Tacoma TRD Off Road	Toyota	https://www.dahltoyotasheboygan.com/viewdetails/new/3tmlb5jn1tm308505/2026-toyota-tacoma-double-cab/	47779 USD	2026 Black Toyota Tacoma TRD Off Road i-FORCE 2.4L 4-Cyl. Turbo For sale at Dahl Toyota Sheboygan in Sheboygan Wisconsin.	https://content.homenetiol.com/2000157/2065512/0x0/d1a5519b08ef4dee9ac3208786e05054.jpg	in stock	NEW	TRUCK	Vehicles & Parts > Vehicles > Motor Vehicles > Cars, Trucks & Vans	3TMLB5JN1TM308505	https://www.dahltoyotasheboygan.com/viewdetails/new/3tmlb5jn1tm308505/2026-toyota-tacoma-double-cab/123?store={store_code}	BLACK	0 miles	Tacoma	3TMLB5JN1TM308505	2026	47779 USD	4273022751116927017	47779 USD	MI	no	Tacoma	No	Over 20k
3TMLB5JN1TM319276	2026 Toyota Tacoma TRD Sport	Toyota	https://www.dahltoyotasheboygan.com/viewdetails/new/3tmlb5jn1tm319276/2026-toyota-tacoma-double-cab/	56269 USD	2026 Black Toyota Tacoma TRD Sport i-FORCE 2.4L 4-Cyl. Turbo For sale at Dahl Toyota Sheboygan in Sheboygan Wisconsin.	https://prod.tvmimageservice.com/images/GetEvoxImage?styleid=480257&amp;Width=640&amp;Height=480&amp;Type=jpeg&amp;Angle=03&amp;quality=80&amp;BackGroundColor=white&amp;colorcode=0202&amp;autocrop=True&amp;useoverrides=true	in stock	NEW	TRUCK	Vehicles & Parts > Vehicles > Motor Vehicles > Cars, Trucks & Vans	3TMLB5JN1TM319276	https://www.dahltoyotasheboygan.com/viewdetails/new/3tmlb5jn1tm319276/2026-toyota-tacoma-double-cab/123?store={store_code}	BLACK	0 miles	Tacoma	3TMLB5JN1TM319276	2026	56269 USD	4273022751116927017	56269 USD	MI	no	Tacoma	No	Over 20k
3TMLB5JN1TM322310	2026 Toyota Tacoma TRD Off Road	Toyota	https://www.dahltoyotasheboygan.com/viewdetails/new/3tmlb5jn1tm322310/2026-toyota-tacoma-double-cab/	51139 USD	2026 Bronze Oxide Toyota Tacoma TRD Off Road i-FORCE 2.4L 4-Cyl. Turbo For sale at Dahl Toyota Sheboygan in Sheboygan Wisconsin.	https://prod.tvmimageservice.com/images/GetEvoxImage?styleid=480248&amp;Width=640&amp;Height=480&amp;Type=jpeg&amp;Angle=03&amp;quality=80&amp;BackGroundColor=white&amp;colorcode=06X1&amp;autocrop=True&amp;useoverrides=true	in stock	NEW	TRUCK	Vehicles & Parts > Vehicles > Motor Vehicles > Cars, Trucks & Vans	3TMLB5JN1TM322310	https://www.dahltoyotasheboygan.com/viewdetails/new/3tmlb5jn1tm322310/2026-toyota-tacoma-double-cab/123?store={store_code}	BRONZE	0 miles	Tacoma	3TMLB5JN1TM322310	2026	51139 USD	4273022751116927017	51139 USD	MI	no	Tacoma	No	Over 20k
3TMLB5JN2TM41A819	2026 Toyota Tacoma TRD Sport	Toyota	https://www.dahltoyotasheboygan.com/viewdetails/new/3tmlb5jn2tm41a819/2026-toyota-tacoma-double-cab/	49608 USD	2026 Bronze Oxide Toyota Tacoma TRD Sport i-FORCE 2.4L 4-Cyl. Turbo For sale at Dahl Toyota Sheboygan in Sheboygan Wisconsin.	https://prod.tvmimageservice.com/images/GetEvoxImage?styleid=480242&amp;Width=640&amp;Height=480&amp;Type=jpeg&amp;Angle=03&amp;quality=80&amp;BackGroundColor=white&amp;colorcode=06X1&amp;autocrop=True&amp;useoverrides=true	in stock	NEW	TRUCK	Vehicles & Parts > Vehicles > Motor Vehicles > Cars, Trucks & Vans	3TMLB5JN2TM41A819	https://www.dahltoyotasheboygan.com/viewdetails/new/3tmlb5jn2tm41a819/2026-toyota-tacoma-double-cab/123?store={store_code}	BRONZE	0 miles	Tacoma	3TMLB5JN2TM41A819	2026	49608 USD	4273022751116927017	49608 USD	MI	no	Tacoma	No	Over 20k
3TMLB5JN3TM313883	2026 Toyota Tacoma TRD Off Road	Toyota	https://www.dahltoyotasheboygan.com/viewdetails/new/3tmlb5jn3tm313883/2026-toyota-tacoma-double-cab/	47904 USD	2026 Black Toyota Tacoma TRD Off Road i-FORCE 2.4L 4-Cyl. Turbo For sale at Dahl Toyota Sheboygan in Sheboygan Wisconsin.	https://content.homenetiol.com/2000157/2065512/0x0/ab6209878c17488b9073e34adfe41361.jpg	in stock	NEW	TRUCK	Vehicles & Parts > Vehicles > Motor Vehicles > Cars, Trucks & Vans	3TMLB5JN3TM313883	https://www.dahltoyotasheboygan.com/viewdetails/new/3tmlb5jn3tm313883/2026-toyota-tacoma-double-cab/123?store={store_code}	BLACK	0 miles	Tacoma	3TMLB5JN3TM313883	2026	47904 USD	4273022751116927017	47904 USD	MI	no	Tacoma	No	Over 20k
3TMLB5JN5TM320351	2026 Toyota Tacoma TRD Off Road	Toyota	https://www.dahltoyotasheboygan.com/viewdetails/new/3tmlb5jn5tm320351/2026-toyota-tacoma-double-cab/	57039 USD	2026 Ice Cap Toyota Tacoma TRD Off Road i-FORCE 2.4L 4-Cyl. Turbo For sale at Dahl Toyota Sheboygan in Sheboygan Wisconsin.	https://prod.tvmimageservice.com/images/GetEvoxImage?styleid=480260&amp;Width=640&amp;Height=480&amp;Type=jpeg&amp;Angle=03&amp;quality=80&amp;BackGroundColor=white&amp;colorcode=0040&amp;autocrop=True&amp;useoverrides=true	in stock	NEW	TRUCK	Vehicles & Parts > Vehicles > Motor Vehicles > Cars, Trucks & Vans	3TMLB5JN5TM320351	https://www.dahltoyotasheboygan.com/viewdetails/new/3tmlb5jn5tm320351/2026-toyota-tacoma-double-cab/123?store={store_code}	WHITE	0 miles	Tacoma	3TMLB5JN5TM320351	2026	57039 USD	4273022751116927017	57039 USD	MI	no	Tacoma	No	Over 20k
3TMLB5JN7TM317287	2026 Toyota Tacoma SR5	Toyota	https://www.dahltoyotasheboygan.com/viewdetails/new/3tmlb5jn7tm317287/2026-toyota-tacoma-double-cab/	47064 USD	2026 Black Toyota Tacoma SR5 i-FORCE 2.4L 4-Cyl. Turbo For sale at Dahl Toyota Sheboygan in Sheboygan Wisconsin.	https://content.homenetiol.com/2000157/2065512/0x0/9a2886ba074241f5af9d3c518ef7597d.jpg	in stock	NEW	TRUCK	Vehicles & Parts > Vehicles > Motor Vehicles > Cars, Trucks & Vans	3TMLB5JN7TM317287	https://www.dahltoyotasheboygan.com/viewdetails/new/3tmlb5jn7tm317287/2026-toyota-tacoma-double-cab/123?store={store_code}	BLACK	0 miles	Tacoma	3TMLB5JN7TM317287	2026	47064 USD	4273022751116927017	47064 USD	MI	no	Tacoma	No	Over 20k
3TMLB5JN7TM329990	2026 Toyota Tacoma SR5	Toyota	https://www.dahltoyotasheboygan.com/viewdetails/new/3tmlb5jn7tm329990/2026-toyota-tacoma-double-cab/	47078 USD	2026 Celestial Silver Metallic Toyota Tacoma SR5 i-FORCE 2.4L 4-Cyl. Turbo For sale at Dahl Toyota Sheboygan in Sheboygan Wisconsin.	https://prod.tvmimageservice.com/images/GetEvoxImage?styleid=480237&amp;Width=640&amp;Height=480&amp;Type=jpeg&amp;Angle=03&amp;quality=80&amp;BackGroundColor=white&amp;colorcode=01J9&amp;autocrop=True&amp;useoverrides=true	in stock	NEW	TRUCK	Vehicles & Parts > Vehicles > Motor Vehicles > Cars, Trucks & Vans	3TMLB5JN7TM329990	https://www.dahltoyotasheboygan.com/viewdetails/new/3tmlb5jn7tm329990/2026-toyota-tacoma-double-cab/123?store={store_code}	SILVER	0 miles	Tacoma	3TMLB5JN7TM329990	2026	47078 USD	4273022751116927017	47078 USD	MI	no	Tacoma	No	Over 20k
3TMLB5JN9TM43C798	2026 Toyota Tacoma SR5	Toyota	https://www.dahltoyotasheboygan.com/viewdetails/new/3tmlb5jn9tm43c798/2026-toyota-tacoma-double-cab/	46993 USD	2026 Heritage Blue Toyota Tacoma SR5 i-FORCE 2.4L 4-Cyl. Turbo For sale at Dahl Toyota Sheboygan in Sheboygan Wisconsin.	https://prod.tvmimageservice.com/images/GetEvoxImage?styleid=480237&amp;Width=640&amp;Height=480&amp;Type=jpeg&amp;Angle=03&amp;quality=80&amp;BackGroundColor=white&amp;colorcode=08X0&amp;autocrop=True&amp;useoverrides=true	in stock	NEW	TRUCK	Vehicles & Parts > Vehicles > Motor Vehicles > Cars, Trucks & Vans	3TMLB5JN9TM43C798	https://www.dahltoyotasheboygan.com/viewdetails/new/3tmlb5jn9tm43c798/2026-toyota-tacoma-double-cab/123?store={store_code}	BLUE	0 miles	Tacoma	3TMLB5JN9TM43C798	2026	46993 USD	4273022751116927017	46993 USD	MI	no	Tacoma	No	Over 20k
3TYLC5LN7ST044610	2025 Toyota Tacoma i-FORCE MAX TRD Sport	Toyota	https://www.dahltoyotasheboygan.com/viewdetails/new/3tylc5ln7st044610/2025-toyota-tacoma-i-force-max-double-cab/	61533 USD	2025 Celestial Silver Metallic Toyota Tacoma i-FORCE MAX TRD Sport i-FORCE MAX 2.4L 4-Cyl. Turbo Hybrid Powertrain For sale at Dahl Toyota Sheboygan in Sheboygan Wisconsin.	https://content.homenetiol.com/2000157/2065512/0x0/c671b5e292d6421097aebc8007428919.jpg	in stock	NEW	TRUCK	Vehicles & Parts > Vehicles > Motor Vehicles > Cars, Trucks & Vans	3TYLC5LN7ST044610	https://www.dahltoyotasheboygan.com/viewdetails/new/3tylc5ln7st044610/2025-toyota-tacoma-i-force-max-double-cab/123?store={store_code}	SILVER	0 miles	Tacoma i-FORCE MAX	3TYLC5LN7ST044610	2025	61533 USD	4273022751116927017	61533 USD	MI	no	Tacoma i-FORCE MAX	No	Over 20k
4T1DAACK3VU42N273	2027 Toyota Camry XLE	Toyota	https://www.dahltoyotasheboygan.com/viewdetails/new/4t1daack3vu42n273/2027-toyota-camry-4dr-car/	38185 USD	2027 Reservoir Blue Toyota Camry XLE 2.5L 4-Cyl. Gas/Electric Hybrid For sale at Dahl Toyota Sheboygan in Sheboygan Wisconsin.	https://prod.tvmimageservice.com/images/GetEvoxImage?styleid=487778&amp;Width=640&amp;Height=480&amp;Type=jpeg&amp;Angle=03&amp;quality=80&amp;BackGroundColor=white&amp;colorcode=8Q4&amp;autocrop=True&amp;useoverrides=true	in stock	NEW	OTHER	Vehicles & Parts > Vehicles > Motor Vehicles > Cars, Trucks & Vans	4T1DAACK3VU42N273	https://www.dahltoyotasheboygan.com/viewdetails/new/4t1daack3vu42n273/2027-toyota-camry-4dr-car/123?store={store_code}	BLUE	0 miles	Camry	4T1DAACK3VU42N273	2027	38185 USD	4273022751116927017	38185 USD	MI	no	Camry	No	Over 20k
4T1DAACK6VU43K346	2027 Toyota Camry SE	Toyota	https://www.dahltoyotasheboygan.com/viewdetails/new/4t1daack6vu43k346/2027-toyota-camry-4dr-car/	34755 USD	2027 Midnight Black Metallic Toyota Camry SE 2.5L 4-Cyl. Gas/Electric Hybrid For sale at Dahl Toyota Sheboygan in Sheboygan Wisconsin.	https://prod.tvmimageservice.com/images/GetEvoxImage?styleid=487772&amp;Width=640&amp;Height=480&amp;Type=jpeg&amp;Angle=03&amp;quality=80&amp;BackGroundColor=white&amp;colorcode=218&amp;autocrop=True&amp;useoverrides=true	in stock	NEW	OTHER	Vehicles & Parts > Vehicles > Motor Vehicles > Cars, Trucks & Vans	4T1DAACK6VU43K346	https://www.dahltoyotasheboygan.com/viewdetails/new/4t1daack6vu43k346/2027-toyota-camry-4dr-car/123?store={store_code}	BLACK	0 miles	Camry	4T1DAACK6VU43K346	2027	34755 USD	4273022751116927017	34755 USD	MI	no	Camry	No	Over 20k
4T1DBADK2VU41O429	2027 Toyota Camry SE	Toyota	https://www.dahltoyotasheboygan.com/viewdetails/new/4t1dbadk2vu41o429/2027-toyota-camry-4dr-car/	37749 USD	2027 Supersonic Red [extra_cost_color] Toyota Camry SE 2.5L 4-Cyl. Gas/Electric Hybrid For sale at Dahl Toyota Sheboygan in Sheboygan Wisconsin.	https://prod.tvmimageservice.com/images/GetEvoxImage?styleid=487786&amp;Width=640&amp;Height=480&amp;Type=jpeg&amp;Angle=03&amp;quality=80&amp;BackGroundColor=white&amp;colorcode=03U5&amp;autocrop=True&amp;useoverrides=true	in stock	NEW	OTHER	Vehicles & Parts > Vehicles > Motor Vehicles > Cars, Trucks & Vans	4T1DBADK2VU41O429	https://www.dahltoyotasheboygan.com/viewdetails/new/4t1dbadk2vu41o429/2027-toyota-camry-4dr-car/123?store={store_code}	RED	0 miles	Camry	4T1DBADK2VU41O429	2027	37749 USD	4273022751116927017	37749 USD	MI	no	Camry	No	Over 20k
4T1DBADK3VU43I508	2027 Toyota Camry LE	Toyota	https://www.dahltoyotasheboygan.com/viewdetails/new/4t1dbadk3vu43i508/2027-toyota-camry-4dr-car/	34840 USD	2027 Reservoir Blue Toyota Camry LE 2.5L 4-Cyl. Gas/Electric Hybrid For sale at Dahl Toyota Sheboygan in Sheboygan Wisconsin.	https://prod.tvmimageservice.com/images/GetEvoxImage?styleid=487783&amp;Width=640&amp;Height=480&amp;Type=jpeg&amp;Angle=03&amp;quality=80&amp;BackGroundColor=white&amp;colorcode=8Q4&amp;autocrop=True&amp;useoverrides=true	in stock	NEW	OTHER	Vehicles & Parts > Vehicles > Motor Vehicles > Cars, Trucks & Vans	4T1DBADK3VU43I508	https://www.dahltoyotasheboygan.com/viewdetails/new/4t1dbadk3vu43i508/2027-toyota-camry-4dr-car/123?store={store_code}	BLUE	0 miles	Camry	4T1DBADK3VU43I508	2027	34840 USD	4273022751116927017	34840 USD	MI	no	Camry	No	Over 20k
4T1DBADKXTU073334	2026 Toyota Camry SE	Toyota	https://www.dahltoyotasheboygan.com/viewdetails/new/4t1dbadkxtu073334/2026-toyota-camry-4dr-car/	40643 USD	2026 Supersonic Red Toyota Camry SE 2.5L 4-Cyl. Gas/Electric Hybrid For sale at Dahl Toyota Sheboygan in Sheboygan Wisconsin.	https://content.homenetiol.com/2000157/2065512/0x0/645ebf77660342fbbda74048b4487ef7.jpg	in stock	NEW	OTHER	Vehicles & Parts > Vehicles > Motor Vehicles > Cars, Trucks & Vans	4T1DBADKXTU073334	https://www.dahltoyotasheboygan.com/viewdetails/new/4t1dbadkxtu073334/2026-toyota-camry-4dr-car/123?store={store_code}	RED	0 miles	Camry	4T1DBADKXTU073334	2026	40643 USD	4273022751116927017	40643 USD	MI	no	Camry	No	Over 20k
4T36CRAV3TU43P376	2026 Toyota RAV4 SE	Toyota	https://www.dahltoyotasheboygan.com/viewdetails/new/4t36crav3tu43p376/2026-toyota-rav4-sport-utility/	39659 USD	2026 Blueprint Toyota RAV4 SE 2.5L 4-Cyl. Hybrid For sale at Dahl Toyota Sheboygan in Sheboygan Wisconsin.	https://prod.tvmimageservice.com/images/GetEvoxImage?styleid=481713&amp;Width=640&amp;Height=480&amp;Type=jpeg&amp;Angle=03&amp;quality=80&amp;BackGroundColor=white&amp;colorcode=08X8&amp;autocrop=True&amp;useoverrides=true	in stock	NEW	SUV	Vehicles & Parts > Vehicles > Motor Vehicles > Cars, Trucks & Vans	4T36CRAV3TU43P376	https://www.dahltoyotasheboygan.com/viewdetails/new/4t36crav3tu43p376/2026-toyota-rav4-sport-utility/123?store={store_code}	BLUE	0 miles	RAV4	4T36CRAV3TU43P376	2026	39659 USD	4273022751116927017	39659 USD	MI	no	RAV4	No	Over 20k
4T36CRAV4TU42Q718	2026 Toyota RAV4 SE	Toyota	https://www.dahltoyotasheboygan.com/viewdetails/new/4t36crav4tu42q718/2026-toyota-rav4-sport-utility/	39984 USD	2026 Blueprint Toyota RAV4 SE 2.5L 4-Cyl. Hybrid For sale at Dahl Toyota Sheboygan in Sheboygan Wisconsin.	https://prod.tvmimageservice.com/images/GetEvoxImage?styleid=481713&amp;Width=640&amp;Height=480&amp;Type=jpeg&amp;Angle=03&amp;quality=80&amp;BackGroundColor=white&amp;colorcode=08X8&amp;autocrop=True&amp;useoverrides=true	in stock	NEW	SUV	Vehicles & Parts > Vehicles > Motor Vehicles > Cars, Trucks & Vans	4T36CRAV4TU42Q718	https://www.dahltoyotasheboygan.com/viewdetails/new/4t36crav4tu42q718/2026-toyota-rav4-sport-utility/123?store={store_code}	BLUE	0 miles	RAV4	4T36CRAV4TU42Q718	2026	39984 USD	4273022751116927017	39984 USD	MI	no	RAV4	No	Over 20k
4T36CRAV4TU42R125	2026 Toyota RAV4 XLE Premium	Toyota	https://www.dahltoyotasheboygan.com/viewdetails/new/4t36crav4tu42r125/2026-toyota-rav4-sport-utility/	42309 USD	2026 Midnight Black Metallic Toyota RAV4 XLE Premium 2.5L 4-Cyl. Hybrid For sale at Dahl Toyota Sheboygan in Sheboygan Wisconsin.	https://prod.tvmimageservice.com/images/GetEvoxImage?styleid=481707&amp;Width=640&amp;Height=480&amp;Type=jpeg&amp;Angle=03&amp;quality=80&amp;BackGroundColor=white&amp;colorcode=218&amp;autocrop=True&amp;useoverrides=true	in stock	NEW	SUV	Vehicles & Parts > Vehicles > Motor Vehicles > Cars, Trucks & Vans	4T36CRAV4TU42R125	https://www.dahltoyotasheboygan.com/viewdetails/new/4t36crav4tu42r125/2026-toyota-rav4-sport-utility/123?store={store_code}	BLACK	0 miles	RAV4	4T36CRAV4TU42R125	2026	42309 USD	4273022751116927017	42309 USD	MI	no	RAV4	No	Over 20k
4T36CRAV9TU42R329	2026 Toyota RAV4 XSE	Toyota	https://www.dahltoyotasheboygan.com/viewdetails/new/4t36crav9tu42r329/2026-toyota-rav4-sport-utility/	44619 USD	2026 Midnight Black Metallic Toyota RAV4 XSE 2.5L 4-Cyl. Hybrid For sale at Dahl Toyota Sheboygan in Sheboygan Wisconsin.	https://prod.tvmimageservice.com/images/GetEvoxImage?styleid=481716&amp;Width=640&amp;Height=480&amp;Type=jpeg&amp;Angle=03&amp;quality=80&amp;BackGroundColor=white&amp;colorcode=218&amp;autocrop=True&amp;useoverrides=true	in stock	NEW	SUV	Vehicles & Parts > Vehicles > Motor Vehicles > Cars, Trucks & Vans	4T36CRAV9TU42R329	https://www.dahltoyotasheboygan.com/viewdetails/new/4t36crav9tu42r329/2026-toyota-rav4-sport-utility/123?store={store_code}	BLACK	0 miles	RAV4	4T36CRAV9TU42R329	2026	44619 USD	4273022751116927017	44619 USD	MI	no	RAV4	No	Over 20k
4T36CRAV9TU43O975	2026 Toyota RAV4 XLE Premium	Toyota	https://www.dahltoyotasheboygan.com/viewdetails/new/4t36crav9tu43o975/2026-toyota-rav4-sport-utility/	43044 USD	2026 Ruby Flare Pearl Toyota RAV4 XLE Premium 2.5L 4-Cyl. Hybrid For sale at Dahl Toyota Sheboygan in Sheboygan Wisconsin.	https://prod.tvmimageservice.com/images/GetEvoxImage?styleid=481707&amp;Width=640&amp;Height=480&amp;Type=jpeg&amp;Angle=03&amp;quality=80&amp;BackGroundColor=white&amp;colorcode=03T3&amp;autocrop=True&amp;useoverrides=true	in stock	NEW	SUV	Vehicles & Parts > Vehicles > Motor Vehicles > Cars, Trucks & Vans	4T36CRAV9TU43O975	https://www.dahltoyotasheboygan.com/viewdetails/new/4t36crav9tu43o975/2026-toyota-rav4-sport-utility/123?store={store_code}	RED	0 miles	RAV4	4T36CRAV9TU43O975	2026	43044 USD	4273022751116927017	43044 USD	MI	no	RAV4	No	Over 20k
5TDAAAB53TS44G312	2026 Toyota Grand Highlander Platinum	Toyota	https://www.dahltoyotasheboygan.com/viewdetails/new/5tdaaab53ts44g312/2026-toyota-grand-highlander-sport-utility/	59468 USD	2026 Midnight Black Metallic Toyota Grand Highlander Platinum 2.4L 4-Cyl. Turbocharged For sale at Dahl Toyota Sheboygan in Sheboygan Wisconsin.	https://media.rti.toyota.com/adobe/assets/urn:aaid:aem:f653a315-1d43-48a8-8954-704788d27750/as/image.png?size=1200%2C663	in stock	NEW	SUV	Vehicles & Parts > Vehicles > Motor Vehicles > Cars, Trucks & Vans	5TDAAAB53TS44G312	https://www.dahltoyotasheboygan.com/viewdetails/new/5tdaaab53ts44g312/2026-toyota-grand-highlander-sport-utility/123?store={store_code}	BLACK	0 miles	Grand Highlander	5TDAAAB53TS44G312	2026	59468 USD	4273022751116927017	59468 USD	MI	no	Grand Highlander	No	Over 20k
5TDAAAB56VS45E844	2027 Toyota Grand Highlander AWD	Toyota	https://www.dahltoyotasheboygan.com/viewdetails/new/5tdaaab56vs45e844/2027-toyota-grand-highlander-limited-awd/	61777 USD	2027 Heavy Metal Toyota Grand Highlander AWD 2.4L 4-Cyl. Turbocharged For sale at Dahl Toyota Sheboygan in Sheboygan Wisconsin.	https://prod.tvmimageservice.com/images/GetEvoxImage?styleid=0&amp;Width=640&amp;Height=480&amp;Type=jpeg&amp;Angle=03&amp;quality=80&amp;BackGroundColor=white&amp;colorcode=01L5&amp;autocrop=True&amp;useoverrides=true	in stock	NEW	SUV	Vehicles & Parts > Vehicles > Motor Vehicles > Cars, Trucks & Vans	5TDAAAB56VS45E844	https://www.dahltoyotasheboygan.com/viewdetails/new/5tdaaab56vs45e844/2027-toyota-grand-highlander-limited-awd/123?store={store_code}	GRAY	0 miles	Grand Highlander	5TDAAAB56VS45E844	2027	61777 USD	4273022751116927017	61777 USD	MI	no	Grand Highlander	No	Over 20k
5TDAAAB5XTS41F199	2026 Toyota Grand Highlander Platinum	Toyota	https://www.dahltoyotasheboygan.com/viewdetails/new/5tdaaab5xts41f199/2026-toyota-grand-highlander-sport-utility/	57969 USD	2026 Midnight Black Metallic Toyota Grand Highlander Platinum 2.4L 4-Cyl. Turbocharged For sale at Dahl Toyota Sheboygan in Sheboygan Wisconsin.	https://prod.tvmimageservice.com/images/GetEvoxImage?styleid=477208&amp;Width=640&amp;Height=480&amp;Type=jpeg&amp;Angle=03&amp;quality=80&amp;BackGroundColor=white&amp;colorcode=218&amp;autocrop=True&amp;useoverrides=true	in stock	NEW	SUV	Vehicles & Parts > Vehicles > Motor Vehicles > Cars, Trucks & Vans	5TDAAAB5XTS41F199	https://www.dahltoyotasheboygan.com/viewdetails/new/5tdaaab5xts41f199/2026-toyota-grand-highlander-sport-utility/123?store={store_code}	BLACK	0 miles	Grand Highlander	5TDAAAB5XTS41F199	2026	57969 USD	4273022751116927017	57969 USD	MI	no	Grand Highlander	No	Over 20k
5TDACAB50TS44F970	2026 Toyota Grand Highlander Hybrid Limited	Toyota	https://www.dahltoyotasheboygan.com/viewdetails/new/5tdacab50ts44f970/2026-toyota-grand-highlander-hybrid-sport-utility/	59822 USD	2026 Storm Cloud Toyota Grand Highlander Limited 2.5-Liter 4-Cylinder Hybrid For sale at Dahl Toyota Sheboygan in Sheboygan Wisconsin.	https://prod.tvmimageservice.com/images/GetEvoxImage?styleid=477223&amp;Width=640&amp;Height=480&amp;Type=jpeg&amp;Angle=03&amp;quality=80&amp;BackGroundColor=white&amp;colorcode=01L6&amp;autocrop=True&amp;useoverrides=true	in stock	NEW	SUV	Vehicles & Parts > Vehicles > Motor Vehicles > Cars, Trucks & Vans	5TDACAB50TS44F970	https://www.dahltoyotasheboygan.com/viewdetails/new/5tdacab50ts44f970/2026-toyota-grand-highlander-hybrid-sport-utility/123?store={store_code}	GRAY	0 miles	Grand Highlander	5TDACAB50TS44F970	2026	59822 USD	4273022751116927017	59822 USD	MI	no	Grand Highlander	No	Over 20k
5TDACAB54TS42G631	2026 Toyota Grand Highlander Hybrid Limited	Toyota	https://www.dahltoyotasheboygan.com/viewdetails/new/5tdacab54ts42g631/2026-toyota-grand-highlander-hybrid-sport-utility/	60048 USD	2026 Heavy Metal Toyota Grand Highlander Limited 2.5-Liter 4-Cylinder Hybrid For sale at Dahl Toyota Sheboygan in Sheboygan Wisconsin.	https://prod.tvmimageservice.com/images/GetEvoxImage?styleid=477223&amp;Width=640&amp;Height=480&amp;Type=jpeg&amp;Angle=03&amp;quality=80&amp;BackGroundColor=white&amp;colorcode=01L5&amp;autocrop=True&amp;useoverrides=true	in stock	NEW	SUV	Vehicles & Parts > Vehicles > Motor Vehicles > Cars, Trucks & Vans	5TDACAB54TS42G631	https://www.dahltoyotasheboygan.com/viewdetails/new/5tdacab54ts42g631/2026-toyota-grand-highlander-hybrid-sport-utility/123?store={store_code}	GRAY	0 miles	Grand Highlander	5TDACAB54TS42G631	2026	60048 USD	4273022751116927017	60048 USD	MI	no	Grand Highlander	No	Over 20k
5TDACAB55TS30Q096	2026 Toyota Grand Highlander Hybrid Limited	Toyota	https://www.dahltoyotasheboygan.com/viewdetails/new/5tdacab55ts30q096/2026-toyota-grand-highlander-hybrid-sport-utility/	57973 USD	2026 Midnight Black Metallic Toyota Grand Highlander Limited 2.5-Liter 4-Cylinder Hybrid For sale at Dahl Toyota Sheboygan in Sheboygan Wisconsin.	https://prod.tvmimageservice.com/images/GetEvoxImage?styleid=477223&amp;Width=640&amp;Height=480&amp;Type=jpeg&amp;Angle=03&amp;quality=80&amp;BackGroundColor=white&amp;colorcode=218&amp;autocrop=True&amp;useoverrides=true	in stock	NEW	SUV	Vehicles & Parts > Vehicles > Motor Vehicles > Cars, Trucks & Vans	5TDACAB55TS30Q096	https://www.dahltoyotasheboygan.com/viewdetails/new/5tdacab55ts30q096/2026-toyota-grand-highlander-hybrid-sport-utility/123?store={store_code}	BLACK	0 miles	Grand Highlander	5TDACAB55TS30Q096	2026	57973 USD	4273022751116927017	57973 USD	MI	no	Grand Highlander	No	Over 20k
5TDACAB5XTS43E412	2026 Toyota Grand Highlander Hybrid Limited	Toyota	https://www.dahltoyotasheboygan.com/viewdetails/new/5tdacab5xts43e412/2026-toyota-grand-highlander-hybrid-sport-utility/	58483 USD	2026 Blueprint Toyota Grand Highlander Limited 2.5-Liter 4-Cylinder Hybrid For sale at Dahl Toyota Sheboygan in Sheboygan Wisconsin.	https://prod.tvmimageservice.com/images/GetEvoxImage?styleid=477223&amp;Width=640&amp;Height=480&amp;Type=jpeg&amp;Angle=03&amp;quality=80&amp;BackGroundColor=white&amp;colorcode=08X8&amp;autocrop=True&amp;useoverrides=true	in stock	NEW	SUV	Vehicles & Parts > Vehicles > Motor Vehicles > Cars, Trucks & Vans	5TDACAB5XTS43E412	https://www.dahltoyotasheboygan.com/viewdetails/new/5tdacab5xts43e412/2026-toyota-grand-highlander-hybrid-sport-utility/123?store={store_code}	BLUE	0 miles	Grand Highlander	5TDACAB5XTS43E412	2026	58483 USD	4273022751116927017	58483 USD	MI	no	Grand Highlander	No	Over 20k
5TDCSKFC1TS43B828	2026 Toyota Sienna Woodland Edition	Toyota	https://www.dahltoyotasheboygan.com/viewdetails/new/5tdcskfc1ts43b828/2026-toyota-sienna-mini-van,-passenger/	55270 USD	2026 Cypress Toyota Sienna Woodland Edition 2.5L Hybrid For sale at Dahl Toyota Sheboygan in Sheboygan Wisconsin.	https://prod.tvmimageservice.com/images/GetEvoxImage?styleid=480396&amp;Width=640&amp;Height=480&amp;Type=jpeg&amp;Angle=03&amp;quality=80&amp;BackGroundColor=white&amp;colorcode=06X5&amp;autocrop=True&amp;useoverrides=true	in stock	NEW	VAN	Vehicles & Parts > Vehicles > Motor Vehicles > Cars, Trucks & Vans	5TDCSKFC1TS43B828	https://www.dahltoyotasheboygan.com/viewdetails/new/5tdcskfc1ts43b828/2026-toyota-sienna-mini-van,-passenger/123?store={store_code}	GREEN	0 miles	Sienna	5TDCSKFC1TS43B828	2026	55270 USD	4273022751116927017	55270 USD	MI	no	Sienna	No	Over 20k
5TDCSKFC6TS41B980	2026 Toyota Sienna Woodland Edition	Toyota	https://www.dahltoyotasheboygan.com/viewdetails/new/5tdcskfc6ts41b980/2026-toyota-sienna-mini-van,-passenger/	53855 USD	2026 Midnight Black Metallic Toyota Sienna Woodland Edition 2.5L Hybrid For sale at Dahl Toyota Sheboygan in Sheboygan Wisconsin.	https://prod.tvmimageservice.com/images/GetEvoxImage?styleid=480396&amp;Width=640&amp;Height=480&amp;Type=jpeg&amp;Angle=03&amp;quality=80&amp;BackGroundColor=white&amp;colorcode=0218&amp;autocrop=True&amp;useoverrides=true	in stock	NEW	VAN	Vehicles & Parts > Vehicles > Motor Vehicles > Cars, Trucks & Vans	5TDCSKFC6TS41B980	https://www.dahltoyotasheboygan.com/viewdetails/new/5tdcskfc6ts41b980/2026-toyota-sienna-mini-van,-passenger/123?store={store_code}	BLACK	0 miles	Sienna	5TDCSKFC6TS41B980	2026	53855 USD	4273022751116927017	53855 USD	MI	no	Sienna	No	Over 20k
5TDCSKFCXTS44C357	2026 Toyota Sienna Woodland Edition	Toyota	https://www.dahltoyotasheboygan.com/viewdetails/new/5tdcskfcxts44c357/2026-toyota-sienna-mini-van,-passenger/	54670 USD	2026 Ice Cap Toyota Sienna Woodland Edition 2.5L Hybrid For sale at Dahl Toyota Sheboygan in Sheboygan Wisconsin.	https://prod.tvmimageservice.com/images/GetEvoxImage?styleid=480396&amp;Width=640&amp;Height=480&amp;Type=jpeg&amp;Angle=03&amp;quality=80&amp;BackGroundColor=white&amp;colorcode=0040&amp;autocrop=True&amp;useoverrides=true	in stock	NEW	VAN	Vehicles & Parts > Vehicles > Motor Vehicles > Cars, Trucks & Vans	5TDCSKFCXTS44C357	https://www.dahltoyotasheboygan.com/viewdetails/new/5tdcskfcxts44c357/2026-toyota-sienna-mini-van,-passenger/123?store={store_code}	WHITE	0 miles	Sienna	5TDCSKFCXTS44C357	2026	54670 USD	4273022751116927017	54670 USD	MI	no	Sienna	No	Over 20k
5TDEBRCH4TS43A061	2026 Toyota Highlander Hybrid Platinum	Toyota	https://www.dahltoyotasheboygan.com/viewdetails/new/5tdebrch4ts43a061/2026-toyota-highlander-hybrid-sport-utility/	59681 USD	2026 Wind Chill Pearl Toyota Highlander Platinum 2.5L 4-Cyl. Hybrid For sale at Dahl Toyota Sheboygan in Sheboygan Wisconsin.	https://prod.tvmimageservice.com/images/GetEvoxImage?styleid=479818&amp;Width=640&amp;Height=480&amp;Type=jpeg&amp;Angle=03&amp;quality=80&amp;BackGroundColor=white&amp;colorcode=0089&amp;autocrop=True&amp;useoverrides=true	in stock	NEW	SUV	Vehicles & Parts > Vehicles > Motor Vehicles > Cars, Trucks & Vans	5TDEBRCH4TS43A061	https://www.dahltoyotasheboygan.com/viewdetails/new/5tdebrch4ts43a061/2026-toyota-highlander-hybrid-sport-utility/123?store={store_code}	WHITE	0 miles	Highlander	5TDEBRCH4TS43A061	2026	59681 USD	4273022751116927017	59681 USD	MI	no	Highlander	No	Over 20k
5TDEBRCH8TS734103	2026 Toyota Highlander Hybrid Platinum	Toyota	https://www.dahltoyotasheboygan.com/viewdetails/new/5tdebrch8ts734103/2026-toyota-highlander-hybrid-sport-utility/	59447 USD	2026 Ruby Flare Pearl Toyota Highlander Platinum 2.5L 4-Cyl. Hybrid For sale at Dahl Toyota Sheboygan in Sheboygan Wisconsin.	https://prod.tvmimageservice.com/images/GetEvoxImage?styleid=479818&amp;Width=640&amp;Height=480&amp;Type=jpeg&amp;Angle=03&amp;quality=80&amp;BackGroundColor=white&amp;colorcode=03T3&amp;autocrop=True&amp;useoverrides=true	in stock	NEW	SUV	Vehicles & Parts > Vehicles > Motor Vehicles > Cars, Trucks & Vans	5TDEBRCH8TS734103	https://www.dahltoyotasheboygan.com/viewdetails/new/5tdebrch8ts734103/2026-toyota-highlander-hybrid-sport-utility/123?store={store_code}	RED	0 miles	Highlander	5TDEBRCH8TS734103	2026	59447 USD	4273022751116927017	59447 USD	MI	no	Highlander	No	Over 20k
5TDESKFC3TS41C125	2026 Toyota Sienna Platinum	Toyota	https://www.dahltoyotasheboygan.com/viewdetails/new/5tdeskfc3ts41c125/2026-toyota-sienna-mini-van,-passenger/	62730 USD	2026 Wind Chill Pearl Toyota Sienna Platinum 2.5L Hybrid For sale at Dahl Toyota Sheboygan in Sheboygan Wisconsin.	https://prod.tvmimageservice.com/images/GetEvoxImage?styleid=480407&amp;Width=640&amp;Height=480&amp;Type=jpeg&amp;Angle=03&amp;quality=80&amp;BackGroundColor=white&amp;colorcode=0089&amp;autocrop=True&amp;useoverrides=true	in stock	NEW	VAN	Vehicles & Parts > Vehicles > Motor Vehicles > Cars, Trucks & Vans	5TDESKFC3TS41C125	https://www.dahltoyotasheboygan.com/viewdetails/new/5tdeskfc3ts41c125/2026-toyota-sienna-mini-van,-passenger/123?store={store_code}	WHITE	0 miles	Sienna	5TDESKFC3TS41C125	2026	62730 USD	4273022751116927017	62730 USD	MI	no	Sienna	No	Over 20k
5TDESKFC8TS286937	2026 Toyota Sienna Platinum	Toyota	https://www.dahltoyotasheboygan.com/viewdetails/new/5tdeskfc8ts286937/2026-toyota-sienna-mini-van,-passenger/	61274 USD	2026 Midnight Black Metallic Toyota Sienna Platinum 2.5L Hybrid For sale at Dahl Toyota Sheboygan in Sheboygan Wisconsin.	https://content.homenetiol.com/2000157/2065512/0x0/668d3e58bf8940e18dd606f6f2a7e084.jpg	in stock	NEW	VAN	Vehicles & Parts > Vehicles > Motor Vehicles > Cars, Trucks & Vans	5TDESKFC8TS286937	https://www.dahltoyotasheboygan.com/viewdetails/new/5tdeskfc8ts286937/2026-toyota-sienna-mini-van,-passenger/123?store={store_code}	BLACK	0 miles	Sienna	5TDESKFC8TS286937	2026	61274 USD	4273022751116927017	61274 USD	MI	no	Sienna	No	Over 20k
5TDKDRBH5TS44A404	2026 Toyota Highlander Platinum	Toyota	https://www.dahltoyotasheboygan.com/viewdetails/new/5tdkdrbh5ts44a404/2026-toyota-highlander-sport-utility/	58166 USD	2026 Ruby Flare Pearl Toyota Highlander Platinum 2.4L 4-Cyl. Turbo For sale at Dahl Toyota Sheboygan in Sheboygan Wisconsin.	https://prod.tvmimageservice.com/images/GetEvoxImage?styleid=479809&amp;Width=640&amp;Height=480&amp;Type=jpeg&amp;Angle=03&amp;quality=80&amp;BackGroundColor=white&amp;colorcode=03T3&amp;autocrop=True&amp;useoverrides=true	in stock	NEW	SUV	Vehicles & Parts > Vehicles > Motor Vehicles > Cars, Trucks & Vans	5TDKDRBH5TS44A404	https://www.dahltoyotasheboygan.com/viewdetails/new/5tdkdrbh5ts44a404/2026-toyota-highlander-sport-utility/123?store={store_code}	RED	0 miles	Highlander	5TDKDRBH5TS44A404	2026	58166 USD	4273022751116927017	58166 USD	MI	no	Highlander	No	Over 20k
5TDKDRBH8TS621251	2026 Toyota Highlander Limited	Toyota	https://www.dahltoyotasheboygan.com/viewdetails/new/5tdkdrbh8ts621251/2026-toyota-highlander-sport-utility/	54792 USD	2026 Heavy Metal Toyota Highlander Limited 2.4L 4-Cyl. Turbo For sale at Dahl Toyota Sheboygan in Sheboygan Wisconsin.	https://content.homenetiol.com/2000157/2065512/0x0/43d3bfd8a64d46cf82d1d2025a9d640c.jpg	in stock	NEW	SUV	Vehicles & Parts > Vehicles > Motor Vehicles > Cars, Trucks & Vans	5TDKDRBH8TS621251	https://www.dahltoyotasheboygan.com/viewdetails/new/5tdkdrbh8ts621251/2026-toyota-highlander-sport-utility/123?store={store_code}	GRAY	0 miles	Highlander	5TDKDRBH8TS621251	2026	54792 USD	4273022751116927017	54792 USD	MI	no	Highlander	No	Over 20k
5TDKRKEC5TS42D594	2026 Toyota Sienna LE	Toyota	https://www.dahltoyotasheboygan.com/viewdetails/new/5tdkrkec5ts42d594/2026-toyota-sienna-mini-van,-passenger/	43885 USD	2026 Heavy Metal Toyota Sienna LE 2.5L Hybrid For sale at Dahl Toyota Sheboygan in Sheboygan Wisconsin.	https://prod.tvmimageservice.com/images/GetEvoxImage?styleid=480372&amp;Width=640&amp;Height=480&amp;Type=jpeg&amp;Angle=03&amp;quality=80&amp;BackGroundColor=white&amp;colorcode=01L5&amp;autocrop=True&amp;useoverrides=true	in stock	NEW	VAN	Vehicles & Parts > Vehicles > Motor Vehicles > Cars, Trucks & Vans	5TDKRKEC5TS42D594	https://www.dahltoyotasheboygan.com/viewdetails/new/5tdkrkec5ts42d594/2026-toyota-sienna-mini-van,-passenger/123?store={store_code}	GRAY	0 miles	Sienna	5TDKRKEC5TS42D594	2026	43885 USD	4273022751116927017	43885 USD	MI	no	Sienna	No	Over 20k
5TDXSKFC8TS41C453	2026 Toyota Sienna XSE	Toyota	https://www.dahltoyotasheboygan.com/viewdetails/new/5tdxskfc8ts41c453/2026-toyota-sienna-mini-van,-passenger/	53950 USD	2026 Cement Toyota Sienna XSE 2.5L Hybrid For sale at Dahl Toyota Sheboygan in Sheboygan Wisconsin.	https://prod.tvmimageservice.com/images/GetEvoxImage?styleid=480399&amp;Width=640&amp;Height=480&amp;Type=jpeg&amp;Angle=03&amp;quality=80&amp;BackGroundColor=white&amp;colorcode=01H5&amp;autocrop=True&amp;useoverrides=true	in stock	NEW	VAN	Vehicles & Parts > Vehicles > Motor Vehicles > Cars, Trucks & Vans	5TDXSKFC8TS41C453	https://www.dahltoyotasheboygan.com/viewdetails/new/5tdxskfc8ts41c453/2026-toyota-sienna-mini-van,-passenger/123?store={store_code}	GRAY	0 miles	Sienna	5TDXSKFC8TS41C453	2026	53950 USD	4273022751116927017	53950 USD	MI	no	Sienna	No	Over 20k
5TDYSKFC5TS43C731	2026 Toyota Sienna XLE	Toyota	https://www.dahltoyotasheboygan.com/viewdetails/new/5tdyskfc5ts43c731/2026-toyota-sienna-mini-van,-passenger/	51400 USD	2026 Heavy Metal Toyota Sienna XLE 2.5L Hybrid For sale at Dahl Toyota Sheboygan in Sheboygan Wisconsin.	https://prod.tvmimageservice.com/images/GetEvoxImage?styleid=480393&amp;Width=640&amp;Height=480&amp;Type=jpeg&amp;Angle=03&amp;quality=80&amp;BackGroundColor=white&amp;colorcode=01L5&amp;autocrop=True&amp;useoverrides=true	in stock	NEW	VAN	Vehicles & Parts > Vehicles > Motor Vehicles > Cars, Trucks & Vans	5TDYSKFC5TS43C731	https://www.dahltoyotasheboygan.com/viewdetails/new/5tdyskfc5ts43c731/2026-toyota-sienna-mini-van,-passenger/123?store={store_code}	GRAY	0 miles	Sienna	5TDYSKFC5TS43C731	2026	51400 USD	4273022751116927017	51400 USD	MI	no	Sienna	No	Over 20k
5TDYSKFC6TS43D709	2026 Toyota Sienna XLE	Toyota	https://www.dahltoyotasheboygan.com/viewdetails/new/5tdyskfc6ts43d709/2026-toyota-sienna-mini-van,-passenger/	51400 USD	2026 Ruby Flare Pearl Toyota Sienna XLE 2.5L Hybrid For sale at Dahl Toyota Sheboygan in Sheboygan Wisconsin.	https://prod.tvmimageservice.com/images/GetEvoxImage?styleid=480393&amp;Width=640&amp;Height=480&amp;Type=jpeg&amp;Angle=03&amp;quality=80&amp;BackGroundColor=white&amp;colorcode=03T3&amp;autocrop=True&amp;useoverrides=true	in stock	NEW	VAN	Vehicles & Parts > Vehicles > Motor Vehicles > Cars, Trucks & Vans	5TDYSKFC6TS43D709	https://www.dahltoyotasheboygan.com/viewdetails/new/5tdyskfc6ts43d709/2026-toyota-sienna-mini-van,-passenger/123?store={store_code}	RED	0 miles	Sienna	5TDYSKFC6TS43D709	2026	51400 USD	4273022751116927017	51400 USD	MI	no	Sienna	No	Over 20k
5TDYSKFC6TS46C918	2026 Toyota Sienna XLE	Toyota	https://www.dahltoyotasheboygan.com/viewdetails/new/5tdyskfc6ts46c918/2026-toyota-sienna-mini-van,-passenger/	51320 USD	2026 Cypress Toyota Sienna XLE 2.5L Hybrid For sale at Dahl Toyota Sheboygan in Sheboygan Wisconsin.	https://prod.tvmimageservice.com/images/GetEvoxImage?styleid=480393&amp;Width=640&amp;Height=480&amp;Type=jpeg&amp;Angle=03&amp;quality=80&amp;BackGroundColor=white&amp;colorcode=06X5&amp;autocrop=True&amp;useoverrides=true	in stock	NEW	VAN	Vehicles & Parts > Vehicles > Motor Vehicles > Cars, Trucks & Vans	5TDYSKFC6TS46C918	https://www.dahltoyotasheboygan.com/viewdetails/new/5tdyskfc6ts46c918/2026-toyota-sienna-mini-van,-passenger/123?store={store_code}	GREEN	0 miles	Sienna	5TDYSKFC6TS46C918	2026	51320 USD	4273022751116927017	51320 USD	MI	no	Sienna	No	Over 20k
5TDYSKFC9TS46D268	2026 Toyota Sienna XLE	Toyota	https://www.dahltoyotasheboygan.com/viewdetails/new/5tdyskfc9ts46d268/2026-toyota-sienna-mini-van,-passenger/	52765 USD	2026 Midnight Black Metallic Toyota Sienna XLE 2.5L Hybrid For sale at Dahl Toyota Sheboygan in Sheboygan Wisconsin.	https://prod.tvmimageservice.com/images/GetEvoxImage?styleid=480393&amp;Width=640&amp;Height=480&amp;Type=jpeg&amp;Angle=03&amp;quality=80&amp;BackGroundColor=white&amp;colorcode=0218&amp;autocrop=True&amp;useoverrides=true	in stock	NEW	VAN	Vehicles & Parts > Vehicles > Motor Vehicles > Cars, Trucks & Vans	5TDYSKFC9TS46D268	https://www.dahltoyotasheboygan.com/viewdetails/new/5tdyskfc9ts46d268/2026-toyota-sienna-mini-van,-passenger/123?store={store_code}	BLACK	0 miles	Sienna	5TDYSKFC9TS46D268	2026	52765 USD	4273022751116927017	52765 USD	MI	no	Sienna	No	Over 20k
5TDZSKFC3TS44C758	2026 Toyota Sienna Limited	Toyota	https://www.dahltoyotasheboygan.com/viewdetails/new/5tdzskfc3ts44c758/2026-toyota-sienna-mini-van,-passenger/	59445 USD	2026 Wind Chill Pearl Toyota Sienna Limited 2.5L Hybrid For sale at Dahl Toyota Sheboygan in Sheboygan Wisconsin.	https://prod.tvmimageservice.com/images/GetEvoxImage?styleid=480404&amp;Width=640&amp;Height=480&amp;Type=jpeg&amp;Angle=03&amp;quality=80&amp;BackGroundColor=white&amp;colorcode=0089&amp;autocrop=True&amp;useoverrides=true	in stock	NEW	VAN	Vehicles & Parts > Vehicles > Motor Vehicles > Cars, Trucks & Vans	5TDZSKFC3TS44C758	https://www.dahltoyotasheboygan.com/viewdetails/new/5tdzskfc3ts44c758/2026-toyota-sienna-mini-van,-passenger/123?store={store_code}	WHITE	0 miles	Sienna	5TDZSKFC3TS44C758	2026	59445 USD	4273022751116927017	59445 USD	MI	no	Sienna	No	Over 20k
5TFLA5DB7TX43C829	2026 Toyota Tundra SR5	Toyota	https://www.dahltoyotasheboygan.com/viewdetails/new/5tfla5db7tx43c829/2026-toyota-tundra-crewmax/	61049 USD	2026 Magnetic Gray Metallic Toyota Tundra SR5 i-FORCE V6 For sale at Dahl Toyota Sheboygan in Sheboygan Wisconsin.	https://prod.tvmimageservice.com/images/GetEvoxImage?styleid=476376&amp;Width=640&amp;Height=480&amp;Type=jpeg&amp;Angle=03&amp;quality=80&amp;BackGroundColor=white&amp;colorcode=1G3&amp;autocrop=True&amp;useoverrides=true	in stock	NEW	TRUCK	Vehicles & Parts > Vehicles > Motor Vehicles > Cars, Trucks & Vans	5TFLA5DB7TX43C829	https://www.dahltoyotasheboygan.com/viewdetails/new/5tfla5db7tx43c829/2026-toyota-tundra-crewmax/123?store={store_code}	GRAY	0 miles	Tundra	5TFLA5DB7TX43C829	2026	61049 USD	4273022751116927017	61049 USD	MI	no	Tundra	No	Over 20k
5TFMA5DB0TX439976	2026 Toyota Tundra 1794 Edition	Toyota	https://www.dahltoyotasheboygan.com/viewdetails/new/5tfma5db0tx439976/2026-toyota-tundra-crewmax/	76044 USD	2026 Lunar Rock Toyota Tundra 1794 Edition i-FORCE V6 For sale at Dahl Toyota Sheboygan in Sheboygan Wisconsin.	https://content.homenetiol.com/2000157/2065512/0x0/c96dbaf70fda4c70a73d1a350c028355.jpg	in stock	NEW	TRUCK	Vehicles & Parts > Vehicles > Motor Vehicles > Cars, Trucks & Vans	5TFMA5DB0TX439976	https://www.dahltoyotasheboygan.com/viewdetails/new/5tfma5db0tx439976/2026-toyota-tundra-crewmax/123?store={store_code}	SILVER	0 miles	Tundra	5TFMA5DB0TX439976	2026	76044 USD	4273022751116927017	76044 USD	MI	no	Tundra	No	Over 20k
5TFMA5DB3TX435680	2026 Toyota Tundra 1794 Edition	Toyota	https://www.dahltoyotasheboygan.com/viewdetails/new/5tfma5db3tx435680/2026-toyota-tundra-crewmax/	74813 USD	2026 Lunar Rock Toyota Tundra 1794 Edition i-FORCE V6 For sale at Dahl Toyota Sheboygan in Sheboygan Wisconsin.	https://content.homenetiol.com/2000157/2065512/0x0/7f34c502b479413f8bec9fa14d31bdbb.jpg	in stock	NEW	TRUCK	Vehicles & Parts > Vehicles > Motor Vehicles > Cars, Trucks & Vans	5TFMA5DB3TX435680	https://www.dahltoyotasheboygan.com/viewdetails/new/5tfma5db3tx435680/2026-toyota-tundra-crewmax/123?store={store_code}	SILVER	0 miles	Tundra	5TFMA5DB3TX435680	2026	74813 USD	4273022751116927017	74813 USD	MI	no	Tundra	No	Over 20k
5TFMC5DB5TX148772	2026 Toyota Tundra i-FORCE MAX 1794 Edition	Toyota	https://www.dahltoyotasheboygan.com/viewdetails/new/5tfmc5db5tx148772/2026-toyota-tundra-i-force-max-crewmax/	80084 USD	2026 Lunar Rock Toyota Tundra i-FORCE MAX 1794 Edition i-FORCE MAX V6 Hybrid For sale at Dahl Toyota Sheboygan in Sheboygan Wisconsin.	https://content.homenetiol.com/2000157/2065512/0x0/7b9f79e1ed9845b293a8e8b6bce1b263.jpg	in stock	NEW	TRUCK	Vehicles & Parts > Vehicles > Motor Vehicles > Cars, Trucks & Vans	5TFMC5DB5TX148772	https://www.dahltoyotasheboygan.com/viewdetails/new/5tfmc5db5tx148772/2026-toyota-tundra-i-force-max-crewmax/123?store={store_code}	SILVER	0 miles	Tundra i-FORCE MAX	5TFMC5DB5TX148772	2026	80084 USD	4273022751116927017	80084 USD	MI	no	Tundra i-FORCE MAX	No	Over 20k
5TFNA5ECXTX061760	2026 Toyota Tundra Platinum	Toyota	https://www.dahltoyotasheboygan.com/viewdetails/new/5tfna5ecxtx061760/2026-toyota-tundra-crewmax/	74660 USD	2026 Lunar Rock Toyota Tundra Platinum i-FORCE V6 For sale at Dahl Toyota Sheboygan in Sheboygan Wisconsin.	https://content.homenetiol.com/2000157/2065512/0x0/537e656372784f6c9f2450712d0adea5.jpg	in stock	NEW	TRUCK	Vehicles & Parts > Vehicles > Motor Vehicles > Cars, Trucks & Vans	5TFNA5ECXTX061760	https://www.dahltoyotasheboygan.com/viewdetails/new/5tfna5ecxtx061760/2026-toyota-tundra-crewmax/123?store={store_code}	SILVER	0 miles	Tundra	5TFNA5ECXTX061760	2026	74660 USD	4273022751116927017	74660 USD	MI	no	Tundra	No	Over 20k
5TFVC5DB5TX147075	2026 Toyota Tundra i-FORCE MAX Capstone	Toyota	https://www.dahltoyotasheboygan.com/viewdetails/new/5tfvc5db5tx147075/2026-toyota-tundra-i-force-max-crewmax/	86087 USD	2026 Celestial Silver Metallic Toyota Tundra i-FORCE MAX Capstone i-FORCE MAX V6 Hybrid For sale at Dahl Toyota Sheboygan in Sheboygan Wisconsin.	https://content.homenetiol.com/2000157/2065512/0x0/47349d4f92e549a481ca6f41d143d08d.jpg	in stock	NEW	TRUCK	Vehicles & Parts > Vehicles > Motor Vehicles > Cars, Trucks & Vans	5TFVC5DB5TX147075	https://www.dahltoyotasheboygan.com/viewdetails/new/5tfvc5db5tx147075/2026-toyota-tundra-i-force-max-crewmax/123?store={store_code}	SILVER	0 miles	Tundra i-FORCE MAX	5TFVC5DB5TX147075	2026	86087 USD	4273022751116927017	86087 USD	MI	no	Tundra i-FORCE MAX	No	Over 20k
5TFWA5DB3TX438314	2026 Toyota Tundra Limited	Toyota	https://www.dahltoyotasheboygan.com/viewdetails/new/5tfwa5db3tx438314/2026-toyota-tundra-crewmax/	67889 USD	2026 Blueprint Toyota Tundra Limited i-FORCE V6 For sale at Dahl Toyota Sheboygan in Sheboygan Wisconsin.	https://content.homenetiol.com/2000157/2065512/0x0/8969cfbad7d447c2ad3426d06b92e70b.jpg	in stock	NEW	TRUCK	Vehicles & Parts > Vehicles > Motor Vehicles > Cars, Trucks & Vans	5TFWA5DB3TX438314	https://www.dahltoyotasheboygan.com/viewdetails/new/5tfwa5db3tx438314/2026-toyota-tundra-crewmax/123?store={store_code}	BLUE	0 miles	Tundra	5TFWA5DB3TX438314	2026	67889 USD	4273022751116927017	67889 USD	MI	no	Tundra	No	Over 20k
5TFWA5DB6TX41C343	2026 Toyota Tundra Platinum	Toyota	https://www.dahltoyotasheboygan.com/viewdetails/new/5tfwa5db6tx41c343/2026-toyota-tundra-crewmax/	75806 USD	2026 Midnight Black Metallic Toyota Tundra Platinum i-FORCE V6 For sale at Dahl Toyota Sheboygan in Sheboygan Wisconsin.	https://prod.tvmimageservice.com/images/GetEvoxImage?styleid=476380&amp;Width=640&amp;Height=480&amp;Type=jpeg&amp;Angle=03&amp;quality=80&amp;BackGroundColor=white&amp;colorcode=0218&amp;autocrop=True&amp;useoverrides=true	in stock	NEW	TRUCK	Vehicles & Parts > Vehicles > Motor Vehicles > Cars, Trucks & Vans	5TFWA5DB6TX41C343	https://www.dahltoyotasheboygan.com/viewdetails/new/5tfwa5db6tx41c343/2026-toyota-tundra-crewmax/123?store={store_code}	BLACK	0 miles	Tundra	5TFWA5DB6TX41C343	2026	75806 USD	4273022751116927017	75806 USD	MI	no	Tundra	No	Over 20k
5TFWA5DB8TX434100	2026 Toyota Tundra SR5	Toyota	https://www.dahltoyotasheboygan.com/viewdetails/new/5tfwa5db8tx434100/2026-toyota-tundra-crewmax/	65495 USD	2026 Ice Cap Toyota Tundra SR5 i-FORCE V6 For sale at Dahl Toyota Sheboygan in Sheboygan Wisconsin.	https://content.homenetiol.com/2000157/2065512/0x0/ac095a6855ee4097b3bad46a64a8d396.jpg	in stock	NEW	TRUCK	Vehicles & Parts > Vehicles > Motor Vehicles > Cars, Trucks & Vans	5TFWA5DB8TX434100	https://www.dahltoyotasheboygan.com/viewdetails/new/5tfwa5db8tx434100/2026-toyota-tundra-crewmax/123?store={store_code}	WHITE	0 miles	Tundra	5TFWA5DB8TX434100	2026	65495 USD	4273022751116927017	65495 USD	MI	no	Tundra	No	Over 20k
5TFWA5DB9TX424451	2026 Toyota Tundra Limited	Toyota	https://www.dahltoyotasheboygan.com/viewdetails/new/5tfwa5db9tx424451/2026-toyota-tundra-crewmax/	71760 USD	2026 Magnetic Gray Metallic Toyota Tundra Limited i-FORCE V6 For sale at Dahl Toyota Sheboygan in Sheboygan Wisconsin.	https://content.homenetiol.com/2000157/2065512/0x0/7590f4252ebd4560a31b756f8f316780.jpg	in stock	NEW	TRUCK	Vehicles & Parts > Vehicles > Motor Vehicles > Cars, Trucks & Vans	5TFWA5DB9TX424451	https://www.dahltoyotasheboygan.com/viewdetails/new/5tfwa5db9tx424451/2026-toyota-tundra-crewmax/123?store={store_code}	GRAY	0 miles	Tundra	5TFWA5DB9TX424451	2026	71760 USD	4273022751116927017	71760 USD	MI	no	Tundra	No	Over 20k
5YFS4MCE6VP41B299	2027 Toyota Corolla SE	Toyota	https://www.dahltoyotasheboygan.com/viewdetails/new/5yfs4mce6vp41b299/2027-toyota-corolla-4dr-car/	27931 USD	2027 Ice Cap Toyota Corolla SE 2.0L 4-Cyl. For sale at Dahl Toyota Sheboygan in Sheboygan Wisconsin.	https://prod.tvmimageservice.com/images/GetEvoxImage?styleid=487011&amp;Width=640&amp;Height=480&amp;Type=jpeg&amp;Angle=03&amp;quality=80&amp;BackGroundColor=white&amp;colorcode=0040&amp;autocrop=True&amp;useoverrides=true	in stock	NEW	OTHER	Vehicles & Parts > Vehicles > Motor Vehicles > Cars, Trucks & Vans	5YFS4MCE6VP41B299	https://www.dahltoyotasheboygan.com/viewdetails/new/5yfs4mce6vp41b299/2027-toyota-corolla-4dr-car/123?store={store_code}	WHITE	0 miles	Corolla	5YFS4MCE6VP41B299	2027	27931 USD	4273022751116927017	27931 USD	MI	no	Corolla	No	Over 20k
7MUAAABG2TV42A890	2026 Toyota Corolla Cross L	Toyota	https://www.dahltoyotasheboygan.com/viewdetails/new/7muaaabg2tv42a890/2026-toyota-corolla-cross-sport-utility/	29304 USD	2026 Jet Black Toyota Corolla Cross L 2.0L 4-Cyl. For sale at Dahl Toyota Sheboygan in Sheboygan Wisconsin.	https://prod.tvmimageservice.com/images/GetEvoxImage?styleid=476803&amp;Width=640&amp;Height=480&amp;Type=jpeg&amp;Angle=03&amp;quality=80&amp;BackGroundColor=white&amp;colorcode=D11&amp;autocrop=True&amp;useoverrides=true	in stock	NEW	SUV	Vehicles & Parts > Vehicles > Motor Vehicles > Cars, Trucks & Vans	7MUAAABG2TV42A890	https://www.dahltoyotasheboygan.com/viewdetails/new/7muaaabg2tv42a890/2026-toyota-corolla-cross-sport-utility/123?store={store_code}	BLACK	0 miles	Corolla Cross	7MUAAABG2TV42A890	2026	29304 USD	4273022751116927017	29304 USD	MI	no	Corolla Cross	No	Over 20k
7SVAAABA3TX40A900	2026 Toyota Sequoia Capstone	Toyota	https://www.dahltoyotasheboygan.com/viewdetails/new/7svaaaba3tx40a900/2026-toyota-sequoia-sport-utility/	88868 USD	2026 Midnight Black Metallic Toyota Sequoia Capstone i-FORCE MAX Hybrid For sale at Dahl Toyota Sheboygan in Sheboygan Wisconsin.	https://prod.tvmimageservice.com/images/GetEvoxImage?styleid=475795&amp;Width=640&amp;Height=480&amp;Type=jpeg&amp;Angle=03&amp;quality=80&amp;BackGroundColor=white&amp;colorcode=0218&amp;autocrop=True&amp;useoverrides=true	in stock	NEW	SUV	Vehicles & Parts > Vehicles > Motor Vehicles > Cars, Trucks & Vans	7SVAAABA3TX40A900	https://www.dahltoyotasheboygan.com/viewdetails/new/7svaaaba3tx40a900/2026-toyota-sequoia-sport-utility/123?store={store_code}	BLACK	0 miles	Sequoia	7SVAAABA3TX40A900	2026	88868 USD	4273022751116927017	88868 USD	MI	no	Sequoia	No	Over 20k
7SVAAABA5TX41A473	2026 Toyota Sequoia Platinum	Toyota	https://www.dahltoyotasheboygan.com/viewdetails/new/7svaaaba5tx41a473/2026-toyota-sequoia-sport-utility/	86073 USD	2026 Lunar Rock Toyota Sequoia Platinum i-FORCE MAX Hybrid For sale at Dahl Toyota Sheboygan in Sheboygan Wisconsin.	https://prod.tvmimageservice.com/images/GetEvoxImage?styleid=475792&amp;Width=640&amp;Height=480&amp;Type=jpeg&amp;Angle=03&amp;quality=80&amp;BackGroundColor=white&amp;colorcode=6X3&amp;autocrop=True&amp;useoverrides=true	in stock	NEW	SUV	Vehicles & Parts > Vehicles > Motor Vehicles > Cars, Trucks & Vans	7SVAAABA5TX41A473	https://www.dahltoyotasheboygan.com/viewdetails/new/7svaaaba5tx41a473/2026-toyota-sequoia-sport-utility/123?store={store_code}	SILVER	0 miles	Sequoia	7SVAAABA5TX41A473	2026	86073 USD	4273022751116927017	86073 USD	MI	no	Sequoia	No	Over 20k
7SVAAABA6TX104314	2026 Toyota Sequoia TRD Pro	Toyota	https://www.dahltoyotasheboygan.com/viewdetails/new/7svaaaba6tx104314/2026-toyota-sequoia-sport-utility/	85445 USD	2026 Ice Cap Toyota Sequoia TRD Pro i-FORCE MAX Hybrid For sale at Dahl Toyota Sheboygan in Sheboygan Wisconsin.	https://content.homenetiol.com/2000157/2065512/0x0/85c7e7b4858d47c0b35819b38c3320f4.jpg	in stock	NEW	SUV	Vehicles & Parts > Vehicles > Motor Vehicles > Cars, Trucks & Vans	7SVAAABA6TX104314	https://www.dahltoyotasheboygan.com/viewdetails/new/7svaaaba6tx104314/2026-toyota-sequoia-sport-utility/123?store={store_code}	WHITE	0 miles	Sequoia	7SVAAABA6TX104314	2026	85445 USD	4273022751116927017	85445 USD	MI	no	Sequoia	No	Over 20k
7SVAAABAXTX103926	2026 Toyota Sequoia Platinum	Toyota	https://www.dahltoyotasheboygan.com/viewdetails/new/7svaaabaxtx103926/2026-toyota-sequoia-sport-utility/	86548 USD	2026 Wind Chill Pearl Toyota Sequoia Platinum i-FORCE MAX Hybrid For sale at Dahl Toyota Sheboygan in Sheboygan Wisconsin.	https://prod.tvmimageservice.com/images/GetEvoxImage?styleid=475792&amp;Width=640&amp;Height=480&amp;Type=jpeg&amp;Angle=03&amp;quality=80&amp;BackGroundColor=white&amp;colorcode=0089&amp;autocrop=True&amp;useoverrides=true	in stock	NEW	SUV	Vehicles & Parts > Vehicles > Motor Vehicles > Cars, Trucks & Vans	7SVAAABAXTX103926	https://www.dahltoyotasheboygan.com/viewdetails/new/7svaaabaxtx103926/2026-toyota-sequoia-sport-utility/123?store={store_code}	WHITE	0 miles	Sequoia	7SVAAABAXTX103926	2026	86548 USD	4273022751116927017	86548 USD	MI	no	Sequoia	No	Over 20k
JTDACAAJ3T3058714	2026 Toyota Crown Signia Limited	Toyota	https://www.dahltoyotasheboygan.com/viewdetails/new/jtdacaaj3t3058714/2026-toyota-crown-signia-sport-utility/	53044 USD	2026 Black Toyota Crown Signia Limited 2.5L 4-Cyl. Hybrid For sale at Dahl Toyota Sheboygan in Sheboygan Wisconsin.	https://prod.tvmimageservice.com/images/GetEvoxImage?styleid=481499&amp;Width=640&amp;Height=480&amp;Type=jpeg&amp;Angle=03&amp;quality=80&amp;BackGroundColor=white&amp;colorcode=0202&amp;autocrop=True&amp;useoverrides=true	in stock	NEW	SUV	Vehicles & Parts > Vehicles > Motor Vehicles > Cars, Trucks & Vans	JTDACAAJ3T3058714	https://www.dahltoyotasheboygan.com/viewdetails/new/jtdacaaj3t3058714/2026-toyota-crown-signia-sport-utility/123?store={store_code}	BLACK	0 miles	Crown Signia	JTDACAAJ3T3058714	2026	53044 USD	4273022751116927017	53044 USD	MI	no	Crown Signia	No	Over 20k
JTDACACU2V3085204	2027 Toyota Prius Plug-in Hybrid XSE Premium	Toyota	https://www.dahltoyotasheboygan.com/viewdetails/new/jtdacacu2v3085204/2027-toyota-prius-plug-in-hybrid-4dr-car/	45553 USD	2027 Reservoir Blue Toyota Prius Plug-in XSE Premium 2.0L 4-Cyl. Plug-in Hybrid For sale at Dahl Toyota Sheboygan in Sheboygan Wisconsin.	https://content.homenetiol.com/2000157/2065512/0x0/24f6d37598694bfaa28d1d158e8ca88c.jpg	in stock	NEW	OTHER	Vehicles & Parts > Vehicles > Motor Vehicles > Cars, Trucks & Vans	JTDACACU2V3085204	https://www.dahltoyotasheboygan.com/viewdetails/new/jtdacacu2v3085204/2027-toyota-prius-plug-in-hybrid-4dr-car/123?store={store_code}	BLUE	0 miles	Prius Plug-in	JTDACACU2V3085204	2027	45553 USD	4273022751116927017	45553 USD	MI	no	Prius Plug-in	No	Over 20k
JTDADABU5V3037890	2027 Toyota Prius Limited	Toyota	https://www.dahltoyotasheboygan.com/viewdetails/new/jtdadabu5v3037890/2027-toyota-prius-4dr-car/	40584 USD	2027 Reservoir Blue Toyota Prius Limited 2.0L 4-Cyl. Hybrid For sale at Dahl Toyota Sheboygan in Sheboygan Wisconsin.	https://content.homenetiol.com/2000157/2065512/0x0/ae3dee644640417791ce8565f5efb5b9.jpg	in stock	NEW	OTHER	Vehicles & Parts > Vehicles > Motor Vehicles > Cars, Trucks & Vans	JTDADABU5V3037890	https://www.dahltoyotasheboygan.com/viewdetails/new/jtdadabu5v3037890/2027-toyota-prius-4dr-car/123?store={store_code}	BLUE	0 miles	Prius	JTDADABU5V3037890	2027	40584 USD	4273022751116927017	40584 USD	MI	no	Prius	No	Over 20k
JTDADABU7V3039799	2027 Toyota Prius Nightshade	Toyota	https://www.dahltoyotasheboygan.com/viewdetails/new/jtdadabu7v3039799/2027-toyota-prius-4dr-car/	38837 USD	2027 Wind Chill Pearl Toyota Prius Nightshade 2.0L 4-Cyl. Hybrid For sale at Dahl Toyota Sheboygan in Sheboygan Wisconsin.	https://prod.tvmimageservice.com/images/GetEvoxImage?styleid=485434&amp;Width=640&amp;Height=480&amp;Type=jpeg&amp;Angle=03&amp;quality=80&amp;BackGroundColor=white&amp;colorcode=0089&amp;autocrop=True&amp;useoverrides=true	in stock	NEW	OTHER	Vehicles & Parts > Vehicles > Motor Vehicles > Cars, Trucks & Vans	JTDADABU7V3039799	https://www.dahltoyotasheboygan.com/viewdetails/new/jtdadabu7v3039799/2027-toyota-prius-4dr-car/123?store={store_code}	WHITE	0 miles	Prius	JTDADABU7V3039799	2027	38837 USD	4273022751116927017	38837 USD	MI	no	Prius	No	Over 20k
JTDAFAAF1V3017603	2027 Toyota Crown Platinum	Toyota	https://www.dahltoyotasheboygan.com/viewdetails/new/jtdafaaf1v3017603/2027-toyota-crown-4dr-car/	57444 USD	2027 Finish Line Red [extra_cost_color] Toyota Crown Platinum 2.4L 4-Cyl. Turbo Hybrid MAX For sale at Dahl Toyota Sheboygan in Sheboygan Wisconsin.	https://prod.tvmimageservice.com/images/GetEvoxImage?styleid=487111&amp;Width=640&amp;Height=480&amp;Type=jpeg&amp;Angle=03&amp;quality=80&amp;BackGroundColor=white&amp;colorcode=03U9&amp;autocrop=True&amp;useoverrides=true	in stock	NEW	OTHER	Vehicles & Parts > Vehicles > Motor Vehicles > Cars, Trucks & Vans	JTDAFAAF1V3017603	https://www.dahltoyotasheboygan.com/viewdetails/new/jtdafaaf1v3017603/2027-toyota-crown-4dr-car/123?store={store_code}	RED	0 miles	Crown	JTDAFAAF1V3017603	2027	57444 USD	4273022751116927017	57444 USD	MI	no	Crown	No	Over 20k
JTDBCMFE6T3163572	2026 Toyota Corolla Hybrid SE	Toyota	https://www.dahltoyotasheboygan.com/viewdetails/new/jtdbcmfe6t3163572/2026-toyota-corolla-hybrid-4dr-car/	31308 USD	2026 Wind Chill Pearl Toyota Corolla SE 1.8L 4-Cyl. Hybrid For sale at Dahl Toyota Sheboygan in Sheboygan Wisconsin.	https://content.homenetiol.com/2000157/2065512/0x0/579e32d749fa4e1f828c343877e34073.jpg	in stock	NEW	OTHER	Vehicles & Parts > Vehicles > Motor Vehicles > Cars, Trucks & Vans	JTDBCMFE6T3163572	https://www.dahltoyotasheboygan.com/viewdetails/new/jtdbcmfe6t3163572/2026-toyota-corolla-hybrid-4dr-car/123?store={store_code}	WHITE	0 miles	Corolla	JTDBCMFE6T3163572	2026	31308 USD	4273022751116927017	31308 USD	MI	no	Corolla	No	Over 20k
JTDBDMHE8T3038261	2026 Toyota Corolla Hybrid SE	Toyota	https://www.dahltoyotasheboygan.com/viewdetails/new/jtdbdmhe8t3038261/2026-toyota-corolla-hybrid-4dr-car/	32453 USD	2026 Classic Silver Metallic Toyota Corolla SE 1.8L 4-Cyl. Hybrid For sale at Dahl Toyota Sheboygan in Sheboygan Wisconsin.	https://content.homenetiol.com/2000157/2065512/0x0/8e333d341e2e48d8bc9095d11199249d.jpg	in stock	NEW	OTHER	Vehicles & Parts > Vehicles > Motor Vehicles > Cars, Trucks & Vans	JTDBDMHE8T3038261	https://www.dahltoyotasheboygan.com/viewdetails/new/jtdbdmhe8t3038261/2026-toyota-corolla-hybrid-4dr-car/123?store={store_code}	SILVER	0 miles	Corolla	JTDBDMHE8T3038261	2026	32453 USD	4273022751116927017	32453 USD	MI	no	Corolla	No	Over 20k
JTEVA5BR2T141DO00	2026 Toyota 4Runner TRD Off Road Premium	Toyota	https://www.dahltoyotasheboygan.com/viewdetails/new/jteva5br2t141do00/2026-toyota-4runner-sport-utility/	62213 USD	2026 Ice Cap Toyota 4Runner TRD Off Road Premium i-FORCE 2.4L 4-Cyl. Turbo For sale at Dahl Toyota Sheboygan in Sheboygan Wisconsin.	https://prod.tvmimageservice.com/images/GetEvoxImage?styleid=481387&amp;Width=640&amp;Height=480&amp;Type=jpeg&amp;Angle=03&amp;quality=80&amp;BackGroundColor=white&amp;colorcode=0040&amp;autocrop=True&amp;useoverrides=true	in stock	NEW	SUV	Vehicles & Parts > Vehicles > Motor Vehicles > Cars, Trucks & Vans	JTEVA5BR2T141DO00	https://www.dahltoyotasheboygan.com/viewdetails/new/jteva5br2t141do00/2026-toyota-4runner-sport-utility/123?store={store_code}	WHITE	0 miles	4Runner	JTEVA5BR2T141DO00	2026	62213 USD	4273022751116927017	62213 USD	MI	no	4Runner	No	Over 20k
JTEVA5BR5T5161958	2026 Toyota 4Runner TRD Sport Premium	Toyota	https://www.dahltoyotasheboygan.com/viewdetails/new/jteva5br5t5161958/2026-toyota-4runner-sport-utility/	58880 USD	2026 Heritage Blue Toyota 4Runner TRD Sport Premium i-FORCE 2.4L 4-Cyl. Turbo For sale at Dahl Toyota Sheboygan in Sheboygan Wisconsin.	https://prod.tvmimageservice.com/images/GetEvoxImage?styleid=481381&amp;Width=640&amp;Height=480&amp;Type=jpeg&amp;Angle=03&amp;quality=80&amp;BackGroundColor=white&amp;colorcode=08X0&amp;autocrop=True&amp;useoverrides=true	in stock	NEW	SUV	Vehicles & Parts > Vehicles > Motor Vehicles > Cars, Trucks & Vans	JTEVA5BR5T5161958	https://www.dahltoyotasheboygan.com/viewdetails/new/jteva5br5t5161958/2026-toyota-4runner-sport-utility/123?store={store_code}	BLUE	0 miles	4Runner	JTEVA5BR5T5161958	2026	58880 USD	4273022751116927017	58880 USD	MI	no	4Runner	No	Over 20k
JTEVA5BR6T5166778	2026 Toyota 4Runner Limited	Toyota	https://www.dahltoyotasheboygan.com/viewdetails/new/jteva5br6t5166778/2026-toyota-4runner-sport-utility/	62025 USD	2026 Heritage Blue Toyota 4Runner Limited i-FORCE 2.4L 4-Cyl. Turbo For sale at Dahl Toyota Sheboygan in Sheboygan Wisconsin.	https://prod.tvmimageservice.com/images/GetEvoxImage?styleid=481390&amp;Width=640&amp;Height=480&amp;Type=jpeg&amp;Angle=03&amp;quality=80&amp;BackGroundColor=white&amp;colorcode=08X0&amp;autocrop=True&amp;useoverrides=true	in stock	NEW	SUV	Vehicles & Parts > Vehicles > Motor Vehicles > Cars, Trucks & Vans	JTEVA5BR6T5166778	https://www.dahltoyotasheboygan.com/viewdetails/new/jteva5br6t5166778/2026-toyota-4runner-sport-utility/123?store={store_code}	BLUE	0 miles	4Runner	JTEVA5BR6T5166778	2026	62025 USD	4273022751116927017	62025 USD	MI	no	4Runner	No	Over 20k
JTEVB5BR7T5060367	2026 Toyota 4Runner i-FORCE MAX TRD Off Road Premium	Toyota	https://www.dahltoyotasheboygan.com/viewdetails/new/jtevb5br7t5060367/2026-toyota-4runner-i-force-max-sport-utility/	62440 USD	2026 Ice Cap Toyota 4Runner i-FORCE MAX TRD Off Road Premium i-FORCE MAX 2.4L 4-Cyl. Turbo Hybrid Powertrain For sale at Dahl Toyota Sheboygan in Sheboygan Wisconsin.	https://prod.tvmimageservice.com/images/GetEvoxImage?styleid=481396&amp;Width=640&amp;Height=480&amp;Type=jpeg&amp;Angle=03&amp;quality=80&amp;BackGroundColor=white&amp;colorcode=040&amp;autocrop=True&amp;useoverrides=true	in stock	NEW	SUV	Vehicles & Parts > Vehicles > Motor Vehicles > Cars, Trucks & Vans	JTEVB5BR7T5060367	https://www.dahltoyotasheboygan.com/viewdetails/new/jtevb5br7t5060367/2026-toyota-4runner-i-force-max-sport-utility/123?store={store_code}	WHITE	0 miles	4Runner i-FORCE MAX	JTEVB5BR7T5060367	2026	62440 USD	4273022751116927017	62440 USD	MI	no	4Runner i-FORCE MAX	No	Over 20k
JTM6CRAV6TD354926	2026 Toyota RAV4 Limited	Toyota	https://www.dahltoyotasheboygan.com/viewdetails/new/jtm6crav6td354926/2026-toyota-rav4-sport-utility/	47074 USD	2026 Blueprint Toyota RAV4 Limited 2.5L 4-Cyl. Hybrid For sale at Dahl Toyota Sheboygan in Sheboygan Wisconsin.	https://prod.tvmimageservice.com/images/GetEvoxImage?styleid=481719&amp;Width=640&amp;Height=480&amp;Type=jpeg&amp;Angle=03&amp;quality=80&amp;BackGroundColor=white&amp;colorcode=08X8&amp;autocrop=True&amp;useoverrides=true	in stock	NEW	SUV	Vehicles & Parts > Vehicles > Motor Vehicles > Cars, Trucks & Vans	JTM6CRAV6TD354926	https://www.dahltoyotasheboygan.com/viewdetails/new/jtm6crav6td354926/2026-toyota-rav4-sport-utility/123?store={store_code}	BLUE	0 miles	RAV4	JTM6CRAV6TD354926	2026	47074 USD	4273022751116927017	47074 USD	MI	no	RAV4	No	Over 20k
JTM7ERAV1TJ046210	2026 Toyota RAV4 Plug-in Hybrid XSE	Toyota	https://www.dahltoyotasheboygan.com/viewdetails/new/jtm7erav1tj046210/2026-toyota-rav4-plug-in-hybrid-sport-utility/	50454 USD	2026 Midnight Black Metallic Toyota RAV4 Plug-in XSE 2.5L 4-Cyl. Plug-in Hybrid For sale at Dahl Toyota Sheboygan in Sheboygan Wisconsin.	https://prod.tvmimageservice.com/images/GetEvoxImage?styleid=481677&amp;Width=640&amp;Height=480&amp;Type=jpeg&amp;Angle=03&amp;quality=80&amp;BackGroundColor=white&amp;colorcode=0218&amp;autocrop=True&amp;useoverrides=true	in stock	NEW	SUV	Vehicles & Parts > Vehicles > Motor Vehicles > Cars, Trucks & Vans	JTM7ERAV1TJ046210	https://www.dahltoyotasheboygan.com/viewdetails/new/jtm7erav1tj046210/2026-toyota-rav4-plug-in-hybrid-sport-utility/123?store={store_code}	BLACK	0 miles	RAV4 Plug-in	JTM7ERAV1TJ046210	2026	50454 USD	4273022751116927017	50454 USD	MI	no	RAV4 Plug-in	No	Over 20k
JTM7ERAV2T141DM74	2026 Toyota RAV4 Plug-in Hybrid XSE	Toyota	https://www.dahltoyotasheboygan.com/viewdetails/new/jtm7erav2t141dm74/2026-toyota-rav4-plug-in-hybrid-sport-utility/	51614 USD	2026 Midnight Black Metallic Toyota RAV4 Plug-in XSE 2.5L 4-Cyl. Plug-in Hybrid For sale at Dahl Toyota Sheboygan in Sheboygan Wisconsin.	https://prod.tvmimageservice.com/images/GetEvoxImage?styleid=481677&amp;Width=640&amp;Height=480&amp;Type=jpeg&amp;Angle=03&amp;quality=80&amp;BackGroundColor=white&amp;colorcode=0218&amp;autocrop=True&amp;useoverrides=true	in stock	NEW	SUV	Vehicles & Parts > Vehicles > Motor Vehicles > Cars, Trucks & Vans	JTM7ERAV2T141DM74	https://www.dahltoyotasheboygan.com/viewdetails/new/jtm7erav2t141dm74/2026-toyota-rav4-plug-in-hybrid-sport-utility/123?store={store_code}	BLACK	0 miles	RAV4 Plug-in	JTM7ERAV2T141DM74	2026	51614 USD	4273022751116927017	51614 USD	MI	no	RAV4 Plug-in	No	Over 20k
JTM7ERAV3TD026121	2026 Toyota RAV4 Plug-in Hybrid XSE	Toyota	https://www.dahltoyotasheboygan.com/viewdetails/new/jtm7erav3td026121/2026-toyota-rav4-plug-in-hybrid-sport-utility/	52659 USD	2026 Storm Cloud with Midnight Black Metallic roof Toyota RAV4 Plug-in XSE 2.5L 4-Cyl. Plug-in Hybrid For sale at Dahl Toyota Sheboygan in Sheboygan Wisconsin.	https://prod.tvmimageservice.com/images/GetEvoxImage?styleid=481677&amp;Width=640&amp;Height=480&amp;Type=jpeg&amp;Angle=03&amp;quality=80&amp;BackGroundColor=white&amp;colorcode=0M22&amp;autocrop=True&amp;useoverrides=true	in stock	NEW	SUV	Vehicles & Parts > Vehicles > Motor Vehicles > Cars, Trucks & Vans	JTM7ERAV3TD026121	https://www.dahltoyotasheboygan.com/viewdetails/new/jtm7erav3td026121/2026-toyota-rav4-plug-in-hybrid-sport-utility/123?store={store_code}	BLACK	0 miles	RAV4 Plug-in	JTM7ERAV3TD026121	2026	52659 USD	4273022751116927017	52659 USD	MI	no	RAV4 Plug-in	No	Over 20k
JTM7ERAV4TD032025	2026 Toyota RAV4 Plug-in Hybrid Woodland	Toyota	https://www.dahltoyotasheboygan.com/viewdetails/new/jtm7erav4td032025/2026-toyota-rav4-plug-in-hybrid-sport-utility/	48235 USD	2026 Ice Cap Toyota RAV4 Plug-in Woodland 2.5L 4-Cyl. Plug-in Hybrid For sale at Dahl Toyota Sheboygan in Sheboygan Wisconsin.	https://prod.tvmimageservice.com/images/GetEvoxImage?styleid=481680&amp;Width=640&amp;Height=480&amp;Type=jpeg&amp;Angle=03&amp;quality=80&amp;BackGroundColor=white&amp;colorcode=0040&amp;autocrop=True&amp;useoverrides=true	in stock	NEW	SUV	Vehicles & Parts > Vehicles > Motor Vehicles > Cars, Trucks & Vans	JTM7ERAV4TD032025	https://www.dahltoyotasheboygan.com/viewdetails/new/jtm7erav4td032025/2026-toyota-rav4-plug-in-hybrid-sport-utility/123?store={store_code}	WHITE	0 miles	RAV4 Plug-in	JTM7ERAV4TD032025	2026	48235 USD	4273022751116927017	48235 USD	MI	no	RAV4 Plug-in	No	Over 20k
JTM7ERAVXT141DM81	2026 Toyota RAV4 Plug-in Hybrid XSE	Toyota	https://www.dahltoyotasheboygan.com/viewdetails/new/jtm7eravxt141dm81/2026-toyota-rav4-plug-in-hybrid-sport-utility/	50454 USD	2026 Midnight Black Metallic Toyota RAV4 Plug-in XSE 2.5L 4-Cyl. Plug-in Hybrid For sale at Dahl Toyota Sheboygan in Sheboygan Wisconsin.	https://prod.tvmimageservice.com/images/GetEvoxImage?styleid=481677&amp;Width=640&amp;Height=480&amp;Type=jpeg&amp;Angle=03&amp;quality=80&amp;BackGroundColor=white&amp;colorcode=0218&amp;autocrop=True&amp;useoverrides=true	in stock	NEW	SUV	Vehicles & Parts > Vehicles > Motor Vehicles > Cars, Trucks & Vans	JTM7ERAVXT141DM81	https://www.dahltoyotasheboygan.com/viewdetails/new/jtm7eravxt141dm81/2026-toyota-rav4-plug-in-hybrid-sport-utility/123?store={store_code}	BLACK	0 miles	RAV4 Plug-in	JTM7ERAVXT141DM81	2026	50454 USD	4273022751116927017	50454 USD	MI	no	RAV4 Plug-in	No	Over 20k
JTMAAAAD0TJ020448	2026 Toyota C-HR XSE	Toyota	https://www.dahltoyotasheboygan.com/viewdetails/new/jtmaaaad0tj020448/2026-toyota-c-hr-sport-utility/	43284 USD	2026 Cement Toyota C-HR XSE Dual Electric Motors For sale at Dahl Toyota Sheboygan in Sheboygan Wisconsin.	https://content.homenetiol.com/2000157/2065512/0x0/843246fd8b6f4c828d28a06293a6f46a.jpg	in stock	NEW	SUV	Vehicles & Parts > Vehicles > Motor Vehicles > Cars, Trucks & Vans	JTMAAAAD0TJ020448	https://www.dahltoyotasheboygan.com/viewdetails/new/jtmaaaad0tj020448/2026-toyota-c-hr-sport-utility/123?store={store_code}	GRAY	0 miles	C-HR	JTMAAAAD0TJ020448	2026	43284 USD	4273022751116927017	43284 USD	MI	no	C-HR	No	Over 20k
JTMBDAFB7TJ029182	2026 Toyota bZ XLE	Toyota	https://www.dahltoyotasheboygan.com/viewdetails/new/jtmbdafb7tj029182/2026-toyota-bz-sport-utility/	42833 USD	2026 Heavy Metal Toyota bZ XLE Dual Electric Motors For sale at Dahl Toyota Sheboygan in Sheboygan Wisconsin.	https://content.homenetiol.com/2000157/2065512/0x0/0c91b62300a9422c8f22cda8d6ff0b1e.jpg	in stock	NEW	SUV	Vehicles & Parts > Vehicles > Motor Vehicles > Cars, Trucks & Vans	JTMBDAFB7TJ029182	https://www.dahltoyotasheboygan.com/viewdetails/new/jtmbdafb7tj029182/2026-toyota-bz-sport-utility/123?store={store_code}	GRAY	0 miles	bZ	JTMBDAFB7TJ029182	2026	42833 USD	4273022751116927017	42833 USD	MI	no	bZ	No	Over 20k
JTMBDAFBXTA014952	2026 Toyota bZ XLE	Toyota	https://www.dahltoyotasheboygan.com/viewdetails/new/jtmbdafbxta014952/2026-toyota-bz-sport-utility/	44004 USD	2026 Wind Chill Pearl Toyota bZ XLE Dual Electric Motors For sale at Dahl Toyota Sheboygan in Sheboygan Wisconsin.	https://content.homenetiol.com/2000157/2065512/0x0/d801654b34994048a5ec7e2e3eaaf8e8.jpg	in stock	NEW	SUV	Vehicles & Parts > Vehicles > Motor Vehicles > Cars, Trucks & Vans	JTMBDAFBXTA014952	https://www.dahltoyotasheboygan.com/viewdetails/new/jtmbdafbxta014952/2026-toyota-bz-sport-utility/123?store={store_code}	WHITE	0 miles	bZ	JTMBDAFBXTA014952	2026	44004 USD	4273022751116927017	44004 USD	MI	no	bZ	No	Over 20k
JTNC4MBE6V3277741	2027 Toyota Corolla Hatchback XSE	Toyota	https://www.dahltoyotasheboygan.com/viewdetails/new/jtnc4mbe6v3277741/2027-toyota-corolla-hatchback-4dr-car/	31410 USD	2027 Wind Chill Pearl with Black roof Toyota Corolla XSE 2.0L 4-Cyl. For sale at Dahl Toyota Sheboygan in Sheboygan Wisconsin.	https://prod.tvmimageservice.com/images/GetEvoxImage?styleid=486483&amp;Width=640&amp;Height=480&amp;Type=jpeg&amp;Angle=03&amp;quality=80&amp;BackGroundColor=white&amp;colorcode=0M71&amp;autocrop=True&amp;useoverrides=true	in stock	NEW	OTHER	Vehicles & Parts > Vehicles > Motor Vehicles > Cars, Trucks & Vans	JTNC4MBE6V3277741	https://www.dahltoyotasheboygan.com/viewdetails/new/jtnc4mbe6v3277741/2027-toyota-corolla-hatchback-4dr-car/123?store={store_code}	WHITE	0 miles	Corolla	JTNC4MBE6V3277741	2027	31410 USD	4273022751116927017	31410 USD	MI	no	Corolla	No	Over 20k
JTNC4MBE9V3274719	2027 Toyota Corolla Hatchback XSE	Toyota	https://www.dahltoyotasheboygan.com/viewdetails/new/jtnc4mbe9v3274719/2027-toyota-corolla-hatchback-4dr-car/	30678 USD	2027 Wind Chill Pearl with Black roof Toyota Corolla XSE 2.0L 4-Cyl. For sale at Dahl Toyota Sheboygan in Sheboygan Wisconsin.	https://prod.tvmimageservice.com/images/GetEvoxImage?styleid=486483&amp;Width=640&amp;Height=480&amp;Type=jpeg&amp;Angle=03&amp;quality=80&amp;BackGroundColor=white&amp;colorcode=0M71&amp;autocrop=True&amp;useoverrides=true	in stock	NEW	OTHER	Vehicles & Parts > Vehicles > Motor Vehicles > Cars, Trucks & Vans	JTNC4MBE9V3274719	https://www.dahltoyotasheboygan.com/viewdetails/new/jtnc4mbe9v3274719/2027-toyota-corolla-hatchback-4dr-car/123?store={store_code}	WHITE	0 miles	Corolla	JTNC4MBE9V3274719	2027	30678 USD	4273022751116927017	30678 USD	MI	no	Corolla	No	Over 20k
SB1ADADE4TE005282	2026 Toyota GR Corolla Premium Plus	Toyota	https://www.dahltoyotasheboygan.com/viewdetails/new/sb1adade4te005282/2026-toyota-gr-corolla-4dr-car/	51777 USD	2026 Black Toyota GR Corolla Premium Plus 1.6L 3-Cyl. Turbo For sale at Dahl Toyota Sheboygan in Sheboygan Wisconsin.	https://prod.tvmimageservice.com/images/GetEvoxImage?styleid=482100&amp;Width=640&amp;Height=480&amp;Type=jpeg&amp;Angle=03&amp;quality=80&amp;BackGroundColor=white&amp;colorcode=0202&amp;autocrop=True&amp;useoverrides=true	in stock	NEW	OTHER	Vehicles & Parts > Vehicles > Motor Vehicles > Cars, Trucks & Vans	SB1ADADE4TE005282	https://www.dahltoyotasheboygan.com/viewdetails/new/sb1adade4te005282/2026-toyota-gr-corolla-4dr-car/123?store={store_code}	BLACK	0 miles	GR Corolla	SB1ADADE4TE005282	2026	51777 USD	4273022751116927017	51777 USD	MI	no	GR Corolla	No	Over 20k
SB1ADADE8TE003549	2026 Toyota GR Corolla Premium Plus	Toyota	https://www.dahltoyotasheboygan.com/viewdetails/new/sb1adade8te003549/2026-toyota-gr-corolla-4dr-car/	52057 USD	2026 Ice Cap Toyota GR Corolla Premium Plus 1.6L 3-Cyl. Turbo For sale at Dahl Toyota Sheboygan in Sheboygan Wisconsin.	https://content.homenetiol.com/2000157/2065512/0x0/6ce7f459e927475aabec7da796f4d55b.jpg	in stock	NEW	OTHER	Vehicles & Parts > Vehicles > Motor Vehicles > Cars, Trucks & Vans	SB1ADADE8TE003549	https://www.dahltoyotasheboygan.com/viewdetails/new/sb1adade8te003549/2026-toyota-gr-corolla-4dr-car/123?store={store_code}	WHITE	0 miles	GR Corolla	SB1ADADE8TE003549	2026	52057 USD	4273022751116927017	52057 USD	MI	no	GR Corolla	No	Over 20k
2T3DFREV0FW334896	2015 Toyota RAV4 Limited	Toyota	https://www.dahltoyotasheboygan.com/viewdetails/used/2t3dfrev0fw334896/2015-toyota-rav4-sport-utility/	12000 USD	2015 Barcelona Red Metallic Toyota RAV4 Limited Regular Unleaded I-4 2.5 L/152 For sale at Dahl Toyota Sheboygan in Sheboygan Wisconsin.	https://content.homenetiol.com/2000157/2065512/0x0/0f887c39fc5c4bf98d508aa6a32bc67b.jpg	in stock	USED	SUV	Vehicles & Parts > Vehicles > Motor Vehicles > Cars, Trucks & Vans	2T3DFREV0FW334896	https://www.dahltoyotasheboygan.com/viewdetails/used/2t3dfrev0fw334896/2015-toyota-rav4-sport-utility/123?store={store_code}	RED	179628 miles	RAV4	2T3DFREV0FW334896	2015	12000 USD	4273022751116927017	12000 USD	MI	no	RAV4	No	Under 20k
2T3DFREV2HW551529	2017 Toyota RAV4 Limited	Toyota	https://www.dahltoyotasheboygan.com/viewdetails/used/2t3dfrev2hw551529/2017-toyota-rav4-sport-utility/	17900 USD	2017 Blizzard Pearl Toyota RAV4 Limited Regular Gasoline I-4 2.5 L/152 For sale at Dahl Toyota Sheboygan in Sheboygan Wisconsin.	https://content.homenetiol.com/2000157/2065512/0x0/55f8a9c21df642718a39f9c2fe72062e.jpg	in stock	USED	SUV	Vehicles & Parts > Vehicles > Motor Vehicles > Cars, Trucks & Vans	2T3DFREV2HW551529	https://www.dahltoyotasheboygan.com/viewdetails/used/2t3dfrev2hw551529/2017-toyota-rav4-sport-utility/123?store={store_code}	WHITE	127730 miles	RAV4	2T3DFREV2HW551529	2017	17900 USD	4273022751116927017	17900 USD	MI	no	RAV4	No	Under 20k
2T3E6RFV8MW005105	2021 Toyota RAV4 Hybrid XSE	Toyota	https://www.dahltoyotasheboygan.com/viewdetails/used/2t3e6rfv8mw005105/2021-toyota-rav4-sport-utility/	25000 USD	2021 Blizzard Pearl w/Midnight Black Metallic Roof Toyota RAV4 Hybrid XSE Gas/Electric I-4 2.5 L/152 For sale at Dahl Toyota Sheboygan in Sheboygan Wisconsin.	https://content.homenetiol.com/2000157/2065512/0x0/8be681a447994ae79e0f89a912e1b6c0.jpg	in stock	USED	SUV	Vehicles & Parts > Vehicles > Motor Vehicles > Cars, Trucks & Vans	2T3E6RFV8MW005105	https://www.dahltoyotasheboygan.com/viewdetails/used/2t3e6rfv8mw005105/2021-toyota-rav4-sport-utility/123?store={store_code}	WHITE	123971 miles	RAV4	2T3E6RFV8MW005105	2021	25000 USD	4273022751116927017	25000 USD	MI	no	RAV4	No	Over 20k
3TMLB5JN6RM004482	2024 Toyota Tacoma 4WD TRD Off Road	Toyota	https://www.dahltoyotasheboygan.com/viewdetails/used/3tmlb5jn6rm004482/2024-toyota-tacoma-4wd-crew-cab-pickup/	39649 USD	2024 Ice Cap Toyota Tacoma 4WD TRD Off Road Intercooled Turbo Regular Gasoline I-4 2.4 L/146 For sale at Dahl Toyota Sheboygan in Sheboygan Wisconsin.	https://content.homenetiol.com/2000157/2065512/0x0/978da86547874511b9f866723cfcd515.jpg	in stock	USED	TRUCK	Vehicles & Parts > Vehicles > Motor Vehicles > Cars, Trucks & Vans	3TMLB5JN6RM004482	https://www.dahltoyotasheboygan.com/viewdetails/used/3tmlb5jn6rm004482/2024-toyota-tacoma-4wd-crew-cab-pickup/123?store={store_code}	WHITE	47110 miles	Tacoma 4WD	3TMLB5JN6RM004482	2024	39649 USD	4273022751116927017	39649 USD	MI	no	Tacoma 4WD	No	Over 20k
3TMLB5JN9RM033233	2024 Toyota Tacoma 4WD TRD Off Road	Toyota	https://www.dahltoyotasheboygan.com/viewdetails/used/3tmlb5jn9rm033233/2024-toyota-tacoma-4wd-crew-cab-pickup/	37399 USD	2024 Ice Cap Toyota Tacoma 4WD TRD Off Road Intercooled Turbo Regular Gasoline I-4 2.4 L/146 For sale at Dahl Toyota Sheboygan in Sheboygan Wisconsin.	https://content.homenetiol.com/2000157/2065512/0x0/3e43810b62544755bbfcb6960e0d80a6.jpg	in stock	USED	TRUCK	Vehicles & Parts > Vehicles > Motor Vehicles > Cars, Trucks & Vans	3TMLB5JN9RM033233	https://www.dahltoyotasheboygan.com/viewdetails/used/3tmlb5jn9rm033233/2024-toyota-tacoma-4wd-crew-cab-pickup/123?store={store_code}	WHITE	51185 miles	Tacoma 4WD	3TMLB5JN9RM033233	2024	37399 USD	4273022751116927017	37399 USD	MI	no	Tacoma 4WD	No	Over 20k
4T1B11HK2JU056982	2018 Toyota Camry LE	Toyota	https://www.dahltoyotasheboygan.com/viewdetails/used/4t1b11hk2ju056982/2018-toyota-camry-4dr-car/	18399 USD	2018 Predawn Gray Mica Toyota Camry LE Regular Gasoline I-4 2.5 L/152 For sale at Dahl Toyota Sheboygan in Sheboygan Wisconsin.	https://content.homenetiol.com/2000157/2065512/0x0/f05e1369ba7949478b8af98533cd7666.jpg	in stock	USED	OTHER	Vehicles & Parts > Vehicles > Motor Vehicles > Cars, Trucks & Vans	4T1B11HK2JU056982	https://www.dahltoyotasheboygan.com/viewdetails/used/4t1b11hk2ju056982/2018-toyota-camry-4dr-car/123?store={store_code}	GRAY	72715 miles	Camry	4T1B11HK2JU056982	2018	18399 USD	4273022751116927017	18399 USD	MI	no	Camry	No	Under 20k
4T1DAACK1SU612328	2025 Toyota Camry LE	Toyota	https://www.dahltoyotasheboygan.com/viewdetails/used/4t1daack1su612328/2025-toyota-camry-4dr-car/	28598 USD	2025 Midnight Black Metallic Toyota Camry LE Gas/Electric I-4 2.5 L/152 For sale at Dahl Toyota Sheboygan in Sheboygan Wisconsin.	https://content.homenetiol.com/2000157/2065512/0x0/a303c0d55ece4eaaa6d72ec28afa0d2f.jpg	in stock	USED	OTHER	Vehicles & Parts > Vehicles > Motor Vehicles > Cars, Trucks & Vans	4T1DAACK1SU612328	https://www.dahltoyotasheboygan.com/viewdetails/used/4t1daack1su612328/2025-toyota-camry-4dr-car/123?store={store_code}	BLACK	17175 miles	Camry	4T1DAACK1SU612328	2025	28598 USD	4273022751116927017	28598 USD	MI	no	Camry	No	Over 20k
5TDDK3DC1FS119571	2015 Toyota Sienna XLE	Toyota	https://www.dahltoyotasheboygan.com/viewdetails/used/5tddk3dc1fs119571/2015-toyota-sienna-mini-van,-passenger/	25000 USD	2015 Predawn Gray Mica Toyota Sienna XLE Regular Unleaded V-6 3.5 L/211 For sale at Dahl Toyota Sheboygan in Sheboygan Wisconsin.	https://content.homenetiol.com/2000157/2065512/0x0/fb018a18dcfe4c23b2123438fb8b2877.jpg	in stock	USED	VAN	Vehicles & Parts > Vehicles > Motor Vehicles > Cars, Trucks & Vans	5TDDK3DC1FS119571	https://www.dahltoyotasheboygan.com/viewdetails/used/5tddk3dc1fs119571/2015-toyota-sienna-mini-van,-passenger/123?store={store_code}	GRAY	69280 miles	Sienna	5TDDK3DC1FS119571	2015	25000 USD	4273022751116927017	25000 USD	MI	no	Sienna	No	Over 20k
5TDESKFC2PS102758	2023 Toyota Sienna Platinum	Toyota	https://www.dahltoyotasheboygan.com/viewdetails/used/5tdeskfc2ps102758/2023-toyota-sienna-mini-van,-passenger/	49022 USD	2023 Midnight Black Metallic Toyota Sienna Platinum Gas/Electric I-4 2.5 L/152 For sale at Dahl Toyota Sheboygan in Sheboygan Wisconsin.	https://content.homenetiol.com/2000157/2065512/0x0/63dc6b9ffaab418f8dc5c885dde9575e.jpg	in stock	USED	VAN	Vehicles & Parts > Vehicles > Motor Vehicles > Cars, Trucks & Vans	5TDESKFC2PS102758	https://www.dahltoyotasheboygan.com/viewdetails/used/5tdeskfc2ps102758/2023-toyota-sienna-mini-van,-passenger/123?store={store_code}	BLACK	38824 miles	Sienna	5TDESKFC2PS102758	2023	49022 USD	4273022751116927017	49022 USD	MI	no	Sienna	No	Over 20k
5TDGBRCH3LS513162	2020 Toyota Highlander Hybrid XLE	Toyota	https://www.dahltoyotasheboygan.com/viewdetails/used/5tdgbrch3ls513162/2020-toyota-highlander-sport-utility/	29079 USD	2020 Blueprint Toyota Highlander Hybrid XLE Gas/Electric I-4 2.5 L/152 For sale at Dahl Toyota Sheboygan in Sheboygan Wisconsin.	https://content.homenetiol.com/2000157/2065512/0x0/b4346c3fa9a9447d952c8f661f7cc05b.jpg	in stock	USED	SUV	Vehicles & Parts > Vehicles > Motor Vehicles > Cars, Trucks & Vans	5TDGBRCH3LS513162	https://www.dahltoyotasheboygan.com/viewdetails/used/5tdgbrch3ls513162/2020-toyota-highlander-sport-utility/123?store={store_code}	BLUE	126574 miles	Highlander	5TDGBRCH3LS513162	2020	29079 USD	4273022751116927017	29079 USD	MI	no	Highlander	No	Over 20k
5TDJZRBH8NS255355	2022 Toyota Highlander XSE	Toyota	https://www.dahltoyotasheboygan.com/viewdetails/used/5tdjzrbh8ns255355/2022-toyota-highlander-sport-utility/	31567 USD	2022 Wind Chill Pearl Toyota Highlander XSE Regular Gasoline V-6 3.5 L/211 For sale at Dahl Toyota Sheboygan in Sheboygan Wisconsin.	https://content.homenetiol.com/2000157/2065512/0x0/5de91b41853a4573b0fb9c125693ad9c.jpg	in stock	USED	SUV	Vehicles & Parts > Vehicles > Motor Vehicles > Cars, Trucks & Vans	5TDJZRBH8NS255355	https://www.dahltoyotasheboygan.com/viewdetails/used/5tdjzrbh8ns255355/2022-toyota-highlander-sport-utility/123?store={store_code}	WHITE	112988 miles	Highlander	5TDJZRBH8NS255355	2022	31567 USD	4273022751116927017	31567 USD	MI	no	Highlander	No	Over 20k
5TDKK3DCXFS545282	2015 Toyota Sienna LE	Toyota	https://www.dahltoyotasheboygan.com/viewdetails/used/5tdkk3dcxfs545282/2015-toyota-sienna-mini-van,-passenger/	15250 USD	2015 Shoreline Blue Pearl Toyota Sienna LE Regular Unleaded V-6 3.5 L/211 For sale at Dahl Toyota Sheboygan in Sheboygan Wisconsin.	https://content.homenetiol.com/2000157/2065512/0x0/7a32dbcd53a947b990100ff05ca6ef2c.jpg	in stock	USED	VAN	Vehicles & Parts > Vehicles > Motor Vehicles > Cars, Trucks & Vans	5TDKK3DCXFS545282	https://www.dahltoyotasheboygan.com/viewdetails/used/5tdkk3dcxfs545282/2015-toyota-sienna-mini-van,-passenger/123?store={store_code}	BLUE	146545 miles	Sienna	5TDKK3DCXFS545282	2015	15250 USD	4273022751116927017	15250 USD	MI	no	Sienna	No	Under 20k
5TDYKRFH1FS082115	2015 Toyota Highlander Limited	Toyota	https://www.dahltoyotasheboygan.com/viewdetails/used/5tdykrfh1fs082115/2015-toyota-highlander-sport-utility/	19000 USD	2015 Blizzard Pearl Toyota Highlander Limited Regular Gasoline V-6 3.5 L/211 For sale at Dahl Toyota Sheboygan in Sheboygan Wisconsin.	https://content.homenetiol.com/2000157/2065512/0x0/6dacca69def544c2a0adb4b2eb29ad8d.jpg	in stock	USED	SUV	Vehicles & Parts > Vehicles > Motor Vehicles > Cars, Trucks & Vans	5TDYKRFH1FS082115	https://www.dahltoyotasheboygan.com/viewdetails/used/5tdykrfh1fs082115/2015-toyota-highlander-sport-utility/123?store={store_code}	WHITE	95295 miles	Highlander	5TDYKRFH1FS082115	2015	19000 USD	4273022751116927017	19000 USD	MI	no	Highlander	No	Under 20k
5TDYSKFC8PS103605	2023 Toyota Sienna XLE	Toyota	https://www.dahltoyotasheboygan.com/viewdetails/used/5tdyskfc8ps103605/2023-toyota-sienna-mini-van,-passenger/	39399 USD	2023 Celestial Silver Metallic Toyota Sienna XLE Gas/Electric I-4 2.5 L/152 For sale at Dahl Toyota Sheboygan in Sheboygan Wisconsin.	https://content.homenetiol.com/2000157/2065512/0x0/a6e57a6e164e4300b3d196f061f5e461.jpg	in stock	USED	VAN	Vehicles & Parts > Vehicles > Motor Vehicles > Cars, Trucks & Vans	5TDYSKFC8PS103605	https://www.dahltoyotasheboygan.com/viewdetails/used/5tdyskfc8ps103605/2023-toyota-sienna-mini-van,-passenger/123?store={store_code}	SILVER	82896 miles	Sienna	5TDYSKFC8PS103605	2023	39399 USD	4273022751116927017	39399 USD	MI	no	Sienna	No	Over 20k
5TFLA5DA6PX063230	2023 Toyota Tundra 4WD SR5	Toyota	https://www.dahltoyotasheboygan.com/viewdetails/used/5tfla5da6px063230/2023-toyota-tundra-4wd-crew-cab-pickup/	37399 USD	2023 Magnetic Gray Metallic Toyota Tundra 4WD SR5 Twin Turbo Regular Gasoline V-6 3.4 L/210 For sale at Dahl Toyota Sheboygan in Sheboygan Wisconsin.	https://content.homenetiol.com/2000157/2065512/0x0/a9117ead711d4af18d2f639622456e1a.jpg	in stock	USED	TRUCK	Vehicles & Parts > Vehicles > Motor Vehicles > Cars, Trucks & Vans	5TFLA5DA6PX063230	https://www.dahltoyotasheboygan.com/viewdetails/used/5tfla5da6px063230/2023-toyota-tundra-4wd-crew-cab-pickup/123?store={store_code}	GRAY	50380 miles	Tundra 4WD	5TFLA5DA6PX063230	2023	37399 USD	4273022751116927017	37399 USD	MI	no	Tundra 4WD	No	Over 20k
5TFMA5DB8RX169890	2024 Toyota Tundra 4WD 1794 Edition	Toyota	https://www.dahltoyotasheboygan.com/viewdetails/used/5tfma5db8rx169890/2024-toyota-tundra-4wd-crew-cab-pickup/	54399 USD	2024 Celestial Silver Metallic Toyota Tundra 4WD 1794 Edition Twin Turbo Regular Gasoline V-6 3.4 L/210 For sale at Dahl Toyota Sheboygan in Sheboygan Wisconsin.	https://content.homenetiol.com/2000157/2065512/0x0/5051f6efe296452db105c06683c829de.jpg	in stock	USED	TRUCK	Vehicles & Parts > Vehicles > Motor Vehicles > Cars, Trucks & Vans	5TFMA5DB8RX169890	https://www.dahltoyotasheboygan.com/viewdetails/used/5tfma5db8rx169890/2024-toyota-tundra-4wd-crew-cab-pickup/123?store={store_code}	SILVER	16650 miles	Tundra 4WD	5TFMA5DB8RX169890	2024	54399 USD	4273022751116927017	54399 USD	MI	no	Tundra 4WD	No	Over 20k
JTDAAAAF9T3045743	2026 Toyota Crown Limited	Toyota	https://www.dahltoyotasheboygan.com/viewdetails/used/jtdaaaaf9t3045743/2026-toyota-crown-4dr-car/	44986 USD	2026 Heavy Metal Toyota Crown Limited Gas/Electric I-4 2.5 L/152 For sale at Dahl Toyota Sheboygan in Sheboygan Wisconsin.	https://content.homenetiol.com/2000157/2065512/0x0/95720a018ca948c9bcaa0f7c84a4f9a2.jpg	in stock	USED	OTHER	Vehicles & Parts > Vehicles > Motor Vehicles > Cars, Trucks & Vans	JTDAAAAF9T3045743	https://www.dahltoyotasheboygan.com/viewdetails/used/jtdaaaaf9t3045743/2026-toyota-crown-4dr-car/123?store={store_code}	GRAY	14715 miles	Crown	JTDAAAAF9T3045743	2026	44986 USD	4273022751116927017	44986 USD	MI	no	Crown	No	Over 20k
JTDACAAU7P3000654	2023 Toyota Prius XLE	Toyota	https://www.dahltoyotasheboygan.com/viewdetails/used/jtdacaau7p3000654/2023-toyota-prius-hatchback/	30399 USD	2023 Midnight Black Metallic Toyota Prius XLE Gas/Electric I-4 2.0 L/121 For sale at Dahl Toyota Sheboygan in Sheboygan Wisconsin.	https://content.homenetiol.com/2000157/2065512/0x0/29a959ef6b39485885a198969c092b31.jpg	in stock	USED	OTHER	Vehicles & Parts > Vehicles > Motor Vehicles > Cars, Trucks & Vans	JTDACAAU7P3000654	https://www.dahltoyotasheboygan.com/viewdetails/used/jtdacaau7p3000654/2023-toyota-prius-hatchback/123?store={store_code}	BLACK	23240 miles	Prius	JTDACAAU7P3000654	2023	30399 USD	4273022751116927017	30399 USD	MI	no	Prius	No	Over 20k
JTDKN3DU6A5208672	2010 Toyota Prius II	Toyota	https://www.dahltoyotasheboygan.com/viewdetails/used/jtdkn3du6a5208672/2010-toyota-prius-hatchback/	8881 USD	2010 Barcelona Red Metallic Toyota Prius II Gas/Electric I4 1.8L/110 For sale at Dahl Toyota Sheboygan in Sheboygan Wisconsin.	https://content.homenetiol.com/2000157/2065512/0x0/8634496f870d42f28b0a3e432e4bf0e7.jpg	in stock	USED	OTHER	Vehicles & Parts > Vehicles > Motor Vehicles > Cars, Trucks & Vans	JTDKN3DU6A5208672	https://www.dahltoyotasheboygan.com/viewdetails/used/jtdkn3du6a5208672/2010-toyota-prius-hatchback/123?store={store_code}	RED	126920 miles	Prius	JTDKN3DU6A5208672	2010	8881 USD	4273022751116927017	8881 USD	MI	no	Prius	No	Under 20k
JTEAAAAH4MJ014183	2021 Toyota Venza Limited	Toyota	https://www.dahltoyotasheboygan.com/viewdetails/used/jteaaaah4mj014183/2021-toyota-venza-sport-utility/	31399 USD	2021 Celestial Black Toyota Venza Limited Gas/Electric I-4 2.5 L/152 For sale at Dahl Toyota Sheboygan in Sheboygan Wisconsin.	https://content.homenetiol.com/2000157/2065512/0x0/31b033c6580b4ffbac9f0af60a19efc0.jpg	in stock	USED	SUV	Vehicles & Parts > Vehicles > Motor Vehicles > Cars, Trucks & Vans	JTEAAAAH4MJ014183	https://www.dahltoyotasheboygan.com/viewdetails/used/jteaaaah4mj014183/2021-toyota-venza-sport-utility/123?store={store_code}	BLACK	44716 miles	Venza	JTEAAAAH4MJ014183	2021	31399 USD	4273022751116927017	31399 USD	MI	no	Venza	No	Over 20k
JTEKU5JR4R6239239	2024 Toyota 4Runner Limited	Toyota	https://www.dahltoyotasheboygan.com/viewdetails/used/jteku5jr4r6239239/2024-toyota-4runner-sport-utility/	49978 USD	2024 Wind Chill Pearl Toyota 4Runner Limited Regular Gasoline V-6 4.0 L/241 For sale at Dahl Toyota Sheboygan in Sheboygan Wisconsin.	https://content.homenetiol.com/2000157/2065512/0x0/f813a705f4794e4bafd2ada4a7b3e9f9.jpg	in stock	USED	SUV	Vehicles & Parts > Vehicles > Motor Vehicles > Cars, Trucks & Vans	JTEKU5JR4R6239239	https://www.dahltoyotasheboygan.com/viewdetails/used/jteku5jr4r6239239/2024-toyota-4runner-sport-utility/123?store={store_code}	WHITE	41820 miles	4Runner	JTEKU5JR4R6239239	2024	49978 USD	4273022751116927017	49978 USD	MI	no	4Runner	No	Over 20k
JTMRFREV3HJ113042	2017 Toyota RAV4 XLE	Toyota	https://www.dahltoyotasheboygan.com/viewdetails/used/jtmrfrev3hj113042/2017-toyota-rav4-sport-utility/	18399 USD	2017 Super White Toyota RAV4 XLE Regular Gasoline I-4 2.5 L/152 For sale at Dahl Toyota Sheboygan in Sheboygan Wisconsin.	https://content.homenetiol.com/2000157/2065512/0x0/bd53b491592d4b42b6505887d8c2272e.jpg	in stock	USED	SUV	Vehicles & Parts > Vehicles > Motor Vehicles > Cars, Trucks & Vans	JTMRFREV3HJ113042	https://www.dahltoyotasheboygan.com/viewdetails/used/jtmrfrev3hj113042/2017-toyota-rav4-sport-utility/123?store={store_code}	WHITE	97350 miles	RAV4	JTMRFREV3HJ113042	2017	18399 USD	4273022751116927017	18399 USD	MI	no	RAV4	No	Under 20k
JTNA4MBE8N3177793	2022 Toyota Corolla Hatchback XSE	Toyota	https://www.dahltoyotasheboygan.com/viewdetails/used/jtna4mbe8n3177793/2022-toyota-corolla-hatchback-/	23377 USD	2022 Blue Flame/Midnight Black Metallic Toyota Corolla XSE Regular Unleaded I-4 2.0 L/121 For sale at Dahl Toyota Sheboygan in Sheboygan Wisconsin.	https://content.homenetiol.com/2000157/2065512/0x0/stock_images/5/2022TOC33_640/2022TOC330097_640_01.jpg	in stock	USED	OTHER	Vehicles & Parts > Vehicles > Motor Vehicles > Cars, Trucks & Vans	JTNA4MBE8N3177793	https://www.dahltoyotasheboygan.com/viewdetails/used/jtna4mbe8n3177793/2022-toyota-corolla-hatchback-/123?store={store_code}	BLACK	71134 miles	Corolla	JTNA4MBE8N3177793	2022	23377 USD	4273022751116927017	23377 USD	MI	no	Corolla	No	Over 20k
