id	title	brand	link	vehicle MSRP	description	image_link	availability	condition	product_type	google_product_category	MPN	link_template	color	mileage	model	vin	year	price	store code	MSRP	mileage.unit	certified_pre_owned	custom_label_0	custom_label_1	custom_label_2
1FMDE5CP0NLB51334	2022 Ford Bronco Black Diamond	Ford	https://www.dahlmazda.com/viewdetails/used/1fmde5cp0nlb51334/2022-ford-bronco-convertible/	38389 USD	2022 Area 51 Ford Bronco Black Diamond Twin Turbo Regular Gasoline V-6 2.7 L/164 For sale at Dahl Mazda in La Crosse Wisconsin.	https://content.homenetiol.com/2000157/2065512/0x0/56798cec99fb4130b7b9d65cbeb60cf5.jpg	in stock	USED	SUV	Vehicles & Parts > Vehicles > Motor Vehicles > Cars, Trucks & Vans	1FMDE5CP0NLB51334	https://www.dahlmazda.com/viewdetails/used/1fmde5cp0nlb51334/2022-ford-bronco-convertible/123?store={store_code}	NA	24332 miles	Bronco	1FMDE5CP0NLB51334	2022	38389 USD	Dahl Mazda	38389 USD	MI	no	Bronco	No	Over 20k
3MW53CM06P8D10451	2023 BMW 2 Series M240i xDrive	BMW	https://www.dahlmazda.com/viewdetails/used/3mw53cm06p8d10451/2023-bmw-2-series-2dr-car/	46397 USD	2023 Thundernight Metallic BMW 2 Series M240i xDrive Intercooled Turbo Premium Gasoline I-6 3.0 L/183 For sale at Dahl Mazda in La Crosse Wisconsin.	https://content.homenetiol.com/2000157/2065512/0x0/87cd08ffdf434ab79d647cbc8099605b.jpg	in stock	USED	OTHER	Vehicles & Parts > Vehicles > Motor Vehicles > Cars, Trucks & Vans	3MW53CM06P8D10451	https://www.dahlmazda.com/viewdetails/used/3mw53cm06p8d10451/2023-bmw-2-series-2dr-car/123?store={store_code}	NA	40754 miles	2 Series	3MW53CM06P8D10451	2023	46397 USD	Dahl Mazda	46397 USD	MI	no	2 Series	No	Over 20k
JHMGE8G50CC028575	2012 Honda Fit Sport	Honda	https://www.dahlmazda.com/viewdetails/used/jhmge8g50cc028575/2012-honda-fit-hatchback/	8990 USD	2012 Other Honda Fit Sport Gas I4 1.5L/91 For sale at Dahl Mazda in La Crosse Wisconsin.	https://content.homenetiol.com/2000157/2065512/0x0/9bde0db95f7d4a95b325663adb18763a.jpg	in stock	USED	OTHER	Vehicles & Parts > Vehicles > Motor Vehicles > Cars, Trucks & Vans	JHMGE8G50CC028575	https://www.dahlmazda.com/viewdetails/used/jhmge8g50cc028575/2012-honda-fit-hatchback/123?store={store_code}	NA	139618 miles	Fit	JHMGE8G50CC028575	2012	8990 USD	Dahl Mazda	8990 USD	MI	no	Fit	No	Under 20k
3MVDMBDM8SM849225	2025 Mazda CX-30 2.5 S Premium Package	Mazda	https://www.dahlmazda.com/viewdetails/cpo/3mvdmbdm8sm849225/2025-mazda-cx-30-sport-utility/	28889 USD	2025 Deep Crystal Blue Mica Mazda CX-30 2.5 S Premium Package Regular Gasoline I-4 2.5 L/152 For sale at Dahl Mazda in La Crosse Wisconsin.	https://content.homenetiol.com/2000157/2065512/0x0/8be4424aea124e9da9fc0ae79703cb5e.jpg	in stock	USED	SUV	Vehicles & Parts > Vehicles > Motor Vehicles > Cars, Trucks & Vans	3MVDMBDM8SM849225	https://www.dahlmazda.com/viewdetails/cpo/3mvdmbdm8sm849225/2025-mazda-cx-30-sport-utility/123?store={store_code}	BLUE	7567 miles	CX-30	3MVDMBDM8SM849225	2025	28889 USD	Dahl Mazda	28889 USD	MI	yes	CX-30	Yes	Over 20k
7MMVABDM3RN187214	2024 Mazda CX-50 2.5 S Premium Package	Mazda	https://www.dahlmazda.com/viewdetails/cpo/7mmvabdm3rn187214/2024-mazda-cx-50-sport-utility/	27889 USD	2024 Polymetal Gray Metallic Mazda CX-50 2.5 S Premium Package Regular Gasoline I-4 2.5 L/152 For sale at Dahl Mazda in La Crosse Wisconsin.	https://content.homenetiol.com/2000157/2065512/0x0/3d82c60518f24f1bb8144d68f8c4abe9.jpg	in stock	USED	SUV	Vehicles & Parts > Vehicles > Motor Vehicles > Cars, Trucks & Vans	7MMVABDM3RN187214	https://www.dahlmazda.com/viewdetails/cpo/7mmvabdm3rn187214/2024-mazda-cx-50-sport-utility/123?store={store_code}	GRAY	41302 miles	CX-50	7MMVABDM3RN187214	2024	27889 USD	Dahl Mazda	27889 USD	MI	yes	CX-50	Yes	Over 20k
JM3KFBCLXS0697504	2025 Mazda CX-5 2.5 S Preferred Package	Mazda	https://www.dahlmazda.com/viewdetails/cpo/jm3kfbclxs0697504/2025-mazda-cx-5-sport-utility/	27397 USD	2025 Jet Black Mica Mazda CX-5 2.5 S Preferred Package Regular Gasoline I-4 2.5 L/152 For sale at Dahl Mazda in La Crosse Wisconsin.	https://content.homenetiol.com/2000157/2065512/0x0/bc3d228229554ee0bf11aab1d28ac483.jpg	in stock	USED	SUV	Vehicles & Parts > Vehicles > Motor Vehicles > Cars, Trucks & Vans	JM3KFBCLXS0697504	https://www.dahlmazda.com/viewdetails/cpo/jm3kfbclxs0697504/2025-mazda-cx-5-sport-utility/123?store={store_code}	BLACK	39682 miles	CX-5	JM3KFBCLXS0697504	2025	27397 USD	Dahl Mazda	27397 USD	MI	yes	CX-5	Yes	Over 20k
JM3KFBCM2S0672475	2025 Mazda CX-5 2.5 S Carbon Edition	Mazda	https://www.dahlmazda.com/viewdetails/cpo/jm3kfbcm2s0672475/2025-mazda-cx-5-sport-utility/	27999 USD	2025 Polymetal Gray Metallic Mazda CX-5 2.5 S Carbon Edition Regular Gasoline I-4 2.5 L/152 For sale at Dahl Mazda in La Crosse Wisconsin.	https://content.homenetiol.com/2000157/2065512/0x0/cb0df7e5208e4e7bbc4bd049a10b6855.jpg	in stock	USED	SUV	Vehicles & Parts > Vehicles > Motor Vehicles > Cars, Trucks & Vans	JM3KFBCM2S0672475	https://www.dahlmazda.com/viewdetails/cpo/jm3kfbcm2s0672475/2025-mazda-cx-5-sport-utility/123?store={store_code}	GRAY	37278 miles	CX-5	JM3KFBCM2S0672475	2025	27999 USD	Dahl Mazda	27999 USD	MI	yes	CX-5	Yes	Over 20k
JM3KFBCMXS0674099	2025 Mazda CX-5 2.5 S Carbon Edition	Mazda	https://www.dahlmazda.com/viewdetails/cpo/jm3kfbcmxs0674099/2025-mazda-cx-5-sport-utility/	27999 USD	2025 Polymetal Gray Metallic Mazda CX-5 2.5 S Carbon Edition Regular Gasoline I-4 2.5 L/152 For sale at Dahl Mazda in La Crosse Wisconsin.	https://content.homenetiol.com/2000157/2065512/0x0/f575122a8bdc489f98a7b7ea2cdc85c5.jpg	in stock	USED	SUV	Vehicles & Parts > Vehicles > Motor Vehicles > Cars, Trucks & Vans	JM3KFBCMXS0674099	https://www.dahlmazda.com/viewdetails/cpo/jm3kfbcmxs0674099/2025-mazda-cx-5-sport-utility/123?store={store_code}	GRAY	37665 miles	CX-5	JM3KFBCMXS0674099	2025	27999 USD	Dahl Mazda	27999 USD	MI	yes	CX-5	Yes	Over 20k
JM3KKAHDXT1352959	2026 Mazda CX-90 Select	Mazda	https://www.dahlmazda.com/viewdetails/cpo/jm3kkahdxt1352959/2026-mazda-cx-90-sport-utility/	32889 USD	2026 Jet Black Mica Mazda CX-90 Select Intercooled Turbo Gas/Electric I-6 3.3 L/200 For sale at Dahl Mazda in La Crosse Wisconsin.	https://content.homenetiol.com/2000157/2065512/0x0/842e5e5852304be2a1de35b083ae0be9.jpg	in stock	USED	SUV	Vehicles & Parts > Vehicles > Motor Vehicles > Cars, Trucks & Vans	JM3KKAHDXT1352959	https://www.dahlmazda.com/viewdetails/cpo/jm3kkahdxt1352959/2026-mazda-cx-90-sport-utility/123?store={store_code}	BLACK	24321 miles	CX-90	JM3KKAHDXT1352959	2026	32889 USD	Dahl Mazda	32889 USD	MI	yes	CX-90	Yes	Over 20k
JM3KKCHD0T1356479	2026 Mazda CX-90 Premium Sport	Mazda	https://www.dahlmazda.com/viewdetails/cpo/jm3kkchd0t1356479/2026-mazda-cx-90-sport-utility/	37389 USD	2026 Jet Black Mica Mazda CX-90 Premium Sport Intercooled Turbo Gas/Electric I-6 3.3 L/200 For sale at Dahl Mazda in La Crosse Wisconsin.	https://content.homenetiol.com/2000157/2065512/0x0/c9e142a6fbe84ac5bfdc55515636a4a3.jpg	in stock	USED	SUV	Vehicles & Parts > Vehicles > Motor Vehicles > Cars, Trucks & Vans	JM3KKCHD0T1356479	https://www.dahlmazda.com/viewdetails/cpo/jm3kkchd0t1356479/2026-mazda-cx-90-sport-utility/123?store={store_code}	BLACK	30285 miles	CX-90	JM3KKCHD0T1356479	2026	37389 USD	Dahl Mazda	37389 USD	MI	yes	CX-90	Yes	Over 20k
3MVDMBCL3TM223592	2026 Mazda CX-30 2.5 S Preferred AWD	Mazda	https://www.dahlmazda.com/viewdetails/new/3mvdmbcl3tm223592/2026-mazda-cx-30-suv/	31375 USD	2026 Jet Black Mica Mazda CX-30 2.5 S Preferred AWD 2.5L SKYACTIV-G 4-cyl For sale at Dahl Mazda in La Crosse Wisconsin.	https://content.homenetiol.com/2000157/2065512/0x0/18a9b3b375ba44bda3434120be242259.jpg	in stock	NEW	SUV	Vehicles & Parts > Vehicles > Motor Vehicles > Cars, Trucks & Vans	3MVDMBCL3TM223592	https://www.dahlmazda.com/viewdetails/new/3mvdmbcl3tm223592/2026-mazda-cx-30-suv/123?store={store_code}	BLACK	0 miles	CX-30	3MVDMBCL3TM223592	2026	31375 USD	Dahl Mazda	31375 USD	MI	no	CX-30	No	Over 20k
3MVDMBCL7TM234272	2026 Mazda CX-30 2.5 S Preferred AWD	Mazda	https://www.dahlmazda.com/viewdetails/new/3mvdmbcl7tm234272/2026-mazda-cx-30-suv/	31955 USD	2026 Snowflake White Pearl Mica Mazda CX-30 2.5 S Preferred AWD 2.5L SKYACTIV-G 4-cyl For sale at Dahl Mazda in La Crosse Wisconsin.	https://content.homenetiol.com/2000157/2065512/0x0/f875def2350444f48170674630448140.jpg	in stock	NEW	SUV	Vehicles & Parts > Vehicles > Motor Vehicles > Cars, Trucks & Vans	3MVDMBCL7TM234272	https://www.dahlmazda.com/viewdetails/new/3mvdmbcl7tm234272/2026-mazda-cx-30-suv/123?store={store_code}	WHITE	0 miles	CX-30	3MVDMBCL7TM234272	2026	31955 USD	Dahl Mazda	31955 USD	MI	no	CX-30	No	Over 20k
7MMVAABW0TN193414	2026 Mazda CX-50 Hybrid Preferred AWD	Mazda	https://www.dahlmazda.com/viewdetails/new/7mmvaabw0tn193414/2026-mazda-cx-50-hybrid-sport-utility/	37555 USD	2026 Polymetal Gray Metallic Mazda CX-50 Preferred AWD 2.5L SKYACTIV-G 4-cyl For sale at Dahl Mazda in La Crosse Wisconsin.	https://mazda.stockassets.shiftdigitalinventory.com/images/7MMVAABW0TN193414_1.jpg	in stock	NEW	SUV	Vehicles & Parts > Vehicles > Motor Vehicles > Cars, Trucks & Vans	7MMVAABW0TN193414	https://www.dahlmazda.com/viewdetails/new/7mmvaabw0tn193414/2026-mazda-cx-50-hybrid-sport-utility/123?store={store_code}	GRAY	0 miles	CX-50	7MMVAABW0TN193414	2026	37555 USD	Dahl Mazda	37555 USD	MI	no	CX-50	No	Over 20k
7MMVAABW8TN191460	2026 Mazda CX-50 Hybrid Preferred AWD	Mazda	https://www.dahlmazda.com/viewdetails/new/7mmvaabw8tn191460/2026-mazda-cx-50-hybrid-suv/	37050 USD	2026 Wind Chill Pearl Mazda CX-50 Preferred AWD 2.5L SKYACTIV-G 4-cyl For sale at Dahl Mazda in La Crosse Wisconsin.	https://content.homenetiol.com/2000157/2065512/0x0/540f447187ac49e6bbe62292cf12557e.jpg	in stock	NEW	SUV	Vehicles & Parts > Vehicles > Motor Vehicles > Cars, Trucks & Vans	7MMVAABW8TN191460	https://www.dahlmazda.com/viewdetails/new/7mmvaabw8tn191460/2026-mazda-cx-50-hybrid-suv/123?store={store_code}	WHITE	0 miles	CX-50	7MMVAABW8TN191460	2026	37050 USD	Dahl Mazda	37050 USD	MI	no	CX-50	No	Over 20k
7MMVAADW4TN192845	2026 Mazda CX-50 Hybrid Premium AWD	Mazda	https://www.dahlmazda.com/viewdetails/new/7mmvaadw4tn192845/2026-mazda-cx-50-hybrid-sport-utility/	40585 USD	2026 Ingot Blue Metallic Mazda CX-50 Premium AWD 2.5L SKYACTIV-G 4-cyl For sale at Dahl Mazda in La Crosse Wisconsin.	https://mazda.stockassets.shiftdigitalinventory.com/images/7MMVAADW4TN192845_1.jpg	in stock	NEW	SUV	Vehicles & Parts > Vehicles > Motor Vehicles > Cars, Trucks & Vans	7MMVAADW4TN192845	https://www.dahlmazda.com/viewdetails/new/7mmvaadw4tn192845/2026-mazda-cx-50-hybrid-sport-utility/123?store={store_code}	BLUE	0 miles	CX-50	7MMVAADW4TN192845	2026	40585 USD	Dahl Mazda	40585 USD	MI	no	CX-50	No	Over 20k
7MMVAADW9TN184644	2026 Mazda CX-50 Hybrid Premium AWD	Mazda	https://www.dahlmazda.com/viewdetails/new/7mmvaadw9tn184644/2026-mazda-cx-50-hybrid-suv/	40965 USD	2026 Soul Red Crystal Metallic Mazda CX-50 Premium AWD 2.5L SKYACTIV-G 4-cyl For sale at Dahl Mazda in La Crosse Wisconsin.	https://content.homenetiol.com/2000157/2065512/0x0/20f3444fc76d4a3db56b9cfd212309d6.jpg	in stock	NEW	SUV	Vehicles & Parts > Vehicles > Motor Vehicles > Cars, Trucks & Vans	7MMVAADW9TN184644	https://www.dahlmazda.com/viewdetails/new/7mmvaadw9tn184644/2026-mazda-cx-50-hybrid-suv/123?store={store_code}	RED	0 miles	CX-50	7MMVAADW9TN184644	2026	40965 USD	Dahl Mazda	40965 USD	MI	no	CX-50	No	Over 20k
7MMVAAEW5TN180878	2026 Mazda CX-50 Hybrid Premium Plus AWD	Mazda	https://www.dahlmazda.com/viewdetails/new/7mmvaaew5tn180878/2026-mazda-cx-50-hybrid-suv/	43705 USD	2026 Polymetal Gray Metallic Mazda CX-50 Premium Plus AWD 2.5L SKYACTIV-G 4-cyl For sale at Dahl Mazda in La Crosse Wisconsin.	https://content.homenetiol.com/2000157/2065512/0x0/272f3acbf5ef4a5caeac22d9be73c04f.jpg	in stock	NEW	SUV	Vehicles & Parts > Vehicles > Motor Vehicles > Cars, Trucks & Vans	7MMVAAEW5TN180878	https://www.dahlmazda.com/viewdetails/new/7mmvaaew5tn180878/2026-mazda-cx-50-hybrid-suv/123?store={store_code}	GRAY	0 miles	CX-50	7MMVAAEW5TN180878	2026	43705 USD	Dahl Mazda	43705 USD	MI	no	CX-50	No	Over 20k
7MMVABBLXTN634834	2026 Mazda CX-50 2.5 S Preferred AWD	Mazda	https://www.dahlmazda.com/viewdetails/new/7mmvabblxtn634834/2026-mazda-cx-50-sport-utility/	35150 USD	2026 Wind Chill Pearl Mazda CX-50 2.5 S Preferred AWD 2.5L SKYACTIV-G 4-cyl For sale at Dahl Mazda in La Crosse Wisconsin.	https://mazda.stockassets.shiftdigitalinventory.com/images/7MMVABBLXTN634834_1.jpg	in stock	NEW	SUV	Vehicles & Parts > Vehicles > Motor Vehicles > Cars, Trucks & Vans	7MMVABBLXTN634834	https://www.dahlmazda.com/viewdetails/new/7mmvabblxtn634834/2026-mazda-cx-50-sport-utility/123?store={store_code}	WHITE	0 miles	CX-50	7MMVABBLXTN634834	2026	35150 USD	Dahl Mazda	35150 USD	MI	no	CX-50	No	Over 20k
7MMVABDL0TN632281	2026 Mazda CX-50 2.5 S Premium AWD	Mazda	https://www.dahlmazda.com/viewdetails/new/7mmvabdl0tn632281/2026-mazda-cx-50-sport-utility/	38105 USD	2026 Polymetal Gray Metallic Mazda CX-50 2.5 S Premium AWD 2.5L SKYACTIV-G 4-cyl For sale at Dahl Mazda in La Crosse Wisconsin.	https://mazda.stockassets.shiftdigitalinventory.com/images/7MMVABDL0TN632281_1.jpg	in stock	NEW	SUV	Vehicles & Parts > Vehicles > Motor Vehicles > Cars, Trucks & Vans	7MMVABDL0TN632281	https://www.dahlmazda.com/viewdetails/new/7mmvabdl0tn632281/2026-mazda-cx-50-sport-utility/123?store={store_code}	GRAY	0 miles	CX-50	7MMVABDL0TN632281	2026	38105 USD	Dahl Mazda	38105 USD	MI	no	CX-50	No	Over 20k
7MMVABDL0TN635214	2026 Mazda CX-50 2.5 S Premium AWD	Mazda	https://www.dahlmazda.com/viewdetails/new/7mmvabdl0tn635214/2026-mazda-cx-50-sport-utility/	37425 USD	2026 Polymetal Gray Metallic Mazda CX-50 2.5 S Premium AWD 2.5L SKYACTIV-G 4-cyl For sale at Dahl Mazda in La Crosse Wisconsin.	https://mazda.stockassets.shiftdigitalinventory.com/images/7MMVABDL0TN635214_1.jpg	in stock	NEW	SUV	Vehicles & Parts > Vehicles > Motor Vehicles > Cars, Trucks & Vans	7MMVABDL0TN635214	https://www.dahlmazda.com/viewdetails/new/7mmvabdl0tn635214/2026-mazda-cx-50-sport-utility/123?store={store_code}	GRAY	0 miles	CX-50	7MMVABDL0TN635214	2026	37425 USD	Dahl Mazda	37425 USD	MI	no	CX-50	No	Over 20k
7MMVABDL1TN632127	2026 Mazda CX-50 2.5 S Premium AWD	Mazda	https://www.dahlmazda.com/viewdetails/new/7mmvabdl1tn632127/2026-mazda-cx-50-sport-utility/	37335 USD	2026 Ingot Blue Metallic Mazda CX-50 2.5 S Premium AWD 2.5L SKYACTIV-G 4-cyl For sale at Dahl Mazda in La Crosse Wisconsin.	https://mazda.stockassets.shiftdigitalinventory.com/images/7MMVABDL1TN632127_1.jpg	in stock	NEW	SUV	Vehicles & Parts > Vehicles > Motor Vehicles > Cars, Trucks & Vans	7MMVABDL1TN632127	https://www.dahlmazda.com/viewdetails/new/7mmvabdl1tn632127/2026-mazda-cx-50-sport-utility/123?store={store_code}	BLUE	0 miles	CX-50	7MMVABDL1TN632127	2026	37335 USD	Dahl Mazda	37335 USD	MI	no	CX-50	No	Over 20k
7MMVABDL6TN620961	2026 Mazda CX-50 2.5 S Premium AWD	Mazda	https://www.dahlmazda.com/viewdetails/new/7mmvabdl6tn620961/2026-mazda-cx-50-suv/	36785 USD	2026 Cypress Mazda CX-50 2.5 S Premium AWD 2.5L SKYACTIV-G 4-cyl For sale at Dahl Mazda in La Crosse Wisconsin.	https://content.homenetiol.com/2000157/2065512/0x0/d75e19a6705d4940a5f21e47bd69b391.jpg	in stock	NEW	SUV	Vehicles & Parts > Vehicles > Motor Vehicles > Cars, Trucks & Vans	7MMVABDL6TN620961	https://www.dahlmazda.com/viewdetails/new/7mmvabdl6tn620961/2026-mazda-cx-50-suv/123?store={store_code}	GREEN	0 miles	CX-50	7MMVABDL6TN620961	2026	36785 USD	Dahl Mazda	36785 USD	MI	no	CX-50	No	Over 20k
7MMVABDL9TN627614	2026 Mazda CX-50 2.5 S Premium AWD	Mazda	https://www.dahlmazda.com/viewdetails/new/7mmvabdl9tn627614/2026-mazda-cx-50-suv/	37705 USD	2026 Soul Red Crystal Metallic Mazda CX-50 2.5 S Premium AWD 2.5L SKYACTIV-G 4-cyl For sale at Dahl Mazda in La Crosse Wisconsin.	https://content.homenetiol.com/2000157/2065512/0x0/cb4544ceacf540aaafa06c03afd7aab1.jpg	in stock	NEW	SUV	Vehicles & Parts > Vehicles > Motor Vehicles > Cars, Trucks & Vans	7MMVABDL9TN627614	https://www.dahlmazda.com/viewdetails/new/7mmvabdl9tn627614/2026-mazda-cx-50-suv/123?store={store_code}	RED	0 miles	CX-50	7MMVABDL9TN627614	2026	37705 USD	Dahl Mazda	37705 USD	MI	no	CX-50	No	Over 20k
JM1BPBLL5T1902678	2026 Mazda MAZDA3 Hatchback 2.5 S Carbon Edition AWD	Mazda	https://www.dahlmazda.com/viewdetails/new/jm1bpbll5t1902678/2026-mazda-mazda3-hatchback-4dr-car/	33300 USD	2026 Polymetal Gray Metallic Mazda MAZDA3 2.5 S Carbon Edition AWD 2.5L SKYACTIV-G 4-cyl For sale at Dahl Mazda in La Crosse Wisconsin.	https://mazda.stockassets.shiftdigitalinventory.com/images/JM1BPBLL5T1902678_1.jpg	in stock	NEW	OTHER	Vehicles & Parts > Vehicles > Motor Vehicles > Cars, Trucks & Vans	JM1BPBLL5T1902678	https://www.dahlmazda.com/viewdetails/new/jm1bpbll5t1902678/2026-mazda-mazda3-hatchback-4dr-car/123?store={store_code}	GRAY	0 miles	MAZDA3	JM1BPBLL5T1902678	2026	33300 USD	Dahl Mazda	33300 USD	MI	no	MAZDA3	No	Over 20k
JM3KKCHD3T1421938	2026 Mazda CX-90 3.3 Turbo Premium Sport AWD	Mazda	https://www.dahlmazda.com/viewdetails/new/jm3kkchd3t1421938/2026-mazda-cx-90-sport-utility/	49870 USD	2026 Polymetal Gray Metallic Mazda CX-90 3.3 Turbo Premium Sport AWD 3.3L SKYACTIV-G 6-cyl For sale at Dahl Mazda in La Crosse Wisconsin.	https://mazda.stockassets.shiftdigitalinventory.com/images/JM3KKCHD3T1421938_1.jpg	in stock	NEW	SUV	Vehicles & Parts > Vehicles > Motor Vehicles > Cars, Trucks & Vans	JM3KKCHD3T1421938	https://www.dahlmazda.com/viewdetails/new/jm3kkchd3t1421938/2026-mazda-cx-90-sport-utility/123?store={store_code}	GRAY	0 miles	CX-90	JM3KKCHD3T1421938	2026	49870 USD	Dahl Mazda	49870 USD	MI	no	CX-90	No	Over 20k
JM3KKCHD5T1423335	2026 Mazda CX-90 3.3 Turbo Premium Sport AWD	Mazda	https://www.dahlmazda.com/viewdetails/new/jm3kkchd5t1423335/2026-mazda-cx-90-sport-utility/	49550 USD	2026 Jet Black Mica Mazda CX-90 3.3 Turbo Premium Sport AWD 3.3L SKYACTIV-G 6-cyl For sale at Dahl Mazda in La Crosse Wisconsin.	https://mazda.stockassets.shiftdigitalinventory.com/images/JM3KKCHD5T1423335_1.jpg	in stock	NEW	SUV	Vehicles & Parts > Vehicles > Motor Vehicles > Cars, Trucks & Vans	JM3KKCHD5T1423335	https://www.dahlmazda.com/viewdetails/new/jm3kkchd5t1423335/2026-mazda-cx-90-sport-utility/123?store={store_code}	BLACK	0 miles	CX-90	JM3KKCHD5T1423335	2026	49550 USD	Dahl Mazda	49550 USD	MI	no	CX-90	No	Over 20k
JM3KMBHA6T0213276	2026 Mazda CX-5 2.5 S Select AWD	Mazda	https://www.dahlmazda.com/viewdetails/new/jm3kmbha6t0213276/2026-mazda-cx-5-suv/	33835 USD	2026 Navy Blue Mica Mazda CX-5 2.5 S Select AWD 2.5L SKYACTIV-G 4-cyl For sale at Dahl Mazda in La Crosse Wisconsin.	https://content.homenetiol.com/2000157/2065512/0x0/dea824a837bc4147baa6a8228967707e.jpg	in stock	NEW	SUV	Vehicles & Parts > Vehicles > Motor Vehicles > Cars, Trucks & Vans	JM3KMBHA6T0213276	https://www.dahlmazda.com/viewdetails/new/jm3kmbha6t0213276/2026-mazda-cx-5-suv/123?store={store_code}	BLUE	0 miles	CX-5	JM3KMBHA6T0213276	2026	33835 USD	Dahl Mazda	33835 USD	MI	no	CX-5	No	Over 20k
JM3KMBHA7T0230801	2026 Mazda CX-5 2.5 S Select AWD	Mazda	https://www.dahlmazda.com/viewdetails/new/jm3kmbha7t0230801/2026-mazda-cx-5-sport-utility/	34690 USD	2026 Soul Red Crystal Metallic Mazda CX-5 2.5 S Select AWD 2.5L SKYACTIV-G 4-cyl For sale at Dahl Mazda in La Crosse Wisconsin.	https://mazda.stockassets.shiftdigitalinventory.com/images/JM3KMBHA7T0230801_1.jpg	in stock	NEW	SUV	Vehicles & Parts > Vehicles > Motor Vehicles > Cars, Trucks & Vans	JM3KMBHA7T0230801	https://www.dahlmazda.com/viewdetails/new/jm3kmbha7t0230801/2026-mazda-cx-5-sport-utility/123?store={store_code}	RED	0 miles	CX-5	JM3KMBHA7T0230801	2026	34690 USD	Dahl Mazda	34690 USD	MI	no	CX-5	No	Over 20k
JM3KMBHAXT0180511	2026 Mazda CX-5 2.5 S Select AWD	Mazda	https://www.dahlmazda.com/viewdetails/new/jm3kmbhaxt0180511/2026-mazda-cx-5-suv/	34600 USD	2026 Machine Gray Metallic Mazda CX-5 2.5 S Select AWD 2.5L SKYACTIV-G 4-cyl For sale at Dahl Mazda in La Crosse Wisconsin.	https://content.homenetiol.com/2000157/2065512/0x0/e278fd9324dd40fa82c854433ad6bc8a.jpg	in stock	NEW	SUV	Vehicles & Parts > Vehicles > Motor Vehicles > Cars, Trucks & Vans	JM3KMBHAXT0180511	https://www.dahlmazda.com/viewdetails/new/jm3kmbhaxt0180511/2026-mazda-cx-5-suv/123?store={store_code}	GRAY	0 miles	CX-5	JM3KMBHAXT0180511	2026	34600 USD	Dahl Mazda	34600 USD	MI	no	CX-5	No	Over 20k
JM3KMCHA2T0209957	2026 Mazda CX-5 2.5 S Preferred AWD	Mazda	https://www.dahlmazda.com/viewdetails/new/jm3kmcha2t0209957/2026-mazda-cx-5-suv/	36755 USD	2026 Aero Gray Metallic Mazda CX-5 2.5 S Preferred AWD 2.5L SKYACTIV-G 4-cyl For sale at Dahl Mazda in La Crosse Wisconsin.	https://content.homenetiol.com/2000157/2065512/0x0/44fbb911d39043c286ae359e474a6a7a.jpg	in stock	NEW	SUV	Vehicles & Parts > Vehicles > Motor Vehicles > Cars, Trucks & Vans	JM3KMCHA2T0209957	https://www.dahlmazda.com/viewdetails/new/jm3kmcha2t0209957/2026-mazda-cx-5-suv/123?store={store_code}	GRAY	0 miles	CX-5	JM3KMCHA2T0209957	2026	36755 USD	Dahl Mazda	36755 USD	MI	no	CX-5	No	Over 20k
JM3KMCHA5T0191292	2026 Mazda CX-5 2.5 S Preferred AWD	Mazda	https://www.dahlmazda.com/viewdetails/new/jm3kmcha5t0191292/2026-mazda-cx-5-suv/	37375 USD	2026 Polymetal Gray Metallic Mazda CX-5 2.5 S Preferred AWD 2.5L SKYACTIV-G 4-cyl For sale at Dahl Mazda in La Crosse Wisconsin.	https://content.homenetiol.com/2000157/2065512/0x0/702ce6be4a6041ef9499655ef60a01fa.jpg	in stock	NEW	SUV	Vehicles & Parts > Vehicles > Motor Vehicles > Cars, Trucks & Vans	JM3KMCHA5T0191292	https://www.dahlmazda.com/viewdetails/new/jm3kmcha5t0191292/2026-mazda-cx-5-suv/123?store={store_code}	GRAY	0 miles	CX-5	JM3KMCHA5T0191292	2026	37375 USD	Dahl Mazda	37375 USD	MI	no	CX-5	No	Over 20k
JM3KMCHA7T0219559	2026 Mazda CX-5 2.5 S Preferred AWD	Mazda	https://www.dahlmazda.com/viewdetails/new/jm3kmcha7t0219559/2026-mazda-cx-5-sport-utility/	36730 USD	2026 Machine Gray Metallic Mazda CX-5 2.5 S Preferred AWD 2.5L SKYACTIV-G 4-cyl For sale at Dahl Mazda in La Crosse Wisconsin.	https://mazda.stockassets.shiftdigitalinventory.com/images/JM3KMCHA7T0219559_1.jpg	in stock	NEW	SUV	Vehicles & Parts > Vehicles > Motor Vehicles > Cars, Trucks & Vans	JM3KMCHA7T0219559	https://www.dahlmazda.com/viewdetails/new/jm3kmcha7t0219559/2026-mazda-cx-5-sport-utility/123?store={store_code}	GRAY	0 miles	CX-5	JM3KMCHA7T0219559	2026	36730 USD	Dahl Mazda	36730 USD	MI	no	CX-5	No	Over 20k
JM3KMDHA0T0222700	2026 Mazda CX-5 2.5 S Premium AWD	Mazda	https://www.dahlmazda.com/viewdetails/new/jm3kmdha0t0222700/2026-mazda-cx-5-sport-utility/	39730 USD	2026 Rhodium White Metallic Mazda CX-5 2.5 S Premium AWD 2.5L SKYACTIV-G 4-cyl For sale at Dahl Mazda in La Crosse Wisconsin.	https://mazda.stockassets.shiftdigitalinventory.com/images/JM3KMDHA0T0222700_1.jpg	in stock	NEW	SUV	Vehicles & Parts > Vehicles > Motor Vehicles > Cars, Trucks & Vans	JM3KMDHA0T0222700	https://www.dahlmazda.com/viewdetails/new/jm3kmdha0t0222700/2026-mazda-cx-5-sport-utility/123?store={store_code}	WHITE	0 miles	CX-5	JM3KMDHA0T0222700	2026	39730 USD	Dahl Mazda	39730 USD	MI	no	CX-5	No	Over 20k
JM3KMDHA3T0213943	2026 Mazda CX-5 2.5 S Premium AWD	Mazda	https://www.dahlmazda.com/viewdetails/new/jm3kmdha3t0213943/2026-mazda-cx-5-suv/	39430 USD	2026 Navy Blue Mica Mazda CX-5 2.5 S Premium AWD 2.5L SKYACTIV-G 4-cyl For sale at Dahl Mazda in La Crosse Wisconsin.	https://content.homenetiol.com/2000157/2065512/0x0/b3a5e51d08b24967aa0850c3683de0f9.jpg	in stock	NEW	SUV	Vehicles & Parts > Vehicles > Motor Vehicles > Cars, Trucks & Vans	JM3KMDHA3T0213943	https://www.dahlmazda.com/viewdetails/new/jm3kmdha3t0213943/2026-mazda-cx-5-suv/123?store={store_code}	BLUE	0 miles	CX-5	JM3KMDHA3T0213943	2026	39430 USD	Dahl Mazda	39430 USD	MI	no	CX-5	No	Over 20k
JM3KMEHA6T0210203	2026 Mazda CX-5 2.5 S Premium Plus AWD	Mazda	https://www.dahlmazda.com/viewdetails/new/jm3kmeha6t0210203/2026-mazda-cx-5-suv/	42055 USD	2026 Soul Red Crystal Metallic Mazda CX-5 2.5 S Premium Plus AWD 2.5L SKYACTIV-G 4-cyl For sale at Dahl Mazda in La Crosse Wisconsin.	https://content.homenetiol.com/2000157/2065512/0x0/9ec6a999eee3419bbad7f258e05a8df6.jpg	in stock	NEW	SUV	Vehicles & Parts > Vehicles > Motor Vehicles > Cars, Trucks & Vans	JM3KMEHA6T0210203	https://www.dahlmazda.com/viewdetails/new/jm3kmeha6t0210203/2026-mazda-cx-5-suv/123?store={store_code}	RED	0 miles	CX-5	JM3KMEHA6T0210203	2026	42055 USD	Dahl Mazda	42055 USD	MI	no	CX-5	No	Over 20k
19XFC2E52JE026075	2018 Honda Civic Sedan LX	Honda	https://www.dahlmazda.com/viewdetails/used/19xfc2e52je026075/2018-honda-civic-sedan-4dr-car/	15399 USD	2018 Lunar Silver Metallic Honda Civic LX Regular Unleaded I-4 2.0 L/122 For sale at Dahl Mazda in La Crosse Wisconsin.	https://content.homenetiol.com/2000157/2065512/0x0/0fec2987317542cb9c88f81971674422.jpg	in stock	USED	OTHER	Vehicles & Parts > Vehicles > Motor Vehicles > Cars, Trucks & Vans	19XFC2E52JE026075	https://www.dahlmazda.com/viewdetails/used/19xfc2e52je026075/2018-honda-civic-sedan-4dr-car/123?store={store_code}	SILVER	113259 miles	Civic	19XFC2E52JE026075	2018	15399 USD	Dahl Mazda	15399 USD	MI	no	Civic	No	Under 20k
1C4PJXFN4TW210674	2026 Jeep Wrangler Rubicon	Jeep	https://www.dahlmazda.com/viewdetails/used/1c4pjxfn4tw210674/2026-jeep-wrangler-convertible/	40999 USD	2026 Black Clearcoat Jeep Wrangler Rubicon Intercooled Turbo Premium Gasoline I-4 2.0 L/122 For sale at Dahl Mazda in La Crosse Wisconsin.	https://content.homenetiol.com/2000157/2065512/0x0/b7f93ab871ef4745b85e702fb5392fb7.jpg	in stock	USED	SUV	Vehicles & Parts > Vehicles > Motor Vehicles > Cars, Trucks & Vans	1C4PJXFN4TW210674	https://www.dahlmazda.com/viewdetails/used/1c4pjxfn4tw210674/2026-jeep-wrangler-convertible/123?store={store_code}	BLACK	17428 miles	Wrangler	1C4PJXFN4TW210674	2026	40999 USD	Dahl Mazda	40999 USD	MI	no	Wrangler	No	Over 20k
1C6RJTEG2TL160595	2026 Jeep Gladiator Mojave	Jeep	https://www.dahlmazda.com/viewdetails/used/1c6rjteg2tl160595/2026-jeep-gladiator-crew-cab-pickup/	41999 USD	2026 Granite Crystal Metallic Clearcoat Jeep Gladiator Mojave Regular Gasoline V-6 3.6 L/220 For sale at Dahl Mazda in La Crosse Wisconsin.	https://content.homenetiol.com/2000157/2065512/0x0/d0c9ab2867fe475992ac630aa2ac17fb.jpg	in stock	USED	TRUCK	Vehicles & Parts > Vehicles > Motor Vehicles > Cars, Trucks & Vans	1C6RJTEG2TL160595	https://www.dahlmazda.com/viewdetails/used/1c6rjteg2tl160595/2026-jeep-gladiator-crew-cab-pickup/123?store={store_code}	GRAY	21635 miles	Gladiator	1C6RJTEG2TL160595	2026	41999 USD	Dahl Mazda	41999 USD	MI	no	Gladiator	No	Over 20k
1C6SRFJT0MN734258	2021 RAM 1500 Laramie	RAM	https://www.dahlmazda.com/viewdetails/used/1c6srfjt0mn734258/2021-ram-1500-crew-cab-pickup/	32999 USD	2021 Patriot Blue Pearlcoat RAM 1500 Laramie Regular Gasoline V-8 5.7 L/345 For sale at Dahl Mazda in La Crosse Wisconsin.	https://content.homenetiol.com/2000157/2065512/0x0/4364b6b7e860401284f0d1cd4e83876e.jpg	in stock	USED	TRUCK	Vehicles & Parts > Vehicles > Motor Vehicles > Cars, Trucks & Vans	1C6SRFJT0MN734258	https://www.dahlmazda.com/viewdetails/used/1c6srfjt0mn734258/2021-ram-1500-crew-cab-pickup/123?store={store_code}	BLUE	62975 miles	1500	1C6SRFJT0MN734258	2021	32999 USD	Dahl Mazda	32999 USD	MI	no	1500	No	Over 20k
1FMCU9G66NUB53476	2022 Ford Escape SE	Ford	https://www.dahlmazda.com/viewdetails/used/1fmcu9g66nub53476/2022-ford-escape-sport-utility/	17399 USD	2022 Carbonized Gray Ford Escape SE Intercooled Turbo Regular Gasoline I-3 1.5 L/91 For sale at Dahl Mazda in La Crosse Wisconsin.	https://content.homenetiol.com/2000157/2065512/0x0/95bc1b3294824b1298051b0c85009ef2.jpg	in stock	USED	SUV	Vehicles & Parts > Vehicles > Motor Vehicles > Cars, Trucks & Vans	1FMCU9G66NUB53476	https://www.dahlmazda.com/viewdetails/used/1fmcu9g66nub53476/2022-ford-escape-sport-utility/123?store={store_code}	GRAY	70341 miles	Escape	1FMCU9G66NUB53476	2022	17399 USD	Dahl Mazda	17399 USD	MI	no	Escape	No	Under 20k
1FMCU9GN5RUA87015	2024 Ford Escape Active	Ford	https://www.dahlmazda.com/viewdetails/used/1fmcu9gn5rua87015/2024-ford-escape-sport-utility/	19999 USD	2024 Agate Black Ford Escape Active Intercooled Turbo Premium Gasoline I-3 1.5 L/91 For sale at Dahl Mazda in La Crosse Wisconsin.	https://content.homenetiol.com/2000157/2065512/0x0/062e214dc2794874bb748221750ca1fc.jpg	in stock	USED	SUV	Vehicles & Parts > Vehicles > Motor Vehicles > Cars, Trucks & Vans	1FMCU9GN5RUA87015	https://www.dahlmazda.com/viewdetails/used/1fmcu9gn5rua87015/2024-ford-escape-sport-utility/123?store={store_code}	BLACK	52494 miles	Escape	1FMCU9GN5RUA87015	2024	19999 USD	Dahl Mazda	19999 USD	MI	no	Escape	No	Under 20k
1FMCU9GNXRUA87091	2024 Ford Escape Active	Ford	https://www.dahlmazda.com/viewdetails/used/1fmcu9gnxrua87091/2024-ford-escape-sport-utility/	20889 USD	2024 Iconic Silver Ford Escape Active Intercooled Turbo Premium Gasoline I-3 1.5 L/91 For sale at Dahl Mazda in La Crosse Wisconsin.	https://content.homenetiol.com/2000157/2065512/0x0/7d97dbcdbcd64a05a4139c6961f8c635.jpg	in stock	USED	SUV	Vehicles & Parts > Vehicles > Motor Vehicles > Cars, Trucks & Vans	1FMCU9GNXRUA87091	https://www.dahlmazda.com/viewdetails/used/1fmcu9gnxrua87091/2024-ford-escape-sport-utility/123?store={store_code}	SILVER	46676 miles	Escape	1FMCU9GNXRUA87091	2024	20889 USD	Dahl Mazda	20889 USD	MI	no	Escape	No	Over 20k
1FMCU9JA7RUA90147	2024 Ford Escape Platinum	Ford	https://www.dahlmazda.com/viewdetails/used/1fmcu9ja7rua90147/2024-ford-escape-sport-utility/	25389 USD	2024 Iconic Silver Ford Escape Platinum Intercooled Turbo Premium Gasoline I-4 2.0 L/122 For sale at Dahl Mazda in La Crosse Wisconsin.	https://content.homenetiol.com/2000157/2065512/0x0/06cd5d8c7965420c95fe25454108ec18.jpg	in stock	USED	SUV	Vehicles & Parts > Vehicles > Motor Vehicles > Cars, Trucks & Vans	1FMCU9JA7RUA90147	https://www.dahlmazda.com/viewdetails/used/1fmcu9ja7rua90147/2024-ford-escape-sport-utility/123?store={store_code}	SILVER	39218 miles	Escape	1FMCU9JA7RUA90147	2024	25389 USD	Dahl Mazda	25389 USD	MI	no	Escape	No	Over 20k
1FMCU9JA8RUA72188	2024 Ford Escape Platinum	Ford	https://www.dahlmazda.com/viewdetails/used/1fmcu9ja8rua72188/2024-ford-escape-sport-utility/	24999 USD	2024 Agate Black Ford Escape Platinum Intercooled Turbo Premium Gasoline I-4 2.0 L/122 For sale at Dahl Mazda in La Crosse Wisconsin.	https://content.homenetiol.com/2000157/2065512/0x0/02b321a8abdf4bfaa0193c0036e69ede.jpg	in stock	USED	SUV	Vehicles & Parts > Vehicles > Motor Vehicles > Cars, Trucks & Vans	1FMCU9JA8RUA72188	https://www.dahlmazda.com/viewdetails/used/1fmcu9ja8rua72188/2024-ford-escape-sport-utility/123?store={store_code}	BLACK	42736 miles	Escape	1FMCU9JA8RUA72188	2024	24999 USD	Dahl Mazda	24999 USD	MI	no	Escape	No	Over 20k
1FMSK8FH4NGA95655	2022 Ford Explorer Limited	Ford	https://www.dahlmazda.com/viewdetails/used/1fmsk8fh4nga95655/2022-ford-explorer-sport-utility/	26399 USD	2022 Atlas Blue Metallic Ford Explorer Limited Intercooled Turbo Premium Gasoline I-4 2.3 L/140 For sale at Dahl Mazda in La Crosse Wisconsin.	https://content.homenetiol.com/2000157/2065512/0x0/01beec5a40e54f708dbe79866906ca9f.jpg	in stock	USED	SUV	Vehicles & Parts > Vehicles > Motor Vehicles > Cars, Trucks & Vans	1FMSK8FH4NGA95655	https://www.dahlmazda.com/viewdetails/used/1fmsk8fh4nga95655/2022-ford-explorer-sport-utility/123?store={store_code}	BLUE	78859 miles	Explorer	1FMSK8FH4NGA95655	2022	26399 USD	Dahl Mazda	26399 USD	MI	no	Explorer	No	Over 20k
1FMUK8KH1TGA37532	2026 Ford Explorer ST-Line	Ford	https://www.dahlmazda.com/viewdetails/used/1fmuk8kh1tga37532/2026-ford-explorer-sport-utility/	39389 USD	2026 Agate Black Metallic Ford Explorer ST-Line Intercooled Turbo Premium Gasoline I-4 2.3 L/140 For sale at Dahl Mazda in La Crosse Wisconsin.	https://content.homenetiol.com/2000157/2065512/0x0/7877057d0a6645748d4dba5b6b8c35e8.jpg	in stock	USED	SUV	Vehicles & Parts > Vehicles > Motor Vehicles > Cars, Trucks & Vans	1FMUK8KH1TGA37532	https://www.dahlmazda.com/viewdetails/used/1fmuk8kh1tga37532/2026-ford-explorer-sport-utility/123?store={store_code}	BLACK	23368 miles	Explorer	1FMUK8KH1TGA37532	2026	39389 USD	Dahl Mazda	39389 USD	MI	no	Explorer	No	Over 20k
1FTER1FH4MLD54929	2021 Ford Ranger XLT	Ford	https://www.dahlmazda.com/viewdetails/used/1fter1fh4mld54929/2021-ford-ranger-extended-cab-pickup/	23389 USD	2021 Shadow Black Ford Ranger XLT Intercooled Turbo Regular Unleaded I-4 2.3 L/140 For sale at Dahl Mazda in La Crosse Wisconsin.	https://content.homenetiol.com/2000157/2065512/0x0/7c415bfdc46d4d9aa31abcca106901ee.jpg	in stock	USED	TRUCK	Vehicles & Parts > Vehicles > Motor Vehicles > Cars, Trucks & Vans	1FTER1FH4MLD54929	https://www.dahlmazda.com/viewdetails/used/1fter1fh4mld54929/2021-ford-ranger-extended-cab-pickup/123?store={store_code}	BLACK	35576 miles	Ranger	1FTER1FH4MLD54929	2021	23389 USD	Dahl Mazda	23389 USD	MI	no	Ranger	No	Over 20k
1FTFW1E89PFC02937	2023 Ford F-150 XLT	Ford	https://www.dahlmazda.com/viewdetails/used/1ftfw1e89pfc02937/2023-ford-f-150-crew-cab-pickup/	34999 USD	2023 Oxford White Ford F-150 XLT Regular Unleaded V6 3.5 L EcoBoost For sale at Dahl Mazda in La Crosse Wisconsin.	https://content.homenetiol.com/2000157/2065512/0x0/ab13952b8e3145dcacac4b8411d8a66e.jpg	in stock	USED	TRUCK	Vehicles & Parts > Vehicles > Motor Vehicles > Cars, Trucks & Vans	1FTFW1E89PFC02937	https://www.dahlmazda.com/viewdetails/used/1ftfw1e89pfc02937/2023-ford-f-150-crew-cab-pickup/123?store={store_code}	WHITE	48275 miles	F-150	1FTFW1E89PFC02937	2023	34999 USD	Dahl Mazda	34999 USD	MI	no	F-150	No	Over 20k
1G1JD5SH5H4155245	2017 Chevrolet Sonic LT	Chevrolet	https://www.dahlmazda.com/viewdetails/used/1g1jd5sh5h4155245/2017-chevrolet-sonic-4dr-car/	9389 USD	2017 Kinetic Blue Metallic Chevrolet Sonic LT Gas I4 1.8L/110 For sale at Dahl Mazda in La Crosse Wisconsin.	https://content.homenetiol.com/2000157/2065512/0x0/ca21b5ce759f454abb2e6cb96c8820a6.jpg	in stock	USED	OTHER	Vehicles & Parts > Vehicles > Motor Vehicles > Cars, Trucks & Vans	1G1JD5SH5H4155245	https://www.dahlmazda.com/viewdetails/used/1g1jd5sh5h4155245/2017-chevrolet-sonic-4dr-car/123?store={store_code}	BLUE	84041 miles	Sonic	1G1JD5SH5H4155245	2017	9389 USD	Dahl Mazda	9389 USD	MI	no	Sonic	No	Under 20k
1GKS2HRL6SR303950	2025 GMC Yukon XL AT4	GMC	https://www.dahlmazda.com/viewdetails/used/1gks2hrl6sr303950/2025-gmc-yukon-xl-sport-utility/	76389 USD	2025 Onyx Black GMC Yukon XL AT4 Gas V8 6.2L/ For sale at Dahl Mazda in La Crosse Wisconsin.	https://content.homenetiol.com/2000157/2065512/0x0/ca81285e7b074f7fbf95adce21ecf3d3.jpg	in stock	USED	SUV	Vehicles & Parts > Vehicles > Motor Vehicles > Cars, Trucks & Vans	1GKS2HRL6SR303950	https://www.dahlmazda.com/viewdetails/used/1gks2hrl6sr303950/2025-gmc-yukon-xl-sport-utility/123?store={store_code}	BLACK	24630 miles	Yukon XL	1GKS2HRL6SR303950	2025	76389 USD	Dahl Mazda	76389 USD	MI	no	Yukon XL	No	Over 20k
1GNS6SRD8SR363192	2025 Chevrolet Tahoe Premier	Chevrolet	https://www.dahlmazda.com/viewdetails/used/1gns6srd8sr363192/2025-chevrolet-tahoe-sport-utility/	63389 USD	2025 Dark Ash Metallic Chevrolet Tahoe Premier Gas V8 5.3L/ For sale at Dahl Mazda in La Crosse Wisconsin.	https://content.homenetiol.com/2000157/2065512/0x0/8d38951bcc1f4df1b98549656c2d803e.jpg	in stock	USED	SUV	Vehicles & Parts > Vehicles > Motor Vehicles > Cars, Trucks & Vans	1GNS6SRD8SR363192	https://www.dahlmazda.com/viewdetails/used/1gns6srd8sr363192/2025-chevrolet-tahoe-sport-utility/123?store={store_code}	GRAY	25450 miles	Tahoe	1GNS6SRD8SR363192	2025	63389 USD	Dahl Mazda	63389 USD	MI	no	Tahoe	No	Over 20k
1GNSKHKC0KR188467	2019 Chevrolet Suburban LT	Chevrolet	https://www.dahlmazda.com/viewdetails/used/1gnskhkc0kr188467/2019-chevrolet-suburban-sport-utility/	19600 USD	2019 Silver Ice Metallic Chevrolet Suburban LT Gas/Ethanol V8 5.3L/ For sale at Dahl Mazda in La Crosse Wisconsin.	https://content.homenetiol.com/2000157/2065512/0x0/1d8f311d5d1541b499368d2632dd7fd9.jpg	in stock	USED	SUV	Vehicles & Parts > Vehicles > Motor Vehicles > Cars, Trucks & Vans	1GNSKHKC0KR188467	https://www.dahlmazda.com/viewdetails/used/1gnskhkc0kr188467/2019-chevrolet-suburban-sport-utility/123?store={store_code}	SILVER	122913 miles	Suburban	1GNSKHKC0KR188467	2019	19600 USD	Dahl Mazda	19600 USD	MI	no	Suburban	No	Under 20k
1GNSKPKDXMR415038	2021 Chevrolet Tahoe Z71	Chevrolet	https://www.dahlmazda.com/viewdetails/used/1gnskpkdxmr415038/2021-chevrolet-tahoe-sport-utility/	43889 USD	2021 Satin Steel Metallic Chevrolet Tahoe Z71 Gas V8 5.3L/ For sale at Dahl Mazda in La Crosse Wisconsin.	https://content.homenetiol.com/2000157/2065512/0x0/6a2732ce2fec478eb4120f5cc10369a2.jpg	in stock	USED	SUV	Vehicles & Parts > Vehicles > Motor Vehicles > Cars, Trucks & Vans	1GNSKPKDXMR415038	https://www.dahlmazda.com/viewdetails/used/1gnskpkdxmr415038/2021-chevrolet-tahoe-sport-utility/123?store={store_code}	GRAY	65542 miles	Tahoe	1GNSKPKDXMR415038	2021	43889 USD	Dahl Mazda	43889 USD	MI	no	Tahoe	No	Over 20k
1GTU9BET8MZ179105	2021 GMC Sierra 1500 SLE	GMC	https://www.dahlmazda.com/viewdetails/used/1gtu9bet8mz179105/2021-gmc-sierra-1500-crew-cab-pickup/	26999 USD	2021 Onyx Black GMC Sierra 1500 SLE Diesel I6 3.0L/183 For sale at Dahl Mazda in La Crosse Wisconsin.	https://content.homenetiol.com/2000157/2065512/0x0/b1fc6b56f53f4ff29b2716ad1396eab7.jpg	in stock	USED	TRUCK	Vehicles & Parts > Vehicles > Motor Vehicles > Cars, Trucks & Vans	1GTU9BET8MZ179105	https://www.dahlmazda.com/viewdetails/used/1gtu9bet8mz179105/2021-gmc-sierra-1500-crew-cab-pickup/123?store={store_code}	BLACK	113530 miles	Sierra 1500	1GTU9BET8MZ179105	2021	26999 USD	Dahl Mazda	26999 USD	MI	no	Sierra 1500	No	Over 20k
1HGCV1F30JA046902	2018 Honda Accord Sedan Sport 1.5T	Honda	https://www.dahlmazda.com/viewdetails/used/1hgcv1f30ja046902/2018-honda-accord-sedan-4dr-car/	21389 USD	2018 Lunar Silver Metallic Honda Accord Sport 1.5T Intercooled Turbo Regular Unleaded I-4 1.5 L/91 For sale at Dahl Mazda in La Crosse Wisconsin.	https://content.homenetiol.com/2000157/2065512/0x0/d72100e00ae2464bb5a8ff5a2a1e400f.jpg	in stock	USED	OTHER	Vehicles & Parts > Vehicles > Motor Vehicles > Cars, Trucks & Vans	1HGCV1F30JA046902	https://www.dahlmazda.com/viewdetails/used/1hgcv1f30ja046902/2018-honda-accord-sedan-4dr-car/123?store={store_code}	SILVER	48844 miles	Accord	1HGCV1F30JA046902	2018	21389 USD	Dahl Mazda	21389 USD	MI	no	Accord	No	Over 20k
1N4AZ0CP8FC313524	2015 Nissan LEAF S	Nissan	https://www.dahlmazda.com/viewdetails/used/1n4az0cp8fc313524/2015-nissan-leaf-hatchback/	7600 USD	2015 Cayenne Red Nissan LEAF S Electric For sale at Dahl Mazda in La Crosse Wisconsin.	https://content.homenetiol.com/2000157/2065512/0x0/e7f995a11d6d42f091c36c9ad4fa9086.jpg	in stock	USED	OTHER	Vehicles & Parts > Vehicles > Motor Vehicles > Cars, Trucks & Vans	1N4AZ0CP8FC313524	https://www.dahlmazda.com/viewdetails/used/1n4az0cp8fc313524/2015-nissan-leaf-hatchback/123?store={store_code}	RED	30457 miles	LEAF	1N4AZ0CP8FC313524	2015	7600 USD	Dahl Mazda	7600 USD	MI	no	LEAF	No	Under 20k
1N4BL4DV1RN385829	2024 Nissan Altima 2.5 SV	Nissan	https://www.dahlmazda.com/viewdetails/used/1n4bl4dv1rn385829/2024-nissan-altima-4dr-car/	18624 USD	2024 Super Black Nissan Altima 2.5 SV Regular Unleaded I-4 2.5 L/152 For sale at Dahl Mazda in La Crosse Wisconsin.	https://content.homenetiol.com/2000157/2065512/0x0/0593f7ee600b4d1e9b041320bea630bc.jpg	in stock	USED	OTHER	Vehicles & Parts > Vehicles > Motor Vehicles > Cars, Trucks & Vans	1N4BL4DV1RN385829	https://www.dahlmazda.com/viewdetails/used/1n4bl4dv1rn385829/2024-nissan-altima-4dr-car/123?store={store_code}	BLACK	57544 miles	Altima	1N4BL4DV1RN385829	2024	18624 USD	Dahl Mazda	18624 USD	MI	no	Altima	No	Under 20k
1N4BL4DV3RN387162	2024 Nissan Altima 2.5 SV	Nissan	https://www.dahlmazda.com/viewdetails/used/1n4bl4dv3rn387162/2024-nissan-altima-4dr-car/	18889 USD	2024 Scarlet Ember Nissan Altima 2.5 SV Regular Unleaded I-4 2.5 L/152 For sale at Dahl Mazda in La Crosse Wisconsin.	https://content.homenetiol.com/2000157/2065512/0x0/0b6e6f4f57ac4ae58c34ddc7ecd20e08.jpg	in stock	USED	OTHER	Vehicles & Parts > Vehicles > Motor Vehicles > Cars, Trucks & Vans	1N4BL4DV3RN387162	https://www.dahlmazda.com/viewdetails/used/1n4bl4dv3rn387162/2024-nissan-altima-4dr-car/123?store={store_code}	RED	52205 miles	Altima	1N4BL4DV3RN387162	2024	18889 USD	Dahl Mazda	18889 USD	MI	no	Altima	No	Under 20k
1V2CR2CA5RC587020	2024 Volkswagen Atlas 2.0T Peak Edition SE w/Technology	Volkswagen	https://www.dahlmazda.com/viewdetails/used/1v2cr2ca5rc587020/2024-volkswagen-atlas-sport-utility/	32389 USD	2024 Pure White Volkswagen Atlas 2.0T Peak Edition SE w/Technology Intercooled Turbo Regular Gasoline I-4 2.0 L/121 For sale at Dahl Mazda in La Crosse Wisconsin.	https://content.homenetiol.com/2000157/2065512/0x0/6e020c7e7c754e2c88e65e21b3f9eba4.jpg	in stock	USED	SUV	Vehicles & Parts > Vehicles > Motor Vehicles > Cars, Trucks & Vans	1V2CR2CA5RC587020	https://www.dahlmazda.com/viewdetails/used/1v2cr2ca5rc587020/2024-volkswagen-atlas-sport-utility/123?store={store_code}	WHITE	37786 miles	Atlas	1V2CR2CA5RC587020	2024	32389 USD	Dahl Mazda	32389 USD	MI	no	Atlas	No	Over 20k
1V2HR2CA1SC501147	2025 Volkswagen Atlas 2.0T SE w/Technology	Volkswagen	https://www.dahlmazda.com/viewdetails/used/1v2hr2ca1sc501147/2025-volkswagen-atlas-sport-utility/	29399 USD	2025 Silver Mist Metallic Volkswagen Atlas 2.0T SE w/Technology Intercooled Turbo Regular Gasoline I-4 2.0 L/121 For sale at Dahl Mazda in La Crosse Wisconsin.	https://content.homenetiol.com/2000157/2065512/0x0/9f0d46d00b8849cd91cef49bece86d83.jpg	in stock	USED	SUV	Vehicles & Parts > Vehicles > Motor Vehicles > Cars, Trucks & Vans	1V2HR2CA1SC501147	https://www.dahlmazda.com/viewdetails/used/1v2hr2ca1sc501147/2025-volkswagen-atlas-sport-utility/123?store={store_code}	SILVER	42708 miles	Atlas	1V2HR2CA1SC501147	2025	29399 USD	Dahl Mazda	29399 USD	MI	no	Atlas	No	Over 20k
1V2HR2CA2SC537087	2025 Volkswagen Atlas 2.0T SE w/Technology	Volkswagen	https://www.dahlmazda.com/viewdetails/used/1v2hr2ca2sc537087/2025-volkswagen-atlas-sport-utility/	29399 USD	2025 Pure White Volkswagen Atlas 2.0T SE w/Technology Intercooled Turbo Regular Gasoline I-4 2.0 L/121 For sale at Dahl Mazda in La Crosse Wisconsin.	https://content.homenetiol.com/2000157/2065512/0x0/6aa2e04977a74480908fad2762331842.jpg	in stock	USED	SUV	Vehicles & Parts > Vehicles > Motor Vehicles > Cars, Trucks & Vans	1V2HR2CA2SC537087	https://www.dahlmazda.com/viewdetails/used/1v2hr2ca2sc537087/2025-volkswagen-atlas-sport-utility/123?store={store_code}	WHITE	42924 miles	Atlas	1V2HR2CA2SC537087	2025	29399 USD	Dahl Mazda	29399 USD	MI	no	Atlas	No	Over 20k
2C3CCAGG5JH296700	2018 Chrysler 300 300S	Chrysler	https://www.dahlmazda.com/viewdetails/used/2c3ccagg5jh296700/2018-chrysler-300-4dr-car/	10600 USD	2018 Granite Crystal Metallic Clearcoat Chrysler 300 300S Regular Unleaded V-6 3.6 L/220 For sale at Dahl Mazda in La Crosse Wisconsin.	https://content.homenetiol.com/2000157/2065512/0x0/fbc8187ce04a4b708c58bc3ff0f5271b.jpg	in stock	USED	OTHER	Vehicles & Parts > Vehicles > Motor Vehicles > Cars, Trucks & Vans	2C3CCAGG5JH296700	https://www.dahlmazda.com/viewdetails/used/2c3ccagg5jh296700/2018-chrysler-300-4dr-car/123?store={store_code}	GRAY	179498 miles	300	2C3CCAGG5JH296700	2018	10600 USD	Dahl Mazda	10600 USD	MI	no	300	No	Under 20k
2C3CDZFJ3MH525811	2021 Dodge Challenger R/T Scat Pack	Dodge	https://www.dahlmazda.com/viewdetails/used/2c3cdzfj3mh525811/2021-dodge-challenger-2dr-car/	35889 USD	2021 Granite Pearlcoat Dodge Challenger R/T Scat Pack Premium Unleaded V-8 6.4 L/392 For sale at Dahl Mazda in La Crosse Wisconsin.	https://content.homenetiol.com/2000157/2065512/0x0/3eadd34ae8d64c1c8273bbabe8cf1701.jpg	in stock	USED	OTHER	Vehicles & Parts > Vehicles > Motor Vehicles > Cars, Trucks & Vans	2C3CDZFJ3MH525811	https://www.dahlmazda.com/viewdetails/used/2c3cdzfj3mh525811/2021-dodge-challenger-2dr-car/123?store={store_code}	GRAY	25379 miles	Challenger	2C3CDZFJ3MH525811	2021	35889 USD	Dahl Mazda	35889 USD	MI	no	Challenger	No	Over 20k
2C4RC1BG0RR148117	2024 Chrysler Pacifica Touring L	Chrysler	https://www.dahlmazda.com/viewdetails/used/2c4rc1bg0rr148117/2024-chrysler-pacifica-mini-van,-passenger/	21599 USD	2024 Silver Mist Clearcoat Chrysler Pacifica Touring L Regular Unleaded V-6 3.6 L/220 For sale at Dahl Mazda in La Crosse Wisconsin.	https://content.homenetiol.com/2000157/2065512/0x0/bb8bedf1436a4d6fa3cb421f3840abd5.jpg	in stock	USED	VAN	Vehicles & Parts > Vehicles > Motor Vehicles > Cars, Trucks & Vans	2C4RC1BG0RR148117	https://www.dahlmazda.com/viewdetails/used/2c4rc1bg0rr148117/2024-chrysler-pacifica-mini-van,-passenger/123?store={store_code}	SILVER	75814 miles	Pacifica	2C4RC1BG0RR148117	2024	21599 USD	Dahl Mazda	21599 USD	MI	no	Pacifica	No	Over 20k
2C4RC1BG6RR165472	2024 Chrysler Pacifica Touring L	Chrysler	https://www.dahlmazda.com/viewdetails/used/2c4rc1bg6rr165472/2024-chrysler-pacifica-mini-van,-passenger/	21999 USD	2024 Bright White Clearcoat Chrysler Pacifica Touring L Regular Unleaded V-6 3.6 L/220 For sale at Dahl Mazda in La Crosse Wisconsin.	https://content.homenetiol.com/2000157/2065512/0x0/00760353cb05485288c83548731b4bcd.jpg	in stock	USED	VAN	Vehicles & Parts > Vehicles > Motor Vehicles > Cars, Trucks & Vans	2C4RC1BG6RR165472	https://www.dahlmazda.com/viewdetails/used/2c4rc1bg6rr165472/2024-chrysler-pacifica-mini-van,-passenger/123?store={store_code}	WHITE	62054 miles	Pacifica	2C4RC1BG6RR165472	2024	21999 USD	Dahl Mazda	21999 USD	MI	no	Pacifica	No	Over 20k
2C4RC1BGXPR624287	2023 Chrysler Pacifica Touring L	Chrysler	https://www.dahlmazda.com/viewdetails/used/2c4rc1bgxpr624287/2023-chrysler-pacifica-mini-van,-passenger/	20399 USD	2023 Brilliant Black Crystal Pearlcoat Chrysler Pacifica Touring L Regular Gasoline V-6 3.6 L/220 For sale at Dahl Mazda in La Crosse Wisconsin.	https://content.homenetiol.com/2000157/2065512/0x0/f0f43b9224b14c38a0091200b5fb7439.jpg	in stock	USED	VAN	Vehicles & Parts > Vehicles > Motor Vehicles > Cars, Trucks & Vans	2C4RC1BGXPR624287	https://www.dahlmazda.com/viewdetails/used/2c4rc1bgxpr624287/2023-chrysler-pacifica-mini-van,-passenger/123?store={store_code}	BLACK	75421 miles	Pacifica	2C4RC1BGXPR624287	2023	20399 USD	Dahl Mazda	20399 USD	MI	no	Pacifica	No	Over 20k
2C4RC1CG8MR542035	2021 Chrysler Voyager LX	Chrysler	https://www.dahlmazda.com/viewdetails/used/2c4rc1cg8mr542035/2021-chrysler-voyager-mini-van,-passenger/	12600 USD	2021 Granite Crystal Metallic Clearcoat Chrysler Voyager LX Regular Unleaded V-6 3.6 L/220 For sale at Dahl Mazda in La Crosse Wisconsin.	https://content.homenetiol.com/2000157/2065512/0x0/aa24e63706d94c7697af3d06dd8064bc.jpg	in stock	USED	VAN	Vehicles & Parts > Vehicles > Motor Vehicles > Cars, Trucks & Vans	2C4RC1CG8MR542035	https://www.dahlmazda.com/viewdetails/used/2c4rc1cg8mr542035/2021-chrysler-voyager-mini-van,-passenger/123?store={store_code}	GRAY	141186 miles	Voyager	2C4RC1CG8MR542035	2021	12600 USD	Dahl Mazda	12600 USD	MI	no	Voyager	No	Under 20k
2C4RC1GG5SR523739	2025 Chrysler Pacifica Limited	Chrysler	https://www.dahlmazda.com/viewdetails/used/2c4rc1gg5sr523739/2025-chrysler-pacifica-mini-van,-passenger/	28389 USD	2025 Bright White Clearcoat Chrysler Pacifica Limited Regular Gasoline V-6 3.6 L/220 For sale at Dahl Mazda in La Crosse Wisconsin.	https://content.homenetiol.com/2000157/2065512/0x0/6b2d56ca95cb4d389d2b7e5d563e04aa.jpg	in stock	USED	VAN	Vehicles & Parts > Vehicles > Motor Vehicles > Cars, Trucks & Vans	2C4RC1GG5SR523739	https://www.dahlmazda.com/viewdetails/used/2c4rc1gg5sr523739/2025-chrysler-pacifica-mini-van,-passenger/123?store={store_code}	WHITE	53428 miles	Pacifica	2C4RC1GG5SR523739	2025	28389 USD	Dahl Mazda	28389 USD	MI	no	Pacifica	No	Over 20k
2FMPK4J98RBB00416	2024 Ford Edge SEL	Ford	https://www.dahlmazda.com/viewdetails/used/2fmpk4j98rbb00416/2024-ford-edge-sport-utility/	22999 USD	2024 Iconic Silver Metallic Ford Edge SEL Intercooled Turbo Premium Gasoline I-4 2.0 L/122 For sale at Dahl Mazda in La Crosse Wisconsin.	https://content.homenetiol.com/2000157/2065512/0x0/40ac5901ec1645af8597c9449a283e98.jpg	in stock	USED	SUV	Vehicles & Parts > Vehicles > Motor Vehicles > Cars, Trucks & Vans	2FMPK4J98RBB00416	https://www.dahlmazda.com/viewdetails/used/2fmpk4j98rbb00416/2024-ford-edge-sport-utility/123?store={store_code}	SILVER	52743 miles	Edge	2FMPK4J98RBB00416	2024	22999 USD	Dahl Mazda	22999 USD	MI	no	Edge	No	Over 20k
2GNALCEK4G6313455	2016 Chevrolet Equinox LT	Chevrolet	https://www.dahlmazda.com/viewdetails/used/2gnalcek4g6313455/2016-chevrolet-equinox-sport-utility/	12389 USD	2016 Silver Ice Metallic Chevrolet Equinox LT Gas I4 2.4/145 For sale at Dahl Mazda in La Crosse Wisconsin.	https://content.homenetiol.com/2000157/2065512/0x0/33aa8c6e9f8e47ab84fea50983208fd9.jpg	in stock	USED	SUV	Vehicles & Parts > Vehicles > Motor Vehicles > Cars, Trucks & Vans	2GNALCEK4G6313455	https://www.dahlmazda.com/viewdetails/used/2gnalcek4g6313455/2016-chevrolet-equinox-sport-utility/123?store={store_code}	SILVER	74441 miles	Equinox	2GNALCEK4G6313455	2016	12389 USD	Dahl Mazda	12389 USD	MI	no	Equinox	No	Under 20k
3FA6P0K98GR232833	2016 Ford Fusion Titanium	Ford	https://www.dahlmazda.com/viewdetails/used/3fa6p0k98gr232833/2016-ford-fusion-4dr-car/	11289 USD	2016 Ruby Red Metallic Tinted Clearcoat Ford Fusion Titanium Intercooled Turbo Regular Unleaded I-4 2.0 L/122 For sale at Dahl Mazda in La Crosse Wisconsin.	https://content.homenetiol.com/2000157/2065512/0x0/c872039af54340209a30815e26b62fe1.jpg	in stock	USED	OTHER	Vehicles & Parts > Vehicles > Motor Vehicles > Cars, Trucks & Vans	3FA6P0K98GR232833	https://www.dahlmazda.com/viewdetails/used/3fa6p0k98gr232833/2016-ford-fusion-4dr-car/123?store={store_code}	RED	97946 miles	Fusion	3FA6P0K98GR232833	2016	11289 USD	Dahl Mazda	11289 USD	MI	no	Fusion	No	Under 20k
3FA6P0T92HR398751	2017 Ford Fusion SE	Ford	https://www.dahlmazda.com/viewdetails/used/3fa6p0t92hr398751/2017-ford-fusion-4dr-car/	10600 USD	2017 Shadow Black Ford Fusion SE Intercooled Turbo Regular Unleaded I-4 2.0 L/122 For sale at Dahl Mazda in La Crosse Wisconsin.	https://content.homenetiol.com/2000157/2065512/0x0/addab0c6b26f417b98470114d965622f.jpg	in stock	USED	OTHER	Vehicles & Parts > Vehicles > Motor Vehicles > Cars, Trucks & Vans	3FA6P0T92HR398751	https://www.dahlmazda.com/viewdetails/used/3fa6p0t92hr398751/2017-ford-fusion-4dr-car/123?store={store_code}	BLACK	123421 miles	Fusion	3FA6P0T92HR398751	2017	10600 USD	Dahl Mazda	10600 USD	MI	no	Fusion	No	Under 20k
3GNAXUEV3NL171810	2022 Chevrolet Equinox LT	Chevrolet	https://www.dahlmazda.com/viewdetails/used/3gnaxuev3nl171810/2022-chevrolet-equinox-sport-utility/	16189 USD	2022 Summit White Chevrolet Equinox LT Turbocharged Gas I4 1.5L/92 For sale at Dahl Mazda in La Crosse Wisconsin.	https://content.homenetiol.com/2000157/2065512/0x0/ac4ef4d3d2a44ad68071b46f3376b839.jpg	in stock	USED	SUV	Vehicles & Parts > Vehicles > Motor Vehicles > Cars, Trucks & Vans	3GNAXUEV3NL171810	https://www.dahlmazda.com/viewdetails/used/3gnaxuev3nl171810/2022-chevrolet-equinox-sport-utility/123?store={store_code}	WHITE	85538 miles	Equinox	3GNAXUEV3NL171810	2022	16189 USD	Dahl Mazda	16189 USD	MI	no	Equinox	No	Under 20k
3GNKBHR42SS133627	2025 Chevrolet Blazer LT	Chevrolet	https://www.dahlmazda.com/viewdetails/used/3gnkbhr42ss133627/2025-chevrolet-blazer-sport-utility/	26889 USD	2025 Black Chevrolet Blazer LT Turbocharged Gas I4 2.0L/ For sale at Dahl Mazda in La Crosse Wisconsin.	https://content.homenetiol.com/2000157/2065512/0x0/f93d38a4a01048019ec12b4948cd386f.jpg	in stock	USED	SUV	Vehicles & Parts > Vehicles > Motor Vehicles > Cars, Trucks & Vans	3GNKBHR42SS133627	https://www.dahlmazda.com/viewdetails/used/3gnkbhr42ss133627/2025-chevrolet-blazer-sport-utility/123?store={store_code}	BLACK	28715 miles	Blazer	3GNKBHR42SS133627	2025	26889 USD	Dahl Mazda	26889 USD	MI	no	Blazer	No	Over 20k
3GTU2MEC1GG353066	2016 GMC Sierra 1500 SLE	GMC	https://www.dahlmazda.com/viewdetails/used/3gtu2mec1gg353066/2016-gmc-sierra-1500-crew-cab-pickup/	16490 USD	2016 Crimson Red Tintcoat GMC Sierra 1500 SLE Gas V8 5.3L/325 For sale at Dahl Mazda in La Crosse Wisconsin.	https://content.homenetiol.com/2000157/2065512/0x0/ef8ca25cdfe74347a45e9c15038fa7fd.jpg	in stock	USED	TRUCK	Vehicles & Parts > Vehicles > Motor Vehicles > Cars, Trucks & Vans	3GTU2MEC1GG353066	https://www.dahlmazda.com/viewdetails/used/3gtu2mec1gg353066/2016-gmc-sierra-1500-crew-cab-pickup/123?store={store_code}	RED	174872 miles	Sierra 1500	3GTU2MEC1GG353066	2016	16490 USD	Dahl Mazda	16490 USD	MI	no	Sierra 1500	No	Under 20k
3N1AB8CV6SY256756	2025 Nissan Sentra SV	Nissan	https://www.dahlmazda.com/viewdetails/used/3n1ab8cv6sy256756/2025-nissan-sentra-4dr-car/	19289 USD	2025 Electric Blue Metallic Nissan Sentra SV Regular Unleaded I-4 2.0 L/122 For sale at Dahl Mazda in La Crosse Wisconsin.	https://content.homenetiol.com/2000157/2065512/0x0/cbaaaa045a764616abfc73a628e0044c.jpg	in stock	USED	OTHER	Vehicles & Parts > Vehicles > Motor Vehicles > Cars, Trucks & Vans	3N1AB8CV6SY256756	https://www.dahlmazda.com/viewdetails/used/3n1ab8cv6sy256756/2025-nissan-sentra-4dr-car/123?store={store_code}	BLUE	50860 miles	Sentra	3N1AB8CV6SY256756	2025	19289 USD	Dahl Mazda	19289 USD	MI	no	Sentra	No	Under 20k
3N1CN8EV0NL852458	2022 Nissan Versa SV	Nissan	https://www.dahlmazda.com/viewdetails/used/3n1cn8ev0nl852458/2022-nissan-versa-4dr-car/	15399 USD	2022 Aspen White Tricoat Nissan Versa SV Regular Unleaded I-4 1.6 L/98 For sale at Dahl Mazda in La Crosse Wisconsin.	https://content.homenetiol.com/2000157/2065512/0x0/bc9c2359ac6d43e28ee6682a2a13a867.jpg	in stock	USED	OTHER	Vehicles & Parts > Vehicles > Motor Vehicles > Cars, Trucks & Vans	3N1CN8EV0NL852458	https://www.dahlmazda.com/viewdetails/used/3n1cn8ev0nl852458/2022-nissan-versa-4dr-car/123?store={store_code}	WHITE	48102 miles	Versa	3N1CN8EV0NL852458	2022	15399 USD	Dahl Mazda	15399 USD	MI	no	Versa	No	Under 20k
3N1CP5CV0PL566446	2023 Nissan Kicks SV	Nissan	https://www.dahlmazda.com/viewdetails/used/3n1cp5cv0pl566446/2023-nissan-kicks-sport-utility/	17989 USD	2023 Scarlet Ember Tintcoat Nissan Kicks SV Regular Unleaded I-4 1.6 L/98 For sale at Dahl Mazda in La Crosse Wisconsin.	https://content.homenetiol.com/2000157/2065512/0x0/fb30e48df53744e38683e97cb01c6814.jpg	in stock	USED	SUV	Vehicles & Parts > Vehicles > Motor Vehicles > Cars, Trucks & Vans	3N1CP5CV0PL566446	https://www.dahlmazda.com/viewdetails/used/3n1cp5cv0pl566446/2023-nissan-kicks-sport-utility/123?store={store_code}	RED	41946 miles	Kicks	3N1CP5CV0PL566446	2023	17989 USD	Dahl Mazda	17989 USD	MI	no	Kicks	No	Under 20k
3VV2B7AX1RM193407	2024 Volkswagen Tiguan SE	Volkswagen	https://www.dahlmazda.com/viewdetails/used/3vv2b7ax1rm193407/2024-volkswagen-tiguan-sport-utility/	23289 USD	2024 Platinum Gray Metallic Volkswagen Tiguan SE Intercooled Turbo Regular Unleaded I-4 2.0 L/121 For sale at Dahl Mazda in La Crosse Wisconsin.	https://content.homenetiol.com/2000157/2065512/0x0/355477bfc2894a67ad93d0c0dc045b08.jpg	in stock	USED	SUV	Vehicles & Parts > Vehicles > Motor Vehicles > Cars, Trucks & Vans	3VV2B7AX1RM193407	https://www.dahlmazda.com/viewdetails/used/3vv2b7ax1rm193407/2024-volkswagen-tiguan-sport-utility/123?store={store_code}	WHITE	41417 miles	Tiguan	3VV2B7AX1RM193407	2024	23289 USD	Dahl Mazda	23289 USD	MI	no	Tiguan	No	Over 20k
3VWEM7BU6RM093455	2024 Volkswagen Jetta SE	Volkswagen	https://www.dahlmazda.com/viewdetails/used/3vwem7bu6rm093455/2024-volkswagen-jetta-4dr-car/	18999 USD	2024 Platinum Gray Metallic Volkswagen Jetta SE Intercooled Turbo Regular Unleaded I-4 1.5 L/91 For sale at Dahl Mazda in La Crosse Wisconsin.	https://content.homenetiol.com/2000157/2065512/0x0/523ae5de8e444d7889dfead84dbd4275.jpg	in stock	USED	OTHER	Vehicles & Parts > Vehicles > Motor Vehicles > Cars, Trucks & Vans	3VWEM7BU6RM093455	https://www.dahlmazda.com/viewdetails/used/3vwem7bu6rm093455/2024-volkswagen-jetta-4dr-car/123?store={store_code}	WHITE	55633 miles	Jetta	3VWEM7BU6RM093455	2024	18999 USD	Dahl Mazda	18999 USD	MI	no	Jetta	No	Under 20k
4S3BNAF69J3014958	2018 Subaru Legacy Premium	Subaru	https://www.dahlmazda.com/viewdetails/used/4s3bnaf69j3014958/2018-subaru-legacy-4dr-car/	12600 USD	2018 Magnetite Gray Metallic Subaru Legacy Premium Regular Unleaded H-4 2.5 L/152 For sale at Dahl Mazda in La Crosse Wisconsin.	https://content.homenetiol.com/2000157/2065512/0x0/110b2b5fdb8143d4a3a1a372f6af9270.jpg	in stock	USED	OTHER	Vehicles & Parts > Vehicles > Motor Vehicles > Cars, Trucks & Vans	4S3BNAF69J3014958	https://www.dahlmazda.com/viewdetails/used/4s3bnaf69j3014958/2018-subaru-legacy-4dr-car/123?store={store_code}	GRAY	143271 miles	Legacy	4S3BNAF69J3014958	2018	12600 USD	Dahl Mazda	12600 USD	MI	no	Legacy	No	Under 20k
4S3GTAD67J3706568	2018 Subaru Impreza Premium	Subaru	https://www.dahlmazda.com/viewdetails/used/4s3gtad67j3706568/2018-subaru-impreza-hatchback/	18389 USD	2018 Crystal White Pearl Subaru Impreza Premium Regular Unleaded H-4 2.0 L/122 For sale at Dahl Mazda in La Crosse Wisconsin.	https://content.homenetiol.com/2000157/2065512/0x0/275b4ef2a01b46d78d3a01b2680dbad3.jpg	in stock	USED	OTHER	Vehicles & Parts > Vehicles > Motor Vehicles > Cars, Trucks & Vans	4S3GTAD67J3706568	https://www.dahlmazda.com/viewdetails/used/4s3gtad67j3706568/2018-subaru-impreza-hatchback/123?store={store_code}	WHITE	49389 miles	Impreza	4S3GTAD67J3706568	2018	18389 USD	Dahl Mazda	18389 USD	MI	no	Impreza	No	Under 20k
4S4BRCCC8E3228349	2014 Subaru Outback 2.5i Premium	Subaru	https://www.dahlmazda.com/viewdetails/used/4s4brccc8e3228349/2014-subaru-outback-sport-utility/	10600 USD	2014 Deep Indigo Pearl Subaru Outback 2.5i Premium Regular Unleaded H-4 2.5 L/152 For sale at Dahl Mazda in La Crosse Wisconsin.	https://content.homenetiol.com/2000157/2065512/0x0/d82cde9f94ea40e19ebfa39671ad5dea.jpg	in stock	USED	SUV	Vehicles & Parts > Vehicles > Motor Vehicles > Cars, Trucks & Vans	4S4BRCCC8E3228349	https://www.dahlmazda.com/viewdetails/used/4s4brccc8e3228349/2014-subaru-outback-sport-utility/123?store={store_code}	BLUE	120008 miles	Outback	4S4BRCCC8E3228349	2014	10600 USD	Dahl Mazda	10600 USD	MI	no	Outback	No	Under 20k
4S4BSACC2G3327390	2016 Subaru Outback 2.5i Premium	Subaru	https://www.dahlmazda.com/viewdetails/used/4s4bsacc2g3327390/2016-subaru-outback-sport-utility/	8990 USD	2016 Venetian Red Pearl Subaru Outback 2.5i Premium Regular Gasoline H-4 2.5 L/152 For sale at Dahl Mazda in La Crosse Wisconsin.	https://content.homenetiol.com/2000157/2065512/0x0/72c262fd710645c1b0aaa5db0773a28c.jpg	in stock	USED	SUV	Vehicles & Parts > Vehicles > Motor Vehicles > Cars, Trucks & Vans	4S4BSACC2G3327390	https://www.dahlmazda.com/viewdetails/used/4s4bsacc2g3327390/2016-subaru-outback-sport-utility/123?store={store_code}	RED	195998 miles	Outback	4S4BSACC2G3327390	2016	8990 USD	Dahl Mazda	8990 USD	MI	no	Outback	No	Under 20k
4S4BSADC7J3267421	2018 Subaru Outback Premium	Subaru	https://www.dahlmazda.com/viewdetails/used/4s4bsadc7j3267421/2018-subaru-outback-sport-utility/	17289 USD	2018 Twilight Blue Metallic Subaru Outback Premium Regular Gasoline H-4 2.5 L/152 For sale at Dahl Mazda in La Crosse Wisconsin.	https://content.homenetiol.com/2000157/2065512/0x0/7107f99009a945169feed5af91aac175.jpg	in stock	USED	SUV	Vehicles & Parts > Vehicles > Motor Vehicles > Cars, Trucks & Vans	4S4BSADC7J3267421	https://www.dahlmazda.com/viewdetails/used/4s4bsadc7j3267421/2018-subaru-outback-sport-utility/123?store={store_code}	BLUE	88999 miles	Outback	4S4BSADC7J3267421	2018	17289 USD	Dahl Mazda	17289 USD	MI	no	Outback	No	Under 20k
4S4BSANC3H3284578	2017 Subaru Outback Limited	Subaru	https://www.dahlmazda.com/viewdetails/used/4s4bsanc3h3284578/2017-subaru-outback-sport-utility/	17189 USD	2017 Crystal White Pearl Subaru Outback Limited Regular Gasoline H-4 2.5 L/152 For sale at Dahl Mazda in La Crosse Wisconsin.	https://content.homenetiol.com/2000157/2065512/0x0/stock_images/5/2017SUS310005_640/2017SUS310005_640_01.jpg	in stock	USED	SUV	Vehicles & Parts > Vehicles > Motor Vehicles > Cars, Trucks & Vans	4S4BSANC3H3284578	https://www.dahlmazda.com/viewdetails/used/4s4bsanc3h3284578/2017-subaru-outback-sport-utility/123?store={store_code}	WHITE	98159 miles	Outback	4S4BSANC3H3284578	2017	17189 USD	Dahl Mazda	17189 USD	MI	no	Outback	No	Under 20k
4S4BSEJC9G3302030	2016 Subaru Outback 3.6R Limited	Subaru	https://www.dahlmazda.com/viewdetails/used/4s4bsejc9g3302030/2016-subaru-outback-sport-utility/	15889 USD	2016 Ice Silver Metallic Subaru Outback 3.6R Limited Regular Gasoline H-6 3.6 L/222 For sale at Dahl Mazda in La Crosse Wisconsin.	https://content.homenetiol.com/2000157/2065512/0x0/0fdc16b812eb477ab9a4bfc6539f5983.jpg	in stock	USED	SUV	Vehicles & Parts > Vehicles > Motor Vehicles > Cars, Trucks & Vans	4S4BSEJC9G3302030	https://www.dahlmazda.com/viewdetails/used/4s4bsejc9g3302030/2016-subaru-outback-sport-utility/123?store={store_code}	SILVER	104013 miles	Outback	4S4BSEJC9G3302030	2016	15889 USD	Dahl Mazda	15889 USD	MI	no	Outback	No	Under 20k
4S4BTACC2L3101194	2020 Subaru Outback Premium	Subaru	https://www.dahlmazda.com/viewdetails/used/4s4btacc2l3101194/2020-subaru-outback-sport-utility/	20999 USD	2020 Magnetite Gray Metallic Subaru Outback Premium Regular Unleaded H-4 2.5 L/152 For sale at Dahl Mazda in La Crosse Wisconsin.	https://content.homenetiol.com/2000157/2065512/0x0/76de6770802446149e63b499872fb9d9.jpg	in stock	USED	SUV	Vehicles & Parts > Vehicles > Motor Vehicles > Cars, Trucks & Vans	4S4BTACC2L3101194	https://www.dahlmazda.com/viewdetails/used/4s4btacc2l3101194/2020-subaru-outback-sport-utility/123?store={store_code}	GRAY	67092 miles	Outback	4S4BTACC2L3101194	2020	20999 USD	Dahl Mazda	20999 USD	MI	no	Outback	No	Over 20k
4S4BTANC7P3191218	2023 Subaru Outback Limited	Subaru	https://www.dahlmazda.com/viewdetails/used/4s4btanc7p3191218/2023-subaru-outback-sport-utility/	22189 USD	2023 Cosmic Blue Pearl Subaru Outback Limited Regular Unleaded H-4 2.5 L/152 For sale at Dahl Mazda in La Crosse Wisconsin.	https://content.homenetiol.com/2000157/2065512/0x0/aa5022f581af45b19113a32e3813315f.jpg	in stock	USED	SUV	Vehicles & Parts > Vehicles > Motor Vehicles > Cars, Trucks & Vans	4S4BTANC7P3191218	https://www.dahlmazda.com/viewdetails/used/4s4btanc7p3191218/2023-subaru-outback-sport-utility/123?store={store_code}	BLUE	96642 miles	Outback	4S4BTANC7P3191218	2023	22189 USD	Dahl Mazda	22189 USD	MI	no	Outback	No	Over 20k
4S4BTGLD9P3182664	2023 Subaru Outback Onyx Edition XT	Subaru	https://www.dahlmazda.com/viewdetails/used/4s4btgld9p3182664/2023-subaru-outback-sport-utility/	29389 USD	2023 Ice Silver Metallic Subaru Outback Onyx Edition XT Intercooled Turbo Regular Unleaded H-4 2.4 L/146 For sale at Dahl Mazda in La Crosse Wisconsin.	https://content.homenetiol.com/2000157/2065512/0x0/d75684c34a6a4d16ac538cdae5893173.jpg	in stock	USED	SUV	Vehicles & Parts > Vehicles > Motor Vehicles > Cars, Trucks & Vans	4S4BTGLD9P3182664	https://www.dahlmazda.com/viewdetails/used/4s4btgld9p3182664/2023-subaru-outback-sport-utility/123?store={store_code}	SILVER	45268 miles	Outback	4S4BTGLD9P3182664	2023	29389 USD	Dahl Mazda	29389 USD	MI	no	Outback	No	Over 20k
4S4GUHF62S3747013	2025 Subaru Crosstrek Sport	Subaru	https://www.dahlmazda.com/viewdetails/used/4s4guhf62s3747013/2025-subaru-crosstrek-sport-utility/	26999 USD	2025 Alpine Green Subaru Crosstrek Sport Regular Gasoline H-4 2.5 L/152 For sale at Dahl Mazda in La Crosse Wisconsin.	https://content.homenetiol.com/2000157/2065512/0x0/21c26868fafc48b0b4da1d9144ac953a.jpg	in stock	USED	SUV	Vehicles & Parts > Vehicles > Motor Vehicles > Cars, Trucks & Vans	4S4GUHF62S3747013	https://www.dahlmazda.com/viewdetails/used/4s4guhf62s3747013/2025-subaru-crosstrek-sport-utility/123?store={store_code}	GREEN	37033 miles	Crosstrek	4S4GUHF62S3747013	2025	26999 USD	Dahl Mazda	26999 USD	MI	no	Crosstrek	No	Over 20k
4S4GUHL63S3702148	2025 Subaru Crosstrek Limited	Subaru	https://www.dahlmazda.com/viewdetails/used/4s4guhl63s3702148/2025-subaru-crosstrek-sport-utility/	30889 USD	2025 Crystal White Pearl Subaru Crosstrek Limited Regular Gasoline H-4 2.5 L/152 For sale at Dahl Mazda in La Crosse Wisconsin.	https://content.homenetiol.com/2000157/2065512/0x0/a35b74846fd34c80a44ac69cd9bcbbed.jpg	in stock	USED	SUV	Vehicles & Parts > Vehicles > Motor Vehicles > Cars, Trucks & Vans	4S4GUHL63S3702148	https://www.dahlmazda.com/viewdetails/used/4s4guhl63s3702148/2025-subaru-crosstrek-sport-utility/123?store={store_code}	WHITE	8085 miles	Crosstrek	4S4GUHL63S3702148	2025	30889 USD	Dahl Mazda	30889 USD	MI	no	Crosstrek	No	Over 20k
4S4GUHL68R3726097	2024 Subaru Crosstrek Limited	Subaru	https://www.dahlmazda.com/viewdetails/used/4s4guhl68r3726097/2024-subaru-crosstrek-sport-utility/	21999 USD	2024 Magnetite Gray Metallic Subaru Crosstrek Limited Regular Gasoline H-4 2.5 L/152 For sale at Dahl Mazda in La Crosse Wisconsin.	https://content.homenetiol.com/2000157/2065512/0x0/795602a3e93d42ec984f1b0fc61b7850.jpg	in stock	USED	SUV	Vehicles & Parts > Vehicles > Motor Vehicles > Cars, Trucks & Vans	4S4GUHL68R3726097	https://www.dahlmazda.com/viewdetails/used/4s4guhl68r3726097/2024-subaru-crosstrek-sport-utility/123?store={store_code}	GRAY	91145 miles	Crosstrek	4S4GUHL68R3726097	2024	21999 USD	Dahl Mazda	21999 USD	MI	no	Crosstrek	No	Over 20k
4S4WMACD4M3417513	2021 Subaru Ascent Premium	Subaru	https://www.dahlmazda.com/viewdetails/used/4s4wmacd4m3417513/2021-subaru-ascent-sport-utility/	24389 USD	2021 Ice Silver Metallic Subaru Ascent Premium Intercooled Turbo Regular Gasoline H-4 2.4 L/146 For sale at Dahl Mazda in La Crosse Wisconsin.	https://content.homenetiol.com/2000157/2065512/0x0/31deed549e6b45979b9b348ea1a66709.jpg	in stock	USED	SUV	Vehicles & Parts > Vehicles > Motor Vehicles > Cars, Trucks & Vans	4S4WMACD4M3417513	https://www.dahlmazda.com/viewdetails/used/4s4wmacd4m3417513/2021-subaru-ascent-sport-utility/123?store={store_code}	SILVER	45520 miles	Ascent	4S4WMACD4M3417513	2021	24389 USD	Dahl Mazda	24389 USD	MI	no	Ascent	No	Over 20k
4S4WMAHD8R3420723	2024 Subaru Ascent Onyx Edition	Subaru	https://www.dahlmazda.com/viewdetails/used/4s4wmahd8r3420723/2024-subaru-ascent-sport-utility/	29889 USD	2024 Magnetite Gray Metallic Subaru Ascent Onyx Edition Intercooled Turbo Regular Gasoline H-4 2.4 L/146 For sale at Dahl Mazda in La Crosse Wisconsin.	https://content.homenetiol.com/2000157/2065512/0x0/9f66bac423804724a5717286dc91b049.jpg	in stock	USED	SUV	Vehicles & Parts > Vehicles > Motor Vehicles > Cars, Trucks & Vans	4S4WMAHD8R3420723	https://www.dahlmazda.com/viewdetails/used/4s4wmahd8r3420723/2024-subaru-ascent-sport-utility/123?store={store_code}	GRAY	74361 miles	Ascent	4S4WMAHD8R3420723	2024	29889 USD	Dahl Mazda	29889 USD	MI	no	Ascent	No	Over 20k
4S4WMAMD6N3434636	2022 Subaru Ascent Limited	Subaru	https://www.dahlmazda.com/viewdetails/used/4s4wmamd6n3434636/2022-subaru-ascent-sport-utility/	24889 USD	2022 Crystal White Pearl Subaru Ascent Limited Intercooled Turbo Regular Gasoline H-4 2.4 L/146 For sale at Dahl Mazda in La Crosse Wisconsin.	https://content.homenetiol.com/2000157/2065512/0x0/b822edf7dd50408191dfe50c095c4b30.jpg	in stock	USED	SUV	Vehicles & Parts > Vehicles > Motor Vehicles > Cars, Trucks & Vans	4S4WMAMD6N3434636	https://www.dahlmazda.com/viewdetails/used/4s4wmamd6n3434636/2022-subaru-ascent-sport-utility/123?store={store_code}	WHITE	83090 miles	Ascent	4S4WMAMD6N3434636	2022	24889 USD	Dahl Mazda	24889 USD	MI	no	Ascent	No	Over 20k
4S4WMARD5L3430700	2020 Subaru Ascent Touring	Subaru	https://www.dahlmazda.com/viewdetails/used/4s4wmard5l3430700/2020-subaru-ascent-sport-utility/	15950 USD	2020 Magnetite Gray Metallic Subaru Ascent Touring Intercooled Turbo Regular Gasoline H-4 2.4 L/146 For sale at Dahl Mazda in La Crosse Wisconsin.	https://content.homenetiol.com/2000157/2065512/0x0/639d47b2868e49f19203715a08763b37.jpg	in stock	USED	SUV	Vehicles & Parts > Vehicles > Motor Vehicles > Cars, Trucks & Vans	4S4WMARD5L3430700	https://www.dahlmazda.com/viewdetails/used/4s4wmard5l3430700/2020-subaru-ascent-sport-utility/123?store={store_code}	GRAY	142260 miles	Ascent	4S4WMARD5L3430700	2020	15950 USD	Dahl Mazda	15950 USD	MI	no	Ascent	No	Under 20k
4S4WMAWD5S3411597	2025 Subaru Ascent Onyx Edition Touring	Subaru	https://www.dahlmazda.com/viewdetails/used/4s4wmawd5s3411597/2025-subaru-ascent-sport-utility/	38999 USD	2025 Cosmic Blue Pearl Subaru Ascent Onyx Edition Touring Intercooled Turbo Regular Gasoline H-4 2.4 L/146 For sale at Dahl Mazda in La Crosse Wisconsin.	https://content.homenetiol.com/2000157/2065512/0x0/be48607325bf4d33a29e47151122f6f5.jpg	in stock	USED	SUV	Vehicles & Parts > Vehicles > Motor Vehicles > Cars, Trucks & Vans	4S4WMAWD5S3411597	https://www.dahlmazda.com/viewdetails/used/4s4wmawd5s3411597/2025-subaru-ascent-sport-utility/123?store={store_code}	BLUE	32610 miles	Ascent	4S4WMAWD5S3411597	2025	38999 USD	Dahl Mazda	38999 USD	MI	no	Ascent	No	Over 20k
4T3LWRFV4SU182321	2025 Toyota RAV4 Hybrid LE	Toyota	https://www.dahlmazda.com/viewdetails/used/4t3lwrfv4su182321/2025-toyota-rav4-sport-utility/	34399 USD	2025 Midnight Black Metallic Toyota RAV4 Hybrid LE Gas/Electric I-4 2.5 L/152 For sale at Dahl Mazda in La Crosse Wisconsin.	https://content.homenetiol.com/2000157/2065512/0x0/a57b11b2daaf4742b2d6d55bbc852ff8.jpg	in stock	USED	SUV	Vehicles & Parts > Vehicles > Motor Vehicles > Cars, Trucks & Vans	4T3LWRFV4SU182321	https://www.dahlmazda.com/viewdetails/used/4t3lwrfv4su182321/2025-toyota-rav4-sport-utility/123?store={store_code}	BLACK	29415 miles	RAV4	4T3LWRFV4SU182321	2025	34399 USD	Dahl Mazda	34399 USD	MI	no	RAV4	No	Over 20k
5FNYG1H84PB007916	2023 Honda Pilot Elite	Honda	https://www.dahlmazda.com/viewdetails/used/5fnyg1h84pb007916/2023-honda-pilot-sport-utility/	40889 USD	2023 Crystal Black Pearl Honda Pilot Elite Regular Gasoline V-6 3.5 L/212 For sale at Dahl Mazda in La Crosse Wisconsin.	https://content.homenetiol.com/2000157/2065512/0x0/1a7f9e5535fb433da4955e8b399e2ebc.jpg	in stock	USED	SUV	Vehicles & Parts > Vehicles > Motor Vehicles > Cars, Trucks & Vans	5FNYG1H84PB007916	https://www.dahlmazda.com/viewdetails/used/5fnyg1h84pb007916/2023-honda-pilot-sport-utility/123?store={store_code}	BLACK	39647 miles	Pilot	5FNYG1H84PB007916	2023	40889 USD	Dahl Mazda	40889 USD	MI	no	Pilot	No	Over 20k
5J6RW2H51KL021758	2019 Honda CR-V EX	Honda	https://www.dahlmazda.com/viewdetails/used/5j6rw2h51kl021758/2019-honda-cr-v-sport-utility/	16600 USD	2019 Modern Steel Metallic Honda CR-V EX Intercooled Turbo Regular Unleaded I-4 1.5 L/91 For sale at Dahl Mazda in La Crosse Wisconsin.	https://content.homenetiol.com/2000157/2065512/0x0/cc5c9641c7a54302ab3410a34141964a.jpg	in stock	USED	SUV	Vehicles & Parts > Vehicles > Motor Vehicles > Cars, Trucks & Vans	5J6RW2H51KL021758	https://www.dahlmazda.com/viewdetails/used/5j6rw2h51kl021758/2019-honda-cr-v-sport-utility/123?store={store_code}	GRAY	131529 miles	CR-V	5J6RW2H51KL021758	2019	16600 USD	Dahl Mazda	16600 USD	MI	no	CR-V	No	Under 20k
5LMPJ8K49RJ800645	2024 Lincoln Nautilus Reserve	Lincoln	https://www.dahlmazda.com/viewdetails/used/5lmpj8k49rj800645/2024-lincoln-nautilus-sport-utility/	46999 USD	2024 White Platinum Metallic Tri Coat Lincoln Nautilus Reserve Intercooled Turbo Gas/Electric I-4 2.0 L/122 For sale at Dahl Mazda in La Crosse Wisconsin.	https://content.homenetiol.com/2000157/2065512/0x0/98c88ece520c49d7abbee641d1dd1ba1.jpg	in stock	USED	SUV	Vehicles & Parts > Vehicles > Motor Vehicles > Cars, Trucks & Vans	5LMPJ8K49RJ800645	https://www.dahlmazda.com/viewdetails/used/5lmpj8k49rj800645/2024-lincoln-nautilus-sport-utility/123?store={store_code}	WHITE	25730 miles	Nautilus	5LMPJ8K49RJ800645	2024	46999 USD	Dahl Mazda	46999 USD	MI	no	Nautilus	No	Over 20k
5N1BT3AB7PC790922	2023 Nissan Rogue S	Nissan	https://www.dahlmazda.com/viewdetails/used/5n1bt3ab7pc790922/2023-nissan-rogue-sport-utility/	18389 USD	2023 Glacier White Nissan Rogue S Intercooled Turbo Regular Unleaded I-3 1.5 L/91 For sale at Dahl Mazda in La Crosse Wisconsin.	https://content.homenetiol.com/2000157/2065512/0x0/fe39b11878d347b78fd02ace0e14a309.jpg	in stock	USED	SUV	Vehicles & Parts > Vehicles > Motor Vehicles > Cars, Trucks & Vans	5N1BT3AB7PC790922	https://www.dahlmazda.com/viewdetails/used/5n1bt3ab7pc790922/2023-nissan-rogue-sport-utility/123?store={store_code}	WHITE	78033 miles	Rogue	5N1BT3AB7PC790922	2023	18389 USD	Dahl Mazda	18389 USD	MI	no	Rogue	No	Under 20k
5N1BT3BB6PC802573	2023 Nissan Rogue SV	Nissan	https://www.dahlmazda.com/viewdetails/used/5n1bt3bb6pc802573/2023-nissan-rogue-sport-utility/	19999 USD	2023 Super Black Nissan Rogue SV Intercooled Turbo Regular Unleaded I-3 1.5 L/91 For sale at Dahl Mazda in La Crosse Wisconsin.	https://content.homenetiol.com/2000157/2065512/0x0/2ebeaf820d874fd89535aa550b487d1b.jpg	in stock	USED	SUV	Vehicles & Parts > Vehicles > Motor Vehicles > Cars, Trucks & Vans	5N1BT3BB6PC802573	https://www.dahlmazda.com/viewdetails/used/5n1bt3bb6pc802573/2023-nissan-rogue-sport-utility/123?store={store_code}	BLACK	50175 miles	Rogue	5N1BT3BB6PC802573	2023	19999 USD	Dahl Mazda	19999 USD	MI	no	Rogue	No	Under 20k
5N1BT3CB5TC685688	2026 Nissan Rogue SL	Nissan	https://www.dahlmazda.com/viewdetails/used/5n1bt3cb5tc685688/2026-nissan-rogue-sport-utility/	26799 USD	2026 Gun Metallic Nissan Rogue SL Intercooled Turbo Regular Gasoline I-3 1.5 L/91 For sale at Dahl Mazda in La Crosse Wisconsin.	https://content.homenetiol.com/2000157/2065512/0x0/01f77b0e181d4a3db33207362ff83944.jpg	in stock	USED	SUV	Vehicles & Parts > Vehicles > Motor Vehicles > Cars, Trucks & Vans	5N1BT3CB5TC685688	https://www.dahlmazda.com/viewdetails/used/5n1bt3cb5tc685688/2026-nissan-rogue-sport-utility/123?store={store_code}	GRAY	18157 miles	Rogue	5N1BT3CB5TC685688	2026	26799 USD	Dahl Mazda	26799 USD	MI	no	Rogue	No	Over 20k
5N1DR3BC9SC208469	2025 Nissan Pathfinder SV	Nissan	https://www.dahlmazda.com/viewdetails/used/5n1dr3bc9sc208469/2025-nissan-pathfinder-sport-utility/	30389 USD	2025 Super Black Nissan Pathfinder SV Regular Gasoline V-6 3.5 L/213 For sale at Dahl Mazda in La Crosse Wisconsin.	https://content.homenetiol.com/2000157/2065512/0x0/07369cad6aa042db8d385d1894f154dc.jpg	in stock	USED	SUV	Vehicles & Parts > Vehicles > Motor Vehicles > Cars, Trucks & Vans	5N1DR3BC9SC208469	https://www.dahlmazda.com/viewdetails/used/5n1dr3bc9sc208469/2025-nissan-pathfinder-sport-utility/123?store={store_code}	BLACK	29951 miles	Pathfinder	5N1DR3BC9SC208469	2025	30389 USD	Dahl Mazda	30389 USD	MI	no	Pathfinder	No	Over 20k
5NMJBCDE2RH337871	2024 Hyundai Tucson SEL	Hyundai	https://www.dahlmazda.com/viewdetails/used/5nmjbcde2rh337871/2024-hyundai-tucson-sport-utility/	22999 USD	2024 Shimmering Silver Hyundai Tucson SEL Regular Gasoline I-4 2.5 L/152 For sale at Dahl Mazda in La Crosse Wisconsin.	https://content.homenetiol.com/2000157/2065512/0x0/c364eef7c0914b929dc0af7ef15f5435.jpg	in stock	USED	SUV	Vehicles & Parts > Vehicles > Motor Vehicles > Cars, Trucks & Vans	5NMJBCDE2RH337871	https://www.dahlmazda.com/viewdetails/used/5nmjbcde2rh337871/2024-hyundai-tucson-sport-utility/123?store={store_code}	SILVER	68195 miles	Tucson	5NMJBCDE2RH337871	2024	22999 USD	Dahl Mazda	22999 USD	MI	no	Tucson	No	Over 20k
5NMP2DGL1TH158948	2026 Hyundai Santa Fe SEL	Hyundai	https://www.dahlmazda.com/viewdetails/used/5nmp2dgl1th158948/2026-hyundai-santa-fe-sport-utility/	32310 USD	2026 Serenity White Hyundai Santa Fe SEL Intercooled Turbo Regular Gasoline I-4 2.5 L/152 For sale at Dahl Mazda in La Crosse Wisconsin.	https://content.homenetiol.com/2000157/2065512/0x0/b9d2e73f5c9b4590a0918405edc914d0.jpg	in stock	USED	SUV	Vehicles & Parts > Vehicles > Motor Vehicles > Cars, Trucks & Vans	5NMP2DGL1TH158948	https://www.dahlmazda.com/viewdetails/used/5nmp2dgl1th158948/2026-hyundai-santa-fe-sport-utility/123?store={store_code}	WHITE	27156 miles	Santa Fe	5NMP2DGL1TH158948	2026	32310 USD	Dahl Mazda	32310 USD	MI	no	Santa Fe	No	Over 20k
5NMP2DGL6TH186051	2026 Hyundai Santa Fe SEL	Hyundai	https://www.dahlmazda.com/viewdetails/used/5nmp2dgl6th186051/2026-hyundai-santa-fe-sport-utility/	31999 USD	2026 Shimmering Silver Hyundai Santa Fe SEL Intercooled Turbo Regular Gasoline I-4 2.5 L/152 For sale at Dahl Mazda in La Crosse Wisconsin.	https://content.homenetiol.com/2000157/2065512/0x0/0e990fedd8354e67aef4543ac4609c99.jpg	in stock	USED	SUV	Vehicles & Parts > Vehicles > Motor Vehicles > Cars, Trucks & Vans	5NMP2DGL6TH186051	https://www.dahlmazda.com/viewdetails/used/5nmp2dgl6th186051/2026-hyundai-santa-fe-sport-utility/123?store={store_code}	SILVER	33105 miles	Santa Fe	5NMP2DGL6TH186051	2026	31999 USD	Dahl Mazda	31999 USD	MI	no	Santa Fe	No	Over 20k
5NMP5DGL3RH059466	2024 Hyundai Santa Fe Calligraphy	Hyundai	https://www.dahlmazda.com/viewdetails/used/5nmp5dgl3rh059466/2024-hyundai-santa-fe-sport-utility/	35999 USD	2024 Rockwood Green Hyundai Santa Fe Calligraphy Intercooled Turbo Regular Unleaded I-4 2.5 L/152 For sale at Dahl Mazda in La Crosse Wisconsin.	https://content.homenetiol.com/2000157/2065512/0x0/faf45714bc8140749ced4b81cd95bce4.jpg	in stock	USED	SUV	Vehicles & Parts > Vehicles > Motor Vehicles > Cars, Trucks & Vans	5NMP5DGL3RH059466	https://www.dahlmazda.com/viewdetails/used/5nmp5dgl3rh059466/2024-hyundai-santa-fe-sport-utility/123?store={store_code}	GREEN	29229 miles	Santa Fe	5NMP5DGL3RH059466	2024	35999 USD	Dahl Mazda	35999 USD	MI	no	Santa Fe	No	Over 20k
5NMS4DAL4PH611298	2023 Hyundai Santa Fe Limited	Hyundai	https://www.dahlmazda.com/viewdetails/used/5nms4dal4ph611298/2023-hyundai-santa-fe-sport-utility/	28949 USD	2023 Hampton Gray Hyundai Santa Fe Limited Intercooled Turbo Regular Gasoline I-4 2.5 L/152 For sale at Dahl Mazda in La Crosse Wisconsin.	https://content.homenetiol.com/2000157/2065512/0x0/1500e5959d404ff881011f5694b70da1.jpg	in stock	USED	SUV	Vehicles & Parts > Vehicles > Motor Vehicles > Cars, Trucks & Vans	5NMS4DAL4PH611298	https://www.dahlmazda.com/viewdetails/used/5nms4dal4ph611298/2023-hyundai-santa-fe-sport-utility/123?store={store_code}	GRAY	35271 miles	Santa Fe	5NMS4DAL4PH611298	2023	28949 USD	Dahl Mazda	28949 USD	MI	no	Santa Fe	No	Over 20k
5UX23EU00T9050743	2026 BMW X5 xDrive40i	BMW	https://www.dahlmazda.com/viewdetails/used/5ux23eu00t9050743/2026-bmw-x5-sport-utility/	49389 USD	2026 Manhattan Green Metallic BMW X5 xDrive40i Intercooled Turbo Gas/Electric I-6 3.0 L/183 For sale at Dahl Mazda in La Crosse Wisconsin.	https://content.homenetiol.com/2000157/2065512/0x0/6bb2dd25a7c74dcabda8cad8e8685ed1.jpg	in stock	USED	SUV	Vehicles & Parts > Vehicles > Motor Vehicles > Cars, Trucks & Vans	5UX23EU00T9050743	https://www.dahlmazda.com/viewdetails/used/5ux23eu00t9050743/2026-bmw-x5-sport-utility/123?store={store_code}	GREEN	34649 miles	X5	5UX23EU00T9050743	2026	49389 USD	Dahl Mazda	49389 USD	MI	no	X5	No	Over 20k
5UX43DP00P9N56318	2023 BMW X3 sDrive30i	BMW	https://www.dahlmazda.com/viewdetails/used/5ux43dp00p9n56318/2023-bmw-x3-sport-utility/	32889 USD	2023 Alpine White BMW X3 sDrive30i Intercooled Turbo Premium Gasoline I-4 2.0 L/122 For sale at Dahl Mazda in La Crosse Wisconsin.	https://content.homenetiol.com/2000157/2065512/0x0/1c59413f80964676b0636e897a12e878.jpg	in stock	USED	SUV	Vehicles & Parts > Vehicles > Motor Vehicles > Cars, Trucks & Vans	5UX43DP00P9N56318	https://www.dahlmazda.com/viewdetails/used/5ux43dp00p9n56318/2023-bmw-x3-sport-utility/123?store={store_code}	WHITE	25784 miles	X3	5UX43DP00P9N56318	2023	32889 USD	Dahl Mazda	32889 USD	MI	no	X3	No	Over 20k
5XYPHDA54LG651168	2020 Kia Sorento EX V6	Kia	https://www.dahlmazda.com/viewdetails/used/5xyphda54lg651168/2020-kia-sorento-sport-utility/	16999 USD	2020 Sangria Kia Sorento EX V6 Regular Unleaded V-6 3.3 L/204 For sale at Dahl Mazda in La Crosse Wisconsin.	https://content.homenetiol.com/2000157/2065512/0x0/746087d775274830abbd28083ec66750.jpg	in stock	USED	SUV	Vehicles & Parts > Vehicles > Motor Vehicles > Cars, Trucks & Vans	5XYPHDA54LG651168	https://www.dahlmazda.com/viewdetails/used/5xyphda54lg651168/2020-kia-sorento-sport-utility/123?store={store_code}	RED	104696 miles	Sorento	5XYPHDA54LG651168	2020	16999 USD	Dahl Mazda	16999 USD	MI	no	Sorento	No	Under 20k
5YFB4MDE8RP112106	2024 Toyota Corolla LE	Toyota	https://www.dahlmazda.com/viewdetails/used/5yfb4mde8rp112106/2024-toyota-corolla-4dr-car/	20389 USD	2024 Midnight Black Metallic Toyota Corolla LE Regular Gasoline I-4 2.0 L/121 For sale at Dahl Mazda in La Crosse Wisconsin.	https://content.homenetiol.com/2000157/2065512/0x0/1108dcd067444937b8f123c4158dd3bc.jpg	in stock	USED	OTHER	Vehicles & Parts > Vehicles > Motor Vehicles > Cars, Trucks & Vans	5YFB4MDE8RP112106	https://www.dahlmazda.com/viewdetails/used/5yfb4mde8rp112106/2024-toyota-corolla-4dr-car/123?store={store_code}	BLACK	54460 miles	Corolla	5YFB4MDE8RP112106	2024	20389 USD	Dahl Mazda	20389 USD	MI	no	Corolla	No	Over 20k
7FARW1H56JE030994	2018 Honda CR-V EX	Honda	https://www.dahlmazda.com/viewdetails/used/7farw1h56je030994/2018-honda-cr-v-sport-utility/	18889 USD	2018 Obsidian Blue Pearl Honda CR-V EX Intercooled Turbo Regular Unleaded I-4 1.5 L/91 For sale at Dahl Mazda in La Crosse Wisconsin.	https://content.homenetiol.com/2000157/2065512/0x0/9830ad2fc3504434b43af2d2a8823c08.jpg	in stock	USED	SUV	Vehicles & Parts > Vehicles > Motor Vehicles > Cars, Trucks & Vans	7FARW1H56JE030994	https://www.dahlmazda.com/viewdetails/used/7farw1h56je030994/2018-honda-cr-v-sport-utility/123?store={store_code}	BLACK	96860 miles	CR-V	7FARW1H56JE030994	2018	18889 USD	Dahl Mazda	18889 USD	MI	no	CR-V	No	Under 20k
JA4ARUAU5RU016956	2024 Mitsubishi Outlander Sport SE	Mitsubishi	https://www.dahlmazda.com/viewdetails/used/ja4aruau5ru016956/2024-mitsubishi-outlander-sport-sport-utility/	18999 USD	2024 Octane Blue Metallic Mitsubishi Outlander Sport SE 2.0L I4 For sale at Dahl Mazda in La Crosse Wisconsin.	https://content.homenetiol.com/2000157/2065512/0x0/5f52ee0cb81a466bb4bd90c8f2656ae4.jpg	in stock	USED	SUV	Vehicles & Parts > Vehicles > Motor Vehicles > Cars, Trucks & Vans	JA4ARUAU5RU016956	https://www.dahlmazda.com/viewdetails/used/ja4aruau5ru016956/2024-mitsubishi-outlander-sport-sport-utility/123?store={store_code}	BLUE	45260 miles	Outlander Sport	JA4ARUAU5RU016956	2024	18999 USD	Dahl Mazda	18999 USD	MI	no	Outlander Sport	No	Under 20k
JA4ARUAU7RU003187	2024 Mitsubishi Outlander Sport SE	Mitsubishi	https://www.dahlmazda.com/viewdetails/used/ja4aruau7ru003187/2024-mitsubishi-outlander-sport-sport-utility/	18399 USD	2024 Red Diamond Mitsubishi Outlander Sport SE 2.0L I4 For sale at Dahl Mazda in La Crosse Wisconsin.	https://content.homenetiol.com/2000157/2065512/0x0/d65487000c07432598909a29dd31186e.jpg	in stock	USED	SUV	Vehicles & Parts > Vehicles > Motor Vehicles > Cars, Trucks & Vans	JA4ARUAU7RU003187	https://www.dahlmazda.com/viewdetails/used/ja4aruau7ru003187/2024-mitsubishi-outlander-sport-sport-utility/123?store={store_code}	RED	52826 miles	Outlander Sport	JA4ARUAU7RU003187	2024	18399 USD	Dahl Mazda	18399 USD	MI	no	Outlander Sport	No	Under 20k
JF2BUPBD7TY559736	2026 Subaru Outback Premium	Subaru	https://www.dahlmazda.com/viewdetails/used/jf2bupbd7ty559736/2026-subaru-outback-sport-utility/	33999 USD	2026 Magnetite Gray Metallic Subaru Outback Premium Regular Gasoline H-4 2.5 L/152 For sale at Dahl Mazda in La Crosse Wisconsin.	https://content.homenetiol.com/2000157/2065512/0x0/2efb2964ad3a4ee887c00f1f6950a8ad.jpg	in stock	USED	SUV	Vehicles & Parts > Vehicles > Motor Vehicles > Cars, Trucks & Vans	JF2BUPBD7TY559736	https://www.dahlmazda.com/viewdetails/used/jf2bupbd7ty559736/2026-subaru-outback-sport-utility/123?store={store_code}	GRAY	1096 miles	Outback	JF2BUPBD7TY559736	2026	33999 USD	Dahl Mazda	33999 USD	MI	no	Outback	No	Over 20k
JF2GUADC1RH894782	2024 Subaru Crosstrek Premium	Subaru	https://www.dahlmazda.com/viewdetails/used/jf2guadc1rh894782/2024-subaru-crosstrek-sport-utility/	25999 USD	2024 Ice Silver Metallic Subaru Crosstrek Premium Regular Gasoline H-4 2.0 L/122 For sale at Dahl Mazda in La Crosse Wisconsin.	https://content.homenetiol.com/2000157/2065512/0x0/81dd3dcc26b943f9a5964822522fdc1a.jpg	in stock	USED	SUV	Vehicles & Parts > Vehicles > Motor Vehicles > Cars, Trucks & Vans	JF2GUADC1RH894782	https://www.dahlmazda.com/viewdetails/used/jf2guadc1rh894782/2024-subaru-crosstrek-sport-utility/123?store={store_code}	SILVER	27776 miles	Crosstrek	JF2GUADC1RH894782	2024	25999 USD	Dahl Mazda	25999 USD	MI	no	Crosstrek	No	Over 20k
JF2SKAKC8KH575484	2019 Subaru Forester Sport	Subaru	https://www.dahlmazda.com/viewdetails/used/jf2skakc8kh575484/2019-subaru-forester-sport-utility/	17911 USD	2019 Crystal White Pearl Subaru Forester Sport Regular Unleaded H-4 2.5 L/152 For sale at Dahl Mazda in La Crosse Wisconsin.	https://content.homenetiol.com/2000157/2065512/0x0/c2090195f1ec4acab47142e35c5eb936.jpg	in stock	USED	SUV	Vehicles & Parts > Vehicles > Motor Vehicles > Cars, Trucks & Vans	JF2SKAKC8KH575484	https://www.dahlmazda.com/viewdetails/used/jf2skakc8kh575484/2019-subaru-forester-sport-utility/123?store={store_code}	WHITE	128937 miles	Forester	JF2SKAKC8KH575484	2019	17911 USD	Dahl Mazda	17911 USD	MI	no	Forester	No	Under 20k
JF2SKAUC3KH518610	2019 Subaru Forester Limited	Subaru	https://www.dahlmazda.com/viewdetails/used/jf2skauc3kh518610/2019-subaru-forester-sport-utility/	24999 USD	2019 Horizon Blue Pearl Subaru Forester Limited Regular Unleaded H-4 2.5 L/152 For sale at Dahl Mazda in La Crosse Wisconsin.	https://content.homenetiol.com/2000157/2065512/0x0/d966ef72686443a9ab2c6b9d2c07e810.jpg	in stock	USED	SUV	Vehicles & Parts > Vehicles > Motor Vehicles > Cars, Trucks & Vans	JF2SKAUC3KH518610	https://www.dahlmazda.com/viewdetails/used/jf2skauc3kh518610/2019-subaru-forester-sport-utility/123?store={store_code}	BLUE	30779 miles	Forester	JF2SKAUC3KH518610	2019	24999 USD	Dahl Mazda	24999 USD	MI	no	Forester	No	Over 20k
JF2SKAUC8KH563686	2019 Subaru Forester Limited	Subaru	https://www.dahlmazda.com/viewdetails/used/jf2skauc8kh563686/2019-subaru-forester-sport-utility/	17999 USD	2019 Crystal White Pearl Subaru Forester Limited Regular Unleaded H-4 2.5 L/152 For sale at Dahl Mazda in La Crosse Wisconsin.	https://content.homenetiol.com/2000157/2065512/0x0/1f600c9b2250472582e6128eadfc9712.jpg	in stock	USED	SUV	Vehicles & Parts > Vehicles > Motor Vehicles > Cars, Trucks & Vans	JF2SKAUC8KH563686	https://www.dahlmazda.com/viewdetails/used/jf2skauc8kh563686/2019-subaru-forester-sport-utility/123?store={store_code}	WHITE	114779 miles	Forester	JF2SKAUC8KH563686	2019	17999 USD	Dahl Mazda	17999 USD	MI	no	Forester	No	Under 20k
JF2SKAUC9MH577745	2021 Subaru Forester Limited	Subaru	https://www.dahlmazda.com/viewdetails/used/jf2skauc9mh577745/2021-subaru-forester-sport-utility/	20399 USD	2021 Ice Silver Metallic Subaru Forester Limited Regular Unleaded H-4 2.5 L/152 For sale at Dahl Mazda in La Crosse Wisconsin.	https://content.homenetiol.com/2000157/2065512/0x0/68e66bd7cc004febb4f563cd8dd2de42.jpg	in stock	USED	SUV	Vehicles & Parts > Vehicles > Motor Vehicles > Cars, Trucks & Vans	JF2SKAUC9MH577745	https://www.dahlmazda.com/viewdetails/used/jf2skauc9mh577745/2021-subaru-forester-sport-utility/123?store={store_code}	SILVER	94835 miles	Forester	JF2SKAUC9MH577745	2021	20399 USD	Dahl Mazda	20399 USD	MI	no	Forester	No	Over 20k
JF2SLDDC0SH538828	2025 Subaru Forester Premium	Subaru	https://www.dahlmazda.com/viewdetails/used/jf2slddc0sh538828/2025-subaru-forester-sport-utility/	29599 USD	2025 Crystal White Pearl Subaru Forester Premium Regular Unleaded H-4 2.5 L/152 For sale at Dahl Mazda in La Crosse Wisconsin.	https://content.homenetiol.com/2000157/2065512/0x0/55e9ca175c314a49839e02db711afa3f.jpg	in stock	USED	SUV	Vehicles & Parts > Vehicles > Motor Vehicles > Cars, Trucks & Vans	JF2SLDDC0SH538828	https://www.dahlmazda.com/viewdetails/used/jf2slddc0sh538828/2025-subaru-forester-sport-utility/123?store={store_code}	WHITE	11813 miles	Forester	JF2SLDDC0SH538828	2025	29599 USD	Dahl Mazda	29599 USD	MI	no	Forester	No	Over 20k
JF2SLDHC8SH463872	2025 Subaru Forester Sport	Subaru	https://www.dahlmazda.com/viewdetails/used/jf2sldhc8sh463872/2025-subaru-forester-sport-utility/	28389 USD	2025 Crystal White Pearl Subaru Forester Sport Regular Unleaded H-4 2.5 L/152 For sale at Dahl Mazda in La Crosse Wisconsin.	https://content.homenetiol.com/2000157/2065512/0x0/08eda4ebf3ce494a9a5c7ba8ba052b77.jpg	in stock	USED	SUV	Vehicles & Parts > Vehicles > Motor Vehicles > Cars, Trucks & Vans	JF2SLDHC8SH463872	https://www.dahlmazda.com/viewdetails/used/jf2sldhc8sh463872/2025-subaru-forester-sport-utility/123?store={store_code}	WHITE	42170 miles	Forester	JF2SLDHC8SH463872	2025	28389 USD	Dahl Mazda	28389 USD	MI	no	Forester	No	Over 20k
JM1BL1H55A1202950	2010 Mazda MAZDA3 s Sport	Mazda	https://www.dahlmazda.com/viewdetails/used/jm1bl1h55a1202950/2010-mazda3-hatchback/	8600 USD	2010 Copper Red Mica Mazda MAZDA3 s Sport Gas I4 2.5L/152 For sale at Dahl Mazda in La Crosse Wisconsin.	https://content.homenetiol.com/2000157/2065512/0x0/c5398b89815a4904910bc6aaf6faa0ec.jpg	in stock	USED	OTHER	Vehicles & Parts > Vehicles > Motor Vehicles > Cars, Trucks & Vans	JM1BL1H55A1202950	https://www.dahlmazda.com/viewdetails/used/jm1bl1h55a1202950/2010-mazda3-hatchback/123?store={store_code}	RED	98959 miles	MAZDA3	JM1BL1H55A1202950	2010	8600 USD	Dahl Mazda	8600 USD	MI	no	MAZDA3	No	Under 20k
JN1BJ1CW6LW375648	2020 Nissan Rogue Sport SV	Nissan	https://www.dahlmazda.com/viewdetails/used/jn1bj1cw6lw375648/2020-nissan-rogue-sport-sport-utility/	18389 USD	2020 Caspian Blue Metallic Nissan Rogue Sport SV Regular Unleaded I-4 2.0 L/122 For sale at Dahl Mazda in La Crosse Wisconsin.	https://content.homenetiol.com/2000157/2065512/0x0/230bbaed54fd4db9ab3339332b63f53e.jpg	in stock	USED	SUV	Vehicles & Parts > Vehicles > Motor Vehicles > Cars, Trucks & Vans	JN1BJ1CW6LW375648	https://www.dahlmazda.com/viewdetails/used/jn1bj1cw6lw375648/2020-nissan-rogue-sport-sport-utility/123?store={store_code}	BLUE	49853 miles	Rogue Sport	JN1BJ1CW6LW375648	2020	18389 USD	Dahl Mazda	18389 USD	MI	no	Rogue Sport	No	Under 20k
JN8AZ2AE5M9270069	2021 INFINITI QX80 PREMIUM SELECT	INFINITI	https://www.dahlmazda.com/viewdetails/used/jn8az2ae5m9270069/2021-infiniti-qx80-sport-utility/	30999 USD	2021 Coulis Red INFINITI QX80 PREMIUM SELECT Premium Gasoline V-8 5.6 L/339 For sale at Dahl Mazda in La Crosse Wisconsin.	https://content.homenetiol.com/2000157/2065512/0x0/1e67131bc5e14873b6e2cb3e71ae5410.jpg	in stock	USED	SUV	Vehicles & Parts > Vehicles > Motor Vehicles > Cars, Trucks & Vans	JN8AZ2AE5M9270069	https://www.dahlmazda.com/viewdetails/used/jn8az2ae5m9270069/2021-infiniti-qx80-sport-utility/123?store={store_code}	RED	59382 miles	QX80	JN8AZ2AE5M9270069	2021	30999 USD	Dahl Mazda	30999 USD	MI	no	QX80	No	Over 20k
JN8BT3CB5RW178547	2024 Nissan Rogue SL	Nissan	https://www.dahlmazda.com/viewdetails/used/jn8bt3cb5rw178547/2024-nissan-rogue-sport-utility/	27389 USD	2024 Everest White Pearl Nissan Rogue SL Intercooled Turbo Regular Unleaded I-3 1.5 L/91 For sale at Dahl Mazda in La Crosse Wisconsin.	https://content.homenetiol.com/2000157/2065512/0x0/b0c8308fab204d098f0ff7479ec1c31b.jpg	in stock	USED	SUV	Vehicles & Parts > Vehicles > Motor Vehicles > Cars, Trucks & Vans	JN8BT3CB5RW178547	https://www.dahlmazda.com/viewdetails/used/jn8bt3cb5rw178547/2024-nissan-rogue-sport-utility/123?store={store_code}	WHITE	26320 miles	Rogue	JN8BT3CB5RW178547	2024	27389 USD	Dahl Mazda	27389 USD	MI	no	Rogue	No	Over 20k
JTDAAAAF5R3027281	2024 Toyota Crown XLE	Toyota	https://www.dahlmazda.com/viewdetails/used/jtdaaaaf5r3027281/2024-toyota-crown-4dr-car/	31389 USD	2024 Black Toyota Crown XLE Gas/Electric I-4 2.5 L/152 For sale at Dahl Mazda in La Crosse Wisconsin.	https://content.homenetiol.com/2000157/2065512/0x0/271f452eede44ac586f476605da274e0.jpg	in stock	USED	OTHER	Vehicles & Parts > Vehicles > Motor Vehicles > Cars, Trucks & Vans	JTDAAAAF5R3027281	https://www.dahlmazda.com/viewdetails/used/jtdaaaaf5r3027281/2024-toyota-crown-4dr-car/123?store={store_code}	BLACK	46619 miles	Crown	JTDAAAAF5R3027281	2024	31389 USD	Dahl Mazda	31389 USD	MI	no	Crown	No	Over 20k
KL79MRSL1SB123107	2025 Chevrolet Trailblazer LT	Chevrolet	https://www.dahlmazda.com/viewdetails/used/kl79mrsl1sb123107/2025-chevrolet-trailblazer-sport-utility/	22599 USD	2025 Marina Blue Metallic Chevrolet Trailblazer LT Gas I3 1.3L/ For sale at Dahl Mazda in La Crosse Wisconsin.	https://content.homenetiol.com/2000157/2065512/0x0/3f9621dd41254218869023234591d0d9.jpg	in stock	USED	SUV	Vehicles & Parts > Vehicles > Motor Vehicles > Cars, Trucks & Vans	KL79MRSL1SB123107	https://www.dahlmazda.com/viewdetails/used/kl79mrsl1sb123107/2025-chevrolet-trailblazer-sport-utility/123?store={store_code}	BLUE	34514 miles	Trailblazer	KL79MRSL1SB123107	2025	22599 USD	Dahl Mazda	22599 USD	MI	no	Trailblazer	No	Over 20k
KL79MRSL9SB074254	2025 Chevrolet Trailblazer LT	Chevrolet	https://www.dahlmazda.com/viewdetails/used/kl79mrsl9sb074254/2025-chevrolet-trailblazer-sport-utility/	22599 USD	2025 Crimson Metallic Chevrolet Trailblazer LT Gas I3 1.3L/ For sale at Dahl Mazda in La Crosse Wisconsin.	https://content.homenetiol.com/2000157/2065512/0x0/f3c9f3df871d4eaaa44a59bcbb69056b.jpg	in stock	USED	SUV	Vehicles & Parts > Vehicles > Motor Vehicles > Cars, Trucks & Vans	KL79MRSL9SB074254	https://www.dahlmazda.com/viewdetails/used/kl79mrsl9sb074254/2025-chevrolet-trailblazer-sport-utility/123?store={store_code}	RED	34135 miles	Trailblazer	KL79MRSL9SB074254	2025	22599 USD	Dahl Mazda	22599 USD	MI	no	Trailblazer	No	Over 20k
KM8HBCAB0SU319470	2025 Hyundai Kona SEL	Hyundai	https://www.dahlmazda.com/viewdetails/used/km8hbcab0su319470/2025-hyundai-kona-sport-utility/	22889 USD	2025 Ecotronic Gray Pearl Hyundai Kona SEL Regular Gasoline I-4 2.0 L/122 For sale at Dahl Mazda in La Crosse Wisconsin.	https://content.homenetiol.com/2000157/2065512/0x0/1e2e8c395ee8459989cb530ddbc90463.jpg	in stock	USED	SUV	Vehicles & Parts > Vehicles > Motor Vehicles > Cars, Trucks & Vans	KM8HBCAB0SU319470	https://www.dahlmazda.com/viewdetails/used/km8hbcab0su319470/2025-hyundai-kona-sport-utility/123?store={store_code}	GRAY	30977 miles	Kona	KM8HBCAB0SU319470	2025	22889 USD	Dahl Mazda	22889 USD	MI	no	Kona	No	Over 20k
KM8HBCAB7SU304559	2025 Hyundai Kona SEL	Hyundai	https://www.dahlmazda.com/viewdetails/used/km8hbcab7su304559/2025-hyundai-kona-sport-utility/	22389 USD	2025 Ultimate Red Metallic Hyundai Kona SEL Regular Gasoline I-4 2.0 L/122 For sale at Dahl Mazda in La Crosse Wisconsin.	https://content.homenetiol.com/2000157/2065512/0x0/1369e5bbcc0f42dd95fdddb71d36f766.jpg	in stock	USED	SUV	Vehicles & Parts > Vehicles > Motor Vehicles > Cars, Trucks & Vans	KM8HBCAB7SU304559	https://www.dahlmazda.com/viewdetails/used/km8hbcab7su304559/2025-hyundai-kona-sport-utility/123?store={store_code}	RED	36458 miles	Kona	KM8HBCAB7SU304559	2025	22389 USD	Dahl Mazda	22389 USD	MI	no	Kona	No	Over 20k
KM8R2DHE8LU068712	2020 Hyundai Palisade SEL	Hyundai	https://www.dahlmazda.com/viewdetails/used/km8r2dhe8lu068712/2020-hyundai-palisade-sport-utility/	18399 USD	2020 Moonlight Cloud Hyundai Palisade SEL Regular Unleaded V-6 3.8 L/231 For sale at Dahl Mazda in La Crosse Wisconsin.	https://content.homenetiol.com/2000157/2065512/0x0/1a62a379002d49a4b4dd84a32a4b107f.jpg	in stock	USED	SUV	Vehicles & Parts > Vehicles > Motor Vehicles > Cars, Trucks & Vans	KM8R2DHE8LU068712	https://www.dahlmazda.com/viewdetails/used/km8r2dhe8lu068712/2020-hyundai-palisade-sport-utility/123?store={store_code}	GRAY	112100 miles	Palisade	KM8R2DHE8LU068712	2020	18399 USD	Dahl Mazda	18399 USD	MI	no	Palisade	No	Under 20k
KM8R7DGE1RU662182	2024 Hyundai Palisade Calligraphy	Hyundai	https://www.dahlmazda.com/viewdetails/used/km8r7dge1ru662182/2024-hyundai-palisade-sport-utility/	33399 USD	2024 Abyss Black Pearl Hyundai Palisade Calligraphy Regular Unleaded V-6 3.8 L/231 For sale at Dahl Mazda in La Crosse Wisconsin.	https://content.homenetiol.com/2000157/2065512/0x0/3912e362681e4904aaa0b8c728d9ed1d.jpg	in stock	USED	SUV	Vehicles & Parts > Vehicles > Motor Vehicles > Cars, Trucks & Vans	KM8R7DGE1RU662182	https://www.dahlmazda.com/viewdetails/used/km8r7dge1ru662182/2024-hyundai-palisade-sport-utility/123?store={store_code}	BLACK	62375 miles	Palisade	KM8R7DGE1RU662182	2024	33399 USD	Dahl Mazda	33399 USD	MI	no	Palisade	No	Over 20k
KMHL14JA1RA395107	2024 Hyundai Sonata SEL	Hyundai	https://www.dahlmazda.com/viewdetails/used/kmhl14ja1ra395107/2024-hyundai-sonata-4dr-car/	24699 USD	2024 Ultimate Red Hyundai Sonata SEL Regular Gasoline I-4 2.5 L/152 For sale at Dahl Mazda in La Crosse Wisconsin.	https://content.homenetiol.com/2000157/2065512/0x0/591b649210ff46528bd309d36df24755.jpg	in stock	USED	OTHER	Vehicles & Parts > Vehicles > Motor Vehicles > Cars, Trucks & Vans	KMHL14JA1RA395107	https://www.dahlmazda.com/viewdetails/used/kmhl14ja1ra395107/2024-hyundai-sonata-4dr-car/123?store={store_code}	RED	27333 miles	Sonata	KMHL14JA1RA395107	2024	24699 USD	Dahl Mazda	24699 USD	MI	no	Sonata	No	Over 20k
KMHL14JA5SA496382	2025 Hyundai Sonata SEL Convenience	Hyundai	https://www.dahlmazda.com/viewdetails/used/kmhl14ja5sa496382/2025-hyundai-sonata-4dr-car/	27999 USD	2025 Serenity White Hyundai Sonata SEL Convenience Regular Gasoline I-4 2.5 L/152 For sale at Dahl Mazda in La Crosse Wisconsin.	https://content.homenetiol.com/2000157/2065512/0x0/db61d889fe95483ebcba738543990868.jpg	in stock	USED	OTHER	Vehicles & Parts > Vehicles > Motor Vehicles > Cars, Trucks & Vans	KMHL14JA5SA496382	https://www.dahlmazda.com/viewdetails/used/kmhl14ja5sa496382/2025-hyundai-sonata-4dr-car/123?store={store_code}	WHITE	5875 miles	Sonata	KMHL14JA5SA496382	2025	27999 USD	Dahl Mazda	27999 USD	MI	no	Sonata	No	Over 20k
KMHL64JA7SA463675	2025 Hyundai Sonata SEL	Hyundai	https://www.dahlmazda.com/viewdetails/used/kmhl64ja7sa463675/2025-hyundai-sonata-4dr-car/	23089 USD	2025 Portofino Gray Hyundai Sonata SEL Regular Gasoline I-4 2.5 L/152 For sale at Dahl Mazda in La Crosse Wisconsin.	https://content.homenetiol.com/2000157/2065512/0x0/99937fd25c834617899dee7ea6bb530f.jpg	in stock	USED	OTHER	Vehicles & Parts > Vehicles > Motor Vehicles > Cars, Trucks & Vans	KMHL64JA7SA463675	https://www.dahlmazda.com/viewdetails/used/kmhl64ja7sa463675/2025-hyundai-sonata-4dr-car/123?store={store_code}	GRAY	42990 miles	Sonata	KMHL64JA7SA463675	2025	23089 USD	Dahl Mazda	23089 USD	MI	no	Sonata	No	Over 20k
KMHL64JA7SA479987	2025 Hyundai Sonata SEL	Hyundai	https://www.dahlmazda.com/viewdetails/used/kmhl64ja7sa479987/2025-hyundai-sonata-4dr-car/	22889 USD	2025 Aero Silver Hyundai Sonata SEL Regular Gasoline I-4 2.5 L/152 For sale at Dahl Mazda in La Crosse Wisconsin.	https://content.homenetiol.com/2000157/2065512/0x0/89a9c222bd204fdebc7c52c204f6e671.jpg	in stock	USED	OTHER	Vehicles & Parts > Vehicles > Motor Vehicles > Cars, Trucks & Vans	KMHL64JA7SA479987	https://www.dahlmazda.com/viewdetails/used/kmhl64ja7sa479987/2025-hyundai-sonata-4dr-car/123?store={store_code}	SILVER	46278 miles	Sonata	KMHL64JA7SA479987	2025	22889 USD	Dahl Mazda	22889 USD	MI	no	Sonata	No	Over 20k
KMHLL4DG8SU013301	2025 Hyundai Elantra SE	Hyundai	https://www.dahlmazda.com/viewdetails/used/kmhll4dg8su013301/2025-hyundai-elantra-4dr-car/	21889 USD	2025 Ultimate Red Hyundai Elantra SE Regular Gasoline I-4 2.0 L/122 For sale at Dahl Mazda in La Crosse Wisconsin.	https://content.homenetiol.com/2000157/2065512/0x0/4e63f53e211d4d749a4b810aa1f92d5f.jpg	in stock	USED	OTHER	Vehicles & Parts > Vehicles > Motor Vehicles > Cars, Trucks & Vans	KMHLL4DG8SU013301	https://www.dahlmazda.com/viewdetails/used/kmhll4dg8su013301/2025-hyundai-elantra-4dr-car/123?store={store_code}	RED	12173 miles	Elantra	KMHLL4DG8SU013301	2025	21889 USD	Dahl Mazda	21889 USD	MI	no	Elantra	No	Over 20k
KMHLM4DG6RU821539	2024 Hyundai Elantra SEL	Hyundai	https://www.dahlmazda.com/viewdetails/used/kmhlm4dg6ru821539/2024-hyundai-elantra-4dr-car/	19189 USD	2024 Ultimate Red Hyundai Elantra SEL Regular Gasoline I-4 2.0 L/122 For sale at Dahl Mazda in La Crosse Wisconsin.	https://content.homenetiol.com/2000157/2065512/0x0/6b8ce32bbb4348628c1e9c2a18f71475.jpg	in stock	USED	OTHER	Vehicles & Parts > Vehicles > Motor Vehicles > Cars, Trucks & Vans	KMHLM4DG6RU821539	https://www.dahlmazda.com/viewdetails/used/kmhlm4dg6ru821539/2024-hyundai-elantra-4dr-car/123?store={store_code}	RED	49858 miles	Elantra	KMHLM4DG6RU821539	2024	19189 USD	Dahl Mazda	19189 USD	MI	no	Elantra	No	Under 20k
KNDPMCAC6H7144961	2017 Kia Sportage LX	Kia	https://www.dahlmazda.com/viewdetails/used/kndpmcac6h7144961/2017-kia-sportage-sport-utility/	8890 USD	2017 Sparkling Silver Kia Sportage LX Regular Unleaded I-4 2.4 L/144 For sale at Dahl Mazda in La Crosse Wisconsin.	https://content.homenetiol.com/2000157/2065512/0x0/0b0f344cbb7e4b09834e7495f2da42a5.jpg	in stock	USED	SUV	Vehicles & Parts > Vehicles > Motor Vehicles > Cars, Trucks & Vans	KNDPMCAC6H7144961	https://www.dahlmazda.com/viewdetails/used/kndpmcac6h7144961/2017-kia-sportage-sport-utility/123?store={store_code}	SILVER	140032 miles	Sportage	KNDPMCAC6H7144961	2017	8890 USD	Dahl Mazda	8890 USD	MI	no	Sportage	No	Under 20k
LRBFZME45RD071816	2024 Buick Envision Preferred	Buick	https://www.dahlmazda.com/viewdetails/used/lrbfzme45rd071816/2024-buick-envision-sport-utility/	23999 USD	2024 Summit White Buick Envision Preferred Turbocharged Gas I4 2.0L/ For sale at Dahl Mazda in La Crosse Wisconsin.	https://content.homenetiol.com/2000157/2065512/0x0/d7c2076a3118469abd5a43bf11bcbf14.jpg	in stock	USED	SUV	Vehicles & Parts > Vehicles > Motor Vehicles > Cars, Trucks & Vans	LRBFZME45RD071816	https://www.dahlmazda.com/viewdetails/used/lrbfzme45rd071816/2024-buick-envision-sport-utility/123?store={store_code}	WHITE	45084 miles	Envision	LRBFZME45RD071816	2024	23999 USD	Dahl Mazda	23999 USD	MI	no	Envision	No	Over 20k
ML32AUHJ1RH019698	2024 Mitsubishi Mirage ES	Mitsubishi	https://www.dahlmazda.com/viewdetails/used/ml32auhj1rh019698/2024-mitsubishi-mirage-hatchback/	13189 USD	2024 Graphite Gray Metallic Mitsubishi Mirage ES Regular Gasoline I-3 1.2 L/73 For sale at Dahl Mazda in La Crosse Wisconsin.	https://content.homenetiol.com/2000157/2065512/0x0/7731569485134608b3baf5c6e8d12f2f.jpg	in stock	USED	OTHER	Vehicles & Parts > Vehicles > Motor Vehicles > Cars, Trucks & Vans	ML32AUHJ1RH019698	https://www.dahlmazda.com/viewdetails/used/ml32auhj1rh019698/2024-mitsubishi-mirage-hatchback/123?store={store_code}	GRAY	35535 miles	Mirage	ML32AUHJ1RH019698	2024	13189 USD	Dahl Mazda	13189 USD	MI	no	Mirage	No	Under 20k
WA12AAGU1S2123778	2025 Audi Q5 Premium Plus	Audi	https://www.dahlmazda.com/viewdetails/used/wa12aagu1s2123778/2025-audi-q5-sport-utility/	43889 USD	2025 Mythos Black Metallic Audi Q5 Premium Plus Intercooled Turbo Premium Gasoline I-4 2.0 L/121 For sale at Dahl Mazda in La Crosse Wisconsin.	https://content.homenetiol.com/2000157/2065512/0x0/224cb2ba041347b0865cdac7be9e075b.jpg	in stock	USED	SUV	Vehicles & Parts > Vehicles > Motor Vehicles > Cars, Trucks & Vans	WA12AAGU1S2123778	https://www.dahlmazda.com/viewdetails/used/wa12aagu1s2123778/2025-audi-q5-sport-utility/123?store={store_code}	BLACK	1393 miles	Q5	WA12AAGU1S2123778	2025	43889 USD	Dahl Mazda	43889 USD	MI	no	Q5	No	Over 20k
