id	title	brand	link	vehicle MSRP	description	image_link	availability	condition	product_type	google_product_category	MPN	link_template	color	mileage	model	vin	year	price	store code	MSRP	mileage.unit	certified_pre_owned	custom_label_0	custom_label_1	custom_label_2
1C4PJXDG3VW585463	2027 Jeep Wrangler Rewind	Jeep	https://www.dahlchryslerdodgejeepramrochester.com/viewdetails/new/1c4pjxdg3vw585463/2027-jeep-wrangler-jljl74/	60975 USD	2027 Joose Paint Jeep Wrangler Rewind 3.6L V6 24V VVT Engine Upg I w/ESS For sale at Dahl CDJR Rochester in Rochester Minnesota.	https://prod.tvmimageservice.com/images/GetEvoxImage?styleid=488918&amp;Width=640&amp;Height=480&amp;Type=jpeg&amp;Angle=03&amp;quality=80&amp;BackGroundColor=white&amp;colorcode=PL4&amp;autocrop=True&amp;useoverrides=true	in stock	NEW	SUV	Vehicles & Parts > Vehicles > Motor Vehicles > Cars, Trucks & Vans	1C4PJXDG3VW585463	https://www.dahlchryslerdodgejeepramrochester.com/viewdetails/new/1c4pjxdg3vw585463/2027-jeep-wrangler-jljl74/123?store={store_code}	NA	0 miles	Wrangler	1C4PJXDG3VW585463	2027	60975 USD	60958	60975 USD	MI	no	Wrangler	No	Over 20k
1C4PJXDGXTW334582	2026 Jeep Wrangler Willys	Jeep	https://www.dahlchryslerdodgejeepramrochester.com/viewdetails/new/1c4pjxdgxtw334582/2026-jeep-wrangler-convertible/	51450 USD	2026 Earl Clearcoat Jeep Wrangler Willys Regular Gasoline V-6 3.6 L/220 For sale at Dahl CDJR Rochester in Rochester Minnesota.	https://content.homenetiol.com/2000157/2065512/0x0/80b703ac04734452b46bc42e3cdcbc6c.jpg	in stock	NEW	SUV	Vehicles & Parts > Vehicles > Motor Vehicles > Cars, Trucks & Vans	1C4PJXDGXTW334582	https://www.dahlchryslerdodgejeepramrochester.com/viewdetails/new/1c4pjxdgxtw334582/2026-jeep-wrangler-convertible/123?store={store_code}	NA	0 miles	Wrangler	1C4PJXDGXTW334582	2026	51450 USD	60958	51450 USD	MI	no	Wrangler	No	Over 20k
1C4PJXDN0TW318115	2026 Jeep Wrangler Sport S	Jeep	https://www.dahlchryslerdodgejeepramrochester.com/viewdetails/new/1c4pjxdn0tw318115/2026-jeep-wrangler-convertible/	50710 USD	2026 Tuscadero Pearlcoat Jeep Wrangler Sport S Intercooled Turbo Premium Gasoline I-4 2.0 L/122 For sale at Dahl CDJR Rochester in Rochester Minnesota.	https://content.homenetiol.com/2000157/2065512/0x0/600823160d0949a3a2c72cef8b9ef13b.jpg	in stock	NEW	SUV	Vehicles & Parts > Vehicles > Motor Vehicles > Cars, Trucks & Vans	1C4PJXDN0TW318115	https://www.dahlchryslerdodgejeepramrochester.com/viewdetails/new/1c4pjxdn0tw318115/2026-jeep-wrangler-convertible/123?store={store_code}	NA	0 miles	Wrangler	1C4PJXDN0TW318115	2026	50710 USD	60958	50710 USD	MI	no	Wrangler	No	Over 20k
1C4RJXFN5VW571746	2027 Jeep Wrangler Rubicon	Jeep	https://www.dahlchryslerdodgejeepramrochester.com/viewdetails/new/1c4rjxfn5vw571746/2027-jeep-wrangler-convertible/	66295 USD	2027 Joose Jeep Wrangler Rubicon Intercooled Turbo Premium Gasoline I-4 2.0 L/122 For sale at Dahl CDJR Rochester in Rochester Minnesota.	https://prod.tvmimageservice.com/images/GetEvoxImage?styleid=487093&amp;Width=640&amp;Height=480&amp;Type=jpeg&amp;Angle=03&amp;quality=80&amp;BackGroundColor=white&amp;colorcode=PL4&amp;autocrop=True&amp;useoverrides=true	in stock	NEW	SUV	Vehicles & Parts > Vehicles > Motor Vehicles > Cars, Trucks & Vans	1C4RJXFN5VW571746	https://www.dahlchryslerdodgejeepramrochester.com/viewdetails/new/1c4rjxfn5vw571746/2027-jeep-wrangler-convertible/123?store={store_code}	NA	0 miles	Wrangler	1C4RJXFN5VW571746	2027	66295 USD	60958	66295 USD	MI	no	Wrangler	No	Over 20k
3C4NJDBN1VT558078	2027 Jeep Compass Latitude	Jeep	https://www.dahlchryslerdodgejeepramrochester.com/viewdetails/new/3c4njdbn1vt558078/2027-jeep-compass-mpjm74/	35140 USD	2027 Fathom Blue Pearl Coat Jeep Compass Latitude For sale at Dahl CDJR Rochester in Rochester Minnesota.	https://prod.tvmimageservice.com/images/GetEvoxImage?styleid=489218&amp;Width=640&amp;Height=480&amp;Type=jpeg&amp;Angle=03&amp;quality=80&amp;BackGroundColor=white&amp;colorcode=PPS&amp;autocrop=True&amp;useoverrides=true	in stock	NEW	SUV	Vehicles & Parts > Vehicles > Motor Vehicles > Cars, Trucks & Vans	3C4NJDBN1VT558078	https://www.dahlchryslerdodgejeepramrochester.com/viewdetails/new/3c4njdbn1vt558078/2027-jeep-compass-mpjm74/123?store={store_code}	BLUE	0 miles	Compass	3C4NJDBN1VT558078	2027	35140 USD	60958	35140 USD	MI	no	Compass	No	Over 20k
3C4NJDDN6TT241598	2026 Jeep Compass Trailhawk	Jeep	https://www.dahlchryslerdodgejeepramrochester.com/viewdetails/new/3c4njddn6tt241598/2026-jeep-compass-sport-utility/	39170 USD	2026 Joose Jeep Compass Trailhawk Intercooled Turbo Regular Gasoline I-4 2.0 L/122 For sale at Dahl CDJR Rochester in Rochester Minnesota.	https://content.homenetiol.com/2000157/2065512/0x0/eba5fadeed8e4062bcd5a24ff432a71c.jpg	in stock	NEW	SUV	Vehicles & Parts > Vehicles > Motor Vehicles > Cars, Trucks & Vans	3C4NJDDN6TT241598	https://www.dahlchryslerdodgejeepramrochester.com/viewdetails/new/3c4njddn6tt241598/2026-jeep-compass-sport-utility/123?store={store_code}	NA	0 miles	Compass	3C4NJDDN6TT241598	2026	39170 USD	60958	39170 USD	MI	no	Compass	No	Over 20k
3C4PJMB21TT241106	2026 Jeep Cherokee Limited	Jeep	https://www.dahlchryslerdodgejeepramrochester.com/viewdetails/new/3c4pjmb21tt241106/2026-jeep-cherokee-sport-utility/	44080 USD	2026 41 Jeep Cherokee Limited Intercooled Turbo Gas/Electric I-4 1.6 L/98 For sale at Dahl CDJR Rochester in Rochester Minnesota.	https://content.homenetiol.com/2000157/2065512/0x0/4daa286f78a24ced843fe3dade852db0.jpg	in stock	NEW	SUV	Vehicles & Parts > Vehicles > Motor Vehicles > Cars, Trucks & Vans	3C4PJMB21TT241106	https://www.dahlchryslerdodgejeepramrochester.com/viewdetails/new/3c4pjmb21tt241106/2026-jeep-cherokee-sport-utility/123?store={store_code}	NA	0 miles	Cherokee	3C4PJMB21TT241106	2026	44080 USD	60958	44080 USD	MI	no	Cherokee	No	Over 20k
3C63R3ML6VG399032	2027 RAM 3500 Laramie	RAM	https://www.dahlchryslerdodgejeepramrochester.com/viewdetails/new/3c63r3ml6vg399032/2027-ram-3500-d28p81/	96490 USD	2027 Flame Red Clearcoat RAM 3500 Laramie For sale at Dahl CDJR Rochester in Rochester Minnesota.	https://prod.tvmimageservice.com/images/GetEvoxImage?styleid=486728&amp;Width=640&amp;Height=480&amp;Type=jpeg&amp;Angle=03&amp;quality=80&amp;BackGroundColor=white&amp;colorcode=PR4&amp;autocrop=True&amp;useoverrides=true	in stock	NEW	TRUCK	Vehicles & Parts > Vehicles > Motor Vehicles > Cars, Trucks & Vans	3C63R3ML6VG399032	https://www.dahlchryslerdodgejeepramrochester.com/viewdetails/new/3c63r3ml6vg399032/2027-ram-3500-d28p81/123?store={store_code}	RED	0 miles	3500	3C63R3ML6VG399032	2027	96490 USD	60958	96490 USD	MI	no	3500	No	Over 20k
3C6LRVDG6VE553250	2027 RAM ProMaster Cargo Van Tradesman	RAM	https://www.dahlchryslerdodgejeepramrochester.com/viewdetails/new/3c6lrvdg6ve553250/2027-ram-promaster-cargo-van-vf2l16/	57310 USD	2027 Bright White Clearcoat RAM ProMaster Cargo Van Tradesman For sale at Dahl CDJR Rochester in Rochester Minnesota.	https://prod.tvmimageservice.com/images/GetEvoxImage?styleid=486780&amp;Width=640&amp;Height=480&amp;Type=jpeg&amp;Angle=03&amp;quality=80&amp;BackGroundColor=white&amp;colorcode=PW7&amp;autocrop=True&amp;useoverrides=true	in stock	NEW	VAN	Vehicles & Parts > Vehicles > Motor Vehicles > Cars, Trucks & Vans	3C6LRVDG6VE553250	https://www.dahlchryslerdodgejeepramrochester.com/viewdetails/new/3c6lrvdg6ve553250/2027-ram-promaster-cargo-van-vf2l16/123?store={store_code}	WHITE	0 miles	ProMaster Cargo Van	3C6LRVDG6VE553250	2027	57310 USD	60958	57310 USD	MI	no	ProMaster Cargo Van	No	Over 20k
3C6LRVDG9VE560659	2027 RAM ProMaster Cargo Van Tradesman	RAM	https://www.dahlchryslerdodgejeepramrochester.com/viewdetails/new/3c6lrvdg9ve560659/2027-ram-promaster-cargo-van-vf2l16/	57180 USD	2027 Bright White Clearcoat RAM ProMaster Cargo Van Tradesman For sale at Dahl CDJR Rochester in Rochester Minnesota.	https://prod.tvmimageservice.com/images/GetEvoxImage?styleid=486780&amp;Width=640&amp;Height=480&amp;Type=jpeg&amp;Angle=03&amp;quality=80&amp;BackGroundColor=white&amp;colorcode=PW7&amp;autocrop=True&amp;useoverrides=true	in stock	NEW	VAN	Vehicles & Parts > Vehicles > Motor Vehicles > Cars, Trucks & Vans	3C6LRVDG9VE560659	https://www.dahlchryslerdodgejeepramrochester.com/viewdetails/new/3c6lrvdg9ve560659/2027-ram-promaster-cargo-van-vf2l16/123?store={store_code}	WHITE	0 miles	ProMaster Cargo Van	3C6LRVDG9VE560659	2027	57180 USD	60958	57180 USD	MI	no	ProMaster Cargo Van	No	Over 20k
3C6MRVJG3VE559225	2027 RAM ProMaster Cargo Van Tradesman	RAM	https://www.dahlchryslerdodgejeepramrochester.com/viewdetails/new/3c6mrvjg3ve559225/2027-ram-promaster-cargo-van-vf3l17/	61575 USD	2027 Bright White Clearcoat RAM ProMaster Cargo Van Tradesman For sale at Dahl CDJR Rochester in Rochester Minnesota.	https://prod.tvmimageservice.com/images/GetEvoxImage?styleid=486789&amp;Width=640&amp;Height=480&amp;Type=jpeg&amp;Angle=03&amp;quality=80&amp;BackGroundColor=white&amp;colorcode=PW7&amp;autocrop=True&amp;useoverrides=true	in stock	NEW	VAN	Vehicles & Parts > Vehicles > Motor Vehicles > Cars, Trucks & Vans	3C6MRVJG3VE559225	https://www.dahlchryslerdodgejeepramrochester.com/viewdetails/new/3c6mrvjg3ve559225/2027-ram-promaster-cargo-van-vf3l17/123?store={store_code}	WHITE	0 miles	ProMaster Cargo Van	3C6MRVJG3VE559225	2027	61575 USD	60958	61575 USD	MI	no	ProMaster Cargo Van	No	Over 20k
3C6MRVJG7VE559812	2027 RAM ProMaster Cargo Van Tradesman	RAM	https://www.dahlchryslerdodgejeepramrochester.com/viewdetails/new/3c6mrvjg7ve559812/2027-ram-promaster-cargo-van-vf3l17/	61575 USD	2027 Bright White Clearcoat RAM ProMaster Cargo Van Tradesman For sale at Dahl CDJR Rochester in Rochester Minnesota.	https://prod.tvmimageservice.com/images/GetEvoxImage?styleid=486789&amp;Width=640&amp;Height=480&amp;Type=jpeg&amp;Angle=03&amp;quality=80&amp;BackGroundColor=white&amp;colorcode=PW7&amp;autocrop=True&amp;useoverrides=true	in stock	NEW	VAN	Vehicles & Parts > Vehicles > Motor Vehicles > Cars, Trucks & Vans	3C6MRVJG7VE559812	https://www.dahlchryslerdodgejeepramrochester.com/viewdetails/new/3c6mrvjg7ve559812/2027-ram-promaster-cargo-van-vf3l17/123?store={store_code}	WHITE	0 miles	ProMaster Cargo Van	3C6MRVJG7VE559812	2027	61575 USD	60958	61575 USD	MI	no	ProMaster Cargo Van	No	Over 20k
1FTFW1ED6PFD07495	2023 Ford F-150 XLT	Ford	https://www.dahlchryslerdodgejeepramrochester.com/viewdetails/used/1ftfw1ed6pfd07495/2023-ford-f-150-crew-cab-pickup/	38879 USD	2023 Avalanche Ford F-150 XLT PowerBoost Full-Hybrid V6 3.5 L For sale at Dahl CDJR Rochester in Rochester Minnesota.	https://content.homenetiol.com/2000157/2065512/0x0/61e82598be07479f94a4618516f0d300.jpg	in stock	USED	TRUCK	Vehicles & Parts > Vehicles > Motor Vehicles > Cars, Trucks & Vans	1FTFW1ED6PFD07495	https://www.dahlchryslerdodgejeepramrochester.com/viewdetails/used/1ftfw1ed6pfd07495/2023-ford-f-150-crew-cab-pickup/123?store={store_code}	NA	42910 miles	F-150	1FTFW1ED6PFD07495	2023	38879 USD	60958	38879 USD	MI	no	F-150	No	Over 20k
3VW7X7BU0SM030969	2025 Volkswagen Jetta SE	Volkswagen	https://www.dahlchryslerdodgejeepramrochester.com/viewdetails/used/3vw7x7bu0sm030969/2025-volkswagen-jetta-4dr-car/	19734 USD	2025 Other Volkswagen Jetta SE Intercooled Turbo Regular Gasoline I-4 1.5 L/91 For sale at Dahl CDJR Rochester in Rochester Minnesota.	https://content.homenetiol.com/2000157/2065512/0x0/9d02294ff9e24161a59c3396f6d6d9a6.jpg	in stock	USED	OTHER	Vehicles & Parts > Vehicles > Motor Vehicles > Cars, Trucks & Vans	3VW7X7BU0SM030969	https://www.dahlchryslerdodgejeepramrochester.com/viewdetails/used/3vw7x7bu0sm030969/2025-volkswagen-jetta-4dr-car/123?store={store_code}	NA	62968 miles	Jetta	3VW7X7BU0SM030969	2025	19734 USD	60958	19734 USD	MI	no	Jetta	No	Under 20k
3VWBX7BU3SM039885	2025 Volkswagen Jetta Sport	Volkswagen	https://www.dahlchryslerdodgejeepramrochester.com/viewdetails/used/3vwbx7bu3sm039885/2025-volkswagen-jetta-4dr-car/	20474 USD	2025 Other Volkswagen Jetta Sport Intercooled Turbo Regular Gasoline I-4 1.5 L/91 For sale at Dahl CDJR Rochester in Rochester Minnesota.	https://content.homenetiol.com/2000157/2065512/0x0/df36196c83aa4803b3ea7fe88d33f181.jpg	in stock	USED	OTHER	Vehicles & Parts > Vehicles > Motor Vehicles > Cars, Trucks & Vans	3VWBX7BU3SM039885	https://www.dahlchryslerdodgejeepramrochester.com/viewdetails/used/3vwbx7bu3sm039885/2025-volkswagen-jetta-4dr-car/123?store={store_code}	NA	41026 miles	Jetta	3VWBX7BU3SM039885	2025	20474 USD	60958	20474 USD	MI	no	Jetta	No	Over 20k
3VWBX7BU5SM041976	2025 Volkswagen Jetta Sport	Volkswagen	https://www.dahlchryslerdodgejeepramrochester.com/viewdetails/used/3vwbx7bu5sm041976/2025-volkswagen-jetta-4dr-car/	20879 USD	2025 Other Volkswagen Jetta Sport Intercooled Turbo Regular Gasoline I-4 1.5 L/91 For sale at Dahl CDJR Rochester in Rochester Minnesota.	https://content.homenetiol.com/2000157/2065512/0x0/bd1be34474064e309160a60f558450e8.jpg	in stock	USED	OTHER	Vehicles & Parts > Vehicles > Motor Vehicles > Cars, Trucks & Vans	3VWBX7BU5SM041976	https://www.dahlchryslerdodgejeepramrochester.com/viewdetails/used/3vwbx7bu5sm041976/2025-volkswagen-jetta-4dr-car/123?store={store_code}	NA	41492 miles	Jetta	3VWBX7BU5SM041976	2025	20879 USD	60958	20879 USD	MI	no	Jetta	No	Over 20k
WA1LVBF74SD016285	2025 Audi Q7 Premium Plus	Audi	https://www.dahlchryslerdodgejeepramrochester.com/viewdetails/used/wa1lvbf74sd016285/2025-audi-q7-sport-utility/	35229 USD	2025 Other Audi Q7 Premium Plus Intercooled Turbo Gas/Electric V-6 3.0 L/183 For sale at Dahl CDJR Rochester in Rochester Minnesota.	https://content.homenetiol.com/2000157/2065512/0x0/d0753d75999840fabc5905eb6365a1b6.jpg	in stock	USED	SUV	Vehicles & Parts > Vehicles > Motor Vehicles > Cars, Trucks & Vans	WA1LVBF74SD016285	https://www.dahlchryslerdodgejeepramrochester.com/viewdetails/used/wa1lvbf74sd016285/2025-audi-q7-sport-utility/123?store={store_code}	NA	52130 miles	Q7	WA1LVBF74SD016285	2025	35229 USD	60958	35229 USD	MI	no	Q7	No	Over 20k
1C4PJXEN0SW589284	2025 Jeep Wrangler Sahara	Jeep	https://www.dahlchryslerdodgejeepramrochester.com/viewdetails/cpo/1c4pjxen0sw589284/2025-jeep-wrangler-convertible/	31759 USD	2025 Firecracker Red Clearcoat Jeep Wrangler Sahara Intercooled Turbo Premium Gasoline I-4 2.0 L/122 For sale at Dahl CDJR Rochester in Rochester Minnesota.	https://content.homenetiol.com/2000157/2065512/0x0/7a31a30838f441a4807276c94394411a.jpg	in stock	USED	SUV	Vehicles & Parts > Vehicles > Motor Vehicles > Cars, Trucks & Vans	1C4PJXEN0SW589284	https://www.dahlchryslerdodgejeepramrochester.com/viewdetails/cpo/1c4pjxen0sw589284/2025-jeep-wrangler-convertible/123?store={store_code}	RED	36396 miles	Wrangler	1C4PJXEN0SW589284	2025	31759 USD	60958	31759 USD	MI	yes	Wrangler	Yes	Over 20k
1C4PJXFG5TW179906	2026 Jeep Wrangler Rubicon	Jeep	https://www.dahlchryslerdodgejeepramrochester.com/viewdetails/cpo/1c4pjxfg5tw179906/2026-jeep-wrangler-convertible/	42339 USD	2026 Black Clearcoat Jeep Wrangler Rubicon Regular Gasoline V-6 3.6 L/220 For sale at Dahl CDJR Rochester in Rochester Minnesota.	https://content.homenetiol.com/2000157/2065512/0x0/c5d293e5b99649bdb3663b363718846d.jpg	in stock	USED	SUV	Vehicles & Parts > Vehicles > Motor Vehicles > Cars, Trucks & Vans	1C4PJXFG5TW179906	https://www.dahlchryslerdodgejeepramrochester.com/viewdetails/cpo/1c4pjxfg5tw179906/2026-jeep-wrangler-convertible/123?store={store_code}	BLACK	22366 miles	Wrangler	1C4PJXFG5TW179906	2026	42339 USD	60958	42339 USD	MI	yes	Wrangler	Yes	Over 20k
1C4PJXFN9SW527316	2025 Jeep Wrangler Rubicon	Jeep	https://www.dahlchryslerdodgejeepramrochester.com/viewdetails/cpo/1c4pjxfn9sw527316/2025-jeep-wrangler-convertible/	33804 USD	2025 Hydro Blue Pearlcoat Jeep Wrangler Rubicon Intercooled Turbo Premium Gasoline I-4 2.0 L/122 For sale at Dahl CDJR Rochester in Rochester Minnesota.	https://content.homenetiol.com/2000157/2065512/0x0/c8e4ad909dad43769c1f6aa081ec5c71.jpg	in stock	USED	SUV	Vehicles & Parts > Vehicles > Motor Vehicles > Cars, Trucks & Vans	1C4PJXFN9SW527316	https://www.dahlchryslerdodgejeepramrochester.com/viewdetails/cpo/1c4pjxfn9sw527316/2025-jeep-wrangler-convertible/123?store={store_code}	BLUE	39760 miles	Wrangler	1C4PJXFN9SW527316	2025	33804 USD	60958	33804 USD	MI	yes	Wrangler	Yes	Over 20k
1C6SRFGT3RN133652	2024 RAM 1500 Tradesman	RAM	https://www.dahlchryslerdodgejeepramrochester.com/viewdetails/cpo/1c6srfgt3rn133652/2024-ram-1500-crew-cab-pickup/	32634 USD	2024 Patriot Blue Pearlcoat RAM 1500 Tradesman Gas/Electric V-8 5.7 L/345 For sale at Dahl CDJR Rochester in Rochester Minnesota.	https://content.homenetiol.com/2000157/2065512/0x0/0e5b48bc46e24c65965c2ce5b4fb8d49.jpg	in stock	USED	TRUCK	Vehicles & Parts > Vehicles > Motor Vehicles > Cars, Trucks & Vans	1C6SRFGT3RN133652	https://www.dahlchryslerdodgejeepramrochester.com/viewdetails/cpo/1c6srfgt3rn133652/2024-ram-1500-crew-cab-pickup/123?store={store_code}	BLUE	47106 miles	1500	1C6SRFGT3RN133652	2024	32634 USD	60958	32634 USD	MI	yes	1500	Yes	Over 20k
1C6SRFJP6TN255165	2026 RAM 1500 Laramie	RAM	https://www.dahlchryslerdodgejeepramrochester.com/viewdetails/cpo/1c6srfjp6tn255165/2026-ram-1500-crew-cab-pickup/	46069 USD	2026 Bright White Clearcoat RAM 1500 Laramie Twin Turbo Regular Gasoline I-6 3.0 L/183 For sale at Dahl CDJR Rochester in Rochester Minnesota.	https://content.homenetiol.com/2000157/2065512/0x0/41c9551db70643ceabb1795f818805e0.jpg	in stock	USED	TRUCK	Vehicles & Parts > Vehicles > Motor Vehicles > Cars, Trucks & Vans	1C6SRFJP6TN255165	https://www.dahlchryslerdodgejeepramrochester.com/viewdetails/cpo/1c6srfjp6tn255165/2026-ram-1500-crew-cab-pickup/123?store={store_code}	WHITE	20142 miles	1500	1C6SRFJP6TN255165	2026	46069 USD	60958	46069 USD	MI	yes	1500	Yes	Over 20k
2C4RC1BG0PR620927	2023 Chrysler Pacifica Touring L	Chrysler	https://www.dahlchryslerdodgejeepramrochester.com/viewdetails/cpo/2c4rc1bg0pr620927/2023-chrysler-pacifica-mini-van,-passenger/	21779 USD	2023 Silver Mist Clearcoat Chrysler Pacifica Touring L Regular Gasoline V-6 3.6 L/220 For sale at Dahl CDJR Rochester in Rochester Minnesota.	https://content.homenetiol.com/2000157/2065512/0x0/ceba8ecea1734318b3cf2a6ae42de10e.jpg	in stock	USED	VAN	Vehicles & Parts > Vehicles > Motor Vehicles > Cars, Trucks & Vans	2C4RC1BG0PR620927	https://www.dahlchryslerdodgejeepramrochester.com/viewdetails/cpo/2c4rc1bg0pr620927/2023-chrysler-pacifica-mini-van,-passenger/123?store={store_code}	SILVER	63925 miles	Pacifica	2C4RC1BG0PR620927	2023	21779 USD	60958	21779 USD	MI	yes	Pacifica	Yes	Over 20k
2C4RC1BG3SR539185	2025 Chrysler Pacifica Select	Chrysler	https://www.dahlchryslerdodgejeepramrochester.com/viewdetails/cpo/2c4rc1bg3sr539185/2025-chrysler-pacifica-mini-van,-passenger/	23839 USD	2025 Bright White Clearcoat Chrysler Pacifica Select Regular Gasoline V-6 3.6 L/220 For sale at Dahl CDJR Rochester in Rochester Minnesota.	https://content.homenetiol.com/2000157/2065512/0x0/76ac6928c076417e976feeacf8e02149.jpg	in stock	USED	VAN	Vehicles & Parts > Vehicles > Motor Vehicles > Cars, Trucks & Vans	2C4RC1BG3SR539185	https://www.dahlchryslerdodgejeepramrochester.com/viewdetails/cpo/2c4rc1bg3sr539185/2025-chrysler-pacifica-mini-van,-passenger/123?store={store_code}	WHITE	60226 miles	Pacifica	2C4RC1BG3SR539185	2025	23839 USD	60958	23839 USD	MI	yes	Pacifica	Yes	Over 20k
2C4RC1GG1TR161894	2026 Chrysler Pacifica Limited	Chrysler	https://www.dahlchryslerdodgejeepramrochester.com/viewdetails/cpo/2c4rc1gg1tr161894/2026-chrysler-pacifica-mini-van,-passenger/	31279 USD	2026 Silver Mist Clearcoat Chrysler Pacifica Limited Regular Gasoline V-6 3.6 L/220 For sale at Dahl CDJR Rochester in Rochester Minnesota.	https://content.homenetiol.com/2000157/2065512/0x0/b6b4eb583c394f6ba70460652cf6be85.jpg	in stock	USED	VAN	Vehicles & Parts > Vehicles > Motor Vehicles > Cars, Trucks & Vans	2C4RC1GG1TR161894	https://www.dahlchryslerdodgejeepramrochester.com/viewdetails/cpo/2c4rc1gg1tr161894/2026-chrysler-pacifica-mini-van,-passenger/123?store={store_code}	SILVER	42246 miles	Pacifica	2C4RC1GG1TR161894	2026	31279 USD	60958	31279 USD	MI	yes	Pacifica	Yes	Over 20k
2C4RC1GG2TR190000	2026 Chrysler Pacifica Limited	Chrysler	https://www.dahlchryslerdodgejeepramrochester.com/viewdetails/cpo/2c4rc1gg2tr190000/2026-chrysler-pacifica-mini-van,-passenger/	32124 USD	2026 Silver Mist Clearcoat Chrysler Pacifica Limited Regular Gasoline V-6 3.6 L/220 For sale at Dahl CDJR Rochester in Rochester Minnesota.	https://content.homenetiol.com/2000157/2065512/0x0/757aa2a5e9e14772b6fc4c2d750e091b.jpg	in stock	USED	VAN	Vehicles & Parts > Vehicles > Motor Vehicles > Cars, Trucks & Vans	2C4RC1GG2TR190000	https://www.dahlchryslerdodgejeepramrochester.com/viewdetails/cpo/2c4rc1gg2tr190000/2026-chrysler-pacifica-mini-van,-passenger/123?store={store_code}	SILVER	27267 miles	Pacifica	2C4RC1GG2TR190000	2026	32124 USD	60958	32124 USD	MI	yes	Pacifica	Yes	Over 20k
2C4RC1GGXTR192626	2026 Chrysler Pacifica Limited	Chrysler	https://www.dahlchryslerdodgejeepramrochester.com/viewdetails/cpo/2c4rc1ggxtr192626/2026-chrysler-pacifica-mini-van,-passenger/	32519 USD	2026 Diamond Black Crystal Pearlcoat Chrysler Pacifica Limited Regular Gasoline V-6 3.6 L/220 For sale at Dahl CDJR Rochester in Rochester Minnesota.	https://content.homenetiol.com/2000157/2065512/0x0/d2e8efd96c6940f39873f0040e7c5135.jpg	in stock	USED	VAN	Vehicles & Parts > Vehicles > Motor Vehicles > Cars, Trucks & Vans	2C4RC1GGXTR192626	https://www.dahlchryslerdodgejeepramrochester.com/viewdetails/cpo/2c4rc1ggxtr192626/2026-chrysler-pacifica-mini-van,-passenger/123?store={store_code}	BLACK	24890 miles	Pacifica	2C4RC1GGXTR192626	2026	32519 USD	60958	32519 USD	MI	yes	Pacifica	Yes	Over 20k
3C4NJDCN4ST600480	2025 Jeep Compass Limited	Jeep	https://www.dahlchryslerdodgejeepramrochester.com/viewdetails/cpo/3c4njdcn4st600480/2025-jeep-compass-sport-utility/	23749 USD	2025 Red Hot Pearlcoat Jeep Compass Limited Intercooled Turbo Regular Gasoline I-4 2.0 L/122 For sale at Dahl CDJR Rochester in Rochester Minnesota.	https://content.homenetiol.com/2000157/2065512/0x0/968d99d19cb74934aa3952f2a40c2cd6.jpg	in stock	USED	SUV	Vehicles & Parts > Vehicles > Motor Vehicles > Cars, Trucks & Vans	3C4NJDCN4ST600480	https://www.dahlchryslerdodgejeepramrochester.com/viewdetails/cpo/3c4njdcn4st600480/2025-jeep-compass-sport-utility/123?store={store_code}	RED	27076 miles	Compass	3C4NJDCN4ST600480	2025	23749 USD	60958	23749 USD	MI	yes	Compass	Yes	Over 20k
3C63R3PL1TG166622	2026 RAM 3500 Limited	RAM	https://www.dahlchryslerdodgejeepramrochester.com/viewdetails/cpo/3c63r3pl1tg166622/2026-ram-3500-crew-cab-pickup/	85554 USD	2026 Diamond Black Crystal Pearlcoat RAM 3500 Limited Intercooled Turbo Diesel I-6 6.7 L/408 For sale at Dahl CDJR Rochester in Rochester Minnesota.	https://content.homenetiol.com/2000157/2065512/0x0/800750b413fe419ca1893920843f152d.jpg	in stock	USED	TRUCK	Vehicles & Parts > Vehicles > Motor Vehicles > Cars, Trucks & Vans	3C63R3PL1TG166622	https://www.dahlchryslerdodgejeepramrochester.com/viewdetails/cpo/3c63r3pl1tg166622/2026-ram-3500-crew-cab-pickup/123?store={store_code}	BLACK	7602 miles	3500	3C63R3PL1TG166622	2026	85554 USD	60958	85554 USD	MI	yes	3500	Yes	Over 20k
ZACNJDB10PPP69244	2023 Jeep Renegade Upland	Jeep	https://www.dahlchryslerdodgejeepramrochester.com/viewdetails/cpo/zacnjdb10ppp69244/2023-jeep-renegade-sport-utility/	17854 USD	2023 Alpine White Clearcoat Jeep Renegade Upland Intercooled Turbo Premium Unleaded I-4 1.3 L/81 For sale at Dahl CDJR Rochester in Rochester Minnesota.	https://content.homenetiol.com/2000157/2065512/0x0/b13ed4efcf4048db905340bfbccc283c.jpg	in stock	USED	SUV	Vehicles & Parts > Vehicles > Motor Vehicles > Cars, Trucks & Vans	ZACNJDB10PPP69244	https://www.dahlchryslerdodgejeepramrochester.com/viewdetails/cpo/zacnjdb10ppp69244/2023-jeep-renegade-sport-utility/123?store={store_code}	WHITE	64907 miles	Renegade	ZACNJDB10PPP69244	2023	17854 USD	60958	17854 USD	MI	yes	Renegade	Yes	Under 20k
1C4PJXAG2VW554015	2027 Jeep Wrangler Sport S	Jeep	https://www.dahlchryslerdodgejeepramrochester.com/viewdetails/new/1c4pjxag2vw554015/2027-jeep-wrangler-convertible/	46860 USD	2027 Granite Crystal Metallic Clearcoat Jeep Wrangler Sport S Regular Gasoline V-6 3.6 L/220 For sale at Dahl CDJR Rochester in Rochester Minnesota.	https://content.homenetiol.com/2000157/2065512/0x0/ea86c24e395a4388b6c1d4f870e6b79b.jpg	in stock	NEW	SUV	Vehicles & Parts > Vehicles > Motor Vehicles > Cars, Trucks & Vans	1C4PJXAG2VW554015	https://www.dahlchryslerdodgejeepramrochester.com/viewdetails/new/1c4pjxag2vw554015/2027-jeep-wrangler-convertible/123?store={store_code}	GRAY	0 miles	Wrangler	1C4PJXAG2VW554015	2027	46860 USD	60958	46860 USD	MI	no	Wrangler	No	Over 20k
1C4PJXAN7TW160120	2026 Jeep Wrangler Sport	Jeep	https://www.dahlchryslerdodgejeepramrochester.com/viewdetails/new/1c4pjxan7tw160120/2026-jeep-wrangler-convertible/	41380 USD	2026 Black Clearcoat Jeep Wrangler Sport Intercooled Turbo Premium Gasoline I-4 2.0 L/122 For sale at Dahl CDJR Rochester in Rochester Minnesota.	https://content.homenetiol.com/2000157/2065512/0x0/6620c67aece54cccac2edf5d12d19fc8.jpg	in stock	NEW	SUV	Vehicles & Parts > Vehicles > Motor Vehicles > Cars, Trucks & Vans	1C4PJXAN7TW160120	https://www.dahlchryslerdodgejeepramrochester.com/viewdetails/new/1c4pjxan7tw160120/2026-jeep-wrangler-convertible/123?store={store_code}	BLACK	0 miles	Wrangler	1C4PJXAN7TW160120	2026	41380 USD	60958	41380 USD	MI	no	Wrangler	No	Over 20k
1C4PJXDG4TW334464	2026 Jeep Wrangler 85th Anniversary	Jeep	https://www.dahlchryslerdodgejeepramrochester.com/viewdetails/new/1c4pjxdg4tw334464/2026-jeep-wrangler-convertible/	54405 USD	2026 Bright White Clearcoat Jeep Wrangler 85th Anniversary Regular Gasoline V-6 3.6 L/220 For sale at Dahl CDJR Rochester in Rochester Minnesota.	https://content.homenetiol.com/2000157/2065512/0x0/2c553e63bc444900984596aa7e1da025.jpg	in stock	NEW	SUV	Vehicles & Parts > Vehicles > Motor Vehicles > Cars, Trucks & Vans	1C4PJXDG4TW334464	https://www.dahlchryslerdodgejeepramrochester.com/viewdetails/new/1c4pjxdg4tw334464/2026-jeep-wrangler-convertible/123?store={store_code}	WHITE	0 miles	Wrangler	1C4PJXDG4TW334464	2026	54405 USD	60958	54405 USD	MI	no	Wrangler	No	Over 20k
1C4PJXDN8TW330447	2026 Jeep Wrangler America 250	Jeep	https://www.dahlchryslerdodgejeepramrochester.com/viewdetails/new/1c4pjxdn8tw330447/2026-jeep-wrangler-convertible/	56615 USD	2026 Bright White Clearcoat Jeep Wrangler America 250 Intercooled Turbo Premium Gasoline I-4 2.0 L/122 For sale at Dahl CDJR Rochester in Rochester Minnesota.	https://content.homenetiol.com/2000157/2065512/0x0/9d2f7276f2e6408bb6c507a4df05a64b.jpg	in stock	NEW	SUV	Vehicles & Parts > Vehicles > Motor Vehicles > Cars, Trucks & Vans	1C4PJXDN8TW330447	https://www.dahlchryslerdodgejeepramrochester.com/viewdetails/new/1c4pjxdn8tw330447/2026-jeep-wrangler-convertible/123?store={store_code}	WHITE	0 miles	Wrangler	1C4PJXDN8TW330447	2026	56615 USD	60958	56615 USD	MI	no	Wrangler	No	Over 20k
1C4PJXEGXVW583255	2027 Jeep Wrangler Sahara	Jeep	https://www.dahlchryslerdodgejeepramrochester.com/viewdetails/new/1c4pjxegxvw583255/2027-jeep-wrangler-jljp74/	59780 USD	2027 Granite Crystal Metallic Clear Coat Paint Jeep Wrangler Sahara 3.6L V6 24V VVT Engine Upg I w/ESS For sale at Dahl CDJR Rochester in Rochester Minnesota.	https://prod.tvmimageservice.com/images/GetEvoxImage?styleid=487092&amp;Width=640&amp;Height=480&amp;Type=jpeg&amp;Angle=03&amp;quality=80&amp;BackGroundColor=white&amp;colorcode=PAU&amp;autocrop=True&amp;useoverrides=true	in stock	NEW	SUV	Vehicles & Parts > Vehicles > Motor Vehicles > Cars, Trucks & Vans	1C4PJXEGXVW583255	https://www.dahlchryslerdodgejeepramrochester.com/viewdetails/new/1c4pjxegxvw583255/2027-jeep-wrangler-jljp74/123?store={store_code}	GRAY	0 miles	Wrangler	1C4PJXEGXVW583255	2027	59780 USD	60958	59780 USD	MI	no	Wrangler	No	Over 20k
1C4PJXEN6TW318957	2026 Jeep Wrangler Sahara	Jeep	https://www.dahlchryslerdodgejeepramrochester.com/viewdetails/new/1c4pjxen6tw318957/2026-jeep-wrangler-convertible/	57685 USD	2026 Black Clearcoat Jeep Wrangler Sahara Intercooled Turbo Premium Gasoline I-4 2.0 L/122 For sale at Dahl CDJR Rochester in Rochester Minnesota.	https://content.homenetiol.com/2000157/2065512/0x0/55c0990c1a56482b8b5620bc6e076946.jpg	in stock	NEW	SUV	Vehicles & Parts > Vehicles > Motor Vehicles > Cars, Trucks & Vans	1C4PJXEN6TW318957	https://www.dahlchryslerdodgejeepramrochester.com/viewdetails/new/1c4pjxen6tw318957/2026-jeep-wrangler-convertible/123?store={store_code}	BLACK	0 miles	Wrangler	1C4PJXEN6TW318957	2026	57685 USD	60958	57685 USD	MI	no	Wrangler	No	Over 20k
1C4PJXFG8TW296654	2026 Jeep Wrangler Rubicon	Jeep	https://www.dahlchryslerdodgejeepramrochester.com/viewdetails/new/1c4pjxfg8tw296654/2026-jeep-wrangler-convertible/	60465 USD	2026 Hydro Blue Pearlcoat Jeep Wrangler Rubicon Regular Gasoline V-6 3.6 L/220 For sale at Dahl CDJR Rochester in Rochester Minnesota.	https://content.homenetiol.com/2000157/2065512/0x0/da0cc0fcef444c19803cfc767442a880.jpg	in stock	NEW	SUV	Vehicles & Parts > Vehicles > Motor Vehicles > Cars, Trucks & Vans	1C4PJXFG8TW296654	https://www.dahlchryslerdodgejeepramrochester.com/viewdetails/new/1c4pjxfg8tw296654/2026-jeep-wrangler-convertible/123?store={store_code}	BLUE	0 miles	Wrangler	1C4PJXFG8TW296654	2026	60465 USD	60958	60465 USD	MI	no	Wrangler	No	Over 20k
1C4RDJDG4TC308297	2026 Dodge Durango GT Plus	Dodge	https://www.dahlchryslerdodgejeepramrochester.com/viewdetails/new/1c4rdjdg4tc308297/2026-dodge-durango-sport-utility/	50410 USD	2026 Db Black Clearcoat Dodge Durango GT Plus Regular Gasoline V-6 3.6 L/220 For sale at Dahl CDJR Rochester in Rochester Minnesota.	https://prod.tvmimageservice.com/images/GetEvoxImage?styleid=478283&amp;Width=640&amp;Height=480&amp;Type=jpeg&amp;Angle=03&amp;quality=80&amp;BackGroundColor=white&amp;colorcode=PXJ&amp;autocrop=True&amp;useoverrides=true	in stock	NEW	SUV	Vehicles & Parts > Vehicles > Motor Vehicles > Cars, Trucks & Vans	1C4RDJDG4TC308297	https://www.dahlchryslerdodgejeepramrochester.com/viewdetails/new/1c4rdjdg4tc308297/2026-dodge-durango-sport-utility/123?store={store_code}	BLACK	0 miles	Durango	1C4RDJDG4TC308297	2026	50410 USD	60958	50410 USD	MI	no	Durango	No	Over 20k
1C4RJHAR1TC307082	2026 Jeep Grand Cherokee Laredo Altitude	Jeep	https://www.dahlchryslerdodgejeepramrochester.com/viewdetails/new/1c4rjhar1tc307082/2026-jeep-grand-cherokee-sport-utility/	49675 USD	2026 Baltic Gray Metallic Clearcoat Jeep Grand Cherokee Laredo Altitude Intercooled Turbo Regular Gasoline I-4 2.0 L/122 For sale at Dahl CDJR Rochester in Rochester Minnesota.	https://content.homenetiol.com/2000157/2065512/0x0/0993a151bbfc44bf89bb61a4970cad89.jpg	in stock	NEW	SUV	Vehicles & Parts > Vehicles > Motor Vehicles > Cars, Trucks & Vans	1C4RJHAR1TC307082	https://www.dahlchryslerdodgejeepramrochester.com/viewdetails/new/1c4rjhar1tc307082/2026-jeep-grand-cherokee-sport-utility/123?store={store_code}	GRAY	0 miles	Grand Cherokee	1C4RJHAR1TC307082	2026	49675 USD	60958	49675 USD	MI	no	Grand Cherokee	No	Over 20k
1C4RJHAR1TC315148	2026 Jeep Grand Cherokee Laredo Altitude	Jeep	https://www.dahlchryslerdodgejeepramrochester.com/viewdetails/new/1c4rjhar1tc315148/2026-jeep-grand-cherokee-sport-utility/	49080 USD	2026 Bright White Clearcoat Jeep Grand Cherokee Laredo Altitude Intercooled Turbo Regular Gasoline I-4 2.0 L/122 For sale at Dahl CDJR Rochester in Rochester Minnesota.	https://content.homenetiol.com/2000157/2065512/0x0/23e0d09fd66a4e4ab7b7a70f2e715f57.jpg	in stock	NEW	SUV	Vehicles & Parts > Vehicles > Motor Vehicles > Cars, Trucks & Vans	1C4RJHAR1TC315148	https://www.dahlchryslerdodgejeepramrochester.com/viewdetails/new/1c4rjhar1tc315148/2026-jeep-grand-cherokee-sport-utility/123?store={store_code}	WHITE	0 miles	Grand Cherokee	1C4RJHAR1TC315148	2026	49080 USD	60958	49080 USD	MI	no	Grand Cherokee	No	Over 20k
1C4RJHAR3VC552520	2027 Jeep Grand Cherokee Laredo Altitude	Jeep	https://www.dahlchryslerdodgejeepramrochester.com/viewdetails/new/1c4rjhar3vc552520/2027-jeep-grand-cherokee-sport-utility/	49455 USD	2027 Red Hot Pearlcoat Jeep Grand Cherokee Laredo Altitude Intercooled Turbo Regular Gasoline I-4 2.0 L/122 For sale at Dahl CDJR Rochester in Rochester Minnesota.	https://content.homenetiol.com/2000157/2065512/0x0/f290a3bd5bd74d848a0375fc9c352962.jpg	in stock	NEW	SUV	Vehicles & Parts > Vehicles > Motor Vehicles > Cars, Trucks & Vans	1C4RJHAR3VC552520	https://www.dahlchryslerdodgejeepramrochester.com/viewdetails/new/1c4rjhar3vc552520/2027-jeep-grand-cherokee-sport-utility/123?store={store_code}	RED	0 miles	Grand Cherokee	1C4RJHAR3VC552520	2027	49455 USD	60958	49455 USD	MI	no	Grand Cherokee	No	Over 20k
1C4RJHAR5TC307084	2026 Jeep Grand Cherokee Laredo Altitude	Jeep	https://www.dahlchryslerdodgejeepramrochester.com/viewdetails/new/1c4rjhar5tc307084/2026-jeep-grand-cherokee-sport-utility/	49080 USD	2026 Bright White Clearcoat Jeep Grand Cherokee Laredo Altitude Intercooled Turbo Regular Gasoline I-4 2.0 L/122 For sale at Dahl CDJR Rochester in Rochester Minnesota.	https://content.homenetiol.com/2000157/2065512/0x0/49fb38d5fa88470ba71d3571c9f4ba51.jpg	in stock	NEW	SUV	Vehicles & Parts > Vehicles > Motor Vehicles > Cars, Trucks & Vans	1C4RJHAR5TC307084	https://www.dahlchryslerdodgejeepramrochester.com/viewdetails/new/1c4rjhar5tc307084/2026-jeep-grand-cherokee-sport-utility/123?store={store_code}	WHITE	0 miles	Grand Cherokee	1C4RJHAR5TC307084	2026	49080 USD	60958	49080 USD	MI	no	Grand Cherokee	No	Over 20k
1C4RJHAR5VC552521	2027 Jeep Grand Cherokee Laredo Altitude	Jeep	https://www.dahlchryslerdodgejeepramrochester.com/viewdetails/new/1c4rjhar5vc552521/2027-jeep-grand-cherokee-sport-utility/	49455 USD	2027 Red Hot Pearlcoat Jeep Grand Cherokee Laredo Altitude Intercooled Turbo Regular Gasoline I-4 2.0 L/122 For sale at Dahl CDJR Rochester in Rochester Minnesota.	https://content.homenetiol.com/2000157/2065512/0x0/a4dfab521935471a983b87dd6527b553.jpg	in stock	NEW	SUV	Vehicles & Parts > Vehicles > Motor Vehicles > Cars, Trucks & Vans	1C4RJHAR5VC552521	https://www.dahlchryslerdodgejeepramrochester.com/viewdetails/new/1c4rjhar5vc552521/2027-jeep-grand-cherokee-sport-utility/123?store={store_code}	RED	0 miles	Grand Cherokee	1C4RJHAR5VC552521	2027	49455 USD	60958	49455 USD	MI	no	Grand Cherokee	No	Over 20k
1C4RJHAR7TC193475	2026 Jeep Grand Cherokee Laredo Altitude	Jeep	https://www.dahlchryslerdodgejeepramrochester.com/viewdetails/new/1c4rjhar7tc193475/2026-jeep-grand-cherokee-sport-utility/	48250 USD	2026 Silver Zynith Jeep Grand Cherokee Laredo Altitude Intercooled Turbo Regular Gasoline I-4 2.0 L/122 For sale at Dahl CDJR Rochester in Rochester Minnesota.	https://content.homenetiol.com/2000157/2065512/0x0/259b71f48b37446aa357b506b7adb2f9.jpg	in stock	NEW	SUV	Vehicles & Parts > Vehicles > Motor Vehicles > Cars, Trucks & Vans	1C4RJHAR7TC193475	https://www.dahlchryslerdodgejeepramrochester.com/viewdetails/new/1c4rjhar7tc193475/2026-jeep-grand-cherokee-sport-utility/123?store={store_code}	SILVER	0 miles	Grand Cherokee	1C4RJHAR7TC193475	2026	48250 USD	60958	48250 USD	MI	no	Grand Cherokee	No	Over 20k
1C4RJHAR7TC307085	2026 Jeep Grand Cherokee Laredo Altitude	Jeep	https://www.dahlchryslerdodgejeepramrochester.com/viewdetails/new/1c4rjhar7tc307085/2026-jeep-grand-cherokee-sport-utility/	49080 USD	2026 Bright White Clearcoat Jeep Grand Cherokee Laredo Altitude Intercooled Turbo Regular Gasoline I-4 2.0 L/122 For sale at Dahl CDJR Rochester in Rochester Minnesota.	https://content.homenetiol.com/2000157/2065512/0x0/85ee532f0b924b749da28e67915e98b2.jpg	in stock	NEW	SUV	Vehicles & Parts > Vehicles > Motor Vehicles > Cars, Trucks & Vans	1C4RJHAR7TC307085	https://www.dahlchryslerdodgejeepramrochester.com/viewdetails/new/1c4rjhar7tc307085/2026-jeep-grand-cherokee-sport-utility/123?store={store_code}	WHITE	0 miles	Grand Cherokee	1C4RJHAR7TC307085	2026	49080 USD	60958	49080 USD	MI	no	Grand Cherokee	No	Over 20k
1C4RJHAR9TC307086	2026 Jeep Grand Cherokee Laredo Altitude	Jeep	https://www.dahlchryslerdodgejeepramrochester.com/viewdetails/new/1c4rjhar9tc307086/2026-jeep-grand-cherokee-sport-utility/	49675 USD	2026 Silver Zynith Jeep Grand Cherokee Laredo Altitude Intercooled Turbo Regular Gasoline I-4 2.0 L/122 For sale at Dahl CDJR Rochester in Rochester Minnesota.	https://content.homenetiol.com/2000157/2065512/0x0/489c2c295a9b499299478295aa41d04b.jpg	in stock	NEW	SUV	Vehicles & Parts > Vehicles > Motor Vehicles > Cars, Trucks & Vans	1C4RJHAR9TC307086	https://www.dahlchryslerdodgejeepramrochester.com/viewdetails/new/1c4rjhar9tc307086/2026-jeep-grand-cherokee-sport-utility/123?store={store_code}	SILVER	0 miles	Grand Cherokee	1C4RJHAR9TC307086	2026	49675 USD	60958	49675 USD	MI	no	Grand Cherokee	No	Over 20k
1C4RJHARXTC315147	2026 Jeep Grand Cherokee Laredo Altitude	Jeep	https://www.dahlchryslerdodgejeepramrochester.com/viewdetails/new/1c4rjharxtc315147/2026-jeep-grand-cherokee-sport-utility/	49080 USD	2026 Bright White Clearcoat Jeep Grand Cherokee Laredo Altitude Intercooled Turbo Regular Gasoline I-4 2.0 L/122 For sale at Dahl CDJR Rochester in Rochester Minnesota.	https://content.homenetiol.com/2000157/2065512/0x0/f9e4c1137f274b2e898ebe1bc0613e86.jpg	in stock	NEW	SUV	Vehicles & Parts > Vehicles > Motor Vehicles > Cars, Trucks & Vans	1C4RJHARXTC315147	https://www.dahlchryslerdodgejeepramrochester.com/viewdetails/new/1c4rjharxtc315147/2026-jeep-grand-cherokee-sport-utility/123?store={store_code}	WHITE	0 miles	Grand Cherokee	1C4RJHARXTC315147	2026	49080 USD	60958	49080 USD	MI	no	Grand Cherokee	No	Over 20k
1C4RJHBR4TC309567	2026 Jeep Grand Cherokee Limited	Jeep	https://www.dahlchryslerdodgejeepramrochester.com/viewdetails/new/1c4rjhbr4tc309567/2026-jeep-grand-cherokee-sport-utility/	51730 USD	2026 Baltic Gray Metallic Clearcoat Jeep Grand Cherokee Limited Intercooled Turbo Regular Gasoline I-4 2.0 L/122 For sale at Dahl CDJR Rochester in Rochester Minnesota.	https://content.homenetiol.com/2000157/2065512/0x0/b933f69e510944d88c3d4204d9e9dd1f.jpg	in stock	NEW	SUV	Vehicles & Parts > Vehicles > Motor Vehicles > Cars, Trucks & Vans	1C4RJHBR4TC309567	https://www.dahlchryslerdodgejeepramrochester.com/viewdetails/new/1c4rjhbr4tc309567/2026-jeep-grand-cherokee-sport-utility/123?store={store_code}	GRAY	0 miles	Grand Cherokee	1C4RJHBR4TC309567	2026	51730 USD	60958	51730 USD	MI	no	Grand Cherokee	No	Over 20k
1C4RJHBR4V8150121	2027 Jeep Grand Cherokee Limited Reserve	Jeep	https://www.dahlchryslerdodgejeepramrochester.com/viewdetails/new/1c4rjhbr4v8150121/2027-jeep-grand-cherokee-sport-utility/	55145 USD	2027 Copper Shino Metallic Clearcoat Jeep Grand Cherokee Limited Reserve Intercooled Turbo Regular Gasoline I-4 2.0 L/122 For sale at Dahl CDJR Rochester in Rochester Minnesota.	https://content.homenetiol.com/2000157/2065512/0x0/b96728bc214948ffa88c6dd716444763.jpg	in stock	NEW	SUV	Vehicles & Parts > Vehicles > Motor Vehicles > Cars, Trucks & Vans	1C4RJHBR4V8150121	https://www.dahlchryslerdodgejeepramrochester.com/viewdetails/new/1c4rjhbr4v8150121/2027-jeep-grand-cherokee-sport-utility/123?store={store_code}	ORANGE	0 miles	Grand Cherokee	1C4RJHBR4V8150121	2027	55145 USD	60958	55145 USD	MI	no	Grand Cherokee	No	Over 20k
1C4RJHBR4VC552525	2027 Jeep Grand Cherokee Limited Reserve	Jeep	https://www.dahlchryslerdodgejeepramrochester.com/viewdetails/new/1c4rjhbr4vc552525/2027-jeep-grand-cherokee-sport-utility/	54550 USD	2027 Red Hot Pearlcoat Jeep Grand Cherokee Limited Reserve Intercooled Turbo Regular Gasoline I-4 2.0 L/122 For sale at Dahl CDJR Rochester in Rochester Minnesota.	https://content.homenetiol.com/2000157/2065512/0x0/c3004f71a30049e197e15495f6fc404e.jpg	in stock	NEW	SUV	Vehicles & Parts > Vehicles > Motor Vehicles > Cars, Trucks & Vans	1C4RJHBR4VC552525	https://www.dahlchryslerdodgejeepramrochester.com/viewdetails/new/1c4rjhbr4vc552525/2027-jeep-grand-cherokee-sport-utility/123?store={store_code}	RED	0 miles	Grand Cherokee	1C4RJHBR4VC552525	2027	54550 USD	60958	54550 USD	MI	no	Grand Cherokee	No	Over 20k
1C4RJHBR5TC299700	2026 Jeep Grand Cherokee Limited	Jeep	https://www.dahlchryslerdodgejeepramrochester.com/viewdetails/new/1c4rjhbr5tc299700/2026-jeep-grand-cherokee-sport-utility/	52130 USD	2026 Bright White Clearcoat Jeep Grand Cherokee Limited Intercooled Turbo Regular Gasoline I-4 2.0 L/122 For sale at Dahl CDJR Rochester in Rochester Minnesota.	https://content.homenetiol.com/2000157/2065512/0x0/435019b62f0247f0bccf858e53911d5d.jpg	in stock	NEW	SUV	Vehicles & Parts > Vehicles > Motor Vehicles > Cars, Trucks & Vans	1C4RJHBR5TC299700	https://www.dahlchryslerdodgejeepramrochester.com/viewdetails/new/1c4rjhbr5tc299700/2026-jeep-grand-cherokee-sport-utility/123?store={store_code}	WHITE	0 miles	Grand Cherokee	1C4RJHBR5TC299700	2026	52130 USD	60958	52130 USD	MI	no	Grand Cherokee	No	Over 20k
1C4RJHBR5V8150189	2027 Jeep Grand Cherokee Limited	Jeep	https://www.dahlchryslerdodgejeepramrochester.com/viewdetails/new/1c4rjhbr5v8150189/2027-jeep-grand-cherokee-sport-utility/	51550 USD	2027 Steel Blue Jeep Grand Cherokee Limited Intercooled Turbo Regular Gasoline I-4 2.0 L/122 For sale at Dahl CDJR Rochester in Rochester Minnesota.	https://content.homenetiol.com/2000157/2065512/0x0/3ec41635c59d46cd8fc8e11b47b6dabe.jpg	in stock	NEW	SUV	Vehicles & Parts > Vehicles > Motor Vehicles > Cars, Trucks & Vans	1C4RJHBR5V8150189	https://www.dahlchryslerdodgejeepramrochester.com/viewdetails/new/1c4rjhbr5v8150189/2027-jeep-grand-cherokee-sport-utility/123?store={store_code}	GRAY	0 miles	Grand Cherokee	1C4RJHBR5V8150189	2027	51550 USD	60958	51550 USD	MI	no	Grand Cherokee	No	Over 20k
1C4RJHBR7T8583879	2026 Jeep Grand Cherokee Limited Reserve	Jeep	https://www.dahlchryslerdodgejeepramrochester.com/viewdetails/new/1c4rjhbr7t8583879/2026-jeep-grand-cherokee-sport-utility/	55130 USD	2026 Steel Blue Jeep Grand Cherokee Limited Reserve Intercooled Turbo Regular Gasoline I-4 2.0 L/122 For sale at Dahl CDJR Rochester in Rochester Minnesota.	https://prod.tvmimageservice.com/images/GetEvoxImage?styleid=481460&amp;Width=640&amp;Height=480&amp;Type=jpeg&amp;Angle=03&amp;quality=80&amp;BackGroundColor=white&amp;colorcode=PB5&amp;autocrop=True&amp;useoverrides=true	in stock	NEW	SUV	Vehicles & Parts > Vehicles > Motor Vehicles > Cars, Trucks & Vans	1C4RJHBR7T8583879	https://www.dahlchryslerdodgejeepramrochester.com/viewdetails/new/1c4rjhbr7t8583879/2026-jeep-grand-cherokee-sport-utility/123?store={store_code}	GRAY	0 miles	Grand Cherokee	1C4RJHBR7T8583879	2026	55130 USD	60958	55130 USD	MI	no	Grand Cherokee	No	Over 20k
1C4RJHBR7TC299701	2026 Jeep Grand Cherokee Limited	Jeep	https://www.dahlchryslerdodgejeepramrochester.com/viewdetails/new/1c4rjhbr7tc299701/2026-jeep-grand-cherokee-sport-utility/	52130 USD	2026 Bright White Clearcoat Jeep Grand Cherokee Limited Intercooled Turbo Regular Gasoline I-4 2.0 L/122 For sale at Dahl CDJR Rochester in Rochester Minnesota.	https://content.homenetiol.com/2000157/2065512/0x0/e1214e3fc68945f19a9cd0b5a6f78d1b.jpg	in stock	NEW	SUV	Vehicles & Parts > Vehicles > Motor Vehicles > Cars, Trucks & Vans	1C4RJHBR7TC299701	https://www.dahlchryslerdodgejeepramrochester.com/viewdetails/new/1c4rjhbr7tc299701/2026-jeep-grand-cherokee-sport-utility/123?store={store_code}	WHITE	0 miles	Grand Cherokee	1C4RJHBR7TC299701	2026	52130 USD	60958	52130 USD	MI	no	Grand Cherokee	No	Over 20k
1C4RJHBR8TC309569	2026 Jeep Grand Cherokee Limited	Jeep	https://www.dahlchryslerdodgejeepramrochester.com/viewdetails/new/1c4rjhbr8tc309569/2026-jeep-grand-cherokee-sport-utility/	51135 USD	2026 Bright White Clearcoat Jeep Grand Cherokee Limited Intercooled Turbo Regular Gasoline I-4 2.0 L/122 For sale at Dahl CDJR Rochester in Rochester Minnesota.	https://content.homenetiol.com/2000157/2065512/0x0/0ed50509c2df40e9adba70df2355fdb9.jpg	in stock	NEW	SUV	Vehicles & Parts > Vehicles > Motor Vehicles > Cars, Trucks & Vans	1C4RJHBR8TC309569	https://www.dahlchryslerdodgejeepramrochester.com/viewdetails/new/1c4rjhbr8tc309569/2026-jeep-grand-cherokee-sport-utility/123?store={store_code}	WHITE	0 miles	Grand Cherokee	1C4RJHBR8TC309569	2026	51135 USD	60958	51135 USD	MI	no	Grand Cherokee	No	Over 20k
1C4RJHBR8TC309572	2026 Jeep Grand Cherokee Limited	Jeep	https://www.dahlchryslerdodgejeepramrochester.com/viewdetails/new/1c4rjhbr8tc309572/2026-jeep-grand-cherokee-sport-utility/	51730 USD	2026 Silver Zynith Jeep Grand Cherokee Limited Intercooled Turbo Regular Gasoline I-4 2.0 L/122 For sale at Dahl CDJR Rochester in Rochester Minnesota.	https://content.homenetiol.com/2000157/2065512/0x0/f7bef90a62174b4980db528daa3bbe04.jpg	in stock	NEW	SUV	Vehicles & Parts > Vehicles > Motor Vehicles > Cars, Trucks & Vans	1C4RJHBR8TC309572	https://www.dahlchryslerdodgejeepramrochester.com/viewdetails/new/1c4rjhbr8tc309572/2026-jeep-grand-cherokee-sport-utility/123?store={store_code}	SILVER	0 miles	Grand Cherokee	1C4RJHBR8TC309572	2026	51730 USD	60958	51730 USD	MI	no	Grand Cherokee	No	Over 20k
1C4RJKAR0T8582345	2026 Jeep Grand Cherokee L Laredo Altitude	Jeep	https://www.dahlchryslerdodgejeepramrochester.com/viewdetails/new/1c4rjkar0t8582345/2026-jeep-grand-cherokee-l-sport-utility/	51675 USD	2026 Baltic Gray Metallic Clearcoat Jeep Grand Cherokee L Laredo Altitude Intercooled Turbo Regular Unleaded I-4 2.0 L/122 For sale at Dahl CDJR Rochester in Rochester Minnesota.	https://content.homenetiol.com/2000157/2065512/0x0/5600a979bc3c4d21a97fc08930addc99.jpg	in stock	NEW	SUV	Vehicles & Parts > Vehicles > Motor Vehicles > Cars, Trucks & Vans	1C4RJKAR0T8582345	https://www.dahlchryslerdodgejeepramrochester.com/viewdetails/new/1c4rjkar0t8582345/2026-jeep-grand-cherokee-l-sport-utility/123?store={store_code}	GRAY	0 miles	Grand Cherokee L	1C4RJKAR0T8582345	2026	51675 USD	60958	51675 USD	MI	no	Grand Cherokee L	No	Over 20k
1C4RJKAR1T8574738	2026 Jeep Grand Cherokee L Laredo Altitude	Jeep	https://www.dahlchryslerdodgejeepramrochester.com/viewdetails/new/1c4rjkar1t8574738/2026-jeep-grand-cherokee-l-sport-utility/	51675 USD	2026 Silver Zynith Jeep Grand Cherokee L Laredo Altitude Intercooled Turbo Regular Gasoline I-4 2.0 L/122 For sale at Dahl CDJR Rochester in Rochester Minnesota.	https://content.homenetiol.com/2000157/2065512/0x0/e19caeff7a4340aaa23cee9951294df7.jpg	in stock	NEW	SUV	Vehicles & Parts > Vehicles > Motor Vehicles > Cars, Trucks & Vans	1C4RJKAR1T8574738	https://www.dahlchryslerdodgejeepramrochester.com/viewdetails/new/1c4rjkar1t8574738/2026-jeep-grand-cherokee-l-sport-utility/123?store={store_code}	SILVER	0 miles	Grand Cherokee L	1C4RJKAR1T8574738	2026	51675 USD	60958	51675 USD	MI	no	Grand Cherokee L	No	Over 20k
1C4RJKAR4T8582347	2026 Jeep Grand Cherokee L Laredo Altitude	Jeep	https://www.dahlchryslerdodgejeepramrochester.com/viewdetails/new/1c4rjkar4t8582347/2026-jeep-grand-cherokee-l-sport-utility/	51675 USD	2026 Diamond Black Crystal Pearlcoat Jeep Grand Cherokee L Laredo Altitude Intercooled Turbo Regular Unleaded I-4 2.0 L/122 For sale at Dahl CDJR Rochester in Rochester Minnesota.	https://content.homenetiol.com/2000157/2065512/0x0/e24d7209ded54bcc84c3319cfe3926b7.jpg	in stock	NEW	SUV	Vehicles & Parts > Vehicles > Motor Vehicles > Cars, Trucks & Vans	1C4RJKAR4T8582347	https://www.dahlchryslerdodgejeepramrochester.com/viewdetails/new/1c4rjkar4t8582347/2026-jeep-grand-cherokee-l-sport-utility/123?store={store_code}	BLACK	0 miles	Grand Cherokee L	1C4RJKAR4T8582347	2026	51675 USD	60958	51675 USD	MI	no	Grand Cherokee L	No	Over 20k
1C4RJKAR6T8582348	2026 Jeep Grand Cherokee L Laredo Altitude	Jeep	https://www.dahlchryslerdodgejeepramrochester.com/viewdetails/new/1c4rjkar6t8582348/2026-jeep-grand-cherokee-l-sport-utility/	51675 USD	2026 Silver Zynith Jeep Grand Cherokee L Laredo Altitude Intercooled Turbo Regular Unleaded I-4 2.0 L/122 For sale at Dahl CDJR Rochester in Rochester Minnesota.	https://prod.tvmimageservice.com/images/GetEvoxImage?styleid=481271&amp;Width=640&amp;Height=480&amp;Type=jpeg&amp;Angle=03&amp;quality=80&amp;BackGroundColor=white&amp;colorcode=PSE&amp;autocrop=True&amp;useoverrides=true	in stock	NEW	SUV	Vehicles & Parts > Vehicles > Motor Vehicles > Cars, Trucks & Vans	1C4RJKAR6T8582348	https://www.dahlchryslerdodgejeepramrochester.com/viewdetails/new/1c4rjkar6t8582348/2026-jeep-grand-cherokee-l-sport-utility/123?store={store_code}	SILVER	0 miles	Grand Cherokee L	1C4RJKAR6T8582348	2026	51675 USD	60958	51675 USD	MI	no	Grand Cherokee L	No	Over 20k
1C4RJKAR7V8180101	2027 Jeep Grand Cherokee Laredo	Jeep	https://www.dahlchryslerdodgejeepramrochester.com/viewdetails/new/1c4rjkar7v8180101/2027-jeep-grand-cherokee-wljh75/	53335 USD	2027 Red Hot Pearlcoat Jeep Grand Cherokee Laredo 2.0L HURRICANE 4 TURBO W/ESS For sale at Dahl CDJR Rochester in Rochester Minnesota.	https://www.jeep.com/mediaserver/iris?client=FCAUS&amp;market=U&amp;brand=J&amp;vehicle=2027_WL&amp;paint=PR6&amp;fabric=X7&amp;sa=WLJH75%2C2TB%2C2BB%2CPR6%2CX7%2C-X7%2CCF1%2CGWA%2CMRU&amp;resp=png&amp;bkgnd=white&amp;pov=fronthero	in stock	NEW	SUV	Vehicles & Parts > Vehicles > Motor Vehicles > Cars, Trucks & Vans	1C4RJKAR7V8180101	https://www.dahlchryslerdodgejeepramrochester.com/viewdetails/new/1c4rjkar7v8180101/2027-jeep-grand-cherokee-wljh75/123?store={store_code}	RED	0 miles	Grand Cherokee	1C4RJKAR7V8180101	2027	53335 USD	60958	53335 USD	MI	no	Grand Cherokee	No	Over 20k
1C4RJKARXT8567075	2026 Jeep Grand Cherokee L Laredo Altitude	Jeep	https://www.dahlchryslerdodgejeepramrochester.com/viewdetails/new/1c4rjkarxt8567075/2026-jeep-grand-cherokee-l-sport-utility/	50575 USD	2026 Bright White Clearcoat Jeep Grand Cherokee L Laredo Altitude Intercooled Turbo Regular Gasoline I-4 2.0 L/122 For sale at Dahl CDJR Rochester in Rochester Minnesota.	https://content.homenetiol.com/2000157/2065512/0x0/cfa74166ac3142e9a295fb73a1f2fbcb.jpg	in stock	NEW	SUV	Vehicles & Parts > Vehicles > Motor Vehicles > Cars, Trucks & Vans	1C4RJKARXT8567075	https://www.dahlchryslerdodgejeepramrochester.com/viewdetails/new/1c4rjkarxt8567075/2026-jeep-grand-cherokee-l-sport-utility/123?store={store_code}	WHITE	0 miles	Grand Cherokee L	1C4RJKARXT8567075	2026	50575 USD	60958	50575 USD	MI	no	Grand Cherokee L	No	Over 20k
1C4RJKBR2T8569188	2026 Jeep Grand Cherokee L Limited	Jeep	https://www.dahlchryslerdodgejeepramrochester.com/viewdetails/new/1c4rjkbr2t8569188/2026-jeep-grand-cherokee-l-sport-utility/	52135 USD	2026 Bright White Clearcoat Jeep Grand Cherokee L Limited Intercooled Turbo Regular Unleaded I-4 2.0 L/122 For sale at Dahl CDJR Rochester in Rochester Minnesota.	https://content.homenetiol.com/2000157/2065512/0x0/3462c2cbcf464e719915ca740e8625ee.jpg	in stock	NEW	SUV	Vehicles & Parts > Vehicles > Motor Vehicles > Cars, Trucks & Vans	1C4RJKBR2T8569188	https://www.dahlchryslerdodgejeepramrochester.com/viewdetails/new/1c4rjkbr2t8569188/2026-jeep-grand-cherokee-l-sport-utility/123?store={store_code}	WHITE	0 miles	Grand Cherokee L	1C4RJKBR2T8569188	2026	52135 USD	60958	52135 USD	MI	no	Grand Cherokee L	No	Over 20k
1C4RJKBR2T8585973	2026 Jeep Grand Cherokee L 85th Anniversary Edition	Jeep	https://www.dahlchryslerdodgejeepramrochester.com/viewdetails/new/1c4rjkbr2t8585973/2026-jeep-grand-cherokee-l-sport-utility/	55630 USD	2026 Bright White Clearcoat Jeep Grand Cherokee L 85th Anniversary Edition Intercooled Turbo Regular Unleaded I-4 2.0 L/122 For sale at Dahl CDJR Rochester in Rochester Minnesota.	https://content.homenetiol.com/2000157/2065512/0x0/38976df965964f42ae6f300c4d0aed58.jpg	in stock	NEW	SUV	Vehicles & Parts > Vehicles > Motor Vehicles > Cars, Trucks & Vans	1C4RJKBR2T8585973	https://www.dahlchryslerdodgejeepramrochester.com/viewdetails/new/1c4rjkbr2t8585973/2026-jeep-grand-cherokee-l-sport-utility/123?store={store_code}	WHITE	0 miles	Grand Cherokee L	1C4RJKBR2T8585973	2026	55630 USD	60958	55630 USD	MI	no	Grand Cherokee L	No	Over 20k
1C4RJKBR3V8168915	2027 Jeep Grand Cherokee Limited	Jeep	https://www.dahlchryslerdodgejeepramrochester.com/viewdetails/new/1c4rjkbr3v8168915/2027-jeep-grand-cherokee-wljp75/	54805 USD	2027 Copper Shino Metallic Clear Coat Paint Jeep Grand Cherokee Limited 2.0L HURRICANE 4 TURBO W/ESS For sale at Dahl CDJR Rochester in Rochester Minnesota.	https://www.jeep.com/mediaserver/iris?client=FCAUS&amp;market=U&amp;brand=J&amp;vehicle=2027_WL&amp;paint=PVB&amp;fabric=X7&amp;sa=WLJP75%2C2TE%2C2BE%2CPVB%2C-X7%2CABR%2CGWJ%2CWHH&amp;resp=png&amp;bkgnd=white&amp;pov=fronthero	in stock	NEW	SUV	Vehicles & Parts > Vehicles > Motor Vehicles > Cars, Trucks & Vans	1C4RJKBR3V8168915	https://www.dahlchryslerdodgejeepramrochester.com/viewdetails/new/1c4rjkbr3v8168915/2027-jeep-grand-cherokee-wljp75/123?store={store_code}	ORANGE	0 miles	Grand Cherokee	1C4RJKBR3V8168915	2027	54805 USD	60958	54805 USD	MI	no	Grand Cherokee	No	Over 20k
1C4RJKBR4T8569189	2026 Jeep Grand Cherokee L Limited	Jeep	https://www.dahlchryslerdodgejeepramrochester.com/viewdetails/new/1c4rjkbr4t8569189/2026-jeep-grand-cherokee-l-sport-utility/	52730 USD	2026 Diamond Black Crystal Pearlcoat Jeep Grand Cherokee L Limited Intercooled Turbo Regular Unleaded I-4 2.0 L/122 For sale at Dahl CDJR Rochester in Rochester Minnesota.	https://content.homenetiol.com/2000157/2065512/0x0/416f656eaf49423da54f450646412b8a.jpg	in stock	NEW	SUV	Vehicles & Parts > Vehicles > Motor Vehicles > Cars, Trucks & Vans	1C4RJKBR4T8569189	https://www.dahlchryslerdodgejeepramrochester.com/viewdetails/new/1c4rjkbr4t8569189/2026-jeep-grand-cherokee-l-sport-utility/123?store={store_code}	BLACK	0 miles	Grand Cherokee L	1C4RJKBR4T8569189	2026	52730 USD	60958	52730 USD	MI	no	Grand Cherokee L	No	Over 20k
1C4SDJCT2TC290687	2026 Dodge Durango GT Plus HEMI V8	Dodge	https://www.dahlchryslerdodgejeepramrochester.com/viewdetails/new/1c4sdjct2tc290687/2026-dodge-durango-sport-utility/	52135 USD	2026 Destroyer Gray Clearcoat Dodge Durango GT Plus HEMI V8 Regular Gasoline V-8 5.7 L/345 For sale at Dahl CDJR Rochester in Rochester Minnesota.	https://prod.tvmimageservice.com/images/GetEvoxImage?styleid=478285&amp;Width=640&amp;Height=480&amp;Type=jpeg&amp;Angle=03&amp;quality=80&amp;BackGroundColor=white&amp;colorcode=PDN&amp;autocrop=True&amp;useoverrides=true	in stock	NEW	SUV	Vehicles & Parts > Vehicles > Motor Vehicles > Cars, Trucks & Vans	1C4SDJCT2TC290687	https://www.dahlchryslerdodgejeepramrochester.com/viewdetails/new/1c4sdjct2tc290687/2026-dodge-durango-sport-utility/123?store={store_code}	GRAY	0 miles	Durango	1C4SDJCT2TC290687	2026	52135 USD	60958	52135 USD	MI	no	Durango	No	Over 20k
1C4SDJCT6TC286884	2026 Dodge Durango GT Plus HEMI V8	Dodge	https://www.dahlchryslerdodgejeepramrochester.com/viewdetails/new/1c4sdjct6tc286884/2026-dodge-durango-sport-utility/	51910 USD	2026 Night Moves Dodge Durango GT Plus HEMI V8 Regular Gasoline V-8 5.7 L/345 For sale at Dahl CDJR Rochester in Rochester Minnesota.	https://content.homenetiol.com/2000157/2065512/0x0/0444ab02e7f14d25872e9062a72fbec2.jpg	in stock	NEW	SUV	Vehicles & Parts > Vehicles > Motor Vehicles > Cars, Trucks & Vans	1C4SDJCT6TC286884	https://www.dahlchryslerdodgejeepramrochester.com/viewdetails/new/1c4sdjct6tc286884/2026-dodge-durango-sport-utility/123?store={store_code}	BLACK	0 miles	Durango	1C4SDJCT6TC286884	2026	51910 USD	60958	51910 USD	MI	no	Durango	No	Over 20k
1C4SDJH94VC550281	2027 Dodge Durango SRT Hellcat	Dodge	https://www.dahlchryslerdodgejeepramrochester.com/viewdetails/new/1c4sdjh94vc550281/2027-dodge-durango-sport-utility/	83485 USD	2027 Pitch Black Dodge Durango SRT Hellcat Intercooled Supercharger Premium Gasoline V-8 6.2 L/376 For sale at Dahl CDJR Rochester in Rochester Minnesota.	https://content.homenetiol.com/2000157/2065512/0x0/169af1bb8bbf45a3adc8d34bc5cd833a.jpg	in stock	NEW	SUV	Vehicles & Parts > Vehicles > Motor Vehicles > Cars, Trucks & Vans	1C4SDJH94VC550281	https://www.dahlchryslerdodgejeepramrochester.com/viewdetails/new/1c4sdjh94vc550281/2027-dodge-durango-sport-utility/123?store={store_code}	BLACK	0 miles	Durango	1C4SDJH94VC550281	2027	83485 USD	60958	83485 USD	MI	no	Durango	No	Over 20k
1C4SJVBP4TS153924	2026 Jeep Grand Wagoneer Limited Altitude	Jeep	https://www.dahlchryslerdodgejeepramrochester.com/viewdetails/new/1c4sjvbp4ts153924/2026-jeep-grand-wagoneer-sport-utility/	79145 USD	2026 Silver Zynith Jeep Grand Wagoneer Limited Altitude Twin Turbo Regular Gasoline I-6 3.0 L/183 For sale at Dahl CDJR Rochester in Rochester Minnesota.	https://content.homenetiol.com/2000157/2065512/0x0/7d74efe739d54200b1e20da179c88e1b.jpg	in stock	NEW	SUV	Vehicles & Parts > Vehicles > Motor Vehicles > Cars, Trucks & Vans	1C4SJVBP4TS153924	https://www.dahlchryslerdodgejeepramrochester.com/viewdetails/new/1c4sjvbp4ts153924/2026-jeep-grand-wagoneer-sport-utility/123?store={store_code}	SILVER	0 miles	Grand Wagoneer	1C4SJVBP4TS153924	2026	79145 USD	60958	79145 USD	MI	no	Grand Wagoneer	No	Over 20k
1C4SJVBP4TS168925	2026 Jeep Grand Wagoneer Limited Altitude	Jeep	https://www.dahlchryslerdodgejeepramrochester.com/viewdetails/new/1c4sjvbp4ts168925/2026-jeep-grand-wagoneer-sport-utility/	78975 USD	2026 Baltic Gray Metallic Clearcoat Jeep Grand Wagoneer Limited Altitude Twin Turbo Regular Gasoline I-6 3.0 L/183 For sale at Dahl CDJR Rochester in Rochester Minnesota.	https://content.homenetiol.com/2000157/2065512/0x0/73e1362c70214965a8cde7c254c66639.jpg	in stock	NEW	SUV	Vehicles & Parts > Vehicles > Motor Vehicles > Cars, Trucks & Vans	1C4SJVBP4TS168925	https://www.dahlchryslerdodgejeepramrochester.com/viewdetails/new/1c4sjvbp4ts168925/2026-jeep-grand-wagoneer-sport-utility/123?store={store_code}	GRAY	0 miles	Grand Wagoneer	1C4SJVBP4TS168925	2026	78975 USD	60958	78975 USD	MI	no	Grand Wagoneer	No	Over 20k
1C4SJVBP6TS168926	2026 Jeep Grand Wagoneer Limited Altitude	Jeep	https://www.dahlchryslerdodgejeepramrochester.com/viewdetails/new/1c4sjvbp6ts168926/2026-jeep-grand-wagoneer-sport-utility/	78975 USD	2026 High Gloss Black Jeep Grand Wagoneer Limited Altitude Twin Turbo Regular Gasoline I-6 3.0 L/183 For sale at Dahl CDJR Rochester in Rochester Minnesota.	https://content.homenetiol.com/2000157/2065512/0x0/d6be33078fe8490aa347b933f73fa7ca.jpg	in stock	NEW	SUV	Vehicles & Parts > Vehicles > Motor Vehicles > Cars, Trucks & Vans	1C4SJVBP6TS168926	https://www.dahlchryslerdodgejeepramrochester.com/viewdetails/new/1c4sjvbp6ts168926/2026-jeep-grand-wagoneer-sport-utility/123?store={store_code}	BLACK	0 miles	Grand Wagoneer	1C4SJVBP6TS168926	2026	78975 USD	60958	78975 USD	MI	no	Grand Wagoneer	No	Over 20k
1C4SJVBP7TS153965	2026 Jeep Grand Wagoneer Limited Altitude	Jeep	https://www.dahlchryslerdodgejeepramrochester.com/viewdetails/new/1c4sjvbp7ts153965/2026-jeep-grand-wagoneer-sport-utility/	78650 USD	2026 Baltic Gray Metallic Clearcoat Jeep Grand Wagoneer Limited Altitude Twin Turbo Regular Gasoline I-6 3.0 L/183 For sale at Dahl CDJR Rochester in Rochester Minnesota.	https://content.homenetiol.com/2000157/2065512/0x0/7926ecd3e25944a885976a88376a0e07.jpg	in stock	NEW	SUV	Vehicles & Parts > Vehicles > Motor Vehicles > Cars, Trucks & Vans	1C4SJVBP7TS153965	https://www.dahlchryslerdodgejeepramrochester.com/viewdetails/new/1c4sjvbp7ts153965/2026-jeep-grand-wagoneer-sport-utility/123?store={store_code}	GRAY	0 miles	Grand Wagoneer	1C4SJVBP7TS153965	2026	78650 USD	60958	78650 USD	MI	no	Grand Wagoneer	No	Over 20k
1C6PJTAG1TL161170	2026 Jeep Gladiator Sport S	Jeep	https://www.dahlchryslerdodgejeepramrochester.com/viewdetails/new/1c6pjtag1tl161170/2026-jeep-gladiator-crew-cab-pickup/	51300 USD	2026 Black Clearcoat Jeep Gladiator Sport S Regular Gasoline V-6 3.6 L/220 For sale at Dahl CDJR Rochester in Rochester Minnesota.	https://content.homenetiol.com/2000157/2065512/0x0/188e0d8875254d6698aa3b7a3b0c76f3.jpg	in stock	NEW	TRUCK	Vehicles & Parts > Vehicles > Motor Vehicles > Cars, Trucks & Vans	1C6PJTAG1TL161170	https://www.dahlchryslerdodgejeepramrochester.com/viewdetails/new/1c6pjtag1tl161170/2026-jeep-gladiator-crew-cab-pickup/123?store={store_code}	BLACK	0 miles	Gladiator	1C6PJTAG1TL161170	2026	51300 USD	60958	51300 USD	MI	no	Gladiator	No	Over 20k
1C6RJTBG7TL180698	2026 Jeep Gladiator Rubicon X	Jeep	https://www.dahlchryslerdodgejeepramrochester.com/viewdetails/new/1c6rjtbg7tl180698/2026-jeep-gladiator-crew-cab-pickup/	65920 USD	2026 Black Clearcoat Jeep Gladiator Rubicon X Regular Gasoline V-6 3.6 L/220 For sale at Dahl CDJR Rochester in Rochester Minnesota.	https://content.homenetiol.com/2000157/2065512/0x0/60f91e4458e84eceba8e0857ba775cdb.jpg	in stock	NEW	TRUCK	Vehicles & Parts > Vehicles > Motor Vehicles > Cars, Trucks & Vans	1C6RJTBG7TL180698	https://www.dahlchryslerdodgejeepramrochester.com/viewdetails/new/1c6rjtbg7tl180698/2026-jeep-gladiator-crew-cab-pickup/123?store={store_code}	BLACK	0 miles	Gladiator	1C6RJTBG7TL180698	2026	65920 USD	60958	65920 USD	MI	no	Gladiator	No	Over 20k
1C6RJTBG8TL165692	2026 Jeep Gladiator Rubicon X	Jeep	https://www.dahlchryslerdodgejeepramrochester.com/viewdetails/new/1c6rjtbg8tl165692/2026-jeep-gladiator-crew-cab-pickup/	64530 USD	2026 Granite Crystal Metallic Clearcoat Jeep Gladiator Rubicon X Regular Gasoline V-6 3.6 L/220 For sale at Dahl CDJR Rochester in Rochester Minnesota.	https://content.homenetiol.com/2000157/2065512/0x0/4638a4f0bb90415c85b9c1ac0be67861.jpg	in stock	NEW	TRUCK	Vehicles & Parts > Vehicles > Motor Vehicles > Cars, Trucks & Vans	1C6RJTBG8TL165692	https://www.dahlchryslerdodgejeepramrochester.com/viewdetails/new/1c6rjtbg8tl165692/2026-jeep-gladiator-crew-cab-pickup/123?store={store_code}	GRAY	0 miles	Gladiator	1C6RJTBG8TL165692	2026	64530 USD	60958	64530 USD	MI	no	Gladiator	No	Over 20k
1C6RRFFG0TN371081	2026 RAM 1500 Big Horn	RAM	https://www.dahlchryslerdodgejeepramrochester.com/viewdetails/new/1c6rrffg0tn371081/2026-ram-1500-crew-cab-pickup/	63330 USD	2026 Forged Blue Metallic RAM 1500 Big Horn Gas/Electric V-6 3.6 L/220 For sale at Dahl CDJR Rochester in Rochester Minnesota.	https://content.homenetiol.com/2000157/2065512/0x0/0a638037e1594d308d93c804cb8fe379.jpg	in stock	NEW	TRUCK	Vehicles & Parts > Vehicles > Motor Vehicles > Cars, Trucks & Vans	1C6RRFFG0TN371081	https://www.dahlchryslerdodgejeepramrochester.com/viewdetails/new/1c6rrffg0tn371081/2026-ram-1500-crew-cab-pickup/123?store={store_code}	BLUE	0 miles	1500	1C6RRFFG0TN371081	2026	63330 USD	60958	63330 USD	MI	no	1500	No	Over 20k
1C6SRFFT0TN272839	2026 RAM 1500 Big Horn	RAM	https://www.dahlchryslerdodgejeepramrochester.com/viewdetails/new/1c6srfft0tn272839/2026-ram-1500-crew-cab-pickup/	63915 USD	2026 Silver Zynith RAM 1500 Big Horn Regular Gasoline V-8 5.7 L/345 For sale at Dahl CDJR Rochester in Rochester Minnesota.	https://content.homenetiol.com/2000157/2065512/0x0/1598c1fb949e4266b09d4f1a1a39433a.jpg	in stock	NEW	TRUCK	Vehicles & Parts > Vehicles > Motor Vehicles > Cars, Trucks & Vans	1C6SRFFT0TN272839	https://www.dahlchryslerdodgejeepramrochester.com/viewdetails/new/1c6srfft0tn272839/2026-ram-1500-crew-cab-pickup/123?store={store_code}	SILVER	0 miles	1500	1C6SRFFT0TN272839	2026	63915 USD	60958	63915 USD	MI	no	1500	No	Over 20k
1C6SRFFT1TN320302	2026 RAM 1500 Big Horn	RAM	https://www.dahlchryslerdodgejeepramrochester.com/viewdetails/new/1c6srfft1tn320302/2026-ram-1500-crew-cab-pickup/	65730 USD	2026 Bright White Clearcoat RAM 1500 Big Horn Regular Gasoline V-8 5.7 L/345 For sale at Dahl CDJR Rochester in Rochester Minnesota.	https://content.homenetiol.com/2000157/2065512/0x0/ddcc20d565e74ec185c325c64a5847b9.jpg	in stock	NEW	TRUCK	Vehicles & Parts > Vehicles > Motor Vehicles > Cars, Trucks & Vans	1C6SRFFT1TN320302	https://www.dahlchryslerdodgejeepramrochester.com/viewdetails/new/1c6srfft1tn320302/2026-ram-1500-crew-cab-pickup/123?store={store_code}	WHITE	0 miles	1500	1C6SRFFT1TN320302	2026	65730 USD	60958	65730 USD	MI	no	1500	No	Over 20k
1C6SRFFT3TN295368	2026 RAM 1500 Big Horn	RAM	https://www.dahlchryslerdodgejeepramrochester.com/viewdetails/new/1c6srfft3tn295368/2026-ram-1500-crew-cab-pickup/	65475 USD	2026 Bright White Clearcoat RAM 1500 Big Horn Regular Gasoline V-8 5.7 L/345 For sale at Dahl CDJR Rochester in Rochester Minnesota.	https://content.homenetiol.com/2000157/2065512/0x0/fb611276ab45439190c7319d5c85f421.jpg	in stock	NEW	TRUCK	Vehicles & Parts > Vehicles > Motor Vehicles > Cars, Trucks & Vans	1C6SRFFT3TN295368	https://www.dahlchryslerdodgejeepramrochester.com/viewdetails/new/1c6srfft3tn295368/2026-ram-1500-crew-cab-pickup/123?store={store_code}	WHITE	0 miles	1500	1C6SRFFT3TN295368	2026	65475 USD	60958	65475 USD	MI	no	1500	No	Over 20k
1C6SRFFT3TN295371	2026 RAM 1500 Big Horn	RAM	https://www.dahlchryslerdodgejeepramrochester.com/viewdetails/new/1c6srfft3tn295371/2026-ram-1500-crew-cab-pickup/	65770 USD	2026 Diamond Black Crystal Pearlcoat RAM 1500 Big Horn Regular Gasoline V-8 5.7 L/345 For sale at Dahl CDJR Rochester in Rochester Minnesota.	https://content.homenetiol.com/2000157/2065512/0x0/ea2f64b3e32a49b3a5e93dc2edc9a59f.jpg	in stock	NEW	TRUCK	Vehicles & Parts > Vehicles > Motor Vehicles > Cars, Trucks & Vans	1C6SRFFT3TN295371	https://www.dahlchryslerdodgejeepramrochester.com/viewdetails/new/1c6srfft3tn295371/2026-ram-1500-crew-cab-pickup/123?store={store_code}	BLACK	0 miles	1500	1C6SRFFT3TN295371	2026	65770 USD	60958	65770 USD	MI	no	1500	No	Over 20k
1C6SRFFT3TN375155	2026 RAM 1500 Big Horn	RAM	https://www.dahlchryslerdodgejeepramrochester.com/viewdetails/new/1c6srfft3tn375155/2026-ram-1500-crew-cab-pickup/	64555 USD	2026 Serrano Green Metallic RAM 1500 Big Horn Regular Gasoline V-8 5.7 L/345 For sale at Dahl CDJR Rochester in Rochester Minnesota.	https://content.homenetiol.com/2000157/2065512/0x0/0d728a18e278461abe029690c1f03227.jpg	in stock	NEW	TRUCK	Vehicles & Parts > Vehicles > Motor Vehicles > Cars, Trucks & Vans	1C6SRFFT3TN375155	https://www.dahlchryslerdodgejeepramrochester.com/viewdetails/new/1c6srfft3tn375155/2026-ram-1500-crew-cab-pickup/123?store={store_code}	GREEN	0 miles	1500	1C6SRFFT3TN375155	2026	64555 USD	60958	64555 USD	MI	no	1500	No	Over 20k
1C6SRFFT5TN295369	2026 RAM 1500 Big Horn	RAM	https://www.dahlchryslerdodgejeepramrochester.com/viewdetails/new/1c6srfft5tn295369/2026-ram-1500-crew-cab-pickup/	65475 USD	2026 Bright White Clearcoat RAM 1500 Big Horn Regular Gasoline V-8 5.7 L/345 For sale at Dahl CDJR Rochester in Rochester Minnesota.	https://content.homenetiol.com/2000157/2065512/0x0/43db890787544df5a46c00e29cc855c0.jpg	in stock	NEW	TRUCK	Vehicles & Parts > Vehicles > Motor Vehicles > Cars, Trucks & Vans	1C6SRFFT5TN295369	https://www.dahlchryslerdodgejeepramrochester.com/viewdetails/new/1c6srfft5tn295369/2026-ram-1500-crew-cab-pickup/123?store={store_code}	WHITE	0 miles	1500	1C6SRFFT5TN295369	2026	65475 USD	60958	65475 USD	MI	no	1500	No	Over 20k
1C6SRFGT0VN580658	2027 RAM 1500 Express	RAM	https://www.dahlchryslerdodgejeepramrochester.com/viewdetails/new/1c6srfgt0vn580658/2027-ram-1500-crew-cab-pickup/	58995 USD	2027 Granite Crystal Metallic Clearcoat RAM 1500 Express Regular Gasoline V-8 5.7 L/345 For sale at Dahl CDJR Rochester in Rochester Minnesota.	https://content.homenetiol.com/2000157/2065512/0x0/ebd69f85cc024eeeb59000705856c46a.jpg	in stock	NEW	TRUCK	Vehicles & Parts > Vehicles > Motor Vehicles > Cars, Trucks & Vans	1C6SRFGT0VN580658	https://www.dahlchryslerdodgejeepramrochester.com/viewdetails/new/1c6srfgt0vn580658/2027-ram-1500-crew-cab-pickup/123?store={store_code}	GRAY	0 miles	1500	1C6SRFGT0VN580658	2027	58995 USD	60958	58995 USD	MI	no	1500	No	Over 20k
1C6SRFGT2VN592858	2027 RAM 1500 Express	RAM	https://www.dahlchryslerdodgejeepramrochester.com/viewdetails/new/1c6srfgt2vn592858/2027-ram-1500-dt6l98/	57313 USD	2027 Silver Zynith RAM 1500 Express Regular Gasoline V-8 5.7 L/345 For sale at Dahl CDJR Rochester in Rochester Minnesota.	https://content.homenetiol.com/2000157/2065512/0x0/stock_images/5/2027RMT11_640/2027RMT112079797_640_01.jpg	in stock	USED	TRUCK	Vehicles & Parts > Vehicles > Motor Vehicles > Cars, Trucks & Vans	1C6SRFGT2VN592858	https://www.dahlchryslerdodgejeepramrochester.com/viewdetails/new/1c6srfgt2vn592858/2027-ram-1500-dt6l98/123?store={store_code}	SILVER	25 miles	1500	1C6SRFGT2VN592858	2027	57313 USD	60958	57313 USD	MI	no	1500	No	Over 20k
1C6SRFHP3VN603318	2027 RAM 1500 Limited	RAM	https://www.dahlchryslerdodgejeepramrochester.com/viewdetails/new/1c6srfhp3vn603318/2027-ram-1500-dt6m98/	88485 USD	2027 Ivory White Tri Coat Pearl Coat Exterior Paint RAM 1500 Limited 3.0L I6 Hurricane HO Twin Turbo ESS For sale at Dahl CDJR Rochester in Rochester Minnesota.	https://www.jeep.com/mediaserver/iris?client=FCAUS&amp;market=U&amp;brand=R&amp;vehicle=2027_DT&amp;paint=PWD&amp;fabric=DW&amp;sa=DT6M98%2C2TM%2C22M%2CPWD%2CDW%2C-DW%2CA79%2CAJ1%2CALN%2CANT%2CAPA%2CCS7%2CCUE%2CDH8%2CDMH%2CEFC%2CGWJ%2CJAN%2CJKV%2CJRC%2CLAY%2CLM6%2CLNV%2CMWH%2CMY7%2CRCA%2CSER%2CSJH%2CTUB%2CUBW%2CXAK%2CXAN%2CXB2%2CXB9%2CXBM%2CXFH%2CXH4%2CXMF&amp;resp=png&amp;bkgnd=white&amp;pov=fronthero	in stock	NEW	TRUCK	Vehicles & Parts > Vehicles > Motor Vehicles > Cars, Trucks & Vans	1C6SRFHP3VN603318	https://www.dahlchryslerdodgejeepramrochester.com/viewdetails/new/1c6srfhp3vn603318/2027-ram-1500-dt6m98/123?store={store_code}	WHITE	0 miles	1500	1C6SRFHP3VN603318	2027	88485 USD	60958	88485 USD	MI	no	1500	No	Over 20k
1C6SRFHPXVN609665	2027 RAM 1500 Limited	RAM	https://www.dahlchryslerdodgejeepramrochester.com/viewdetails/new/1c6srfhpxvn609665/2027-ram-1500-dt6m98/	95740 USD	2027 Molten Red Pearl Coat Exterior Paint RAM 1500 Limited 3.0L I6 Hurricane HO Twin Turbo ESS For sale at Dahl CDJR Rochester in Rochester Minnesota.	https://prod.tvmimageservice.com/images/GetEvoxImage?styleid=487375&amp;Width=640&amp;Height=480&amp;Type=jpeg&amp;Angle=03&amp;quality=80&amp;BackGroundColor=white&amp;colorcode=PR6&amp;autocrop=True&amp;useoverrides=true	in stock	NEW	TRUCK	Vehicles & Parts > Vehicles > Motor Vehicles > Cars, Trucks & Vans	1C6SRFHPXVN609665	https://www.dahlchryslerdodgejeepramrochester.com/viewdetails/new/1c6srfhpxvn609665/2027-ram-1500-dt6m98/123?store={store_code}	RED	0 miles	1500	1C6SRFHPXVN609665	2027	95740 USD	60958	95740 USD	MI	no	1500	No	Over 20k
1C6SRFJP0VN609801	2027 RAM 1500 Laramie	RAM	https://www.dahlchryslerdodgejeepramrochester.com/viewdetails/new/1c6srfjp0vn609801/2027-ram-1500-dt6p98/	79625 USD	2027 Forged Blue Metallic Exterior Paint RAM 1500 Laramie 3.0L I6 Hurricane SO Twin Turbo ESS For sale at Dahl CDJR Rochester in Rochester Minnesota.	https://www.jeep.com/mediaserver/iris?client=FCAUS&amp;market=U&amp;brand=R&amp;vehicle=2027_DT&amp;paint=PCG&amp;fabric=TD&amp;sa=DT6P98%2C2TH%2C21H%2CPCG%2C-TD%2CA67%2CALQ%2CANT%2CASC%2CCLF%2CDMH%2CEFH%2CGWJ%2CJAN%2CJRC%2CMY7%2CRCA%2CWPH%2CXAK%2CXHC%2CXMF&amp;resp=png&amp;bkgnd=white&amp;pov=fronthero	in stock	NEW	TRUCK	Vehicles & Parts > Vehicles > Motor Vehicles > Cars, Trucks & Vans	1C6SRFJP0VN609801	https://www.dahlchryslerdodgejeepramrochester.com/viewdetails/new/1c6srfjp0vn609801/2027-ram-1500-dt6p98/123?store={store_code}	BLUE	0 miles	1500	1C6SRFJP0VN609801	2027	79625 USD	60958	79625 USD	MI	no	1500	No	Over 20k
1C6SRFJP2VN592869	2027 RAM 1500 Laramie	RAM	https://www.dahlchryslerdodgejeepramrochester.com/viewdetails/new/1c6srfjp2vn592869/2027-ram-1500-dt6p98/	80700 USD	2027 Serrano Green Metallic Exterior Paint RAM 1500 Laramie 3.0L I6 Hurricane SO Twin Turbo ESS For sale at Dahl CDJR Rochester in Rochester Minnesota.	https://prod.tvmimageservice.com/images/GetEvoxImage?styleid=487373&amp;Width=640&amp;Height=480&amp;Type=jpeg&amp;Angle=03&amp;quality=80&amp;BackGroundColor=white&amp;colorcode=PG9&amp;autocrop=True&amp;useoverrides=true	in stock	NEW	TRUCK	Vehicles & Parts > Vehicles > Motor Vehicles > Cars, Trucks & Vans	1C6SRFJP2VN592869	https://www.dahlchryslerdodgejeepramrochester.com/viewdetails/new/1c6srfjp2vn592869/2027-ram-1500-dt6p98/123?store={store_code}	GREEN	0 miles	1500	1C6SRFJP2VN592869	2027	80700 USD	60958	80700 USD	MI	no	1500	No	Over 20k
1C6SRFJP5VN603329	2027 RAM 1500 Laramie	RAM	https://www.dahlchryslerdodgejeepramrochester.com/viewdetails/new/1c6srfjp5vn603329/2027-ram-1500-dt6p98/	73500 USD	2027 Molten Red Pearl Coat Exterior Paint RAM 1500 Laramie 3.0L I6 Hurricane SO Twin Turbo ESS For sale at Dahl CDJR Rochester in Rochester Minnesota.	https://prod.tvmimageservice.com/images/GetEvoxImage?styleid=487373&amp;Width=640&amp;Height=480&amp;Type=jpeg&amp;Angle=03&amp;quality=80&amp;BackGroundColor=white&amp;colorcode=PR6&amp;autocrop=True&amp;useoverrides=true	in stock	NEW	TRUCK	Vehicles & Parts > Vehicles > Motor Vehicles > Cars, Trucks & Vans	1C6SRFJP5VN603329	https://www.dahlchryslerdodgejeepramrochester.com/viewdetails/new/1c6srfjp5vn603329/2027-ram-1500-dt6p98/123?store={store_code}	RED	0 miles	1500	1C6SRFJP5VN603329	2027	73500 USD	60958	73500 USD	MI	no	1500	No	Over 20k
1C6SRFJP7TN165250	2026 RAM 1500 Laramie	RAM	https://www.dahlchryslerdodgejeepramrochester.com/viewdetails/new/1c6srfjp7tn165250/2026-ram-1500-crew-cab-pickup/	73915 USD	2026 Hydro Blue Pearlcoat RAM 1500 Laramie Twin Turbo Regular Gasoline I-6 3.0 L/183 For sale at Dahl CDJR Rochester in Rochester Minnesota.	https://content.homenetiol.com/2000157/2065512/0x0/b562ae2392534debac8da017a545d7f1.jpg	in stock	NEW	TRUCK	Vehicles & Parts > Vehicles > Motor Vehicles > Cars, Trucks & Vans	1C6SRFJP7TN165250	https://www.dahlchryslerdodgejeepramrochester.com/viewdetails/new/1c6srfjp7tn165250/2026-ram-1500-crew-cab-pickup/123?store={store_code}	BLUE	0 miles	1500	1C6SRFJP7TN165250	2026	73915 USD	60958	73915 USD	MI	no	1500	No	Over 20k
1C6SRFJT0TN411990	2026 RAM 1500 Laramie	RAM	https://www.dahlchryslerdodgejeepramrochester.com/viewdetails/new/1c6srfjt0tn411990/2026-ram-1500-crew-cab-pickup/	77965 USD	2026 Bright White Clearcoat RAM 1500 Laramie Regular Gasoline V-8 5.7 L/345 For sale at Dahl CDJR Rochester in Rochester Minnesota.	https://content.homenetiol.com/2000157/2065512/0x0/72f90de5008740a79227b7db3840e87c.jpg	in stock	NEW	TRUCK	Vehicles & Parts > Vehicles > Motor Vehicles > Cars, Trucks & Vans	1C6SRFJT0TN411990	https://www.dahlchryslerdodgejeepramrochester.com/viewdetails/new/1c6srfjt0tn411990/2026-ram-1500-crew-cab-pickup/123?store={store_code}	WHITE	0 miles	1500	1C6SRFJT0TN411990	2026	77965 USD	60958	77965 USD	MI	no	1500	No	Over 20k
1C6SRFJT2TN411991	2026 RAM 1500 Laramie	RAM	https://www.dahlchryslerdodgejeepramrochester.com/viewdetails/new/1c6srfjt2tn411991/2026-ram-1500-crew-cab-pickup/	78260 USD	2026 Diamond Black Crystal Pearlcoat RAM 1500 Laramie Regular Gasoline V-8 5.7 L/345 For sale at Dahl CDJR Rochester in Rochester Minnesota.	https://content.homenetiol.com/2000157/2065512/0x0/02779faea372447bb31e7222e26a17f0.jpg	in stock	NEW	TRUCK	Vehicles & Parts > Vehicles > Motor Vehicles > Cars, Trucks & Vans	1C6SRFJT2TN411991	https://www.dahlchryslerdodgejeepramrochester.com/viewdetails/new/1c6srfjt2tn411991/2026-ram-1500-crew-cab-pickup/123?store={store_code}	BLACK	0 miles	1500	1C6SRFJT2TN411991	2026	78260 USD	60958	78260 USD	MI	no	1500	No	Over 20k
1C6SRFJT3TN300026	2026 RAM 1500 Laramie	RAM	https://www.dahlchryslerdodgejeepramrochester.com/viewdetails/new/1c6srfjt3tn300026/2026-ram-1500-crew-cab-pickup/	76720 USD	2026 Granite Crystal Metallic Clearcoat RAM 1500 Laramie Regular Gasoline V-8 5.7 L/345 For sale at Dahl CDJR Rochester in Rochester Minnesota.	https://content.homenetiol.com/2000157/2065512/0x0/3a1983d94064475aa58645fabef8e951.jpg	in stock	NEW	TRUCK	Vehicles & Parts > Vehicles > Motor Vehicles > Cars, Trucks & Vans	1C6SRFJT3TN300026	https://www.dahlchryslerdodgejeepramrochester.com/viewdetails/new/1c6srfjt3tn300026/2026-ram-1500-crew-cab-pickup/123?store={store_code}	GRAY	0 miles	1500	1C6SRFJT3TN300026	2026	76720 USD	60958	76720 USD	MI	no	1500	No	Over 20k
1C6SRFJT4TN411989	2026 RAM 1500 Laramie	RAM	https://www.dahlchryslerdodgejeepramrochester.com/viewdetails/new/1c6srfjt4tn411989/2026-ram-1500-crew-cab-pickup/	78260 USD	2026 Granite Crystal Metallic Clearcoat RAM 1500 Laramie Regular Gasoline V-8 5.7 L/345 For sale at Dahl CDJR Rochester in Rochester Minnesota.	https://content.homenetiol.com/2000157/2065512/0x0/8de3e3f0c7c14a899cc0089be3bdd241.jpg	in stock	NEW	TRUCK	Vehicles & Parts > Vehicles > Motor Vehicles > Cars, Trucks & Vans	1C6SRFJT4TN411989	https://www.dahlchryslerdodgejeepramrochester.com/viewdetails/new/1c6srfjt4tn411989/2026-ram-1500-crew-cab-pickup/123?store={store_code}	GRAY	0 miles	1500	1C6SRFJT4TN411989	2026	78260 USD	60958	78260 USD	MI	no	1500	No	Over 20k
1C6SRFJT4TN411992	2026 RAM 1500 Laramie	RAM	https://www.dahlchryslerdodgejeepramrochester.com/viewdetails/new/1c6srfjt4tn411992/2026-ram-1500-crew-cab-pickup/	78260 USD	2026 Forged Blue Metallic RAM 1500 Laramie Regular Gasoline V-8 5.7 L/345 For sale at Dahl CDJR Rochester in Rochester Minnesota.	https://content.homenetiol.com/2000157/2065512/0x0/550140adf588493496d1c30a395b5f4f.jpg	in stock	NEW	TRUCK	Vehicles & Parts > Vehicles > Motor Vehicles > Cars, Trucks & Vans	1C6SRFJT4TN411992	https://www.dahlchryslerdodgejeepramrochester.com/viewdetails/new/1c6srfjt4tn411992/2026-ram-1500-crew-cab-pickup/123?store={store_code}	BLUE	0 miles	1500	1C6SRFJT4TN411992	2026	78260 USD	60958	78260 USD	MI	no	1500	No	Over 20k
1C6SRFJT4VN592868	2027 RAM 1500 Laramie	RAM	https://www.dahlchryslerdodgejeepramrochester.com/viewdetails/new/1c6srfjt4vn592868/2027-ram-1500-dt6p98/	76455 USD	2027 Granite Crystal Metallic Clear Coat Exterior Paint RAM 1500 Laramie 5.7L V8 HEMI MDS VVT For sale at Dahl CDJR Rochester in Rochester Minnesota.	https://prod.tvmimageservice.com/images/GetEvoxImage?styleid=487373&amp;Width=640&amp;Height=480&amp;Type=jpeg&amp;Angle=03&amp;quality=80&amp;BackGroundColor=white&amp;colorcode=PAU&amp;autocrop=True&amp;useoverrides=true	in stock	NEW	TRUCK	Vehicles & Parts > Vehicles > Motor Vehicles > Cars, Trucks & Vans	1C6SRFJT4VN592868	https://www.dahlchryslerdodgejeepramrochester.com/viewdetails/new/1c6srfjt4vn592868/2027-ram-1500-dt6p98/123?store={store_code}	GRAY	0 miles	1500	1C6SRFJT4VN592868	2027	76455 USD	60958	76455 USD	MI	no	1500	No	Over 20k
1C6SRFJT7VN566412	2027 RAM 1500 Laramie	RAM	https://www.dahlchryslerdodgejeepramrochester.com/viewdetails/new/1c6srfjt7vn566412/2027-ram-1500-crew-cab-pickup/	77165 USD	2027 Silver Zynith RAM 1500 Laramie Gas/Electric V-8 5.7 L/345 For sale at Dahl CDJR Rochester in Rochester Minnesota.	https://content.homenetiol.com/2000157/2065512/0x0/33629292804440169e0cd17781a60ccf.jpg	in stock	NEW	TRUCK	Vehicles & Parts > Vehicles > Motor Vehicles > Cars, Trucks & Vans	1C6SRFJT7VN566412	https://www.dahlchryslerdodgejeepramrochester.com/viewdetails/new/1c6srfjt7vn566412/2027-ram-1500-crew-cab-pickup/123?store={store_code}	SILVER	0 miles	1500	1C6SRFJT7VN566412	2027	77165 USD	60958	77165 USD	MI	no	1500	No	Over 20k
1C6SRFJT8TN412000	2026 RAM 1500 Laramie	RAM	https://www.dahlchryslerdodgejeepramrochester.com/viewdetails/new/1c6srfjt8tn412000/2026-ram-1500-crew-cab-pickup/	76715 USD	2026 Granite Crystal Metallic Clearcoat RAM 1500 Laramie Regular Gasoline V-8 5.7 L/345 For sale at Dahl CDJR Rochester in Rochester Minnesota.	https://content.homenetiol.com/2000157/2065512/0x0/1ecb06d0ee71463d9c4fc053c9d2e7f6.jpg	in stock	NEW	TRUCK	Vehicles & Parts > Vehicles > Motor Vehicles > Cars, Trucks & Vans	1C6SRFJT8TN412000	https://www.dahlchryslerdodgejeepramrochester.com/viewdetails/new/1c6srfjt8tn412000/2026-ram-1500-crew-cab-pickup/123?store={store_code}	GRAY	0 miles	1500	1C6SRFJT8TN412000	2026	76715 USD	60958	76715 USD	MI	no	1500	No	Over 20k
1C6SRFKP8VN601363	2027 RAM 1500 Tungsten	RAM	https://www.dahlchryslerdodgejeepramrochester.com/viewdetails/new/1c6srfkp8vn601363/2027-ram-1500-dt6r98/	97290 USD	2027 Ivory White Tri Coat Pearl Coat Exterior Paint RAM 1500 Tungsten 3.0L I6 Hurricane HO Twin Turbo ESS For sale at Dahl CDJR Rochester in Rochester Minnesota.	https://prod.tvmimageservice.com/images/GetEvoxImage?styleid=487377&amp;Width=640&amp;Height=480&amp;Type=jpeg&amp;Angle=03&amp;quality=80&amp;BackGroundColor=white&amp;colorcode=PWD&amp;autocrop=True&amp;useoverrides=true	in stock	NEW	TRUCK	Vehicles & Parts > Vehicles > Motor Vehicles > Cars, Trucks & Vans	1C6SRFKP8VN601363	https://www.dahlchryslerdodgejeepramrochester.com/viewdetails/new/1c6srfkp8vn601363/2027-ram-1500-dt6r98/123?store={store_code}	WHITE	0 miles	1500	1C6SRFKP8VN601363	2027	97290 USD	60958	97290 USD	MI	no	1500	No	Over 20k
1C6SRFLP9VN596043	2027 RAM 1500 Rebel	RAM	https://www.dahlchryslerdodgejeepramrochester.com/viewdetails/new/1c6srflp9vn596043/2027-ram-1500-dt6x98/	82355 USD	2027 Molten Red Pearl Coat Exterior Paint RAM 1500 Rebel 3.0L I6 Hurricane SO Twin Turbo ESS For sale at Dahl CDJR Rochester in Rochester Minnesota.	https://prod.tvmimageservice.com/images/GetEvoxImage?styleid=487370&amp;Width=640&amp;Height=480&amp;Type=jpeg&amp;Angle=03&amp;quality=80&amp;BackGroundColor=white&amp;colorcode=PR6&amp;autocrop=True&amp;useoverrides=true	in stock	NEW	TRUCK	Vehicles & Parts > Vehicles > Motor Vehicles > Cars, Trucks & Vans	1C6SRFLP9VN596043	https://www.dahlchryslerdodgejeepramrochester.com/viewdetails/new/1c6srflp9vn596043/2027-ram-1500-dt6x98/123?store={store_code}	RED	0 miles	1500	1C6SRFLP9VN596043	2027	82355 USD	60958	82355 USD	MI	no	1500	No	Over 20k
1C6SRFLT3VN573158	2027 RAM 1500 Rebel	RAM	https://www.dahlchryslerdodgejeepramrochester.com/viewdetails/new/1c6srflt3vn573158/2027-ram-1500-crew-cab-pickup/	78825 USD	2027 Granite Crystal Metallic Clearcoat RAM 1500 Rebel Regular Gasoline V-8 5.7 L/345 For sale at Dahl CDJR Rochester in Rochester Minnesota.	https://content.homenetiol.com/2000157/2065512/0x0/4374a2db80ed4e6eab3c39b406b88b4a.jpg	in stock	NEW	TRUCK	Vehicles & Parts > Vehicles > Motor Vehicles > Cars, Trucks & Vans	1C6SRFLT3VN573158	https://www.dahlchryslerdodgejeepramrochester.com/viewdetails/new/1c6srflt3vn573158/2027-ram-1500-crew-cab-pickup/123?store={store_code}	GRAY	0 miles	1500	1C6SRFLT3VN573158	2027	78825 USD	60958	78825 USD	MI	no	1500	No	Over 20k
1C6SRFUP7TN356176	2026 RAM 1500 RHO	RAM	https://www.dahlchryslerdodgejeepramrochester.com/viewdetails/new/1c6srfup7tn356176/2026-ram-1500-crew-cab-pickup/	90295 USD	2026 Bright White Clearcoat RAM 1500 RHO Twin Turbo Premium Gasoline I-6 3.0 L/183 For sale at Dahl CDJR Rochester in Rochester Minnesota.	https://content.homenetiol.com/2000157/2065512/0x0/eb6d8054ce8841c3a120ede163f8fbb9.jpg	in stock	NEW	TRUCK	Vehicles & Parts > Vehicles > Motor Vehicles > Cars, Trucks & Vans	1C6SRFUP7TN356176	https://www.dahlchryslerdodgejeepramrochester.com/viewdetails/new/1c6srfup7tn356176/2026-ram-1500-crew-cab-pickup/123?store={store_code}	WHITE	0 miles	1500	1C6SRFUP7TN356176	2026	90295 USD	60958	90295 USD	MI	no	1500	No	Over 20k
1C6SRFUP9TN356177	2026 RAM 1500 RHO	RAM	https://www.dahlchryslerdodgejeepramrochester.com/viewdetails/new/1c6srfup9tn356177/2026-ram-1500-crew-cab-pickup/	90390 USD	2026 Forged Blue Metallic RAM 1500 RHO Twin Turbo Premium Gasoline I-6 3.0 L/183 For sale at Dahl CDJR Rochester in Rochester Minnesota.	https://prod.tvmimageservice.com/images/GetEvoxImage?styleid=473204&amp;Width=640&amp;Height=480&amp;Type=jpeg&amp;Angle=03&amp;quality=80&amp;BackGroundColor=white&amp;colorcode=PCG&amp;autocrop=True&amp;useoverrides=true	in stock	NEW	TRUCK	Vehicles & Parts > Vehicles > Motor Vehicles > Cars, Trucks & Vans	1C6SRFUP9TN356177	https://www.dahlchryslerdodgejeepramrochester.com/viewdetails/new/1c6srfup9tn356177/2026-ram-1500-crew-cab-pickup/123?store={store_code}	BLUE	0 miles	1500	1C6SRFUP9TN356177	2026	90390 USD	60958	90390 USD	MI	no	1500	No	Over 20k
2C3CDAPP1VR606094	2027 Dodge Charger R/T	Dodge	https://www.dahlchryslerdodgejeepramrochester.com/viewdetails/new/2c3cdapp1vr606094/2027-dodge-charger-2dr-car/	55970 USD	2027 White Knuckle Dodge Charger R/T Twin Turbo Regular Gasoline I-6 3.0 L/183 For sale at Dahl CDJR Rochester in Rochester Minnesota.	https://content.homenetiol.com/2000157/2065512/0x0/d3f51eb5e9314425b811f7e9b67f43e1.jpg	in stock	NEW	OTHER	Vehicles & Parts > Vehicles > Motor Vehicles > Cars, Trucks & Vans	2C3CDAPP1VR606094	https://www.dahlchryslerdodgejeepramrochester.com/viewdetails/new/2c3cdapp1vr606094/2027-dodge-charger-2dr-car/123?store={store_code}	WHITE	0 miles	Charger	2C3CDAPP1VR606094	2027	55970 USD	60958	55970 USD	MI	no	Charger	No	Over 20k
2C3CDARP6VR607657	2027 Dodge Charger Scat Pack Plus	Dodge	https://www.dahlchryslerdodgejeepramrochester.com/viewdetails/new/2c3cdarp6vr607657/2027-dodge-charger-4dr-car/	71760 USD	2027 Purple Haze Dodge Charger Scat Pack Plus Twin Turbo Premium Gasoline I-6 3.0 L/183 For sale at Dahl CDJR Rochester in Rochester Minnesota.	https://content.homenetiol.com/2000157/2065512/0x0/886c04eec9cf438aa99c171eb30a9a6c.jpg	in stock	NEW	OTHER	Vehicles & Parts > Vehicles > Motor Vehicles > Cars, Trucks & Vans	2C3CDARP6VR607657	https://www.dahlchryslerdodgejeepramrochester.com/viewdetails/new/2c3cdarp6vr607657/2027-dodge-charger-4dr-car/123?store={store_code}	PURPLE	0 miles	Charger	2C3CDARP6VR607657	2027	71760 USD	60958	71760 USD	MI	no	Charger	No	Over 20k
2C4RC1BG0VR622884	2027 Chrysler Pacifica Select	Chrysler	https://www.dahlchryslerdodgejeepramrochester.com/viewdetails/new/2c4rc1bg0vr622884/2027-chrysler-pacifica-ruch53/	46215 USD	2027 Bright White Clear Coat Paint Chrysler Pacifica Select 3.6L V6 24V VVT Engine Upg I w/ESS For sale at Dahl CDJR Rochester in Rochester Minnesota.	https://prod.tvmimageservice.com/images/GetEvoxImage?styleid=484779&amp;Width=640&amp;Height=480&amp;Type=jpeg&amp;Angle=03&amp;quality=80&amp;BackGroundColor=white&amp;colorcode=PW7&amp;autocrop=True&amp;useoverrides=true	in stock	NEW	VAN	Vehicles & Parts > Vehicles > Motor Vehicles > Cars, Trucks & Vans	2C4RC1BG0VR622884	https://www.dahlchryslerdodgejeepramrochester.com/viewdetails/new/2c4rc1bg0vr622884/2027-chrysler-pacifica-ruch53/123?store={store_code}	WHITE	0 miles	Pacifica	2C4RC1BG0VR622884	2027	46215 USD	60958	46215 USD	MI	no	Pacifica	No	Over 20k
2C4RC1BG2VR622885	2027 Chrysler Pacifica Select	Chrysler	https://www.dahlchryslerdodgejeepramrochester.com/viewdetails/new/2c4rc1bg2vr622885/2027-chrysler-pacifica-ruch53/	46710 USD	2027 Olive Green Pearl Coat Paint Chrysler Pacifica Select 3.6L V6 24V VVT Engine Upg I w/ESS For sale at Dahl CDJR Rochester in Rochester Minnesota.	https://www.chrysler.com/mediaserver/iris?client=FCAUS&amp;market=U&amp;brand=C&amp;vehicle=2027_RU&amp;paint=PFP&amp;fabric=X3&amp;sa=RUCH53%2C2DL%2C27L%2CPFP%2C-X3%2CWDR&amp;resp=png&amp;bkgnd=white&amp;pov=fronthero	in stock	NEW	VAN	Vehicles & Parts > Vehicles > Motor Vehicles > Cars, Trucks & Vans	2C4RC1BG2VR622885	https://www.dahlchryslerdodgejeepramrochester.com/viewdetails/new/2c4rc1bg2vr622885/2027-chrysler-pacifica-ruch53/123?store={store_code}	GREEN	0 miles	Pacifica	2C4RC1BG2VR622885	2027	46710 USD	60958	46710 USD	MI	no	Pacifica	No	Over 20k
2C4RC3BG3VR607517	2027 Chrysler Pacifica Select	Chrysler	https://www.dahlchryslerdodgejeepramrochester.com/viewdetails/new/2c4rc3bg3vr607517/2027-chrysler-pacifica-mini-van,-passenger/	49255 USD	2027 Red Hot Pearlcoat Chrysler Pacifica Select Regular Gasoline V-6 3.6 L/220 For sale at Dahl CDJR Rochester in Rochester Minnesota.	https://content.homenetiol.com/2000157/2065512/0x0/5f749ee7d82b46ee862dd6a10c6753bc.jpg	in stock	NEW	VAN	Vehicles & Parts > Vehicles > Motor Vehicles > Cars, Trucks & Vans	2C4RC3BG3VR607517	https://www.dahlchryslerdodgejeepramrochester.com/viewdetails/new/2c4rc3bg3vr607517/2027-chrysler-pacifica-mini-van,-passenger/123?store={store_code}	RED	0 miles	Pacifica	2C4RC3BG3VR607517	2027	49255 USD	60958	49255 USD	MI	no	Pacifica	No	Over 20k
2C4RC3BG4VR614394	2027 Chrysler Pacifica Select	Chrysler	https://www.dahlchryslerdodgejeepramrochester.com/viewdetails/new/2c4rc3bg4vr614394/2027-chrysler-pacifica-mini-van,-passenger/	49210 USD	2027 Bright White Clearcoat Chrysler Pacifica Select Regular Gasoline V-6 3.6 L/220 For sale at Dahl CDJR Rochester in Rochester Minnesota.	https://content.homenetiol.com/2000157/2065512/0x0/f6b0945938c640b1820c283290cf0356.jpg	in stock	NEW	VAN	Vehicles & Parts > Vehicles > Motor Vehicles > Cars, Trucks & Vans	2C4RC3BG4VR614394	https://www.dahlchryslerdodgejeepramrochester.com/viewdetails/new/2c4rc3bg4vr614394/2027-chrysler-pacifica-mini-van,-passenger/123?store={store_code}	WHITE	0 miles	Pacifica	2C4RC3BG4VR614394	2027	49210 USD	60958	49210 USD	MI	no	Pacifica	No	Over 20k
2C4RC3BG6VR622996	2027 Chrysler Pacifica Select	Chrysler	https://www.dahlchryslerdodgejeepramrochester.com/viewdetails/new/2c4rc3bg6vr622996/2027-chrysler-pacifica-rufh53/	49210 USD	2027 Bright White Clear Coat Paint Chrysler Pacifica Select 3.6L V6 24V VVT Engine Upg I w/ESS For sale at Dahl CDJR Rochester in Rochester Minnesota.	https://prod.tvmimageservice.com/images/GetEvoxImage?styleid=484783&amp;Width=640&amp;Height=480&amp;Type=jpeg&amp;Angle=03&amp;quality=80&amp;BackGroundColor=white&amp;colorcode=PW7&amp;autocrop=True&amp;useoverrides=true	in stock	NEW	VAN	Vehicles & Parts > Vehicles > Motor Vehicles > Cars, Trucks & Vans	2C4RC3BG6VR622996	https://www.dahlchryslerdodgejeepramrochester.com/viewdetails/new/2c4rc3bg6vr622996/2027-chrysler-pacifica-rufh53/123?store={store_code}	WHITE	0 miles	Pacifica	2C4RC3BG6VR622996	2027	49210 USD	60958	49210 USD	MI	no	Pacifica	No	Over 20k
2C4RC3BG8VR622997	2027 Chrysler Pacifica Select	Chrysler	https://www.dahlchryslerdodgejeepramrochester.com/viewdetails/new/2c4rc3bg8vr622997/2027-chrysler-pacifica-rufh53/	49210 USD	2027 Bright White Clear Coat Paint Chrysler Pacifica Select 3.6L V6 24V VVT Engine Upg I w/ESS For sale at Dahl CDJR Rochester in Rochester Minnesota.	https://www.chrysler.com/mediaserver/iris?client=FCAUS&amp;market=U&amp;brand=C&amp;vehicle=2027_RU&amp;paint=PW7&amp;fabric=X3&amp;sa=RUFH53%2C2DL%2C27L%2CPW7%2CX3%2C-X3%2CWDR&amp;resp=png&amp;bkgnd=white&amp;pov=fronthero	in stock	NEW	VAN	Vehicles & Parts > Vehicles > Motor Vehicles > Cars, Trucks & Vans	2C4RC3BG8VR622997	https://www.dahlchryslerdodgejeepramrochester.com/viewdetails/new/2c4rc3bg8vr622997/2027-chrysler-pacifica-rufh53/123?store={store_code}	WHITE	0 miles	Pacifica	2C4RC3BG8VR622997	2027	49210 USD	60958	49210 USD	MI	no	Pacifica	No	Over 20k
2C4RC3BGXTR218791	2026 Chrysler Pacifica Select	Chrysler	https://www.dahlchryslerdodgejeepramrochester.com/viewdetails/new/2c4rc3bgxtr218791/2026-chrysler-pacifica-mini-van,-passenger/	53445 USD	2026 Red Hot Pearlcoat Chrysler Pacifica Select Regular Gasoline V-6 3.6 L/220 For sale at Dahl CDJR Rochester in Rochester Minnesota.	https://content.homenetiol.com/2000157/2065512/0x0/77ed248e4d4e46c2b6d128abb2a90cdb.jpg	in stock	NEW	VAN	Vehicles & Parts > Vehicles > Motor Vehicles > Cars, Trucks & Vans	2C4RC3BGXTR218791	https://www.dahlchryslerdodgejeepramrochester.com/viewdetails/new/2c4rc3bgxtr218791/2026-chrysler-pacifica-mini-van,-passenger/123?store={store_code}	RED	0 miles	Pacifica	2C4RC3BGXTR218791	2026	53445 USD	60958	53445 USD	MI	no	Pacifica	No	Over 20k
2C4RC3GG9VR609913	2027 Chrysler Pacifica Limited	Chrysler	https://www.dahlchryslerdodgejeepramrochester.com/viewdetails/new/2c4rc3gg9vr609913/2027-chrysler-pacifica-mini-van,-passenger/	54980 USD	2027 Bright White Clearcoat Chrysler Pacifica Limited Regular Gasoline V-6 3.6 L/220 For sale at Dahl CDJR Rochester in Rochester Minnesota.	https://content.homenetiol.com/2000157/2065512/0x0/ea13cc38135e4e24880a4595c197c356.jpg	in stock	NEW	VAN	Vehicles & Parts > Vehicles > Motor Vehicles > Cars, Trucks & Vans	2C4RC3GG9VR609913	https://www.dahlchryslerdodgejeepramrochester.com/viewdetails/new/2c4rc3gg9vr609913/2027-chrysler-pacifica-mini-van,-passenger/123?store={store_code}	WHITE	0 miles	Pacifica	2C4RC3GG9VR609913	2027	54980 USD	60958	54980 USD	MI	no	Pacifica	No	Over 20k
2C4RC3GGXVR581913	2027 Chrysler Pacifica Limited	Chrysler	https://www.dahlchryslerdodgejeepramrochester.com/viewdetails/new/2c4rc3ggxvr581913/2027-chrysler-pacifica-mini-van,-passenger/	56095 USD	2027 Diamond Black Crystal Pearlcoat Chrysler Pacifica Limited Regular Gasoline V-6 3.6 L/220 For sale at Dahl CDJR Rochester in Rochester Minnesota.	https://content.homenetiol.com/2000157/2065512/0x0/bc40a5658f3043199b30b0754c4c3122.jpg	in stock	NEW	VAN	Vehicles & Parts > Vehicles > Motor Vehicles > Cars, Trucks & Vans	2C4RC3GGXVR581913	https://www.dahlchryslerdodgejeepramrochester.com/viewdetails/new/2c4rc3ggxvr581913/2027-chrysler-pacifica-mini-van,-passenger/123?store={store_code}	BLACK	0 miles	Pacifica	2C4RC3GGXVR581913	2027	56095 USD	60958	56095 USD	MI	no	Pacifica	No	Over 20k
2C4RC3PG0TR211597	2026 Chrysler Pacifica Pinnacle	Chrysler	https://www.dahlchryslerdodgejeepramrochester.com/viewdetails/new/2c4rc3pg0tr211597/2026-chrysler-pacifica-mini-van,-passenger/	61355 USD	2026 Diamond Black Crystal Pearlcoat Chrysler Pacifica Pinnacle Regular Gasoline V-6 3.6 L/220 For sale at Dahl CDJR Rochester in Rochester Minnesota.	https://content.homenetiol.com/2000157/2065512/0x0/3b457e4376a4457ba66e40cfa59e5bf1.jpg	in stock	NEW	VAN	Vehicles & Parts > Vehicles > Motor Vehicles > Cars, Trucks & Vans	2C4RC3PG0TR211597	https://www.dahlchryslerdodgejeepramrochester.com/viewdetails/new/2c4rc3pg0tr211597/2026-chrysler-pacifica-mini-van,-passenger/123?store={store_code}	BLACK	0 miles	Pacifica	2C4RC3PG0TR211597	2026	61355 USD	60958	61355 USD	MI	no	Pacifica	No	Over 20k
3C4NJDBN1TT261731	2026 Jeep Compass Latitude Altitude	Jeep	https://www.dahlchryslerdodgejeepramrochester.com/viewdetails/new/3c4njdbn1tt261731/2026-jeep-compass-sport-utility/	33885 USD	2026 Bright White Clearcoat Jeep Compass Latitude Altitude Intercooled Turbo Regular Gasoline I-4 2.0 L/122 For sale at Dahl CDJR Rochester in Rochester Minnesota.	https://content.homenetiol.com/2000157/2065512/0x0/c06abecefa374e0b8696000c1c156d09.jpg	in stock	NEW	SUV	Vehicles & Parts > Vehicles > Motor Vehicles > Cars, Trucks & Vans	3C4NJDBN1TT261731	https://www.dahlchryslerdodgejeepramrochester.com/viewdetails/new/3c4njdbn1tt261731/2026-jeep-compass-sport-utility/123?store={store_code}	WHITE	0 miles	Compass	3C4NJDBN1TT261731	2026	33885 USD	60958	33885 USD	MI	no	Compass	No	Over 20k
3C4NJDBN3TT261732	2026 Jeep Compass Latitude Altitude	Jeep	https://www.dahlchryslerdodgejeepramrochester.com/viewdetails/new/3c4njdbn3tt261732/2026-jeep-compass-sport-utility/	34480 USD	2026 Diamond Black Crystal Pearlcoat Jeep Compass Latitude Altitude Intercooled Turbo Regular Gasoline I-4 2.0 L/122 For sale at Dahl CDJR Rochester in Rochester Minnesota.	https://content.homenetiol.com/2000157/2065512/0x0/94640e911fff404ca0713b9d944a79bf.jpg	in stock	NEW	SUV	Vehicles & Parts > Vehicles > Motor Vehicles > Cars, Trucks & Vans	3C4NJDBN3TT261732	https://www.dahlchryslerdodgejeepramrochester.com/viewdetails/new/3c4njdbn3tt261732/2026-jeep-compass-sport-utility/123?store={store_code}	BLACK	0 miles	Compass	3C4NJDBN3TT261732	2026	34480 USD	60958	34480 USD	MI	no	Compass	No	Over 20k
3C4NJDBN5TT261733	2026 Jeep Compass Latitude Altitude	Jeep	https://www.dahlchryslerdodgejeepramrochester.com/viewdetails/new/3c4njdbn5tt261733/2026-jeep-compass-sport-utility/	34480 USD	2026 Fathom Blue Pearl Coat Jeep Compass Latitude Altitude Intercooled Turbo Regular Gasoline I-4 2.0 L/122 For sale at Dahl CDJR Rochester in Rochester Minnesota.	https://content.homenetiol.com/2000157/2065512/0x0/235b170727ef47d39e6e1bdec450e87c.jpg	in stock	NEW	SUV	Vehicles & Parts > Vehicles > Motor Vehicles > Cars, Trucks & Vans	3C4NJDBN5TT261733	https://www.dahlchryslerdodgejeepramrochester.com/viewdetails/new/3c4njdbn5tt261733/2026-jeep-compass-sport-utility/123?store={store_code}	BLUE	0 miles	Compass	3C4NJDBN5TT261733	2026	34480 USD	60958	34480 USD	MI	no	Compass	No	Over 20k
3C4NJDCN5TT183162	2026 Jeep Compass Limited Altitude	Jeep	https://www.dahlchryslerdodgejeepramrochester.com/viewdetails/new/3c4njdcn5tt183162/2026-jeep-compass-sport-utility/	39995 USD	2026 Red Hot Pearlcoat Jeep Compass Limited Altitude Intercooled Turbo Regular Gasoline I-4 2.0 L/122 For sale at Dahl CDJR Rochester in Rochester Minnesota.	https://content.homenetiol.com/2000157/2065512/0x0/5d12c6096c0143f7be472c97c55531f2.jpg	in stock	NEW	SUV	Vehicles & Parts > Vehicles > Motor Vehicles > Cars, Trucks & Vans	3C4NJDCN5TT183162	https://www.dahlchryslerdodgejeepramrochester.com/viewdetails/new/3c4njdcn5tt183162/2026-jeep-compass-sport-utility/123?store={store_code}	RED	0 miles	Compass	3C4NJDCN5TT183162	2026	39995 USD	60958	39995 USD	MI	no	Compass	No	Over 20k
3C4NJDCN7TT183163	2026 Jeep Compass Limited Altitude	Jeep	https://www.dahlchryslerdodgejeepramrochester.com/viewdetails/new/3c4njdcn7tt183163/2026-jeep-compass-sport-utility/	39995 USD	2026 Silver Zynith Metallic Clearcoat Jeep Compass Limited Altitude Intercooled Turbo Regular Gasoline I-4 2.0 L/122 For sale at Dahl CDJR Rochester in Rochester Minnesota.	https://content.homenetiol.com/2000157/2065512/0x0/a0beaab9d0cd4cd8939a8acf14cdd3a6.jpg	in stock	NEW	SUV	Vehicles & Parts > Vehicles > Motor Vehicles > Cars, Trucks & Vans	3C4NJDCN7TT183163	https://www.dahlchryslerdodgejeepramrochester.com/viewdetails/new/3c4njdcn7tt183163/2026-jeep-compass-sport-utility/123?store={store_code}	SILVER	0 miles	Compass	3C4NJDCN7TT183163	2026	39995 USD	60958	39995 USD	MI	no	Compass	No	Over 20k
3C4PJMB20VT550701	2027 Jeep Cherokee Laredo	Jeep	https://www.dahlchryslerdodgejeepramrochester.com/viewdetails/new/3c4pjmb20vt550701/2027-jeep-cherokee-kmjm74/	41120 USD	2027 Bright White Clear Coat Paint Jeep Cherokee Laredo 1.6L I4 EP Turbo Hybrid For sale at Dahl CDJR Rochester in Rochester Minnesota.	https://prod.tvmimageservice.com/images/GetEvoxImage?styleid=488498&amp;Width=640&amp;Height=480&amp;Type=jpeg&amp;Angle=03&amp;quality=80&amp;BackGroundColor=white&amp;colorcode=PW7&amp;autocrop=True&amp;useoverrides=true	in stock	NEW	SUV	Vehicles & Parts > Vehicles > Motor Vehicles > Cars, Trucks & Vans	3C4PJMB20VT550701	https://www.dahlchryslerdodgejeepramrochester.com/viewdetails/new/3c4pjmb20vt550701/2027-jeep-cherokee-kmjm74/123?store={store_code}	WHITE	0 miles	Cherokee	3C4PJMB20VT550701	2027	41120 USD	60958	41120 USD	MI	no	Cherokee	No	Over 20k
3C4PJMB22TT222421	2026 Jeep Cherokee Limited	Jeep	https://www.dahlchryslerdodgejeepramrochester.com/viewdetails/new/3c4pjmb22tt222421/2026-jeep-cherokee-sport-utility/	41995 USD	2026 Hydro Blue Pearlcoat Jeep Cherokee Limited Intercooled Turbo Gas/Electric I-4 1.6 L/98 For sale at Dahl CDJR Rochester in Rochester Minnesota.	https://content.homenetiol.com/2000157/2065512/0x0/9b4ef8707e7a40559123dfae2f94c82e.jpg	in stock	NEW	SUV	Vehicles & Parts > Vehicles > Motor Vehicles > Cars, Trucks & Vans	3C4PJMB22TT222421	https://www.dahlchryslerdodgejeepramrochester.com/viewdetails/new/3c4pjmb22tt222421/2026-jeep-cherokee-sport-utility/123?store={store_code}	BLUE	0 miles	Cherokee	3C4PJMB22TT222421	2026	41995 USD	60958	41995 USD	MI	no	Cherokee	No	Over 20k
3C63R3AJ1VG391603	2027 RAM 3500 Tradesman	RAM	https://www.dahlchryslerdodgejeepramrochester.com/viewdetails/new/3c63r3aj1vg391603/2027-ram-3500-d28l62/	58290 USD	2027 Bright White Clear Coat Exterior Paint RAM 3500 Tradesman 6.4L V8 HEMI HD For sale at Dahl CDJR Rochester in Rochester Minnesota.	https://prod.tvmimageservice.com/images/GetEvoxImage?styleid=486758&amp;Width=640&amp;Height=480&amp;Type=jpeg&amp;Angle=03&amp;quality=80&amp;BackGroundColor=white&amp;colorcode=PW7&amp;autocrop=True&amp;useoverrides=true	in stock	NEW	TRUCK	Vehicles & Parts > Vehicles > Motor Vehicles > Cars, Trucks & Vans	3C63R3AJ1VG391603	https://www.dahlchryslerdodgejeepramrochester.com/viewdetails/new/3c63r3aj1vg391603/2027-ram-3500-d28l62/123?store={store_code}	WHITE	0 miles	3500	3C63R3AJ1VG391603	2027	58290 USD	60958	58290 USD	MI	no	3500	No	Over 20k
3C63R3EJ9VG395070	2027 RAM 3500 Laramie	RAM	https://www.dahlchryslerdodgejeepramrochester.com/viewdetails/new/3c63r3ej9vg395070/2027-ram-3500-crew-cab-pickup/	79510 USD	2027 Diamond Black Crystal Pearlcoat RAM 3500 Laramie Regular Gasoline V-8 6.4 L/392 For sale at Dahl CDJR Rochester in Rochester Minnesota.	https://content.homenetiol.com/2000157/2065512/0x0/d0aec2798dd74d66a84bfd01adc275d6.jpg	in stock	NEW	TRUCK	Vehicles & Parts > Vehicles > Motor Vehicles > Cars, Trucks & Vans	3C63R3EJ9VG395070	https://www.dahlchryslerdodgejeepramrochester.com/viewdetails/new/3c63r3ej9vg395070/2027-ram-3500-crew-cab-pickup/123?store={store_code}	BLACK	0 miles	3500	3C63R3EJ9VG395070	2027	79510 USD	60958	79510 USD	MI	no	3500	No	Over 20k
3C63R3HL0VG403716	2027 RAM 3500 Big Horn	RAM	https://www.dahlchryslerdodgejeepramrochester.com/viewdetails/new/3c63r3hl0vg403716/2027-ram-3500-crew-cab-pickup/	82700 USD	2027 Ceramic Gray Clearcoat RAM 3500 Big Horn Intercooled Turbo Diesel I-6 6.7 L/408 For sale at Dahl CDJR Rochester in Rochester Minnesota.	https://prod.tvmimageservice.com/images/GetEvoxImage?styleid=486751&amp;Width=640&amp;Height=480&amp;Type=jpeg&amp;Angle=03&amp;quality=80&amp;BackGroundColor=white&amp;colorcode=PDN&amp;autocrop=True&amp;useoverrides=true	in stock	NEW	TRUCK	Vehicles & Parts > Vehicles > Motor Vehicles > Cars, Trucks & Vans	3C63R3HL0VG403716	https://www.dahlchryslerdodgejeepramrochester.com/viewdetails/new/3c63r3hl0vg403716/2027-ram-3500-crew-cab-pickup/123?store={store_code}	GRAY	0 miles	3500	3C63R3HL0VG403716	2027	82700 USD	60958	82700 USD	MI	no	3500	No	Over 20k
3C63R3ML3TG254883	2026 RAM 3500 Laramie	RAM	https://www.dahlchryslerdodgejeepramrochester.com/viewdetails/new/3c63r3ml3tg254883/2026-ram-3500-crew-cab-pickup/	91510 USD	2026 Diamond Black Crystal Pearlcoat RAM 3500 Laramie Intercooled Turbo Diesel I-6 6.7 L/408 For sale at Dahl CDJR Rochester in Rochester Minnesota.	https://content.homenetiol.com/2000157/2065512/0x0/0cb6d474d79143889f70f8085321a4fa.jpg	in stock	NEW	TRUCK	Vehicles & Parts > Vehicles > Motor Vehicles > Cars, Trucks & Vans	3C63R3ML3TG254883	https://www.dahlchryslerdodgejeepramrochester.com/viewdetails/new/3c63r3ml3tg254883/2026-ram-3500-crew-cab-pickup/123?store={store_code}	BLACK	0 miles	3500	3C63R3ML3TG254883	2026	91510 USD	60958	91510 USD	MI	no	3500	No	Over 20k
3C63R3ML5TG252603	2026 RAM 3500 Laramie	RAM	https://www.dahlchryslerdodgejeepramrochester.com/viewdetails/new/3c63r3ml5tg252603/2026-ram-3500-crew-cab-pickup/	91215 USD	2026 Bright White Clearcoat RAM 3500 Laramie Intercooled Turbo Diesel I-6 6.7 L/408 For sale at Dahl CDJR Rochester in Rochester Minnesota.	https://content.homenetiol.com/2000157/2065512/0x0/06925361062547d984169b70a3465525.jpg	in stock	NEW	TRUCK	Vehicles & Parts > Vehicles > Motor Vehicles > Cars, Trucks & Vans	3C63R3ML5TG252603	https://www.dahlchryslerdodgejeepramrochester.com/viewdetails/new/3c63r3ml5tg252603/2026-ram-3500-crew-cab-pickup/123?store={store_code}	WHITE	0 miles	3500	3C63R3ML5TG252603	2026	91215 USD	60958	91215 USD	MI	no	3500	No	Over 20k
3C63R5HLXVG403167	2027 RAM 2500 Black Express	RAM	https://www.dahlchryslerdodgejeepramrochester.com/viewdetails/new/3c63r5hlxvg403167/2027-ram-2500-crew-cab-pickup/	74810 USD	2027 Bright White Clearcoat RAM 2500 Black Express Intercooled Turbo Diesel I-6 6.7 L/408 For sale at Dahl CDJR Rochester in Rochester Minnesota.	https://content.homenetiol.com/2000157/2065512/0x0/987edf2fe73e41f6a8304abef2cadf4d.jpg	in stock	NEW	TRUCK	Vehicles & Parts > Vehicles > Motor Vehicles > Cars, Trucks & Vans	3C63R5HLXVG403167	https://www.dahlchryslerdodgejeepramrochester.com/viewdetails/new/3c63r5hlxvg403167/2027-ram-2500-crew-cab-pickup/123?store={store_code}	WHITE	0 miles	2500	3C63R5HLXVG403167	2027	74810 USD	60958	74810 USD	MI	no	2500	No	Over 20k
3C63R5NL9VG414052	2027 RAM 2500 Laramie	RAM	https://www.dahlchryslerdodgejeepramrochester.com/viewdetails/new/3c63r5nl9vg414052/2027-ram-2500-dj7p81/	99795 USD	2027 Molten Red Pearl Coat Exterior Paint RAM 2500 Laramie 6.7L I6 Cummins HO Turbo Diesel Eng For sale at Dahl CDJR Rochester in Rochester Minnesota.	https://prod.tvmimageservice.com/images/GetEvoxImage?styleid=487305&amp;Width=640&amp;Height=480&amp;Type=jpeg&amp;Angle=03&amp;quality=80&amp;BackGroundColor=white&amp;colorcode=PR6&amp;autocrop=True&amp;useoverrides=true	in stock	NEW	TRUCK	Vehicles & Parts > Vehicles > Motor Vehicles > Cars, Trucks & Vans	3C63R5NL9VG414052	https://www.dahlchryslerdodgejeepramrochester.com/viewdetails/new/3c63r5nl9vg414052/2027-ram-2500-dj7p81/123?store={store_code}	RED	0 miles	2500	3C63R5NL9VG414052	2027	99795 USD	60958	99795 USD	MI	no	2500	No	Over 20k
3C63R5TL3VG414051	2027 RAM 2500 Limited	RAM	https://www.dahlchryslerdodgejeepramrochester.com/viewdetails/new/3c63r5tl3vg414051/2027-ram-2500-dj7m81/	108735 USD	2027 Forged Blue Metallic Exterior Paint RAM 2500 Limited 6.7L I6 Cummins HO Turbo Diesel Eng For sale at Dahl CDJR Rochester in Rochester Minnesota.	https://prod.tvmimageservice.com/images/GetEvoxImage?styleid=487307&amp;Width=640&amp;Height=480&amp;Type=jpeg&amp;Angle=03&amp;quality=80&amp;BackGroundColor=white&amp;colorcode=PCG&amp;autocrop=True&amp;useoverrides=true	in stock	NEW	TRUCK	Vehicles & Parts > Vehicles > Motor Vehicles > Cars, Trucks & Vans	3C63R5TL3VG414051	https://www.dahlchryslerdodgejeepramrochester.com/viewdetails/new/3c63r5tl3vg414051/2027-ram-2500-dj7m81/123?store={store_code}	BLUE	0 miles	2500	3C63R5TL3VG414051	2027	108735 USD	60958	108735 USD	MI	no	2500	No	Over 20k
3C6LRVNG9VE555833	2027 RAM ProMaster Cargo Van Tradesman	RAM	https://www.dahlchryslerdodgejeepramrochester.com/viewdetails/new/3c6lrvng9ve555833/2027-ram-promaster-cargo-van-mini-van,-cargo/	51975 USD	2027 Bright White Clearcoat RAM ProMaster Cargo Van Tradesman Regular Gasoline V-6 3.6 L/220 For sale at Dahl CDJR Rochester in Rochester Minnesota.	https://content.homenetiol.com/2000157/2065512/0x0/45da967aee194f78abd3a3d5daa040a3.jpg	in stock	NEW	VAN	Vehicles & Parts > Vehicles > Motor Vehicles > Cars, Trucks & Vans	3C6LRVNG9VE555833	https://www.dahlchryslerdodgejeepramrochester.com/viewdetails/new/3c6lrvng9ve555833/2027-ram-promaster-cargo-van-mini-van,-cargo/123?store={store_code}	WHITE	0 miles	ProMaster Cargo Van	3C6LRVNG9VE555833	2027	51975 USD	60958	51975 USD	MI	no	ProMaster Cargo Van	No	Over 20k
3C6SRFGP1V4511796	2027 RAM 1500 Tradesman	RAM	https://www.dahlchryslerdodgejeepramrochester.com/viewdetails/new/3c6srfgp1v4511796/2027-ram-1500-dt6l98/	56150 USD	2027 Bright White Clear Coat Exterior Paint RAM 1500 Tradesman 3.0L I6 Hurricane SO Twin Turbo ESS For sale at Dahl CDJR Rochester in Rochester Minnesota.	https://prod.tvmimageservice.com/images/GetEvoxImage?styleid=487367&amp;Width=640&amp;Height=480&amp;Type=jpeg&amp;Angle=03&amp;quality=80&amp;BackGroundColor=white&amp;colorcode=PW7&amp;autocrop=True&amp;useoverrides=true	in stock	NEW	TRUCK	Vehicles & Parts > Vehicles > Motor Vehicles > Cars, Trucks & Vans	3C6SRFGP1V4511796	https://www.dahlchryslerdodgejeepramrochester.com/viewdetails/new/3c6srfgp1v4511796/2027-ram-1500-dt6l98/123?store={store_code}	WHITE	0 miles	1500	3C6SRFGP1V4511796	2027	56150 USD	60958	56150 USD	MI	no	1500	No	Over 20k
3C6UR5CJ3TG319506	2026 RAM 2500 Warlock	RAM	https://www.dahlchryslerdodgejeepramrochester.com/viewdetails/new/3c6ur5cj3tg319506/2026-ram-2500-crew-cab-pickup/	61565 USD	2026 Granite Crystal Metallic Clearcoat RAM 2500 Warlock Regular Gasoline V-8 6.4 L/392 For sale at Dahl CDJR Rochester in Rochester Minnesota.	https://content.homenetiol.com/2000157/2065512/0x0/f4fee5cd36f14efc9dd1cc964882a567.jpg	in stock	NEW	TRUCK	Vehicles & Parts > Vehicles > Motor Vehicles > Cars, Trucks & Vans	3C6UR5CJ3TG319506	https://www.dahlchryslerdodgejeepramrochester.com/viewdetails/new/3c6ur5cj3tg319506/2026-ram-2500-crew-cab-pickup/123?store={store_code}	GRAY	0 miles	2500	3C6UR5CJ3TG319506	2026	61565 USD	60958	61565 USD	MI	no	2500	No	Over 20k
3C6UR5CJ8TG237402	2026 RAM 2500 Tradesman	RAM	https://www.dahlchryslerdodgejeepramrochester.com/viewdetails/new/3c6ur5cj8tg237402/2026-ram-2500-crew-cab-pickup/	60895 USD	2026 Diamond Black Crystal Pearlcoat RAM 2500 Tradesman Regular Gasoline V-8 6.4 L/392 For sale at Dahl CDJR Rochester in Rochester Minnesota.	https://content.homenetiol.com/2000157/2065512/0x0/321557d170e243b985122e11af064387.jpg	in stock	NEW	TRUCK	Vehicles & Parts > Vehicles > Motor Vehicles > Cars, Trucks & Vans	3C6UR5CJ8TG237402	https://www.dahlchryslerdodgejeepramrochester.com/viewdetails/new/3c6ur5cj8tg237402/2026-ram-2500-crew-cab-pickup/123?store={store_code}	BLACK	0 miles	2500	3C6UR5CJ8TG237402	2026	60895 USD	60958	60895 USD	MI	no	2500	No	Over 20k
3C6UR5DJ2VG389032	2027 RAM 2500 Big Horn	RAM	https://www.dahlchryslerdodgejeepramrochester.com/viewdetails/new/3c6ur5dj2vg389032/2027-ram-2500-dj7h91/	66210 USD	2027 Silver Zynith Exterior Paint RAM 2500 Big Horn 6.4L V8 HEMI HD For sale at Dahl CDJR Rochester in Rochester Minnesota.	https://prod.tvmimageservice.com/images/GetEvoxImage?styleid=487508&amp;Width=640&amp;Height=480&amp;Type=jpeg&amp;Angle=03&amp;quality=80&amp;BackGroundColor=white&amp;colorcode=PSE&amp;autocrop=True&amp;useoverrides=true	in stock	NEW	TRUCK	Vehicles & Parts > Vehicles > Motor Vehicles > Cars, Trucks & Vans	3C6UR5DJ2VG389032	https://www.dahlchryslerdodgejeepramrochester.com/viewdetails/new/3c6ur5dj2vg389032/2027-ram-2500-dj7h91/123?store={store_code}	SILVER	0 miles	2500	3C6UR5DJ2VG389032	2027	66210 USD	60958	66210 USD	MI	no	2500	No	Over 20k
3C6UR5FJ5VG389040	2027 RAM 2500 Laramie	RAM	https://www.dahlchryslerdodgejeepramrochester.com/viewdetails/new/3c6ur5fj5vg389040/2027-ram-2500-crew-cab-pickup/	78710 USD	2027 Diamond Black Crystal Pearlcoat RAM 2500 Laramie Regular Gasoline V-8 6.4 L/392 For sale at Dahl CDJR Rochester in Rochester Minnesota.	https://content.homenetiol.com/2000157/2065512/0x0/b8c0d87f439f4ec0a7c7642ba2bd4786.jpg	in stock	NEW	TRUCK	Vehicles & Parts > Vehicles > Motor Vehicles > Cars, Trucks & Vans	3C6UR5FJ5VG389040	https://www.dahlchryslerdodgejeepramrochester.com/viewdetails/new/3c6ur5fj5vg389040/2027-ram-2500-crew-cab-pickup/123?store={store_code}	BLACK	0 miles	2500	3C6UR5FJ5VG389040	2027	78710 USD	60958	78710 USD	MI	no	2500	No	Over 20k
3C6UR5HJ5VG393926	2027 RAM 2500 Tradesman	RAM	https://www.dahlchryslerdodgejeepramrochester.com/viewdetails/new/3c6ur5hj5vg393926/2027-ram-2500-dj7l92/	61390 USD	2027 Bright White Clear Coat Exterior Paint RAM 2500 Tradesman 6.4L V8 HEMI HD For sale at Dahl CDJR Rochester in Rochester Minnesota.	https://prod.tvmimageservice.com/images/GetEvoxImage?styleid=487514&amp;Width=640&amp;Height=480&amp;Type=jpeg&amp;Angle=03&amp;quality=80&amp;BackGroundColor=white&amp;colorcode=PW7&amp;autocrop=True&amp;useoverrides=true	in stock	NEW	TRUCK	Vehicles & Parts > Vehicles > Motor Vehicles > Cars, Trucks & Vans	3C6UR5HJ5VG393926	https://www.dahlchryslerdodgejeepramrochester.com/viewdetails/new/3c6ur5hj5vg393926/2027-ram-2500-dj7l92/123?store={store_code}	WHITE	0 miles	2500	3C6UR5HJ5VG393926	2027	61390 USD	60958	61390 USD	MI	no	2500	No	Over 20k
3C7WR9CJ4TG282882	2026 RAM 3500 Chassis Cab Tradesman	RAM	https://www.dahlchryslerdodgejeepramrochester.com/viewdetails/new/3c7wr9cj4tg282882/2026-ram-3500-chassis-cab-crew-cab-chassis-cab/	62965 USD	2026 Bright White Clearcoat RAM 3500 Chassis Cab Tradesman Regular Gasoline V-8 6.4 L/392 For sale at Dahl CDJR Rochester in Rochester Minnesota.	https://prod.tvmimageservice.com/images/GetEvoxImage?styleid=478127&amp;Width=640&amp;Height=480&amp;Type=jpeg&amp;Angle=03&amp;quality=80&amp;BackGroundColor=white&amp;colorcode=PW7&amp;autocrop=True&amp;useoverrides=true	in stock	NEW	TRUCK	Vehicles & Parts > Vehicles > Motor Vehicles > Cars, Trucks & Vans	3C7WR9CJ4TG282882	https://www.dahlchryslerdodgejeepramrochester.com/viewdetails/new/3c7wr9cj4tg282882/2026-ram-3500-chassis-cab-crew-cab-chassis-cab/123?store={store_code}	WHITE	0 miles	3500 Chassis Cab	3C7WR9CJ4TG282882	2026	62965 USD	60958	62965 USD	MI	no	3500 Chassis Cab	No	Over 20k
3C7WRNBJ9VG374812	2027 RAM 5500 Chassis Cab Tradesman	RAM	https://www.dahlchryslerdodgejeepramrochester.com/viewdetails/new/3c7wrnbj9vg374812/2027-ram-5500-chassis-cab-regular-cab-chassis-cab/	69705 USD	2027 Bright White Clearcoat RAM 5500 Chassis Cab Tradesman Regular Gasoline V-8 6.4 L/392 For sale at Dahl CDJR Rochester in Rochester Minnesota.	https://content.homenetiol.com/2000157/2065512/0x0/4ba98541ca3e4927b11b39085c0a033d.jpg	in stock	NEW	TRUCK	Vehicles & Parts > Vehicles > Motor Vehicles > Cars, Trucks & Vans	3C7WRNBJ9VG374812	https://www.dahlchryslerdodgejeepramrochester.com/viewdetails/new/3c7wrnbj9vg374812/2027-ram-5500-chassis-cab-regular-cab-chassis-cab/123?store={store_code}	WHITE	0 miles	5500 Chassis Cab	3C7WRNBJ9VG374812	2027	69705 USD	60958	69705 USD	MI	no	5500 Chassis Cab	No	Over 20k
3C7WRNFJ9VG383276	2027 RAM 5500 Chassis Cab Tradesman	RAM	https://www.dahlchryslerdodgejeepramrochester.com/viewdetails/new/3c7wrnfj9vg383276/2027-ram-5500-chassis-cab-crew-cab-chassis-cab/	73250 USD	2027 Bright White Clearcoat RAM 5500 Chassis Cab Tradesman Regular Gasoline V-8 6.4 L/392 For sale at Dahl CDJR Rochester in Rochester Minnesota.	https://content.homenetiol.com/2000157/2065512/0x0/6cd2f841865646129fb9977231317a91.jpg	in stock	NEW	TRUCK	Vehicles & Parts > Vehicles > Motor Vehicles > Cars, Trucks & Vans	3C7WRNFJ9VG383276	https://www.dahlchryslerdodgejeepramrochester.com/viewdetails/new/3c7wrnfj9vg383276/2027-ram-5500-chassis-cab-crew-cab-chassis-cab/123?store={store_code}	WHITE	0 miles	5500 Chassis Cab	3C7WRNFJ9VG383276	2027	73250 USD	60958	73250 USD	MI	no	5500 Chassis Cab	No	Over 20k
1C4HJXFG4KW663648	2019 Jeep Wrangler Unlimited Rubicon	Jeep	https://www.dahlchryslerdodgejeepramrochester.com/viewdetails/used/1c4hjxfg4kw663648/2019-jeep-wrangler-unlimited-convertible/	25174 USD	2019 Sting Gray Clearcoat Jeep Wrangler Unlimited Rubicon Regular Unleaded V-6 3.6 L/220 For sale at Dahl CDJR Rochester in Rochester Minnesota.	https://content.homenetiol.com/2000157/2065512/0x0/1fd8c579a30147d1a13274017458fe56.jpg	in stock	USED	SUV	Vehicles & Parts > Vehicles > Motor Vehicles > Cars, Trucks & Vans	1C4HJXFG4KW663648	https://www.dahlchryslerdodgejeepramrochester.com/viewdetails/used/1c4hjxfg4kw663648/2019-jeep-wrangler-unlimited-convertible/123?store={store_code}	GRAY	90903 miles	Wrangler Unlimited	1C4HJXFG4KW663648	2019	25174 USD	60958	25174 USD	MI	no	Wrangler Unlimited	No	Over 20k
1C4PJMMX5ND517143	2022 Jeep Cherokee Latitude Lux	Jeep	https://www.dahlchryslerdodgejeepramrochester.com/viewdetails/used/1c4pjmmx5nd517143/2022-jeep-cherokee-sport-utility/	17999 USD	2022 Velvet Red Pearlcoat Jeep Cherokee Latitude Lux Regular Unleaded V-6 3.2 L/198 For sale at Dahl CDJR Rochester in Rochester Minnesota.	https://content.homenetiol.com/2000157/2065512/0x0/107ebf10036f4e97a18d32fe2dd3d99a.jpg	in stock	USED	SUV	Vehicles & Parts > Vehicles > Motor Vehicles > Cars, Trucks & Vans	1C4PJMMX5ND517143	https://www.dahlchryslerdodgejeepramrochester.com/viewdetails/used/1c4pjmmx5nd517143/2022-jeep-cherokee-sport-utility/123?store={store_code}	RED	113484 miles	Cherokee	1C4PJMMX5ND517143	2022	17999 USD	60958	17999 USD	MI	no	Cherokee	No	Under 20k
1C4PJXEN3TW179726	2026 Jeep Wrangler Sahara	Jeep	https://www.dahlchryslerdodgejeepramrochester.com/viewdetails/used/1c4pjxen3tw179726/2026-jeep-wrangler-convertible/	40560 USD	2026 Bright White Clearcoat Jeep Wrangler Sahara Intercooled Turbo Premium Gasoline I-4 2.0 L/122 For sale at Dahl CDJR Rochester in Rochester Minnesota.	https://content.homenetiol.com/2000157/2065512/0x0/stock_images/5/2026JES01_640/2026JES012082197_640_01.jpg	in stock	USED	SUV	Vehicles & Parts > Vehicles > Motor Vehicles > Cars, Trucks & Vans	1C4PJXEN3TW179726	https://www.dahlchryslerdodgejeepramrochester.com/viewdetails/used/1c4pjxen3tw179726/2026-jeep-wrangler-convertible/123?store={store_code}	WHITE	18128 miles	Wrangler	1C4PJXEN3TW179726	2026	40560 USD	60958	40560 USD	MI	no	Wrangler	No	Over 20k
1C4RJFCG3GC426404	2016 Jeep Grand Cherokee High Altitude	Jeep	https://www.dahlchryslerdodgejeepramrochester.com/viewdetails/used/1c4rjfcg3gc426404/2016-jeep-grand-cherokee-sport-utility/	18879 USD	2016 Granite Crystal Metallic Clearcoat Jeep Grand Cherokee High Altitude Regular Unleaded V-6 3.6 L/220 For sale at Dahl CDJR Rochester in Rochester Minnesota.	https://content.homenetiol.com/2000157/2065512/0x0/abdf18bcef0a435aa9fc9983837cde27.jpg	in stock	USED	SUV	Vehicles & Parts > Vehicles > Motor Vehicles > Cars, Trucks & Vans	1C4RJFCG3GC426404	https://www.dahlchryslerdodgejeepramrochester.com/viewdetails/used/1c4rjfcg3gc426404/2016-jeep-grand-cherokee-sport-utility/123?store={store_code}	GRAY	82193 miles	Grand Cherokee	1C4RJFCG3GC426404	2016	18879 USD	60958	18879 USD	MI	no	Grand Cherokee	No	Under 20k
1C4RJHAR3TC217982	2026 Jeep Grand Cherokee Laredo Altitude	Jeep	https://www.dahlchryslerdodgejeepramrochester.com/viewdetails/used/1c4rjhar3tc217982/2026-jeep-grand-cherokee-sport-utility/	39339 USD	2026 Bright White Clearcoat Jeep Grand Cherokee Laredo Altitude Intercooled Turbo Regular Gasoline I-4 2.0 L/122 For sale at Dahl CDJR Rochester in Rochester Minnesota.	https://content.homenetiol.com/2000157/2065512/0x0/16b3d1a6ec724d7d86c25cd233c655ae.jpg	in stock	USED	SUV	Vehicles & Parts > Vehicles > Motor Vehicles > Cars, Trucks & Vans	1C4RJHAR3TC217982	https://www.dahlchryslerdodgejeepramrochester.com/viewdetails/used/1c4rjhar3tc217982/2026-jeep-grand-cherokee-sport-utility/123?store={store_code}	WHITE	3805 miles	Grand Cherokee	1C4RJHAR3TC217982	2026	39339 USD	60958	39339 USD	MI	no	Grand Cherokee	No	Over 20k
1C4RJHAR3TC252618	2026 Jeep Grand Cherokee Laredo Altitude	Jeep	https://www.dahlchryslerdodgejeepramrochester.com/viewdetails/used/1c4rjhar3tc252618/2026-jeep-grand-cherokee-sport-utility/	40339 USD	2026 Silver Zynith Jeep Grand Cherokee Laredo Altitude Intercooled Turbo Regular Gasoline I-4 2.0 L/122 For sale at Dahl CDJR Rochester in Rochester Minnesota.	https://content.homenetiol.com/2000157/2065512/0x0/aa5f6feee1954a5288c6fb5e7a278d97.jpg	in stock	USED	SUV	Vehicles & Parts > Vehicles > Motor Vehicles > Cars, Trucks & Vans	1C4RJHAR3TC252618	https://www.dahlchryslerdodgejeepramrochester.com/viewdetails/used/1c4rjhar3tc252618/2026-jeep-grand-cherokee-sport-utility/123?store={store_code}	SILVER	1362 miles	Grand Cherokee	1C4RJHAR3TC252618	2026	40339 USD	60958	40339 USD	MI	no	Grand Cherokee	No	Over 20k
1C4RJHAR4TC192882	2026 Jeep Grand Cherokee Laredo Altitude	Jeep	https://www.dahlchryslerdodgejeepramrochester.com/viewdetails/used/1c4rjhar4tc192882/2026-jeep-grand-cherokee-sport-utility/	38419 USD	2026 Diamond Black Crystal Pearlcoat Jeep Grand Cherokee Laredo Altitude Intercooled Turbo Regular Gasoline I-4 2.0 L/122 For sale at Dahl CDJR Rochester in Rochester Minnesota.	https://content.homenetiol.com/2000157/2065512/0x0/c37d13ffd91d4d46b7245b99ae1a82d6.jpg	in stock	USED	SUV	Vehicles & Parts > Vehicles > Motor Vehicles > Cars, Trucks & Vans	1C4RJHAR4TC192882	https://www.dahlchryslerdodgejeepramrochester.com/viewdetails/used/1c4rjhar4tc192882/2026-jeep-grand-cherokee-sport-utility/123?store={store_code}	BLACK	2504 miles	Grand Cherokee	1C4RJHAR4TC192882	2026	38419 USD	60958	38419 USD	MI	no	Grand Cherokee	No	Over 20k
1C4RJHCG7N8634992	2022 Jeep Grand Cherokee Trailhawk	Jeep	https://www.dahlchryslerdodgejeepramrochester.com/viewdetails/used/1c4rjhcg7n8634992/2022-jeep-grand-cherokee-sport-utility/	28649 USD	2022 Baltic Gray Metallic Clearcoat Jeep Grand Cherokee Trailhawk Regular Unleaded V-6 3.6 L/220 For sale at Dahl CDJR Rochester in Rochester Minnesota.	https://content.homenetiol.com/2000157/2065512/0x0/387f1838f51c4b50bb7b279ef335cffc.jpg	in stock	USED	SUV	Vehicles & Parts > Vehicles > Motor Vehicles > Cars, Trucks & Vans	1C4RJHCG7N8634992	https://www.dahlchryslerdodgejeepramrochester.com/viewdetails/used/1c4rjhcg7n8634992/2022-jeep-grand-cherokee-sport-utility/123?store={store_code}	GRAY	86855 miles	Grand Cherokee	1C4RJHCG7N8634992	2022	28649 USD	60958	28649 USD	MI	no	Grand Cherokee	No	Over 20k
1C4SJVAP4TS177237	2026 Jeep Grand Wagoneer 85th Anniversary	Jeep	https://www.dahlchryslerdodgejeepramrochester.com/viewdetails/used/1c4sjvap4ts177237/2026-jeep-grand-wagoneer-sport-utility/	72000 USD	2026 Silver Zynith Jeep Grand Wagoneer 85th Anniversary Twin Turbo Regular Gasoline I-6 3.0 L/183 For sale at Dahl CDJR Rochester in Rochester Minnesota.	https://content.homenetiol.com/2000157/2065512/0x0/7f7236886a7d41859b8c855e8e4b3eb8.jpg	in stock	USED	SUV	Vehicles & Parts > Vehicles > Motor Vehicles > Cars, Trucks & Vans	1C4SJVAP4TS177237	https://www.dahlchryslerdodgejeepramrochester.com/viewdetails/used/1c4sjvap4ts177237/2026-jeep-grand-wagoneer-sport-utility/123?store={store_code}	SILVER	6245 miles	Grand Wagoneer	1C4SJVAP4TS177237	2026	72000 USD	60958	72000 USD	MI	no	Grand Wagoneer	No	Over 20k
1C6SRFFT1NN122001	2022 RAM 1500 Big Horn	RAM	https://www.dahlchryslerdodgejeepramrochester.com/viewdetails/used/1c6srfft1nn122001/2022-ram-1500-crew-cab-pickup/	27529 USD	2022 Diamond Black Crystal Pearlcoat RAM 1500 Big Horn Regular Gasoline V-8 5.7 L/345 For sale at Dahl CDJR Rochester in Rochester Minnesota.	https://content.homenetiol.com/2000157/2065512/0x0/609c2372fc9947799c5245a8d4fce2bd.jpg	in stock	USED	TRUCK	Vehicles & Parts > Vehicles > Motor Vehicles > Cars, Trucks & Vans	1C6SRFFT1NN122001	https://www.dahlchryslerdodgejeepramrochester.com/viewdetails/used/1c6srfft1nn122001/2022-ram-1500-crew-cab-pickup/123?store={store_code}	BLACK	85741 miles	1500	1C6SRFFT1NN122001	2022	27529 USD	60958	27529 USD	MI	no	1500	No	Over 20k
1C6SRFFT2NN379099	2022 RAM 1500 Big Horn	RAM	https://www.dahlchryslerdodgejeepramrochester.com/viewdetails/used/1c6srfft2nn379099/2022-ram-1500-crew-cab-pickup/	32144 USD	2022 Granite Crystal Metallic Clearcoat RAM 1500 Big Horn Regular Gasoline V-8 5.7 L/345 For sale at Dahl CDJR Rochester in Rochester Minnesota.	https://content.homenetiol.com/2000157/2065512/0x0/7369e5bdbe3040fb90909c530cd78007.jpg	in stock	USED	TRUCK	Vehicles & Parts > Vehicles > Motor Vehicles > Cars, Trucks & Vans	1C6SRFFT2NN379099	https://www.dahlchryslerdodgejeepramrochester.com/viewdetails/used/1c6srfft2nn379099/2022-ram-1500-crew-cab-pickup/123?store={store_code}	GRAY	81061 miles	1500	1C6SRFFT2NN379099	2022	32144 USD	60958	32144 USD	MI	no	1500	No	Over 20k
1C6SRFFT8PN501256	2023 RAM 1500 Big Horn	RAM	https://www.dahlchryslerdodgejeepramrochester.com/viewdetails/used/1c6srfft8pn501256/2023-ram-1500-crew-cab-pickup/	34024 USD	2023 Flame Red Clearcoat RAM 1500 Big Horn Gas/Electric V-8 5.7 L/345 For sale at Dahl CDJR Rochester in Rochester Minnesota.	https://content.homenetiol.com/2000157/2065512/0x0/93fc6ad94fe640e593ce06cbedbce3fa.jpg	in stock	USED	TRUCK	Vehicles & Parts > Vehicles > Motor Vehicles > Cars, Trucks & Vans	1C6SRFFT8PN501256	https://www.dahlchryslerdodgejeepramrochester.com/viewdetails/used/1c6srfft8pn501256/2023-ram-1500-crew-cab-pickup/123?store={store_code}	RED	51701 miles	1500	1C6SRFFT8PN501256	2023	34024 USD	60958	34024 USD	MI	no	1500	No	Over 20k
1C6SRFJP5TN255318	2026 RAM 1500 Laramie	RAM	https://www.dahlchryslerdodgejeepramrochester.com/viewdetails/used/1c6srfjp5tn255318/2026-ram-1500-crew-cab-pickup/	44679 USD	2026 Billet Silver Metallic Clearcoat RAM 1500 Laramie Twin Turbo Regular Gasoline I-6 3.0 L/183 For sale at Dahl CDJR Rochester in Rochester Minnesota.	https://content.homenetiol.com/2000157/2065512/0x0/0dd4f98cfecc47ca89dd225869a46f1f.jpg	in stock	USED	TRUCK	Vehicles & Parts > Vehicles > Motor Vehicles > Cars, Trucks & Vans	1C6SRFJP5TN255318	https://www.dahlchryslerdodgejeepramrochester.com/viewdetails/used/1c6srfjp5tn255318/2026-ram-1500-crew-cab-pickup/123?store={store_code}	SILVER	23411 miles	1500	1C6SRFJP5TN255318	2026	44679 USD	60958	44679 USD	MI	no	1500	No	Over 20k
1C6SRFJP9SN567382	2025 RAM 1500 Laramie	RAM	https://www.dahlchryslerdodgejeepramrochester.com/viewdetails/used/1c6srfjp9sn567382/2025-ram-1500-crew-cab-pickup/	38299 USD	2025 Bright White Clearcoat RAM 1500 Laramie Twin Turbo Regular Gasoline I-6 3.0 L/183 For sale at Dahl CDJR Rochester in Rochester Minnesota.	https://content.homenetiol.com/2000157/2065512/0x0/fb059be718234864ae5c7bf96148f94e.jpg	in stock	USED	TRUCK	Vehicles & Parts > Vehicles > Motor Vehicles > Cars, Trucks & Vans	1C6SRFJP9SN567382	https://www.dahlchryslerdodgejeepramrochester.com/viewdetails/used/1c6srfjp9sn567382/2025-ram-1500-crew-cab-pickup/123?store={store_code}	WHITE	52873 miles	1500	1C6SRFJP9SN567382	2025	38299 USD	60958	38299 USD	MI	no	1500	No	Over 20k
1C6SRFJT5KN786725	2019 RAM 1500 Laramie	RAM	https://www.dahlchryslerdodgejeepramrochester.com/viewdetails/used/1c6srfjt5kn786725/2019-ram-1500-crew-cab-pickup/	25619 USD	2019 Maximum Steel Metallic Clearcoat RAM 1500 Laramie Regular Gasoline V-8 5.7 L/345 For sale at Dahl CDJR Rochester in Rochester Minnesota.	https://content.homenetiol.com/2000157/2065512/0x0/7a2b2227f16d402b92acb44af170450f.jpg	in stock	USED	TRUCK	Vehicles & Parts > Vehicles > Motor Vehicles > Cars, Trucks & Vans	1C6SRFJT5KN786725	https://www.dahlchryslerdodgejeepramrochester.com/viewdetails/used/1c6srfjt5kn786725/2019-ram-1500-crew-cab-pickup/123?store={store_code}	GRAY	110434 miles	1500	1C6SRFJT5KN786725	2019	25619 USD	60958	25619 USD	MI	no	1500	No	Over 20k
1C6SRFJT6LN296876	2020 RAM 1500 Laramie	RAM	https://www.dahlchryslerdodgejeepramrochester.com/viewdetails/used/1c6srfjt6ln296876/2020-ram-1500-crew-cab-pickup/	26109 USD	2020 Diamond Black Crystal Pearlcoat RAM 1500 Laramie Regular Gasoline V-8 5.7 L/345 For sale at Dahl CDJR Rochester in Rochester Minnesota.	https://content.homenetiol.com/2000157/2065512/0x0/cc2ae67cb27347609b1c9320023c7e59.jpg	in stock	USED	TRUCK	Vehicles & Parts > Vehicles > Motor Vehicles > Cars, Trucks & Vans	1C6SRFJT6LN296876	https://www.dahlchryslerdodgejeepramrochester.com/viewdetails/used/1c6srfjt6ln296876/2020-ram-1500-crew-cab-pickup/123?store={store_code}	BLACK	105928 miles	1500	1C6SRFJT6LN296876	2020	26109 USD	60958	26109 USD	MI	no	1500	No	Over 20k
1FTER4LR1RLE30807	2024 Ford Ranger Raptor	Ford	https://www.dahlchryslerdodgejeepramrochester.com/viewdetails/used/1fter4lr1rle30807/2024-ford-ranger-crew-cab-pickup/	47099 USD	2024 Shadow Black Ford Ranger Raptor Twin Turbo Premium Gasoline V-6 3.0 L/180 For sale at Dahl CDJR Rochester in Rochester Minnesota.	https://content.homenetiol.com/2000157/2065512/0x0/0e5c2eb3c5f2484ab85b7444125ddf04.jpg	in stock	USED	TRUCK	Vehicles & Parts > Vehicles > Motor Vehicles > Cars, Trucks & Vans	1FTER4LR1RLE30807	https://www.dahlchryslerdodgejeepramrochester.com/viewdetails/used/1fter4lr1rle30807/2024-ford-ranger-crew-cab-pickup/123?store={store_code}	BLACK	26734 miles	Ranger	1FTER4LR1RLE30807	2024	47099 USD	60958	47099 USD	MI	no	Ranger	No	Over 20k
1FTYE1Y80LKA03879	2020 Ford Transit Cargo Van T-150 LO RF RWD	Ford	https://www.dahlchryslerdodgejeepramrochester.com/viewdetails/used/1ftye1y80lka03879/2020-ford-transit-cargo-van-mini-van,-cargo/	15845 USD	2020 Oxford White Ford Transit Cargo Van T-150 LO RF RWD Regular Unleaded V-6 3.5 L/213 For sale at Dahl CDJR Rochester in Rochester Minnesota.	https://content.homenetiol.com/2000157/2065512/0x0/37d5712c3b3e4ed2881bdf5d677db17d.jpg	in stock	USED	VAN	Vehicles & Parts > Vehicles > Motor Vehicles > Cars, Trucks & Vans	1FTYE1Y80LKA03879	https://www.dahlchryslerdodgejeepramrochester.com/viewdetails/used/1ftye1y80lka03879/2020-ford-transit-cargo-van-mini-van,-cargo/123?store={store_code}	WHITE	138965 miles	Transit Cargo Van	1FTYE1Y80LKA03879	2020	15845 USD	60958	15845 USD	MI	no	Transit Cargo Van	No	Under 20k
1GCPDBEK4NZ527924	2022 Chevrolet Silverado 1500 Custom	Chevrolet	https://www.dahlchryslerdodgejeepramrochester.com/viewdetails/used/1gcpdbek4nz527924/2022-chevrolet-silverado-1500-crew-cab-pickup/	29054 USD	2022 Summit White Chevrolet Silverado 1500 Custom Turbocharged Gas I4 2.7L/166 For sale at Dahl CDJR Rochester in Rochester Minnesota.	https://content.homenetiol.com/2000157/2065512/0x0/e8510b4add5243509686a8e41dacea03.jpg	in stock	USED	TRUCK	Vehicles & Parts > Vehicles > Motor Vehicles > Cars, Trucks & Vans	1GCPDBEK4NZ527924	https://www.dahlchryslerdodgejeepramrochester.com/viewdetails/used/1gcpdbek4nz527924/2022-chevrolet-silverado-1500-crew-cab-pickup/123?store={store_code}	WHITE	41881 miles	Silverado 1500	1GCPDBEK4NZ527924	2022	29054 USD	60958	29054 USD	MI	no	Silverado 1500	No	Over 20k
2C4RC1S76RR178934	2024 Chrysler Pacifica Hybrid Select	Chrysler	https://www.dahlchryslerdodgejeepramrochester.com/viewdetails/used/2c4rc1s76rr178934/2024-chrysler-pacifica-mini-van,-passenger/	22554 USD	2024 Silver Mist Clearcoat Chrysler Pacifica Hybrid Select Gas/Electric V-6 3.6 L/220 For sale at Dahl CDJR Rochester in Rochester Minnesota.	https://content.homenetiol.com/2000157/2065512/0x0/bf5864bbb1fa4704a9688e9a1cccd6c1.jpg	in stock	USED	VAN	Vehicles & Parts > Vehicles > Motor Vehicles > Cars, Trucks & Vans	2C4RC1S76RR178934	https://www.dahlchryslerdodgejeepramrochester.com/viewdetails/used/2c4rc1s76rr178934/2024-chrysler-pacifica-mini-van,-passenger/123?store={store_code}	SILVER	57134 miles	Pacifica	2C4RC1S76RR178934	2024	22554 USD	60958	22554 USD	MI	no	Pacifica	No	Over 20k
2HGFE2F55SH601303	2025 Honda Civic Sedan Sport	Honda	https://www.dahlchryslerdodgejeepramrochester.com/viewdetails/used/2hgfe2f55sh601303/2025-honda-civic-sedan-4dr-car/	25974 USD	2025 Crystal Black Pearl Honda Civic Sport Regular Gasoline I-4 2.0 L/122 For sale at Dahl CDJR Rochester in Rochester Minnesota.	https://content.homenetiol.com/2000157/2065512/0x0/6c5c58531c1f4ac4ad1590ef46ef1d1c.jpg	in stock	USED	OTHER	Vehicles & Parts > Vehicles > Motor Vehicles > Cars, Trucks & Vans	2HGFE2F55SH601303	https://www.dahlchryslerdodgejeepramrochester.com/viewdetails/used/2hgfe2f55sh601303/2025-honda-civic-sedan-4dr-car/123?store={store_code}	BLACK	37895 miles	Civic	2HGFE2F55SH601303	2025	25974 USD	60958	25974 USD	MI	no	Civic	No	Over 20k
2HGFE2F58SH597327	2025 Honda Civic Sedan Sport	Honda	https://www.dahlchryslerdodgejeepramrochester.com/viewdetails/used/2hgfe2f58sh597327/2025-honda-civic-sedan-4dr-car/	25698 USD	2025 Gray Honda Civic Sport Regular Gasoline I-4 2.0 L/122 For sale at Dahl CDJR Rochester in Rochester Minnesota.	https://content.homenetiol.com/2000157/2065512/0x0/c8401e5042854b60bbbcde086bcecbac.jpg	in stock	USED	OTHER	Vehicles & Parts > Vehicles > Motor Vehicles > Cars, Trucks & Vans	2HGFE2F58SH597327	https://www.dahlchryslerdodgejeepramrochester.com/viewdetails/used/2hgfe2f58sh597327/2025-honda-civic-sedan-4dr-car/123?store={store_code}	GRAY	39141 miles	Civic	2HGFE2F58SH597327	2025	25698 USD	60958	25698 USD	MI	no	Civic	No	Over 20k
2HGFE2F5XSH602611	2025 Honda Civic Sedan Sport	Honda	https://www.dahlchryslerdodgejeepramrochester.com/viewdetails/used/2hgfe2f5xsh602611/2025-honda-civic-sedan-4dr-car/	26049 USD	2025 Platinum White Pearl Honda Civic Sport Regular Gasoline I-4 2.0 L/122 For sale at Dahl CDJR Rochester in Rochester Minnesota.	https://content.homenetiol.com/2000157/2065512/0x0/fe9215398db246a59999f31c4ed5bb44.jpg	in stock	USED	OTHER	Vehicles & Parts > Vehicles > Motor Vehicles > Cars, Trucks & Vans	2HGFE2F5XSH602611	https://www.dahlchryslerdodgejeepramrochester.com/viewdetails/used/2hgfe2f5xsh602611/2025-honda-civic-sedan-4dr-car/123?store={store_code}	WHITE	36523 miles	Civic	2HGFE2F5XSH602611	2025	26049 USD	60958	26049 USD	MI	no	Civic	No	Over 20k
2T3P1RFV0SW543639	2025 Toyota RAV4 XLE	Toyota	https://www.dahlchryslerdodgejeepramrochester.com/viewdetails/used/2t3p1rfv0sw543639/2025-toyota-rav4-sport-utility/	31299 USD	2025 Ice Cap Toyota RAV4 XLE Regular Gasoline I-4 2.5 L/152 For sale at Dahl CDJR Rochester in Rochester Minnesota.	https://content.homenetiol.com/2000157/2065512/0x0/760b723640ee43458845fd190b06351c.jpg	in stock	USED	SUV	Vehicles & Parts > Vehicles > Motor Vehicles > Cars, Trucks & Vans	2T3P1RFV0SW543639	https://www.dahlchryslerdodgejeepramrochester.com/viewdetails/used/2t3p1rfv0sw543639/2025-toyota-rav4-sport-utility/123?store={store_code}	WHITE	30636 miles	RAV4	2T3P1RFV0SW543639	2025	31299 USD	60958	31299 USD	MI	no	RAV4	No	Over 20k
2T3P1RFV8SW545106	2025 Toyota RAV4 XLE	Toyota	https://www.dahlchryslerdodgejeepramrochester.com/viewdetails/used/2t3p1rfv8sw545106/2025-toyota-rav4-sport-utility/	31299 USD	2025 Blueprint Toyota RAV4 XLE Regular Gasoline I-4 2.5 L/152 For sale at Dahl CDJR Rochester in Rochester Minnesota.	https://content.homenetiol.com/2000157/2065512/0x0/eff45474f2c742f9b2f848068f795080.jpg	in stock	USED	SUV	Vehicles & Parts > Vehicles > Motor Vehicles > Cars, Trucks & Vans	2T3P1RFV8SW545106	https://www.dahlchryslerdodgejeepramrochester.com/viewdetails/used/2t3p1rfv8sw545106/2025-toyota-rav4-sport-utility/123?store={store_code}	BLUE	28924 miles	RAV4	2T3P1RFV8SW545106	2025	31299 USD	60958	31299 USD	MI	no	RAV4	No	Over 20k
3C4NJDBN6TT160779	2026 Jeep Compass Latitude Altitude	Jeep	https://www.dahlchryslerdodgejeepramrochester.com/viewdetails/used/3c4njdbn6tt160779/2026-jeep-compass-sport-utility/	27404 USD	2026 Bright White Clearcoat Jeep Compass Latitude Altitude Intercooled Turbo Regular Gasoline I-4 2.0 L/122 For sale at Dahl CDJR Rochester in Rochester Minnesota.	https://content.homenetiol.com/2000157/2065512/0x0/412e03d3806d4dd7904fecceddaf9892.jpg	in stock	USED	SUV	Vehicles & Parts > Vehicles > Motor Vehicles > Cars, Trucks & Vans	3C4NJDBN6TT160779	https://www.dahlchryslerdodgejeepramrochester.com/viewdetails/used/3c4njdbn6tt160779/2026-jeep-compass-sport-utility/123?store={store_code}	WHITE	981 miles	Compass	3C4NJDBN6TT160779	2026	27404 USD	60958	27404 USD	MI	no	Compass	No	Over 20k
3C4NJDDN3TT178072	2026 Jeep Compass Trailhawk	Jeep	https://www.dahlchryslerdodgejeepramrochester.com/viewdetails/used/3c4njddn3tt178072/2026-jeep-compass-sport-utility/	27355 USD	2026 Bright White Clearcoat Jeep Compass Trailhawk Intercooled Turbo Regular Gasoline I-4 2.0 L/122 For sale at Dahl CDJR Rochester in Rochester Minnesota.	https://content.homenetiol.com/2000157/2065512/0x0/stock_images/5/2026JES15_640/2026JES152008210_640_01.jpg	in stock	USED	SUV	Vehicles & Parts > Vehicles > Motor Vehicles > Cars, Trucks & Vans	3C4NJDDN3TT178072	https://www.dahlchryslerdodgejeepramrochester.com/viewdetails/used/3c4njddn3tt178072/2026-jeep-compass-sport-utility/123?store={store_code}	WHITE	13918 miles	Compass	3C4NJDDN3TT178072	2026	27355 USD	60958	27355 USD	MI	no	Compass	No	Over 20k
3C63R3DLXGG242266	2016 RAM 3500 Big Horn	RAM	https://www.dahlchryslerdodgejeepramrochester.com/viewdetails/used/3c63r3dlxgg242266/2016-ram-3500-crew-cab-pickup/	28740 USD	2016 Black Forest Green Pearlcoat RAM 3500 Big Horn Intercooled Turbo Diesel I-6 6.7 L/408 For sale at Dahl CDJR Rochester in Rochester Minnesota.	https://content.homenetiol.com/2000157/2065512/0x0/505b5e7f0abd450facffce083ed19ee2.jpg	in stock	USED	TRUCK	Vehicles & Parts > Vehicles > Motor Vehicles > Cars, Trucks & Vans	3C63R3DLXGG242266	https://www.dahlchryslerdodgejeepramrochester.com/viewdetails/used/3c63r3dlxgg242266/2016-ram-3500-crew-cab-pickup/123?store={store_code}	BLACK	148257 miles	3500	3C63R3DLXGG242266	2016	28740 USD	60958	28740 USD	MI	no	3500	No	Over 20k
3C63R3ML6NG119108	2022 RAM 3500 Laramie	RAM	https://www.dahlchryslerdodgejeepramrochester.com/viewdetails/used/3c63r3ml6ng119108/2022-ram-3500-crew-cab-pickup/	54284 USD	2022 Flame Red Clearcoat RAM 3500 Laramie Intercooled Turbo Diesel I-6 6.7 L/408 For sale at Dahl CDJR Rochester in Rochester Minnesota.	https://content.homenetiol.com/2000157/2065512/0x0/53a71366837b446e8d319cf0126a07c6.jpg	in stock	USED	TRUCK	Vehicles & Parts > Vehicles > Motor Vehicles > Cars, Trucks & Vans	3C63R3ML6NG119108	https://www.dahlchryslerdodgejeepramrochester.com/viewdetails/used/3c63r3ml6ng119108/2022-ram-3500-crew-cab-pickup/123?store={store_code}	RED	116516 miles	3500	3C63R3ML6NG119108	2022	54284 USD	60958	54284 USD	MI	no	3500	No	Over 20k
3FTTW8J31SRB47952	2025 Ford Maverick XLT	Ford	https://www.dahlchryslerdodgejeepramrochester.com/viewdetails/used/3fttw8j31srb47952/2025-ford-maverick-crew-cab-pickup/	34290 USD	2025 Oxford White Ford Maverick XLT Gas/Electric I-4 2.5 L/152 For sale at Dahl CDJR Rochester in Rochester Minnesota.	https://content.homenetiol.com/2000157/2065512/0x0/1186a15b968042788ac98625cabd45d5.jpg	in stock	USED	TRUCK	Vehicles & Parts > Vehicles > Motor Vehicles > Cars, Trucks & Vans	3FTTW8J31SRB47952	https://www.dahlchryslerdodgejeepramrochester.com/viewdetails/used/3fttw8j31srb47952/2025-ford-maverick-crew-cab-pickup/123?store={store_code}	WHITE	10447 miles	Maverick	3FTTW8J31SRB47952	2025	34290 USD	60958	34290 USD	MI	no	Maverick	No	Over 20k
3N1CN8FV8RL905413	2024 Nissan Versa SR	Nissan	https://www.dahlchryslerdodgejeepramrochester.com/viewdetails/used/3n1cn8fv8rl905413/2024-nissan-versa-4dr-car/	17124 USD	2024 Gun Metallic Nissan Versa SR Regular Gasoline I-4 1.6 L/98 For sale at Dahl CDJR Rochester in Rochester Minnesota.	https://content.homenetiol.com/2000157/2065512/0x0/452fa90082d74d16b0eed73729d8a15d.jpg	in stock	USED	OTHER	Vehicles & Parts > Vehicles > Motor Vehicles > Cars, Trucks & Vans	3N1CN8FV8RL905413	https://www.dahlchryslerdodgejeepramrochester.com/viewdetails/used/3n1cn8fv8rl905413/2024-nissan-versa-4dr-car/123?store={store_code}	GRAY	52323 miles	Versa	3N1CN8FV8RL905413	2024	17124 USD	60958	17124 USD	MI	no	Versa	No	Under 20k
4T1DAACK0SU012173	2025 Toyota Camry LE	Toyota	https://www.dahlchryslerdodgejeepramrochester.com/viewdetails/used/4t1daack0su012173/2025-toyota-camry-4dr-car/	25349 USD	2025 Midnight Black Metallic Toyota Camry LE Gas/Electric I-4 2.5 L/152 For sale at Dahl CDJR Rochester in Rochester Minnesota.	https://content.homenetiol.com/2000157/2065512/0x0/9e9647df3b1b425a97193d3c64a4534b.jpg	in stock	USED	OTHER	Vehicles & Parts > Vehicles > Motor Vehicles > Cars, Trucks & Vans	4T1DAACK0SU012173	https://www.dahlchryslerdodgejeepramrochester.com/viewdetails/used/4t1daack0su012173/2025-toyota-camry-4dr-car/123?store={store_code}	BLACK	63583 miles	Camry	4T1DAACK0SU012173	2025	25349 USD	60958	25349 USD	MI	no	Camry	No	Over 20k
5TDEBRCH9MS019218	2021 Toyota Highlander Hybrid Platinum	Toyota	https://www.dahlchryslerdodgejeepramrochester.com/viewdetails/used/5tdebrch9ms019218/2021-toyota-highlander-sport-utility/	28920 USD	2021 Blueprint Toyota Highlander Hybrid Platinum Gas/Electric I-4 2.5 L/152 For sale at Dahl CDJR Rochester in Rochester Minnesota.	https://content.homenetiol.com/2000157/2065512/0x0/bc37099c41d04b6eaca9f08f7c572711.jpg	in stock	USED	SUV	Vehicles & Parts > Vehicles > Motor Vehicles > Cars, Trucks & Vans	5TDEBRCH9MS019218	https://www.dahlchryslerdodgejeepramrochester.com/viewdetails/used/5tdebrch9ms019218/2021-toyota-highlander-sport-utility/123?store={store_code}	BLUE	121909 miles	Highlander	5TDEBRCH9MS019218	2021	28920 USD	60958	28920 USD	MI	no	Highlander	No	Over 20k
5TFJA5DAXNX010499	2022 Toyota Tundra 4WD Limited	Toyota	https://www.dahlchryslerdodgejeepramrochester.com/viewdetails/used/5tfja5daxnx010499/2022-toyota-tundra-4wd-crew-cab-pickup/	39339 USD	2022 Celestial Silver Metallic Toyota Tundra 4WD Limited Twin Turbo Regular Gasoline V-6 3.4 L/210 For sale at Dahl CDJR Rochester in Rochester Minnesota.	https://content.homenetiol.com/2000157/2065512/0x0/3589475d8e49480dad9b1afbbd9bbcc1.jpg	in stock	USED	TRUCK	Vehicles & Parts > Vehicles > Motor Vehicles > Cars, Trucks & Vans	5TFJA5DAXNX010499	https://www.dahlchryslerdodgejeepramrochester.com/viewdetails/used/5tfja5daxnx010499/2022-toyota-tundra-4wd-crew-cab-pickup/123?store={store_code}	SILVER	33197 miles	Tundra 4WD	5TFJA5DAXNX010499	2022	39339 USD	60958	39339 USD	MI	no	Tundra 4WD	No	Over 20k
5UX23EU00T9108298	2026 BMW X5 xDrive40i	BMW	https://www.dahlchryslerdodgejeepramrochester.com/viewdetails/used/5ux23eu00t9108298/2026-bmw-x5-sport-utility/	47069 USD	2026 White BMW X5 xDrive40i Intercooled Turbo Gas/Electric I-6 3.0 L/183 For sale at Dahl CDJR Rochester in Rochester Minnesota.	https://content.homenetiol.com/2000157/2065512/0x0/f634f8b593e7476eb54ccc3c3e30124c.jpg	in stock	USED	SUV	Vehicles & Parts > Vehicles > Motor Vehicles > Cars, Trucks & Vans	5UX23EU00T9108298	https://www.dahlchryslerdodgejeepramrochester.com/viewdetails/used/5ux23eu00t9108298/2026-bmw-x5-sport-utility/123?store={store_code}	WHITE	34489 miles	X5	5UX23EU00T9108298	2026	47069 USD	60958	47069 USD	MI	no	X5	No	Over 20k
5UX23EU09T9103259	2026 BMW X5 xDrive40i	BMW	https://www.dahlchryslerdodgejeepramrochester.com/viewdetails/used/5ux23eu09t9103259/2026-bmw-x5-sport-utility/	45504 USD	2026 Manhattan Green Metallic BMW X5 xDrive40i Intercooled Turbo Gas/Electric I-6 3.0 L/183 For sale at Dahl CDJR Rochester in Rochester Minnesota.	https://content.homenetiol.com/2000157/2065512/0x0/daf9aa29ca194addbd2e22d2d01563a9.jpg	in stock	USED	SUV	Vehicles & Parts > Vehicles > Motor Vehicles > Cars, Trucks & Vans	5UX23EU09T9103259	https://www.dahlchryslerdodgejeepramrochester.com/viewdetails/used/5ux23eu09t9103259/2026-bmw-x5-sport-utility/123?store={store_code}	GREEN	37605 miles	X5	5UX23EU09T9103259	2026	45504 USD	60958	45504 USD	MI	no	X5	No	Over 20k
7MMVABDMXRN229751	2024 Mazda CX-50 2.5 S Premium Package	Mazda	https://www.dahlchryslerdodgejeepramrochester.com/viewdetails/used/7mmvabdmxrn229751/2024-mazda-cx-50-sport-utility/	25704 USD	2024 Soul Red Crystal Metallic Mazda CX-50 2.5 S Premium Package Regular Gasoline I-4 2.5 L/152 For sale at Dahl CDJR Rochester in Rochester Minnesota.	https://content.homenetiol.com/2000157/2065512/0x0/1f186847dcb5421d895e8aecbd392ebf.jpg	in stock	USED	SUV	Vehicles & Parts > Vehicles > Motor Vehicles > Cars, Trucks & Vans	7MMVABDMXRN229751	https://www.dahlchryslerdodgejeepramrochester.com/viewdetails/used/7mmvabdmxrn229751/2024-mazda-cx-50-sport-utility/123?store={store_code}	RED	31144 miles	CX-50	7MMVABDMXRN229751	2024	25704 USD	60958	25704 USD	MI	no	CX-50	No	Over 20k
KM8R7DGE3RU741028	2024 Hyundai Palisade Calligraphy Night Edition	Hyundai	https://www.dahlchryslerdodgejeepramrochester.com/viewdetails/used/km8r7dge3ru741028/2024-hyundai-palisade-sport-utility/	34669 USD	2024 Hyper White Hyundai Palisade Calligraphy Night Edition Regular Unleaded V-6 3.8 L/231 For sale at Dahl CDJR Rochester in Rochester Minnesota.	https://content.homenetiol.com/2000157/2065512/0x0/07214e1652864d7a8e4f875b08a4ecec.jpg	in stock	USED	SUV	Vehicles & Parts > Vehicles > Motor Vehicles > Cars, Trucks & Vans	KM8R7DGE3RU741028	https://www.dahlchryslerdodgejeepramrochester.com/viewdetails/used/km8r7dge3ru741028/2024-hyundai-palisade-sport-utility/123?store={store_code}	WHITE	58000 miles	Palisade	KM8R7DGE3RU741028	2024	34669 USD	60958	34669 USD	MI	no	Palisade	No	Over 20k
ZACCJBBBXHPF43592	2017 Jeep Renegade Latitude	Jeep	https://www.dahlchryslerdodgejeepramrochester.com/viewdetails/used/zaccjbbbxhpf43592/2017-jeep-renegade-sport-utility/	12124 USD	2017 Granite Crystal Metallic Clearcoat Jeep Renegade Latitude Regular Unleaded I-4 2.4 L/144 For sale at Dahl CDJR Rochester in Rochester Minnesota.	https://content.homenetiol.com/2000157/2065512/0x0/8876e8f97a9c46b793bd96de53aef54c.jpg	in stock	USED	SUV	Vehicles & Parts > Vehicles > Motor Vehicles > Cars, Trucks & Vans	ZACCJBBBXHPF43592	https://www.dahlchryslerdodgejeepramrochester.com/viewdetails/used/zaccjbbbxhpf43592/2017-jeep-renegade-sport-utility/123?store={store_code}	GRAY	81604 miles	Renegade	ZACCJBBBXHPF43592	2017	12124 USD	60958	12124 USD	MI	no	Renegade	No	Under 20k
