id	title	brand	link	vehicle MSRP	description	image_link	availability	condition	product_type	google_product_category	MPN	link_template	color	mileage	model	vin	year	price	store code	MSRP	mileage.unit	certified_pre_owned	custom_label_0	custom_label_1	custom_label_2
5FNRL6H6XSB071222	2025 Honda Odyssey EX-L	Honda	https://www.dahlhondasheboygan.com/viewdetails/cpo/5fnrl6h6xsb071222/2025-honda-odyssey-mini-van,-passenger/	34068 USD	2025 Other Honda Odyssey EX-L Regular Gasoline V-6 3.5 L/212 For sale at Dahl Honda Sheboygan in Sheboygan Wisconsin.	https://content.homenetiol.com/2000157/2065512/0x0/stock_images/5/2025HOV01_640/2025HOV012090019_640_01.jpg	in stock	USED	VAN	Vehicles & Parts > Vehicles > Motor Vehicles > Cars, Trucks & Vans	5FNRL6H6XSB071222	https://www.dahlhondasheboygan.com/viewdetails/cpo/5fnrl6h6xsb071222/2025-honda-odyssey-mini-van,-passenger/123?store={store_code}	NA	53907 miles	Odyssey	5FNRL6H6XSB071222	2025	34068 USD	6029718484885115640	34068 USD	MI	yes	Odyssey	Yes	Over 20k
7FARS6H98VE015589	2027 Honda CR-V Hybrid Sport Touring	Honda	https://www.dahlhondasheboygan.com/viewdetails/new/7fars6h98ve015589/2027-honda-cr-v-hybrid-sport-utility/	44500 USD	2027 Canyon River Blue Metallic Honda CR-V Sport Touring For sale at Dahl Honda Sheboygan in Sheboygan Wisconsin.	https://prod.tvmimageservice.com/images/GetEvoxImage?styleid=489811&amp;Width=640&amp;Height=480&amp;Type=jpeg&amp;Angle=03&amp;quality=80&amp;BackGroundColor=white&amp;colorcode=BU&amp;autocrop=True&amp;useoverrides=true	in stock	NEW	SUV	Vehicles & Parts > Vehicles > Motor Vehicles > Cars, Trucks & Vans	7FARS6H98VE015589	https://www.dahlhondasheboygan.com/viewdetails/new/7fars6h98ve015589/2027-honda-cr-v-hybrid-sport-utility/123?store={store_code}	BLUE	0 miles	CR-V	7FARS6H98VE015589	2027	44500 USD	6029718484885115640	44500 USD	MI	no	CR-V	No	Over 20k
19XFA16809E000157	2009 Honda Civic Sdn EX	Honda	https://www.dahlhondasheboygan.com/viewdetails/used/19xfa16809e000157/2009-honda-civic-sdn-4dr-car/	8000 USD	2009 Other Honda Civic Sdn EX Gas I4 1.8L/110 For sale at Dahl Honda Sheboygan in Sheboygan Wisconsin.	https://content.homenetiol.com/2000157/2065512/0x0/5d8b8ff35d9b4eaaa4aaae78cf104dc8.jpg	in stock	USED	OTHER	Vehicles & Parts > Vehicles > Motor Vehicles > Cars, Trucks & Vans	19XFA16809E000157	https://www.dahlhondasheboygan.com/viewdetails/used/19xfa16809e000157/2009-honda-civic-sdn-4dr-car/123?store={store_code}	NA	96099 miles	Civic Sdn	19XFA16809E000157	2009	8000 USD	6029718484885115640	8000 USD	MI	no	Civic Sdn	No	Under 20k
1C4RJXR61RW202716	2024 Jeep Wrangler 4xe Rubicon	Jeep	https://www.dahlhondasheboygan.com/viewdetails/used/1c4rjxr61rw202716/2024-jeep-wrangler-4xe-convertible/	31399 USD	2024 Anvil Clear Coat Jeep Wrangler 4xe Rubicon Intercooled Turbo Gas/Electric I-4 2.0 L/122 For sale at Dahl Honda Sheboygan in Sheboygan Wisconsin.	https://content.homenetiol.com/2000157/2065512/0x0/0ced9f14ee394519b1f0ba722d4c3c3b.jpg	in stock	USED	SUV	Vehicles & Parts > Vehicles > Motor Vehicles > Cars, Trucks & Vans	1C4RJXR61RW202716	https://www.dahlhondasheboygan.com/viewdetails/used/1c4rjxr61rw202716/2024-jeep-wrangler-4xe-convertible/123?store={store_code}	NA	17290 miles	Wrangler 4xe	1C4RJXR61RW202716	2024	31399 USD	6029718484885115640	31399 USD	MI	no	Wrangler 4xe	No	Over 20k
5J8YE1H84NL045275	2022 Acura MDX w/Advance Package	Acura	https://www.dahlhondasheboygan.com/viewdetails/used/5j8ye1h84nl045275/2022-acura-mdx-sport-utility/	31899 USD	2022 Liquid Carbon Metallic Acura MDX w/Advance Package Premium Unleaded V-6 3.5 L/212 For sale at Dahl Honda Sheboygan in Sheboygan Wisconsin.	https://content.homenetiol.com/2000157/2065512/0x0/d917f80c9d1744669a0277b76bd92c0f.jpg	in stock	USED	SUV	Vehicles & Parts > Vehicles > Motor Vehicles > Cars, Trucks & Vans	5J8YE1H84NL045275	https://www.dahlhondasheboygan.com/viewdetails/used/5j8ye1h84nl045275/2022-acura-mdx-sport-utility/123?store={store_code}	NA	88310 miles	MDX	5J8YE1H84NL045275	2022	31899 USD	6029718484885115640	31899 USD	MI	no	MDX	No	Over 20k
2HGFE1F97RH302824	2024 Honda Civic Sedan Touring	Honda	https://www.dahlhondasheboygan.com/viewdetails/cpo/2hgfe1f97rh302824/2024-honda-civic-sedan-4dr-car/	26899 USD	2024 Platinum White Pearl Honda Civic Touring Intercooled Turbo Premium Unleaded I-4 1.5 L/91 For sale at Dahl Honda Sheboygan in Sheboygan Wisconsin.	https://content.homenetiol.com/2000157/2065512/0x0/a7baf1f88e4547919763d4b0222a3ea2.jpg	in stock	USED	OTHER	Vehicles & Parts > Vehicles > Motor Vehicles > Cars, Trucks & Vans	2HGFE1F97RH302824	https://www.dahlhondasheboygan.com/viewdetails/cpo/2hgfe1f97rh302824/2024-honda-civic-sedan-4dr-car/123?store={store_code}	WHITE	32415 miles	Civic	2HGFE1F97RH302824	2024	26899 USD	6029718484885115640	26899 USD	MI	yes	Civic	Yes	Over 20k
3CZRU6H56NM744389	2022 Honda HR-V EX	Honda	https://www.dahlhondasheboygan.com/viewdetails/cpo/3czru6h56nm744389/2022-honda-hr-v-sport-utility/	24445 USD	2022 Aegean Blue Metallic Honda HR-V EX Regular Unleaded I-4 1.8 L/110 For sale at Dahl Honda Sheboygan in Sheboygan Wisconsin.	https://content.homenetiol.com/2000157/2065512/0x0/58dba1b5f1bf498d9c24b5031091df6c.jpg	in stock	USED	SUV	Vehicles & Parts > Vehicles > Motor Vehicles > Cars, Trucks & Vans	3CZRU6H56NM744389	https://www.dahlhondasheboygan.com/viewdetails/cpo/3czru6h56nm744389/2022-honda-hr-v-sport-utility/123?store={store_code}	BLUE	14251 miles	HR-V	3CZRU6H56NM744389	2022	24445 USD	6029718484885115640	24445 USD	MI	yes	HR-V	Yes	Over 20k
3CZRZ2H71TM739464	2026 Honda HR-V EX-L	Honda	https://www.dahlhondasheboygan.com/viewdetails/cpo/3czrz2h71tm739464/2026-honda-hr-v-sport-utility/	30649 USD	2026 Crystal Black Pearl Honda HR-V EX-L Regular Gasoline I-4 2.0 L/122 For sale at Dahl Honda Sheboygan in Sheboygan Wisconsin.	https://content.homenetiol.com/2000157/2065512/0x0/f02882cfb1034e90be989feee5e4eaf1.jpg	in stock	USED	SUV	Vehicles & Parts > Vehicles > Motor Vehicles > Cars, Trucks & Vans	3CZRZ2H71TM739464	https://www.dahlhondasheboygan.com/viewdetails/cpo/3czrz2h71tm739464/2026-honda-hr-v-sport-utility/123?store={store_code}	BLACK	16510 miles	HR-V	3CZRZ2H71TM739464	2026	30649 USD	6029718484885115640	30649 USD	MI	yes	HR-V	Yes	Over 20k
5FNRL6H61SB083386	2025 Honda Odyssey EX-L	Honda	https://www.dahlhondasheboygan.com/viewdetails/cpo/5fnrl6h61sb083386/2025-honda-odyssey-mini-van,-passenger/	34899 USD	2025 Silver Honda Odyssey EX-L Regular Gasoline V-6 3.5 L/212 For sale at Dahl Honda Sheboygan in Sheboygan Wisconsin.	https://content.homenetiol.com/2000157/2065512/0x0/stock_images/5/2025HOV01_640/2025HOV012090019_640_01.jpg	in stock	USED	VAN	Vehicles & Parts > Vehicles > Motor Vehicles > Cars, Trucks & Vans	5FNRL6H61SB083386	https://www.dahlhondasheboygan.com/viewdetails/cpo/5fnrl6h61sb083386/2025-honda-odyssey-mini-van,-passenger/123?store={store_code}	SILVER	51272 miles	Odyssey	5FNRL6H61SB083386	2025	34899 USD	6029718484885115640	34899 USD	MI	yes	Odyssey	Yes	Over 20k
5FNYG1H69SB089391	2025 Honda Pilot TrailSport	Honda	https://www.dahlhondasheboygan.com/viewdetails/cpo/5fnyg1h69sb089391/2025-honda-pilot-sport-utility/	44399 USD	2025 Sonic Gray Pearl Honda Pilot TrailSport Regular Gasoline V-6 3.5 L/212 For sale at Dahl Honda Sheboygan in Sheboygan Wisconsin.	https://content.homenetiol.com/2000157/2065512/0x0/b7da875616524a798c71348a4d06858f.jpg	in stock	USED	SUV	Vehicles & Parts > Vehicles > Motor Vehicles > Cars, Trucks & Vans	5FNYG1H69SB089391	https://www.dahlhondasheboygan.com/viewdetails/cpo/5fnyg1h69sb089391/2025-honda-pilot-sport-utility/123?store={store_code}	GRAY	22070 miles	Pilot	5FNYG1H69SB089391	2025	44399 USD	6029718484885115640	44399 USD	MI	yes	Pilot	Yes	Over 20k
5FPYK3F75SB043988	2025 Honda Ridgeline TrailSport+	Honda	https://www.dahlhondasheboygan.com/viewdetails/cpo/5fpyk3f75sb043988/2025-honda-ridgeline-crew-cab-pickup/	40068 USD	2025 Platinum White Pearl Honda Ridgeline TrailSport+ Regular Gasoline V-6 3.5 L/212 For sale at Dahl Honda Sheboygan in Sheboygan Wisconsin.	https://content.homenetiol.com/2000157/2065512/0x0/7df48df12a2d493db31992920b8047f7.jpg	in stock	USED	TRUCK	Vehicles & Parts > Vehicles > Motor Vehicles > Cars, Trucks & Vans	5FPYK3F75SB043988	https://www.dahlhondasheboygan.com/viewdetails/cpo/5fpyk3f75sb043988/2025-honda-ridgeline-crew-cab-pickup/123?store={store_code}	WHITE	4325 miles	Ridgeline	5FPYK3F75SB043988	2025	40068 USD	6029718484885115640	40068 USD	MI	yes	Ridgeline	Yes	Over 20k
7FARW2H84NE040123	2022 Honda CR-V EX-L	Honda	https://www.dahlhondasheboygan.com/viewdetails/cpo/7farw2h84ne040123/2022-honda-cr-v-sport-utility/	26899 USD	2022 Radiant Red Metallic Honda CR-V EX-L Intercooled Turbo Regular Unleaded I-4 1.5 L/91 For sale at Dahl Honda Sheboygan in Sheboygan Wisconsin.	https://content.homenetiol.com/2000157/2065512/0x0/ed2b7043e8724d0bb102023ccdb1d219.jpg	in stock	USED	SUV	Vehicles & Parts > Vehicles > Motor Vehicles > Cars, Trucks & Vans	7FARW2H84NE040123	https://www.dahlhondasheboygan.com/viewdetails/cpo/7farw2h84ne040123/2022-honda-cr-v-sport-utility/123?store={store_code}	RED	61878 miles	CR-V	7FARW2H84NE040123	2022	26899 USD	6029718484885115640	26899 USD	MI	yes	CR-V	Yes	Over 20k
JHMFL5G41RX001183	2024 Honda Civic Type R Type R	Honda	https://www.dahlhondasheboygan.com/viewdetails/cpo/jhmfl5g41rx001183/2024-honda-civic-type-r-hatchback/	39899 USD	2024 Sonic Gray Pearl Honda Civic Type R Type R Intercooled Turbo Premium Gasoline I-4 2.0 L/122 For sale at Dahl Honda Sheboygan in Sheboygan Wisconsin.	https://content.homenetiol.com/2000157/2065512/0x0/66a5a7aa8ea249b584c3acd6cd72a8e6.jpg	in stock	USED	OTHER	Vehicles & Parts > Vehicles > Motor Vehicles > Cars, Trucks & Vans	JHMFL5G41RX001183	https://www.dahlhondasheboygan.com/viewdetails/cpo/jhmfl5g41rx001183/2024-honda-civic-type-r-hatchback/123?store={store_code}	GRAY	60236 miles	Civic Type R	JHMFL5G41RX001183	2024	39899 USD	6029718484885115640	39899 USD	MI	yes	Civic Type R	Yes	Over 20k
19XFL2H89TE042203	2026 Honda Civic Hatchback Sport	Honda	https://www.dahlhondasheboygan.com/viewdetails/new/19xfl2h89te042203/2026-honda-civic-hatchback-/	29090 USD	2026 Solar Silver Metallic Honda Civic Sport Regular Gasoline I-4 2.0 L/122 For sale at Dahl Honda Sheboygan in Sheboygan Wisconsin.	https://prod.tvmimageservice.com/images/GetEvoxImage?styleid=477117&amp;Width=640&amp;Height=480&amp;Type=jpeg&amp;Angle=03&amp;quality=80&amp;BackGroundColor=white&amp;colorcode=SA&amp;autocrop=True&amp;useoverrides=true	in stock	NEW	OTHER	Vehicles & Parts > Vehicles > Motor Vehicles > Cars, Trucks & Vans	19XFL2H89TE042203	https://www.dahlhondasheboygan.com/viewdetails/new/19xfl2h89te042203/2026-honda-civic-hatchback-/123?store={store_code}	SILVER	0 miles	Civic	19XFL2H89TE042203	2026	29090 USD	6029718484885115640	29090 USD	MI	no	Civic	No	Over 20k
19XFL4H83TE027126	2026 Honda Civic Hatchback Hybrid Sport	Honda	https://www.dahlhondasheboygan.com/viewdetails/new/19xfl4h83te027126/2026-honda-civic-hatchback-hybrid-/	31890 USD	2026 Meteorite Gray Metallic Honda Civic Sport Gas/Electric I-4 2.0 L/122 For sale at Dahl Honda Sheboygan in Sheboygan Wisconsin.	https://prod.tvmimageservice.com/images/GetEvoxImage?styleid=473970&amp;Width=640&amp;Height=480&amp;Type=jpeg&amp;Angle=03&amp;quality=80&amp;BackGroundColor=white&amp;colorcode=GD&amp;autocrop=True&amp;useoverrides=true	in stock	NEW	OTHER	Vehicles & Parts > Vehicles > Motor Vehicles > Cars, Trucks & Vans	19XFL4H83TE027126	https://www.dahlhondasheboygan.com/viewdetails/new/19xfl4h83te027126/2026-honda-civic-hatchback-hybrid-/123?store={store_code}	GRAY	0 miles	Civic	19XFL4H83TE027126	2026	31890 USD	6029718484885115640	31890 USD	MI	no	Civic	No	Over 20k
1HGCY1F23TA063999	2026 Honda Accord Sedan LX	Honda	https://www.dahlhondasheboygan.com/viewdetails/new/1hgcy1f23ta063999/2026-honda-accord-sedan-4dr-car/	29590 USD	2026 Meteorite Gray Metallic Honda Accord LX Intercooled Turbo Regular Gasoline I-4 1.5 L/91 For sale at Dahl Honda Sheboygan in Sheboygan Wisconsin.	https://content.homenetiol.com/2000157/2065512/0x0/0554dd607fbe465085a60ec90e526b36.jpg	in stock	NEW	OTHER	Vehicles & Parts > Vehicles > Motor Vehicles > Cars, Trucks & Vans	1HGCY1F23TA063999	https://www.dahlhondasheboygan.com/viewdetails/new/1hgcy1f23ta063999/2026-honda-accord-sedan-4dr-car/123?store={store_code}	GRAY	0 miles	Accord	1HGCY1F23TA063999	2026	29590 USD	6029718484885115640	29590 USD	MI	no	Accord	No	Over 20k
1HGCY1F23TA079152	2026 Honda Accord Sedan LX	Honda	https://www.dahlhondasheboygan.com/viewdetails/new/1hgcy1f23ta079152/2026-honda-accord-sedan-4dr-car/	29690 USD	2026 Crystal Black Pearl Honda Accord LX Intercooled Turbo Regular Gasoline I-4 1.5 L/91 For sale at Dahl Honda Sheboygan in Sheboygan Wisconsin.	https://content.homenetiol.com/2000157/2065512/0x0/b03fde6e88224992a3b0af6f99d07814.jpg	in stock	NEW	OTHER	Vehicles & Parts > Vehicles > Motor Vehicles > Cars, Trucks & Vans	1HGCY1F23TA079152	https://www.dahlhondasheboygan.com/viewdetails/new/1hgcy1f23ta079152/2026-honda-accord-sedan-4dr-car/123?store={store_code}	BLACK	0 miles	Accord	1HGCY1F23TA079152	2026	29690 USD	6029718484885115640	29690 USD	MI	no	Accord	No	Over 20k
1HGCY1F24TA044748	2026 Honda Accord Sedan LX	Honda	https://www.dahlhondasheboygan.com/viewdetails/new/1hgcy1f24ta044748/2026-honda-accord-sedan-4dr-car/	29590 USD	2026 Meteorite Gray Metallic Honda Accord LX Intercooled Turbo Regular Gasoline I-4 1.5 L/91 For sale at Dahl Honda Sheboygan in Sheboygan Wisconsin.	https://content.homenetiol.com/2000157/2065512/0x0/d21d1f0ea6d54e2ea8de7dcb92d8dbab.jpg	in stock	NEW	OTHER	Vehicles & Parts > Vehicles > Motor Vehicles > Cars, Trucks & Vans	1HGCY1F24TA044748	https://www.dahlhondasheboygan.com/viewdetails/new/1hgcy1f24ta044748/2026-honda-accord-sedan-4dr-car/123?store={store_code}	GRAY	0 miles	Accord	1HGCY1F24TA044748	2026	29590 USD	6029718484885115640	29590 USD	MI	no	Accord	No	Over 20k
1HGCY1F26TA034285	2026 Honda Accord Sedan LX	Honda	https://www.dahlhondasheboygan.com/viewdetails/new/1hgcy1f26ta034285/2026-honda-accord-sedan-4dr-car/	29590 USD	2026 Meteorite Gray Metallic Honda Accord LX Intercooled Turbo Regular Gasoline I-4 1.5 L/91 For sale at Dahl Honda Sheboygan in Sheboygan Wisconsin.	https://content.homenetiol.com/2000157/2065512/0x0/a0a282ab0b60440ba3f5ec9d135b8eed.jpg	in stock	NEW	OTHER	Vehicles & Parts > Vehicles > Motor Vehicles > Cars, Trucks & Vans	1HGCY1F26TA034285	https://www.dahlhondasheboygan.com/viewdetails/new/1hgcy1f26ta034285/2026-honda-accord-sedan-4dr-car/123?store={store_code}	GRAY	0 miles	Accord	1HGCY1F26TA034285	2026	29590 USD	6029718484885115640	29590 USD	MI	no	Accord	No	Over 20k
1HGCY1F26TA044752	2026 Honda Accord Sedan LX	Honda	https://www.dahlhondasheboygan.com/viewdetails/new/1hgcy1f26ta044752/2026-honda-accord-sedan-4dr-car/	29590 USD	2026 Meteorite Gray Metallic Honda Accord LX Intercooled Turbo Regular Gasoline I-4 1.5 L/91 For sale at Dahl Honda Sheboygan in Sheboygan Wisconsin.	https://content.homenetiol.com/2000157/2065512/0x0/36c3d70c689047af9aaa21a47d0b94b7.jpg	in stock	NEW	OTHER	Vehicles & Parts > Vehicles > Motor Vehicles > Cars, Trucks & Vans	1HGCY1F26TA044752	https://www.dahlhondasheboygan.com/viewdetails/new/1hgcy1f26ta044752/2026-honda-accord-sedan-4dr-car/123?store={store_code}	GRAY	0 miles	Accord	1HGCY1F26TA044752	2026	29590 USD	6029718484885115640	29590 USD	MI	no	Accord	No	Over 20k
1HGCY1F27TA051855	2026 Honda Accord Sedan LX	Honda	https://www.dahlhondasheboygan.com/viewdetails/new/1hgcy1f27ta051855/2026-honda-accord-sedan-4dr-car/	30045 USD	2026 Radiant Red Metallic Honda Accord LX Intercooled Turbo Regular Gasoline I-4 1.5 L/91 For sale at Dahl Honda Sheboygan in Sheboygan Wisconsin.	https://content.homenetiol.com/2000157/2065512/0x0/6542820ca20848fb926a9410603756dc.jpg	in stock	NEW	OTHER	Vehicles & Parts > Vehicles > Motor Vehicles > Cars, Trucks & Vans	1HGCY1F27TA051855	https://www.dahlhondasheboygan.com/viewdetails/new/1hgcy1f27ta051855/2026-honda-accord-sedan-4dr-car/123?store={store_code}	RED	0 miles	Accord	1HGCY1F27TA051855	2026	30045 USD	6029718484885115640	30045 USD	MI	no	Accord	No	Over 20k
1HGCY1F27TA069546	2026 Honda Accord Sedan LX	Honda	https://www.dahlhondasheboygan.com/viewdetails/new/1hgcy1f27ta069546/2026-honda-accord-sedan-4dr-car/	29590 USD	2026 Crystal Black Pearl Honda Accord LX Intercooled Turbo Regular Gasoline I-4 1.5 L/91 For sale at Dahl Honda Sheboygan in Sheboygan Wisconsin.	https://content.homenetiol.com/2000157/2065512/0x0/69548aace94146879b6b2ef49e35e280.jpg	in stock	NEW	OTHER	Vehicles & Parts > Vehicles > Motor Vehicles > Cars, Trucks & Vans	1HGCY1F27TA069546	https://www.dahlhondasheboygan.com/viewdetails/new/1hgcy1f27ta069546/2026-honda-accord-sedan-4dr-car/123?store={store_code}	BLACK	0 miles	Accord	1HGCY1F27TA069546	2026	29590 USD	6029718484885115640	29590 USD	MI	no	Accord	No	Over 20k
1HGCY1F28TA079955	2026 Honda Accord Sedan LX	Honda	https://www.dahlhondasheboygan.com/viewdetails/new/1hgcy1f28ta079955/2026-honda-accord-sedan-4dr-car/	29690 USD	2026 Meteorite Gray Metallic Honda Accord LX Intercooled Turbo Regular Gasoline I-4 1.5 L/91 For sale at Dahl Honda Sheboygan in Sheboygan Wisconsin.	https://content.homenetiol.com/2000157/2065512/0x0/62f353f16e16483ab042c31a743482e5.jpg	in stock	NEW	OTHER	Vehicles & Parts > Vehicles > Motor Vehicles > Cars, Trucks & Vans	1HGCY1F28TA079955	https://www.dahlhondasheboygan.com/viewdetails/new/1hgcy1f28ta079955/2026-honda-accord-sedan-4dr-car/123?store={store_code}	GRAY	0 miles	Accord	1HGCY1F28TA079955	2026	29690 USD	6029718484885115640	29690 USD	MI	no	Accord	No	Over 20k
1HGCY1F2XTA064003	2026 Honda Accord Sedan LX	Honda	https://www.dahlhondasheboygan.com/viewdetails/new/1hgcy1f2xta064003/2026-honda-accord-sedan-4dr-car/	29590 USD	2026 Meteorite Gray Metallic Honda Accord LX Intercooled Turbo Regular Gasoline I-4 1.5 L/91 For sale at Dahl Honda Sheboygan in Sheboygan Wisconsin.	https://content.homenetiol.com/2000157/2065512/0x0/944e1b2a7a5d40b1b29288d6f18e3b6d.jpg	in stock	NEW	OTHER	Vehicles & Parts > Vehicles > Motor Vehicles > Cars, Trucks & Vans	1HGCY1F2XTA064003	https://www.dahlhondasheboygan.com/viewdetails/new/1hgcy1f2xta064003/2026-honda-accord-sedan-4dr-car/123?store={store_code}	GRAY	0 miles	Accord	1HGCY1F2XTA064003	2026	29590 USD	6029718484885115640	29590 USD	MI	no	Accord	No	Over 20k
1HGCY1F2XTA074885	2026 Honda Accord Sedan LX	Honda	https://www.dahlhondasheboygan.com/viewdetails/new/1hgcy1f2xta074885/2026-honda-accord-sedan-4dr-car/	29815 USD	2026 Crystal Black Pearl Honda Accord LX Intercooled Turbo Regular Gasoline I-4 1.5 L/91 For sale at Dahl Honda Sheboygan in Sheboygan Wisconsin.	https://content.homenetiol.com/2000157/2065512/0x0/dbc289035baf4fe49ad9c6a55e3a10f4.jpg	in stock	NEW	OTHER	Vehicles & Parts > Vehicles > Motor Vehicles > Cars, Trucks & Vans	1HGCY1F2XTA074885	https://www.dahlhondasheboygan.com/viewdetails/new/1hgcy1f2xta074885/2026-honda-accord-sedan-4dr-car/123?store={store_code}	BLACK	0 miles	Accord	1HGCY1F2XTA074885	2026	29815 USD	6029718484885115640	29815 USD	MI	no	Accord	No	Over 20k
1HGCY1F46TA059897	2026 Honda Accord Sedan SE	Honda	https://www.dahlhondasheboygan.com/viewdetails/new/1hgcy1f46ta059897/2026-honda-accord-sedan-4dr-car/	32345 USD	2026 Platinum White Pearl Honda Accord SE Intercooled Turbo Regular Gasoline I-4 1.5 L/91 For sale at Dahl Honda Sheboygan in Sheboygan Wisconsin.	https://content.homenetiol.com/2000157/2065512/0x0/9639055611e84e43bedd98d4fb4ebaaa.jpg	in stock	NEW	OTHER	Vehicles & Parts > Vehicles > Motor Vehicles > Cars, Trucks & Vans	1HGCY1F46TA059897	https://www.dahlhondasheboygan.com/viewdetails/new/1hgcy1f46ta059897/2026-honda-accord-sedan-4dr-car/123?store={store_code}	WHITE	0 miles	Accord	1HGCY1F46TA059897	2026	32345 USD	6029718484885115640	32345 USD	MI	no	Accord	No	Over 20k
1HGCY1F4XTA057506	2026 Honda Accord Sedan SE	Honda	https://www.dahlhondasheboygan.com/viewdetails/new/1hgcy1f4xta057506/2026-honda-accord-sedan-4dr-car/	32345 USD	2026 Platinum White Pearl Honda Accord SE Intercooled Turbo Regular Gasoline I-4 1.5 L/91 For sale at Dahl Honda Sheboygan in Sheboygan Wisconsin.	https://content.homenetiol.com/2000157/2065512/0x0/7a8803529462499c9a6bcc7b6d5af8d4.jpg	in stock	NEW	OTHER	Vehicles & Parts > Vehicles > Motor Vehicles > Cars, Trucks & Vans	1HGCY1F4XTA057506	https://www.dahlhondasheboygan.com/viewdetails/new/1hgcy1f4xta057506/2026-honda-accord-sedan-4dr-car/123?store={store_code}	WHITE	0 miles	Accord	1HGCY1F4XTA057506	2026	32345 USD	6029718484885115640	32345 USD	MI	no	Accord	No	Over 20k
1HGCY1F4XTA071440	2026 Honda Accord Sedan SE	Honda	https://www.dahlhondasheboygan.com/viewdetails/new/1hgcy1f4xta071440/2026-honda-accord-sedan-4dr-car/	31890 USD	2026 Solar Silver Metallic Honda Accord SE Intercooled Turbo Regular Gasoline I-4 1.5 L/91 For sale at Dahl Honda Sheboygan in Sheboygan Wisconsin.	https://content.homenetiol.com/2000157/2065512/0x0/5dfdaeb6cd4c43be87b848682cfc7a87.jpg	in stock	NEW	OTHER	Vehicles & Parts > Vehicles > Motor Vehicles > Cars, Trucks & Vans	1HGCY1F4XTA071440	https://www.dahlhondasheboygan.com/viewdetails/new/1hgcy1f4xta071440/2026-honda-accord-sedan-4dr-car/123?store={store_code}	SILVER	0 miles	Accord	1HGCY1F4XTA071440	2026	31890 USD	6029718484885115640	31890 USD	MI	no	Accord	No	Over 20k
2HGFE2F24TH633571	2026 Honda Civic Sedan LX	Honda	https://www.dahlhondasheboygan.com/viewdetails/new/2hgfe2f24th633571/2026-honda-civic-sedan-4dr-car/	25990 USD	2026 Rallye Red Honda Civic LX Regular Gasoline I-4 2.0 L/122 For sale at Dahl Honda Sheboygan in Sheboygan Wisconsin.	https://prod.tvmimageservice.com/images/GetEvoxImage?styleid=477115&amp;Width=640&amp;Height=480&amp;Type=jpeg&amp;Angle=03&amp;quality=80&amp;BackGroundColor=white&amp;colorcode=RE&amp;autocrop=True&amp;useoverrides=true	in stock	NEW	OTHER	Vehicles & Parts > Vehicles > Motor Vehicles > Cars, Trucks & Vans	2HGFE2F24TH633571	https://www.dahlhondasheboygan.com/viewdetails/new/2hgfe2f24th633571/2026-honda-civic-sedan-4dr-car/123?store={store_code}	RED	0 miles	Civic	2HGFE2F24TH633571	2026	25990 USD	6029718484885115640	25990 USD	MI	no	Civic	No	Over 20k
2HGFE2F2XTH635972	2026 Honda Civic Sedan LX	Honda	https://www.dahlhondasheboygan.com/viewdetails/new/2hgfe2f2xth635972/2026-honda-civic-sedan-4dr-car/	26445 USD	2026 Blue Lagoon Pearl Honda Civic LX Regular Gasoline I-4 2.0 L/122 For sale at Dahl Honda Sheboygan in Sheboygan Wisconsin.	https://prod.tvmimageservice.com/images/GetEvoxImage?styleid=477115&amp;Width=640&amp;Height=480&amp;Type=jpeg&amp;Angle=03&amp;quality=80&amp;BackGroundColor=white&amp;colorcode=BL&amp;autocrop=True&amp;useoverrides=true	in stock	NEW	OTHER	Vehicles & Parts > Vehicles > Motor Vehicles > Cars, Trucks & Vans	2HGFE2F2XTH635972	https://www.dahlhondasheboygan.com/viewdetails/new/2hgfe2f2xth635972/2026-honda-civic-sedan-4dr-car/123?store={store_code}	BLUE	0 miles	Civic	2HGFE2F2XTH635972	2026	26445 USD	6029718484885115640	26445 USD	MI	no	Civic	No	Over 20k
2HGFE2F53TH628291	2026 Honda Civic Sedan Sport	Honda	https://www.dahlhondasheboygan.com/viewdetails/new/2hgfe2f53th628291/2026-honda-civic-sedan-4dr-car/	28345 USD	2026 Platinum White Pearl Honda Civic Sport Regular Gasoline I-4 2.0 L/122 For sale at Dahl Honda Sheboygan in Sheboygan Wisconsin.	https://content.homenetiol.com/2000157/2065512/0x0/74494cd657a5445298b4a0bc7b5241a0.jpg	in stock	NEW	OTHER	Vehicles & Parts > Vehicles > Motor Vehicles > Cars, Trucks & Vans	2HGFE2F53TH628291	https://www.dahlhondasheboygan.com/viewdetails/new/2hgfe2f53th628291/2026-honda-civic-sedan-4dr-car/123?store={store_code}	WHITE	0 miles	Civic	2HGFE2F53TH628291	2026	28345 USD	6029718484885115640	28345 USD	MI	no	Civic	No	Over 20k
2HGFE2F53TH629442	2026 Honda Civic Sedan Sport	Honda	https://www.dahlhondasheboygan.com/viewdetails/new/2hgfe2f53th629442/2026-honda-civic-sedan-4dr-car/	27890 USD	2026 Solar Silver Metallic Honda Civic Sport Regular Gasoline I-4 2.0 L/122 For sale at Dahl Honda Sheboygan in Sheboygan Wisconsin.	https://prod.tvmimageservice.com/images/GetEvoxImage?styleid=477116&amp;Width=640&amp;Height=480&amp;Type=jpeg&amp;Angle=03&amp;quality=80&amp;BackGroundColor=white&amp;colorcode=SA&amp;autocrop=True&amp;useoverrides=true	in stock	NEW	OTHER	Vehicles & Parts > Vehicles > Motor Vehicles > Cars, Trucks & Vans	2HGFE2F53TH629442	https://www.dahlhondasheboygan.com/viewdetails/new/2hgfe2f53th629442/2026-honda-civic-sedan-4dr-car/123?store={store_code}	SILVER	0 miles	Civic	2HGFE2F53TH629442	2026	27890 USD	6029718484885115640	27890 USD	MI	no	Civic	No	Over 20k
2HGFE2F53TH630784	2026 Honda Civic Sedan Sport	Honda	https://www.dahlhondasheboygan.com/viewdetails/new/2hgfe2f53th630784/2026-honda-civic-sedan-4dr-car/	27990 USD	2026 Meteorite Gray Metallic Honda Civic Sport Regular Gasoline I-4 2.0 L/122 For sale at Dahl Honda Sheboygan in Sheboygan Wisconsin.	https://prod.tvmimageservice.com/images/GetEvoxImage?styleid=477116&amp;Width=640&amp;Height=480&amp;Type=jpeg&amp;Angle=03&amp;quality=80&amp;BackGroundColor=white&amp;colorcode=GC&amp;autocrop=True&amp;useoverrides=true	in stock	NEW	OTHER	Vehicles & Parts > Vehicles > Motor Vehicles > Cars, Trucks & Vans	2HGFE2F53TH630784	https://www.dahlhondasheboygan.com/viewdetails/new/2hgfe2f53th630784/2026-honda-civic-sedan-4dr-car/123?store={store_code}	GRAY	0 miles	Civic	2HGFE2F53TH630784	2026	27990 USD	6029718484885115640	27990 USD	MI	no	Civic	No	Over 20k
2HGFE2F56SH544996	2025 Honda Civic Sedan Sport	Honda	https://www.dahlhondasheboygan.com/viewdetails/new/2hgfe2f56sh544996/2025-honda-civic-sedan-4dr-car/	27800 USD	2025 Urban Gray Pearl Honda Civic Sport Regular Gasoline I-4 2.0 L/122 For sale at Dahl Honda Sheboygan in Sheboygan Wisconsin.	https://prod.tvmimageservice.com/images/GetEvoxImage?styleid=459687&amp;Width=640&amp;Height=480&amp;Type=jpeg&amp;Angle=03&amp;quality=80&amp;BackGroundColor=white&amp;colorcode=GE&amp;autocrop=True&amp;useoverrides=true	in stock	NEW	OTHER	Vehicles & Parts > Vehicles > Motor Vehicles > Cars, Trucks & Vans	2HGFE2F56SH544996	https://www.dahlhondasheboygan.com/viewdetails/new/2hgfe2f56sh544996/2025-honda-civic-sedan-4dr-car/123?store={store_code}	GRAY	0 miles	Civic	2HGFE2F56SH544996	2025	27800 USD	6029718484885115640	27800 USD	MI	no	Civic	No	Over 20k
2HGFE2F56TH631380	2026 Honda Civic Sedan Sport	Honda	https://www.dahlhondasheboygan.com/viewdetails/new/2hgfe2f56th631380/2026-honda-civic-sedan-4dr-car/	28445 USD	2026 Blue Lagoon Pearl Honda Civic Sport Regular Gasoline I-4 2.0 L/122 For sale at Dahl Honda Sheboygan in Sheboygan Wisconsin.	https://prod.tvmimageservice.com/images/GetEvoxImage?styleid=477116&amp;Width=640&amp;Height=480&amp;Type=jpeg&amp;Angle=03&amp;quality=80&amp;BackGroundColor=white&amp;colorcode=BL&amp;autocrop=True&amp;useoverrides=true	in stock	NEW	OTHER	Vehicles & Parts > Vehicles > Motor Vehicles > Cars, Trucks & Vans	2HGFE2F56TH631380	https://www.dahlhondasheboygan.com/viewdetails/new/2hgfe2f56th631380/2026-honda-civic-sedan-4dr-car/123?store={store_code}	BLUE	0 miles	Civic	2HGFE2F56TH631380	2026	28445 USD	6029718484885115640	28445 USD	MI	no	Civic	No	Over 20k
2HKRS3H41VH300229	2027 Honda CR-V EX	Honda	https://www.dahlhondasheboygan.com/viewdetails/new/2hkrs3h41vh300229/2027-honda-cr-v-sport-utility/	35000 USD	2027 Crystal Black Pearl Honda CR-V EX Intercooled Turbo Regular Gasoline I-4 1.5 L/91 For sale at Dahl Honda Sheboygan in Sheboygan Wisconsin.	https://content.homenetiol.com/2000157/2065512/0x0/edb3d42263b34e10b7473295b57539d4.jpg	in stock	NEW	SUV	Vehicles & Parts > Vehicles > Motor Vehicles > Cars, Trucks & Vans	2HKRS3H41VH300229	https://www.dahlhondasheboygan.com/viewdetails/new/2hkrs3h41vh300229/2027-honda-cr-v-sport-utility/123?store={store_code}	BLACK	0 miles	CR-V	2HKRS3H41VH300229	2027	35000 USD	6029718484885115640	35000 USD	MI	no	CR-V	No	Over 20k
2HKRS3H4XVH300181	2027 Honda CR-V EX	Honda	https://www.dahlhondasheboygan.com/viewdetails/new/2hkrs3h4xvh300181/2027-honda-cr-v-sport-utility/	35455 USD	2027 Platinum White Pearl Honda CR-V EX Intercooled Turbo Regular Gasoline I-4 1.5 L/91 For sale at Dahl Honda Sheboygan in Sheboygan Wisconsin.	https://content.homenetiol.com/2000157/2065512/0x0/827b0626c4be48cdbaaad55b502167f9.jpg	in stock	NEW	SUV	Vehicles & Parts > Vehicles > Motor Vehicles > Cars, Trucks & Vans	2HKRS3H4XVH300181	https://www.dahlhondasheboygan.com/viewdetails/new/2hkrs3h4xvh300181/2027-honda-cr-v-sport-utility/123?store={store_code}	WHITE	0 miles	CR-V	2HKRS3H4XVH300181	2027	35455 USD	6029718484885115640	35455 USD	MI	no	CR-V	No	Over 20k
3CZRZ2H39VM727790	2027 Honda HR-V LX	Honda	https://www.dahlhondasheboygan.com/viewdetails/new/3czrz2h39vm727790/2027-honda-hr-v-sport-utility/	29550 USD	2027 Modern Steel Metallic Honda HR-V LX Regular Gasoline I-4 2.0 L/122 For sale at Dahl Honda Sheboygan in Sheboygan Wisconsin.	https://content.homenetiol.com/2000157/2065512/0x0/ed03ba41d59746c083f17673b2d33e30.jpg	in stock	NEW	SUV	Vehicles & Parts > Vehicles > Motor Vehicles > Cars, Trucks & Vans	3CZRZ2H39VM727790	https://www.dahlhondasheboygan.com/viewdetails/new/3czrz2h39vm727790/2027-honda-hr-v-sport-utility/123?store={store_code}	GRAY	0 miles	HR-V	3CZRZ2H39VM727790	2027	29550 USD	6029718484885115640	29550 USD	MI	no	HR-V	No	Over 20k
3CZRZ2H58VM733131	2027 Honda HR-V Sport	Honda	https://www.dahlhondasheboygan.com/viewdetails/new/3czrz2h58vm733131/2027-honda-hr-v-sport-utility/	31805 USD	2027 Urban Gray Pearl Honda HR-V Sport Regular Gasoline I-4 2.0 L/122 For sale at Dahl Honda Sheboygan in Sheboygan Wisconsin.	https://content.homenetiol.com/2000157/2065512/0x0/480250c211e941c7a4ec3976c8f2bfa9.jpg	in stock	NEW	SUV	Vehicles & Parts > Vehicles > Motor Vehicles > Cars, Trucks & Vans	3CZRZ2H58VM733131	https://www.dahlhondasheboygan.com/viewdetails/new/3czrz2h58vm733131/2027-honda-hr-v-sport-utility/123?store={store_code}	GRAY	0 miles	HR-V	3CZRZ2H58VM733131	2027	31805 USD	6029718484885115640	31805 USD	MI	no	HR-V	No	Over 20k
3CZRZ2H59TM706517	2026 Honda HR-V Sport	Honda	https://www.dahlhondasheboygan.com/viewdetails/new/3czrz2h59tm706517/2026-honda-hr-v-sport-utility/	31350 USD	2026 Urban Gray Pearl Honda HR-V Sport Regular Gasoline I-4 2.0 L/122 For sale at Dahl Honda Sheboygan in Sheboygan Wisconsin.	https://prod.tvmimageservice.com/images/GetEvoxImage?styleid=469480&amp;Width=640&amp;Height=480&amp;Type=jpeg&amp;Angle=03&amp;quality=80&amp;BackGroundColor=white&amp;colorcode=GE&amp;autocrop=True&amp;useoverrides=true	in stock	NEW	SUV	Vehicles & Parts > Vehicles > Motor Vehicles > Cars, Trucks & Vans	3CZRZ2H59TM706517	https://www.dahlhondasheboygan.com/viewdetails/new/3czrz2h59tm706517/2026-honda-hr-v-sport-utility/123?store={store_code}	GRAY	0 miles	HR-V	3CZRZ2H59TM706517	2026	31350 USD	6029718484885115640	31350 USD	MI	no	HR-V	No	Over 20k
3CZRZ2H59VM747071	2027 Honda HR-V Sport	Honda	https://www.dahlhondasheboygan.com/viewdetails/new/3czrz2h59vm747071/2027-honda-hr-v-sport-utility/	31905 USD	2027 Boost Blue Pearl Honda HR-V Sport Regular Gasoline I-4 2.0 L/122 For sale at Dahl Honda Sheboygan in Sheboygan Wisconsin.	https://prod.tvmimageservice.com/images/GetEvoxImage?styleid=484883&amp;Width=640&amp;Height=480&amp;Type=jpeg&amp;Angle=03&amp;quality=80&amp;BackGroundColor=white&amp;colorcode=BP&amp;autocrop=True&amp;useoverrides=true	in stock	NEW	SUV	Vehicles & Parts > Vehicles > Motor Vehicles > Cars, Trucks & Vans	3CZRZ2H59VM747071	https://www.dahlhondasheboygan.com/viewdetails/new/3czrz2h59vm747071/2027-honda-hr-v-sport-utility/123?store={store_code}	BLUE	0 miles	HR-V	3CZRZ2H59VM747071	2027	31905 USD	6029718484885115640	31905 USD	MI	no	HR-V	No	Over 20k
3CZRZ2H5XVM737827	2027 Honda HR-V Sport	Honda	https://www.dahlhondasheboygan.com/viewdetails/new/3czrz2h5xvm737827/2027-honda-hr-v-sport-utility/	31805 USD	2027 Urban Gray Pearl Honda HR-V Sport Regular Gasoline I-4 2.0 L/122 For sale at Dahl Honda Sheboygan in Sheboygan Wisconsin.	https://prod.tvmimageservice.com/images/GetEvoxImage?styleid=484883&amp;Width=640&amp;Height=480&amp;Type=jpeg&amp;Angle=03&amp;quality=80&amp;BackGroundColor=white&amp;colorcode=GE&amp;autocrop=True&amp;useoverrides=true	in stock	NEW	SUV	Vehicles & Parts > Vehicles > Motor Vehicles > Cars, Trucks & Vans	3CZRZ2H5XVM737827	https://www.dahlhondasheboygan.com/viewdetails/new/3czrz2h5xvm737827/2027-honda-hr-v-sport-utility/123?store={store_code}	GRAY	0 miles	HR-V	3CZRZ2H5XVM737827	2027	31805 USD	6029718484885115640	31805 USD	MI	no	HR-V	No	Over 20k
3CZRZ2H74VM741096	2027 Honda HR-V EX-L	Honda	https://www.dahlhondasheboygan.com/viewdetails/new/3czrz2h74vm741096/2027-honda-hr-v-sport-utility/	33400 USD	2027 Modern Steel Metallic Honda HR-V EX-L Regular Gasoline I-4 2.0 L/122 For sale at Dahl Honda Sheboygan in Sheboygan Wisconsin.	https://prod.tvmimageservice.com/images/GetEvoxImage?styleid=484884&amp;Width=640&amp;Height=480&amp;Type=jpeg&amp;Angle=03&amp;quality=80&amp;BackGroundColor=white&amp;colorcode=GY&amp;autocrop=True&amp;useoverrides=true	in stock	NEW	SUV	Vehicles & Parts > Vehicles > Motor Vehicles > Cars, Trucks & Vans	3CZRZ2H74VM741096	https://www.dahlhondasheboygan.com/viewdetails/new/3czrz2h74vm741096/2027-honda-hr-v-sport-utility/123?store={store_code}	GRAY	0 miles	HR-V	3CZRZ2H74VM741096	2027	33400 USD	6029718484885115640	33400 USD	MI	no	HR-V	No	Over 20k
3CZRZ2H79VM735679	2027 Honda HR-V EX-L	Honda	https://www.dahlhondasheboygan.com/viewdetails/new/3czrz2h79vm735679/2027-honda-hr-v-sport-utility/	33400 USD	2027 Crystal Black Pearl Honda HR-V EX-L Regular Gasoline I-4 2.0 L/122 For sale at Dahl Honda Sheboygan in Sheboygan Wisconsin.	https://content.homenetiol.com/2000157/2065512/0x0/72e5c22c37d94ecabcac07841f5ada9a.jpg	in stock	NEW	SUV	Vehicles & Parts > Vehicles > Motor Vehicles > Cars, Trucks & Vans	3CZRZ2H79VM735679	https://www.dahlhondasheboygan.com/viewdetails/new/3czrz2h79vm735679/2027-honda-hr-v-sport-utility/123?store={store_code}	BLACK	0 miles	HR-V	3CZRZ2H79VM735679	2027	33400 USD	6029718484885115640	33400 USD	MI	no	HR-V	No	Over 20k
3GPKHXRJ6TS513688	2026 Honda Prologue Touring	Honda	https://www.dahlhondasheboygan.com/viewdetails/new/3gpkhxrj6ts513688/2026-honda-prologue-sport-utility/	48950 USD	2026 Frostline White Pearl Honda Prologue Touring Electric For sale at Dahl Honda Sheboygan in Sheboygan Wisconsin.	https://content.homenetiol.com/2000157/2065512/0x0/25a7858f47d94bcbb472445c522610f9.jpg	in stock	NEW	SUV	Vehicles & Parts > Vehicles > Motor Vehicles > Cars, Trucks & Vans	3GPKHXRJ6TS513688	https://www.dahlhondasheboygan.com/viewdetails/new/3gpkhxrj6ts513688/2026-honda-prologue-sport-utility/123?store={store_code}	WHITE	0 miles	Prologue	3GPKHXRJ6TS513688	2026	48950 USD	6029718484885115640	48950 USD	MI	no	Prologue	No	Over 20k
5FNRL6H61VB004741	2027 Honda Odyssey EX-L	Honda	https://www.dahlhondasheboygan.com/viewdetails/new/5fnrl6h61vb004741/2027-honda-odyssey-mini-van,-passenger/	45720 USD	2027 Modern Steel Metallic Honda Odyssey EX-L Regular Gasoline V-6 3.5 L/212 For sale at Dahl Honda Sheboygan in Sheboygan Wisconsin.	https://prod.tvmimageservice.com/images/GetEvoxImage?styleid=489007&amp;Width=640&amp;Height=480&amp;Type=jpeg&amp;Angle=03&amp;quality=80&amp;BackGroundColor=white&amp;colorcode=GX&amp;autocrop=True&amp;useoverrides=true	in stock	NEW	VAN	Vehicles & Parts > Vehicles > Motor Vehicles > Cars, Trucks & Vans	5FNRL6H61VB004741	https://www.dahlhondasheboygan.com/viewdetails/new/5fnrl6h61vb004741/2027-honda-odyssey-mini-van,-passenger/123?store={store_code}	GRAY	0 miles	Odyssey	5FNRL6H61VB004741	2027	45720 USD	6029718484885115640	45720 USD	MI	no	Odyssey	No	Over 20k
5FNRL6H65TB086700	2026 Honda Odyssey EX-L	Honda	https://www.dahlhondasheboygan.com/viewdetails/new/5fnrl6h65tb086700/2026-honda-odyssey-mini-van,-passenger/	44745 USD	2026 Platinum White Pearl Honda Odyssey EX-L Regular Gasoline V-6 3.5 L/212 For sale at Dahl Honda Sheboygan in Sheboygan Wisconsin.	https://content.homenetiol.com/2000157/2065512/0x0/e91f92bcb5fa467581721a08b970b7e1.jpg	in stock	NEW	VAN	Vehicles & Parts > Vehicles > Motor Vehicles > Cars, Trucks & Vans	5FNRL6H65TB086700	https://www.dahlhondasheboygan.com/viewdetails/new/5fnrl6h65tb086700/2026-honda-odyssey-mini-van,-passenger/123?store={store_code}	WHITE	0 miles	Odyssey	5FNRL6H65TB086700	2026	44745 USD	6029718484885115640	44745 USD	MI	no	Odyssey	No	Over 20k
5FNRL6H67TB087685	2026 Honda Odyssey EX-L	Honda	https://www.dahlhondasheboygan.com/viewdetails/new/5fnrl6h67tb087685/2026-honda-odyssey-mini-van,-passenger/	44745 USD	2026 Radiant Red Metallic II Honda Odyssey EX-L Regular Gasoline V-6 3.5 L/212 For sale at Dahl Honda Sheboygan in Sheboygan Wisconsin.	https://content.homenetiol.com/2000157/2065512/0x0/87da1fe0583b427a94308349d9f419c8.jpg	in stock	NEW	VAN	Vehicles & Parts > Vehicles > Motor Vehicles > Cars, Trucks & Vans	5FNRL6H67TB087685	https://www.dahlhondasheboygan.com/viewdetails/new/5fnrl6h67tb087685/2026-honda-odyssey-mini-van,-passenger/123?store={store_code}	RED	0 miles	Odyssey	5FNRL6H67TB087685	2026	44745 USD	6029718484885115640	44745 USD	MI	no	Odyssey	No	Over 20k
5FNRL6H67VB001035	2027 Honda Odyssey EX-L	Honda	https://www.dahlhondasheboygan.com/viewdetails/new/5fnrl6h67vb001035/2027-honda-odyssey-mini-van,-passenger/	46205 USD	2027 Radiant Red Metallic II Honda Odyssey EX-L Regular Gasoline V-6 3.5 L/212 For sale at Dahl Honda Sheboygan in Sheboygan Wisconsin.	https://prod.tvmimageservice.com/images/GetEvoxImage?styleid=489007&amp;Width=640&amp;Height=480&amp;Type=jpeg&amp;Angle=03&amp;quality=80&amp;BackGroundColor=white&amp;colorcode=RN&amp;autocrop=True&amp;useoverrides=true	in stock	NEW	VAN	Vehicles & Parts > Vehicles > Motor Vehicles > Cars, Trucks & Vans	5FNRL6H67VB001035	https://www.dahlhondasheboygan.com/viewdetails/new/5fnrl6h67vb001035/2027-honda-odyssey-mini-van,-passenger/123?store={store_code}	RED	0 miles	Odyssey	5FNRL6H67VB001035	2027	46205 USD	6029718484885115640	46205 USD	MI	no	Odyssey	No	Over 20k
5FNRL6H72TB090941	2026 Honda Odyssey Sport-L	Honda	https://www.dahlhondasheboygan.com/viewdetails/new/5fnrl6h72tb090941/2026-honda-odyssey-mini-van,-passenger/	47240 USD	2026 Sonic Gray Pearl Honda Odyssey Sport-L Regular Gasoline V-6 3.5 L/212 For sale at Dahl Honda Sheboygan in Sheboygan Wisconsin.	https://content.homenetiol.com/2000157/2065512/0x0/fbf03a3c6a564c98960d031bcd07fa6c.jpg	in stock	NEW	VAN	Vehicles & Parts > Vehicles > Motor Vehicles > Cars, Trucks & Vans	5FNRL6H72TB090941	https://www.dahlhondasheboygan.com/viewdetails/new/5fnrl6h72tb090941/2026-honda-odyssey-mini-van,-passenger/123?store={store_code}	GRAY	0 miles	Odyssey	5FNRL6H72TB090941	2026	47240 USD	6029718484885115640	47240 USD	MI	no	Odyssey	No	Over 20k
5FNRL6H83VB010915	2027 Honda Odyssey Touring	Honda	https://www.dahlhondasheboygan.com/viewdetails/new/5fnrl6h83vb010915/2027-honda-odyssey-mini-van,-passenger/	50085 USD	2027 Smoke Blue Pearl Honda Odyssey Touring Regular Gasoline V-6 3.5 L/212 For sale at Dahl Honda Sheboygan in Sheboygan Wisconsin.	https://prod.tvmimageservice.com/images/GetEvoxImage?styleid=489009&amp;Width=640&amp;Height=480&amp;Type=jpeg&amp;Angle=03&amp;quality=80&amp;BackGroundColor=white&amp;colorcode=BM&amp;autocrop=True&amp;useoverrides=true	in stock	NEW	VAN	Vehicles & Parts > Vehicles > Motor Vehicles > Cars, Trucks & Vans	5FNRL6H83VB010915	https://www.dahlhondasheboygan.com/viewdetails/new/5fnrl6h83vb010915/2027-honda-odyssey-mini-van,-passenger/123?store={store_code}	GRAY	0 miles	Odyssey	5FNRL6H83VB010915	2027	50085 USD	6029718484885115640	50085 USD	MI	no	Odyssey	No	Over 20k
5FNRL6H97VB012031	2027 Honda Odyssey Elite	Honda	https://www.dahlhondasheboygan.com/viewdetails/new/5fnrl6h97vb012031/2027-honda-odyssey-mini-van,-passenger/	53690 USD	2027 Modern Steel Metallic Honda Odyssey Elite Regular Gasoline V-6 3.5 L/212 For sale at Dahl Honda Sheboygan in Sheboygan Wisconsin.	https://prod.tvmimageservice.com/images/GetEvoxImage?styleid=489010&amp;Width=640&amp;Height=480&amp;Type=jpeg&amp;Angle=03&amp;quality=80&amp;BackGroundColor=white&amp;colorcode=GY&amp;autocrop=True&amp;useoverrides=true	in stock	NEW	VAN	Vehicles & Parts > Vehicles > Motor Vehicles > Cars, Trucks & Vans	5FNRL6H97VB012031	https://www.dahlhondasheboygan.com/viewdetails/new/5fnrl6h97vb012031/2027-honda-odyssey-mini-van,-passenger/123?store={store_code}	GRAY	0 miles	Odyssey	5FNRL6H97VB012031	2027	53690 USD	6029718484885115640	53690 USD	MI	no	Odyssey	No	Over 20k
5FNYF9H32TB101017	2026 Honda Passport RTL	Honda	https://www.dahlhondasheboygan.com/viewdetails/new/5fnyf9h32tb101017/2026-honda-passport-sport-utility/	47000 USD	2026 Platinum White Pearl Honda Passport RTL Regular Gasoline V-6 3.5 L/212 For sale at Dahl Honda Sheboygan in Sheboygan Wisconsin.	https://prod.tvmimageservice.com/images/GetEvoxImage?styleid=470482&amp;Width=640&amp;Height=480&amp;Type=jpeg&amp;Angle=03&amp;quality=80&amp;BackGroundColor=white&amp;colorcode=WZ&amp;autocrop=True&amp;useoverrides=true	in stock	NEW	SUV	Vehicles & Parts > Vehicles > Motor Vehicles > Cars, Trucks & Vans	5FNYF9H32TB101017	https://www.dahlhondasheboygan.com/viewdetails/new/5fnyf9h32tb101017/2026-honda-passport-sport-utility/123?store={store_code}	WHITE	0 miles	Passport	5FNYF9H32TB101017	2026	47000 USD	6029718484885115640	47000 USD	MI	no	Passport	No	Over 20k
5FNYF9H35TB096931	2026 Honda Passport RTL	Honda	https://www.dahlhondasheboygan.com/viewdetails/new/5fnyf9h35tb096931/2026-honda-passport-sport-utility/	46900 USD	2026 Platinum White Pearl Honda Passport RTL Regular Gasoline V-6 3.5 L/212 For sale at Dahl Honda Sheboygan in Sheboygan Wisconsin.	https://content.homenetiol.com/2000157/2065512/0x0/313b4b9bdbcc4d6aa511d2df5264d205.jpg	in stock	NEW	SUV	Vehicles & Parts > Vehicles > Motor Vehicles > Cars, Trucks & Vans	5FNYF9H35TB096931	https://www.dahlhondasheboygan.com/viewdetails/new/5fnyf9h35tb096931/2026-honda-passport-sport-utility/123?store={store_code}	WHITE	0 miles	Passport	5FNYF9H35TB096931	2026	46900 USD	6029718484885115640	46900 USD	MI	no	Passport	No	Over 20k
5FNYF9H50TB099091	2026 Honda Passport TrailSport	Honda	https://www.dahlhondasheboygan.com/viewdetails/new/5fnyf9h50tb099091/2026-honda-passport-sport-utility/	50245 USD	2026 Modern Steel Metallic Honda Passport TrailSport Regular Gasoline V-6 3.5 L/212 For sale at Dahl Honda Sheboygan in Sheboygan Wisconsin.	https://prod.tvmimageservice.com/images/GetEvoxImage?styleid=470481&amp;Width=640&amp;Height=480&amp;Type=jpeg&amp;Angle=03&amp;quality=80&amp;BackGroundColor=white&amp;colorcode=GY&amp;autocrop=True&amp;useoverrides=true	in stock	NEW	SUV	Vehicles & Parts > Vehicles > Motor Vehicles > Cars, Trucks & Vans	5FNYF9H50TB099091	https://www.dahlhondasheboygan.com/viewdetails/new/5fnyf9h50tb099091/2026-honda-passport-sport-utility/123?store={store_code}	GRAY	0 miles	Passport	5FNYF9H50TB099091	2026	50245 USD	6029718484885115640	50245 USD	MI	no	Passport	No	Over 20k
5FNYF9H88TB091606	2026 Honda Passport TrailSport Elite	Honda	https://www.dahlhondasheboygan.com/viewdetails/new/5fnyf9h88tb091606/2026-honda-passport-sport-utility/	54145 USD	2026 Obsidian Blue Pearl Honda Passport TrailSport Elite Regular Gasoline V-6 3.5 L/212 For sale at Dahl Honda Sheboygan in Sheboygan Wisconsin.	https://content.homenetiol.com/2000157/2065512/0x0/bd7c00b773d74c5eb89f5593199e5351.jpg	in stock	NEW	SUV	Vehicles & Parts > Vehicles > Motor Vehicles > Cars, Trucks & Vans	5FNYF9H88TB091606	https://www.dahlhondasheboygan.com/viewdetails/new/5fnyf9h88tb091606/2026-honda-passport-sport-utility/123?store={store_code}	BLACK	0 miles	Passport	5FNYF9H88TB091606	2026	54145 USD	6029718484885115640	54145 USD	MI	no	Passport	No	Over 20k
5FNYG1H75TB072615	2026 Honda Pilot Touring S	Honda	https://www.dahlhondasheboygan.com/viewdetails/new/5fnyg1h75tb072615/2026-honda-pilot-sport-utility/	54090 USD	2026 Smoke Blue Pearl Honda Pilot Touring S Regular Gasoline V-6 3.5 L/212 For sale at Dahl Honda Sheboygan in Sheboygan Wisconsin.	https://prod.tvmimageservice.com/images/GetEvoxImage?styleid=482805&amp;Width=640&amp;Height=480&amp;Type=jpeg&amp;Angle=03&amp;quality=80&amp;BackGroundColor=white&amp;colorcode=BM&amp;autocrop=True&amp;useoverrides=true	in stock	NEW	SUV	Vehicles & Parts > Vehicles > Motor Vehicles > Cars, Trucks & Vans	5FNYG1H75TB072615	https://www.dahlhondasheboygan.com/viewdetails/new/5fnyg1h75tb072615/2026-honda-pilot-sport-utility/123?store={store_code}	GRAY	0 miles	Pilot	5FNYG1H75TB072615	2026	54090 USD	6029718484885115640	54090 USD	MI	no	Pilot	No	Over 20k
5FNYG1H77TB046176	2026 Honda Pilot Touring	Honda	https://www.dahlhondasheboygan.com/viewdetails/new/5fnyg1h77tb046176/2026-honda-pilot-sport-utility/	54445 USD	2026 Platinum White Pearl Honda Pilot Touring Regular Gasoline V-6 3.5 L/212 For sale at Dahl Honda Sheboygan in Sheboygan Wisconsin.	https://content.homenetiol.com/2000157/2065512/0x0/5bb604fc7b53465791f7953218c720c6.jpg	in stock	NEW	SUV	Vehicles & Parts > Vehicles > Motor Vehicles > Cars, Trucks & Vans	5FNYG1H77TB046176	https://www.dahlhondasheboygan.com/viewdetails/new/5fnyg1h77tb046176/2026-honda-pilot-sport-utility/123?store={store_code}	WHITE	0 miles	Pilot	5FNYG1H77TB046176	2026	54445 USD	6029718484885115640	54445 USD	MI	no	Pilot	No	Over 20k
5FNYG1H80TB075074	2026 Honda Pilot Elite	Honda	https://www.dahlhondasheboygan.com/viewdetails/new/5fnyg1h80tb075074/2026-honda-pilot-sport-utility/	55290 USD	2026 Crystal Black Pearl Honda Pilot Elite Regular Gasoline V-6 3.5 L/212 For sale at Dahl Honda Sheboygan in Sheboygan Wisconsin.	https://prod.tvmimageservice.com/images/GetEvoxImage?styleid=482803&amp;Width=640&amp;Height=480&amp;Type=jpeg&amp;Angle=03&amp;quality=80&amp;BackGroundColor=white&amp;colorcode=BK&amp;autocrop=True&amp;useoverrides=true	in stock	NEW	SUV	Vehicles & Parts > Vehicles > Motor Vehicles > Cars, Trucks & Vans	5FNYG1H80TB075074	https://www.dahlhondasheboygan.com/viewdetails/new/5fnyg1h80tb075074/2026-honda-pilot-sport-utility/123?store={store_code}	BLACK	0 miles	Pilot	5FNYG1H80TB075074	2026	55290 USD	6029718484885115640	55290 USD	MI	no	Pilot	No	Over 20k
5FNYG1H86TB066685	2026 Honda Pilot Elite	Honda	https://www.dahlhondasheboygan.com/viewdetails/new/5fnyg1h86tb066685/2026-honda-pilot-sport-utility/	55645 USD	2026 Platinum White Pearl Honda Pilot Elite Regular Gasoline V-6 3.5 L/212 For sale at Dahl Honda Sheboygan in Sheboygan Wisconsin.	https://prod.tvmimageservice.com/images/GetEvoxImage?styleid=482803&amp;Width=640&amp;Height=480&amp;Type=jpeg&amp;Angle=03&amp;quality=80&amp;BackGroundColor=white&amp;colorcode=WZ&amp;autocrop=True&amp;useoverrides=true	in stock	NEW	SUV	Vehicles & Parts > Vehicles > Motor Vehicles > Cars, Trucks & Vans	5FNYG1H86TB066685	https://www.dahlhondasheboygan.com/viewdetails/new/5fnyg1h86tb066685/2026-honda-pilot-sport-utility/123?store={store_code}	WHITE	0 miles	Pilot	5FNYG1H86TB066685	2026	55645 USD	6029718484885115640	55645 USD	MI	no	Pilot	No	Over 20k
5FPYK3F52TB040529	2026 Honda Ridgeline RTL	Honda	https://www.dahlhondasheboygan.com/viewdetails/new/5fpyk3f52tb040529/2026-honda-ridgeline-crew-cab-pickup/	45545 USD	2026 Platinum White Pearl Honda Ridgeline RTL Regular Gasoline V-6 3.5 L/212 For sale at Dahl Honda Sheboygan in Sheboygan Wisconsin.	https://content.homenetiol.com/2000157/2065512/0x0/3c9926118a214c9ca649b0c8fc8fde36.jpg	in stock	NEW	TRUCK	Vehicles & Parts > Vehicles > Motor Vehicles > Cars, Trucks & Vans	5FPYK3F52TB040529	https://www.dahlhondasheboygan.com/viewdetails/new/5fpyk3f52tb040529/2026-honda-ridgeline-crew-cab-pickup/123?store={store_code}	WHITE	0 miles	Ridgeline	5FPYK3F52TB040529	2026	45545 USD	6029718484885115640	45545 USD	MI	no	Ridgeline	No	Over 20k
5FPYK3F52TB058965	2026 Honda Ridgeline RTL	Honda	https://www.dahlhondasheboygan.com/viewdetails/new/5fpyk3f52tb058965/2026-honda-ridgeline-crew-cab-pickup/	45190 USD	2026 Crystal Black Pearl Honda Ridgeline RTL Regular Gasoline V-6 3.5 L/212 For sale at Dahl Honda Sheboygan in Sheboygan Wisconsin.	https://prod.tvmimageservice.com/images/GetEvoxImage?styleid=480794&amp;Width=640&amp;Height=480&amp;Type=jpeg&amp;Angle=03&amp;quality=80&amp;BackGroundColor=white&amp;colorcode=BK&amp;autocrop=True&amp;useoverrides=true	in stock	NEW	TRUCK	Vehicles & Parts > Vehicles > Motor Vehicles > Cars, Trucks & Vans	5FPYK3F52TB058965	https://www.dahlhondasheboygan.com/viewdetails/new/5fpyk3f52tb058965/2026-honda-ridgeline-crew-cab-pickup/123?store={store_code}	BLACK	0 miles	Ridgeline	5FPYK3F52TB058965	2026	45190 USD	6029718484885115640	45190 USD	MI	no	Ridgeline	No	Over 20k
5FPYK3F58TB022326	2026 Honda Ridgeline RTL	Honda	https://www.dahlhondasheboygan.com/viewdetails/new/5fpyk3f58tb022326/2026-honda-ridgeline-crew-cab-pickup/	45090 USD	2026 Crystal Black Pearl Honda Ridgeline RTL Regular Gasoline V-6 3.5 L/212 For sale at Dahl Honda Sheboygan in Sheboygan Wisconsin.	https://content.homenetiol.com/2000157/2065512/0x0/c0ddb6e37af1478a8fcec619784e3ffc.jpg	in stock	NEW	TRUCK	Vehicles & Parts > Vehicles > Motor Vehicles > Cars, Trucks & Vans	5FPYK3F58TB022326	https://www.dahlhondasheboygan.com/viewdetails/new/5fpyk3f58tb022326/2026-honda-ridgeline-crew-cab-pickup/123?store={store_code}	BLACK	0 miles	Ridgeline	5FPYK3F58TB022326	2026	45090 USD	6029718484885115640	45090 USD	MI	no	Ridgeline	No	Over 20k
5FPYK3F59TB041452	2026 Honda Ridgeline RTL	Honda	https://www.dahlhondasheboygan.com/viewdetails/new/5fpyk3f59tb041452/2026-honda-ridgeline-crew-cab-pickup/	45545 USD	2026 Radiant Red Metallic II Honda Ridgeline RTL Regular Gasoline V-6 3.5 L/212 For sale at Dahl Honda Sheboygan in Sheboygan Wisconsin.	https://content.homenetiol.com/2000157/2065512/0x0/ce49739342f6429690d7d316f5b54a5b.jpg	in stock	NEW	TRUCK	Vehicles & Parts > Vehicles > Motor Vehicles > Cars, Trucks & Vans	5FPYK3F59TB041452	https://www.dahlhondasheboygan.com/viewdetails/new/5fpyk3f59tb041452/2026-honda-ridgeline-crew-cab-pickup/123?store={store_code}	RED	0 miles	Ridgeline	5FPYK3F59TB041452	2026	45545 USD	6029718484885115640	45545 USD	MI	no	Ridgeline	No	Over 20k
5FPYK3F80TB044380	2026 Honda Ridgeline Black Edition	Honda	https://www.dahlhondasheboygan.com/viewdetails/new/5fpyk3f80tb044380/2026-honda-ridgeline-crew-cab-pickup/	48890 USD	2026 Crystal Black Pearl Honda Ridgeline Black Edition Regular Gasoline V-6 3.5 L/212 For sale at Dahl Honda Sheboygan in Sheboygan Wisconsin.	https://content.homenetiol.com/2000157/2065512/0x0/57e6e1dd511f4a4badfc3ba616d90ea1.jpg	in stock	NEW	TRUCK	Vehicles & Parts > Vehicles > Motor Vehicles > Cars, Trucks & Vans	5FPYK3F80TB044380	https://www.dahlhondasheboygan.com/viewdetails/new/5fpyk3f80tb044380/2026-honda-ridgeline-crew-cab-pickup/123?store={store_code}	BLACK	0 miles	Ridgeline	5FPYK3F80TB044380	2026	48890 USD	6029718484885115640	48890 USD	MI	no	Ridgeline	No	Over 20k
5FPYK3F81TB047191	2026 Honda Ridgeline Black Edition	Honda	https://www.dahlhondasheboygan.com/viewdetails/new/5fpyk3f81tb047191/2026-honda-ridgeline-crew-cab-pickup/	48890 USD	2026 Crystal Black Pearl Honda Ridgeline Black Edition Regular Gasoline V-6 3.5 L/212 For sale at Dahl Honda Sheboygan in Sheboygan Wisconsin.	https://content.homenetiol.com/2000157/2065512/0x0/b1a0e5e9171f42a3a2a41115f8d1a385.jpg	in stock	NEW	TRUCK	Vehicles & Parts > Vehicles > Motor Vehicles > Cars, Trucks & Vans	5FPYK3F81TB047191	https://www.dahlhondasheboygan.com/viewdetails/new/5fpyk3f81tb047191/2026-honda-ridgeline-crew-cab-pickup/123?store={store_code}	BLACK	0 miles	Ridgeline	5FPYK3F81TB047191	2026	48890 USD	6029718484885115640	48890 USD	MI	no	Ridgeline	No	Over 20k
5FPYK3F84TB059688	2026 Honda Ridgeline Black Edition	Honda	https://www.dahlhondasheboygan.com/viewdetails/new/5fpyk3f84tb059688/2026-honda-ridgeline-crew-cab-pickup/	48990 USD	2026 Crystal Black Pearl Honda Ridgeline Black Edition Regular Gasoline V-6 3.5 L/212 For sale at Dahl Honda Sheboygan in Sheboygan Wisconsin.	https://prod.tvmimageservice.com/images/GetEvoxImage?styleid=480797&amp;Width=640&amp;Height=480&amp;Type=jpeg&amp;Angle=03&amp;quality=80&amp;BackGroundColor=white&amp;colorcode=BK&amp;autocrop=True&amp;useoverrides=true	in stock	NEW	TRUCK	Vehicles & Parts > Vehicles > Motor Vehicles > Cars, Trucks & Vans	5FPYK3F84TB059688	https://www.dahlhondasheboygan.com/viewdetails/new/5fpyk3f84tb059688/2026-honda-ridgeline-crew-cab-pickup/123?store={store_code}	BLACK	0 miles	Ridgeline	5FPYK3F84TB059688	2026	48990 USD	6029718484885115640	48990 USD	MI	no	Ridgeline	No	Over 20k
5FPYK3F86TB042147	2026 Honda Ridgeline Black Edition	Honda	https://www.dahlhondasheboygan.com/viewdetails/new/5fpyk3f86tb042147/2026-honda-ridgeline-crew-cab-pickup/	49345 USD	2026 Sonic Gray Pearl Honda Ridgeline Black Edition Regular Gasoline V-6 3.5 L/212 For sale at Dahl Honda Sheboygan in Sheboygan Wisconsin.	https://content.homenetiol.com/2000157/2065512/0x0/5f0622c634f648579fd9f0aac3c6c32e.jpg	in stock	NEW	TRUCK	Vehicles & Parts > Vehicles > Motor Vehicles > Cars, Trucks & Vans	5FPYK3F86TB042147	https://www.dahlhondasheboygan.com/viewdetails/new/5fpyk3f86tb042147/2026-honda-ridgeline-crew-cab-pickup/123?store={store_code}	GRAY	0 miles	Ridgeline	5FPYK3F86TB042147	2026	49345 USD	6029718484885115640	49345 USD	MI	no	Ridgeline	No	Over 20k
5FPYK3F8XTB046640	2026 Honda Ridgeline Black Edition	Honda	https://www.dahlhondasheboygan.com/viewdetails/new/5fpyk3f8xtb046640/2026-honda-ridgeline-crew-cab-pickup/	49345 USD	2026 Platinum White Pearl Honda Ridgeline Black Edition Regular Gasoline V-6 3.5 L/212 For sale at Dahl Honda Sheboygan in Sheboygan Wisconsin.	https://content.homenetiol.com/2000157/2065512/0x0/f72b038cd4074542b4080bca2115fa32.jpg	in stock	NEW	TRUCK	Vehicles & Parts > Vehicles > Motor Vehicles > Cars, Trucks & Vans	5FPYK3F8XTB046640	https://www.dahlhondasheboygan.com/viewdetails/new/5fpyk3f8xtb046640/2026-honda-ridgeline-crew-cab-pickup/123?store={store_code}	WHITE	0 miles	Ridgeline	5FPYK3F8XTB046640	2026	49345 USD	6029718484885115640	49345 USD	MI	no	Ridgeline	No	Over 20k
5J6RS3H22TL020689	2026 Honda CR-V LX	Honda	https://www.dahlhondasheboygan.com/viewdetails/new/5j6rs3h22tl020689/2026-honda-cr-v-sport-utility/	32825 USD	2026 Radiant Red Metallic Honda CR-V LX Intercooled Turbo Regular Gasoline I-4 1.5 L/91 For sale at Dahl Honda Sheboygan in Sheboygan Wisconsin.	https://content.homenetiol.com/2000157/2065512/0x0/6ee5465eed704b2c991ef78b2cc6c3e1.jpg	in stock	NEW	SUV	Vehicles & Parts > Vehicles > Motor Vehicles > Cars, Trucks & Vans	5J6RS3H22TL020689	https://www.dahlhondasheboygan.com/viewdetails/new/5j6rs3h22tl020689/2026-honda-cr-v-sport-utility/123?store={store_code}	RED	0 miles	CR-V	5J6RS3H22TL020689	2026	32825 USD	6029718484885115640	32825 USD	MI	no	CR-V	No	Over 20k
5J6RS3H23TL016408	2026 Honda CR-V LX	Honda	https://www.dahlhondasheboygan.com/viewdetails/new/5j6rs3h23tl016408/2026-honda-cr-v-sport-utility/	32825 USD	2026 Radiant Red Metallic Honda CR-V LX Intercooled Turbo Regular Gasoline I-4 1.5 L/91 For sale at Dahl Honda Sheboygan in Sheboygan Wisconsin.	https://content.homenetiol.com/2000157/2065512/0x0/6e67b76680d44254b8498c412619dbad.jpg	in stock	NEW	SUV	Vehicles & Parts > Vehicles > Motor Vehicles > Cars, Trucks & Vans	5J6RS3H23TL016408	https://www.dahlhondasheboygan.com/viewdetails/new/5j6rs3h23tl016408/2026-honda-cr-v-sport-utility/123?store={store_code}	RED	0 miles	CR-V	5J6RS3H23TL016408	2026	32825 USD	6029718484885115640	32825 USD	MI	no	CR-V	No	Over 20k
5J6RS3H24TL019088	2026 Honda CR-V LX	Honda	https://www.dahlhondasheboygan.com/viewdetails/new/5j6rs3h24tl019088/2026-honda-cr-v-sport-utility/	32825 USD	2026 Radiant Red Metallic Honda CR-V LX Intercooled Turbo Regular Gasoline I-4 1.5 L/91 For sale at Dahl Honda Sheboygan in Sheboygan Wisconsin.	https://content.homenetiol.com/2000157/2065512/0x0/4b51af3c55ab4b5886724afad838afe8.jpg	in stock	NEW	SUV	Vehicles & Parts > Vehicles > Motor Vehicles > Cars, Trucks & Vans	5J6RS3H24TL019088	https://www.dahlhondasheboygan.com/viewdetails/new/5j6rs3h24tl019088/2026-honda-cr-v-sport-utility/123?store={store_code}	RED	0 miles	CR-V	5J6RS3H24TL019088	2026	32825 USD	6029718484885115640	32825 USD	MI	no	CR-V	No	Over 20k
5J6RS4H29VL002134	2027 Honda CR-V LX	Honda	https://www.dahlhondasheboygan.com/viewdetails/new/5j6rs4h29vl002134/2027-honda-cr-v-sport-utility/	34570 USD	2027 Meteorite Gray Metallic Honda CR-V LX Intercooled Turbo Regular Gasoline I-4 1.5 L/91 For sale at Dahl Honda Sheboygan in Sheboygan Wisconsin.	https://prod.tvmimageservice.com/images/GetEvoxImage?styleid=489808&amp;Width=640&amp;Height=480&amp;Type=jpeg&amp;Angle=03&amp;quality=80&amp;BackGroundColor=white&amp;colorcode=GC&amp;autocrop=True&amp;useoverrides=true	in stock	NEW	SUV	Vehicles & Parts > Vehicles > Motor Vehicles > Cars, Trucks & Vans	5J6RS4H29VL002134	https://www.dahlhondasheboygan.com/viewdetails/new/5j6rs4h29vl002134/2027-honda-cr-v-sport-utility/123?store={store_code}	GRAY	0 miles	CR-V	5J6RS4H29VL002134	2027	34570 USD	6029718484885115640	34570 USD	MI	no	CR-V	No	Over 20k
5J6RS4H70VL001899	2027 Honda CR-V EX-L	Honda	https://www.dahlhondasheboygan.com/viewdetails/new/5j6rs4h70vl001899/2027-honda-cr-v-sport-utility/	38750 USD	2027 Meteorite Gray Metallic Honda CR-V EX-L Intercooled Turbo Regular Gasoline I-4 1.5 L/91 For sale at Dahl Honda Sheboygan in Sheboygan Wisconsin.	https://prod.tvmimageservice.com/images/GetEvoxImage?styleid=489810&amp;Width=640&amp;Height=480&amp;Type=jpeg&amp;Angle=03&amp;quality=80&amp;BackGroundColor=white&amp;colorcode=GD&amp;autocrop=True&amp;useoverrides=true	in stock	NEW	SUV	Vehicles & Parts > Vehicles > Motor Vehicles > Cars, Trucks & Vans	5J6RS4H70VL001899	https://www.dahlhondasheboygan.com/viewdetails/new/5j6rs4h70vl001899/2027-honda-cr-v-sport-utility/123?store={store_code}	GRAY	0 miles	CR-V	5J6RS4H70VL001899	2027	38750 USD	6029718484885115640	38750 USD	MI	no	CR-V	No	Over 20k
7FARS6H89TE168406	2026 Honda CR-V Hybrid Sport-L	Honda	https://www.dahlhondasheboygan.com/viewdetails/new/7fars6h89te168406/2026-honda-cr-v-hybrid-sport-utility/	41775 USD	2026 Crystal Black Pearl Honda CR-V Sport-L Gas/Electric I-4 2.0 L/122 For sale at Dahl Honda Sheboygan in Sheboygan Wisconsin.	https://prod.tvmimageservice.com/images/GetEvoxImage?styleid=476092&amp;Width=640&amp;Height=480&amp;Type=jpeg&amp;Angle=03&amp;quality=80&amp;BackGroundColor=white&amp;colorcode=BK&amp;autocrop=True&amp;useoverrides=true	in stock	NEW	SUV	Vehicles & Parts > Vehicles > Motor Vehicles > Cars, Trucks & Vans	7FARS6H89TE168406	https://www.dahlhondasheboygan.com/viewdetails/new/7fars6h89te168406/2026-honda-cr-v-hybrid-sport-utility/123?store={store_code}	BLACK	0 miles	CR-V	7FARS6H89TE168406	2026	41775 USD	6029718484885115640	41775 USD	MI	no	CR-V	No	Over 20k
7FARS6H99VE008263	2027 Honda CR-V Hybrid Sport Touring	Honda	https://www.dahlhondasheboygan.com/viewdetails/new/7fars6h99ve008263/2027-honda-cr-v-hybrid-sport-utility/	44500 USD	2027 Canyon River Blue Metallic Honda CR-V Sport Touring Gas/Electric I-4 2.0 L/122 For sale at Dahl Honda Sheboygan in Sheboygan Wisconsin.	https://prod.tvmimageservice.com/images/GetEvoxImage?styleid=489811&amp;Width=640&amp;Height=480&amp;Type=jpeg&amp;Angle=03&amp;quality=80&amp;BackGroundColor=white&amp;colorcode=BU&amp;autocrop=True&amp;useoverrides=true	in stock	NEW	SUV	Vehicles & Parts > Vehicles > Motor Vehicles > Cars, Trucks & Vans	7FARS6H99VE008263	https://www.dahlhondasheboygan.com/viewdetails/new/7fars6h99ve008263/2027-honda-cr-v-hybrid-sport-utility/123?store={store_code}	BLUE	0 miles	CR-V	7FARS6H99VE008263	2027	44500 USD	6029718484885115640	44500 USD	MI	no	CR-V	No	Over 20k
1C4PJMBB5JD529892	2018 Jeep Cherokee Trailhawk	Jeep	https://www.dahlhondasheboygan.com/viewdetails/used/1c4pjmbb5jd529892/2018-jeep-cherokee-sport-utility/	12247 USD	2018 Diamond Black Crystal Pearlcoat Jeep Cherokee Trailhawk Regular Unleaded I-4 2.4 L/144 For sale at Dahl Honda Sheboygan in Sheboygan Wisconsin.	https://content.homenetiol.com/2000157/2065512/0x0/ff32cead76014b07883d658fbb510c9c.jpg	in stock	USED	SUV	Vehicles & Parts > Vehicles > Motor Vehicles > Cars, Trucks & Vans	1C4PJMBB5JD529892	https://www.dahlhondasheboygan.com/viewdetails/used/1c4pjmbb5jd529892/2018-jeep-cherokee-sport-utility/123?store={store_code}	BLACK	122310 miles	Cherokee	1C4PJMBB5JD529892	2018	12247 USD	6029718484885115640	12247 USD	MI	no	Cherokee	No	Under 20k
1C4RDJEG7MC694553	2021 Dodge Durango Citadel	Dodge	https://www.dahlhondasheboygan.com/viewdetails/used/1c4rdjeg7mc694553/2021-dodge-durango-sport-utility/	22649 USD	2021 Destroyer Gray Clearcoat Dodge Durango Citadel Regular Gasoline V-6 3.6 L/220 For sale at Dahl Honda Sheboygan in Sheboygan Wisconsin.	https://content.homenetiol.com/2000157/2065512/0x0/20c751d1fd244312b621e18a725a1690.jpg	in stock	USED	SUV	Vehicles & Parts > Vehicles > Motor Vehicles > Cars, Trucks & Vans	1C4RDJEG7MC694553	https://www.dahlhondasheboygan.com/viewdetails/used/1c4rdjeg7mc694553/2021-dodge-durango-sport-utility/123?store={store_code}	GRAY	117979 miles	Durango	1C4RDJEG7MC694553	2021	22649 USD	6029718484885115640	22649 USD	MI	no	Durango	No	Over 20k
1C4RJHEG9P8769021	2023 Jeep Grand Cherokee Summit	Jeep	https://www.dahlhondasheboygan.com/viewdetails/used/1c4rjheg9p8769021/2023-jeep-grand-cherokee-sport-utility/	35399 USD	2023 Hydro Blue Pearlcoat Jeep Grand Cherokee Summit Regular Gasoline V-6 3.6 L/220 For sale at Dahl Honda Sheboygan in Sheboygan Wisconsin.	https://content.homenetiol.com/2000157/2065512/0x0/e22c49b23e354f1b801ece61a34c8003.jpg	in stock	USED	SUV	Vehicles & Parts > Vehicles > Motor Vehicles > Cars, Trucks & Vans	1C4RJHEG9P8769021	https://www.dahlhondasheboygan.com/viewdetails/used/1c4rjheg9p8769021/2023-jeep-grand-cherokee-sport-utility/123?store={store_code}	BLUE	18375 miles	Grand Cherokee	1C4RJHEG9P8769021	2023	35399 USD	6029718484885115640	35399 USD	MI	no	Grand Cherokee	No	Over 20k
1C4RJKBG3M8142182	2021 Jeep Grand Cherokee L Limited	Jeep	https://www.dahlhondasheboygan.com/viewdetails/used/1c4rjkbg3m8142182/2021-jeep-grand-cherokee-l-sport-utility/	21399 USD	2021 Diamond Black Crystal Pearlcoat Jeep Grand Cherokee L Limited Regular Gasoline V-6 3.6 L/220 For sale at Dahl Honda Sheboygan in Sheboygan Wisconsin.	https://content.homenetiol.com/2000157/2065512/0x0/9796b045dc2f428bbd22e6d5f9008a3f.jpg	in stock	USED	SUV	Vehicles & Parts > Vehicles > Motor Vehicles > Cars, Trucks & Vans	1C4RJKBG3M8142182	https://www.dahlhondasheboygan.com/viewdetails/used/1c4rjkbg3m8142182/2021-jeep-grand-cherokee-l-sport-utility/123?store={store_code}	BLACK	105590 miles	Grand Cherokee L	1C4RJKBG3M8142182	2021	21399 USD	6029718484885115640	21399 USD	MI	no	Grand Cherokee L	No	Over 20k
1C4SJSBP8RS117435	2024 Jeep Wagoneer L Series II	Jeep	https://www.dahlhondasheboygan.com/viewdetails/used/1c4sjsbp8rs117435/2024-jeep-wagoneer-l-sport-utility/	34399 USD	2024 Bright White Clearcoat Jeep Wagoneer L Series II Twin Turbo Regular Unleaded I-6 3.0 L/183 For sale at Dahl Honda Sheboygan in Sheboygan Wisconsin.	https://content.homenetiol.com/2000157/2065512/0x0/f56ac30a6a0b4f2d9a58bccf11550397.jpg	in stock	USED	SUV	Vehicles & Parts > Vehicles > Motor Vehicles > Cars, Trucks & Vans	1C4SJSBP8RS117435	https://www.dahlhondasheboygan.com/viewdetails/used/1c4sjsbp8rs117435/2024-jeep-wagoneer-l-sport-utility/123?store={store_code}	WHITE	71680 miles	Wagoneer L	1C4SJSBP8RS117435	2024	34399 USD	6029718484885115640	34399 USD	MI	no	Wagoneer L	No	Over 20k
1C6RRFFG7NN245755	2022 RAM 1500 Big Horn	RAM	https://www.dahlhondasheboygan.com/viewdetails/used/1c6rrffg7nn245755/2022-ram-1500-crew-cab-pickup/	29248 USD	2022 Diamond Black Crystal Pearlcoat RAM 1500 Big Horn Gas/Electric V-6 3.6 L/220 For sale at Dahl Honda Sheboygan in Sheboygan Wisconsin.	https://content.homenetiol.com/2000157/2065512/0x0/99bd747353554ab892e13129c51a2e23.jpg	in stock	USED	TRUCK	Vehicles & Parts > Vehicles > Motor Vehicles > Cars, Trucks & Vans	1C6RRFFG7NN245755	https://www.dahlhondasheboygan.com/viewdetails/used/1c6rrffg7nn245755/2022-ram-1500-crew-cab-pickup/123?store={store_code}	BLACK	76960 miles	1500	1C6RRFFG7NN245755	2022	29248 USD	6029718484885115640	29248 USD	MI	no	1500	No	Over 20k
1C6SRFJT8LN224805	2020 RAM 1500 Laramie	RAM	https://www.dahlhondasheboygan.com/viewdetails/used/1c6srfjt8ln224805/2020-ram-1500-crew-cab-pickup/	22500 USD	2020 Delmonico Red Pearlcoat RAM 1500 Laramie Regular Gasoline V-8 5.7 L/345 For sale at Dahl Honda Sheboygan in Sheboygan Wisconsin.	https://content.homenetiol.com/2000157/2065512/0x0/efad4852fc72436988f91dd3b68f0931.jpg	in stock	USED	TRUCK	Vehicles & Parts > Vehicles > Motor Vehicles > Cars, Trucks & Vans	1C6SRFJT8LN224805	https://www.dahlhondasheboygan.com/viewdetails/used/1c6srfjt8ln224805/2020-ram-1500-crew-cab-pickup/123?store={store_code}	RED	151901 miles	1500	1C6SRFJT8LN224805	2020	22500 USD	6029718484885115640	22500 USD	MI	no	1500	No	Over 20k
1FADP3F27EL181567	2014 Ford Focus SE	Ford	https://www.dahlhondasheboygan.com/viewdetails/used/1fadp3f27el181567/2014-ford-focus-4dr-car/	7527 USD	2014 Race Red Ford Focus SE Regular Unleaded I-4 2.0 L/122 For sale at Dahl Honda Sheboygan in Sheboygan Wisconsin.	https://content.homenetiol.com/2000157/2065512/0x0/b882e784855b4cabac7ce45475324ee4.jpg	in stock	USED	OTHER	Vehicles & Parts > Vehicles > Motor Vehicles > Cars, Trucks & Vans	1FADP3F27EL181567	https://www.dahlhondasheboygan.com/viewdetails/used/1fadp3f27el181567/2014-ford-focus-4dr-car/123?store={store_code}	RED	65001 miles	Focus	1FADP3F27EL181567	2014	7527 USD	6029718484885115640	7527 USD	MI	no	Focus	No	Under 20k
1FADP3F29GL293211	2016 Ford Focus SE	Ford	https://www.dahlhondasheboygan.com/viewdetails/used/1fadp3f29gl293211/2016-ford-focus-4dr-car/	7000 USD	2016 Magnetic Ford Focus SE Regular Unleaded I-4 2.0 L/122 For sale at Dahl Honda Sheboygan in Sheboygan Wisconsin.	https://content.homenetiol.com/2000157/2065512/0x0/3edf00bc08464500a8981893f370e089.jpg	in stock	USED	OTHER	Vehicles & Parts > Vehicles > Motor Vehicles > Cars, Trucks & Vans	1FADP3F29GL293211	https://www.dahlhondasheboygan.com/viewdetails/used/1fadp3f29gl293211/2016-ford-focus-4dr-car/123?store={store_code}	GRAY	95933 miles	Focus	1FADP3F29GL293211	2016	7000 USD	6029718484885115640	7000 USD	MI	no	Focus	No	Under 20k
1FMCU9J9XJUD55895	2018 Ford Escape Titanium	Ford	https://www.dahlhondasheboygan.com/viewdetails/used/1fmcu9j9xjud55895/2018-ford-escape-sport-utility/	17123 USD	2018 Ruby Red Metallic Tinted Clearcoat Ford Escape Titanium Intercooled Turbo Premium Unleaded I-4 2.0 L/121 For sale at Dahl Honda Sheboygan in Sheboygan Wisconsin.	https://content.homenetiol.com/2000157/2065512/0x0/8b6a512ae39044cab196e067b24d74e9.jpg	in stock	USED	SUV	Vehicles & Parts > Vehicles > Motor Vehicles > Cars, Trucks & Vans	1FMCU9J9XJUD55895	https://www.dahlhondasheboygan.com/viewdetails/used/1fmcu9j9xjud55895/2018-ford-escape-sport-utility/123?store={store_code}	RED	24258 miles	Escape	1FMCU9J9XJUD55895	2018	17123 USD	6029718484885115640	17123 USD	MI	no	Escape	No	Under 20k
1FMCU9MN3RUA96591	2024 Ford Escape ST-Line	Ford	https://www.dahlhondasheboygan.com/viewdetails/used/1fmcu9mn3rua96591/2024-ford-escape-sport-utility/	22649 USD	2024 Iconic Silver Metallic Ford Escape ST-Line Intercooled Turbo Premium Gasoline I-3 1.5 L/91 For sale at Dahl Honda Sheboygan in Sheboygan Wisconsin.	https://content.homenetiol.com/2000157/2065512/0x0/3184b818509248159028283ff9619eb8.jpg	in stock	USED	SUV	Vehicles & Parts > Vehicles > Motor Vehicles > Cars, Trucks & Vans	1FMCU9MN3RUA96591	https://www.dahlhondasheboygan.com/viewdetails/used/1fmcu9mn3rua96591/2024-ford-escape-sport-utility/123?store={store_code}	SILVER	56566 miles	Escape	1FMCU9MN3RUA96591	2024	22649 USD	6029718484885115640	22649 USD	MI	no	Escape	No	Over 20k
1FMDE5BH2NLB14053	2022 Ford Bronco Big Bend	Ford	https://www.dahlhondasheboygan.com/viewdetails/used/1fmde5bh2nlb14053/2022-ford-bronco-convertible/	31630 USD	2022 Velocity Blue Ford Bronco Big Bend Intercooled Turbo Regular Gasoline I-4 2.3 L/140 For sale at Dahl Honda Sheboygan in Sheboygan Wisconsin.	https://content.homenetiol.com/2000157/2065512/0x0/7b701abc02e64cdf813bfd4083353682.jpg	in stock	USED	SUV	Vehicles & Parts > Vehicles > Motor Vehicles > Cars, Trucks & Vans	1FMDE5BH2NLB14053	https://www.dahlhondasheboygan.com/viewdetails/used/1fmde5bh2nlb14053/2022-ford-bronco-convertible/123?store={store_code}	BLUE	60977 miles	Bronco	1FMDE5BH2NLB14053	2022	31630 USD	6029718484885115640	31630 USD	MI	no	Bronco	No	Over 20k
1FMJK1MT3MEA69374	2021 Ford Expedition Max Platinum	Ford	https://www.dahlhondasheboygan.com/viewdetails/used/1fmjk1mt3mea69374/2021-ford-expedition-max-sport-utility/	31533 USD	2021 Agate Black Ford Expedition Max Platinum Twin Turbo Premium Unleaded V-6 3.5 L/213 For sale at Dahl Honda Sheboygan in Sheboygan Wisconsin.	https://content.homenetiol.com/2000157/2065512/0x0/9c163088e8b04d89bce598053730b062.jpg	in stock	USED	SUV	Vehicles & Parts > Vehicles > Motor Vehicles > Cars, Trucks & Vans	1FMJK1MT3MEA69374	https://www.dahlhondasheboygan.com/viewdetails/used/1fmjk1mt3mea69374/2021-ford-expedition-max-sport-utility/123?store={store_code}	BLACK	136440 miles	Expedition Max	1FMJK1MT3MEA69374	2021	31533 USD	6029718484885115640	31533 USD	MI	no	Expedition Max	No	Over 20k
1FMSK8DHXNGB55599	2022 Ford Explorer XLT	Ford	https://www.dahlhondasheboygan.com/viewdetails/used/1fmsk8dhxngb55599/2022-ford-explorer-sport-utility/	25899 USD	2022 Star White Metallic Tri Coat Ford Explorer XLT Intercooled Turbo Premium Gasoline I-4 2.3 L/140 For sale at Dahl Honda Sheboygan in Sheboygan Wisconsin.	https://content.homenetiol.com/2000157/2065512/0x0/01405165aeb54db8b7fff1052f950c4f.jpg	in stock	USED	SUV	Vehicles & Parts > Vehicles > Motor Vehicles > Cars, Trucks & Vans	1FMSK8DHXNGB55599	https://www.dahlhondasheboygan.com/viewdetails/used/1fmsk8dhxngb55599/2022-ford-explorer-sport-utility/123?store={store_code}	WHITE	70775 miles	Explorer	1FMSK8DHXNGB55599	2022	25899 USD	6029718484885115640	25899 USD	MI	no	Explorer	No	Over 20k
1FTER4FH9MLD81044	2021 Ford Ranger LARIAT	Ford	https://www.dahlhondasheboygan.com/viewdetails/used/1fter4fh9mld81044/2021-ford-ranger-crew-cab-pickup/	24899 USD	2021 Shadow Black Ford Ranger LARIAT Intercooled Turbo Regular Unleaded I-4 2.3 L/140 For sale at Dahl Honda Sheboygan in Sheboygan Wisconsin.	https://content.homenetiol.com/2000157/2065512/0x0/e4fbe126124c40edb8648febeec6fe44.jpg	in stock	USED	TRUCK	Vehicles & Parts > Vehicles > Motor Vehicles > Cars, Trucks & Vans	1FTER4FH9MLD81044	https://www.dahlhondasheboygan.com/viewdetails/used/1fter4fh9mld81044/2021-ford-ranger-crew-cab-pickup/123?store={store_code}	BLACK	78625 miles	Ranger	1FTER4FH9MLD81044	2021	24899 USD	6029718484885115640	24899 USD	MI	no	Ranger	No	Over 20k
1FTFW1EG7JKD06655	2018 Ford F-150 XLT	Ford	https://www.dahlhondasheboygan.com/viewdetails/used/1ftfw1eg7jkd06655/2018-ford-f-150-crew-cab-pickup/	18000 USD	2018 Magma Red Ford F-150 XLT Ecoboost 3.5L V6 For sale at Dahl Honda Sheboygan in Sheboygan Wisconsin.	https://content.homenetiol.com/2000157/2065512/0x0/f7eebd5be576499fa2270aff03fdb7ce.jpg	in stock	USED	TRUCK	Vehicles & Parts > Vehicles > Motor Vehicles > Cars, Trucks & Vans	1FTFW1EG7JKD06655	https://www.dahlhondasheboygan.com/viewdetails/used/1ftfw1eg7jkd06655/2018-ford-f-150-crew-cab-pickup/123?store={store_code}	RED	143236 miles	F-150	1FTFW1EG7JKD06655	2018	18000 USD	6029718484885115640	18000 USD	MI	no	F-150	No	Under 20k
1G1ZD5ST1RF222937	2024 Chevrolet Malibu LT	Chevrolet	https://www.dahlhondasheboygan.com/viewdetails/used/1g1zd5st1rf222937/2024-chevrolet-malibu-4dr-car/	18399 USD	2024 Summit White Chevrolet Malibu LT Turbocharged Gas I4 1.5L/ For sale at Dahl Honda Sheboygan in Sheboygan Wisconsin.	https://content.homenetiol.com/2000157/2065512/0x0/b555cb8b79aa47a39ad38f4cb0dbb7e2.jpg	in stock	USED	OTHER	Vehicles & Parts > Vehicles > Motor Vehicles > Cars, Trucks & Vans	1G1ZD5ST1RF222937	https://www.dahlhondasheboygan.com/viewdetails/used/1g1zd5st1rf222937/2024-chevrolet-malibu-4dr-car/123?store={store_code}	WHITE	55985 miles	Malibu	1G1ZD5ST1RF222937	2024	18399 USD	6029718484885115640	18399 USD	MI	no	Malibu	No	Under 20k
1G1ZD5ST2RF153613	2024 Chevrolet Malibu LT	Chevrolet	https://www.dahlhondasheboygan.com/viewdetails/used/1g1zd5st2rf153613/2024-chevrolet-malibu-4dr-car/	19899 USD	2024 Mosaic Black Metallic Chevrolet Malibu LT Turbocharged Gas I4 1.5L/ For sale at Dahl Honda Sheboygan in Sheboygan Wisconsin.	https://content.homenetiol.com/2000157/2065512/0x0/6d517e2b83a4402fab6873cd3db7496b.jpg	in stock	USED	OTHER	Vehicles & Parts > Vehicles > Motor Vehicles > Cars, Trucks & Vans	1G1ZD5ST2RF153613	https://www.dahlhondasheboygan.com/viewdetails/used/1g1zd5st2rf153613/2024-chevrolet-malibu-4dr-car/123?store={store_code}	BLACK	46828 miles	Malibu	1G1ZD5ST2RF153613	2024	19899 USD	6029718484885115640	19899 USD	MI	no	Malibu	No	Under 20k
1G1ZD5ST6RF182581	2024 Chevrolet Malibu LT	Chevrolet	https://www.dahlhondasheboygan.com/viewdetails/used/1g1zd5st6rf182581/2024-chevrolet-malibu-4dr-car/	18899 USD	2024 Sterling Gray Metallic Chevrolet Malibu LT Turbocharged Gas I4 1.5L/ For sale at Dahl Honda Sheboygan in Sheboygan Wisconsin.	https://content.homenetiol.com/2000157/2065512/0x0/d9658423c1b94ef194c3a56eab6fe73d.jpg	in stock	USED	OTHER	Vehicles & Parts > Vehicles > Motor Vehicles > Cars, Trucks & Vans	1G1ZD5ST6RF182581	https://www.dahlhondasheboygan.com/viewdetails/used/1g1zd5st6rf182581/2024-chevrolet-malibu-4dr-car/123?store={store_code}	SILVER	51691 miles	Malibu	1G1ZD5ST6RF182581	2024	18899 USD	6029718484885115640	18899 USD	MI	no	Malibu	No	Under 20k
1G4GB5GRXFF326514	2015 Buick LaCrosse Leather	Buick	https://www.dahlhondasheboygan.com/viewdetails/used/1g4gb5grxff326514/2015-buick-lacrosse-4dr-car/	8000 USD	2015 Summit White Buick LaCrosse Leather Gas/Electric I4 2.4L/145 For sale at Dahl Honda Sheboygan in Sheboygan Wisconsin.	https://content.homenetiol.com/2000157/2065512/0x0/24a30cf73dbb4417bc6f7ebeee017a51.jpg	in stock	USED	OTHER	Vehicles & Parts > Vehicles > Motor Vehicles > Cars, Trucks & Vans	1G4GB5GRXFF326514	https://www.dahlhondasheboygan.com/viewdetails/used/1g4gb5grxff326514/2015-buick-lacrosse-4dr-car/123?store={store_code}	WHITE	149499 miles	LaCrosse	1G4GB5GRXFF326514	2015	8000 USD	6029718484885115640	8000 USD	MI	no	LaCrosse	No	Under 20k
1GCUDEE80RZ378054	2024 Chevrolet Silverado 1500 RST	Chevrolet	https://www.dahlhondasheboygan.com/viewdetails/used/1gcudee80rz378054/2024-chevrolet-silverado-1500-crew-cab-pickup/	38399 USD	2024 Radiant Red Tintcoat Chevrolet Silverado 1500 RST Turbocharged Diesel I6 3.0L/182 For sale at Dahl Honda Sheboygan in Sheboygan Wisconsin.	https://content.homenetiol.com/2000157/2065512/0x0/53b7900a7b2c4ae384f020c6708feeb5.jpg	in stock	USED	TRUCK	Vehicles & Parts > Vehicles > Motor Vehicles > Cars, Trucks & Vans	1GCUDEE80RZ378054	https://www.dahlhondasheboygan.com/viewdetails/used/1gcudee80rz378054/2024-chevrolet-silverado-1500-crew-cab-pickup/123?store={store_code}	RED	87595 miles	Silverado 1500	1GCUDEE80RZ378054	2024	38399 USD	6029718484885115640	38399 USD	MI	no	Silverado 1500	No	Over 20k
1GCUKDED0SZ138148	2025 Chevrolet Silverado 1500 LT	Chevrolet	https://www.dahlhondasheboygan.com/viewdetails/used/1gcukded0sz138148/2025-chevrolet-silverado-1500-crew-cab-pickup/	37399 USD	2025 Summit White Chevrolet Silverado 1500 LT Gas V8 5.3L/325 For sale at Dahl Honda Sheboygan in Sheboygan Wisconsin.	https://content.homenetiol.com/2000157/2065512/0x0/6729f7e5868f44669de7eae2674c00be.jpg	in stock	USED	TRUCK	Vehicles & Parts > Vehicles > Motor Vehicles > Cars, Trucks & Vans	1GCUKDED0SZ138148	https://www.dahlhondasheboygan.com/viewdetails/used/1gcukded0sz138148/2025-chevrolet-silverado-1500-crew-cab-pickup/123?store={store_code}	WHITE	32497 miles	Silverado 1500	1GCUKDED0SZ138148	2025	37399 USD	6029718484885115640	37399 USD	MI	no	Silverado 1500	No	Over 20k
1GCUYEED9KZ182038	2019 Chevrolet Silverado 1500 RST	Chevrolet	https://www.dahlhondasheboygan.com/viewdetails/used/1gcuyeed9kz182038/2019-chevrolet-silverado-1500-crew-cab-pickup/	29899 USD	2019 Northsky Blue Metallic Chevrolet Silverado 1500 RST Gas V8 5.3L/325 For sale at Dahl Honda Sheboygan in Sheboygan Wisconsin.	https://content.homenetiol.com/2000157/2065512/0x0/bb6e99a444cf475abe323a0779ed084f.jpg	in stock	USED	TRUCK	Vehicles & Parts > Vehicles > Motor Vehicles > Cars, Trucks & Vans	1GCUYEED9KZ182038	https://www.dahlhondasheboygan.com/viewdetails/used/1gcuyeed9kz182038/2019-chevrolet-silverado-1500-crew-cab-pickup/123?store={store_code}	BLUE	78895 miles	Silverado 1500	1GCUYEED9KZ182038	2019	29899 USD	6029718484885115640	29899 USD	MI	no	Silverado 1500	No	Over 20k
1GNEVHKWXPJ293635	2023 Chevrolet Traverse LT Leather	Chevrolet	https://www.dahlhondasheboygan.com/viewdetails/used/1gnevhkwxpj293635/2023-chevrolet-traverse-sport-utility/	30649 USD	2023 Mosaic Black Metallic Chevrolet Traverse LT Leather Gas V6 3.6L/217 For sale at Dahl Honda Sheboygan in Sheboygan Wisconsin.	https://content.homenetiol.com/2000157/2065512/0x0/4c225ca6099e41a4abb902a0b7dd0cd2.jpg	in stock	USED	SUV	Vehicles & Parts > Vehicles > Motor Vehicles > Cars, Trucks & Vans	1GNEVHKWXPJ293635	https://www.dahlhondasheboygan.com/viewdetails/used/1gnevhkwxpj293635/2023-chevrolet-traverse-sport-utility/123?store={store_code}	BLACK	44100 miles	Traverse	1GNEVHKWXPJ293635	2023	30649 USD	6029718484885115640	30649 USD	MI	no	Traverse	No	Over 20k
1N4BL4DW4SN348689	2025 Nissan Altima SV	Nissan	https://www.dahlhondasheboygan.com/viewdetails/used/1n4bl4dw4sn348689/2025-nissan-altima-4dr-car/	21649 USD	2025 Super Black Nissan Altima SV Regular Gasoline I-4 2.5 L/152 For sale at Dahl Honda Sheboygan in Sheboygan Wisconsin.	https://content.homenetiol.com/2000157/2065512/0x0/f930098640e045c6b4540eb9db9ec31c.jpg	in stock	USED	OTHER	Vehicles & Parts > Vehicles > Motor Vehicles > Cars, Trucks & Vans	1N4BL4DW4SN348689	https://www.dahlhondasheboygan.com/viewdetails/used/1n4bl4dw4sn348689/2025-nissan-altima-4dr-car/123?store={store_code}	BLACK	47895 miles	Altima	1N4BL4DW4SN348689	2025	21649 USD	6029718484885115640	21649 USD	MI	no	Altima	No	Over 20k
1N4BL4DW7SN325648	2025 Nissan Altima SV	Nissan	https://www.dahlhondasheboygan.com/viewdetails/used/1n4bl4dw7sn325648/2025-nissan-altima-4dr-car/	21649 USD	2025 Glacier White Nissan Altima SV Regular Gasoline I-4 2.5 L/152 For sale at Dahl Honda Sheboygan in Sheboygan Wisconsin.	https://content.homenetiol.com/2000157/2065512/0x0/dfe7d08d90884818af7facc247e681d3.jpg	in stock	USED	OTHER	Vehicles & Parts > Vehicles > Motor Vehicles > Cars, Trucks & Vans	1N4BL4DW7SN325648	https://www.dahlhondasheboygan.com/viewdetails/used/1n4bl4dw7sn325648/2025-nissan-altima-4dr-car/123?store={store_code}	WHITE	49935 miles	Altima	1N4BL4DW7SN325648	2025	21649 USD	6029718484885115640	21649 USD	MI	no	Altima	No	Over 20k
1N4BL4EW9PN393276	2023 Nissan Altima 2.5 SL	Nissan	https://www.dahlhondasheboygan.com/viewdetails/used/1n4bl4ew9pn393276/2023-nissan-altima-4dr-car/	24899 USD	2023 Gun Metallic Nissan Altima 2.5 SL Regular Unleaded I-4 2.5 L/152 For sale at Dahl Honda Sheboygan in Sheboygan Wisconsin.	https://content.homenetiol.com/2000157/2065512/0x0/0101ec724969460db6738ea6a29c6ec4.jpg	in stock	USED	OTHER	Vehicles & Parts > Vehicles > Motor Vehicles > Cars, Trucks & Vans	1N4BL4EW9PN393276	https://www.dahlhondasheboygan.com/viewdetails/used/1n4bl4ew9pn393276/2023-nissan-altima-4dr-car/123?store={store_code}	GRAY	11158 miles	Altima	1N4BL4EW9PN393276	2023	24899 USD	6029718484885115640	24899 USD	MI	no	Altima	No	Over 20k
1N6AD0EV8KN714099	2019 Nissan Frontier SV	Nissan	https://www.dahlhondasheboygan.com/viewdetails/used/1n6ad0ev8kn714099/2019-nissan-frontier-crew-cab-pickup/	19629 USD	2019 Magnetic Black Pearl Nissan Frontier SV Regular Gasoline V-6 4.0 L/241 For sale at Dahl Honda Sheboygan in Sheboygan Wisconsin.	https://content.homenetiol.com/2000157/2065512/0x0/6aba23cd59ca48f682b1b4d68f983b80.jpg	in stock	USED	TRUCK	Vehicles & Parts > Vehicles > Motor Vehicles > Cars, Trucks & Vans	1N6AD0EV8KN714099	https://www.dahlhondasheboygan.com/viewdetails/used/1n6ad0ev8kn714099/2019-nissan-frontier-crew-cab-pickup/123?store={store_code}	BLACK	86496 miles	Frontier	1N6AD0EV8KN714099	2019	19629 USD	6029718484885115640	19629 USD	MI	no	Frontier	No	Under 20k
1N6ED1EK3SN630530	2025 Nissan Frontier S	Nissan	https://www.dahlhondasheboygan.com/viewdetails/used/1n6ed1ek3sn630530/2025-nissan-frontier-crew-cab-pickup/	34399 USD	2025 Red Alert Nissan Frontier S Regular Gasoline V-6 3.8 L/231 For sale at Dahl Honda Sheboygan in Sheboygan Wisconsin.	https://content.homenetiol.com/2000157/2065512/0x0/2b99986938084a68a91974da9027373e.jpg	in stock	USED	TRUCK	Vehicles & Parts > Vehicles > Motor Vehicles > Cars, Trucks & Vans	1N6ED1EK3SN630530	https://www.dahlhondasheboygan.com/viewdetails/used/1n6ed1ek3sn630530/2025-nissan-frontier-crew-cab-pickup/123?store={store_code}	RED	18099 miles	Frontier	1N6ED1EK3SN630530	2025	34399 USD	6029718484885115640	34399 USD	MI	no	Frontier	No	Over 20k
2C3CDZJG5LH223270	2020 Dodge Challenger GT	Dodge	https://www.dahlhondasheboygan.com/viewdetails/used/2c3cdzjg5lh223270/2020-dodge-challenger-2dr-car/	18199 USD	2020 Granite Pearlcoat Dodge Challenger GT Regular Unleaded V-6 3.6 L/220 For sale at Dahl Honda Sheboygan in Sheboygan Wisconsin.	https://content.homenetiol.com/2000157/2065512/0x0/1ea5df76ecf7422e9a083a86865d0a63.jpg	in stock	USED	OTHER	Vehicles & Parts > Vehicles > Motor Vehicles > Cars, Trucks & Vans	2C3CDZJG5LH223270	https://www.dahlhondasheboygan.com/viewdetails/used/2c3cdzjg5lh223270/2020-dodge-challenger-2dr-car/123?store={store_code}	GRAY	63552 miles	Challenger	2C3CDZJG5LH223270	2020	18199 USD	6029718484885115640	18199 USD	MI	no	Challenger	No	Under 20k
2C4RC1BG5RR165365	2024 Chrysler Pacifica Touring L	Chrysler	https://www.dahlhondasheboygan.com/viewdetails/used/2c4rc1bg5rr165365/2024-chrysler-pacifica-mini-van,-passenger/	23649 USD	2024 Bright White Clearcoat Chrysler Pacifica Touring L Regular Unleaded V-6 3.6 L/220 For sale at Dahl Honda Sheboygan in Sheboygan Wisconsin.	https://content.homenetiol.com/2000157/2065512/0x0/b892f85e218240f8bfe57ecf06ce1b8b.jpg	in stock	USED	VAN	Vehicles & Parts > Vehicles > Motor Vehicles > Cars, Trucks & Vans	2C4RC1BG5RR165365	https://www.dahlhondasheboygan.com/viewdetails/used/2c4rc1bg5rr165365/2024-chrysler-pacifica-mini-van,-passenger/123?store={store_code}	WHITE	66065 miles	Pacifica	2C4RC1BG5RR165365	2024	23649 USD	6029718484885115640	23649 USD	MI	no	Pacifica	No	Over 20k
2C4RDGBG1FR550854	2015 Dodge Grand Caravan SE	Dodge	https://www.dahlhondasheboygan.com/viewdetails/used/2c4rdgbg1fr550854/2015-dodge-grand-caravan-mini-van,-passenger/	9500 USD	2015 Deep Cherry Red Crystal Pearlcoat Dodge Grand Caravan SE Regular Unleaded V-6 3.6 L/220 For sale at Dahl Honda Sheboygan in Sheboygan Wisconsin.	https://content.homenetiol.com/2000157/2065512/0x0/611365e7e366442ab089fc7fcdb77472.jpg	in stock	USED	VAN	Vehicles & Parts > Vehicles > Motor Vehicles > Cars, Trucks & Vans	2C4RDGBG1FR550854	https://www.dahlhondasheboygan.com/viewdetails/used/2c4rdgbg1fr550854/2015-dodge-grand-caravan-mini-van,-passenger/123?store={store_code}	RED	88854 miles	Grand Caravan	2C4RDGBG1FR550854	2015	9500 USD	6029718484885115640	9500 USD	MI	no	Grand Caravan	No	Under 20k
2FMPK4J99LBA09422	2020 Ford Edge SEL	Ford	https://www.dahlhondasheboygan.com/viewdetails/used/2fmpk4j99lba09422/2020-ford-edge-sport-utility/	18399 USD	2020 Agate Black Ford Edge SEL Intercooled Turbo Premium Unleaded I-4 2.0 L/122 For sale at Dahl Honda Sheboygan in Sheboygan Wisconsin.	https://content.homenetiol.com/2000157/2065512/0x0/06dff88359864c779fc07e92d2a7e16e.jpg	in stock	USED	SUV	Vehicles & Parts > Vehicles > Motor Vehicles > Cars, Trucks & Vans	2FMPK4J99LBA09422	https://www.dahlhondasheboygan.com/viewdetails/used/2fmpk4j99lba09422/2020-ford-edge-sport-utility/123?store={store_code}	BLACK	62985 miles	Edge	2FMPK4J99LBA09422	2020	18399 USD	6029718484885115640	18399 USD	MI	no	Edge	No	Under 20k
2HGFC4B05GH313543	2016 Honda Civic Coupe LX-P	Honda	https://www.dahlhondasheboygan.com/viewdetails/used/2hgfc4b05gh313543/2016-honda-civic-coupe-2dr-car/	14137 USD	2016 Taffeta White Honda Civic LX-P Regular Unleaded I-4 2.0 L/122 For sale at Dahl Honda Sheboygan in Sheboygan Wisconsin.	https://content.homenetiol.com/2000157/2065512/0x0/c02c0758700b4b378abdf6e50d5e2103.jpg	in stock	USED	OTHER	Vehicles & Parts > Vehicles > Motor Vehicles > Cars, Trucks & Vans	2HGFC4B05GH313543	https://www.dahlhondasheboygan.com/viewdetails/used/2hgfc4b05gh313543/2016-honda-civic-coupe-2dr-car/123?store={store_code}	WHITE	57790 miles	Civic	2HGFC4B05GH313543	2016	14137 USD	6029718484885115640	14137 USD	MI	no	Civic	No	Under 20k
2HKRW6H35HH215203	2017 Honda CR-V LX	Honda	https://www.dahlhondasheboygan.com/viewdetails/used/2hkrw6h35hh215203/2017-honda-cr-v-sport-utility/	10000 USD	2017 Crystal Black Pearl Honda CR-V LX Regular Unleaded I-4 2.4 L/144 For sale at Dahl Honda Sheboygan in Sheboygan Wisconsin.	https://content.homenetiol.com/2000157/2065512/0x0/ee66e17db88c4c2da87d1c55ec0f4735.jpg	in stock	USED	SUV	Vehicles & Parts > Vehicles > Motor Vehicles > Cars, Trucks & Vans	2HKRW6H35HH215203	https://www.dahlhondasheboygan.com/viewdetails/used/2hkrw6h35hh215203/2017-honda-cr-v-sport-utility/123?store={store_code}	BLACK	192188 miles	CR-V	2HKRW6H35HH215203	2017	10000 USD	6029718484885115640	10000 USD	MI	no	CR-V	No	Under 20k
2T2BAMCA0SC110651	2025 Lexus RX RX 350 Premium	Lexus	https://www.dahlhondasheboygan.com/viewdetails/used/2t2bamca0sc110651/2025-lexus-rx-sport-utility/	52649 USD	2025 Eminent White Pearl Lexus RX RX 350 Premium Intercooled Turbo Premium Gasoline I-4 2.4 L/146 For sale at Dahl Honda Sheboygan in Sheboygan Wisconsin.	https://content.homenetiol.com/2000157/2065512/0x0/fbeab9f4bbdf4fbe96466a19978376ce.jpg	in stock	USED	SUV	Vehicles & Parts > Vehicles > Motor Vehicles > Cars, Trucks & Vans	2T2BAMCA0SC110651	https://www.dahlhondasheboygan.com/viewdetails/used/2t2bamca0sc110651/2025-lexus-rx-sport-utility/123?store={store_code}	WHITE	20860 miles	RX	2T2BAMCA0SC110651	2025	52649 USD	6029718484885115640	52649 USD	MI	no	RX	No	Over 20k
3C4NJDCN4RT134253	2024 Jeep Compass Limited	Jeep	https://www.dahlhondasheboygan.com/viewdetails/used/3c4njdcn4rt134253/2024-jeep-compass-sport-utility/	20399 USD	2024 Bright White Clearcoat Jeep Compass Limited Intercooled Turbo Regular Gasoline I-4 2.0 L/122 For sale at Dahl Honda Sheboygan in Sheboygan Wisconsin.	https://content.homenetiol.com/2000157/2065512/0x0/1080c9c0d966481b8c839088d550b799.jpg	in stock	USED	SUV	Vehicles & Parts > Vehicles > Motor Vehicles > Cars, Trucks & Vans	3C4NJDCN4RT134253	https://www.dahlhondasheboygan.com/viewdetails/used/3c4njdcn4rt134253/2024-jeep-compass-sport-utility/123?store={store_code}	WHITE	62178 miles	Compass	3C4NJDCN4RT134253	2024	20399 USD	6029718484885115640	20399 USD	MI	no	Compass	No	Over 20k
3C6UR5JL9KG579184	2019 RAM 2500 Big Horn	RAM	https://www.dahlhondasheboygan.com/viewdetails/used/3c6ur5jl9kg579184/2019-ram-2500-crew-cab-pickup/	37649 USD	2019 Bright White Clearcoat RAM 2500 Big Horn Intercooled Turbo Diesel I-6 6.7 L/408 For sale at Dahl Honda Sheboygan in Sheboygan Wisconsin.	https://content.homenetiol.com/2000157/2065512/0x0/e8e39388302740dc88104976ce855452.jpg	in stock	USED	TRUCK	Vehicles & Parts > Vehicles > Motor Vehicles > Cars, Trucks & Vans	3C6UR5JL9KG579184	https://www.dahlhondasheboygan.com/viewdetails/used/3c6ur5jl9kg579184/2019-ram-2500-crew-cab-pickup/123?store={store_code}	WHITE	40360 miles	2500	3C6UR5JL9KG579184	2019	37649 USD	6029718484885115640	37649 USD	MI	no	2500	No	Over 20k
3GKALYEV9NL222405	2022 GMC Terrain AT4	GMC	https://www.dahlhondasheboygan.com/viewdetails/used/3gkalyev9nl222405/2022-gmc-terrain-sport-utility/	21399 USD	2022 Ebony Twilight Metallic GMC Terrain AT4 Turbocharged Gas 1.5L/92 For sale at Dahl Honda Sheboygan in Sheboygan Wisconsin.	https://content.homenetiol.com/2000157/2065512/0x0/d59d9ade6af64c5d91ce7394f2bf6100.jpg	in stock	USED	SUV	Vehicles & Parts > Vehicles > Motor Vehicles > Cars, Trucks & Vans	3GKALYEV9NL222405	https://www.dahlhondasheboygan.com/viewdetails/used/3gkalyev9nl222405/2022-gmc-terrain-sport-utility/123?store={store_code}	BLACK	84292 miles	Terrain	3GKALYEV9NL222405	2022	21399 USD	6029718484885115640	21399 USD	MI	no	Terrain	No	Over 20k
3GNAXKEG1RS121876	2024 Chevrolet Equinox LT	Chevrolet	https://www.dahlhondasheboygan.com/viewdetails/used/3gnaxkeg1rs121876/2024-chevrolet-equinox-sport-utility/	23451 USD	2024 Summit White Chevrolet Equinox LT Turbocharged Gas I4 1.5L/ For sale at Dahl Honda Sheboygan in Sheboygan Wisconsin.	https://content.homenetiol.com/2000157/2065512/0x0/57df965ab5444455921f6ada53c17ec4.jpg	in stock	USED	SUV	Vehicles & Parts > Vehicles > Motor Vehicles > Cars, Trucks & Vans	3GNAXKEG1RS121876	https://www.dahlhondasheboygan.com/viewdetails/used/3gnaxkeg1rs121876/2024-chevrolet-equinox-sport-utility/123?store={store_code}	WHITE	25025 miles	Equinox	3GNAXKEG1RS121876	2024	23451 USD	6029718484885115640	23451 USD	MI	no	Equinox	No	Over 20k
3LN6L5C98JR619919	2018 Lincoln MKZ Select	Lincoln	https://www.dahlhondasheboygan.com/viewdetails/used/3ln6l5c98jr619919/2018-lincoln-mkz-4dr-car/	12649 USD	2018 Ruby Red Tinted Clearcoat Lincoln MKZ Select Intercooled Turbo Premium Unleaded I-4 2.0 L/122 For sale at Dahl Honda Sheboygan in Sheboygan Wisconsin.	https://content.homenetiol.com/2000157/2065512/0x0/d2449f1c788b490abd2d2502bd9399aa.jpg	in stock	USED	OTHER	Vehicles & Parts > Vehicles > Motor Vehicles > Cars, Trucks & Vans	3LN6L5C98JR619919	https://www.dahlhondasheboygan.com/viewdetails/used/3ln6l5c98jr619919/2018-lincoln-mkz-4dr-car/123?store={store_code}	RED	115836 miles	MKZ	3LN6L5C98JR619919	2018	12649 USD	6029718484885115640	12649 USD	MI	no	MKZ	No	Under 20k
3VV4B7AX3NM136631	2022 Volkswagen Tiguan SEL R-Line	Volkswagen	https://www.dahlhondasheboygan.com/viewdetails/used/3vv4b7ax3nm136631/2022-volkswagen-tiguan-sport-utility/	23466 USD	2022 Oryx White Pearl Volkswagen Tiguan SEL R-Line Intercooled Turbo Regular Unleaded I-4 2.0 L/121 For sale at Dahl Honda Sheboygan in Sheboygan Wisconsin.	https://content.homenetiol.com/2000157/2065512/0x0/7504b24956d24b8794b70715e8ce94cd.jpg	in stock	USED	SUV	Vehicles & Parts > Vehicles > Motor Vehicles > Cars, Trucks & Vans	3VV4B7AX3NM136631	https://www.dahlhondasheboygan.com/viewdetails/used/3vv4b7ax3nm136631/2022-volkswagen-tiguan-sport-utility/123?store={store_code}	WHITE	26085 miles	Tiguan	3VV4B7AX3NM136631	2022	23466 USD	6029718484885115640	23466 USD	MI	no	Tiguan	No	Over 20k
3VW5M7BU7RM090273	2024 Volkswagen Jetta S	Volkswagen	https://www.dahlhondasheboygan.com/viewdetails/used/3vw5m7bu7rm090273/2024-volkswagen-jetta-4dr-car/	18649 USD	2024 Platinum Gray Metallic Volkswagen Jetta S Intercooled Turbo Regular Unleaded I-4 1.5 L/91 For sale at Dahl Honda Sheboygan in Sheboygan Wisconsin.	https://content.homenetiol.com/2000157/2065512/0x0/583f8822b3144c148da19287c8fdb5df.jpg	in stock	USED	OTHER	Vehicles & Parts > Vehicles > Motor Vehicles > Cars, Trucks & Vans	3VW5M7BU7RM090273	https://www.dahlhondasheboygan.com/viewdetails/used/3vw5m7bu7rm090273/2024-volkswagen-jetta-4dr-car/123?store={store_code}	WHITE	34857 miles	Jetta	3VW5M7BU7RM090273	2024	18649 USD	6029718484885115640	18649 USD	MI	no	Jetta	No	Under 20k
3VWBX7BU4SM052516	2025 Volkswagen Jetta Sport	Volkswagen	https://www.dahlhondasheboygan.com/viewdetails/used/3vwbx7bu4sm052516/2025-volkswagen-jetta-4dr-car/	20899 USD	2025 Pure White Volkswagen Jetta Sport Intercooled Turbo Regular Gasoline I-4 1.5 L/91 For sale at Dahl Honda Sheboygan in Sheboygan Wisconsin.	https://content.homenetiol.com/2000157/2065512/0x0/5a9fc5ae039b4088bb0a9e584aa4fe07.jpg	in stock	USED	OTHER	Vehicles & Parts > Vehicles > Motor Vehicles > Cars, Trucks & Vans	3VWBX7BU4SM052516	https://www.dahlhondasheboygan.com/viewdetails/used/3vwbx7bu4sm052516/2025-volkswagen-jetta-4dr-car/123?store={store_code}	WHITE	27140 miles	Jetta	3VWBX7BU4SM052516	2025	20899 USD	6029718484885115640	20899 USD	MI	no	Jetta	No	Over 20k
4JGFB4KB7LA222796	2020 Mercedes-Benz GLE GLE 350	Mercedes-Benz	https://www.dahlhondasheboygan.com/viewdetails/used/4jgfb4kb7la222796/2020-mercedes-benz-gle-sport-utility/	27149 USD	2020 Black Mercedes-Benz GLE GLE 350 Intercooled Turbo Premium Gasoline I-4 2.0 L/121 For sale at Dahl Honda Sheboygan in Sheboygan Wisconsin.	https://content.homenetiol.com/2000157/2065512/0x0/7c79568f71014f7196717ac3c065a6e9.jpg	in stock	USED	SUV	Vehicles & Parts > Vehicles > Motor Vehicles > Cars, Trucks & Vans	4JGFB4KB7LA222796	https://www.dahlhondasheboygan.com/viewdetails/used/4jgfb4kb7la222796/2020-mercedes-benz-gle-sport-utility/123?store={store_code}	BLACK	66380 miles	GLE	4JGFB4KB7LA222796	2020	27149 USD	6029718484885115640	27149 USD	MI	no	GLE	No	Over 20k
5FNRL6H76JB068681	2018 Honda Odyssey EX-L	Honda	https://www.dahlhondasheboygan.com/viewdetails/used/5fnrl6h76jb068681/2018-honda-odyssey-mini-van,-passenger/	15000 USD	2018 Crystal Black Pearl Honda Odyssey EX-L Regular Gasoline V-6 3.5 L/212 For sale at Dahl Honda Sheboygan in Sheboygan Wisconsin.	https://content.homenetiol.com/2000157/2065512/0x0/86ebbe9e38c5444698de15b3e2d01ec2.jpg	in stock	USED	VAN	Vehicles & Parts > Vehicles > Motor Vehicles > Cars, Trucks & Vans	5FNRL6H76JB068681	https://www.dahlhondasheboygan.com/viewdetails/used/5fnrl6h76jb068681/2018-honda-odyssey-mini-van,-passenger/123?store={store_code}	BLACK	166708 miles	Odyssey	5FNRL6H76JB068681	2018	15000 USD	6029718484885115640	15000 USD	MI	no	Odyssey	No	Under 20k
5GAEVAKWXPJ201893	2023 Buick Enclave Essence	Buick	https://www.dahlhondasheboygan.com/viewdetails/used/5gaevakwxpj201893/2023-buick-enclave-sport-utility/	31399 USD	2023 Sage Metallic Buick Enclave Essence Gas V6 3.6L/217 For sale at Dahl Honda Sheboygan in Sheboygan Wisconsin.	https://content.homenetiol.com/2000157/2065512/0x0/00689a606f3f42fd856d4259009388a1.jpg	in stock	USED	SUV	Vehicles & Parts > Vehicles > Motor Vehicles > Cars, Trucks & Vans	5GAEVAKWXPJ201893	https://www.dahlhondasheboygan.com/viewdetails/used/5gaevakwxpj201893/2023-buick-enclave-sport-utility/123?store={store_code}	GREEN	40180 miles	Enclave	5GAEVAKWXPJ201893	2023	31399 USD	6029718484885115640	31399 USD	MI	no	Enclave	No	Over 20k
5J6RW6H3XJL002582	2018 Honda CR-V LX	Honda	https://www.dahlhondasheboygan.com/viewdetails/used/5j6rw6h3xjl002582/2018-honda-cr-v-sport-utility/	21899 USD	2018 Modern Steel Metallic Honda CR-V LX Regular Unleaded I-4 2.4 L/144 For sale at Dahl Honda Sheboygan in Sheboygan Wisconsin.	https://content.homenetiol.com/2000157/2065512/0x0/3ad38eccad3140dda8ebdae0ded3a6fe.jpg	in stock	USED	SUV	Vehicles & Parts > Vehicles > Motor Vehicles > Cars, Trucks & Vans	5J6RW6H3XJL002582	https://www.dahlhondasheboygan.com/viewdetails/used/5j6rw6h3xjl002582/2018-honda-cr-v-sport-utility/123?store={store_code}	GRAY	45340 miles	CR-V	5J6RW6H3XJL002582	2018	21899 USD	6029718484885115640	21899 USD	MI	no	CR-V	No	Over 20k
5N1AT3CB9MC773303	2021 Nissan Rogue SL	Nissan	https://www.dahlhondasheboygan.com/viewdetails/used/5n1at3cb9mc773303/2021-nissan-rogue-sport-utility/	23149 USD	2021 Scarlet Ember Tintcoat Nissan Rogue SL Regular Unleaded I-4 2.5 L/152 For sale at Dahl Honda Sheboygan in Sheboygan Wisconsin.	https://content.homenetiol.com/2000157/2065512/0x0/b22cde92d77544ba9afad0ace64d6aec.jpg	in stock	USED	SUV	Vehicles & Parts > Vehicles > Motor Vehicles > Cars, Trucks & Vans	5N1AT3CB9MC773303	https://www.dahlhondasheboygan.com/viewdetails/used/5n1at3cb9mc773303/2021-nissan-rogue-sport-utility/123?store={store_code}	RED	31755 miles	Rogue	5N1AT3CB9MC773303	2021	23149 USD	6029718484885115640	23149 USD	MI	no	Rogue	No	Over 20k
5N1AZ3CS3SC115861	2025 Nissan Murano SL	Nissan	https://www.dahlhondasheboygan.com/viewdetails/used/5n1az3cs3sc115861/2025-nissan-murano-sport-utility/	34649 USD	2025 Boulder Gray Pearl/Super Black Nissan Murano SL Intercooled Turbo Regular Gasoline I-4 2.0 L/122 For sale at Dahl Honda Sheboygan in Sheboygan Wisconsin.	https://content.homenetiol.com/2000157/2065512/0x0/c7503f0941694fa3945e5ff90c47e409.jpg	in stock	USED	SUV	Vehicles & Parts > Vehicles > Motor Vehicles > Cars, Trucks & Vans	5N1AZ3CS3SC115861	https://www.dahlhondasheboygan.com/viewdetails/used/5n1az3cs3sc115861/2025-nissan-murano-sport-utility/123?store={store_code}	BLACK	2016 miles	Murano	5N1AZ3CS3SC115861	2025	34649 USD	6029718484885115640	34649 USD	MI	no	Murano	No	Over 20k
5N1DR3DG5RC307106	2024 Nissan Pathfinder Platinum	Nissan	https://www.dahlhondasheboygan.com/viewdetails/used/5n1dr3dg5rc307106/2024-nissan-pathfinder-sport-utility/	36266 USD	2024 Pearl White Tricoat Nissan Pathfinder Platinum Regular Gasoline V-6 3.5 L/213 For sale at Dahl Honda Sheboygan in Sheboygan Wisconsin.	https://content.homenetiol.com/2000157/2065512/0x0/ff1d39b3ffa340ba8903e07dd4ce2591.jpg	in stock	USED	SUV	Vehicles & Parts > Vehicles > Motor Vehicles > Cars, Trucks & Vans	5N1DR3DG5RC307106	https://www.dahlhondasheboygan.com/viewdetails/used/5n1dr3dg5rc307106/2024-nissan-pathfinder-sport-utility/123?store={store_code}	WHITE	27685 miles	Pathfinder	5N1DR3DG5RC307106	2024	36266 USD	6029718484885115640	36266 USD	MI	no	Pathfinder	No	Over 20k
5NMS4DALXNH423088	2022 Hyundai Santa Fe Limited	Hyundai	https://www.dahlhondasheboygan.com/viewdetails/used/5nms4dalxnh423088/2022-hyundai-santa-fe-sport-utility/	20899 USD	2022 Twilight Black Hyundai Santa Fe Limited Intercooled Turbo Regular Gasoline I-4 2.5 L/152 For sale at Dahl Honda Sheboygan in Sheboygan Wisconsin.	https://content.homenetiol.com/2000157/2065512/0x0/8494f7ea013240cda66fd31014efcbf7.jpg	in stock	USED	SUV	Vehicles & Parts > Vehicles > Motor Vehicles > Cars, Trucks & Vans	5NMS4DALXNH423088	https://www.dahlhondasheboygan.com/viewdetails/used/5nms4dalxnh423088/2022-hyundai-santa-fe-sport-utility/123?store={store_code}	BLACK	60045 miles	Santa Fe	5NMS4DALXNH423088	2022	20899 USD	6029718484885115640	20899 USD	MI	no	Santa Fe	No	Over 20k
7FARW2H56ME005247	2021 Honda CR-V EX	Honda	https://www.dahlhondasheboygan.com/viewdetails/used/7farw2h56me005247/2021-honda-cr-v-sport-utility/	23399 USD	2021 Aegean Blue Metallic Honda CR-V EX Intercooled Turbo Regular Unleaded I-4 1.5 L/91 For sale at Dahl Honda Sheboygan in Sheboygan Wisconsin.	https://content.homenetiol.com/2000157/2065512/0x0/e9fc9c43dfe1414e9ffeeb97a8766f30.jpg	in stock	USED	SUV	Vehicles & Parts > Vehicles > Motor Vehicles > Cars, Trucks & Vans	7FARW2H56ME005247	https://www.dahlhondasheboygan.com/viewdetails/used/7farw2h56me005247/2021-honda-cr-v-sport-utility/123?store={store_code}	BLUE	71126 miles	CR-V	7FARW2H56ME005247	2021	23399 USD	6029718484885115640	23399 USD	MI	no	CR-V	No	Over 20k
7JRL12TK1RG324521	2024 Volvo S60 Core Dark Theme	Volvo	https://www.dahlhondasheboygan.com/viewdetails/used/7jrl12tk1rg324521/2024-volvo-s60-4dr-car/	29649 USD	2024 Denim Blue Metallic Volvo S60 Core Dark Theme Intercooled Turbo Gas/Electric I-4 2.0 L/120 For sale at Dahl Honda Sheboygan in Sheboygan Wisconsin.	https://content.homenetiol.com/2000157/2065512/0x0/e7839f5ec7a0405bbff04a050780051e.jpg	in stock	USED	OTHER	Vehicles & Parts > Vehicles > Motor Vehicles > Cars, Trucks & Vans	7JRL12TK1RG324521	https://www.dahlhondasheboygan.com/viewdetails/used/7jrl12tk1rg324521/2024-volvo-s60-4dr-car/123?store={store_code}	BLUE	42545 miles	S60	7JRL12TK1RG324521	2024	29649 USD	6029718484885115640	29649 USD	MI	no	S60	No	Over 20k
7MMVABDM6RN194013	2024 Mazda CX-50 2.5 S Premium Package	Mazda	https://www.dahlhondasheboygan.com/viewdetails/used/7mmvabdm6rn194013/2024-mazda-cx-50-sport-utility/	27899 USD	2024 Jet Black Mica Mazda CX-50 2.5 S Premium Package Regular Gasoline I-4 2.5 L/152 For sale at Dahl Honda Sheboygan in Sheboygan Wisconsin.	https://content.homenetiol.com/2000157/2065512/0x0/2524a8a04b094a7d8a5f218a23d2a2c3.jpg	in stock	USED	SUV	Vehicles & Parts > Vehicles > Motor Vehicles > Cars, Trucks & Vans	7MMVABDM6RN194013	https://www.dahlhondasheboygan.com/viewdetails/used/7mmvabdm6rn194013/2024-mazda-cx-50-sport-utility/123?store={store_code}	BLACK	30233 miles	CX-50	7MMVABDM6RN194013	2024	27899 USD	6029718484885115640	27899 USD	MI	no	CX-50	No	Over 20k
JM3KFBBL3S0698107	2025 Mazda CX-5 2.5 S Select Package	Mazda	https://www.dahlhondasheboygan.com/viewdetails/used/jm3kfbbl3s0698107/2025-mazda-cx-5-sport-utility/	25458 USD	2025 Machine Gray Metallic Mazda CX-5 2.5 S Select Package Regular Gasoline I-4 2.5 L/152 For sale at Dahl Honda Sheboygan in Sheboygan Wisconsin.	https://content.homenetiol.com/2000157/2065512/0x0/51ad970c416e4d23b24cc42d16d5faa1.jpg	in stock	USED	SUV	Vehicles & Parts > Vehicles > Motor Vehicles > Cars, Trucks & Vans	JM3KFBBL3S0698107	https://www.dahlhondasheboygan.com/viewdetails/used/jm3kfbbl3s0698107/2025-mazda-cx-5-sport-utility/123?store={store_code}	GRAY	34843 miles	CX-5	JM3KFBBL3S0698107	2025	25458 USD	6029718484885115640	25458 USD	MI	no	CX-5	No	Over 20k
JM3KFBBLXS0677853	2025 Mazda CX-5 2.5 S Select Package	Mazda	https://www.dahlhondasheboygan.com/viewdetails/used/jm3kfbblxs0677853/2025-mazda-cx-5-sport-utility/	25417 USD	2025 Jet Black Mica Mazda CX-5 2.5 S Select Package Regular Gasoline I-4 2.5 L/152 For sale at Dahl Honda Sheboygan in Sheboygan Wisconsin.	https://content.homenetiol.com/2000157/2065512/0x0/b0f208f8ee9643b6924e719dcb3b3e3e.jpg	in stock	USED	SUV	Vehicles & Parts > Vehicles > Motor Vehicles > Cars, Trucks & Vans	JM3KFBBLXS0677853	https://www.dahlhondasheboygan.com/viewdetails/used/jm3kfbblxs0677853/2025-mazda-cx-5-sport-utility/123?store={store_code}	BLACK	35597 miles	CX-5	JM3KFBBLXS0677853	2025	25417 USD	6029718484885115640	25417 USD	MI	no	CX-5	No	Over 20k
JM3KFBCM2S0673870	2025 Mazda CX-5 2.5 S Carbon Edition	Mazda	https://www.dahlhondasheboygan.com/viewdetails/used/jm3kfbcm2s0673870/2025-mazda-cx-5-sport-utility/	27683 USD	2025 Polymetal Gray Metallic Mazda CX-5 2.5 S Carbon Edition Regular Gasoline I-4 2.5 L/152 For sale at Dahl Honda Sheboygan in Sheboygan Wisconsin.	https://content.homenetiol.com/2000157/2065512/0x0/f870630b2b704dc2af4d6d332b6be0a6.jpg	in stock	USED	SUV	Vehicles & Parts > Vehicles > Motor Vehicles > Cars, Trucks & Vans	JM3KFBCM2S0673870	https://www.dahlhondasheboygan.com/viewdetails/used/jm3kfbcm2s0673870/2025-mazda-cx-5-sport-utility/123?store={store_code}	GRAY	30635 miles	CX-5	JM3KFBCM2S0673870	2025	27683 USD	6029718484885115640	27683 USD	MI	no	CX-5	No	Over 20k
JM3KFBCM4S0803034	2025 Mazda CX-5 2.5 S Preferred Package	Mazda	https://www.dahlhondasheboygan.com/viewdetails/used/jm3kfbcm4s0803034/2025-mazda-cx-5-sport-utility/	28149 USD	2025 Soul Red Crystal Metallic Mazda CX-5 2.5 S Preferred Package Regular Gasoline I-4 2.5 L/152 For sale at Dahl Honda Sheboygan in Sheboygan Wisconsin.	https://content.homenetiol.com/2000157/2065512/0x0/682a5440d21b4ae09532f092a7b71cfe.jpg	in stock	USED	SUV	Vehicles & Parts > Vehicles > Motor Vehicles > Cars, Trucks & Vans	JM3KFBCM4S0803034	https://www.dahlhondasheboygan.com/viewdetails/used/jm3kfbcm4s0803034/2025-mazda-cx-5-sport-utility/123?store={store_code}	RED	19047 miles	CX-5	JM3KFBCM4S0803034	2025	28149 USD	6029718484885115640	28149 USD	MI	no	CX-5	No	Over 20k
JM3KFBCM5S0687052	2025 Mazda CX-5 2.5 S Carbon Edition	Mazda	https://www.dahlhondasheboygan.com/viewdetails/used/jm3kfbcm5s0687052/2025-mazda-cx-5-sport-utility/	27432 USD	2025 Polymetal Gray Metallic Mazda CX-5 2.5 S Carbon Edition Regular Gasoline I-4 2.5 L/152 For sale at Dahl Honda Sheboygan in Sheboygan Wisconsin.	https://content.homenetiol.com/2000157/2065512/0x0/d199dda2d6bf46abaecc2f1dcfe13293.jpg	in stock	USED	SUV	Vehicles & Parts > Vehicles > Motor Vehicles > Cars, Trucks & Vans	JM3KFBCM5S0687052	https://www.dahlhondasheboygan.com/viewdetails/used/jm3kfbcm5s0687052/2025-mazda-cx-5-sport-utility/123?store={store_code}	GRAY	34934 miles	CX-5	JM3KFBCM5S0687052	2025	27432 USD	6029718484885115640	27432 USD	MI	no	CX-5	No	Over 20k
JM3KFBCM8S0687532	2025 Mazda CX-5 2.5 S Carbon Edition	Mazda	https://www.dahlhondasheboygan.com/viewdetails/used/jm3kfbcm8s0687532/2025-mazda-cx-5-sport-utility/	27432 USD	2025 Polymetal Gray Metallic Mazda CX-5 2.5 S Carbon Edition Regular Gasoline I-4 2.5 L/152 For sale at Dahl Honda Sheboygan in Sheboygan Wisconsin.	https://content.homenetiol.com/2000157/2065512/0x0/dc1948a8d02e4decaf068120d691e3ee.jpg	in stock	USED	SUV	Vehicles & Parts > Vehicles > Motor Vehicles > Cars, Trucks & Vans	JM3KFBCM8S0687532	https://www.dahlhondasheboygan.com/viewdetails/used/jm3kfbcm8s0687532/2025-mazda-cx-5-sport-utility/123?store={store_code}	GRAY	35450 miles	CX-5	JM3KFBCM8S0687532	2025	27432 USD	6029718484885115640	27432 USD	MI	no	CX-5	No	Over 20k
JM3KKDHD9R1132528	2024 Mazda CX-90 3.3 Turbo Premium	Mazda	https://www.dahlhondasheboygan.com/viewdetails/used/jm3kkdhd9r1132528/2024-mazda-cx-90-sport-utility/	30399 USD	2024 Rhodium White Premium Mazda CX-90 3.3 Turbo Premium Intercooled Turbo Gas/Electric I-6 3.3 L/200 For sale at Dahl Honda Sheboygan in Sheboygan Wisconsin.	https://content.homenetiol.com/2000157/2065512/0x0/f91a870915704d38888f0c1c3fef00be.jpg	in stock	USED	SUV	Vehicles & Parts > Vehicles > Motor Vehicles > Cars, Trucks & Vans	JM3KKDHD9R1132528	https://www.dahlhondasheboygan.com/viewdetails/used/jm3kkdhd9r1132528/2024-mazda-cx-90-sport-utility/123?store={store_code}	WHITE	48420 miles	CX-90	JM3KKDHD9R1132528	2024	30399 USD	6029718484885115640	30399 USD	MI	no	CX-90	No	Over 20k
JN8BT3DD8RW254407	2024 Nissan Rogue Platinum	Nissan	https://www.dahlhondasheboygan.com/viewdetails/used/jn8bt3dd8rw254407/2024-nissan-rogue-sport-utility/	30213 USD	2024 Boulder Gray Pearl Nissan Rogue Platinum Intercooled Turbo Regular Unleaded I-3 1.5 L/91 For sale at Dahl Honda Sheboygan in Sheboygan Wisconsin.	https://content.homenetiol.com/2000157/2065512/0x0/fbfcee70f9b6408fb315a3c36842d9ca.jpg	in stock	USED	SUV	Vehicles & Parts > Vehicles > Motor Vehicles > Cars, Trucks & Vans	JN8BT3DD8RW254407	https://www.dahlhondasheboygan.com/viewdetails/used/jn8bt3dd8rw254407/2024-nissan-rogue-sport-utility/123?store={store_code}	GRAY	18720 miles	Rogue	JN8BT3DD8RW254407	2024	30213 USD	6029718484885115640	30213 USD	MI	no	Rogue	No	Over 20k
KL4AMBSL9TB142992	2026 Buick Encore GX Preferred	Buick	https://www.dahlhondasheboygan.com/viewdetails/used/kl4ambsl9tb142992/2026-buick-encore-gx-sport-utility/	22899 USD	2026 Ebony Twilight Metallic Buick Encore GX Preferred Turbocharged 1.3/ For sale at Dahl Honda Sheboygan in Sheboygan Wisconsin.	https://content.homenetiol.com/2000157/2065512/0x0/e9b5cdb23b5f4f2a83b4c835e636fba1.jpg	in stock	USED	SUV	Vehicles & Parts > Vehicles > Motor Vehicles > Cars, Trucks & Vans	KL4AMBSL9TB142992	https://www.dahlhondasheboygan.com/viewdetails/used/kl4ambsl9tb142992/2026-buick-encore-gx-sport-utility/123?store={store_code}	BLACK	4209 miles	Encore GX	KL4AMBSL9TB142992	2026	22899 USD	6029718484885115640	22899 USD	MI	no	Encore GX	No	Over 20k
KM8R7DGE5RU748126	2024 Hyundai Palisade Calligraphy Night Edition	Hyundai	https://www.dahlhondasheboygan.com/viewdetails/used/km8r7dge5ru748126/2024-hyundai-palisade-sport-utility/	37399 USD	2024 Hyper White Hyundai Palisade Calligraphy Night Edition Regular Unleaded V-6 3.8 L/231 For sale at Dahl Honda Sheboygan in Sheboygan Wisconsin.	https://content.homenetiol.com/2000157/2065512/0x0/0a830d6a557b4439b5276f13f9920666.jpg	in stock	USED	SUV	Vehicles & Parts > Vehicles > Motor Vehicles > Cars, Trucks & Vans	KM8R7DGE5RU748126	https://www.dahlhondasheboygan.com/viewdetails/used/km8r7dge5ru748126/2024-hyundai-palisade-sport-utility/123?store={store_code}	WHITE	44225 miles	Palisade	KM8R7DGE5RU748126	2024	37399 USD	6029718484885115640	37399 USD	MI	no	Palisade	No	Over 20k
KNDP6CAC2L7728518	2020 Kia Sportage S	Kia	https://www.dahlhondasheboygan.com/viewdetails/used/kndp6cac2l7728518/2020-kia-sportage-sport-utility/	15668 USD	2020 Black Cherry Pearl Kia Sportage S Regular Unleaded I-4 2.4 L/144 For sale at Dahl Honda Sheboygan in Sheboygan Wisconsin.	https://content.homenetiol.com/2000157/2065512/0x0/419ff1ee9e9c4eb28638da294cd2269a.jpg	in stock	USED	SUV	Vehicles & Parts > Vehicles > Motor Vehicles > Cars, Trucks & Vans	KNDP6CAC2L7728518	https://www.dahlhondasheboygan.com/viewdetails/used/kndp6cac2l7728518/2020-kia-sportage-sport-utility/123?store={store_code}	BLACK	110150 miles	Sportage	KNDP6CAC2L7728518	2020	15668 USD	6029718484885115640	15668 USD	MI	no	Sportage	No	Under 20k
KNDPRCA6XM7897849	2021 Kia Sportage SX Turbo	Kia	https://www.dahlhondasheboygan.com/viewdetails/used/kndprca6xm7897849/2021-kia-sportage-sport-utility/	18689 USD	2021 Steel Gray Kia Sportage SX Turbo Intercooled Turbo Regular Unleaded I-4 2.0 L/122 For sale at Dahl Honda Sheboygan in Sheboygan Wisconsin.	https://content.homenetiol.com/2000157/2065512/0x0/d6da4b58b064431f954b127ba285eab2.jpg	in stock	USED	SUV	Vehicles & Parts > Vehicles > Motor Vehicles > Cars, Trucks & Vans	KNDPRCA6XM7897849	https://www.dahlhondasheboygan.com/viewdetails/used/kndprca6xm7897849/2021-kia-sportage-sport-utility/123?store={store_code}	GRAY	90640 miles	Sportage	KNDPRCA6XM7897849	2021	18689 USD	6029718484885115640	18689 USD	MI	no	Sportage	No	Under 20k
MAJ6S3GL5KC300968	2019 Ford EcoSport SE	Ford	https://www.dahlhondasheboygan.com/viewdetails/used/maj6s3gl5kc300968/2019-ford-ecosport-sport-utility/	12149 USD	2019 Smoke Ford EcoSport SE Regular Unleaded I-4 2.0 L/122 For sale at Dahl Honda Sheboygan in Sheboygan Wisconsin.	https://content.homenetiol.com/2000157/2065512/0x0/d93e1909c2904122adaa638407b423b8.jpg	in stock	USED	SUV	Vehicles & Parts > Vehicles > Motor Vehicles > Cars, Trucks & Vans	MAJ6S3GL5KC300968	https://www.dahlhondasheboygan.com/viewdetails/used/maj6s3gl5kc300968/2019-ford-ecosport-sport-utility/123?store={store_code}	GRAY	98173 miles	EcoSport	MAJ6S3GL5KC300968	2019	12149 USD	6029718484885115640	12149 USD	MI	no	EcoSport	No	Under 20k
NM0GE9G73G1272017	2016 Ford Transit Connect Wagon Titanium	Ford	https://www.dahlhondasheboygan.com/viewdetails/used/nm0ge9g73g1272017/2016-ford-transit-connect-wagon-full-size-passenger-van/	7500 USD	2016 Deep Impact Blue Ford Transit Connect Titanium Regular Unleaded I-4 2.5 L/152 For sale at Dahl Honda Sheboygan in Sheboygan Wisconsin.	https://content.homenetiol.com/2000157/2065512/0x0/6aa313d73fb9475d8a74ca81dc54c8b1.jpg	in stock	USED	VAN	Vehicles & Parts > Vehicles > Motor Vehicles > Cars, Trucks & Vans	NM0GE9G73G1272017	https://www.dahlhondasheboygan.com/viewdetails/used/nm0ge9g73g1272017/2016-ford-transit-connect-wagon-full-size-passenger-van/123?store={store_code}	BLUE	190305 miles	Transit Connect	NM0GE9G73G1272017	2016	7500 USD	6029718484885115640	7500 USD	MI	no	Transit Connect	No	Under 20k
WAUE3BF29RN044030	2024 Audi A6 Sedan Premium Plus	Audi	https://www.dahlhondasheboygan.com/viewdetails/used/waue3bf29rn044030/2024-audi-a6-sedan-4dr-car/	27399 USD	2024 Black Audi A6 Premium Plus Intercooled Turbo Gas/Electric I-4 2.0 L/121 For sale at Dahl Honda Sheboygan in Sheboygan Wisconsin.	https://content.homenetiol.com/2000157/2065512/0x0/e6889614ea40474b8cbf765061328e04.jpg	in stock	USED	OTHER	Vehicles & Parts > Vehicles > Motor Vehicles > Cars, Trucks & Vans	WAUE3BF29RN044030	https://www.dahlhondasheboygan.com/viewdetails/used/waue3bf29rn044030/2024-audi-a6-sedan-4dr-car/123?store={store_code}	BLACK	60860 miles	A6	WAUE3BF29RN044030	2024	27399 USD	6029718484885115640	27399 USD	MI	no	A6	No	Over 20k
WVGSV7AX6HK004628	2017 Volkswagen Tiguan Wolfsburg Edition	Volkswagen	https://www.dahlhondasheboygan.com/viewdetails/used/wvgsv7ax6hk004628/2017-volkswagen-tiguan-sport-utility/	9000 USD	2017 Reflex Silver Metallic Volkswagen Tiguan Wolfsburg Edition Intercooled Turbo Premium Unleaded I-4 2.0 L/121 For sale at Dahl Honda Sheboygan in Sheboygan Wisconsin.	https://content.homenetiol.com/2000157/2065512/0x0/9138bbf6a80f4de180ff0704a51174f2.jpg	in stock	USED	SUV	Vehicles & Parts > Vehicles > Motor Vehicles > Cars, Trucks & Vans	WVGSV7AX6HK004628	https://www.dahlhondasheboygan.com/viewdetails/used/wvgsv7ax6hk004628/2017-volkswagen-tiguan-sport-utility/123?store={store_code}	SILVER	141305 miles	Tiguan	WVGSV7AX6HK004628	2017	9000 USD	6029718484885115640	9000 USD	MI	no	Tiguan	No	Under 20k
YV4L12UX4P2927575	2023 Volvo XC40 Ultimate Dark Theme	Volvo	https://www.dahlhondasheboygan.com/viewdetails/used/yv4l12ux4p2927575/2023-volvo-xc40-sport-utility/	28649 USD	2023 Black Stone Volvo XC40 Ultimate Dark Theme Intercooled Turbo Gas/Electric I-4 2.0 L/120 For sale at Dahl Honda Sheboygan in Sheboygan Wisconsin.	https://content.homenetiol.com/2000157/2065512/0x0/2b8cd35e1b77436bb7822cb9572f1f1d.jpg	in stock	USED	SUV	Vehicles & Parts > Vehicles > Motor Vehicles > Cars, Trucks & Vans	YV4L12UX4P2927575	https://www.dahlhondasheboygan.com/viewdetails/used/yv4l12ux4p2927575/2023-volvo-xc40-sport-utility/123?store={store_code}	BLACK	56700 miles	XC40	YV4L12UX4P2927575	2023	28649 USD	6029718484885115640	28649 USD	MI	no	XC40	No	Over 20k
