id	title	brand	link	vehicle MSRP	description	image_link	availability	condition	product_type	google_product_category	MPN	link_template	color	mileage	model	vin	year	price	store code	MSRP	mileage.unit	certified_pre_owned	custom_label_0	custom_label_1	custom_label_2
1FT8W2BN8VEC20454	2027 Ford Super Duty F-250 SRW King Ranch	Ford	https://www.dahlfordonalaska.com/viewdetails/new/1ft8w2bn8vec20454/2027-ford-super-duty-f-250-srw-crew-cab-pickup/	71375 USD	2027 Other Ford Super Duty F-250 SRW King Ranch Regular Unleaded V-8 7.3 L For sale at Dahl Ford Onalaska in Onalaska Wisconsin.	https://content.homenetiol.com/2000157/2065512/0x0/a62cc4b0dcd2437d96a9128bb1af7830.jpg	in stock	NEW	TRUCK	Vehicles & Parts > Vehicles > Motor Vehicles > Cars, Trucks & Vans	1FT8W2BN8VEC20454	https://www.dahlfordonalaska.com/viewdetails/new/1ft8w2bn8vec20454/2027-ford-super-duty-f-250-srw-crew-cab-pickup/123?store={store_code}	NA	0 miles	Super Duty F-250 SRW	1FT8W2BN8VEC20454	2027	71375 USD	11126	71375 USD	MI	no	Super Duty F-250 SRW	No	Over 20k
1FT8W2BT2TEF57410	2026 Ford Super Duty F-250 SRW LARIAT	Ford	https://www.dahlfordonalaska.com/viewdetails/new/1ft8w2bt2tef57410/2026-ford-super-duty-f-250-srw-crew-cab-pickup/	88845 USD	2026 Avalanche Ford Super Duty F-250 SRW LARIAT Intercooled Turbo Diesel V-8 6.7 L/406 For sale at Dahl Ford Onalaska in Onalaska Wisconsin.	https://content.homenetiol.com/2000157/2065512/0x0/1ced5026191643f28fc858e38fe65c81.jpg	in stock	NEW	TRUCK	Vehicles & Parts > Vehicles > Motor Vehicles > Cars, Trucks & Vans	1FT8W2BT2TEF57410	https://www.dahlfordonalaska.com/viewdetails/new/1ft8w2bt2tef57410/2026-ford-super-duty-f-250-srw-crew-cab-pickup/123?store={store_code}	NA	0 miles	Super Duty F-250 SRW	1FT8W2BT2TEF57410	2026	88845 USD	11126	88845 USD	MI	no	Super Duty F-250 SRW	No	Over 20k
1FTER4HH5TLE58164	2026 Ford Ranger XLT	Ford	https://www.dahlfordonalaska.com/viewdetails/new/1fter4hh5tle58164/2026-ford-ranger-crew-cab-pickup/	43000 USD	2026 Avalanche Ford Ranger XLT Intercooled Turbo Regular Gasoline I-4 2.3 L/140 For sale at Dahl Ford Onalaska in Onalaska Wisconsin.	https://content.homenetiol.com/2000157/2065512/0x0/d7cddc37014e40b0bc1b777423c84e81.jpg	in stock	NEW	TRUCK	Vehicles & Parts > Vehicles > Motor Vehicles > Cars, Trucks & Vans	1FTER4HH5TLE58164	https://www.dahlfordonalaska.com/viewdetails/new/1fter4hh5tle58164/2026-ford-ranger-crew-cab-pickup/123?store={store_code}	NA	0 miles	Ranger	1FTER4HH5TLE58164	2026	43000 USD	11126	43000 USD	MI	no	Ranger	No	Over 20k
1FTER4HH8TLE64279	2026 Ford Ranger XLT	Ford	https://www.dahlfordonalaska.com/viewdetails/new/1fter4hh8tle64279/2026-ford-ranger-crew-pickup/	45000 USD	2026 Avalanche Ford Ranger XLT 2.3L EcoBoost® Engine with Auto Start-Stop Technology For sale at Dahl Ford Onalaska in Onalaska Wisconsin.	https://apicdnprod.forddirectservices.com/v1/inventory/1FTER4HH8TLE64279/images/1?token=wZkb29Jlr3GmSdZFgQ-3Qq34-MDNdLC1mnFiSA5b4qoPO9Tpx1JWqQd11pLhbCXrDeVsZe-aYqWwlGWZh_IAdA&amp;bod=2026100912243539	in stock	NEW	TRUCK	Vehicles & Parts > Vehicles > Motor Vehicles > Cars, Trucks & Vans	1FTER4HH8TLE64279	https://www.dahlfordonalaska.com/viewdetails/new/1fter4hh8tle64279/2026-ford-ranger-crew-pickup/123?store={store_code}	NA	0 miles	Ranger	1FTER4HH8TLE64279	2026	45000 USD	11126	45000 USD	MI	no	Ranger	No	Over 20k
1FTFW3L5XTKF52003	2026 Ford F-150 XLT	Ford	https://www.dahlfordonalaska.com/viewdetails/new/1ftfw3l5xtkf52003/2026-ford-f-150-crew-cab-pickup/	68145 USD	2026 Avalanche Ford F-150 XLT Regular Unleaded V8 5.0 L For sale at Dahl Ford Onalaska in Onalaska Wisconsin.	https://content.homenetiol.com/2000157/2065512/0x0/b555eea9ee524d1dac7b8b72a0dd414f.jpg	in stock	NEW	TRUCK	Vehicles & Parts > Vehicles > Motor Vehicles > Cars, Trucks & Vans	1FTFW3L5XTKF52003	https://www.dahlfordonalaska.com/viewdetails/new/1ftfw3l5xtkf52003/2026-ford-f-150-crew-cab-pickup/123?store={store_code}	NA	0 miles	F-150	1FTFW3L5XTKF52003	2026	68145 USD	11126	68145 USD	MI	no	F-150	No	Over 20k
1FTFW3L86TKF51750	2026 Ford F-150 XLT	Ford	https://www.dahlfordonalaska.com/viewdetails/new/1ftfw3l86tkf51750/2026-ford-f-150-crew-pickup/	74375 USD	2026 Avalanche Ford F-150 XLT 3.5L V6 EcoBoost® Engine with Auto Start-Stop Technology For sale at Dahl Ford Onalaska in Onalaska Wisconsin.	https://apicdnprod.forddirectservices.com/v1/inventory/1FTFW3L86TKF51750/images/1?token=reZTUgUfTEw2_LXGIxG1HO-ywQvowWICS5i3fD-U_MlUDJQn9Q4NNit-LbXuUF-uWDYV3sLZYK73M9CHYnlLVw&amp;bod=2026090306242447	in stock	NEW	TRUCK	Vehicles & Parts > Vehicles > Motor Vehicles > Cars, Trucks & Vans	1FTFW3L86TKF51750	https://www.dahlfordonalaska.com/viewdetails/new/1ftfw3l86tkf51750/2026-ford-f-150-crew-pickup/123?store={store_code}	NA	0 miles	F-150	1FTFW3L86TKF51750	2026	74375 USD	11126	74375 USD	MI	no	F-150	No	Over 20k
1FTFW3L87TKF51496	2026 Ford F-150 XLT	Ford	https://www.dahlfordonalaska.com/viewdetails/new/1ftfw3l87tkf51496/2026-ford-f-150-crew-cab-pickup/	75870 USD	2026 Avalanche Ford F-150 XLT Regular Unleaded V6 3.5 L EcoBoost For sale at Dahl Ford Onalaska in Onalaska Wisconsin.	https://content.homenetiol.com/2000157/2065512/0x0/c1a3db6e3b0748f5b81f711d9a73bcee.jpg	in stock	NEW	TRUCK	Vehicles & Parts > Vehicles > Motor Vehicles > Cars, Trucks & Vans	1FTFW3L87TKF51496	https://www.dahlfordonalaska.com/viewdetails/new/1ftfw3l87tkf51496/2026-ford-f-150-crew-cab-pickup/123?store={store_code}	NA	0 miles	F-150	1FTFW3L87TKF51496	2026	75870 USD	11126	75870 USD	MI	no	F-150	No	Over 20k
1FTFW3LD3TFC28164	2026 Ford F-150 XLT	Ford	https://www.dahlfordonalaska.com/viewdetails/new/1ftfw3ld3tfc28164/2026-ford-f-150-crew-cab-pickup/	69370 USD	2026 Avalanche Ford F-150 XLT PowerBoost Full-Hybrid V6 3.5 L For sale at Dahl Ford Onalaska in Onalaska Wisconsin.	https://content.homenetiol.com/2000157/2065512/0x0/f2e9d22f8e5541bcaa46dac21b4a46a2.jpg	in stock	NEW	TRUCK	Vehicles & Parts > Vehicles > Motor Vehicles > Cars, Trucks & Vans	1FTFW3LD3TFC28164	https://www.dahlfordonalaska.com/viewdetails/new/1ftfw3ld3tfc28164/2026-ford-f-150-crew-cab-pickup/123?store={store_code}	NA	0 miles	F-150	1FTFW3LD3TFC28164	2026	69370 USD	11126	69370 USD	MI	no	F-150	No	Over 20k
1FTFW3LD9TFB95168	2026 Ford F-150 XLT	Ford	https://www.dahlfordonalaska.com/viewdetails/new/1ftfw3ld9tfb95168/2026-ford-f-150-crew-cab-pickup/	69655 USD	2026 Avalanche Ford F-150 XLT PowerBoost Full-Hybrid V6 3.5 L For sale at Dahl Ford Onalaska in Onalaska Wisconsin.	https://content.homenetiol.com/2000157/2065512/0x0/ae55e7d6afe9462b8d8421fac7f167ee.jpg	in stock	NEW	TRUCK	Vehicles & Parts > Vehicles > Motor Vehicles > Cars, Trucks & Vans	1FTFW3LD9TFB95168	https://www.dahlfordonalaska.com/viewdetails/new/1ftfw3ld9tfb95168/2026-ford-f-150-crew-cab-pickup/123?store={store_code}	NA	0 miles	F-150	1FTFW3LD9TFB95168	2026	69655 USD	11126	69655 USD	MI	no	F-150	No	Over 20k
1FTFW7L81TFC30134	2026 Ford F-150 Platinum	Ford	https://www.dahlfordonalaska.com/viewdetails/new/1ftfw7l81tfc30134/2026-ford-f-150-crew-pickup/	84945 USD	2026 Avalanche Ford F-150 Platinum 3.5L V6 EcoBoost® Engine with Auto Start-Stop Technology For sale at Dahl Ford Onalaska in Onalaska Wisconsin.	https://apicdnprod.forddirectservices.com/v1/inventory/1FTFW7L81TFC30134/images/1?token=RzLpiCneS0EQ8r0vT6UQ30e8uHO8g56JHxHlCm6vGJkmqouoPs9xgLToPBjNvl6cqWewCi9gzzrj9u8kIxj58A&amp;bod=2026092109242454	in stock	NEW	TRUCK	Vehicles & Parts > Vehicles > Motor Vehicles > Cars, Trucks & Vans	1FTFW7L81TFC30134	https://www.dahlfordonalaska.com/viewdetails/new/1ftfw7l81tfc30134/2026-ford-f-150-crew-pickup/123?store={store_code}	NA	0 miles	F-150	1FTFW7L81TFC30134	2026	84945 USD	11126	84945 USD	MI	no	F-150	No	Over 20k
1C6SRFVT8MN550518	2021 RAM 1500 Sport	RAM	https://www.dahlfordonalaska.com/viewdetails/used/1c6srfvt8mn550518/2021-ram-1500-crew-cab-pickup/	32899 USD	2021 Diamond Black Crystal Pearlcoat RAM 1500 Sport For sale at Dahl Ford Onalaska in Onalaska Wisconsin.	https://content.homenetiol.com/2000157/2065512/0x0/d957d7977daa4a3090aa8bfbe8248a62.jpg	in stock	USED	TRUCK	Vehicles & Parts > Vehicles > Motor Vehicles > Cars, Trucks & Vans	1C6SRFVT8MN550518	https://www.dahlfordonalaska.com/viewdetails/used/1c6srfvt8mn550518/2021-ram-1500-crew-cab-pickup/123?store={store_code}	BLACK	77549 miles	1500	1C6SRFVT8MN550518	2021	32899 USD	11126	32899 USD	MI	no	1500	No	Over 20k
1FTEW1E43LKE63068	2020 Ford F-150 XLT	Ford	https://www.dahlfordonalaska.com/viewdetails/used/1ftew1e43lke63068/2020-ford-f-150-crew-cab-pickup/	23099 USD	2020 Other Ford F-150 XLT Regular Unleaded 3.5 L EcoBoost For sale at Dahl Ford Onalaska in Onalaska Wisconsin.	https://content.homenetiol.com/2000157/2065512/0x0/1e5003082f5a424dbcc082bef3995d7d.jpg	in stock	USED	TRUCK	Vehicles & Parts > Vehicles > Motor Vehicles > Cars, Trucks & Vans	1FTEW1E43LKE63068	https://www.dahlfordonalaska.com/viewdetails/used/1ftew1e43lke63068/2020-ford-f-150-crew-cab-pickup/123?store={store_code}	NA	118978 miles	F-150	1FTEW1E43LKE63068	2020	23099 USD	11126	23099 USD	MI	no	F-150	No	Over 20k
1FTFW1E82PKF86549	2023 Ford F-150 XLT	Ford	https://www.dahlfordonalaska.com/viewdetails/used/1ftfw1e82pkf86549/2023-ford-f-150-crew-cab-pickup/	39899 USD	2023 Other Ford F-150 XLT Regular Unleaded V6 3.5 L EcoBoost For sale at Dahl Ford Onalaska in Onalaska Wisconsin.	https://content.homenetiol.com/2000157/2065512/0x0/2a31c8a6f2a1446cb26c5f92df3556c3.jpg	in stock	USED	TRUCK	Vehicles & Parts > Vehicles > Motor Vehicles > Cars, Trucks & Vans	1FTFW1E82PKF86549	https://www.dahlfordonalaska.com/viewdetails/used/1ftfw1e82pkf86549/2023-ford-f-150-crew-cab-pickup/123?store={store_code}	NA	26664 miles	F-150	1FTFW1E82PKF86549	2023	39899 USD	11126	39899 USD	MI	no	F-150	No	Over 20k
1FTFW1E85PFB38721	2023 Ford F-150 XLT	Ford	https://www.dahlfordonalaska.com/viewdetails/used/1ftfw1e85pfb38721/2023-ford-f-150-crew-cab-pickup/	38299 USD	2023 Avalanche Ford F-150 XLT Regular Unleaded V6 3.5 L EcoBoost For sale at Dahl Ford Onalaska in Onalaska Wisconsin.	https://content.homenetiol.com/2000157/2065512/0x0/29e5927712ed47fda08db82db7d0179c.jpg	in stock	USED	TRUCK	Vehicles & Parts > Vehicles > Motor Vehicles > Cars, Trucks & Vans	1FTFW1E85PFB38721	https://www.dahlfordonalaska.com/viewdetails/used/1ftfw1e85pfb38721/2023-ford-f-150-crew-cab-pickup/123?store={store_code}	NA	47050 miles	F-150	1FTFW1E85PFB38721	2023	38299 USD	11126	38299 USD	MI	no	F-150	No	Over 20k
1FTFW1E89NKD85812	2022 Ford F-150 XLT	Ford	https://www.dahlfordonalaska.com/viewdetails/used/1ftfw1e89nkd85812/2022-ford-f-150-crew-cab-pickup/	29099 USD	2022 Other Ford F-150 XLT Regular Unleaded V6 3.5 L EcoBoost For sale at Dahl Ford Onalaska in Onalaska Wisconsin.	https://content.homenetiol.com/2000157/2065512/0x0/fc93e05cd70945fcb1e29a818ea55772.jpg	in stock	USED	TRUCK	Vehicles & Parts > Vehicles > Motor Vehicles > Cars, Trucks & Vans	1FTFW1E89NKD85812	https://www.dahlfordonalaska.com/viewdetails/used/1ftfw1e89nkd85812/2022-ford-f-150-crew-cab-pickup/123?store={store_code}	NA	91831 miles	F-150	1FTFW1E89NKD85812	2022	29099 USD	11126	29099 USD	MI	no	F-150	No	Over 20k
1FTFW5L89RFA95983	2024 Ford F-150 LARIAT	Ford	https://www.dahlfordonalaska.com/viewdetails/used/1ftfw5l89rfa95983/2024-ford-f-150-crew-cab-pickup/	47299 USD	2024 Avalanche Ford F-150 LARIAT Regular Unleaded V6 3.5 L EcoBoost For sale at Dahl Ford Onalaska in Onalaska Wisconsin.	https://content.homenetiol.com/2000157/2065512/0x0/cd5f11e2541744dab50635c0a494fe28.jpg	in stock	USED	TRUCK	Vehicles & Parts > Vehicles > Motor Vehicles > Cars, Trucks & Vans	1FTFW5L89RFA95983	https://www.dahlfordonalaska.com/viewdetails/used/1ftfw5l89rfa95983/2024-ford-f-150-crew-cab-pickup/123?store={store_code}	NA	23417 miles	F-150	1FTFW5L89RFA95983	2024	47299 USD	11126	47299 USD	MI	no	F-150	No	Over 20k
4A3AE45G85E032088	2005 Mitsubishi Eclipse GS	Mitsubishi	https://www.dahlfordonalaska.com/viewdetails/used/4a3ae45g85e032088/2005-mitsubishi-eclipse-convertible/	4300 USD	2005 Other Mitsubishi Eclipse GS 2.4L I4 For sale at Dahl Ford Onalaska in Onalaska Wisconsin.	https://content.homenetiol.com/2000157/2065512/0x0/03a8c9d86999440184db3516d4e04382.jpg	in stock	USED	OTHER	Vehicles & Parts > Vehicles > Motor Vehicles > Cars, Trucks & Vans	4A3AE45G85E032088	https://www.dahlfordonalaska.com/viewdetails/used/4a3ae45g85e032088/2005-mitsubishi-eclipse-convertible/123?store={store_code}	NA	100794 miles	Eclipse	4A3AE45G85E032088	2005	4300 USD	11126	4300 USD	MI	no	Eclipse	No	Under 20k
1FTEW1E48KKE78406	2019 Ford F-150 XLT	Ford	https://www.dahlfordonalaska.com/viewdetails/cpo/1ftew1e48kke78406/2019-ford-f-150-crew-cab-pickup/	24899 USD	2019 Magnetic Metallic Ford F-150 XLT Regular Unleaded 3.5 L EcoBoost For sale at Dahl Ford Onalaska in Onalaska Wisconsin.	https://content.homenetiol.com/2000157/2065512/0x0/47273f2123a64f90a1d7748c1dd4eb12.jpg	in stock	USED	TRUCK	Vehicles & Parts > Vehicles > Motor Vehicles > Cars, Trucks & Vans	1FTEW1E48KKE78406	https://www.dahlfordonalaska.com/viewdetails/cpo/1ftew1e48kke78406/2019-ford-f-150-crew-cab-pickup/123?store={store_code}	GRAY	100324 miles	F-150	1FTEW1E48KKE78406	2019	24899 USD	11126	24899 USD	MI	yes	F-150	Yes	Over 20k
2FMPK4J95RBA98169	2024 Ford Edge SEL	Ford	https://www.dahlfordonalaska.com/viewdetails/cpo/2fmpk4j95rba98169/2024-ford-edge-sport-utility/	25399 USD	2024 Agate Black Ford Edge SEL Intercooled Turbo Premium Gasoline I-4 2.0 L/122 For sale at Dahl Ford Onalaska in Onalaska Wisconsin.	https://content.homenetiol.com/2000157/2065512/0x0/7683c5dff47349f18a92393bb6c73279.jpg	in stock	USED	SUV	Vehicles & Parts > Vehicles > Motor Vehicles > Cars, Trucks & Vans	2FMPK4J95RBA98169	https://www.dahlfordonalaska.com/viewdetails/cpo/2fmpk4j95rba98169/2024-ford-edge-sport-utility/123?store={store_code}	BLACK	45037 miles	Edge	2FMPK4J95RBA98169	2024	25399 USD	11126	25399 USD	MI	yes	Edge	Yes	Over 20k
1FA6P8GJ5T5551136	2026 Ford Mustang Dark Horse SC	Ford	https://www.dahlfordonalaska.com/viewdetails/new/1fa6p8gj5t5551136/2026-ford-mustang-2dr-car/	108805 USD	2026 Avalanche Gray Ford Mustang Dark Horse SC Intercooled Supercharger Premium Gasoline V-8 5.2 L For sale at Dahl Ford Onalaska in Onalaska Wisconsin.	https://prod.tvmimageservice.com/images/GetEvoxImage?styleid=485868&amp;Width=640&amp;Height=480&amp;Type=jpeg&amp;Angle=03&amp;quality=80&amp;BackGroundColor=white&amp;colorcode=DR&amp;autocrop=True&amp;useoverrides=true	in stock	NEW	OTHER	Vehicles & Parts > Vehicles > Motor Vehicles > Cars, Trucks & Vans	1FA6P8GJ5T5551136	https://www.dahlfordonalaska.com/viewdetails/new/1fa6p8gj5t5551136/2026-ford-mustang-2dr-car/123?store={store_code}	GRAY	0 miles	Mustang	1FA6P8GJ5T5551136	2026	108805 USD	11126	108805 USD	MI	no	Mustang	No	Over 20k
1FDBF2BA7TED99792	2026 Ford Super Duty F-250 SRW XL	Ford	https://www.dahlfordonalaska.com/viewdetails/new/1fdbf2ba7ted99792/2026-ford-super-duty-f-250-srw-regular-cab-pickup/	54725 USD	2026 Oxford White Ford Super Duty F-250 SRW XL Regular Gasoline V-8 6.8 L/415 For sale at Dahl Ford Onalaska in Onalaska Wisconsin.	https://content.homenetiol.com/2000157/2065512/0x0/b8b2a86dd6814c2a9719da0f41381ac7.jpg	in stock	NEW	TRUCK	Vehicles & Parts > Vehicles > Motor Vehicles > Cars, Trucks & Vans	1FDBF2BA7TED99792	https://www.dahlfordonalaska.com/viewdetails/new/1fdbf2ba7ted99792/2026-ford-super-duty-f-250-srw-regular-cab-pickup/123?store={store_code}	WHITE	0 miles	Super Duty F-250 SRW	1FDBF2BA7TED99792	2026	54725 USD	11126	54725 USD	MI	no	Super Duty F-250 SRW	No	Over 20k
1FDFF6LNXTDA22924	2026 Ford Super Duty F-600 DRW XL	Ford	https://www.dahlfordonalaska.com/viewdetails/new/1fdff6lnxtda22924/2026-ford-super-duty-f-600-drw-regular-cab-chassis-cab/	66280 USD	2026 Oxford White Ford Super Duty F-600 DRW XL Regular Gasoline V-8 7.3 L/445 For sale at Dahl Ford Onalaska in Onalaska Wisconsin.	https://content.homenetiol.com/2000157/2065512/0x0/30672fb480124fa784ddea99d61cc85b.jpg	in stock	NEW	TRUCK	Vehicles & Parts > Vehicles > Motor Vehicles > Cars, Trucks & Vans	1FDFF6LNXTDA22924	https://www.dahlfordonalaska.com/viewdetails/new/1fdff6lnxtda22924/2026-ford-super-duty-f-600-drw-regular-cab-chassis-cab/123?store={store_code}	WHITE	0 miles	Super Duty F-600 DRW	1FDFF6LNXTDA22924	2026	66280 USD	11126	66280 USD	MI	no	Super Duty F-600 DRW	No	Over 20k
1FDNF6AN5TDF06403	2026 Ford F-650 Straight Frame Gas	Ford	https://www.dahlfordonalaska.com/viewdetails/new/1fdnf6an5tdf06403/2026-ford-f-650-straight-frame-gas-regular-cab/	79625 USD	2026 Oxford White Ford F-650 Straight Frame Gas Regular Unleaded V-8 7.3 L For sale at Dahl Ford Onalaska in Onalaska Wisconsin.	https://content.homenetiol.com/2000157/2065512/0x0/7f78f20eb957448c82998ccd7232ef1b.jpg	in stock	NEW	TRUCK	Vehicles & Parts > Vehicles > Motor Vehicles > Cars, Trucks & Vans	1FDNF6AN5TDF06403	https://www.dahlfordonalaska.com/viewdetails/new/1fdnf6an5tdf06403/2026-ford-f-650-straight-frame-gas-regular-cab/123?store={store_code}	WHITE	0 miles	F-650 Straight Frame Gas	1FDNF6AN5TDF06403	2026	79625 USD	11126	79625 USD	MI	no	F-650 Straight Frame Gas	No	Over 20k
1FMDE6AH3TLB77957	2026 Ford Bronco Base	Ford	https://www.dahlfordonalaska.com/viewdetails/new/1fmde6ah3tlb77957/2026-ford-bronco-utility/	45580 USD	2026 Avalanche Gray Ford Bronco Base 2.3L EcoBoost® I-4 For sale at Dahl Ford Onalaska in Onalaska Wisconsin.	https://apicdnprod.forddirectservices.com/v1/inventory/1FMDE6AH3TLB77957/images/1?token=PmiEIyhve04Jf4JzdU3CV4gS_Hw3KUR9vu_DTWde7nyFKh_5I9dkoklVJiqdKZEgV-6YBytl1h0bee3ndsZHUg&amp;bod=2026100309241624	in stock	NEW	SUV	Vehicles & Parts > Vehicles > Motor Vehicles > Cars, Trucks & Vans	1FMDE6AH3TLB77957	https://www.dahlfordonalaska.com/viewdetails/new/1fmde6ah3tlb77957/2026-ford-bronco-utility/123?store={store_code}	GRAY	0 miles	Bronco	1FMDE6AH3TLB77957	2026	45580 USD	11126	45580 USD	MI	no	Bronco	No	Over 20k
1FMDE6AH9TLB75677	2026 Ford Bronco Base	Ford	https://www.dahlfordonalaska.com/viewdetails/new/1fmde6ah9tlb75677/2026-ford-bronco-utility/	45085 USD	2026 Shadow Black Ford Bronco Base 2.3L EcoBoost® I-4 For sale at Dahl Ford Onalaska in Onalaska Wisconsin.	https://apicdnprod.forddirectservices.com/v1/inventory/1FMDE6AH9TLB75677/images/1?token=LywcTiuh3bZaj_l3VE99YPwlgXYm5ow49tNMSJHMh4X3TJsBdO8u_GZNN7IF72ZoCQIG9onIt_8MGBhCSehBdg&amp;bod=202610070624832	in stock	NEW	SUV	Vehicles & Parts > Vehicles > Motor Vehicles > Cars, Trucks & Vans	1FMDE6AH9TLB75677	https://www.dahlfordonalaska.com/viewdetails/new/1fmde6ah9tlb75677/2026-ford-bronco-utility/123?store={store_code}	BLACK	0 miles	Bronco	1FMDE6AH9TLB75677	2026	45085 USD	11126	45085 USD	MI	no	Bronco	No	Over 20k
1FMDE7BH5TLB76619	2026 Ford Bronco Big Bend	Ford	https://www.dahlfordonalaska.com/viewdetails/new/1fmde7bh5tlb76619/2026-ford-bronco-utility/	48615 USD	2026 Avalanche Gray Ford Bronco Big Bend 2.3L EcoBoost® I-4 For sale at Dahl Ford Onalaska in Onalaska Wisconsin.	https://apicdnprod.forddirectservices.com/v1/inventory/1FMDE7BH5TLB76619/images/1?token=OEdKrZIoZlgNivAoGREGbHC_0tpzDoVc23DkCZ30vS51jengM14wFZ74kP0m5r3fLCRkrcl9LCbvh9XcVSVEtw&amp;bod=2026100806242122	in stock	NEW	SUV	Vehicles & Parts > Vehicles > Motor Vehicles > Cars, Trucks & Vans	1FMDE7BH5TLB76619	https://www.dahlfordonalaska.com/viewdetails/new/1fmde7bh5tlb76619/2026-ford-bronco-utility/123?store={store_code}	GRAY	0 miles	Bronco	1FMDE7BH5TLB76619	2026	48615 USD	11126	48615 USD	MI	no	Bronco	No	Over 20k
1FMEE8BH7TLB78396	2026 Ford Bronco Outer Banks	Ford	https://www.dahlfordonalaska.com/viewdetails/new/1fmee8bh7tlb78396/2026-ford-bronco-utility/	62280 USD	2026 Oxford White Ford Bronco Outer Banks 2.3L EcoBoost® I-4 For sale at Dahl Ford Onalaska in Onalaska Wisconsin.	https://apicdnprod.forddirectservices.com/v1/inventory/1FMEE8BH7TLB78396/images/1?token=Y7PpQq6kGq7J4p5DiGHeHNlg2nKndv5ZPC2FBD_BPMXRyhHXPdgI6t3fY2CLqbS7sNdmSrkydKjjDswigwOHtw&amp;bod=2026100912243539	in stock	NEW	SUV	Vehicles & Parts > Vehicles > Motor Vehicles > Cars, Trucks & Vans	1FMEE8BH7TLB78396	https://www.dahlfordonalaska.com/viewdetails/new/1fmee8bh7tlb78396/2026-ford-bronco-utility/123?store={store_code}	WHITE	0 miles	Bronco	1FMEE8BH7TLB78396	2026	62280 USD	11126	62280 USD	MI	no	Bronco	No	Over 20k
1FMEE9BH7TLA96559	2026 Ford Bronco Badlands	Ford	https://www.dahlfordonalaska.com/viewdetails/new/1fmee9bh7tla96559/2026-ford-bronco-convertible/	55365 USD	2026 Desert Sand Ford Bronco Badlands Intercooled Turbo Regular Gasoline I-4 2.3 L/140 For sale at Dahl Ford Onalaska in Onalaska Wisconsin.	https://content.homenetiol.com/2000157/2065512/0x0/a3ef97d5f81e4e71a8ab85b75ebbe493.jpg	in stock	NEW	SUV	Vehicles & Parts > Vehicles > Motor Vehicles > Cars, Trucks & Vans	1FMEE9BH7TLA96559	https://www.dahlfordonalaska.com/viewdetails/new/1fmee9bh7tla96559/2026-ford-bronco-convertible/123?store={store_code}	BEIGE	0 miles	Bronco	1FMEE9BH7TLA96559	2026	55365 USD	11126	55365 USD	MI	no	Bronco	No	Over 20k
1FMEE9BP0TLB06128	2026 Ford Bronco Badlands	Ford	https://www.dahlfordonalaska.com/viewdetails/new/1fmee9bp0tlb06128/2026-ford-bronco-convertible/	60490 USD	2026 Desert Sand Ford Bronco Badlands Twin Turbo Regular Gasoline V-6 2.7 L/164 For sale at Dahl Ford Onalaska in Onalaska Wisconsin.	https://content.homenetiol.com/2000157/2065512/0x0/01678bf934024f5986376ccce2ab1dc1.jpg	in stock	NEW	SUV	Vehicles & Parts > Vehicles > Motor Vehicles > Cars, Trucks & Vans	1FMEE9BP0TLB06128	https://www.dahlfordonalaska.com/viewdetails/new/1fmee9bp0tlb06128/2026-ford-bronco-convertible/123?store={store_code}	BEIGE	0 miles	Bronco	1FMEE9BP0TLB06128	2026	60490 USD	11126	60490 USD	MI	no	Bronco	No	Over 20k
1FMEE9BP2TLA66148	2026 Ford Bronco Badlands	Ford	https://www.dahlfordonalaska.com/viewdetails/new/1fmee9bp2tla66148/2026-ford-bronco-convertible/	67260 USD	2026 Shadow Black Ford Bronco Badlands Twin Turbo Regular Gasoline V-6 2.7 L/164 For sale at Dahl Ford Onalaska in Onalaska Wisconsin.	https://content.homenetiol.com/2000157/2065512/0x0/8857f82124d949b4833376b7459c0d1c.jpg	in stock	NEW	SUV	Vehicles & Parts > Vehicles > Motor Vehicles > Cars, Trucks & Vans	1FMEE9BP2TLA66148	https://www.dahlfordonalaska.com/viewdetails/new/1fmee9bp2tla66148/2026-ford-bronco-convertible/123?store={store_code}	BLACK	0 miles	Bronco	1FMEE9BP2TLA66148	2026	67260 USD	11126	67260 USD	MI	no	Bronco	No	Over 20k
1FMEE9BP9TLA86221	2026 Ford Bronco Badlands	Ford	https://www.dahlfordonalaska.com/viewdetails/new/1fmee9bp9tla86221/2026-ford-bronco-convertible/	67115 USD	2026 Avalanche Gray Ford Bronco Badlands Twin Turbo Regular Gasoline V-6 2.7 L/164 For sale at Dahl Ford Onalaska in Onalaska Wisconsin.	https://content.homenetiol.com/2000157/2065512/0x0/15e066984f674c26b3945eb329fb0fc4.jpg	in stock	NEW	SUV	Vehicles & Parts > Vehicles > Motor Vehicles > Cars, Trucks & Vans	1FMEE9BP9TLA86221	https://www.dahlfordonalaska.com/viewdetails/new/1fmee9bp9tla86221/2026-ford-bronco-convertible/123?store={store_code}	GRAY	0 miles	Bronco	1FMEE9BP9TLA86221	2026	67115 USD	11126	67115 USD	MI	no	Bronco	No	Over 20k
1FMEE9BPXTLB25365	2026 Ford Bronco Badlands	Ford	https://www.dahlfordonalaska.com/viewdetails/new/1fmee9bpxtlb25365/2026-ford-bronco-convertible/	71650 USD	2026 Avalanche Gray Ford Bronco Badlands Twin Turbo Regular Gasoline V-6 2.7 L/164 For sale at Dahl Ford Onalaska in Onalaska Wisconsin.	https://content.homenetiol.com/2000157/2065512/0x0/978f5a805cca46c58a28c398b5f27eae.jpg	in stock	NEW	SUV	Vehicles & Parts > Vehicles > Motor Vehicles > Cars, Trucks & Vans	1FMEE9BPXTLB25365	https://www.dahlfordonalaska.com/viewdetails/new/1fmee9bpxtlb25365/2026-ford-bronco-convertible/123?store={store_code}	GRAY	0 miles	Bronco	1FMEE9BPXTLB25365	2026	71650 USD	11126	71650 USD	MI	no	Bronco	No	Over 20k
1FMJK1J84VEA24039	2027 Ford Expedition Max Active	Ford	https://www.dahlfordonalaska.com/viewdetails/new/1fmjk1j84vea24039/2027-ford-expedition-max-sport-utility/	77380 USD	2027 Dark Matter Gray Metallic Ford Expedition Max Active Twin Turbo Regular Gasoline V-6 3.5 L/213 For sale at Dahl Ford Onalaska in Onalaska Wisconsin.	https://content.homenetiol.com/2000157/2065512/0x0/0af07af6b5f14e60a4f13354dd99edae.jpg	in stock	NEW	SUV	Vehicles & Parts > Vehicles > Motor Vehicles > Cars, Trucks & Vans	1FMJK1J84VEA24039	https://www.dahlfordonalaska.com/viewdetails/new/1fmjk1j84vea24039/2027-ford-expedition-max-sport-utility/123?store={store_code}	GRAY	0 miles	Expedition Max	1FMJK1J84VEA24039	2027	77380 USD	11126	77380 USD	MI	no	Expedition Max	No	Over 20k
1FMJK1J8XVEA21145	2027 Ford Expedition Max Active	Ford	https://www.dahlfordonalaska.com/viewdetails/new/1fmjk1j8xvea21145/2027-ford-expedition-max-sport-utility/	80355 USD	2027 Star White Metallic Tri Coat Ford Expedition Max Active Twin Turbo Regular Gasoline V-6 3.5 L/213 For sale at Dahl Ford Onalaska in Onalaska Wisconsin.	https://content.homenetiol.com/2000157/2065512/0x0/0476a96a6f0a4327af5ec0d8b90b1c9a.jpg	in stock	NEW	SUV	Vehicles & Parts > Vehicles > Motor Vehicles > Cars, Trucks & Vans	1FMJK1J8XVEA21145	https://www.dahlfordonalaska.com/viewdetails/new/1fmjk1j8xvea21145/2027-ford-expedition-max-sport-utility/123?store={store_code}	WHITE	0 miles	Expedition Max	1FMJK1J8XVEA21145	2027	80355 USD	11126	80355 USD	MI	no	Expedition Max	No	Over 20k
1FMJK1MG2VEA19795	2027 Ford Expedition Max Platinum	Ford	https://www.dahlfordonalaska.com/viewdetails/new/1fmjk1mg2vea19795/2027-ford-expedition-max-sport-utility/	90580 USD	2027 Agate Black Metallic Ford Expedition Max Platinum Twin Turbo Premium Gasoline V-6 3.5 L/213 For sale at Dahl Ford Onalaska in Onalaska Wisconsin.	https://content.homenetiol.com/2000157/2065512/0x0/00ad40427d3e4be99c60dd39226f90b9.jpg	in stock	NEW	SUV	Vehicles & Parts > Vehicles > Motor Vehicles > Cars, Trucks & Vans	1FMJK1MG2VEA19795	https://www.dahlfordonalaska.com/viewdetails/new/1fmjk1mg2vea19795/2027-ford-expedition-max-sport-utility/123?store={store_code}	BLACK	0 miles	Expedition Max	1FMJK1MG2VEA19795	2027	90580 USD	11126	90580 USD	MI	no	Expedition Max	No	Over 20k
1FMJK1MG4VEA27817	2027 Ford Expedition Max Platinum	Ford	https://www.dahlfordonalaska.com/viewdetails/new/1fmjk1mg4vea27817/2027-ford-expedition-max-sport-utility/	91575 USD	2027 Star White Metallic Tri Coat Ford Expedition Max Platinum Twin Turbo Premium Gasoline V-6 3.5 L/213 For sale at Dahl Ford Onalaska in Onalaska Wisconsin.	https://content.homenetiol.com/2000157/2065512/0x0/8356c6cd31b04dbc8cf791d315d0bfa0.jpg	in stock	NEW	SUV	Vehicles & Parts > Vehicles > Motor Vehicles > Cars, Trucks & Vans	1FMJK1MG4VEA27817	https://www.dahlfordonalaska.com/viewdetails/new/1fmjk1mg4vea27817/2027-ford-expedition-max-sport-utility/123?store={store_code}	WHITE	0 miles	Expedition Max	1FMJK1MG4VEA27817	2027	91575 USD	11126	91575 USD	MI	no	Expedition Max	No	Over 20k
1FMJK1MG8VEA30221	2027 Ford Expedition Max Platinum	Ford	https://www.dahlfordonalaska.com/viewdetails/new/1fmjk1mg8vea30221/2027-ford-expedition-max-wagon-4-dr-d-/	90950 USD	2027 Agate Black Metallic Ford Expedition Max Platinum 3.5L EcoBoost® V6 For sale at Dahl Ford Onalaska in Onalaska Wisconsin.	https://apicdnprod.forddirectservices.com/v1/inventory/1FMJK1MG8VEA30221/images/1?token=BeEhBGI07wKhwqnMSiwy_tHi0r_2jSZH26kbrbS2Zxgf8AiFPePuVyxL7A1-a1DH7YVC56oKc0uE-Ma8DM_6iQ&amp;bod=202610070624832	in stock	NEW	SUV	Vehicles & Parts > Vehicles > Motor Vehicles > Cars, Trucks & Vans	1FMJK1MG8VEA30221	https://www.dahlfordonalaska.com/viewdetails/new/1fmjk1mg8vea30221/2027-ford-expedition-max-wagon-4-dr-d-/123?store={store_code}	BLACK	0 miles	Expedition Max	1FMJK1MG8VEA30221	2027	90950 USD	11126	90950 USD	MI	no	Expedition Max	No	Over 20k
1FMUK8DH0VGA35142	2027 Ford Explorer Active w/200A Pkg	Ford	https://www.dahlfordonalaska.com/viewdetails/new/1fmuk8dh0vga35142/2027-ford-explorer-sport-utility/	48485 USD	2027 Carbonized Gray Metallic Ford Explorer Active w/200A Pkg Intercooled Turbo Premium Gasoline I-4 2.3 L/140 For sale at Dahl Ford Onalaska in Onalaska Wisconsin.	https://content.homenetiol.com/2000157/2065512/0x0/425c5ff7d5c64cbaab364693521ee0a7.jpg	in stock	NEW	SUV	Vehicles & Parts > Vehicles > Motor Vehicles > Cars, Trucks & Vans	1FMUK8DH0VGA35142	https://www.dahlfordonalaska.com/viewdetails/new/1fmuk8dh0vga35142/2027-ford-explorer-sport-utility/123?store={store_code}	GRAY	0 miles	Explorer	1FMUK8DH0VGA35142	2027	48485 USD	11126	48485 USD	MI	no	Explorer	No	Over 20k
1FMUK8DH2TGC37672	2026 Ford Explorer Active w/200A Pkg	Ford	https://www.dahlfordonalaska.com/viewdetails/new/1fmuk8dh2tgc37672/2026-ford-explorer-sport-utility/	49805 USD	2026 Agate Black Metallic Ford Explorer Active w/200A Pkg Intercooled Turbo Premium Gasoline I-4 2.3 L/140 For sale at Dahl Ford Onalaska in Onalaska Wisconsin.	https://content.homenetiol.com/2000157/2065512/0x0/b2ea4b9ec1b04794a984e49e5fc2829e.jpg	in stock	NEW	SUV	Vehicles & Parts > Vehicles > Motor Vehicles > Cars, Trucks & Vans	1FMUK8DH2TGC37672	https://www.dahlfordonalaska.com/viewdetails/new/1fmuk8dh2tgc37672/2026-ford-explorer-sport-utility/123?store={store_code}	BLACK	0 miles	Explorer	1FMUK8DH2TGC37672	2026	49805 USD	11126	49805 USD	MI	no	Explorer	No	Over 20k
1FMUK8DH9VGA28657	2027 Ford Explorer Active w/200A Pkg	Ford	https://www.dahlfordonalaska.com/viewdetails/new/1fmuk8dh9vga28657/2027-ford-explorer-sport-utility/	48880 USD	2027 Avalanche Gray Ford Explorer Active w/200A Pkg Intercooled Turbo Premium Gasoline I-4 2.3 L/140 For sale at Dahl Ford Onalaska in Onalaska Wisconsin.	https://content.homenetiol.com/2000157/2065512/0x0/7ac1c14e782848fa8a0c8e46b259741d.jpg	in stock	NEW	SUV	Vehicles & Parts > Vehicles > Motor Vehicles > Cars, Trucks & Vans	1FMUK8DH9VGA28657	https://www.dahlfordonalaska.com/viewdetails/new/1fmuk8dh9vga28657/2027-ford-explorer-sport-utility/123?store={store_code}	GRAY	0 miles	Explorer	1FMUK8DH9VGA28657	2027	48880 USD	11126	48880 USD	MI	no	Explorer	No	Over 20k
1FMUK8DHXVGA09583	2027 Ford Explorer Active w/100A Pkg	Ford	https://www.dahlfordonalaska.com/viewdetails/new/1fmuk8dhxvga09583/2027-ford-explorer-sport-utility/	47895 USD	2027 Agate Black Metallic Ford Explorer Active w/100A Pkg Intercooled Turbo Premium Gasoline I-4 2.3 L/140 For sale at Dahl Ford Onalaska in Onalaska Wisconsin.	https://content.homenetiol.com/2000157/2065512/0x0/003b45481d164735b6e66f5e711be7be.jpg	in stock	NEW	SUV	Vehicles & Parts > Vehicles > Motor Vehicles > Cars, Trucks & Vans	1FMUK8DHXVGA09583	https://www.dahlfordonalaska.com/viewdetails/new/1fmuk8dhxvga09583/2027-ford-explorer-sport-utility/123?store={store_code}	BLACK	0 miles	Explorer	1FMUK8DHXVGA09583	2027	47895 USD	11126	47895 USD	MI	no	Explorer	No	Over 20k
1FMUK8HH7TGC30713	2026 Ford Explorer Platinum	Ford	https://www.dahlfordonalaska.com/viewdetails/new/1fmuk8hh7tgc30713/2026-ford-explorer-sport-utility/	60295 USD	2026 Agate Black Metallic Ford Explorer Platinum Intercooled Turbo Premium Gasoline I-4 2.3 L/140 For sale at Dahl Ford Onalaska in Onalaska Wisconsin.	https://content.homenetiol.com/2000157/2065512/0x0/3ef1961fbc38463f8b562b0931257b9e.jpg	in stock	NEW	SUV	Vehicles & Parts > Vehicles > Motor Vehicles > Cars, Trucks & Vans	1FMUK8HH7TGC30713	https://www.dahlfordonalaska.com/viewdetails/new/1fmuk8hh7tgc30713/2026-ford-explorer-sport-utility/123?store={store_code}	BLACK	0 miles	Explorer	1FMUK8HH7TGC30713	2026	60295 USD	11126	60295 USD	MI	no	Explorer	No	Over 20k
1FMUK8HH7VGA09289	2027 Ford Explorer Platinum	Ford	https://www.dahlfordonalaska.com/viewdetails/new/1fmuk8hh7vga09289/2027-ford-explorer-sport-utility/	58440 USD	2027 Carbonized Gray Metallic Ford Explorer Platinum Intercooled Turbo Premium Gasoline I-4 2.3 L/140 For sale at Dahl Ford Onalaska in Onalaska Wisconsin.	https://content.homenetiol.com/2000157/2065512/0x0/44e50b8efe8a433489d823637034a29a.jpg	in stock	NEW	SUV	Vehicles & Parts > Vehicles > Motor Vehicles > Cars, Trucks & Vans	1FMUK8HH7VGA09289	https://www.dahlfordonalaska.com/viewdetails/new/1fmuk8hh7vga09289/2027-ford-explorer-sport-utility/123?store={store_code}	GRAY	0 miles	Explorer	1FMUK8HH7VGA09289	2027	58440 USD	11126	58440 USD	MI	no	Explorer	No	Over 20k
1FMUK8JH7VGA10775	2027 Ford Explorer Tremor	Ford	https://www.dahlfordonalaska.com/viewdetails/new/1fmuk8jh7vga10775/2027-ford-explorer-sport-utility/	54710 USD	2027 Avalanche Gray Ford Explorer Tremor Intercooled Turbo Premium Gasoline I-4 2.3 L/140 For sale at Dahl Ford Onalaska in Onalaska Wisconsin.	https://content.homenetiol.com/2000157/2065512/0x0/0b7f673dc4ba42d3a18fc13cd82340af.jpg	in stock	NEW	SUV	Vehicles & Parts > Vehicles > Motor Vehicles > Cars, Trucks & Vans	1FMUK8JH7VGA10775	https://www.dahlfordonalaska.com/viewdetails/new/1fmuk8jh7vga10775/2027-ford-explorer-sport-utility/123?store={store_code}	GRAY	0 miles	Explorer	1FMUK8JH7VGA10775	2027	54710 USD	11126	54710 USD	MI	no	Explorer	No	Over 20k
1FMUK8JHXVGA42166	2027 Ford Explorer Tremor	Ford	https://www.dahlfordonalaska.com/viewdetails/new/1fmuk8jhxvga42166/2027-ford-explorer-sport-utility/	54915 USD	2027 Star White Metallic Tri Coat Ford Explorer Tremor Intercooled Turbo Premium Gasoline I-4 2.3 L/140 For sale at Dahl Ford Onalaska in Onalaska Wisconsin.	https://content.homenetiol.com/2000157/2065512/0x0/1356cfe2a3cc4b9da03b984ae70b75fb.jpg	in stock	NEW	SUV	Vehicles & Parts > Vehicles > Motor Vehicles > Cars, Trucks & Vans	1FMUK8JHXVGA42166	https://www.dahlfordonalaska.com/viewdetails/new/1fmuk8jhxvga42166/2027-ford-explorer-sport-utility/123?store={store_code}	WHITE	0 miles	Explorer	1FMUK8JHXVGA42166	2027	54915 USD	11126	54915 USD	MI	no	Explorer	No	Over 20k
1FMUK8KH1VGA15811	2027 Ford Explorer ST-Line	Ford	https://www.dahlfordonalaska.com/viewdetails/new/1fmuk8kh1vga15811/2027-ford-explorer-sport-utility/	50730 USD	2027 Carbonized Gray Metallic Ford Explorer ST-Line Intercooled Turbo Premium Gasoline I-4 2.3 L/140 For sale at Dahl Ford Onalaska in Onalaska Wisconsin.	https://content.homenetiol.com/2000157/2065512/0x0/e90911f74589476db4cfc03afc278082.jpg	in stock	NEW	SUV	Vehicles & Parts > Vehicles > Motor Vehicles > Cars, Trucks & Vans	1FMUK8KH1VGA15811	https://www.dahlfordonalaska.com/viewdetails/new/1fmuk8kh1vga15811/2027-ford-explorer-sport-utility/123?store={store_code}	GRAY	0 miles	Explorer	1FMUK8KH1VGA15811	2027	50730 USD	11126	50730 USD	MI	no	Explorer	No	Over 20k
1FMUK8KH4VGA27600	2027 Ford Explorer ST-Line	Ford	https://www.dahlfordonalaska.com/viewdetails/new/1fmuk8kh4vga27600/2027-ford-explorer-sport-utility/	55690 USD	2027 Avalanche Gray Ford Explorer ST-Line Intercooled Turbo Premium Gasoline I-4 2.3 L/140 For sale at Dahl Ford Onalaska in Onalaska Wisconsin.	https://content.homenetiol.com/2000157/2065512/0x0/850d255ba76d4866884a868161242d33.jpg	in stock	NEW	SUV	Vehicles & Parts > Vehicles > Motor Vehicles > Cars, Trucks & Vans	1FMUK8KH4VGA27600	https://www.dahlfordonalaska.com/viewdetails/new/1fmuk8kh4vga27600/2027-ford-explorer-sport-utility/123?store={store_code}	GRAY	0 miles	Explorer	1FMUK8KH4VGA27600	2027	55690 USD	11126	55690 USD	MI	no	Explorer	No	Over 20k
1FMUK8KH5VGA11597	2027 Ford Explorer ST-Line	Ford	https://www.dahlfordonalaska.com/viewdetails/new/1fmuk8kh5vga11597/2027-ford-explorer-sport-utility/	54480 USD	2027 Carbonized Gray Metallic Ford Explorer ST-Line Intercooled Turbo Premium Gasoline I-4 2.3 L/140 For sale at Dahl Ford Onalaska in Onalaska Wisconsin.	https://content.homenetiol.com/2000157/2065512/0x0/c622f16538da4b499bf449df9c178bf5.jpg	in stock	NEW	SUV	Vehicles & Parts > Vehicles > Motor Vehicles > Cars, Trucks & Vans	1FMUK8KH5VGA11597	https://www.dahlfordonalaska.com/viewdetails/new/1fmuk8kh5vga11597/2027-ford-explorer-sport-utility/123?store={store_code}	GRAY	0 miles	Explorer	1FMUK8KH5VGA11597	2027	54480 USD	11126	54480 USD	MI	no	Explorer	No	Over 20k
1FMUK8KH6TGC44403	2026 Ford Explorer ST-Line	Ford	https://www.dahlfordonalaska.com/viewdetails/new/1fmuk8kh6tgc44403/2026-ford-explorer-sport-utility/	54325 USD	2026 Carbonized Gray Metallic Ford Explorer ST-Line Intercooled Turbo Premium Gasoline I-4 2.3 L/140 For sale at Dahl Ford Onalaska in Onalaska Wisconsin.	https://content.homenetiol.com/2000157/2065512/0x0/e880db8c9d674a62857dc1fa206157c2.jpg	in stock	NEW	SUV	Vehicles & Parts > Vehicles > Motor Vehicles > Cars, Trucks & Vans	1FMUK8KH6TGC44403	https://www.dahlfordonalaska.com/viewdetails/new/1fmuk8kh6tgc44403/2026-ford-explorer-sport-utility/123?store={store_code}	GRAY	0 miles	Explorer	1FMUK8KH6TGC44403	2026	54325 USD	11126	54325 USD	MI	no	Explorer	No	Over 20k
1FMUK8KH7VGA34637	2027 Ford Explorer ST-Line	Ford	https://www.dahlfordonalaska.com/viewdetails/new/1fmuk8kh7vga34637/2027-ford-explorer-sport-utility/	54320 USD	2027 Agate Black Metallic Ford Explorer ST-Line Intercooled Turbo Premium Gasoline I-4 2.3 L/140 For sale at Dahl Ford Onalaska in Onalaska Wisconsin.	https://content.homenetiol.com/2000157/2065512/0x0/77c9eb6b8e15429c9e458931aaecfb61.jpg	in stock	NEW	SUV	Vehicles & Parts > Vehicles > Motor Vehicles > Cars, Trucks & Vans	1FMUK8KH7VGA34637	https://www.dahlfordonalaska.com/viewdetails/new/1fmuk8kh7vga34637/2027-ford-explorer-sport-utility/123?store={store_code}	BLACK	0 miles	Explorer	1FMUK8KH7VGA34637	2027	54320 USD	11126	54320 USD	MI	no	Explorer	No	Over 20k
1FMUK8KH7VGA36338	2027 Ford Explorer ST-Line	Ford	https://www.dahlfordonalaska.com/viewdetails/new/1fmuk8kh7vga36338/2027-ford-explorer-sport-utility/	53280 USD	2027 Vapor Blue Metallic Ford Explorer ST-Line Intercooled Turbo Premium Gasoline I-4 2.3 L/140 For sale at Dahl Ford Onalaska in Onalaska Wisconsin.	https://content.homenetiol.com/2000157/2065512/0x0/78797f2e17054bacb86367e06a75edfe.jpg	in stock	NEW	SUV	Vehicles & Parts > Vehicles > Motor Vehicles > Cars, Trucks & Vans	1FMUK8KH7VGA36338	https://www.dahlfordonalaska.com/viewdetails/new/1fmuk8kh7vga36338/2027-ford-explorer-sport-utility/123?store={store_code}	BLUE	0 miles	Explorer	1FMUK8KH7VGA36338	2027	53280 USD	11126	53280 USD	MI	no	Explorer	No	Over 20k
1FMWK8GC5VGA33654	2027 Ford Explorer ST	Ford	https://www.dahlfordonalaska.com/viewdetails/new/1fmwk8gc5vga33654/2027-ford-explorer-wagon-4-dr-d-/	65560 USD	2027 Avalanche Gray Ford Explorer ST 3.0L EcoBoost® V6 Engine with Auto Start-Stop Technology For sale at Dahl Ford Onalaska in Onalaska Wisconsin.	https://apicdnprod.forddirectservices.com/v1/inventory/1FMWK8GC5VGA33654/images/1?token=N5sMWA5gmx0pbc0hWnzotCqlLT8ebH8804V0Kd-G-Yv33E-HfaEcxEl5fLBiyEwZykE6M6FLTA6kPoOYJk3yIw&amp;bod=2026090306242447	in stock	NEW	SUV	Vehicles & Parts > Vehicles > Motor Vehicles > Cars, Trucks & Vans	1FMWK8GC5VGA33654	https://www.dahlfordonalaska.com/viewdetails/new/1fmwk8gc5vga33654/2027-ford-explorer-wagon-4-dr-d-/123?store={store_code}	GRAY	0 miles	Explorer	1FMWK8GC5VGA33654	2027	65560 USD	11126	65560 USD	MI	no	Explorer	No	Over 20k
1FMWK8GC6TGC30619	2026 Ford Explorer ST	Ford	https://www.dahlfordonalaska.com/viewdetails/new/1fmwk8gc6tgc30619/2026-ford-explorer-sport-utility/	63940 USD	2026 Carbonized Gray Metallic Ford Explorer ST Twin Turbo Premium Gasoline V-6 3.0 L/183 For sale at Dahl Ford Onalaska in Onalaska Wisconsin.	https://content.homenetiol.com/2000157/2065512/0x0/83eee2dec8304e2cbcc680c5b85d53b2.jpg	in stock	NEW	SUV	Vehicles & Parts > Vehicles > Motor Vehicles > Cars, Trucks & Vans	1FMWK8GC6TGC30619	https://www.dahlfordonalaska.com/viewdetails/new/1fmwk8gc6tgc30619/2026-ford-explorer-sport-utility/123?store={store_code}	GRAY	0 miles	Explorer	1FMWK8GC6TGC30619	2026	63940 USD	11126	63940 USD	MI	no	Explorer	No	Over 20k
1FMWK8GC7TGC36008	2026 Ford Explorer ST	Ford	https://www.dahlfordonalaska.com/viewdetails/new/1fmwk8gc7tgc36008/2026-ford-explorer-sport-utility/	64735 USD	2026 Marsh Gray Ford Explorer ST Twin Turbo Premium Gasoline V-6 3.0 L/183 For sale at Dahl Ford Onalaska in Onalaska Wisconsin.	https://content.homenetiol.com/2000157/2065512/0x0/c765977ba0894d62beb0af921e6e32ea.jpg	in stock	NEW	SUV	Vehicles & Parts > Vehicles > Motor Vehicles > Cars, Trucks & Vans	1FMWK8GC7TGC36008	https://www.dahlfordonalaska.com/viewdetails/new/1fmwk8gc7tgc36008/2026-ford-explorer-sport-utility/123?store={store_code}	GRAY	0 miles	Explorer	1FMWK8GC7TGC36008	2026	64735 USD	11126	64735 USD	MI	no	Explorer	No	Over 20k
1FMWK8GC7TGC45632	2026 Ford Explorer ST	Ford	https://www.dahlfordonalaska.com/viewdetails/new/1fmwk8gc7tgc45632/2026-ford-explorer-sport-utility/	63015 USD	2026 Space White Metallic Ford Explorer ST Twin Turbo Premium Gasoline V-6 3.0 L/183 For sale at Dahl Ford Onalaska in Onalaska Wisconsin.	https://content.homenetiol.com/2000157/2065512/0x0/a0b4d943fe3446b0a2be7c878075713a.jpg	in stock	NEW	SUV	Vehicles & Parts > Vehicles > Motor Vehicles > Cars, Trucks & Vans	1FMWK8GC7TGC45632	https://www.dahlfordonalaska.com/viewdetails/new/1fmwk8gc7tgc45632/2026-ford-explorer-sport-utility/123?store={store_code}	WHITE	0 miles	Explorer	1FMWK8GC7TGC45632	2026	63015 USD	11126	63015 USD	MI	no	Explorer	No	Over 20k
1FMWK8GC8VGA57754	2027 Ford Explorer ST	Ford	https://www.dahlfordonalaska.com/viewdetails/new/1fmwk8gc8vga57754/2027-ford-explorer-wagon-4-dr-d-/	66460 USD	2027 Star White Metallic Tri Coat Ford Explorer ST 3.0L EcoBoost® V6 Engine with Auto Start-Stop Technology For sale at Dahl Ford Onalaska in Onalaska Wisconsin.	https://apicdnprod.forddirectservices.com/v1/inventory/1FMWK8GC8VGA57754/images/1?token=FommGTJuQBx9s98QXiNvIBOFnJonEIbV7tmQ1zXrvt7HXZZV1d4eYijfi4-1PJdIuENTMsO2e8HHokMkyBwjVw&amp;bod=2026100806242122	in stock	NEW	SUV	Vehicles & Parts > Vehicles > Motor Vehicles > Cars, Trucks & Vans	1FMWK8GC8VGA57754	https://www.dahlfordonalaska.com/viewdetails/new/1fmwk8gc8vga57754/2027-ford-explorer-wagon-4-dr-d-/123?store={store_code}	WHITE	0 miles	Explorer	1FMWK8GC8VGA57754	2027	66460 USD	11126	66460 USD	MI	no	Explorer	No	Over 20k
1FMWK8GC9TGC30226	2026 Ford Explorer ST	Ford	https://www.dahlfordonalaska.com/viewdetails/new/1fmwk8gc9tgc30226/2026-ford-explorer-sport-utility/	59755 USD	2026 Agate Black Metallic Ford Explorer ST Twin Turbo Premium Gasoline V-6 3.0 L/183 For sale at Dahl Ford Onalaska in Onalaska Wisconsin.	https://content.homenetiol.com/2000157/2065512/0x0/382328d86a414c83b84be3222078ed14.jpg	in stock	NEW	SUV	Vehicles & Parts > Vehicles > Motor Vehicles > Cars, Trucks & Vans	1FMWK8GC9TGC30226	https://www.dahlfordonalaska.com/viewdetails/new/1fmwk8gc9tgc30226/2026-ford-explorer-sport-utility/123?store={store_code}	BLACK	0 miles	Explorer	1FMWK8GC9TGC30226	2026	59755 USD	11126	59755 USD	MI	no	Explorer	No	Over 20k
1FMWK8HC0VGA05856	2027 Ford Explorer Platinum	Ford	https://www.dahlfordonalaska.com/viewdetails/new/1fmwk8hc0vga05856/2027-ford-explorer-sport-utility/	64270 USD	2027 Star White Metallic Tri Coat Ford Explorer Platinum Twin Turbo Premium Gasoline V-6 3.0 L/183 For sale at Dahl Ford Onalaska in Onalaska Wisconsin.	https://prod.tvmimageservice.com/images/GetEvoxImage?styleid=486726&amp;Width=640&amp;Height=480&amp;Type=jpeg&amp;Angle=03&amp;quality=80&amp;BackGroundColor=white&amp;colorcode=AZ&amp;autocrop=True&amp;useoverrides=true	in stock	NEW	SUV	Vehicles & Parts > Vehicles > Motor Vehicles > Cars, Trucks & Vans	1FMWK8HC0VGA05856	https://www.dahlfordonalaska.com/viewdetails/new/1fmwk8hc0vga05856/2027-ford-explorer-sport-utility/123?store={store_code}	WHITE	0 miles	Explorer	1FMWK8HC0VGA05856	2027	64270 USD	11126	64270 USD	MI	no	Explorer	No	Over 20k
1FMWK8JC1VGA08291	2027 Ford Explorer Tremor	Ford	https://www.dahlfordonalaska.com/viewdetails/new/1fmwk8jc1vga08291/2027-ford-explorer-sport-utility/	64020 USD	2027 Star White Metallic Tri Coat Ford Explorer Tremor Twin Turbo Premium Gasoline V-6 3.0 L/183 For sale at Dahl Ford Onalaska in Onalaska Wisconsin.	https://content.homenetiol.com/2000157/2065512/0x0/d1f0a9632b7e452482e6a7f145ba8564.jpg	in stock	NEW	SUV	Vehicles & Parts > Vehicles > Motor Vehicles > Cars, Trucks & Vans	1FMWK8JC1VGA08291	https://www.dahlfordonalaska.com/viewdetails/new/1fmwk8jc1vga08291/2027-ford-explorer-sport-utility/123?store={store_code}	WHITE	0 miles	Explorer	1FMWK8JC1VGA08291	2027	64020 USD	11126	64020 USD	MI	no	Explorer	No	Over 20k
1FMWK8JC3TGC38587	2026 Ford Explorer Tremor	Ford	https://www.dahlfordonalaska.com/viewdetails/new/1fmwk8jc3tgc38587/2026-ford-explorer-sport-utility/	64080 USD	2026 Carbonized Gray Metallic Ford Explorer Tremor Twin Turbo Premium Gasoline V-6 3.0 L/183 For sale at Dahl Ford Onalaska in Onalaska Wisconsin.	https://content.homenetiol.com/2000157/2065512/0x0/d3ed10fe83af4d2b9c23773267943ae8.jpg	in stock	NEW	SUV	Vehicles & Parts > Vehicles > Motor Vehicles > Cars, Trucks & Vans	1FMWK8JC3TGC38587	https://www.dahlfordonalaska.com/viewdetails/new/1fmwk8jc3tgc38587/2026-ford-explorer-sport-utility/123?store={store_code}	GRAY	0 miles	Explorer	1FMWK8JC3TGC38587	2026	64080 USD	11126	64080 USD	MI	no	Explorer	No	Over 20k
1FT8W2BN0VEC54694	2027 Ford Super Duty F-250 SRW XLT	Ford	https://www.dahlfordonalaska.com/viewdetails/new/1ft8w2bn0vec54694/2027-ford-super-duty-f-250-srw-crew-pickup/	71395 USD	2027 Oxford White Ford Super Duty F-250 SRW XLT 7.3L 2V DEVCT NA PFI V8 Gas For sale at Dahl Ford Onalaska in Onalaska Wisconsin.	https://apicdnprod.forddirectservices.com/v1/inventory/1FT8W2BN0VEC54694/images/1?token=syjaaLkcBaS3Kbkq-cCo-oc2Kz02Xxx1g3v836QscNSSW5CQOMSJk1OSeNwmLpw1_BFh-V27fTg89trSf_7lRw&amp;bod=2026092409241919	in stock	NEW	TRUCK	Vehicles & Parts > Vehicles > Motor Vehicles > Cars, Trucks & Vans	1FT8W2BN0VEC54694	https://www.dahlfordonalaska.com/viewdetails/new/1ft8w2bn0vec54694/2027-ford-super-duty-f-250-srw-crew-pickup/123?store={store_code}	WHITE	0 miles	Super Duty F-250 SRW	1FT8W2BN0VEC54694	2027	71395 USD	11126	71395 USD	MI	no	Super Duty F-250 SRW	No	Over 20k
1FT8W2BN0VEC80891	2027 Ford Super Duty F-250 SRW XLT	Ford	https://www.dahlfordonalaska.com/viewdetails/new/1ft8w2bn0vec80891/2027-ford-super-duty-f-250-srw-crew-pickup/	70585 USD	2027 Oxford White Ford Super Duty F-250 SRW XLT 7.3L 2V DEVCT NA PFI V8 Gas For sale at Dahl Ford Onalaska in Onalaska Wisconsin.	https://apicdnprod.forddirectservices.com/v1/inventory/1FT8W2BN0VEC80891/images/1?token=mO887YaLYX45UnscHrIpbf2cRZfXGthhxN7qQYGfHPypXw4yLI7UFut7XBdGiF6BQfyhDbjtzspcGPX5wdMviA&amp;bod=2026100909241618	in stock	NEW	TRUCK	Vehicles & Parts > Vehicles > Motor Vehicles > Cars, Trucks & Vans	1FT8W2BN0VEC80891	https://www.dahlfordonalaska.com/viewdetails/new/1ft8w2bn0vec80891/2027-ford-super-duty-f-250-srw-crew-pickup/123?store={store_code}	WHITE	0 miles	Super Duty F-250 SRW	1FT8W2BN0VEC80891	2027	70585 USD	11126	70585 USD	MI	no	Super Duty F-250 SRW	No	Over 20k
1FT8W2BN2VEC81671	2027 Ford Super Duty F-250 SRW LARIAT	Ford	https://www.dahlfordonalaska.com/viewdetails/new/1ft8w2bn2vec81671/2027-ford-super-duty-f-250-srw-crew-pickup/	82485 USD	2027 Star White Metallic Tri Coat Ford Super Duty F-250 SRW LARIAT 7.3L 2V DEVCT NA PFI V8 Gas For sale at Dahl Ford Onalaska in Onalaska Wisconsin.	https://apicdnprod.forddirectservices.com/v1/inventory/1FT8W2BN2VEC81671/images/1?token=DzWfAWVQJAOL0ZalFr8Mqe0nvaVlJwmdI0inYR-im6bVLbB9uJ_3sG9KKH25XpPDCcgiN3M90Bn86_8ix2My5w&amp;bod=2026100909241618	in stock	NEW	TRUCK	Vehicles & Parts > Vehicles > Motor Vehicles > Cars, Trucks & Vans	1FT8W2BN2VEC81671	https://www.dahlfordonalaska.com/viewdetails/new/1ft8w2bn2vec81671/2027-ford-super-duty-f-250-srw-crew-pickup/123?store={store_code}	WHITE	0 miles	Super Duty F-250 SRW	1FT8W2BN2VEC81671	2027	82485 USD	11126	82485 USD	MI	no	Super Duty F-250 SRW	No	Over 20k
1FT8W2BN6VEC24809	2027 Ford Super Duty F-250 SRW XLT	Ford	https://www.dahlfordonalaska.com/viewdetails/new/1ft8w2bn6vec24809/2027-ford-super-duty-f-250-srw-crew-cab-pickup/	72570 USD	2027 Agate Black Metallic Ford Super Duty F-250 SRW XLT Regular Unleaded V-8 7.3 L For sale at Dahl Ford Onalaska in Onalaska Wisconsin.	https://content.homenetiol.com/2000157/2065512/0x0/0234ff24a3004615872c7a49df05afdc.jpg	in stock	NEW	TRUCK	Vehicles & Parts > Vehicles > Motor Vehicles > Cars, Trucks & Vans	1FT8W2BN6VEC24809	https://www.dahlfordonalaska.com/viewdetails/new/1ft8w2bn6vec24809/2027-ford-super-duty-f-250-srw-crew-cab-pickup/123?store={store_code}	BLACK	0 miles	Super Duty F-250 SRW	1FT8W2BN6VEC24809	2027	72570 USD	11126	72570 USD	MI	no	Super Duty F-250 SRW	No	Over 20k
1FT8W2BN8VEC71551	2027 Ford Super Duty F-250 SRW XLT	Ford	https://www.dahlfordonalaska.com/viewdetails/new/1ft8w2bn8vec71551/2027-ford-super-duty-f-250-srw-crew-pickup/	74380 USD	2027 Iconic Silver Metallic Ford Super Duty F-250 SRW XLT 7.3L 2V DEVCT NA PFI V8 Gas For sale at Dahl Ford Onalaska in Onalaska Wisconsin.	https://apicdnprod.forddirectservices.com/v1/inventory/1FT8W2BN8VEC71551/images/1?token=Rftpytl8NigPfEARuPFfC6-GqYLq62Ol9njj2QkxYK6LVpggcqoe3DwqMkx9Uspt5XpXJJSS1wYftHLRc4RVVw&amp;bod=2026100209241621	in stock	NEW	TRUCK	Vehicles & Parts > Vehicles > Motor Vehicles > Cars, Trucks & Vans	1FT8W2BN8VEC71551	https://www.dahlfordonalaska.com/viewdetails/new/1ft8w2bn8vec71551/2027-ford-super-duty-f-250-srw-crew-pickup/123?store={store_code}	SILVER	0 miles	Super Duty F-250 SRW	1FT8W2BN8VEC71551	2027	74380 USD	11126	74380 USD	MI	no	Super Duty F-250 SRW	No	Over 20k
1FT8W2BT4TEF02120	2026 Ford Super Duty F-250 SRW LARIAT	Ford	https://www.dahlfordonalaska.com/viewdetails/new/1ft8w2bt4tef02120/2026-ford-super-duty-f-250-srw-crew-cab-pickup/	89295 USD	2026 Agate Black Metallic Ford Super Duty F-250 SRW LARIAT Intercooled Turbo Diesel V-8 6.7 L/406 For sale at Dahl Ford Onalaska in Onalaska Wisconsin.	https://content.homenetiol.com/2000157/2065512/0x0/a47392bf73994f52bb69b0381ab713fc.jpg	in stock	NEW	TRUCK	Vehicles & Parts > Vehicles > Motor Vehicles > Cars, Trucks & Vans	1FT8W2BT4TEF02120	https://www.dahlfordonalaska.com/viewdetails/new/1ft8w2bt4tef02120/2026-ford-super-duty-f-250-srw-crew-cab-pickup/123?store={store_code}	BLACK	0 miles	Super Duty F-250 SRW	1FT8W2BT4TEF02120	2026	89295 USD	11126	89295 USD	MI	no	Super Duty F-250 SRW	No	Over 20k
1FT8W2BT8TEF56598	2026 Ford Super Duty F-250 SRW LARIAT	Ford	https://www.dahlfordonalaska.com/viewdetails/new/1ft8w2bt8tef56598/2026-ford-super-duty-f-250-srw-crew-cab-pickup/	89945 USD	2026 Carbonized Gray Metallic Ford Super Duty F-250 SRW LARIAT Intercooled Turbo Diesel V-8 6.7 L/406 For sale at Dahl Ford Onalaska in Onalaska Wisconsin.	https://content.homenetiol.com/2000157/2065512/0x0/32171ceee9434f46986bdf16077f3af2.jpg	in stock	NEW	TRUCK	Vehicles & Parts > Vehicles > Motor Vehicles > Cars, Trucks & Vans	1FT8W2BT8TEF56598	https://www.dahlfordonalaska.com/viewdetails/new/1ft8w2bt8tef56598/2026-ford-super-duty-f-250-srw-crew-cab-pickup/123?store={store_code}	GRAY	0 miles	Super Duty F-250 SRW	1FT8W2BT8TEF56598	2026	89945 USD	11126	89945 USD	MI	no	Super Duty F-250 SRW	No	Over 20k
1FT8W2BTXTEF56036	2026 Ford Super Duty F-250 SRW LARIAT	Ford	https://www.dahlfordonalaska.com/viewdetails/new/1ft8w2btxtef56036/2026-ford-super-duty-f-250-srw-crew-cab-pickup/	86700 USD	2026 Star White Metallic Tri Coat Ford Super Duty F-250 SRW LARIAT Intercooled Turbo Diesel V-8 6.7 L/406 For sale at Dahl Ford Onalaska in Onalaska Wisconsin.	https://content.homenetiol.com/2000157/2065512/0x0/9c711497f9cd46388ae166405f2b3b7f.jpg	in stock	NEW	TRUCK	Vehicles & Parts > Vehicles > Motor Vehicles > Cars, Trucks & Vans	1FT8W2BTXTEF56036	https://www.dahlfordonalaska.com/viewdetails/new/1ft8w2btxtef56036/2026-ford-super-duty-f-250-srw-crew-cab-pickup/123?store={store_code}	WHITE	0 miles	Super Duty F-250 SRW	1FT8W2BTXTEF56036	2026	86700 USD	11126	86700 USD	MI	no	Super Duty F-250 SRW	No	Over 20k
1FTBF2BN1VEC31818	2027 Ford Super Duty F-250 SRW XL	Ford	https://www.dahlfordonalaska.com/viewdetails/new/1ftbf2bn1vec31818/2027-ford-super-duty-f-250-srw-regular-cab-pickup/	54170 USD	2027 Oxford White Ford Super Duty F-250 SRW XL Regular Unleaded V-8 7.3 L For sale at Dahl Ford Onalaska in Onalaska Wisconsin.	https://prod.tvmimageservice.com/images/GetEvoxImage?styleid=485886&amp;Width=640&amp;Height=480&amp;Type=jpeg&amp;Angle=03&amp;quality=80&amp;BackGroundColor=white&amp;colorcode=Z1&amp;autocrop=True&amp;useoverrides=true	in stock	NEW	TRUCK	Vehicles & Parts > Vehicles > Motor Vehicles > Cars, Trucks & Vans	1FTBF2BN1VEC31818	https://www.dahlfordonalaska.com/viewdetails/new/1ftbf2bn1vec31818/2027-ford-super-duty-f-250-srw-regular-cab-pickup/123?store={store_code}	WHITE	0 miles	Super Duty F-250 SRW	1FTBF2BN1VEC31818	2027	54170 USD	11126	54170 USD	MI	no	Super Duty F-250 SRW	No	Over 20k
1FTBF2BN5VEC63719	2027 Ford Super Duty F-250 SRW XL	Ford	https://www.dahlfordonalaska.com/viewdetails/new/1ftbf2bn5vec63719/2027-ford-super-duty-f-250-srw-pickup/	54680 USD	2027 Oxford White Ford Super Duty F-250 SRW XL 7.3L 2V DEVCT NA PFI V8 Gas For sale at Dahl Ford Onalaska in Onalaska Wisconsin.	https://apicdnprod.forddirectservices.com/v1/inventory/1FTBF2BN5VEC63719/images/1?token=g3nOOJNxemYwXknhSJUHTcE4OMrDnhYHhllK00H8DZes6WXbjq0zEPxQrZZ2Ow_bZLNL4dkMpcnGGjzwqutCmg&amp;bod=2026091512241431	in stock	NEW	TRUCK	Vehicles & Parts > Vehicles > Motor Vehicles > Cars, Trucks & Vans	1FTBF2BN5VEC63719	https://www.dahlfordonalaska.com/viewdetails/new/1ftbf2bn5vec63719/2027-ford-super-duty-f-250-srw-pickup/123?store={store_code}	WHITE	0 miles	Super Duty F-250 SRW	1FTBF2BN5VEC63719	2027	54680 USD	11126	54680 USD	MI	no	Super Duty F-250 SRW	No	Over 20k
1FTBF2BNXVEC58483	2027 Ford Super Duty F-250 SRW XLT	Ford	https://www.dahlfordonalaska.com/viewdetails/new/1ftbf2bnxvec58483/2027-ford-super-duty-f-250-srw-pickup/	55300 USD	2027 Carbonized Gray Metallic Ford Super Duty F-250 SRW XLT 7.3L 2V DEVCT NA PFI V8 Gas For sale at Dahl Ford Onalaska in Onalaska Wisconsin.	https://apicdnprod.forddirectservices.com/v1/inventory/1FTBF2BNXVEC58483/images/1?token=Iv0mPWP8WSGIksq6RONy4qKcVve5RYd0FUPH0sZItHUuz3LJw9LMyKLsZXRwNguuWKASQse51iyOv1JvytaZeA&amp;bod=2026092509242433	in stock	NEW	TRUCK	Vehicles & Parts > Vehicles > Motor Vehicles > Cars, Trucks & Vans	1FTBF2BNXVEC58483	https://www.dahlfordonalaska.com/viewdetails/new/1ftbf2bnxvec58483/2027-ford-super-duty-f-250-srw-pickup/123?store={store_code}	GRAY	0 miles	Super Duty F-250 SRW	1FTBF2BNXVEC58483	2027	55300 USD	11126	55300 USD	MI	no	Super Duty F-250 SRW	No	Over 20k
1FTBF4UG4VKA04117	2027 Ford Transit Cargo Van T-350 HD 148 EL HI RF 9950 GVWR DRW AWD	Ford	https://www.dahlfordonalaska.com/viewdetails/new/1ftbf4ug4vka04117/2027-ford-transit-cargo-van-full-size-cargo-van/	69290 USD	2027 Oxford White Ford Transit Cargo Van T-350 HD 148 EL HI RF 9950 GVWR DRW AWD Twin Turbo Regular Gasoline V-6 3.5 L/213 For sale at Dahl Ford Onalaska in Onalaska Wisconsin.	https://content.homenetiol.com/2000157/2065512/0x0/17df961d21e54b73bac0afb30b8b45e1.jpg	in stock	NEW	VAN	Vehicles & Parts > Vehicles > Motor Vehicles > Cars, Trucks & Vans	1FTBF4UG4VKA04117	https://www.dahlfordonalaska.com/viewdetails/new/1ftbf4ug4vka04117/2027-ford-transit-cargo-van-full-size-cargo-van/123?store={store_code}	WHITE	0 miles	Transit Cargo Van	1FTBF4UG4VKA04117	2027	69290 USD	11126	69290 USD	MI	no	Transit Cargo Van	No	Over 20k
1FTBF4XG0VKA03882	2027 Ford Transit Cargo Van T-350 HD 148 EL HI RF 9950 GVWR DRW RWD	Ford	https://www.dahlfordonalaska.com/viewdetails/new/1ftbf4xg0vka03882/2027-ford-transit-cargo-van-full-size-cargo-van/	64690 USD	2027 Oxford White Ford Transit Cargo Van T-350 HD 148 EL HI RF 9950 GVWR DRW RWD Twin Turbo Regular Gasoline V-6 3.5 L/213 For sale at Dahl Ford Onalaska in Onalaska Wisconsin.	https://content.homenetiol.com/2000157/2065512/0x0/339d021fc0d44ac282794a1e08a19730.jpg	in stock	NEW	VAN	Vehicles & Parts > Vehicles > Motor Vehicles > Cars, Trucks & Vans	1FTBF4XG0VKA03882	https://www.dahlfordonalaska.com/viewdetails/new/1ftbf4xg0vka03882/2027-ford-transit-cargo-van-full-size-cargo-van/123?store={store_code}	WHITE	0 miles	Transit Cargo Van	1FTBF4XG0VKA03882	2027	64690 USD	11126	64690 USD	MI	no	Transit Cargo Van	No	Over 20k
1FTBF8XG6VKA36537	2027 Ford Transit Cargo Van Cargo Van	Ford	https://www.dahlfordonalaska.com/viewdetails/new/1ftbf8xg6vka36537/2027-ford-transit-cargo-van-extended-cargo-van/	68225 USD	2027 Oxford White Ford Transit Cargo Van Cargo Van 3.5L EcoBoost® V6 For sale at Dahl Ford Onalaska in Onalaska Wisconsin.	https://apicdnprod.forddirectservices.com/v1/inventory/1FTBF8XG6VKA36537/images/1?token=w6wMkWBOx282Sofh9isqmo45hL8INnLoqaXkD7ksrv1V3ebCNvHq6ZF7_uqPef9g2XE5OjcJzPzKW6XxwwzkVg&amp;bod=2026100809242915	in stock	NEW	VAN	Vehicles & Parts > Vehicles > Motor Vehicles > Cars, Trucks & Vans	1FTBF8XG6VKA36537	https://www.dahlfordonalaska.com/viewdetails/new/1ftbf8xg6vka36537/2027-ford-transit-cargo-van-extended-cargo-van/123?store={store_code}	WHITE	0 miles	Transit Cargo Van	1FTBF8XG6VKA36537	2027	68225 USD	11126	68225 USD	MI	no	Transit Cargo Van	No	Over 20k
1FTBR1C87VKA19436	2027 Ford Transit Cargo Van Cargo Van	Ford	https://www.dahlfordonalaska.com/viewdetails/new/1ftbr1c87vka19436/2027-ford-transit-cargo-van-cargo-van/	57180 USD	2027 Oxford White Ford Transit Cargo Van Cargo Van 3.5L PFDi V6 For sale at Dahl Ford Onalaska in Onalaska Wisconsin.	https://apicdnprod.forddirectservices.com/v1/inventory/1FTBR1C87VKA19436/images/1?token=toBo7IjTfDDLTMf3vnEqncMda2DTAnZuikJct3uKKsPE2OD85GUKOYRdD04lf9KlfkcXf8Du3y89y4-yyJcukA&amp;bod=2026091512241431	in stock	NEW	VAN	Vehicles & Parts > Vehicles > Motor Vehicles > Cars, Trucks & Vans	1FTBR1C87VKA19436	https://www.dahlfordonalaska.com/viewdetails/new/1ftbr1c87vka19436/2027-ford-transit-cargo-van-cargo-van/123?store={store_code}	WHITE	0 miles	Transit Cargo Van	1FTBR1C87VKA19436	2027	57180 USD	11126	57180 USD	MI	no	Transit Cargo Van	No	Over 20k
1FTBR2C80TKA32466	2026 Ford Transit Cargo Van	Ford	https://www.dahlfordonalaska.com/viewdetails/new/1ftbr2c80tka32466/2026-ford-transit-cargo-van-full-size-cargo-van/	58940 USD	2026 Oxford White Ford Transit Cargo Van Regular Gasoline V-6 3.5 L/213 For sale at Dahl Ford Onalaska in Onalaska Wisconsin.	https://content.homenetiol.com/2000157/2065512/0x0/0aed1f32d3684600a152c03da7689973.jpg	in stock	NEW	VAN	Vehicles & Parts > Vehicles > Motor Vehicles > Cars, Trucks & Vans	1FTBR2C80TKA32466	https://www.dahlfordonalaska.com/viewdetails/new/1ftbr2c80tka32466/2026-ford-transit-cargo-van-full-size-cargo-van/123?store={store_code}	WHITE	0 miles	Transit Cargo Van	1FTBR2C80TKA32466	2026	58940 USD	11126	58940 USD	MI	no	Transit Cargo Van	No	Over 20k
1FTBR2C83VKA17379	2027 Ford Transit Cargo Van T-250 148 MED RF 9150 GVWR AWD	Ford	https://www.dahlfordonalaska.com/viewdetails/new/1ftbr2c83vka17379/2027-ford-transit-cargo-van-full-size-cargo-van/	61665 USD	2027 Oxford White Ford Transit Cargo Van T-250 148 MED RF 9150 GVWR AWD Regular Gasoline V-6 3.5 L/213 For sale at Dahl Ford Onalaska in Onalaska Wisconsin.	https://content.homenetiol.com/2000157/2065512/0x0/bc0642e0eb0b4766ba69fdfea0c304de.jpg	in stock	NEW	VAN	Vehicles & Parts > Vehicles > Motor Vehicles > Cars, Trucks & Vans	1FTBR2C83VKA17379	https://www.dahlfordonalaska.com/viewdetails/new/1ftbr2c83vka17379/2027-ford-transit-cargo-van-full-size-cargo-van/123?store={store_code}	WHITE	0 miles	Transit Cargo Van	1FTBR2C83VKA17379	2027	61665 USD	11126	61665 USD	MI	no	Transit Cargo Van	No	Over 20k
1FTBR2C85TKA32706	2026 Ford Transit Cargo Van	Ford	https://www.dahlfordonalaska.com/viewdetails/new/1ftbr2c85tka32706/2026-ford-transit-cargo-van-full-size-cargo-van/	58940 USD	2026 Oxford White Ford Transit Cargo Van Regular Gasoline V-6 3.5 L/213 For sale at Dahl Ford Onalaska in Onalaska Wisconsin.	https://content.homenetiol.com/2000157/2065512/0x0/3540b2f438e04e3388de4d8150f1d8cd.jpg	in stock	NEW	VAN	Vehicles & Parts > Vehicles > Motor Vehicles > Cars, Trucks & Vans	1FTBR2C85TKA32706	https://www.dahlfordonalaska.com/viewdetails/new/1ftbr2c85tka32706/2026-ford-transit-cargo-van-full-size-cargo-van/123?store={store_code}	WHITE	0 miles	Transit Cargo Van	1FTBR2C85TKA32706	2026	58940 USD	11126	58940 USD	MI	no	Transit Cargo Van	No	Over 20k
1FTBR2C85VKA17772	2027 Ford Transit Cargo Van T-250 148 MED RF 9150 GVWR AWD	Ford	https://www.dahlfordonalaska.com/viewdetails/new/1ftbr2c85vka17772/2027-ford-transit-cargo-van-full-size-cargo-van/	61380 USD	2027 Oxford White Ford Transit Cargo Van T-250 148 MED RF 9150 GVWR AWD Regular Gasoline V-6 3.5 L/213 For sale at Dahl Ford Onalaska in Onalaska Wisconsin.	https://prod.tvmimageservice.com/images/GetEvoxImage?styleid=485707&amp;Width=640&amp;Height=480&amp;Type=jpeg&amp;Angle=03&amp;quality=80&amp;BackGroundColor=white&amp;colorcode=YZ&amp;autocrop=True&amp;useoverrides=true	in stock	NEW	VAN	Vehicles & Parts > Vehicles > Motor Vehicles > Cars, Trucks & Vans	1FTBR2C85VKA17772	https://www.dahlfordonalaska.com/viewdetails/new/1ftbr2c85vka17772/2027-ford-transit-cargo-van-full-size-cargo-van/123?store={store_code}	WHITE	0 miles	Transit Cargo Van	1FTBR2C85VKA17772	2027	61380 USD	11126	61380 USD	MI	no	Transit Cargo Van	No	Over 20k
1FTBR2C87VKA18003	2027 Ford Transit Cargo Van T-250 148 MED RF 9150 GVWR AWD	Ford	https://www.dahlfordonalaska.com/viewdetails/new/1ftbr2c87vka18003/2027-ford-transit-cargo-van-full-size-cargo-van/	61380 USD	2027 Oxford White Ford Transit Cargo Van T-250 148 MED RF 9150 GVWR AWD Regular Gasoline V-6 3.5 L/213 For sale at Dahl Ford Onalaska in Onalaska Wisconsin.	https://prod.tvmimageservice.com/images/GetEvoxImage?styleid=485707&amp;Width=640&amp;Height=480&amp;Type=jpeg&amp;Angle=03&amp;quality=80&amp;BackGroundColor=white&amp;colorcode=YZ&amp;autocrop=True&amp;useoverrides=true	in stock	NEW	VAN	Vehicles & Parts > Vehicles > Motor Vehicles > Cars, Trucks & Vans	1FTBR2C87VKA18003	https://www.dahlfordonalaska.com/viewdetails/new/1ftbr2c87vka18003/2027-ford-transit-cargo-van-full-size-cargo-van/123?store={store_code}	WHITE	0 miles	Transit Cargo Van	1FTBR2C87VKA18003	2027	61380 USD	11126	61380 USD	MI	no	Transit Cargo Van	No	Over 20k
1FTER4HH0TLE56256	2026 Ford Ranger XLT	Ford	https://www.dahlfordonalaska.com/viewdetails/new/1fter4hh0tle56256/2026-ford-ranger-crew-pickup/	47425 USD	2026 Oxford White Ford Ranger XLT 2.3L EcoBoost® Engine with Auto Start-Stop Technology For sale at Dahl Ford Onalaska in Onalaska Wisconsin.	https://apicdnprod.forddirectservices.com/v1/inventory/1FTER4HH0TLE56256/images/1?token=BlwXwmFnQlr2ZEDenIg2q2nhbwZtrFzdzrPLYnEd5p0ZMNIuPi2DDLRdxi8Bt3djEW-QL3nYEfYHnsjKyi18Pw&amp;bod=202609270624736	in stock	NEW	TRUCK	Vehicles & Parts > Vehicles > Motor Vehicles > Cars, Trucks & Vans	1FTER4HH0TLE56256	https://www.dahlfordonalaska.com/viewdetails/new/1fter4hh0tle56256/2026-ford-ranger-crew-pickup/123?store={store_code}	WHITE	0 miles	Ranger	1FTER4HH0TLE56256	2026	47425 USD	11126	47425 USD	MI	no	Ranger	No	Over 20k
1FTER4HH7TLE45092	2026 Ford Ranger XLT	Ford	https://www.dahlfordonalaska.com/viewdetails/new/1fter4hh7tle45092/2026-ford-ranger-crew-cab-pickup/	46570 USD	2026 Shadow Black Ford Ranger XLT Intercooled Turbo Regular Gasoline I-4 2.3 L/140 For sale at Dahl Ford Onalaska in Onalaska Wisconsin.	https://content.homenetiol.com/2000157/2065512/0x0/05c712bdd6964c60a55446e55e08f250.jpg	in stock	NEW	TRUCK	Vehicles & Parts > Vehicles > Motor Vehicles > Cars, Trucks & Vans	1FTER4HH7TLE45092	https://www.dahlfordonalaska.com/viewdetails/new/1fter4hh7tle45092/2026-ford-ranger-crew-cab-pickup/123?store={store_code}	BLACK	0 miles	Ranger	1FTER4HH7TLE45092	2026	46570 USD	11126	46570 USD	MI	no	Ranger	No	Over 20k
1FTER4HHXTLE53543	2026 Ford Ranger XLT	Ford	https://www.dahlfordonalaska.com/viewdetails/new/1fter4hhxtle53543/2026-ford-ranger-crew-cab-pickup/	43975 USD	2026 Shadow Black Ford Ranger XLT Intercooled Turbo Regular Gasoline I-4 2.3 L/140 For sale at Dahl Ford Onalaska in Onalaska Wisconsin.	https://content.homenetiol.com/2000157/2065512/0x0/ac1994b70d5f46c085525dbdb4b3ae7a.jpg	in stock	NEW	TRUCK	Vehicles & Parts > Vehicles > Motor Vehicles > Cars, Trucks & Vans	1FTER4HHXTLE53543	https://www.dahlfordonalaska.com/viewdetails/new/1fter4hhxtle53543/2026-ford-ranger-crew-cab-pickup/123?store={store_code}	BLACK	0 miles	Ranger	1FTER4HHXTLE53543	2026	43975 USD	11126	43975 USD	MI	no	Ranger	No	Over 20k
1FTER4LR8TLE61575	2026 Ford Ranger Raptor	Ford	https://www.dahlfordonalaska.com/viewdetails/new/1fter4lr8tle61575/2026-ford-ranger-crew-pickup/	59790 USD	2026 Shelter Green Metallic Ford Ranger Raptor 3.0L EcoBoost® V6 Engine with Auto Start-Stop Technology For sale at Dahl Ford Onalaska in Onalaska Wisconsin.	https://apicdnprod.forddirectservices.com/v1/inventory/1FTER4LR8TLE61575/images/1?token=XkgYkHntq6WNVyE9j8lj1Hlwsu0Prcqwbt2mOYvaNmMpmYect1NBKXcdoQ4UL74BwM5V_MbS0oB8W0z8cDRFLg&amp;bod=2026100309241705	in stock	NEW	TRUCK	Vehicles & Parts > Vehicles > Motor Vehicles > Cars, Trucks & Vans	1FTER4LR8TLE61575	https://www.dahlfordonalaska.com/viewdetails/new/1fter4lr8tle61575/2026-ford-ranger-crew-pickup/123?store={store_code}	GREEN	0 miles	Ranger	1FTER4LR8TLE61575	2026	59790 USD	11126	59790 USD	MI	no	Ranger	No	Over 20k
1FTEW3LPXTFC43685	2026 Ford F-150 XLT	Ford	https://www.dahlfordonalaska.com/viewdetails/new/1ftew3lpxtfc43685/2026-ford-f-150-crew-pickup/	61905 USD	2026 Agate Black Metallic Ford F-150 XLT 2.7L V6 EcoBoost® Engine with Auto Start-Stop Technology For sale at Dahl Ford Onalaska in Onalaska Wisconsin.	https://apicdnprod.forddirectservices.com/v1/inventory/1FTEW3LPXTFC43685/images/1?token=IoRjaX5i3xFr5z5L-C5YPYDCWqk7mUzNaogzuuDXd61lK6YK_8a53jnsUUSCNHWhe5OtjpBj3-xgYzUXsaFORQ&amp;bod=2026092606241057	in stock	NEW	TRUCK	Vehicles & Parts > Vehicles > Motor Vehicles > Cars, Trucks & Vans	1FTEW3LPXTFC43685	https://www.dahlfordonalaska.com/viewdetails/new/1ftew3lpxtfc43685/2026-ford-f-150-crew-pickup/123?store={store_code}	BLACK	0 miles	F-150	1FTEW3LPXTFC43685	2026	61905 USD	11126	61905 USD	MI	no	F-150	No	Over 20k
1FTFW1RG2TFC27447	2026 Ford F-150 Raptor	Ford	https://www.dahlfordonalaska.com/viewdetails/new/1ftfw1rg2tfc27447/2026-ford-f-150-crew-pickup/	84050 USD	2026 Carbonized Gray Metallic Ford F-150 Raptor 3.5L V6 EcoBoost® Engine with Auto Start-Stop Technology For sale at Dahl Ford Onalaska in Onalaska Wisconsin.	https://apicdnprod.forddirectservices.com/v1/inventory/1FTFW1RG2TFC27447/images/1?token=SVjxRv2k2Ns37itthdJeWwefLFJacrlvkt_BH_bbtQvw16WcKucrPQ-r7PJEGXN9g7_A1a1fsMBA2oTYS0TKvA&amp;bod=202610040924852	in stock	NEW	TRUCK	Vehicles & Parts > Vehicles > Motor Vehicles > Cars, Trucks & Vans	1FTFW1RG2TFC27447	https://www.dahlfordonalaska.com/viewdetails/new/1ftfw1rg2tfc27447/2026-ford-f-150-crew-pickup/123?store={store_code}	GRAY	0 miles	F-150	1FTFW1RG2TFC27447	2026	84050 USD	11126	84050 USD	MI	no	F-150	No	Over 20k
1FTFW1RG8TFB63494	2026 Ford F-150 Raptor	Ford	https://www.dahlfordonalaska.com/viewdetails/new/1ftfw1rg8tfb63494/2026-ford-f-150-crew-cab-pickup/	95520 USD	2026 Agate Black Metallic Ford F-150 Raptor Ecoboost 3.5L V6 For sale at Dahl Ford Onalaska in Onalaska Wisconsin.	https://content.homenetiol.com/2000157/2065512/0x0/4d5966604e024652b2b0ffa3e495c63a.jpg	in stock	NEW	TRUCK	Vehicles & Parts > Vehicles > Motor Vehicles > Cars, Trucks & Vans	1FTFW1RG8TFB63494	https://www.dahlfordonalaska.com/viewdetails/new/1ftfw1rg8tfb63494/2026-ford-f-150-crew-cab-pickup/123?store={store_code}	BLACK	0 miles	F-150	1FTFW1RG8TFB63494	2026	95520 USD	11126	95520 USD	MI	no	F-150	No	Over 20k
1FTFW3L50TKF51524	2026 Ford F-150 XLT	Ford	https://www.dahlfordonalaska.com/viewdetails/new/1ftfw3l50tkf51524/2026-ford-f-150-crew-pickup/	67750 USD	2026 Oxford White Ford F-150 XLT 5.0L V8 with Auto Start-Stop Technology For sale at Dahl Ford Onalaska in Onalaska Wisconsin.	https://apicdnprod.forddirectservices.com/v1/inventory/1FTFW3L50TKF51524/images/1?token=i62wadEgN_kSFORnbQEHIGQE_XbVMn18A47u9wq8DkSwNnsVs15qJ-uOQfiDHo1D7uIoL-wV2uVcyqGzaKqmAg&amp;bod=2026090306242447	in stock	NEW	TRUCK	Vehicles & Parts > Vehicles > Motor Vehicles > Cars, Trucks & Vans	1FTFW3L50TKF51524	https://www.dahlfordonalaska.com/viewdetails/new/1ftfw3l50tkf51524/2026-ford-f-150-crew-pickup/123?store={store_code}	WHITE	0 miles	F-150	1FTFW3L50TKF51524	2026	67750 USD	11126	67750 USD	MI	no	F-150	No	Over 20k
1FTFW3L51TKF44128	2026 Ford F-150 XLT	Ford	https://www.dahlfordonalaska.com/viewdetails/new/1ftfw3l51tkf44128/2026-ford-f-150-crew-pickup/	64430 USD	2026 Agate Black Metallic Ford F-150 XLT 5.0L V8 with Auto Start-Stop Technology For sale at Dahl Ford Onalaska in Onalaska Wisconsin.	https://apicdnprod.forddirectservices.com/v1/inventory/1FTFW3L51TKF44128/images/1?token=nPGLzNdSmRT3-8OWHT-uTQGoIg_J4XgUJSRaaRSTYJgddkiDf9qaaTiuRtEwH2Xl-KLFFv1YZF49OjM6LwJIzQ&amp;bod=2026092606241057	in stock	NEW	TRUCK	Vehicles & Parts > Vehicles > Motor Vehicles > Cars, Trucks & Vans	1FTFW3L51TKF44128	https://www.dahlfordonalaska.com/viewdetails/new/1ftfw3l51tkf44128/2026-ford-f-150-crew-pickup/123?store={store_code}	BLACK	0 miles	F-150	1FTFW3L51TKF44128	2026	64430 USD	11126	64430 USD	MI	no	F-150	No	Over 20k
1FTFW3L51TKF51984	2026 Ford F-150 XLT	Ford	https://www.dahlfordonalaska.com/viewdetails/new/1ftfw3l51tkf51984/2026-ford-f-150-crew-pickup/	69625 USD	2026 Iconic Silver Metallic Ford F-150 XLT 5.0L V8 with Auto Start-Stop Technology For sale at Dahl Ford Onalaska in Onalaska Wisconsin.	https://apicdnprod.forddirectservices.com/v1/inventory/1FTFW3L51TKF51984/images/1?token=A0d7YtxRWTZ88BmXNq70ptYxpmir2pSTG-rTYrAaU8dn2OPEkwIj3uoStUEBepfqFRV2-ND4-dA_RYgPSEHd6A&amp;bod=2026090306242447	in stock	NEW	TRUCK	Vehicles & Parts > Vehicles > Motor Vehicles > Cars, Trucks & Vans	1FTFW3L51TKF51984	https://www.dahlfordonalaska.com/viewdetails/new/1ftfw3l51tkf51984/2026-ford-f-150-crew-pickup/123?store={store_code}	SILVER	0 miles	F-150	1FTFW3L51TKF51984	2026	69625 USD	11126	69625 USD	MI	no	F-150	No	Over 20k
1FTFW3L59TKF01947	2026 Ford F-150 XLT	Ford	https://www.dahlfordonalaska.com/viewdetails/new/1ftfw3l59tkf01947/2026-ford-f-150-crew-pickup/	66270 USD	2026 Carbonized Gray Metallic Ford F-150 XLT 5.0L V8 with Auto Start-Stop Technology For sale at Dahl Ford Onalaska in Onalaska Wisconsin.	https://apicdnprod.forddirectservices.com/v1/inventory/1FTFW3L59TKF01947/images/1?token=QOHiRMsdkoT5KzcL_LfFGhOfFL68oj6PPtoTI2O3L7GQVg0ZBfUeZysgAg6rKzO7QWzNB-lSJNKEU8PCD0vzew&amp;bod=2026090104243949	in stock	NEW	TRUCK	Vehicles & Parts > Vehicles > Motor Vehicles > Cars, Trucks & Vans	1FTFW3L59TKF01947	https://www.dahlfordonalaska.com/viewdetails/new/1ftfw3l59tkf01947/2026-ford-f-150-crew-pickup/123?store={store_code}	GRAY	0 miles	F-150	1FTFW3L59TKF01947	2026	66270 USD	11126	66270 USD	MI	no	F-150	No	Over 20k
1FTFW3L5XTKF52986	2026 Ford F-150 XLT	Ford	https://www.dahlfordonalaska.com/viewdetails/new/1ftfw3l5xtkf52986/2026-ford-f-150-crew-pickup/	68870 USD	2026 Agate Black Metallic Ford F-150 XLT 5.0L V8 with Auto Start-Stop Technology For sale at Dahl Ford Onalaska in Onalaska Wisconsin.	https://apicdnprod.forddirectservices.com/v1/inventory/1FTFW3L5XTKF52986/images/1?token=Ang7Ez7owLePyG8YQN_D1EPqrJ55sp5CQkn9K9a1QcsTmmQBI9rtKVfdGcxEKLBikq5h_3LSfGoVEPzZ0dvfNw&amp;bod=2026090306242447	in stock	NEW	TRUCK	Vehicles & Parts > Vehicles > Motor Vehicles > Cars, Trucks & Vans	1FTFW3L5XTKF52986	https://www.dahlfordonalaska.com/viewdetails/new/1ftfw3l5xtkf52986/2026-ford-f-150-crew-pickup/123?store={store_code}	BLACK	0 miles	F-150	1FTFW3L5XTKF52986	2026	68870 USD	11126	68870 USD	MI	no	F-150	No	Over 20k
1FTFW3L82TFC22259	2026 Ford F-150 XLT	Ford	https://www.dahlfordonalaska.com/viewdetails/new/1ftfw3l82tfc22259/2026-ford-f-150-crew-pickup/	68625 USD	2026 Antimatter Blue Metallic Ford F-150 XLT 3.5L V6 EcoBoost® Engine with Auto Start-Stop Technology For sale at Dahl Ford Onalaska in Onalaska Wisconsin.	https://apicdnprod.forddirectservices.com/v1/inventory/1FTFW3L82TFC22259/images/1?token=OeaMWcR515nOjjz7sA3jIjciHtiNYm0El74FacQ7uAaE8uoK7WnQvNmZHehUIUkukp9qxFRafP1QgBaWwm8rSw&amp;bod=2026092109242454	in stock	NEW	TRUCK	Vehicles & Parts > Vehicles > Motor Vehicles > Cars, Trucks & Vans	1FTFW3L82TFC22259	https://www.dahlfordonalaska.com/viewdetails/new/1ftfw3l82tfc22259/2026-ford-f-150-crew-pickup/123?store={store_code}	BLUE	0 miles	F-150	1FTFW3L82TFC22259	2026	68625 USD	11126	68625 USD	MI	no	F-150	No	Over 20k
1FTFW3L85TKF51822	2026 Ford F-150 XLT	Ford	https://www.dahlfordonalaska.com/viewdetails/new/1ftfw3l85tkf51822/2026-ford-f-150-crew-pickup/	73980 USD	2026 Carbonized Gray Metallic Ford F-150 XLT 3.5L V6 EcoBoost® Engine with Auto Start-Stop Technology For sale at Dahl Ford Onalaska in Onalaska Wisconsin.	https://apicdnprod.forddirectservices.com/v1/inventory/1FTFW3L85TKF51822/images/1?token=XG4eE-kvIT3DpnRhva947Dy7MXtqlKcqGbgeosxK3F8dBGVy4Azsc6SfsW_Wnsrlf3ED6P8mgJna1i6_hUnrqg&amp;bod=202609040624759	in stock	NEW	TRUCK	Vehicles & Parts > Vehicles > Motor Vehicles > Cars, Trucks & Vans	1FTFW3L85TKF51822	https://www.dahlfordonalaska.com/viewdetails/new/1ftfw3l85tkf51822/2026-ford-f-150-crew-pickup/123?store={store_code}	GRAY	0 miles	F-150	1FTFW3L85TKF51822	2026	73980 USD	11126	73980 USD	MI	no	F-150	No	Over 20k
1FTFW3L86TFC10017	2026 Ford F-150 XLT	Ford	https://www.dahlfordonalaska.com/viewdetails/new/1ftfw3l86tfc10017/2026-ford-f-150-crew-cab-pickup/	66100 USD	2026 Antimatter Blue Metallic Ford F-150 XLT Regular Unleaded V6 3.5 L EcoBoost For sale at Dahl Ford Onalaska in Onalaska Wisconsin.	https://content.homenetiol.com/2000157/2065512/0x0/0f07dbbf232e4219ab7318d8575e77b1.jpg	in stock	NEW	TRUCK	Vehicles & Parts > Vehicles > Motor Vehicles > Cars, Trucks & Vans	1FTFW3L86TFC10017	https://www.dahlfordonalaska.com/viewdetails/new/1ftfw3l86tfc10017/2026-ford-f-150-crew-cab-pickup/123?store={store_code}	BLUE	0 miles	F-150	1FTFW3L86TFC10017	2026	66100 USD	11126	66100 USD	MI	no	F-150	No	Over 20k
1FTFW3L88TKF09113	2026 Ford F-150 XLT	Ford	https://www.dahlfordonalaska.com/viewdetails/new/1ftfw3l88tkf09113/2026-ford-f-150-crew-pickup/	66835 USD	2026 Iconic Silver Metallic Ford F-150 XLT 3.5L V6 EcoBoost® Engine with Auto Start-Stop Technology For sale at Dahl Ford Onalaska in Onalaska Wisconsin.	https://apicdnprod.forddirectservices.com/v1/inventory/1FTFW3L88TKF09113/images/1?token=fWT2XamKsR5Txsix5pwCMCv8WG2s2uv-qTHDgA8oL5LVTffmQJ9fJoO6VAHH1_Z4qd6l16od-tZl42h1E4_k_A&amp;bod=202609120624924	in stock	NEW	TRUCK	Vehicles & Parts > Vehicles > Motor Vehicles > Cars, Trucks & Vans	1FTFW3L88TKF09113	https://www.dahlfordonalaska.com/viewdetails/new/1ftfw3l88tkf09113/2026-ford-f-150-crew-pickup/123?store={store_code}	SILVER	0 miles	F-150	1FTFW3L88TKF09113	2026	66835 USD	11126	66835 USD	MI	no	F-150	No	Over 20k
1FTFW3L89TKF51919	2026 Ford F-150 XLT	Ford	https://www.dahlfordonalaska.com/viewdetails/new/1ftfw3l89tkf51919/2026-ford-f-150-crew-pickup/	72860 USD	2026 Carbonized Gray Metallic Ford F-150 XLT 3.5L V6 EcoBoost® Engine with Auto Start-Stop Technology For sale at Dahl Ford Onalaska in Onalaska Wisconsin.	https://apicdnprod.forddirectservices.com/v1/inventory/1FTFW3L89TKF51919/images/1?token=JhNske56pGpigrtSMWLfNJlqxhrhKVf6mSUD92i_epvEkkqP4Y6dhlkotn7gos3aGAjObaLYx9dPLM_8O42tjw&amp;bod=202609040624759	in stock	NEW	TRUCK	Vehicles & Parts > Vehicles > Motor Vehicles > Cars, Trucks & Vans	1FTFW3L89TKF51919	https://www.dahlfordonalaska.com/viewdetails/new/1ftfw3l89tkf51919/2026-ford-f-150-crew-pickup/123?store={store_code}	GRAY	0 miles	F-150	1FTFW3L89TKF51919	2026	72860 USD	11126	72860 USD	MI	no	F-150	No	Over 20k
1FTFW3L8XTKF07170	2026 Ford F-150 XLT	Ford	https://www.dahlfordonalaska.com/viewdetails/new/1ftfw3l8xtkf07170/2026-ford-f-150-crew-pickup/	64645 USD	2026 Iconic Silver Metallic Ford F-150 XLT 3.5L V6 EcoBoost® Engine with Auto Start-Stop Technology For sale at Dahl Ford Onalaska in Onalaska Wisconsin.	https://apicdnprod.forddirectservices.com/v1/inventory/1FTFW3L8XTKF07170/images/1?token=faS71gekhh82h2GECYH5Iz1LbELi7NI92ZN55KTT_CedsgjB6LgYAPttFNqLug7WPQn5Rzn8738m8yjbb5x19Q&amp;bod=2026092606241057	in stock	NEW	TRUCK	Vehicles & Parts > Vehicles > Motor Vehicles > Cars, Trucks & Vans	1FTFW3L8XTKF07170	https://www.dahlfordonalaska.com/viewdetails/new/1ftfw3l8xtkf07170/2026-ford-f-150-crew-pickup/123?store={store_code}	SILVER	0 miles	F-150	1FTFW3L8XTKF07170	2026	64645 USD	11126	64645 USD	MI	no	F-150	No	Over 20k
1FTFW3LD0TFB73155	2026 Ford F-150 XLT	Ford	https://www.dahlfordonalaska.com/viewdetails/new/1ftfw3ld0tfb73155/2026-ford-f-150-crew-cab-pickup/	67625 USD	2026 Agate Black Metallic Ford F-150 XLT PowerBoost Full-Hybrid V6 3.5 L For sale at Dahl Ford Onalaska in Onalaska Wisconsin.	https://content.homenetiol.com/2000157/2065512/0x0/ef70d54aa740486ea3e61609c82218e8.jpg	in stock	NEW	TRUCK	Vehicles & Parts > Vehicles > Motor Vehicles > Cars, Trucks & Vans	1FTFW3LD0TFB73155	https://www.dahlfordonalaska.com/viewdetails/new/1ftfw3ld0tfb73155/2026-ford-f-150-crew-cab-pickup/123?store={store_code}	BLACK	0 miles	F-150	1FTFW3LD0TFB73155	2026	67625 USD	11126	67625 USD	MI	no	F-150	No	Over 20k
1FTFW3LD2TFB28380	2026 Ford F-150 XLT	Ford	https://www.dahlfordonalaska.com/viewdetails/new/1ftfw3ld2tfb28380/2026-ford-f-150-crew-cab-pickup/	73690 USD	2026 Antimatter Blue Metallic Ford F-150 XLT PowerBoost Full-Hybrid V6 3.5 L For sale at Dahl Ford Onalaska in Onalaska Wisconsin.	https://content.homenetiol.com/2000157/2065512/0x0/7b1b1d8784f2454c9ab98ef25853e387.jpg	in stock	NEW	TRUCK	Vehicles & Parts > Vehicles > Motor Vehicles > Cars, Trucks & Vans	1FTFW3LD2TFB28380	https://www.dahlfordonalaska.com/viewdetails/new/1ftfw3ld2tfb28380/2026-ford-f-150-crew-cab-pickup/123?store={store_code}	BLUE	0 miles	F-150	1FTFW3LD2TFB28380	2026	73690 USD	11126	73690 USD	MI	no	F-150	No	Over 20k
1FTFW3LD2TFB94637	2026 Ford F-150 XLT	Ford	https://www.dahlfordonalaska.com/viewdetails/new/1ftfw3ld2tfb94637/2026-ford-f-150-crew-cab-pickup/	68900 USD	2026 Antimatter Blue Metallic Ford F-150 XLT PowerBoost Full-Hybrid V6 3.5 L For sale at Dahl Ford Onalaska in Onalaska Wisconsin.	https://content.homenetiol.com/2000157/2065512/0x0/5f0056cacb234acbb86d56a15d9106f5.jpg	in stock	NEW	TRUCK	Vehicles & Parts > Vehicles > Motor Vehicles > Cars, Trucks & Vans	1FTFW3LD2TFB94637	https://www.dahlfordonalaska.com/viewdetails/new/1ftfw3ld2tfb94637/2026-ford-f-150-crew-cab-pickup/123?store={store_code}	BLUE	0 miles	F-150	1FTFW3LD2TFB94637	2026	68900 USD	11126	68900 USD	MI	no	F-150	No	Over 20k
1FTFW3LD2TFC52536	2026 Ford F-150 XLT	Ford	https://www.dahlfordonalaska.com/viewdetails/new/1ftfw3ld2tfc52536/2026-ford-f-150-crew-pickup/	69555 USD	2026 Ruby Red Metallic Tinted Clearcoat Ford F-150 XLT 3.5L PowerBoost® Full Hybrid V6 For sale at Dahl Ford Onalaska in Onalaska Wisconsin.	https://apicdnprod.forddirectservices.com/v1/inventory/1FTFW3LD2TFC52536/images/1?token=w4dE49zPRgNfUdjuIxSfZOB1d6m4D5-I8dc3K9wNxGMezp_q1ns_uUx0JDg47HgAxYdXGYSt-EbC6eKPQ7yJbQ&amp;bod=2026092606241057	in stock	NEW	TRUCK	Vehicles & Parts > Vehicles > Motor Vehicles > Cars, Trucks & Vans	1FTFW3LD2TFC52536	https://www.dahlfordonalaska.com/viewdetails/new/1ftfw3ld2tfc52536/2026-ford-f-150-crew-pickup/123?store={store_code}	RED	0 miles	F-150	1FTFW3LD2TFC52536	2026	69555 USD	11126	69555 USD	MI	no	F-150	No	Over 20k
1FTFW3LD5TFC54894	2026 Ford F-150 XLT	Ford	https://www.dahlfordonalaska.com/viewdetails/new/1ftfw3ld5tfc54894/2026-ford-f-150-crew-pickup/	67810 USD	2026 Carbonized Gray Metallic Ford F-150 XLT 3.5L PowerBoost® Full Hybrid V6 For sale at Dahl Ford Onalaska in Onalaska Wisconsin.	https://apicdnprod.forddirectservices.com/v1/inventory/1FTFW3LD5TFC54894/images/1?token=Ap9RykJ0UNkPv7mk0R0CHp9FUcy8LitKLLiPN9dR6xfzEOFHfSqfIqj3VoQYQxi9-DqYNZA9oWoR50Is6-keHA&amp;bod=202609240624843	in stock	NEW	TRUCK	Vehicles & Parts > Vehicles > Motor Vehicles > Cars, Trucks & Vans	1FTFW3LD5TFC54894	https://www.dahlfordonalaska.com/viewdetails/new/1ftfw3ld5tfc54894/2026-ford-f-150-crew-pickup/123?store={store_code}	GRAY	0 miles	F-150	1FTFW3LD5TFC54894	2026	67810 USD	11126	67810 USD	MI	no	F-150	No	Over 20k
1FTFW3LD8TFB44034	2026 Ford F-150 XLT	Ford	https://www.dahlfordonalaska.com/viewdetails/new/1ftfw3ld8tfb44034/2026-ford-f-150-crew-cab-pickup/	67610 USD	2026 Oxford White Ford F-150 XLT PowerBoost Full-Hybrid V6 3.5 L For sale at Dahl Ford Onalaska in Onalaska Wisconsin.	https://content.homenetiol.com/2000157/2065512/0x0/14a8a850b9944376a8dde01f08c1a74f.jpg	in stock	NEW	TRUCK	Vehicles & Parts > Vehicles > Motor Vehicles > Cars, Trucks & Vans	1FTFW3LD8TFB44034	https://www.dahlfordonalaska.com/viewdetails/new/1ftfw3ld8tfb44034/2026-ford-f-150-crew-cab-pickup/123?store={store_code}	WHITE	0 miles	F-150	1FTFW3LD8TFB44034	2026	67610 USD	11126	67610 USD	MI	no	F-150	No	Over 20k
1FTFW3LD9TFC08999	2026 Ford F-150 XLT	Ford	https://www.dahlfordonalaska.com/viewdetails/new/1ftfw3ld9tfc08999/2026-ford-f-150-crew-cab-pickup/	68120 USD	2026 Iconic Silver Metallic Ford F-150 XLT PowerBoost Full-Hybrid V6 3.5 L For sale at Dahl Ford Onalaska in Onalaska Wisconsin.	https://content.homenetiol.com/2000157/2065512/0x0/6793996dd79e4873b9fb345611ff6bb5.jpg	in stock	NEW	TRUCK	Vehicles & Parts > Vehicles > Motor Vehicles > Cars, Trucks & Vans	1FTFW3LD9TFC08999	https://www.dahlfordonalaska.com/viewdetails/new/1ftfw3ld9tfc08999/2026-ford-f-150-crew-cab-pickup/123?store={store_code}	SILVER	0 miles	F-150	1FTFW3LD9TFC08999	2026	68120 USD	11126	68120 USD	MI	no	F-150	No	Over 20k
1FTFW3LDXTFB78590	2026 Ford F-150 XLT	Ford	https://www.dahlfordonalaska.com/viewdetails/new/1ftfw3ldxtfb78590/2026-ford-f-150-crew-cab-pickup/	67810 USD	2026 Iconic Silver Metallic Ford F-150 XLT PowerBoost Full-Hybrid V6 3.5 L For sale at Dahl Ford Onalaska in Onalaska Wisconsin.	https://content.homenetiol.com/2000157/2065512/0x0/111e0502d52f46ec87484dfc9c50a700.jpg	in stock	NEW	TRUCK	Vehicles & Parts > Vehicles > Motor Vehicles > Cars, Trucks & Vans	1FTFW3LDXTFB78590	https://www.dahlfordonalaska.com/viewdetails/new/1ftfw3ldxtfb78590/2026-ford-f-150-crew-cab-pickup/123?store={store_code}	SILVER	0 miles	F-150	1FTFW3LDXTFB78590	2026	67810 USD	11126	67810 USD	MI	no	F-150	No	Over 20k
1FTFW5L84TFC33937	2026 Ford F-150 LARIAT	Ford	https://www.dahlfordonalaska.com/viewdetails/new/1ftfw5l84tfc33937/2026-ford-f-150-crew-cab-pickup/	79430 USD	2026 Agate Black Metallic Ford F-150 LARIAT Regular Unleaded V6 3.5 L EcoBoost For sale at Dahl Ford Onalaska in Onalaska Wisconsin.	https://content.homenetiol.com/2000157/2065512/0x0/7f595cb7738144779d427cb0b775b5c9.jpg	in stock	NEW	TRUCK	Vehicles & Parts > Vehicles > Motor Vehicles > Cars, Trucks & Vans	1FTFW5L84TFC33937	https://www.dahlfordonalaska.com/viewdetails/new/1ftfw5l84tfc33937/2026-ford-f-150-crew-cab-pickup/123?store={store_code}	BLACK	0 miles	F-150	1FTFW5L84TFC33937	2026	79430 USD	11126	79430 USD	MI	no	F-150	No	Over 20k
1FTFW5L86TFC30084	2026 Ford F-150 LARIAT	Ford	https://www.dahlfordonalaska.com/viewdetails/new/1ftfw5l86tfc30084/2026-ford-f-150-crew-pickup/	76100 USD	2026 Star White Metallic Tri Coat Ford F-150 LARIAT 3.5L V6 EcoBoost® Engine with Auto Start-Stop Technology For sale at Dahl Ford Onalaska in Onalaska Wisconsin.	https://apicdnprod.forddirectservices.com/v1/inventory/1FTFW5L86TFC30084/images/1?token=ZCjVlTplyx7NbdjA4CmLyCDvR97mAhWcfVzdvByYEO1dpo8-Vgb64-e57OEau2fWw8f0d8D23vGmK069YdqFyQ&amp;bod=202609200624724	in stock	NEW	TRUCK	Vehicles & Parts > Vehicles > Motor Vehicles > Cars, Trucks & Vans	1FTFW5L86TFC30084	https://www.dahlfordonalaska.com/viewdetails/new/1ftfw5l86tfc30084/2026-ford-f-150-crew-pickup/123?store={store_code}	WHITE	0 miles	F-150	1FTFW5L86TFC30084	2026	76100 USD	11126	76100 USD	MI	no	F-150	No	Over 20k
1FTFW5L87TFC25668	2026 Ford F-150 LARIAT	Ford	https://www.dahlfordonalaska.com/viewdetails/new/1ftfw5l87tfc25668/2026-ford-f-150-crew-cab-pickup/	79930 USD	2026 Agate Black Metallic Ford F-150 LARIAT Regular Unleaded V6 3.5 L EcoBoost For sale at Dahl Ford Onalaska in Onalaska Wisconsin.	https://content.homenetiol.com/2000157/2065512/0x0/1e89458db13543d197eccf2133c0deae.jpg	in stock	NEW	TRUCK	Vehicles & Parts > Vehicles > Motor Vehicles > Cars, Trucks & Vans	1FTFW5L87TFC25668	https://www.dahlfordonalaska.com/viewdetails/new/1ftfw5l87tfc25668/2026-ford-f-150-crew-cab-pickup/123?store={store_code}	BLACK	0 miles	F-150	1FTFW5L87TFC25668	2026	79930 USD	11126	79930 USD	MI	no	F-150	No	Over 20k
1FTFW5LD1TFC53897	2026 Ford F-150 LARIAT	Ford	https://www.dahlfordonalaska.com/viewdetails/new/1ftfw5ld1tfc53897/2026-ford-f-150-crew-pickup/	77225 USD	2026 Carbonized Gray Metallic Ford F-150 LARIAT 3.5L PowerBoost® Full Hybrid V6 For sale at Dahl Ford Onalaska in Onalaska Wisconsin.	https://apicdnprod.forddirectservices.com/v1/inventory/1FTFW5LD1TFC53897/images/1?token=l25kwY4DiHk3bJljdB5tP_u8a34jGu54QLvFIMLHXIE-INY50dHafh98l_7OgmQGjs__vwI0wknsK0nUmD1gXA&amp;bod=202610040924852	in stock	NEW	TRUCK	Vehicles & Parts > Vehicles > Motor Vehicles > Cars, Trucks & Vans	1FTFW5LD1TFC53897	https://www.dahlfordonalaska.com/viewdetails/new/1ftfw5ld1tfc53897/2026-ford-f-150-crew-pickup/123?store={store_code}	GRAY	0 miles	F-150	1FTFW5LD1TFC53897	2026	77225 USD	11126	77225 USD	MI	no	F-150	No	Over 20k
1FTFW5LD2TFC28717	2026 Ford F-150 LARIAT	Ford	https://www.dahlfordonalaska.com/viewdetails/new/1ftfw5ld2tfc28717/2026-ford-f-150-crew-pickup/	82135 USD	2026 Star White Metallic Tri Coat Ford F-150 LARIAT 3.5L PowerBoost® Full Hybrid V6 For sale at Dahl Ford Onalaska in Onalaska Wisconsin.	https://apicdnprod.forddirectservices.com/v1/inventory/1FTFW5LD2TFC28717/images/1?token=IGth08KIy-zKn56-RA2yFmyCuaJOxo2DDaNAEdMX2KlFbQT6Z8yKjKPu6ZEVl7_pMCksaziNrIV_yMsqNuzzkA&amp;bod=202609200624724	in stock	NEW	TRUCK	Vehicles & Parts > Vehicles > Motor Vehicles > Cars, Trucks & Vans	1FTFW5LD2TFC28717	https://www.dahlfordonalaska.com/viewdetails/new/1ftfw5ld2tfc28717/2026-ford-f-150-crew-pickup/123?store={store_code}	WHITE	0 miles	F-150	1FTFW5LD2TFC28717	2026	82135 USD	11126	82135 USD	MI	no	F-150	No	Over 20k
1FTRF3BN3VEC57955	2027 Ford Super Duty F-350 SRW XLT	Ford	https://www.dahlfordonalaska.com/viewdetails/new/1ftrf3bn3vec57955/2027-ford-super-duty-f-350-srw-regular-cab-pickup/	56175 USD	2027 Oxford White Ford Super Duty F-350 SRW XLT Regular Unleaded V-8 7.3 L For sale at Dahl Ford Onalaska in Onalaska Wisconsin.	https://prod.tvmimageservice.com/images/GetEvoxImage?styleid=486358&amp;Width=640&amp;Height=480&amp;Type=jpeg&amp;Angle=03&amp;quality=80&amp;BackGroundColor=white&amp;colorcode=Z1&amp;autocrop=True&amp;useoverrides=true	in stock	NEW	TRUCK	Vehicles & Parts > Vehicles > Motor Vehicles > Cars, Trucks & Vans	1FTRF3BN3VEC57955	https://www.dahlfordonalaska.com/viewdetails/new/1ftrf3bn3vec57955/2027-ford-super-duty-f-350-srw-regular-cab-pickup/123?store={store_code}	WHITE	0 miles	Super Duty F-350 SRW	1FTRF3BN3VEC57955	2027	56175 USD	11126	56175 USD	MI	no	Super Duty F-350 SRW	No	Over 20k
1FTRF3BN9VEC70354	2027 Ford Super Duty F-350 SRW XL	Ford	https://www.dahlfordonalaska.com/viewdetails/new/1ftrf3bn9vec70354/2027-ford-super-duty-f-350-srw-pickup/	55530 USD	2027 Oxford White Ford Super Duty F-350 SRW XL 7.3L 2V DEVCT NA PFI V8 Gas For sale at Dahl Ford Onalaska in Onalaska Wisconsin.	https://apicdnprod.forddirectservices.com/v1/inventory/1FTRF3BN9VEC70354/images/1?token=AtHvJ1PK0bVXMtGO2wW_cmIu0CvZUhoefzKfvPjjJu-S5m5XMGtmc7DezNK-KxvNaNyXzmsMOUAJDHMJsL0ujQ&amp;bod=2026091512241431	in stock	NEW	TRUCK	Vehicles & Parts > Vehicles > Motor Vehicles > Cars, Trucks & Vans	1FTRF3BN9VEC70354	https://www.dahlfordonalaska.com/viewdetails/new/1ftrf3bn9vec70354/2027-ford-super-duty-f-350-srw-pickup/123?store={store_code}	WHITE	0 miles	Super Duty F-350 SRW	1FTRF3BN9VEC70354	2027	55530 USD	11126	55530 USD	MI	no	Super Duty F-350 SRW	No	Over 20k
1FTYE1Y82TKA85520	2026 Ford Transit Cargo Van	Ford	https://www.dahlfordonalaska.com/viewdetails/new/1ftye1y82tka85520/2026-ford-transit-cargo-van-mini-van,-cargo/	54355 USD	2026 Oxford White Ford Transit Cargo Van Regular Gasoline V-6 3.5 L/213 For sale at Dahl Ford Onalaska in Onalaska Wisconsin.	https://content.homenetiol.com/2000157/2065512/0x0/25dc995d18db4632af400c307626b761.jpg	in stock	NEW	VAN	Vehicles & Parts > Vehicles > Motor Vehicles > Cars, Trucks & Vans	1FTYE1Y82TKA85520	https://www.dahlfordonalaska.com/viewdetails/new/1ftye1y82tka85520/2026-ford-transit-cargo-van-mini-van,-cargo/123?store={store_code}	WHITE	0 miles	Transit Cargo Van	1FTYE1Y82TKA85520	2026	54355 USD	11126	54355 USD	MI	no	Transit Cargo Van	No	Over 20k
3FMCR9BN0TRF46779	2026 Ford Bronco Sport Big Bend	Ford	https://www.dahlfordonalaska.com/viewdetails/new/3fmcr9bn0trf46779/2026-ford-bronco-sport-utility/	36330 USD	2026 Space White Metallic Ford Bronco Sport Big Bend 1.5L EcoBoost® with Auto Start-Stop Technology For sale at Dahl Ford Onalaska in Onalaska Wisconsin.	https://apicdnprod.forddirectservices.com/v1/inventory/3FMCR9BN0TRF46779/images/1?token=G71oUrB-ucRSyRQA7y-d-SccOQRFXS1z7vYWQ6QkxNBmwqERJEKKMU4G2fQm_vO7GOaFIzfs9ZP4B-GgRYHUZQ&amp;bod=2026100806242122	in stock	NEW	SUV	Vehicles & Parts > Vehicles > Motor Vehicles > Cars, Trucks & Vans	3FMCR9BN0TRF46779	https://www.dahlfordonalaska.com/viewdetails/new/3fmcr9bn0trf46779/2026-ford-bronco-sport-utility/123?store={store_code}	WHITE	0 miles	Bronco Sport	3FMCR9BN0TRF46779	2026	36330 USD	11126	36330 USD	MI	no	Bronco Sport	No	Over 20k
3FMCR9BN7TRF37075	2026 Ford Bronco Sport Big Bend	Ford	https://www.dahlfordonalaska.com/viewdetails/new/3fmcr9bn7trf37075/2026-ford-bronco-sport-sport-utility/	39810 USD	2026 Velocity Blue Metallic Ford Bronco Sport Big Bend Intercooled Turbo Regular Gasoline I-3 1.5 L/91 For sale at Dahl Ford Onalaska in Onalaska Wisconsin.	https://prod.tvmimageservice.com/images/GetEvoxImage?styleid=481787&amp;Width=640&amp;Height=480&amp;Type=jpeg&amp;Angle=03&amp;quality=80&amp;BackGroundColor=white&amp;colorcode=E7&amp;autocrop=True&amp;useoverrides=true	in stock	NEW	SUV	Vehicles & Parts > Vehicles > Motor Vehicles > Cars, Trucks & Vans	3FMCR9BN7TRF37075	https://www.dahlfordonalaska.com/viewdetails/new/3fmcr9bn7trf37075/2026-ford-bronco-sport-sport-utility/123?store={store_code}	BLUE	0 miles	Bronco Sport	3FMCR9BN7TRF37075	2026	39810 USD	11126	39810 USD	MI	no	Bronco Sport	No	Over 20k
3FMCR9BN8TRF23492	2026 Ford Bronco Sport Big Bend	Ford	https://www.dahlfordonalaska.com/viewdetails/new/3fmcr9bn8trf23492/2026-ford-bronco-sport-sport-utility/	39370 USD	2026 Carbonized Gray Metallic Ford Bronco Sport Big Bend Intercooled Turbo Regular Gasoline I-3 1.5 L/91 For sale at Dahl Ford Onalaska in Onalaska Wisconsin.	https://prod.tvmimageservice.com/images/GetEvoxImage?styleid=481787&amp;Width=640&amp;Height=480&amp;Type=jpeg&amp;Angle=03&amp;quality=80&amp;BackGroundColor=white&amp;colorcode=M7&amp;autocrop=True&amp;useoverrides=true	in stock	NEW	SUV	Vehicles & Parts > Vehicles > Motor Vehicles > Cars, Trucks & Vans	3FMCR9BN8TRF23492	https://www.dahlfordonalaska.com/viewdetails/new/3fmcr9bn8trf23492/2026-ford-bronco-sport-sport-utility/123?store={store_code}	GRAY	0 miles	Bronco Sport	3FMCR9BN8TRF23492	2026	39370 USD	11126	39370 USD	MI	no	Bronco Sport	No	Over 20k
3FMCR9BN8TRF33181	2026 Ford Bronco Sport Big Bend	Ford	https://www.dahlfordonalaska.com/viewdetails/new/3fmcr9bn8trf33181/2026-ford-bronco-sport-sport-utility/	34685 USD	2026 Space White Metallic Ford Bronco Sport Big Bend Intercooled Turbo Regular Gasoline I-3 1.5 L/91 For sale at Dahl Ford Onalaska in Onalaska Wisconsin.	https://prod.tvmimageservice.com/images/GetEvoxImage?styleid=481787&amp;Width=640&amp;Height=480&amp;Type=jpeg&amp;Angle=03&amp;quality=80&amp;BackGroundColor=white&amp;colorcode=A3&amp;autocrop=True&amp;useoverrides=true	in stock	NEW	SUV	Vehicles & Parts > Vehicles > Motor Vehicles > Cars, Trucks & Vans	3FMCR9BN8TRF33181	https://www.dahlfordonalaska.com/viewdetails/new/3fmcr9bn8trf33181/2026-ford-bronco-sport-sport-utility/123?store={store_code}	WHITE	0 miles	Bronco Sport	3FMCR9BN8TRF33181	2026	34685 USD	11126	34685 USD	MI	no	Bronco Sport	No	Over 20k
3FMCR9BN9TRE67255	2026 Ford Bronco Sport Big Bend	Ford	https://www.dahlfordonalaska.com/viewdetails/new/3fmcr9bn9tre67255/2026-ford-bronco-sport-sport-utility/	33840 USD	2026 Oxford White Ford Bronco Sport Big Bend Intercooled Turbo Regular Gasoline I-3 1.5 L/91 For sale at Dahl Ford Onalaska in Onalaska Wisconsin.	https://content.homenetiol.com/2000157/2065512/0x0/86eb6e8b69254ef687fcfbab4fc56c1b.jpg	in stock	NEW	SUV	Vehicles & Parts > Vehicles > Motor Vehicles > Cars, Trucks & Vans	3FMCR9BN9TRE67255	https://www.dahlfordonalaska.com/viewdetails/new/3fmcr9bn9tre67255/2026-ford-bronco-sport-sport-utility/123?store={store_code}	WHITE	0 miles	Bronco Sport	3FMCR9BN9TRE67255	2026	33840 USD	11126	33840 USD	MI	no	Bronco Sport	No	Over 20k
3FMCR9BN9TRF44223	2026 Ford Bronco Sport Big Bend	Ford	https://www.dahlfordonalaska.com/viewdetails/new/3fmcr9bn9trf44223/2026-ford-bronco-sport-utility/	37240 USD	2026 Carbonized Gray Metallic Ford Bronco Sport Big Bend 1.5L EcoBoost® with Auto Start-Stop Technology For sale at Dahl Ford Onalaska in Onalaska Wisconsin.	https://apicdnprod.forddirectservices.com/v1/inventory/3FMCR9BN9TRF44223/images/1?token=O8nSvBB34Pv4Sff8KV4fJYxEwzrd1z2Kde4JT57yCQ_d_1JSICKHC95GgK-9JOngq5W1G-i2q-SJ0WcT-lp07g&amp;bod=2026100912243539	in stock	NEW	SUV	Vehicles & Parts > Vehicles > Motor Vehicles > Cars, Trucks & Vans	3FMCR9BN9TRF44223	https://www.dahlfordonalaska.com/viewdetails/new/3fmcr9bn9trf44223/2026-ford-bronco-sport-utility/123?store={store_code}	GRAY	0 miles	Bronco Sport	3FMCR9BN9TRF44223	2026	37240 USD	11126	37240 USD	MI	no	Bronco Sport	No	Over 20k
3FMCR9BNXTRE53462	2026 Ford Bronco Sport Big Bend	Ford	https://www.dahlfordonalaska.com/viewdetails/new/3fmcr9bnxtre53462/2026-ford-bronco-sport-sport-utility/	34235 USD	2026 Velocity Blue Metallic Ford Bronco Sport Big Bend Intercooled Turbo Regular Gasoline I-3 1.5 L/91 For sale at Dahl Ford Onalaska in Onalaska Wisconsin.	https://content.homenetiol.com/2000157/2065512/0x0/92c33df365484e778d8a11735f9a8ee1.jpg	in stock	NEW	SUV	Vehicles & Parts > Vehicles > Motor Vehicles > Cars, Trucks & Vans	3FMCR9BNXTRE53462	https://www.dahlfordonalaska.com/viewdetails/new/3fmcr9bnxtre53462/2026-ford-bronco-sport-sport-utility/123?store={store_code}	BLUE	0 miles	Bronco Sport	3FMCR9BNXTRE53462	2026	34235 USD	11126	34235 USD	MI	no	Bronco Sport	No	Over 20k
3FMCR9CN1TRF46319	2026 Ford Bronco Sport Outer Banks	Ford	https://www.dahlfordonalaska.com/viewdetails/new/3fmcr9cn1trf46319/2026-ford-bronco-sport-utility/	41710 USD	2026 Ruby Red Metallic Tinted Clearcoat Ford Bronco Sport Outer Banks 1.5L EcoBoost® with Auto Start-Stop Technology For sale at Dahl Ford Onalaska in Onalaska Wisconsin.	https://apicdnprod.forddirectservices.com/v1/inventory/3FMCR9CN1TRF46319/images/1?token=Y-7VAKbpHn38T52zxxQdg-TvbR1arC9RitB-HGUfxR_koiGKkNUAc3nDkbHGn05SQFa0xEmxgdGYUlo3sD7TSQ&amp;bod=2026100912243539	in stock	NEW	SUV	Vehicles & Parts > Vehicles > Motor Vehicles > Cars, Trucks & Vans	3FMCR9CN1TRF46319	https://www.dahlfordonalaska.com/viewdetails/new/3fmcr9cn1trf46319/2026-ford-bronco-sport-utility/123?store={store_code}	RED	0 miles	Bronco Sport	3FMCR9CN1TRF46319	2026	41710 USD	11126	41710 USD	MI	no	Bronco Sport	No	Over 20k
3FMCR9CN5TRF30494	2026 Ford Bronco Sport Outer Banks	Ford	https://www.dahlfordonalaska.com/viewdetails/new/3fmcr9cn5trf30494/2026-ford-bronco-sport-sport-utility/	41215 USD	2026 Azure Gray Metallic Tri Coat Ford Bronco Sport Outer Banks Intercooled Turbo Regular Gasoline I-3 1.5 L/91 For sale at Dahl Ford Onalaska in Onalaska Wisconsin.	https://prod.tvmimageservice.com/images/GetEvoxImage?styleid=481789&amp;Width=640&amp;Height=480&amp;Type=jpeg&amp;Angle=03&amp;quality=80&amp;BackGroundColor=white&amp;colorcode=G4&amp;autocrop=True&amp;useoverrides=true	in stock	NEW	SUV	Vehicles & Parts > Vehicles > Motor Vehicles > Cars, Trucks & Vans	3FMCR9CN5TRF30494	https://www.dahlfordonalaska.com/viewdetails/new/3fmcr9cn5trf30494/2026-ford-bronco-sport-sport-utility/123?store={store_code}	GRAY	0 miles	Bronco Sport	3FMCR9CN5TRF30494	2026	41215 USD	11126	41215 USD	MI	no	Bronco Sport	No	Over 20k
3FMCR9CN5TRF37588	2026 Ford Bronco Sport Outer Banks	Ford	https://www.dahlfordonalaska.com/viewdetails/new/3fmcr9cn5trf37588/2026-ford-bronco-sport-utility/	41470 USD	2026 Azure Gray Metallic Tri Coat Ford Bronco Sport Outer Banks 1.5L EcoBoost® with Auto Start-Stop Technology For sale at Dahl Ford Onalaska in Onalaska Wisconsin.	https://apicdnprod.forddirectservices.com/v1/inventory/3FMCR9CN5TRF37588/images/1?token=VWDQKugmlzqYfGYze6zqcXyMZF3C07gLZQd8fWBnDTikVu4JUkmZCGgbeRZyMUWXJ26fPBJ9_wDxxEh_pP-rZw&amp;bod=2026100806242122	in stock	NEW	SUV	Vehicles & Parts > Vehicles > Motor Vehicles > Cars, Trucks & Vans	3FMCR9CN5TRF37588	https://www.dahlfordonalaska.com/viewdetails/new/3fmcr9cn5trf37588/2026-ford-bronco-sport-utility/123?store={store_code}	GRAY	0 miles	Bronco Sport	3FMCR9CN5TRF37588	2026	41470 USD	11126	41470 USD	MI	no	Bronco Sport	No	Over 20k
3FMCR9CN9TRF44818	2026 Ford Bronco Sport Outer Banks	Ford	https://www.dahlfordonalaska.com/viewdetails/new/3fmcr9cn9trf44818/2026-ford-bronco-sport-utility/	40220 USD	2026 Carbonized Gray Metallic Ford Bronco Sport Outer Banks 1.5L EcoBoost® with Auto Start-Stop Technology For sale at Dahl Ford Onalaska in Onalaska Wisconsin.	https://apicdnprod.forddirectservices.com/v1/inventory/3FMCR9CN9TRF44818/images/1?token=xL2Xwlb2Yoksd1DZzs-4l585vda5ndGqgkLDJV4z5wpJYFSRlL_GSi1HvrTj2Yrhv9Ru2Qsyw8MGYuTYelJ11Q&amp;bod=202610040924852	in stock	NEW	SUV	Vehicles & Parts > Vehicles > Motor Vehicles > Cars, Trucks & Vans	3FMCR9CN9TRF44818	https://www.dahlfordonalaska.com/viewdetails/new/3fmcr9cn9trf44818/2026-ford-bronco-sport-utility/123?store={store_code}	GRAY	0 miles	Bronco Sport	3FMCR9CN9TRF44818	2026	40220 USD	11126	40220 USD	MI	no	Bronco Sport	No	Over 20k
3FMCR9CNXTRF41605	2026 Ford Bronco Sport Outer Banks	Ford	https://www.dahlfordonalaska.com/viewdetails/new/3fmcr9cnxtrf41605/2026-ford-bronco-sport-utility/	41710 USD	2026 Ruby Red Metallic Tinted Clearcoat Ford Bronco Sport Outer Banks 1.5L EcoBoost® with Auto Start-Stop Technology For sale at Dahl Ford Onalaska in Onalaska Wisconsin.	https://apicdnprod.forddirectservices.com/v1/inventory/3FMCR9CNXTRF41605/images/1?token=Dt1h-_TTBTA8Nk0byX26PAoPn0TwXRxjnM0JnRyFF3_I6VsX8XLAi5LvmOpfTNyg5yeEHQRC4FAMyFsE5Krw3w&amp;bod=2026100806242122	in stock	NEW	SUV	Vehicles & Parts > Vehicles > Motor Vehicles > Cars, Trucks & Vans	3FMCR9CNXTRF41605	https://www.dahlfordonalaska.com/viewdetails/new/3fmcr9cnxtrf41605/2026-ford-bronco-sport-utility/123?store={store_code}	RED	0 miles	Bronco Sport	3FMCR9CNXTRF41605	2026	41710 USD	11126	41710 USD	MI	no	Bronco Sport	No	Over 20k
3FMCR9GN5TRE75118	2026 Ford Bronco Sport Heritage	Ford	https://www.dahlfordonalaska.com/viewdetails/new/3fmcr9gn5tre75118/2026-ford-bronco-sport-sport-utility/	39885 USD	2026 Azure Gray Metallic Tri Coat Ford Bronco Sport Heritage Intercooled Turbo Regular Gasoline I-3 1.5 L/91 For sale at Dahl Ford Onalaska in Onalaska Wisconsin.	https://content.homenetiol.com/2000157/2065512/0x0/e96ca35424ad4c458444ae1be435afde.jpg	in stock	NEW	SUV	Vehicles & Parts > Vehicles > Motor Vehicles > Cars, Trucks & Vans	3FMCR9GN5TRE75118	https://www.dahlfordonalaska.com/viewdetails/new/3fmcr9gn5tre75118/2026-ford-bronco-sport-sport-utility/123?store={store_code}	GRAY	0 miles	Bronco Sport	3FMCR9GN5TRE75118	2026	39885 USD	11126	39885 USD	MI	no	Bronco Sport	No	Over 20k
3FTTW8J30TRB59317	2026 Ford Maverick XLT	Ford	https://www.dahlfordonalaska.com/viewdetails/new/3fttw8j30trb59317/2026-ford-maverick-crew-pickup/	39785 USD	2026 Light Blue Ford Maverick XLT 2.5L Hybrid For sale at Dahl Ford Onalaska in Onalaska Wisconsin.	https://apicdnprod.forddirectservices.com/v1/inventory/3FTTW8J30TRB59317/images/1?token=wiww_qBjUoGC53XU265Rni4aCZEpkbumG6SZ5-oNehCmeWRHaBEjpPbbN9iHheYsBCrd_LW7L2RIu8L-HxwL2g&amp;bod=202610040924853	in stock	NEW	TRUCK	Vehicles & Parts > Vehicles > Motor Vehicles > Cars, Trucks & Vans	3FTTW8J30TRB59317	https://www.dahlfordonalaska.com/viewdetails/new/3fttw8j30trb59317/2026-ford-maverick-crew-pickup/123?store={store_code}	BLUE	0 miles	Maverick	3FTTW8J30TRB59317	2026	39785 USD	11126	39785 USD	MI	no	Maverick	No	Over 20k
3FTTW8J30TRB60855	2026 Ford Maverick XLT	Ford	https://www.dahlfordonalaska.com/viewdetails/new/3fttw8j30trb60855/2026-ford-maverick-crew-cab-pickup/	37200 USD	2026 Carbonized Gray Metallic Ford Maverick XLT Gas/Electric I-4 2.5 L/152 For sale at Dahl Ford Onalaska in Onalaska Wisconsin.	https://content.homenetiol.com/2000157/2065512/0x0/f5902301212c404a8a70f66a474362df.jpg	in stock	NEW	TRUCK	Vehicles & Parts > Vehicles > Motor Vehicles > Cars, Trucks & Vans	3FTTW8J30TRB60855	https://www.dahlfordonalaska.com/viewdetails/new/3fttw8j30trb60855/2026-ford-maverick-crew-cab-pickup/123?store={store_code}	GRAY	0 miles	Maverick	3FTTW8J30TRB60855	2026	37200 USD	11126	37200 USD	MI	no	Maverick	No	Over 20k
3FTTW8J31TRB54658	2026 Ford Maverick XLT	Ford	https://www.dahlfordonalaska.com/viewdetails/new/3fttw8j31trb54658/2026-ford-maverick-crew-pickup/	39785 USD	2026 Light Blue Ford Maverick XLT 2.5L Hybrid For sale at Dahl Ford Onalaska in Onalaska Wisconsin.	https://apicdnprod.forddirectservices.com/v1/inventory/3FTTW8J31TRB54658/images/1?token=AQC-iEqWDZIWJtFT315rmtLvcxIeoT0P578AkoOeJ0vb_XS8tc0yDT08ODyTpoSasy3ZxZcvH8lskZGQ8QFZpg&amp;bod=202610070624832	in stock	NEW	TRUCK	Vehicles & Parts > Vehicles > Motor Vehicles > Cars, Trucks & Vans	3FTTW8J31TRB54658	https://www.dahlfordonalaska.com/viewdetails/new/3fttw8j31trb54658/2026-ford-maverick-crew-pickup/123?store={store_code}	BLUE	0 miles	Maverick	3FTTW8J31TRB54658	2026	39785 USD	11126	39785 USD	MI	no	Maverick	No	Over 20k
3FTTW8J31TRB70939	2026 Ford Maverick XLT	Ford	https://www.dahlfordonalaska.com/viewdetails/new/3fttw8j31trb70939/2026-ford-maverick-crew-pickup/	40365 USD	2026 Shadow Black Ford Maverick XLT 2.5L Hybrid For sale at Dahl Ford Onalaska in Onalaska Wisconsin.	https://apicdnprod.forddirectservices.com/v1/inventory/3FTTW8J31TRB70939/images/1?token=FBEo2_c0tY6-fcl8_S8MBPReWpSvUFrQcTU3bqHKhvFS795wjL44bfS2QviSXoGAJTrqw9Nn_Lz2jF8k1QGfzw&amp;bod=202610070624832	in stock	NEW	TRUCK	Vehicles & Parts > Vehicles > Motor Vehicles > Cars, Trucks & Vans	3FTTW8J31TRB70939	https://www.dahlfordonalaska.com/viewdetails/new/3fttw8j31trb70939/2026-ford-maverick-crew-pickup/123?store={store_code}	BLACK	0 miles	Maverick	3FTTW8J31TRB70939	2026	40365 USD	11126	40365 USD	MI	no	Maverick	No	Over 20k
3FTTW8J32TRB70738	2026 Ford Maverick XLT	Ford	https://www.dahlfordonalaska.com/viewdetails/new/3fttw8j32trb70738/2026-ford-maverick-crew-pickup/	40500 USD	2026 Light Blue Ford Maverick XLT 2.5L Hybrid For sale at Dahl Ford Onalaska in Onalaska Wisconsin.	https://apicdnprod.forddirectservices.com/v1/inventory/3FTTW8J32TRB70738/images/1?token=XbwWKDnOiSlMKgM_uXNY4HGbqCA4qtt1Ae_7Ygi63ChNKEcWN0ndFfj_3GtlLbNPVJeXQ4hgAHRWcNGXolwbqA&amp;bod=202610070624832	in stock	NEW	TRUCK	Vehicles & Parts > Vehicles > Motor Vehicles > Cars, Trucks & Vans	3FTTW8J32TRB70738	https://www.dahlfordonalaska.com/viewdetails/new/3fttw8j32trb70738/2026-ford-maverick-crew-pickup/123?store={store_code}	BLUE	0 miles	Maverick	3FTTW8J32TRB70738	2026	40500 USD	11126	40500 USD	MI	no	Maverick	No	Over 20k
3FTTW8J34TRB36297	2026 Ford Maverick XLT	Ford	https://www.dahlfordonalaska.com/viewdetails/new/3fttw8j34trb36297/2026-ford-maverick-crew-cab-pickup/	36600 USD	2026 Carbonized Gray Metallic Ford Maverick XLT Gas/Electric I-4 2.5 L/152 For sale at Dahl Ford Onalaska in Onalaska Wisconsin.	https://content.homenetiol.com/2000157/2065512/0x0/fb553313595749869021f91e7dd63891.jpg	in stock	NEW	TRUCK	Vehicles & Parts > Vehicles > Motor Vehicles > Cars, Trucks & Vans	3FTTW8J34TRB36297	https://www.dahlfordonalaska.com/viewdetails/new/3fttw8j34trb36297/2026-ford-maverick-crew-cab-pickup/123?store={store_code}	GRAY	0 miles	Maverick	3FTTW8J34TRB36297	2026	36600 USD	11126	36600 USD	MI	no	Maverick	No	Over 20k
3FTTW8J38TRA68778	2026 Ford Maverick XLT	Ford	https://www.dahlfordonalaska.com/viewdetails/new/3fttw8j38tra68778/2026-ford-maverick-crew-cab-pickup/	38510 USD	2026 Oxford White Ford Maverick XLT Gas/Electric I-4 2.5 L/152 For sale at Dahl Ford Onalaska in Onalaska Wisconsin.	https://content.homenetiol.com/2000157/2065512/0x0/85c602f5bd7f4704b263e3c6a1d26447.jpg	in stock	NEW	TRUCK	Vehicles & Parts > Vehicles > Motor Vehicles > Cars, Trucks & Vans	3FTTW8J38TRA68778	https://www.dahlfordonalaska.com/viewdetails/new/3fttw8j38tra68778/2026-ford-maverick-crew-cab-pickup/123?store={store_code}	WHITE	0 miles	Maverick	3FTTW8J38TRA68778	2026	38510 USD	11126	38510 USD	MI	no	Maverick	No	Over 20k
3FTTW8J3XTRB61205	2026 Ford Maverick XLT	Ford	https://www.dahlfordonalaska.com/viewdetails/new/3fttw8j3xtrb61205/2026-ford-maverick-crew-cab-pickup/	37895 USD	2026 Shadow Black Ford Maverick XLT Gas/Electric I-4 2.5 L/152 For sale at Dahl Ford Onalaska in Onalaska Wisconsin.	https://prod.tvmimageservice.com/images/GetEvoxImage?styleid=480150&amp;Width=640&amp;Height=480&amp;Type=jpeg&amp;Angle=03&amp;quality=80&amp;BackGroundColor=white&amp;colorcode=G1&amp;autocrop=True&amp;useoverrides=true	in stock	NEW	TRUCK	Vehicles & Parts > Vehicles > Motor Vehicles > Cars, Trucks & Vans	3FTTW8J3XTRB61205	https://www.dahlfordonalaska.com/viewdetails/new/3fttw8j3xtrb61205/2026-ford-maverick-crew-cab-pickup/123?store={store_code}	BLACK	0 miles	Maverick	3FTTW8J3XTRB61205	2026	37895 USD	11126	37895 USD	MI	no	Maverick	No	Over 20k
3FTTW8JA0TRA23929	2026 Ford Maverick XLT	Ford	https://www.dahlfordonalaska.com/viewdetails/new/3fttw8ja0tra23929/2026-ford-maverick-crew-cab-pickup/	37645 USD	2026 Space White Metallic Ford Maverick XLT Intercooled Turbo Premium Gasoline I-4 2.0 L/122 For sale at Dahl Ford Onalaska in Onalaska Wisconsin.	https://content.homenetiol.com/2000157/2065512/0x0/6592d1ca8c8444fba972941c921cfd9f.jpg	in stock	NEW	TRUCK	Vehicles & Parts > Vehicles > Motor Vehicles > Cars, Trucks & Vans	3FTTW8JA0TRA23929	https://www.dahlfordonalaska.com/viewdetails/new/3fttw8ja0tra23929/2026-ford-maverick-crew-cab-pickup/123?store={store_code}	WHITE	0 miles	Maverick	3FTTW8JA0TRA23929	2026	37645 USD	11126	37645 USD	MI	no	Maverick	No	Over 20k
3FTTW8JA3TRA11645	2026 Ford Maverick XLT	Ford	https://www.dahlfordonalaska.com/viewdetails/new/3fttw8ja3tra11645/2026-ford-maverick-crew-cab-pickup/	33425 USD	2026 Shadow Black Ford Maverick XLT Intercooled Turbo Premium Gasoline I-4 2.0 L/122 For sale at Dahl Ford Onalaska in Onalaska Wisconsin.	https://content.homenetiol.com/2000157/2065512/0x0/5d0cd197089a4afe8c574ed9166bb9b0.jpg	in stock	NEW	TRUCK	Vehicles & Parts > Vehicles > Motor Vehicles > Cars, Trucks & Vans	3FTTW8JA3TRA11645	https://www.dahlfordonalaska.com/viewdetails/new/3fttw8ja3tra11645/2026-ford-maverick-crew-cab-pickup/123?store={store_code}	BLACK	0 miles	Maverick	3FTTW8JA3TRA11645	2026	33425 USD	11126	33425 USD	MI	no	Maverick	No	Over 20k
3FTTW8NA7TRB66208	2026 Ford Maverick Tremor	Ford	https://www.dahlfordonalaska.com/viewdetails/new/3fttw8na7trb66208/2026-ford-maverick-crew-cab-pickup/	44065 USD	2026 Space White Metallic Ford Maverick Tremor Intercooled Turbo Premium Gasoline I-4 2.0 L/122 For sale at Dahl Ford Onalaska in Onalaska Wisconsin.	https://content.homenetiol.com/2000157/2065512/0x0/0d2a293b1ae5424b944a5bc4915a7d04.jpg	in stock	NEW	TRUCK	Vehicles & Parts > Vehicles > Motor Vehicles > Cars, Trucks & Vans	3FTTW8NA7TRB66208	https://www.dahlfordonalaska.com/viewdetails/new/3fttw8na7trb66208/2026-ford-maverick-crew-cab-pickup/123?store={store_code}	WHITE	0 miles	Maverick	3FTTW8NA7TRB66208	2026	44065 USD	11126	44065 USD	MI	no	Maverick	No	Over 20k
3FTTW8S36TRB71986	2026 Ford Maverick LARIAT	Ford	https://www.dahlfordonalaska.com/viewdetails/new/3fttw8s36trb71986/2026-ford-maverick-crew-pickup/	45275 USD	2026 Azure Gray Metallic Tri Coat Ford Maverick LARIAT 2.5L Hybrid For sale at Dahl Ford Onalaska in Onalaska Wisconsin.	https://apicdnprod.forddirectservices.com/v1/inventory/3FTTW8S36TRB71986/images/1?token=jMbZ6RtzRNhaOiqi9Yf2UhhvJtRMo5x8SUG1LnZ8EOw5Bt4NmS0ckEsVm-QvbJvMD0nz5hIldkDFcZnJ9h4RCA&amp;bod=2026100909241619	in stock	NEW	TRUCK	Vehicles & Parts > Vehicles > Motor Vehicles > Cars, Trucks & Vans	3FTTW8S36TRB71986	https://www.dahlfordonalaska.com/viewdetails/new/3fttw8s36trb71986/2026-ford-maverick-crew-pickup/123?store={store_code}	GRAY	0 miles	Maverick	3FTTW8S36TRB71986	2026	45275 USD	11126	45275 USD	MI	no	Maverick	No	Over 20k
19XZE4F51KE025826	2019 Honda Insight EX	Honda	https://www.dahlfordonalaska.com/viewdetails/used/19xze4f51ke025826/2019-honda-insight-4dr-car/	9500 USD	2019 Crystal Black Pearl Honda Insight EX Gas/Electric I-4 1.5 L/91 For sale at Dahl Ford Onalaska in Onalaska Wisconsin.	https://content.homenetiol.com/2000157/2065512/0x0/1bfda946ddc741f0a9d7548be81d685f.jpg	in stock	USED	OTHER	Vehicles & Parts > Vehicles > Motor Vehicles > Cars, Trucks & Vans	19XZE4F51KE025826	https://www.dahlfordonalaska.com/viewdetails/used/19xze4f51ke025826/2019-honda-insight-4dr-car/123?store={store_code}	BLACK	176612 miles	Insight	19XZE4F51KE025826	2019	9500 USD	11126	9500 USD	MI	no	Insight	No	Under 20k
1C4AJWAG5GL263450	2016 Jeep Wrangler Sport	Jeep	https://www.dahlfordonalaska.com/viewdetails/used/1c4ajwag5gl263450/2016-jeep-wrangler-convertible/	16899 USD	2016 Bright White Clearcoat Jeep Wrangler Sport Regular Gasoline V-6 3.6 L/220 For sale at Dahl Ford Onalaska in Onalaska Wisconsin.	https://content.homenetiol.com/2000157/2065512/0x0/ccbe69e983ed43fd9c12b7b9a28f8b14.jpg	in stock	USED	SUV	Vehicles & Parts > Vehicles > Motor Vehicles > Cars, Trucks & Vans	1C4AJWAG5GL263450	https://www.dahlfordonalaska.com/viewdetails/used/1c4ajwag5gl263450/2016-jeep-wrangler-convertible/123?store={store_code}	WHITE	76845 miles	Wrangler	1C4AJWAG5GL263450	2016	16899 USD	11126	16899 USD	MI	no	Wrangler	No	Under 20k
1C4HJWEG5EL262045	2014 Jeep Wrangler Unlimited Sahara	Jeep	https://www.dahlfordonalaska.com/viewdetails/used/1c4hjweg5el262045/2014-jeep-wrangler-unlimited-convertible/	14500 USD	2014 Billet Metallic Clearcoat Jeep Wrangler Unlimited Sahara Regular Unleaded V-6 3.6 L/220 For sale at Dahl Ford Onalaska in Onalaska Wisconsin.	https://content.homenetiol.com/2000157/2065512/0x0/0a4f4fefb673458ab879ac886cf19036.jpg	in stock	USED	SUV	Vehicles & Parts > Vehicles > Motor Vehicles > Cars, Trucks & Vans	1C4HJWEG5EL262045	https://www.dahlfordonalaska.com/viewdetails/used/1c4hjweg5el262045/2014-jeep-wrangler-unlimited-convertible/123?store={store_code}	SILVER	140217 miles	Wrangler Unlimited	1C4HJWEG5EL262045	2014	14500 USD	11126	14500 USD	MI	no	Wrangler Unlimited	No	Under 20k
1C4PJMLX2KD304499	2019 Jeep Cherokee Latitude Plus	Jeep	https://www.dahlfordonalaska.com/viewdetails/used/1c4pjmlx2kd304499/2019-jeep-cherokee-sport-utility/	15699 USD	2019 Bright White Clearcoat Jeep Cherokee Latitude Plus Regular Unleaded V-6 3.2 L/198 For sale at Dahl Ford Onalaska in Onalaska Wisconsin.	https://content.homenetiol.com/2000157/2065512/0x0/c3913aec66134926bdff9354f496a539.jpg	in stock	USED	SUV	Vehicles & Parts > Vehicles > Motor Vehicles > Cars, Trucks & Vans	1C4PJMLX2KD304499	https://www.dahlfordonalaska.com/viewdetails/used/1c4pjmlx2kd304499/2019-jeep-cherokee-sport-utility/123?store={store_code}	WHITE	119000 miles	Cherokee	1C4PJMLX2KD304499	2019	15699 USD	11126	15699 USD	MI	no	Cherokee	No	Under 20k
1C4RJFBG1LC200275	2020 Jeep Grand Cherokee Limited	Jeep	https://www.dahlfordonalaska.com/viewdetails/used/1c4rjfbg1lc200275/2020-jeep-grand-cherokee-sport-utility/	18899 USD	2020 Diamond Black Crystal Pearlcoat Jeep Grand Cherokee Limited Regular Unleaded V-6 3.6 L/220 For sale at Dahl Ford Onalaska in Onalaska Wisconsin.	https://content.homenetiol.com/2000157/2065512/0x0/e63f02f2fd814d4aade4aaef8ee7f506.jpg	in stock	USED	SUV	Vehicles & Parts > Vehicles > Motor Vehicles > Cars, Trucks & Vans	1C4RJFBG1LC200275	https://www.dahlfordonalaska.com/viewdetails/used/1c4rjfbg1lc200275/2020-jeep-grand-cherokee-sport-utility/123?store={store_code}	BLACK	115000 miles	Grand Cherokee	1C4RJFBG1LC200275	2020	18899 USD	11126	18899 USD	MI	no	Grand Cherokee	No	Under 20k
1C6SRFFP3TN249915	2026 RAM 1500 Big Horn	RAM	https://www.dahlfordonalaska.com/viewdetails/used/1c6srffp3tn249915/2026-ram-1500-crew-cab-pickup/	44299 USD	2026 Hydro Blue Pearlcoat RAM 1500 Big Horn Twin Turbo Regular Gasoline I-6 3.0 L/183 For sale at Dahl Ford Onalaska in Onalaska Wisconsin.	https://content.homenetiol.com/2000157/2065512/0x0/1063b9fb9fc34cf3a9b46ef0704c63ea.jpg	in stock	USED	TRUCK	Vehicles & Parts > Vehicles > Motor Vehicles > Cars, Trucks & Vans	1C6SRFFP3TN249915	https://www.dahlfordonalaska.com/viewdetails/used/1c6srffp3tn249915/2026-ram-1500-crew-cab-pickup/123?store={store_code}	BLUE	18551 miles	1500	1C6SRFFP3TN249915	2026	44299 USD	11126	44299 USD	MI	no	1500	No	Over 20k
1C6SRFFT7TN301821	2026 RAM 1500 Big Horn	RAM	https://www.dahlfordonalaska.com/viewdetails/used/1c6srfft7tn301821/2026-ram-1500-crew-cab-pickup/	50500 USD	2026 Granite Crystal Metallic Clearcoat RAM 1500 Big Horn Regular Gasoline V-8 5.7 L/345 For sale at Dahl Ford Onalaska in Onalaska Wisconsin.	https://content.homenetiol.com/2000157/2065512/0x0/e5fb1e94721c4368b6f37ebb8eb0a5b2.jpg	in stock	USED	TRUCK	Vehicles & Parts > Vehicles > Motor Vehicles > Cars, Trucks & Vans	1C6SRFFT7TN301821	https://www.dahlfordonalaska.com/viewdetails/used/1c6srfft7tn301821/2026-ram-1500-crew-cab-pickup/123?store={store_code}	GRAY	4103 miles	1500	1C6SRFFT7TN301821	2026	50500 USD	11126	50500 USD	MI	no	1500	No	Over 20k
1C6SRFJT3KN610823	2019 RAM 1500 Laramie	RAM	https://www.dahlfordonalaska.com/viewdetails/used/1c6srfjt3kn610823/2019-ram-1500-crew-cab-pickup/	30699 USD	2019 Ivory White Tri Coat Pearlcoat RAM 1500 Laramie Regular Gasoline V-8 5.7 L/345 For sale at Dahl Ford Onalaska in Onalaska Wisconsin.	https://content.homenetiol.com/2000157/2065512/0x0/5380ece42f424e438689ac7c83b11873.jpg	in stock	USED	TRUCK	Vehicles & Parts > Vehicles > Motor Vehicles > Cars, Trucks & Vans	1C6SRFJT3KN610823	https://www.dahlfordonalaska.com/viewdetails/used/1c6srfjt3kn610823/2019-ram-1500-crew-cab-pickup/123?store={store_code}	WHITE	73659 miles	1500	1C6SRFJT3KN610823	2019	30699 USD	11126	30699 USD	MI	no	1500	No	Over 20k
1C6SRFJT9MN788772	2021 RAM 1500 Laramie	RAM	https://www.dahlfordonalaska.com/viewdetails/used/1c6srfjt9mn788772/2021-ram-1500-crew-cab-pickup/	32900 USD	2021 Ivory White Tri Coat Pearlcoat RAM 1500 Laramie Regular Gasoline V-8 5.7 L/345 For sale at Dahl Ford Onalaska in Onalaska Wisconsin.	https://content.homenetiol.com/2000157/2065512/0x0/55a28b94e3f74c93b9a959481f48c89f.jpg	in stock	USED	TRUCK	Vehicles & Parts > Vehicles > Motor Vehicles > Cars, Trucks & Vans	1C6SRFJT9MN788772	https://www.dahlfordonalaska.com/viewdetails/used/1c6srfjt9mn788772/2021-ram-1500-crew-cab-pickup/123?store={store_code}	WHITE	77277 miles	1500	1C6SRFJT9MN788772	2021	32900 USD	11126	32900 USD	MI	no	1500	No	Over 20k
1FAHP2F86DG176643	2013 Ford Taurus Limited	Ford	https://www.dahlfordonalaska.com/viewdetails/used/1fahp2f86dg176643/2013-ford-taurus-4dr-car/	9900 USD	2013 Ingot Silver Metallic Ford Taurus Limited Gas V6 3.5L/213 For sale at Dahl Ford Onalaska in Onalaska Wisconsin.	https://content.homenetiol.com/2000157/2065512/0x0/5bcc6d49d3764333be18feb3167ab9ec.jpg	in stock	USED	OTHER	Vehicles & Parts > Vehicles > Motor Vehicles > Cars, Trucks & Vans	1FAHP2F86DG176643	https://www.dahlfordonalaska.com/viewdetails/used/1fahp2f86dg176643/2013-ford-taurus-4dr-car/123?store={store_code}	SILVER	104503 miles	Taurus	1FAHP2F86DG176643	2013	9900 USD	11126	9900 USD	MI	no	Taurus	No	Under 20k
1FATP8UH8P5100552	2023 Ford Mustang EcoBoost Premium	Ford	https://www.dahlfordonalaska.com/viewdetails/used/1fatp8uh8p5100552/2023-ford-mustang-convertible/	23899 USD	2023 Oxford White Ford Mustang EcoBoost Premium Intercooled Turbo Premium Gasoline I-4 2.3 L/140 For sale at Dahl Ford Onalaska in Onalaska Wisconsin.	https://content.homenetiol.com/2000157/2065512/0x0/44d7562bd9fd41708706b4a369dff3c3.jpg	in stock	USED	OTHER	Vehicles & Parts > Vehicles > Motor Vehicles > Cars, Trucks & Vans	1FATP8UH8P5100552	https://www.dahlfordonalaska.com/viewdetails/used/1fatp8uh8p5100552/2023-ford-mustang-convertible/123?store={store_code}	WHITE	49228 miles	Mustang	1FATP8UH8P5100552	2023	23899 USD	11126	23899 USD	MI	no	Mustang	No	Over 20k
1FMCU9G68LUB49152	2020 Ford Escape SE	Ford	https://www.dahlfordonalaska.com/viewdetails/used/1fmcu9g68lub49152/2020-ford-escape-sport-utility/	11900 USD	2020 Dark Persian Green Metallic Ford Escape SE Intercooled Turbo Premium Unleaded I-3 1.5 L/91 For sale at Dahl Ford Onalaska in Onalaska Wisconsin.	https://content.homenetiol.com/2000157/2065512/0x0/daf67df8167a4a469ecf2adbc84d2fef.jpg	in stock	USED	SUV	Vehicles & Parts > Vehicles > Motor Vehicles > Cars, Trucks & Vans	1FMCU9G68LUB49152	https://www.dahlfordonalaska.com/viewdetails/used/1fmcu9g68lub49152/2020-ford-escape-sport-utility/123?store={store_code}	GREEN	123878 miles	Escape	1FMCU9G68LUB49152	2020	11900 USD	11126	11900 USD	MI	no	Escape	No	Under 20k
1FMCU9GD7JUA34411	2018 Ford Escape SE	Ford	https://www.dahlfordonalaska.com/viewdetails/used/1fmcu9gd7jua34411/2018-ford-escape-sport-utility/	9990 USD	2018 Shadow Black Ford Escape SE Intercooled Turbo Regular Unleaded I-4 1.5 L/91 For sale at Dahl Ford Onalaska in Onalaska Wisconsin.	https://content.homenetiol.com/2000157/2065512/0x0/cbcfadc6b9f7475dbc290dd676d01089.jpg	in stock	USED	SUV	Vehicles & Parts > Vehicles > Motor Vehicles > Cars, Trucks & Vans	1FMCU9GD7JUA34411	https://www.dahlfordonalaska.com/viewdetails/used/1fmcu9gd7jua34411/2018-ford-escape-sport-utility/123?store={store_code}	BLACK	146806 miles	Escape	1FMCU9GD7JUA34411	2018	9990 USD	11126	9990 USD	MI	no	Escape	No	Under 20k
1FMCU9GN5PUB03856	2023 Ford Escape Active	Ford	https://www.dahlfordonalaska.com/viewdetails/used/1fmcu9gn5pub03856/2023-ford-escape-sport-utility/	21299 USD	2023 Oxford White Ford Escape Active Intercooled Turbo Premium Gasoline I-3 1.5 L/91 For sale at Dahl Ford Onalaska in Onalaska Wisconsin.	https://content.homenetiol.com/2000157/2065512/0x0/9f958ac4a9f146d2afb6d5e2f3cc1019.jpg	in stock	USED	SUV	Vehicles & Parts > Vehicles > Motor Vehicles > Cars, Trucks & Vans	1FMCU9GN5PUB03856	https://www.dahlfordonalaska.com/viewdetails/used/1fmcu9gn5pub03856/2023-ford-escape-sport-utility/123?store={store_code}	WHITE	52832 miles	Escape	1FMCU9GN5PUB03856	2023	21299 USD	11126	21299 USD	MI	no	Escape	No	Over 20k
1FMJU1RT7NEA11790	2022 Ford Expedition Timberline	Ford	https://www.dahlfordonalaska.com/viewdetails/used/1fmju1rt7nea11790/2022-ford-expedition-sport-utility/	39299 USD	2022 Forged Green Ford Expedition Timberline Twin Turbo Premium Gasoline V-6 3.5 L/213 For sale at Dahl Ford Onalaska in Onalaska Wisconsin.	https://content.homenetiol.com/2000157/2065512/0x0/845af423490b498ea4404ffdeb5cfca0.jpg	in stock	USED	SUV	Vehicles & Parts > Vehicles > Motor Vehicles > Cars, Trucks & Vans	1FMJU1RT7NEA11790	https://www.dahlfordonalaska.com/viewdetails/used/1fmju1rt7nea11790/2022-ford-expedition-sport-utility/123?store={store_code}	GREEN	90834 miles	Expedition	1FMJU1RT7NEA11790	2022	39299 USD	11126	39299 USD	MI	no	Expedition	No	Over 20k
1FMSK8DH7PGB79930	2023 Ford Explorer XLT	Ford	https://www.dahlfordonalaska.com/viewdetails/used/1fmsk8dh7pgb79930/2023-ford-explorer-sport-utility/	29099 USD	2023 Agate Black Ford Explorer XLT Intercooled Turbo Premium Gasoline I-4 2.3 L/140 For sale at Dahl Ford Onalaska in Onalaska Wisconsin.	https://content.homenetiol.com/2000157/2065512/0x0/1911d4ce4d0f4a87bafe508abc16f86c.jpg	in stock	USED	SUV	Vehicles & Parts > Vehicles > Motor Vehicles > Cars, Trucks & Vans	1FMSK8DH7PGB79930	https://www.dahlfordonalaska.com/viewdetails/used/1fmsk8dh7pgb79930/2023-ford-explorer-sport-utility/123?store={store_code}	BLACK	49656 miles	Explorer	1FMSK8DH7PGB79930	2023	29099 USD	11126	29099 USD	MI	no	Explorer	No	Over 20k
1FMSK8KH8PGA10244	2023 Ford Explorer ST-Line	Ford	https://www.dahlfordonalaska.com/viewdetails/used/1fmsk8kh8pga10244/2023-ford-explorer-sport-utility/	33199 USD	2023 Agate Black Metallic Ford Explorer ST-Line Intercooled Turbo Premium Gasoline I-4 2.3 L/140 For sale at Dahl Ford Onalaska in Onalaska Wisconsin.	https://content.homenetiol.com/2000157/2065512/0x0/c8486d20dbda45e1a8cdef27a1f9c381.jpg	in stock	USED	SUV	Vehicles & Parts > Vehicles > Motor Vehicles > Cars, Trucks & Vans	1FMSK8KH8PGA10244	https://www.dahlfordonalaska.com/viewdetails/used/1fmsk8kh8pga10244/2023-ford-explorer-sport-utility/123?store={store_code}	BLACK	47180 miles	Explorer	1FMSK8KH8PGA10244	2023	33199 USD	11126	33199 USD	MI	no	Explorer	No	Over 20k
1FMUK8KH0SGB62388	2025 Ford Explorer ST-Line	Ford	https://www.dahlfordonalaska.com/viewdetails/used/1fmuk8kh0sgb62388/2025-ford-explorer-sport-utility/	37099 USD	2025 Star White Metallic Tri Coat Ford Explorer ST-Line Intercooled Turbo Premium Gasoline I-4 2.3 L/140 For sale at Dahl Ford Onalaska in Onalaska Wisconsin.	https://content.homenetiol.com/2000157/2065512/0x0/891e8a8000764ca18f4216e3496daa83.jpg	in stock	USED	SUV	Vehicles & Parts > Vehicles > Motor Vehicles > Cars, Trucks & Vans	1FMUK8KH0SGB62388	https://www.dahlfordonalaska.com/viewdetails/used/1fmuk8kh0sgb62388/2025-ford-explorer-sport-utility/123?store={store_code}	WHITE	26495 miles	Explorer	1FMUK8KH0SGB62388	2025	37099 USD	11126	37099 USD	MI	no	Explorer	No	Over 20k
1FMUK8KH7SGB59116	2025 Ford Explorer ST-Line	Ford	https://www.dahlfordonalaska.com/viewdetails/used/1fmuk8kh7sgb59116/2025-ford-explorer-sport-utility/	34399 USD	2025 Carbonized Gray Ford Explorer ST-Line Intercooled Turbo Premium Gasoline I-4 2.3 L/140 For sale at Dahl Ford Onalaska in Onalaska Wisconsin.	https://content.homenetiol.com/2000157/2065512/0x0/130846602d294b5e86efa5ec9c075d1e.jpg	in stock	USED	SUV	Vehicles & Parts > Vehicles > Motor Vehicles > Cars, Trucks & Vans	1FMUK8KH7SGB59116	https://www.dahlfordonalaska.com/viewdetails/used/1fmuk8kh7sgb59116/2025-ford-explorer-sport-utility/123?store={store_code}	GRAY	37286 miles	Explorer	1FMUK8KH7SGB59116	2025	34399 USD	11126	34399 USD	MI	no	Explorer	No	Over 20k
1FMUK8KH7SGB61951	2025 Ford Explorer ST-Line	Ford	https://www.dahlfordonalaska.com/viewdetails/used/1fmuk8kh7sgb61951/2025-ford-explorer-sport-utility/	34899 USD	2025 Carbonized Gray Ford Explorer ST-Line Intercooled Turbo Premium Gasoline I-4 2.3 L/140 For sale at Dahl Ford Onalaska in Onalaska Wisconsin.	https://content.homenetiol.com/2000157/2065512/0x0/ef5fce6b45cf4aa189382f1301785bfc.jpg	in stock	USED	SUV	Vehicles & Parts > Vehicles > Motor Vehicles > Cars, Trucks & Vans	1FMUK8KH7SGB61951	https://www.dahlfordonalaska.com/viewdetails/used/1fmuk8kh7sgb61951/2025-ford-explorer-sport-utility/123?store={store_code}	GRAY	37662 miles	Explorer	1FMUK8KH7SGB61951	2025	34899 USD	11126	34899 USD	MI	no	Explorer	No	Over 20k
1FTER4FH3KLB22188	2019 Ford Ranger LARIAT	Ford	https://www.dahlfordonalaska.com/viewdetails/used/1fter4fh3klb22188/2019-ford-ranger-crew-cab-pickup/	31299 USD	2019 Oxford White Ford Ranger LARIAT Intercooled Turbo Regular Unleaded I-4 2.3 L/140 For sale at Dahl Ford Onalaska in Onalaska Wisconsin.	https://content.homenetiol.com/2000157/2065512/0x0/df1bdf3258c94184a113eedbdfbf2059.jpg	in stock	USED	TRUCK	Vehicles & Parts > Vehicles > Motor Vehicles > Cars, Trucks & Vans	1FTER4FH3KLB22188	https://www.dahlfordonalaska.com/viewdetails/used/1fter4fh3klb22188/2019-ford-ranger-crew-cab-pickup/123?store={store_code}	WHITE	15986 miles	Ranger	1FTER4FH3KLB22188	2019	31299 USD	11126	31299 USD	MI	no	Ranger	No	Over 20k
1FTEW1E43KKE37567	2019 Ford F-150 XLT	Ford	https://www.dahlfordonalaska.com/viewdetails/used/1ftew1e43kke37567/2019-ford-f-150-crew-cab-pickup/	16700 USD	2019 Agate Black Ford F-150 XLT Regular Unleaded 3.5 L EcoBoost For sale at Dahl Ford Onalaska in Onalaska Wisconsin.	https://content.homenetiol.com/2000157/2065512/0x0/6c50af32edaf4744a25c80e8d5d8c53b.jpg	in stock	USED	TRUCK	Vehicles & Parts > Vehicles > Motor Vehicles > Cars, Trucks & Vans	1FTEW1E43KKE37567	https://www.dahlfordonalaska.com/viewdetails/used/1ftew1e43kke37567/2019-ford-f-150-crew-cab-pickup/123?store={store_code}	BLACK	162826 miles	F-150	1FTEW1E43KKE37567	2019	16700 USD	11126	16700 USD	MI	no	F-150	No	Under 20k
1FTEW1E80PFA84966	2023 Ford F-150 Tremor	Ford	https://www.dahlfordonalaska.com/viewdetails/used/1ftew1e80pfa84966/2023-ford-f-150-crew-cab-pickup/	45099 USD	2023 Agate Black Ford F-150 Tremor Regular Unleaded V6 3.5 L EcoBoost For sale at Dahl Ford Onalaska in Onalaska Wisconsin.	https://content.homenetiol.com/2000157/2065512/0x0/a0bcc5ba4f9a49c1abc65d7b94142350.jpg	in stock	USED	TRUCK	Vehicles & Parts > Vehicles > Motor Vehicles > Cars, Trucks & Vans	1FTEW1E80PFA84966	https://www.dahlfordonalaska.com/viewdetails/used/1ftew1e80pfa84966/2023-ford-f-150-crew-cab-pickup/123?store={store_code}	BLACK	33213 miles	F-150	1FTEW1E80PFA84966	2023	45099 USD	11126	45099 USD	MI	no	F-150	No	Over 20k
1FTEW1EB3MKE54595	2021 Ford F-150 XLT	Ford	https://www.dahlfordonalaska.com/viewdetails/used/1ftew1eb3mke54595/2021-ford-f-150-crew-cab-pickup/	25399 USD	2021 Antimatter Blue Ford F-150 XLT Regular Gasoline V-6 3.3 L/204 For sale at Dahl Ford Onalaska in Onalaska Wisconsin.	https://content.homenetiol.com/2000157/2065512/0x0/96b42bb1f1a4416294cd63f9ab9ef343.jpg	in stock	USED	TRUCK	Vehicles & Parts > Vehicles > Motor Vehicles > Cars, Trucks & Vans	1FTEW1EB3MKE54595	https://www.dahlfordonalaska.com/viewdetails/used/1ftew1eb3mke54595/2021-ford-f-150-crew-cab-pickup/123?store={store_code}	BLUE	104426 miles	F-150	1FTEW1EB3MKE54595	2021	25399 USD	11126	25399 USD	MI	no	F-150	No	Over 20k
1FTEW1EG8JKG05681	2018 Ford F-150 XLT	Ford	https://www.dahlfordonalaska.com/viewdetails/used/1ftew1eg8jkg05681/2018-ford-f-150-crew-cab-pickup/	13800 USD	2018 Ruby Red Metallic Tinted Clearcoat Ford F-150 XLT Ecoboost 3.5L V6 For sale at Dahl Ford Onalaska in Onalaska Wisconsin.	https://content.homenetiol.com/2000157/2065512/0x0/b4baac2fd88a4bd398c5ff9386e10fcd.jpg	in stock	USED	TRUCK	Vehicles & Parts > Vehicles > Motor Vehicles > Cars, Trucks & Vans	1FTEW1EG8JKG05681	https://www.dahlfordonalaska.com/viewdetails/used/1ftew1eg8jkg05681/2018-ford-f-150-crew-cab-pickup/123?store={store_code}	RED	173296 miles	F-150	1FTEW1EG8JKG05681	2018	13800 USD	11126	13800 USD	MI	no	F-150	No	Under 20k
1FTEW1EG9JKC53467	2018 Ford F-150 XLT	Ford	https://www.dahlfordonalaska.com/viewdetails/used/1ftew1eg9jkc53467/2018-ford-f-150-crew-cab-pickup/	23299 USD	2018 White Gold Ford F-150 XLT Ecoboost 3.5L V6 For sale at Dahl Ford Onalaska in Onalaska Wisconsin.	https://content.homenetiol.com/2000157/2065512/0x0/4be0f813abc249b79fcd0fab150d346d.jpg	in stock	USED	TRUCK	Vehicles & Parts > Vehicles > Motor Vehicles > Cars, Trucks & Vans	1FTEW1EG9JKC53467	https://www.dahlfordonalaska.com/viewdetails/used/1ftew1eg9jkc53467/2018-ford-f-150-crew-cab-pickup/123?store={store_code}	WHITE	81481 miles	F-150	1FTEW1EG9JKC53467	2018	23299 USD	11126	23299 USD	MI	no	F-150	No	Over 20k
1FTEW1EP0GKE45627	2016 Ford F-150 XLT	Ford	https://www.dahlfordonalaska.com/viewdetails/used/1ftew1ep0gke45627/2016-ford-f-150-crew-cab-pickup/	12900 USD	2016 Shadow Black Ford F-150 XLT Regular Unleaded 2.7 L EcoBoost For sale at Dahl Ford Onalaska in Onalaska Wisconsin.	https://content.homenetiol.com/2000157/2065512/0x0/00b9c30c7cc84139ad5860606eb1ceea.jpg	in stock	USED	TRUCK	Vehicles & Parts > Vehicles > Motor Vehicles > Cars, Trucks & Vans	1FTEW1EP0GKE45627	https://www.dahlfordonalaska.com/viewdetails/used/1ftew1ep0gke45627/2016-ford-f-150-crew-cab-pickup/123?store={store_code}	BLACK	156156 miles	F-150	1FTEW1EP0GKE45627	2016	12900 USD	11126	12900 USD	MI	no	F-150	No	Under 20k
1FTEW1EP9MKE63698	2021 Ford F-150 XLT	Ford	https://www.dahlfordonalaska.com/viewdetails/used/1ftew1ep9mke63698/2021-ford-f-150-crew-cab-pickup/	26899 USD	2021 Space White Ford F-150 XLT Regular Unleaded 2.7 L EcoBoost For sale at Dahl Ford Onalaska in Onalaska Wisconsin.	https://content.homenetiol.com/2000157/2065512/0x0/9936e53fddd3464cac614dade6c30e69.jpg	in stock	USED	TRUCK	Vehicles & Parts > Vehicles > Motor Vehicles > Cars, Trucks & Vans	1FTEW1EP9MKE63698	https://www.dahlfordonalaska.com/viewdetails/used/1ftew1ep9mke63698/2021-ford-f-150-crew-cab-pickup/123?store={store_code}	WHITE	103746 miles	F-150	1FTEW1EP9MKE63698	2021	26899 USD	11126	26899 USD	MI	no	F-150	No	Over 20k
1FTEW3LP2RFB28443	2024 Ford F-150 XLT	Ford	https://www.dahlfordonalaska.com/viewdetails/used/1ftew3lp2rfb28443/2024-ford-f-150-crew-cab-pickup/	42099 USD	2024 Agate Black Ford F-150 XLT Regular Unleaded 2.7 L EcoBoost For sale at Dahl Ford Onalaska in Onalaska Wisconsin.	https://content.homenetiol.com/2000157/2065512/0x0/ec1add586bdd405c9fb847f9ffa959a6.jpg	in stock	USED	TRUCK	Vehicles & Parts > Vehicles > Motor Vehicles > Cars, Trucks & Vans	1FTEW3LP2RFB28443	https://www.dahlfordonalaska.com/viewdetails/used/1ftew3lp2rfb28443/2024-ford-f-150-crew-cab-pickup/123?store={store_code}	BLACK	25931 miles	F-150	1FTEW3LP2RFB28443	2024	42099 USD	11126	42099 USD	MI	no	F-150	No	Over 20k
1FTEW3LP2RFB44545	2024 Ford F-150 XLT	Ford	https://www.dahlfordonalaska.com/viewdetails/used/1ftew3lp2rfb44545/2024-ford-f-150-crew-cab-pickup/	41899 USD	2024 Agate Black Ford F-150 XLT Regular Unleaded 2.7 L EcoBoost For sale at Dahl Ford Onalaska in Onalaska Wisconsin.	https://content.homenetiol.com/2000157/2065512/0x0/8e28a3131ff740c38146f6999a4c3d38.jpg	in stock	USED	TRUCK	Vehicles & Parts > Vehicles > Motor Vehicles > Cars, Trucks & Vans	1FTEW3LP2RFB44545	https://www.dahlfordonalaska.com/viewdetails/used/1ftew3lp2rfb44545/2024-ford-f-150-crew-cab-pickup/123?store={store_code}	BLACK	20163 miles	F-150	1FTEW3LP2RFB44545	2024	41899 USD	11126	41899 USD	MI	no	F-150	No	Over 20k
1FTEW3LP3RFA77583	2024 Ford F-150 XLT	Ford	https://www.dahlfordonalaska.com/viewdetails/used/1ftew3lp3rfa77583/2024-ford-f-150-crew-cab-pickup/	41899 USD	2024 Oxford White Ford F-150 XLT Regular Unleaded 2.7 L EcoBoost For sale at Dahl Ford Onalaska in Onalaska Wisconsin.	https://content.homenetiol.com/2000157/2065512/0x0/a0dcce27146944739ec67466602f0c78.jpg	in stock	USED	TRUCK	Vehicles & Parts > Vehicles > Motor Vehicles > Cars, Trucks & Vans	1FTEW3LP3RFA77583	https://www.dahlfordonalaska.com/viewdetails/used/1ftew3lp3rfa77583/2024-ford-f-150-crew-cab-pickup/123?store={store_code}	WHITE	20011 miles	F-150	1FTEW3LP3RFA77583	2024	41899 USD	11126	41899 USD	MI	no	F-150	No	Over 20k
1FTEW3LP4RFA44768	2024 Ford F-150 XLT	Ford	https://www.dahlfordonalaska.com/viewdetails/used/1ftew3lp4rfa44768/2024-ford-f-150-crew-cab-pickup/	40099 USD	2024 Avalanche Gray Ford F-150 XLT Regular Unleaded 2.7 L EcoBoost For sale at Dahl Ford Onalaska in Onalaska Wisconsin.	https://content.homenetiol.com/2000157/2065512/0x0/053fbecb769340f3ae7a061107026fe3.jpg	in stock	USED	TRUCK	Vehicles & Parts > Vehicles > Motor Vehicles > Cars, Trucks & Vans	1FTEW3LP4RFA44768	https://www.dahlfordonalaska.com/viewdetails/used/1ftew3lp4rfa44768/2024-ford-f-150-crew-cab-pickup/123?store={store_code}	GRAY	36518 miles	F-150	1FTEW3LP4RFA44768	2024	40099 USD	11126	40099 USD	MI	no	F-150	No	Over 20k
1FTEW3LP7RFB56710	2024 Ford F-150 XLT	Ford	https://www.dahlfordonalaska.com/viewdetails/used/1ftew3lp7rfb56710/2024-ford-f-150-crew-cab-pickup/	43099 USD	2024 Agate Black Metallic Ford F-150 XLT Regular Unleaded 2.7 L EcoBoost For sale at Dahl Ford Onalaska in Onalaska Wisconsin.	https://content.homenetiol.com/2000157/2065512/0x0/379b62e366404b008646ea8162ae3979.jpg	in stock	USED	TRUCK	Vehicles & Parts > Vehicles > Motor Vehicles > Cars, Trucks & Vans	1FTEW3LP7RFB56710	https://www.dahlfordonalaska.com/viewdetails/used/1ftew3lp7rfb56710/2024-ford-f-150-crew-cab-pickup/123?store={store_code}	BLACK	16933 miles	F-150	1FTEW3LP7RFB56710	2024	43099 USD	11126	43099 USD	MI	no	F-150	No	Over 20k
1FTEW3LP8RKE61429	2024 Ford F-150 XLT	Ford	https://www.dahlfordonalaska.com/viewdetails/used/1ftew3lp8rke61429/2024-ford-f-150-crew-cab-pickup/	41299 USD	2024 Antimatter Blue Ford F-150 XLT Regular Unleaded 2.7 L EcoBoost For sale at Dahl Ford Onalaska in Onalaska Wisconsin.	https://content.homenetiol.com/2000157/2065512/0x0/23dd347648a340068e318a6ba4b491f1.jpg	in stock	USED	TRUCK	Vehicles & Parts > Vehicles > Motor Vehicles > Cars, Trucks & Vans	1FTEW3LP8RKE61429	https://www.dahlfordonalaska.com/viewdetails/used/1ftew3lp8rke61429/2024-ford-f-150-crew-cab-pickup/123?store={store_code}	BLUE	16215 miles	F-150	1FTEW3LP8RKE61429	2024	41299 USD	11126	41299 USD	MI	no	F-150	No	Over 20k
1FTEX1EP5PKD56746	2023 Ford F-150 XLT	Ford	https://www.dahlfordonalaska.com/viewdetails/used/1ftex1ep5pkd56746/2023-ford-f-150-extended-cab-pickup/	33299 USD	2023 Atlas Blue Metallic Ford F-150 XLT Regular Unleaded 2.7 L EcoBoost For sale at Dahl Ford Onalaska in Onalaska Wisconsin.	https://content.homenetiol.com/2000157/2065512/0x0/95502b5d19c3439ebcdea46a089e4583.jpg	in stock	USED	TRUCK	Vehicles & Parts > Vehicles > Motor Vehicles > Cars, Trucks & Vans	1FTEX1EP5PKD56746	https://www.dahlfordonalaska.com/viewdetails/used/1ftex1ep5pkd56746/2023-ford-f-150-extended-cab-pickup/123?store={store_code}	BLUE	53518 miles	F-150	1FTEX1EP5PKD56746	2023	33299 USD	11126	33299 USD	MI	no	F-150	No	Over 20k
1FTEX1EPXLKD39628	2020 Ford F-150 XL	Ford	https://www.dahlfordonalaska.com/viewdetails/used/1ftex1epxlkd39628/2020-ford-f-150-extended-cab-pickup/	14900 USD	2020 Magnetic Ford F-150 XL Regular Unleaded 2.7 L EcoBoost For sale at Dahl Ford Onalaska in Onalaska Wisconsin.	https://content.homenetiol.com/2000157/2065512/0x0/8d1d6755b241424e9714da4ddef241ca.jpg	in stock	USED	TRUCK	Vehicles & Parts > Vehicles > Motor Vehicles > Cars, Trucks & Vans	1FTEX1EPXLKD39628	https://www.dahlfordonalaska.com/viewdetails/used/1ftex1epxlkd39628/2020-ford-f-150-extended-cab-pickup/123?store={store_code}	GRAY	169410 miles	F-150	1FTEX1EPXLKD39628	2020	14900 USD	11126	14900 USD	MI	no	F-150	No	Under 20k
1FTFW1E85PKD99905	2023 Ford F-150 XLT	Ford	https://www.dahlfordonalaska.com/viewdetails/used/1ftfw1e85pkd99905/2023-ford-f-150-crew-cab-pickup/	30299 USD	2023 Atlas Blue Ford F-150 XLT Regular Unleaded V6 3.5 L EcoBoost For sale at Dahl Ford Onalaska in Onalaska Wisconsin.	https://content.homenetiol.com/2000157/2065512/0x0/9b04aaa7143a47718b0fc9922d99c55b.jpg	in stock	USED	TRUCK	Vehicles & Parts > Vehicles > Motor Vehicles > Cars, Trucks & Vans	1FTFW1E85PKD99905	https://www.dahlfordonalaska.com/viewdetails/used/1ftfw1e85pkd99905/2023-ford-f-150-crew-cab-pickup/123?store={store_code}	BLUE	102063 miles	F-150	1FTFW1E85PKD99905	2023	30299 USD	11126	30299 USD	MI	no	F-150	No	Over 20k
1FTFW1E88NFA96770	2022 Ford F-150 Platinum	Ford	https://www.dahlfordonalaska.com/viewdetails/used/1ftfw1e88nfa96770/2022-ford-f-150-crew-cab-pickup/	38899 USD	2022 Carbonized Gray Ford F-150 Platinum Regular Unleaded V6 3.5 L EcoBoost For sale at Dahl Ford Onalaska in Onalaska Wisconsin.	https://content.homenetiol.com/2000157/2065512/0x0/2a89060934af40a29a0361b19384d00f.jpg	in stock	USED	TRUCK	Vehicles & Parts > Vehicles > Motor Vehicles > Cars, Trucks & Vans	1FTFW1E88NFA96770	https://www.dahlfordonalaska.com/viewdetails/used/1ftfw1e88nfa96770/2022-ford-f-150-crew-cab-pickup/123?store={store_code}	GRAY	111899 miles	F-150	1FTFW1E88NFA96770	2022	38899 USD	11126	38899 USD	MI	no	F-150	No	Over 20k
1FTFW1E89PFB39886	2023 Ford F-150 XLT	Ford	https://www.dahlfordonalaska.com/viewdetails/used/1ftfw1e89pfb39886/2023-ford-f-150-crew-cab-pickup/	40899 USD	2023 Agate Black Ford F-150 XLT Regular Unleaded V6 3.5 L EcoBoost For sale at Dahl Ford Onalaska in Onalaska Wisconsin.	https://content.homenetiol.com/2000157/2065512/0x0/ce0c6c43b5cd47eab57382b05be49def.jpg	in stock	USED	TRUCK	Vehicles & Parts > Vehicles > Motor Vehicles > Cars, Trucks & Vans	1FTFW1E89PFB39886	https://www.dahlfordonalaska.com/viewdetails/used/1ftfw1e89pfb39886/2023-ford-f-150-crew-cab-pickup/123?store={store_code}	BLACK	35920 miles	F-150	1FTFW1E89PFB39886	2023	40899 USD	11126	40899 USD	MI	no	F-150	No	Over 20k
1FTFW1EF2EKF25102	2014 Ford F-150 STX	Ford	https://www.dahlfordonalaska.com/viewdetails/used/1ftfw1ef2ekf25102/2014-ford-f-150-crew-cab-pickup/	13900 USD	2014 Tuxedo Black Metallic Ford F-150 STX Regular Unleaded V-8 5.0 L/302 For sale at Dahl Ford Onalaska in Onalaska Wisconsin.	https://content.homenetiol.com/2000157/2065512/0x0/c41f6b17b163467894950eefab5a14f1.jpg	in stock	USED	TRUCK	Vehicles & Parts > Vehicles > Motor Vehicles > Cars, Trucks & Vans	1FTFW1EF2EKF25102	https://www.dahlfordonalaska.com/viewdetails/used/1ftfw1ef2ekf25102/2014-ford-f-150-crew-cab-pickup/123?store={store_code}	BLACK	114676 miles	F-150	1FTFW1EF2EKF25102	2014	13900 USD	11126	13900 USD	MI	no	F-150	No	Under 20k
1FTFW1ET4DFA46936	2013 Ford F-150 FX4	Ford	https://www.dahlfordonalaska.com/viewdetails/used/1ftfw1et4dfa46936/2013-ford-f-150-crew-cab-pickup/	16500 USD	2013 Oxford White Ford F-150 FX4 Turbocharged Gas V6 3.5L/213 For sale at Dahl Ford Onalaska in Onalaska Wisconsin.	https://content.homenetiol.com/2000157/2065512/0x0/6e74c8e108fd401fb3d394bd7ea2ef3a.jpg	in stock	USED	TRUCK	Vehicles & Parts > Vehicles > Motor Vehicles > Cars, Trucks & Vans	1FTFW1ET4DFA46936	https://www.dahlfordonalaska.com/viewdetails/used/1ftfw1et4dfa46936/2013-ford-f-150-crew-cab-pickup/123?store={store_code}	WHITE	110400 miles	F-150	1FTFW1ET4DFA46936	2013	16500 USD	11126	16500 USD	MI	no	F-150	No	Under 20k
1FTFW3L57RFB14850	2024 Ford F-150 XLT	Ford	https://www.dahlfordonalaska.com/viewdetails/used/1ftfw3l57rfb14850/2024-ford-f-150-crew-cab-pickup/	45099 USD	2024 Oxford White Ford F-150 XLT Regular Unleaded V8 5.0 L For sale at Dahl Ford Onalaska in Onalaska Wisconsin.	https://content.homenetiol.com/2000157/2065512/0x0/674104c956884621afb48390c936bf94.jpg	in stock	USED	TRUCK	Vehicles & Parts > Vehicles > Motor Vehicles > Cars, Trucks & Vans	1FTFW3L57RFB14850	https://www.dahlfordonalaska.com/viewdetails/used/1ftfw3l57rfb14850/2024-ford-f-150-crew-cab-pickup/123?store={store_code}	WHITE	24863 miles	F-150	1FTFW3L57RFB14850	2024	45099 USD	11126	45099 USD	MI	no	F-150	No	Over 20k
1FTFW3L85RFB22441	2024 Ford F-150 XLT	Ford	https://www.dahlfordonalaska.com/viewdetails/used/1ftfw3l85rfb22441/2024-ford-f-150-crew-cab-pickup/	43099 USD	2024 Agate Black Ford F-150 XLT Regular Unleaded V6 3.5 L EcoBoost For sale at Dahl Ford Onalaska in Onalaska Wisconsin.	https://content.homenetiol.com/2000157/2065512/0x0/8905dbb6c77844fca4f68907b356e1c8.jpg	in stock	USED	TRUCK	Vehicles & Parts > Vehicles > Motor Vehicles > Cars, Trucks & Vans	1FTFW3L85RFB22441	https://www.dahlfordonalaska.com/viewdetails/used/1ftfw3l85rfb22441/2024-ford-f-150-crew-cab-pickup/123?store={store_code}	BLACK	19247 miles	F-150	1FTFW3L85RFB22441	2024	43099 USD	11126	43099 USD	MI	no	F-150	No	Over 20k
1FTFW5L53RFA94284	2024 Ford F-150 LARIAT	Ford	https://www.dahlfordonalaska.com/viewdetails/used/1ftfw5l53rfa94284/2024-ford-f-150-crew-cab-pickup/	54899 USD	2024 Avalanche Gray Ford F-150 LARIAT Regular Unleaded V8 5.0 L For sale at Dahl Ford Onalaska in Onalaska Wisconsin.	https://content.homenetiol.com/2000157/2065512/0x0/89aca55569a84aecbcde1cce48b49f5e.jpg	in stock	USED	TRUCK	Vehicles & Parts > Vehicles > Motor Vehicles > Cars, Trucks & Vans	1FTFW5L53RFA94284	https://www.dahlfordonalaska.com/viewdetails/used/1ftfw5l53rfa94284/2024-ford-f-150-crew-cab-pickup/123?store={store_code}	GRAY	26112 miles	F-150	1FTFW5L53RFA94284	2024	54899 USD	11126	54899 USD	MI	no	F-150	No	Over 20k
1FTFW5L88RFB13647	2024 Ford F-150 LARIAT	Ford	https://www.dahlfordonalaska.com/viewdetails/used/1ftfw5l88rfb13647/2024-ford-f-150-crew-cab-pickup/	51299 USD	2024 Carbonized Gray Ford F-150 LARIAT Regular Unleaded V6 3.5 L EcoBoost For sale at Dahl Ford Onalaska in Onalaska Wisconsin.	https://content.homenetiol.com/2000157/2065512/0x0/1ddfb878390c4d3aae9aea6d305d3792.jpg	in stock	USED	TRUCK	Vehicles & Parts > Vehicles > Motor Vehicles > Cars, Trucks & Vans	1FTFW5L88RFB13647	https://www.dahlfordonalaska.com/viewdetails/used/1ftfw5l88rfb13647/2024-ford-f-150-crew-cab-pickup/123?store={store_code}	GRAY	25951 miles	F-150	1FTFW5L88RFB13647	2024	51299 USD	11126	51299 USD	MI	no	F-150	No	Over 20k
1FTFX1EF6EKG05449	2014 Ford F-150 STX	Ford	https://www.dahlfordonalaska.com/viewdetails/used/1ftfx1ef6ekg05449/2014-ford-f-150-extended-cab-pickup/	8900 USD	2014 Tuxedo Black Metallic Ford F-150 STX Regular Unleaded V-8 5.0 L/302 For sale at Dahl Ford Onalaska in Onalaska Wisconsin.	https://content.homenetiol.com/2000157/2065512/0x0/1eb26bb1a13a427f83173814c8b03509.jpg	in stock	USED	TRUCK	Vehicles & Parts > Vehicles > Motor Vehicles > Cars, Trucks & Vans	1FTFX1EF6EKG05449	https://www.dahlfordonalaska.com/viewdetails/used/1ftfx1ef6ekg05449/2014-ford-f-150-extended-cab-pickup/123?store={store_code}	BLACK	196110 miles	F-150	1FTFX1EF6EKG05449	2014	8900 USD	11126	8900 USD	MI	no	F-150	No	Under 20k
1FTFX1EG6FFD06496	2015 Ford F-150 Lariat	Ford	https://www.dahlfordonalaska.com/viewdetails/used/1ftfx1eg6ffd06496/2015-ford-f-150-extended-cab-pickup/	18300 USD	2015 Caribou Metallic Ford F-150 Lariat Ecoboost 3.5L V6 For sale at Dahl Ford Onalaska in Onalaska Wisconsin.	https://content.homenetiol.com/2000157/2065512/0x0/cf067634d3ab412489d4d70ddaa6aaa1.jpg	in stock	USED	TRUCK	Vehicles & Parts > Vehicles > Motor Vehicles > Cars, Trucks & Vans	1FTFX1EG6FFD06496	https://www.dahlfordonalaska.com/viewdetails/used/1ftfx1eg6ffd06496/2015-ford-f-150-extended-cab-pickup/123?store={store_code}	BROWN	107142 miles	F-150	1FTFX1EG6FFD06496	2015	18300 USD	11126	18300 USD	MI	no	F-150	No	Under 20k
1GTG6FEN4M1230130	2021 GMC Canyon 4WD AT4 w/Cloth	GMC	https://www.dahlfordonalaska.com/viewdetails/used/1gtg6fen4m1230130/2021-gmc-canyon-crew-cab-pickup/	28099 USD	2021 Onyx Black GMC Canyon 4WD AT4 w/Cloth Gas V6 3.6L/222 For sale at Dahl Ford Onalaska in Onalaska Wisconsin.	https://content.homenetiol.com/2000157/2065512/0x0/8a7f8d9bb5cc4e2b9c1be9f4c5790cac.jpg	in stock	USED	TRUCK	Vehicles & Parts > Vehicles > Motor Vehicles > Cars, Trucks & Vans	1GTG6FEN4M1230130	https://www.dahlfordonalaska.com/viewdetails/used/1gtg6fen4m1230130/2021-gmc-canyon-crew-cab-pickup/123?store={store_code}	BLACK	67760 miles	Canyon	1GTG6FEN4M1230130	2021	28099 USD	11126	28099 USD	MI	no	Canyon	No	Over 20k
1GTW7AFP5P1174098	2023 GMC Savana Cargo Van 2500	GMC	https://www.dahlfordonalaska.com/viewdetails/used/1gtw7afp5p1174098/2023-gmc-savana-cargo-van-full-size-cargo-van/	28899 USD	2023 Summit White GMC Savana Cargo Van 2500 Gas V6 4.3L/ For sale at Dahl Ford Onalaska in Onalaska Wisconsin.	https://content.homenetiol.com/2000157/2065512/0x0/2f28e952807c405f978ab614ad3c8ab0.jpg	in stock	USED	VAN	Vehicles & Parts > Vehicles > Motor Vehicles > Cars, Trucks & Vans	1GTW7AFP5P1174098	https://www.dahlfordonalaska.com/viewdetails/used/1gtw7afp5p1174098/2023-gmc-savana-cargo-van-full-size-cargo-van/123?store={store_code}	WHITE	33434 miles	Savana Cargo Van	1GTW7AFP5P1174098	2023	28899 USD	11126	28899 USD	MI	no	Savana Cargo Van	No	Over 20k
1HGCV1F48NA112367	2022 Honda Accord Sedan Sport SE	Honda	https://www.dahlfordonalaska.com/viewdetails/used/1hgcv1f48na112367/2022-honda-accord-sedan-4dr-car/	23299 USD	2022 Platinum White Pearl Honda Accord Sport SE Intercooled Turbo Regular Unleaded I-4 1.5 L/91 For sale at Dahl Ford Onalaska in Onalaska Wisconsin.	https://content.homenetiol.com/2000157/2065512/0x0/062ad524de8148b0a2cb548d50b431e8.jpg	in stock	USED	OTHER	Vehicles & Parts > Vehicles > Motor Vehicles > Cars, Trucks & Vans	1HGCV1F48NA112367	https://www.dahlfordonalaska.com/viewdetails/used/1hgcv1f48na112367/2022-honda-accord-sedan-4dr-car/123?store={store_code}	WHITE	26008 miles	Accord	1HGCV1F48NA112367	2022	23299 USD	11126	23299 USD	MI	no	Accord	No	Over 20k
1N4BL4DV5SN329768	2025 Nissan Altima SV	Nissan	https://www.dahlfordonalaska.com/viewdetails/used/1n4bl4dv5sn329768/2025-nissan-altima-4dr-car/	19299 USD	2025 Gun Metallic Nissan Altima SV Regular Gasoline I-4 2.5 L/152 For sale at Dahl Ford Onalaska in Onalaska Wisconsin.	https://content.homenetiol.com/2000157/2065512/0x0/d9a90994d4354ec5b38acf7dcf82cca7.jpg	in stock	USED	OTHER	Vehicles & Parts > Vehicles > Motor Vehicles > Cars, Trucks & Vans	1N4BL4DV5SN329768	https://www.dahlfordonalaska.com/viewdetails/used/1n4bl4dv5sn329768/2025-nissan-altima-4dr-car/123?store={store_code}	GRAY	44801 miles	Altima	1N4BL4DV5SN329768	2025	19299 USD	11126	19299 USD	MI	no	Altima	No	Under 20k
1N4BL4DV9SN366273	2025 Nissan Altima SV	Nissan	https://www.dahlfordonalaska.com/viewdetails/used/1n4bl4dv9sn366273/2025-nissan-altima-4dr-car/	20099 USD	2025 Brilliant Silver Metallic Nissan Altima SV Regular Gasoline I-4 2.5 L/152 For sale at Dahl Ford Onalaska in Onalaska Wisconsin.	https://content.homenetiol.com/2000157/2065512/0x0/1c90a6267f9f41ae9fa16e89f77b5c29.jpg	in stock	USED	OTHER	Vehicles & Parts > Vehicles > Motor Vehicles > Cars, Trucks & Vans	1N4BL4DV9SN366273	https://www.dahlfordonalaska.com/viewdetails/used/1n4bl4dv9sn366273/2025-nissan-altima-4dr-car/123?store={store_code}	SILVER	47684 miles	Altima	1N4BL4DV9SN366273	2025	20099 USD	11126	20099 USD	MI	no	Altima	No	Over 20k
1V2MR2CA9KC623107	2019 Volkswagen Atlas 3.6L V6 SEL	Volkswagen	https://www.dahlfordonalaska.com/viewdetails/used/1v2mr2ca9kc623107/2019-volkswagen-atlas-sport-utility/	18099 USD	2019 Platinum Gray Metallic Volkswagen Atlas 3.6L V6 SEL Regular Gasoline V-6 3.6 L/220 For sale at Dahl Ford Onalaska in Onalaska Wisconsin.	https://content.homenetiol.com/2000157/2065512/0x0/1ae1fe8ca67f4ae699ccffa3116eb1e8.jpg	in stock	USED	SUV	Vehicles & Parts > Vehicles > Motor Vehicles > Cars, Trucks & Vans	1V2MR2CA9KC623107	https://www.dahlfordonalaska.com/viewdetails/used/1v2mr2ca9kc623107/2019-volkswagen-atlas-sport-utility/123?store={store_code}	WHITE	110237 miles	Atlas	1V2MR2CA9KC623107	2019	18099 USD	11126	18099 USD	MI	no	Atlas	No	Under 20k
2C4RC1BG1SR523907	2025 Chrysler Pacifica Select	Chrysler	https://www.dahlfordonalaska.com/viewdetails/used/2c4rc1bg1sr523907/2025-chrysler-pacifica-mini-van,-passenger/	25299 USD	2025 Bright White Clearcoat Chrysler Pacifica Select Regular Gasoline V-6 3.6 L/220 For sale at Dahl Ford Onalaska in Onalaska Wisconsin.	https://content.homenetiol.com/2000157/2065512/0x0/3e66b7da09fb4c5c915109278f51cd0e.jpg	in stock	USED	VAN	Vehicles & Parts > Vehicles > Motor Vehicles > Cars, Trucks & Vans	2C4RC1BG1SR523907	https://www.dahlfordonalaska.com/viewdetails/used/2c4rc1bg1sr523907/2025-chrysler-pacifica-mini-van,-passenger/123?store={store_code}	WHITE	53184 miles	Pacifica	2C4RC1BG1SR523907	2025	25299 USD	11126	25299 USD	MI	no	Pacifica	No	Over 20k
2C4RC1BG4SR517177	2025 Chrysler Pacifica Select	Chrysler	https://www.dahlfordonalaska.com/viewdetails/used/2c4rc1bg4sr517177/2025-chrysler-pacifica-mini-van,-passenger/	25299 USD	2025 Ceramic Gray Clearcoat Chrysler Pacifica Select Regular Gasoline V-6 3.6 L/220 For sale at Dahl Ford Onalaska in Onalaska Wisconsin.	https://content.homenetiol.com/2000157/2065512/0x0/996ff41184b64c3b9f9d44f545d58c34.jpg	in stock	USED	VAN	Vehicles & Parts > Vehicles > Motor Vehicles > Cars, Trucks & Vans	2C4RC1BG4SR517177	https://www.dahlfordonalaska.com/viewdetails/used/2c4rc1bg4sr517177/2025-chrysler-pacifica-mini-van,-passenger/123?store={store_code}	GRAY	53937 miles	Pacifica	2C4RC1BG4SR517177	2025	25299 USD	11126	25299 USD	MI	no	Pacifica	No	Over 20k
2C4RC1BG4SR555945	2025 Chrysler Pacifica Select	Chrysler	https://www.dahlfordonalaska.com/viewdetails/used/2c4rc1bg4sr555945/2025-chrysler-pacifica-mini-van,-passenger/	25299 USD	2025 Diamond Black Crystal Pearlcoat Chrysler Pacifica Select Regular Gasoline V-6 3.6 L/220 For sale at Dahl Ford Onalaska in Onalaska Wisconsin.	https://content.homenetiol.com/2000157/2065512/0x0/acea1ca499af41ef9e045cbcd038b6af.jpg	in stock	USED	VAN	Vehicles & Parts > Vehicles > Motor Vehicles > Cars, Trucks & Vans	2C4RC1BG4SR555945	https://www.dahlfordonalaska.com/viewdetails/used/2c4rc1bg4sr555945/2025-chrysler-pacifica-mini-van,-passenger/123?store={store_code}	BLACK	55213 miles	Pacifica	2C4RC1BG4SR555945	2025	25299 USD	11126	25299 USD	MI	no	Pacifica	No	Over 20k
2C4RC1BG8SR531535	2025 Chrysler Pacifica Select	Chrysler	https://www.dahlfordonalaska.com/viewdetails/used/2c4rc1bg8sr531535/2025-chrysler-pacifica-mini-van,-passenger/	24299 USD	2025 Diamond Black Crystal Pearlcoat Chrysler Pacifica Select Regular Gasoline V-6 3.6 L/220 For sale at Dahl Ford Onalaska in Onalaska Wisconsin.	https://content.homenetiol.com/2000157/2065512/0x0/2ecddda7aed5410383cb2008dbbec493.jpg	in stock	USED	VAN	Vehicles & Parts > Vehicles > Motor Vehicles > Cars, Trucks & Vans	2C4RC1BG8SR531535	https://www.dahlfordonalaska.com/viewdetails/used/2c4rc1bg8sr531535/2025-chrysler-pacifica-mini-van,-passenger/123?store={store_code}	BLACK	54747 miles	Pacifica	2C4RC1BG8SR531535	2025	24299 USD	11126	24299 USD	MI	no	Pacifica	No	Over 20k
2C4RC1BGXSR553438	2025 Chrysler Pacifica Select	Chrysler	https://www.dahlfordonalaska.com/viewdetails/used/2c4rc1bgxsr553438/2025-chrysler-pacifica-mini-van,-passenger/	25299 USD	2025 Red Hot Pearlcoat Chrysler Pacifica Select Regular Gasoline V-6 3.6 L/220 For sale at Dahl Ford Onalaska in Onalaska Wisconsin.	https://content.homenetiol.com/2000157/2065512/0x0/c6f27782ab594093b8e67d8388758228.jpg	in stock	USED	VAN	Vehicles & Parts > Vehicles > Motor Vehicles > Cars, Trucks & Vans	2C4RC1BGXSR553438	https://www.dahlfordonalaska.com/viewdetails/used/2c4rc1bgxsr553438/2025-chrysler-pacifica-mini-van,-passenger/123?store={store_code}	RED	55609 miles	Pacifica	2C4RC1BGXSR553438	2025	25299 USD	11126	25299 USD	MI	no	Pacifica	No	Over 20k
2FMPK4J93LBB06034	2020 Ford Edge SEL	Ford	https://www.dahlfordonalaska.com/viewdetails/used/2fmpk4j93lbb06034/2020-ford-edge-sport-utility/	20299 USD	2020 Iconic Silver Ford Edge SEL Intercooled Turbo Premium Unleaded I-4 2.0 L/122 For sale at Dahl Ford Onalaska in Onalaska Wisconsin.	https://content.homenetiol.com/2000157/2065512/0x0/ddb96601e6d8471fa25dfa38ea57a319.jpg	in stock	USED	SUV	Vehicles & Parts > Vehicles > Motor Vehicles > Cars, Trucks & Vans	2FMPK4J93LBB06034	https://www.dahlfordonalaska.com/viewdetails/used/2fmpk4j93lbb06034/2020-ford-edge-sport-utility/123?store={store_code}	SILVER	41218 miles	Edge	2FMPK4J93LBB06034	2020	20299 USD	11126	20299 USD	MI	no	Edge	No	Over 20k
2FMPK4J96RBA64404	2024 Ford Edge SEL	Ford	https://www.dahlfordonalaska.com/viewdetails/used/2fmpk4j96rba64404/2024-ford-edge-sport-utility/	25899 USD	2024 Agate Black Ford Edge SEL Intercooled Turbo Premium Gasoline I-4 2.0 L/122 For sale at Dahl Ford Onalaska in Onalaska Wisconsin.	https://content.homenetiol.com/2000157/2065512/0x0/141df167ea034a2eafc37ab7a8f1b7d2.jpg	in stock	USED	SUV	Vehicles & Parts > Vehicles > Motor Vehicles > Cars, Trucks & Vans	2FMPK4J96RBA64404	https://www.dahlfordonalaska.com/viewdetails/used/2fmpk4j96rba64404/2024-ford-edge-sport-utility/123?store={store_code}	BLACK	37040 miles	Edge	2FMPK4J96RBA64404	2024	25899 USD	11126	25899 USD	MI	no	Edge	No	Over 20k
2FMPK4K99NBA39067	2022 Ford Edge Titanium	Ford	https://www.dahlfordonalaska.com/viewdetails/used/2fmpk4k99nba39067/2022-ford-edge-sport-utility/	21899 USD	2022 Iconic Silver Ford Edge Titanium Intercooled Turbo Premium Gasoline I-4 2.0 L/122 For sale at Dahl Ford Onalaska in Onalaska Wisconsin.	https://content.homenetiol.com/2000157/2065512/0x0/94504ff98c0a4f71b13ac7b475af1360.jpg	in stock	USED	SUV	Vehicles & Parts > Vehicles > Motor Vehicles > Cars, Trucks & Vans	2FMPK4K99NBA39067	https://www.dahlfordonalaska.com/viewdetails/used/2fmpk4k99nba39067/2022-ford-edge-sport-utility/123?store={store_code}	SILVER	65298 miles	Edge	2FMPK4K99NBA39067	2022	21899 USD	11126	21899 USD	MI	no	Edge	No	Over 20k
3C4NJDBB9LT125983	2020 Jeep Compass Latitude	Jeep	https://www.dahlfordonalaska.com/viewdetails/used/3c4njdbb9lt125983/2020-jeep-compass-sport-utility/	18299 USD	2020 Jazz Blue Pearlcoat Jeep Compass Latitude Regular Unleaded I-4 2.4 L/144 For sale at Dahl Ford Onalaska in Onalaska Wisconsin.	https://content.homenetiol.com/2000157/2065512/0x0/d5a733229b6d4cc98853cd55fc1b5ed3.jpg	in stock	USED	SUV	Vehicles & Parts > Vehicles > Motor Vehicles > Cars, Trucks & Vans	3C4NJDBB9LT125983	https://www.dahlfordonalaska.com/viewdetails/used/3c4njdbb9lt125983/2020-jeep-compass-sport-utility/123?store={store_code}	BLUE	46934 miles	Compass	3C4NJDBB9LT125983	2020	18299 USD	11126	18299 USD	MI	no	Compass	No	Under 20k
3C63R3CL3LG196081	2020 RAM 3500 Tradesman	RAM	https://www.dahlfordonalaska.com/viewdetails/used/3c63r3cl3lg196081/2020-ram-3500-crew-cab-pickup/	40399 USD	2020 Flame Red Clearcoat RAM 3500 Tradesman Intercooled Turbo Diesel I-6 6.7 L/408 For sale at Dahl Ford Onalaska in Onalaska Wisconsin.	https://content.homenetiol.com/2000157/2065512/0x0/79a2ba248ce948829f20a5b33dd882dc.jpg	in stock	USED	TRUCK	Vehicles & Parts > Vehicles > Motor Vehicles > Cars, Trucks & Vans	3C63R3CL3LG196081	https://www.dahlfordonalaska.com/viewdetails/used/3c63r3cl3lg196081/2020-ram-3500-crew-cab-pickup/123?store={store_code}	RED	84148 miles	3500	3C63R3CL3LG196081	2020	40399 USD	11126	40399 USD	MI	no	3500	No	Over 20k
3FTCW8TA6SRB70557	2025 Ford Maverick Lobo Standard	Ford	https://www.dahlfordonalaska.com/viewdetails/used/3ftcw8ta6srb70557/2025-ford-maverick-crew-cab-pickup/	34299 USD	2025 Shadow Black Ford Maverick Lobo Standard Intercooled Turbo Premium Gasoline I-4 2.0 L/122 For sale at Dahl Ford Onalaska in Onalaska Wisconsin.	https://content.homenetiol.com/2000157/2065512/0x0/ed0aeaff012c46adb75d503756083c0e.jpg	in stock	USED	TRUCK	Vehicles & Parts > Vehicles > Motor Vehicles > Cars, Trucks & Vans	3FTCW8TA6SRB70557	https://www.dahlfordonalaska.com/viewdetails/used/3ftcw8ta6srb70557/2025-ford-maverick-crew-cab-pickup/123?store={store_code}	BLACK	2528 miles	Maverick	3FTCW8TA6SRB70557	2025	34299 USD	11126	34299 USD	MI	no	Maverick	No	Over 20k
3FTTW8E36PRA74353	2023 Ford Maverick XLT	Ford	https://www.dahlfordonalaska.com/viewdetails/used/3fttw8e36pra74353/2023-ford-maverick-crew-cab-pickup/	26699 USD	2023 Hot Pepper Red Tinted Clearcoat Ford Maverick XLT Gas/Electric I-4 2.5 L/152 For sale at Dahl Ford Onalaska in Onalaska Wisconsin.	https://content.homenetiol.com/2000157/2065512/0x0/bf7d72667a724ae78787085191fa1b25.jpg	in stock	USED	TRUCK	Vehicles & Parts > Vehicles > Motor Vehicles > Cars, Trucks & Vans	3FTTW8E36PRA74353	https://www.dahlfordonalaska.com/viewdetails/used/3fttw8e36pra74353/2023-ford-maverick-crew-cab-pickup/123?store={store_code}	RED	24279 miles	Maverick	3FTTW8E36PRA74353	2023	26699 USD	11126	26699 USD	MI	no	Maverick	No	Over 20k
3FTTW8J39SRA11679	2025 Ford Maverick XLT	Ford	https://www.dahlfordonalaska.com/viewdetails/used/3fttw8j39sra11679/2025-ford-maverick-crew-cab-pickup/	33899 USD	2025 Eruption Green Ford Maverick XLT Gas/Electric I-4 2.5 L/152 For sale at Dahl Ford Onalaska in Onalaska Wisconsin.	https://content.homenetiol.com/2000157/2065512/0x0/ac245d132f044e08940d8f4307a197f5.jpg	in stock	USED	TRUCK	Vehicles & Parts > Vehicles > Motor Vehicles > Cars, Trucks & Vans	3FTTW8J39SRA11679	https://www.dahlfordonalaska.com/viewdetails/used/3fttw8j39sra11679/2025-ford-maverick-crew-cab-pickup/123?store={store_code}	GREEN	12500 miles	Maverick	3FTTW8J39SRA11679	2025	33899 USD	11126	33899 USD	MI	no	Maverick	No	Over 20k
3GKALVEX1KL277684	2019 GMC Terrain SLT	GMC	https://www.dahlfordonalaska.com/viewdetails/used/3gkalvex1kl277684/2019-gmc-terrain-sport-utility/	10500 USD	2019 Summit White GMC Terrain SLT Turbocharged Gas/E15 I4 2.0L/122 For sale at Dahl Ford Onalaska in Onalaska Wisconsin.	https://content.homenetiol.com/2000157/2065512/0x0/f1b7f0b156e3443ea629cfb6840fb9bb.jpg	in stock	USED	SUV	Vehicles & Parts > Vehicles > Motor Vehicles > Cars, Trucks & Vans	3GKALVEX1KL277684	https://www.dahlfordonalaska.com/viewdetails/used/3gkalvex1kl277684/2019-gmc-terrain-sport-utility/123?store={store_code}	WHITE	181199 miles	Terrain	3GKALVEX1KL277684	2019	10500 USD	11126	10500 USD	MI	no	Terrain	No	Under 20k
3N1AB8CV0RY251871	2024 Nissan Sentra SV	Nissan	https://www.dahlfordonalaska.com/viewdetails/used/3n1ab8cv0ry251871/2024-nissan-sentra-4dr-car/	18299 USD	2024 Super Black Nissan Sentra SV Regular Unleaded I-4 2.0 L/122 For sale at Dahl Ford Onalaska in Onalaska Wisconsin.	https://content.homenetiol.com/2000157/2065512/0x0/64715ebba339497fa63682cedc3753ab.jpg	in stock	USED	OTHER	Vehicles & Parts > Vehicles > Motor Vehicles > Cars, Trucks & Vans	3N1AB8CV0RY251871	https://www.dahlfordonalaska.com/viewdetails/used/3n1ab8cv0ry251871/2024-nissan-sentra-4dr-car/123?store={store_code}	BLACK	52517 miles	Sentra	3N1AB8CV0RY251871	2024	18299 USD	11126	18299 USD	MI	no	Sentra	No	Under 20k
3TYKD5HN5RT009656	2024 Toyota Tacoma 2WD SR	Toyota	https://www.dahlfordonalaska.com/viewdetails/used/3tykd5hn5rt009656/2024-toyota-tacoma-2wd-crew-cab-pickup/	30899 USD	2024 Celestial Silver Metallic Toyota Tacoma 2WD SR Intercooled Turbo Regular Gasoline I-4 2.4 L/146 For sale at Dahl Ford Onalaska in Onalaska Wisconsin.	https://content.homenetiol.com/2000157/2065512/0x0/f635be818d584c4c9bc4efd982657394.jpg	in stock	USED	TRUCK	Vehicles & Parts > Vehicles > Motor Vehicles > Cars, Trucks & Vans	3TYKD5HN5RT009656	https://www.dahlfordonalaska.com/viewdetails/used/3tykd5hn5rt009656/2024-toyota-tacoma-2wd-crew-cab-pickup/123?store={store_code}	SILVER	14978 miles	Tacoma 2WD	3TYKD5HN5RT009656	2024	30899 USD	11126	30899 USD	MI	no	Tacoma 2WD	No	Over 20k
3VW7M7BUXPM054101	2023 Volkswagen Jetta SE	Volkswagen	https://www.dahlfordonalaska.com/viewdetails/used/3vw7m7buxpm054101/2023-volkswagen-jetta-4dr-car/	19699 USD	2023 Platinum Gray Metallic Volkswagen Jetta SE Intercooled Turbo Regular Unleaded I-4 1.5 L/91 For sale at Dahl Ford Onalaska in Onalaska Wisconsin.	https://content.homenetiol.com/2000157/2065512/0x0/431b332e700044a4a457e8dbcac334a1.jpg	in stock	USED	OTHER	Vehicles & Parts > Vehicles > Motor Vehicles > Cars, Trucks & Vans	3VW7M7BUXPM054101	https://www.dahlfordonalaska.com/viewdetails/used/3vw7m7buxpm054101/2023-volkswagen-jetta-4dr-car/123?store={store_code}	WHITE	44802 miles	Jetta	3VW7M7BUXPM054101	2023	19699 USD	11126	19699 USD	MI	no	Jetta	No	Under 20k
4S4BTACC4S3252214	2025 Subaru Outback Premium	Subaru	https://www.dahlfordonalaska.com/viewdetails/used/4s4btacc4s3252214/2025-subaru-outback-sport-utility/	29899 USD	2025 Crimson Red Pearl Subaru Outback Premium Regular Gasoline H-4 2.5 L/152 For sale at Dahl Ford Onalaska in Onalaska Wisconsin.	https://content.homenetiol.com/2000157/2065512/0x0/d299a9552cbf410795ee15577654d2c1.jpg	in stock	USED	SUV	Vehicles & Parts > Vehicles > Motor Vehicles > Cars, Trucks & Vans	4S4BTACC4S3252214	https://www.dahlfordonalaska.com/viewdetails/used/4s4btacc4s3252214/2025-subaru-outback-sport-utility/123?store={store_code}	RED	16304 miles	Outback	4S4BTACC4S3252214	2025	29899 USD	11126	29899 USD	MI	no	Outback	No	Over 20k
4T1DAACK6SU138053	2025 Toyota Camry SE	Toyota	https://www.dahlfordonalaska.com/viewdetails/used/4t1daack6su138053/2025-toyota-camry-4dr-car/	28899 USD	2025 Ice Cap Toyota Camry SE Gas/Electric I-4 2.5 L/152 For sale at Dahl Ford Onalaska in Onalaska Wisconsin.	https://content.homenetiol.com/2000157/2065512/0x0/7b6f42b0ac644cf7a529b3cae749879b.jpg	in stock	USED	OTHER	Vehicles & Parts > Vehicles > Motor Vehicles > Cars, Trucks & Vans	4T1DAACK6SU138053	https://www.dahlfordonalaska.com/viewdetails/used/4t1daack6su138053/2025-toyota-camry-4dr-car/123?store={store_code}	WHITE	42987 miles	Camry	4T1DAACK6SU138053	2025	28899 USD	11126	28899 USD	MI	no	Camry	No	Over 20k
5FPYK3F52PB046482	2023 Honda Ridgeline RTL	Honda	https://www.dahlfordonalaska.com/viewdetails/used/5fpyk3f52pb046482/2023-honda-ridgeline-crew-cab-pickup/	30899 USD	2023 Modern Steel Metallic Honda Ridgeline RTL Regular Unleaded V-6 3.5 L/212 For sale at Dahl Ford Onalaska in Onalaska Wisconsin.	https://content.homenetiol.com/2000157/2065512/0x0/2feb1896f4f448d38c04a7c52acfa583.jpg	in stock	USED	TRUCK	Vehicles & Parts > Vehicles > Motor Vehicles > Cars, Trucks & Vans	5FPYK3F52PB046482	https://www.dahlfordonalaska.com/viewdetails/used/5fpyk3f52pb046482/2023-honda-ridgeline-crew-cab-pickup/123?store={store_code}	GRAY	49972 miles	Ridgeline	5FPYK3F52PB046482	2023	30899 USD	11126	30899 USD	MI	no	Ridgeline	No	Over 20k
5LMCJ2DA8PUL08943	2023 Lincoln Corsair Reserve	Lincoln	https://www.dahlfordonalaska.com/viewdetails/used/5lmcj2da8pul08943/2023-lincoln-corsair-sport-utility/	33299 USD	2023 Pristine White Lincoln Corsair Reserve Intercooled Turbo Premium Gasoline I-4 2.0 L/122 For sale at Dahl Ford Onalaska in Onalaska Wisconsin.	https://content.homenetiol.com/2000157/2065512/0x0/14d6129d9d034a52b650fa42a651a193.jpg	in stock	USED	SUV	Vehicles & Parts > Vehicles > Motor Vehicles > Cars, Trucks & Vans	5LMCJ2DA8PUL08943	https://www.dahlfordonalaska.com/viewdetails/used/5lmcj2da8pul08943/2023-lincoln-corsair-sport-utility/123?store={store_code}	WHITE	28152 miles	Corsair	5LMCJ2DA8PUL08943	2023	33299 USD	11126	33299 USD	MI	no	Corsair	No	Over 20k
JF2SKAMC4RH494876	2024 Subaru Forester Touring	Subaru	https://www.dahlfordonalaska.com/viewdetails/used/jf2skamc4rh494876/2024-subaru-forester-sport-utility/	30799 USD	2024 Crystal Black Silica Subaru Forester Touring Regular Unleaded H-4 2.5 L/152 For sale at Dahl Ford Onalaska in Onalaska Wisconsin.	https://content.homenetiol.com/2000157/2065512/0x0/5acde0ab8c4d4b3dbd97fc4df59f65ad.jpg	in stock	USED	SUV	Vehicles & Parts > Vehicles > Motor Vehicles > Cars, Trucks & Vans	JF2SKAMC4RH494876	https://www.dahlfordonalaska.com/viewdetails/used/jf2skamc4rh494876/2024-subaru-forester-sport-utility/123?store={store_code}	BLACK	33169 miles	Forester	JF2SKAMC4RH494876	2024	30799 USD	11126	30799 USD	MI	no	Forester	No	Over 20k
WA1EECF32N1018523	2022 Audi Q3 S line Premium Plus	Audi	https://www.dahlfordonalaska.com/viewdetails/used/wa1eecf32n1018523/2022-audi-q3-sport-utility/	22899 USD	2022 Chronos Gray Metallic Audi Q3 S line Premium Plus Intercooled Turbo Regular Unleaded I-4 2.0 L/121 For sale at Dahl Ford Onalaska in Onalaska Wisconsin.	https://content.homenetiol.com/2000157/2065512/0x0/fbc547ede10e49e98228d19249154c27.jpg	in stock	USED	SUV	Vehicles & Parts > Vehicles > Motor Vehicles > Cars, Trucks & Vans	WA1EECF32N1018523	https://www.dahlfordonalaska.com/viewdetails/used/wa1eecf32n1018523/2022-audi-q3-sport-utility/123?store={store_code}	GRAY	71491 miles	Q3	WA1EECF32N1018523	2022	22899 USD	11126	22899 USD	MI	no	Q3	No	Over 20k
