id	title	brand	link	vehicle MSRP	description	image_link	availability	condition	product_type	google_product_category	MPN	link_template	color	mileage	model	vin	year	price	store code	MSRP	mileage.unit
1FM5K8GCXLGB74454	2020 Ford Explorer ST	Ford	https://www.dahlchevroletgmcwinona.com/inventory/used-2020-ford-explorer-st-4-wheel-drive-suv-1fm5k8gcxlgb74454/	19749 USD	2020 Ford Explorer Used 2020 Ford Explorer ST SUV For sale at DAHL Chevrolet Buick GMC in Winona Minnesota.	https://vehicle-images.carscommerce.inc/4a2a-110010023/1FM5K8GCXLGB74454/thumbnails/large/220164a217918bb12d2f2d82e6b59002.webp	in stock	USED	SUV	Vehicles & Parts > Vehicles > Motor Vehicles > Cars, Trucks & Vans	1FM5K8GCXLGB74454	https://www.dahlchevroletgmcwinona.com/inventory/used-2020-ford-explorer-st-4-wheel-drive-suv-1fm5k8gcxlgb74454/123?store={store_code}	NA	128295 miles	Explorer	1FM5K8GCXLGB74454	2020	19749 USD	CBGMC	19749 USD	MI
1C6SRFJT9MN595635	2021 Ram 1500 Laramie	Ram	https://www.dahlchevroletgmcwinona.com/inventory/used-2021-ram-1500-laramie-4-wheel-drive-crew-pickup-1c6srfjt9mn595635/	29749 USD	2021 Ram 1500 Used 2021 Ram 1500 Laramie Crew Pickup For sale at DAHL Chevrolet Buick GMC in Winona Minnesota.	https://www.dahlchevroletgmcwinona.com/wp-content/plugins/inventory/images/notfound.jpg	in stock	USED	TRUCK	Vehicles & Parts > Vehicles > Motor Vehicles > Cars, Trucks & Vans	1C6SRFJT9MN595635	https://www.dahlchevroletgmcwinona.com/inventory/used-2021-ram-1500-laramie-4-wheel-drive-crew-pickup-1c6srfjt9mn595635/123?store={store_code}	NA	126733 miles	1500	1C6SRFJT9MN595635	2021	29749 USD	CBGMC	29749 USD	MI
JTEKU5JR1N6076348	2022 Toyota 4Runner Limited	Toyota	https://www.dahlchevroletgmcwinona.com/inventory/used-2022-toyota-4runner-limited-4-wheel-drive-utility-jteku5jr1n6076348/	45749 USD	2022 Toyota 4Runner Used 2022 Toyota 4Runner Limited Utility For sale at DAHL Chevrolet Buick GMC in Winona Minnesota.	https://www.dahlchevroletgmcwinona.com/wp-content/plugins/inventory/images/notfound.jpg	in stock	USED	OTHER	Vehicles & Parts > Vehicles > Motor Vehicles > Cars, Trucks & Vans	JTEKU5JR1N6076348	https://www.dahlchevroletgmcwinona.com/inventory/used-2022-toyota-4runner-limited-4-wheel-drive-utility-jteku5jr1n6076348/123?store={store_code}	NA	13872 miles	4Runner	JTEKU5JR1N6076348	2022	45749 USD	CBGMC	45749 USD	MI
4A3AE45G85E032088	2005 Mitsubishi Eclipse GS	Mitsubishi	https://www.dahlchevroletgmcwinona.com/inventory/used-2005-mitsubishi-eclipse-gs-front-wheel-drive-2-door-convertible-4a3ae45g85e032088/	5700 USD	2005 Mitsubishi Eclipse Used 2005 Mitsubishi Eclipse GS 2 Door Convertible FWD 4 Cylinder For sale at DAHL Chevrolet Buick GMC in Winona Minnesota.	https://vehicle-images.carscommerce.inc/9fce-110010023/4A3AE45G85E032088/thumbnails/large/f94ccfcd43413528e54d4f2e39ff85c4.webp	in stock	USED	OTHER	Vehicles & Parts > Vehicles > Motor Vehicles > Cars, Trucks & Vans	4A3AE45G85E032088	https://www.dahlchevroletgmcwinona.com/inventory/used-2005-mitsubishi-eclipse-gs-front-wheel-drive-2-door-convertible-4a3ae45g85e032088/123?store={store_code}	NA	100794 miles	Eclipse	4A3AE45G85E032088	2005	5700 USD	CBGMC	5700 USD	MI
1FTEW1EG2HFB31195	2017 Ford F-150 XL	Ford	https://www.dahlchevroletgmcwinona.com/inventory/used-2017-ford-f-150-xl-4-wheel-drive-crew-pickup-1ftew1eg2hfb31195/	20249 USD	2017 Black Ford F-150 Used 2017 Ford F-150 XL Crew Pickup For sale at DAHL Chevrolet Buick GMC in Winona Minnesota.	https://vehicle-images.carscommerce.inc/5bab-110010023/1FTEW1EG2HFB31195/thumbnails/large/d2ddbfe004a59e1a698a1b3e2901a5af.webp	in stock	USED	TRUCK	Vehicles & Parts > Vehicles > Motor Vehicles > Cars, Trucks & Vans	1FTEW1EG2HFB31195	https://www.dahlchevroletgmcwinona.com/inventory/used-2017-ford-f-150-xl-4-wheel-drive-crew-pickup-1ftew1eg2hfb31195/123?store={store_code}	BLACK	114093 miles	F-150	1FTEW1EG2HFB31195	2017	20249 USD	CBGMC	20249 USD	MI
2HKRW2H86HH601729	2017 Honda CR-V EX-L	Honda	https://www.dahlchevroletgmcwinona.com/inventory/used-2017-honda-cr-v-ex-l-all-wheel-drive-sport-utility-2hkrw2h86hh601729/	18685 USD	2017 Honda CR-V Used 2017 Honda CR-V EX-L Sport Utility AWD 4 Cylinder For sale at DAHL Chevrolet Buick GMC in Winona Minnesota.	https://vehicle-images.carscommerce.inc/8df0-110010023/2HKRW2H86HH601729/thumbnails/large/82464f8e2509461231c998de2bb16078.webp	in stock	USED	SUV	Vehicles & Parts > Vehicles > Motor Vehicles > Cars, Trucks & Vans	2HKRW2H86HH601729	https://www.dahlchevroletgmcwinona.com/inventory/used-2017-honda-cr-v-ex-l-all-wheel-drive-sport-utility-2hkrw2h86hh601729/123?store={store_code}	NA	80709 miles	CR-V	2HKRW2H86HH601729	2017	18685 USD	CBGMC	18685 USD	MI
2T3DFREV3HW580599	2017 Toyota RAV4 Limited	Toyota	https://www.dahlchevroletgmcwinona.com/inventory/used-2017-toyota-rav4-limited-all-wheel-drive-sport-utility-2t3dfrev3hw580599/	19990 USD	2017 Galactic Aqua Mica Toyota RAV4 Used 2017 Toyota RAV4 Limited Sport Utility AWD 4 Cylinder For sale at DAHL Chevrolet Buick GMC in Winona Minnesota.	https://vehicle-images.carscommerce.inc/14d6-110010023/2T3DFREV3HW580599/thumbnails/large/cf9a28d41239c46062fdd5cf0ca8f033.webp	in stock	USED	SUV	Vehicles & Parts > Vehicles > Motor Vehicles > Cars, Trucks & Vans	2T3DFREV3HW580599	https://www.dahlchevroletgmcwinona.com/inventory/used-2017-toyota-rav4-limited-all-wheel-drive-sport-utility-2t3dfrev3hw580599/123?store={store_code}	NA	126095 miles	RAV4	2T3DFREV3HW580599	2017	19990 USD	CBGMC	19990 USD	MI
JTDL9RFU7L3021609	2020 Toyota Prius XLE AWD-e	Toyota	https://www.dahlchevroletgmcwinona.com/inventory/used-2020-toyota-prius-xle-awd-e-jtdl9rfu7l3021609/	23500 USD	2020 Midnight Black Metallic Toyota Prius Used 2020 Toyota Prius XLE AWD-e For sale at DAHL Chevrolet Buick GMC in Winona Minnesota.	https://vehicle-images.carscommerce.inc/9e1a-110010023/JTDL9RFU7L3021609/thumbnails/large/1d0400c2021776d7a1d6d3d3ba848596.webp	in stock	USED	OTHER	Vehicles & Parts > Vehicles > Motor Vehicles > Cars, Trucks & Vans	JTDL9RFU7L3021609	https://www.dahlchevroletgmcwinona.com/inventory/used-2020-toyota-prius-xle-awd-e-jtdl9rfu7l3021609/123?store={store_code}	BLACK	71284 miles	Prius	JTDL9RFU7L3021609	2020	23500 USD	CBGMC	23500 USD	MI
1GC1YLE79MF182692	2021 Chevrolet Silverado 2500 HD Work Truck	Chevrolet	https://www.dahlchevroletgmcwinona.com/inventory/used-2021-chevrolet-silverado-2500-hd-work-truck-four-wheel-drive-crew-cab-1gc1yle79mf182692/	28249 USD	2021 Chevrolet Silverado 2500 HD Used 2021 Chevrolet Silverado 2500 HD Work Truck Crew Cab 4WD Engine: 6.6L, V-8, SIDI For sale at DAHL Chevrolet Buick GMC in Winona Minnesota.	https://vehicle-images.carscommerce.inc/aaec-110010023/1GC1YLE79MF182692/thumbnails/large/26be8f33fb7f454b5034fa39bc754971.webp	in stock	USED	TRUCK	Vehicles & Parts > Vehicles > Motor Vehicles > Cars, Trucks & Vans	1GC1YLE79MF182692	https://www.dahlchevroletgmcwinona.com/inventory/used-2021-chevrolet-silverado-2500-hd-work-truck-four-wheel-drive-crew-cab-1gc1yle79mf182692/123?store={store_code}	NA	101596 miles	Silverado 2500 HD	1GC1YLE79MF182692	2021	28249 USD	CBGMC	28249 USD	MI
1C6JJTBG1ML596342	2021 Jeep Gladiator Rubicon	Jeep	https://www.dahlchevroletgmcwinona.com/inventory/used-2021-jeep-gladiator-rubicon-4-wheel-drive-pickup-1c6jjtbg1ml596342/	24249 USD	2021 Green Jeep Gladiator Used 2021 Jeep Gladiator Rubicon Pickup For sale at DAHL Chevrolet Buick GMC in Winona Minnesota.	https://vehicle-images.carscommerce.inc/e69e-110010023/1C6JJTBG1ML596342/thumbnails/large/4bd0ee7def9db9ce06df59c04d1e3f31.webp	in stock	USED	TRUCK	Vehicles & Parts > Vehicles > Motor Vehicles > Cars, Trucks & Vans	1C6JJTBG1ML596342	https://www.dahlchevroletgmcwinona.com/inventory/used-2021-jeep-gladiator-rubicon-4-wheel-drive-pickup-1c6jjtbg1ml596342/123?store={store_code}	GREEN	130504 miles	Gladiator	1C6JJTBG1ML596342	2021	24249 USD	CBGMC	24249 USD	MI
1C6RR7GG5MS554516	2021 Ram 1500 Classic Warlock	Ram	https://www.dahlchevroletgmcwinona.com/inventory/used-2021-ram-1500-classic-warlock-4-wheel-drive-quad-pickup-1c6rr7gg5ms554516/	25249 USD	2021 Maroon Ram 1500 Classic Used 2021 Ram 1500 Classic Warlock Quad Pickup For sale at DAHL Chevrolet Buick GMC in Winona Minnesota.	https://vehicle-images.carscommerce.inc/fe46-110010023/1C6RR7GG5MS554516/thumbnails/large/140f549e1be38b7a8b5e0f6553cb41b3.webp	in stock	USED	TRUCK	Vehicles & Parts > Vehicles > Motor Vehicles > Cars, Trucks & Vans	1C6RR7GG5MS554516	https://www.dahlchevroletgmcwinona.com/inventory/used-2021-ram-1500-classic-warlock-4-wheel-drive-quad-pickup-1c6rr7gg5ms554516/123?store={store_code}	MAROON	50187 miles	1500 Classic	1C6RR7GG5MS554516	2021	25249 USD	CBGMC	25249 USD	MI
5J8YE1H89NL803482	2022 Acura MDX w/Advance Package	Acura	https://www.dahlchevroletgmcwinona.com/inventory/used-2022-acura-mdx-wadvance-package-all-wheel-drive-sh-awd-5j8ye1h89nl803482/	38900 USD	2022 Liquid Carbon Metallic Acura MDX Used 2022 Acura MDX w/Advance Package SH-AWD AWD V6 Cylinder For sale at DAHL Chevrolet Buick GMC in Winona Minnesota.	https://vehicle-images.carscommerce.inc/8a5a-110010023/5J8YE1H89NL803482/thumbnails/large/afc3e5fd7e98491ec134cb537fa8b82a.webp	in stock	USED	OTHER	Vehicles & Parts > Vehicles > Motor Vehicles > Cars, Trucks & Vans	5J8YE1H89NL803482	https://www.dahlchevroletgmcwinona.com/inventory/used-2022-acura-mdx-wadvance-package-all-wheel-drive-sh-awd-5j8ye1h89nl803482/123?store={store_code}	NA	51438 miles	MDX	5J8YE1H89NL803482	2022	38900 USD	CBGMC	38900 USD	MI
1C4RJYB67N8747379	2022 Jeep Grand Cherokee 4xe 4DR 4WD	Jeep	https://www.dahlchevroletgmcwinona.com/inventory/used-2022-jeep-grand-cherokee-4xe-4dr-4wd-4-wheel-drive-suv-1c4rjyb67n8747379/	25249 USD	2022 Black Jeep Grand Cherokee 4xe Used 2022 Jeep Grand Cherokee 4xe 4DR 4WD SUV For sale at DAHL Chevrolet Buick GMC in Winona Minnesota.	https://vehicle-images.carscommerce.inc/f63c-110010023/1C4RJYB67N8747379/thumbnails/large/85e91bd9b4754bac3e8b6c2c3444287e.webp	in stock	USED	SUV	Vehicles & Parts > Vehicles > Motor Vehicles > Cars, Trucks & Vans	1C4RJYB67N8747379	https://www.dahlchevroletgmcwinona.com/inventory/used-2022-jeep-grand-cherokee-4xe-4dr-4wd-4-wheel-drive-suv-1c4rjyb67n8747379/123?store={store_code}	BLACK	20585 miles	Grand Cherokee 4xe	1C4RJYB67N8747379	2022	25249 USD	CBGMC	25249 USD	MI
1C4RJKAG3N8544027	2022 Jeep Grand Cherokee L Laredo	Jeep	https://www.dahlchevroletgmcwinona.com/inventory/used-2022-jeep-grand-cherokee-l-laredo-4-wheel-drive-suv-1c4rjkag3n8544027/	25249 USD	2022 Gray Jeep Grand Cherokee L Used 2022 Jeep Grand Cherokee L Laredo SUV For sale at DAHL Chevrolet Buick GMC in Winona Minnesota.	https://vehicle-images.carscommerce.inc/72e3-110010023/1C4RJKAG3N8544027/thumbnails/large/02d10ecbeeb529102f2a70ccf8e763ab.webp	in stock	USED	SUV	Vehicles & Parts > Vehicles > Motor Vehicles > Cars, Trucks & Vans	1C4RJKAG3N8544027	https://www.dahlchevroletgmcwinona.com/inventory/used-2022-jeep-grand-cherokee-l-laredo-4-wheel-drive-suv-1c4rjkag3n8544027/123?store={store_code}	GRAY	28669 miles	Grand Cherokee L	1C4RJKAG3N8544027	2022	25249 USD	CBGMC	25249 USD	MI
1C4GJXAN7NW173629	2022 Jeep Wrangler Willys Sport	Jeep	https://www.dahlchevroletgmcwinona.com/inventory/used-2022-jeep-wrangler-willys-sport-4-wheel-drive-suv-1c4gjxan7nw173629/	25749 USD	2022 Silver Jeep Wrangler Used 2022 Jeep Wrangler Willys Sport SUV For sale at DAHL Chevrolet Buick GMC in Winona Minnesota.	https://vehicle-images.carscommerce.inc/6d58-110010023/1C4GJXAN7NW173629/thumbnails/large/11689a800b19224cee89350ea2ec5976.webp	in stock	USED	SUV	Vehicles & Parts > Vehicles > Motor Vehicles > Cars, Trucks & Vans	1C4GJXAN7NW173629	https://www.dahlchevroletgmcwinona.com/inventory/used-2022-jeep-wrangler-willys-sport-4-wheel-drive-suv-1c4gjxan7nw173629/123?store={store_code}	SILVER	33059 miles	Wrangler	1C4GJXAN7NW173629	2022	25749 USD	CBGMC	25749 USD	MI
5TFPC5DB5NX009757	2022 Toyota Tundra TRD Pro Hybrid	Toyota	https://www.dahlchevroletgmcwinona.com/inventory/used-2022-toyota-tundra-trd-pro-hybrid-four-wheel-drive-crewmax-5tfpc5db5nx009757/	46800 USD	2022 Toyota Tundra Used 2022 Toyota Tundra TRD Pro Hybrid CrewMax 4WD V6 Cylinder For sale at DAHL Chevrolet Buick GMC in Winona Minnesota.	https://vehicle-images.carscommerce.inc/ee35-110010023/5TFPC5DB5NX009757/thumbnails/large/aac68910dfc60e544ce5211cc5694fb0.webp	in stock	USED	TRUCK	Vehicles & Parts > Vehicles > Motor Vehicles > Cars, Trucks & Vans	5TFPC5DB5NX009757	https://www.dahlchevroletgmcwinona.com/inventory/used-2022-toyota-tundra-trd-pro-hybrid-four-wheel-drive-crewmax-5tfpc5db5nx009757/123?store={store_code}	NA	87517 miles	Tundra	5TFPC5DB5NX009757	2022	46800 USD	CBGMC	46800 USD	MI
1GC4YLE73PF195116	2023 Chevrolet Silverado 2500 HD Work Truck	Chevrolet	https://www.dahlchevroletgmcwinona.com/inventory/used-2023-chevrolet-silverado-2500-hd-work-truck-four-wheel-drive-crew-cab-1gc4yle73pf195116/	29749 USD	2023 Chevrolet Silverado 2500 HD Used 2023 Chevrolet Silverado 2500 HD Work Truck Crew Cab 4WD 6.6L V8 Gas For sale at DAHL Chevrolet Buick GMC in Winona Minnesota.	https://vehicle-images.carscommerce.inc/94b2-110010023/1GC4YLE73PF195116/thumbnails/large/e4ed81790058250bcb431d3660718631.webp	in stock	USED	TRUCK	Vehicles & Parts > Vehicles > Motor Vehicles > Cars, Trucks & Vans	1GC4YLE73PF195116	https://www.dahlchevroletgmcwinona.com/inventory/used-2023-chevrolet-silverado-2500-hd-work-truck-four-wheel-drive-crew-cab-1gc4yle73pf195116/123?store={store_code}	NA	104404 miles	Silverado 2500 HD	1GC4YLE73PF195116	2023	29749 USD	CBGMC	29749 USD	MI
1GC4YLE78PF200066	2023 Chevrolet Silverado 2500 HD Work Truck	Chevrolet	https://www.dahlchevroletgmcwinona.com/inventory/used-2023-chevrolet-silverado-2500-hd-work-truck-four-wheel-drive-crew-cab-1gc4yle78pf200066/	30249 USD	2023 Chevrolet Silverado 2500 HD Used 2023 Chevrolet Silverado 2500 HD Work Truck Crew Cab 4WD 6.6L V8 Gas For sale at DAHL Chevrolet Buick GMC in Winona Minnesota.	https://vehicle-images.carscommerce.inc/3667-110010023/1GC4YLE78PF200066/thumbnails/large/d2096c4eb72d6ec44d83cecee9aa23ce.webp	in stock	USED	TRUCK	Vehicles & Parts > Vehicles > Motor Vehicles > Cars, Trucks & Vans	1GC4YLE78PF200066	https://www.dahlchevroletgmcwinona.com/inventory/used-2023-chevrolet-silverado-2500-hd-work-truck-four-wheel-drive-crew-cab-1gc4yle78pf200066/123?store={store_code}	NA	98013 miles	Silverado 2500 HD	1GC4YLE78PF200066	2023	30249 USD	CBGMC	30249 USD	MI
1FMSK8BH2PGA34782	2023 Ford Explorer Base	Ford	https://www.dahlchevroletgmcwinona.com/inventory/used-2023-ford-explorer-base-4-wheel-drive-suv-1fmsk8bh2pga34782/	17749 USD	2023 White Ford Explorer Used 2023 Ford Explorer Base SUV For sale at DAHL Chevrolet Buick GMC in Winona Minnesota.	https://vehicle-images.carscommerce.inc/2c8f-110010023/1FMSK8BH2PGA34782/thumbnails/large/a727f2355a820807fb84bddf9b623ae2.webp	in stock	USED	SUV	Vehicles & Parts > Vehicles > Motor Vehicles > Cars, Trucks & Vans	1FMSK8BH2PGA34782	https://www.dahlchevroletgmcwinona.com/inventory/used-2023-ford-explorer-base-4-wheel-drive-suv-1fmsk8bh2pga34782/123?store={store_code}	WHITE	107397 miles	Explorer	1FMSK8BH2PGA34782	2023	17749 USD	CBGMC	17749 USD	MI
1FMSK8DH5PGB45761	2023 Ford Explorer XLT	Ford	https://www.dahlchevroletgmcwinona.com/inventory/used-2023-ford-explorer-xlt-4-wheel-drive-suv-1fmsk8dh5pgb45761/	31749 USD	2023 Gray Ford Explorer Used 2023 Ford Explorer XLT SUV For sale at DAHL Chevrolet Buick GMC in Winona Minnesota.	https://vehicle-images.carscommerce.inc/c436-110010023/1FMSK8DH5PGB45761/thumbnails/large/14c5f86915533cbbedbe30a8cdf0b974.webp	in stock	USED	SUV	Vehicles & Parts > Vehicles > Motor Vehicles > Cars, Trucks & Vans	1FMSK8DH5PGB45761	https://www.dahlchevroletgmcwinona.com/inventory/used-2023-ford-explorer-xlt-4-wheel-drive-suv-1fmsk8dh5pgb45761/123?store={store_code}	GRAY	32679 miles	Explorer	1FMSK8DH5PGB45761	2023	31749 USD	CBGMC	31749 USD	MI
1FTFW1E52PKD53745	2023 Ford F-150 XL	Ford	https://www.dahlchevroletgmcwinona.com/inventory/used-2023-ford-f-150-xl-4-wheel-drive-crew-pickup-1ftfw1e52pkd53745/	33249 USD	2023 White Ford F-150 Used 2023 Ford F-150 XL Crew Pickup For sale at DAHL Chevrolet Buick GMC in Winona Minnesota.	https://www.dahlchevroletgmcwinona.com/wp-content/plugins/inventory/images/notfound.jpg	in stock	USED	TRUCK	Vehicles & Parts > Vehicles > Motor Vehicles > Cars, Trucks & Vans	1FTFW1E52PKD53745	https://www.dahlchevroletgmcwinona.com/inventory/used-2023-ford-f-150-xl-4-wheel-drive-crew-pickup-1ftfw1e52pkd53745/123?store={store_code}	WHITE	111483 miles	F-150	1FTFW1E52PKD53745	2023	33249 USD	CBGMC	33249 USD	MI
1C4JJXN61PW691019	2023 Jeep Wrangler 4xe 4DR 4WD	Jeep	https://www.dahlchevroletgmcwinona.com/inventory/used-2023-jeep-wrangler-4xe-4dr-4wd-4-wheel-drive-suv-1c4jjxn61pw691019/	26249 USD	2023 Gray Jeep Wrangler 4xe Used 2023 Jeep Wrangler 4xe 4DR 4WD SUV For sale at DAHL Chevrolet Buick GMC in Winona Minnesota.	https://vehicle-images.carscommerce.inc/7d71-110010023/1C4JJXN61PW691019/thumbnails/large/a0eac472cf16b3f6fdf1350df0b9bae4.webp	in stock	USED	SUV	Vehicles & Parts > Vehicles > Motor Vehicles > Cars, Trucks & Vans	1C4JJXN61PW691019	https://www.dahlchevroletgmcwinona.com/inventory/used-2023-jeep-wrangler-4xe-4dr-4wd-4-wheel-drive-suv-1c4jjxn61pw691019/123?store={store_code}	GRAY	31860 miles	Wrangler 4xe	1C4JJXN61PW691019	2023	26249 USD	CBGMC	26249 USD	MI
JA4J4VA86PZ007366	2023 Mitsubishi Outlander SEL	Mitsubishi	https://www.dahlchevroletgmcwinona.com/inventory/used-2023-mitsubishi-outlander-sel-all-wheel-drive-suv-ja4j4va86pz007366/	21749 USD	2023 Blue Mitsubishi Outlander Used 2023 Mitsubishi Outlander SEL SUV AWD For sale at DAHL Chevrolet Buick GMC in Winona Minnesota.	https://vehicle-images.carscommerce.inc/f35c-110010023/JA4J4VA86PZ007366/thumbnails/large/8de76da1145f39b46d8fd5db7caea2d1.webp	in stock	USED	SUV	Vehicles & Parts > Vehicles > Motor Vehicles > Cars, Trucks & Vans	JA4J4VA86PZ007366	https://www.dahlchevroletgmcwinona.com/inventory/used-2023-mitsubishi-outlander-sel-all-wheel-drive-suv-ja4j4va86pz007366/123?store={store_code}	BLUE	68464 miles	Outlander	JA4J4VA86PZ007366	2023	21749 USD	CBGMC	21749 USD	MI
5N1BT3AB0PC882146	2023 Nissan Rogue S	Nissan	https://www.dahlchevroletgmcwinona.com/inventory/used-2023-nissan-rogue-s-all-wheel-drive-suv-5n1bt3ab0pc882146/	22249 USD	2023 Gray Nissan Rogue Used 2023 Nissan Rogue S SUV AWD For sale at DAHL Chevrolet Buick GMC in Winona Minnesota.	https://vehicle-images.carscommerce.inc/cc1f-110010023/5N1BT3AB0PC882146/thumbnails/large/de0aef2d7318db1868036916a752f701.webp	in stock	USED	SUV	Vehicles & Parts > Vehicles > Motor Vehicles > Cars, Trucks & Vans	5N1BT3AB0PC882146	https://www.dahlchevroletgmcwinona.com/inventory/used-2023-nissan-rogue-s-all-wheel-drive-suv-5n1bt3ab0pc882146/123?store={store_code}	GRAY	24413 miles	Rogue	5N1BT3AB0PC882146	2023	22249 USD	CBGMC	22249 USD	MI
JN8BT3BB0PW498454	2023 Nissan Rogue SV	Nissan	https://www.dahlchevroletgmcwinona.com/inventory/used-2023-nissan-rogue-sv-all-wheel-drive-suv-jn8bt3bb0pw498454/	23749 USD	2023 White Nissan Rogue Used 2023 Nissan Rogue SV SUV AWD For sale at DAHL Chevrolet Buick GMC in Winona Minnesota.	https://vehicle-images.carscommerce.inc/caf7-110010023/JN8BT3BB0PW498454/thumbnails/large/013fed8139474a3842ed0c3c61f294ca.webp	in stock	USED	SUV	Vehicles & Parts > Vehicles > Motor Vehicles > Cars, Trucks & Vans	JN8BT3BB0PW498454	https://www.dahlchevroletgmcwinona.com/inventory/used-2023-nissan-rogue-sv-all-wheel-drive-suv-jn8bt3bb0pw498454/123?store={store_code}	WHITE	33099 miles	Rogue	JN8BT3BB0PW498454	2023	23749 USD	CBGMC	23749 USD	MI
1C6SRFKT8PN634234	2023 Ram 1500 Longhorn	Ram	https://www.dahlchevroletgmcwinona.com/inventory/used-2023-ram-1500-longhorn-4-wheel-drive-crew-pickup-1c6srfkt8pn634234/	30749 USD	2023 White Ram 1500 Used 2023 Ram 1500 Longhorn Crew Pickup For sale at DAHL Chevrolet Buick GMC in Winona Minnesota.	https://vehicle-images.carscommerce.inc/d72c-110010023/1C6SRFKT8PN634234/thumbnails/large/de68261da8dd51d6d1b2109eb1ef9bd3.webp	in stock	USED	TRUCK	Vehicles & Parts > Vehicles > Motor Vehicles > Cars, Trucks & Vans	1C6SRFKT8PN634234	https://www.dahlchevroletgmcwinona.com/inventory/used-2023-ram-1500-longhorn-4-wheel-drive-crew-pickup-1c6srfkt8pn634234/123?store={store_code}	WHITE	131856 miles	1500	1C6SRFKT8PN634234	2023	30749 USD	CBGMC	30749 USD	MI
3C6UR5FL9PG647340	2023 Ram 2500 Laramie	Ram	https://www.dahlchevroletgmcwinona.com/inventory/used-2023-ram-2500-laramie-4-wheel-drive-crew-pickup-3c6ur5fl9pg647340/	53749 USD	2023 Black Ram 2500 Used 2023 Ram 2500 Laramie Crew Pickup For sale at DAHL Chevrolet Buick GMC in Winona Minnesota.	https://vehicle-images.carscommerce.inc/22e1-110010023/3C6UR5FL9PG647340/thumbnails/large/24c838446a4387a367fa36de99d95620.webp	in stock	USED	TRUCK	Vehicles & Parts > Vehicles > Motor Vehicles > Cars, Trucks & Vans	3C6UR5FL9PG647340	https://www.dahlchevroletgmcwinona.com/inventory/used-2023-ram-2500-laramie-4-wheel-drive-crew-pickup-3c6ur5fl9pg647340/123?store={store_code}	BLACK	24107 miles	2500	3C6UR5FL9PG647340	2023	53749 USD	CBGMC	53749 USD	MI
5TDKSKFC3PS085598	2023 Toyota Sienna LE	Toyota	https://www.dahlchevroletgmcwinona.com/inventory/used-2023-toyota-sienna-le-all-wheel-drive-van-5tdkskfc3ps085598/	26749 USD	2023 White Toyota Sienna Used 2023 Toyota Sienna LE Van AWD For sale at DAHL Chevrolet Buick GMC in Winona Minnesota.	https://vehicle-images.carscommerce.inc/6472-110010023/5TDKSKFC3PS085598/thumbnails/large/7b1a8e7d6c43112cadca736ef58376f5.webp	in stock	USED	VAN	Vehicles & Parts > Vehicles > Motor Vehicles > Cars, Trucks & Vans	5TDKSKFC3PS085598	https://www.dahlchevroletgmcwinona.com/inventory/used-2023-toyota-sienna-le-all-wheel-drive-van-5tdkskfc3ps085598/123?store={store_code}	WHITE	130721 miles	Sienna	5TDKSKFC3PS085598	2023	26749 USD	CBGMC	26749 USD	MI
1FTFW5L89RFA95983	2024 Ford F-150 LARIAT	Ford	https://www.dahlchevroletgmcwinona.com/inventory/used-2024-ford-f-150-lariat-four-wheel-drive-supercrew-cab-1ftfw5l89rfa95983/	51700 USD	2024 Avalanche Ford F-150 Used 2024 Ford F-150 LARIAT SuperCrew Cab 4WD V6 Cylinder For sale at DAHL Chevrolet Buick GMC in Winona Minnesota.	https://vehicle-images.carscommerce.inc/b5d9-110010023/1FTFW5L89RFA95983/thumbnails/large/b44f590d5b7ed131cc6ee92cf0d42058.webp	in stock	USED	TRUCK	Vehicles & Parts > Vehicles > Motor Vehicles > Cars, Trucks & Vans	1FTFW5L89RFA95983	https://www.dahlchevroletgmcwinona.com/inventory/used-2024-ford-f-150-lariat-four-wheel-drive-supercrew-cab-1ftfw5l89rfa95983/123?store={store_code}	NA	23417 miles	F-150	1FTFW5L89RFA95983	2024	51700 USD	CBGMC	51700 USD	MI
KNDNC5H34R6395853	2024 Kia Carnival EX	Kia	https://www.dahlchevroletgmcwinona.com/inventory/used-2024-kia-carnival-ex-front-wheel-drive-sports-van-kndnc5h34r6395853/	32749 USD	2024 White Kia Carnival Used 2024 Kia Carnival EX Sports Van FWD For sale at DAHL Chevrolet Buick GMC in Winona Minnesota.	https://vehicle-images.carscommerce.inc/fd2f-110010023/KNDNC5H34R6395853/thumbnails/large/8dfe0487c698b2f32ad4be9b43f136bb.webp	in stock	USED	VAN	Vehicles & Parts > Vehicles > Motor Vehicles > Cars, Trucks & Vans	KNDNC5H34R6395853	https://www.dahlchevroletgmcwinona.com/inventory/used-2024-kia-carnival-ex-front-wheel-drive-sports-van-kndnc5h34r6395853/123?store={store_code}	WHITE	31105 miles	Carnival	KNDNC5H34R6395853	2024	32749 USD	CBGMC	32749 USD	MI
3MVDMBBM0RM701101	2024 Mazda CX-30 2.5 S Select Sport	Mazda	https://www.dahlchevroletgmcwinona.com/inventory/used-2024-mazda-cx-30-2-5-s-select-sport-all-wheel-drive-i-activ-awd-sport-utility-3mvdmbbm0rm701101/	23911 USD	2024 Ceramic Metallic Mazda CX-30 Used 2024 Mazda CX-30 2.5 S Select Sport i-ACTIV AWD Sport Utility AWD 4 Cylinder For sale at DAHL Chevrolet Buick GMC in Winona Minnesota.	https://vehicle-images.carscommerce.inc/7a6f-110010023/3MVDMBBM0RM701101/thumbnails/large/ff6d562fbf96717a3f3bdc15136bfc49.webp	in stock	USED	SUV	Vehicles & Parts > Vehicles > Motor Vehicles > Cars, Trucks & Vans	3MVDMBBM0RM701101	https://www.dahlchevroletgmcwinona.com/inventory/used-2024-mazda-cx-30-2-5-s-select-sport-all-wheel-drive-i-activ-awd-sport-utility-3mvdmbbm0rm701101/123?store={store_code}	NA	27128 miles	CX-30	3MVDMBBM0RM701101	2024	23911 USD	CBGMC	23911 USD	MI
JTDAAAAF5R3027281	2024 TOYOTA CROWN XLE	TOYOTA	https://www.dahlchevroletgmcwinona.com/inventory/used-2024-toyota-crown-xle-xle-awd-jtdaaaaf5r3027281/	32990 USD	2024 Black TOYOTA Crown Used 2024 TOYOTA CROWN XLE XLE AWD For sale at DAHL Chevrolet Buick GMC in Winona Minnesota.	https://vehicle-images.carscommerce.inc/1880-110010023/JTDAAAAF5R3027281/thumbnails/large/a014e2678edf63eeb14d74e46915dedb.webp	in stock	USED	OTHER	Vehicles & Parts > Vehicles > Motor Vehicles > Cars, Trucks & Vans	JTDAAAAF5R3027281	https://www.dahlchevroletgmcwinona.com/inventory/used-2024-toyota-crown-xle-xle-awd-jtdaaaaf5r3027281/123?store={store_code}	BLACK	46619 miles	Crown	JTDAAAAF5R3027281	2024	32990 USD	CBGMC	32990 USD	MI
4T3D6RFV8RU141530	2024 Toyota RAV4 Hybrid Limited	Toyota	https://www.dahlchevroletgmcwinona.com/inventory/used-2024-toyota-rav4-hybrid-limited-all-wheel-drive-sport-utility-4t3d6rfv8ru141530/	39490 USD	2024 Toyota RAV4 Used 2024 Toyota RAV4 Hybrid Limited Sport Utility AWD 4 Cylinder For sale at DAHL Chevrolet Buick GMC in Winona Minnesota.	https://vehicle-images.carscommerce.inc/4dfc-110010023/4T3D6RFV8RU141530/thumbnails/large/2161e54c29729c2e31951733516344bc.webp	in stock	USED	SUV	Vehicles & Parts > Vehicles > Motor Vehicles > Cars, Trucks & Vans	4T3D6RFV8RU141530	https://www.dahlchevroletgmcwinona.com/inventory/used-2024-toyota-rav4-hybrid-limited-all-wheel-drive-sport-utility-4t3d6rfv8ru141530/123?store={store_code}	NA	42439 miles	RAV4	4T3D6RFV8RU141530	2024	39490 USD	CBGMC	39490 USD	MI
3TYJDAHN2RT004225	2024 Toyota Tacoma 2WD SR	Toyota	https://www.dahlchevroletgmcwinona.com/inventory/used-2024-toyota-tacoma-2wd-sr-rear-wheel-drive-extended-cab-pickup-3tyjdahn2rt004225/	25249 USD	2024 White Toyota Tacoma 2WD Used 2024 Toyota Tacoma 2WD SR Extended Cab Pickup RWD For sale at DAHL Chevrolet Buick GMC in Winona Minnesota.	https://vehicle-images.carscommerce.inc/4942-110010023/3TYJDAHN2RT004225/thumbnails/large/70b0563bb97c63355b4ff95e8da068ce.webp	in stock	USED	TRUCK	Vehicles & Parts > Vehicles > Motor Vehicles > Cars, Trucks & Vans	3TYJDAHN2RT004225	https://www.dahlchevroletgmcwinona.com/inventory/used-2024-toyota-tacoma-2wd-sr-rear-wheel-drive-extended-cab-pickup-3tyjdahn2rt004225/123?store={store_code}	WHITE	30970 miles	Tacoma 2WD	3TYJDAHN2RT004225	2024	25249 USD	CBGMC	25249 USD	MI
1FMCU9JA7SUB45802	2025 Ford Escape Platinum	Ford	https://www.dahlchevroletgmcwinona.com/inventory/used-2025-ford-escape-platinum-all-wheel-drive-suv-1fmcu9ja7sub45802/	26749 USD	2025 Gray Ford Escape Used 2025 Ford Escape Platinum SUV AWD For sale at DAHL Chevrolet Buick GMC in Winona Minnesota.	https://www.dahlchevroletgmcwinona.com/wp-content/plugins/inventory/images/notfound.jpg	in stock	USED	SUV	Vehicles & Parts > Vehicles > Motor Vehicles > Cars, Trucks & Vans	1FMCU9JA7SUB45802	https://www.dahlchevroletgmcwinona.com/inventory/used-2025-ford-escape-platinum-all-wheel-drive-suv-1fmcu9ja7sub45802/123?store={store_code}	GRAY	32683 miles	Escape	1FMCU9JA7SUB45802	2025	26749 USD	CBGMC	26749 USD	MI
1FMCU9JA8SUB45727	2025 Ford Escape Platinum	Ford	https://www.dahlchevroletgmcwinona.com/inventory/used-2025-ford-escape-platinum-all-wheel-drive-suv-1fmcu9ja8sub45727/	26249 USD	2025 Black Ford Escape Used 2025 Ford Escape Platinum SUV AWD For sale at DAHL Chevrolet Buick GMC in Winona Minnesota.	https://www.dahlchevroletgmcwinona.com/wp-content/plugins/inventory/images/notfound.jpg	in stock	USED	SUV	Vehicles & Parts > Vehicles > Motor Vehicles > Cars, Trucks & Vans	1FMCU9JA8SUB45727	https://www.dahlchevroletgmcwinona.com/inventory/used-2025-ford-escape-platinum-all-wheel-drive-suv-1fmcu9ja8sub45727/123?store={store_code}	BLACK	33218 miles	Escape	1FMCU9JA8SUB45727	2025	26249 USD	CBGMC	26249 USD	MI
5N1DR3BD0SC234435	2025 Nissan Pathfinder SV	Nissan	https://www.dahlchevroletgmcwinona.com/inventory/used-2025-nissan-pathfinder-sv-4-wheel-drive-suv-5n1dr3bd0sc234435/	30249 USD	2025 White Nissan Pathfinder Used 2025 Nissan Pathfinder SV SUV For sale at DAHL Chevrolet Buick GMC in Winona Minnesota.	https://vehicle-images.carscommerce.inc/3bfb-110010023/5N1DR3BD0SC234435/thumbnails/large/7de98474d9a4cff875b50f1921ed3d0a.webp	in stock	USED	SUV	Vehicles & Parts > Vehicles > Motor Vehicles > Cars, Trucks & Vans	5N1DR3BD0SC234435	https://www.dahlchevroletgmcwinona.com/inventory/used-2025-nissan-pathfinder-sv-4-wheel-drive-suv-5n1dr3bd0sc234435/123?store={store_code}	WHITE	48158 miles	Pathfinder	5N1DR3BD0SC234435	2025	30249 USD	CBGMC	30249 USD	MI
3TMLB5JN1SM151203	2025 Toyota Tacoma SR5	Toyota	https://www.dahlchevroletgmcwinona.com/inventory/used-2025-toyota-tacoma-sr5-four-wheel-drive-double-cab-3tmlb5jn1sm151203/	38700 USD	2025 Underground Toyota Tacoma Used 2025 Toyota Tacoma SR5 Double Cab 4WD 4 Cylinder For sale at DAHL Chevrolet Buick GMC in Winona Minnesota.	https://vehicle-images.carscommerce.inc/1879-110010023/3TMLB5JN1SM151203/thumbnails/large/2d7ddbd2d2d4c440f15b4fe31f0a50af.webp	in stock	USED	TRUCK	Vehicles & Parts > Vehicles > Motor Vehicles > Cars, Trucks & Vans	3TMLB5JN1SM151203	https://www.dahlchevroletgmcwinona.com/inventory/used-2025-toyota-tacoma-sr5-four-wheel-drive-double-cab-3tmlb5jn1sm151203/123?store={store_code}	NA	0 miles	Tacoma	3TMLB5JN1SM151203	2025	38700 USD	CBGMC	38700 USD	MI
3VWBX7BU6SM006394	2025 Volkswagen Jetta Sport	Volkswagen	https://www.dahlchevroletgmcwinona.com/inventory/used-2025-volkswagen-jetta-sport-front-wheel-drive-sedan-3vwbx7bu6sm006394/	20550 USD	2025 Volkswagen Jetta Used 2025 Volkswagen Jetta Sport Sedan FWD 4 Cylinder For sale at DAHL Chevrolet Buick GMC in Winona Minnesota.	https://vehicle-images.carscommerce.inc/4a75-110010023/3VWBX7BU6SM006394/thumbnails/large/de872d089468482137146786d2eab976.webp	in stock	USED	OTHER	Vehicles & Parts > Vehicles > Motor Vehicles > Cars, Trucks & Vans	3VWBX7BU6SM006394	https://www.dahlchevroletgmcwinona.com/inventory/used-2025-volkswagen-jetta-sport-front-wheel-drive-sedan-3vwbx7bu6sm006394/123?store={store_code}	NA	51719 miles	Jetta	3VWBX7BU6SM006394	2025	20550 USD	CBGMC	20550 USD	MI
JA4ARUAUXTU005202	2026 Mitsubishi Outlander Sport S	Mitsubishi	https://www.dahlchevroletgmcwinona.com/inventory/used-2026-mitsubishi-outlander-sport-s-four-wheel-drive-awc-ja4aruauxtu005202/	19900 USD	2026 Mitsubishi Outlander Sport Used 2026 Mitsubishi Outlander Sport S AWC 4WD 4 Cylinder For sale at DAHL Chevrolet Buick GMC in Winona Minnesota.	https://vehicle-images.carscommerce.inc/8d74-110010023/JA4ARUAUXTU005202/thumbnails/large/d6435b8d57d3be948d0f41c7cb1d2f0f.webp	in stock	USED	SUV	Vehicles & Parts > Vehicles > Motor Vehicles > Cars, Trucks & Vans	JA4ARUAUXTU005202	https://www.dahlchevroletgmcwinona.com/inventory/used-2026-mitsubishi-outlander-sport-s-four-wheel-drive-awc-ja4aruauxtu005202/123?store={store_code}	NA	4555 miles	Outlander Sport	JA4ARUAUXTU005202	2026	19900 USD	CBGMC	19900 USD	MI
4T1DAACK6TU273180	2026 Toyota Camry SE	Toyota	https://www.dahlchevroletgmcwinona.com/inventory/used-2026-toyota-camry-se-front-wheel-drive-sedan-4t1daack6tu273180/	33650 USD	2026 Underground Toyota Camry Used 2026 Toyota Camry SE Sedan FWD 4 Cylinder For sale at DAHL Chevrolet Buick GMC in Winona Minnesota.	https://vehicle-images.carscommerce.inc/c023-110010023/4T1DAACK6TU273180/thumbnails/large/cf9d37ceda23b173cd679baf6aa29f37.webp	in stock	USED	OTHER	Vehicles & Parts > Vehicles > Motor Vehicles > Cars, Trucks & Vans	4T1DAACK6TU273180	https://www.dahlchevroletgmcwinona.com/inventory/used-2026-toyota-camry-se-front-wheel-drive-sedan-4t1daack6tu273180/123?store={store_code}	NA	10234 miles	Camry	4T1DAACK6TU273180	2026	33650 USD	CBGMC	33650 USD	MI
5TDESKFC5TS234147	2026 Toyota Sienna Platinum	Toyota	https://www.dahlchevroletgmcwinona.com/inventory/used-2026-toyota-sienna-platinum-all-wheel-drive-passenger-van-5tdeskfc5ts234147/	59250 USD	2026 Toyota Sienna Used 2026 Toyota Sienna Platinum Passenger Van AWD 4 Cylinder For sale at DAHL Chevrolet Buick GMC in Winona Minnesota.	https://vehicle-images.carscommerce.inc/bfd5-110010023/5TDESKFC5TS234147/thumbnails/large/42a585ae96b01f47ec34ef8c364af692.webp	in stock	USED	VAN	Vehicles & Parts > Vehicles > Motor Vehicles > Cars, Trucks & Vans	5TDESKFC5TS234147	https://www.dahlchevroletgmcwinona.com/inventory/used-2026-toyota-sienna-platinum-all-wheel-drive-passenger-van-5tdeskfc5ts234147/123?store={store_code}	NA	0 miles	Sienna	5TDESKFC5TS234147	2026	59250 USD	CBGMC	59250 USD	MI
3GCNKAEK5SG393251	2025 Chevrolet Silverado 1500 WT	Chevrolet	https://www.dahlchevroletgmcwinona.com/inventory/new-2025-chevrolet-silverado-1500-wt-four-wheel-drive-regular-cab-3gcnkaek5sg393251/	35648 USD	2025 Summit White Chevrolet Silverado 1500 New 2025 Chevrolet Silverado 1500 WT Regular Cab 4WD TurboMax ™ For sale at DAHL Chevrolet Buick GMC in Winona Minnesota.	https://vehicle-images.carscommerce.inc/24e2-110010023/3GCNKAEK5SG393251/thumbnails/large/a5707f159b987e38d27c39f9c424c4bd.webp	in stock	NEW	TRUCK	Vehicles & Parts > Vehicles > Motor Vehicles > Cars, Trucks & Vans	3GCNKAEK5SG393251	https://www.dahlchevroletgmcwinona.com/inventory/new-2025-chevrolet-silverado-1500-wt-four-wheel-drive-regular-cab-3gcnkaek5sg393251/123?store={store_code}	WHITE	0 miles	Silverado 1500	3GCNKAEK5SG393251	2025	35648 USD	CBGMC	35648 USD	MI
1GCPTBEK0T1273983	2026 Chevrolet Colorado WT	Chevrolet	https://www.dahlchevroletgmcwinona.com/inventory/new-2026-chevrolet-colorado-wt-four-wheel-drive-crew-cab-1gcptbek0t1273983/	37693 USD	2026 Summit White Chevrolet Colorado New 2026 Chevrolet Colorado WT Crew Cab 4WD TurboMax ™ For sale at DAHL Chevrolet Buick GMC in Winona Minnesota.	https://vehicle-images.carscommerce.inc/351a-110010023/1GCPTBEK0T1273983/thumbnails/large/6782fc37e04a1eb9d13381755f8229f2.webp	in stock	NEW	TRUCK	Vehicles & Parts > Vehicles > Motor Vehicles > Cars, Trucks & Vans	1GCPTBEK0T1273983	https://www.dahlchevroletgmcwinona.com/inventory/new-2026-chevrolet-colorado-wt-four-wheel-drive-crew-cab-1gcptbek0t1273983/123?store={store_code}	WHITE	0 miles	Colorado	1GCPTBEK0T1273983	2026	37693 USD	CBGMC	37693 USD	MI
1GCPTDEK5T1318038	2026 Chevrolet Colorado Z71	Chevrolet	https://www.dahlchevroletgmcwinona.com/inventory/new-2026-chevrolet-colorado-z71-four-wheel-drive-crew-cab-1gcptdek5t1318038/	49285 USD	2026 Black Chevrolet Colorado New 2026 Chevrolet Colorado Z71 Crew Cab 4WD TurboMax ™ For sale at DAHL Chevrolet Buick GMC in Winona Minnesota.	https://cgi.chevrolet.com/mmgprod-us/dynres/prove/image.gen?i=2026/14G43/14G43__4Z7/GBA_0ST_1NF_1SZ_2NF_2ST_3ST_4G2_4ST_4Z7_5FC_5GD_5ST_6D5_6K5_719_7D5_8X2_9X2_A28_A2X_A50_A7E_A91_ACH_AED_AEO_AEQ_AGJ_AKO_AKX_AL0_AL9_AQP_ARU_AT7_AUW_AVJ_AVN_AXG_AXK_AYH_B30_BDR_BPC_BS0_BTM_BTV_BW5_BWN_C49_C59_C6X_C75_C7C_CJ2_CTT_CWM_D07_D75_DD8_DEG_DIL_DLF_DP6_E33_E63_E91_EF7_ENL_F46_FJW_G80_GU6_HZY_IKP_IVD_J26_JCF_JGU_JHE_JL1_K1O_K4F_K7A_KA1_KC9_KI6_KL9_KPA_KQX_KRV_KSG_KW5_L3B_LHD_MAH_MFC_MM1_N37_N5G_NAM_NCH_NE1_NE8_NKD_NLB_NQH_PAN_PAP_PPA_PPW_PZ8_PZI_Q2P_R9N_RIA_RM7_RSR_SLM_T3V_T40_T4L_T7E_T83_T8Z_T93_TCA_TCK_TDM_TQ5_U1D_U2K_U91_UBD_UBI_UD7_UE1_UE4_UEU_UF2_UFB_UGA_UH5_UHX_UHY_UIT_UJN_UKK_UKT_UKW_UMN_UQA_URC_URF_URL_UTJ_UUA_UUT_UV2_V8D_VHM_VK3_VQK_VQO_VRD_VRF_VRG_VRH_VRJ_VRK_VRL_VRM_VRN_VRR_VV4_W1Y_W7X_WEN_WLD_WMI_WNO_XCQ_YM8_Z82_ZL6gmds2.jpg&v=deg01&std=true&country=US	in stock	NEW	TRUCK	Vehicles & Parts > Vehicles > Motor Vehicles > Cars, Trucks & Vans	1GCPTDEK5T1318038	https://www.dahlchevroletgmcwinona.com/inventory/new-2026-chevrolet-colorado-z71-four-wheel-drive-crew-cab-1gcptdek5t1318038/123?store={store_code}	BLACK	0 miles	Colorado	1GCPTDEK5T1318038	2026	49285 USD	CBGMC	49285 USD	MI
1GCPTFEK4T1302313	2026 Chevrolet Colorado ZR2	Chevrolet	https://www.dahlchevroletgmcwinona.com/inventory/new-2026-chevrolet-colorado-zr2-four-wheel-drive-crew-cab-1gcptfek4t1302313/	51978 USD	2026 Radiant Red Tintcoat Chevrolet Colorado New 2026 Chevrolet Colorado ZR2 Crew Cab 4WD TurboMax ™ For sale at DAHL Chevrolet Buick GMC in Winona Minnesota.	https://vehicle-images.carscommerce.inc/d615-110010023/1GCPTFEK4T1302313/thumbnails/large/761c6929ec4180c389f521cfc988e2d8.webp	in stock	NEW	TRUCK	Vehicles & Parts > Vehicles > Motor Vehicles > Cars, Trucks & Vans	1GCPTFEK4T1302313	https://www.dahlchevroletgmcwinona.com/inventory/new-2026-chevrolet-colorado-zr2-four-wheel-drive-crew-cab-1gcptfek4t1302313/123?store={store_code}	RED	0 miles	Colorado	1GCPTFEK4T1302313	2026	51978 USD	CBGMC	51978 USD	MI
1G1YM3D46T5501173	2026 Chevrolet Corvette E-Ray 3LZ	Chevrolet	https://www.dahlchevroletgmcwinona.com/inventory/new-2026-chevrolet-corvette-e-ray-3lz-all-wheel-drive-convertible-1g1ym3d46t5501173/	127298 USD	2026 Arctic White Chevrolet Corvette E-Ray New 2026 Chevrolet Corvette E-Ray 3LZ Convertible AWD 6.2L V8 DI For sale at DAHL Chevrolet Buick GMC in Winona Minnesota.	https://vehicle-images.carscommerce.inc/1ccd-110010023/1G1YM3D46T5501173/thumbnails/large/b61efab13b81b77087d7a8fa33912893.webp	in stock	NEW	OTHER	Vehicles & Parts > Vehicles > Motor Vehicles > Cars, Trucks & Vans	1G1YM3D46T5501173	https://www.dahlchevroletgmcwinona.com/inventory/new-2026-chevrolet-corvette-e-ray-3lz-all-wheel-drive-convertible-1g1ym3d46t5501173/123?store={store_code}	WHITE	0 miles	Corvette E-Ray	1G1YM3D46T5501173	2026	127298 USD	CBGMC	127298 USD	MI
1GCWGAF78T1262332	2026 Chevrolet Express Cargo WT	Chevrolet	https://www.dahlchevroletgmcwinona.com/inventory/new-2026-chevrolet-express-cargo-wt-rear-wheel-drive-2500-regular-wheelbase-1gcwgaf78t1262332/	46898 USD	2026 Summit White Chevrolet Express Cargo New 2026 Chevrolet Express Cargo WT 2500 Regular Wheelbase RWD 6.6L V8 Gas For sale at DAHL Chevrolet Buick GMC in Winona Minnesota.	https://vehicle-images.carscommerce.inc/f727-110010023/1GCWGAF78T1262332/thumbnails/large/66f3ecec4b0dd19432743b17d54aa1dd.webp	in stock	NEW	VAN	Vehicles & Parts > Vehicles > Motor Vehicles > Cars, Trucks & Vans	1GCWGAF78T1262332	https://www.dahlchevroletgmcwinona.com/inventory/new-2026-chevrolet-express-cargo-wt-rear-wheel-drive-2500-regular-wheelbase-1gcwgaf78t1262332/123?store={store_code}	WHITE	0 miles	Express Cargo	1GCWGAF78T1262332	2026	46898 USD	CBGMC	46898 USD	MI
1GCUKJE8XTZ472710	2026 Chevrolet Silverado 1500 High Country	Chevrolet	https://www.dahlchevroletgmcwinona.com/inventory/new-2026-chevrolet-silverado-1500-high-country-four-wheel-drive-crew-cab-1gcukje8xtz472710/	69848 USD	2026 Black Chevrolet Silverado 1500 New 2026 Chevrolet Silverado 1500 High Country Crew Cab 4WD 3.0L Duramax ® Turbo Diesel For sale at DAHL Chevrolet Buick GMC in Winona Minnesota.	https://vehicle-images.carscommerce.inc/92ea-110010023/1GCUKJE8XTZ472710/thumbnails/large/74c9a5895c8d90175a5b6fe73a7a0766.webp	in stock	NEW	TRUCK	Vehicles & Parts > Vehicles > Motor Vehicles > Cars, Trucks & Vans	1GCUKJE8XTZ472710	https://www.dahlchevroletgmcwinona.com/inventory/new-2026-chevrolet-silverado-1500-high-country-four-wheel-drive-crew-cab-1gcukje8xtz472710/123?store={store_code}	BLACK	0 miles	Silverado 1500	1GCUKJE8XTZ472710	2026	69848 USD	CBGMC	69848 USD	MI
3GCUKFED5TG477937	2026 Chevrolet Silverado 1500 LT Trail Boss	Chevrolet	https://www.dahlchevroletgmcwinona.com/inventory/new-2026-chevrolet-silverado-1500-lt-trail-boss-four-wheel-drive-crew-cab-3gcukfed5tg477937/	58798 USD	2026 Sterling Gray Metallic Chevrolet Silverado 1500 New 2026 Chevrolet Silverado 1500 LT Trail Boss Crew Cab 4WD 5.3L EcoTec3 V8 For sale at DAHL Chevrolet Buick GMC in Winona Minnesota.	https://cgi.chevrolet.com/mmgprod-us/dynres/prove/image.gen?i=2026/CK10543/CK10543__2LT/GXD_0ST_1NF_1SZ_2LT_2NF_2ST_3ST_4AA_4ST_5FC_5RC_5ST_6K5_6ST_7ST_8AZ_9AZ_A2X_A48_A50_A7E_AAK_AED_AEQ_AKO_AL0_ASV_AU3_AVI_AVJ_AXG_AXK_AY0_B1J_B26_B30_BPH_BTM_BTV_BWN_C49_C59_C5Y_CF5_CGN_CJ2_CPL_CTT_CWK_CXH_D07_D31_D75_DLF_DNS_DP6_E35_E63_EF7_ENL_EPH_F48_FJW_G80_GF4_GU5_H0Y_IOK_IVN_J26_J61_JBP_JHD_JL1_K34_K47_K4C_KA1_KC4_KC9_KI3_KI4_KL9_KNP_KW7_L84_LPA_MAH_MHS_MSL_N06_N10_N37_N57_NE1_NLB_NQH_NZZ_PCL_PCM_PCR_PED_PPW_PQB_PZ8_QAE_QAQ_QK1_QT6_R5C_RD5_RM7_RSR_RVS_SAF_SB7_SLM_SNR_SP9_SU4_SU7_T3U_T8Z_TDM_TQ5_TRG_U12_U2K_U73_UBC_UBI_UBJ_UD5_UDV_UE1_UE4_UET_UEU_UF2_UFB_UG1_UH5_UHX_UHY_UJN_UK3_UKJ_UKK_UKV_UMN_UQA_URC_URD_UTJ_UV2_V76_V8D_VB5_VK3_VQK_VRD_VRF_VRG_VRH_VRJ_VRK_VRL_VRM_VRN_VRR_VSX_VT5_VT7_VTI_VV4_WNO_WPQ_X88_YM8_Z7X_Z82gmds2.jpg&v=deg01&std=true&country=US	in stock	NEW	TRUCK	Vehicles & Parts > Vehicles > Motor Vehicles > Cars, Trucks & Vans	3GCUKFED5TG477937	https://www.dahlchevroletgmcwinona.com/inventory/new-2026-chevrolet-silverado-1500-lt-trail-boss-four-wheel-drive-crew-cab-3gcukfed5tg477937/123?store={store_code}	SILVER	0 miles	Silverado 1500	3GCUKFED5TG477937	2026	58798 USD	CBGMC	58798 USD	MI
3GCUKFEL9TG497129	2026 Chevrolet Silverado 1500 LT Trail Boss	Chevrolet	https://www.dahlchevroletgmcwinona.com/inventory/new-2026-chevrolet-silverado-1500-lt-trail-boss-four-wheel-drive-crew-cab-3gcukfel9tg497129/	72315 USD	2026 Black Chevrolet Silverado 1500 New 2026 Chevrolet Silverado 1500 LT Trail Boss Crew Cab 4WD 6.2L EcoTec3 V8 For sale at DAHL Chevrolet Buick GMC in Winona Minnesota.	https://cgi.chevrolet.com/mmgprod-us/dynres/prove/image.gen?i=2026/CK10543/CK10543__2LT/GBA_0ST_1NF_1SZ_2LT_2NF_2ST_3ST_4AA_4ST_5FC_5RC_5ST_6K5_6ST_7ST_8AZ_9AZ_A2X_A48_A50_A7E_AAK_AED_AEQ_AKO_AL0_ASV_AU3_AVI_AVJ_AXG_AXK_AY0_B1J_B26_B30_BPH_BTM_BTV_BWN_C49_C59_C5Y_CGN_CJ2_CPL_CTT_CXH_D07_D31_D75_DLF_DNS_DP6_E35_E63_EF7_ENL_EPH_F48_FJW_G80_GF4_GU5_H0Y_IOK_IVN_J26_J61_JBP_JHD_JL1_K34_K47_K4C_KA1_KC4_KC9_KI3_KI4_KL9_KNP_KW7_L87_LPA_MAH_MHS_MSL_N06_N37_N57_NE1_NL8_NPP_NQH_NZZ_PCL_PCM_PCR_PED_PPW_PQB_PZ8_QAE_QAQ_QK1_QT6_R4Y_RD5_RM7_RSR_RVS_SAF_SLM_SNR_SP9_SU4_SU7_T3U_T8Z_TDM_TQ5_TRG_U12_U2K_U73_UBC_UBI_UBJ_UD5_UDV_UE1_UE4_UET_UEU_UF2_UFB_UG1_UH5_UHX_UHY_UJN_UK3_UKJ_UKK_UKV_UMN_UQA_URC_URD_UTJ_UV2_V76_V8D_VB5_VK3_VQK_VRD_VRF_VRG_VRH_VRJ_VRK_VRL_VRM_VRN_VRR_VSX_VT5_VT7_VTI_VV4_WJP_WNO_WPQ_X88_YM8_Z7X_Z82gmds2.jpg&v=deg01&std=true&country=US	in stock	NEW	TRUCK	Vehicles & Parts > Vehicles > Motor Vehicles > Cars, Trucks & Vans	3GCUKFEL9TG497129	https://www.dahlchevroletgmcwinona.com/inventory/new-2026-chevrolet-silverado-1500-lt-trail-boss-four-wheel-drive-crew-cab-3gcukfel9tg497129/123?store={store_code}	BLACK	0 miles	Silverado 1500	3GCUKFEL9TG497129	2026	72315 USD	CBGMC	72315 USD	MI
1GCUKGEL9TZ375926	2026 Chevrolet Silverado 1500 LTZ	Chevrolet	https://www.dahlchevroletgmcwinona.com/inventory/new-2026-chevrolet-silverado-1500-ltz-four-wheel-drive-crew-cab-1gcukgel9tz375926/	64148 USD	2026 Sterling Gray Metallic Chevrolet Silverado 1500 New 2026 Chevrolet Silverado 1500 LTZ Crew Cab 4WD 6.2L EcoTec3 V8 For sale at DAHL Chevrolet Buick GMC in Winona Minnesota.	https://vehicle-images.carscommerce.inc/404c-110010023/1GCUKGEL9TZ375926/thumbnails/large/4bec5b6f4c066324667e977aa4fc79d4.webp	in stock	NEW	TRUCK	Vehicles & Parts > Vehicles > Motor Vehicles > Cars, Trucks & Vans	1GCUKGEL9TZ375926	https://www.dahlchevroletgmcwinona.com/inventory/new-2026-chevrolet-silverado-1500-ltz-four-wheel-drive-crew-cab-1gcukgel9tz375926/123?store={store_code}	SILVER	0 miles	Silverado 1500	1GCUKGEL9TZ375926	2026	64148 USD	CBGMC	64148 USD	MI
1GCPKWEK6TZ467459	2026 Chevrolet Silverado 1500 RST	Chevrolet	https://www.dahlchevroletgmcwinona.com/inventory/new-2026-chevrolet-silverado-1500-rst-four-wheel-drive-crew-cab-1gcpkwek6tz467459/	47148 USD	2026 Black Chevrolet Silverado 1500 New 2026 Chevrolet Silverado 1500 RST Crew Cab 4WD TurboMax ™ For sale at DAHL Chevrolet Buick GMC in Winona Minnesota.	https://cgi.chevrolet.com/mmgprod-us/dynres/prove/image.gen?i=2026/CK10543/CK10543__1SP/GBA_0ST_1NF_1SP_1SZ_2NF_2ST_3ST_4AA_4ST_5FC_5RC_5ST_6JU_7HH_8AT_9AT_A2X_A68_A7E_AED_AEQ_AKO_AL0_ASV_AU3_AVI_AVJ_AXG_AXK_AY0_AZ3_B30_BTM_BTV_BWN_C49_C59_C5W_CGN_CJ2_CPL_CTT_D31_D75_DLF_DNS_DP6_E35_E63_EF7_ENL_F48_FJW_FWI_G80_GEY_GFC_GU6_H0U_IOK_IVN_J26_J61_JBP_JL1_K34_KA1_KC9_KI3_KI4_KL9_KW5_L3B_LPA_MAH_MFC_N06_N37_N57_NB5_NE1_NKD_NLB_NP0_PCL_PDU_PED_PPW_QAE_QAQ_QK1_QT5_R4Y_RD5_RGF_RIA_RM7_RSR_RVS_SAF_SLM_SP9_SU4_SU8_T3U_T8Z_TDM_TQ5_U2K_U73_UBI_UBJ_UDV_UE1_UE4_UEU_UF2_UH5_UHX_UHY_UJN_UK3_UKJ_UMN_UQF_URC_URD_UTJ_UVB_V76_V8D_VB5_VK3_VRD_VRF_VRG_VRH_VRJ_VRK_VRL_VRM_VRN_VRR_VSX_VT5_VT7_VV4_WLD_WMI_WNO_X88_YM8_Z60_Z82gmds2.jpg&v=deg01&std=true&country=US	in stock	NEW	TRUCK	Vehicles & Parts > Vehicles > Motor Vehicles > Cars, Trucks & Vans	1GCPKWEK6TZ467459	https://www.dahlchevroletgmcwinona.com/inventory/new-2026-chevrolet-silverado-1500-rst-four-wheel-drive-crew-cab-1gcpkwek6tz467459/123?store={store_code}	BLACK	0 miles	Silverado 1500	1GCPKWEK6TZ467459	2026	47148 USD	CBGMC	47148 USD	MI
1GCUKEEL9TZ393654	2026 Chevrolet Silverado 1500 RST	Chevrolet	https://www.dahlchevroletgmcwinona.com/inventory/new-2026-chevrolet-silverado-1500-rst-four-wheel-drive-crew-cab-1gcukeel9tz393654/	68648 USD	2026 Black Chevrolet Silverado 1500 New 2026 Chevrolet Silverado 1500 RST Crew Cab 4WD 6.2L EcoTec3 V8 For sale at DAHL Chevrolet Buick GMC in Winona Minnesota.	https://vehicle-images.carscommerce.inc/c7a6-110010023/1GCUKEEL9TZ393654/thumbnails/large/e144d127df276e616133fea9a969cc54.webp	in stock	NEW	TRUCK	Vehicles & Parts > Vehicles > Motor Vehicles > Cars, Trucks & Vans	1GCUKEEL9TZ393654	https://www.dahlchevroletgmcwinona.com/inventory/new-2026-chevrolet-silverado-1500-rst-four-wheel-drive-crew-cab-1gcukeel9tz393654/123?store={store_code}	BLACK	0 miles	Silverado 1500	1GCUKEEL9TZ393654	2026	68648 USD	CBGMC	68648 USD	MI
2GCUKEED6T1182736	2026 Chevrolet Silverado 1500 RST	Chevrolet	https://www.dahlchevroletgmcwinona.com/inventory/new-2026-chevrolet-silverado-1500-rst-four-wheel-drive-crew-cab-2gcukeed6t1182736/	54778 USD	2026 Black Chevrolet Silverado 1500 New 2026 Chevrolet Silverado 1500 RST Crew Cab 4WD 5.3L EcoTec3 V8 For sale at DAHL Chevrolet Buick GMC in Winona Minnesota.	https://vehicle-images.carscommerce.inc/9157-110010023/2GCUKEED6T1182736/thumbnails/large/5f8445bf5642da79fcdec9ad4e899688.webp	in stock	NEW	TRUCK	Vehicles & Parts > Vehicles > Motor Vehicles > Cars, Trucks & Vans	2GCUKEED6T1182736	https://www.dahlchevroletgmcwinona.com/inventory/new-2026-chevrolet-silverado-1500-rst-four-wheel-drive-crew-cab-2gcukeed6t1182736/123?store={store_code}	BLACK	0 miles	Silverado 1500	2GCUKEED6T1182736	2026	54778 USD	CBGMC	54778 USD	MI
3GCUKEEL5TG482752	2026 Chevrolet Silverado 1500 RST	Chevrolet	https://www.dahlchevroletgmcwinona.com/inventory/new-2026-chevrolet-silverado-1500-rst-four-wheel-drive-crew-cab-3gcukeel5tg482752/	57748 USD	2026 Black Chevrolet Silverado 1500 New 2026 Chevrolet Silverado 1500 RST Crew Cab 4WD 6.2L EcoTec3 V8 For sale at DAHL Chevrolet Buick GMC in Winona Minnesota.	https://cgi.chevrolet.com/mmgprod-us/dynres/prove/image.gen?i=2026/CK10543/CK10543__1SP/GBA_0ST_1NF_1SP_1SZ_2NF_2ST_3ST_4AA_4ST_5FC_5RC_5ST_6K5_6SC_7SC_8AT_9AT_A2X_A48_A50_A68_A7E_AAK_AED_AEQ_AKO_AL0_ASV_AU3_AVI_AVJ_AXG_AXK_AY0_B1J_B30_BPH_BTM_BTV_BWN_C49_C59_C5Y_CGN_CJ2_CPL_CTT_D07_D31_D75_DLF_DNS_DP6_E35_E63_EF7_ENL_EPH_F48_FJW_G80_GFC_GU5_H0U_IOK_IVN_J26_J61_JBP_JHD_JL1_K47_K4C_KA1_KC4_KC9_KI3_KI4_KL9_KNP_KSG_KW7_L87_LPA_MAH_MHS_MSL_N06_N37_N57_NE1_NL8_NPP_NQH_NZZ_PCL_PCM_PDU_PDZ_PED_PPW_PZ8_QK1_QT5_RCV_RM7_RSR_RVQ_SAF_SLM_SP9_SU4_SU7_T3U_T8Z_TDM_TQ5_U2K_U73_UBC_UBI_UBJ_UDV_UE1_UE4_UET_UEU_UF2_UG1_UH5_UHX_UHY_UJN_UK3_UKJ_UMN_UQA_URC_URD_UTJ_UVB_V76_V8D_VB5_VK3_VQK_VRD_VRF_VRG_VRH_VRJ_VRK_VRL_VRM_VRN_VRR_VSX_VT5_VT7_VTI_VV4_WNO_WPQ_X88_XCK_XCQ_YM8_Z71_Z82gmds2.jpg&v=deg01&std=true&country=US	in stock	NEW	TRUCK	Vehicles & Parts > Vehicles > Motor Vehicles > Cars, Trucks & Vans	3GCUKEEL5TG482752	https://www.dahlchevroletgmcwinona.com/inventory/new-2026-chevrolet-silverado-1500-rst-four-wheel-drive-crew-cab-3gcukeel5tg482752/123?store={store_code}	BLACK	0 miles	Silverado 1500	3GCUKEEL5TG482752	2026	57748 USD	CBGMC	57748 USD	MI
3GCUKEEL8TG482745	2026 Chevrolet Silverado 1500 RST	Chevrolet	https://www.dahlchevroletgmcwinona.com/inventory/new-2026-chevrolet-silverado-1500-rst-four-wheel-drive-crew-cab-3gcukeel8tg482745/	58448 USD	2026 Sterling Gray Metallic Chevrolet Silverado 1500 New 2026 Chevrolet Silverado 1500 RST Crew Cab 4WD 6.2L EcoTec3 V8 For sale at DAHL Chevrolet Buick GMC in Winona Minnesota.	https://cgi.chevrolet.com/mmgprod-us/dynres/prove/image.gen?i=2026/CK10543/CK10543__1SP/GXD_0ST_1NF_1SP_1SZ_2NF_2ST_3ST_4AA_4ST_5FC_5RC_5ST_6C6_6K5_7C6_8AT_9AT_A2X_A48_A50_A68_A7E_AAK_AED_AEQ_AKO_AL0_ASV_AU3_AVI_AVJ_AXG_AXK_AY0_B1J_B30_BPH_BTM_BTV_BWN_C49_C59_C5Y_CGN_CJ2_CPL_CTT_D07_D31_D75_DLF_DNS_DP6_E35_E63_EF7_ENL_EPH_F48_FJW_G80_GFC_GU5_H0U_IOK_IVN_J26_J61_JBP_JHD_JL1_K47_K4C_KA1_KC4_KC9_KI3_KI4_KL9_KNP_KSG_KW7_L87_LPA_MAH_MHS_MSL_N06_N37_N57_NE1_NL8_NPP_NQH_NZN_NZZ_PCL_PCM_PDU_PDZ_PED_PPW_PZ8_QAE_QAQ_QK1_QT5_R5C_RM7_RSR_RVQ_SAF_SLM_SP9_SU4_SU7_T3U_T8Z_TDM_TQ5_U2K_U73_UBC_UBI_UBJ_UDV_UE1_UE4_UET_UEU_UF2_UG1_UH5_UHX_UHY_UJN_UK3_UKJ_UMN_UQA_URC_URD_UTJ_UVB_V76_V8D_VB5_VK3_VRD_VRF_VRG_VRH_VRJ_VRK_VRL_VRM_VRN_VRR_VSX_VT5_VT7_VTI_VV4_WNO_WPQ_X88_YM8_Z71_Z82gmds2.jpg&v=deg01&std=true&country=US	in stock	NEW	TRUCK	Vehicles & Parts > Vehicles > Motor Vehicles > Cars, Trucks & Vans	3GCUKEEL8TG482745	https://www.dahlchevroletgmcwinona.com/inventory/new-2026-chevrolet-silverado-1500-rst-four-wheel-drive-crew-cab-3gcukeel8tg482745/123?store={store_code}	SILVER	0 miles	Silverado 1500	3GCUKEEL8TG482745	2026	58448 USD	CBGMC	58448 USD	MI
1GC4KME78TF385804	2026 Chevrolet Silverado 2500 HD Custom	Chevrolet	https://www.dahlchevroletgmcwinona.com/inventory/new-2026-chevrolet-silverado-2500-hd-custom-four-wheel-drive-crew-cab-1gc4kme78tf385804/	61690 USD	2026 Sterling Gray Metallic Chevrolet Silverado 2500 HD New 2026 Chevrolet Silverado 2500 HD Custom Crew Cab 4WD 6.6L V8 Gas For sale at DAHL Chevrolet Buick GMC in Winona Minnesota.	https://cgi.chevrolet.com/mmgprod-us/dynres/prove/image.gen?i=2026/CK20743/CK20743__1CX/GXD_0ST_1CX_1NF_1SZ_2NF_2ST_3ST_4AA_4ST_5FC_5RC_5ST_6UX_7UX_8AM_9AM_9L7_A2X_A68_A7E_AED_AEQ_AKO_AL0_AQQ_AU3_AVI_AXG_AXK_AY0_AZ3_B26_B30_B32_B33_BPH_BTM_BTV_BWN_C49_C59_C67_CGN_CKF_CMD_CMT_CPL_CTT_D72_DD8_DNS_DWI_E63_EF7_F48_FJW_G80_GEX_GF2_GT4_H0U_IOR_IVN_J26_J61_JBP_JHD_JL1_K1O_K34_K47_KC4_KC5_KC9_KI4_KNP_KW5_L8T_LPA_MAH_MKM_N06_N33_N79_NB5_NE1_NK5_NLR_NQF_NZZ_PCX_PDX_PPW_PQA_Q86_QF9_QK1_QT5_RSR_RVQ_SAF_SLM_SNO_SP9_SRW_T4A_T8Z_TDM_TQ5_U01_U12_U2K_U73_UBI_UBJ_UD5_UDC_UE1_UE4_UEU_UF2_UFG_UFL_UH5_UHY_UIR_UJN_UKC_UKJ_UMN_UQF_URC_UTJ_UVB_V76_V8D_VB5_VK3_VQK_VRD_VRF_VRG_VRH_VRJ_VRK_VRL_VRM_VRN_VRR_VSX_VT5_VT7_VV4_VYU_WNO_X88_YM8_Z6A_Z71_Z82_ZL3_ZYGgmds2.jpg&v=deg01&std=true&country=US	in stock	NEW	TRUCK	Vehicles & Parts > Vehicles > Motor Vehicles > Cars, Trucks & Vans	1GC4KME78TF385804	https://www.dahlchevroletgmcwinona.com/inventory/new-2026-chevrolet-silverado-2500-hd-custom-four-wheel-drive-crew-cab-1gc4kme78tf385804/123?store={store_code}	SILVER	0 miles	Silverado 2500 HD	1GC4KME78TF385804	2026	61690 USD	CBGMC	61690 USD	MI
1GC4KTE76TF325742	2026 Chevrolet Silverado 3500 HD LT	Chevrolet	https://www.dahlchevroletgmcwinona.com/inventory/new-2026-chevrolet-silverado-3500-hd-lt-four-wheel-drive-crew-cab-1gc4kte76tf325742/	62298 USD	2026 Cypress Gray Chevrolet Silverado 3500 HD New 2026 Chevrolet Silverado 3500 HD LT Crew Cab 4WD 6.6L V8 Gas For sale at DAHL Chevrolet Buick GMC in Winona Minnesota.	https://cgi.chevrolet.com/mmgprod-us/dynres/prove/image.gen?i=2026/CK30743/CK30743__1LT/GBD_0ST_1LT_1NF_1SZ_2NF_2ST_3ST_4AA_4ST_5FC_5RC_5ST_6UX_7UX_8AN_9AN_9L7_A2X_A68_A7E_AAK_AED_AEQ_AKO_AL0_AU3_AVI_AVJ_AXG_AXK_AY0_AZ3_B1J_B26_B30_B59_BPH_BTM_BTV_BWN_C49_C59_CGN_CJ2_CMD_CMT_CPL_CTT_D75_DD8_DNS_DWI_E63_EF7_F48_FJW_G80_GEX_GF3_GT4_H0U_IOK_IVN_J26_J61_JBP_JGN_JHD_JL1_K1O_K34_K47_KA1_KC4_KC9_KI3_KI4_KNP_KW5_L8T_LPA_MAH_MKM_N06_N37_N57_N79_NB5_NE1_NLR_NQF_NZZ_PCL_PDU_PDZ_PPW_PQB_Q86_QF9_QK1_QT5_RSR_SAF_SLM_SNO_SP9_SRW_T3U_T4A_T8Z_TDM_TQ5_TRG_U01_U12_U2K_U73_UBI_UBJ_UD5_UDV_UE1_UE4_UET_UEU_UF2_UFG_UFL_UH5_UHY_UJN_UK3_UKJ_UKV_UMN_UQF_URC_URD_UTJ_UV2_UVN_V46_V76_V8D_VJH_VK3_VQK_VRD_VRF_VRG_VRH_VRJ_VRK_VRL_VRM_VRN_VRR_VSX_VT7_VV4_VXH_VYU_WNO_WPQ_X88_YM8_Z6A_Z71_Z82_ZL3_ZM9_ZYGgmds2.jpg&v=deg01&std=true&country=US	in stock	NEW	TRUCK	Vehicles & Parts > Vehicles > Motor Vehicles > Cars, Trucks & Vans	1GC4KTE76TF325742	https://www.dahlchevroletgmcwinona.com/inventory/new-2026-chevrolet-silverado-3500-hd-lt-four-wheel-drive-crew-cab-1gc4kte76tf325742/123?store={store_code}	GRAY	0 miles	Silverado 3500 HD	1GC4KTE76TF325742	2026	62298 USD	CBGMC	62298 USD	MI
1GC4KUEY2TF373625	2026 Chevrolet Silverado 3500 HD LTZ	Chevrolet	https://www.dahlchevroletgmcwinona.com/inventory/new-2026-chevrolet-silverado-3500-hd-ltz-four-wheel-drive-crew-cab-1gc4kuey2tf373625/	85398 USD	2026 Black Chevrolet Silverado 3500 HD New 2026 Chevrolet Silverado 3500 HD LTZ Crew Cab 4WD 6.6L Duramax Turbo-Diesel V8 For sale at DAHL Chevrolet Buick GMC in Winona Minnesota.	https://cgi.chevrolet.com/mmgprod-us/dynres/prove/image.gen?i=2026/CK30743/CK30743__1LZ/GBA_0ST_1LZ_1NF_1SZ_2NF_2ST_3ST_4AA_4ST_5FC_5RC_5ST_6UX_7UX_8AN_9AN_9L7_A2X_A45_A48_A50_A7K_AAK_AEF_AEQ_AKO_AL0_AU3_AVI_AVJ_AXG_AXK_AY0_B1J_B26_B30_BHP_BPH_BTM_BTV_BWN_C32_C49_C59_CE1_CF5_CGN_CJ2_CMD_CMT_CPL_CTT_CWM_D07_D75_DH6_DNS_DP6_DRZ_DZC_E63_EF7_F48_FHX_G4Y_G80_GEX_GF9_GU6_H1Y_HS1_IOK_IVN_J26_J61_JBP_JHD_JL1_K05_K1O_K40_K47_K4C_KA1_KA6_KC4_KC9_KI3_KI4_KNP_KQV_KSG_KW5_L5P_LPA_MAH_MGM_N06_N37_N57_N79_NB5_NE1_NLQ_NQH_NV8_NZZ_PCN_PCZ_PDF_PPW_PQB_PZ8_QFG_QK1_QT6_RSR_SAF_SHT_SLM_SNO_SNR_SP9_SPZ_SRI_SRW_T3U_T4L_T8Z_TDM_TQ5_TRG_U01_U12_U2K_U73_UBC_UBI_UBJ_UD5_UDV_UE1_UE4_UET_UEU_UF2_UF3_UFG_UFL_UG1_UGA_UH5_UHY_UJN_UK3_UKJ_UKV_UMN_UQA_URC_URD_USA_UTJ_UV2_UV6_UVN_V8D_VB5_VK3_VPB_VQK_VRD_VRF_VRG_VRH_VRJ_VRK_VRL_VRM_VRN_VRR_VSX_VT5_VT7_VV4_VXW_VYU_WNO_WPC_WPK_X88_YM8_Z6A_Z71_Z82_ZL3_ZYGgmds2.jpg&v=deg01&std=true&country=US	in stock	NEW	TRUCK	Vehicles & Parts > Vehicles > Motor Vehicles > Cars, Trucks & Vans	1GC4KUEY2TF373625	https://www.dahlchevroletgmcwinona.com/inventory/new-2026-chevrolet-silverado-3500-hd-ltz-four-wheel-drive-crew-cab-1gc4kuey2tf373625/123?store={store_code}	BLACK	0 miles	Silverado 3500 HD	1GC4KUEY2TF373625	2026	85398 USD	CBGMC	85398 USD	MI
1GNS6TKL8TR396542	2026 Chevrolet Tahoe High Country	Chevrolet	https://www.dahlchevroletgmcwinona.com/inventory/new-2026-chevrolet-tahoe-high-country-four-wheel-drive-suv-1gns6tkl8tr396542/	85398 USD	2026 Radiant Red Tintcoat Chevrolet Tahoe New 2026 Chevrolet Tahoe High Country SUV 4WD 6.2L V8 For sale at DAHL Chevrolet Buick GMC in Winona Minnesota.	https://vehicle-images.carscommerce.inc/44d8-110010023/1GNS6TKL8TR396542/thumbnails/large/3c3b2e2e0687cd565e9cbbd99763855f.webp	in stock	NEW	SUV	Vehicles & Parts > Vehicles > Motor Vehicles > Cars, Trucks & Vans	1GNS6TKL8TR396542	https://www.dahlchevroletgmcwinona.com/inventory/new-2026-chevrolet-tahoe-high-country-four-wheel-drive-suv-1gns6tkl8tr396542/123?store={store_code}	RED	0 miles	Tahoe	1GNS6TKL8TR396542	2026	85398 USD	CBGMC	85398 USD	MI
1GNS6SKD7TR202862	2026 Chevrolet Tahoe Premier	Chevrolet	https://www.dahlchevroletgmcwinona.com/inventory/new-2026-chevrolet-tahoe-premier-four-wheel-drive-suv-1gns6skd7tr202862/	86994 USD	2026 Polar White Tricoat Chevrolet Tahoe New 2026 Chevrolet Tahoe Premier SUV 4WD 5.3L V8 For sale at DAHL Chevrolet Buick GMC in Winona Minnesota.	https://cgi.chevrolet.com/mmgprod-us/dynres/prove/image.gen?i=2026/CK10706/CK10706__1LZ/G4J_0ST_1LZ_1NF_1SZ_2NF_2ST_3ST_4DW_4ST_5FC_5ST_6GG_7GG_8AG_9AG_A2X_A45_A50_A7K_AAK_AEF_AEQ_AKJ_AKK_AKO_AKX_AL0_ARL_AS8_ASD_ATH_ATN_AU3_AVI_AVK_AVU_AX2_AXG_AXP_B1V_B30_BOY_BTM_BTV_BVE_C25_C3Q_C3U_C49_C69_C6G_CAV_CE1_CJ2_CTB_CTT_CWA_DCH_DD8_DH6_DP9_DXR_EF7_ENL_EPH_F48_FE9_FJW_G86_GF9_GU5_HS1_HUN_IVE_J26_J61_JBK_JHD_JL1_K1O_K4F_K6L_K7A_KA1_KA6_KC4_KI3_KI4_KL9_KNP_KQV_KSG_KW5_L84_MAH_MHS_N06_N10_N38_N53_NHT_NLB_NQH_PAN_PAP_PCU_PPW_PZ8_Q8E_R4C_R6Q_R9V_RG8_RIB_RM7_RSR_SAF_SFE_SFZ_SLM_T40_T8Z_TAU_TB5_TDM_TGE_TQ5_U05_U2K_U5G_UB3_UBD_UCB_UCV_UE1_UET_UEU_UFB_UG1_UGN_UH5_UH6_UJN_UK3_UKK_UKM_UKT_UKW_UKZ_UL5_UMN_UOW_UQS_URF_URW_UTJ_UUA_UV2_UVX_UVZ_V03_V55_V8D_VFF_VHM_VK3_VRD_VRF_VRG_VRH_VRJ_VRK_VRL_VRM_VRN_VRR_VSX_VT7_VTI_VV4_WNO_WTX_X88_XCG_XCQ_XL8_YM8_Z82_Z95_ZL6gmds2.jpg&v=deg01&std=true&country=US	in stock	NEW	SUV	Vehicles & Parts > Vehicles > Motor Vehicles > Cars, Trucks & Vans	1GNS6SKD7TR202862	https://www.dahlchevroletgmcwinona.com/inventory/new-2026-chevrolet-tahoe-premier-four-wheel-drive-suv-1gns6skd7tr202862/123?store={store_code}	WHITE	0 miles	Tahoe	1GNS6SKD7TR202862	2026	86994 USD	CBGMC	86994 USD	MI
KL79MRSL4TB184498	2026 Chevrolet Trailblazer LT	Chevrolet	https://www.dahlchevroletgmcwinona.com/inventory/new-2026-chevrolet-trailblazer-lt-all-wheel-drive-suv-kl79mrsl4tb184498/	32698 USD	2026 Sterling Gray Metallic Chevrolet Trailblazer New 2026 Chevrolet Trailblazer LT SUV AWD ECOTEC 1.3L Turbo For sale at DAHL Chevrolet Buick GMC in Winona Minnesota.	https://vehicle-images.carscommerce.inc/a438-110010023/KL79MRSL4TB184498/thumbnails/large/ef349c15338c4d082182f0df5a56879f.webp	in stock	NEW	SUV	Vehicles & Parts > Vehicles > Motor Vehicles > Cars, Trucks & Vans	KL79MRSL4TB184498	https://www.dahlchevroletgmcwinona.com/inventory/new-2026-chevrolet-trailblazer-lt-all-wheel-drive-suv-kl79mrsl4tb184498/123?store={store_code}	SILVER	0 miles	Trailblazer	KL79MRSL4TB184498	2026	32698 USD	CBGMC	32698 USD	MI
KL79MUSL3TB271800	2026 Chevrolet Trailblazer RS	Chevrolet	https://www.dahlchevroletgmcwinona.com/inventory/new-2026-chevrolet-trailblazer-rs-all-wheel-drive-suv-kl79musl3tb271800/	31398 USD	2026 Sterling Gray Metallic Chevrolet Trailblazer New 2026 Chevrolet Trailblazer RS SUV AWD ECOTEC 1.3L Turbo For sale at DAHL Chevrolet Buick GMC in Winona Minnesota.	https://vehicle-images.carscommerce.inc/8d74-110010023/KL79MUSL3TB271800/thumbnails/large/fcc000f4276542a089cc8bbcb2f5c918.webp	in stock	NEW	SUV	Vehicles & Parts > Vehicles > Motor Vehicles > Cars, Trucks & Vans	KL79MUSL3TB271800	https://www.dahlchevroletgmcwinona.com/inventory/new-2026-chevrolet-trailblazer-rs-all-wheel-drive-suv-kl79musl3tb271800/123?store={store_code}	SILVER	0 miles	Trailblazer	KL79MUSL3TB271800	2026	31398 USD	CBGMC	31398 USD	MI
1GNEVGKS6TJ372821	2026 Chevrolet Traverse LT	Chevrolet	https://www.dahlchevroletgmcwinona.com/inventory/new-2026-chevrolet-traverse-lt-all-wheel-drive-suv-1gnevgks6tj372821/	47898 USD	2026 Radiant Red Tintcoat Chevrolet Traverse New 2026 Chevrolet Traverse LT SUV AWD 2.5L Turbo For sale at DAHL Chevrolet Buick GMC in Winona Minnesota.	https://vehicle-images.carscommerce.inc/59ff-110010023/1GNEVGKS6TJ372821/thumbnails/large/c46632da9cf85c1dd46aee8712995f43.webp	in stock	NEW	SUV	Vehicles & Parts > Vehicles > Motor Vehicles > Cars, Trucks & Vans	1GNEVGKS6TJ372821	https://www.dahlchevroletgmcwinona.com/inventory/new-2026-chevrolet-traverse-lt-all-wheel-drive-suv-1gnevgks6tj372821/123?store={store_code}	RED	0 miles	Traverse	1GNEVGKS6TJ372821	2026	47898 USD	CBGMC	47898 USD	MI
1GNEVJKS1TJ394786	2026 Chevrolet Traverse Z71	Chevrolet	https://www.dahlchevroletgmcwinona.com/inventory/new-2026-chevrolet-traverse-z71-all-wheel-drive-suv-1gnevjks1tj394786/	54698 USD	2026 Polar White Tricoat Chevrolet Traverse New 2026 Chevrolet Traverse Z71 SUV AWD 2.5L Turbo For sale at DAHL Chevrolet Buick GMC in Winona Minnesota.	https://vehicle-images.carscommerce.inc/f183-110010023/1GNEVJKS1TJ394786/thumbnails/large/ca3d39d208c09560fb4e0be7dba57229.webp	in stock	NEW	SUV	Vehicles & Parts > Vehicles > Motor Vehicles > Cars, Trucks & Vans	1GNEVJKS1TJ394786	https://www.dahlchevroletgmcwinona.com/inventory/new-2026-chevrolet-traverse-z71-all-wheel-drive-suv-1gnevjks1tj394786/123?store={store_code}	WHITE	0 miles	Traverse	1GNEVJKS1TJ394786	2026	54698 USD	CBGMC	54698 USD	MI
1GNEVJKS4TJ347624	2026 Chevrolet Traverse Z71	Chevrolet	https://www.dahlchevroletgmcwinona.com/inventory/new-2026-chevrolet-traverse-z71-all-wheel-drive-suv-1gnevjks4tj347624/	52798 USD	2026 Sandstone Gray Chevrolet Traverse New 2026 Chevrolet Traverse Z71 SUV AWD 2.5L Turbo For sale at DAHL Chevrolet Buick GMC in Winona Minnesota.	https://vehicle-images.carscommerce.inc/a273-110010023/1GNEVJKS4TJ347624/thumbnails/large/8ab22db3ccf81aa496d5a99c9baefd1a.webp	in stock	NEW	SUV	Vehicles & Parts > Vehicles > Motor Vehicles > Cars, Trucks & Vans	1GNEVJKS4TJ347624	https://www.dahlchevroletgmcwinona.com/inventory/new-2026-chevrolet-traverse-z71-all-wheel-drive-suv-1gnevjks4tj347624/123?store={store_code}	GRAY	0 miles	Traverse	1GNEVJKS4TJ347624	2026	52798 USD	CBGMC	52798 USD	MI
KL77LJEP2TC244170	2026 Chevrolet Trax 2RS	Chevrolet	https://www.dahlchevroletgmcwinona.com/inventory/new-2026-chevrolet-trax-2rs-front-wheel-drive-suv-kl77ljep2tc244170/	26388 USD	2026 Mosaic Black Metallic Chevrolet Trax New 2026 Chevrolet Trax 2RS SUV FWD ECOTEC 1.2L Turbo For sale at DAHL Chevrolet Buick GMC in Winona Minnesota.	https://cgi.chevrolet.com/mmgprod-us/dynres/prove/image.gen?i=2026/1TU58/1TU58__2RS/GB0_0ST_1MP_1NF_1SZ_2NF_2RS_2ST_3ST_4DJ_4ST_5FC_5H1_5ST_6X1_7X1_7Y2_8X2_9X2_A2X_A50_A64_A69_A70_A7E_AAL_AEC_AED_AEQ_AIB_AIF_AJC_AKO_AKW_AL0_AL9_AQY_ASV_AU3_AVJ_AXP_AY0_B2O_B34_B35_B7S_BAH_BTM_BTT_BTV_C25_C2X_C35_C49_C68_C91_CD4_CKR_D31_D75_DLF_DLV_DU3_E22_E27_E38_E91_EF7_EWE_FE2_FE9_FHA_FHS_FJM_FWD_FX3_GNA_GNF_H6J_IKP_IVA_J26_J60_J71_JCF_JJ2_K12_K1O_K4E_KA1_KB5_KD4_KG8_KI2_KL9_KQX_KRV_KSG_LBP_LHD_MAH_MDB_MM9_MNH_N37_N5C_NB8_NE8_NJ1_NKC_NLB_NWN_PAN_PAP_PED_PPW_Q8E_R9N_R9T_RH3_RQN_RSR_SJQ_SLM_T4L_T7E_T7Z_T83_TB4_TDM_TQ5_TR1_TS6_TTV_TUU_U04_U25_U2K_U92_UBI_UBJ_UC3_UD7_UDZ_UE1_UE4_UEU_UFG_UH0_UH1_UHX_UHY_UJM_UKC_UKJ_UL5_UMN_UQ3_UQL_URO_UTJ_UUA_UUT_UVB_UVD_V2J_V35_V48_V59_V8D_VDO_VEV_VGC_VGP_VHM_VIX_VJQ_VK3_VNU_VRF_VRG_VRH_VRK_VRL_VRM_VRN_VRR_VV4_WFK_WJN_WNO_WPA_XL8_ZDCgmds2.jpg&v=deg01&std=true&country=US	in stock	NEW	SUV	Vehicles & Parts > Vehicles > Motor Vehicles > Cars, Trucks & Vans	KL77LJEP2TC244170	https://www.dahlchevroletgmcwinona.com/inventory/new-2026-chevrolet-trax-2rs-front-wheel-drive-suv-kl77ljep2tc244170/123?store={store_code}	BLACK	0 miles	Trax	KL77LJEP2TC244170	2026	26388 USD	CBGMC	26388 USD	MI
KL77LKEP6TC213476	2026 Chevrolet Trax ACTIV	Chevrolet	https://www.dahlchevroletgmcwinona.com/inventory/new-2026-chevrolet-trax-activ-front-wheel-drive-suv-kl77lkep6tc213476/	25998 USD	2026 Cacti Green Chevrolet Trax New 2026 Chevrolet Trax ACTIV SUV FWD ECOTEC 1.2L Turbo For sale at DAHL Chevrolet Buick GMC in Winona Minnesota.	https://vehicle-images.carscommerce.inc/1c6f-110010023/KL77LKEP6TC213476/thumbnails/large/b9c5378bd913a7f09b0330b5dc1deca2.webp	in stock	NEW	SUV	Vehicles & Parts > Vehicles > Motor Vehicles > Cars, Trucks & Vans	KL77LKEP6TC213476	https://www.dahlchevroletgmcwinona.com/inventory/new-2026-chevrolet-trax-activ-front-wheel-drive-suv-kl77lkep6tc213476/123?store={store_code}	GREEN	0 miles	Trax	KL77LKEP6TC213476	2026	25998 USD	CBGMC	25998 USD	MI
1G1YT3D5XV5302142	2027 Chevrolet Corvette Grand Sport 2LT	Chevrolet	https://www.dahlchevroletgmcwinona.com/inventory/new-2027-chevrolet-corvette-grand-sport-2lt-rear-wheel-drive-convertible-1g1yt3d5xv5302142/	139290 USD	2027 Admiral Blue Metallic Chevrolet Corvette Grand Sport New 2027 Chevrolet Corvette Grand Sport 2LT Convertible RWD 6.7L V8 DI For sale at DAHL Chevrolet Buick GMC in Winona Minnesota.	https://cgi.chevrolet.com/mmgprod-us/dynres/prove/image.gen?i=2027/1YE67/1YE67__2LT/GTR_HTM_0ST_1SZ_2LT_2ST_37S_3A9_3ST_4AA_4ST_5A7_5FC_5ST_6X1_7X1_8X2_97A_9L3_9X2_A2X_A7K_AH2_AHE_AHH_AJ7_AL0_AL9_AP9_AQA_AT9_AXJ_B4Z_B72_BAZ_BGR_CFX_CFZ_CJ2_CM9_D86_DMU_DNS_DRZ_DYX_E2C_E60_EF7_EFR_EPH_EYT_F55_FE9_FEB_FJW_G0K_G96_I27_IVE_J57_J6B_K4O_K7B_KI3_KLF_KQV_KRV_LHD_LS6_M1N_MAH_N38_NAM_NE8_NGA_NK4_NKD_NL8_NPP_PAN_PAP_PPW_R8C_R9N_RWL_SL8_SLL_SPY_SUP_SWN_T0F_T4L_T8Z_TB8_TDM_TQ5_TR7_TTW_U2K_U5G_U80_UD7_UE1_UEU_UFG_UFT_UG1_UHX_UHY_UJN_UKT_UMN_UQH_UQT_UR5_UTJ_UTU_UTV_UV6_UVA_V08_V8D_VA5_VH9_VHM_VRF_VRG_VRH_VRK_VRL_VRM_VRN_VRR_VT7_VV4_VWE_WNS_WUB_XFR_XL8_YM8_Z15_Z52gmds2.jpg&v=deg01&std=true&country=US	in stock	NEW	OTHER	Vehicles & Parts > Vehicles > Motor Vehicles > Cars, Trucks & Vans	1G1YT3D5XV5302142	https://www.dahlchevroletgmcwinona.com/inventory/new-2027-chevrolet-corvette-grand-sport-2lt-rear-wheel-drive-convertible-1g1yt3d5xv5302142/123?store={store_code}	BLUE	0 miles	Corvette Grand Sport	1G1YT3D5XV5302142	2027	139290 USD	CBGMC	139290 USD	MI
1G1YB3D51V5102222	2027 Chevrolet Corvette Stingray 2LT	Chevrolet	https://www.dahlchevroletgmcwinona.com/inventory/new-2027-chevrolet-corvette-stingray-2lt-rear-wheel-drive-convertible-1g1yb3d51v5102222/	97223 USD	2027 Admiral Blue Metallic Chevrolet Corvette Stingray New 2027 Chevrolet Corvette Stingray 2LT Convertible RWD 6.7L V8 DI For sale at DAHL Chevrolet Buick GMC in Winona Minnesota.	https://cgi.chevrolet.com/mmgprod-us/dynres/prove/image.gen?i=2027/1YC67/1YC67__2LT/GTR_HTM_0ST_1SZ_2LT_2ST_38S_3F9_3ST_4AA_4ST_5A7_5FC_5ST_6X1_7X1_8X2_9L3_9X2_A2X_A7K_AH2_AHE_AHH_AJ7_AL0_AL9_AP9_AQA_AT9_AXJ_B72_BGR_CAV_CJ2_CM9_DRZ_DYX_E60_EF7_EFY_EPH_EYT_FE3_FJW_G0K_G96_I27_IVE_J55_J6F_K4O_K7B_KI3_KLF_KQV_KRV_LHD_LS6_M1N_MAH_N38_NAM_NE1_NE8_NGA_NK4_NKD_NL8_NPP_PAN_PAP_PEF_PPW_Q9I_QTU_R9N_RIA_RWL_SLM_T0A_T4L_T8Z_TB8_TDM_TQ5_TR7_TTW_U2K_U5G_U80_UD7_UE1_UEU_UFG_UFT_UG1_UHX_UHY_UJN_UKT_UMN_UQH_UQT_UR5_UTJ_UTU_UTV_UV6_UVA_V08_V8D_VA5_VH9_VHM_VK3_VQK_VRF_VRG_VRH_VRK_VRL_VRM_VRN_VRR_VT7_VV4_WNS_XL8_YM8_Z51gmds2.jpg&v=deg01&std=true&country=US	in stock	NEW	OTHER	Vehicles & Parts > Vehicles > Motor Vehicles > Cars, Trucks & Vans	1G1YB3D51V5102222	https://www.dahlchevroletgmcwinona.com/inventory/new-2027-chevrolet-corvette-stingray-2lt-rear-wheel-drive-convertible-1g1yb3d51v5102222/123?store={store_code}	BLUE	0 miles	Corvette Stingray	1G1YB3D51V5102222	2027	97223 USD	CBGMC	97223 USD	MI
3GNAXPEG3VL168568	2027 Chevrolet Equinox LT	Chevrolet	https://www.dahlchevroletgmcwinona.com/inventory/new-2027-chevrolet-equinox-lt-all-wheel-drive-suv-3gnaxpeg3vl168568/	37098 USD	2027 Autumn Harvest Metallic Chevrolet Equinox New 2027 Chevrolet Equinox LT SUV AWD 1.5L Turbo 4-cylinder For sale at DAHL Chevrolet Buick GMC in Winona Minnesota.	https://cgi.chevrolet.com/mmgprod-us/dynres/prove/image.gen?i=2027/1PT26/1PT26__2LT/GTJ_0ST_1NF_2LT_2NF_2ST_3ST_4GO_4NK_4ST_5FC_5ST_65C_6X1_7X1_8X2_94T_9X2_A2X_A69_A70_A7E_ACH_AGW_AKO_AL0_AL9_AQP_AR9_ARU_ASV_AVI_AVJ_AXP_AYH_B41_BTT_BTV_C3M_CE1_CJ2_CMO_CTB_CWA_CWN_D75_DA5_DAE_DLF_DRZ_EA1_EA2_EF7_EWE_F48_FHB_FJW_H9F_HS1_I27_IKP_IVE_JBP_JCF_JM8_JSR_K12_K4E_K7A_KA1_KC8_KG8_KI3_KL9_KRV_KSG_LHD_LSD_MAH_MGH_MM1_N53_NAM_NE1_NE8_NKC_NLB_NWN_PAN_PAP_PDK_PJW_PPW_Q8E_QCL_QGS_R9N_RIA_RIS_RSR_SBK_SLM_SPM_T3U_T8Z_TAB_TCP_TDM_TGC_U2K_U5G_UCV_UD7_UE1_UEN_UEU_UFB_UG1_UGN_UKI_UKK_UKM_UMN_UOW_UQF_URC_URF_URL_UUA_UV2_UVX_UVZ_V2P_V8D_VHM_VK3_VK8_VLI_VQK_VRF_VRG_VRH_VRJ_VRK_VRL_VRM_VRN_VRR_VV4_WLM_WMI_WN5_WNS_YM8_ZQ2_ZQ3gmds2.jpg&v=deg01&std=true&country=US	in stock	NEW	SUV	Vehicles & Parts > Vehicles > Motor Vehicles > Cars, Trucks & Vans	3GNAXPEG3VL168568	https://www.dahlchevroletgmcwinona.com/inventory/new-2027-chevrolet-equinox-lt-all-wheel-drive-suv-3gnaxpeg3vl168568/123?store={store_code}	BEIGE	0 miles	Equinox	3GNAXPEG3VL168568	2027	37098 USD	CBGMC	37098 USD	MI
3GNAXTEG0VL157438	2027 Chevrolet Equinox RS	Chevrolet	https://www.dahlchevroletgmcwinona.com/inventory/new-2027-chevrolet-equinox-rs-all-wheel-drive-suv-3gnaxteg0vl157438/	38998 USD	2027 Mosaic Black Metallic Chevrolet Equinox New 2027 Chevrolet Equinox RS SUV AWD 1.5L Turbo 4-cylinder For sale at DAHL Chevrolet Buick GMC in Winona Minnesota.	https://vehicle-images.carscommerce.inc/f478-110010023/3GNAXTEG0VL157438/thumbnails/large/653ce6712d62de5993adf05caf1020de.webp	in stock	NEW	SUV	Vehicles & Parts > Vehicles > Motor Vehicles > Cars, Trucks & Vans	3GNAXTEG0VL157438	https://www.dahlchevroletgmcwinona.com/inventory/new-2027-chevrolet-equinox-rs-all-wheel-drive-suv-3gnaxteg0vl157438/123?store={store_code}	BLACK	0 miles	Equinox	3GNAXTEG0VL157438	2027	38998 USD	CBGMC	38998 USD	MI
3GNAXTEG6VL123892	2027 Chevrolet Equinox RS	Chevrolet	https://www.dahlchevroletgmcwinona.com/inventory/new-2027-chevrolet-equinox-rs-all-wheel-drive-suv-3gnaxteg6vl123892/	40198 USD	2027 Polar White Tricoat Chevrolet Equinox New 2027 Chevrolet Equinox RS SUV AWD 1.5L Turbo 4-cylinder For sale at DAHL Chevrolet Buick GMC in Winona Minnesota.	https://vehicle-images.carscommerce.inc/602a-110010023/3GNAXTEG6VL123892/thumbnails/large/4f625d838dcb13b61920c0f99fcee69f.webp	in stock	NEW	SUV	Vehicles & Parts > Vehicles > Motor Vehicles > Cars, Trucks & Vans	3GNAXTEG6VL123892	https://www.dahlchevroletgmcwinona.com/inventory/new-2027-chevrolet-equinox-rs-all-wheel-drive-suv-3gnaxteg6vl123892/123?store={store_code}	WHITE	0 miles	Equinox	3GNAXTEG6VL123892	2027	40198 USD	CBGMC	40198 USD	MI
1G1YY26U665119130	2006 Chevrolet Corvette 2DR CPE	Chevrolet	https://www.dahlchevroletgmcwinona.com/inventory/used-2006-chevrolet-corvette-2dr-cpe-rear-wheel-drive-coupe-1g1yy26u665119130/	22649 USD	2006 Machine Silver Metallic Chevrolet Corvette Used 2006 Chevrolet Corvette 2DR CPE Coupe RWD Engine, 6L, LS2, V8 SFI For sale at DAHL Chevrolet Buick GMC in Winona Minnesota.	https://vehicle-images.carscommerce.inc/5716-110010023/1G1YY26U665119130/thumbnails/large/f1c1f6bfde3eae8501a13dec2191b073.webp	in stock	USED	OTHER	Vehicles & Parts > Vehicles > Motor Vehicles > Cars, Trucks & Vans	1G1YY26U665119130	https://www.dahlchevroletgmcwinona.com/inventory/used-2006-chevrolet-corvette-2dr-cpe-rear-wheel-drive-coupe-1g1yy26u665119130/123?store={store_code}	SILVER	59166 miles	Corvette	1G1YY26U665119130	2006	22649 USD	CBGMC	22649 USD	MI
5FNYF4H42BB016320	2011 Honda Pilot EX	Honda	https://www.dahlchevroletgmcwinona.com/inventory/used-2011-honda-pilot-ex-four-wheel-drive-4-door-sport-utility-5fnyf4h42bb016320/	8500 USD	2011 Taffeta White Honda Pilot Used 2011 Honda Pilot EX 4 Door Sport Utility 4WD V6 Cylinder For sale at DAHL Chevrolet Buick GMC in Winona Minnesota.	https://vehicle-images.carscommerce.inc/82f9-110010023/5FNYF4H42BB016320/thumbnails/large/7ef85340d02f4d61a12d56eab149343a.webp	in stock	USED	SUV	Vehicles & Parts > Vehicles > Motor Vehicles > Cars, Trucks & Vans	5FNYF4H42BB016320	https://www.dahlchevroletgmcwinona.com/inventory/used-2011-honda-pilot-ex-four-wheel-drive-4-door-sport-utility-5fnyf4h42bb016320/123?store={store_code}	WHITE	155060 miles	Pilot	5FNYF4H42BB016320	2011	8500 USD	CBGMC	8500 USD	MI
1FTFX1ET4CFC35467	2012 Ford F-150 XLT	Ford	https://www.dahlchevroletgmcwinona.com/inventory/used-2012-ford-f-150-xlt-4-wheel-drive-extended-cab-pickup-1ftfx1et4cfc35467/	8900 USD	2012 Race Red Ford F-150 Used 2012 Ford F-150 XLT Extended Cab Pickup V6 Cylinder For sale at DAHL Chevrolet Buick GMC in Winona Minnesota.	https://vehicle-images.carscommerce.inc/da6e-110010023/1FTFX1ET4CFC35467/thumbnails/large/919269489281b5f2e4c4c1fc0c3701bb.webp	in stock	USED	TRUCK	Vehicles & Parts > Vehicles > Motor Vehicles > Cars, Trucks & Vans	1FTFX1ET4CFC35467	https://www.dahlchevroletgmcwinona.com/inventory/used-2012-ford-f-150-xlt-4-wheel-drive-extended-cab-pickup-1ftfx1et4cfc35467/123?store={store_code}	RED	153783 miles	F-150	1FTFX1ET4CFC35467	2012	8900 USD	CBGMC	8900 USD	MI
1FAHP3K21CL477107	2012 Ford Focus SE	Ford	https://www.dahlchevroletgmcwinona.com/inventory/used-2012-ford-focus-se-front-wheel-drive-5-door-hatchback-1fahp3k21cl477107/	7450 USD	2012 Frosted Glass Ford Focus Used 2012 Ford Focus SE 5 Door Hatchback FWD 4 Cylinder For sale at DAHL Chevrolet Buick GMC in Winona Minnesota.	https://vehicle-images.carscommerce.inc/8106-110010023/1FAHP3K21CL477107/thumbnails/large/9cea3dee79769a72ca308bf555604792.webp	in stock	USED	OTHER	Vehicles & Parts > Vehicles > Motor Vehicles > Cars, Trucks & Vans	1FAHP3K21CL477107	https://www.dahlchevroletgmcwinona.com/inventory/used-2012-ford-focus-se-front-wheel-drive-5-door-hatchback-1fahp3k21cl477107/123?store={store_code}	WHITE	43151 miles	Focus	1FAHP3K21CL477107	2012	7450 USD	CBGMC	7450 USD	MI
1FT8X3B65CEB96574	2012 Ford Super Duty F-350 SRW Lariat	Ford	https://www.dahlchevroletgmcwinona.com/inventory/used-2012-ford-super-duty-f-350-srw-lariat-four-wheel-drive-extended-cab-pickup-1ft8x3b65ceb96574/	22150 USD	2012 Dark Blue Pearl Metallic Ford Super Duty F-350 SRW Used 2012 Ford Super Duty F-350 SRW Lariat Extended Cab Pickup 4WD 8 Cylinder For sale at DAHL Chevrolet Buick GMC in Winona Minnesota.	https://vehicle-images.carscommerce.inc/45d7-110010023/1FT8X3B65CEB96574/thumbnails/large/bccf66a17208b3e0a1a619a7f462e3b0.webp	in stock	USED	TRUCK	Vehicles & Parts > Vehicles > Motor Vehicles > Cars, Trucks & Vans	1FT8X3B65CEB96574	https://www.dahlchevroletgmcwinona.com/inventory/used-2012-ford-super-duty-f-350-srw-lariat-four-wheel-drive-extended-cab-pickup-1ft8x3b65ceb96574/123?store={store_code}	BLUE	97669 miles	Super Duty F-350 SRW	1FT8X3B65CEB96574	2012	22150 USD	CBGMC	22150 USD	MI
5FNYF4H55CB065750	2012 Honda Pilot EX-L	Honda	https://www.dahlchevroletgmcwinona.com/inventory/used-2012-honda-pilot-ex-l-four-wheel-drive-4-door-sport-utility-5fnyf4h55cb065750/	10500 USD	2012 Polished Metal Metallic Honda Pilot Used 2012 Honda Pilot EX-L 4 Door Sport Utility 4WD V6 Cylinder For sale at DAHL Chevrolet Buick GMC in Winona Minnesota.	https://vehicle-images.carscommerce.inc/d723-110010023/5FNYF4H55CB065750/thumbnails/large/c2c5361c0e58074f12dff66c08951e57.webp	in stock	USED	SUV	Vehicles & Parts > Vehicles > Motor Vehicles > Cars, Trucks & Vans	5FNYF4H55CB065750	https://www.dahlchevroletgmcwinona.com/inventory/used-2012-honda-pilot-ex-l-four-wheel-drive-4-door-sport-utility-5fnyf4h55cb065750/123?store={store_code}	GRAY	140962 miles	Pilot	5FNYF4H55CB065750	2012	10500 USD	CBGMC	10500 USD	MI
1C4RDJAG3EC295954	2014 Dodge Durango SXT	Dodge	https://www.dahlchevroletgmcwinona.com/inventory/used-2014-dodge-durango-sxt-all-wheel-drive-sport-utility-1c4rdjag3ec295954/	10300 USD	2014 Deep Cherry Red Crystal Pearlcoat Dodge Durango Used 2014 Dodge Durango SXT Sport Utility AWD V6 Cylinder For sale at DAHL Chevrolet Buick GMC in Winona Minnesota.	https://vehicle-images.carscommerce.inc/d029-110010023/1C4RDJAG3EC295954/thumbnails/large/ba040cb6710ff2be49802b4da0926ed0.webp	in stock	USED	SUV	Vehicles & Parts > Vehicles > Motor Vehicles > Cars, Trucks & Vans	1C4RDJAG3EC295954	https://www.dahlchevroletgmcwinona.com/inventory/used-2014-dodge-durango-sxt-all-wheel-drive-sport-utility-1c4rdjag3ec295954/123?store={store_code}	RED	119700 miles	Durango	1C4RDJAG3EC295954	2014	10300 USD	CBGMC	10300 USD	MI
1FTFX1EF6EKG05449	2014 Ford F-150 STX	Ford	https://www.dahlchevroletgmcwinona.com/inventory/used-2014-ford-f-150-stx-four-wheel-drive-supercab-styleside-1ftfx1ef6ekg05449/	12500 USD	2014 Tuxedo Black Metallic Ford F-150 Used 2014 Ford F-150 STX SuperCab Styleside 4WD 8 Cylinder For sale at DAHL Chevrolet Buick GMC in Winona Minnesota.	https://vehicle-images.carscommerce.inc/7f6d-110010023/1FTFX1EF6EKG05449/thumbnails/large/0862e6936d1a9b6e7efe5f375b3004a7.webp	in stock	USED	TRUCK	Vehicles & Parts > Vehicles > Motor Vehicles > Cars, Trucks & Vans	1FTFX1EF6EKG05449	https://www.dahlchevroletgmcwinona.com/inventory/used-2014-ford-f-150-stx-four-wheel-drive-supercab-styleside-1ftfx1ef6ekg05449/123?store={store_code}	BLACK	196110 miles	F-150	1FTFX1EF6EKG05449	2014	12500 USD	CBGMC	12500 USD	MI
KNDPB3AC2E7578067	2014 Kia Sportage LX	Kia	https://www.dahlchevroletgmcwinona.com/inventory/used-2014-kia-sportage-lx-front-wheel-drive-sport-utility-kndpb3ac2e7578067/	7500 USD	2014 Signal Red Kia Sportage Used 2014 Kia Sportage LX Sport Utility FWD 4 Cylinder For sale at DAHL Chevrolet Buick GMC in Winona Minnesota.	https://vehicle-images.carscommerce.inc/45bd-110010023/KNDPB3AC2E7578067/thumbnails/large/5a314070eba1e29be6418de1e2b9d6c6.webp	in stock	USED	SUV	Vehicles & Parts > Vehicles > Motor Vehicles > Cars, Trucks & Vans	KNDPB3AC2E7578067	https://www.dahlchevroletgmcwinona.com/inventory/used-2014-kia-sportage-lx-front-wheel-drive-sport-utility-kndpb3ac2e7578067/123?store={store_code}	RED	138704 miles	Sportage	KNDPB3AC2E7578067	2014	7500 USD	CBGMC	7500 USD	MI
1GCGTCE31F1124419	2015 Chevrolet Colorado 4WD Z71	Chevrolet	https://www.dahlchevroletgmcwinona.com/inventory/used-2015-chevrolet-colorado-4wd-z71-four-wheel-drive-crew-cab-1gcgtce31f1124419/	13249 USD	2015 RED ROCK METALLIC Chevrolet Colorado Used 2015 Chevrolet Colorado 4WD Z71 Crew Cab 4WD Engine - Gas, 3.6L 6 Cylinder, SIDI, DOHC, VVT For sale at DAHL Chevrolet Buick GMC in Winona Minnesota.	https://vehicle-images.carscommerce.inc/55e4-110010023/1GCGTCE31F1124419/thumbnails/large/046781ea7639d4ebbfd4da40400c62aa.webp	in stock	USED	TRUCK	Vehicles & Parts > Vehicles > Motor Vehicles > Cars, Trucks & Vans	1GCGTCE31F1124419	https://www.dahlchevroletgmcwinona.com/inventory/used-2015-chevrolet-colorado-4wd-z71-four-wheel-drive-crew-cab-1gcgtce31f1124419/123?store={store_code}	RED	151624 miles	Colorado	1GCGTCE31F1124419	2015	13249 USD	CBGMC	13249 USD	MI
1FTEW1EP8FKE16892	2015 Ford F-150 XLT	Ford	https://www.dahlchevroletgmcwinona.com/inventory/used-2015-ford-f-150-xlt-four-wheel-drive-supercrew-cab-styleside-1ftew1ep8fke16892/	18490 USD	2015 Ingot Silver Metallic Ford F-150 Used 2015 Ford F-150 XLT SuperCrew Cab Styleside 4WD V6 Cylinder For sale at DAHL Chevrolet Buick GMC in Winona Minnesota.	https://vehicle-images.carscommerce.inc/b926-110010023/1FTEW1EP8FKE16892/thumbnails/large/3d15222da6621ef3794d74fbc83bbe02.webp	in stock	USED	TRUCK	Vehicles & Parts > Vehicles > Motor Vehicles > Cars, Trucks & Vans	1FTEW1EP8FKE16892	https://www.dahlchevroletgmcwinona.com/inventory/used-2015-ford-f-150-xlt-four-wheel-drive-supercrew-cab-styleside-1ftew1ep8fke16892/123?store={store_code}	SILVER	118716 miles	F-150	1FTEW1EP8FKE16892	2015	18490 USD	CBGMC	18490 USD	MI
3FA6P0H71FR151774	2015 Ford Fusion SE	Ford	https://www.dahlchevroletgmcwinona.com/inventory/used-2015-ford-fusion-se-front-wheel-drive-sedan-3fa6p0h71fr151774/	9990 USD	2015 Oxford White Ford Fusion Used 2015 Ford Fusion SE Sedan FWD 4 Cylinder For sale at DAHL Chevrolet Buick GMC in Winona Minnesota.	https://vehicle-images.carscommerce.inc/79c5-110010023/3FA6P0H71FR151774/thumbnails/large/0ce8e51c6b54c7d5aaac53362838ceb8.webp	in stock	USED	OTHER	Vehicles & Parts > Vehicles > Motor Vehicles > Cars, Trucks & Vans	3FA6P0H71FR151774	https://www.dahlchevroletgmcwinona.com/inventory/used-2015-ford-fusion-se-front-wheel-drive-sedan-3fa6p0h71fr151774/123?store={store_code}	WHITE	104654 miles	Fusion	3FA6P0H71FR151774	2015	9990 USD	CBGMC	9990 USD	MI
1GTG6BE39F1273193	2015 GMC Canyon 4WD SLE	GMC	https://www.dahlchevroletgmcwinona.com/inventory/used-2015-gmc-canyon-4wd-sle-four-wheel-drive-crew-cab-pickup-1gtg6be39f1273193/	19990 USD	2015 Quicksilver Metallic GMC Canyon Used 2015 GMC Canyon 4WD SLE Crew Cab Pickup 4WD V6 Cylinder For sale at DAHL Chevrolet Buick GMC in Winona Minnesota.	https://vehicle-images.carscommerce.inc/73f6-110010023/1GTG6BE39F1273193/thumbnails/large/85903853a79df8c456d95d1af9c71a5d.webp	in stock	USED	TRUCK	Vehicles & Parts > Vehicles > Motor Vehicles > Cars, Trucks & Vans	1GTG6BE39F1273193	https://www.dahlchevroletgmcwinona.com/inventory/used-2015-gmc-canyon-4wd-sle-four-wheel-drive-crew-cab-pickup-1gtg6be39f1273193/123?store={store_code}	SILVER	87244 miles	Canyon	1GTG6BE39F1273193	2015	19990 USD	CBGMC	19990 USD	MI
1GKS2GKC5FR710118	2015 GMC Yukon XL SLE	GMC	https://www.dahlchevroletgmcwinona.com/inventory/used-2015-gmc-yukon-xl-sle-four-wheel-drive-sport-utility-vehicle-1gks2gkc5fr710118/	13650 USD	2015 Champagne Silver Metallic GMC Yukon XL Used 2015 GMC Yukon XL SLE Sport Utility Vehicle 4WD 8 Cylinder For sale at DAHL Chevrolet Buick GMC in Winona Minnesota.	https://vehicle-images.carscommerce.inc/57e9-110010023/1GKS2GKC5FR710118/thumbnails/large/358c52f1682dca7311dfefd7fc3eff30.webp	in stock	USED	SUV	Vehicles & Parts > Vehicles > Motor Vehicles > Cars, Trucks & Vans	1GKS2GKC5FR710118	https://www.dahlchevroletgmcwinona.com/inventory/used-2015-gmc-yukon-xl-sle-four-wheel-drive-sport-utility-vehicle-1gks2gkc5fr710118/123?store={store_code}	SILVER	133449 miles	Yukon XL	1GKS2GKC5FR710118	2015	13650 USD	CBGMC	13650 USD	MI
1GCVKREC5GZ303966	2016 Chevrolet Silverado 1500 LT	Chevrolet	https://www.dahlchevroletgmcwinona.com/inventory/used-2016-chevrolet-silverado-1500-lt-four-wheel-drive-double-cab-pickup-1gcvkrec5gz303966/	19990 USD	2016 Deep Ocean Blue Metallic Chevrolet Silverado 1500 Used 2016 Chevrolet Silverado 1500 LT Double Cab Pickup 4WD 8 Cylinder For sale at DAHL Chevrolet Buick GMC in Winona Minnesota.	https://www.dahlchevroletgmcwinona.com/wp-content/plugins/inventory/images/notfound.jpg	in stock	USED	TRUCK	Vehicles & Parts > Vehicles > Motor Vehicles > Cars, Trucks & Vans	1GCVKREC5GZ303966	https://www.dahlchevroletgmcwinona.com/inventory/used-2016-chevrolet-silverado-1500-lt-four-wheel-drive-double-cab-pickup-1gcvkrec5gz303966/123?store={store_code}	BLUE	98877 miles	Silverado 1500	1GCVKREC5GZ303966	2016	19990 USD	CBGMC	19990 USD	MI
3GCUKSEC9GG325231	2016 Chevrolet Silverado 1500 LTZ	Chevrolet	https://www.dahlchevroletgmcwinona.com/inventory/used-2016-chevrolet-silverado-1500-ltz-four-wheel-drive-crew-cab-3gcuksec9gg325231/	14749 USD	2016 SUMMIT WHITE Chevrolet Silverado 1500 Used 2016 Chevrolet Silverado 1500 LTZ Crew Cab 4WD Engine: 5.3L, V-8, SIDI, Active Fuel Mgt For sale at DAHL Chevrolet Buick GMC in Winona Minnesota.	https://vehicle-images.carscommerce.inc/5e15-110010023/3GCUKSEC9GG325231/thumbnails/large/176b905404138fab8e4265a9e3164870.webp	in stock	USED	TRUCK	Vehicles & Parts > Vehicles > Motor Vehicles > Cars, Trucks & Vans	3GCUKSEC9GG325231	https://www.dahlchevroletgmcwinona.com/inventory/used-2016-chevrolet-silverado-1500-ltz-four-wheel-drive-crew-cab-3gcuksec9gg325231/123?store={store_code}	WHITE	154067 miles	Silverado 1500	3GCUKSEC9GG325231	2016	14749 USD	CBGMC	14749 USD	MI
1FTEW1EG5GKF69683	2016 Ford F-150 Lariat	Ford	https://www.dahlchevroletgmcwinona.com/inventory/used-2016-ford-f-150-lariat-four-wheel-drive-supercrew-cab-styleside-1ftew1eg5gkf69683/	19700 USD	2016 Shadow Black Ford F-150 Used 2016 Ford F-150 Lariat SuperCrew Cab Styleside 4WD V6 Cylinder For sale at DAHL Chevrolet Buick GMC in Winona Minnesota.	https://vehicle-images.carscommerce.inc/92ff-110010023/1FTEW1EG5GKF69683/thumbnails/large/4a95dbda5447aa6a4ef4be28987f7057.webp	in stock	USED	TRUCK	Vehicles & Parts > Vehicles > Motor Vehicles > Cars, Trucks & Vans	1FTEW1EG5GKF69683	https://www.dahlchevroletgmcwinona.com/inventory/used-2016-ford-f-150-lariat-four-wheel-drive-supercrew-cab-styleside-1ftew1eg5gkf69683/123?store={store_code}	BLACK	136749 miles	F-150	1FTEW1EG5GKF69683	2016	19700 USD	CBGMC	19700 USD	MI
1FTEW1EG7GKF50987	2016 Ford F-150 XLT	Ford	https://www.dahlchevroletgmcwinona.com/inventory/used-2016-ford-f-150-xlt-four-wheel-drive-supercrew-cab-styleside-1ftew1eg7gkf50987/	16700 USD	2016 Magnetic Metallic Ford F-150 Used 2016 Ford F-150 XLT SuperCrew Cab Styleside 4WD V6 Cylinder For sale at DAHL Chevrolet Buick GMC in Winona Minnesota.	https://vehicle-images.carscommerce.inc/8635-110010023/1FTEW1EG7GKF50987/thumbnails/large/0a82ed31c5dde41fccaab2820075e10a.webp	in stock	USED	TRUCK	Vehicles & Parts > Vehicles > Motor Vehicles > Cars, Trucks & Vans	1FTEW1EG7GKF50987	https://www.dahlchevroletgmcwinona.com/inventory/used-2016-ford-f-150-xlt-four-wheel-drive-supercrew-cab-styleside-1ftew1eg7gkf50987/123?store={store_code}	GRAY	143721 miles	F-150	1FTEW1EG7GKF50987	2016	16700 USD	CBGMC	16700 USD	MI
1FTEW1EP0GKE45627	2016 Ford F-150 XLT	Ford	https://www.dahlchevroletgmcwinona.com/inventory/used-2016-ford-f-150-xlt-four-wheel-drive-supercrew-cab-styleside-1ftew1ep0gke45627/	16500 USD	2016 Shadow Black Ford F-150 Used 2016 Ford F-150 XLT SuperCrew Cab Styleside 4WD V6 Cylinder For sale at DAHL Chevrolet Buick GMC in Winona Minnesota.	https://vehicle-images.carscommerce.inc/e584-110010023/1FTEW1EP0GKE45627/thumbnails/large/5fba3205a0051ae0edb19aa311477cc8.webp	in stock	USED	TRUCK	Vehicles & Parts > Vehicles > Motor Vehicles > Cars, Trucks & Vans	1FTEW1EP0GKE45627	https://www.dahlchevroletgmcwinona.com/inventory/used-2016-ford-f-150-xlt-four-wheel-drive-supercrew-cab-styleside-1ftew1ep0gke45627/123?store={store_code}	BLACK	156156 miles	F-150	1FTEW1EP0GKE45627	2016	16500 USD	CBGMC	16500 USD	MI
1FTEW1EP4GKD11199	2016 Ford F-150 XLT	Ford	https://www.dahlchevroletgmcwinona.com/inventory/used-2016-ford-f-150-xlt-four-wheel-drive-supercrew-cab-styleside-1ftew1ep4gkd11199/	19500 USD	2016 Caribou Metallic Ford F-150 Used 2016 Ford F-150 XLT SuperCrew Cab Styleside 4WD V6 Cylinder For sale at DAHL Chevrolet Buick GMC in Winona Minnesota.	https://vehicle-images.carscommerce.inc/d8a9-110010023/1FTEW1EP4GKD11199/thumbnails/large/00e44df76b42f6d50cd68a56bd2478c3.webp	in stock	USED	TRUCK	Vehicles & Parts > Vehicles > Motor Vehicles > Cars, Trucks & Vans	1FTEW1EP4GKD11199	https://www.dahlchevroletgmcwinona.com/inventory/used-2016-ford-f-150-xlt-four-wheel-drive-supercrew-cab-styleside-1ftew1ep4gkd11199/123?store={store_code}	BROWN	125894 miles	F-150	1FTEW1EP4GKD11199	2016	19500 USD	CBGMC	19500 USD	MI
1FADP3F27GL261793	2016 Ford Focus SE	Ford	https://www.dahlchevroletgmcwinona.com/inventory/used-2016-ford-focus-se-front-wheel-drive-sedan-1fadp3f27gl261793/	6900 USD	2016 Shadow Black Ford Focus Used 2016 Ford Focus SE Sedan FWD 4 Cylinder For sale at DAHL Chevrolet Buick GMC in Winona Minnesota.	https://vehicle-images.carscommerce.inc/ce64-110010023/1FADP3F27GL261793/thumbnails/large/b5c79f514dbb2b7bb04bbb069366efa6.webp	in stock	USED	OTHER	Vehicles & Parts > Vehicles > Motor Vehicles > Cars, Trucks & Vans	1FADP3F27GL261793	https://www.dahlchevroletgmcwinona.com/inventory/used-2016-ford-focus-se-front-wheel-drive-sedan-1fadp3f27gl261793/123?store={store_code}	BLACK	105781 miles	Focus	1FADP3F27GL261793	2016	6900 USD	CBGMC	6900 USD	MI
3GTU2PEC8GG342177	2016 GMC Sierra 1500 Denali	GMC	https://www.dahlchevroletgmcwinona.com/inventory/used-2016-gmc-sierra-1500-denali-four-wheel-drive-crew-cab-3gtu2pec8gg342177/	15249 USD	2016 CRIMSON RED TINTCOAT GMC Sierra 1500 Used 2016 GMC Sierra 1500 Denali Crew Cab 4WD Engine: 5.3L, V-8, SIDI, Active Fuel Mgt For sale at DAHL Chevrolet Buick GMC in Winona Minnesota.	https://vehicle-images.carscommerce.inc/5284-110010023/3GTU2PEC8GG342177/thumbnails/large/32c15064a9e7544be432d82c997be492.webp	in stock	USED	TRUCK	Vehicles & Parts > Vehicles > Motor Vehicles > Cars, Trucks & Vans	3GTU2PEC8GG342177	https://www.dahlchevroletgmcwinona.com/inventory/used-2016-gmc-sierra-1500-denali-four-wheel-drive-crew-cab-3gtu2pec8gg342177/123?store={store_code}	RED	208348 miles	Sierra 1500	3GTU2PEC8GG342177	2016	15249 USD	CBGMC	15249 USD	MI
5XXGU4L39GG065728	2016 Kia Optima EX	Kia	https://www.dahlchevroletgmcwinona.com/inventory/used-2016-kia-optima-ex-front-wheel-drive-sedan-5xxgu4l39gg065728/	11400 USD	2016 Sparkling Silver Kia Optima Used 2016 Kia Optima EX Sedan FWD 4 Cylinder For sale at DAHL Chevrolet Buick GMC in Winona Minnesota.	https://vehicle-images.carscommerce.inc/3fcf-110010023/5XXGU4L39GG065728/thumbnails/large/dc8a799ea3454a575e9c9275d6d3f93a.webp	in stock	USED	OTHER	Vehicles & Parts > Vehicles > Motor Vehicles > Cars, Trucks & Vans	5XXGU4L39GG065728	https://www.dahlchevroletgmcwinona.com/inventory/used-2016-kia-optima-ex-front-wheel-drive-sedan-5xxgu4l39gg065728/123?store={store_code}	SILVER	89553 miles	Optima	5XXGU4L39GG065728	2016	11400 USD	CBGMC	11400 USD	MI
JM3KE4DY9G0799425	2016 Mazda CX-5 Grand Touring	Mazda	https://www.dahlchevroletgmcwinona.com/inventory/used-2016-mazda-cx-5-grand-touring-all-wheel-drive-2016-5-sport-utility-jm3ke4dy9g0799425/	9990 USD	2016 Crystal White Pearl Mica Mazda CX-5 Used 2016 Mazda CX-5 Grand Touring 2016.5 Sport Utility AWD 4 Cylinder For sale at DAHL Chevrolet Buick GMC in Winona Minnesota.	https://vehicle-images.carscommerce.inc/4480-110010023/JM3KE4DY9G0799425/thumbnails/large/08465a34f01112ba070dbcbb430ab5b7.webp	in stock	USED	SUV	Vehicles & Parts > Vehicles > Motor Vehicles > Cars, Trucks & Vans	JM3KE4DY9G0799425	https://www.dahlchevroletgmcwinona.com/inventory/used-2016-mazda-cx-5-grand-touring-all-wheel-drive-2016-5-sport-utility-jm3ke4dy9g0799425/123?store={store_code}	WHITE	172532 miles	CX-5	JM3KE4DY9G0799425	2016	9990 USD	CBGMC	9990 USD	MI
3GTU2PEJ4HG333881	2017 GMC Sierra 1500 Denali	GMC	https://www.dahlchevroletgmcwinona.com/inventory/used-2017-gmc-sierra-1500-denali-four-wheel-drive-crew-cab-pickup-3gtu2pej4hg333881/	28500 USD	2017 White Frost Tricoat GMC Sierra 1500 Used 2017 GMC Sierra 1500 Denali Crew Cab Pickup 4WD 8 Cylinder For sale at DAHL Chevrolet Buick GMC in Winona Minnesota.	https://vehicle-images.carscommerce.inc/db3e-110010023/3GTU2PEJ4HG333881/thumbnails/large/1899ef7cf9bdbe18b3385c23b4cc59cd.webp	in stock	USED	TRUCK	Vehicles & Parts > Vehicles > Motor Vehicles > Cars, Trucks & Vans	3GTU2PEJ4HG333881	https://www.dahlchevroletgmcwinona.com/inventory/used-2017-gmc-sierra-1500-denali-four-wheel-drive-crew-cab-pickup-3gtu2pej4hg333881/123?store={store_code}	WHITE	85815 miles	Sierra 1500	3GTU2PEJ4HG333881	2017	28500 USD	CBGMC	28500 USD	MI
KM8J3CA27HU497576	2017 Hyundai Tucson Limited	Hyundai	https://www.dahlchevroletgmcwinona.com/inventory/used-2017-hyundai-tucson-limited-all-wheel-drive-sport-utility-km8j3ca27hu497576/	17990 USD	2017 Coliseum Gray Hyundai Tucson Used 2017 Hyundai Tucson Limited Sport Utility AWD 4 Cylinder For sale at DAHL Chevrolet Buick GMC in Winona Minnesota.	https://vehicle-images.carscommerce.inc/f0a5-110010023/KM8J3CA27HU497576/thumbnails/large/3ce6b0bde614aaf8ec5f75052ebe6d73.webp	in stock	USED	SUV	Vehicles & Parts > Vehicles > Motor Vehicles > Cars, Trucks & Vans	KM8J3CA27HU497576	https://www.dahlchevroletgmcwinona.com/inventory/used-2017-hyundai-tucson-limited-all-wheel-drive-sport-utility-km8j3ca27hu497576/123?store={store_code}	GRAY	56995 miles	Tucson	KM8J3CA27HU497576	2017	17990 USD	CBGMC	17990 USD	MI
1N6AA1F33HN506202	2017 Nissan Titan XD S	Nissan	https://www.dahlchevroletgmcwinona.com/inventory/used-2017-nissan-titan-xd-s-four-wheel-drive-crew-cab-1n6aa1f33hn506202/	18700 USD	2017 Magnetic Black Nissan Titan XD Used 2017 Nissan Titan XD S Crew Cab 4WD 8 Cylinder For sale at DAHL Chevrolet Buick GMC in Winona Minnesota.	https://vehicle-images.carscommerce.inc/a25d-110010023/1N6AA1F33HN506202/thumbnails/large/332d5d8a0d4aa846513f337e29b39f1a.webp	in stock	USED	TRUCK	Vehicles & Parts > Vehicles > Motor Vehicles > Cars, Trucks & Vans	1N6AA1F33HN506202	https://www.dahlchevroletgmcwinona.com/inventory/used-2017-nissan-titan-xd-s-four-wheel-drive-crew-cab-1n6aa1f33hn506202/123?store={store_code}	BLACK	107175 miles	Titan XD	1N6AA1F33HN506202	2017	18700 USD	CBGMC	18700 USD	MI
5TDDZ3DC7HS173150	2017 Toyota Sienna XLE	Toyota	https://www.dahlchevroletgmcwinona.com/inventory/used-2017-toyota-sienna-xle-all-wheel-drive-passenger-van-5tddz3dc7hs173150/	15650 USD	2017 Predawn Gray Mica Toyota Sienna Used 2017 Toyota Sienna XLE Passenger Van AWD V6 Cylinder For sale at DAHL Chevrolet Buick GMC in Winona Minnesota.	https://vehicle-images.carscommerce.inc/5747-110010023/5TDDZ3DC7HS173150/thumbnails/large/8389ab2e84fed3dcccd3b59976da3d7f.webp	in stock	USED	VAN	Vehicles & Parts > Vehicles > Motor Vehicles > Cars, Trucks & Vans	5TDDZ3DC7HS173150	https://www.dahlchevroletgmcwinona.com/inventory/used-2017-toyota-sienna-xle-all-wheel-drive-passenger-van-5tddz3dc7hs173150/123?store={store_code}	GRAY	165123 miles	Sienna	5TDDZ3DC7HS173150	2017	15650 USD	CBGMC	15650 USD	MI
1GNSKHKCXJR278868	2018 Chevrolet Suburban LT	Chevrolet	https://www.dahlchevroletgmcwinona.com/inventory/used-2018-chevrolet-suburban-lt-four-wheel-drive-sport-utility-vehicle-1gnskhkcxjr278868/	19500 USD	2018 Black Chevrolet Suburban Used 2018 Chevrolet Suburban LT Sport Utility Vehicle 4WD 8 Cylinder For sale at DAHL Chevrolet Buick GMC in Winona Minnesota.	https://vehicle-images.carscommerce.inc/f715-110010023/1GNSKHKCXJR278868/thumbnails/large/41c06f6d007645d7ea4d139e897c49bb.webp	in stock	USED	SUV	Vehicles & Parts > Vehicles > Motor Vehicles > Cars, Trucks & Vans	1GNSKHKCXJR278868	https://www.dahlchevroletgmcwinona.com/inventory/used-2018-chevrolet-suburban-lt-four-wheel-drive-sport-utility-vehicle-1gnskhkcxjr278868/123?store={store_code}	BLACK	111000 miles	Suburban	1GNSKHKCXJR278868	2018	19500 USD	CBGMC	19500 USD	MI
2C4RC1BG0JR217392	2018 Chrysler Pacifica Touring L	Chrysler	https://www.dahlchevroletgmcwinona.com/inventory/used-2018-chrysler-pacifica-touring-l-front-wheel-drive-passenger-van-2c4rc1bg0jr217392/	14000 USD	2018 Billet Silver Metallic Clearcoat Chrysler Pacifica Used 2018 Chrysler Pacifica Touring L Passenger Van FWD V6 Cylinder For sale at DAHL Chevrolet Buick GMC in Winona Minnesota.	https://vehicle-images.carscommerce.inc/573c-110010023/2C4RC1BG0JR217392/thumbnails/large/9b690fed430d4cc3b647452fe5085f8a.webp	in stock	USED	VAN	Vehicles & Parts > Vehicles > Motor Vehicles > Cars, Trucks & Vans	2C4RC1BG0JR217392	https://www.dahlchevroletgmcwinona.com/inventory/used-2018-chrysler-pacifica-touring-l-front-wheel-drive-passenger-van-2c4rc1bg0jr217392/123?store={store_code}	SILVER	101611 miles	Pacifica	2C4RC1BG0JR217392	2018	14000 USD	CBGMC	14000 USD	MI
2FMPK4J93JBC46680	2018 Ford Edge SEL	Ford	https://www.dahlchevroletgmcwinona.com/inventory/used-2018-ford-edge-sel-all-wheel-drive-sport-utility-2fmpk4j93jbc46680/	12500 USD	2018 Ingot Silver Ford Edge Used 2018 Ford Edge SEL Sport Utility AWD 4 Cylinder For sale at DAHL Chevrolet Buick GMC in Winona Minnesota.	https://vehicle-images.carscommerce.inc/53b8-110010023/2FMPK4J93JBC46680/thumbnails/large/c2f83c7fd65887d4ef7efb162872b24b.webp	in stock	USED	SUV	Vehicles & Parts > Vehicles > Motor Vehicles > Cars, Trucks & Vans	2FMPK4J93JBC46680	https://www.dahlchevroletgmcwinona.com/inventory/used-2018-ford-edge-sel-all-wheel-drive-sport-utility-2fmpk4j93jbc46680/123?store={store_code}	SILVER	120750 miles	Edge	2FMPK4J93JBC46680	2018	12500 USD	CBGMC	12500 USD	MI
1FTEW1EG8JKG05681	2018 Ford F-150 XLT	Ford	https://www.dahlchevroletgmcwinona.com/inventory/used-2018-ford-f-150-xlt-four-wheel-drive-supercrew-cab-styleside-1ftew1eg8jkg05681/	15900 USD	2018 Ruby Red Metallic Tinted Clearcoat Ford F-150 Used 2018 Ford F-150 XLT SuperCrew Cab Styleside 4WD V6 Cylinder For sale at DAHL Chevrolet Buick GMC in Winona Minnesota.	https://vehicle-images.carscommerce.inc/b103-110010023/1FTEW1EG8JKG05681/thumbnails/large/19caa193a7f830fdcde6b27c01d2bf23.webp	in stock	USED	TRUCK	Vehicles & Parts > Vehicles > Motor Vehicles > Cars, Trucks & Vans	1FTEW1EG8JKG05681	https://www.dahlchevroletgmcwinona.com/inventory/used-2018-ford-f-150-xlt-four-wheel-drive-supercrew-cab-styleside-1ftew1eg8jkg05681/123?store={store_code}	RED	173296 miles	F-150	1FTEW1EG8JKG05681	2018	15900 USD	CBGMC	15900 USD	MI
1FTFW1EG7JKC83099	2018 Ford F-150 XLT	Ford	https://www.dahlchevroletgmcwinona.com/inventory/used-2018-ford-f-150-xlt-four-wheel-drive-supercrew-cab-styleside-1ftfw1eg7jkc83099/	19900 USD	2018 Race Red Ford F-150 Used 2018 Ford F-150 XLT SuperCrew Cab Styleside 4WD V6 Cylinder For sale at DAHL Chevrolet Buick GMC in Winona Minnesota.	https://vehicle-images.carscommerce.inc/8999-110010023/1FTFW1EG7JKC83099/thumbnails/large/90a5aa93cd1d864c32fcff421d6b081f.webp	in stock	USED	TRUCK	Vehicles & Parts > Vehicles > Motor Vehicles > Cars, Trucks & Vans	1FTFW1EG7JKC83099	https://www.dahlchevroletgmcwinona.com/inventory/used-2018-ford-f-150-xlt-four-wheel-drive-supercrew-cab-styleside-1ftfw1eg7jkc83099/123?store={store_code}	RED	132980 miles	F-150	1FTFW1EG7JKC83099	2018	19900 USD	CBGMC	19900 USD	MI
1GKS2CKJ3JR374369	2018 GMC Yukon Denali	GMC	https://www.dahlchevroletgmcwinona.com/inventory/used-2018-gmc-yukon-denali-four-wheel-drive-sport-utility-vehicle-1gks2ckj3jr374369/	25500 USD	2018 Satin Steel Metallic GMC Yukon Used 2018 GMC Yukon Denali Sport Utility Vehicle 4WD 8 Cylinder For sale at DAHL Chevrolet Buick GMC in Winona Minnesota.	https://vehicle-images.carscommerce.inc/5672-110010023/1GKS2CKJ3JR374369/thumbnails/large/191ba893f1839adac956ddd50dad3416.webp	in stock	USED	SUV	Vehicles & Parts > Vehicles > Motor Vehicles > Cars, Trucks & Vans	1GKS2CKJ3JR374369	https://www.dahlchevroletgmcwinona.com/inventory/used-2018-gmc-yukon-denali-four-wheel-drive-sport-utility-vehicle-1gks2ckj3jr374369/123?store={store_code}	GRAY	125159 miles	Yukon	1GKS2CKJ3JR374369	2018	25500 USD	CBGMC	25500 USD	MI
5NMZUDLB8JH076261	2018 Hyundai Santa Fe Sport 2.4L	Hyundai	https://www.dahlchevroletgmcwinona.com/inventory/used-2018-hyundai-santa-fe-sport-2-4l-all-wheel-drive-sport-utility-5nmzudlb8jh076261/	10500 USD	2018 Mineral Gray Hyundai Santa Fe Sport Used 2018 Hyundai Santa Fe Sport 2.4L Sport Utility AWD 4 Cylinder For sale at DAHL Chevrolet Buick GMC in Winona Minnesota.	https://vehicle-images.carscommerce.inc/6622-110010023/5NMZUDLB8JH076261/thumbnails/large/06691b1c65cc04e8b3eb72aa2ec4ae95.webp	in stock	USED	SUV	Vehicles & Parts > Vehicles > Motor Vehicles > Cars, Trucks & Vans	5NMZUDLB8JH076261	https://www.dahlchevroletgmcwinona.com/inventory/used-2018-hyundai-santa-fe-sport-2-4l-all-wheel-drive-sport-utility-5nmzudlb8jh076261/123?store={store_code}	GRAY	116209 miles	Santa Fe Sport	5NMZUDLB8JH076261	2018	10500 USD	CBGMC	10500 USD	MI
1C4RJFBGXJC236205	2018 Jeep Grand Cherokee Limited	Jeep	https://www.dahlchevroletgmcwinona.com/inventory/used-2018-jeep-grand-cherokee-limited-four-wheel-drive-sport-utility-1c4rjfbgxjc236205/	14990 USD	2018 True Blue Pearlcoat Jeep Grand Cherokee Used 2018 Jeep Grand Cherokee Limited Sport Utility 4WD V6 Cylinder For sale at DAHL Chevrolet Buick GMC in Winona Minnesota.	https://vehicle-images.carscommerce.inc/5bd9-110010023/1C4RJFBGXJC236205/thumbnails/large/c98af9103f816ab6cf96de4290f6dd30.webp	in stock	USED	SUV	Vehicles & Parts > Vehicles > Motor Vehicles > Cars, Trucks & Vans	1C4RJFBGXJC236205	https://www.dahlchevroletgmcwinona.com/inventory/used-2018-jeep-grand-cherokee-limited-four-wheel-drive-sport-utility-1c4rjfbgxjc236205/123?store={store_code}	BLUE	108651 miles	Grand Cherokee	1C4RJFBGXJC236205	2018	14990 USD	CBGMC	14990 USD	MI
2LMPJ8LR8JBL26519	2018 Lincoln MKX Reserve	Lincoln	https://www.dahlchevroletgmcwinona.com/inventory/used-2018-lincoln-mkx-reserve-all-wheel-drive-sport-utility-2lmpj8lr8jbl26519/	16700 USD	2018 Blue Diamond Lincoln MKX Used 2018 Lincoln MKX Reserve Sport Utility AWD V6 Cylinder For sale at DAHL Chevrolet Buick GMC in Winona Minnesota.	https://vehicle-images.carscommerce.inc/c186-110010023/2LMPJ8LR8JBL26519/thumbnails/large/4c162b8801353e3ccb04f933eaf5a7b8.webp	in stock	USED	SUV	Vehicles & Parts > Vehicles > Motor Vehicles > Cars, Trucks & Vans	2LMPJ8LR8JBL26519	https://www.dahlchevroletgmcwinona.com/inventory/used-2018-lincoln-mkx-reserve-all-wheel-drive-sport-utility-2lmpj8lr8jbl26519/123?store={store_code}	BLUE	118525 miles	MKX	2LMPJ8LR8JBL26519	2018	16700 USD	CBGMC	16700 USD	MI
3C6TRVAG6JE155373	2018 Ram ProMaster Cargo Van 1500 136 WB	Ram	https://www.dahlchevroletgmcwinona.com/inventory/used-2018-ram-promaster-cargo-van-1500-136-wb-front-wheel-drive-cargo-van-3c6trvag6je155373/	17500 USD	2018 Bright White Clearcoat Ram ProMaster Cargo Van Used 2018 Ram ProMaster Cargo Van 1500 136 WB Cargo Van FWD V6 Cylinder For sale at DAHL Chevrolet Buick GMC in Winona Minnesota.	https://vehicle-images.carscommerce.inc/2160-110010023/3C6TRVAG6JE155373/thumbnails/large/5a92f6382b61b87ce5fdc690e2f04e58.webp	in stock	USED	VAN	Vehicles & Parts > Vehicles > Motor Vehicles > Cars, Trucks & Vans	3C6TRVAG6JE155373	https://www.dahlchevroletgmcwinona.com/inventory/used-2018-ram-promaster-cargo-van-1500-136-wb-front-wheel-drive-cargo-van-3c6trvag6je155373/123?store={store_code}	WHITE	112546 miles	ProMaster Cargo Van	3C6TRVAG6JE155373	2018	17500 USD	CBGMC	17500 USD	MI
4T1B11HK1JU117139	2018 Toyota Camry LE	Toyota	https://www.dahlchevroletgmcwinona.com/inventory/used-2018-toyota-camry-le-front-wheel-drive-sedan-4t1b11hk1ju117139/	18890 USD	2018 Predawn Gray Mica Toyota Camry Used 2018 Toyota Camry LE Sedan FWD 4 Cylinder For sale at DAHL Chevrolet Buick GMC in Winona Minnesota.	https://vehicle-images.carscommerce.inc/66a8-110010023/4T1B11HK1JU117139/thumbnails/large/6648d111c6effa3976315ef49d75863b.webp	in stock	USED	OTHER	Vehicles & Parts > Vehicles > Motor Vehicles > Cars, Trucks & Vans	4T1B11HK1JU117139	https://www.dahlchevroletgmcwinona.com/inventory/used-2018-toyota-camry-le-front-wheel-drive-sedan-4t1b11hk1ju117139/123?store={store_code}	GRAY	75427 miles	Camry	4T1B11HK1JU117139	2018	18890 USD	CBGMC	18890 USD	MI
JTDKARFU9J3058970	2018 Toyota Prius Four Touring	Toyota	https://www.dahlchevroletgmcwinona.com/inventory/used-2018-toyota-prius-four-touring-front-wheel-drive-hatchback-jtdkarfu9j3058970/	15819 USD	2018 Blizzard Pearl Toyota Prius Used 2018 Toyota Prius Four Touring Hatchback FWD 4 Cylinder For sale at DAHL Chevrolet Buick GMC in Winona Minnesota.	https://vehicle-images.carscommerce.inc/9158-110010023/JTDKARFU9J3058970/thumbnails/large/5e734661882658e015646f6142ebe5a3.webp	in stock	USED	OTHER	Vehicles & Parts > Vehicles > Motor Vehicles > Cars, Trucks & Vans	JTDKARFU9J3058970	https://www.dahlchevroletgmcwinona.com/inventory/used-2018-toyota-prius-four-touring-front-wheel-drive-hatchback-jtdkarfu9j3058970/123?store={store_code}	WHITE	134491 miles	Prius	JTDKARFU9J3058970	2018	15819 USD	CBGMC	15819 USD	MI
1GNSKHKC0KR188467	2019 Chevrolet Suburban LT	Chevrolet	https://www.dahlchevroletgmcwinona.com/inventory/used-2019-chevrolet-suburban-lt-four-wheel-drive-sport-utility-vehicle-1gnskhkc0kr188467/	20990 USD	2019 Silver Ice Metallic Chevrolet Suburban Used 2019 Chevrolet Suburban LT Sport Utility Vehicle 4WD 8 Cylinder For sale at DAHL Chevrolet Buick GMC in Winona Minnesota.	https://vehicle-images.carscommerce.inc/e1ab-110010023/1GNSKHKC0KR188467/thumbnails/large/a73e9c3cce3cc3c3bf849aec0594f4e8.webp	in stock	USED	SUV	Vehicles & Parts > Vehicles > Motor Vehicles > Cars, Trucks & Vans	1GNSKHKC0KR188467	https://www.dahlchevroletgmcwinona.com/inventory/used-2019-chevrolet-suburban-lt-four-wheel-drive-sport-utility-vehicle-1gnskhkc0kr188467/123?store={store_code}	SILVER	122913 miles	Suburban	1GNSKHKC0KR188467	2019	20990 USD	CBGMC	20990 USD	MI
2FMPK4J99KBB98202	2019 Ford Edge SEL	Ford	https://www.dahlchevroletgmcwinona.com/inventory/used-2019-ford-edge-sel-all-wheel-drive-sport-utility-2fmpk4j99kbb98202/	15000 USD	2019 Burgundy Velvet Metallic Tinted Clearcoat Ford Edge Used 2019 Ford Edge SEL Sport Utility AWD 4 Cylinder For sale at DAHL Chevrolet Buick GMC in Winona Minnesota.	https://vehicle-images.carscommerce.inc/aa35-110010023/2FMPK4J99KBB98202/thumbnails/large/0b84167359c7a5423c6943b5a5078a55.webp	in stock	USED	SUV	Vehicles & Parts > Vehicles > Motor Vehicles > Cars, Trucks & Vans	2FMPK4J99KBB98202	https://www.dahlchevroletgmcwinona.com/inventory/used-2019-ford-edge-sel-all-wheel-drive-sport-utility-2fmpk4j99kbb98202/123?store={store_code}	MAROON	89537 miles	Edge	2FMPK4J99KBB98202	2019	15000 USD	CBGMC	15000 USD	MI
2FMPK4J9XKBC72288	2019 Ford Edge SEL	Ford	https://www.dahlchevroletgmcwinona.com/inventory/used-2019-ford-edge-sel-all-wheel-drive-sport-utility-2fmpk4j9xkbc72288/	16900 USD	2019 Magnetic Ford Edge Used 2019 Ford Edge SEL Sport Utility AWD 4 Cylinder For sale at DAHL Chevrolet Buick GMC in Winona Minnesota.	https://vehicle-images.carscommerce.inc/8d37-110010023/2FMPK4J9XKBC72288/thumbnails/large/a4346ea1c81896b0015edb86840e22d1.webp	in stock	USED	SUV	Vehicles & Parts > Vehicles > Motor Vehicles > Cars, Trucks & Vans	2FMPK4J9XKBC72288	https://www.dahlchevroletgmcwinona.com/inventory/used-2019-ford-edge-sel-all-wheel-drive-sport-utility-2fmpk4j9xkbc72288/123?store={store_code}	GRAY	84116 miles	Edge	2FMPK4J9XKBC72288	2019	16900 USD	CBGMC	16900 USD	MI
1FTEW1E41KFB46218	2019 Ford F-150 Platinum	Ford	https://www.dahlchevroletgmcwinona.com/inventory/used-2019-ford-f-150-platinum-four-wheel-drive-supercrew-cab-styleside-1ftew1e41kfb46218/	28700 USD	2019 White Platinum Metallic Tri-Coat Ford F-150 Used 2019 Ford F-150 Platinum SuperCrew Cab Styleside 4WD V6 Cylinder For sale at DAHL Chevrolet Buick GMC in Winona Minnesota.	https://vehicle-images.carscommerce.inc/5381-110010023/1FTEW1E41KFB46218/thumbnails/large/cfe22c72069d387e5a86cc844819aae1.webp	in stock	USED	TRUCK	Vehicles & Parts > Vehicles > Motor Vehicles > Cars, Trucks & Vans	1FTEW1E41KFB46218	https://www.dahlchevroletgmcwinona.com/inventory/used-2019-ford-f-150-platinum-four-wheel-drive-supercrew-cab-styleside-1ftew1e41kfb46218/123?store={store_code}	WHITE	97250 miles	F-150	1FTEW1E41KFB46218	2019	28700 USD	CBGMC	28700 USD	MI
1FTEW1EP3KFB73351	2019 Ford F-150 XL	Ford	https://www.dahlchevroletgmcwinona.com/inventory/used-2019-ford-f-150-xl-four-wheel-drive-supercrew-cab-styleside-1ftew1ep3kfb73351/	25500 USD	2019 Magnetic Metallic Ford F-150 Used 2019 Ford F-150 XL SuperCrew Cab Styleside 4WD V6 Cylinder For sale at DAHL Chevrolet Buick GMC in Winona Minnesota.	https://vehicle-images.carscommerce.inc/b931-110010023/1FTEW1EP3KFB73351/thumbnails/large/839f28e9296e8a0e89e557c7199fb431.webp	in stock	USED	TRUCK	Vehicles & Parts > Vehicles > Motor Vehicles > Cars, Trucks & Vans	1FTEW1EP3KFB73351	https://www.dahlchevroletgmcwinona.com/inventory/used-2019-ford-f-150-xl-four-wheel-drive-supercrew-cab-styleside-1ftew1ep3kfb73351/123?store={store_code}	GRAY	76671 miles	F-150	1FTEW1EP3KFB73351	2019	25500 USD	CBGMC	25500 USD	MI
1FTEW1E43KKE37567	2019 Ford F-150 XLT	Ford	https://www.dahlchevroletgmcwinona.com/inventory/used-2019-ford-f-150-xlt-four-wheel-drive-supercrew-cab-styleside-1ftew1e43kke37567/	19500 USD	2019 Agate Black Ford F-150 Used 2019 Ford F-150 XLT SuperCrew Cab Styleside 4WD V6 Cylinder For sale at DAHL Chevrolet Buick GMC in Winona Minnesota.	https://vehicle-images.carscommerce.inc/3677-110010023/1FTEW1E43KKE37567/thumbnails/large/37dcf2496cf63bddb4b0fb282b04b3c8.webp	in stock	USED	TRUCK	Vehicles & Parts > Vehicles > Motor Vehicles > Cars, Trucks & Vans	1FTEW1E43KKE37567	https://www.dahlchevroletgmcwinona.com/inventory/used-2019-ford-f-150-xlt-four-wheel-drive-supercrew-cab-styleside-1ftew1e43kke37567/123?store={store_code}	BLACK	162826 miles	F-150	1FTEW1E43KKE37567	2019	19500 USD	CBGMC	19500 USD	MI
1FTEW1EP8KKC01233	2019 Ford F-150 XLT	Ford	https://www.dahlchevroletgmcwinona.com/inventory/used-2019-ford-f-150-xlt-four-wheel-drive-supercrew-cab-styleside-1ftew1ep8kkc01233/	26900 USD	2019 Magma Red Ford F-150 Used 2019 Ford F-150 XLT SuperCrew Cab Styleside 4WD V6 Cylinder For sale at DAHL Chevrolet Buick GMC in Winona Minnesota.	https://vehicle-images.carscommerce.inc/883a-110010023/1FTEW1EP8KKC01233/thumbnails/large/7c3e6eec3d582dc58a848d79759ed6df.webp	in stock	USED	TRUCK	Vehicles & Parts > Vehicles > Motor Vehicles > Cars, Trucks & Vans	1FTEW1EP8KKC01233	https://www.dahlchevroletgmcwinona.com/inventory/used-2019-ford-f-150-xlt-four-wheel-drive-supercrew-cab-styleside-1ftew1ep8kkc01233/123?store={store_code}	RED	65748 miles	F-150	1FTEW1EP8KKC01233	2019	26900 USD	CBGMC	26900 USD	MI
3GKALVEX1KL277684	2019 GMC Terrain SLT	GMC	https://www.dahlchevroletgmcwinona.com/inventory/used-2019-gmc-terrain-slt-all-wheel-drive-sport-utility-3gkalvex1kl277684/	14800 USD	2019 Summit White GMC Terrain Used 2019 GMC Terrain SLT Sport Utility AWD 4 Cylinder For sale at DAHL Chevrolet Buick GMC in Winona Minnesota.	https://vehicle-images.carscommerce.inc/f52f-110010023/3GKALVEX1KL277684/thumbnails/large/babf703263cfdf408ab720dc2ce53c30.webp	in stock	USED	SUV	Vehicles & Parts > Vehicles > Motor Vehicles > Cars, Trucks & Vans	3GKALVEX1KL277684	https://www.dahlchevroletgmcwinona.com/inventory/used-2019-gmc-terrain-slt-all-wheel-drive-sport-utility-3gkalvex1kl277684/123?store={store_code}	WHITE	181199 miles	Terrain	3GKALVEX1KL277684	2019	14800 USD	CBGMC	14800 USD	MI
5J6RW2H51KL021758	2019 Honda CR-V EX	Honda	https://www.dahlchevroletgmcwinona.com/inventory/used-2019-honda-cr-v-ex-all-wheel-drive-sport-utility-5j6rw2h51kl021758/	17990 USD	2019 Modern Steel Metallic Honda CR-V Used 2019 Honda CR-V EX Sport Utility AWD 4 Cylinder For sale at DAHL Chevrolet Buick GMC in Winona Minnesota.	https://vehicle-images.carscommerce.inc/fe87-110010023/5J6RW2H51KL021758/thumbnails/large/657e051f2c6f9fd6d3c09834c36c0d97.webp	in stock	USED	SUV	Vehicles & Parts > Vehicles > Motor Vehicles > Cars, Trucks & Vans	5J6RW2H51KL021758	https://www.dahlchevroletgmcwinona.com/inventory/used-2019-honda-cr-v-ex-all-wheel-drive-sport-utility-5j6rw2h51kl021758/123?store={store_code}	GRAY	131529 miles	CR-V	5J6RW2H51KL021758	2019	17990 USD	CBGMC	17990 USD	MI
5FPYK3F79KB033660	2019 Honda Ridgeline RTL-E	Honda	https://www.dahlchevroletgmcwinona.com/inventory/used-2019-honda-ridgeline-rtl-e-all-wheel-drive-crew-cab-5fpyk3f79kb033660/	21000 USD	2019 Crystal Black Pearl Honda Ridgeline Used 2019 Honda Ridgeline RTL-E Crew Cab AWD V6 Cylinder For sale at DAHL Chevrolet Buick GMC in Winona Minnesota.	https://vehicle-images.carscommerce.inc/beea-110010023/5FPYK3F79KB033660/thumbnails/large/5dafcdaf8448fac43141780cee2956e2.webp	in stock	USED	TRUCK	Vehicles & Parts > Vehicles > Motor Vehicles > Cars, Trucks & Vans	5FPYK3F79KB033660	https://www.dahlchevroletgmcwinona.com/inventory/used-2019-honda-ridgeline-rtl-e-all-wheel-drive-crew-cab-5fpyk3f79kb033660/123?store={store_code}	BLACK	135658 miles	Ridgeline	5FPYK3F79KB033660	2019	21000 USD	CBGMC	21000 USD	MI
JTMRWRFV6KD520051	2019 Toyota RAV4 Hybrid XLE	Toyota	https://www.dahlchevroletgmcwinona.com/inventory/used-2019-toyota-rav4-hybrid-xle-all-wheel-drive-sport-utility-jtmrwrfv6kd520051/	23490 USD	2019 Silver Sky Metallic Toyota RAV4 Used 2019 Toyota RAV4 Hybrid XLE Sport Utility AWD 4 Cylinder For sale at DAHL Chevrolet Buick GMC in Winona Minnesota.	https://vehicle-images.carscommerce.inc/cdcc-110010023/JTMRWRFV6KD520051/thumbnails/large/e08ad48afbe144d042f3ae628c4f96a4.webp	in stock	USED	SUV	Vehicles & Parts > Vehicles > Motor Vehicles > Cars, Trucks & Vans	JTMRWRFV6KD520051	https://www.dahlchevroletgmcwinona.com/inventory/used-2019-toyota-rav4-hybrid-xle-all-wheel-drive-sport-utility-jtmrwrfv6kd520051/123?store={store_code}	SILVER	105230 miles	RAV4	JTMRWRFV6KD520051	2019	23490 USD	CBGMC	23490 USD	MI
LRBFX2SA4LD165293	2020 Buick Envision Essence	Buick	https://www.dahlchevroletgmcwinona.com/inventory/used-2020-buick-envision-essence-all-wheel-drive-sport-utility-vehicle-lrbfx2sa4ld165293/	17990 USD	2020 Satin Steel Metallic Buick Envision Used 2020 Buick Envision Essence Sport Utility Vehicle AWD 4 Cylinder For sale at DAHL Chevrolet Buick GMC in Winona Minnesota.	https://vehicle-images.carscommerce.inc/9c30-110010023/LRBFX2SA4LD165293/thumbnails/large/9830e38c98b08b7924a132380c1d20d0.webp	in stock	USED	SUV	Vehicles & Parts > Vehicles > Motor Vehicles > Cars, Trucks & Vans	LRBFX2SA4LD165293	https://www.dahlchevroletgmcwinona.com/inventory/used-2020-buick-envision-essence-all-wheel-drive-sport-utility-vehicle-lrbfx2sa4ld165293/123?store={store_code}	GRAY	84598 miles	Envision	LRBFX2SA4LD165293	2020	17990 USD	CBGMC	17990 USD	MI
3GNKBHRS1LS595029	2020 Chevrolet Blazer LT	Chevrolet	https://www.dahlchevroletgmcwinona.com/inventory/used-2020-chevrolet-blazer-lt-all-wheel-drive-sport-utility-3gnkbhrs1ls595029/	18649 USD	2020 Cajun Red Tintcoat Chevrolet Blazer Used 2020 Chevrolet Blazer LT Sport Utility AWD V6 Cylinder For sale at DAHL Chevrolet Buick GMC in Winona Minnesota.	https://vehicle-images.carscommerce.inc/9387-110010023/3GNKBHRS1LS595029/thumbnails/large/8baf7eeab06b65182447e43f7f9776e4.webp	in stock	USED	SUV	Vehicles & Parts > Vehicles > Motor Vehicles > Cars, Trucks & Vans	3GNKBHRS1LS595029	https://www.dahlchevroletgmcwinona.com/inventory/used-2020-chevrolet-blazer-lt-all-wheel-drive-sport-utility-3gnkbhrs1ls595029/123?store={store_code}	RED	85085 miles	Blazer	3GNKBHRS1LS595029	2020	18649 USD	CBGMC	18649 USD	MI
2GNAXXEV2L6181781	2020 Chevrolet Equinox Premier	Chevrolet	https://www.dahlchevroletgmcwinona.com/inventory/used-2020-chevrolet-equinox-premier-all-wheel-drive-sport-utility-vehicle-2gnaxxev2l6181781/	16600 USD	2020 Nightfall Gray Metallic Chevrolet Equinox Used 2020 Chevrolet Equinox Premier Sport Utility Vehicle AWD 4 Cylinder For sale at DAHL Chevrolet Buick GMC in Winona Minnesota.	https://vehicle-images.carscommerce.inc/ec68-110010023/2GNAXXEV2L6181781/thumbnails/large/73c9e04879215fa037875b739386e28a.webp	in stock	USED	SUV	Vehicles & Parts > Vehicles > Motor Vehicles > Cars, Trucks & Vans	2GNAXXEV2L6181781	https://www.dahlchevroletgmcwinona.com/inventory/used-2020-chevrolet-equinox-premier-all-wheel-drive-sport-utility-vehicle-2gnaxxev2l6181781/123?store={store_code}	GRAY	84755 miles	Equinox	2GNAXXEV2L6181781	2020	16600 USD	CBGMC	16600 USD	MI
3GCUYDED3LG392260	2020 Chevrolet Silverado 1500 LT	Chevrolet	https://www.dahlchevroletgmcwinona.com/inventory/used-2020-chevrolet-silverado-1500-lt-four-wheel-drive-crew-cab-3gcuyded3lg392260/	32049 USD	2020 SATIN STEEL METALLIC Chevrolet Silverado 1500 Used 2020 Chevrolet Silverado 1500 LT Crew Cab 4WD Engine: 5.3L, EcoTec3 V-8, DI, Dynamic Fuel Mgt, V V T For sale at DAHL Chevrolet Buick GMC in Winona Minnesota.	https://vehicle-images.carscommerce.inc/c8be-110010023/3GCUYDED3LG392260/thumbnails/large/918087b95c2bec4b79d51348f4469f5e.webp	in stock	USED	TRUCK	Vehicles & Parts > Vehicles > Motor Vehicles > Cars, Trucks & Vans	3GCUYDED3LG392260	https://www.dahlchevroletgmcwinona.com/inventory/used-2020-chevrolet-silverado-1500-lt-four-wheel-drive-crew-cab-3gcuyded3lg392260/123?store={store_code}	GRAY	47000 miles	Silverado 1500	3GCUYDED3LG392260	2020	32049 USD	CBGMC	32049 USD	MI
2C4RC1DG8LR164537	2020 Chrysler Voyager LXI	Chrysler	https://www.dahlchevroletgmcwinona.com/inventory/used-2020-chrysler-voyager-lxi-front-wheel-drive-passenger-van-2c4rc1dg8lr164537/	13790 USD	2020 Brilliant Black Crystal Pearlcoat Chrysler Voyager Used 2020 Chrysler Voyager LXI Passenger Van FWD V6 Cylinder For sale at DAHL Chevrolet Buick GMC in Winona Minnesota.	https://vehicle-images.carscommerce.inc/5fae-110010023/2C4RC1DG8LR164537/thumbnails/large/3c1404fdef978b2716057715cb3322bd.webp	in stock	USED	VAN	Vehicles & Parts > Vehicles > Motor Vehicles > Cars, Trucks & Vans	2C4RC1DG8LR164537	https://www.dahlchevroletgmcwinona.com/inventory/used-2020-chrysler-voyager-lxi-front-wheel-drive-passenger-van-2c4rc1dg8lr164537/123?store={store_code}	BLACK	108818 miles	Voyager	2C4RC1DG8LR164537	2020	13790 USD	CBGMC	13790 USD	MI
1FMCU9G64LUB05262	2020 Ford Escape SE	Ford	https://www.dahlchevroletgmcwinona.com/inventory/used-2020-ford-escape-se-all-wheel-drive-sport-utility-1fmcu9g64lub05262/	19900 USD	2020 Rapid Red Metallic Tinted Clearcoat Ford Escape Used 2020 Ford Escape SE Sport Utility AWD 3 Cylinder For sale at DAHL Chevrolet Buick GMC in Winona Minnesota.	https://vehicle-images.carscommerce.inc/1e9d-110010023/1FMCU9G64LUB05262/thumbnails/large/f5201eeff57daea73223c13b8d6d9c73.webp	in stock	USED	SUV	Vehicles & Parts > Vehicles > Motor Vehicles > Cars, Trucks & Vans	1FMCU9G64LUB05262	https://www.dahlchevroletgmcwinona.com/inventory/used-2020-ford-escape-se-all-wheel-drive-sport-utility-1fmcu9g64lub05262/123?store={store_code}	RED	10841 miles	Escape	1FMCU9G64LUB05262	2020	19900 USD	CBGMC	19900 USD	MI
1FMCU9G64LUB85937	2020 Ford Escape SE	Ford	https://www.dahlchevroletgmcwinona.com/inventory/used-2020-ford-escape-se-all-wheel-drive-sport-utility-1fmcu9g64lub85937/	16990 USD	2020 Rapid Red Metallic Tinted Clearcoat Ford Escape Used 2020 Ford Escape SE Sport Utility AWD 3 Cylinder For sale at DAHL Chevrolet Buick GMC in Winona Minnesota.	https://vehicle-images.carscommerce.inc/8a1d-110010023/1FMCU9G64LUB85937/thumbnails/large/5da579cee3d45315165eaa152346a3ac.webp	in stock	USED	SUV	Vehicles & Parts > Vehicles > Motor Vehicles > Cars, Trucks & Vans	1FMCU9G64LUB85937	https://www.dahlchevroletgmcwinona.com/inventory/used-2020-ford-escape-se-all-wheel-drive-sport-utility-1fmcu9g64lub85937/123?store={store_code}	RED	61761 miles	Escape	1FMCU9G64LUB85937	2020	16990 USD	CBGMC	16990 USD	MI
3GTU9DED6LG152004	2020 GMC Sierra 1500 SLT	GMC	https://www.dahlchevroletgmcwinona.com/inventory/used-2020-gmc-sierra-1500-slt-four-wheel-drive-crew-cab-3gtu9ded6lg152004/	34249 USD	2020 SUMMIT WHITE GMC Sierra 1500 Used 2020 GMC Sierra 1500 SLT Crew Cab 4WD Engine: 5.3L, EcoTec3 V-8, DI, Dynamic Fuel Mgt, V V T For sale at DAHL Chevrolet Buick GMC in Winona Minnesota.	https://vehicle-images.carscommerce.inc/a81a-110010023/3GTU9DED6LG152004/thumbnails/large/e6b70fbd9995f92532a2f142f53d1580.webp	in stock	USED	TRUCK	Vehicles & Parts > Vehicles > Motor Vehicles > Cars, Trucks & Vans	3GTU9DED6LG152004	https://www.dahlchevroletgmcwinona.com/inventory/used-2020-gmc-sierra-1500-slt-four-wheel-drive-crew-cab-3gtu9ded6lg152004/123?store={store_code}	WHITE	69333 miles	Sierra 1500	3GTU9DED6LG152004	2020	34249 USD	CBGMC	34249 USD	MI
3GKALVEV7LL172339	2020 GMC Terrain SLT	GMC	https://www.dahlchevroletgmcwinona.com/inventory/used-2020-gmc-terrain-slt-all-wheel-drive-sport-utility-3gkalvev7ll172339/	12990 USD	2020 Red Quartz Tintcoat GMC Terrain Used 2020 GMC Terrain SLT Sport Utility AWD 4 Cylinder For sale at DAHL Chevrolet Buick GMC in Winona Minnesota.	https://vehicle-images.carscommerce.inc/102f-110010023/3GKALVEV7LL172339/thumbnails/large/584c57b481d285043a7549d384d3a14f.webp	in stock	USED	SUV	Vehicles & Parts > Vehicles > Motor Vehicles > Cars, Trucks & Vans	3GKALVEV7LL172339	https://www.dahlchevroletgmcwinona.com/inventory/used-2020-gmc-terrain-slt-all-wheel-drive-sport-utility-3gkalvev7ll172339/123?store={store_code}	RED	142591 miles	Terrain	3GKALVEV7LL172339	2020	12990 USD	CBGMC	12990 USD	MI
5J6RW2H59LL000268	2020 Honda CR-V EX	Honda	https://www.dahlchevroletgmcwinona.com/inventory/used-2020-honda-cr-v-ex-all-wheel-drive-sport-utility-5j6rw2h59ll000268/	23490 USD	2020 Sonic Gray Pearl Honda CR-V Used 2020 Honda CR-V EX Sport Utility AWD 4 Cylinder For sale at DAHL Chevrolet Buick GMC in Winona Minnesota.	https://vehicle-images.carscommerce.inc/854c-110010023/5J6RW2H59LL000268/thumbnails/large/4b62761282cbe6c87f1e17a1d8806e17.webp	in stock	USED	SUV	Vehicles & Parts > Vehicles > Motor Vehicles > Cars, Trucks & Vans	5J6RW2H59LL000268	https://www.dahlchevroletgmcwinona.com/inventory/used-2020-honda-cr-v-ex-all-wheel-drive-sport-utility-5j6rw2h59ll000268/123?store={store_code}	GRAY	76065 miles	CR-V	5J6RW2H59LL000268	2020	23490 USD	CBGMC	23490 USD	MI
7FARW2H86LE012773	2020 Honda CR-V EX-L	Honda	https://www.dahlchevroletgmcwinona.com/inventory/used-2020-honda-cr-v-ex-l-all-wheel-drive-sport-utility-7farw2h86le012773/	19900 USD	2020 Aegean Blue Metallic Honda CR-V Used 2020 Honda CR-V EX-L Sport Utility AWD 4 Cylinder For sale at DAHL Chevrolet Buick GMC in Winona Minnesota.	https://vehicle-images.carscommerce.inc/e28a-110010023/7FARW2H86LE012773/thumbnails/large/169942349582a05dfc8c1942140203f7.webp	in stock	USED	SUV	Vehicles & Parts > Vehicles > Motor Vehicles > Cars, Trucks & Vans	7FARW2H86LE012773	https://www.dahlchevroletgmcwinona.com/inventory/used-2020-honda-cr-v-ex-l-all-wheel-drive-sport-utility-7farw2h86le012773/123?store={store_code}	BLUE	122165 miles	CR-V	7FARW2H86LE012773	2020	19900 USD	CBGMC	19900 USD	MI
KM8R5DHE2LU081530	2020 Hyundai Palisade Limited	Hyundai	https://www.dahlchevroletgmcwinona.com/inventory/used-2020-hyundai-palisade-limited-all-wheel-drive-sport-utility-km8r5dhe2lu081530/	25900 USD	2020 Steel Graphite Hyundai Palisade Used 2020 Hyundai Palisade Limited Sport Utility AWD V6 Cylinder For sale at DAHL Chevrolet Buick GMC in Winona Minnesota.	https://vehicle-images.carscommerce.inc/f9dd-110010023/KM8R5DHE2LU081530/thumbnails/large/5cd8f5a0a53caba05e0c3935e48888c4.webp	in stock	USED	SUV	Vehicles & Parts > Vehicles > Motor Vehicles > Cars, Trucks & Vans	KM8R5DHE2LU081530	https://www.dahlchevroletgmcwinona.com/inventory/used-2020-hyundai-palisade-limited-all-wheel-drive-sport-utility-km8r5dhe2lu081530/123?store={store_code}	GRAY	70911 miles	Palisade	KM8R5DHE2LU081530	2020	25900 USD	CBGMC	25900 USD	MI
KM8R2DHE8LU068712	2020 Hyundai Palisade SEL	Hyundai	https://www.dahlchevroletgmcwinona.com/inventory/used-2020-hyundai-palisade-sel-all-wheel-drive-sport-utility-km8r2dhe8lu068712/	19400 USD	2020 Moonlight Cloud Hyundai Palisade Used 2020 Hyundai Palisade SEL Sport Utility AWD V6 Cylinder For sale at DAHL Chevrolet Buick GMC in Winona Minnesota.	https://vehicle-images.carscommerce.inc/45ba-110010023/KM8R2DHE8LU068712/thumbnails/large/a1d3936dc48881566ff6bb8fdcc58dc7.webp	in stock	USED	SUV	Vehicles & Parts > Vehicles > Motor Vehicles > Cars, Trucks & Vans	KM8R2DHE8LU068712	https://www.dahlchevroletgmcwinona.com/inventory/used-2020-hyundai-palisade-sel-all-wheel-drive-sport-utility-km8r2dhe8lu068712/123?store={store_code}	GRAY	112100 miles	Palisade	KM8R2DHE8LU068712	2020	19400 USD	CBGMC	19400 USD	MI
1C6HJTFG3LL107656	2020 Jeep Gladiator Overland	Jeep	https://www.dahlchevroletgmcwinona.com/inventory/used-2020-jeep-gladiator-overland-four-wheel-drive-crew-cab-1c6hjtfg3ll107656/	26500 USD	2020 Bright White Clearcoat Jeep Gladiator Used 2020 Jeep Gladiator Overland Crew Cab 4WD V6 Cylinder For sale at DAHL Chevrolet Buick GMC in Winona Minnesota.	https://vehicle-images.carscommerce.inc/bccc-110010023/1C6HJTFG3LL107656/thumbnails/large/60f54c5e88bb9de729605569c987f398.webp	in stock	USED	TRUCK	Vehicles & Parts > Vehicles > Motor Vehicles > Cars, Trucks & Vans	1C6HJTFG3LL107656	https://www.dahlchevroletgmcwinona.com/inventory/used-2020-jeep-gladiator-overland-four-wheel-drive-crew-cab-1c6hjtfg3ll107656/123?store={store_code}	WHITE	76547 miles	Gladiator	1C6HJTFG3LL107656	2020	26500 USD	CBGMC	26500 USD	MI
JM3KFBCM9L0858628	2020 Mazda CX-5 Touring	Mazda	https://www.dahlchevroletgmcwinona.com/inventory/used-2020-mazda-cx-5-touring-all-wheel-drive-i-activ-awd-sport-utility-jm3kfbcm9l0858628/	19600 USD	2020 Eternal Blue Mica Mazda CX-5 Used 2020 Mazda CX-5 Touring i-ACTIV AWD Sport Utility AWD 4 Cylinder For sale at DAHL Chevrolet Buick GMC in Winona Minnesota.	https://cdn-img.vincue.net/image/opt-dealerid117390-photoid2716668041--J8RAV-ltid2/2716668041.jpg	in stock	USED	SUV	Vehicles & Parts > Vehicles > Motor Vehicles > Cars, Trucks & Vans	JM3KFBCM9L0858628	https://www.dahlchevroletgmcwinona.com/inventory/used-2020-mazda-cx-5-touring-all-wheel-drive-i-activ-awd-sport-utility-jm3kfbcm9l0858628/123?store={store_code}	BLUE	87207 miles	CX-5	JM3KFBCM9L0858628	2020	19600 USD	CBGMC	19600 USD	MI
5N1DR2BM2LC611620	2020 Nissan Pathfinder SV	Nissan	https://www.dahlchevroletgmcwinona.com/inventory/used-2020-nissan-pathfinder-sv-four-wheel-drive-sport-utility-5n1dr2bm2lc611620/	14500 USD	2020 Brilliant Silver Metallic Nissan Pathfinder Used 2020 Nissan Pathfinder SV Sport Utility 4WD V6 Cylinder For sale at DAHL Chevrolet Buick GMC in Winona Minnesota.	https://vehicle-images.carscommerce.inc/5f3f-110010023/5N1DR2BM2LC611620/thumbnails/large/b9277c0d07f2b60cf978aecd4d4ae69c.webp	in stock	USED	SUV	Vehicles & Parts > Vehicles > Motor Vehicles > Cars, Trucks & Vans	5N1DR2BM2LC611620	https://www.dahlchevroletgmcwinona.com/inventory/used-2020-nissan-pathfinder-sv-four-wheel-drive-sport-utility-5n1dr2bm2lc611620/123?store={store_code}	SILVER	92704 miles	Pathfinder	5N1DR2BM2LC611620	2020	14500 USD	CBGMC	14500 USD	MI
1C6SRFFM1LN196833	2020 Ram 1500 Big Horn	Ram	https://www.dahlchevroletgmcwinona.com/inventory/used-2020-ram-1500-big-horn-four-wheel-drive-crew-cab-1c6srffm1ln196833/	22500 USD	2020 Delmonico Red Pearlcoat Ram 1500 Used 2020 Ram 1500 Big Horn Crew Cab 4WD V6 Cylinder For sale at DAHL Chevrolet Buick GMC in Winona Minnesota.	https://vehicle-images.carscommerce.inc/8e27-110010023/1C6SRFFM1LN196833/thumbnails/large/7e5e1d20655aa87cd4edd35147116dc0.webp	in stock	USED	TRUCK	Vehicles & Parts > Vehicles > Motor Vehicles > Cars, Trucks & Vans	1C6SRFFM1LN196833	https://www.dahlchevroletgmcwinona.com/inventory/used-2020-ram-1500-big-horn-four-wheel-drive-crew-cab-1c6srffm1ln196833/123?store={store_code}	RED	101138 miles	1500	1C6SRFFM1LN196833	2020	22500 USD	CBGMC	22500 USD	MI
YV4162UK9L2318084	2020 Volvo XC40 Momentum	Volvo	https://www.dahlchevroletgmcwinona.com/inventory/used-2020-volvo-xc40-momentum-all-wheel-drive-sport-utility-yv4162uk9l2318084/	16790 USD	2020 Fusion Red Metallic Volvo XC40 Used 2020 Volvo XC40 Momentum Sport Utility AWD 4 Cylinder For sale at DAHL Chevrolet Buick GMC in Winona Minnesota.	https://vehicle-images.carscommerce.inc/ac16-110010023/YV4162UK9L2318084/thumbnails/large/6b82b66f3d5f09d8d9b61be06245603f.webp	in stock	USED	SUV	Vehicles & Parts > Vehicles > Motor Vehicles > Cars, Trucks & Vans	YV4162UK9L2318084	https://www.dahlchevroletgmcwinona.com/inventory/used-2020-volvo-xc40-momentum-all-wheel-drive-sport-utility-yv4162uk9l2318084/123?store={store_code}	RED	91460 miles	XC40	YV4162UK9L2318084	2020	16790 USD	CBGMC	16790 USD	MI
5GAEVAKW8MJ124338	2021 Buick Enclave Essence	Buick	https://www.dahlchevroletgmcwinona.com/inventory/used-2021-buick-enclave-essence-all-wheel-drive-sport-utility-vehicle-5gaevakw8mj124338/	23998 USD	2021 Red Quartz Tintcoat Buick Enclave Used 2021 Buick Enclave Essence Sport Utility Vehicle AWD V6 Cylinder For sale at DAHL Chevrolet Buick GMC in Winona Minnesota.	https://vehicle-images.carscommerce.inc/50f9-110010023/5GAEVAKW8MJ124338/thumbnails/large/52a8b99b1fa5e84cc93e170ce365eee7.webp	in stock	USED	SUV	Vehicles & Parts > Vehicles > Motor Vehicles > Cars, Trucks & Vans	5GAEVAKW8MJ124338	https://www.dahlchevroletgmcwinona.com/inventory/used-2021-buick-enclave-essence-all-wheel-drive-sport-utility-vehicle-5gaevakw8mj124338/123?store={store_code}	RED	69700 miles	Enclave	5GAEVAKW8MJ124338	2021	23998 USD	CBGMC	23998 USD	MI
1GCGTDEN6M1139681	2021 Chevrolet Colorado 4WD Z71	Chevrolet	https://www.dahlchevroletgmcwinona.com/inventory/used-2021-chevrolet-colorado-4wd-z71-four-wheel-drive-crew-cab-pickup-1gcgtden6m1139681/	29000 USD	2021 Black Chevrolet Colorado Used 2021 Chevrolet Colorado 4WD Z71 Crew Cab Pickup 4WD V6 Cylinder For sale at DAHL Chevrolet Buick GMC in Winona Minnesota.	https://vehicle-images.carscommerce.inc/2a91-110010023/1GCGTDEN6M1139681/thumbnails/large/c544f28663b0326c20c1df91a7f266fe.webp	in stock	USED	TRUCK	Vehicles & Parts > Vehicles > Motor Vehicles > Cars, Trucks & Vans	1GCGTDEN6M1139681	https://www.dahlchevroletgmcwinona.com/inventory/used-2021-chevrolet-colorado-4wd-z71-four-wheel-drive-crew-cab-pickup-1gcgtden6m1139681/123?store={store_code}	BLACK	44674 miles	Colorado	1GCGTDEN6M1139681	2021	29000 USD	CBGMC	29000 USD	MI
3GCUYGED6MG236622	2021 Chevrolet Silverado 1500 LTZ	Chevrolet	https://www.dahlchevroletgmcwinona.com/inventory/used-2021-chevrolet-silverado-1500-ltz-four-wheel-drive-crew-cab-3gcuyged6mg236622/	41249 USD	2021 CHERRY RED TINTCOAT Chevrolet Silverado 1500 Used 2021 Chevrolet Silverado 1500 LTZ Crew Cab 4WD Engine: 5.3L, EcoTec3 V-8, DI, Dynamic Fuel Mgt, V V T For sale at DAHL Chevrolet Buick GMC in Winona Minnesota.	https://www.dahlchevroletgmcwinona.com/wp-content/plugins/inventory/images/notfound.jpg	in stock	USED	TRUCK	Vehicles & Parts > Vehicles > Motor Vehicles > Cars, Trucks & Vans	3GCUYGED6MG236622	https://www.dahlchevroletgmcwinona.com/inventory/used-2021-chevrolet-silverado-1500-ltz-four-wheel-drive-crew-cab-3gcuyged6mg236622/123?store={store_code}	RED	35863 miles	Silverado 1500	3GCUYGED6MG236622	2021	41249 USD	CBGMC	41249 USD	MI
1FMCU9H94MUB04445	2021 Ford Escape SEL	Ford	https://www.dahlchevroletgmcwinona.com/inventory/used-2021-ford-escape-sel-all-wheel-drive-sport-utility-1fmcu9h94mub04445/	19700 USD	2021 Star White Metallic Tri-Coat Ford Escape Used 2021 Ford Escape SEL Sport Utility AWD 4 Cylinder For sale at DAHL Chevrolet Buick GMC in Winona Minnesota.	https://vehicle-images.carscommerce.inc/a2f2-110010023/1FMCU9H94MUB04445/thumbnails/large/ef91bbb798845501cf084e745bece997.webp	in stock	USED	SUV	Vehicles & Parts > Vehicles > Motor Vehicles > Cars, Trucks & Vans	1FMCU9H94MUB04445	https://www.dahlchevroletgmcwinona.com/inventory/used-2021-ford-escape-sel-all-wheel-drive-sport-utility-1fmcu9h94mub04445/123?store={store_code}	WHITE	49138 miles	Escape	1FMCU9H94MUB04445	2021	19700 USD	CBGMC	19700 USD	MI
1FM5K8GC0MGB02275	2021 Ford Explorer ST	Ford	https://www.dahlchevroletgmcwinona.com/inventory/used-2021-ford-explorer-st-four-wheel-drive-sport-utility-1fm5k8gc0mgb02275/	30490 USD	2021 Carbonized Gray Metallic Ford Explorer Used 2021 Ford Explorer ST Sport Utility 4WD V6 Cylinder For sale at DAHL Chevrolet Buick GMC in Winona Minnesota.	https://vehicle-images.carscommerce.inc/b114-110010023/1FM5K8GC0MGB02275/thumbnails/large/f8e584f499efd9bb8822f1c88031be60.webp	in stock	USED	SUV	Vehicles & Parts > Vehicles > Motor Vehicles > Cars, Trucks & Vans	1FM5K8GC0MGB02275	https://www.dahlchevroletgmcwinona.com/inventory/used-2021-ford-explorer-st-four-wheel-drive-sport-utility-1fm5k8gc0mgb02275/123?store={store_code}	GRAY	65874 miles	Explorer	1FM5K8GC0MGB02275	2021	30490 USD	CBGMC	30490 USD	MI
1FMSK8DH8MGA66404	2021 Ford Explorer XLT	Ford	https://www.dahlchevroletgmcwinona.com/inventory/used-2021-ford-explorer-xlt-four-wheel-drive-sport-utility-1fmsk8dh8mga66404/	20990 USD	2021 Agate Black Ford Explorer Used 2021 Ford Explorer XLT Sport Utility 4WD 4 Cylinder For sale at DAHL Chevrolet Buick GMC in Winona Minnesota.	https://vehicle-images.carscommerce.inc/4f25-110010023/1FMSK8DH8MGA66404/thumbnails/large/7039ff761238afccb50ebe00936520b3.webp	in stock	USED	SUV	Vehicles & Parts > Vehicles > Motor Vehicles > Cars, Trucks & Vans	1FMSK8DH8MGA66404	https://www.dahlchevroletgmcwinona.com/inventory/used-2021-ford-explorer-xlt-four-wheel-drive-sport-utility-1fmsk8dh8mga66404/123?store={store_code}	BLACK	86568 miles	Explorer	1FMSK8DH8MGA66404	2021	20990 USD	CBGMC	20990 USD	MI
1FTFW1E85MKE17721	2021 Ford F-150 XLT	Ford	https://www.dahlchevroletgmcwinona.com/inventory/used-2021-ford-f-150-xlt-four-wheel-drive-supercrew-cab-styleside-1ftfw1e85mke17721/	27615 USD	2021 Velocity Blue Metallic Ford F-150 Used 2021 Ford F-150 XLT SuperCrew Cab Styleside 4WD V6 Cylinder For sale at DAHL Chevrolet Buick GMC in Winona Minnesota.	https://vehicle-images.carscommerce.inc/e4f6-110010023/1FTFW1E85MKE17721/thumbnails/large/d97dcfbfb3cb3dede08e72e47dd1c73d.webp	in stock	USED	TRUCK	Vehicles & Parts > Vehicles > Motor Vehicles > Cars, Trucks & Vans	1FTFW1E85MKE17721	https://www.dahlchevroletgmcwinona.com/inventory/used-2021-ford-f-150-xlt-four-wheel-drive-supercrew-cab-styleside-1ftfw1e85mke17721/123?store={store_code}	BLUE	98613 miles	F-150	1FTFW1E85MKE17721	2021	27615 USD	CBGMC	27615 USD	MI
1FTER4FH3MLD96638	2021 Ford Ranger XLT	Ford	https://www.dahlchevroletgmcwinona.com/inventory/used-2021-ford-ranger-xlt-four-wheel-drive-supercrew-1fter4fh3mld96638/	21790 USD	2021 Oxford White Ford Ranger Used 2021 Ford Ranger XLT SuperCrew 4WD 4 Cylinder For sale at DAHL Chevrolet Buick GMC in Winona Minnesota.	https://vehicle-images.carscommerce.inc/5e21-110010023/1FTER4FH3MLD96638/thumbnails/large/dc2183d552cf00cfb28d5e4e60d8ff1d.webp	in stock	USED	TRUCK	Vehicles & Parts > Vehicles > Motor Vehicles > Cars, Trucks & Vans	1FTER4FH3MLD96638	https://www.dahlchevroletgmcwinona.com/inventory/used-2021-ford-ranger-xlt-four-wheel-drive-supercrew-1fter4fh3mld96638/123?store={store_code}	WHITE	100895 miles	Ranger	1FTER4FH3MLD96638	2021	21790 USD	CBGMC	21790 USD	MI
1GTU9FEDXMZ297706	2021 GMC Sierra 1500 Denali	GMC	https://www.dahlchevroletgmcwinona.com/inventory/used-2021-gmc-sierra-1500-denali-four-wheel-drive-crew-cab-pickup-1gtu9fedxmz297706/	32600 USD	2021 Hunter Metallic GMC Sierra 1500 Used 2021 GMC Sierra 1500 Denali Crew Cab Pickup 4WD 8 Cylinder For sale at DAHL Chevrolet Buick GMC in Winona Minnesota.	https://vehicle-images.carscommerce.inc/7dc3-110010023/1GTU9FEDXMZ297706/thumbnails/large/dd49cfaff52b5d95024f2ea7260b6804.webp	in stock	USED	TRUCK	Vehicles & Parts > Vehicles > Motor Vehicles > Cars, Trucks & Vans	1GTU9FEDXMZ297706	https://www.dahlchevroletgmcwinona.com/inventory/used-2021-gmc-sierra-1500-denali-four-wheel-drive-crew-cab-pickup-1gtu9fedxmz297706/123?store={store_code}	GREEN	113778 miles	Sierra 1500	1GTU9FEDXMZ297706	2021	32600 USD	CBGMC	32600 USD	MI
1GKS2JKL5MR335714	2021 GMC Yukon XL Denali	GMC	https://www.dahlchevroletgmcwinona.com/inventory/used-2021-gmc-yukon-xl-denali-four-wheel-drive-suv-1gks2jkl5mr335714/	50249 USD	2021 SATIN STEEL METALLIC GMC Yukon XL Used 2021 GMC Yukon XL Denali SUV 4WD Engine: 6.2L, EcoTec3 V-8, DI, Dynamic Fuel Mgt, V V T For sale at DAHL Chevrolet Buick GMC in Winona Minnesota.	https://www.dahlchevroletgmcwinona.com/wp-content/plugins/inventory/images/notfound.jpg	in stock	USED	SUV	Vehicles & Parts > Vehicles > Motor Vehicles > Cars, Trucks & Vans	1GKS2JKL5MR335714	https://www.dahlchevroletgmcwinona.com/inventory/used-2021-gmc-yukon-xl-denali-four-wheel-drive-suv-1gks2jkl5mr335714/123?store={store_code}	GRAY	31172 miles	Yukon XL	1GKS2JKL5MR335714	2021	50249 USD	CBGMC	50249 USD	MI
5FNYF8H57MB009270	2021 Honda Passport EX-L	Honda	https://www.dahlchevroletgmcwinona.com/inventory/used-2021-honda-passport-ex-l-all-wheel-drive-sport-utility-5fnyf8h57mb009270/	23990 USD	2021 Lunar Silver Metallic Honda Passport Used 2021 Honda Passport EX-L Sport Utility AWD V6 Cylinder For sale at DAHL Chevrolet Buick GMC in Winona Minnesota.	https://vehicle-images.carscommerce.inc/fbed-110010023/5FNYF8H57MB009270/thumbnails/large/d4101b1121c0edcf313123e35987b57d.webp	in stock	USED	SUV	Vehicles & Parts > Vehicles > Motor Vehicles > Cars, Trucks & Vans	5FNYF8H57MB009270	https://www.dahlchevroletgmcwinona.com/inventory/used-2021-honda-passport-ex-l-all-wheel-drive-sport-utility-5fnyf8h57mb009270/123?store={store_code}	SILVER	102701 miles	Passport	5FNYF8H57MB009270	2021	23990 USD	CBGMC	23990 USD	MI
KM8R3DHE0MU207357	2021 Hyundai Palisade SEL	Hyundai	https://www.dahlchevroletgmcwinona.com/inventory/used-2021-hyundai-palisade-sel-all-wheel-drive-sport-utility-km8r3dhe0mu207357/	19600 USD	2021 Sierra Burgundy Hyundai Palisade Used 2021 Hyundai Palisade SEL Sport Utility AWD V6 Cylinder For sale at DAHL Chevrolet Buick GMC in Winona Minnesota.	https://vehicle-images.carscommerce.inc/771b-110010023/KM8R3DHE0MU207357/thumbnails/large/f4e7f6f406cb01deb1ef4841e0ea3b17.webp	in stock	USED	SUV	Vehicles & Parts > Vehicles > Motor Vehicles > Cars, Trucks & Vans	KM8R3DHE0MU207357	https://www.dahlchevroletgmcwinona.com/inventory/used-2021-hyundai-palisade-sel-all-wheel-drive-sport-utility-km8r3dhe0mu207357/123?store={store_code}	MAROON	120045 miles	Palisade	KM8R3DHE0MU207357	2021	19600 USD	CBGMC	19600 USD	MI
JN8AZ2AE5M9270069	2021 INFINITI QX80 PREMIUM SELECT	INFINITI	https://www.dahlchevroletgmcwinona.com/inventory/used-2021-infiniti-qx80-premium-select-four-wheel-drive-sport-utility-jn8az2ae5m9270069/	32490 USD	2021 Coulis Red INFINITI QX80 Used 2021 INFINITI QX80 PREMIUM SELECT Sport Utility 4WD 8 Cylinder For sale at DAHL Chevrolet Buick GMC in Winona Minnesota.	https://vehicle-images.carscommerce.inc/75d2-110010023/JN8AZ2AE5M9270069/thumbnails/large/8a4cc5d17b64521d3ec8e6c09b2cb695.webp	in stock	USED	SUV	Vehicles & Parts > Vehicles > Motor Vehicles > Cars, Trucks & Vans	JN8AZ2AE5M9270069	https://www.dahlchevroletgmcwinona.com/inventory/used-2021-infiniti-qx80-premium-select-four-wheel-drive-sport-utility-jn8az2ae5m9270069/123?store={store_code}	RED	59382 miles	QX80	JN8AZ2AE5M9270069	2021	32490 USD	CBGMC	32490 USD	MI
1C6JJTBG3ML528382	2021 Jeep Gladiator Rubicon	Jeep	https://www.dahlchevroletgmcwinona.com/inventory/used-2021-jeep-gladiator-rubicon-four-wheel-drive-crew-cab-1c6jjtbg3ml528382/	26500 USD	2021 Granite Crystal Metallic Clearcoat Jeep Gladiator Used 2021 Jeep Gladiator Rubicon Crew Cab 4WD V6 Cylinder For sale at DAHL Chevrolet Buick GMC in Winona Minnesota.	https://vehicle-images.carscommerce.inc/6bd1-110010023/1C6JJTBG3ML528382/thumbnails/large/a5de980d255401945e3b0b4385d268e6.webp	in stock	USED	TRUCK	Vehicles & Parts > Vehicles > Motor Vehicles > Cars, Trucks & Vans	1C6JJTBG3ML528382	https://www.dahlchevroletgmcwinona.com/inventory/used-2021-jeep-gladiator-rubicon-four-wheel-drive-crew-cab-1c6jjtbg3ml528382/123?store={store_code}	GRAY	116136 miles	Gladiator	1C6JJTBG3ML528382	2021	26500 USD	CBGMC	26500 USD	MI
1C4JJXP65MW767298	2021 Jeep Wrangler 4xe Unlimited Sahara	Jeep	https://www.dahlchevroletgmcwinona.com/inventory/used-2021-jeep-wrangler-4xe-unlimited-sahara-four-wheel-drive-sport-utility-1c4jjxp65mw767298/	25250 USD	2021 Black Clearcoat Jeep Wrangler 4xe Used 2021 Jeep Wrangler 4xe Unlimited Sahara Sport Utility 4WD 4 Cylinder For sale at DAHL Chevrolet Buick GMC in Winona Minnesota.	https://vehicle-images.carscommerce.inc/fd8d-110010023/1C4JJXP65MW767298/thumbnails/large/00e2670b5b2ee34d4feeaa47efc68aa4.webp	in stock	USED	SUV	Vehicles & Parts > Vehicles > Motor Vehicles > Cars, Trucks & Vans	1C4JJXP65MW767298	https://www.dahlchevroletgmcwinona.com/inventory/used-2021-jeep-wrangler-4xe-unlimited-sahara-four-wheel-drive-sport-utility-1c4jjxp65mw767298/123?store={store_code}	BLACK	62138 miles	Wrangler 4xe	1C4JJXP65MW767298	2021	25250 USD	CBGMC	25250 USD	MI
JF2GTHSC0MH366254	2021 Subaru Crosstrek Sport	Subaru	https://www.dahlchevroletgmcwinona.com/inventory/used-2021-subaru-crosstrek-sport-all-wheel-drive-sport-utility-jf2gthsc0mh366254/	22990 USD	2021 Ice Silver Metallic Subaru Crosstrek Used 2021 Subaru Crosstrek Sport Sport Utility AWD 4 Cylinder For sale at DAHL Chevrolet Buick GMC in Winona Minnesota.	https://vehicle-images.carscommerce.inc/b5e3-110010023/JF2GTHSC0MH366254/thumbnails/large/4c6162f0ec383bdb3f78ee0dec01eb3a.webp	in stock	USED	SUV	Vehicles & Parts > Vehicles > Motor Vehicles > Cars, Trucks & Vans	JF2GTHSC0MH366254	https://www.dahlchevroletgmcwinona.com/inventory/used-2021-subaru-crosstrek-sport-all-wheel-drive-sport-utility-jf2gthsc0mh366254/123?store={store_code}	SILVER	60127 miles	Crosstrek	JF2GTHSC0MH366254	2021	22990 USD	CBGMC	22990 USD	MI
JF2SKAUC9MH577745	2021 Subaru Forester Limited	Subaru	https://www.dahlchevroletgmcwinona.com/inventory/used-2021-subaru-forester-limited-all-wheel-drive-sport-utility-jf2skauc9mh577745/	21998 USD	2021 Ice Silver Metallic Subaru Forester Used 2021 Subaru Forester Limited Sport Utility AWD 4 Cylinder For sale at DAHL Chevrolet Buick GMC in Winona Minnesota.	https://vehicle-images.carscommerce.inc/7f5d-110010023/JF2SKAUC9MH577745/thumbnails/large/98b6577c7b2c16923a86063fb844376f.webp	in stock	USED	SUV	Vehicles & Parts > Vehicles > Motor Vehicles > Cars, Trucks & Vans	JF2SKAUC9MH577745	https://www.dahlchevroletgmcwinona.com/inventory/used-2021-subaru-forester-limited-all-wheel-drive-sport-utility-jf2skauc9mh577745/123?store={store_code}	SILVER	94835 miles	Forester	JF2SKAUC9MH577745	2021	21998 USD	CBGMC	21998 USD	MI
4S4BTANC4M3179300	2021 Subaru Outback Limited	Subaru	https://www.dahlchevroletgmcwinona.com/inventory/used-2021-subaru-outback-limited-all-wheel-drive-sport-utility-4s4btanc4m3179300/	25000 USD	2021 Ice Silver Metallic Subaru Outback Used 2021 Subaru Outback Limited Sport Utility AWD 4 Cylinder For sale at DAHL Chevrolet Buick GMC in Winona Minnesota.	https://www.dahlchevroletgmcwinona.com/wp-content/plugins/inventory/images/notfound.jpg	in stock	USED	SUV	Vehicles & Parts > Vehicles > Motor Vehicles > Cars, Trucks & Vans	4S4BTANC4M3179300	https://www.dahlchevroletgmcwinona.com/inventory/used-2021-subaru-outback-limited-all-wheel-drive-sport-utility-4s4btanc4m3179300/123?store={store_code}	SILVER	57276 miles	Outback	4S4BTANC4M3179300	2021	25000 USD	CBGMC	25000 USD	MI
4S4BTANC9M3208502	2021 Subaru Outback Limited	Subaru	https://www.dahlchevroletgmcwinona.com/inventory/used-2021-subaru-outback-limited-all-wheel-drive-sport-utility-4s4btanc9m3208502/	25911 USD	2021 Crimson Red Pearl Subaru Outback Used 2021 Subaru Outback Limited Sport Utility AWD 4 Cylinder For sale at DAHL Chevrolet Buick GMC in Winona Minnesota.	https://vehicle-images.carscommerce.inc/cb9b-110010023/4S4BTANC9M3208502/thumbnails/large/52ce7b5e86ca425e8d5ddb8d5fdba598.webp	in stock	USED	SUV	Vehicles & Parts > Vehicles > Motor Vehicles > Cars, Trucks & Vans	4S4BTANC9M3208502	https://www.dahlchevroletgmcwinona.com/inventory/used-2021-subaru-outback-limited-all-wheel-drive-sport-utility-4s4btanc9m3208502/123?store={store_code}	RED	46169 miles	Outback	4S4BTANC9M3208502	2021	25911 USD	CBGMC	25911 USD	MI
4S4BTGPDXM3227293	2021 Subaru Outback Touring XT	Subaru	https://www.dahlchevroletgmcwinona.com/inventory/used-2021-subaru-outback-touring-xt-all-wheel-drive-sport-utility-4s4btgpdxm3227293/	27600 USD	2021 Crystal Black Silica Subaru Outback Used 2021 Subaru Outback Touring XT Sport Utility AWD 4 Cylinder For sale at DAHL Chevrolet Buick GMC in Winona Minnesota.	https://vehicle-images.carscommerce.inc/355f-110010023/4S4BTGPDXM3227293/thumbnails/large/bff0ef022e185512eac0234125044736.webp	in stock	USED	SUV	Vehicles & Parts > Vehicles > Motor Vehicles > Cars, Trucks & Vans	4S4BTGPDXM3227293	https://www.dahlchevroletgmcwinona.com/inventory/used-2021-subaru-outback-touring-xt-all-wheel-drive-sport-utility-4s4btgpdxm3227293/123?store={store_code}	BLACK	42198 miles	Outback	4S4BTGPDXM3227293	2021	27600 USD	CBGMC	27600 USD	MI
4T1F31AK7MU553066	2021 Toyota Camry Hybrid XLE	Toyota	https://www.dahlchevroletgmcwinona.com/inventory/used-2021-toyota-camry-hybrid-xle-front-wheel-drive-sedan-4t1f31ak7mu553066/	27300 USD	2021 Blueprint Toyota Camry Used 2021 Toyota Camry Hybrid XLE Sedan FWD 4 Cylinder For sale at DAHL Chevrolet Buick GMC in Winona Minnesota.	https://vehicle-images.carscommerce.inc/d8e1-110010023/4T1F31AK7MU553066/thumbnails/large/13c17cc5a27fccce001e47cb9dc59068.webp	in stock	USED	OTHER	Vehicles & Parts > Vehicles > Motor Vehicles > Cars, Trucks & Vans	4T1F31AK7MU553066	https://www.dahlchevroletgmcwinona.com/inventory/used-2021-toyota-camry-hybrid-xle-front-wheel-drive-sedan-4t1f31ak7mu553066/123?store={store_code}	BLUE	65343 miles	Camry	4T1F31AK7MU553066	2021	27300 USD	CBGMC	27300 USD	MI
2GNAXSEV1N6122386	2022 Chevrolet Equinox LS	Chevrolet	https://www.dahlchevroletgmcwinona.com/inventory/used-2022-chevrolet-equinox-ls-all-wheel-drive-sport-utility-vehicle-2gnaxsev1n6122386/	17490 USD	2022 Iron Gray Metallic Chevrolet Equinox Used 2022 Chevrolet Equinox LS Sport Utility Vehicle AWD 4 Cylinder For sale at DAHL Chevrolet Buick GMC in Winona Minnesota.	https://vehicle-images.carscommerce.inc/c475-110010023/2GNAXSEV1N6122386/thumbnails/large/f5269f5b85e0d8f3b691acd7197aa8c5.webp	in stock	USED	SUV	Vehicles & Parts > Vehicles > Motor Vehicles > Cars, Trucks & Vans	2GNAXSEV1N6122386	https://www.dahlchevroletgmcwinona.com/inventory/used-2022-chevrolet-equinox-ls-all-wheel-drive-sport-utility-vehicle-2gnaxsev1n6122386/123?store={store_code}	GRAY	52892 miles	Equinox	2GNAXSEV1N6122386	2022	17490 USD	CBGMC	17490 USD	MI
3GNAXUEV3NL171810	2022 Chevrolet Equinox LT	Chevrolet	https://www.dahlchevroletgmcwinona.com/inventory/used-2022-chevrolet-equinox-lt-all-wheel-drive-sport-utility-vehicle-3gnaxuev3nl171810/	16600 USD	2022 Summit White Chevrolet Equinox Used 2022 Chevrolet Equinox LT Sport Utility Vehicle AWD 4 Cylinder For sale at DAHL Chevrolet Buick GMC in Winona Minnesota.	https://vehicle-images.carscommerce.inc/bf96-110010023/3GNAXUEV3NL171810/thumbnails/large/5d6130b4bfa3f24d9c74e13e87f6a375.webp	in stock	USED	SUV	Vehicles & Parts > Vehicles > Motor Vehicles > Cars, Trucks & Vans	3GNAXUEV3NL171810	https://www.dahlchevroletgmcwinona.com/inventory/used-2022-chevrolet-equinox-lt-all-wheel-drive-sport-utility-vehicle-3gnaxuev3nl171810/123?store={store_code}	WHITE	85538 miles	Equinox	3GNAXUEV3NL171810	2022	16600 USD	CBGMC	16600 USD	MI
3GNAXUEV4NL289476	2022 Chevrolet Equinox LT	Chevrolet	https://www.dahlchevroletgmcwinona.com/inventory/used-2022-chevrolet-equinox-lt-all-wheel-drive-suv-3gnaxuev4nl289476/	19549 USD	2022 Summit White Chevrolet Equinox Used 2022 Chevrolet Equinox LT SUV AWD 1.5L Turbo 4-cylinder For sale at DAHL Chevrolet Buick GMC in Winona Minnesota.	https://vehicle-images.carscommerce.inc/cde4-110010023/3GNAXUEV4NL289476/thumbnails/large/99cf85a63f239944dff6a84adef55a3d.webp	in stock	USED	SUV	Vehicles & Parts > Vehicles > Motor Vehicles > Cars, Trucks & Vans	3GNAXUEV4NL289476	https://www.dahlchevroletgmcwinona.com/inventory/used-2022-chevrolet-equinox-lt-all-wheel-drive-suv-3gnaxuev4nl289476/123?store={store_code}	WHITE	57448 miles	Equinox	3GNAXUEV4NL289476	2022	19549 USD	CBGMC	19549 USD	MI
1GCUDEED2NZ504244	2022 Chevrolet Silverado 1500 RST	Chevrolet	https://www.dahlchevroletgmcwinona.com/inventory/used-2022-chevrolet-silverado-1500-rst-four-wheel-drive-crew-cab-1gcudeed2nz504244/	22749 USD	2022 Silver Ice Metallic Chevrolet Silverado 1500 Used 2022 Chevrolet Silverado 1500 RST Crew Cab 4WD 5.3L EcoTec3 V8 For sale at DAHL Chevrolet Buick GMC in Winona Minnesota.	https://vehicle-images.carscommerce.inc/d79a-110010023/1GCUDEED2NZ504244/thumbnails/large/f84ccb5a130276269a866ce88d63dd81.webp	in stock	USED	TRUCK	Vehicles & Parts > Vehicles > Motor Vehicles > Cars, Trucks & Vans	1GCUDEED2NZ504244	https://www.dahlchevroletgmcwinona.com/inventory/used-2022-chevrolet-silverado-1500-rst-four-wheel-drive-crew-cab-1gcudeed2nz504244/123?store={store_code}	SILVER	180380 miles	Silverado 1500	1GCUDEED2NZ504244	2022	22749 USD	CBGMC	22749 USD	MI
2C4RC1BG0NR181774	2022 Chrysler Pacifica Touring L	Chrysler	https://www.dahlchevroletgmcwinona.com/inventory/used-2022-chrysler-pacifica-touring-l-front-wheel-drive-passenger-van-2c4rc1bg0nr181774/	19300 USD	2022 Ceramic Gray Clearcoat Chrysler Pacifica Used 2022 Chrysler Pacifica Touring L Passenger Van FWD V6 Cylinder For sale at DAHL Chevrolet Buick GMC in Winona Minnesota.	https://vehicle-images.carscommerce.inc/cbca-110010023/2C4RC1BG0NR181774/thumbnails/large/90a2aa7b1ae8c13b9c01336e205b0ba5.webp	in stock	USED	VAN	Vehicles & Parts > Vehicles > Motor Vehicles > Cars, Trucks & Vans	2C4RC1BG0NR181774	https://www.dahlchevroletgmcwinona.com/inventory/used-2022-chrysler-pacifica-touring-l-front-wheel-drive-passenger-van-2c4rc1bg0nr181774/123?store={store_code}	GRAY	72838 miles	Pacifica	2C4RC1BG0NR181774	2022	19300 USD	CBGMC	19300 USD	MI
3FMCR9B64NRE03216	2022 Ford Bronco Sport Big Bend	Ford	https://www.dahlchevroletgmcwinona.com/inventory/used-2022-ford-bronco-sport-big-bend-four-wheel-drive-sport-utility-3fmcr9b64nre03216/	19500 USD	2022 Hot Pepper Red Metallic Tinted Clearcoat Ford Bronco Sport Used 2022 Ford Bronco Sport Big Bend Sport Utility 4WD 3 Cylinder For sale at DAHL Chevrolet Buick GMC in Winona Minnesota.	https://vehicle-images.carscommerce.inc/128c-110010023/3FMCR9B64NRE03216/thumbnails/large/c1ffed305610442c2ccdc7d0a80ca373.webp	in stock	USED	SUV	Vehicles & Parts > Vehicles > Motor Vehicles > Cars, Trucks & Vans	3FMCR9B64NRE03216	https://www.dahlchevroletgmcwinona.com/inventory/used-2022-ford-bronco-sport-big-bend-four-wheel-drive-sport-utility-3fmcr9b64nre03216/123?store={store_code}	RED	84098 miles	Bronco Sport	3FMCR9B64NRE03216	2022	19500 USD	CBGMC	19500 USD	MI
1FMCU9G66NUB53476	2022 Ford Escape SE	Ford	https://www.dahlchevroletgmcwinona.com/inventory/used-2022-ford-escape-se-all-wheel-drive-sport-utility-1fmcu9g66nub53476/	18490 USD	2022 Carbonized Gray Ford Escape Used 2022 Ford Escape SE Sport Utility AWD 3 Cylinder For sale at DAHL Chevrolet Buick GMC in Winona Minnesota.	https://vehicle-images.carscommerce.inc/ea6e-110010023/1FMCU9G66NUB53476/thumbnails/large/8f6c2d4c4cfa7b79a5dea41cc784132c.webp	in stock	USED	SUV	Vehicles & Parts > Vehicles > Motor Vehicles > Cars, Trucks & Vans	1FMCU9G66NUB53476	https://www.dahlchevroletgmcwinona.com/inventory/used-2022-ford-escape-se-all-wheel-drive-sport-utility-1fmcu9g66nub53476/123?store={store_code}	GRAY	70341 miles	Escape	1FMCU9G66NUB53476	2022	18490 USD	CBGMC	18490 USD	MI
1FM5K8LC0NGA13068	2022 Ford Explorer King Ranch	Ford	https://www.dahlchevroletgmcwinona.com/inventory/used-2022-ford-explorer-king-ranch-four-wheel-drive-sport-utility-1fm5k8lc0nga13068/	29000 USD	2022 Rapid Red Metallic Tinted Clearcoat Ford Explorer Used 2022 Ford Explorer King Ranch Sport Utility 4WD V6 Cylinder For sale at DAHL Chevrolet Buick GMC in Winona Minnesota.	https://vehicle-images.carscommerce.inc/934b-110010023/1FM5K8LC0NGA13068/thumbnails/large/c087f110f367468d302487038ab5fe59.webp	in stock	USED	SUV	Vehicles & Parts > Vehicles > Motor Vehicles > Cars, Trucks & Vans	1FM5K8LC0NGA13068	https://www.dahlchevroletgmcwinona.com/inventory/used-2022-ford-explorer-king-ranch-four-wheel-drive-sport-utility-1fm5k8lc0nga13068/123?store={store_code}	RED	72878 miles	Explorer	1FM5K8LC0NGA13068	2022	29000 USD	CBGMC	29000 USD	MI
1FMSK8FHXNGC10534	2022 Ford Explorer Limited	Ford	https://www.dahlchevroletgmcwinona.com/inventory/used-2022-ford-explorer-limited-four-wheel-drive-sport-utility-1fmsk8fhxngc10534/	23890 USD	2022 Carbonized Gray Metallic Ford Explorer Used 2022 Ford Explorer Limited Sport Utility 4WD 4 Cylinder For sale at DAHL Chevrolet Buick GMC in Winona Minnesota.	https://vehicle-images.carscommerce.inc/5235-110010023/1FMSK8FHXNGC10534/thumbnails/large/35412330ab58ca97429c6f0904050d93.webp	in stock	USED	SUV	Vehicles & Parts > Vehicles > Motor Vehicles > Cars, Trucks & Vans	1FMSK8FHXNGC10534	https://www.dahlchevroletgmcwinona.com/inventory/used-2022-ford-explorer-limited-four-wheel-drive-sport-utility-1fmsk8fhxngc10534/123?store={store_code}	GRAY	93905 miles	Explorer	1FMSK8FHXNGC10534	2022	23890 USD	CBGMC	23890 USD	MI
1FT7W2BN0NEC64041	2022 Ford Super Duty F-250 SRW LARIAT	Ford	https://www.dahlchevroletgmcwinona.com/inventory/used-2022-ford-super-duty-f-250-srw-lariat-four-wheel-drive-sd-crew-cab-1ft7w2bn0nec64041/	37900 USD	2022 Star White Metallic Tri-Coat Ford Super Duty F-250 SRW Used 2022 Ford Super Duty F-250 SRW LARIAT SD Crew Cab 4WD 8 Cylinder For sale at DAHL Chevrolet Buick GMC in Winona Minnesota.	https://vehicle-images.carscommerce.inc/cc73-110010023/1FT7W2BN0NEC64041/thumbnails/large/d7d1058b5499fb7de27876ec84a8e82d.webp	in stock	USED	TRUCK	Vehicles & Parts > Vehicles > Motor Vehicles > Cars, Trucks & Vans	1FT7W2BN0NEC64041	https://www.dahlchevroletgmcwinona.com/inventory/used-2022-ford-super-duty-f-250-srw-lariat-four-wheel-drive-sd-crew-cab-1ft7w2bn0nec64041/123?store={store_code}	WHITE	129400 miles	Super Duty F-250 SRW	1FT7W2BN0NEC64041	2022	37900 USD	CBGMC	37900 USD	MI
3GTU9DEL1NG201622	2022 GMC Sierra 1500 Limited SLT	GMC	https://www.dahlchevroletgmcwinona.com/inventory/used-2022-gmc-sierra-1500-limited-slt-four-wheel-drive-crew-cab-3gtu9del1ng201622/	27249 USD	2022 White Frost Tricoat GMC Sierra 1500 Limited Used 2022 GMC Sierra 1500 Limited SLT Crew Cab 4WD 6.2L EcoTec3 V8 For sale at DAHL Chevrolet Buick GMC in Winona Minnesota.	https://vehicle-images.carscommerce.inc/929d-110010023/3GTU9DEL1NG201622/thumbnails/large/c64b406903af23b318ff271260515ee0.webp	in stock	USED	TRUCK	Vehicles & Parts > Vehicles > Motor Vehicles > Cars, Trucks & Vans	3GTU9DEL1NG201622	https://www.dahlchevroletgmcwinona.com/inventory/used-2022-gmc-sierra-1500-limited-slt-four-wheel-drive-crew-cab-3gtu9del1ng201622/123?store={store_code}	WHITE	140449 miles	Sierra 1500 Limited	3GTU9DEL1NG201622	2022	27249 USD	CBGMC	27249 USD	MI
3GTPUAEK6NG549921	2022 GMC Sierra 1500 Pro	GMC	https://www.dahlchevroletgmcwinona.com/inventory/used-2022-gmc-sierra-1500-pro-four-wheel-drive-crew-cab-3gtpuaek6ng549921/	21249 USD	2022 SUMMIT WHITE GMC Sierra 1500 Used 2022 GMC Sierra 1500 Pro Crew Cab 4WD Engine: 2.7L, Turbo High Output For sale at DAHL Chevrolet Buick GMC in Winona Minnesota.	https://vehicle-images.carscommerce.inc/c5fd-110010023/3GTPUAEK6NG549921/thumbnails/large/6a9c10d61eff630a8792ab8fa7c9350d.webp	in stock	USED	TRUCK	Vehicles & Parts > Vehicles > Motor Vehicles > Cars, Trucks & Vans	3GTPUAEK6NG549921	https://www.dahlchevroletgmcwinona.com/inventory/used-2022-gmc-sierra-1500-pro-four-wheel-drive-crew-cab-3gtpuaek6ng549921/123?store={store_code}	WHITE	93803 miles	Sierra 1500	3GTPUAEK6NG549921	2022	21249 USD	CBGMC	21249 USD	MI
1GT49PEYXNF146781	2022 GMC Sierra 2500HD AT4	GMC	https://www.dahlchevroletgmcwinona.com/inventory/used-2022-gmc-sierra-2500hd-at4-four-wheel-drive-crew-cab-pickup-1gt49peyxnf146781/	47700 USD	2022 Onyx Black GMC Sierra 2500HD Used 2022 GMC Sierra 2500HD AT4 Crew Cab Pickup 4WD 8 Cylinder For sale at DAHL Chevrolet Buick GMC in Winona Minnesota.	https://vehicle-images.carscommerce.inc/54c1-110010023/1GT49PEYXNF146781/thumbnails/large/cd1c37f11ec7bb1b14089a04e8f0a7e6.webp	in stock	USED	TRUCK	Vehicles & Parts > Vehicles > Motor Vehicles > Cars, Trucks & Vans	1GT49PEYXNF146781	https://www.dahlchevroletgmcwinona.com/inventory/used-2022-gmc-sierra-2500hd-at4-four-wheel-drive-crew-cab-pickup-1gt49peyxnf146781/123?store={store_code}	BLACK	88883 miles	Sierra 2500HD	1GT49PEYXNF146781	2022	47700 USD	CBGMC	47700 USD	MI
1HGCV1F48NA112367	2022 Honda Accord Sedan Sport SE	Honda	https://www.dahlchevroletgmcwinona.com/inventory/used-2022-honda-accord-sedan-sport-se-front-wheel-drive-sedan-1hgcv1f48na112367/	26300 USD	2022 Platinum White Pearl Honda Accord Used 2022 Honda Accord Sedan Sport SE Sedan FWD 4 Cylinder For sale at DAHL Chevrolet Buick GMC in Winona Minnesota.	https://vehicle-images.carscommerce.inc/9346-110010023/1HGCV1F48NA112367/thumbnails/large/681f732ccc836e9661cc7329ddbb6729.webp	in stock	USED	OTHER	Vehicles & Parts > Vehicles > Motor Vehicles > Cars, Trucks & Vans	1HGCV1F48NA112367	https://www.dahlchevroletgmcwinona.com/inventory/used-2022-honda-accord-sedan-sport-se-front-wheel-drive-sedan-1hgcv1f48na112367/123?store={store_code}	WHITE	26008 miles	Accord	1HGCV1F48NA112367	2022	26300 USD	CBGMC	26300 USD	MI
5FNYF6H75NB025913	2022 Honda Pilot Black Edition	Honda	https://www.dahlchevroletgmcwinona.com/inventory/used-2022-honda-pilot-black-edition-all-wheel-drive-sport-utility-5fnyf6h75nb025913/	26900 USD	2022 Platinum White Pearl Honda Pilot Used 2022 Honda Pilot Black Edition Sport Utility AWD V6 Cylinder For sale at DAHL Chevrolet Buick GMC in Winona Minnesota.	https://vehicle-images.carscommerce.inc/31dc-110010023/5FNYF6H75NB025913/thumbnails/large/a155acfdede8372e8d30a7153f294bab.webp	in stock	USED	SUV	Vehicles & Parts > Vehicles > Motor Vehicles > Cars, Trucks & Vans	5FNYF6H75NB025913	https://www.dahlchevroletgmcwinona.com/inventory/used-2022-honda-pilot-black-edition-all-wheel-drive-sport-utility-5fnyf6h75nb025913/123?store={store_code}	WHITE	152000 miles	Pilot	5FNYF6H75NB025913	2022	26900 USD	CBGMC	26900 USD	MI
5FNYF6H50NB022433	2022 Honda Pilot EX-L	Honda	https://www.dahlchevroletgmcwinona.com/inventory/used-2022-honda-pilot-ex-l-all-wheel-drive-sport-utility-5fnyf6h50nb022433/	19590 USD	2022 Modern Steel Metallic Honda Pilot Used 2022 Honda Pilot EX-L Sport Utility AWD V6 Cylinder For sale at DAHL Chevrolet Buick GMC in Winona Minnesota.	https://vehicle-images.carscommerce.inc/d30d-110010023/5FNYF6H50NB022433/thumbnails/large/fc77250d061f4c4af37d9b533ea0a371.webp	in stock	USED	SUV	Vehicles & Parts > Vehicles > Motor Vehicles > Cars, Trucks & Vans	5FNYF6H50NB022433	https://www.dahlchevroletgmcwinona.com/inventory/used-2022-honda-pilot-ex-l-all-wheel-drive-sport-utility-5fnyf6h50nb022433/123?store={store_code}	GRAY	124643 miles	Pilot	5FNYF6H50NB022433	2022	19590 USD	CBGMC	19590 USD	MI
5FPYK3F72NB032368	2022 Honda Ridgeline RTL-E	Honda	https://www.dahlchevroletgmcwinona.com/inventory/used-2022-honda-ridgeline-rtl-e-all-wheel-drive-crew-cab-5fpyk3f72nb032368/	33500 USD	2022 Sonic Gray Pearl Honda Ridgeline Used 2022 Honda Ridgeline RTL-E Crew Cab AWD V6 Cylinder For sale at DAHL Chevrolet Buick GMC in Winona Minnesota.	https://vehicle-images.carscommerce.inc/f24e-110010023/5FPYK3F72NB032368/thumbnails/large/a70e40395b8f57ffac3a2609e33724b9.webp	in stock	USED	TRUCK	Vehicles & Parts > Vehicles > Motor Vehicles > Cars, Trucks & Vans	5FPYK3F72NB032368	https://www.dahlchevroletgmcwinona.com/inventory/used-2022-honda-ridgeline-rtl-e-all-wheel-drive-crew-cab-5fpyk3f72nb032368/123?store={store_code}	GRAY	21005 miles	Ridgeline	5FPYK3F72NB032368	2022	33500 USD	CBGMC	33500 USD	MI
KM8R7DHE8NU429232	2022 Hyundai Palisade Calligraphy	Hyundai	https://www.dahlchevroletgmcwinona.com/inventory/used-2022-hyundai-palisade-calligraphy-all-wheel-drive-sport-utility-km8r7dhe8nu429232/	29490 USD	2022 Hyper White Hyundai Palisade Used 2022 Hyundai Palisade Calligraphy Sport Utility AWD V6 Cylinder For sale at DAHL Chevrolet Buick GMC in Winona Minnesota.	https://vehicle-images.carscommerce.inc/f109-110010023/KM8R7DHE8NU429232/thumbnails/large/7944a255d553ef86bc07711f9a9d3a14.webp	in stock	USED	SUV	Vehicles & Parts > Vehicles > Motor Vehicles > Cars, Trucks & Vans	KM8R7DHE8NU429232	https://www.dahlchevroletgmcwinona.com/inventory/used-2022-hyundai-palisade-calligraphy-all-wheel-drive-sport-utility-km8r7dhe8nu429232/123?store={store_code}	WHITE	74549 miles	Palisade	KM8R7DHE8NU429232	2022	29490 USD	CBGMC	29490 USD	MI
KM8JECA17NU058908	2022 Hyundai Tucson Hybrid Limited	Hyundai	https://www.dahlchevroletgmcwinona.com/inventory/used-2022-hyundai-tucson-hybrid-limited-all-wheel-drive-sport-utility-km8jeca17nu058908/	19300 USD	2022 Deep Sea Hyundai Tucson Used 2022 Hyundai Tucson Hybrid Limited Sport Utility AWD 4 Cylinder For sale at DAHL Chevrolet Buick GMC in Winona Minnesota.	https://vehicle-images.carscommerce.inc/c37d-110010023/KM8JECA17NU058908/thumbnails/large/3af473a6045b59a1750913649acdb8b7.webp	in stock	USED	SUV	Vehicles & Parts > Vehicles > Motor Vehicles > Cars, Trucks & Vans	KM8JECA17NU058908	https://www.dahlchevroletgmcwinona.com/inventory/used-2022-hyundai-tucson-hybrid-limited-all-wheel-drive-sport-utility-km8jeca17nu058908/123?store={store_code}	BLUE	100523 miles	Tucson	KM8JECA17NU058908	2022	19300 USD	CBGMC	19300 USD	MI
1C4PJMMN3ND541505	2022 Jeep Cherokee Latitude Lux	Jeep	https://www.dahlchevroletgmcwinona.com/inventory/used-2022-jeep-cherokee-latitude-lux-four-wheel-drive-sport-utility-1c4pjmmn3nd541505/	15500 USD	2022 Diamond Black Crystal Pearlcoat Jeep Cherokee Used 2022 Jeep Cherokee Latitude Lux Sport Utility 4WD 4 Cylinder For sale at DAHL Chevrolet Buick GMC in Winona Minnesota.	https://vehicle-images.carscommerce.inc/47a2-110010023/1C4PJMMN3ND541505/thumbnails/large/c3c08031437ced20364e493801ceaf71.webp	in stock	USED	SUV	Vehicles & Parts > Vehicles > Motor Vehicles > Cars, Trucks & Vans	1C4PJMMN3ND541505	https://www.dahlchevroletgmcwinona.com/inventory/used-2022-jeep-cherokee-latitude-lux-four-wheel-drive-sport-utility-1c4pjmmn3nd541505/123?store={store_code}	BLACK	90946 miles	Cherokee	1C4PJMMN3ND541505	2022	15500 USD	CBGMC	15500 USD	MI
1C4PJMMX5ND517143	2022 Jeep Cherokee Latitude Lux	Jeep	https://www.dahlchevroletgmcwinona.com/inventory/used-2022-jeep-cherokee-latitude-lux-four-wheel-drive-sport-utility-1c4pjmmx5nd517143/	15500 USD	2022 Velvet Red Pearlcoat Jeep Cherokee Used 2022 Jeep Cherokee Latitude Lux Sport Utility 4WD V6 Cylinder For sale at DAHL Chevrolet Buick GMC in Winona Minnesota.	https://vehicle-images.carscommerce.inc/7b06-110010023/1C4PJMMX5ND517143/thumbnails/large/495d34067e854325851fc4e82592fd56.webp	in stock	USED	SUV	Vehicles & Parts > Vehicles > Motor Vehicles > Cars, Trucks & Vans	1C4PJMMX5ND517143	https://www.dahlchevroletgmcwinona.com/inventory/used-2022-jeep-cherokee-latitude-lux-four-wheel-drive-sport-utility-1c4pjmmx5nd517143/123?store={store_code}	RED	113484 miles	Cherokee	1C4PJMMX5ND517143	2022	15500 USD	CBGMC	15500 USD	MI
3C4NJDBB3NT100287	2022 Jeep Compass Latitude	Jeep	https://www.dahlchevroletgmcwinona.com/inventory/used-2022-jeep-compass-latitude-four-wheel-drive-sport-utility-3c4njdbb3nt100287/	19990 USD	2022 Velvet Red Pearlcoat Jeep Compass Used 2022 Jeep Compass Latitude Sport Utility 4WD 4 Cylinder For sale at DAHL Chevrolet Buick GMC in Winona Minnesota.	https://vehicle-images.carscommerce.inc/2e85-110010023/3C4NJDBB3NT100287/thumbnails/large/dd2ed8debce4e95ac259c5e7ae13c7b0.webp	in stock	USED	SUV	Vehicles & Parts > Vehicles > Motor Vehicles > Cars, Trucks & Vans	3C4NJDBB3NT100287	https://www.dahlchevroletgmcwinona.com/inventory/used-2022-jeep-compass-latitude-four-wheel-drive-sport-utility-3c4njdbb3nt100287/123?store={store_code}	RED	53530 miles	Compass	3C4NJDBB3NT100287	2022	19990 USD	CBGMC	19990 USD	MI
KNDJ23AU5N7162206	2022 Kia Soul LX	Kia	https://www.dahlchevroletgmcwinona.com/inventory/used-2022-kia-soul-lx-front-wheel-drive-hatchback-kndj23au5n7162206/	15600 USD	2022 Snow White Pearl Kia Soul Used 2022 Kia Soul LX Hatchback FWD 4 Cylinder For sale at DAHL Chevrolet Buick GMC in Winona Minnesota.	https://vehicle-images.carscommerce.inc/5a68-110010023/KNDJ23AU5N7162206/thumbnails/large/aa2ae6907d63cbc4e4c9e37f55d69b7a.webp	in stock	USED	OTHER	Vehicles & Parts > Vehicles > Motor Vehicles > Cars, Trucks & Vans	KNDJ23AU5N7162206	https://www.dahlchevroletgmcwinona.com/inventory/used-2022-kia-soul-lx-front-wheel-drive-hatchback-kndj23au5n7162206/123?store={store_code}	WHITE	53165 miles	Soul	KNDJ23AU5N7162206	2022	15600 USD	CBGMC	15600 USD	MI
JM3TCBBY9N0625661	2022 Mazda CX-9 Sport	Mazda	https://www.dahlchevroletgmcwinona.com/inventory/used-2022-mazda-cx-9-sport-all-wheel-drive-i-activ-awd-sport-utility-jm3tcbby9n0625661/	18500 USD	2022 Deep Crystal Blue Mica Mazda CX-9 Used 2022 Mazda CX-9 Sport i-ACTIV AWD Sport Utility AWD 4 Cylinder For sale at DAHL Chevrolet Buick GMC in Winona Minnesota.	https://vehicle-images.carscommerce.inc/8fd1-110010023/JM3TCBBY9N0625661/thumbnails/large/821163655db8766a39d13c45be80fb00.webp	in stock	USED	SUV	Vehicles & Parts > Vehicles > Motor Vehicles > Cars, Trucks & Vans	JM3TCBBY9N0625661	https://www.dahlchevroletgmcwinona.com/inventory/used-2022-mazda-cx-9-sport-all-wheel-drive-i-activ-awd-sport-utility-jm3tcbby9n0625661/123?store={store_code}	BLUE	107139 miles	CX-9	JM3TCBBY9N0625661	2022	18500 USD	CBGMC	18500 USD	MI
1N6ED1EK3NN615949	2022 Nissan Frontier S	Nissan	https://www.dahlchevroletgmcwinona.com/inventory/used-2022-nissan-frontier-s-four-wheel-drive-crew-cab-1n6ed1ek3nn615949/	18500 USD	2022 Super Black Nissan Frontier Used 2022 Nissan Frontier S Crew Cab 4WD V6 Cylinder For sale at DAHL Chevrolet Buick GMC in Winona Minnesota.	https://vehicle-images.carscommerce.inc/f6e8-110010023/1N6ED1EK3NN615949/thumbnails/large/89de790b8c80343fb4f7ad1531ca2dd4.webp	in stock	USED	TRUCK	Vehicles & Parts > Vehicles > Motor Vehicles > Cars, Trucks & Vans	1N6ED1EK3NN615949	https://www.dahlchevroletgmcwinona.com/inventory/used-2022-nissan-frontier-s-four-wheel-drive-crew-cab-1n6ed1ek3nn615949/123?store={store_code}	BLACK	122976 miles	Frontier	1N6ED1EK3NN615949	2022	18500 USD	CBGMC	18500 USD	MI
4S4WMAAD9N3447496	2022 Subaru Ascent 8 PASSENGER	Subaru	https://www.dahlchevroletgmcwinona.com/inventory/used-2022-subaru-ascent-8-passenger-all-wheel-drive-sport-utility-4s4wmaad9n3447496/	23490 USD	2022 Crystal White Pearl Subaru Ascent Used 2022 Subaru Ascent 8 PASSENGER Sport Utility AWD 4 Cylinder For sale at DAHL Chevrolet Buick GMC in Winona Minnesota.	https://vehicle-images.carscommerce.inc/aa3d-110010023/4S4WMAAD9N3447496/thumbnails/large/55229b6ca0025a128ceca70d205f6ed8.webp	in stock	USED	SUV	Vehicles & Parts > Vehicles > Motor Vehicles > Cars, Trucks & Vans	4S4WMAAD9N3447496	https://www.dahlchevroletgmcwinona.com/inventory/used-2022-subaru-ascent-8-passenger-all-wheel-drive-sport-utility-4s4wmaad9n3447496/123?store={store_code}	WHITE	61780 miles	Ascent	4S4WMAAD9N3447496	2022	23490 USD	CBGMC	23490 USD	MI
JF2SKACC3NH429559	2022 Subaru Forester 4DR CVT	Subaru	https://www.dahlchevroletgmcwinona.com/inventory/used-2022-subaru-forester-4dr-cvt-all-wheel-drive-sport-utility-jf2skacc3nh429559/	21990 USD	2022 Crystal White Pearl Subaru Forester Used 2022 Subaru Forester 4DR CVT Sport Utility AWD 4 Cylinder For sale at DAHL Chevrolet Buick GMC in Winona Minnesota.	https://vehicle-images.carscommerce.inc/a8e0-110010023/JF2SKACC3NH429559/thumbnails/large/5c8031528d4a5ba7e79be58fe4a01aac.webp	in stock	USED	SUV	Vehicles & Parts > Vehicles > Motor Vehicles > Cars, Trucks & Vans	JF2SKACC3NH429559	https://www.dahlchevroletgmcwinona.com/inventory/used-2022-subaru-forester-4dr-cvt-all-wheel-drive-sport-utility-jf2skacc3nh429559/123?store={store_code}	WHITE	69516 miles	Forester	JF2SKACC3NH429559	2022	21990 USD	CBGMC	21990 USD	MI
4S4BTAACXN3188641	2022 Subaru Outback Base	Subaru	https://www.dahlchevroletgmcwinona.com/inventory/used-2022-subaru-outback-base-all-wheel-drive-sport-utility-4s4btaacxn3188641/	9500 USD	2022 Crystal White Pearl Subaru Outback Used 2022 Subaru Outback Base Sport Utility AWD 4 Cylinder For sale at DAHL Chevrolet Buick GMC in Winona Minnesota.	https://vehicle-images.carscommerce.inc/92bb-110010023/4S4BTAACXN3188641/thumbnails/large/61921b64957b1489fc1b520ebe0f30ba.webp	in stock	USED	SUV	Vehicles & Parts > Vehicles > Motor Vehicles > Cars, Trucks & Vans	4S4BTAACXN3188641	https://www.dahlchevroletgmcwinona.com/inventory/used-2022-subaru-outback-base-all-wheel-drive-sport-utility-4s4btaacxn3188641/123?store={store_code}	WHITE	331502 miles	Outback	4S4BTAACXN3188641	2022	9500 USD	CBGMC	9500 USD	MI
4S4BTGNDXN3219649	2022 Subaru Outback Limited XT	Subaru	https://www.dahlchevroletgmcwinona.com/inventory/used-2022-subaru-outback-limited-xt-all-wheel-drive-sport-utility-4s4btgndxn3219649/	28490 USD	2022 Brilliant Bronze Metallic Subaru Outback Used 2022 Subaru Outback Limited XT Sport Utility AWD 4 Cylinder For sale at DAHL Chevrolet Buick GMC in Winona Minnesota.	https://vehicle-images.carscommerce.inc/72f6-110010023/4S4BTGNDXN3219649/thumbnails/large/5500280eadda2e668f0d1f37d9c7abe2.webp	in stock	USED	SUV	Vehicles & Parts > Vehicles > Motor Vehicles > Cars, Trucks & Vans	4S4BTGNDXN3219649	https://www.dahlchevroletgmcwinona.com/inventory/used-2022-subaru-outback-limited-xt-all-wheel-drive-sport-utility-4s4btgndxn3219649/123?store={store_code}	BRONZE	20694 miles	Outback	4S4BTGNDXN3219649	2022	28490 USD	CBGMC	28490 USD	MI
5TDGZRBH6NS181654	2022 Toyota Highlander XLE	Toyota	https://www.dahlchevroletgmcwinona.com/inventory/used-2022-toyota-highlander-xle-all-wheel-drive-sport-utility-5tdgzrbh6ns181654/	28700 USD	2022 Midnight Black Metallic Toyota Highlander Used 2022 Toyota Highlander XLE Sport Utility AWD V6 Cylinder For sale at DAHL Chevrolet Buick GMC in Winona Minnesota.	https://vehicle-images.carscommerce.inc/ab60-110010023/5TDGZRBH6NS181654/thumbnails/large/2809e021b3ea4d9b297c121a53c3770d.webp	in stock	USED	SUV	Vehicles & Parts > Vehicles > Motor Vehicles > Cars, Trucks & Vans	5TDGZRBH6NS181654	https://www.dahlchevroletgmcwinona.com/inventory/used-2022-toyota-highlander-xle-all-wheel-drive-sport-utility-5tdgzrbh6ns181654/123?store={store_code}	BLACK	92984 miles	Highlander	5TDGZRBH6NS181654	2022	28700 USD	CBGMC	28700 USD	MI
3GNAXXEG8PL142079	2023 Chevrolet Equinox Premier	Chevrolet	https://www.dahlchevroletgmcwinona.com/inventory/used-2023-chevrolet-equinox-premier-all-wheel-drive-suv-3gnaxxeg8pl142079/	25649 USD	2023 RADIANT RED TINTCOAT Chevrolet Equinox Used 2023 Chevrolet Equinox Premier SUV AWD 1.5L Turbo 4-cylinder For sale at DAHL Chevrolet Buick GMC in Winona Minnesota.	https://vehicle-images.carscommerce.inc/7209-110010023/3GNAXXEG8PL142079/thumbnails/large/3baaee3f4ad5aa0c82bdca5c4be51838.webp	in stock	USED	SUV	Vehicles & Parts > Vehicles > Motor Vehicles > Cars, Trucks & Vans	3GNAXXEG8PL142079	https://www.dahlchevroletgmcwinona.com/inventory/used-2023-chevrolet-equinox-premier-all-wheel-drive-suv-3gnaxxeg8pl142079/123?store={store_code}	RED	33461 miles	Equinox	3GNAXXEG8PL142079	2023	25649 USD	CBGMC	25649 USD	MI
1GCPDBEK2PZ315414	2023 Chevrolet Silverado 1500 Custom	Chevrolet	https://www.dahlchevroletgmcwinona.com/inventory/used-2023-chevrolet-silverado-1500-custom-four-wheel-drive-crew-cab-1gcpdbek2pz315414/	29749 USD	2023 Sterling Gray Metallic Chevrolet Silverado 1500 Used 2023 Chevrolet Silverado 1500 Custom Crew Cab 4WD 2.7L Turbo High-Output For sale at DAHL Chevrolet Buick GMC in Winona Minnesota.	https://vehicle-images.carscommerce.inc/f4cc-110010023/1GCPDBEK2PZ315414/thumbnails/large/5f566af84e5e2581e47fc81efb201b61.webp	in stock	USED	TRUCK	Vehicles & Parts > Vehicles > Motor Vehicles > Cars, Trucks & Vans	1GCPDBEK2PZ315414	https://www.dahlchevroletgmcwinona.com/inventory/used-2023-chevrolet-silverado-1500-custom-four-wheel-drive-crew-cab-1gcpdbek2pz315414/123?store={store_code}	SILVER	64693 miles	Silverado 1500	1GCPDBEK2PZ315414	2023	29749 USD	CBGMC	29749 USD	MI
3GCUDDED8PG270625	2023 Chevrolet Silverado 1500 LT	Chevrolet	https://www.dahlchevroletgmcwinona.com/inventory/used-2023-chevrolet-silverado-1500-lt-four-wheel-drive-crew-cab-3gcudded8pg270625/	25749 USD	2023 Summit White Chevrolet Silverado 1500 Used 2023 Chevrolet Silverado 1500 LT Crew Cab 4WD 5.3L EcoTec3 V8 For sale at DAHL Chevrolet Buick GMC in Winona Minnesota.	https://vehicle-images.carscommerce.inc/cd28-110010023/3GCUDDED8PG270625/thumbnails/large/db53b1abe5ca4a89f4bb099c0884c740.webp	in stock	USED	TRUCK	Vehicles & Parts > Vehicles > Motor Vehicles > Cars, Trucks & Vans	3GCUDDED8PG270625	https://www.dahlchevroletgmcwinona.com/inventory/used-2023-chevrolet-silverado-1500-lt-four-wheel-drive-crew-cab-3gcudded8pg270625/123?store={store_code}	WHITE	100511 miles	Silverado 1500	3GCUDDED8PG270625	2023	25749 USD	CBGMC	25749 USD	MI
1GCUDEEL7PZ137920	2023 Chevrolet Silverado 1500 RST	Chevrolet	https://www.dahlchevroletgmcwinona.com/inventory/used-2023-chevrolet-silverado-1500-rst-four-wheel-drive-crew-cab-1gcudeel7pz137920/	29749 USD	2023 Summit White Chevrolet Silverado 1500 Used 2023 Chevrolet Silverado 1500 RST Crew Cab 4WD 6.2L EcoTec3 V8 For sale at DAHL Chevrolet Buick GMC in Winona Minnesota.	https://vehicle-images.carscommerce.inc/c9ab-110010023/1GCUDEEL7PZ137920/thumbnails/large/2a10b73f4198d4cffbc5edbc272dbcd5.webp	in stock	USED	TRUCK	Vehicles & Parts > Vehicles > Motor Vehicles > Cars, Trucks & Vans	1GCUDEEL7PZ137920	https://www.dahlchevroletgmcwinona.com/inventory/used-2023-chevrolet-silverado-1500-rst-four-wheel-drive-crew-cab-1gcudeel7pz137920/123?store={store_code}	WHITE	130236 miles	Silverado 1500	1GCUDEEL7PZ137920	2023	29749 USD	CBGMC	29749 USD	MI
3GCUDEED6PG201275	2023 Chevrolet Silverado 1500 RST	Chevrolet	https://www.dahlchevroletgmcwinona.com/inventory/used-2023-chevrolet-silverado-1500-rst-four-wheel-drive-crew-cab-3gcudeed6pg201275/	26749 USD	2023 Summit White Chevrolet Silverado 1500 Used 2023 Chevrolet Silverado 1500 RST Crew Cab 4WD 5.3L EcoTec3 V8 For sale at DAHL Chevrolet Buick GMC in Winona Minnesota.	https://vehicle-images.carscommerce.inc/4ac5-110010023/3GCUDEED6PG201275/thumbnails/large/21c5f3b999eaa9be1c0e68c08df064d1.webp	in stock	USED	TRUCK	Vehicles & Parts > Vehicles > Motor Vehicles > Cars, Trucks & Vans	3GCUDEED6PG201275	https://www.dahlchevroletgmcwinona.com/inventory/used-2023-chevrolet-silverado-1500-rst-four-wheel-drive-crew-cab-3gcudeed6pg201275/123?store={store_code}	WHITE	120923 miles	Silverado 1500	3GCUDEED6PG201275	2023	26749 USD	CBGMC	26749 USD	MI
KL79MPS26PB062940	2023 Chevrolet Trailblazer LT	Chevrolet	https://www.dahlchevroletgmcwinona.com/inventory/used-2023-chevrolet-trailblazer-lt-front-wheel-drive-suv-kl79mps26pb062940/	20249 USD	2023 Mosaic Black Metallic Chevrolet Trailblazer Used 2023 Chevrolet Trailblazer LT SUV FWD ECOTEC 1.2L Turbo For sale at DAHL Chevrolet Buick GMC in Winona Minnesota.	https://vehicle-images.carscommerce.inc/2aac-110010023/KL79MPS26PB062940/thumbnails/large/2a4bf2dd2c82acfcad7a409a66842900.webp	in stock	USED	SUV	Vehicles & Parts > Vehicles > Motor Vehicles > Cars, Trucks & Vans	KL79MPS26PB062940	https://www.dahlchevroletgmcwinona.com/inventory/used-2023-chevrolet-trailblazer-lt-front-wheel-drive-suv-kl79mps26pb062940/123?store={store_code}	BLACK	44077 miles	Trailblazer	KL79MPS26PB062940	2023	20249 USD	CBGMC	20249 USD	MI
1FMEE5DP3PLB55819	2023 Ford Bronco Badlands	Ford	https://www.dahlchevroletgmcwinona.com/inventory/used-2023-ford-bronco-badlands-four-wheel-drive-sport-utility-1fmee5dp3plb55819/	45500 USD	2023 Azure Gray Metallic Tri-Coat Ford Bronco Used 2023 Ford Bronco Badlands Sport Utility 4WD V6 Cylinder For sale at DAHL Chevrolet Buick GMC in Winona Minnesota.	https://vehicle-images.carscommerce.inc/99fe-110010023/1FMEE5DP3PLB55819/thumbnails/large/84470201757ce7368b7351b42d73e111.webp	in stock	USED	SUV	Vehicles & Parts > Vehicles > Motor Vehicles > Cars, Trucks & Vans	1FMEE5DP3PLB55819	https://www.dahlchevroletgmcwinona.com/inventory/used-2023-ford-bronco-badlands-four-wheel-drive-sport-utility-1fmee5dp3plb55819/123?store={store_code}	GRAY	18955 miles	Bronco	1FMEE5DP3PLB55819	2023	45500 USD	CBGMC	45500 USD	MI
1FMDE5AP9PLB86248	2023 Ford Bronco Big Bend	Ford	https://www.dahlchevroletgmcwinona.com/inventory/used-2023-ford-bronco-big-bend-four-wheel-drive-sport-utility-1fmde5ap9plb86248/	32990 USD	2023 Velocity Blue Metallic Ford Bronco Used 2023 Ford Bronco Big Bend Sport Utility 4WD V6 Cylinder For sale at DAHL Chevrolet Buick GMC in Winona Minnesota.	https://vehicle-images.carscommerce.inc/7608-110010023/1FMDE5AP9PLB86248/thumbnails/large/c6ef08a6822f752f691ead2d4f9193be.webp	in stock	USED	SUV	Vehicles & Parts > Vehicles > Motor Vehicles > Cars, Trucks & Vans	1FMDE5AP9PLB86248	https://www.dahlchevroletgmcwinona.com/inventory/used-2023-ford-bronco-big-bend-four-wheel-drive-sport-utility-1fmde5ap9plb86248/123?store={store_code}	BLUE	22677 miles	Bronco	1FMDE5AP9PLB86248	2023	32990 USD	CBGMC	32990 USD	MI
1FMDE5BH3PLA98349	2023 Ford Bronco Big Bend	Ford	https://www.dahlchevroletgmcwinona.com/inventory/used-2023-ford-bronco-big-bend-four-wheel-drive-sport-utility-1fmde5bh3pla98349/	34900 USD	2023 Velocity Blue Ford Bronco Used 2023 Ford Bronco Big Bend Sport Utility 4WD 4 Cylinder For sale at DAHL Chevrolet Buick GMC in Winona Minnesota.	https://vehicle-images.carscommerce.inc/1b60-110010023/1FMDE5BH3PLA98349/thumbnails/large/48966512f33ed55aab8ab3b78f0bb9de.webp	in stock	USED	SUV	Vehicles & Parts > Vehicles > Motor Vehicles > Cars, Trucks & Vans	1FMDE5BH3PLA98349	https://www.dahlchevroletgmcwinona.com/inventory/used-2023-ford-bronco-big-bend-four-wheel-drive-sport-utility-1fmde5bh3pla98349/123?store={store_code}	BLUE	16000 miles	Bronco	1FMDE5BH3PLA98349	2023	34900 USD	CBGMC	34900 USD	MI
1FMCU9GNXPUB03965	2023 Ford Escape Active	Ford	https://www.dahlchevroletgmcwinona.com/inventory/used-2023-ford-escape-active-all-wheel-drive-sport-utility-1fmcu9gnxpub03965/	22900 USD	2023 Carbonized Gray Ford Escape Used 2023 Ford Escape Active Sport Utility AWD 3 Cylinder For sale at DAHL Chevrolet Buick GMC in Winona Minnesota.	https://vehicle-images.carscommerce.inc/2bd0-110010023/1FMCU9GNXPUB03965/thumbnails/large/002cca19aa56a83b325b092db7e51698.webp	in stock	USED	SUV	Vehicles & Parts > Vehicles > Motor Vehicles > Cars, Trucks & Vans	1FMCU9GNXPUB03965	https://www.dahlchevroletgmcwinona.com/inventory/used-2023-ford-escape-active-all-wheel-drive-sport-utility-1fmcu9gnxpub03965/123?store={store_code}	GRAY	19500 miles	Escape	1FMCU9GNXPUB03965	2023	22900 USD	CBGMC	22900 USD	MI
1FMCU9JA1PUA56623	2023 Ford Escape Platinum	Ford	https://www.dahlchevroletgmcwinona.com/inventory/used-2023-ford-escape-platinum-all-wheel-drive-sport-utility-1fmcu9ja1pua56623/	22990 USD	2023 Atlas Blue Ford Escape Used 2023 Ford Escape Platinum Sport Utility AWD 4 Cylinder For sale at DAHL Chevrolet Buick GMC in Winona Minnesota.	https://vehicle-images.carscommerce.inc/fee3-110010023/1FMCU9JA1PUA56623/thumbnails/large/e594fc2ca0c9b998af472c8f5e62cc35.webp	in stock	USED	SUV	Vehicles & Parts > Vehicles > Motor Vehicles > Cars, Trucks & Vans	1FMCU9JA1PUA56623	https://www.dahlchevroletgmcwinona.com/inventory/used-2023-ford-escape-platinum-all-wheel-drive-sport-utility-1fmcu9ja1pua56623/123?store={store_code}	BLUE	54610 miles	Escape	1FMCU9JA1PUA56623	2023	22990 USD	CBGMC	22990 USD	MI
1FMCU9MN7PUA64417	2023 Ford Escape ST-Line	Ford	https://www.dahlchevroletgmcwinona.com/inventory/used-2023-ford-escape-st-line-all-wheel-drive-sport-utility-1fmcu9mn7pua64417/	20790 USD	2023 Agate Black Metallic Ford Escape Used 2023 Ford Escape ST-Line Sport Utility AWD 3 Cylinder For sale at DAHL Chevrolet Buick GMC in Winona Minnesota.	https://vehicle-images.carscommerce.inc/c913-110010023/1FMCU9MN7PUA64417/thumbnails/large/fa091af91ceae1302a83fb475eccedf8.webp	in stock	USED	SUV	Vehicles & Parts > Vehicles > Motor Vehicles > Cars, Trucks & Vans	1FMCU9MN7PUA64417	https://www.dahlchevroletgmcwinona.com/inventory/used-2023-ford-escape-st-line-all-wheel-drive-sport-utility-1fmcu9mn7pua64417/123?store={store_code}	BLACK	53310 miles	Escape	1FMCU9MN7PUA64417	2023	20790 USD	CBGMC	20790 USD	MI
1FMSK8DH7PGB79930	2023 Ford Explorer XLT	Ford	https://www.dahlchevroletgmcwinona.com/inventory/used-2023-ford-explorer-xlt-four-wheel-drive-sport-utility-1fmsk8dh7pgb79930/	31000 USD	2023 Agate Black Ford Explorer Used 2023 Ford Explorer XLT Sport Utility 4WD 4 Cylinder For sale at DAHL Chevrolet Buick GMC in Winona Minnesota.	https://vehicle-images.carscommerce.inc/fa30-110010023/1FMSK8DH7PGB79930/thumbnails/large/142667fe4cc4a0ed03d0648dd665e2fe.webp	in stock	USED	SUV	Vehicles & Parts > Vehicles > Motor Vehicles > Cars, Trucks & Vans	1FMSK8DH7PGB79930	https://www.dahlchevroletgmcwinona.com/inventory/used-2023-ford-explorer-xlt-four-wheel-drive-sport-utility-1fmsk8dh7pgb79930/123?store={store_code}	BLACK	49656 miles	Explorer	1FMSK8DH7PGB79930	2023	31000 USD	CBGMC	31000 USD	MI
1FTEW1E80PFA84966	2023 Ford F-150 Tremor	Ford	https://www.dahlchevroletgmcwinona.com/inventory/used-2023-ford-f-150-tremor-four-wheel-drive-supercrew-cab-1ftew1e80pfa84966/	47900 USD	2023 Agate Black Ford F-150 Used 2023 Ford F-150 Tremor SuperCrew Cab 4WD V6 Cylinder For sale at DAHL Chevrolet Buick GMC in Winona Minnesota.	https://vehicle-images.carscommerce.inc/abfc-110010023/1FTEW1E80PFA84966/thumbnails/large/8f9b288fda15a483aca3e27e6fe09da7.webp	in stock	USED	TRUCK	Vehicles & Parts > Vehicles > Motor Vehicles > Cars, Trucks & Vans	1FTEW1E80PFA84966	https://www.dahlchevroletgmcwinona.com/inventory/used-2023-ford-f-150-tremor-four-wheel-drive-supercrew-cab-1ftew1e80pfa84966/123?store={store_code}	BLACK	33213 miles	F-150	1FTEW1E80PFA84966	2023	47900 USD	CBGMC	47900 USD	MI
1FTEX1EP5PKD56746	2023 Ford F-150 XLT	Ford	https://www.dahlchevroletgmcwinona.com/inventory/used-2023-ford-f-150-xlt-four-wheel-drive-supercab-1ftex1ep5pkd56746/	36700 USD	2023 Atlas Blue Ford F-150 Used 2023 Ford F-150 XLT SuperCab 4WD V6 Cylinder For sale at DAHL Chevrolet Buick GMC in Winona Minnesota.	https://vehicle-images.carscommerce.inc/3492-110010023/1FTEX1EP5PKD56746/thumbnails/large/b2cabdb1b11c70ec8fa058fe295e01a8.webp	in stock	USED	TRUCK	Vehicles & Parts > Vehicles > Motor Vehicles > Cars, Trucks & Vans	1FTEX1EP5PKD56746	https://www.dahlchevroletgmcwinona.com/inventory/used-2023-ford-f-150-xlt-four-wheel-drive-supercab-1ftex1ep5pkd56746/123?store={store_code}	BLUE	53518 miles	F-150	1FTEX1EP5PKD56746	2023	36700 USD	CBGMC	36700 USD	MI
1FTFW1E54PKF15469	2023 Ford F-150 XLT	Ford	https://www.dahlchevroletgmcwinona.com/inventory/used-2023-ford-f-150-xlt-four-wheel-drive-supercrew-cab-1ftfw1e54pkf15469/	39900 USD	2023 Atlas Blue Ford F-150 Used 2023 Ford F-150 XLT SuperCrew Cab 4WD 8 Cylinder For sale at DAHL Chevrolet Buick GMC in Winona Minnesota.	https://vehicle-images.carscommerce.inc/5446-110010023/1FTFW1E54PKF15469/thumbnails/large/6a25a3e15c085a1cbb77c10ea03ef312.webp	in stock	USED	TRUCK	Vehicles & Parts > Vehicles > Motor Vehicles > Cars, Trucks & Vans	1FTFW1E54PKF15469	https://www.dahlchevroletgmcwinona.com/inventory/used-2023-ford-f-150-xlt-four-wheel-drive-supercrew-cab-1ftfw1e54pkf15469/123?store={store_code}	BLUE	38779 miles	F-150	1FTFW1E54PKF15469	2023	39900 USD	CBGMC	39900 USD	MI
1FTFW1E5XPKD39883	2023 Ford F-150 XLT	Ford	https://www.dahlchevroletgmcwinona.com/inventory/used-2023-ford-f-150-xlt-four-wheel-drive-supercrew-cab-1ftfw1e5xpkd39883/	44500 USD	2023 Oxford White Ford F-150 Used 2023 Ford F-150 XLT SuperCrew Cab 4WD 8 Cylinder For sale at DAHL Chevrolet Buick GMC in Winona Minnesota.	https://vehicle-images.carscommerce.inc/4f23-110010023/1FTFW1E5XPKD39883/thumbnails/large/296f5cd1ae89aec598f71db16c06ac37.webp	in stock	USED	TRUCK	Vehicles & Parts > Vehicles > Motor Vehicles > Cars, Trucks & Vans	1FTFW1E5XPKD39883	https://www.dahlchevroletgmcwinona.com/inventory/used-2023-ford-f-150-xlt-four-wheel-drive-supercrew-cab-1ftfw1e5xpkd39883/123?store={store_code}	WHITE	22348 miles	F-150	1FTFW1E5XPKD39883	2023	44500 USD	CBGMC	44500 USD	MI
1FTFW1E81PKD39183	2023 Ford F-150 XLT	Ford	https://www.dahlchevroletgmcwinona.com/inventory/used-2023-ford-f-150-xlt-four-wheel-drive-supercrew-cab-1ftfw1e81pkd39183/	38900 USD	2023 Area 51 Blue Ford F-150 Used 2023 Ford F-150 XLT SuperCrew Cab 4WD V6 Cylinder For sale at DAHL Chevrolet Buick GMC in Winona Minnesota.	https://vehicle-images.carscommerce.inc/4f15-110010023/1FTFW1E81PKD39183/thumbnails/large/e2d37aa7614aadba46a0a3ac5d5c9d20.webp	in stock	USED	TRUCK	Vehicles & Parts > Vehicles > Motor Vehicles > Cars, Trucks & Vans	1FTFW1E81PKD39183	https://www.dahlchevroletgmcwinona.com/inventory/used-2023-ford-f-150-xlt-four-wheel-drive-supercrew-cab-1ftfw1e81pkd39183/123?store={store_code}	BLUE	44583 miles	F-150	1FTFW1E81PKD39183	2023	38900 USD	CBGMC	38900 USD	MI
1FTFW1E89PFB39886	2023 Ford F-150 XLT	Ford	https://www.dahlchevroletgmcwinona.com/inventory/used-2023-ford-f-150-xlt-four-wheel-drive-supercrew-cab-1ftfw1e89pfb39886/	40900 USD	2023 Agate Black Ford F-150 Used 2023 Ford F-150 XLT SuperCrew Cab 4WD V6 Cylinder For sale at DAHL Chevrolet Buick GMC in Winona Minnesota.	https://vehicle-images.carscommerce.inc/b978-110010023/1FTFW1E89PFB39886/thumbnails/large/f523733ff100e9e4f51b55a7387589fb.webp	in stock	USED	TRUCK	Vehicles & Parts > Vehicles > Motor Vehicles > Cars, Trucks & Vans	1FTFW1E89PFB39886	https://www.dahlchevroletgmcwinona.com/inventory/used-2023-ford-f-150-xlt-four-wheel-drive-supercrew-cab-1ftfw1e89pfb39886/123?store={store_code}	BLACK	35920 miles	F-150	1FTFW1E89PFB39886	2023	40900 USD	CBGMC	40900 USD	MI
1FTFW1E89PFC02937	2023 Ford F-150 XLT	Ford	https://www.dahlchevroletgmcwinona.com/inventory/used-2023-ford-f-150-xlt-four-wheel-drive-supercrew-cab-1ftfw1e89pfc02937/	36490 USD	2023 Oxford White Ford F-150 Used 2023 Ford F-150 XLT SuperCrew Cab 4WD V6 Cylinder For sale at DAHL Chevrolet Buick GMC in Winona Minnesota.	https://vehicle-images.carscommerce.inc/43f0-110010023/1FTFW1E89PFC02937/thumbnails/large/9373263739ca101b2b9a63b8beedabf5.webp	in stock	USED	TRUCK	Vehicles & Parts > Vehicles > Motor Vehicles > Cars, Trucks & Vans	1FTFW1E89PFC02937	https://www.dahlchevroletgmcwinona.com/inventory/used-2023-ford-f-150-xlt-four-wheel-drive-supercrew-cab-1ftfw1e89pfc02937/123?store={store_code}	WHITE	48275 miles	F-150	1FTFW1E89PFC02937	2023	36490 USD	CBGMC	36490 USD	MI
3FTTW8E36PRA74353	2023 Ford Maverick XLT	Ford	https://www.dahlchevroletgmcwinona.com/inventory/used-2023-ford-maverick-xlt-front-wheel-drive-supercrew-3fttw8e36pra74353/	27890 USD	2023 Hot Pepper Red Tinted Clearcoat Ford Maverick Used 2023 Ford Maverick XLT SuperCrew FWD 4 Cylinder For sale at DAHL Chevrolet Buick GMC in Winona Minnesota.	https://vehicle-images.carscommerce.inc/cf2d-110010023/3FTTW8E36PRA74353/thumbnails/large/9c0dbfc0b8026e41f2e6065f8061b702.webp	in stock	USED	TRUCK	Vehicles & Parts > Vehicles > Motor Vehicles > Cars, Trucks & Vans	3FTTW8E36PRA74353	https://www.dahlchevroletgmcwinona.com/inventory/used-2023-ford-maverick-xlt-front-wheel-drive-supercrew-3fttw8e36pra74353/123?store={store_code}	RED	24279 miles	Maverick	3FTTW8E36PRA74353	2023	27890 USD	CBGMC	27890 USD	MI
1GTPUCEK7PZ163684	2023 GMC Sierra 1500 Elevation	GMC	https://www.dahlchevroletgmcwinona.com/inventory/used-2023-gmc-sierra-1500-elevation-four-wheel-drive-crew-cab-1gtpucek7pz163684/	32249 USD	2023 DYNAMIC BLUE METALLIC GMC Sierra 1500 Used 2023 GMC Sierra 1500 Elevation Crew Cab 4WD 2.7L Turbo High-Output For sale at DAHL Chevrolet Buick GMC in Winona Minnesota.	https://vehicle-images.carscommerce.inc/8253-110010023/1GTPUCEK7PZ163684/thumbnails/large/656f6abbe9d4bc88132ab52cf69630cf.webp	in stock	USED	TRUCK	Vehicles & Parts > Vehicles > Motor Vehicles > Cars, Trucks & Vans	1GTPUCEK7PZ163684	https://www.dahlchevroletgmcwinona.com/inventory/used-2023-gmc-sierra-1500-elevation-four-wheel-drive-crew-cab-1gtpucek7pz163684/123?store={store_code}	BLUE	92975 miles	Sierra 1500	1GTPUCEK7PZ163684	2023	32249 USD	CBGMC	32249 USD	MI
3GKALVEG1PL245194	2023 GMC Terrain SLT	GMC	https://www.dahlchevroletgmcwinona.com/inventory/used-2023-gmc-terrain-slt-all-wheel-drive-sport-utility-3gkalveg1pl245194/	22000 USD	2023 Summit White GMC Terrain Used 2023 GMC Terrain SLT Sport Utility AWD 4 Cylinder For sale at DAHL Chevrolet Buick GMC in Winona Minnesota.	https://vehicle-images.carscommerce.inc/a671-110010023/3GKALVEG1PL245194/thumbnails/large/2ef013636eff9fa16cf222c7142c2f6d.webp	in stock	USED	SUV	Vehicles & Parts > Vehicles > Motor Vehicles > Cars, Trucks & Vans	3GKALVEG1PL245194	https://www.dahlchevroletgmcwinona.com/inventory/used-2023-gmc-terrain-slt-all-wheel-drive-sport-utility-3gkalveg1pl245194/123?store={store_code}	WHITE	60617 miles	Terrain	3GKALVEG1PL245194	2023	22000 USD	CBGMC	22000 USD	MI
5FNYG1H84PB007916	2023 Honda Pilot Elite	Honda	https://www.dahlchevroletgmcwinona.com/inventory/used-2023-honda-pilot-elite-all-wheel-drive-sport-utility-5fnyg1h84pb007916/	40990 USD	2023 Crystal Black Pearl Honda Pilot Used 2023 Honda Pilot Elite Sport Utility AWD V6 Cylinder For sale at DAHL Chevrolet Buick GMC in Winona Minnesota.	https://vehicle-images.carscommerce.inc/fec7-110010023/5FNYG1H84PB007916/thumbnails/large/6f41ef67eb4f1400380474c774326966.webp	in stock	USED	SUV	Vehicles & Parts > Vehicles > Motor Vehicles > Cars, Trucks & Vans	5FNYG1H84PB007916	https://www.dahlchevroletgmcwinona.com/inventory/used-2023-honda-pilot-elite-all-wheel-drive-sport-utility-5fnyg1h84pb007916/123?store={store_code}	BLACK	39647 miles	Pilot	5FNYG1H84PB007916	2023	40990 USD	CBGMC	40990 USD	MI
5FPYK3F56PB005885	2023 Honda Ridgeline RTL	Honda	https://www.dahlchevroletgmcwinona.com/inventory/used-2023-honda-ridgeline-rtl-all-wheel-drive-crew-cab-5fpyk3f56pb005885/	29590 USD	2023 Modern Steel Metallic Honda Ridgeline Used 2023 Honda Ridgeline RTL Crew Cab AWD V6 Cylinder For sale at DAHL Chevrolet Buick GMC in Winona Minnesota.	https://vehicle-images.carscommerce.inc/53b2-110010023/5FPYK3F56PB005885/thumbnails/large/a36fa44f90c27bdcc4c72974bd1208c8.webp	in stock	USED	TRUCK	Vehicles & Parts > Vehicles > Motor Vehicles > Cars, Trucks & Vans	5FPYK3F56PB005885	https://www.dahlchevroletgmcwinona.com/inventory/used-2023-honda-ridgeline-rtl-all-wheel-drive-crew-cab-5fpyk3f56pb005885/123?store={store_code}	GRAY	72966 miles	Ridgeline	5FPYK3F56PB005885	2023	29590 USD	CBGMC	29590 USD	MI
5NTJBDAE5PH058717	2023 Hyundai Santa Cruz SEL	Hyundai	https://www.dahlchevroletgmcwinona.com/inventory/used-2023-hyundai-santa-cruz-sel-all-wheel-drive-crew-cab-5ntjbdae5ph058717/	24990 USD	2023 Hampton Gray Hyundai Santa Cruz Used 2023 Hyundai Santa Cruz SEL Crew Cab AWD 4 Cylinder For sale at DAHL Chevrolet Buick GMC in Winona Minnesota.	https://vehicle-images.carscommerce.inc/fbf1-110010023/5NTJBDAE5PH058717/thumbnails/large/cf39e565fb1bf3d2a5633b8fa8827123.webp	in stock	USED	TRUCK	Vehicles & Parts > Vehicles > Motor Vehicles > Cars, Trucks & Vans	5NTJBDAE5PH058717	https://www.dahlchevroletgmcwinona.com/inventory/used-2023-hyundai-santa-cruz-sel-all-wheel-drive-crew-cab-5ntjbdae5ph058717/123?store={store_code}	GRAY	20847 miles	Santa Cruz	5NTJBDAE5PH058717	2023	24990 USD	CBGMC	24990 USD	MI
5NMS4DAL4PH611298	2023 Hyundai Santa Fe Limited	Hyundai	https://www.dahlchevroletgmcwinona.com/inventory/used-2023-hyundai-santa-fe-limited-all-wheel-drive-sport-utility-5nms4dal4ph611298/	29490 USD	2023 Hampton Gray Hyundai Santa Fe Used 2023 Hyundai Santa Fe Limited Sport Utility AWD 4 Cylinder For sale at DAHL Chevrolet Buick GMC in Winona Minnesota.	https://vehicle-images.carscommerce.inc/fc14-110010023/5NMS4DAL4PH611298/thumbnails/large/4cf0871baf1a4d8af9a134c0c988ff35.webp	in stock	USED	SUV	Vehicles & Parts > Vehicles > Motor Vehicles > Cars, Trucks & Vans	5NMS4DAL4PH611298	https://www.dahlchevroletgmcwinona.com/inventory/used-2023-hyundai-santa-fe-limited-all-wheel-drive-sport-utility-5nms4dal4ph611298/123?store={store_code}	GRAY	35271 miles	Santa Fe	5NMS4DAL4PH611298	2023	29490 USD	CBGMC	29490 USD	MI
5NMS1DAJ4PH641974	2023 Hyundai Santa Fe SE	Hyundai	https://www.dahlchevroletgmcwinona.com/inventory/used-2023-hyundai-santa-fe-se-all-wheel-drive-sport-utility-5nms1daj4ph641974/	21990 USD	2023 Serenity White Pearl Hyundai Santa Fe Used 2023 Hyundai Santa Fe SE Sport Utility AWD 4 Cylinder For sale at DAHL Chevrolet Buick GMC in Winona Minnesota.	https://vehicle-images.carscommerce.inc/6a2a-110010023/5NMS1DAJ4PH641974/thumbnails/large/d01544d67d4c078ea3a4352d99a897b5.webp	in stock	USED	SUV	Vehicles & Parts > Vehicles > Motor Vehicles > Cars, Trucks & Vans	5NMS1DAJ4PH641974	https://www.dahlchevroletgmcwinona.com/inventory/used-2023-hyundai-santa-fe-se-all-wheel-drive-sport-utility-5nms1daj4ph641974/123?store={store_code}	WHITE	59858 miles	Santa Fe	5NMS1DAJ4PH641974	2023	21990 USD	CBGMC	21990 USD	MI
KMHL54JJ8PA059827	2023 Hyundai Sonata Hybrid Limited	Hyundai	https://www.dahlchevroletgmcwinona.com/inventory/used-2023-hyundai-sonata-hybrid-limited-front-wheel-drive-sedan-kmhl54jj8pa059827/	25990 USD	2023 Hampton Gray Hyundai Sonata Used 2023 Hyundai Sonata Hybrid Limited Sedan FWD 4 Cylinder For sale at DAHL Chevrolet Buick GMC in Winona Minnesota.	https://vehicle-images.carscommerce.inc/c559-110010023/KMHL54JJ8PA059827/thumbnails/large/5cab6e66872cbb756407b7fd054368a9.webp	in stock	USED	OTHER	Vehicles & Parts > Vehicles > Motor Vehicles > Cars, Trucks & Vans	KMHL54JJ8PA059827	https://www.dahlchevroletgmcwinona.com/inventory/used-2023-hyundai-sonata-hybrid-limited-front-wheel-drive-sedan-kmhl54jj8pa059827/123?store={store_code}	GRAY	33633 miles	Sonata	KMHL54JJ8PA059827	2023	25990 USD	CBGMC	25990 USD	MI
5NMJBCAE5PH220951	2023 Hyundai Tucson SEL	Hyundai	https://www.dahlchevroletgmcwinona.com/inventory/used-2023-hyundai-tucson-sel-all-wheel-drive-sport-utility-5nmjbcae5ph220951/	22200 USD	2023 Calypso Red Hyundai Tucson Used 2023 Hyundai Tucson SEL Sport Utility AWD 4 Cylinder For sale at DAHL Chevrolet Buick GMC in Winona Minnesota.	https://vehicle-images.carscommerce.inc/c1be-110010023/5NMJBCAE5PH220951/thumbnails/large/95039e62ef46488e12279428dc535ee6.webp	in stock	USED	SUV	Vehicles & Parts > Vehicles > Motor Vehicles > Cars, Trucks & Vans	5NMJBCAE5PH220951	https://www.dahlchevroletgmcwinona.com/inventory/used-2023-hyundai-tucson-sel-all-wheel-drive-sport-utility-5nmjbcae5ph220951/123?store={store_code}	RED	62391 miles	Tucson	5NMJBCAE5PH220951	2023	22200 USD	CBGMC	22200 USD	MI
5NMJFCAE6PH286333	2023 Hyundai Tucson SEL	Hyundai	https://www.dahlchevroletgmcwinona.com/inventory/used-2023-hyundai-tucson-sel-all-wheel-drive-sport-utility-5nmjfcae6ph286333/	24990 USD	2023 Shimmering Silver Hyundai Tucson Used 2023 Hyundai Tucson SEL Sport Utility AWD 4 Cylinder For sale at DAHL Chevrolet Buick GMC in Winona Minnesota.	https://vehicle-images.carscommerce.inc/649b-110010023/5NMJFCAE6PH286333/thumbnails/large/cbc8218c23723e6d645d2537d7e44f5f.webp	in stock	USED	SUV	Vehicles & Parts > Vehicles > Motor Vehicles > Cars, Trucks & Vans	5NMJFCAE6PH286333	https://www.dahlchevroletgmcwinona.com/inventory/used-2023-hyundai-tucson-sel-all-wheel-drive-sport-utility-5nmjfcae6ph286333/123?store={store_code}	SILVER	38691 miles	Tucson	5NMJFCAE6PH286333	2023	24990 USD	CBGMC	24990 USD	MI
3C4NJDCN1PT548328	2023 Jeep Compass Limited	Jeep	https://www.dahlchevroletgmcwinona.com/inventory/used-2023-jeep-compass-limited-four-wheel-drive-sport-utility-3c4njdcn1pt548328/	20590 USD	2023 Bright White Clearcoat Jeep Compass Used 2023 Jeep Compass Limited Sport Utility 4WD 4 Cylinder For sale at DAHL Chevrolet Buick GMC in Winona Minnesota.	https://vehicle-images.carscommerce.inc/b1ca-110010023/3C4NJDCN1PT548328/thumbnails/large/789997dca8250b407332bc70c2d2118c.webp	in stock	USED	SUV	Vehicles & Parts > Vehicles > Motor Vehicles > Cars, Trucks & Vans	3C4NJDCN1PT548328	https://www.dahlchevroletgmcwinona.com/inventory/used-2023-jeep-compass-limited-four-wheel-drive-sport-utility-3c4njdcn1pt548328/123?store={store_code}	WHITE	53671 miles	Compass	3C4NJDCN1PT548328	2023	20590 USD	CBGMC	20590 USD	MI
1C4RJKBGXP8803887	2023 Jeep Grand Cherokee L Limited	Jeep	https://www.dahlchevroletgmcwinona.com/inventory/used-2023-jeep-grand-cherokee-l-limited-four-wheel-drive-sport-utility-1c4rjkbgxp8803887/	31700 USD	2023 Diamond Black Crystal Pearlcoat Jeep Grand Cherokee L Used 2023 Jeep Grand Cherokee L Limited Sport Utility 4WD V6 Cylinder For sale at DAHL Chevrolet Buick GMC in Winona Minnesota.	https://vehicle-images.carscommerce.inc/6be9-110010023/1C4RJKBGXP8803887/thumbnails/large/c3d18674db3ff6760e35322763150a71.webp	in stock	USED	SUV	Vehicles & Parts > Vehicles > Motor Vehicles > Cars, Trucks & Vans	1C4RJKBGXP8803887	https://www.dahlchevroletgmcwinona.com/inventory/used-2023-jeep-grand-cherokee-l-limited-four-wheel-drive-sport-utility-1c4rjkbgxp8803887/123?store={store_code}	BLACK	42389 miles	Grand Cherokee L	1C4RJKBGXP8803887	2023	31700 USD	CBGMC	31700 USD	MI
ZACNJDB14PPP62751	2023 Jeep Renegade Latitude	Jeep	https://www.dahlchevroletgmcwinona.com/inventory/used-2023-jeep-renegade-latitude-four-wheel-drive-sport-utility-zacnjdb14ppp62751/	17600 USD	2023 Alpine White Clearcoat Jeep Renegade Used 2023 Jeep Renegade Latitude Sport Utility 4WD 4 Cylinder For sale at DAHL Chevrolet Buick GMC in Winona Minnesota.	https://vehicle-images.carscommerce.inc/d88c-110010023/ZACNJDB14PPP62751/thumbnails/large/9f673a6618c63605786877e76355d761.webp	in stock	USED	SUV	Vehicles & Parts > Vehicles > Motor Vehicles > Cars, Trucks & Vans	ZACNJDB14PPP62751	https://www.dahlchevroletgmcwinona.com/inventory/used-2023-jeep-renegade-latitude-four-wheel-drive-sport-utility-zacnjdb14ppp62751/123?store={store_code}	WHITE	56367 miles	Renegade	ZACNJDB14PPP62751	2023	17600 USD	CBGMC	17600 USD	MI
1C4SJSBP3PS549248	2023 Jeep Wagoneer L Series II	Jeep	https://www.dahlchevroletgmcwinona.com/inventory/used-2023-jeep-wagoneer-l-series-ii-four-wheel-drive-sport-utility-1c4sjsbp3ps549248/	31990 USD	2023 Bright White Clearcoat Jeep Wagoneer L Used 2023 Jeep Wagoneer L Series II Sport Utility 4WD Straight 6 Cylinder For sale at DAHL Chevrolet Buick GMC in Winona Minnesota.	https://vehicle-images.carscommerce.inc/2bb3-110010023/1C4SJSBP3PS549248/thumbnails/large/21afc9ee2da5a41f17619b72748f7511.webp	in stock	USED	SUV	Vehicles & Parts > Vehicles > Motor Vehicles > Cars, Trucks & Vans	1C4SJSBP3PS549248	https://www.dahlchevroletgmcwinona.com/inventory/used-2023-jeep-wagoneer-l-series-ii-four-wheel-drive-sport-utility-1c4sjsbp3ps549248/123?store={store_code}	WHITE	89500 miles	Wagoneer L	1C4SJSBP3PS549248	2023	31990 USD	CBGMC	31990 USD	MI
2LMPJ8K93PBL09041	2023 Lincoln Nautilus Reserve	Lincoln	https://www.dahlchevroletgmcwinona.com/inventory/used-2023-lincoln-nautilus-reserve-all-wheel-drive-sport-utility-2lmpj8k93pbl09041/	38900 USD	2023 Infinite Black Metallic Clearcoat Lincoln Nautilus Used 2023 Lincoln Nautilus Reserve Sport Utility AWD 4 Cylinder For sale at DAHL Chevrolet Buick GMC in Winona Minnesota.	https://vehicle-images.carscommerce.inc/42b9-110010023/2LMPJ8K93PBL09041/thumbnails/large/89f591cc8c3677bbe3726e5fc3735d1a.webp	in stock	USED	SUV	Vehicles & Parts > Vehicles > Motor Vehicles > Cars, Trucks & Vans	2LMPJ8K93PBL09041	https://www.dahlchevroletgmcwinona.com/inventory/used-2023-lincoln-nautilus-reserve-all-wheel-drive-sport-utility-2lmpj8k93pbl09041/123?store={store_code}	BLACK	24625 miles	Nautilus	2LMPJ8K93PBL09041	2023	38900 USD	CBGMC	38900 USD	MI
1N4BL4CV0PN375033	2023 Nissan Altima 2.5 SR	Nissan	https://www.dahlchevroletgmcwinona.com/inventory/used-2023-nissan-altima-2-5-sr-front-wheel-drive-sedan-1n4bl4cv0pn375033/	17998 USD	2023 Gun Metallic Nissan Altima Used 2023 Nissan Altima 2.5 SR Sedan FWD 4 Cylinder For sale at DAHL Chevrolet Buick GMC in Winona Minnesota.	https://vehicle-images.carscommerce.inc/5ced-110010023/1N4BL4CV0PN375033/thumbnails/large/f72e303785e7e42879ff8aa48f3c4338.webp	in stock	USED	OTHER	Vehicles & Parts > Vehicles > Motor Vehicles > Cars, Trucks & Vans	1N4BL4CV0PN375033	https://www.dahlchevroletgmcwinona.com/inventory/used-2023-nissan-altima-2-5-sr-front-wheel-drive-sedan-1n4bl4cv0pn375033/123?store={store_code}	GRAY	90883 miles	Altima	1N4BL4CV0PN375033	2023	17998 USD	CBGMC	17998 USD	MI
3N1CP5CV0PL566446	2023 Nissan Kicks SV	Nissan	https://www.dahlchevroletgmcwinona.com/inventory/used-2023-nissan-kicks-sv-front-wheel-drive-sport-utility-3n1cp5cv0pl566446/	18990 USD	2023 Scarlet Ember Tintcoat Nissan Kicks Used 2023 Nissan Kicks SV Sport Utility FWD 4 Cylinder For sale at DAHL Chevrolet Buick GMC in Winona Minnesota.	https://vehicle-images.carscommerce.inc/3724-110010023/3N1CP5CV0PL566446/thumbnails/large/256d1fe5428cb2b014a26d753a1cb08d.webp	in stock	USED	SUV	Vehicles & Parts > Vehicles > Motor Vehicles > Cars, Trucks & Vans	3N1CP5CV0PL566446	https://www.dahlchevroletgmcwinona.com/inventory/used-2023-nissan-kicks-sv-front-wheel-drive-sport-utility-3n1cp5cv0pl566446/123?store={store_code}	RED	41946 miles	Kicks	3N1CP5CV0PL566446	2023	18990 USD	CBGMC	18990 USD	MI
5N1BT3AB7PC790922	2023 Nissan Rogue S	Nissan	https://www.dahlchevroletgmcwinona.com/inventory/used-2023-nissan-rogue-s-all-wheel-drive-sport-utility-5n1bt3ab7pc790922/	18990 USD	2023 Glacier White Nissan Rogue Used 2023 Nissan Rogue S Sport Utility AWD 3 Cylinder For sale at DAHL Chevrolet Buick GMC in Winona Minnesota.	https://vehicle-images.carscommerce.inc/7862-110010023/5N1BT3AB7PC790922/thumbnails/large/e23fe8be4aeb3b23fbd4c67c4b789300.webp	in stock	USED	SUV	Vehicles & Parts > Vehicles > Motor Vehicles > Cars, Trucks & Vans	5N1BT3AB7PC790922	https://www.dahlchevroletgmcwinona.com/inventory/used-2023-nissan-rogue-s-all-wheel-drive-sport-utility-5n1bt3ab7pc790922/123?store={store_code}	WHITE	78033 miles	Rogue	5N1BT3AB7PC790922	2023	18990 USD	CBGMC	18990 USD	MI
5N1BT3BB3PC948333	2023 Nissan Rogue SV	Nissan	https://www.dahlchevroletgmcwinona.com/inventory/used-2023-nissan-rogue-sv-all-wheel-drive-sport-utility-5n1bt3bb3pc948333/	20000 USD	2023 Brilliant Silver Metallic Nissan Rogue Used 2023 Nissan Rogue SV Sport Utility AWD 3 Cylinder For sale at DAHL Chevrolet Buick GMC in Winona Minnesota.	https://vehicle-images.carscommerce.inc/87c7-110010023/5N1BT3BB3PC948333/thumbnails/large/98830aff293468e12ab0af62b4907e94.webp	in stock	USED	SUV	Vehicles & Parts > Vehicles > Motor Vehicles > Cars, Trucks & Vans	5N1BT3BB3PC948333	https://www.dahlchevroletgmcwinona.com/inventory/used-2023-nissan-rogue-sv-all-wheel-drive-sport-utility-5n1bt3bb3pc948333/123?store={store_code}	SILVER	57930 miles	Rogue	5N1BT3BB3PC948333	2023	20000 USD	CBGMC	20000 USD	MI
5N1BT3BB6PC802573	2023 Nissan Rogue SV	Nissan	https://www.dahlchevroletgmcwinona.com/inventory/used-2023-nissan-rogue-sv-all-wheel-drive-sport-utility-5n1bt3bb6pc802573/	20490 USD	2023 Super Black Nissan Rogue Used 2023 Nissan Rogue SV Sport Utility AWD 3 Cylinder For sale at DAHL Chevrolet Buick GMC in Winona Minnesota.	https://vehicle-images.carscommerce.inc/1f73-110010023/5N1BT3BB6PC802573/thumbnails/large/7e994c08602f290139c778d0a2906579.webp	in stock	USED	SUV	Vehicles & Parts > Vehicles > Motor Vehicles > Cars, Trucks & Vans	5N1BT3BB6PC802573	https://www.dahlchevroletgmcwinona.com/inventory/used-2023-nissan-rogue-sv-all-wheel-drive-sport-utility-5n1bt3bb6pc802573/123?store={store_code}	BLACK	50175 miles	Rogue	5N1BT3BB6PC802573	2023	20490 USD	CBGMC	20490 USD	MI
5N1BT3BB7PC942437	2023 Nissan Rogue SV	Nissan	https://www.dahlchevroletgmcwinona.com/inventory/used-2023-nissan-rogue-sv-all-wheel-drive-sport-utility-5n1bt3bb7pc942437/	19649 USD	2023 Brilliant Silver Metallic Nissan Rogue Used 2023 Nissan Rogue SV Sport Utility AWD 3 Cylinder For sale at DAHL Chevrolet Buick GMC in Winona Minnesota.	https://vehicle-images.carscommerce.inc/1cb1-110010023/5N1BT3BB7PC942437/thumbnails/large/704eeee507689e1535427f0657494ac5.webp	in stock	USED	SUV	Vehicles & Parts > Vehicles > Motor Vehicles > Cars, Trucks & Vans	5N1BT3BB7PC942437	https://www.dahlchevroletgmcwinona.com/inventory/used-2023-nissan-rogue-sv-all-wheel-drive-sport-utility-5n1bt3bb7pc942437/123?store={store_code}	SILVER	61661 miles	Rogue	5N1BT3BB7PC942437	2023	19649 USD	CBGMC	19649 USD	MI
JN8BT3BB4PW477882	2023 Nissan Rogue SV	Nissan	https://www.dahlchevroletgmcwinona.com/inventory/used-2023-nissan-rogue-sv-all-wheel-drive-sport-utility-jn8bt3bb4pw477882/	21000 USD	2023 Pearl White Tricoat Nissan Rogue Used 2023 Nissan Rogue SV Sport Utility AWD 3 Cylinder For sale at DAHL Chevrolet Buick GMC in Winona Minnesota.	https://vehicle-images.carscommerce.inc/97b6-110010023/JN8BT3BB4PW477882/thumbnails/large/ff96bcfcaa7bed586682fff7b6a62957.webp	in stock	USED	SUV	Vehicles & Parts > Vehicles > Motor Vehicles > Cars, Trucks & Vans	JN8BT3BB4PW477882	https://www.dahlchevroletgmcwinona.com/inventory/used-2023-nissan-rogue-sv-all-wheel-drive-sport-utility-jn8bt3bb4pw477882/123?store={store_code}	WHITE	22807 miles	Rogue	JN8BT3BB4PW477882	2023	21000 USD	CBGMC	21000 USD	MI
JN8BT3BB6PW196084	2023 Nissan Rogue SV	Nissan	https://www.dahlchevroletgmcwinona.com/inventory/used-2023-nissan-rogue-sv-all-wheel-drive-sport-utility-jn8bt3bb6pw196084/	21490 USD	2023 Caspian Blue Metallic Nissan Rogue Used 2023 Nissan Rogue SV Sport Utility AWD 3 Cylinder For sale at DAHL Chevrolet Buick GMC in Winona Minnesota.	https://vehicle-images.carscommerce.inc/1763-110010023/JN8BT3BB6PW196084/thumbnails/large/e6813ef1f8868b4d0deea7554fa8af9d.webp	in stock	USED	SUV	Vehicles & Parts > Vehicles > Motor Vehicles > Cars, Trucks & Vans	JN8BT3BB6PW196084	https://www.dahlchevroletgmcwinona.com/inventory/used-2023-nissan-rogue-sv-all-wheel-drive-sport-utility-jn8bt3bb6pw196084/123?store={store_code}	BLUE	48836 miles	Rogue	JN8BT3BB6PW196084	2023	21490 USD	CBGMC	21490 USD	MI
3C6RR7KT3PG656820	2023 Ram 1500 Classic Tradesman	Ram	https://www.dahlchevroletgmcwinona.com/inventory/used-2023-ram-1500-classic-tradesman-four-wheel-drive-crew-cab-3c6rr7kt3pg656820/	31998 USD	2023 Bright White Clearcoat Ram 1500 Classic Used 2023 Ram 1500 Classic Tradesman Crew Cab 4WD 8 Cylinder For sale at DAHL Chevrolet Buick GMC in Winona Minnesota.	https://vehicle-images.carscommerce.inc/b3b7-110010023/3C6RR7KT3PG656820/thumbnails/large/570c4d48cd700f9d26a1fa0c016ebe09.webp	in stock	USED	TRUCK	Vehicles & Parts > Vehicles > Motor Vehicles > Cars, Trucks & Vans	3C6RR7KT3PG656820	https://www.dahlchevroletgmcwinona.com/inventory/used-2023-ram-1500-classic-tradesman-four-wheel-drive-crew-cab-3c6rr7kt3pg656820/123?store={store_code}	WHITE	27496 miles	1500 Classic	3C6RR7KT3PG656820	2023	31998 USD	CBGMC	31998 USD	MI
JF2GTABC7P8280676	2023 Subaru Crosstrek Base	Subaru	https://www.dahlchevroletgmcwinona.com/inventory/used-2023-subaru-crosstrek-base-all-wheel-drive-sport-utility-jf2gtabc7p8280676/	19999 USD	2023 Ice Silver Metallic Subaru Crosstrek Used 2023 Subaru Crosstrek Base Sport Utility AWD 4 Cylinder For sale at DAHL Chevrolet Buick GMC in Winona Minnesota.	https://vehicle-images.carscommerce.inc/5f2e-110010023/JF2GTABC7P8280676/thumbnails/large/937fd9a9b0c2ce4471f1c0a5ab9f7eb9.webp	in stock	USED	SUV	Vehicles & Parts > Vehicles > Motor Vehicles > Cars, Trucks & Vans	JF2GTABC7P8280676	https://www.dahlchevroletgmcwinona.com/inventory/used-2023-subaru-crosstrek-base-all-wheel-drive-sport-utility-jf2gtabc7p8280676/123?store={store_code}	SILVER	74935 miles	Crosstrek	JF2GTABC7P8280676	2023	19999 USD	CBGMC	19999 USD	MI
JF2GTAEC7PH314725	2023 Subaru Crosstrek Premium	Subaru	https://www.dahlchevroletgmcwinona.com/inventory/used-2023-subaru-crosstrek-premium-all-wheel-drive-sport-utility-jf2gtaec7ph314725/	23200 USD	2023 Crystal Black Silica Subaru Crosstrek Used 2023 Subaru Crosstrek Premium Sport Utility AWD 4 Cylinder For sale at DAHL Chevrolet Buick GMC in Winona Minnesota.	https://vehicle-images.carscommerce.inc/67d7-110010023/JF2GTAEC7PH314725/thumbnails/large/429bc2eae25083a610985f79e136569d.webp	in stock	USED	SUV	Vehicles & Parts > Vehicles > Motor Vehicles > Cars, Trucks & Vans	JF2GTAEC7PH314725	https://www.dahlchevroletgmcwinona.com/inventory/used-2023-subaru-crosstrek-premium-all-wheel-drive-sport-utility-jf2gtaec7ph314725/123?store={store_code}	BLACK	64284 miles	Crosstrek	JF2GTAEC7PH314725	2023	23200 USD	CBGMC	23200 USD	MI
JF2SKAAC5PH404555	2023 Subaru Forester 4DR CVT	Subaru	https://www.dahlchevroletgmcwinona.com/inventory/used-2023-subaru-forester-4dr-cvt-all-wheel-drive-sport-utility-jf2skaac5ph404555/	25990 USD	2023 Horizon Blue Pearl Subaru Forester Used 2023 Subaru Forester 4DR CVT Sport Utility AWD 4 Cylinder For sale at DAHL Chevrolet Buick GMC in Winona Minnesota.	https://vehicle-images.carscommerce.inc/fbd2-110010023/JF2SKAAC5PH404555/thumbnails/large/57911e7ee84355001c4586d7c4c5f2c7.webp	in stock	USED	SUV	Vehicles & Parts > Vehicles > Motor Vehicles > Cars, Trucks & Vans	JF2SKAAC5PH404555	https://www.dahlchevroletgmcwinona.com/inventory/used-2023-subaru-forester-4dr-cvt-all-wheel-drive-sport-utility-jf2skaac5ph404555/123?store={store_code}	BLUE	14770 miles	Forester	JF2SKAAC5PH404555	2023	25990 USD	CBGMC	25990 USD	MI
4S4BTADC3P3166575	2023 Subaru Outback Premium	Subaru	https://www.dahlchevroletgmcwinona.com/inventory/used-2023-subaru-outback-premium-all-wheel-drive-sport-utility-4s4btadc3p3166575/	24990 USD	2023 Magnetite Gray Metallic Subaru Outback Used 2023 Subaru Outback Premium Sport Utility AWD 4 Cylinder For sale at DAHL Chevrolet Buick GMC in Winona Minnesota.	https://vehicle-images.carscommerce.inc/dea0-110010023/4S4BTADC3P3166575/thumbnails/large/d4d919215b929cc38bd54c481095c2d1.webp	in stock	USED	SUV	Vehicles & Parts > Vehicles > Motor Vehicles > Cars, Trucks & Vans	4S4BTADC3P3166575	https://www.dahlchevroletgmcwinona.com/inventory/used-2023-subaru-outback-premium-all-wheel-drive-sport-utility-4s4btadc3p3166575/123?store={store_code}	GRAY	49571 miles	Outback	4S4BTADC3P3166575	2023	24990 USD	CBGMC	24990 USD	MI
JTMEB3FV3PD160932	2023 Toyota RAV4 Prime XSE	Toyota	https://www.dahlchevroletgmcwinona.com/inventory/used-2023-toyota-rav4-prime-xse-all-wheel-drive-sport-utility-jtmeb3fv3pd160932/	22649 USD	2023 Blueprint w/Midnight Black Metallic Roof Toyota RAV4 Prime Used 2023 Toyota RAV4 Prime XSE Sport Utility AWD 4 Cylinder For sale at DAHL Chevrolet Buick GMC in Winona Minnesota.	https://vehicle-images.carscommerce.inc/d1e3-110010023/JTMEB3FV3PD160932/thumbnails/large/2424b3e6bbf3f67ac21184c11b17a9d6.webp	in stock	USED	SUV	Vehicles & Parts > Vehicles > Motor Vehicles > Cars, Trucks & Vans	JTMEB3FV3PD160932	https://www.dahlchevroletgmcwinona.com/inventory/used-2023-toyota-rav4-prime-xse-all-wheel-drive-sport-utility-jtmeb3fv3pd160932/123?store={store_code}	BLACK	163094 miles	RAV4 Prime	JTMEB3FV3PD160932	2023	22649 USD	CBGMC	22649 USD	MI
2T3P1RFV5PC348838	2023 Toyota RAV4 XLE	Toyota	https://www.dahlchevroletgmcwinona.com/inventory/used-2023-toyota-rav4-xle-all-wheel-drive-sport-utility-2t3p1rfv5pc348838/	27720 USD	2023 Midnight Black Metallic Toyota RAV4 Used 2023 Toyota RAV4 XLE Sport Utility AWD 4 Cylinder For sale at DAHL Chevrolet Buick GMC in Winona Minnesota.	https://vehicle-images.carscommerce.inc/214d-110010023/2T3P1RFV5PC348838/thumbnails/large/f3122ddee817b9f6985db8857b676a57.webp	in stock	USED	SUV	Vehicles & Parts > Vehicles > Motor Vehicles > Cars, Trucks & Vans	2T3P1RFV5PC348838	https://www.dahlchevroletgmcwinona.com/inventory/used-2023-toyota-rav4-xle-all-wheel-drive-sport-utility-2t3p1rfv5pc348838/123?store={store_code}	BLACK	85295 miles	RAV4	2T3P1RFV5PC348838	2023	27720 USD	CBGMC	27720 USD	MI
LRBFZME41RD060053	2024 Buick Envision Preferred	Buick	https://www.dahlchevroletgmcwinona.com/inventory/used-2024-buick-envision-preferred-all-wheel-drive-sport-utility-vehicle-lrbfzme41rd060053/	28700 USD	2024 Summit White Buick Envision Used 2024 Buick Envision Preferred Sport Utility Vehicle AWD 4 Cylinder For sale at DAHL Chevrolet Buick GMC in Winona Minnesota.	https://vehicle-images.carscommerce.inc/46e9-110010023/LRBFZME41RD060053/thumbnails/large/5d7fcd05f9c3f13e6567f4650ec2e83b.webp	in stock	USED	SUV	Vehicles & Parts > Vehicles > Motor Vehicles > Cars, Trucks & Vans	LRBFZME41RD060053	https://www.dahlchevroletgmcwinona.com/inventory/used-2024-buick-envision-preferred-all-wheel-drive-sport-utility-vehicle-lrbfzme41rd060053/123?store={store_code}	WHITE	7483 miles	Envision	LRBFZME41RD060053	2024	28700 USD	CBGMC	28700 USD	MI
LRBFZME45RD071816	2024 Buick Envision Preferred	Buick	https://www.dahlchevroletgmcwinona.com/inventory/used-2024-buick-envision-preferred-all-wheel-drive-sport-utility-vehicle-lrbfzme45rd071816/	24600 USD	2024 Summit White Buick Envision Used 2024 Buick Envision Preferred Sport Utility Vehicle AWD 4 Cylinder For sale at DAHL Chevrolet Buick GMC in Winona Minnesota.	https://vehicle-images.carscommerce.inc/da75-110010023/LRBFZME45RD071816/thumbnails/large/d2d7715687a31b515250ed11a3ce7655.webp	in stock	USED	SUV	Vehicles & Parts > Vehicles > Motor Vehicles > Cars, Trucks & Vans	LRBFZME45RD071816	https://www.dahlchevroletgmcwinona.com/inventory/used-2024-buick-envision-preferred-all-wheel-drive-sport-utility-vehicle-lrbfzme45rd071816/123?store={store_code}	WHITE	45084 miles	Envision	LRBFZME45RD071816	2024	24600 USD	CBGMC	24600 USD	MI
LRBFZME42RD064953	2024 Buick Envision Preferred	Buick	https://www.dahlchevroletgmcwinona.com/inventory/used-2024-buick-envision-preferred-all-wheel-drive-suv-lrbfzme42rd064953/	24049 USD	2024 Summit White Buick Envision Used 2024 Buick Envision Preferred SUV AWD 2.0L Turbo ECOTEC 4-cylinder For sale at DAHL Chevrolet Buick GMC in Winona Minnesota.	https://vehicle-images.carscommerce.inc/4607-110010023/LRBFZME42RD064953/thumbnails/large/4f4d614701644b5074a8e206e8a9e7fe.webp	in stock	USED	SUV	Vehicles & Parts > Vehicles > Motor Vehicles > Cars, Trucks & Vans	LRBFZME42RD064953	https://www.dahlchevroletgmcwinona.com/inventory/used-2024-buick-envision-preferred-all-wheel-drive-suv-lrbfzme42rd064953/123?store={store_code}	WHITE	54766 miles	Envision	LRBFZME42RD064953	2024	24049 USD	CBGMC	24049 USD	MI
3GNKBKRS0RS154126	2024 Chevrolet Blazer RS	Chevrolet	https://www.dahlchevroletgmcwinona.com/inventory/used-2024-chevrolet-blazer-rs-all-wheel-drive-suv-3gnkbkrs0rs154126/	33549 USD	2024 Radiant Red Tintcoat Chevrolet Blazer Used 2024 Chevrolet Blazer RS SUV AWD 3.6L V6 For sale at DAHL Chevrolet Buick GMC in Winona Minnesota.	https://vehicle-images.carscommerce.inc/2ca2-110010023/3GNKBKRS0RS154126/thumbnails/large/a02761378fca33483d1644c4880975dd.webp	in stock	USED	SUV	Vehicles & Parts > Vehicles > Motor Vehicles > Cars, Trucks & Vans	3GNKBKRS0RS154126	https://www.dahlchevroletgmcwinona.com/inventory/used-2024-chevrolet-blazer-rs-all-wheel-drive-suv-3gnkbkrs0rs154126/123?store={store_code}	RED	40650 miles	Blazer	3GNKBKRS0RS154126	2024	33549 USD	CBGMC	33549 USD	MI
3GNAXWEG2RS101899	2024 Chevrolet Equinox RS	Chevrolet	https://www.dahlchevroletgmcwinona.com/inventory/used-2024-chevrolet-equinox-rs-all-wheel-drive-suv-3gnaxweg2rs101899/	26749 USD	2024 Sterling Gray Metallic Chevrolet Equinox Used 2024 Chevrolet Equinox RS SUV AWD 1.5L Turbo 4-cylinder For sale at DAHL Chevrolet Buick GMC in Winona Minnesota.	https://vehicle-images.carscommerce.inc/342a-110010023/3GNAXWEG2RS101899/thumbnails/large/046263fc6d490bb965263d5558029f4e.webp	in stock	USED	SUV	Vehicles & Parts > Vehicles > Motor Vehicles > Cars, Trucks & Vans	3GNAXWEG2RS101899	https://www.dahlchevroletgmcwinona.com/inventory/used-2024-chevrolet-equinox-rs-all-wheel-drive-suv-3gnaxweg2rs101899/123?store={store_code}	SILVER	23758 miles	Equinox	3GNAXWEG2RS101899	2024	26749 USD	CBGMC	26749 USD	MI
1G1ZD5ST8RF138565	2024 Chevrolet Malibu LT	Chevrolet	https://www.dahlchevroletgmcwinona.com/inventory/used-2024-chevrolet-malibu-lt-front-wheel-drive-sedan-1g1zd5st8rf138565/	17690 USD	2024 Sterling Gray Metallic Chevrolet Malibu Used 2024 Chevrolet Malibu LT Sedan FWD 4 Cylinder For sale at DAHL Chevrolet Buick GMC in Winona Minnesota.	https://vehicle-images.carscommerce.inc/7b58-110010023/1G1ZD5ST8RF138565/thumbnails/large/d6dde5ed4931ee027090662c7f88bb0f.webp	in stock	USED	OTHER	Vehicles & Parts > Vehicles > Motor Vehicles > Cars, Trucks & Vans	1G1ZD5ST8RF138565	https://www.dahlchevroletgmcwinona.com/inventory/used-2024-chevrolet-malibu-lt-front-wheel-drive-sedan-1g1zd5st8rf138565/123?store={store_code}	SILVER	58710 miles	Malibu	1G1ZD5ST8RF138565	2024	17690 USD	CBGMC	17690 USD	MI
1G1ZD5STXRF153780	2024 Chevrolet Malibu LT	Chevrolet	https://www.dahlchevroletgmcwinona.com/inventory/used-2024-chevrolet-malibu-lt-front-wheel-drive-sedan-1g1zd5stxrf153780/	17690 USD	2024 Mosaic Black Metallic Chevrolet Malibu Used 2024 Chevrolet Malibu LT Sedan FWD 4 Cylinder For sale at DAHL Chevrolet Buick GMC in Winona Minnesota.	https://vehicle-images.carscommerce.inc/ba84-110010023/1G1ZD5STXRF153780/thumbnails/large/7fbcfe830d91f40473b172ba5c75eb86.webp	in stock	USED	OTHER	Vehicles & Parts > Vehicles > Motor Vehicles > Cars, Trucks & Vans	1G1ZD5STXRF153780	https://www.dahlchevroletgmcwinona.com/inventory/used-2024-chevrolet-malibu-lt-front-wheel-drive-sedan-1g1zd5stxrf153780/123?store={store_code}	BLACK	57425 miles	Malibu	1G1ZD5STXRF153780	2024	17690 USD	CBGMC	17690 USD	MI
1GCUDDED7RZ245315	2024 Chevrolet Silverado 1500 LT	Chevrolet	https://www.dahlchevroletgmcwinona.com/inventory/used-2024-chevrolet-silverado-1500-lt-four-wheel-drive-crew-cab-1gcudded7rz245315/	30249 USD	2024 Summit White Chevrolet Silverado 1500 Used 2024 Chevrolet Silverado 1500 LT Crew Cab 4WD 5.3L EcoTec3 V8 For sale at DAHL Chevrolet Buick GMC in Winona Minnesota.	https://vehicle-images.carscommerce.inc/a3f2-110010023/1GCUDDED7RZ245315/thumbnails/large/f1489b79eafea77078a587933edb45de.webp	in stock	USED	TRUCK	Vehicles & Parts > Vehicles > Motor Vehicles > Cars, Trucks & Vans	1GCUDDED7RZ245315	https://www.dahlchevroletgmcwinona.com/inventory/used-2024-chevrolet-silverado-1500-lt-four-wheel-drive-crew-cab-1gcudded7rz245315/123?store={store_code}	WHITE	124513 miles	Silverado 1500	1GCUDDED7RZ245315	2024	30249 USD	CBGMC	30249 USD	MI
1GNSKCKT1RR382714	2024 Chevrolet Suburban LT	Chevrolet	https://www.dahlchevroletgmcwinona.com/inventory/used-2024-chevrolet-suburban-lt-four-wheel-drive-suv-1gnskckt1rr382714/	55249 USD	2024 Radiant Red Tintcoat Chevrolet Suburban Used 2024 Chevrolet Suburban LT SUV 4WD 3.0L Duramax ® Turbo Diesel For sale at DAHL Chevrolet Buick GMC in Winona Minnesota.	https://vehicle-images.carscommerce.inc/539b-110010023/1GNSKCKT1RR382714/thumbnails/large/5f84cf5e619382049413725df6ef0c0a.webp	in stock	USED	SUV	Vehicles & Parts > Vehicles > Motor Vehicles > Cars, Trucks & Vans	1GNSKCKT1RR382714	https://www.dahlchevroletgmcwinona.com/inventory/used-2024-chevrolet-suburban-lt-four-wheel-drive-suv-1gnskckt1rr382714/123?store={store_code}	RED	17301 miles	Suburban	1GNSKCKT1RR382714	2024	55249 USD	CBGMC	55249 USD	MI
KL79MRSL5RB138817	2024 Chevrolet Trailblazer LT	Chevrolet	https://www.dahlchevroletgmcwinona.com/inventory/used-2024-chevrolet-trailblazer-lt-all-wheel-drive-sport-utility-kl79mrsl5rb138817/	22000 USD	2024 Sterling Gray Metallic Chevrolet Trailblazer Used 2024 Chevrolet Trailblazer LT Sport Utility AWD 3 Cylinder For sale at DAHL Chevrolet Buick GMC in Winona Minnesota.	https://vehicle-images.carscommerce.inc/f468-110010023/KL79MRSL5RB138817/thumbnails/large/3b4ee17be5d4b8490271d69118c0dcc9.webp	in stock	USED	SUV	Vehicles & Parts > Vehicles > Motor Vehicles > Cars, Trucks & Vans	KL79MRSL5RB138817	https://www.dahlchevroletgmcwinona.com/inventory/used-2024-chevrolet-trailblazer-lt-all-wheel-drive-sport-utility-kl79mrsl5rb138817/123?store={store_code}	SILVER	55025 miles	Trailblazer	KL79MRSL5RB138817	2024	22000 USD	CBGMC	22000 USD	MI
KL79MPS24RB102922	2024 Chevrolet Trailblazer LT	Chevrolet	https://www.dahlchevroletgmcwinona.com/inventory/used-2024-chevrolet-trailblazer-lt-front-wheel-drive-sport-utility-kl79mps24rb102922/	18000 USD	2024 Crimson Metallic Chevrolet Trailblazer Used 2024 Chevrolet Trailblazer LT Sport Utility FWD 3 Cylinder For sale at DAHL Chevrolet Buick GMC in Winona Minnesota.	https://vehicle-images.carscommerce.inc/fdf3-110010023/KL79MPS24RB102922/thumbnails/large/3d9abce642bffde83ce0042b62568b1e.webp	in stock	USED	SUV	Vehicles & Parts > Vehicles > Motor Vehicles > Cars, Trucks & Vans	KL79MPS24RB102922	https://www.dahlchevroletgmcwinona.com/inventory/used-2024-chevrolet-trailblazer-lt-front-wheel-drive-sport-utility-kl79mps24rb102922/123?store={store_code}	RED	94162 miles	Trailblazer	KL79MPS24RB102922	2024	18000 USD	CBGMC	18000 USD	MI
KL77LGE27RC245721	2024 Chevrolet Trax 1RS	Chevrolet	https://www.dahlchevroletgmcwinona.com/inventory/used-2024-chevrolet-trax-1rs-front-wheel-drive-suv-kl77lge27rc245721/	21149 USD	2024 Sterling Gray Metallic Chevrolet Trax Used 2024 Chevrolet Trax 1RS SUV FWD ECOTEC 1.2L Turbo For sale at DAHL Chevrolet Buick GMC in Winona Minnesota.	https://vehicle-images.carscommerce.inc/da42-110010023/KL77LGE27RC245721/thumbnails/large/7c60a40b9397eca21858b6cfd2ecc443.webp	in stock	USED	SUV	Vehicles & Parts > Vehicles > Motor Vehicles > Cars, Trucks & Vans	KL77LGE27RC245721	https://www.dahlchevroletgmcwinona.com/inventory/used-2024-chevrolet-trax-1rs-front-wheel-drive-suv-kl77lge27rc245721/123?store={store_code}	SILVER	26373 miles	Trax	KL77LGE27RC245721	2024	21149 USD	CBGMC	21149 USD	MI
2C4RC1S78RR115253	2024 Chrysler Pacifica Hybrid S Appearance Pkg	Chrysler	https://www.dahlchevroletgmcwinona.com/inventory/used-2024-chrysler-pacifica-hybrid-s-appearance-pkg-front-wheel-drive-passenger-van-2c4rc1s78rr115253/	24990 USD	2024 Bright White Clearcoat Chrysler Pacifica Used 2024 Chrysler Pacifica Hybrid S Appearance Pkg Passenger Van FWD V6 Cylinder For sale at DAHL Chevrolet Buick GMC in Winona Minnesota.	https://vehicle-images.carscommerce.inc/b2d3-110010023/2C4RC1S78RR115253/thumbnails/large/876ba1b08c634af3525032759d745a4d.webp	in stock	USED	VAN	Vehicles & Parts > Vehicles > Motor Vehicles > Cars, Trucks & Vans	2C4RC1S78RR115253	https://www.dahlchevroletgmcwinona.com/inventory/used-2024-chrysler-pacifica-hybrid-s-appearance-pkg-front-wheel-drive-passenger-van-2c4rc1s78rr115253/123?store={store_code}	WHITE	66632 miles	Pacifica	2C4RC1S78RR115253	2024	24990 USD	CBGMC	24990 USD	MI
2C4RC1BG1RR136445	2024 Chrysler Pacifica Touring L	Chrysler	https://www.dahlchevroletgmcwinona.com/inventory/used-2024-chrysler-pacifica-touring-l-front-wheel-drive-passenger-van-2c4rc1bg1rr136445/	22990 USD	2024 Diamond Black Crystal Pearlcoat Chrysler Pacifica Used 2024 Chrysler Pacifica Touring L Passenger Van FWD V6 Cylinder For sale at DAHL Chevrolet Buick GMC in Winona Minnesota.	https://vehicle-images.carscommerce.inc/82d1-110010023/2C4RC1BG1RR136445/thumbnails/large/40790b1e7d2b2be60e4c36be7469a550.webp	in stock	USED	VAN	Vehicles & Parts > Vehicles > Motor Vehicles > Cars, Trucks & Vans	2C4RC1BG1RR136445	https://www.dahlchevroletgmcwinona.com/inventory/used-2024-chrysler-pacifica-touring-l-front-wheel-drive-passenger-van-2c4rc1bg1rr136445/123?store={store_code}	BLACK	75222 miles	Pacifica	2C4RC1BG1RR136445	2024	22990 USD	CBGMC	22990 USD	MI
2C4RC1BG3RR148760	2024 Chrysler Pacifica Touring L	Chrysler	https://www.dahlchevroletgmcwinona.com/inventory/used-2024-chrysler-pacifica-touring-l-front-wheel-drive-passenger-van-2c4rc1bg3rr148760/	23490 USD	2024 Diamond Black Crystal Pearlcoat Chrysler Pacifica Used 2024 Chrysler Pacifica Touring L Passenger Van FWD V6 Cylinder For sale at DAHL Chevrolet Buick GMC in Winona Minnesota.	https://vehicle-images.carscommerce.inc/ecd7-110010023/2C4RC1BG3RR148760/thumbnails/large/ae0ab2aaa5c9b07edc88193aa474edfd.webp	in stock	USED	VAN	Vehicles & Parts > Vehicles > Motor Vehicles > Cars, Trucks & Vans	2C4RC1BG3RR148760	https://www.dahlchevroletgmcwinona.com/inventory/used-2024-chrysler-pacifica-touring-l-front-wheel-drive-passenger-van-2c4rc1bg3rr148760/123?store={store_code}	BLACK	65490 miles	Pacifica	2C4RC1BG3RR148760	2024	23490 USD	CBGMC	23490 USD	MI
2C4RC1BG6RR165472	2024 Chrysler Pacifica Touring L	Chrysler	https://www.dahlchevroletgmcwinona.com/inventory/used-2024-chrysler-pacifica-touring-l-front-wheel-drive-passenger-van-2c4rc1bg6rr165472/	23200 USD	2024 Bright White Clearcoat Chrysler Pacifica Used 2024 Chrysler Pacifica Touring L Passenger Van FWD V6 Cylinder For sale at DAHL Chevrolet Buick GMC in Winona Minnesota.	https://vehicle-images.carscommerce.inc/5143-110010023/2C4RC1BG6RR165472/thumbnails/large/597bac946652b864cda5f5a787b0f351.webp	in stock	USED	VAN	Vehicles & Parts > Vehicles > Motor Vehicles > Cars, Trucks & Vans	2C4RC1BG6RR165472	https://www.dahlchevroletgmcwinona.com/inventory/used-2024-chrysler-pacifica-touring-l-front-wheel-drive-passenger-van-2c4rc1bg6rr165472/123?store={store_code}	WHITE	62054 miles	Pacifica	2C4RC1BG6RR165472	2024	23200 USD	CBGMC	23200 USD	MI
1FMEE9BPXRLA32421	2024 Ford Bronco Badlands	Ford	https://www.dahlchevroletgmcwinona.com/inventory/used-2024-ford-bronco-badlands-four-wheel-drive-sport-utility-1fmee9bpxrla32421/	45700 USD	2024 Iconic Silver Ford Bronco Used 2024 Ford Bronco Badlands Sport Utility 4WD V6 Cylinder For sale at DAHL Chevrolet Buick GMC in Winona Minnesota.	https://vehicle-images.carscommerce.inc/40cf-110010023/1FMEE9BPXRLA32421/thumbnails/large/a6e56db6f34091467528600c4afccee4.webp	in stock	USED	SUV	Vehicles & Parts > Vehicles > Motor Vehicles > Cars, Trucks & Vans	1FMEE9BPXRLA32421	https://www.dahlchevroletgmcwinona.com/inventory/used-2024-ford-bronco-badlands-four-wheel-drive-sport-utility-1fmee9bpxrla32421/123?store={store_code}	SILVER	10668 miles	Bronco	1FMEE9BPXRLA32421	2024	45700 USD	CBGMC	45700 USD	MI
3FMCR9B61RRE63413	2024 Ford Bronco Sport Big Bend	Ford	https://www.dahlchevroletgmcwinona.com/inventory/used-2024-ford-bronco-sport-big-bend-four-wheel-drive-sport-utility-3fmcr9b61rre63413/	26800 USD	2024 Cactus Gray Ford Bronco Sport Used 2024 Ford Bronco Sport Big Bend Sport Utility 4WD 3 Cylinder For sale at DAHL Chevrolet Buick GMC in Winona Minnesota.	https://vehicle-images.carscommerce.inc/c36d-110010023/3FMCR9B61RRE63413/thumbnails/large/d1adcf1eeca6072323f610c1c6077441.webp	in stock	USED	SUV	Vehicles & Parts > Vehicles > Motor Vehicles > Cars, Trucks & Vans	3FMCR9B61RRE63413	https://www.dahlchevroletgmcwinona.com/inventory/used-2024-ford-bronco-sport-big-bend-four-wheel-drive-sport-utility-3fmcr9b61rre63413/123?store={store_code}	GRAY	27549 miles	Bronco Sport	3FMCR9B61RRE63413	2024	26800 USD	CBGMC	26800 USD	MI
2FMPK4J90RBA72143	2024 Ford Edge SEL	Ford	https://www.dahlchevroletgmcwinona.com/inventory/used-2024-ford-edge-sel-all-wheel-drive-sport-utility-2fmpk4j90rba72143/	21900 USD	2024 Iconic Silver Ford Edge Used 2024 Ford Edge SEL Sport Utility AWD 4 Cylinder For sale at DAHL Chevrolet Buick GMC in Winona Minnesota.	https://vehicle-images.carscommerce.inc/c056-110010023/2FMPK4J90RBA72143/thumbnails/large/19023ebb1f86404fdffd785fcf579c9d.webp	in stock	USED	SUV	Vehicles & Parts > Vehicles > Motor Vehicles > Cars, Trucks & Vans	2FMPK4J90RBA72143	https://www.dahlchevroletgmcwinona.com/inventory/used-2024-ford-edge-sel-all-wheel-drive-sport-utility-2fmpk4j90rba72143/123?store={store_code}	SILVER	40657 miles	Edge	2FMPK4J90RBA72143	2024	21900 USD	CBGMC	21900 USD	MI
2FMPK4J9XRBA41157	2024 Ford Edge SEL	Ford	https://www.dahlchevroletgmcwinona.com/inventory/used-2024-ford-edge-sel-all-wheel-drive-sport-utility-2fmpk4j9xrba41157/	25500 USD	2024 Stone Blue Ford Edge Used 2024 Ford Edge SEL Sport Utility AWD 4 Cylinder For sale at DAHL Chevrolet Buick GMC in Winona Minnesota.	https://vehicle-images.carscommerce.inc/a24a-110010023/2FMPK4J9XRBA41157/thumbnails/large/a527298ddb813a93f8b073a77534ce5a.webp	in stock	USED	SUV	Vehicles & Parts > Vehicles > Motor Vehicles > Cars, Trucks & Vans	2FMPK4J9XRBA41157	https://www.dahlchevroletgmcwinona.com/inventory/used-2024-ford-edge-sel-all-wheel-drive-sport-utility-2fmpk4j9xrba41157/123?store={store_code}	BLUE	36733 miles	Edge	2FMPK4J9XRBA41157	2024	25500 USD	CBGMC	25500 USD	MI
1FMCU9MN3RUA26797	2024 Ford Escape ST-Line	Ford	https://www.dahlchevroletgmcwinona.com/inventory/used-2024-ford-escape-st-line-all-wheel-drive-sport-utility-1fmcu9mn3rua26797/	19990 USD	2024 Rapid Red Metallic Tinted Clearcoat Ford Escape Used 2024 Ford Escape ST-Line Sport Utility AWD 3 Cylinder For sale at DAHL Chevrolet Buick GMC in Winona Minnesota.	https://vehicle-images.carscommerce.inc/a5c3-110010023/1FMCU9MN3RUA26797/thumbnails/large/a84b9e6278af76d9975447df9a9a8910.webp	in stock	USED	SUV	Vehicles & Parts > Vehicles > Motor Vehicles > Cars, Trucks & Vans	1FMCU9MN3RUA26797	https://www.dahlchevroletgmcwinona.com/inventory/used-2024-ford-escape-st-line-all-wheel-drive-sport-utility-1fmcu9mn3rua26797/123?store={store_code}	RED	72790 miles	Escape	1FMCU9MN3RUA26797	2024	19990 USD	CBGMC	19990 USD	MI
1FMCU0MZ6RUA16750	2024 Ford Escape ST-Line	Ford	https://www.dahlchevroletgmcwinona.com/inventory/used-2024-ford-escape-st-line-front-wheel-drive-sport-utility-1fmcu0mz6rua16750/	21900 USD	2024 Carbonized Gray Metallic Ford Escape Used 2024 Ford Escape ST-Line Sport Utility FWD 4 Cylinder For sale at DAHL Chevrolet Buick GMC in Winona Minnesota.	https://vehicle-images.carscommerce.inc/cdda-110010023/1FMCU0MZ6RUA16750/thumbnails/large/00274f4c9acc814f0bbcad1626892c00.webp	in stock	USED	SUV	Vehicles & Parts > Vehicles > Motor Vehicles > Cars, Trucks & Vans	1FMCU0MZ6RUA16750	https://www.dahlchevroletgmcwinona.com/inventory/used-2024-ford-escape-st-line-front-wheel-drive-sport-utility-1fmcu0mz6rua16750/123?store={store_code}	GRAY	34847 miles	Escape	1FMCU0MZ6RUA16750	2024	21900 USD	CBGMC	21900 USD	MI
1FMJK2AG3REA78595	2024 Ford Expedition Max Limited	Ford	https://www.dahlchevroletgmcwinona.com/inventory/used-2024-ford-expedition-max-limited-four-wheel-drive-sport-utility-1fmjk2ag3rea78595/	56500 USD	2024 Star White Metallic Tri-Coat Ford Expedition Max Used 2024 Ford Expedition Max Limited Sport Utility 4WD V6 Cylinder For sale at DAHL Chevrolet Buick GMC in Winona Minnesota.	https://vehicle-images.carscommerce.inc/1626-110010023/1FMJK2AG3REA78595/thumbnails/large/a3c391328347fb7205a60f2984d1a317.webp	in stock	USED	SUV	Vehicles & Parts > Vehicles > Motor Vehicles > Cars, Trucks & Vans	1FMJK2AG3REA78595	https://www.dahlchevroletgmcwinona.com/inventory/used-2024-ford-expedition-max-limited-four-wheel-drive-sport-utility-1fmjk2ag3rea78595/123?store={store_code}	WHITE	42748 miles	Expedition Max	1FMJK2AG3REA78595	2024	56500 USD	CBGMC	56500 USD	MI
1FMSK8DH7RGA38245	2024 Ford Explorer XLT	Ford	https://www.dahlchevroletgmcwinona.com/inventory/used-2024-ford-explorer-xlt-four-wheel-drive-sport-utility-1fmsk8dh7rga38245/	32900 USD	2024 Iconic Silver Ford Explorer Used 2024 Ford Explorer XLT Sport Utility 4WD 4 Cylinder For sale at DAHL Chevrolet Buick GMC in Winona Minnesota.	https://vehicle-images.carscommerce.inc/573f-110010023/1FMSK8DH7RGA38245/thumbnails/large/89c8d4d599b8d7be7a069cc0ffc586d5.webp	in stock	USED	SUV	Vehicles & Parts > Vehicles > Motor Vehicles > Cars, Trucks & Vans	1FMSK8DH7RGA38245	https://www.dahlchevroletgmcwinona.com/inventory/used-2024-ford-explorer-xlt-four-wheel-drive-sport-utility-1fmsk8dh7rga38245/123?store={store_code}	SILVER	28670 miles	Explorer	1FMSK8DH7RGA38245	2024	32900 USD	CBGMC	32900 USD	MI
1FTFW6LD6RFA43519	2024 Ford F-150 King Ranch	Ford	https://www.dahlchevroletgmcwinona.com/inventory/used-2024-ford-f-150-king-ranch-four-wheel-drive-supercrew-cab-1ftfw6ld6rfa43519/	53900 USD	2024 Rapid Red Metallic Tinted Clearcoat Ford F-150 Used 2024 Ford F-150 King Ranch SuperCrew Cab 4WD V6 Cylinder For sale at DAHL Chevrolet Buick GMC in Winona Minnesota.	https://vehicle-images.carscommerce.inc/6a9c-110010023/1FTFW6LD6RFA43519/thumbnails/large/72d37f6754b6b8587223b90635bd0a6e.webp	in stock	USED	TRUCK	Vehicles & Parts > Vehicles > Motor Vehicles > Cars, Trucks & Vans	1FTFW6LD6RFA43519	https://www.dahlchevroletgmcwinona.com/inventory/used-2024-ford-f-150-king-ranch-four-wheel-drive-supercrew-cab-1ftfw6ld6rfa43519/123?store={store_code}	RED	21342 miles	F-150	1FTFW6LD6RFA43519	2024	53900 USD	CBGMC	53900 USD	MI
1FTFW5L8XRFA46744	2024 Ford F-150 LARIAT	Ford	https://www.dahlchevroletgmcwinona.com/inventory/used-2024-ford-f-150-lariat-four-wheel-drive-supercrew-cab-1ftfw5l8xrfa46744/	49500 USD	2024 Star White Metallic Tri-Coat Ford F-150 Used 2024 Ford F-150 LARIAT SuperCrew Cab 4WD V6 Cylinder For sale at DAHL Chevrolet Buick GMC in Winona Minnesota.	https://vehicle-images.carscommerce.inc/77b5-110010023/1FTFW5L8XRFA46744/thumbnails/large/9e3a269b03b4de714f0a839e27c1fe75.webp	in stock	USED	TRUCK	Vehicles & Parts > Vehicles > Motor Vehicles > Cars, Trucks & Vans	1FTFW5L8XRFA46744	https://www.dahlchevroletgmcwinona.com/inventory/used-2024-ford-f-150-lariat-four-wheel-drive-supercrew-cab-1ftfw5l8xrfa46744/123?store={store_code}	WHITE	37944 miles	F-150	1FTFW5L8XRFA46744	2024	49500 USD	CBGMC	49500 USD	MI
1FTEW3LP0RFA20449	2024 Ford F-150 XLT	Ford	https://www.dahlchevroletgmcwinona.com/inventory/used-2024-ford-f-150-xlt-four-wheel-drive-supercrew-cab-1ftew3lp0rfa20449/	41900 USD	2024 Oxford White Ford F-150 Used 2024 Ford F-150 XLT SuperCrew Cab 4WD V6 Cylinder For sale at DAHL Chevrolet Buick GMC in Winona Minnesota.	https://vehicle-images.carscommerce.inc/dc31-110010023/1FTEW3LP0RFA20449/thumbnails/large/1b5d06d1c99b9c6c7de45d36e223d63f.webp	in stock	USED	TRUCK	Vehicles & Parts > Vehicles > Motor Vehicles > Cars, Trucks & Vans	1FTEW3LP0RFA20449	https://www.dahlchevroletgmcwinona.com/inventory/used-2024-ford-f-150-xlt-four-wheel-drive-supercrew-cab-1ftew3lp0rfa20449/123?store={store_code}	WHITE	15772 miles	F-150	1FTEW3LP0RFA20449	2024	41900 USD	CBGMC	41900 USD	MI
1FTEW3LP1RKD09606	2024 Ford F-150 XLT	Ford	https://www.dahlchevroletgmcwinona.com/inventory/used-2024-ford-f-150-xlt-four-wheel-drive-supercrew-cab-1ftew3lp1rkd09606/	41900 USD	2024 Avalanche Gray Ford F-150 Used 2024 Ford F-150 XLT SuperCrew Cab 4WD V6 Cylinder For sale at DAHL Chevrolet Buick GMC in Winona Minnesota.	https://vehicle-images.carscommerce.inc/8025-110010023/1FTEW3LP1RKD09606/thumbnails/large/9a4543c043cb405cee40056576718ce3.webp	in stock	USED	TRUCK	Vehicles & Parts > Vehicles > Motor Vehicles > Cars, Trucks & Vans	1FTEW3LP1RKD09606	https://www.dahlchevroletgmcwinona.com/inventory/used-2024-ford-f-150-xlt-four-wheel-drive-supercrew-cab-1ftew3lp1rkd09606/123?store={store_code}	GRAY	24281 miles	F-150	1FTEW3LP1RKD09606	2024	41900 USD	CBGMC	41900 USD	MI
1FTEW3LP4RFA44768	2024 Ford F-150 XLT	Ford	https://www.dahlchevroletgmcwinona.com/inventory/used-2024-ford-f-150-xlt-four-wheel-drive-supercrew-cab-1ftew3lp4rfa44768/	41700 USD	2024 Avalanche Gray Ford F-150 Used 2024 Ford F-150 XLT SuperCrew Cab 4WD V6 Cylinder For sale at DAHL Chevrolet Buick GMC in Winona Minnesota.	https://vehicle-images.carscommerce.inc/dbd9-110010023/1FTEW3LP4RFA44768/thumbnails/large/2dfe19c56b197e92bd5e554bc8e93478.webp	in stock	USED	TRUCK	Vehicles & Parts > Vehicles > Motor Vehicles > Cars, Trucks & Vans	1FTEW3LP4RFA44768	https://www.dahlchevroletgmcwinona.com/inventory/used-2024-ford-f-150-xlt-four-wheel-drive-supercrew-cab-1ftew3lp4rfa44768/123?store={store_code}	GRAY	36518 miles	F-150	1FTEW3LP4RFA44768	2024	41700 USD	CBGMC	41700 USD	MI
1FTEW3LP5RFA04084	2024 Ford F-150 XLT	Ford	https://www.dahlchevroletgmcwinona.com/inventory/used-2024-ford-f-150-xlt-four-wheel-drive-supercrew-cab-1ftew3lp5rfa04084/	42500 USD	2024 Iconic Silver Ford F-150 Used 2024 Ford F-150 XLT SuperCrew Cab 4WD V6 Cylinder For sale at DAHL Chevrolet Buick GMC in Winona Minnesota.	https://vehicle-images.carscommerce.inc/61a7-110010023/1FTEW3LP5RFA04084/thumbnails/large/4c2e280379be62a18513e210861536f6.webp	in stock	USED	TRUCK	Vehicles & Parts > Vehicles > Motor Vehicles > Cars, Trucks & Vans	1FTEW3LP5RFA04084	https://www.dahlchevroletgmcwinona.com/inventory/used-2024-ford-f-150-xlt-four-wheel-drive-supercrew-cab-1ftew3lp5rfa04084/123?store={store_code}	SILVER	23705 miles	F-150	1FTEW3LP5RFA04084	2024	42500 USD	CBGMC	42500 USD	MI
1FTEW3LP5RFB42093	2024 Ford F-150 XLT	Ford	https://www.dahlchevroletgmcwinona.com/inventory/used-2024-ford-f-150-xlt-four-wheel-drive-supercrew-cab-1ftew3lp5rfb42093/	43700 USD	2024 Antimatter Blue Ford F-150 Used 2024 Ford F-150 XLT SuperCrew Cab 4WD V6 Cylinder For sale at DAHL Chevrolet Buick GMC in Winona Minnesota.	https://vehicle-images.carscommerce.inc/5650-110010023/1FTEW3LP5RFB42093/thumbnails/large/2ab4de3919736614ad68acdba8144d1a.webp	in stock	USED	TRUCK	Vehicles & Parts > Vehicles > Motor Vehicles > Cars, Trucks & Vans	1FTEW3LP5RFB42093	https://www.dahlchevroletgmcwinona.com/inventory/used-2024-ford-f-150-xlt-four-wheel-drive-supercrew-cab-1ftew3lp5rfb42093/123?store={store_code}	BLUE	26977 miles	F-150	1FTEW3LP5RFB42093	2024	43700 USD	CBGMC	43700 USD	MI
1FTEW3LP9RFA42787	2024 Ford F-150 XLT	Ford	https://www.dahlchevroletgmcwinona.com/inventory/used-2024-ford-f-150-xlt-four-wheel-drive-supercrew-cab-1ftew3lp9rfa42787/	42900 USD	2024 Antimatter Blue Ford F-150 Used 2024 Ford F-150 XLT SuperCrew Cab 4WD V6 Cylinder For sale at DAHL Chevrolet Buick GMC in Winona Minnesota.	https://vehicle-images.carscommerce.inc/3cd3-110010023/1FTEW3LP9RFA42787/thumbnails/large/ba98f50cf5fe486134d58a6c30133690.webp	in stock	USED	TRUCK	Vehicles & Parts > Vehicles > Motor Vehicles > Cars, Trucks & Vans	1FTEW3LP9RFA42787	https://www.dahlchevroletgmcwinona.com/inventory/used-2024-ford-f-150-xlt-four-wheel-drive-supercrew-cab-1ftew3lp9rfa42787/123?store={store_code}	BLUE	24233 miles	F-150	1FTEW3LP9RFA42787	2024	42900 USD	CBGMC	42900 USD	MI
1FTEW3LP9RKD08820	2024 Ford F-150 XLT	Ford	https://www.dahlchevroletgmcwinona.com/inventory/used-2024-ford-f-150-xlt-four-wheel-drive-supercrew-cab-1ftew3lp9rkd08820/	41500 USD	2024 Agate Black Ford F-150 Used 2024 Ford F-150 XLT SuperCrew Cab 4WD V6 Cylinder For sale at DAHL Chevrolet Buick GMC in Winona Minnesota.	https://vehicle-images.carscommerce.inc/5137-110010023/1FTEW3LP9RKD08820/thumbnails/large/bc679deb7543ad911eb01ff89156da1e.webp	in stock	USED	TRUCK	Vehicles & Parts > Vehicles > Motor Vehicles > Cars, Trucks & Vans	1FTEW3LP9RKD08820	https://www.dahlchevroletgmcwinona.com/inventory/used-2024-ford-f-150-xlt-four-wheel-drive-supercrew-cab-1ftew3lp9rkd08820/123?store={store_code}	BLACK	21382 miles	F-150	1FTEW3LP9RKD08820	2024	41500 USD	CBGMC	41500 USD	MI
1FTFW3L88RKD36184	2024 Ford F-150 XLT	Ford	https://www.dahlchevroletgmcwinona.com/inventory/used-2024-ford-f-150-xlt-four-wheel-drive-supercrew-cab-1ftfw3l88rkd36184/	40900 USD	2024 Iconic Silver Ford F-150 Used 2024 Ford F-150 XLT SuperCrew Cab 4WD V6 Cylinder For sale at DAHL Chevrolet Buick GMC in Winona Minnesota.	https://vehicle-images.carscommerce.inc/3910-110010023/1FTFW3L88RKD36184/thumbnails/large/0858d7f31d941630985f569400d92e8a.webp	in stock	USED	TRUCK	Vehicles & Parts > Vehicles > Motor Vehicles > Cars, Trucks & Vans	1FTFW3L88RKD36184	https://www.dahlchevroletgmcwinona.com/inventory/used-2024-ford-f-150-xlt-four-wheel-drive-supercrew-cab-1ftfw3l88rkd36184/123?store={store_code}	SILVER	16295 miles	F-150	1FTFW3L88RKD36184	2024	40900 USD	CBGMC	40900 USD	MI
1FTFW3LD8RFB19465	2024 Ford F-150 XLT	Ford	https://www.dahlchevroletgmcwinona.com/inventory/used-2024-ford-f-150-xlt-four-wheel-drive-supercrew-cab-1ftfw3ld8rfb19465/	40500 USD	2024 Agate Black Ford F-150 Used 2024 Ford F-150 XLT SuperCrew Cab 4WD V6 Cylinder For sale at DAHL Chevrolet Buick GMC in Winona Minnesota.	https://vehicle-images.carscommerce.inc/734e-110010023/1FTFW3LD8RFB19465/thumbnails/large/ede8ebc1ee19a280806700568326a1f8.webp	in stock	USED	TRUCK	Vehicles & Parts > Vehicles > Motor Vehicles > Cars, Trucks & Vans	1FTFW3LD8RFB19465	https://www.dahlchevroletgmcwinona.com/inventory/used-2024-ford-f-150-xlt-four-wheel-drive-supercrew-cab-1ftfw3ld8rfb19465/123?store={store_code}	BLACK	33696 miles	F-150	1FTFW3LD8RFB19465	2024	40500 USD	CBGMC	40500 USD	MI
3GTUUEE81RG355687	2024 GMC Sierra 1500 AT4	GMC	https://www.dahlchevroletgmcwinona.com/inventory/used-2024-gmc-sierra-1500-at4-four-wheel-drive-crew-cab-pickup-3gtuuee81rg355687/	48900 USD	2024 Sterling Metallic GMC Sierra 1500 Used 2024 GMC Sierra 1500 AT4 Crew Cab Pickup 4WD Straight 6 Cylinder For sale at DAHL Chevrolet Buick GMC in Winona Minnesota.	https://vehicle-images.carscommerce.inc/d98e-110010023/3GTUUEE81RG355687/thumbnails/large/f0989ebd6cbd61a96bb3cf82aa0637fb.webp	in stock	USED	TRUCK	Vehicles & Parts > Vehicles > Motor Vehicles > Cars, Trucks & Vans	3GTUUEE81RG355687	https://www.dahlchevroletgmcwinona.com/inventory/used-2024-gmc-sierra-1500-at4-four-wheel-drive-crew-cab-pickup-3gtuuee81rg355687/123?store={store_code}	SILVER	42704 miles	Sierra 1500	3GTUUEE81RG355687	2024	48900 USD	CBGMC	48900 USD	MI
3GTUUFE88RG335765	2024 GMC Sierra 1500 AT4X	GMC	https://www.dahlchevroletgmcwinona.com/inventory/used-2024-gmc-sierra-1500-at4x-four-wheel-drive-crew-cab-3gtuufe88rg335765/	56049 USD	2024 Thunderstorm Gray GMC Sierra 1500 Used 2024 GMC Sierra 1500 AT4X Crew Cab 4WD 3.0L Duramax ® Turbo Diesel For sale at DAHL Chevrolet Buick GMC in Winona Minnesota.	https://vehicle-images.carscommerce.inc/32e2-110010023/3GTUUFE88RG335765/thumbnails/large/e56afe915494fc3b715bcaa7bfdcbebe.webp	in stock	USED	TRUCK	Vehicles & Parts > Vehicles > Motor Vehicles > Cars, Trucks & Vans	3GTUUFE88RG335765	https://www.dahlchevroletgmcwinona.com/inventory/used-2024-gmc-sierra-1500-at4x-four-wheel-drive-crew-cab-3gtuufe88rg335765/123?store={store_code}	GRAY	24902 miles	Sierra 1500	3GTUUFE88RG335765	2024	56049 USD	CBGMC	56049 USD	MI
1GTUUCED2RZ404543	2024 GMC Sierra 1500 Elevation	GMC	https://www.dahlchevroletgmcwinona.com/inventory/used-2024-gmc-sierra-1500-elevation-four-wheel-drive-crew-cab-1gtuuced2rz404543/	42749 USD	2024 Onyx Black GMC Sierra 1500 Used 2024 GMC Sierra 1500 Elevation Crew Cab 4WD 5.3L EcoTec3 V8 For sale at DAHL Chevrolet Buick GMC in Winona Minnesota.	https://vehicle-images.carscommerce.inc/3ae0-110010023/1GTUUCED2RZ404543/thumbnails/large/43b06a50fe6a7b7ea4335c34e9669674.webp	in stock	USED	TRUCK	Vehicles & Parts > Vehicles > Motor Vehicles > Cars, Trucks & Vans	1GTUUCED2RZ404543	https://www.dahlchevroletgmcwinona.com/inventory/used-2024-gmc-sierra-1500-elevation-four-wheel-drive-crew-cab-1gtuuced2rz404543/123?store={store_code}	BLACK	39682 miles	Sierra 1500	1GTUUCED2RZ404543	2024	42749 USD	CBGMC	42749 USD	MI
1GTPUJEKXRZ346343	2024 GMC Sierra 1500 Elevation	GMC	https://www.dahlchevroletgmcwinona.com/inventory/used-2024-gmc-sierra-1500-elevation-four-wheel-drive-crew-cab-pickup-1gtpujekxrz346343/	39900 USD	2024 Thunderstorm Gray GMC Sierra 1500 Used 2024 GMC Sierra 1500 Elevation Crew Cab Pickup 4WD 4 Cylinder For sale at DAHL Chevrolet Buick GMC in Winona Minnesota.	https://vehicle-images.carscommerce.inc/ac1d-110010023/1GTPUJEKXRZ346343/thumbnails/large/4e33a940967df7e574664905f5cd9237.webp	in stock	USED	TRUCK	Vehicles & Parts > Vehicles > Motor Vehicles > Cars, Trucks & Vans	1GTPUJEKXRZ346343	https://www.dahlchevroletgmcwinona.com/inventory/used-2024-gmc-sierra-1500-elevation-four-wheel-drive-crew-cab-pickup-1gtpujekxrz346343/123?store={store_code}	GRAY	30407 miles	Sierra 1500	1GTPUJEKXRZ346343	2024	39900 USD	CBGMC	39900 USD	MI
1GTUUCED0RZ330958	2024 GMC Sierra 1500 Elevation	GMC	https://www.dahlchevroletgmcwinona.com/inventory/used-2024-gmc-sierra-1500-elevation-four-wheel-drive-crew-cab-pickup-1gtuuced0rz330958/	43900 USD	2024 Onyx Black GMC Sierra 1500 Used 2024 GMC Sierra 1500 Elevation Crew Cab Pickup 4WD 8 Cylinder For sale at DAHL Chevrolet Buick GMC in Winona Minnesota.	https://vehicle-images.carscommerce.inc/5652-110010023/1GTUUCED0RZ330958/thumbnails/large/e0f4a106a4bde442816ddadadd6d8bec.webp	in stock	USED	TRUCK	Vehicles & Parts > Vehicles > Motor Vehicles > Cars, Trucks & Vans	1GTUUCED0RZ330958	https://www.dahlchevroletgmcwinona.com/inventory/used-2024-gmc-sierra-1500-elevation-four-wheel-drive-crew-cab-pickup-1gtuuced0rz330958/123?store={store_code}	BLACK	28776 miles	Sierra 1500	1GTUUCED0RZ330958	2024	43900 USD	CBGMC	43900 USD	MI
1GTRUJEK6RZ358255	2024 GMC Sierra 1500 Elevation	GMC	https://www.dahlchevroletgmcwinona.com/inventory/used-2024-gmc-sierra-1500-elevation-four-wheel-drive-double-cab-pickup-1gtrujek6rz358255/	37700 USD	2024 Thunderstorm Gray GMC Sierra 1500 Used 2024 GMC Sierra 1500 Elevation Double Cab Pickup 4WD 4 Cylinder For sale at DAHL Chevrolet Buick GMC in Winona Minnesota.	https://vehicle-images.carscommerce.inc/6072-110010023/1GTRUJEK6RZ358255/thumbnails/large/526778cd99e44fa5a3f9024ffd95c71b.webp	in stock	USED	TRUCK	Vehicles & Parts > Vehicles > Motor Vehicles > Cars, Trucks & Vans	1GTRUJEK6RZ358255	https://www.dahlchevroletgmcwinona.com/inventory/used-2024-gmc-sierra-1500-elevation-four-wheel-drive-double-cab-pickup-1gtrujek6rz358255/123?store={store_code}	GRAY	29147 miles	Sierra 1500	1GTRUJEK6RZ358255	2024	37700 USD	CBGMC	37700 USD	MI
1GKS2HKD4RR348236	2024 GMC Yukon XL AT4	GMC	https://www.dahlchevroletgmcwinona.com/inventory/used-2024-gmc-yukon-xl-at4-four-wheel-drive-suv-1gks2hkd4rr348236/	59249 USD	2024 Volcanic Red Tintcoat GMC Yukon XL Used 2024 GMC Yukon XL AT4 SUV 4WD 5.3L V8 For sale at DAHL Chevrolet Buick GMC in Winona Minnesota.	https://www.dahlchevroletgmcwinona.com/wp-content/plugins/inventory/images/notfound.jpg	in stock	USED	SUV	Vehicles & Parts > Vehicles > Motor Vehicles > Cars, Trucks & Vans	1GKS2HKD4RR348236	https://www.dahlchevroletgmcwinona.com/inventory/used-2024-gmc-yukon-xl-at4-four-wheel-drive-suv-1gks2hkd4rr348236/123?store={store_code}	RED	57491 miles	Yukon XL	1GKS2HKD4RR348236	2024	59249 USD	CBGMC	59249 USD	MI
19XFL2H81RE021418	2024 Honda Civic Hatchback Sport	Honda	https://www.dahlchevroletgmcwinona.com/inventory/used-2024-honda-civic-hatchback-sport-front-wheel-drive-hatchback-19xfl2h81re021418/	23990 USD	2024 Lunar Silver Metallic Honda Civic Used 2024 Honda Civic Hatchback Sport Hatchback FWD 4 Cylinder For sale at DAHL Chevrolet Buick GMC in Winona Minnesota.	https://vehicle-images.carscommerce.inc/c58d-110010023/19XFL2H81RE021418/thumbnails/large/72e7b8489b8857850ad74ec9828bba53.webp	in stock	USED	OTHER	Vehicles & Parts > Vehicles > Motor Vehicles > Cars, Trucks & Vans	19XFL2H81RE021418	https://www.dahlchevroletgmcwinona.com/inventory/used-2024-honda-civic-hatchback-sport-front-wheel-drive-hatchback-19xfl2h81re021418/123?store={store_code}	SILVER	51453 miles	Civic	19XFL2H81RE021418	2024	23990 USD	CBGMC	23990 USD	MI
2HKRS4H43RH422019	2024 Honda CR-V EX	Honda	https://www.dahlchevroletgmcwinona.com/inventory/used-2024-honda-cr-v-ex-all-wheel-drive-sport-utility-2hkrs4h43rh422019/	29000 USD	2024 Platinum White Pearl Honda CR-V Used 2024 Honda CR-V EX Sport Utility AWD 4 Cylinder For sale at DAHL Chevrolet Buick GMC in Winona Minnesota.	https://vehicle-images.carscommerce.inc/3dfc-110010023/2HKRS4H43RH422019/thumbnails/large/850619d9ce76eedb29238ccab41dfd24.webp	in stock	USED	SUV	Vehicles & Parts > Vehicles > Motor Vehicles > Cars, Trucks & Vans	2HKRS4H43RH422019	https://www.dahlchevroletgmcwinona.com/inventory/used-2024-honda-cr-v-ex-all-wheel-drive-sport-utility-2hkrs4h43rh422019/123?store={store_code}	WHITE	39900 miles	CR-V	2HKRS4H43RH422019	2024	29000 USD	CBGMC	29000 USD	MI
5J6RS4H74RL007808	2024 Honda CR-V EX-L	Honda	https://www.dahlchevroletgmcwinona.com/inventory/used-2024-honda-cr-v-ex-l-all-wheel-drive-sport-utility-5j6rs4h74rl007808/	33490 USD	2024 Urban Gray Pearl Honda CR-V Used 2024 Honda CR-V EX-L Sport Utility AWD 4 Cylinder For sale at DAHL Chevrolet Buick GMC in Winona Minnesota.	https://vehicle-images.carscommerce.inc/bb1d-110010023/5J6RS4H74RL007808/thumbnails/large/571122fd2d8241ccdf20328fc50b81b2.webp	in stock	USED	SUV	Vehicles & Parts > Vehicles > Motor Vehicles > Cars, Trucks & Vans	5J6RS4H74RL007808	https://www.dahlchevroletgmcwinona.com/inventory/used-2024-honda-cr-v-ex-l-all-wheel-drive-sport-utility-5j6rs4h74rl007808/123?store={store_code}	GRAY	35131 miles	CR-V	5J6RS4H74RL007808	2024	33490 USD	CBGMC	33490 USD	MI
7FARS6H59RE011960	2024 Honda CR-V Hybrid Sport	Honda	https://www.dahlchevroletgmcwinona.com/inventory/used-2024-honda-cr-v-hybrid-sport-all-wheel-drive-4dr-awd-7fars6h59re011960/	33000 USD	2024 Urban Gray Pearl Honda CR-V Used 2024 Honda CR-V Hybrid Sport 4dr AWD AWD 4 Cylinder For sale at DAHL Chevrolet Buick GMC in Winona Minnesota.	https://vehicle-images.carscommerce.inc/8e12-110010023/7FARS6H59RE011960/thumbnails/large/4e88580f6f121a5a41acb1357b7e9e99.webp	in stock	USED	OTHER	Vehicles & Parts > Vehicles > Motor Vehicles > Cars, Trucks & Vans	7FARS6H59RE011960	https://www.dahlchevroletgmcwinona.com/inventory/used-2024-honda-cr-v-hybrid-sport-all-wheel-drive-4dr-awd-7fars6h59re011960/123?store={store_code}	GRAY	45009 miles	CR-V	7FARS6H59RE011960	2024	33000 USD	CBGMC	33000 USD	MI
5J6RS6H98RL019957	2024 Honda CR-V Hybrid Sport Touring	Honda	https://www.dahlchevroletgmcwinona.com/inventory/used-2024-honda-cr-v-hybrid-sport-touring-all-wheel-drive-4dr-awd-5j6rs6h98rl019957/	35600 USD	2024 Lunar Silver Metallic Honda CR-V Used 2024 Honda CR-V Hybrid Sport Touring 4dr AWD AWD 4 Cylinder For sale at DAHL Chevrolet Buick GMC in Winona Minnesota.	https://vehicle-images.carscommerce.inc/3ab4-110010023/5J6RS6H98RL019957/thumbnails/large/038b6cd989b0463901ca08586f0a5e7a.webp	in stock	USED	OTHER	Vehicles & Parts > Vehicles > Motor Vehicles > Cars, Trucks & Vans	5J6RS6H98RL019957	https://www.dahlchevroletgmcwinona.com/inventory/used-2024-honda-cr-v-hybrid-sport-touring-all-wheel-drive-4dr-awd-5j6rs6h98rl019957/123?store={store_code}	SILVER	40603 miles	CR-V	5J6RS6H98RL019957	2024	35600 USD	CBGMC	35600 USD	MI
7FARS6H91RE049928	2024 Honda CR-V Hybrid Sport Touring	Honda	https://www.dahlchevroletgmcwinona.com/inventory/used-2024-honda-cr-v-hybrid-sport-touring-all-wheel-drive-4dr-awd-7fars6h91re049928/	37990 USD	2024 Meteorite Gray Metallic Honda CR-V Used 2024 Honda CR-V Hybrid Sport Touring 4dr AWD AWD 4 Cylinder For sale at DAHL Chevrolet Buick GMC in Winona Minnesota.	https://vehicle-images.carscommerce.inc/6bb7-110010023/7FARS6H91RE049928/thumbnails/large/4e67a52883cdb2d7717fd6e73c43a006.webp	in stock	USED	OTHER	Vehicles & Parts > Vehicles > Motor Vehicles > Cars, Trucks & Vans	7FARS6H91RE049928	https://www.dahlchevroletgmcwinona.com/inventory/used-2024-honda-cr-v-hybrid-sport-touring-all-wheel-drive-4dr-awd-7fars6h91re049928/123?store={store_code}	GRAY	29637 miles	CR-V	7FARS6H91RE049928	2024	37990 USD	CBGMC	37990 USD	MI
KMHLP4DGXRU776757	2024 Hyundai Elantra Limited	Hyundai	https://www.dahlchevroletgmcwinona.com/inventory/used-2024-hyundai-elantra-limited-front-wheel-drive-sedan-kmhlp4dgxru776757/	19965 USD	2024 Amazon Gray Hyundai Elantra Used 2024 Hyundai Elantra Limited Sedan FWD 4 Cylinder For sale at DAHL Chevrolet Buick GMC in Winona Minnesota.	https://vehicle-images.carscommerce.inc/c2e0-110010023/KMHLP4DGXRU776757/thumbnails/large/b9d6fe3caf492d7ed380897fd84dedc0.webp	in stock	USED	OTHER	Vehicles & Parts > Vehicles > Motor Vehicles > Cars, Trucks & Vans	KMHLP4DGXRU776757	https://www.dahlchevroletgmcwinona.com/inventory/used-2024-hyundai-elantra-limited-front-wheel-drive-sedan-kmhlp4dgxru776757/123?store={store_code}	GRAY	48777 miles	Elantra	KMHLP4DGXRU776757	2024	19965 USD	CBGMC	19965 USD	MI
KMHLM4DG9RU823608	2024 Hyundai Elantra SEL	Hyundai	https://www.dahlchevroletgmcwinona.com/inventory/used-2024-hyundai-elantra-sel-front-wheel-drive-sedan-kmhlm4dg9ru823608/	18500 USD	2024 Ecotronic Gray Hyundai Elantra Used 2024 Hyundai Elantra SEL Sedan FWD 4 Cylinder For sale at DAHL Chevrolet Buick GMC in Winona Minnesota.	https://vehicle-images.carscommerce.inc/2992-110010023/KMHLM4DG9RU823608/thumbnails/large/3830c793955f817738e434295dda46c2.webp	in stock	USED	OTHER	Vehicles & Parts > Vehicles > Motor Vehicles > Cars, Trucks & Vans	KMHLM4DG9RU823608	https://www.dahlchevroletgmcwinona.com/inventory/used-2024-hyundai-elantra-sel-front-wheel-drive-sedan-kmhlm4dg9ru823608/123?store={store_code}	GRAY	56869 miles	Elantra	KMHLM4DG9RU823608	2024	18500 USD	CBGMC	18500 USD	MI
KM8R7DGE1RU662182	2024 Hyundai Palisade Calligraphy	Hyundai	https://www.dahlchevroletgmcwinona.com/inventory/used-2024-hyundai-palisade-calligraphy-all-wheel-drive-sport-utility-km8r7dge1ru662182/	35200 USD	2024 Abyss Black Pearl Hyundai Palisade Used 2024 Hyundai Palisade Calligraphy Sport Utility AWD V6 Cylinder For sale at DAHL Chevrolet Buick GMC in Winona Minnesota.	https://vehicle-images.carscommerce.inc/fca0-110010023/KM8R7DGE1RU662182/thumbnails/large/5789ea777f8ea58dfadc4461b5469187.webp	in stock	USED	SUV	Vehicles & Parts > Vehicles > Motor Vehicles > Cars, Trucks & Vans	KM8R7DGE1RU662182	https://www.dahlchevroletgmcwinona.com/inventory/used-2024-hyundai-palisade-calligraphy-all-wheel-drive-sport-utility-km8r7dge1ru662182/123?store={store_code}	BLACK	62375 miles	Palisade	KM8R7DGE1RU662182	2024	35200 USD	CBGMC	35200 USD	MI
KM8R7DGE1RU794441	2024 Hyundai Palisade Calligraphy	Hyundai	https://www.dahlchevroletgmcwinona.com/inventory/used-2024-hyundai-palisade-calligraphy-all-wheel-drive-sport-utility-km8r7dge1ru794441/	39490 USD	2024 Steel Graphite Hyundai Palisade Used 2024 Hyundai Palisade Calligraphy Sport Utility AWD V6 Cylinder For sale at DAHL Chevrolet Buick GMC in Winona Minnesota.	https://vehicle-images.carscommerce.inc/5202-110010023/KM8R7DGE1RU794441/thumbnails/large/d08df7493565c3524538281833f1195c.webp	in stock	USED	SUV	Vehicles & Parts > Vehicles > Motor Vehicles > Cars, Trucks & Vans	KM8R7DGE1RU794441	https://www.dahlchevroletgmcwinona.com/inventory/used-2024-hyundai-palisade-calligraphy-all-wheel-drive-sport-utility-km8r7dge1ru794441/123?store={store_code}	GRAY	36701 miles	Palisade	KM8R7DGE1RU794441	2024	39490 USD	CBGMC	39490 USD	MI
KMHL64JA1RA400890	2024 Hyundai Sonata SEL	Hyundai	https://www.dahlchevroletgmcwinona.com/inventory/used-2024-hyundai-sonata-sel-front-wheel-drive-sedan-kmhl64ja1ra400890/	20491 USD	2024 Serenity White Hyundai Sonata Used 2024 Hyundai Sonata SEL Sedan FWD 4 Cylinder For sale at DAHL Chevrolet Buick GMC in Winona Minnesota.	https://vehicle-images.carscommerce.inc/1f29-110010023/KMHL64JA1RA400890/thumbnails/large/a9ab7d0424013698e28cd5cac8ae816f.webp	in stock	USED	OTHER	Vehicles & Parts > Vehicles > Motor Vehicles > Cars, Trucks & Vans	KMHL64JA1RA400890	https://www.dahlchevroletgmcwinona.com/inventory/used-2024-hyundai-sonata-sel-front-wheel-drive-sedan-kmhl64ja1ra400890/123?store={store_code}	WHITE	45772 miles	Sonata	KMHL64JA1RA400890	2024	20491 USD	CBGMC	20491 USD	MI
5NMJBCDE3RH345879	2024 Hyundai Tucson SEL	Hyundai	https://www.dahlchevroletgmcwinona.com/inventory/used-2024-hyundai-tucson-sel-all-wheel-drive-sport-utility-5nmjbcde3rh345879/	21998 USD	2024 Shimmering Silver Hyundai Tucson Used 2024 Hyundai Tucson SEL Sport Utility AWD 4 Cylinder For sale at DAHL Chevrolet Buick GMC in Winona Minnesota.	https://vehicle-images.carscommerce.inc/abfd-110010023/5NMJBCDE3RH345879/thumbnails/large/acf2579cc5b71beafcbee165e23713a6.webp	in stock	USED	SUV	Vehicles & Parts > Vehicles > Motor Vehicles > Cars, Trucks & Vans	5NMJBCDE3RH345879	https://www.dahlchevroletgmcwinona.com/inventory/used-2024-hyundai-tucson-sel-all-wheel-drive-sport-utility-5nmjbcde3rh345879/123?store={store_code}	SILVER	60200 miles	Tucson	5NMJBCDE3RH345879	2024	21998 USD	CBGMC	21998 USD	MI
1C4RJHAG7RC186534	2024 Jeep Grand Cherokee Altitude X	Jeep	https://www.dahlchevroletgmcwinona.com/inventory/used-2024-jeep-grand-cherokee-altitude-x-four-wheel-drive-sport-utility-1c4rjhag7rc186534/	30750 USD	2024 Bright White Clearcoat Jeep Grand Cherokee Used 2024 Jeep Grand Cherokee Altitude X Sport Utility 4WD V6 Cylinder For sale at DAHL Chevrolet Buick GMC in Winona Minnesota.	https://vehicle-images.carscommerce.inc/a7d0-110010023/1C4RJHAG7RC186534/thumbnails/large/3b839216fb6b0ecebe82867a85bd1e0d.webp	in stock	USED	SUV	Vehicles & Parts > Vehicles > Motor Vehicles > Cars, Trucks & Vans	1C4RJHAG7RC186534	https://www.dahlchevroletgmcwinona.com/inventory/used-2024-jeep-grand-cherokee-altitude-x-four-wheel-drive-sport-utility-1c4rjhag7rc186534/123?store={store_code}	WHITE	35852 miles	Grand Cherokee	1C4RJHAG7RC186534	2024	30750 USD	CBGMC	30750 USD	MI
5LMCJ1DA7RUL03309	2024 Lincoln Corsair Premiere	Lincoln	https://www.dahlchevroletgmcwinona.com/inventory/used-2024-lincoln-corsair-premiere-all-wheel-drive-sport-utility-5lmcj1da7rul03309/	33900 USD	2024 Pristine White Lincoln Corsair Used 2024 Lincoln Corsair Premiere Sport Utility AWD 4 Cylinder For sale at DAHL Chevrolet Buick GMC in Winona Minnesota.	https://vehicle-images.carscommerce.inc/f737-110010023/5LMCJ1DA7RUL03309/thumbnails/large/f90b5833baf06802d914ad7fcbf7e0dc.webp	in stock	USED	SUV	Vehicles & Parts > Vehicles > Motor Vehicles > Cars, Trucks & Vans	5LMCJ1DA7RUL03309	https://www.dahlchevroletgmcwinona.com/inventory/used-2024-lincoln-corsair-premiere-all-wheel-drive-sport-utility-5lmcj1da7rul03309/123?store={store_code}	WHITE	41248 miles	Corsair	5LMCJ1DA7RUL03309	2024	33900 USD	CBGMC	33900 USD	MI
JM3KFBCL8R0527149	2024 Mazda CX-5 2.5 S Carbon Edition	Mazda	https://www.dahlchevroletgmcwinona.com/inventory/used-2024-mazda-cx-5-2-5-s-carbon-edition-all-wheel-drive-i-activ-awd-sport-utility-jm3kfbcl8r0527149/	25990 USD	2024 Polymetal Gray Metallic Mazda CX-5 Used 2024 Mazda CX-5 2.5 S Carbon Edition i-ACTIV AWD Sport Utility AWD 4 Cylinder For sale at DAHL Chevrolet Buick GMC in Winona Minnesota.	https://vehicle-images.carscommerce.inc/6f33-110010023/JM3KFBCL8R0527149/thumbnails/large/d976ff74fa2b4b19167d371f43d8d6e1.webp	in stock	USED	SUV	Vehicles & Parts > Vehicles > Motor Vehicles > Cars, Trucks & Vans	JM3KFBCL8R0527149	https://www.dahlchevroletgmcwinona.com/inventory/used-2024-mazda-cx-5-2-5-s-carbon-edition-all-wheel-drive-i-activ-awd-sport-utility-jm3kfbcl8r0527149/123?store={store_code}	GRAY	57554 miles	CX-5	JM3KFBCL8R0527149	2024	25990 USD	CBGMC	25990 USD	MI
ML32AUHJ1RH019698	2024 Mitsubishi Mirage ES	Mitsubishi	https://www.dahlchevroletgmcwinona.com/inventory/used-2024-mitsubishi-mirage-es-front-wheel-drive-hatchback-ml32auhj1rh019698/	14200 USD	2024 Graphite Gray Metallic Mitsubishi Mirage Used 2024 Mitsubishi Mirage ES Hatchback FWD 3 Cylinder For sale at DAHL Chevrolet Buick GMC in Winona Minnesota.	https://vehicle-images.carscommerce.inc/95d3-110010023/ML32AUHJ1RH019698/thumbnails/large/f561357827ce9c11a64a841927170ff7.webp	in stock	USED	OTHER	Vehicles & Parts > Vehicles > Motor Vehicles > Cars, Trucks & Vans	ML32AUHJ1RH019698	https://www.dahlchevroletgmcwinona.com/inventory/used-2024-mitsubishi-mirage-es-front-wheel-drive-hatchback-ml32auhj1rh019698/123?store={store_code}	GRAY	35535 miles	Mirage	ML32AUHJ1RH019698	2024	14200 USD	CBGMC	14200 USD	MI
JA4ARUAU7RU003187	2024 Mitsubishi Outlander Sport SE	Mitsubishi	https://www.dahlchevroletgmcwinona.com/inventory/used-2024-mitsubishi-outlander-sport-se-four-wheel-drive-awc-ja4aruau7ru003187/	19390 USD	2024 Red Diamond Mitsubishi Outlander Sport Used 2024 Mitsubishi Outlander Sport SE AWC 4WD 4 Cylinder For sale at DAHL Chevrolet Buick GMC in Winona Minnesota.	https://vehicle-images.carscommerce.inc/b8d3-110010023/JA4ARUAU7RU003187/thumbnails/large/f7053fc1617e50d02703413e36a060e2.webp	in stock	USED	SUV	Vehicles & Parts > Vehicles > Motor Vehicles > Cars, Trucks & Vans	JA4ARUAU7RU003187	https://www.dahlchevroletgmcwinona.com/inventory/used-2024-mitsubishi-outlander-sport-se-four-wheel-drive-awc-ja4aruau7ru003187/123?store={store_code}	RED	52826 miles	Outlander Sport	JA4ARUAU7RU003187	2024	19390 USD	CBGMC	19390 USD	MI
JN8BT3BB0RW431663	2024 Nissan Rogue SV	Nissan	https://www.dahlchevroletgmcwinona.com/inventory/used-2024-nissan-rogue-sv-all-wheel-drive-sport-utility-jn8bt3bb0rw431663/	22150 USD	2024 Gun Metallic Nissan Rogue Used 2024 Nissan Rogue SV Sport Utility AWD 3 Cylinder For sale at DAHL Chevrolet Buick GMC in Winona Minnesota.	https://vehicle-images.carscommerce.inc/fa57-110010023/JN8BT3BB0RW431663/thumbnails/large/d895b0f0ce994ae1281dd6f767adb31c.webp	in stock	USED	SUV	Vehicles & Parts > Vehicles > Motor Vehicles > Cars, Trucks & Vans	JN8BT3BB0RW431663	https://www.dahlchevroletgmcwinona.com/inventory/used-2024-nissan-rogue-sv-all-wheel-drive-sport-utility-jn8bt3bb0rw431663/123?store={store_code}	GRAY	24141 miles	Rogue	JN8BT3BB0RW431663	2024	22150 USD	CBGMC	22150 USD	MI
JN8BT3BB4RW423775	2024 Nissan Rogue SV	Nissan	https://www.dahlchevroletgmcwinona.com/inventory/used-2024-nissan-rogue-sv-all-wheel-drive-sport-utility-jn8bt3bb4rw423775/	21500 USD	2024 Gun Metallic Nissan Rogue Used 2024 Nissan Rogue SV Sport Utility AWD 3 Cylinder For sale at DAHL Chevrolet Buick GMC in Winona Minnesota.	https://vehicle-images.carscommerce.inc/6786-110010023/JN8BT3BB4RW423775/thumbnails/large/cbf1af98817016687d963af6971101e3.webp	in stock	USED	SUV	Vehicles & Parts > Vehicles > Motor Vehicles > Cars, Trucks & Vans	JN8BT3BB4RW423775	https://www.dahlchevroletgmcwinona.com/inventory/used-2024-nissan-rogue-sv-all-wheel-drive-sport-utility-jn8bt3bb4rw423775/123?store={store_code}	GRAY	45232 miles	Rogue	JN8BT3BB4RW423775	2024	21500 USD	CBGMC	21500 USD	MI
3N1AB8CV2RY301444	2024 Nissan Sentra SV	Nissan	https://www.dahlchevroletgmcwinona.com/inventory/used-2024-nissan-sentra-sv-front-wheel-drive-sedan-3n1ab8cv2ry301444/	18897 USD	2024 Electric Blue Metallic Nissan Sentra Used 2024 Nissan Sentra SV Sedan FWD 4 Cylinder For sale at DAHL Chevrolet Buick GMC in Winona Minnesota.	https://vehicle-images.carscommerce.inc/deea-110010023/3N1AB8CV2RY301444/thumbnails/large/a8955a3405b82b2a3dac8d2a2dd8eead.webp	in stock	USED	OTHER	Vehicles & Parts > Vehicles > Motor Vehicles > Cars, Trucks & Vans	3N1AB8CV2RY301444	https://www.dahlchevroletgmcwinona.com/inventory/used-2024-nissan-sentra-sv-front-wheel-drive-sedan-3n1ab8cv2ry301444/123?store={store_code}	BLUE	56134 miles	Sentra	3N1AB8CV2RY301444	2024	18897 USD	CBGMC	18897 USD	MI
3N1AB8CV4RY337958	2024 Nissan Sentra SV	Nissan	https://www.dahlchevroletgmcwinona.com/inventory/used-2024-nissan-sentra-sv-front-wheel-drive-sedan-3n1ab8cv4ry337958/	18200 USD	2024 Fresh Powder Nissan Sentra Used 2024 Nissan Sentra SV Sedan FWD 4 Cylinder For sale at DAHL Chevrolet Buick GMC in Winona Minnesota.	https://vehicle-images.carscommerce.inc/c5b2-110010023/3N1AB8CV4RY337958/thumbnails/large/88139d5d2a7543b609d68708db003a92.webp	in stock	USED	OTHER	Vehicles & Parts > Vehicles > Motor Vehicles > Cars, Trucks & Vans	3N1AB8CV4RY337958	https://www.dahlchevroletgmcwinona.com/inventory/used-2024-nissan-sentra-sv-front-wheel-drive-sedan-3n1ab8cv4ry337958/123?store={store_code}	WHITE	51597 miles	Sentra	3N1AB8CV4RY337958	2024	18200 USD	CBGMC	18200 USD	MI
3N1AB8CV7RY319177	2024 Nissan Sentra SV	Nissan	https://www.dahlchevroletgmcwinona.com/inventory/used-2024-nissan-sentra-sv-front-wheel-drive-sedan-3n1ab8cv7ry319177/	18200 USD	2024 Gun Metallic Nissan Sentra Used 2024 Nissan Sentra SV Sedan FWD 4 Cylinder For sale at DAHL Chevrolet Buick GMC in Winona Minnesota.	https://vehicle-images.carscommerce.inc/6563-110010023/3N1AB8CV7RY319177/thumbnails/large/fc29b8e1487318586b9ffe58f86fc757.webp	in stock	USED	OTHER	Vehicles & Parts > Vehicles > Motor Vehicles > Cars, Trucks & Vans	3N1AB8CV7RY319177	https://www.dahlchevroletgmcwinona.com/inventory/used-2024-nissan-sentra-sv-front-wheel-drive-sedan-3n1ab8cv7ry319177/123?store={store_code}	GRAY	51666 miles	Sentra	3N1AB8CV7RY319177	2024	18200 USD	CBGMC	18200 USD	MI
4S4WMAUD5R3436139	2024 Subaru Ascent Limited	Subaru	https://www.dahlchevroletgmcwinona.com/inventory/used-2024-subaru-ascent-limited-all-wheel-drive-sport-utility-4s4wmaud5r3436139/	34998 USD	2024 Ice Silver Metallic Subaru Ascent Used 2024 Subaru Ascent Limited Sport Utility AWD 4 Cylinder For sale at DAHL Chevrolet Buick GMC in Winona Minnesota.	https://vehicle-images.carscommerce.inc/de7f-110010023/4S4WMAUD5R3436139/thumbnails/large/c386878f3de3ddc154063539aa2d2607.webp	in stock	USED	SUV	Vehicles & Parts > Vehicles > Motor Vehicles > Cars, Trucks & Vans	4S4WMAUD5R3436139	https://www.dahlchevroletgmcwinona.com/inventory/used-2024-subaru-ascent-limited-all-wheel-drive-sport-utility-4s4wmaud5r3436139/123?store={store_code}	SILVER	17554 miles	Ascent	4S4WMAUD5R3436139	2024	34998 USD	CBGMC	34998 USD	MI
4S4WMAUD9R3454255	2024 Subaru Ascent Limited	Subaru	https://www.dahlchevroletgmcwinona.com/inventory/used-2024-subaru-ascent-limited-all-wheel-drive-sport-utility-4s4wmaud9r3454255/	32911 USD	2024 Magnetite Gray Metallic Subaru Ascent Used 2024 Subaru Ascent Limited Sport Utility AWD 4 Cylinder For sale at DAHL Chevrolet Buick GMC in Winona Minnesota.	https://vehicle-images.carscommerce.inc/6da7-110010023/4S4WMAUD9R3454255/thumbnails/large/1c431dc35039de0ecc24178d492f2c4e.webp	in stock	USED	SUV	Vehicles & Parts > Vehicles > Motor Vehicles > Cars, Trucks & Vans	4S4WMAUD9R3454255	https://www.dahlchevroletgmcwinona.com/inventory/used-2024-subaru-ascent-limited-all-wheel-drive-sport-utility-4s4wmaud9r3454255/123?store={store_code}	GRAY	38374 miles	Ascent	4S4WMAUD9R3454255	2024	32911 USD	CBGMC	32911 USD	MI
4S4WMAHD8R3420723	2024 Subaru Ascent Onyx Edition	Subaru	https://www.dahlchevroletgmcwinona.com/inventory/used-2024-subaru-ascent-onyx-edition-all-wheel-drive-sport-utility-4s4wmahd8r3420723/	30490 USD	2024 Magnetite Gray Metallic Subaru Ascent Used 2024 Subaru Ascent Onyx Edition Sport Utility AWD 4 Cylinder For sale at DAHL Chevrolet Buick GMC in Winona Minnesota.	https://vehicle-images.carscommerce.inc/ee84-110010023/4S4WMAHD8R3420723/thumbnails/large/cc238a4a78ef69f0b04eca43f22db2de.webp	in stock	USED	SUV	Vehicles & Parts > Vehicles > Motor Vehicles > Cars, Trucks & Vans	4S4WMAHD8R3420723	https://www.dahlchevroletgmcwinona.com/inventory/used-2024-subaru-ascent-onyx-edition-all-wheel-drive-sport-utility-4s4wmahd8r3420723/123?store={store_code}	GRAY	74361 miles	Ascent	4S4WMAHD8R3420723	2024	30490 USD	CBGMC	30490 USD	MI
4S4WMAEDXR3419223	2024 Subaru Ascent Premium	Subaru	https://www.dahlchevroletgmcwinona.com/inventory/used-2024-subaru-ascent-premium-all-wheel-drive-sport-utility-4s4wmaedxr3419223/	30790 USD	2024 Magnetite Gray Metallic Subaru Ascent Used 2024 Subaru Ascent Premium Sport Utility AWD 4 Cylinder For sale at DAHL Chevrolet Buick GMC in Winona Minnesota.	https://vehicle-images.carscommerce.inc/34ac-110010023/4S4WMAEDXR3419223/thumbnails/large/72fab7cf152a89ccd6b6d40df36282fa.webp	in stock	USED	SUV	Vehicles & Parts > Vehicles > Motor Vehicles > Cars, Trucks & Vans	4S4WMAEDXR3419223	https://www.dahlchevroletgmcwinona.com/inventory/used-2024-subaru-ascent-premium-all-wheel-drive-sport-utility-4s4wmaedxr3419223/123?store={store_code}	GRAY	23537 miles	Ascent	4S4WMAEDXR3419223	2024	30790 USD	CBGMC	30790 USD	MI
4S4GUHL62R3716083	2024 Subaru Crosstrek Limited	Subaru	https://www.dahlchevroletgmcwinona.com/inventory/used-2024-subaru-crosstrek-limited-all-wheel-drive-sport-utility-4s4guhl62r3716083/	27600 USD	2024 Crystal White Pearl Subaru Crosstrek Used 2024 Subaru Crosstrek Limited Sport Utility AWD 4 Cylinder For sale at DAHL Chevrolet Buick GMC in Winona Minnesota.	https://vehicle-images.carscommerce.inc/f998-110010023/4S4GUHL62R3716083/thumbnails/large/f1c6291d25661e631c34eb7781abb00e.webp	in stock	USED	SUV	Vehicles & Parts > Vehicles > Motor Vehicles > Cars, Trucks & Vans	4S4GUHL62R3716083	https://www.dahlchevroletgmcwinona.com/inventory/used-2024-subaru-crosstrek-limited-all-wheel-drive-sport-utility-4s4guhl62r3716083/123?store={store_code}	WHITE	31505 miles	Crosstrek	4S4GUHL62R3716083	2024	27600 USD	CBGMC	27600 USD	MI
4S4GUHL68R3726097	2024 Subaru Crosstrek Limited	Subaru	https://www.dahlchevroletgmcwinona.com/inventory/used-2024-subaru-crosstrek-limited-all-wheel-drive-sport-utility-4s4guhl68r3726097/	22998 USD	2024 Magnetite Gray Metallic Subaru Crosstrek Used 2024 Subaru Crosstrek Limited Sport Utility AWD 4 Cylinder For sale at DAHL Chevrolet Buick GMC in Winona Minnesota.	https://vehicle-images.carscommerce.inc/b3e9-110010023/4S4GUHL68R3726097/thumbnails/large/8b37a03a1ef6e26375696603222bd625.webp	in stock	USED	SUV	Vehicles & Parts > Vehicles > Motor Vehicles > Cars, Trucks & Vans	4S4GUHL68R3726097	https://www.dahlchevroletgmcwinona.com/inventory/used-2024-subaru-crosstrek-limited-all-wheel-drive-sport-utility-4s4guhl68r3726097/123?store={store_code}	GRAY	91145 miles	Crosstrek	4S4GUHL68R3726097	2024	22998 USD	CBGMC	22998 USD	MI
JF2SKALC2RH408336	2024 Subaru Forester Limited	Subaru	https://www.dahlchevroletgmcwinona.com/inventory/used-2024-subaru-forester-limited-all-wheel-drive-sport-utility-jf2skalc2rh408336/	26490 USD	2024 Crystal Black Silica Subaru Forester Used 2024 Subaru Forester Limited Sport Utility AWD 4 Cylinder For sale at DAHL Chevrolet Buick GMC in Winona Minnesota.	https://vehicle-images.carscommerce.inc/fc68-110010023/JF2SKALC2RH408336/thumbnails/large/920647e705eb7ebcdc9d2a149734908b.webp	in stock	USED	SUV	Vehicles & Parts > Vehicles > Motor Vehicles > Cars, Trucks & Vans	JF2SKALC2RH408336	https://www.dahlchevroletgmcwinona.com/inventory/used-2024-subaru-forester-limited-all-wheel-drive-sport-utility-jf2skalc2rh408336/123?store={store_code}	BLACK	50703 miles	Forester	JF2SKALC2RH408336	2024	26490 USD	CBGMC	26490 USD	MI
JF2SKAMC2RH408707	2024 Subaru Forester Touring	Subaru	https://www.dahlchevroletgmcwinona.com/inventory/used-2024-subaru-forester-touring-all-wheel-drive-sport-utility-jf2skamc2rh408707/	33990 USD	2024 Crystal Black Silica Subaru Forester Used 2024 Subaru Forester Touring Sport Utility AWD 4 Cylinder For sale at DAHL Chevrolet Buick GMC in Winona Minnesota.	https://vehicle-images.carscommerce.inc/ef37-110010023/JF2SKAMC2RH408707/thumbnails/large/552290c0e1b5e86483fdd1ba18cdf4e5.webp	in stock	USED	SUV	Vehicles & Parts > Vehicles > Motor Vehicles > Cars, Trucks & Vans	JF2SKAMC2RH408707	https://www.dahlchevroletgmcwinona.com/inventory/used-2024-subaru-forester-touring-all-wheel-drive-sport-utility-jf2skamc2rh408707/123?store={store_code}	BLACK	12410 miles	Forester	JF2SKAMC2RH408707	2024	33990 USD	CBGMC	33990 USD	MI
4S4BTANC9R3124476	2024 Subaru Outback Limited	Subaru	https://www.dahlchevroletgmcwinona.com/inventory/used-2024-subaru-outback-limited-all-wheel-drive-sport-utility-4s4btanc9r3124476/	28600 USD	2024 Dark Mahogany Pearl Subaru Outback Used 2024 Subaru Outback Limited Sport Utility AWD 4 Cylinder For sale at DAHL Chevrolet Buick GMC in Winona Minnesota.	https://vehicle-images.carscommerce.inc/c68c-110010023/4S4BTANC9R3124476/thumbnails/large/c6548123476293d62169ef92e0867c5b.webp	in stock	USED	SUV	Vehicles & Parts > Vehicles > Motor Vehicles > Cars, Trucks & Vans	4S4BTANC9R3124476	https://www.dahlchevroletgmcwinona.com/inventory/used-2024-subaru-outback-limited-all-wheel-drive-sport-utility-4s4btanc9r3124476/123?store={store_code}	BROWN	44654 miles	Outback	4S4BTANC9R3124476	2024	28600 USD	CBGMC	28600 USD	MI
4S4BTANC9R3157073	2024 Subaru Outback Limited	Subaru	https://www.dahlchevroletgmcwinona.com/inventory/used-2024-subaru-outback-limited-all-wheel-drive-sport-utility-4s4btanc9r3157073/	28990 USD	2024 Crystal White Pearl Subaru Outback Used 2024 Subaru Outback Limited Sport Utility AWD 4 Cylinder For sale at DAHL Chevrolet Buick GMC in Winona Minnesota.	https://vehicle-images.carscommerce.inc/3bff-110010023/4S4BTANC9R3157073/thumbnails/large/90b5d51aa3511cb9cd071f71128a4c7e.webp	in stock	USED	SUV	Vehicles & Parts > Vehicles > Motor Vehicles > Cars, Trucks & Vans	4S4BTANC9R3157073	https://www.dahlchevroletgmcwinona.com/inventory/used-2024-subaru-outback-limited-all-wheel-drive-sport-utility-4s4btanc9r3157073/123?store={store_code}	WHITE	28974 miles	Outback	4S4BTANC9R3157073	2024	28990 USD	CBGMC	28990 USD	MI
4S4BTACCXR3193616	2024 Subaru Outback Premium	Subaru	https://www.dahlchevroletgmcwinona.com/inventory/used-2024-subaru-outback-premium-all-wheel-drive-sport-utility-4s4btaccxr3193616/	27600 USD	2024 Cosmic Blue Pearl Subaru Outback Used 2024 Subaru Outback Premium Sport Utility AWD 4 Cylinder For sale at DAHL Chevrolet Buick GMC in Winona Minnesota.	https://vehicle-images.carscommerce.inc/f2be-110010023/4S4BTACCXR3193616/thumbnails/large/fb93c360647a1a792835be2746ad6641.webp	in stock	USED	SUV	Vehicles & Parts > Vehicles > Motor Vehicles > Cars, Trucks & Vans	4S4BTACCXR3193616	https://www.dahlchevroletgmcwinona.com/inventory/used-2024-subaru-outback-premium-all-wheel-drive-sport-utility-4s4btaccxr3193616/123?store={store_code}	BLUE	35760 miles	Outback	4S4BTACCXR3193616	2024	27600 USD	CBGMC	27600 USD	MI
4S4BTGPDXR3194562	2024 Subaru Outback Touring XT	Subaru	https://www.dahlchevroletgmcwinona.com/inventory/used-2024-subaru-outback-touring-xt-all-wheel-drive-sport-utility-4s4btgpdxr3194562/	31490 USD	2024 Autumn Green Metallic Subaru Outback Used 2024 Subaru Outback Touring XT Sport Utility AWD 4 Cylinder For sale at DAHL Chevrolet Buick GMC in Winona Minnesota.	https://vehicle-images.carscommerce.inc/bae0-110010023/4S4BTGPDXR3194562/thumbnails/large/b1f9f204e23d3ded71ed5ee56a74150e.webp	in stock	USED	SUV	Vehicles & Parts > Vehicles > Motor Vehicles > Cars, Trucks & Vans	4S4BTGPDXR3194562	https://www.dahlchevroletgmcwinona.com/inventory/used-2024-subaru-outback-touring-xt-all-wheel-drive-sport-utility-4s4btgpdxr3194562/123?store={store_code}	GREEN	43647 miles	Outback	4S4BTGPDXR3194562	2024	31490 USD	CBGMC	31490 USD	MI
JTERU5JR1R6260161	2024 Toyota 4Runner TRD Off-Road Premium	Toyota	https://www.dahlchevroletgmcwinona.com/inventory/used-2024-toyota-4runner-trd-off-road-premium-four-wheel-drive-sport-utility-jteru5jr1r6260161/	49250 USD	2024 Barcelona Red Metallic Toyota 4Runner Used 2024 Toyota 4Runner TRD Off-Road Premium Sport Utility 4WD V6 Cylinder For sale at DAHL Chevrolet Buick GMC in Winona Minnesota.	https://vehicle-images.carscommerce.inc/eece-110010023/JTERU5JR1R6260161/thumbnails/large/7171971af42dbb55fe49c0749e4467f7.webp	in stock	USED	SUV	Vehicles & Parts > Vehicles > Motor Vehicles > Cars, Trucks & Vans	JTERU5JR1R6260161	https://www.dahlchevroletgmcwinona.com/inventory/used-2024-toyota-4runner-trd-off-road-premium-four-wheel-drive-sport-utility-jteru5jr1r6260161/123?store={store_code}	RED	28448 miles	4Runner	JTERU5JR1R6260161	2024	49250 USD	CBGMC	49250 USD	MI
4T1G11AK8RU880674	2024 Toyota Camry SE	Toyota	https://www.dahlchevroletgmcwinona.com/inventory/used-2024-toyota-camry-se-front-wheel-drive-sedan-4t1g11ak8ru880674/	21990 USD	2024 Ice Cap Toyota Camry Used 2024 Toyota Camry SE Sedan FWD 4 Cylinder For sale at DAHL Chevrolet Buick GMC in Winona Minnesota.	https://vehicle-images.carscommerce.inc/9990-110010023/4T1G11AK8RU880674/thumbnails/large/e973cc91b2df3658858094a6407385d4.webp	in stock	USED	OTHER	Vehicles & Parts > Vehicles > Motor Vehicles > Cars, Trucks & Vans	4T1G11AK8RU880674	https://www.dahlchevroletgmcwinona.com/inventory/used-2024-toyota-camry-se-front-wheel-drive-sedan-4t1g11ak8ru880674/123?store={store_code}	WHITE	74003 miles	Camry	4T1G11AK8RU880674	2024	21990 USD	CBGMC	21990 USD	MI
5YFB4MDE4RP092761	2024 Toyota Corolla LE	Toyota	https://www.dahlchevroletgmcwinona.com/inventory/used-2024-toyota-corolla-le-front-wheel-drive-sedan-5yfb4mde4rp092761/	20600 USD	2024 Ice Cap Toyota Corolla Used 2024 Toyota Corolla LE Sedan FWD 4 Cylinder For sale at DAHL Chevrolet Buick GMC in Winona Minnesota.	https://vehicle-images.carscommerce.inc/9861-110010023/5YFB4MDE4RP092761/thumbnails/large/3ec4a7c004f6122ff62da262e54d02e6.webp	in stock	USED	OTHER	Vehicles & Parts > Vehicles > Motor Vehicles > Cars, Trucks & Vans	5YFB4MDE4RP092761	https://www.dahlchevroletgmcwinona.com/inventory/used-2024-toyota-corolla-le-front-wheel-drive-sedan-5yfb4mde4rp092761/123?store={store_code}	WHITE	59447 miles	Corolla	5YFB4MDE4RP092761	2024	20600 USD	CBGMC	20600 USD	MI
5TFWC5EC9RX007437	2024 Toyota Tundra Limited Hybrid	Toyota	https://www.dahlchevroletgmcwinona.com/inventory/used-2024-toyota-tundra-limited-hybrid-four-wheel-drive-crewmax-5tfwc5ec9rx007437/	51900 USD	2024 Magnetic Gray Metallic Toyota Tundra Used 2024 Toyota Tundra Limited Hybrid CrewMax 4WD V6 Cylinder For sale at DAHL Chevrolet Buick GMC in Winona Minnesota.	https://vehicle-images.carscommerce.inc/eb81-110010023/5TFWC5EC9RX007437/thumbnails/large/2058f700551200e8efbeeb86818f6e02.webp	in stock	USED	TRUCK	Vehicles & Parts > Vehicles > Motor Vehicles > Cars, Trucks & Vans	5TFWC5EC9RX007437	https://www.dahlchevroletgmcwinona.com/inventory/used-2024-toyota-tundra-limited-hybrid-four-wheel-drive-crewmax-5tfwc5ec9rx007437/123?store={store_code}	GRAY	27856 miles	Tundra	5TFWC5EC9RX007437	2024	51900 USD	CBGMC	51900 USD	MI
1V2CR2CA5RC587020	2024 Volkswagen Atlas 2.0T Peak Edition SE w/Technology	Volkswagen	https://www.dahlchevroletgmcwinona.com/inventory/used-2024-volkswagen-atlas-2-0t-peak-edition-se-wtechnology-all-wheel-drive-sport-utility-1v2cr2ca5rc587020/	33400 USD	2024 Pure White Volkswagen Atlas Used 2024 Volkswagen Atlas 2.0T Peak Edition SE w/Technology Sport Utility AWD 4 Cylinder For sale at DAHL Chevrolet Buick GMC in Winona Minnesota.	https://vehicle-images.carscommerce.inc/6a44-110010023/1V2CR2CA5RC587020/thumbnails/large/766c947e1a19c2ddcc9f5f56700cd6a6.webp	in stock	USED	SUV	Vehicles & Parts > Vehicles > Motor Vehicles > Cars, Trucks & Vans	1V2CR2CA5RC587020	https://www.dahlchevroletgmcwinona.com/inventory/used-2024-volkswagen-atlas-2-0t-peak-edition-se-wtechnology-all-wheel-drive-sport-utility-1v2cr2ca5rc587020/123?store={store_code}	WHITE	37786 miles	Atlas	1V2CR2CA5RC587020	2024	33400 USD	CBGMC	33400 USD	MI
1V2HR2CA1RC556482	2024 Volkswagen Atlas 2.0T SE w/Technology	Volkswagen	https://www.dahlchevroletgmcwinona.com/inventory/used-2024-volkswagen-atlas-2-0t-se-wtechnology-all-wheel-drive-sport-utility-1v2hr2ca1rc556482/	28990 USD	2024 Pure White Volkswagen Atlas Used 2024 Volkswagen Atlas 2.0T SE w/Technology Sport Utility AWD 4 Cylinder For sale at DAHL Chevrolet Buick GMC in Winona Minnesota.	https://vehicle-images.carscommerce.inc/9835-110010023/1V2HR2CA1RC556482/thumbnails/large/2189256b04a44fa24d268e106c6b7d96.webp	in stock	USED	SUV	Vehicles & Parts > Vehicles > Motor Vehicles > Cars, Trucks & Vans	1V2HR2CA1RC556482	https://www.dahlchevroletgmcwinona.com/inventory/used-2024-volkswagen-atlas-2-0t-se-wtechnology-all-wheel-drive-sport-utility-1v2hr2ca1rc556482/123?store={store_code}	WHITE	45099 miles	Atlas	1V2HR2CA1RC556482	2024	28990 USD	CBGMC	28990 USD	MI
1V2HE2CA9RC232580	2024 Volkswagen Atlas Cross Sport 2.0T SE w/Technology	Volkswagen	https://www.dahlchevroletgmcwinona.com/inventory/used-2024-volkswagen-atlas-cross-sport-2-0t-se-wtechnology-all-wheel-drive-sport-utility-1v2he2ca9rc232580/	28000 USD	2024 Pure Gray Volkswagen Atlas Cross Sport Used 2024 Volkswagen Atlas Cross Sport 2.0T SE w/Technology Sport Utility AWD 4 Cylinder For sale at DAHL Chevrolet Buick GMC in Winona Minnesota.	https://vehicle-images.carscommerce.inc/661b-110010023/1V2HE2CA9RC232580/thumbnails/large/b785f0cff63f76d40158c58355750646.webp	in stock	USED	SUV	Vehicles & Parts > Vehicles > Motor Vehicles > Cars, Trucks & Vans	1V2HE2CA9RC232580	https://www.dahlchevroletgmcwinona.com/inventory/used-2024-volkswagen-atlas-cross-sport-2-0t-se-wtechnology-all-wheel-drive-sport-utility-1v2he2ca9rc232580/123?store={store_code}	GRAY	49942 miles	Atlas Cross Sport	1V2HE2CA9RC232580	2024	28000 USD	CBGMC	28000 USD	MI
1V2FE2CA8RC240953	2024 Volkswagen Atlas Cross Sport 2.0T SEL Premium R-Line	Volkswagen	https://www.dahlchevroletgmcwinona.com/inventory/used-2024-volkswagen-atlas-cross-sport-2-0t-sel-premium-r-line-all-wheel-drive-sport-utility-1v2fe2ca8rc240953/	34136 USD	2024 Pure Gray Volkswagen Atlas Cross Sport Used 2024 Volkswagen Atlas Cross Sport 2.0T SEL Premium R-Line Sport Utility AWD 4 Cylinder For sale at DAHL Chevrolet Buick GMC in Winona Minnesota.	https://vehicle-images.carscommerce.inc/1642-110010023/1V2FE2CA8RC240953/thumbnails/large/e7bc373a64a54ba6ee32bb6984595ce0.webp	in stock	USED	SUV	Vehicles & Parts > Vehicles > Motor Vehicles > Cars, Trucks & Vans	1V2FE2CA8RC240953	https://www.dahlchevroletgmcwinona.com/inventory/used-2024-volkswagen-atlas-cross-sport-2-0t-sel-premium-r-line-all-wheel-drive-sport-utility-1v2fe2ca8rc240953/123?store={store_code}	GRAY	43460 miles	Atlas Cross Sport	1V2FE2CA8RC240953	2024	34136 USD	CBGMC	34136 USD	MI
WA12AAGU1S2123778	2025 Audi Q5 Premium Plus	Audi	https://www.dahlchevroletgmcwinona.com/inventory/used-2025-audi-q5-premium-plus-all-wheel-drive-quattro-sport-utility-wa12aagu1s2123778/	45490 USD	2025 Mythos Black Metallic Audi Q5 Used 2025 Audi Q5 Premium Plus quattro Sport Utility AWD 4 Cylinder For sale at DAHL Chevrolet Buick GMC in Winona Minnesota.	https://vehicle-images.carscommerce.inc/2366-110010023/WA12AAGU1S2123778/thumbnails/large/80d82f0f531c27947e5221c36e57bab6.webp	in stock	USED	SUV	Vehicles & Parts > Vehicles > Motor Vehicles > Cars, Trucks & Vans	WA12AAGU1S2123778	https://www.dahlchevroletgmcwinona.com/inventory/used-2025-audi-q5-premium-plus-all-wheel-drive-quattro-sport-utility-wa12aagu1s2123778/123?store={store_code}	BLACK	1393 miles	Q5	WA12AAGU1S2123778	2025	45490 USD	CBGMC	45490 USD	MI
3GNKBHR42SS133627	2025 Chevrolet Blazer LT	Chevrolet	https://www.dahlchevroletgmcwinona.com/inventory/used-2025-chevrolet-blazer-lt-all-wheel-drive-sport-utility-3gnkbhr42ss133627/	27990 USD	2025 Black Chevrolet Blazer Used 2025 Chevrolet Blazer LT Sport Utility AWD 4 Cylinder For sale at DAHL Chevrolet Buick GMC in Winona Minnesota.	https://vehicle-images.carscommerce.inc/7b93-110010023/3GNKBHR42SS133627/thumbnails/large/14438c157f22708179650c8865af8e89.webp	in stock	USED	SUV	Vehicles & Parts > Vehicles > Motor Vehicles > Cars, Trucks & Vans	3GNKBHR42SS133627	https://www.dahlchevroletgmcwinona.com/inventory/used-2025-chevrolet-blazer-lt-all-wheel-drive-sport-utility-3gnkbhr42ss133627/123?store={store_code}	BLACK	28715 miles	Blazer	3GNKBHR42SS133627	2025	27990 USD	CBGMC	27990 USD	MI
3GNAXPEG9SL242880	2025 Chevrolet Equinox LT	Chevrolet	https://www.dahlchevroletgmcwinona.com/inventory/used-2025-chevrolet-equinox-lt-all-wheel-drive-suv-3gnaxpeg9sl242880/	25749 USD	2025 Lakeshore Blue Metallic Chevrolet Equinox Used 2025 Chevrolet Equinox LT SUV AWD 1.5L Turbo 4-cylinder For sale at DAHL Chevrolet Buick GMC in Winona Minnesota.	https://vehicle-images.carscommerce.inc/8d41-110010023/3GNAXPEG9SL242880/thumbnails/large/6bb40852fd8fc7843005fe1802597c42.webp	in stock	USED	SUV	Vehicles & Parts > Vehicles > Motor Vehicles > Cars, Trucks & Vans	3GNAXPEG9SL242880	https://www.dahlchevroletgmcwinona.com/inventory/used-2025-chevrolet-equinox-lt-all-wheel-drive-suv-3gnaxpeg9sl242880/123?store={store_code}	BLUE	21792 miles	Equinox	3GNAXPEG9SL242880	2025	25749 USD	CBGMC	25749 USD	MI
1GCWGAFP7S1207434	2025 Chevrolet Express Cargo WT	Chevrolet	https://www.dahlchevroletgmcwinona.com/inventory/used-2025-chevrolet-express-cargo-wt-rear-wheel-drive-2500-regular-wheelbase-1gcwgafp7s1207434/	34249 USD	2025 Summit White Chevrolet Express Cargo Used 2025 Chevrolet Express Cargo WT 2500 Regular Wheelbase RWD 4.3L V6 Gas For sale at DAHL Chevrolet Buick GMC in Winona Minnesota.	https://www.dahlchevroletgmcwinona.com/wp-content/plugins/inventory/images/notfound.jpg	in stock	USED	VAN	Vehicles & Parts > Vehicles > Motor Vehicles > Cars, Trucks & Vans	1GCWGAFP7S1207434	https://www.dahlchevroletgmcwinona.com/inventory/used-2025-chevrolet-express-cargo-wt-rear-wheel-drive-2500-regular-wheelbase-1gcwgafp7s1207434/123?store={store_code}	WHITE	12205 miles	Express Cargo	1GCWGAFP7S1207434	2025	34249 USD	CBGMC	34249 USD	MI
3GCUKFED2SG133688	2025 Chevrolet Silverado 1500 LT Trail Boss	Chevrolet	https://www.dahlchevroletgmcwinona.com/inventory/used-2025-chevrolet-silverado-1500-lt-trail-boss-four-wheel-drive-crew-cab-3gcukfed2sg133688/	50749 USD	2025 Sterling Gray Metallic Chevrolet Silverado 1500 Used 2025 Chevrolet Silverado 1500 LT Trail Boss Crew Cab 4WD 5.3L EcoTec3 V8 For sale at DAHL Chevrolet Buick GMC in Winona Minnesota.	https://vehicle-images.carscommerce.inc/ed67-110010023/3GCUKFED2SG133688/thumbnails/large/e11b9ab8fc7a6f6c1f5799416495dcb9.webp	in stock	USED	TRUCK	Vehicles & Parts > Vehicles > Motor Vehicles > Cars, Trucks & Vans	3GCUKFED2SG133688	https://www.dahlchevroletgmcwinona.com/inventory/used-2025-chevrolet-silverado-1500-lt-trail-boss-four-wheel-drive-crew-cab-3gcukfed2sg133688/123?store={store_code}	SILVER	14500 miles	Silverado 1500	3GCUKFED2SG133688	2025	50749 USD	CBGMC	50749 USD	MI
2C4RC1GG3SR561244	2025 Chrysler Pacifica Limited	Chrysler	https://www.dahlchevroletgmcwinona.com/inventory/used-2025-chrysler-pacifica-limited-front-wheel-drive-passenger-van-2c4rc1gg3sr561244/	30590 USD	2025 Bright White Clearcoat Chrysler Pacifica Used 2025 Chrysler Pacifica Limited Passenger Van FWD V6 Cylinder For sale at DAHL Chevrolet Buick GMC in Winona Minnesota.	https://vehicle-images.carscommerce.inc/885a-110010023/2C4RC1GG3SR561244/thumbnails/large/b0ac25fac8aa40dcb6722c0ed57e7c75.webp	in stock	USED	VAN	Vehicles & Parts > Vehicles > Motor Vehicles > Cars, Trucks & Vans	2C4RC1GG3SR561244	https://www.dahlchevroletgmcwinona.com/inventory/used-2025-chrysler-pacifica-limited-front-wheel-drive-passenger-van-2c4rc1gg3sr561244/123?store={store_code}	WHITE	54343 miles	Pacifica	2C4RC1GG3SR561244	2025	30590 USD	CBGMC	30590 USD	MI
2C4RC1GG5SR523739	2025 Chrysler Pacifica Limited	Chrysler	https://www.dahlchevroletgmcwinona.com/inventory/used-2025-chrysler-pacifica-limited-front-wheel-drive-passenger-van-2c4rc1gg5sr523739/	29600 USD	2025 Bright White Clearcoat Chrysler Pacifica Used 2025 Chrysler Pacifica Limited Passenger Van FWD V6 Cylinder For sale at DAHL Chevrolet Buick GMC in Winona Minnesota.	https://vehicle-images.carscommerce.inc/a123-110010023/2C4RC1GG5SR523739/thumbnails/large/40d3b5d2ad9aeb01811f3ec84a73b333.webp	in stock	USED	VAN	Vehicles & Parts > Vehicles > Motor Vehicles > Cars, Trucks & Vans	2C4RC1GG5SR523739	https://www.dahlchevroletgmcwinona.com/inventory/used-2025-chrysler-pacifica-limited-front-wheel-drive-passenger-van-2c4rc1gg5sr523739/123?store={store_code}	WHITE	53428 miles	Pacifica	2C4RC1GG5SR523739	2025	29600 USD	CBGMC	29600 USD	MI
2C4RC3PG6SR505360	2025 Chrysler Pacifica Pinnacle	Chrysler	https://www.dahlchevroletgmcwinona.com/inventory/used-2025-chrysler-pacifica-pinnacle-all-wheel-drive-passenger-van-2c4rc3pg6sr505360/	38800 USD	2025 Diamond Black Crystal Pearlcoat Chrysler Pacifica Used 2025 Chrysler Pacifica Pinnacle Passenger Van AWD V6 Cylinder For sale at DAHL Chevrolet Buick GMC in Winona Minnesota.	https://vehicle-images.carscommerce.inc/f9a8-110010023/2C4RC3PG6SR505360/thumbnails/large/5d69f003cc13f452104aef3ff0511f1a.webp	in stock	USED	VAN	Vehicles & Parts > Vehicles > Motor Vehicles > Cars, Trucks & Vans	2C4RC3PG6SR505360	https://www.dahlchevroletgmcwinona.com/inventory/used-2025-chrysler-pacifica-pinnacle-all-wheel-drive-passenger-van-2c4rc3pg6sr505360/123?store={store_code}	BLACK	34643 miles	Pacifica	2C4RC3PG6SR505360	2025	38800 USD	CBGMC	38800 USD	MI
1C4SDJCT2SC513714	2025 Dodge Durango R/T	Dodge	https://www.dahlchevroletgmcwinona.com/inventory/used-2025-dodge-durango-rt-all-wheel-drive-sport-utility-1c4sdjct2sc513714/	39590 USD	2025 Night Moves Dodge Durango Used 2025 Dodge Durango R/T Sport Utility AWD 8 Cylinder For sale at DAHL Chevrolet Buick GMC in Winona Minnesota.	https://vehicle-images.carscommerce.inc/8edc-110010023/1C4SDJCT2SC513714/thumbnails/large/49049b1fb21bb18a99a07e7c0271c73b.webp	in stock	USED	SUV	Vehicles & Parts > Vehicles > Motor Vehicles > Cars, Trucks & Vans	1C4SDJCT2SC513714	https://www.dahlchevroletgmcwinona.com/inventory/used-2025-dodge-durango-rt-all-wheel-drive-sport-utility-1c4sdjct2sc513714/123?store={store_code}	BLACK	42337 miles	Durango	1C4SDJCT2SC513714	2025	39590 USD	CBGMC	39590 USD	MI
1FMCU9NA1SUA83940	2025 Ford Escape ST-Line Select	Ford	https://www.dahlchevroletgmcwinona.com/inventory/used-2025-ford-escape-st-line-select-all-wheel-drive-sport-utility-1fmcu9na1sua83940/	23490 USD	2025 Carbonized Gray Ford Escape Used 2025 Ford Escape ST-Line Select Sport Utility AWD 4 Cylinder For sale at DAHL Chevrolet Buick GMC in Winona Minnesota.	https://vehicle-images.carscommerce.inc/cb4b-110010023/1FMCU9NA1SUA83940/thumbnails/large/65817f1639cc36a79acbf5c37bcb9f36.webp	in stock	USED	SUV	Vehicles & Parts > Vehicles > Motor Vehicles > Cars, Trucks & Vans	1FMCU9NA1SUA83940	https://www.dahlchevroletgmcwinona.com/inventory/used-2025-ford-escape-st-line-select-all-wheel-drive-sport-utility-1fmcu9na1sua83940/123?store={store_code}	GRAY	34038 miles	Escape	1FMCU9NA1SUA83940	2025	23490 USD	CBGMC	23490 USD	MI
1FMUK8KH0SGB62388	2025 Ford Explorer ST-Line	Ford	https://www.dahlchevroletgmcwinona.com/inventory/used-2025-ford-explorer-st-line-four-wheel-drive-sport-utility-1fmuk8kh0sgb62388/	38900 USD	2025 Star White Metallic Tri-Coat Ford Explorer Used 2025 Ford Explorer ST-Line Sport Utility 4WD 4 Cylinder For sale at DAHL Chevrolet Buick GMC in Winona Minnesota.	https://vehicle-images.carscommerce.inc/fda7-110010023/1FMUK8KH0SGB62388/thumbnails/large/f4488a5b7348270b4f0cc7673e03ee1e.webp	in stock	USED	SUV	Vehicles & Parts > Vehicles > Motor Vehicles > Cars, Trucks & Vans	1FMUK8KH0SGB62388	https://www.dahlchevroletgmcwinona.com/inventory/used-2025-ford-explorer-st-line-four-wheel-drive-sport-utility-1fmuk8kh0sgb62388/123?store={store_code}	WHITE	26495 miles	Explorer	1FMUK8KH0SGB62388	2025	38900 USD	CBGMC	38900 USD	MI
1FMUK8KH7SGB59116	2025 Ford Explorer ST-Line	Ford	https://www.dahlchevroletgmcwinona.com/inventory/used-2025-ford-explorer-st-line-four-wheel-drive-sport-utility-1fmuk8kh7sgb59116/	37500 USD	2025 Carbonized Gray Ford Explorer Used 2025 Ford Explorer ST-Line Sport Utility 4WD 4 Cylinder For sale at DAHL Chevrolet Buick GMC in Winona Minnesota.	https://vehicle-images.carscommerce.inc/cadc-110010023/1FMUK8KH7SGB59116/thumbnails/large/e8ee63c62043085f42dcea3dc2c48712.webp	in stock	USED	SUV	Vehicles & Parts > Vehicles > Motor Vehicles > Cars, Trucks & Vans	1FMUK8KH7SGB59116	https://www.dahlchevroletgmcwinona.com/inventory/used-2025-ford-explorer-st-line-four-wheel-drive-sport-utility-1fmuk8kh7sgb59116/123?store={store_code}	GRAY	37286 miles	Explorer	1FMUK8KH7SGB59116	2025	37500 USD	CBGMC	37500 USD	MI
1FMUK8KH7SGB61951	2025 Ford Explorer ST-Line	Ford	https://www.dahlchevroletgmcwinona.com/inventory/used-2025-ford-explorer-st-line-four-wheel-drive-sport-utility-1fmuk8kh7sgb61951/	37500 USD	2025 Carbonized Gray Ford Explorer Used 2025 Ford Explorer ST-Line Sport Utility 4WD 4 Cylinder For sale at DAHL Chevrolet Buick GMC in Winona Minnesota.	https://vehicle-images.carscommerce.inc/f09d-110010023/1FMUK8KH7SGB61951/thumbnails/large/615004815c9d2f8dbc4eb666cb030fe6.webp	in stock	USED	SUV	Vehicles & Parts > Vehicles > Motor Vehicles > Cars, Trucks & Vans	1FMUK8KH7SGB61951	https://www.dahlchevroletgmcwinona.com/inventory/used-2025-ford-explorer-st-line-four-wheel-drive-sport-utility-1fmuk8kh7sgb61951/123?store={store_code}	GRAY	37662 miles	Explorer	1FMUK8KH7SGB61951	2025	37500 USD	CBGMC	37500 USD	MI
3FTCW8TA6SRB70557	2025 Ford Maverick Lobo	Ford	https://www.dahlchevroletgmcwinona.com/inventory/used-2025-ford-maverick-lobo-all-wheel-drive-supercrew-3ftcw8ta6srb70557/	35900 USD	2025 Shadow Black Ford Maverick Used 2025 Ford Maverick Lobo SuperCrew AWD 4 Cylinder For sale at DAHL Chevrolet Buick GMC in Winona Minnesota.	https://vehicle-images.carscommerce.inc/f1ce-110010023/3FTCW8TA6SRB70557/thumbnails/large/912d3ee579f7c5f718c0baab28b4476c.webp	in stock	USED	TRUCK	Vehicles & Parts > Vehicles > Motor Vehicles > Cars, Trucks & Vans	3FTCW8TA6SRB70557	https://www.dahlchevroletgmcwinona.com/inventory/used-2025-ford-maverick-lobo-all-wheel-drive-supercrew-3ftcw8ta6srb70557/123?store={store_code}	BLACK	2528 miles	Maverick	3FTCW8TA6SRB70557	2025	35900 USD	CBGMC	35900 USD	MI
1FT8W3BN5SED77392	2025 Ford Super Duty F-350 SRW XLT	Ford	https://www.dahlchevroletgmcwinona.com/inventory/used-2025-ford-super-duty-f-350-srw-xlt-four-wheel-drive-sd-crew-cab-1ft8w3bn5sed77392/	60900 USD	2025 Race Red Ford Super Duty F-350 SRW Used 2025 Ford Super Duty F-350 SRW XLT SD Crew Cab 4WD 8 Cylinder For sale at DAHL Chevrolet Buick GMC in Winona Minnesota.	https://vehicle-images.carscommerce.inc/5b72-110010023/1FT8W3BN5SED77392/thumbnails/large/36386af2df33ba9910f04809780221e1.webp	in stock	USED	TRUCK	Vehicles & Parts > Vehicles > Motor Vehicles > Cars, Trucks & Vans	1FT8W3BN5SED77392	https://www.dahlchevroletgmcwinona.com/inventory/used-2025-ford-super-duty-f-350-srw-xlt-four-wheel-drive-sd-crew-cab-1ft8w3bn5sed77392/123?store={store_code}	RED	7485 miles	Super Duty F-350 SRW	1FT8W3BN5SED77392	2025	60900 USD	CBGMC	60900 USD	MI
1FBAX2YG7SKA07682	2025 Ford Transit 350 XLT	Ford	https://www.dahlchevroletgmcwinona.com/inventory/used-2025-ford-transit-350-xlt-rear-wheel-drive-low-roof-van-1fbax2yg7ska07682/	41900 USD	2025 Oxford White Ford Transit Used 2025 Ford Transit 350 XLT Low Roof Van RWD V6 Cylinder For sale at DAHL Chevrolet Buick GMC in Winona Minnesota.	https://vehicle-images.carscommerce.inc/82e0-110010023/1FBAX2YG7SKA07682/thumbnails/large/ff892ecc220f90718c4792b62be12d9d.webp	in stock	USED	VAN	Vehicles & Parts > Vehicles > Motor Vehicles > Cars, Trucks & Vans	1FBAX2YG7SKA07682	https://www.dahlchevroletgmcwinona.com/inventory/used-2025-ford-transit-350-xlt-rear-wheel-drive-low-roof-van-1fbax2yg7ska07682/123?store={store_code}	WHITE	34091 miles	Transit	1FBAX2YG7SKA07682	2025	41900 USD	CBGMC	41900 USD	MI
2HGFE1E51SH474982	2025 Honda Civic Si SI	Honda	https://www.dahlchevroletgmcwinona.com/inventory/used-2025-honda-civic-si-si-front-wheel-drive-sedan-2hgfe1e51sh474982/	30991 USD	2025 Platinum White Pearl Honda Civic Si Used 2025 Honda Civic Si SI Sedan FWD 4 Cylinder For sale at DAHL Chevrolet Buick GMC in Winona Minnesota.	https://vehicle-images.carscommerce.inc/f6de-110010023/2HGFE1E51SH474982/thumbnails/large/5bc0641d4e5a53ff908a6b2c01d3e084.webp	in stock	USED	OTHER	Vehicles & Parts > Vehicles > Motor Vehicles > Cars, Trucks & Vans	2HGFE1E51SH474982	https://www.dahlchevroletgmcwinona.com/inventory/used-2025-honda-civic-si-si-front-wheel-drive-sedan-2hgfe1e51sh474982/123?store={store_code}	WHITE	16024 miles	Civic Si	2HGFE1E51SH474982	2025	30991 USD	CBGMC	30991 USD	MI
5FNRL6H62SB058447	2025 Honda Odyssey EX-L	Honda	https://www.dahlchevroletgmcwinona.com/inventory/used-2025-honda-odyssey-ex-l-front-wheel-drive-passenger-van-5fnrl6h62sb058447/	32000 USD	2025 Modern Steel Metallic Honda Odyssey Used 2025 Honda Odyssey EX-L Passenger Van FWD V6 Cylinder For sale at DAHL Chevrolet Buick GMC in Winona Minnesota.	https://vehicle-images.carscommerce.inc/1a98-110010023/5FNRL6H62SB058447/thumbnails/large/98d8c47a2bbfc029e0b1b51f74dc824e.webp	in stock	USED	VAN	Vehicles & Parts > Vehicles > Motor Vehicles > Cars, Trucks & Vans	5FNRL6H62SB058447	https://www.dahlchevroletgmcwinona.com/inventory/used-2025-honda-odyssey-ex-l-front-wheel-drive-passenger-van-5fnrl6h62sb058447/123?store={store_code}	GRAY	69492 miles	Odyssey	5FNRL6H62SB058447	2025	32000 USD	CBGMC	32000 USD	MI
5FNRL6H63SB059199	2025 Honda Odyssey EX-L	Honda	https://www.dahlchevroletgmcwinona.com/inventory/used-2025-honda-odyssey-ex-l-front-wheel-drive-passenger-van-5fnrl6h63sb059199/	35500 USD	2025 Smoke Blue Pearl Honda Odyssey Used 2025 Honda Odyssey EX-L Passenger Van FWD V6 Cylinder For sale at DAHL Chevrolet Buick GMC in Winona Minnesota.	https://vehicle-images.carscommerce.inc/9739-110010023/5FNRL6H63SB059199/thumbnails/large/c33aa624f42a803ed5d07b83380bb5d5.webp	in stock	USED	VAN	Vehicles & Parts > Vehicles > Motor Vehicles > Cars, Trucks & Vans	5FNRL6H63SB059199	https://www.dahlchevroletgmcwinona.com/inventory/used-2025-honda-odyssey-ex-l-front-wheel-drive-passenger-van-5fnrl6h63sb059199/123?store={store_code}	GRAY	52508 miles	Odyssey	5FNRL6H63SB059199	2025	35500 USD	CBGMC	35500 USD	MI
5FNRL6H67SB071372	2025 Honda Odyssey EX-L	Honda	https://www.dahlchevroletgmcwinona.com/inventory/used-2025-honda-odyssey-ex-l-front-wheel-drive-passenger-van-5fnrl6h67sb071372/	36000 USD	2025 Smoke Blue Pearl Honda Odyssey Used 2025 Honda Odyssey EX-L Passenger Van FWD V6 Cylinder For sale at DAHL Chevrolet Buick GMC in Winona Minnesota.	https://vehicle-images.carscommerce.inc/c038-110010023/5FNRL6H67SB071372/thumbnails/large/ac55eb7dc30458948fa0876ddf887910.webp	in stock	USED	VAN	Vehicles & Parts > Vehicles > Motor Vehicles > Cars, Trucks & Vans	5FNRL6H67SB071372	https://www.dahlchevroletgmcwinona.com/inventory/used-2025-honda-odyssey-ex-l-front-wheel-drive-passenger-van-5fnrl6h67sb071372/123?store={store_code}	GRAY	52084 miles	Odyssey	5FNRL6H67SB071372	2025	36000 USD	CBGMC	36000 USD	MI
5FNYG1H87SB021351	2025 Honda Pilot Elite	Honda	https://www.dahlchevroletgmcwinona.com/inventory/used-2025-honda-pilot-elite-all-wheel-drive-sport-utility-5fnyg1h87sb021351/	46990 USD	2025 Sonic Gray Pearl Honda Pilot Used 2025 Honda Pilot Elite Sport Utility AWD V6 Cylinder For sale at DAHL Chevrolet Buick GMC in Winona Minnesota.	https://vehicle-images.carscommerce.inc/ae04-110010023/5FNYG1H87SB021351/thumbnails/large/2087ae90301ffa9e0cf5513fb8b35727.webp	in stock	USED	SUV	Vehicles & Parts > Vehicles > Motor Vehicles > Cars, Trucks & Vans	5FNYG1H87SB021351	https://www.dahlchevroletgmcwinona.com/inventory/used-2025-honda-pilot-elite-all-wheel-drive-sport-utility-5fnyg1h87sb021351/123?store={store_code}	GRAY	29057 miles	Pilot	5FNYG1H87SB021351	2025	46990 USD	CBGMC	46990 USD	MI
5FNYG1H61SB009694	2025 Honda Pilot TrailSport	Honda	https://www.dahlchevroletgmcwinona.com/inventory/used-2025-honda-pilot-trailsport-all-wheel-drive-sport-utility-5fnyg1h61sb009694/	43000 USD	2025 Diffused Sky Blue Pearl Honda Pilot Used 2025 Honda Pilot TrailSport Sport Utility AWD V6 Cylinder For sale at DAHL Chevrolet Buick GMC in Winona Minnesota.	https://vehicle-images.carscommerce.inc/c818-110010023/5FNYG1H61SB009694/thumbnails/large/e1b0a3b151b844c7a2f123e67858ca14.webp	in stock	USED	SUV	Vehicles & Parts > Vehicles > Motor Vehicles > Cars, Trucks & Vans	5FNYG1H61SB009694	https://www.dahlchevroletgmcwinona.com/inventory/used-2025-honda-pilot-trailsport-all-wheel-drive-sport-utility-5fnyg1h61sb009694/123?store={store_code}	BLUE	28522 miles	Pilot	5FNYG1H61SB009694	2025	43000 USD	CBGMC	43000 USD	MI
5FPYK3F6XSB044819	2025 Honda Ridgeline TrailSport	Honda	https://www.dahlchevroletgmcwinona.com/inventory/used-2025-honda-ridgeline-trailsport-all-wheel-drive-crew-cab-5fpyk3f6xsb044819/	37650 USD	2025 Diffused Sky Blue Pearl Honda Ridgeline Used 2025 Honda Ridgeline TrailSport Crew Cab AWD V6 Cylinder For sale at DAHL Chevrolet Buick GMC in Winona Minnesota.	https://vehicle-images.carscommerce.inc/239a-110010023/5FPYK3F6XSB044819/thumbnails/large/732a4552871c3865ce93b317e7783d9d.webp	in stock	USED	TRUCK	Vehicles & Parts > Vehicles > Motor Vehicles > Cars, Trucks & Vans	5FPYK3F6XSB044819	https://www.dahlchevroletgmcwinona.com/inventory/used-2025-honda-ridgeline-trailsport-all-wheel-drive-crew-cab-5fpyk3f6xsb044819/123?store={store_code}	BLUE	11659 miles	Ridgeline	5FPYK3F6XSB044819	2025	37650 USD	CBGMC	37650 USD	MI
KM8HBCAB6SU225951	2025 Hyundai Kona SEL	Hyundai	https://www.dahlchevroletgmcwinona.com/inventory/used-2025-hyundai-kona-sel-all-wheel-drive-sport-utility-km8hbcab6su225951/	22990 USD	2025 Cyber Gray Metallic Hyundai Kona Used 2025 Hyundai Kona SEL Sport Utility AWD 4 Cylinder For sale at DAHL Chevrolet Buick GMC in Winona Minnesota.	https://vehicle-images.carscommerce.inc/d626-110010023/KM8HBCAB6SU225951/thumbnails/large/67e5f33af6df411661634aee78543f32.webp	in stock	USED	SUV	Vehicles & Parts > Vehicles > Motor Vehicles > Cars, Trucks & Vans	KM8HBCAB6SU225951	https://www.dahlchevroletgmcwinona.com/inventory/used-2025-hyundai-kona-sel-all-wheel-drive-sport-utility-km8hbcab6su225951/123?store={store_code}	GRAY	40948 miles	Kona	KM8HBCAB6SU225951	2025	22990 USD	CBGMC	22990 USD	MI
KM8HBCAB7SU304559	2025 Hyundai Kona SEL	Hyundai	https://www.dahlchevroletgmcwinona.com/inventory/used-2025-hyundai-kona-sel-all-wheel-drive-sport-utility-km8hbcab7su304559/	23490 USD	2025 Ultimate Red Metallic Hyundai Kona Used 2025 Hyundai Kona SEL Sport Utility AWD 4 Cylinder For sale at DAHL Chevrolet Buick GMC in Winona Minnesota.	https://vehicle-images.carscommerce.inc/b860-110010023/KM8HBCAB7SU304559/thumbnails/large/007f2a768ff2941884664bf62ff9d0f0.webp	in stock	USED	SUV	Vehicles & Parts > Vehicles > Motor Vehicles > Cars, Trucks & Vans	KM8HBCAB7SU304559	https://www.dahlchevroletgmcwinona.com/inventory/used-2025-hyundai-kona-sel-all-wheel-drive-sport-utility-km8hbcab7su304559/123?store={store_code}	RED	36458 miles	Kona	KM8HBCAB7SU304559	2025	23490 USD	CBGMC	23490 USD	MI
5NMP2DGL3SH117915	2025 Hyundai Santa Fe SEL	Hyundai	https://www.dahlchevroletgmcwinona.com/inventory/used-2025-hyundai-santa-fe-sel-all-wheel-drive-sport-utility-5nmp2dgl3sh117915/	32200 USD	2025 Atlantis Blue Hyundai Santa Fe Used 2025 Hyundai Santa Fe SEL Sport Utility AWD 4 Cylinder For sale at DAHL Chevrolet Buick GMC in Winona Minnesota.	https://vehicle-images.carscommerce.inc/450d-110010023/5NMP2DGL3SH117915/thumbnails/large/919d228f47b09afbe358d122719b674e.webp	in stock	USED	SUV	Vehicles & Parts > Vehicles > Motor Vehicles > Cars, Trucks & Vans	5NMP2DGL3SH117915	https://www.dahlchevroletgmcwinona.com/inventory/used-2025-hyundai-santa-fe-sel-all-wheel-drive-sport-utility-5nmp2dgl3sh117915/123?store={store_code}	BLUE	10522 miles	Santa Fe	5NMP2DGL3SH117915	2025	32200 USD	CBGMC	32200 USD	MI
KMHL64JAXSA489574	2025 Hyundai Sonata SEL	Hyundai	https://www.dahlchevroletgmcwinona.com/inventory/used-2025-hyundai-sonata-sel-front-wheel-drive-sedan-kmhl64jaxsa489574/	22482 USD	2025 Carbon Blue Hyundai Sonata Used 2025 Hyundai Sonata SEL Sedan FWD 4 Cylinder For sale at DAHL Chevrolet Buick GMC in Winona Minnesota.	https://vehicle-images.carscommerce.inc/da5f-110010023/KMHL64JAXSA489574/thumbnails/large/dec553d6301f13880781b455f7ce8fa7.webp	in stock	USED	OTHER	Vehicles & Parts > Vehicles > Motor Vehicles > Cars, Trucks & Vans	KMHL64JAXSA489574	https://www.dahlchevroletgmcwinona.com/inventory/used-2025-hyundai-sonata-sel-front-wheel-drive-sedan-kmhl64jaxsa489574/123?store={store_code}	BLUE	26235 miles	Sonata	KMHL64JAXSA489574	2025	22482 USD	CBGMC	22482 USD	MI
5NMJACDE8SH463905	2025 Hyundai Tucson SE	Hyundai	https://www.dahlchevroletgmcwinona.com/inventory/used-2025-hyundai-tucson-se-all-wheel-drive-sport-utility-5nmjacde8sh463905/	14999 USD	2025 Phantom Black Hyundai Tucson Used 2025 Hyundai Tucson SE Sport Utility AWD 4 Cylinder For sale at DAHL Chevrolet Buick GMC in Winona Minnesota.	https://vehicle-images.carscommerce.inc/2389-110010023/5NMJACDE8SH463905/thumbnails/large/6b2ee89f28a86c579916c3d2578ea5c3.webp	in stock	USED	SUV	Vehicles & Parts > Vehicles > Motor Vehicles > Cars, Trucks & Vans	5NMJACDE8SH463905	https://www.dahlchevroletgmcwinona.com/inventory/used-2025-hyundai-tucson-se-all-wheel-drive-sport-utility-5nmjacde8sh463905/123?store={store_code}	BLACK	152899 miles	Tucson	5NMJACDE8SH463905	2025	14999 USD	CBGMC	14999 USD	MI
5XYP6DGC5SG668975	2025 Kia Telluride S	Kia	https://www.dahlchevroletgmcwinona.com/inventory/used-2025-kia-telluride-s-all-wheel-drive-sport-utility-5xyp6dgc5sg668975/	36500 USD	2025 Dark Moss Kia Telluride Used 2025 Kia Telluride S Sport Utility AWD V6 Cylinder For sale at DAHL Chevrolet Buick GMC in Winona Minnesota.	https://vehicle-images.carscommerce.inc/c353-110010023/5XYP6DGC5SG668975/thumbnails/large/a971aa615bd21ebe547e21bc0b615e0f.webp	in stock	USED	SUV	Vehicles & Parts > Vehicles > Motor Vehicles > Cars, Trucks & Vans	5XYP6DGC5SG668975	https://www.dahlchevroletgmcwinona.com/inventory/used-2025-kia-telluride-s-all-wheel-drive-sport-utility-5xyp6dgc5sg668975/123?store={store_code}	GREEN	7519 miles	Telluride	5XYP6DGC5SG668975	2025	36500 USD	CBGMC	36500 USD	MI
3MVDMBDM8SM849225	2025 Mazda CX-30 2.5 S Premium Package	Mazda	https://www.dahlchevroletgmcwinona.com/inventory/used-2025-mazda-cx-30-2-5-s-premium-package-all-wheel-drive-i-activ-awd-sport-utility-3mvdmbdm8sm849225/	29990 USD	2025 Deep Crystal Blue Mica Mazda CX-30 Used 2025 Mazda CX-30 2.5 S Premium Package i-ACTIV AWD Sport Utility AWD 4 Cylinder For sale at DAHL Chevrolet Buick GMC in Winona Minnesota.	https://vehicle-images.carscommerce.inc/22ae-110010023/3MVDMBDM8SM849225/thumbnails/large/cb14df13d4337b2029249727e88bc0e5.webp	in stock	USED	SUV	Vehicles & Parts > Vehicles > Motor Vehicles > Cars, Trucks & Vans	3MVDMBDM8SM849225	https://www.dahlchevroletgmcwinona.com/inventory/used-2025-mazda-cx-30-2-5-s-premium-package-all-wheel-drive-i-activ-awd-sport-utility-3mvdmbdm8sm849225/123?store={store_code}	BLUE	7567 miles	CX-30	3MVDMBDM8SM849225	2025	29990 USD	CBGMC	29990 USD	MI
3MVDMBBM1SM757179	2025 Mazda CX-30 2.5 S Select Sport	Mazda	https://www.dahlchevroletgmcwinona.com/inventory/used-2025-mazda-cx-30-2-5-s-select-sport-all-wheel-drive-i-activ-awd-sport-utility-3mvdmbbm1sm757179/	24000 USD	2025 Jet Black Mica Mazda CX-30 Used 2025 Mazda CX-30 2.5 S Select Sport i-ACTIV AWD Sport Utility AWD 4 Cylinder For sale at DAHL Chevrolet Buick GMC in Winona Minnesota.	https://vehicle-images.carscommerce.inc/6075-110010023/3MVDMBBM1SM757179/thumbnails/large/969288fdb0ad091d5e030f072af3a221.webp	in stock	USED	SUV	Vehicles & Parts > Vehicles > Motor Vehicles > Cars, Trucks & Vans	3MVDMBBM1SM757179	https://www.dahlchevroletgmcwinona.com/inventory/used-2025-mazda-cx-30-2-5-s-select-sport-all-wheel-drive-i-activ-awd-sport-utility-3mvdmbbm1sm757179/123?store={store_code}	BLACK	42756 miles	CX-30	3MVDMBBM1SM757179	2025	24000 USD	CBGMC	24000 USD	MI
3MVDMBBM8SM801310	2025 Mazda CX-30 2.5 S Select Sport	Mazda	https://www.dahlchevroletgmcwinona.com/inventory/used-2025-mazda-cx-30-2-5-s-select-sport-all-wheel-drive-i-activ-awd-sport-utility-3mvdmbbm8sm801310/	24490 USD	2025 Aero Gray Metallic Mazda CX-30 Used 2025 Mazda CX-30 2.5 S Select Sport i-ACTIV AWD Sport Utility AWD 4 Cylinder For sale at DAHL Chevrolet Buick GMC in Winona Minnesota.	https://vehicle-images.carscommerce.inc/b859-110010023/3MVDMBBM8SM801310/thumbnails/large/e9b58e00335401e30d0e34970a65a94a.webp	in stock	USED	SUV	Vehicles & Parts > Vehicles > Motor Vehicles > Cars, Trucks & Vans	3MVDMBBM8SM801310	https://www.dahlchevroletgmcwinona.com/inventory/used-2025-mazda-cx-30-2-5-s-select-sport-all-wheel-drive-i-activ-awd-sport-utility-3mvdmbbm8sm801310/123?store={store_code}	GRAY	38565 miles	CX-30	3MVDMBBM8SM801310	2025	24490 USD	CBGMC	24490 USD	MI
JM3KFBCM9S0700482	2025 Mazda CX-5 2.5 S Carbon Edition	Mazda	https://www.dahlchevroletgmcwinona.com/inventory/used-2025-mazda-cx-5-2-5-s-carbon-edition-all-wheel-drive-i-activ-awd-sport-utility-jm3kfbcm9s0700482/	28300 USD	2025 Polymetal Gray Metallic Mazda CX-5 Used 2025 Mazda CX-5 2.5 S Carbon Edition i-ACTIV AWD Sport Utility AWD 4 Cylinder For sale at DAHL Chevrolet Buick GMC in Winona Minnesota.	https://vehicle-images.carscommerce.inc/7ddb-110010023/JM3KFBCM9S0700482/thumbnails/large/edc9ca1da52708b03c859ba9b7e59111.webp	in stock	USED	SUV	Vehicles & Parts > Vehicles > Motor Vehicles > Cars, Trucks & Vans	JM3KFBCM9S0700482	https://www.dahlchevroletgmcwinona.com/inventory/used-2025-mazda-cx-5-2-5-s-carbon-edition-all-wheel-drive-i-activ-awd-sport-utility-jm3kfbcm9s0700482/123?store={store_code}	GRAY	25690 miles	CX-5	JM3KFBCM9S0700482	2025	28300 USD	CBGMC	28300 USD	MI
JM3KFBCL5S0672347	2025 Mazda CX-5 2.5 S Preferred Package	Mazda	https://www.dahlchevroletgmcwinona.com/inventory/used-2025-mazda-cx-5-2-5-s-preferred-package-all-wheel-drive-i-activ-awd-sport-utility-jm3kfbcl5s0672347/	26000 USD	2025 Rhodium White Metallic Mazda CX-5 Used 2025 Mazda CX-5 2.5 S Preferred Package i-ACTIV AWD Sport Utility AWD 4 Cylinder For sale at DAHL Chevrolet Buick GMC in Winona Minnesota.	https://vehicle-images.carscommerce.inc/74b0-110010023/JM3KFBCL5S0672347/thumbnails/large/71c56d57cd23cf0331e11692b3393299.webp	in stock	USED	SUV	Vehicles & Parts > Vehicles > Motor Vehicles > Cars, Trucks & Vans	JM3KFBCL5S0672347	https://www.dahlchevroletgmcwinona.com/inventory/used-2025-mazda-cx-5-2-5-s-preferred-package-all-wheel-drive-i-activ-awd-sport-utility-jm3kfbcl5s0672347/123?store={store_code}	WHITE	39095 miles	CX-5	JM3KFBCL5S0672347	2025	26000 USD	CBGMC	26000 USD	MI
JM3KFBCL8S0674657	2025 Mazda CX-5 2.5 S Preferred Package	Mazda	https://www.dahlchevroletgmcwinona.com/inventory/used-2025-mazda-cx-5-2-5-s-preferred-package-all-wheel-drive-i-activ-awd-sport-utility-jm3kfbcl8s0674657/	26490 USD	2025 Deep Crystal Blue Mica Mazda CX-5 Used 2025 Mazda CX-5 2.5 S Preferred Package i-ACTIV AWD Sport Utility AWD 4 Cylinder For sale at DAHL Chevrolet Buick GMC in Winona Minnesota.	https://vehicle-images.carscommerce.inc/5dfd-110010023/JM3KFBCL8S0674657/thumbnails/large/2f3e06c554a7753a940b4e418b590f90.webp	in stock	USED	SUV	Vehicles & Parts > Vehicles > Motor Vehicles > Cars, Trucks & Vans	JM3KFBCL8S0674657	https://www.dahlchevroletgmcwinona.com/inventory/used-2025-mazda-cx-5-2-5-s-preferred-package-all-wheel-drive-i-activ-awd-sport-utility-jm3kfbcl8s0674657/123?store={store_code}	BLUE	41213 miles	CX-5	JM3KFBCL8S0674657	2025	26490 USD	CBGMC	26490 USD	MI
JM3KFBCLXS0677642	2025 Mazda CX-5 2.5 S Preferred Package	Mazda	https://www.dahlchevroletgmcwinona.com/inventory/used-2025-mazda-cx-5-2-5-s-preferred-package-all-wheel-drive-i-activ-awd-sport-utility-jm3kfbclxs0677642/	27200 USD	2025 Rhodium White Metallic Mazda CX-5 Used 2025 Mazda CX-5 2.5 S Preferred Package i-ACTIV AWD Sport Utility AWD 4 Cylinder For sale at DAHL Chevrolet Buick GMC in Winona Minnesota.	https://vehicle-images.carscommerce.inc/8193-110010023/JM3KFBCLXS0677642/thumbnails/large/9e99b0b68196071433aabe0a3cb03dda.webp	in stock	USED	SUV	Vehicles & Parts > Vehicles > Motor Vehicles > Cars, Trucks & Vans	JM3KFBCLXS0677642	https://www.dahlchevroletgmcwinona.com/inventory/used-2025-mazda-cx-5-2-5-s-preferred-package-all-wheel-drive-i-activ-awd-sport-utility-jm3kfbclxs0677642/123?store={store_code}	WHITE	19753 miles	CX-5	JM3KFBCLXS0677642	2025	27200 USD	CBGMC	27200 USD	MI
JM3KFBEM8S0661686	2025 Mazda CX-5 2.5 S Premium Plus Package	Mazda	https://www.dahlchevroletgmcwinona.com/inventory/used-2025-mazda-cx-5-2-5-s-premium-plus-package-all-wheel-drive-i-activ-awd-sport-utility-jm3kfbem8s0661686/	31500 USD	2025 Jet Black Mica Mazda CX-5 Used 2025 Mazda CX-5 2.5 S Premium Plus Package i-ACTIV AWD Sport Utility AWD 4 Cylinder For sale at DAHL Chevrolet Buick GMC in Winona Minnesota.	https://vehicle-images.carscommerce.inc/c0cd-110010023/JM3KFBEM8S0661686/thumbnails/large/421018634e1b148684acd4baa97e332a.webp	in stock	USED	SUV	Vehicles & Parts > Vehicles > Motor Vehicles > Cars, Trucks & Vans	JM3KFBEM8S0661686	https://www.dahlchevroletgmcwinona.com/inventory/used-2025-mazda-cx-5-2-5-s-premium-plus-package-all-wheel-drive-i-activ-awd-sport-utility-jm3kfbem8s0661686/123?store={store_code}	BLACK	4333 miles	CX-5	JM3KFBEM8S0661686	2025	31500 USD	CBGMC	31500 USD	MI
JM3KFBBL4S0698245	2025 Mazda CX-5 2.5 S Select Package	Mazda	https://www.dahlchevroletgmcwinona.com/inventory/used-2025-mazda-cx-5-2-5-s-select-package-all-wheel-drive-i-activ-awd-sport-utility-jm3kfbbl4s0698245/	25590 USD	2025 Deep Crystal Blue Mica Mazda CX-5 Used 2025 Mazda CX-5 2.5 S Select Package i-ACTIV AWD Sport Utility AWD 4 Cylinder For sale at DAHL Chevrolet Buick GMC in Winona Minnesota.	https://vehicle-images.carscommerce.inc/104c-110010023/JM3KFBBL4S0698245/thumbnails/large/24f01cd991d612cd14c9ee1de0f46ec2.webp	in stock	USED	SUV	Vehicles & Parts > Vehicles > Motor Vehicles > Cars, Trucks & Vans	JM3KFBBL4S0698245	https://www.dahlchevroletgmcwinona.com/inventory/used-2025-mazda-cx-5-2-5-s-select-package-all-wheel-drive-i-activ-awd-sport-utility-jm3kfbbl4s0698245/123?store={store_code}	BLUE	38950 miles	CX-5	JM3KFBBL4S0698245	2025	25590 USD	CBGMC	25590 USD	MI
JM3KFBBL5S0575084	2025 Mazda CX-5 2.5 S Select Package	Mazda	https://www.dahlchevroletgmcwinona.com/inventory/used-2025-mazda-cx-5-2-5-s-select-package-all-wheel-drive-i-activ-awd-sport-utility-jm3kfbbl5s0575084/	25000 USD	2025 Platinum Quartz Metallic Mazda CX-5 Used 2025 Mazda CX-5 2.5 S Select Package i-ACTIV AWD Sport Utility AWD 4 Cylinder For sale at DAHL Chevrolet Buick GMC in Winona Minnesota.	https://vehicle-images.carscommerce.inc/8ced-110010023/JM3KFBBL5S0575084/thumbnails/large/1ecaf64452547a8868dee0dc0d595933.webp	in stock	USED	SUV	Vehicles & Parts > Vehicles > Motor Vehicles > Cars, Trucks & Vans	JM3KFBBL5S0575084	https://www.dahlchevroletgmcwinona.com/inventory/used-2025-mazda-cx-5-2-5-s-select-package-all-wheel-drive-i-activ-awd-sport-utility-jm3kfbbl5s0575084/123?store={store_code}	WHITE	43711 miles	CX-5	JM3KFBBL5S0575084	2025	25000 USD	CBGMC	25000 USD	MI
7MMVAADW4SN133874	2025 Mazda CX-50 Hybrid Premium Package	Mazda	https://www.dahlchevroletgmcwinona.com/inventory/used-2025-mazda-cx-50-hybrid-premium-package-all-wheel-drive-sport-utility-7mmvaadw4sn133874/	32300 USD	2025 Jet Black Mica Mazda CX-50 Used 2025 Mazda CX-50 Hybrid Premium Package Sport Utility AWD 4 Cylinder For sale at DAHL Chevrolet Buick GMC in Winona Minnesota.	https://vehicle-images.carscommerce.inc/1a24-110010023/7MMVAADW4SN133874/thumbnails/large/20f4aedaa2625e767e8f406c164d17e0.webp	in stock	USED	SUV	Vehicles & Parts > Vehicles > Motor Vehicles > Cars, Trucks & Vans	7MMVAADW4SN133874	https://www.dahlchevroletgmcwinona.com/inventory/used-2025-mazda-cx-50-hybrid-premium-package-all-wheel-drive-sport-utility-7mmvaadw4sn133874/123?store={store_code}	BLACK	22418 miles	CX-50	7MMVAADW4SN133874	2025	32300 USD	CBGMC	32300 USD	MI
JA4ARUAU8SU001311	2025 Mitsubishi Outlander Sport ES	Mitsubishi	https://www.dahlchevroletgmcwinona.com/inventory/used-2025-mitsubishi-outlander-sport-es-four-wheel-drive-awc-ja4aruau8su001311/	19223 USD	2025 Alloy Silver Metallic Mitsubishi Outlander Sport Used 2025 Mitsubishi Outlander Sport ES AWC 4WD 4 Cylinder For sale at DAHL Chevrolet Buick GMC in Winona Minnesota.	https://vehicle-images.carscommerce.inc/dfbc-110010023/JA4ARUAU8SU001311/thumbnails/large/4a2b6b8c888269b1d3081e8119baedfd.webp	in stock	USED	SUV	Vehicles & Parts > Vehicles > Motor Vehicles > Cars, Trucks & Vans	JA4ARUAU8SU001311	https://www.dahlchevroletgmcwinona.com/inventory/used-2025-mitsubishi-outlander-sport-es-four-wheel-drive-awc-ja4aruau8su001311/123?store={store_code}	SILVER	36292 miles	Outlander Sport	JA4ARUAU8SU001311	2025	19223 USD	CBGMC	19223 USD	MI
1N6ED1EK2SN637498	2025 Nissan Frontier PRO-4X	Nissan	https://www.dahlchevroletgmcwinona.com/inventory/used-2025-nissan-frontier-pro-4x-four-wheel-drive-crew-cab-1n6ed1ek2sn637498/	37300 USD	2025 Super Black Nissan Frontier Used 2025 Nissan Frontier PRO-4X Crew Cab 4WD V6 Cylinder For sale at DAHL Chevrolet Buick GMC in Winona Minnesota.	https://vehicle-images.carscommerce.inc/96b3-110010023/1N6ED1EK2SN637498/thumbnails/large/6962ea0187f186f1e99b839629af186d.webp	in stock	USED	TRUCK	Vehicles & Parts > Vehicles > Motor Vehicles > Cars, Trucks & Vans	1N6ED1EK2SN637498	https://www.dahlchevroletgmcwinona.com/inventory/used-2025-nissan-frontier-pro-4x-four-wheel-drive-crew-cab-1n6ed1ek2sn637498/123?store={store_code}	BLACK	14165 miles	Frontier	1N6ED1EK2SN637498	2025	37300 USD	CBGMC	37300 USD	MI
1C6SRFFP1SN562542	2025 Ram 1500 Big Horn	Ram	https://www.dahlchevroletgmcwinona.com/inventory/used-2025-ram-1500-big-horn-four-wheel-drive-crew-cab-1c6srffp1sn562542/	34000 USD	2025 Flame Red Clearcoat Ram 1500 Used 2025 Ram 1500 Big Horn Crew Cab 4WD Straight 6 Cylinder For sale at DAHL Chevrolet Buick GMC in Winona Minnesota.	https://vehicle-images.carscommerce.inc/669d-110010023/1C6SRFFP1SN562542/thumbnails/large/717dbca684beb0087c9f01602ea7de69.webp	in stock	USED	TRUCK	Vehicles & Parts > Vehicles > Motor Vehicles > Cars, Trucks & Vans	1C6SRFFP1SN562542	https://www.dahlchevroletgmcwinona.com/inventory/used-2025-ram-1500-big-horn-four-wheel-drive-crew-cab-1c6srffp1sn562542/123?store={store_code}	RED	54818 miles	1500	1C6SRFFP1SN562542	2025	34000 USD	CBGMC	34000 USD	MI
4S4WMAWD5S3411597	2025 Subaru Ascent Onyx Edition Touring	Subaru	https://www.dahlchevroletgmcwinona.com/inventory/used-2025-subaru-ascent-onyx-edition-touring-all-wheel-drive-sport-utility-4s4wmawd5s3411597/	40990 USD	2025 Cosmic Blue Pearl Subaru Ascent Used 2025 Subaru Ascent Onyx Edition Touring Sport Utility AWD 4 Cylinder For sale at DAHL Chevrolet Buick GMC in Winona Minnesota.	https://vehicle-images.carscommerce.inc/d676-110010023/4S4WMAWD5S3411597/thumbnails/large/48e3f77d4ba78f2a44410ef3b78aae82.webp	in stock	USED	SUV	Vehicles & Parts > Vehicles > Motor Vehicles > Cars, Trucks & Vans	4S4WMAWD5S3411597	https://www.dahlchevroletgmcwinona.com/inventory/used-2025-subaru-ascent-onyx-edition-touring-all-wheel-drive-sport-utility-4s4wmawd5s3411597/123?store={store_code}	BLUE	32610 miles	Ascent	4S4WMAWD5S3411597	2025	40990 USD	CBGMC	40990 USD	MI
JF2SLDHC8SH463872	2025 Subaru Forester Sport	Subaru	https://www.dahlchevroletgmcwinona.com/inventory/used-2025-subaru-forester-sport-all-wheel-drive-sport-utility-jf2sldhc8sh463872/	29790 USD	2025 Crystal White Pearl Subaru Forester Used 2025 Subaru Forester Sport Sport Utility AWD 4 Cylinder For sale at DAHL Chevrolet Buick GMC in Winona Minnesota.	https://vehicle-images.carscommerce.inc/5c3c-110010023/JF2SLDHC8SH463872/thumbnails/large/8b18838b0d95588a98038a5192d226ef.webp	in stock	USED	SUV	Vehicles & Parts > Vehicles > Motor Vehicles > Cars, Trucks & Vans	JF2SLDHC8SH463872	https://www.dahlchevroletgmcwinona.com/inventory/used-2025-subaru-forester-sport-all-wheel-drive-sport-utility-jf2sldhc8sh463872/123?store={store_code}	WHITE	42170 miles	Forester	JF2SLDHC8SH463872	2025	29790 USD	CBGMC	29790 USD	MI
4S4BTALCXS3185098	2025 Subaru Outback Onyx Edition	Subaru	https://www.dahlchevroletgmcwinona.com/inventory/used-2025-subaru-outback-onyx-edition-all-wheel-drive-sport-utility-4s4btalcxs3185098/	29600 USD	2025 Autumn Green Metallic Subaru Outback Used 2025 Subaru Outback Onyx Edition Sport Utility AWD 4 Cylinder For sale at DAHL Chevrolet Buick GMC in Winona Minnesota.	https://vehicle-images.carscommerce.inc/ac42-110010023/4S4BTALCXS3185098/thumbnails/large/ec7cf5c9b62cb0447a748a6be7bd96a5.webp	in stock	USED	SUV	Vehicles & Parts > Vehicles > Motor Vehicles > Cars, Trucks & Vans	4S4BTALCXS3185098	https://www.dahlchevroletgmcwinona.com/inventory/used-2025-subaru-outback-onyx-edition-all-wheel-drive-sport-utility-4s4btalcxs3185098/123?store={store_code}	GREEN	37573 miles	Outback	4S4BTALCXS3185098	2025	29600 USD	CBGMC	29600 USD	MI
4T1DBADK6SU009449	2025 Toyota Camry SE	Toyota	https://www.dahlchevroletgmcwinona.com/inventory/used-2025-toyota-camry-se-all-wheel-drive-sedan-4t1dbadk6su009449/	31699 USD	2025 Ice Cap Toyota Camry Used 2025 Toyota Camry SE Sedan AWD 4 Cylinder For sale at DAHL Chevrolet Buick GMC in Winona Minnesota.	https://vehicle-images.carscommerce.inc/4819-110010023/4T1DBADK6SU009449/thumbnails/large/bb4321da54fd782dbf4fc9b777f65502.webp	in stock	USED	OTHER	Vehicles & Parts > Vehicles > Motor Vehicles > Cars, Trucks & Vans	4T1DBADK6SU009449	https://www.dahlchevroletgmcwinona.com/inventory/used-2025-toyota-camry-se-all-wheel-drive-sedan-4t1dbadk6su009449/123?store={store_code}	WHITE	28066 miles	Camry	4T1DBADK6SU009449	2025	31699 USD	CBGMC	31699 USD	MI
4T1DAACK2SU602892	2025 Toyota Camry SE	Toyota	https://www.dahlchevroletgmcwinona.com/inventory/used-2025-toyota-camry-se-front-wheel-drive-sedan-4t1daack2su602892/	29649 USD	2025 Heavy Metal Toyota Camry Used 2025 Toyota Camry SE Sedan FWD 4 Cylinder For sale at DAHL Chevrolet Buick GMC in Winona Minnesota.	https://vehicle-images.carscommerce.inc/c9ad-110010023/4T1DAACK2SU602892/thumbnails/large/ff38a59bc855a5834f6fb4b6fc12a1cb.webp	in stock	USED	OTHER	Vehicles & Parts > Vehicles > Motor Vehicles > Cars, Trucks & Vans	4T1DAACK2SU602892	https://www.dahlchevroletgmcwinona.com/inventory/used-2025-toyota-camry-se-front-wheel-drive-sedan-4t1daack2su602892/123?store={store_code}	GRAY	19187 miles	Camry	4T1DAACK2SU602892	2025	29649 USD	CBGMC	29649 USD	MI
5YFP4MCE9SP240268	2025 Toyota Corolla SE	Toyota	https://www.dahlchevroletgmcwinona.com/inventory/used-2025-toyota-corolla-se-front-wheel-drive-sedan-5yfp4mce9sp240268/	24899 USD	2025 Ice Cap Toyota Corolla Used 2025 Toyota Corolla SE Sedan FWD 4 Cylinder For sale at DAHL Chevrolet Buick GMC in Winona Minnesota.	https://vehicle-images.carscommerce.inc/7298-110010023/5YFP4MCE9SP240268/thumbnails/large/74e63fc64a87625aff2b63ef47df5c13.webp	in stock	USED	OTHER	Vehicles & Parts > Vehicles > Motor Vehicles > Cars, Trucks & Vans	5YFP4MCE9SP240268	https://www.dahlchevroletgmcwinona.com/inventory/used-2025-toyota-corolla-se-front-wheel-drive-sedan-5yfp4mce9sp240268/123?store={store_code}	WHITE	0 miles	Corolla	5YFP4MCE9SP240268	2025	24899 USD	CBGMC	24899 USD	MI
4T3RWRFV3SU199461	2025 Toyota RAV4 Hybrid XLE	Toyota	https://www.dahlchevroletgmcwinona.com/inventory/used-2025-toyota-rav4-hybrid-xle-all-wheel-drive-sport-utility-4t3rwrfv3su199461/	39000 USD	2025 Ice Cap Toyota RAV4 Used 2025 Toyota RAV4 Hybrid XLE Sport Utility AWD 4 Cylinder For sale at DAHL Chevrolet Buick GMC in Winona Minnesota.	https://vehicle-images.carscommerce.inc/780c-110010023/4T3RWRFV3SU199461/thumbnails/large/dd337491ac461f7a66853f4ef92aa69a.webp	in stock	USED	SUV	Vehicles & Parts > Vehicles > Motor Vehicles > Cars, Trucks & Vans	4T3RWRFV3SU199461	https://www.dahlchevroletgmcwinona.com/inventory/used-2025-toyota-rav4-hybrid-xle-all-wheel-drive-sport-utility-4t3rwrfv3su199461/123?store={store_code}	WHITE	19699 miles	RAV4	4T3RWRFV3SU199461	2025	39000 USD	CBGMC	39000 USD	MI
2T3F1RFV1SC519492	2025 Toyota RAV4 LE	Toyota	https://www.dahlchevroletgmcwinona.com/inventory/used-2025-toyota-rav4-le-all-wheel-drive-sport-utility-2t3f1rfv1sc519492/	32250 USD	2025 Magnetic Gray Metallic Toyota RAV4 Used 2025 Toyota RAV4 LE Sport Utility AWD 4 Cylinder For sale at DAHL Chevrolet Buick GMC in Winona Minnesota.	https://vehicle-images.carscommerce.inc/e189-110010023/2T3F1RFV1SC519492/thumbnails/large/04246f4efc7347b30d3c5addb4a1a9a5.webp	in stock	USED	SUV	Vehicles & Parts > Vehicles > Motor Vehicles > Cars, Trucks & Vans	2T3F1RFV1SC519492	https://www.dahlchevroletgmcwinona.com/inventory/used-2025-toyota-rav4-le-all-wheel-drive-sport-utility-2t3f1rfv1sc519492/123?store={store_code}	GRAY	23700 miles	RAV4	2T3F1RFV1SC519492	2025	32250 USD	CBGMC	32250 USD	MI
2T3P1RFV0SW543253	2025 Toyota RAV4 XLE	Toyota	https://www.dahlchevroletgmcwinona.com/inventory/used-2025-toyota-rav4-xle-all-wheel-drive-sport-utility-2t3p1rfv0sw543253/	33950 USD	2025 Magnetic Gray Metallic Toyota RAV4 Used 2025 Toyota RAV4 XLE Sport Utility AWD 4 Cylinder For sale at DAHL Chevrolet Buick GMC in Winona Minnesota.	https://vehicle-images.carscommerce.inc/b252-110010023/2T3P1RFV0SW543253/thumbnails/large/01d2d4f16e344b96e71e738772d7e1c1.webp	in stock	USED	SUV	Vehicles & Parts > Vehicles > Motor Vehicles > Cars, Trucks & Vans	2T3P1RFV0SW543253	https://www.dahlchevroletgmcwinona.com/inventory/used-2025-toyota-rav4-xle-all-wheel-drive-sport-utility-2t3p1rfv0sw543253/123?store={store_code}	GRAY	29360 miles	RAV4	2T3P1RFV0SW543253	2025	33950 USD	CBGMC	33950 USD	MI
2T3P1RFV2SC514449	2025 Toyota RAV4 XLE	Toyota	https://www.dahlchevroletgmcwinona.com/inventory/used-2025-toyota-rav4-xle-all-wheel-drive-sport-utility-2t3p1rfv2sc514449/	31964 USD	2025 Silver Sky Metallic Toyota RAV4 Used 2025 Toyota RAV4 XLE Sport Utility AWD 4 Cylinder For sale at DAHL Chevrolet Buick GMC in Winona Minnesota.	https://vehicle-images.carscommerce.inc/537a-110010023/2T3P1RFV2SC514449/thumbnails/large/89f60c03af06aed8dd2a274ebe563350.webp	in stock	USED	SUV	Vehicles & Parts > Vehicles > Motor Vehicles > Cars, Trucks & Vans	2T3P1RFV2SC514449	https://www.dahlchevroletgmcwinona.com/inventory/used-2025-toyota-rav4-xle-all-wheel-drive-sport-utility-2t3p1rfv2sc514449/123?store={store_code}	SILVER	32473 miles	RAV4	2T3P1RFV2SC514449	2025	31964 USD	CBGMC	31964 USD	MI
2T3P1RFV2SW545229	2025 Toyota RAV4 XLE	Toyota	https://www.dahlchevroletgmcwinona.com/inventory/used-2025-toyota-rav4-xle-all-wheel-drive-sport-utility-2t3p1rfv2sw545229/	33950 USD	2025 Ruby Flare Pearl Toyota RAV4 Used 2025 Toyota RAV4 XLE Sport Utility AWD 4 Cylinder For sale at DAHL Chevrolet Buick GMC in Winona Minnesota.	https://vehicle-images.carscommerce.inc/bbc3-110010023/2T3P1RFV2SW545229/thumbnails/large/259fc8e347a459a4f9381fea72223eb1.webp	in stock	USED	SUV	Vehicles & Parts > Vehicles > Motor Vehicles > Cars, Trucks & Vans	2T3P1RFV2SW545229	https://www.dahlchevroletgmcwinona.com/inventory/used-2025-toyota-rav4-xle-all-wheel-drive-sport-utility-2t3p1rfv2sw545229/123?store={store_code}	RED	29523 miles	RAV4	2T3P1RFV2SW545229	2025	33950 USD	CBGMC	33950 USD	MI
2T3P1RFV7SW565279	2025 Toyota RAV4 XLE	Toyota	https://www.dahlchevroletgmcwinona.com/inventory/used-2025-toyota-rav4-xle-all-wheel-drive-sport-utility-2t3p1rfv7sw565279/	33115 USD	2025 Silver Sky Metallic Toyota RAV4 Used 2025 Toyota RAV4 XLE Sport Utility AWD 4 Cylinder For sale at DAHL Chevrolet Buick GMC in Winona Minnesota.	https://vehicle-images.carscommerce.inc/cdcc-110010023/2T3P1RFV7SW565279/thumbnails/large/afb278ff4ebd9ba4d25f2391177cadeb.webp	in stock	USED	SUV	Vehicles & Parts > Vehicles > Motor Vehicles > Cars, Trucks & Vans	2T3P1RFV7SW565279	https://www.dahlchevroletgmcwinona.com/inventory/used-2025-toyota-rav4-xle-all-wheel-drive-sport-utility-2t3p1rfv7sw565279/123?store={store_code}	SILVER	29611 miles	RAV4	2T3P1RFV7SW565279	2025	33115 USD	CBGMC	33115 USD	MI
3GNAXPEGXTL237415	2026 Chevrolet Equinox LT	Chevrolet	https://www.dahlchevroletgmcwinona.com/inventory/used-2026-chevrolet-equinox-lt-all-wheel-drive-suv-3gnaxpegxtl237415/	30249 USD	2026 Sterling Gray Metallic Chevrolet Equinox Used 2026 Chevrolet Equinox LT SUV AWD 1.5L Turbo 4-cylinder For sale at DAHL Chevrolet Buick GMC in Winona Minnesota.	https://vehicle-images.carscommerce.inc/d61f-110010023/3GNAXPEGXTL237415/thumbnails/large/8ddb95eae18d203a512d1e54eda9e306.webp	in stock	USED	SUV	Vehicles & Parts > Vehicles > Motor Vehicles > Cars, Trucks & Vans	3GNAXPEGXTL237415	https://www.dahlchevroletgmcwinona.com/inventory/used-2026-chevrolet-equinox-lt-all-wheel-drive-suv-3gnaxpegxtl237415/123?store={store_code}	SILVER	6185 miles	Equinox	3GNAXPEGXTL237415	2026	30249 USD	CBGMC	30249 USD	MI
1GCUKDED2TZ132479	2026 Chevrolet Silverado 1500 LT	Chevrolet	https://www.dahlchevroletgmcwinona.com/inventory/used-2026-chevrolet-silverado-1500-lt-four-wheel-drive-crew-cab-pickup-1gcukded2tz132479/	40000 USD	2026 Black Chevrolet Silverado 1500 Used 2026 Chevrolet Silverado 1500 LT Crew Cab Pickup 4WD 8 Cylinder For sale at DAHL Chevrolet Buick GMC in Winona Minnesota.	https://vehicle-images.carscommerce.inc/e85e-110010023/1GCUKDED2TZ132479/thumbnails/large/d7e7b9c2af008b9c0ca4bdc7646c7a28.webp	in stock	USED	TRUCK	Vehicles & Parts > Vehicles > Motor Vehicles > Cars, Trucks & Vans	1GCUKDED2TZ132479	https://www.dahlchevroletgmcwinona.com/inventory/used-2026-chevrolet-silverado-1500-lt-four-wheel-drive-crew-cab-pickup-1gcukded2tz132479/123?store={store_code}	BLACK	20102 miles	Silverado 1500	1GCUKDED2TZ132479	2026	40000 USD	CBGMC	40000 USD	MI
1FMUK8KH8TGA35471	2026 Ford Explorer ST-Line	Ford	https://www.dahlchevroletgmcwinona.com/inventory/used-2026-ford-explorer-st-line-four-wheel-drive-sport-utility-1fmuk8kh8tga35471/	41990 USD	2026 GRAY Ford Explorer Used 2026 Ford Explorer ST-Line Sport Utility 4WD 4 Cylinder For sale at DAHL Chevrolet Buick GMC in Winona Minnesota.	https://vehicle-images.carscommerce.inc/e708-110010023/1FMUK8KH8TGA35471/thumbnails/large/1cec00042fc1b113e1f6b2eee3de3ab6.webp	in stock	USED	SUV	Vehicles & Parts > Vehicles > Motor Vehicles > Cars, Trucks & Vans	1FMUK8KH8TGA35471	https://www.dahlchevroletgmcwinona.com/inventory/used-2026-ford-explorer-st-line-four-wheel-drive-sport-utility-1fmuk8kh8tga35471/123?store={store_code}	GRAY	20734 miles	Explorer	1FMUK8KH8TGA35471	2026	41990 USD	CBGMC	41990 USD	MI
1GT4UZEYXTF143936	2026 GMC Sierra 2500 HD AT4X	GMC	https://www.dahlchevroletgmcwinona.com/inventory/used-2026-gmc-sierra-2500-hd-at4x-four-wheel-drive-crew-cab-1gt4uzeyxtf143936/	83749 USD	2026 Titanium Rush Metallic GMC Sierra 2500 HD Used 2026 GMC Sierra 2500 HD AT4X Crew Cab 4WD 6.6L Duramax Turbo-Diesel V8 For sale at DAHL Chevrolet Buick GMC in Winona Minnesota.	https://vehicle-images.carscommerce.inc/4ff6-110010023/1GT4UZEYXTF143936/thumbnails/large/f80b418f92ecf9cde9b00048a5e3a1dd.webp	in stock	USED	TRUCK	Vehicles & Parts > Vehicles > Motor Vehicles > Cars, Trucks & Vans	1GT4UZEYXTF143936	https://www.dahlchevroletgmcwinona.com/inventory/used-2026-gmc-sierra-2500-hd-at4x-four-wheel-drive-crew-cab-1gt4uzeyxtf143936/123?store={store_code}	GRAY	909 miles	Sierra 2500 HD	1GT4UZEYXTF143936	2026	83749 USD	CBGMC	83749 USD	MI
2HKRS4H48TH431080	2026 Honda CR-V EX	Honda	https://www.dahlchevroletgmcwinona.com/inventory/used-2026-honda-cr-v-ex-all-wheel-drive-sport-utility-2hkrs4h48th431080/	33990 USD	2026 Crystal Black Pearl Honda CR-V Used 2026 Honda CR-V EX Sport Utility AWD 4 Cylinder For sale at DAHL Chevrolet Buick GMC in Winona Minnesota.	https://vehicle-images.carscommerce.inc/9c23-110010023/2HKRS4H48TH431080/thumbnails/large/2441f07c0d6af0e0e3c05a7a686b2e68.webp	in stock	USED	SUV	Vehicles & Parts > Vehicles > Motor Vehicles > Cars, Trucks & Vans	2HKRS4H48TH431080	https://www.dahlchevroletgmcwinona.com/inventory/used-2026-honda-cr-v-ex-all-wheel-drive-sport-utility-2hkrs4h48th431080/123?store={store_code}	BLACK	11479 miles	CR-V	2HKRS4H48TH431080	2026	33990 USD	CBGMC	33990 USD	MI
5NMP2DGL1TH157718	2026 Hyundai Santa Fe SEL	Hyundai	https://www.dahlchevroletgmcwinona.com/inventory/used-2026-hyundai-santa-fe-sel-all-wheel-drive-sport-utility-5nmp2dgl1th157718/	31490 USD	2026 Ultimate Red Hyundai Santa Fe Used 2026 Hyundai Santa Fe SEL Sport Utility AWD 4 Cylinder For sale at DAHL Chevrolet Buick GMC in Winona Minnesota.	https://vehicle-images.carscommerce.inc/5915-110010023/5NMP2DGL1TH157718/thumbnails/large/8727ff0b884107a2c2c335efee27a40a.webp	in stock	USED	SUV	Vehicles & Parts > Vehicles > Motor Vehicles > Cars, Trucks & Vans	5NMP2DGL1TH157718	https://www.dahlchevroletgmcwinona.com/inventory/used-2026-hyundai-santa-fe-sel-all-wheel-drive-sport-utility-5nmp2dgl1th157718/123?store={store_code}	RED	23297 miles	Santa Fe	5NMP2DGL1TH157718	2026	31490 USD	CBGMC	31490 USD	MI
5NMP2DGL7TH151051	2026 Hyundai Santa Fe SEL	Hyundai	https://www.dahlchevroletgmcwinona.com/inventory/used-2026-hyundai-santa-fe-sel-all-wheel-drive-sport-utility-5nmp2dgl7th151051/	32995 USD	2026 Shimmering Silver Hyundai Santa Fe Used 2026 Hyundai Santa Fe SEL Sport Utility AWD 4 Cylinder For sale at DAHL Chevrolet Buick GMC in Winona Minnesota.	https://vehicle-images.carscommerce.inc/fb79-110010023/5NMP2DGL7TH151051/thumbnails/large/c81009a2a11030b730955f547d5fe491.webp	in stock	USED	SUV	Vehicles & Parts > Vehicles > Motor Vehicles > Cars, Trucks & Vans	5NMP2DGL7TH151051	https://www.dahlchevroletgmcwinona.com/inventory/used-2026-hyundai-santa-fe-sel-all-wheel-drive-sport-utility-5nmp2dgl7th151051/123?store={store_code}	SILVER	13791 miles	Santa Fe	5NMP2DGL7TH151051	2026	32995 USD	CBGMC	32995 USD	MI
5NMJBCDE2TH632427	2026 Hyundai Tucson SEL	Hyundai	https://www.dahlchevroletgmcwinona.com/inventory/used-2026-hyundai-tucson-sel-all-wheel-drive-sport-utility-5nmjbcde2th632427/	27990 USD	2026 Phantom Black Hyundai Tucson Used 2026 Hyundai Tucson SEL Sport Utility AWD 4 Cylinder For sale at DAHL Chevrolet Buick GMC in Winona Minnesota.	https://vehicle-images.carscommerce.inc/aa48-110010023/5NMJBCDE2TH632427/thumbnails/large/923b8d91fb0ebe12967dac583d4a24a4.webp	in stock	USED	SUV	Vehicles & Parts > Vehicles > Motor Vehicles > Cars, Trucks & Vans	5NMJBCDE2TH632427	https://www.dahlchevroletgmcwinona.com/inventory/used-2026-hyundai-tucson-sel-all-wheel-drive-sport-utility-5nmjbcde2th632427/123?store={store_code}	BLACK	25665 miles	Tucson	5NMJBCDE2TH632427	2026	27990 USD	CBGMC	27990 USD	MI
5NMJBCDE3TH611683	2026 Hyundai Tucson SEL	Hyundai	https://www.dahlchevroletgmcwinona.com/inventory/used-2026-hyundai-tucson-sel-all-wheel-drive-sport-utility-5nmjbcde3th611683/	27490 USD	2026 Shimmering Silver Hyundai Tucson Used 2026 Hyundai Tucson SEL Sport Utility AWD 4 Cylinder For sale at DAHL Chevrolet Buick GMC in Winona Minnesota.	https://vehicle-images.carscommerce.inc/c50e-110010023/5NMJBCDE3TH611683/thumbnails/large/e566c479eaada3d070805083e0b91ed1.webp	in stock	USED	SUV	Vehicles & Parts > Vehicles > Motor Vehicles > Cars, Trucks & Vans	5NMJBCDE3TH611683	https://www.dahlchevroletgmcwinona.com/inventory/used-2026-hyundai-tucson-sel-all-wheel-drive-sport-utility-5nmjbcde3th611683/123?store={store_code}	SILVER	31998 miles	Tucson	5NMJBCDE3TH611683	2026	27490 USD	CBGMC	27490 USD	MI
5NMJBCDE4TH618240	2026 Hyundai Tucson SEL	Hyundai	https://www.dahlchevroletgmcwinona.com/inventory/used-2026-hyundai-tucson-sel-all-wheel-drive-sport-utility-5nmjbcde4th618240/	25649 USD	2026 Shimmering Silver Hyundai Tucson Used 2026 Hyundai Tucson SEL Sport Utility AWD 4 Cylinder For sale at DAHL Chevrolet Buick GMC in Winona Minnesota.	https://vehicle-images.carscommerce.inc/8f70-110010023/5NMJBCDE4TH618240/thumbnails/large/61204f7947b8a80a4358fa34193e315f.webp	in stock	USED	SUV	Vehicles & Parts > Vehicles > Motor Vehicles > Cars, Trucks & Vans	5NMJBCDE4TH618240	https://www.dahlchevroletgmcwinona.com/inventory/used-2026-hyundai-tucson-sel-all-wheel-drive-sport-utility-5nmjbcde4th618240/123?store={store_code}	SILVER	19500 miles	Tucson	5NMJBCDE4TH618240	2026	25649 USD	CBGMC	25649 USD	MI
5NMJBCDE8TH615471	2026 Hyundai Tucson SEL	Hyundai	https://www.dahlchevroletgmcwinona.com/inventory/used-2026-hyundai-tucson-sel-all-wheel-drive-sport-utility-5nmjbcde8th615471/	25600 USD	2026 Ultimate Red Hyundai Tucson Used 2026 Hyundai Tucson SEL Sport Utility AWD 4 Cylinder For sale at DAHL Chevrolet Buick GMC in Winona Minnesota.	https://vehicle-images.carscommerce.inc/77e1-110010023/5NMJBCDE8TH615471/thumbnails/large/cc708f670b4ec64c717ff87a1daf1797.webp	in stock	USED	SUV	Vehicles & Parts > Vehicles > Motor Vehicles > Cars, Trucks & Vans	5NMJBCDE8TH615471	https://www.dahlchevroletgmcwinona.com/inventory/used-2026-hyundai-tucson-sel-all-wheel-drive-sport-utility-5nmjbcde8th615471/123?store={store_code}	RED	21366 miles	Tucson	5NMJBCDE8TH615471	2026	25600 USD	CBGMC	25600 USD	MI
5NMJBCDE9TH613695	2026 Hyundai Tucson SEL	Hyundai	https://www.dahlchevroletgmcwinona.com/inventory/used-2026-hyundai-tucson-sel-all-wheel-drive-sport-utility-5nmjbcde9th613695/	27990 USD	2026 Shimmering Silver Hyundai Tucson Used 2026 Hyundai Tucson SEL Sport Utility AWD 4 Cylinder For sale at DAHL Chevrolet Buick GMC in Winona Minnesota.	https://vehicle-images.carscommerce.inc/c60f-110010023/5NMJBCDE9TH613695/thumbnails/large/3a486475e8c2b7a4304212d398c9f4fe.webp	in stock	USED	SUV	Vehicles & Parts > Vehicles > Motor Vehicles > Cars, Trucks & Vans	5NMJBCDE9TH613695	https://www.dahlchevroletgmcwinona.com/inventory/used-2026-hyundai-tucson-sel-all-wheel-drive-sport-utility-5nmjbcde9th613695/123?store={store_code}	SILVER	25948 miles	Tucson	5NMJBCDE9TH613695	2026	27990 USD	CBGMC	27990 USD	MI
3C4NJDDN3TT178072	2026 Jeep Compass Trailhawk	Jeep	https://www.dahlchevroletgmcwinona.com/inventory/used-2026-jeep-compass-trailhawk-four-wheel-drive-sport-utility-3c4njddn3tt178072/	26375 USD	2026 Bright White Clearcoat Jeep Compass Used 2026 Jeep Compass Trailhawk Sport Utility 4WD 4 Cylinder For sale at DAHL Chevrolet Buick GMC in Winona Minnesota.	https://vehicle-images.carscommerce.inc/b586-110010023/3C4NJDDN3TT178072/thumbnails/large/08598e209fb69fc8826a81410e5bc39d.webp	in stock	USED	SUV	Vehicles & Parts > Vehicles > Motor Vehicles > Cars, Trucks & Vans	3C4NJDDN3TT178072	https://www.dahlchevroletgmcwinona.com/inventory/used-2026-jeep-compass-trailhawk-four-wheel-drive-sport-utility-3c4njddn3tt178072/123?store={store_code}	WHITE	13918 miles	Compass	3C4NJDDN3TT178072	2026	26375 USD	CBGMC	26375 USD	MI
1C4PJXFG5TW178075	2026 Jeep Wrangler Rubicon	Jeep	https://www.dahlchevroletgmcwinona.com/inventory/used-2026-jeep-wrangler-rubicon-four-wheel-drive-4-door-1c4pjxfg5tw178075/	45000 USD	2026 Black Clearcoat Jeep Wrangler Used 2026 Jeep Wrangler Rubicon 4-door 4WD V6 Cylinder For sale at DAHL Chevrolet Buick GMC in Winona Minnesota.	https://vehicle-images.carscommerce.inc/3c88-110010023/1C4PJXFG5TW178075/thumbnails/large/8546ac28a07ed1435b1926a32607859a.webp	in stock	USED	SUV	Vehicles & Parts > Vehicles > Motor Vehicles > Cars, Trucks & Vans	1C4PJXFG5TW178075	https://www.dahlchevroletgmcwinona.com/inventory/used-2026-jeep-wrangler-rubicon-four-wheel-drive-4-door-1c4pjxfg5tw178075/123?store={store_code}	BLACK	14132 miles	Wrangler	1C4PJXFG5TW178075	2026	45000 USD	CBGMC	45000 USD	MI
1C4PJXEN3TW179726	2026 Jeep Wrangler Sahara	Jeep	https://www.dahlchevroletgmcwinona.com/inventory/used-2026-jeep-wrangler-sahara-four-wheel-drive-4-door-1c4pjxen3tw179726/	39304 USD	2026 Bright White Clearcoat Jeep Wrangler Used 2026 Jeep Wrangler Sahara 4-door 4WD 4 Cylinder For sale at DAHL Chevrolet Buick GMC in Winona Minnesota.	https://vehicle-images.carscommerce.inc/50f9-110010023/1C4PJXEN3TW179726/thumbnails/large/f704a7729077df5b9f2b4af683a12f19.webp	in stock	USED	SUV	Vehicles & Parts > Vehicles > Motor Vehicles > Cars, Trucks & Vans	1C4PJXEN3TW179726	https://www.dahlchevroletgmcwinona.com/inventory/used-2026-jeep-wrangler-sahara-four-wheel-drive-4-door-1c4pjxen3tw179726/123?store={store_code}	WHITE	18128 miles	Wrangler	1C4PJXEN3TW179726	2026	39304 USD	CBGMC	39304 USD	MI
7MMVABBL2TN455056	2026 Mazda CX-50 2.5 S Preferred	Mazda	https://www.dahlchevroletgmcwinona.com/inventory/used-2026-mazda-cx-50-2-5-s-preferred-all-wheel-drive-sport-utility-7mmvabbl2tn455056/	29990 USD	2026 Ingot Blue Metallic Mazda CX-50 Used 2026 Mazda CX-50 2.5 S Preferred Sport Utility AWD 4 Cylinder For sale at DAHL Chevrolet Buick GMC in Winona Minnesota.	https://vehicle-images.carscommerce.inc/cd3e-110010023/7MMVABBL2TN455056/thumbnails/large/b5fbb445adc3e50ba338e767b067ffdf.webp	in stock	USED	SUV	Vehicles & Parts > Vehicles > Motor Vehicles > Cars, Trucks & Vans	7MMVABBL2TN455056	https://www.dahlchevroletgmcwinona.com/inventory/used-2026-mazda-cx-50-2-5-s-preferred-all-wheel-drive-sport-utility-7mmvabbl2tn455056/123?store={store_code}	BLUE	23493 miles	CX-50	7MMVABBL2TN455056	2026	29990 USD	CBGMC	29990 USD	MI
JM3KKCHD0T1356479	2026 Mazda CX-90 Premium Sport	Mazda	https://www.dahlchevroletgmcwinona.com/inventory/used-2026-mazda-cx-90-premium-sport-all-wheel-drive-i-activ-awd-sport-utility-jm3kkchd0t1356479/	38490 USD	2026 Jet Black Mica Mazda CX-90 Used 2026 Mazda CX-90 Premium Sport i-ACTIV AWD Sport Utility AWD Straight 6 Cylinder For sale at DAHL Chevrolet Buick GMC in Winona Minnesota.	https://vehicle-images.carscommerce.inc/c0b6-110010023/JM3KKCHD0T1356479/thumbnails/large/30e2a1ca376ad32f7247395601ae032d.webp	in stock	USED	SUV	Vehicles & Parts > Vehicles > Motor Vehicles > Cars, Trucks & Vans	JM3KKCHD0T1356479	https://www.dahlchevroletgmcwinona.com/inventory/used-2026-mazda-cx-90-premium-sport-all-wheel-drive-i-activ-awd-sport-utility-jm3kkchd0t1356479/123?store={store_code}	BLACK	30285 miles	CX-90	JM3KKCHD0T1356479	2026	38490 USD	CBGMC	38490 USD	MI
JM3KKCHD4T1355948	2026 Mazda CX-90 Premium Sport	Mazda	https://www.dahlchevroletgmcwinona.com/inventory/used-2026-mazda-cx-90-premium-sport-all-wheel-drive-i-activ-awd-sport-utility-jm3kkchd4t1355948/	37600 USD	2026 Platinum Quartz Mazda CX-90 Used 2026 Mazda CX-90 Premium Sport i-ACTIV AWD Sport Utility AWD Straight 6 Cylinder For sale at DAHL Chevrolet Buick GMC in Winona Minnesota.	https://vehicle-images.carscommerce.inc/f0ff-110010023/JM3KKCHD4T1355948/thumbnails/large/e1769f23caea73dab950c71376966156.webp	in stock	USED	SUV	Vehicles & Parts > Vehicles > Motor Vehicles > Cars, Trucks & Vans	JM3KKCHD4T1355948	https://www.dahlchevroletgmcwinona.com/inventory/used-2026-mazda-cx-90-premium-sport-all-wheel-drive-i-activ-awd-sport-utility-jm3kkchd4t1355948/123?store={store_code}	WHITE	21191 miles	CX-90	JM3KKCHD4T1355948	2026	37600 USD	CBGMC	37600 USD	MI
5N1BT3CB3TC685088	2026 Nissan Rogue SL	Nissan	https://www.dahlchevroletgmcwinona.com/inventory/used-2026-nissan-rogue-sl-all-wheel-drive-sport-utility-5n1bt3cb3tc685088/	26990 USD	2026 Deep Ocean Blue Pearl Nissan Rogue Used 2026 Nissan Rogue SL Sport Utility AWD 3 Cylinder For sale at DAHL Chevrolet Buick GMC in Winona Minnesota.	https://vehicle-images.carscommerce.inc/6f7a-110010023/5N1BT3CB3TC685088/thumbnails/large/b9de803535d2cee1bab12601b189759b.webp	in stock	USED	SUV	Vehicles & Parts > Vehicles > Motor Vehicles > Cars, Trucks & Vans	5N1BT3CB3TC685088	https://www.dahlchevroletgmcwinona.com/inventory/used-2026-nissan-rogue-sl-all-wheel-drive-sport-utility-5n1bt3cb3tc685088/123?store={store_code}	BLUE	17333 miles	Rogue	5N1BT3CB3TC685088	2026	26990 USD	CBGMC	26990 USD	MI
5N1BT3CB5TC685688	2026 Nissan Rogue SL	Nissan	https://www.dahlchevroletgmcwinona.com/inventory/used-2026-nissan-rogue-sl-all-wheel-drive-sport-utility-5n1bt3cb5tc685688/	26990 USD	2026 Gun Metallic Nissan Rogue Used 2026 Nissan Rogue SL Sport Utility AWD 3 Cylinder For sale at DAHL Chevrolet Buick GMC in Winona Minnesota.	https://vehicle-images.carscommerce.inc/e71f-110010023/5N1BT3CB5TC685688/thumbnails/large/c38c5d229bf3b67447eea139ad7ef9ee.webp	in stock	USED	SUV	Vehicles & Parts > Vehicles > Motor Vehicles > Cars, Trucks & Vans	5N1BT3CB5TC685688	https://www.dahlchevroletgmcwinona.com/inventory/used-2026-nissan-rogue-sl-all-wheel-drive-sport-utility-5n1bt3cb5tc685688/123?store={store_code}	GRAY	18157 miles	Rogue	5N1BT3CB5TC685688	2026	26990 USD	CBGMC	26990 USD	MI
5N1BT3CB9TC683863	2026 Nissan Rogue SL	Nissan	https://www.dahlchevroletgmcwinona.com/inventory/used-2026-nissan-rogue-sl-all-wheel-drive-sport-utility-5n1bt3cb9tc683863/	26990 USD	2026 Super Black Nissan Rogue Used 2026 Nissan Rogue SL Sport Utility AWD 3 Cylinder For sale at DAHL Chevrolet Buick GMC in Winona Minnesota.	https://vehicle-images.carscommerce.inc/cf51-110010023/5N1BT3CB9TC683863/thumbnails/large/79522fcc174d0fbb66faf9d6036b77a6.webp	in stock	USED	SUV	Vehicles & Parts > Vehicles > Motor Vehicles > Cars, Trucks & Vans	5N1BT3CB9TC683863	https://www.dahlchevroletgmcwinona.com/inventory/used-2026-nissan-rogue-sl-all-wheel-drive-sport-utility-5n1bt3cb9tc683863/123?store={store_code}	BLACK	20910 miles	Rogue	5N1BT3CB9TC683863	2026	26990 USD	CBGMC	26990 USD	MI
4S4SLDR62T3007416	2026 Subaru Forester Limited	Subaru	https://www.dahlchevroletgmcwinona.com/inventory/used-2026-subaru-forester-limited-all-wheel-drive-sport-utility-4s4sldr62t3007416/	36300 USD	2026 Autumn Green Metallic Subaru Forester Used 2026 Subaru Forester Limited Sport Utility AWD 4 Cylinder For sale at DAHL Chevrolet Buick GMC in Winona Minnesota.	https://vehicle-images.carscommerce.inc/54dd-110010023/4S4SLDR62T3007416/thumbnails/large/b34d80989b15b55b9745d9064f42438a.webp	in stock	USED	SUV	Vehicles & Parts > Vehicles > Motor Vehicles > Cars, Trucks & Vans	4S4SLDR62T3007416	https://www.dahlchevroletgmcwinona.com/inventory/used-2026-subaru-forester-limited-all-wheel-drive-sport-utility-4s4sldr62t3007416/123?store={store_code}	GREEN	6454 miles	Forester	4S4SLDR62T3007416	2026	36300 USD	CBGMC	36300 USD	MI
JF1GUAFC9T8213731	2026 Subaru Impreza Sport	Subaru	https://www.dahlchevroletgmcwinona.com/inventory/used-2026-subaru-impreza-sport-all-wheel-drive-hatchback-jf1guafc9t8213731/	26600 USD	2026 Sapphire Blue Pearl Subaru Impreza Used 2026 Subaru Impreza Sport Hatchback AWD 4 Cylinder For sale at DAHL Chevrolet Buick GMC in Winona Minnesota.	https://vehicle-images.carscommerce.inc/8f03-110010023/JF1GUAFC9T8213731/thumbnails/large/36497ed881bf3d78fdd2aac4a4e0bfd4.webp	in stock	USED	OTHER	Vehicles & Parts > Vehicles > Motor Vehicles > Cars, Trucks & Vans	JF1GUAFC9T8213731	https://www.dahlchevroletgmcwinona.com/inventory/used-2026-subaru-impreza-sport-all-wheel-drive-hatchback-jf1guafc9t8213731/123?store={store_code}	BLUE	4898 miles	Impreza	JF1GUAFC9T8213731	2026	26600 USD	CBGMC	26600 USD	MI
JF2BUPBD7TY559736	2026 Subaru Outback Premium	Subaru	https://www.dahlchevroletgmcwinona.com/inventory/used-2026-subaru-outback-premium-all-wheel-drive-sport-utility-jf2bupbd7ty559736/	35343 USD	2026 Magnetite Gray Metallic Subaru Outback Used 2026 Subaru Outback Premium Sport Utility AWD 4 Cylinder For sale at DAHL Chevrolet Buick GMC in Winona Minnesota.	https://www.dahlchevroletgmcwinona.com/wp-content/plugins/inventory/images/notfound.jpg	in stock	USED	SUV	Vehicles & Parts > Vehicles > Motor Vehicles > Cars, Trucks & Vans	JF2BUPBD7TY559736	https://www.dahlchevroletgmcwinona.com/inventory/used-2026-subaru-outback-premium-all-wheel-drive-sport-utility-jf2bupbd7ty559736/123?store={store_code}	GRAY	1096 miles	Outback	JF2BUPBD7TY559736	2026	35343 USD	CBGMC	35343 USD	MI
JTND4MBE1T3257186	2026 Toyota Corolla Hatchback SE	Toyota	https://www.dahlchevroletgmcwinona.com/inventory/used-2026-toyota-corolla-hatchback-se-front-wheel-drive-hatchback-jtnd4mbe1t3257186/	26300 USD	2026 Finish Line Red Toyota Corolla Used 2026 Toyota Corolla Hatchback SE Hatchback FWD 4 Cylinder For sale at DAHL Chevrolet Buick GMC in Winona Minnesota.	https://vehicle-images.carscommerce.inc/7305-110010023/JTND4MBE1T3257186/thumbnails/large/f37b13565b76976a367c6fe003e1a429.webp	in stock	USED	OTHER	Vehicles & Parts > Vehicles > Motor Vehicles > Cars, Trucks & Vans	JTND4MBE1T3257186	https://www.dahlchevroletgmcwinona.com/inventory/used-2026-toyota-corolla-hatchback-se-front-wheel-drive-hatchback-jtnd4mbe1t3257186/123?store={store_code}	RED	10281 miles	Corolla	JTND4MBE1T3257186	2026	26300 USD	CBGMC	26300 USD	MI
2T36CRAV7TW012145	2026 Toyota RAV4 XLE Premium	Toyota	https://www.dahlchevroletgmcwinona.com/inventory/used-2026-toyota-rav4-xle-premium-all-wheel-drive-sport-utility-2t36crav7tw012145/	44000 USD	2026 Midnight Black Metallic Toyota RAV4 Used 2026 Toyota RAV4 XLE Premium Sport Utility AWD 4 Cylinder For sale at DAHL Chevrolet Buick GMC in Winona Minnesota.	https://vehicle-images.carscommerce.inc/3009-110010023/2T36CRAV7TW012145/thumbnails/large/75da3caa858bf6de898c3414e0feaa55.webp	in stock	USED	SUV	Vehicles & Parts > Vehicles > Motor Vehicles > Cars, Trucks & Vans	2T36CRAV7TW012145	https://www.dahlchevroletgmcwinona.com/inventory/used-2026-toyota-rav4-xle-premium-all-wheel-drive-sport-utility-2t36crav7tw012145/123?store={store_code}	BLACK	15567 miles	RAV4	2T36CRAV7TW012145	2026	44000 USD	CBGMC	44000 USD	MI
1V2HN2CA1TC502733	2026 Volkswagen Atlas 2.0T SE w/Technology	Volkswagen	https://www.dahlchevroletgmcwinona.com/inventory/used-2026-volkswagen-atlas-2-0t-se-wtechnology-all-wheel-drive-sport-utility-1v2hn2ca1tc502733/	36966 USD	2026 Deep Black Pearl Volkswagen Atlas Used 2026 Volkswagen Atlas 2.0T SE w/Technology Sport Utility AWD 4 Cylinder For sale at DAHL Chevrolet Buick GMC in Winona Minnesota.	https://vehicle-images.carscommerce.inc/3f6d-110010023/1V2HN2CA1TC502733/thumbnails/large/17f2ab006af9482834a6a0d400066b61.webp	in stock	USED	SUV	Vehicles & Parts > Vehicles > Motor Vehicles > Cars, Trucks & Vans	1V2HN2CA1TC502733	https://www.dahlchevroletgmcwinona.com/inventory/used-2026-volkswagen-atlas-2-0t-se-wtechnology-all-wheel-drive-sport-utility-1v2hn2ca1tc502733/123?store={store_code}	BLACK	15918 miles	Atlas	1V2HN2CA1TC502733	2026	36966 USD	CBGMC	36966 USD	MI
1V2HC2CA7TC209425	2026 Volkswagen Atlas Cross Sport 2.0T SE w/Technology	Volkswagen	https://www.dahlchevroletgmcwinona.com/inventory/used-2026-volkswagen-atlas-cross-sport-2-0t-se-wtechnology-all-wheel-drive-sport-utility-1v2hc2ca7tc209425/	35000 USD	2026 Silver Mist Metallic Volkswagen Atlas Cross Sport Used 2026 Volkswagen Atlas Cross Sport 2.0T SE w/Technology Sport Utility AWD 4 Cylinder For sale at DAHL Chevrolet Buick GMC in Winona Minnesota.	https://vehicle-images.carscommerce.inc/c9f1-110010023/1V2HC2CA7TC209425/thumbnails/large/a0d9ff9852ced114db7d23963e3559ac.webp	in stock	USED	SUV	Vehicles & Parts > Vehicles > Motor Vehicles > Cars, Trucks & Vans	1V2HC2CA7TC209425	https://www.dahlchevroletgmcwinona.com/inventory/used-2026-volkswagen-atlas-cross-sport-2-0t-se-wtechnology-all-wheel-drive-sport-utility-1v2hc2ca7tc209425/123?store={store_code}	SILVER	21788 miles	Atlas Cross Sport	1V2HC2CA7TC209425	2026	35000 USD	CBGMC	35000 USD	MI
