id	title	brand	link	vehicle MSRP	description	image_link	availability	condition	product_type	google_product_category	MPN	link_template	color	mileage	model	vin	year	price	store code	MSRP	mileage.unit	certified_pre_owned	custom_label_0	custom_label_1	custom_label_2
3TMLB5JN1SM151203	2025 Toyota Tacoma 4WD SR5	Toyota	https://www.dahltoyotawinona.com/viewdetails/cpo/3tmlb5jn1sm151203/2025-toyota-tacoma-4wd-crew-cab-pickup/	37800 USD	2025 Underground Toyota Tacoma 4WD SR5 Intercooled Turbo Regular Gasoline I-4 2.4 L/146 For sale at Dahl Toyota Winona in Winona Minnesota.	https://content.homenetiol.com/2000157/2065512/0x0/56face0f80e94961a3624b93095cbddc.jpg	in stock	USED	TRUCK	Vehicles & Parts > Vehicles > Motor Vehicles > Cars, Trucks & Vans	3TMLB5JN1SM151203	https://www.dahltoyotawinona.com/viewdetails/cpo/3tmlb5jn1sm151203/2025-toyota-tacoma-4wd-crew-cab-pickup/123?store={store_code}	NA	0 miles	Tacoma 4WD	3TMLB5JN1SM151203	2025	37800 USD	Toyota	37800 USD	MI	yes	Tacoma 4WD	Yes	Over 20k
4T1DAACK6TU273180	2026 Toyota Camry SE	Toyota	https://www.dahltoyotawinona.com/viewdetails/cpo/4t1daack6tu273180/2026-toyota-camry-4dr-car/	32473 USD	2026 Underground Toyota Camry SE Gas/Electric I-4 2.5 L/152 For sale at Dahl Toyota Winona in Winona Minnesota.	https://content.homenetiol.com/2000157/2065512/0x0/8bdea80e85fa45c1ab20dee03e164a00.jpg	in stock	USED	OTHER	Vehicles & Parts > Vehicles > Motor Vehicles > Cars, Trucks & Vans	4T1DAACK6TU273180	https://www.dahltoyotawinona.com/viewdetails/cpo/4t1daack6tu273180/2026-toyota-camry-4dr-car/123?store={store_code}	NA	10234 miles	Camry	4T1DAACK6TU273180	2026	32473 USD	Toyota	32473 USD	MI	yes	Camry	Yes	Over 20k
5TDESKFC9TS239819	2026 Toyota Sienna Platinum	Toyota	https://www.dahltoyotawinona.com/viewdetails/cpo/5tdeskfc9ts239819/2026-toyota-sienna-mini-van,-passenger/	59850 USD	2026 Other Toyota Sienna Platinum Gas/Electric I-4 2.5 L/152 For sale at Dahl Toyota Winona in Winona Minnesota.	https://content.homenetiol.com/2000157/2065512/0x0/d0a46abc3b924f63a439b1026525c5d0.jpg	in stock	USED	VAN	Vehicles & Parts > Vehicles > Motor Vehicles > Cars, Trucks & Vans	5TDESKFC9TS239819	https://www.dahltoyotawinona.com/viewdetails/cpo/5tdeskfc9ts239819/2026-toyota-sienna-mini-van,-passenger/123?store={store_code}	NA	0 miles	Sienna	5TDESKFC9TS239819	2026	59850 USD	Toyota	59850 USD	MI	yes	Sienna	Yes	Over 20k
2T36CRAV8TW110875	2026 Toyota RAV4 SE	Toyota	https://www.dahltoyotawinona.com/viewdetails/new/2t36crav8tw110875/2026-toyota-rav4-sport-utility/	39168 USD	2026 Meteor Shower Toyota RAV4 SE 2.5L 4-Cyl. Hybrid For sale at Dahl Toyota Winona in Winona Minnesota.	https://prod.tvmimageservice.com/images/GetEvoxImage?styleid=481713&amp;Width=640&amp;Height=480&amp;Type=jpeg&amp;Angle=03&amp;quality=80&amp;BackGroundColor=white&amp;colorcode=4V8&amp;autocrop=True&amp;useoverrides=true	in stock	NEW	SUV	Vehicles & Parts > Vehicles > Motor Vehicles > Cars, Trucks & Vans	2T36CRAV8TW110875	https://www.dahltoyotawinona.com/viewdetails/new/2t36crav8tw110875/2026-toyota-rav4-sport-utility/123?store={store_code}	NA	0 miles	RAV4	2T36CRAV8TW110875	2026	39168 USD	Toyota	39168 USD	MI	no	RAV4	No	Over 20k
2T36CRAV9TW41E429	2026 Toyota RAV4 SE	Toyota	https://www.dahltoyotawinona.com/viewdetails/new/2t36crav9tw41e429/2026-toyota-rav4-sport-utility/	38699 USD	2026 Meteor Shower Toyota RAV4 SE 2.5L 4-Cyl. Hybrid For sale at Dahl Toyota Winona in Winona Minnesota.	https://prod.tvmimageservice.com/images/GetEvoxImage?styleid=481713&amp;Width=640&amp;Height=480&amp;Type=jpeg&amp;Angle=03&amp;quality=80&amp;BackGroundColor=white&amp;colorcode=04V8&amp;autocrop=True&amp;useoverrides=true	in stock	NEW	SUV	Vehicles & Parts > Vehicles > Motor Vehicles > Cars, Trucks & Vans	2T36CRAV9TW41E429	https://www.dahltoyotawinona.com/viewdetails/new/2t36crav9tw41e429/2026-toyota-rav4-sport-utility/123?store={store_code}	NA	0 miles	RAV4	2T36CRAV9TW41E429	2026	38699 USD	Toyota	38699 USD	MI	no	RAV4	No	Over 20k
2T36CRAVXTW112269	2026 Toyota RAV4 Limited	Toyota	https://www.dahltoyotawinona.com/viewdetails/new/2t36cravxtw112269/2026-toyota-rav4-sport-utility/	46122 USD	2026 Meteor Shower Toyota RAV4 Limited 2.5L 4-Cyl. Hybrid For sale at Dahl Toyota Winona in Winona Minnesota.	https://prod.tvmimageservice.com/images/GetEvoxImage?styleid=481719&amp;Width=640&amp;Height=480&amp;Type=jpeg&amp;Angle=03&amp;quality=80&amp;BackGroundColor=white&amp;colorcode=4V8&amp;autocrop=True&amp;useoverrides=true	in stock	NEW	SUV	Vehicles & Parts > Vehicles > Motor Vehicles > Cars, Trucks & Vans	2T36CRAVXTW112269	https://www.dahltoyotawinona.com/viewdetails/new/2t36cravxtw112269/2026-toyota-rav4-sport-utility/123?store={store_code}	NA	0 miles	RAV4	2T36CRAVXTW112269	2026	46122 USD	Toyota	46122 USD	MI	no	RAV4	No	Over 20k
3TYLE5JN9TT149860	2026 Toyota Tacoma TRD Sport	Toyota	https://www.dahltoyotawinona.com/viewdetails/new/3tyle5jn9tt149860/2026-toyota-tacoma-double-cab/	53629 USD	2026 Other Toyota Tacoma TRD Sport i-FORCE 2.4L 4-Cyl. Turbo For sale at Dahl Toyota Winona in Winona Minnesota.	https://prod.tvmimageservice.com/images/GetEvoxImage?styleid=480239&amp;Width=640&amp;Height=480&amp;Type=jpeg&amp;Angle=03&amp;quality=80&amp;BackGroundColor=white&amp;colorcode=0040&amp;autocrop=True&amp;useoverrides=true	in stock	NEW	TRUCK	Vehicles & Parts > Vehicles > Motor Vehicles > Cars, Trucks & Vans	3TYLE5JN9TT149860	https://www.dahltoyotawinona.com/viewdetails/new/3tyle5jn9tt149860/2026-toyota-tacoma-double-cab/123?store={store_code}	NA	0 miles	Tacoma	3TYLE5JN9TT149860	2026	53629 USD	Toyota	53629 USD	MI	no	Tacoma	No	Over 20k
4T1DAACK6VU42L940	2027 Toyota Camry LE	Toyota	https://www.dahltoyotawinona.com/viewdetails/new/4t1daack6vu42l940/2027-toyota-camry-4dr-car/	33418 USD	2027 Underground Toyota Camry LE 2.5L 4-Cyl. Gas/Electric Hybrid For sale at Dahl Toyota Winona in Winona Minnesota.	https://prod.tvmimageservice.com/images/GetEvoxImage?styleid=487769&amp;Width=640&amp;Height=480&amp;Type=jpeg&amp;Angle=03&amp;quality=80&amp;BackGroundColor=white&amp;colorcode=1L7&amp;autocrop=True&amp;useoverrides=true	in stock	NEW	OTHER	Vehicles & Parts > Vehicles > Motor Vehicles > Cars, Trucks & Vans	4T1DAACK6VU42L940	https://www.dahltoyotawinona.com/viewdetails/new/4t1daack6vu42l940/2027-toyota-camry-4dr-car/123?store={store_code}	NA	0 miles	Camry	4T1DAACK6VU42L940	2027	33418 USD	Toyota	33418 USD	MI	no	Camry	No	Over 20k
5YFB4MDE9VP510841	2027 Toyota Corolla LE	Toyota	https://www.dahltoyotawinona.com/viewdetails/new/5yfb4mde9vp510841/2027-toyota-corolla-4dr-car/	26064 USD	2027 Inked Toyota Corolla LE 2.0L 4-Cyl. For sale at Dahl Toyota Winona in Winona Minnesota.	https://content.homenetiol.com/2000157/2065512/0x0/af5fad0300044b16b49c02c058c16598.jpg	in stock	NEW	OTHER	Vehicles & Parts > Vehicles > Motor Vehicles > Cars, Trucks & Vans	5YFB4MDE9VP510841	https://www.dahltoyotawinona.com/viewdetails/new/5yfb4mde9vp510841/2027-toyota-corolla-4dr-car/123?store={store_code}	NA	0 miles	Corolla	5YFB4MDE9VP510841	2027	26064 USD	Toyota	26064 USD	MI	no	Corolla	No	Over 20k
5YFT4MCE2VP46D419	2027 Toyota Corolla XSE	Toyota	https://www.dahltoyotawinona.com/viewdetails/new/5yft4mce2vp46d419/2027-toyota-corolla-4dr-car/	31385 USD	2027 Underground Toyota Corolla XSE 2.0L 4-Cyl. For sale at Dahl Toyota Winona in Winona Minnesota.	https://prod.tvmimageservice.com/images/GetEvoxImage?styleid=487014&amp;Width=640&amp;Height=480&amp;Type=jpeg&amp;Angle=03&amp;quality=80&amp;BackGroundColor=white&amp;colorcode=01L7&amp;autocrop=True&amp;useoverrides=true	in stock	NEW	OTHER	Vehicles & Parts > Vehicles > Motor Vehicles > Cars, Trucks & Vans	5YFT4MCE2VP46D419	https://www.dahltoyotawinona.com/viewdetails/new/5yft4mce2vp46d419/2027-toyota-corolla-4dr-car/123?store={store_code}	NA	0 miles	Corolla	5YFT4MCE2VP46D419	2027	31385 USD	Toyota	31385 USD	MI	no	Corolla	No	Over 20k
7MUBAABG6TV41C117	2026 Toyota Corolla Cross LE	Toyota	https://www.dahltoyotawinona.com/viewdetails/new/7mubaabg6tv41c117/2026-toyota-corolla-cross-sport-utility/	33713 USD	2026 Celestite Toyota Corolla Cross LE 2.0L 4-Cyl. For sale at Dahl Toyota Winona in Winona Minnesota.	https://prod.tvmimageservice.com/images/GetEvoxImage?styleid=476806&amp;Width=640&amp;Height=480&amp;Type=jpeg&amp;Angle=03&amp;quality=80&amp;BackGroundColor=white&amp;colorcode=01K3&amp;autocrop=True&amp;useoverrides=true	in stock	NEW	SUV	Vehicles & Parts > Vehicles > Motor Vehicles > Cars, Trucks & Vans	7MUBAABG6TV41C117	https://www.dahltoyotawinona.com/viewdetails/new/7mubaabg6tv41c117/2026-toyota-corolla-cross-sport-utility/123?store={store_code}	NA	0 miles	Corolla Cross	7MUBAABG6TV41C117	2026	33713 USD	Toyota	33713 USD	MI	no	Corolla Cross	No	Over 20k
JF1ZNBE1XT9080953	2026 Toyota GR86 Premium	Toyota	https://www.dahltoyotawinona.com/viewdetails/new/jf1znbe1xt9080953/2026-toyota-gr86-2dr-car/	39219 USD	2026 Pavement Toyota GR86 Premium 2.4L 4-Cyl. For sale at Dahl Toyota Winona in Winona Minnesota.	https://content.homenetiol.com/2000157/2065512/0x0/21ea6acd625f4303954c74c006311cfc.jpg	in stock	NEW	OTHER	Vehicles & Parts > Vehicles > Motor Vehicles > Cars, Trucks & Vans	JF1ZNBE1XT9080953	https://www.dahltoyotawinona.com/viewdetails/new/jf1znbe1xt9080953/2026-toyota-gr86-2dr-car/123?store={store_code}	NA	0 miles	GR86	JF1ZNBE1XT9080953	2026	39219 USD	Toyota	39219 USD	MI	no	GR86	No	Over 20k
JTEVA5BR9T5134519	2026 Toyota 4Runner TRD Sport Premium	Toyota	https://www.dahltoyotawinona.com/viewdetails/new/jteva5br9t5134519/2026-toyota-4runner-sport-utility/	59508 USD	2026 Cutting Edge Toyota 4Runner TRD Sport Premium i-FORCE 2.4L 4-Cyl. Turbo For sale at Dahl Toyota Winona in Winona Minnesota.	https://content.homenetiol.com/2000157/2065512/0x0/f48d0b85033a4a3fbd7e4c2a649fca58.jpg	in stock	NEW	SUV	Vehicles & Parts > Vehicles > Motor Vehicles > Cars, Trucks & Vans	JTEVA5BR9T5134519	https://www.dahltoyotawinona.com/viewdetails/new/jteva5br9t5134519/2026-toyota-4runner-sport-utility/123?store={store_code}	NA	0 miles	4Runner	JTEVA5BR9T5134519	2026	59508 USD	Toyota	59508 USD	MI	no	4Runner	No	Over 20k
JTM6CRAVXTD017644	2026 Toyota RAV4 Woodland	Toyota	https://www.dahltoyotawinona.com/viewdetails/new/jtm6cravxtd017644/2026-toyota-rav4-sport-utility/	43569 USD	2026 Everest Toyota RAV4 Woodland 2.5L 4-Cyl. Hybrid For sale at Dahl Toyota Winona in Winona Minnesota.	https://prod.tvmimageservice.com/images/GetEvoxImage?styleid=481710&amp;Width=640&amp;Height=480&amp;Type=jpeg&amp;Angle=03&amp;quality=80&amp;BackGroundColor=white&amp;colorcode=6X7&amp;autocrop=True&amp;useoverrides=true	in stock	NEW	SUV	Vehicles & Parts > Vehicles > Motor Vehicles > Cars, Trucks & Vans	JTM6CRAVXTD017644	https://www.dahltoyotawinona.com/viewdetails/new/jtm6cravxtd017644/2026-toyota-rav4-sport-utility/123?store={store_code}	NA	0 miles	RAV4	JTM6CRAVXTD017644	2026	43569 USD	Toyota	43569 USD	MI	no	RAV4	No	Over 20k
JTMBGAHB0VY640976	2027 Toyota bZ Woodland Premium	Toyota	https://www.dahltoyotawinona.com/viewdetails/new/jtmbgahb0vy640976/2027-toyota-bz-woodland-sport-utility/	49408 USD	2027 Raven Toyota bZ Woodland Premium Dual Electric Motors For sale at Dahl Toyota Winona in Winona Minnesota.	https://prod.tvmimageservice.com/images/GetEvoxImage?styleid=485388&amp;Width=640&amp;Height=480&amp;Type=jpeg&amp;Angle=03&amp;quality=80&amp;BackGroundColor=white&amp;colorcode=D32&amp;autocrop=True&amp;useoverrides=true	in stock	NEW	SUV	Vehicles & Parts > Vehicles > Motor Vehicles > Cars, Trucks & Vans	JTMBGAHB0VY640976	https://www.dahltoyotawinona.com/viewdetails/new/jtmbgahb0vy640976/2027-toyota-bz-woodland-sport-utility/123?store={store_code}	NA	0 miles	bZ Woodland	JTMBGAHB0VY640976	2027	49408 USD	Toyota	49408 USD	MI	no	bZ Woodland	No	Over 20k
3FA6P0H76ER202779	2014 Ford Fusion SE	Ford	https://www.dahltoyotawinona.com/viewdetails/used/3fa6p0h76er202779/2014-ford-fusion-4dr-car/	6250 USD	2014 Sunset Metallic Ford Fusion SE Regular Unleaded I-4 2.5 L/152 For sale at Dahl Toyota Winona in Winona Minnesota.	https://content.homenetiol.com/2000157/2065512/0x0/26faae8b1f5b4255b4e1ba0fec67dce2.jpg	in stock	USED	OTHER	Vehicles & Parts > Vehicles > Motor Vehicles > Cars, Trucks & Vans	3FA6P0H76ER202779	https://www.dahltoyotawinona.com/viewdetails/used/3fa6p0h76er202779/2014-ford-fusion-4dr-car/123?store={store_code}	NA	209004 miles	Fusion	3FA6P0H76ER202779	2014	6250 USD	Toyota	6250 USD	MI	no	Fusion	No	Under 20k
3TMCZ5AN7KM223999	2019 Toyota Tacoma 4WD TRD Off Road	Toyota	https://www.dahltoyotawinona.com/viewdetails/used/3tmcz5an7km223999/2019-toyota-tacoma-4wd-crew-cab-pickup/	25500 USD	2019 Quicksand Toyota Tacoma 4WD TRD Off Road Regular Gasoline V-6 3.5 L/211 For sale at Dahl Toyota Winona in Winona Minnesota.	https://content.homenetiol.com/2000157/2065512/0x0/2f54f231674b40a8aad7dc0cd87e459d.jpg	in stock	USED	TRUCK	Vehicles & Parts > Vehicles > Motor Vehicles > Cars, Trucks & Vans	3TMCZ5AN7KM223999	https://www.dahltoyotawinona.com/viewdetails/used/3tmcz5an7km223999/2019-toyota-tacoma-4wd-crew-cab-pickup/123?store={store_code}	NA	137245 miles	Tacoma 4WD	3TMCZ5AN7KM223999	2019	25500 USD	Toyota	25500 USD	MI	no	Tacoma 4WD	No	Over 20k
2T3F1RFV1NC303128	2022 Toyota RAV4 LE	Toyota	https://www.dahltoyotawinona.com/viewdetails/cpo/2t3f1rfv1nc303128/2022-toyota-rav4-sport-utility/	27750 USD	2022 White Toyota RAV4 LE Regular Gasoline I-4 2.5 L/152 For sale at Dahl Toyota Winona in Winona Minnesota.	https://content.homenetiol.com/2000157/2065512/0x0/96890eb133ca4e2e8a52fee32e92ee04.jpg	in stock	USED	SUV	Vehicles & Parts > Vehicles > Motor Vehicles > Cars, Trucks & Vans	2T3F1RFV1NC303128	https://www.dahltoyotawinona.com/viewdetails/cpo/2t3f1rfv1nc303128/2022-toyota-rav4-sport-utility/123?store={store_code}	WHITE	45213 miles	RAV4	2T3F1RFV1NC303128	2022	27750 USD	Toyota	27750 USD	MI	yes	RAV4	Yes	Over 20k
2T3J1RFV2RW472105	2024 Toyota RAV4 Adventure	Toyota	https://www.dahltoyotawinona.com/viewdetails/cpo/2t3j1rfv2rw472105/2024-toyota-rav4-sport-utility/	33600 USD	2024 Ice Cap Toyota RAV4 Adventure Regular Gasoline I-4 2.5 L/152 For sale at Dahl Toyota Winona in Winona Minnesota.	https://content.homenetiol.com/2000157/2065512/0x0/563bf3871ed2438cba1678adae84a524.jpg	in stock	USED	SUV	Vehicles & Parts > Vehicles > Motor Vehicles > Cars, Trucks & Vans	2T3J1RFV2RW472105	https://www.dahltoyotawinona.com/viewdetails/cpo/2t3j1rfv2rw472105/2024-toyota-rav4-sport-utility/123?store={store_code}	WHITE	33003 miles	RAV4	2T3J1RFV2RW472105	2024	33600 USD	Toyota	33600 USD	MI	yes	RAV4	Yes	Over 20k
2T3P1RFV0SW543253	2025 Toyota RAV4 XLE	Toyota	https://www.dahltoyotawinona.com/viewdetails/cpo/2t3p1rfv0sw543253/2025-toyota-rav4-sport-utility/	32473 USD	2025 Magnetic Gray Metallic Toyota RAV4 XLE Regular Gasoline I-4 2.5 L/152 For sale at Dahl Toyota Winona in Winona Minnesota.	https://content.homenetiol.com/2000157/2065512/0x0/4dcdac693db542b283cb277980383471.jpg	in stock	USED	SUV	Vehicles & Parts > Vehicles > Motor Vehicles > Cars, Trucks & Vans	2T3P1RFV0SW543253	https://www.dahltoyotawinona.com/viewdetails/cpo/2t3p1rfv0sw543253/2025-toyota-rav4-sport-utility/123?store={store_code}	GRAY	29360 miles	RAV4	2T3P1RFV0SW543253	2025	32473 USD	Toyota	32473 USD	MI	yes	RAV4	Yes	Over 20k
2T3P1RFV9SC532060	2025 Toyota RAV4 XLE	Toyota	https://www.dahltoyotawinona.com/viewdetails/cpo/2t3p1rfv9sc532060/2025-toyota-rav4-sport-utility/	32800 USD	2025 Magnetic Gray Metallic Toyota RAV4 XLE Regular Gasoline I-4 2.5 L/152 For sale at Dahl Toyota Winona in Winona Minnesota.	https://content.homenetiol.com/2000157/2065512/0x0/21200d847bfb41fc9ef56500ae349f36.jpg	in stock	USED	SUV	Vehicles & Parts > Vehicles > Motor Vehicles > Cars, Trucks & Vans	2T3P1RFV9SC532060	https://www.dahltoyotawinona.com/viewdetails/cpo/2t3p1rfv9sc532060/2025-toyota-rav4-sport-utility/123?store={store_code}	GRAY	22786 miles	RAV4	2T3P1RFV9SC532060	2025	32800 USD	Toyota	32800 USD	MI	yes	RAV4	Yes	Over 20k
3TMLB5JN3SM197096	2025 Toyota Tacoma 4WD SR5	Toyota	https://www.dahltoyotawinona.com/viewdetails/cpo/3tmlb5jn3sm197096/2025-toyota-tacoma-4wd-crew-cab-pickup/	38340 USD	2025 Ice Cap Toyota Tacoma 4WD SR5 Intercooled Turbo Regular Gasoline I-4 2.4 L/146 For sale at Dahl Toyota Winona in Winona Minnesota.	https://content.homenetiol.com/2000157/2065512/0x0/1fc07815a4d24c3e9bc64366c3ec38ab.jpg	in stock	USED	TRUCK	Vehicles & Parts > Vehicles > Motor Vehicles > Cars, Trucks & Vans	3TMLB5JN3SM197096	https://www.dahltoyotawinona.com/viewdetails/cpo/3tmlb5jn3sm197096/2025-toyota-tacoma-4wd-crew-cab-pickup/123?store={store_code}	WHITE	19495 miles	Tacoma 4WD	3TMLB5JN3SM197096	2025	38340 USD	Toyota	38340 USD	MI	yes	Tacoma 4WD	Yes	Over 20k
4T1F31AK7MU553066	2021 Toyota Camry Hybrid XLE	Toyota	https://www.dahltoyotawinona.com/viewdetails/cpo/4t1f31ak7mu553066/2021-toyota-camry-4dr-car/	25850 USD	2021 Blueprint Toyota Camry Hybrid XLE Gas/Electric I-4 2.5 L/152 For sale at Dahl Toyota Winona in Winona Minnesota.	https://content.homenetiol.com/2000157/2065512/0x0/05f96c370e044e6183dd4fbf20ebb1ce.jpg	in stock	USED	OTHER	Vehicles & Parts > Vehicles > Motor Vehicles > Cars, Trucks & Vans	4T1F31AK7MU553066	https://www.dahltoyotawinona.com/viewdetails/cpo/4t1f31ak7mu553066/2021-toyota-camry-4dr-car/123?store={store_code}	BLUE	65343 miles	Camry	4T1F31AK7MU553066	2021	25850 USD	Toyota	25850 USD	MI	yes	Camry	Yes	Over 20k
4T1K61AK0RU222715	2024 Toyota Camry XSE	Toyota	https://www.dahltoyotawinona.com/viewdetails/cpo/4t1k61ak0ru222715/2024-toyota-camry-4dr-car/	27473 USD	2024 Celestial Silver Metallic Toyota Camry XSE Regular Gasoline I-4 2.5 L/152 For sale at Dahl Toyota Winona in Winona Minnesota.	https://content.homenetiol.com/2000157/2065512/0x0/6e8185ba0dc64fa4aba3ca032d4837cc.jpg	in stock	USED	OTHER	Vehicles & Parts > Vehicles > Motor Vehicles > Cars, Trucks & Vans	4T1K61AK0RU222715	https://www.dahltoyotawinona.com/viewdetails/cpo/4t1k61ak0ru222715/2024-toyota-camry-4dr-car/123?store={store_code}	SILVER	50747 miles	Camry	4T1K61AK0RU222715	2024	27473 USD	Toyota	27473 USD	MI	yes	Camry	Yes	Over 20k
7MUDAABG9SV135059	2025 Toyota Corolla Cross XLE	Toyota	https://www.dahltoyotawinona.com/viewdetails/cpo/7mudaabg9sv135059/2025-toyota-corolla-cross-sport-utility/	31500 USD	2025 Blue Crush Metallic Toyota Corolla Cross XLE Regular Gasoline I-4 2.0 L/121 For sale at Dahl Toyota Winona in Winona Minnesota.	https://content.homenetiol.com/2000157/2065512/0x0/6d19889e649e4454a25a9d3172ffcc9a.jpg	in stock	USED	SUV	Vehicles & Parts > Vehicles > Motor Vehicles > Cars, Trucks & Vans	7MUDAABG9SV135059	https://www.dahltoyotawinona.com/viewdetails/cpo/7mudaabg9sv135059/2025-toyota-corolla-cross-sport-utility/123?store={store_code}	BLUE	20139 miles	Corolla Cross	7MUDAABG9SV135059	2025	31500 USD	Toyota	31500 USD	MI	yes	Corolla Cross	Yes	Over 20k
JTEVA5BRXS5039515	2025 Toyota 4Runner SR5	Toyota	https://www.dahltoyotawinona.com/viewdetails/cpo/jteva5brxs5039515/2025-toyota-4runner-sport-utility/	43560 USD	2025 Ice Cap Toyota 4Runner SR5 Intercooled Turbo Regular Gasoline I-4 2.4 L/146 For sale at Dahl Toyota Winona in Winona Minnesota.	https://content.homenetiol.com/2000157/2065512/0x0/1137763d9c12469c86a487d99adac04d.jpg	in stock	USED	SUV	Vehicles & Parts > Vehicles > Motor Vehicles > Cars, Trucks & Vans	JTEVA5BRXS5039515	https://www.dahltoyotawinona.com/viewdetails/cpo/jteva5brxs5039515/2025-toyota-4runner-sport-utility/123?store={store_code}	WHITE	19869 miles	4Runner	JTEVA5BRXS5039515	2025	43560 USD	Toyota	43560 USD	MI	yes	4Runner	Yes	Over 20k
JTMA1RFV0LD526022	2020 Toyota RAV4 XLE Premium	Toyota	https://www.dahltoyotawinona.com/viewdetails/cpo/jtma1rfv0ld526022/2020-toyota-rav4-sport-utility/	24300 USD	2020 Super White Toyota RAV4 XLE Premium Regular Unleaded I-4 2.5 L/152 For sale at Dahl Toyota Winona in Winona Minnesota.	https://content.homenetiol.com/2000157/2065512/0x0/0aac476236554b75b0f8e9ed26d1a585.jpg	in stock	USED	SUV	Vehicles & Parts > Vehicles > Motor Vehicles > Cars, Trucks & Vans	JTMA1RFV0LD526022	https://www.dahltoyotawinona.com/viewdetails/cpo/jtma1rfv0ld526022/2020-toyota-rav4-sport-utility/123?store={store_code}	WHITE	103894 miles	RAV4	JTMA1RFV0LD526022	2020	24300 USD	Toyota	24300 USD	MI	yes	RAV4	Yes	Over 20k
2T36CRAV0TW115603	2026 Toyota RAV4 XLE Premium	Toyota	https://www.dahltoyotawinona.com/viewdetails/new/2t36crav0tw115603/2026-toyota-rav4-sport-utility/	43289 USD	2026 Storm Cloud Toyota RAV4 XLE Premium 2.5L 4-Cyl. Hybrid For sale at Dahl Toyota Winona in Winona Minnesota.	https://prod.tvmimageservice.com/images/GetEvoxImage?styleid=481707&amp;Width=640&amp;Height=480&amp;Type=jpeg&amp;Angle=03&amp;quality=80&amp;BackGroundColor=white&amp;colorcode=1L6&amp;autocrop=True&amp;useoverrides=true	in stock	NEW	SUV	Vehicles & Parts > Vehicles > Motor Vehicles > Cars, Trucks & Vans	2T36CRAV0TW115603	https://www.dahltoyotawinona.com/viewdetails/new/2t36crav0tw115603/2026-toyota-rav4-sport-utility/123?store={store_code}	GRAY	0 miles	RAV4	2T36CRAV0TW115603	2026	43289 USD	Toyota	43289 USD	MI	no	RAV4	No	Over 20k
2T36CRAV0TW42G775	2026 Toyota RAV4 Limited	Toyota	https://www.dahltoyotawinona.com/viewdetails/new/2t36crav0tw42g775/2026-toyota-rav4-sport-utility/	47402 USD	2026 Wind Chill Pearl [extra_cost_color] Toyota RAV4 Limited 2.5L 4-Cyl. Hybrid For sale at Dahl Toyota Winona in Winona Minnesota.	https://prod.tvmimageservice.com/images/GetEvoxImage?styleid=481719&amp;Width=640&amp;Height=480&amp;Type=jpeg&amp;Angle=03&amp;quality=80&amp;BackGroundColor=white&amp;colorcode=0089&amp;autocrop=True&amp;useoverrides=true	in stock	NEW	SUV	Vehicles & Parts > Vehicles > Motor Vehicles > Cars, Trucks & Vans	2T36CRAV0TW42G775	https://www.dahltoyotawinona.com/viewdetails/new/2t36crav0tw42g775/2026-toyota-rav4-sport-utility/123?store={store_code}	WHITE	0 miles	RAV4	2T36CRAV0TW42G775	2026	47402 USD	Toyota	47402 USD	MI	no	RAV4	No	Over 20k
2T36CRAV2TW116834	2026 Toyota RAV4 Limited	Toyota	https://www.dahltoyotawinona.com/viewdetails/new/2t36crav2tw116834/2026-toyota-rav4-sport-utility/	46864 USD	2026 Ruby Flare Pearl [extra_cost_color] Toyota RAV4 Limited 2.5L 4-Cyl. Hybrid For sale at Dahl Toyota Winona in Winona Minnesota.	https://prod.tvmimageservice.com/images/GetEvoxImage?styleid=481719&amp;Width=640&amp;Height=480&amp;Type=jpeg&amp;Angle=03&amp;quality=80&amp;BackGroundColor=white&amp;colorcode=03T3&amp;autocrop=True&amp;useoverrides=true	in stock	NEW	SUV	Vehicles & Parts > Vehicles > Motor Vehicles > Cars, Trucks & Vans	2T36CRAV2TW116834	https://www.dahltoyotawinona.com/viewdetails/new/2t36crav2tw116834/2026-toyota-rav4-sport-utility/123?store={store_code}	RED	0 miles	RAV4	2T36CRAV2TW116834	2026	46864 USD	Toyota	46864 USD	MI	no	RAV4	No	Over 20k
2T36CRAV5TW111207	2026 Toyota RAV4 Woodland	Toyota	https://www.dahltoyotawinona.com/viewdetails/new/2t36crav5tw111207/2026-toyota-rav4-sport-utility/	43295 USD	2026 Storm Cloud Toyota RAV4 Woodland 2.5L 4-Cyl. Hybrid For sale at Dahl Toyota Winona in Winona Minnesota.	https://prod.tvmimageservice.com/images/GetEvoxImage?styleid=481710&amp;Width=640&amp;Height=480&amp;Type=jpeg&amp;Angle=03&amp;quality=80&amp;BackGroundColor=white&amp;colorcode=1L6&amp;autocrop=True&amp;useoverrides=true	in stock	NEW	SUV	Vehicles & Parts > Vehicles > Motor Vehicles > Cars, Trucks & Vans	2T36CRAV5TW111207	https://www.dahltoyotawinona.com/viewdetails/new/2t36crav5tw111207/2026-toyota-rav4-sport-utility/123?store={store_code}	GRAY	0 miles	RAV4	2T36CRAV5TW111207	2026	43295 USD	Toyota	43295 USD	MI	no	RAV4	No	Over 20k
2T36CRAV5TW46J212	2026 Toyota RAV4 Woodland	Toyota	https://www.dahltoyotawinona.com/viewdetails/new/2t36crav5tw46j212/2026-toyota-rav4-sport-utility/	43473 USD	2026 Ice Cap Toyota RAV4 Woodland 2.5L 4-Cyl. Hybrid For sale at Dahl Toyota Winona in Winona Minnesota.	https://prod.tvmimageservice.com/images/GetEvoxImage?styleid=481710&amp;Width=640&amp;Height=480&amp;Type=jpeg&amp;Angle=03&amp;quality=80&amp;BackGroundColor=white&amp;colorcode=040&amp;autocrop=True&amp;useoverrides=true	in stock	NEW	SUV	Vehicles & Parts > Vehicles > Motor Vehicles > Cars, Trucks & Vans	2T36CRAV5TW46J212	https://www.dahltoyotawinona.com/viewdetails/new/2t36crav5tw46j212/2026-toyota-rav4-sport-utility/123?store={store_code}	WHITE	0 miles	RAV4	2T36CRAV5TW46J212	2026	43473 USD	Toyota	43473 USD	MI	no	RAV4	No	Over 20k
2T36CRAV6TW43J118	2026 Toyota RAV4 Limited	Toyota	https://www.dahltoyotawinona.com/viewdetails/new/2t36crav6tw43j118/2026-toyota-rav4-sport-utility/	47622 USD	2026 Storm Cloud Toyota RAV4 Limited 2.5L 4-Cyl. Hybrid For sale at Dahl Toyota Winona in Winona Minnesota.	https://prod.tvmimageservice.com/images/GetEvoxImage?styleid=481719&amp;Width=640&amp;Height=480&amp;Type=jpeg&amp;Angle=03&amp;quality=80&amp;BackGroundColor=white&amp;colorcode=01L6&amp;autocrop=True&amp;useoverrides=true	in stock	NEW	SUV	Vehicles & Parts > Vehicles > Motor Vehicles > Cars, Trucks & Vans	2T36CRAV6TW43J118	https://www.dahltoyotawinona.com/viewdetails/new/2t36crav6tw43j118/2026-toyota-rav4-sport-utility/123?store={store_code}	GRAY	0 miles	RAV4	2T36CRAV6TW43J118	2026	47622 USD	Toyota	47622 USD	MI	no	RAV4	No	Over 20k
2T36CRAV7TW42J553	2026 Toyota RAV4 XLE Premium	Toyota	https://www.dahltoyotawinona.com/viewdetails/new/2t36crav7tw42j553/2026-toyota-rav4-sport-utility/	42597 USD	2026 Storm Cloud Toyota RAV4 XLE Premium 2.5L 4-Cyl. Hybrid For sale at Dahl Toyota Winona in Winona Minnesota.	https://prod.tvmimageservice.com/images/GetEvoxImage?styleid=481707&amp;Width=640&amp;Height=480&amp;Type=jpeg&amp;Angle=03&amp;quality=80&amp;BackGroundColor=white&amp;colorcode=1L6&amp;autocrop=True&amp;useoverrides=true	in stock	NEW	SUV	Vehicles & Parts > Vehicles > Motor Vehicles > Cars, Trucks & Vans	2T36CRAV7TW42J553	https://www.dahltoyotawinona.com/viewdetails/new/2t36crav7tw42j553/2026-toyota-rav4-sport-utility/123?store={store_code}	GRAY	0 miles	RAV4	2T36CRAV7TW42J553	2026	42597 USD	Toyota	42597 USD	MI	no	RAV4	No	Over 20k
2T36CRAV9TW41I304	2026 Toyota RAV4 Woodland	Toyota	https://www.dahltoyotawinona.com/viewdetails/new/2t36crav9tw41i304/2026-toyota-rav4-sport-utility/	42345 USD	2026 Ice Cap Toyota RAV4 Woodland 2.5L 4-Cyl. Hybrid For sale at Dahl Toyota Winona in Winona Minnesota.	https://prod.tvmimageservice.com/images/GetEvoxImage?styleid=481710&amp;Width=640&amp;Height=480&amp;Type=jpeg&amp;Angle=03&amp;quality=80&amp;BackGroundColor=white&amp;colorcode=040&amp;autocrop=True&amp;useoverrides=true	in stock	NEW	SUV	Vehicles & Parts > Vehicles > Motor Vehicles > Cars, Trucks & Vans	2T36CRAV9TW41I304	https://www.dahltoyotawinona.com/viewdetails/new/2t36crav9tw41i304/2026-toyota-rav4-sport-utility/123?store={store_code}	WHITE	0 miles	RAV4	2T36CRAV9TW41I304	2026	42345 USD	Toyota	42345 USD	MI	no	RAV4	No	Over 20k
3TMLB5JN1TM316359	2026 Toyota Tacoma Limited	Toyota	https://www.dahltoyotawinona.com/viewdetails/new/3tmlb5jn1tm316359/2026-toyota-tacoma-double-cab/	57988 USD	2026 Celestial Silver Metallic Toyota Tacoma Limited i-FORCE 2.4L 4-Cyl. Turbo For sale at Dahl Toyota Winona in Winona Minnesota.	https://content.homenetiol.com/2000157/2065512/0x0/4571dff6b05a48278d6f9e5865c5d8a7.jpg	in stock	NEW	TRUCK	Vehicles & Parts > Vehicles > Motor Vehicles > Cars, Trucks & Vans	3TMLB5JN1TM316359	https://www.dahltoyotawinona.com/viewdetails/new/3tmlb5jn1tm316359/2026-toyota-tacoma-double-cab/123?store={store_code}	SILVER	0 miles	Tacoma	3TMLB5JN1TM316359	2026	57988 USD	Toyota	57988 USD	MI	no	Tacoma	No	Over 20k
3TMLB5JN1TM317818	2026 Toyota Tacoma SR5	Toyota	https://www.dahltoyotawinona.com/viewdetails/new/3tmlb5jn1tm317818/2026-toyota-tacoma-double-cab/	47654 USD	2026 Celestial Silver Metallic Toyota Tacoma SR5 i-FORCE 2.4L 4-Cyl. Turbo For sale at Dahl Toyota Winona in Winona Minnesota.	https://prod.tvmimageservice.com/images/GetEvoxImage?styleid=480237&amp;Width=640&amp;Height=480&amp;Type=jpeg&amp;Angle=03&amp;quality=80&amp;BackGroundColor=white&amp;colorcode=1J9&amp;autocrop=True&amp;useoverrides=true	in stock	NEW	TRUCK	Vehicles & Parts > Vehicles > Motor Vehicles > Cars, Trucks & Vans	3TMLB5JN1TM317818	https://www.dahltoyotawinona.com/viewdetails/new/3tmlb5jn1tm317818/2026-toyota-tacoma-double-cab/123?store={store_code}	SILVER	0 miles	Tacoma	3TMLB5JN1TM317818	2026	47654 USD	Toyota	47654 USD	MI	no	Tacoma	No	Over 20k
3TMLB5JN3TM317108	2026 Toyota Tacoma Limited	Toyota	https://www.dahltoyotawinona.com/viewdetails/new/3tmlb5jn3tm317108/2026-toyota-tacoma-double-cab/	56809 USD	2026 Black Toyota Tacoma Limited i-FORCE 2.4L 4-Cyl. Turbo For sale at Dahl Toyota Winona in Winona Minnesota.	https://content.homenetiol.com/2000157/2065512/0x0/da95905c8e314a2da3848e3b116df938.jpg	in stock	NEW	TRUCK	Vehicles & Parts > Vehicles > Motor Vehicles > Cars, Trucks & Vans	3TMLB5JN3TM317108	https://www.dahltoyotawinona.com/viewdetails/new/3tmlb5jn3tm317108/2026-toyota-tacoma-double-cab/123?store={store_code}	BLACK	0 miles	Tacoma	3TMLB5JN3TM317108	2026	56809 USD	Toyota	56809 USD	MI	no	Tacoma	No	Over 20k
3TMLB5JN4TM43A702	2026 Toyota Tacoma SR5	Toyota	https://www.dahltoyotawinona.com/viewdetails/new/3tmlb5jn4tm43a702/2026-toyota-tacoma-double-cab/	44524 USD	2026 Black Toyota Tacoma SR5 i-FORCE 2.4L 4-Cyl. Turbo For sale at Dahl Toyota Winona in Winona Minnesota.	https://prod.tvmimageservice.com/images/GetEvoxImage?styleid=480237&amp;Width=640&amp;Height=480&amp;Type=jpeg&amp;Angle=03&amp;quality=80&amp;BackGroundColor=white&amp;colorcode=0202&amp;autocrop=True&amp;useoverrides=true	in stock	NEW	TRUCK	Vehicles & Parts > Vehicles > Motor Vehicles > Cars, Trucks & Vans	3TMLB5JN4TM43A702	https://www.dahltoyotawinona.com/viewdetails/new/3tmlb5jn4tm43a702/2026-toyota-tacoma-double-cab/123?store={store_code}	BLACK	0 miles	Tacoma	3TMLB5JN4TM43A702	2026	44524 USD	Toyota	44524 USD	MI	no	Tacoma	No	Over 20k
3TMLB5JN7TM313319	2026 Toyota Tacoma TRD Off Road	Toyota	https://www.dahltoyotawinona.com/viewdetails/new/3tmlb5jn7tm313319/2026-toyota-tacoma-double-cab/	61162 USD	2026 Black Toyota Tacoma TRD Off Road i-FORCE 2.4L 4-Cyl. Turbo For sale at Dahl Toyota Winona in Winona Minnesota.	https://prod.tvmimageservice.com/images/GetEvoxImage?styleid=480260&amp;Width=640&amp;Height=480&amp;Type=jpeg&amp;Angle=03&amp;quality=80&amp;BackGroundColor=white&amp;colorcode=202&amp;autocrop=True&amp;useoverrides=true	in stock	NEW	TRUCK	Vehicles & Parts > Vehicles > Motor Vehicles > Cars, Trucks & Vans	3TMLB5JN7TM313319	https://www.dahltoyotawinona.com/viewdetails/new/3tmlb5jn7tm313319/2026-toyota-tacoma-double-cab/123?store={store_code}	BLACK	0 miles	Tacoma	3TMLB5JN7TM313319	2026	61162 USD	Toyota	61162 USD	MI	no	Tacoma	No	Over 20k
3TMLB5JN8TM305584	2026 Toyota Tacoma TRD Sport	Toyota	https://www.dahltoyotawinona.com/viewdetails/new/3tmlb5jn8tm305584/2026-toyota-tacoma-double-cab/	47029 USD	2026 Celestial Silver Metallic Toyota Tacoma TRD Sport i-FORCE 2.4L 4-Cyl. Turbo For sale at Dahl Toyota Winona in Winona Minnesota.	https://content.homenetiol.com/2000157/2065512/0x0/3b9fc11a273f4e69a8e8ad3acf850f8c.jpg	in stock	NEW	TRUCK	Vehicles & Parts > Vehicles > Motor Vehicles > Cars, Trucks & Vans	3TMLB5JN8TM305584	https://www.dahltoyotawinona.com/viewdetails/new/3tmlb5jn8tm305584/2026-toyota-tacoma-double-cab/123?store={store_code}	SILVER	0 miles	Tacoma	3TMLB5JN8TM305584	2026	47029 USD	Toyota	47029 USD	MI	no	Tacoma	No	Over 20k
3TMLB5JN8TM43B996	2026 Toyota Tacoma SR5	Toyota	https://www.dahltoyotawinona.com/viewdetails/new/3tmlb5jn8tm43b996/2026-toyota-tacoma-double-cab/	45262 USD	2026 Celestial Silver Metallic Toyota Tacoma SR5 i-FORCE 2.4L 4-Cyl. Turbo For sale at Dahl Toyota Winona in Winona Minnesota.	https://prod.tvmimageservice.com/images/GetEvoxImage?styleid=480237&amp;Width=640&amp;Height=480&amp;Type=jpeg&amp;Angle=03&amp;quality=80&amp;BackGroundColor=white&amp;colorcode=01J9&amp;autocrop=True&amp;useoverrides=true	in stock	NEW	TRUCK	Vehicles & Parts > Vehicles > Motor Vehicles > Cars, Trucks & Vans	3TMLB5JN8TM43B996	https://www.dahltoyotawinona.com/viewdetails/new/3tmlb5jn8tm43b996/2026-toyota-tacoma-double-cab/123?store={store_code}	SILVER	0 miles	Tacoma	3TMLB5JN8TM43B996	2026	45262 USD	Toyota	45262 USD	MI	no	Tacoma	No	Over 20k
3TMLB5JN9TM322586	2026 Toyota Tacoma SR5	Toyota	https://www.dahltoyotawinona.com/viewdetails/new/3tmlb5jn9tm322586/2026-toyota-tacoma-double-cab/	45198 USD	2026 Heritage Blue Toyota Tacoma SR5 i-FORCE 2.4L 4-Cyl. Turbo For sale at Dahl Toyota Winona in Winona Minnesota.	https://prod.tvmimageservice.com/images/GetEvoxImage?styleid=480237&amp;Width=640&amp;Height=480&amp;Type=jpeg&amp;Angle=03&amp;quality=80&amp;BackGroundColor=white&amp;colorcode=8X0&amp;autocrop=True&amp;useoverrides=true	in stock	NEW	TRUCK	Vehicles & Parts > Vehicles > Motor Vehicles > Cars, Trucks & Vans	3TMLB5JN9TM322586	https://www.dahltoyotawinona.com/viewdetails/new/3tmlb5jn9tm322586/2026-toyota-tacoma-double-cab/123?store={store_code}	BLUE	0 miles	Tacoma	3TMLB5JN9TM322586	2026	45198 USD	Toyota	45198 USD	MI	no	Tacoma	No	Over 20k
3TMLB5JNXTM328848	2026 Toyota Tacoma TRD Sport	Toyota	https://www.dahltoyotawinona.com/viewdetails/new/3tmlb5jnxtm328848/2026-toyota-tacoma-double-cab/	53683 USD	2026 Ice Cap Toyota Tacoma TRD Sport i-FORCE 2.4L 4-Cyl. Turbo For sale at Dahl Toyota Winona in Winona Minnesota.	https://prod.tvmimageservice.com/images/GetEvoxImage?styleid=480242&amp;Width=640&amp;Height=480&amp;Type=jpeg&amp;Angle=03&amp;quality=80&amp;BackGroundColor=white&amp;colorcode=040&amp;autocrop=True&amp;useoverrides=true	in stock	NEW	TRUCK	Vehicles & Parts > Vehicles > Motor Vehicles > Cars, Trucks & Vans	3TMLB5JNXTM328848	https://www.dahltoyotawinona.com/viewdetails/new/3tmlb5jnxtm328848/2026-toyota-tacoma-double-cab/123?store={store_code}	WHITE	0 miles	Tacoma	3TMLB5JNXTM328848	2026	53683 USD	Toyota	53683 USD	MI	no	Tacoma	No	Over 20k
3TMLB5JNXTM44B994	2026 Toyota Tacoma SR5	Toyota	https://www.dahltoyotawinona.com/viewdetails/new/3tmlb5jnxtm44b994/2026-toyota-tacoma-double-cab/	46243 USD	2026 Ice Cap Toyota Tacoma SR5 i-FORCE 2.4L 4-Cyl. Turbo For sale at Dahl Toyota Winona in Winona Minnesota.	https://prod.tvmimageservice.com/images/GetEvoxImage?styleid=480237&amp;Width=640&amp;Height=480&amp;Type=jpeg&amp;Angle=03&amp;quality=80&amp;BackGroundColor=white&amp;colorcode=0040&amp;autocrop=True&amp;useoverrides=true	in stock	NEW	TRUCK	Vehicles & Parts > Vehicles > Motor Vehicles > Cars, Trucks & Vans	3TMLB5JNXTM44B994	https://www.dahltoyotawinona.com/viewdetails/new/3tmlb5jnxtm44b994/2026-toyota-tacoma-double-cab/123?store={store_code}	WHITE	0 miles	Tacoma	3TMLB5JNXTM44B994	2026	46243 USD	Toyota	46243 USD	MI	no	Tacoma	No	Over 20k
3TYLB5JN9TT153254	2026 Toyota Tacoma TRD Off Road	Toyota	https://www.dahltoyotawinona.com/viewdetails/new/3tylb5jn9tt153254/2026-toyota-tacoma-double-cab/	57343 USD	2026 Supersonic Red [extra_cost_color] Toyota Tacoma TRD Off Road i-FORCE 2.4L 4-Cyl. Turbo For sale at Dahl Toyota Winona in Winona Minnesota.	https://prod.tvmimageservice.com/images/GetEvoxImage?styleid=480260&amp;Width=640&amp;Height=480&amp;Type=jpeg&amp;Angle=03&amp;quality=80&amp;BackGroundColor=white&amp;colorcode=03U5&amp;autocrop=True&amp;useoverrides=true	in stock	NEW	TRUCK	Vehicles & Parts > Vehicles > Motor Vehicles > Cars, Trucks & Vans	3TYLB5JN9TT153254	https://www.dahltoyotawinona.com/viewdetails/new/3tylb5jn9tt153254/2026-toyota-tacoma-double-cab/123?store={store_code}	RED	0 miles	Tacoma	3TYLB5JN9TT153254	2026	57343 USD	Toyota	57343 USD	MI	no	Tacoma	No	Over 20k
3TYLB5JN9TT160530	2026 Toyota Tacoma TRD Sport	Toyota	https://www.dahltoyotawinona.com/viewdetails/new/3tylb5jn9tt160530/2026-toyota-tacoma-double-cab/	48273 USD	2026 Supersonic Red [extra_cost_color] Toyota Tacoma TRD Sport i-FORCE 2.4L 4-Cyl. Turbo For sale at Dahl Toyota Winona in Winona Minnesota.	https://prod.tvmimageservice.com/images/GetEvoxImage?styleid=480242&amp;Width=640&amp;Height=480&amp;Type=jpeg&amp;Angle=03&amp;quality=80&amp;BackGroundColor=white&amp;colorcode=03U5&amp;autocrop=True&amp;useoverrides=true	in stock	NEW	TRUCK	Vehicles & Parts > Vehicles > Motor Vehicles > Cars, Trucks & Vans	3TYLB5JN9TT160530	https://www.dahltoyotawinona.com/viewdetails/new/3tylb5jn9tt160530/2026-toyota-tacoma-double-cab/123?store={store_code}	RED	0 miles	Tacoma	3TYLB5JN9TT160530	2026	48273 USD	Toyota	48273 USD	MI	no	Tacoma	No	Over 20k
3TYLC5LN1TT43C213	2026 Toyota Tacoma i-FORCE MAX TRD Sport	Toyota	https://www.dahltoyotawinona.com/viewdetails/new/3tylc5ln1tt43c213/2026-toyota-tacoma-i-force-max-double-cab/	57348 USD	2026 Celestial Silver Metallic Toyota Tacoma i-FORCE MAX TRD Sport i-FORCE MAX 2.4L 4-Cyl. Turbo Hybrid Powertrain For sale at Dahl Toyota Winona in Winona Minnesota.	https://prod.tvmimageservice.com/images/GetEvoxImage?styleid=480263&amp;Width=640&amp;Height=480&amp;Type=jpeg&amp;Angle=03&amp;quality=80&amp;BackGroundColor=white&amp;colorcode=01J9&amp;autocrop=True&amp;useoverrides=true	in stock	NEW	TRUCK	Vehicles & Parts > Vehicles > Motor Vehicles > Cars, Trucks & Vans	3TYLC5LN1TT43C213	https://www.dahltoyotawinona.com/viewdetails/new/3tylc5ln1tt43c213/2026-toyota-tacoma-i-force-max-double-cab/123?store={store_code}	SILVER	0 miles	Tacoma i-FORCE MAX	3TYLC5LN1TT43C213	2026	57348 USD	Toyota	57348 USD	MI	no	Tacoma i-FORCE MAX	No	Over 20k
4T1DAACKXVU43K561	2027 Toyota Camry LE	Toyota	https://www.dahltoyotawinona.com/viewdetails/new/4t1daackxvu43k561/2027-toyota-camry-4dr-car/	33318 USD	2027 Reservoir Blue Toyota Camry LE 2.5L 4-Cyl. Gas/Electric Hybrid For sale at Dahl Toyota Winona in Winona Minnesota.	https://prod.tvmimageservice.com/images/GetEvoxImage?styleid=487769&amp;Width=640&amp;Height=480&amp;Type=jpeg&amp;Angle=03&amp;quality=80&amp;BackGroundColor=white&amp;colorcode=8Q4&amp;autocrop=True&amp;useoverrides=true	in stock	NEW	OTHER	Vehicles & Parts > Vehicles > Motor Vehicles > Cars, Trucks & Vans	4T1DAACKXVU43K561	https://www.dahltoyotawinona.com/viewdetails/new/4t1daackxvu43k561/2027-toyota-camry-4dr-car/123?store={store_code}	BLUE	0 miles	Camry	4T1DAACKXVU43K561	2027	33318 USD	Toyota	33318 USD	MI	no	Camry	No	Over 20k
4T1DBADK1TU074033	2026 Toyota Camry SE	Toyota	https://www.dahltoyotawinona.com/viewdetails/new/4t1dbadk1tu074033/2026-toyota-camry-4dr-car/	36339 USD	2026 Midnight Black Metallic Toyota Camry SE 2.5L 4-Cyl. Gas/Electric Hybrid For sale at Dahl Toyota Winona in Winona Minnesota.	https://prod.tvmimageservice.com/images/GetEvoxImage?styleid=476779&amp;Width=640&amp;Height=480&amp;Type=jpeg&amp;Angle=03&amp;quality=80&amp;BackGroundColor=white&amp;colorcode=218&amp;autocrop=True&amp;useoverrides=true	in stock	NEW	OTHER	Vehicles & Parts > Vehicles > Motor Vehicles > Cars, Trucks & Vans	4T1DBADK1TU074033	https://www.dahltoyotawinona.com/viewdetails/new/4t1dbadk1tu074033/2026-toyota-camry-4dr-car/123?store={store_code}	BLACK	0 miles	Camry	4T1DBADK1TU074033	2026	36339 USD	Toyota	36339 USD	MI	no	Camry	No	Over 20k
4T1DBADK1VU43I815	2027 Toyota Camry LE	Toyota	https://www.dahltoyotawinona.com/viewdetails/new/4t1dbadk1vu43i815/2027-toyota-camry-4dr-car/	34840 USD	2027 Ice Cap Toyota Camry LE 2.5L 4-Cyl. Gas/Electric Hybrid For sale at Dahl Toyota Winona in Winona Minnesota.	https://prod.tvmimageservice.com/images/GetEvoxImage?styleid=487783&amp;Width=640&amp;Height=480&amp;Type=jpeg&amp;Angle=03&amp;quality=80&amp;BackGroundColor=white&amp;colorcode=040&amp;autocrop=True&amp;useoverrides=true	in stock	NEW	OTHER	Vehicles & Parts > Vehicles > Motor Vehicles > Cars, Trucks & Vans	4T1DBADK1VU43I815	https://www.dahltoyotawinona.com/viewdetails/new/4t1dbadk1vu43i815/2027-toyota-camry-4dr-car/123?store={store_code}	WHITE	0 miles	Camry	4T1DBADK1VU43I815	2027	34840 USD	Toyota	34840 USD	MI	no	Camry	No	Over 20k
4T1DBADK5VU44G173	2027 Toyota Camry Nightshade	Toyota	https://www.dahltoyotawinona.com/viewdetails/new/4t1dbadk5vu44g173/2027-toyota-camry-4dr-car/	37439 USD	2027 Ice Cap Toyota Camry Nightshade 2.5L 4-Cyl. Gas/Electric Hybrid For sale at Dahl Toyota Winona in Winona Minnesota.	https://prod.tvmimageservice.com/images/GetEvoxImage?styleid=487789&amp;Width=640&amp;Height=480&amp;Type=jpeg&amp;Angle=03&amp;quality=80&amp;BackGroundColor=white&amp;colorcode=040&amp;autocrop=True&amp;useoverrides=true	in stock	NEW	OTHER	Vehicles & Parts > Vehicles > Motor Vehicles > Cars, Trucks & Vans	4T1DBADK5VU44G173	https://www.dahltoyotawinona.com/viewdetails/new/4t1dbadk5vu44g173/2027-toyota-camry-4dr-car/123?store={store_code}	WHITE	0 miles	Camry	4T1DBADK5VU44G173	2027	37439 USD	Toyota	37439 USD	MI	no	Camry	No	Over 20k
4T1DBADK6TU072875	2026 Toyota Camry Nightshade	Toyota	https://www.dahltoyotawinona.com/viewdetails/new/4t1dbadk6tu072875/2026-toyota-camry-4dr-car/	39618 USD	2026 Supersonic Red [extra_cost_color] Toyota Camry Nightshade 2.5L 4-Cyl. Gas/Electric Hybrid For sale at Dahl Toyota Winona in Winona Minnesota.	https://prod.tvmimageservice.com/images/GetEvoxImage?styleid=476791&amp;Width=640&amp;Height=480&amp;Type=jpeg&amp;Angle=03&amp;quality=80&amp;BackGroundColor=white&amp;colorcode=03U5&amp;autocrop=True&amp;useoverrides=true	in stock	NEW	OTHER	Vehicles & Parts > Vehicles > Motor Vehicles > Cars, Trucks & Vans	4T1DBADK6TU072875	https://www.dahltoyotawinona.com/viewdetails/new/4t1dbadk6tu072875/2026-toyota-camry-4dr-car/123?store={store_code}	RED	0 miles	Camry	4T1DBADK6TU072875	2026	39618 USD	Toyota	39618 USD	MI	no	Camry	No	Over 20k
4T1DBADK7TU073422	2026 Toyota Camry XSE	Toyota	https://www.dahltoyotawinona.com/viewdetails/new/4t1dbadk7tu073422/2026-toyota-camry-4dr-car/	45337 USD	2026 Supersonic Red [extra_cost_color] Toyota Camry XSE 2.5L 4-Cyl. Gas/Electric Hybrid For sale at Dahl Toyota Winona in Winona Minnesota.	https://prod.tvmimageservice.com/images/GetEvoxImage?styleid=476785&amp;Width=640&amp;Height=480&amp;Type=jpeg&amp;Angle=03&amp;quality=80&amp;BackGroundColor=white&amp;colorcode=03U5&amp;autocrop=True&amp;useoverrides=true	in stock	NEW	OTHER	Vehicles & Parts > Vehicles > Motor Vehicles > Cars, Trucks & Vans	4T1DBADK7TU073422	https://www.dahltoyotawinona.com/viewdetails/new/4t1dbadk7tu073422/2026-toyota-camry-4dr-car/123?store={store_code}	RED	0 miles	Camry	4T1DBADK7TU073422	2026	45337 USD	Toyota	45337 USD	MI	no	Camry	No	Over 20k
4T36CRAV0TU43Q355	2026 Toyota RAV4 XLE Premium	Toyota	https://www.dahltoyotawinona.com/viewdetails/new/4t36crav0tu43q355/2026-toyota-rav4-sport-utility/	40624 USD	2026 Midnight Black Metallic Toyota RAV4 XLE Premium 2.5L 4-Cyl. Hybrid For sale at Dahl Toyota Winona in Winona Minnesota.	https://prod.tvmimageservice.com/images/GetEvoxImage?styleid=481707&amp;Width=640&amp;Height=480&amp;Type=jpeg&amp;Angle=03&amp;quality=80&amp;BackGroundColor=white&amp;colorcode=218&amp;autocrop=True&amp;useoverrides=true	in stock	NEW	SUV	Vehicles & Parts > Vehicles > Motor Vehicles > Cars, Trucks & Vans	4T36CRAV0TU43Q355	https://www.dahltoyotawinona.com/viewdetails/new/4t36crav0tu43q355/2026-toyota-rav4-sport-utility/123?store={store_code}	BLACK	0 miles	RAV4	4T36CRAV0TU43Q355	2026	40624 USD	Toyota	40624 USD	MI	no	RAV4	No	Over 20k
4T36CRAV2TU016216	2026 Toyota RAV4 SE	Toyota	https://www.dahltoyotawinona.com/viewdetails/new/4t36crav2tu016216/2026-toyota-rav4-sport-utility/	39723 USD	2026 Blueprint Toyota RAV4 SE 2.5L 4-Cyl. Hybrid For sale at Dahl Toyota Winona in Winona Minnesota.	https://prod.tvmimageservice.com/images/GetEvoxImage?styleid=481713&amp;Width=640&amp;Height=480&amp;Type=jpeg&amp;Angle=03&amp;quality=80&amp;BackGroundColor=white&amp;colorcode=8X8&amp;autocrop=True&amp;useoverrides=true	in stock	NEW	SUV	Vehicles & Parts > Vehicles > Motor Vehicles > Cars, Trucks & Vans	4T36CRAV2TU016216	https://www.dahltoyotawinona.com/viewdetails/new/4t36crav2tu016216/2026-toyota-rav4-sport-utility/123?store={store_code}	BLUE	0 miles	RAV4	4T36CRAV2TU016216	2026	39723 USD	Toyota	39723 USD	MI	no	RAV4	No	Over 20k
4T36CRAV6TU45I047	2026 Toyota RAV4 XLE Premium	Toyota	https://www.dahltoyotawinona.com/viewdetails/new/4t36crav6tu45i047/2026-toyota-rav4-sport-utility/	42922 USD	2026 Midnight Black Metallic Toyota RAV4 XLE Premium 2.5L 4-Cyl. Hybrid For sale at Dahl Toyota Winona in Winona Minnesota.	https://prod.tvmimageservice.com/images/GetEvoxImage?styleid=481707&amp;Width=640&amp;Height=480&amp;Type=jpeg&amp;Angle=03&amp;quality=80&amp;BackGroundColor=white&amp;colorcode=0218&amp;autocrop=True&amp;useoverrides=true	in stock	NEW	SUV	Vehicles & Parts > Vehicles > Motor Vehicles > Cars, Trucks & Vans	4T36CRAV6TU45I047	https://www.dahltoyotawinona.com/viewdetails/new/4t36crav6tu45i047/2026-toyota-rav4-sport-utility/123?store={store_code}	BLACK	0 miles	RAV4	4T36CRAV6TU45I047	2026	42922 USD	Toyota	42922 USD	MI	no	RAV4	No	Over 20k
4T36CRAV7TU45I266	2026 Toyota RAV4 LE	Toyota	https://www.dahltoyotawinona.com/viewdetails/new/4t36crav7tu45i266/2026-toyota-rav4-sport-utility/	35483 USD	2026 Ice Cap Toyota RAV4 LE 2.5L 4-Cyl. Hybrid For sale at Dahl Toyota Winona in Winona Minnesota.	https://prod.tvmimageservice.com/images/GetEvoxImage?styleid=481704&amp;Width=640&amp;Height=480&amp;Type=jpeg&amp;Angle=03&amp;quality=80&amp;BackGroundColor=white&amp;colorcode=040&amp;autocrop=True&amp;useoverrides=true	in stock	NEW	SUV	Vehicles & Parts > Vehicles > Motor Vehicles > Cars, Trucks & Vans	4T36CRAV7TU45I266	https://www.dahltoyotawinona.com/viewdetails/new/4t36crav7tu45i266/2026-toyota-rav4-sport-utility/123?store={store_code}	WHITE	0 miles	RAV4	4T36CRAV7TU45I266	2026	35483 USD	Toyota	35483 USD	MI	no	RAV4	No	Over 20k
4T36CRAVXTU45G592	2026 Toyota RAV4 LE	Toyota	https://www.dahltoyotawinona.com/viewdetails/new/4t36cravxtu45g592/2026-toyota-rav4-sport-utility/	35847 USD	2026 Midnight Black Metallic Toyota RAV4 LE 2.5L 4-Cyl. Hybrid For sale at Dahl Toyota Winona in Winona Minnesota.	https://prod.tvmimageservice.com/images/GetEvoxImage?styleid=481704&amp;Width=640&amp;Height=480&amp;Type=jpeg&amp;Angle=03&amp;quality=80&amp;BackGroundColor=white&amp;colorcode=0218&amp;autocrop=True&amp;useoverrides=true	in stock	NEW	SUV	Vehicles & Parts > Vehicles > Motor Vehicles > Cars, Trucks & Vans	4T36CRAVXTU45G592	https://www.dahltoyotawinona.com/viewdetails/new/4t36cravxtu45g592/2026-toyota-rav4-sport-utility/123?store={store_code}	BLACK	0 miles	RAV4	4T36CRAVXTU45G592	2026	35847 USD	Toyota	35847 USD	MI	no	RAV4	No	Over 20k
5TDAAAB59TS155941	2026 Toyota Grand Highlander XLE	Toyota	https://www.dahltoyotawinona.com/viewdetails/new/5tdaaab59ts155941/2026-toyota-grand-highlander-sport-utility/	50548 USD	2026 Storm Cloud Toyota Grand Highlander XLE 2.4L 4-Cyl. Turbocharged For sale at Dahl Toyota Winona in Winona Minnesota.	https://prod.tvmimageservice.com/images/GetEvoxImage?styleid=477202&amp;Width=640&amp;Height=480&amp;Type=jpeg&amp;Angle=03&amp;quality=80&amp;BackGroundColor=white&amp;colorcode=1L6&amp;autocrop=True&amp;useoverrides=true	in stock	NEW	SUV	Vehicles & Parts > Vehicles > Motor Vehicles > Cars, Trucks & Vans	5TDAAAB59TS155941	https://www.dahltoyotawinona.com/viewdetails/new/5tdaaab59ts155941/2026-toyota-grand-highlander-sport-utility/123?store={store_code}	GRAY	0 miles	Grand Highlander	5TDAAAB59TS155941	2026	50548 USD	Toyota	50548 USD	MI	no	Grand Highlander	No	Over 20k
5TDAAAB5XTS154068	2026 Toyota Grand Highlander Platinum	Toyota	https://www.dahltoyotawinona.com/viewdetails/new/5tdaaab5xts154068/2026-toyota-grand-highlander-sport-utility/	60771 USD	2026 Storm Cloud Toyota Grand Highlander Platinum 2.4L 4-Cyl. Turbocharged For sale at Dahl Toyota Winona in Winona Minnesota.	https://prod.tvmimageservice.com/images/GetEvoxImage?styleid=477208&amp;Width=640&amp;Height=480&amp;Type=jpeg&amp;Angle=03&amp;quality=80&amp;BackGroundColor=white&amp;colorcode=01L6&amp;autocrop=True&amp;useoverrides=true	in stock	NEW	SUV	Vehicles & Parts > Vehicles > Motor Vehicles > Cars, Trucks & Vans	5TDAAAB5XTS154068	https://www.dahltoyotawinona.com/viewdetails/new/5tdaaab5xts154068/2026-toyota-grand-highlander-sport-utility/123?store={store_code}	GRAY	0 miles	Grand Highlander	5TDAAAB5XTS154068	2026	60771 USD	Toyota	60771 USD	MI	no	Grand Highlander	No	Over 20k
5TDACAB51TS129182	2026 Toyota Grand Highlander Hybrid Limited	Toyota	https://www.dahltoyotawinona.com/viewdetails/new/5tdacab51ts129182/2026-toyota-grand-highlander-hybrid-sport-utility/	60790 USD	2026 Midnight Black Metallic Toyota Grand Highlander Limited 2.5-Liter 4-Cylinder Hybrid For sale at Dahl Toyota Winona in Winona Minnesota.	https://prod.tvmimageservice.com/images/GetEvoxImage?styleid=477223&amp;Width=640&amp;Height=480&amp;Type=jpeg&amp;Angle=03&amp;quality=80&amp;BackGroundColor=white&amp;colorcode=0218&amp;autocrop=True&amp;useoverrides=true	in stock	NEW	SUV	Vehicles & Parts > Vehicles > Motor Vehicles > Cars, Trucks & Vans	5TDACAB51TS129182	https://www.dahltoyotawinona.com/viewdetails/new/5tdacab51ts129182/2026-toyota-grand-highlander-hybrid-sport-utility/123?store={store_code}	BLACK	0 miles	Grand Highlander	5TDACAB51TS129182	2026	60790 USD	Toyota	60790 USD	MI	no	Grand Highlander	No	Over 20k
5TDACAB52TS42F557	2026 Toyota Grand Highlander Hybrid Limited	Toyota	https://www.dahltoyotawinona.com/viewdetails/new/5tdacab52ts42f557/2026-toyota-grand-highlander-hybrid-sport-utility/	61473 USD	2026 Wind Chill Pearl Toyota Grand Highlander Limited 2.5-Liter 4-Cylinder Hybrid For sale at Dahl Toyota Winona in Winona Minnesota.	https://prod.tvmimageservice.com/images/GetEvoxImage?styleid=477223&amp;Width=640&amp;Height=480&amp;Type=jpeg&amp;Angle=03&amp;quality=80&amp;BackGroundColor=white&amp;colorcode=0089&amp;autocrop=True&amp;useoverrides=true	in stock	NEW	SUV	Vehicles & Parts > Vehicles > Motor Vehicles > Cars, Trucks & Vans	5TDACAB52TS42F557	https://www.dahltoyotawinona.com/viewdetails/new/5tdacab52ts42f557/2026-toyota-grand-highlander-hybrid-sport-utility/123?store={store_code}	WHITE	0 miles	Grand Highlander	5TDACAB52TS42F557	2026	61473 USD	Toyota	61473 USD	MI	no	Grand Highlander	No	Over 20k
5TDACAB54TS44G054	2026 Toyota Grand Highlander Hybrid Nightshade Edition	Toyota	https://www.dahltoyotawinona.com/viewdetails/new/5tdacab54ts44g054/2026-toyota-grand-highlander-hybrid-sport-utility/	58983 USD	2026 Wind Chill Pearl [extra_cost_color] Toyota Grand Highlander Nightshade Edition 2.5-Liter 4-Cylinder Hybrid For sale at Dahl Toyota Winona in Winona Minnesota.	https://prod.tvmimageservice.com/images/GetEvoxImage?styleid=477220&amp;Width=640&amp;Height=480&amp;Type=jpeg&amp;Angle=03&amp;quality=80&amp;BackGroundColor=white&amp;colorcode=0089&amp;autocrop=True&amp;useoverrides=true	in stock	NEW	SUV	Vehicles & Parts > Vehicles > Motor Vehicles > Cars, Trucks & Vans	5TDACAB54TS44G054	https://www.dahltoyotawinona.com/viewdetails/new/5tdacab54ts44g054/2026-toyota-grand-highlander-hybrid-sport-utility/123?store={store_code}	WHITE	0 miles	Grand Highlander	5TDACAB54TS44G054	2026	58983 USD	Toyota	58983 USD	MI	no	Grand Highlander	No	Over 20k
5TDACAB59TS43G569	2026 Toyota Grand Highlander Hybrid XLE	Toyota	https://www.dahltoyotawinona.com/viewdetails/new/5tdacab59ts43g569/2026-toyota-grand-highlander-hybrid-sport-utility/	51803 USD	2026 Celestial Silver Metallic Toyota Grand Highlander XLE 2.5-Liter 4-Cylinder Hybrid For sale at Dahl Toyota Winona in Winona Minnesota.	https://prod.tvmimageservice.com/images/GetEvoxImage?styleid=477217&amp;Width=640&amp;Height=480&amp;Type=jpeg&amp;Angle=03&amp;quality=80&amp;BackGroundColor=white&amp;colorcode=1J9&amp;autocrop=True&amp;useoverrides=true	in stock	NEW	SUV	Vehicles & Parts > Vehicles > Motor Vehicles > Cars, Trucks & Vans	5TDACAB59TS43G569	https://www.dahltoyotawinona.com/viewdetails/new/5tdacab59ts43g569/2026-toyota-grand-highlander-hybrid-sport-utility/123?store={store_code}	SILVER	0 miles	Grand Highlander	5TDACAB59TS43G569	2026	51803 USD	Toyota	51803 USD	MI	no	Grand Highlander	No	Over 20k
5TDCSKFC6TS41C675	2026 Toyota Sienna Woodland Edition	Toyota	https://www.dahltoyotawinona.com/viewdetails/new/5tdcskfc6ts41c675/2026-toyota-sienna-mini-van,-passenger/	54565 USD	2026 Ice Cap Toyota Sienna Woodland Edition 2.5L Hybrid For sale at Dahl Toyota Winona in Winona Minnesota.	https://prod.tvmimageservice.com/images/GetEvoxImage?styleid=480396&amp;Width=640&amp;Height=480&amp;Type=jpeg&amp;Angle=03&amp;quality=80&amp;BackGroundColor=white&amp;colorcode=0040&amp;autocrop=True&amp;useoverrides=true	in stock	NEW	VAN	Vehicles & Parts > Vehicles > Motor Vehicles > Cars, Trucks & Vans	5TDCSKFC6TS41C675	https://www.dahltoyotawinona.com/viewdetails/new/5tdcskfc6ts41c675/2026-toyota-sienna-mini-van,-passenger/123?store={store_code}	WHITE	0 miles	Sienna	5TDCSKFC6TS41C675	2026	54565 USD	Toyota	54565 USD	MI	no	Sienna	No	Over 20k
5TDCSKFC6TS41D485	2026 Toyota Sienna Woodland Edition	Toyota	https://www.dahltoyotawinona.com/viewdetails/new/5tdcskfc6ts41d485/2026-toyota-sienna-mini-van,-passenger/	54825 USD	2026 Cement Toyota Sienna Woodland Edition 2.5L Hybrid For sale at Dahl Toyota Winona in Winona Minnesota.	https://prod.tvmimageservice.com/images/GetEvoxImage?styleid=480396&amp;Width=640&amp;Height=480&amp;Type=jpeg&amp;Angle=03&amp;quality=80&amp;BackGroundColor=white&amp;colorcode=1H5&amp;autocrop=True&amp;useoverrides=true	in stock	NEW	VAN	Vehicles & Parts > Vehicles > Motor Vehicles > Cars, Trucks & Vans	5TDCSKFC6TS41D485	https://www.dahltoyotawinona.com/viewdetails/new/5tdcskfc6ts41d485/2026-toyota-sienna-mini-van,-passenger/123?store={store_code}	GRAY	0 miles	Sienna	5TDCSKFC6TS41D485	2026	54825 USD	Toyota	54825 USD	MI	no	Sienna	No	Over 20k
5TDCSKFC7TS292431	2026 Toyota Sienna Woodland Edition	Toyota	https://www.dahltoyotawinona.com/viewdetails/new/5tdcskfc7ts292431/2026-toyota-sienna-mini-van,-passenger/	54300 USD	2026 Cement Toyota Sienna Woodland Edition 2.5L Hybrid For sale at Dahl Toyota Winona in Winona Minnesota.	https://prod.tvmimageservice.com/images/GetEvoxImage?styleid=480396&amp;Width=640&amp;Height=480&amp;Type=jpeg&amp;Angle=03&amp;quality=80&amp;BackGroundColor=white&amp;colorcode=1H5&amp;autocrop=True&amp;useoverrides=true	in stock	NEW	VAN	Vehicles & Parts > Vehicles > Motor Vehicles > Cars, Trucks & Vans	5TDCSKFC7TS292431	https://www.dahltoyotawinona.com/viewdetails/new/5tdcskfc7ts292431/2026-toyota-sienna-mini-van,-passenger/123?store={store_code}	GRAY	0 miles	Sienna	5TDCSKFC7TS292431	2026	54300 USD	Toyota	54300 USD	MI	no	Sienna	No	Over 20k
5TDEBRCH6TS46A419	2026 Toyota Highlander Hybrid Platinum	Toyota	https://www.dahltoyotawinona.com/viewdetails/new/5tdebrch6ts46a419/2026-toyota-highlander-hybrid-sport-utility/	59317 USD	2026 Wind Chill Pearl Toyota Highlander Platinum 2.5L 4-Cyl. Hybrid For sale at Dahl Toyota Winona in Winona Minnesota.	https://prod.tvmimageservice.com/images/GetEvoxImage?styleid=479818&amp;Width=640&amp;Height=480&amp;Type=jpeg&amp;Angle=03&amp;quality=80&amp;BackGroundColor=white&amp;colorcode=0089&amp;autocrop=True&amp;useoverrides=true	in stock	NEW	SUV	Vehicles & Parts > Vehicles > Motor Vehicles > Cars, Trucks & Vans	5TDEBRCH6TS46A419	https://www.dahltoyotawinona.com/viewdetails/new/5tdebrch6ts46a419/2026-toyota-highlander-hybrid-sport-utility/123?store={store_code}	WHITE	0 miles	Highlander	5TDEBRCH6TS46A419	2026	59317 USD	Toyota	59317 USD	MI	no	Highlander	No	Over 20k
5TDEBRCH7TS43A362	2026 Toyota Highlander Hybrid Platinum	Toyota	https://www.dahltoyotawinona.com/viewdetails/new/5tdebrch7ts43a362/2026-toyota-highlander-hybrid-sport-utility/	59756 USD	2026 Heavy Metal Toyota Highlander Platinum 2.5L 4-Cyl. Hybrid For sale at Dahl Toyota Winona in Winona Minnesota.	https://prod.tvmimageservice.com/images/GetEvoxImage?styleid=479818&amp;Width=640&amp;Height=480&amp;Type=jpeg&amp;Angle=03&amp;quality=80&amp;BackGroundColor=white&amp;colorcode=01L5&amp;autocrop=True&amp;useoverrides=true	in stock	NEW	SUV	Vehicles & Parts > Vehicles > Motor Vehicles > Cars, Trucks & Vans	5TDEBRCH7TS43A362	https://www.dahltoyotawinona.com/viewdetails/new/5tdebrch7ts43a362/2026-toyota-highlander-hybrid-sport-utility/123?store={store_code}	GRAY	0 miles	Highlander	5TDEBRCH7TS43A362	2026	59756 USD	Toyota	59756 USD	MI	no	Highlander	No	Over 20k
5TDKDRBHXTS619940	2026 Toyota Highlander Platinum	Toyota	https://www.dahltoyotawinona.com/viewdetails/new/5tdkdrbhxts619940/2026-toyota-highlander-sport-utility/	58267 USD	2026 Ruby Flare Pearl [extra_cost_color] Toyota Highlander Platinum 2.4L 4-Cyl. Turbo For sale at Dahl Toyota Winona in Winona Minnesota.	https://prod.tvmimageservice.com/images/GetEvoxImage?styleid=479809&amp;Width=640&amp;Height=480&amp;Type=jpeg&amp;Angle=03&amp;quality=80&amp;BackGroundColor=white&amp;colorcode=03T3&amp;autocrop=True&amp;useoverrides=true	in stock	NEW	SUV	Vehicles & Parts > Vehicles > Motor Vehicles > Cars, Trucks & Vans	5TDKDRBHXTS619940	https://www.dahltoyotawinona.com/viewdetails/new/5tdkdrbhxts619940/2026-toyota-highlander-sport-utility/123?store={store_code}	RED	0 miles	Highlander	5TDKDRBHXTS619940	2026	58267 USD	Toyota	58267 USD	MI	no	Highlander	No	Over 20k
5TDYSKFC0TS295239	2026 Toyota Sienna XLE	Toyota	https://www.dahltoyotawinona.com/viewdetails/new/5tdyskfc0ts295239/2026-toyota-sienna-mini-van,-passenger/	50570 USD	2026 Wind Chill Pearl [extra_cost_color] Toyota Sienna XLE 2.5L Hybrid For sale at Dahl Toyota Winona in Winona Minnesota.	https://prod.tvmimageservice.com/images/GetEvoxImage?styleid=480393&amp;Width=640&amp;Height=480&amp;Type=jpeg&amp;Angle=03&amp;quality=80&amp;BackGroundColor=white&amp;colorcode=0089&amp;autocrop=True&amp;useoverrides=true	in stock	NEW	VAN	Vehicles & Parts > Vehicles > Motor Vehicles > Cars, Trucks & Vans	5TDYSKFC0TS295239	https://www.dahltoyotawinona.com/viewdetails/new/5tdyskfc0ts295239/2026-toyota-sienna-mini-van,-passenger/123?store={store_code}	WHITE	0 miles	Sienna	5TDYSKFC0TS295239	2026	50570 USD	Toyota	50570 USD	MI	no	Sienna	No	Over 20k
5TDYSKFC0TS42C964	2026 Toyota Sienna XLE	Toyota	https://www.dahltoyotawinona.com/viewdetails/new/5tdyskfc0ts42c964/2026-toyota-sienna-mini-van,-passenger/	51280 USD	2026 Cypress Toyota Sienna XLE 2.5L Hybrid For sale at Dahl Toyota Winona in Winona Minnesota.	https://prod.tvmimageservice.com/images/GetEvoxImage?styleid=480393&amp;Width=640&amp;Height=480&amp;Type=jpeg&amp;Angle=03&amp;quality=80&amp;BackGroundColor=white&amp;colorcode=6X5&amp;autocrop=True&amp;useoverrides=true	in stock	NEW	VAN	Vehicles & Parts > Vehicles > Motor Vehicles > Cars, Trucks & Vans	5TDYSKFC0TS42C964	https://www.dahltoyotawinona.com/viewdetails/new/5tdyskfc0ts42c964/2026-toyota-sienna-mini-van,-passenger/123?store={store_code}	GREEN	0 miles	Sienna	5TDYSKFC0TS42C964	2026	51280 USD	Toyota	51280 USD	MI	no	Sienna	No	Over 20k
5TFJC5DBXTX150214	2026 Toyota Tundra i-FORCE MAX Limited	Toyota	https://www.dahltoyotawinona.com/viewdetails/new/5tfjc5dbxtx150214/2026-toyota-tundra-i-force-max-crewmax/	67636 USD	2026 Lunar Rock Toyota Tundra i-FORCE MAX Limited i-FORCE MAX V6 Hybrid For sale at Dahl Toyota Winona in Winona Minnesota.	https://content.homenetiol.com/2000157/2065512/0x0/8c26f7f4777946dd828a54f18fe25029.jpg	in stock	NEW	TRUCK	Vehicles & Parts > Vehicles > Motor Vehicles > Cars, Trucks & Vans	5TFJC5DBXTX150214	https://www.dahltoyotawinona.com/viewdetails/new/5tfjc5dbxtx150214/2026-toyota-tundra-i-force-max-crewmax/123?store={store_code}	SILVER	0 miles	Tundra i-FORCE MAX	5TFJC5DBXTX150214	2026	67636 USD	Toyota	67636 USD	MI	no	Tundra i-FORCE MAX	No	Over 20k
5TFLA5DB1TX41A115	2026 Toyota Tundra SR5	Toyota	https://www.dahltoyotawinona.com/viewdetails/new/5tfla5db1tx41a115/2026-toyota-tundra-crewmax/	59327 USD	2026 Lunar Rock Toyota Tundra SR5 i-FORCE V6 For sale at Dahl Toyota Winona in Winona Minnesota.	https://prod.tvmimageservice.com/images/GetEvoxImage?styleid=476376&amp;Width=640&amp;Height=480&amp;Type=jpeg&amp;Angle=03&amp;quality=80&amp;BackGroundColor=white&amp;colorcode=6X3&amp;autocrop=True&amp;useoverrides=true	in stock	NEW	TRUCK	Vehicles & Parts > Vehicles > Motor Vehicles > Cars, Trucks & Vans	5TFLA5DB1TX41A115	https://www.dahltoyotawinona.com/viewdetails/new/5tfla5db1tx41a115/2026-toyota-tundra-crewmax/123?store={store_code}	SILVER	0 miles	Tundra	5TFLA5DB1TX41A115	2026	59327 USD	Toyota	59327 USD	MI	no	Tundra	No	Over 20k
5TFLA5DB4TX452306	2026 Toyota Tundra SR5	Toyota	https://www.dahltoyotawinona.com/viewdetails/new/5tfla5db4tx452306/2026-toyota-tundra-crewmax/	56225 USD	2026 Ice Cap Toyota Tundra SR5 i-FORCE V6 For sale at Dahl Toyota Winona in Winona Minnesota.	https://content.homenetiol.com/2000157/2065512/0x0/a756ce3df978497db52f404c24237a10.jpg	in stock	NEW	TRUCK	Vehicles & Parts > Vehicles > Motor Vehicles > Cars, Trucks & Vans	5TFLA5DB4TX452306	https://www.dahltoyotawinona.com/viewdetails/new/5tfla5db4tx452306/2026-toyota-tundra-crewmax/123?store={store_code}	WHITE	0 miles	Tundra	5TFLA5DB4TX452306	2026	56225 USD	Toyota	56225 USD	MI	no	Tundra	No	Over 20k
5TFLA5DB4TX456825	2026 Toyota Tundra SR5	Toyota	https://www.dahltoyotawinona.com/viewdetails/new/5tfla5db4tx456825/2026-toyota-tundra-crewmax/	58726 USD	2026 Lunar Rock Toyota Tundra SR5 i-FORCE V6 For sale at Dahl Toyota Winona in Winona Minnesota.	https://prod.tvmimageservice.com/images/GetEvoxImage?styleid=476376&amp;Width=640&amp;Height=480&amp;Type=jpeg&amp;Angle=03&amp;quality=80&amp;BackGroundColor=white&amp;colorcode=06X3&amp;autocrop=True&amp;useoverrides=true	in stock	NEW	TRUCK	Vehicles & Parts > Vehicles > Motor Vehicles > Cars, Trucks & Vans	5TFLA5DB4TX456825	https://www.dahltoyotawinona.com/viewdetails/new/5tfla5db4tx456825/2026-toyota-tundra-crewmax/123?store={store_code}	SILVER	0 miles	Tundra	5TFLA5DB4TX456825	2026	58726 USD	Toyota	58726 USD	MI	no	Tundra	No	Over 20k
5TFLA5DB6TX41A059	2026 Toyota Tundra SR5	Toyota	https://www.dahltoyotawinona.com/viewdetails/new/5tfla5db6tx41a059/2026-toyota-tundra-crewmax/	59553 USD	2026 Magnetic Gray Metallic Toyota Tundra SR5 i-FORCE V6 For sale at Dahl Toyota Winona in Winona Minnesota.	https://prod.tvmimageservice.com/images/GetEvoxImage?styleid=476376&amp;Width=640&amp;Height=480&amp;Type=jpeg&amp;Angle=03&amp;quality=80&amp;BackGroundColor=white&amp;colorcode=1G3&amp;autocrop=True&amp;useoverrides=true	in stock	NEW	TRUCK	Vehicles & Parts > Vehicles > Motor Vehicles > Cars, Trucks & Vans	5TFLA5DB6TX41A059	https://www.dahltoyotawinona.com/viewdetails/new/5tfla5db6tx41a059/2026-toyota-tundra-crewmax/123?store={store_code}	GRAY	0 miles	Tundra	5TFLA5DB6TX41A059	2026	59553 USD	Toyota	59553 USD	MI	no	Tundra	No	Over 20k
5TFLA5DB6TX447804	2026 Toyota Tundra SR5	Toyota	https://www.dahltoyotawinona.com/viewdetails/new/5tfla5db6tx447804/2026-toyota-tundra-crewmax/	55743 USD	2026 Supersonic Red [extra_cost_color] Toyota Tundra SR5 i-FORCE V6 For sale at Dahl Toyota Winona in Winona Minnesota.	https://content.homenetiol.com/2000157/2065512/0x0/f59318e94a05410a917ef16357ed5097.jpg	in stock	NEW	TRUCK	Vehicles & Parts > Vehicles > Motor Vehicles > Cars, Trucks & Vans	5TFLA5DB6TX447804	https://www.dahltoyotawinona.com/viewdetails/new/5tfla5db6tx447804/2026-toyota-tundra-crewmax/123?store={store_code}	RED	0 miles	Tundra	5TFLA5DB6TX447804	2026	55743 USD	Toyota	55743 USD	MI	no	Tundra	No	Over 20k
5TFMA5DB5TX417553	2026 Toyota Tundra 1794 Edition	Toyota	https://www.dahltoyotawinona.com/viewdetails/new/5tfma5db5tx417553/2026-toyota-tundra-crewmax/	73584 USD	2026 Magnetic Gray Metallic Toyota Tundra 1794 Edition i-FORCE V6 For sale at Dahl Toyota Winona in Winona Minnesota.	https://prod.tvmimageservice.com/images/GetEvoxImage?styleid=476383&amp;Width=640&amp;Height=480&amp;Type=jpeg&amp;Angle=03&amp;quality=80&amp;BackGroundColor=white&amp;colorcode=1G3&amp;autocrop=True&amp;useoverrides=true	in stock	NEW	TRUCK	Vehicles & Parts > Vehicles > Motor Vehicles > Cars, Trucks & Vans	5TFMA5DB5TX417553	https://www.dahltoyotawinona.com/viewdetails/new/5tfma5db5tx417553/2026-toyota-tundra-crewmax/123?store={store_code}	GRAY	0 miles	Tundra	5TFMA5DB5TX417553	2026	73584 USD	Toyota	73584 USD	MI	no	Tundra	No	Over 20k
5TFMC5DB7TX41A697	2026 Toyota Tundra i-FORCE MAX 1794 Edition	Toyota	https://www.dahltoyotawinona.com/viewdetails/new/5tfmc5db7tx41a697/2026-toyota-tundra-i-force-max-crewmax/	80668 USD	2026 Wind Chill Pearl [extra_cost_color] Toyota Tundra i-FORCE MAX 1794 Edition i-FORCE MAX V6 Hybrid For sale at Dahl Toyota Winona in Winona Minnesota.	https://prod.tvmimageservice.com/images/GetEvoxImage?styleid=476570&amp;Width=640&amp;Height=480&amp;Type=jpeg&amp;Angle=03&amp;quality=80&amp;BackGroundColor=white&amp;colorcode=0089&amp;autocrop=True&amp;useoverrides=true	in stock	NEW	TRUCK	Vehicles & Parts > Vehicles > Motor Vehicles > Cars, Trucks & Vans	5TFMC5DB7TX41A697	https://www.dahltoyotawinona.com/viewdetails/new/5tfmc5db7tx41a697/2026-toyota-tundra-i-force-max-crewmax/123?store={store_code}	WHITE	0 miles	Tundra i-FORCE MAX	5TFMC5DB7TX41A697	2026	80668 USD	Toyota	80668 USD	MI	no	Tundra i-FORCE MAX	No	Over 20k
5TFNA5DB7TX42D038	2026 Toyota Tundra Platinum	Toyota	https://www.dahltoyotawinona.com/viewdetails/new/5tfna5db7tx42d038/2026-toyota-tundra-crewmax/	72837 USD	2026 Lunar Rock Toyota Tundra Platinum i-FORCE V6 For sale at Dahl Toyota Winona in Winona Minnesota.	https://prod.tvmimageservice.com/images/GetEvoxImage?styleid=476380&amp;Width=640&amp;Height=480&amp;Type=jpeg&amp;Angle=03&amp;quality=80&amp;BackGroundColor=white&amp;colorcode=6X3&amp;autocrop=True&amp;useoverrides=true	in stock	NEW	TRUCK	Vehicles & Parts > Vehicles > Motor Vehicles > Cars, Trucks & Vans	5TFNA5DB7TX42D038	https://www.dahltoyotawinona.com/viewdetails/new/5tfna5db7tx42d038/2026-toyota-tundra-crewmax/123?store={store_code}	SILVER	0 miles	Tundra	5TFNA5DB7TX42D038	2026	72837 USD	Toyota	72837 USD	MI	no	Tundra	No	Over 20k
5TFWA5DB6TX42D035	2026 Toyota Tundra Limited	Toyota	https://www.dahltoyotawinona.com/viewdetails/new/5tfwa5db6tx42d035/2026-toyota-tundra-crewmax/	66683 USD	2026 Magnetic Gray Metallic Toyota Tundra Limited i-FORCE V6 For sale at Dahl Toyota Winona in Winona Minnesota.	https://prod.tvmimageservice.com/images/GetEvoxImage?styleid=476377&amp;Width=640&amp;Height=480&amp;Type=jpeg&amp;Angle=03&amp;quality=80&amp;BackGroundColor=white&amp;colorcode=01G3&amp;autocrop=True&amp;useoverrides=true	in stock	NEW	TRUCK	Vehicles & Parts > Vehicles > Motor Vehicles > Cars, Trucks & Vans	5TFWA5DB6TX42D035	https://www.dahltoyotawinona.com/viewdetails/new/5tfwa5db6tx42d035/2026-toyota-tundra-crewmax/123?store={store_code}	GRAY	0 miles	Tundra	5TFWA5DB6TX42D035	2026	66683 USD	Toyota	66683 USD	MI	no	Tundra	No	Over 20k
5TFWA5DB8TX43A780	2026 Toyota Tundra Limited	Toyota	https://www.dahltoyotawinona.com/viewdetails/new/5tfwa5db8tx43a780/2026-toyota-tundra-crewmax/	66084 USD	2026 Magnetic Gray Metallic Toyota Tundra Limited i-FORCE V6 For sale at Dahl Toyota Winona in Winona Minnesota.	https://prod.tvmimageservice.com/images/GetEvoxImage?styleid=476377&amp;Width=640&amp;Height=480&amp;Type=jpeg&amp;Angle=03&amp;quality=80&amp;BackGroundColor=white&amp;colorcode=01G3&amp;autocrop=True&amp;useoverrides=true	in stock	NEW	TRUCK	Vehicles & Parts > Vehicles > Motor Vehicles > Cars, Trucks & Vans	5TFWA5DB8TX43A780	https://www.dahltoyotawinona.com/viewdetails/new/5tfwa5db8tx43a780/2026-toyota-tundra-crewmax/123?store={store_code}	GRAY	0 miles	Tundra	5TFWA5DB8TX43A780	2026	66084 USD	Toyota	66084 USD	MI	no	Tundra	No	Over 20k
5YFB4MDE4VP45C268	2027 Toyota Corolla LE	Toyota	https://www.dahltoyotawinona.com/viewdetails/new/5yfb4mde4vp45c268/2027-toyota-corolla-4dr-car/	25404 USD	2027 Wind Chill Pearl Toyota Corolla LE 2.0L 4-Cyl. For sale at Dahl Toyota Winona in Winona Minnesota.	https://prod.tvmimageservice.com/images/GetEvoxImage?styleid=487008&amp;Width=640&amp;Height=480&amp;Type=jpeg&amp;Angle=03&amp;quality=80&amp;BackGroundColor=white&amp;colorcode=0089&amp;autocrop=True&amp;useoverrides=true	in stock	NEW	OTHER	Vehicles & Parts > Vehicles > Motor Vehicles > Cars, Trucks & Vans	5YFB4MDE4VP45C268	https://www.dahltoyotawinona.com/viewdetails/new/5yfb4mde4vp45c268/2027-toyota-corolla-4dr-car/123?store={store_code}	WHITE	0 miles	Corolla	5YFB4MDE4VP45C268	2027	25404 USD	Toyota	25404 USD	MI	no	Corolla	No	Over 20k
5YFB4MDE5VP42C888	2027 Toyota Corolla LE	Toyota	https://www.dahltoyotawinona.com/viewdetails/new/5yfb4mde5vp42c888/2027-toyota-corolla-4dr-car/	25108 USD	2027 Classic Silver Metallic Toyota Corolla LE 2.0L 4-Cyl. For sale at Dahl Toyota Winona in Winona Minnesota.	https://prod.tvmimageservice.com/images/GetEvoxImage?styleid=487008&amp;Width=640&amp;Height=480&amp;Type=jpeg&amp;Angle=03&amp;quality=80&amp;BackGroundColor=white&amp;colorcode=1F7&amp;autocrop=True&amp;useoverrides=true	in stock	NEW	OTHER	Vehicles & Parts > Vehicles > Motor Vehicles > Cars, Trucks & Vans	5YFB4MDE5VP42C888	https://www.dahltoyotawinona.com/viewdetails/new/5yfb4mde5vp42c888/2027-toyota-corolla-4dr-car/123?store={store_code}	SILVER	0 miles	Corolla	5YFB4MDE5VP42C888	2027	25108 USD	Toyota	25108 USD	MI	no	Corolla	No	Over 20k
5YFB4MDE9VP518728	2027 Toyota Corolla LE	Toyota	https://www.dahltoyotawinona.com/viewdetails/new/5yfb4mde9vp518728/2027-toyota-corolla-4dr-car/	25549 USD	2027 Ruby Flare Pearl [extra_cost_color] Toyota Corolla LE 2.0L 4-Cyl. For sale at Dahl Toyota Winona in Winona Minnesota.	https://prod.tvmimageservice.com/images/GetEvoxImage?styleid=487008&amp;Width=640&amp;Height=480&amp;Type=jpeg&amp;Angle=03&amp;quality=80&amp;BackGroundColor=white&amp;colorcode=03T3&amp;autocrop=True&amp;useoverrides=true	in stock	NEW	OTHER	Vehicles & Parts > Vehicles > Motor Vehicles > Cars, Trucks & Vans	5YFB4MDE9VP518728	https://www.dahltoyotawinona.com/viewdetails/new/5yfb4mde9vp518728/2027-toyota-corolla-4dr-car/123?store={store_code}	RED	0 miles	Corolla	5YFB4MDE9VP518728	2027	25549 USD	Toyota	25549 USD	MI	no	Corolla	No	Over 20k
5YFT4MCE2VP45C419	2027 Toyota Corolla XSE	Toyota	https://www.dahltoyotawinona.com/viewdetails/new/5yft4mce2vp45c419/2027-toyota-corolla-4dr-car/	31264 USD	2027 Ruby Flare Pearl Toyota Corolla XSE 2.0L 4-Cyl. For sale at Dahl Toyota Winona in Winona Minnesota.	https://prod.tvmimageservice.com/images/GetEvoxImage?styleid=487014&amp;Width=640&amp;Height=480&amp;Type=jpeg&amp;Angle=03&amp;quality=80&amp;BackGroundColor=white&amp;colorcode=03T3&amp;autocrop=True&amp;useoverrides=true	in stock	NEW	OTHER	Vehicles & Parts > Vehicles > Motor Vehicles > Cars, Trucks & Vans	5YFT4MCE2VP45C419	https://www.dahltoyotawinona.com/viewdetails/new/5yft4mce2vp45c419/2027-toyota-corolla-4dr-car/123?store={store_code}	RED	0 miles	Corolla	5YFT4MCE2VP45C419	2027	31264 USD	Toyota	31264 USD	MI	no	Corolla	No	Over 20k
7MUCAABG8TV210220	2026 Toyota Corolla Cross LE	Toyota	https://www.dahltoyotawinona.com/viewdetails/new/7mucaabg8tv210220/2026-toyota-corolla-cross-sport-utility/	32464 USD	2026 Wind Chill Pearl Toyota Corolla Cross LE 2.0L 4-Cyl. For sale at Dahl Toyota Winona in Winona Minnesota.	https://prod.tvmimageservice.com/images/GetEvoxImage?styleid=476806&amp;Width=640&amp;Height=480&amp;Type=jpeg&amp;Angle=03&amp;quality=80&amp;BackGroundColor=white&amp;colorcode=0089&amp;autocrop=True&amp;useoverrides=true	in stock	NEW	SUV	Vehicles & Parts > Vehicles > Motor Vehicles > Cars, Trucks & Vans	7MUCAABG8TV210220	https://www.dahltoyotawinona.com/viewdetails/new/7mucaabg8tv210220/2026-toyota-corolla-cross-sport-utility/123?store={store_code}	WHITE	0 miles	Corolla Cross	7MUCAABG8TV210220	2026	32464 USD	Toyota	32464 USD	MI	no	Corolla Cross	No	Over 20k
7MUFBABG2TV119373	2026 Toyota Corolla Cross Hybrid XSE	Toyota	https://www.dahltoyotawinona.com/viewdetails/new/7mufbabg2tv119373/2026-toyota-corolla-cross-hybrid-sport-utility/	38533 USD	2026 Sonic Silver with Jet Black roof [extra_cost_color] Toyota Corolla Cross XSE 2.0L 4-Cyl. Hybrid For sale at Dahl Toyota Winona in Winona Minnesota.	https://prod.tvmimageservice.com/images/GetEvoxImage?styleid=477129&amp;Width=640&amp;Height=480&amp;Type=jpeg&amp;Angle=03&amp;quality=80&amp;BackGroundColor=white&amp;colorcode=0D17&amp;autocrop=True&amp;useoverrides=true	in stock	NEW	SUV	Vehicles & Parts > Vehicles > Motor Vehicles > Cars, Trucks & Vans	7MUFBABG2TV119373	https://www.dahltoyotawinona.com/viewdetails/new/7mufbabg2tv119373/2026-toyota-corolla-cross-hybrid-sport-utility/123?store={store_code}	BLACK	0 miles	Corolla Cross	7MUFBABG2TV119373	2026	38533 USD	Toyota	38533 USD	MI	no	Corolla Cross	No	Over 20k
7SVAAABA1TX42D883	2026 Toyota Sequoia Platinum	Toyota	https://www.dahltoyotawinona.com/viewdetails/new/7svaaaba1tx42d883/2026-toyota-sequoia-sport-utility/	88351 USD	2026 Wind Chill Pearl Toyota Sequoia Platinum i-FORCE MAX Hybrid For sale at Dahl Toyota Winona in Winona Minnesota.	https://prod.tvmimageservice.com/images/GetEvoxImage?styleid=475792&amp;Width=640&amp;Height=480&amp;Type=jpeg&amp;Angle=03&amp;quality=80&amp;BackGroundColor=white&amp;colorcode=0089&amp;autocrop=True&amp;useoverrides=true	in stock	NEW	SUV	Vehicles & Parts > Vehicles > Motor Vehicles > Cars, Trucks & Vans	7SVAAABA1TX42D883	https://www.dahltoyotawinona.com/viewdetails/new/7svaaaba1tx42d883/2026-toyota-sequoia-sport-utility/123?store={store_code}	WHITE	0 miles	Sequoia	7SVAAABA1TX42D883	2026	88351 USD	Toyota	88351 USD	MI	no	Sequoia	No	Over 20k
JTDACAAJ0T3059450	2026 Toyota Crown Signia Limited	Toyota	https://www.dahltoyotawinona.com/viewdetails/new/jtdacaaj0t3059450/2026-toyota-crown-signia-sport-utility/	54019 USD	2026 Bronze Age with Black roof [extra_cost_color] Toyota Crown Signia Limited 2.5L 4-Cyl. Hybrid For sale at Dahl Toyota Winona in Winona Minnesota.	https://prod.tvmimageservice.com/images/GetEvoxImage?styleid=481499&amp;Width=640&amp;Height=480&amp;Type=jpeg&amp;Angle=03&amp;quality=80&amp;BackGroundColor=white&amp;colorcode=02XZ&amp;autocrop=True&amp;useoverrides=true	in stock	NEW	SUV	Vehicles & Parts > Vehicles > Motor Vehicles > Cars, Trucks & Vans	JTDACAAJ0T3059450	https://www.dahltoyotawinona.com/viewdetails/new/jtdacaaj0t3059450/2026-toyota-crown-signia-sport-utility/123?store={store_code}	BLACK	0 miles	Crown Signia	JTDACAAJ0T3059450	2026	54019 USD	Toyota	54019 USD	MI	no	Crown Signia	No	Over 20k
JTDACAAJ1T3054791	2026 Toyota Crown Signia Limited	Toyota	https://www.dahltoyotawinona.com/viewdetails/new/jtdacaaj1t3054791/2026-toyota-crown-signia-sport-utility/	53764 USD	2026 Storm Cloud with Black roof [extra_cost_color] Toyota Crown Signia Limited 2.5L 4-Cyl. Hybrid For sale at Dahl Toyota Winona in Winona Minnesota.	https://prod.tvmimageservice.com/images/GetEvoxImage?styleid=481499&amp;Width=640&amp;Height=480&amp;Type=jpeg&amp;Angle=03&amp;quality=80&amp;BackGroundColor=white&amp;colorcode=02XY&amp;autocrop=True&amp;useoverrides=true	in stock	NEW	SUV	Vehicles & Parts > Vehicles > Motor Vehicles > Cars, Trucks & Vans	JTDACAAJ1T3054791	https://www.dahltoyotawinona.com/viewdetails/new/jtdacaaj1t3054791/2026-toyota-crown-signia-sport-utility/123?store={store_code}	BLACK	0 miles	Crown Signia	JTDACAAJ1T3054791	2026	53764 USD	Toyota	53764 USD	MI	no	Crown Signia	No	Over 20k
JTDACAAJ3T3055604	2026 Toyota Crown Signia Limited	Toyota	https://www.dahltoyotawinona.com/viewdetails/new/jtdacaaj3t3055604/2026-toyota-crown-signia-sport-utility/	53878 USD	2026 Storm Cloud Toyota Crown Signia Limited 2.5L 4-Cyl. Hybrid For sale at Dahl Toyota Winona in Winona Minnesota.	https://prod.tvmimageservice.com/images/GetEvoxImage?styleid=481499&amp;Width=640&amp;Height=480&amp;Type=jpeg&amp;Angle=03&amp;quality=80&amp;BackGroundColor=white&amp;colorcode=01L6&amp;autocrop=True&amp;useoverrides=true	in stock	NEW	SUV	Vehicles & Parts > Vehicles > Motor Vehicles > Cars, Trucks & Vans	JTDACAAJ3T3055604	https://www.dahltoyotawinona.com/viewdetails/new/jtdacaaj3t3055604/2026-toyota-crown-signia-sport-utility/123?store={store_code}	GRAY	0 miles	Crown Signia	JTDACAAJ3T3055604	2026	53878 USD	Toyota	53878 USD	MI	no	Crown Signia	No	Over 20k
JTDACAAJ6T3060148	2026 Toyota Crown Signia XLE	Toyota	https://www.dahltoyotawinona.com/viewdetails/new/jtdacaaj6t3060148/2026-toyota-crown-signia-sport-utility/	48722 USD	2026 Storm Cloud Toyota Crown Signia XLE 2.5L 4-Cyl. Hybrid For sale at Dahl Toyota Winona in Winona Minnesota.	https://prod.tvmimageservice.com/images/GetEvoxImage?styleid=481496&amp;Width=640&amp;Height=480&amp;Type=jpeg&amp;Angle=03&amp;quality=80&amp;BackGroundColor=white&amp;colorcode=1L6&amp;autocrop=True&amp;useoverrides=true	in stock	NEW	SUV	Vehicles & Parts > Vehicles > Motor Vehicles > Cars, Trucks & Vans	JTDACAAJ6T3060148	https://www.dahltoyotawinona.com/viewdetails/new/jtdacaaj6t3060148/2026-toyota-crown-signia-sport-utility/123?store={store_code}	GRAY	0 miles	Crown Signia	JTDACAAJ6T3060148	2026	48722 USD	Toyota	48722 USD	MI	no	Crown Signia	No	Over 20k
JTDACAAJ8T141DL92	2026 Toyota Crown Signia Limited	Toyota	https://www.dahltoyotawinona.com/viewdetails/new/jtdacaaj8t141dl92/2026-toyota-crown-signia-sport-utility/	54368 USD	2026 Bronze Age with Black roof [extra_cost_color] Toyota Crown Signia Limited 2.5L 4-Cyl. Hybrid For sale at Dahl Toyota Winona in Winona Minnesota.	https://prod.tvmimageservice.com/images/GetEvoxImage?styleid=481499&amp;Width=640&amp;Height=480&amp;Type=jpeg&amp;Angle=03&amp;quality=80&amp;BackGroundColor=white&amp;colorcode=02XZ&amp;autocrop=True&amp;useoverrides=true	in stock	NEW	SUV	Vehicles & Parts > Vehicles > Motor Vehicles > Cars, Trucks & Vans	JTDACAAJ8T141DL92	https://www.dahltoyotawinona.com/viewdetails/new/jtdacaaj8t141dl92/2026-toyota-crown-signia-sport-utility/123?store={store_code}	BLACK	0 miles	Crown Signia	JTDACAAJ8T141DL92	2026	54368 USD	Toyota	54368 USD	MI	no	Crown Signia	No	Over 20k
JTDADABU1V3039104	2027 Toyota Prius XLE	Toyota	https://www.dahltoyotawinona.com/viewdetails/new/jtdadabu1v3039104/2027-toyota-prius-4dr-car/	37045 USD	2027 Wind Chill Pearl [extra_cost_color] Toyota Prius XLE 2.0L 4-Cyl. Hybrid For sale at Dahl Toyota Winona in Winona Minnesota.	https://prod.tvmimageservice.com/images/GetEvoxImage?styleid=485437&amp;Width=640&amp;Height=480&amp;Type=jpeg&amp;Angle=03&amp;quality=80&amp;BackGroundColor=white&amp;colorcode=0089&amp;autocrop=True&amp;useoverrides=true	in stock	NEW	OTHER	Vehicles & Parts > Vehicles > Motor Vehicles > Cars, Trucks & Vans	JTDADABU1V3039104	https://www.dahltoyotawinona.com/viewdetails/new/jtdadabu1v3039104/2027-toyota-prius-4dr-car/123?store={store_code}	WHITE	0 miles	Prius	JTDADABU1V3039104	2027	37045 USD	Toyota	37045 USD	MI	no	Prius	No	Over 20k
JTDADABU3V3039718	2027 Toyota Prius Limited	Toyota	https://www.dahltoyotawinona.com/viewdetails/new/jtdadabu3v3039718/2027-toyota-prius-4dr-car/	40963 USD	2027 Wind Chill Pearl Toyota Prius Limited 2.0L 4-Cyl. Hybrid For sale at Dahl Toyota Winona in Winona Minnesota.	https://prod.tvmimageservice.com/images/GetEvoxImage?styleid=485440&amp;Width=640&amp;Height=480&amp;Type=jpeg&amp;Angle=03&amp;quality=80&amp;BackGroundColor=white&amp;colorcode=0089&amp;autocrop=True&amp;useoverrides=true	in stock	NEW	OTHER	Vehicles & Parts > Vehicles > Motor Vehicles > Cars, Trucks & Vans	JTDADABU3V3039718	https://www.dahltoyotawinona.com/viewdetails/new/jtdadabu3v3039718/2027-toyota-prius-4dr-car/123?store={store_code}	WHITE	0 miles	Prius	JTDADABU3V3039718	2027	40963 USD	Toyota	40963 USD	MI	no	Prius	No	Over 20k
JTDBCMFE7V3174387	2027 Toyota Corolla Hybrid XLE	Toyota	https://www.dahltoyotawinona.com/viewdetails/new/jtdbcmfe7v3174387/2027-toyota-corolla-hybrid-4dr-car/	33517 USD	2027 Ruby Flare Pearl [extra_cost_color] Toyota Corolla XLE 1.8L 4-Cyl. Hybrid For sale at Dahl Toyota Winona in Winona Minnesota.	https://prod.tvmimageservice.com/images/GetEvoxImage?styleid=487023&amp;Width=640&amp;Height=480&amp;Type=jpeg&amp;Angle=03&amp;quality=80&amp;BackGroundColor=white&amp;colorcode=03T3&amp;autocrop=True&amp;useoverrides=true	in stock	NEW	OTHER	Vehicles & Parts > Vehicles > Motor Vehicles > Cars, Trucks & Vans	JTDBCMFE7V3174387	https://www.dahltoyotawinona.com/viewdetails/new/jtdbcmfe7v3174387/2027-toyota-corolla-hybrid-4dr-car/123?store={store_code}	RED	0 miles	Corolla	JTDBCMFE7V3174387	2027	33517 USD	Toyota	33517 USD	MI	no	Corolla	No	Over 20k
JTDBCMFE9V3169028	2027 Toyota Corolla Hybrid SE	Toyota	https://www.dahltoyotawinona.com/viewdetails/new/jtdbcmfe9v3169028/2027-toyota-corolla-hybrid-4dr-car/	29394 USD	2027 Classic Silver Metallic Toyota Corolla SE 1.8L 4-Cyl. Hybrid For sale at Dahl Toyota Winona in Winona Minnesota.	https://content.homenetiol.com/2000157/2065512/0x0/4061dd5861224cf8ba24253034d262d1.jpg	in stock	NEW	OTHER	Vehicles & Parts > Vehicles > Motor Vehicles > Cars, Trucks & Vans	JTDBCMFE9V3169028	https://www.dahltoyotawinona.com/viewdetails/new/jtdbcmfe9v3169028/2027-toyota-corolla-hybrid-4dr-car/123?store={store_code}	SILVER	0 miles	Corolla	JTDBCMFE9V3169028	2027	29394 USD	Toyota	29394 USD	MI	no	Corolla	No	Over 20k
JTEABFAJ3VK087182	2027 Toyota Land Cruiser	Toyota	https://www.dahltoyotawinona.com/viewdetails/new/jteabfaj3vk087182/2027-toyota-land-cruiser-sport-utility/	74060 USD	2027 Ice Cap Toyota Land Cruiser 2.4L 4-Cyl. i-FORCE MAX Hybrid For sale at Dahl Toyota Winona in Winona Minnesota.	https://prod.tvmimageservice.com/images/GetEvoxImage?styleid=483978&amp;Width=640&amp;Height=480&amp;Type=jpeg&amp;Angle=03&amp;quality=80&amp;BackGroundColor=white&amp;colorcode=040&amp;autocrop=True&amp;useoverrides=true	in stock	NEW	SUV	Vehicles & Parts > Vehicles > Motor Vehicles > Cars, Trucks & Vans	JTEABFAJ3VK087182	https://www.dahltoyotawinona.com/viewdetails/new/jteabfaj3vk087182/2027-toyota-land-cruiser-sport-utility/123?store={store_code}	WHITE	0 miles	Land Cruiser	JTEABFAJ3VK087182	2027	74060 USD	Toyota	74060 USD	MI	no	Land Cruiser	No	Over 20k
JTEVA5BR2T5162680	2026 Toyota 4Runner TRD Sport Premium	Toyota	https://www.dahltoyotawinona.com/viewdetails/new/jteva5br2t5162680/2026-toyota-4runner-sport-utility/	61302 USD	2026 Wind Chill Pearl [extra_cost_color] Toyota 4Runner TRD Sport Premium i-FORCE 2.4L 4-Cyl. Turbo For sale at Dahl Toyota Winona in Winona Minnesota.	https://prod.tvmimageservice.com/images/GetEvoxImage?styleid=481381&amp;Width=640&amp;Height=480&amp;Type=jpeg&amp;Angle=03&amp;quality=80&amp;BackGroundColor=white&amp;colorcode=0089&amp;autocrop=True&amp;useoverrides=true	in stock	NEW	SUV	Vehicles & Parts > Vehicles > Motor Vehicles > Cars, Trucks & Vans	JTEVA5BR2T5162680	https://www.dahltoyotawinona.com/viewdetails/new/jteva5br2t5162680/2026-toyota-4runner-sport-utility/123?store={store_code}	WHITE	0 miles	4Runner	JTEVA5BR2T5162680	2026	61302 USD	Toyota	61302 USD	MI	no	4Runner	No	Over 20k
JTEVB5BR1T5058341	2026 Toyota 4Runner i-FORCE MAX Platinum	Toyota	https://www.dahltoyotawinona.com/viewdetails/new/jtevb5br1t5058341/2026-toyota-4runner-i-force-max-sport-utility/	68604 USD	2026 Wind Chill Pearl [extra_cost_color] Toyota 4Runner i-FORCE MAX Platinum i-FORCE MAX 2.4L 4-Cyl. Turbo Hybrid Powertrain For sale at Dahl Toyota Winona in Winona Minnesota.	https://prod.tvmimageservice.com/images/GetEvoxImage?styleid=481408&amp;Width=640&amp;Height=480&amp;Type=jpeg&amp;Angle=03&amp;quality=80&amp;BackGroundColor=white&amp;colorcode=0089&amp;autocrop=True&amp;useoverrides=true	in stock	NEW	SUV	Vehicles & Parts > Vehicles > Motor Vehicles > Cars, Trucks & Vans	JTEVB5BR1T5058341	https://www.dahltoyotawinona.com/viewdetails/new/jtevb5br1t5058341/2026-toyota-4runner-i-force-max-sport-utility/123?store={store_code}	WHITE	0 miles	4Runner i-FORCE MAX	JTEVB5BR1T5058341	2026	68604 USD	Toyota	68604 USD	MI	no	4Runner i-FORCE MAX	No	Over 20k
JTEVB5BR4T5059970	2026 Toyota 4Runner i-FORCE MAX Trailhunter	Toyota	https://www.dahltoyotawinona.com/viewdetails/new/jtevb5br4t5059970/2026-toyota-4runner-i-force-max-sport-utility/	71495 USD	2026 Ice Cap Toyota 4Runner i-FORCE MAX Trailhunter i-FORCE MAX 2.4L 4-Cyl. Turbo Hybrid Powertrain For sale at Dahl Toyota Winona in Winona Minnesota.	https://prod.tvmimageservice.com/images/GetEvoxImage?styleid=481402&amp;Width=640&amp;Height=480&amp;Type=jpeg&amp;Angle=03&amp;quality=80&amp;BackGroundColor=white&amp;colorcode=0040&amp;autocrop=True&amp;useoverrides=true	in stock	NEW	SUV	Vehicles & Parts > Vehicles > Motor Vehicles > Cars, Trucks & Vans	JTEVB5BR4T5059970	https://www.dahltoyotawinona.com/viewdetails/new/jtevb5br4t5059970/2026-toyota-4runner-i-force-max-sport-utility/123?store={store_code}	WHITE	0 miles	4Runner i-FORCE MAX	JTEVB5BR4T5059970	2026	71495 USD	Toyota	71495 USD	MI	no	4Runner i-FORCE MAX	No	Over 20k
JTM6CRAV0T141DM12	2026 Toyota RAV4 XSE	Toyota	https://www.dahltoyotawinona.com/viewdetails/new/jtm6crav0t141dm12/2026-toyota-rav4-sport-utility/	45968 USD	2026 Midnight Black Metallic Toyota RAV4 XSE 2.5L 4-Cyl. Hybrid For sale at Dahl Toyota Winona in Winona Minnesota.	https://prod.tvmimageservice.com/images/GetEvoxImage?styleid=481716&amp;Width=640&amp;Height=480&amp;Type=jpeg&amp;Angle=03&amp;quality=80&amp;BackGroundColor=white&amp;colorcode=0218&amp;autocrop=True&amp;useoverrides=true	in stock	NEW	SUV	Vehicles & Parts > Vehicles > Motor Vehicles > Cars, Trucks & Vans	JTM6CRAV0T141DM12	https://www.dahltoyotawinona.com/viewdetails/new/jtm6crav0t141dm12/2026-toyota-rav4-sport-utility/123?store={store_code}	BLACK	0 miles	RAV4	JTM6CRAV0T141DM12	2026	45968 USD	Toyota	45968 USD	MI	no	RAV4	No	Over 20k
JTM6CRAV9TD351731	2026 Toyota RAV4 Limited	Toyota	https://www.dahltoyotawinona.com/viewdetails/new/jtm6crav9td351731/2026-toyota-rav4-sport-utility/	48981 USD	2026 Ruby Flare Pearl Toyota RAV4 Limited 2.5L 4-Cyl. Hybrid For sale at Dahl Toyota Winona in Winona Minnesota.	https://prod.tvmimageservice.com/images/GetEvoxImage?styleid=481719&amp;Width=640&amp;Height=480&amp;Type=jpeg&amp;Angle=03&amp;quality=80&amp;BackGroundColor=white&amp;colorcode=03T3&amp;autocrop=True&amp;useoverrides=true	in stock	NEW	SUV	Vehicles & Parts > Vehicles > Motor Vehicles > Cars, Trucks & Vans	JTM6CRAV9TD351731	https://www.dahltoyotawinona.com/viewdetails/new/jtm6crav9td351731/2026-toyota-rav4-sport-utility/123?store={store_code}	RED	0 miles	RAV4	JTM6CRAV9TD351731	2026	48981 USD	Toyota	48981 USD	MI	no	RAV4	No	Over 20k
JTM7ERAV1TJ045087	2026 Toyota RAV4 Plug-in Hybrid SE	Toyota	https://www.dahltoyotawinona.com/viewdetails/new/jtm7erav1tj045087/2026-toyota-rav4-plug-in-hybrid-sport-utility/	45653 USD	2026 Storm Cloud Toyota RAV4 Plug-in SE 2.5L 4-Cyl. Plug-in Hybrid For sale at Dahl Toyota Winona in Winona Minnesota.	https://prod.tvmimageservice.com/images/GetEvoxImage?styleid=481674&amp;Width=640&amp;Height=480&amp;Type=jpeg&amp;Angle=03&amp;quality=80&amp;BackGroundColor=white&amp;colorcode=1L6&amp;autocrop=True&amp;useoverrides=true	in stock	NEW	SUV	Vehicles & Parts > Vehicles > Motor Vehicles > Cars, Trucks & Vans	JTM7ERAV1TJ045087	https://www.dahltoyotawinona.com/viewdetails/new/jtm7erav1tj045087/2026-toyota-rav4-plug-in-hybrid-sport-utility/123?store={store_code}	GRAY	0 miles	RAV4 Plug-in	JTM7ERAV1TJ045087	2026	45653 USD	Toyota	45653 USD	MI	no	RAV4 Plug-in	No	Over 20k
JTMBDAFB0VA015319	2027 Toyota bZ XLE	Toyota	https://www.dahltoyotawinona.com/viewdetails/new/jtmbdafb0va015319/2027-toyota-bz-sport-utility/	43484 USD	2027 Wind Chill Pearl [extra_cost_color] Toyota bZ XLE Dual Electric Motors For sale at Dahl Toyota Winona in Winona Minnesota.	https://content.homenetiol.com/2000157/2065512/0x0/577aeb2e85d740a291dd6b3a5b8e94a0.jpg	in stock	NEW	SUV	Vehicles & Parts > Vehicles > Motor Vehicles > Cars, Trucks & Vans	JTMBDAFB0VA015319	https://www.dahltoyotawinona.com/viewdetails/new/jtmbdafb0va015319/2027-toyota-bz-sport-utility/123?store={store_code}	WHITE	0 miles	bZ	JTMBDAFB0VA015319	2027	43484 USD	Toyota	43484 USD	MI	no	bZ	No	Over 20k
1C4JJXP65MW767298	2021 Jeep Wrangler 4xe Unlimited Sahara	Jeep	https://www.dahltoyotawinona.com/viewdetails/used/1c4jjxp65mw767298/2021-jeep-wrangler-4xe-convertible/	23750 USD	2021 Black Clearcoat Jeep Wrangler 4xe Unlimited Sahara Intercooled Turbo Gas/Electric I-4 2.0 L/122 For sale at Dahl Toyota Winona in Winona Minnesota.	https://content.homenetiol.com/2000157/2065512/0x0/a1bd44af73074d148490c0dcb7f19c04.jpg	in stock	USED	SUV	Vehicles & Parts > Vehicles > Motor Vehicles > Cars, Trucks & Vans	1C4JJXP65MW767298	https://www.dahltoyotawinona.com/viewdetails/used/1c4jjxp65mw767298/2021-jeep-wrangler-4xe-convertible/123?store={store_code}	BLACK	62138 miles	Wrangler 4xe	1C4JJXP65MW767298	2021	23750 USD	Toyota	23750 USD	MI	no	Wrangler 4xe	No	Over 20k
1C4RJHAG0PC548782	2023 Jeep Grand Cherokee Laredo	Jeep	https://www.dahltoyotawinona.com/viewdetails/used/1c4rjhag0pc548782/2023-jeep-grand-cherokee-sport-utility/	28000 USD	2023 Velvet Red Pearlcoat Jeep Grand Cherokee Laredo Regular Gasoline V-6 3.6 L/220 For sale at Dahl Toyota Winona in Winona Minnesota.	https://content.homenetiol.com/2000157/2065512/0x0/17a67e814d8f48b1860b7f491802df88.jpg	in stock	USED	SUV	Vehicles & Parts > Vehicles > Motor Vehicles > Cars, Trucks & Vans	1C4RJHAG0PC548782	https://www.dahltoyotawinona.com/viewdetails/used/1c4rjhag0pc548782/2023-jeep-grand-cherokee-sport-utility/123?store={store_code}	RED	30590 miles	Grand Cherokee	1C4RJHAG0PC548782	2023	28000 USD	Toyota	28000 USD	MI	no	Grand Cherokee	No	Over 20k
1C4RJHAG7RC186534	2024 Jeep Grand Cherokee Altitude X	Jeep	https://www.dahltoyotawinona.com/viewdetails/used/1c4rjhag7rc186534/2024-jeep-grand-cherokee-sport-utility/	29340 USD	2024 Bright White Clearcoat Jeep Grand Cherokee Altitude X Regular Gasoline V-6 3.6 L/220 For sale at Dahl Toyota Winona in Winona Minnesota.	https://content.homenetiol.com/2000157/2065512/0x0/0b118f6ebf404067b20214b023a7c97f.jpg	in stock	USED	SUV	Vehicles & Parts > Vehicles > Motor Vehicles > Cars, Trucks & Vans	1C4RJHAG7RC186534	https://www.dahltoyotawinona.com/viewdetails/used/1c4rjhag7rc186534/2024-jeep-grand-cherokee-sport-utility/123?store={store_code}	WHITE	35852 miles	Grand Cherokee	1C4RJHAG7RC186534	2024	29340 USD	Toyota	29340 USD	MI	no	Grand Cherokee	No	Over 20k
1FMCU9H67LUC29878	2020 Ford Escape SEL	Ford	https://www.dahltoyotawinona.com/viewdetails/used/1fmcu9h67luc29878/2020-ford-escape-sport-utility/	19340 USD	2020 Blue Metallic Ford Escape SEL Intercooled Turbo Premium Unleaded I-3 1.5 L/91 For sale at Dahl Toyota Winona in Winona Minnesota.	https://content.homenetiol.com/2000157/2065512/0x0/276308dfc54448698f6752bc41aed605.jpg	in stock	USED	SUV	Vehicles & Parts > Vehicles > Motor Vehicles > Cars, Trucks & Vans	1FMCU9H67LUC29878	https://www.dahltoyotawinona.com/viewdetails/used/1fmcu9h67luc29878/2020-ford-escape-sport-utility/123?store={store_code}	BLUE	41476 miles	Escape	1FMCU9H67LUC29878	2020	19340 USD	Toyota	19340 USD	MI	no	Escape	No	Under 20k
1FMJK2ATXMEA42389	2021 Ford Expedition Max Limited	Ford	https://www.dahltoyotawinona.com/viewdetails/used/1fmjk2atxmea42389/2021-ford-expedition-max-sport-utility/	28000 USD	2021 Rapid Red Metallic Tinted Clearcoat Ford Expedition Max Limited Twin Turbo Premium Unleaded V-6 3.5 L/213 For sale at Dahl Toyota Winona in Winona Minnesota.	https://content.homenetiol.com/2000157/2065512/0x0/9892b467ca87430684b1e884e49eeb0c.jpg	in stock	USED	SUV	Vehicles & Parts > Vehicles > Motor Vehicles > Cars, Trucks & Vans	1FMJK2ATXMEA42389	https://www.dahltoyotawinona.com/viewdetails/used/1fmjk2atxmea42389/2021-ford-expedition-max-sport-utility/123?store={store_code}	RED	102560 miles	Expedition Max	1FMJK2ATXMEA42389	2021	28000 USD	Toyota	28000 USD	MI	no	Expedition Max	No	Over 20k
1FT8X3B65CEB96574	2012 Ford Super Duty F-350 SRW Lariat	Ford	https://www.dahltoyotawinona.com/viewdetails/used/1ft8x3b65ceb96574/2012-ford-super-duty-f-350-srw-extended-cab-pickup/	19990 USD	2012 Dark Blue Pearl Metallic Ford Super Duty F-350 SRW Lariat Gas/Ethanol V8 6.2L/379 For sale at Dahl Toyota Winona in Winona Minnesota.	https://content.homenetiol.com/2000157/2065512/0x0/d81330282b4e461eb4d0b134e7f81705.jpg	in stock	USED	TRUCK	Vehicles & Parts > Vehicles > Motor Vehicles > Cars, Trucks & Vans	1FT8X3B65CEB96574	https://www.dahltoyotawinona.com/viewdetails/used/1ft8x3b65ceb96574/2012-ford-super-duty-f-350-srw-extended-cab-pickup/123?store={store_code}	BLUE	97669 miles	Super Duty F-350 SRW	1FT8X3B65CEB96574	2012	19990 USD	Toyota	19990 USD	MI	no	Super Duty F-350 SRW	No	Under 20k
1GTV2MEC2HZ234665	2017 GMC Sierra 1500 SLE	GMC	https://www.dahltoyotawinona.com/viewdetails/used/1gtv2mec2hz234665/2017-gmc-sierra-1500-extended-cab-pickup/	17250 USD	2017 White GMC Sierra 1500 SLE Gas V8 5.3L/325 For sale at Dahl Toyota Winona in Winona Minnesota.	https://content.homenetiol.com/2000157/2065512/0x0/d52e89e1e6534458971828e8c970b565.jpg	in stock	USED	TRUCK	Vehicles & Parts > Vehicles > Motor Vehicles > Cars, Trucks & Vans	1GTV2MEC2HZ234665	https://www.dahltoyotawinona.com/viewdetails/used/1gtv2mec2hz234665/2017-gmc-sierra-1500-extended-cab-pickup/123?store={store_code}	WHITE	70144 miles	Sierra 1500	1GTV2MEC2HZ234665	2017	17250 USD	Toyota	17250 USD	MI	no	Sierra 1500	No	Under 20k
1HGCR2F73EA079945	2014 Honda Accord Sedan EX	Honda	https://www.dahltoyotawinona.com/viewdetails/used/1hgcr2f73ea079945/2014-honda-accord-sedan-4dr-car/	12500 USD	2014 Alabaster Silver Metallic Honda Accord EX Regular Unleaded I-4 2.4 L/144 For sale at Dahl Toyota Winona in Winona Minnesota.	https://content.homenetiol.com/2000157/2065512/0x0/737baf6df4d5482a80b1cd341bf282b5.jpg	in stock	USED	OTHER	Vehicles & Parts > Vehicles > Motor Vehicles > Cars, Trucks & Vans	1HGCR2F73EA079945	https://www.dahltoyotawinona.com/viewdetails/used/1hgcr2f73ea079945/2014-honda-accord-sedan-4dr-car/123?store={store_code}	SILVER	107421 miles	Accord	1HGCR2F73EA079945	2014	12500 USD	Toyota	12500 USD	MI	no	Accord	No	Under 20k
1N4BL4CV4SN428499	2025 Nissan Altima SR	Nissan	https://www.dahltoyotawinona.com/viewdetails/used/1n4bl4cv4sn428499/2025-nissan-altima-4dr-car/	23350 USD	2025 Gun Metallic Nissan Altima SR Regular Gasoline I-4 2.5 L/152 For sale at Dahl Toyota Winona in Winona Minnesota.	https://content.homenetiol.com/2000157/2065512/0x0/3c4898d818064814a1aa9ad81e3db4b6.jpg	in stock	USED	OTHER	Vehicles & Parts > Vehicles > Motor Vehicles > Cars, Trucks & Vans	1N4BL4CV4SN428499	https://www.dahltoyotawinona.com/viewdetails/used/1n4bl4cv4sn428499/2025-nissan-altima-4dr-car/123?store={store_code}	GRAY	19495 miles	Altima	1N4BL4CV4SN428499	2025	23350 USD	Toyota	23350 USD	MI	no	Altima	No	Over 20k
1N4BL4DV6RN432627	2024 Nissan Altima 2.5 SV	Nissan	https://www.dahltoyotawinona.com/viewdetails/used/1n4bl4dv6rn432627/2024-nissan-altima-4dr-car/	17560 USD	2024 Pearl White Tricoat Nissan Altima 2.5 SV Regular Unleaded I-4 2.5 L/152 For sale at Dahl Toyota Winona in Winona Minnesota.	https://content.homenetiol.com/2000157/2065512/0x0/57b1e438d21e4e36a8b9565bc0b3a04b.jpg	in stock	USED	OTHER	Vehicles & Parts > Vehicles > Motor Vehicles > Cars, Trucks & Vans	1N4BL4DV6RN432627	https://www.dahltoyotawinona.com/viewdetails/used/1n4bl4dv6rn432627/2024-nissan-altima-4dr-car/123?store={store_code}	WHITE	56160 miles	Altima	1N4BL4DV6RN432627	2024	17560 USD	Toyota	17560 USD	MI	no	Altima	No	Under 20k
1V2HC2CA7TC209425	2026 Volkswagen Atlas Cross Sport 2.0T SE w/Technology	Volkswagen	https://www.dahltoyotawinona.com/viewdetails/used/1v2hc2ca7tc209425/2026-volkswagen-atlas-cross-sport-sport-utility/	32800 USD	2026 Silver Mist Metallic Volkswagen Atlas Cross Sport 2.0T SE w/Technology Intercooled Turbo Regular Gasoline I-4 2.0 L/121 For sale at Dahl Toyota Winona in Winona Minnesota.	https://content.homenetiol.com/2000157/2065512/0x0/d2b199d911124e33bb582529054bb405.jpg	in stock	USED	SUV	Vehicles & Parts > Vehicles > Motor Vehicles > Cars, Trucks & Vans	1V2HC2CA7TC209425	https://www.dahltoyotawinona.com/viewdetails/used/1v2hc2ca7tc209425/2026-volkswagen-atlas-cross-sport-sport-utility/123?store={store_code}	SILVER	21788 miles	Atlas Cross Sport	1V2HC2CA7TC209425	2026	32800 USD	Toyota	32800 USD	MI	no	Atlas Cross Sport	No	Over 20k
1V2HN2CA1TC502733	2026 Volkswagen Atlas 2.0T SE w/Technology	Volkswagen	https://www.dahltoyotawinona.com/viewdetails/used/1v2hn2ca1tc502733/2026-volkswagen-atlas-sport-utility/	35000 USD	2026 Deep Black Pearl Volkswagen Atlas 2.0T SE w/Technology Intercooled Turbo Regular Gasoline I-4 2.0 L/121 For sale at Dahl Toyota Winona in Winona Minnesota.	https://content.homenetiol.com/2000157/2065512/0x0/b757456267d6437bad82fbfa85fb9995.jpg	in stock	USED	SUV	Vehicles & Parts > Vehicles > Motor Vehicles > Cars, Trucks & Vans	1V2HN2CA1TC502733	https://www.dahltoyotawinona.com/viewdetails/used/1v2hn2ca1tc502733/2026-volkswagen-atlas-sport-utility/123?store={store_code}	BLACK	15918 miles	Atlas	1V2HN2CA1TC502733	2026	35000 USD	Toyota	35000 USD	MI	no	Atlas	No	Over 20k
2FMPK4K94PBA42140	2023 Ford Edge Titanium	Ford	https://www.dahltoyotawinona.com/viewdetails/used/2fmpk4k94pba42140/2023-ford-edge-sport-utility/	28850 USD	2023 Iconic Silver Metallic Ford Edge Titanium Intercooled Turbo Premium Gasoline I-4 2.0 L/122 For sale at Dahl Toyota Winona in Winona Minnesota.	https://content.homenetiol.com/2000157/2065512/0x0/15db6bf98fb44fa1b7922e7a541c9b43.jpg	in stock	USED	SUV	Vehicles & Parts > Vehicles > Motor Vehicles > Cars, Trucks & Vans	2FMPK4K94PBA42140	https://www.dahltoyotawinona.com/viewdetails/used/2fmpk4k94pba42140/2023-ford-edge-sport-utility/123?store={store_code}	SILVER	28621 miles	Edge	2FMPK4K94PBA42140	2023	28850 USD	Toyota	28850 USD	MI	no	Edge	No	Over 20k
2T3F1RFV1SC519492	2025 Toyota RAV4 LE	Toyota	https://www.dahltoyotawinona.com/viewdetails/used/2t3f1rfv1sc519492/2025-toyota-rav4-sport-utility/	30300 USD	2025 Magnetic Gray Metallic Toyota RAV4 LE Regular Gasoline I-4 2.5 L/152 For sale at Dahl Toyota Winona in Winona Minnesota.	https://content.homenetiol.com/2000157/2065512/0x0/3670e8eebe3f49c9b1c7de4e909a2f9d.jpg	in stock	USED	SUV	Vehicles & Parts > Vehicles > Motor Vehicles > Cars, Trucks & Vans	2T3F1RFV1SC519492	https://www.dahltoyotawinona.com/viewdetails/used/2t3f1rfv1sc519492/2025-toyota-rav4-sport-utility/123?store={store_code}	GRAY	23700 miles	RAV4	2T3F1RFV1SC519492	2025	30300 USD	Toyota	30300 USD	MI	no	RAV4	No	Over 20k
2T3P1RFV2SW529063	2025 Toyota RAV4 XLE	Toyota	https://www.dahltoyotawinona.com/viewdetails/used/2t3p1rfv2sw529063/2025-toyota-rav4-sport-utility/	33150 USD	2025 Blueprint Toyota RAV4 XLE Regular Gasoline I-4 2.5 L/152 For sale at Dahl Toyota Winona in Winona Minnesota.	https://content.homenetiol.com/2000157/2065512/0x0/45e762d474424d9eb8790595cdc7be2e.jpg	in stock	USED	SUV	Vehicles & Parts > Vehicles > Motor Vehicles > Cars, Trucks & Vans	2T3P1RFV2SW529063	https://www.dahltoyotawinona.com/viewdetails/used/2t3p1rfv2sw529063/2025-toyota-rav4-sport-utility/123?store={store_code}	BLUE	27098 miles	RAV4	2T3P1RFV2SW529063	2025	33150 USD	Toyota	33150 USD	MI	no	RAV4	No	Over 20k
2T3W1RFV1RC262537	2024 Toyota RAV4 XLE	Toyota	https://www.dahltoyotawinona.com/viewdetails/used/2t3w1rfv1rc262537/2024-toyota-rav4-sport-utility/	30150 USD	2024 Silver Sky Metallic Toyota RAV4 XLE Regular Gasoline I-4 2.5 L/152 For sale at Dahl Toyota Winona in Winona Minnesota.	https://content.homenetiol.com/2000157/2065512/0x0/6bbdbbabb82b4820a17194755b3bb662.jpg	in stock	USED	SUV	Vehicles & Parts > Vehicles > Motor Vehicles > Cars, Trucks & Vans	2T3W1RFV1RC262537	https://www.dahltoyotawinona.com/viewdetails/used/2t3w1rfv1rc262537/2024-toyota-rav4-sport-utility/123?store={store_code}	SILVER	12848 miles	RAV4	2T3W1RFV1RC262537	2024	30150 USD	Toyota	30150 USD	MI	no	RAV4	No	Over 20k
3C4NJDBB9KT729418	2019 Jeep Compass Latitude	Jeep	https://www.dahltoyotawinona.com/viewdetails/used/3c4njdbb9kt729418/2019-jeep-compass-sport-utility/	14340 USD	2019 Redline Pearlcoat Jeep Compass Latitude Regular Unleaded I-4 2.4 L/144 For sale at Dahl Toyota Winona in Winona Minnesota.	https://content.homenetiol.com/2000157/2065512/0x0/bb6d5f02d1bd415894eae8358e32817d.jpg	in stock	USED	SUV	Vehicles & Parts > Vehicles > Motor Vehicles > Cars, Trucks & Vans	3C4NJDBB9KT729418	https://www.dahltoyotawinona.com/viewdetails/used/3c4njdbb9kt729418/2019-jeep-compass-sport-utility/123?store={store_code}	RED	97005 miles	Compass	3C4NJDBB9KT729418	2019	14340 USD	Toyota	14340 USD	MI	no	Compass	No	Under 20k
3C4NJDBBXLT155221	2020 Jeep Compass Latitude	Jeep	https://www.dahltoyotawinona.com/viewdetails/used/3c4njdbbxlt155221/2020-jeep-compass-sport-utility/	15340 USD	2020 Diamond Black Crystal Pearlcoat Jeep Compass Latitude Regular Unleaded I-4 2.4 L/144 For sale at Dahl Toyota Winona in Winona Minnesota.	https://content.homenetiol.com/2000157/2065512/0x0/8f7c983fc33c4f4e90078552ab51aa4f.jpg	in stock	USED	SUV	Vehicles & Parts > Vehicles > Motor Vehicles > Cars, Trucks & Vans	3C4NJDBBXLT155221	https://www.dahltoyotawinona.com/viewdetails/used/3c4njdbbxlt155221/2020-jeep-compass-sport-utility/123?store={store_code}	BLACK	0 miles	Compass	3C4NJDBBXLT155221	2020	15340 USD	Toyota	15340 USD	MI	no	Compass	No	Under 20k
3C4NJDBNXRT160809	2024 Jeep Compass Latitude	Jeep	https://www.dahltoyotawinona.com/viewdetails/used/3c4njdbnxrt160809/2024-jeep-compass-sport-utility/	18700 USD	2024 Silver Zynith Metallic Clearcoat Jeep Compass Latitude Intercooled Turbo Regular Gasoline I-4 2.0 L/122 For sale at Dahl Toyota Winona in Winona Minnesota.	https://content.homenetiol.com/2000157/2065512/0x0/dab664cb5fab41c7bba1f2dde70112bd.jpg	in stock	USED	SUV	Vehicles & Parts > Vehicles > Motor Vehicles > Cars, Trucks & Vans	3C4NJDBNXRT160809	https://www.dahltoyotawinona.com/viewdetails/used/3c4njdbnxrt160809/2024-jeep-compass-sport-utility/123?store={store_code}	SILVER	47148 miles	Compass	3C4NJDBNXRT160809	2024	18700 USD	Toyota	18700 USD	MI	no	Compass	No	Under 20k
3GNAXPEG9TL257896	2026 Chevrolet Equinox AWD LT	Chevrolet	https://www.dahltoyotawinona.com/viewdetails/used/3gnaxpeg9tl257896/2026-chevrolet-equinox-sport-utility/	28250 USD	2026 Lakeshore Blue Metallic Chevrolet Equinox AWD LT Turbocharged Gas I4 1.5L/ For sale at Dahl Toyota Winona in Winona Minnesota.	https://content.homenetiol.com/2000157/2065512/0x0/8535794b0a564ec99558192afa1f49be.jpg	in stock	USED	SUV	Vehicles & Parts > Vehicles > Motor Vehicles > Cars, Trucks & Vans	3GNAXPEG9TL257896	https://www.dahltoyotawinona.com/viewdetails/used/3gnaxpeg9tl257896/2026-chevrolet-equinox-sport-utility/123?store={store_code}	BLUE	18391 miles	Equinox	3GNAXPEG9TL257896	2026	28250 USD	Toyota	28250 USD	MI	no	Equinox	No	Over 20k
3GTU2NECXJG599966	2018 GMC Sierra 1500 SLT	GMC	https://www.dahltoyotawinona.com/viewdetails/used/3gtu2necxjg599966/2018-gmc-sierra-1500-crew-cab-pickup/	19345 USD	2018 Onyx Black GMC Sierra 1500 SLT Gas V8 5.3L/325 For sale at Dahl Toyota Winona in Winona Minnesota.	https://content.homenetiol.com/2000157/2065512/0x0/0f158c302a7c44ac9ffef8ccd1bf33a7.jpg	in stock	USED	TRUCK	Vehicles & Parts > Vehicles > Motor Vehicles > Cars, Trucks & Vans	3GTU2NECXJG599966	https://www.dahltoyotawinona.com/viewdetails/used/3gtu2necxjg599966/2018-gmc-sierra-1500-crew-cab-pickup/123?store={store_code}	BLACK	163037 miles	Sierra 1500	3GTU2NECXJG599966	2018	19345 USD	Toyota	19345 USD	MI	no	Sierra 1500	No	Under 20k
3N1CN8EVXRL912140	2024 Nissan Versa SV	Nissan	https://www.dahltoyotawinona.com/viewdetails/used/3n1cn8evxrl912140/2024-nissan-versa-4dr-car/	16340 USD	2024 Electric Blue Metallic Nissan Versa SV Regular Gasoline I-4 1.6 L/98 For sale at Dahl Toyota Winona in Winona Minnesota.	https://content.homenetiol.com/2000157/2065512/0x0/4c7560ecd8984bb5af97158a0c27a520.jpg	in stock	USED	OTHER	Vehicles & Parts > Vehicles > Motor Vehicles > Cars, Trucks & Vans	3N1CN8EVXRL912140	https://www.dahltoyotawinona.com/viewdetails/used/3n1cn8evxrl912140/2024-nissan-versa-4dr-car/123?store={store_code}	BLUE	49006 miles	Versa	3N1CN8EVXRL912140	2024	16340 USD	Toyota	16340 USD	MI	no	Versa	No	Under 20k
3TMCZ5AN2PM618518	2023 Toyota Tacoma 4WD SR5	Toyota	https://www.dahltoyotawinona.com/viewdetails/used/3tmcz5an2pm618518/2023-toyota-tacoma-4wd-crew-cab-pickup/	37000 USD	2023 Magnetic Gray Metallic Toyota Tacoma 4WD SR5 Regular Unleaded V-6 3.5 L/211 For sale at Dahl Toyota Winona in Winona Minnesota.	https://content.homenetiol.com/2000157/2065512/0x0/5fbc8abe56a840f69cad0b4641f51b8d.jpg	in stock	USED	TRUCK	Vehicles & Parts > Vehicles > Motor Vehicles > Cars, Trucks & Vans	3TMCZ5AN2PM618518	https://www.dahltoyotawinona.com/viewdetails/used/3tmcz5an2pm618518/2023-toyota-tacoma-4wd-crew-cab-pickup/123?store={store_code}	GRAY	27075 miles	Tacoma 4WD	3TMCZ5AN2PM618518	2023	37000 USD	Toyota	37000 USD	MI	no	Tacoma 4WD	No	Over 20k
3TMCZ5AN3PM649275	2023 Toyota Tacoma 4WD SR5	Toyota	https://www.dahltoyotawinona.com/viewdetails/used/3tmcz5an3pm649275/2023-toyota-tacoma-4wd-crew-cab-pickup/	35650 USD	2023 Ice Cap Toyota Tacoma 4WD SR5 Regular Unleaded V-6 3.5 L/211 For sale at Dahl Toyota Winona in Winona Minnesota.	https://content.homenetiol.com/2000157/2065512/0x0/1885a5a9d82f44de92828e0aa8c17668.jpg	in stock	USED	TRUCK	Vehicles & Parts > Vehicles > Motor Vehicles > Cars, Trucks & Vans	3TMCZ5AN3PM649275	https://www.dahltoyotawinona.com/viewdetails/used/3tmcz5an3pm649275/2023-toyota-tacoma-4wd-crew-cab-pickup/123?store={store_code}	WHITE	42103 miles	Tacoma 4WD	3TMCZ5AN3PM649275	2023	35650 USD	Toyota	35650 USD	MI	no	Tacoma 4WD	No	Over 20k
3VV2B7AX4RM130463	2024 Volkswagen Tiguan SE	Volkswagen	https://www.dahltoyotawinona.com/viewdetails/used/3vv2b7ax4rm130463/2024-volkswagen-tiguan-sport-utility/	23850 USD	2024 Platinum Gray Metallic Volkswagen Tiguan SE Intercooled Turbo Regular Unleaded I-4 2.0 L/121 For sale at Dahl Toyota Winona in Winona Minnesota.	https://content.homenetiol.com/2000157/2065512/0x0/a560f5ef377f45f18a4d1d8b6d797e7c.jpg	in stock	USED	SUV	Vehicles & Parts > Vehicles > Motor Vehicles > Cars, Trucks & Vans	3VV2B7AX4RM130463	https://www.dahltoyotawinona.com/viewdetails/used/3vv2b7ax4rm130463/2024-volkswagen-tiguan-sport-utility/123?store={store_code}	WHITE	40495 miles	Tiguan	3VV2B7AX4RM130463	2024	23850 USD	Toyota	23850 USD	MI	no	Tiguan	No	Over 20k
4S4BSALC0F3221020	2015 Subaru Outback 2.5i Limited	Subaru	https://www.dahltoyotawinona.com/viewdetails/used/4s4bsalc0f3221020/2015-subaru-outback-sport-utility/	12990 USD	2015 Crystal White Pearl Subaru Outback 2.5i Limited Regular Gasoline H-4 2.5 L/152 For sale at Dahl Toyota Winona in Winona Minnesota.	https://content.homenetiol.com/2000157/2065512/0x0/5af03afbb3944281a606feb9fe2d18e6.jpg	in stock	USED	SUV	Vehicles & Parts > Vehicles > Motor Vehicles > Cars, Trucks & Vans	4S4BSALC0F3221020	https://www.dahltoyotawinona.com/viewdetails/used/4s4bsalc0f3221020/2015-subaru-outback-sport-utility/123?store={store_code}	WHITE	98729 miles	Outback	4S4BSALC0F3221020	2015	12990 USD	Toyota	12990 USD	MI	no	Outback	No	Under 20k
4T1DAACK2SU602892	2025 Toyota Camry SE	Toyota	https://www.dahltoyotawinona.com/viewdetails/used/4t1daack2su602892/2025-toyota-camry-4dr-car/	28632 USD	2025 Heavy Metal Toyota Camry SE Gas/Electric I-4 2.5 L/152 For sale at Dahl Toyota Winona in Winona Minnesota.	https://content.homenetiol.com/2000157/2065512/0x0/76f55d5459864cfd9dab7f37ebd20b0b.jpg	in stock	USED	OTHER	Vehicles & Parts > Vehicles > Motor Vehicles > Cars, Trucks & Vans	4T1DAACK2SU602892	https://www.dahltoyotawinona.com/viewdetails/used/4t1daack2su602892/2025-toyota-camry-4dr-car/123?store={store_code}	GRAY	19187 miles	Camry	4T1DAACK2SU602892	2025	28632 USD	Toyota	28632 USD	MI	no	Camry	No	Over 20k
4T4BF1FKXFR456967	2015 Toyota Camry LE	Toyota	https://www.dahltoyotawinona.com/viewdetails/used/4t4bf1fkxfr456967/2015-toyota-camry-4dr-car/	8765 USD	2015 Attitude Black Metallic Toyota Camry LE Regular Unleaded I-4 2.5 L/152 For sale at Dahl Toyota Winona in Winona Minnesota.	https://content.homenetiol.com/2000157/2065512/0x0/be185c5b3be54649b980b57b09feda3b.jpg	in stock	USED	OTHER	Vehicles & Parts > Vehicles > Motor Vehicles > Cars, Trucks & Vans	4T4BF1FKXFR456967	https://www.dahltoyotawinona.com/viewdetails/used/4t4bf1fkxfr456967/2015-toyota-camry-4dr-car/123?store={store_code}	BLACK	213319 miles	Camry	4T4BF1FKXFR456967	2015	8765 USD	Toyota	8765 USD	MI	no	Camry	No	Under 20k
5FNYF6H04LB006897	2020 Honda Pilot Elite	Honda	https://www.dahltoyotawinona.com/viewdetails/used/5fnyf6h04lb006897/2020-honda-pilot-sport-utility/	29000 USD	2020 Crystal Black Pearl Honda Pilot Elite Regular Gasoline V-6 3.5 L/212 For sale at Dahl Toyota Winona in Winona Minnesota.	https://content.homenetiol.com/2000157/2065512/0x0/b93add0bea094908addb08e25b4c997c.jpg	in stock	USED	SUV	Vehicles & Parts > Vehicles > Motor Vehicles > Cars, Trucks & Vans	5FNYF6H04LB006897	https://www.dahltoyotawinona.com/viewdetails/used/5fnyf6h04lb006897/2020-honda-pilot-sport-utility/123?store={store_code}	BLACK	68826 miles	Pilot	5FNYF6H04LB006897	2020	29000 USD	Toyota	29000 USD	MI	no	Pilot	No	Over 20k
5FNYF9H87TB056720	2026 Honda Passport TrailSport Elite	Honda	https://www.dahltoyotawinona.com/viewdetails/used/5fnyf9h87tb056720/2026-honda-passport-sport-utility/	48850 USD	2026 Radiant Red Metallic Ii Honda Passport TrailSport Elite Regular Gasoline V-6 3.5 L/212 For sale at Dahl Toyota Winona in Winona Minnesota.	https://content.homenetiol.com/2000157/2065512/0x0/58a7abc9cad34623913390577f7b5c09.jpg	in stock	USED	SUV	Vehicles & Parts > Vehicles > Motor Vehicles > Cars, Trucks & Vans	5FNYF9H87TB056720	https://www.dahltoyotawinona.com/viewdetails/used/5fnyf9h87tb056720/2026-honda-passport-sport-utility/123?store={store_code}	RED	1618 miles	Passport	5FNYF9H87TB056720	2026	48850 USD	Toyota	48850 USD	MI	no	Passport	No	Over 20k
5J8TC2H51KL041594	2019 Acura RDX w/Technology Pkg	Acura	https://www.dahltoyotawinona.com/viewdetails/used/5j8tc2h51kl041594/2019-acura-rdx-sport-utility/	22250 USD	2019 White Diamond Pearl Acura RDX w/Technology Pkg Intercooled Turbo Premium Gasoline I-4 2.0 L/122 For sale at Dahl Toyota Winona in Winona Minnesota.	https://content.homenetiol.com/2000157/2065512/0x0/393803b8b27a41c48f7d006d19148fa3.jpg	in stock	USED	SUV	Vehicles & Parts > Vehicles > Motor Vehicles > Cars, Trucks & Vans	5J8TC2H51KL041594	https://www.dahltoyotawinona.com/viewdetails/used/5j8tc2h51kl041594/2019-acura-rdx-sport-utility/123?store={store_code}	WHITE	82034 miles	RDX	5J8TC2H51KL041594	2019	22250 USD	Toyota	22250 USD	MI	no	RDX	No	Over 20k
5N1BT3BB7PC942437	2023 Nissan Rogue SV	Nissan	https://www.dahltoyotawinona.com/viewdetails/used/5n1bt3bb7pc942437/2023-nissan-rogue-sport-utility/	18139 USD	2023 Brilliant Silver Metallic Nissan Rogue SV Intercooled Turbo Regular Unleaded I-3 1.5 L/91 For sale at Dahl Toyota Winona in Winona Minnesota.	https://content.homenetiol.com/2000157/2065512/0x0/bcce90034a0840338afdb2ed7313e96b.jpg	in stock	USED	SUV	Vehicles & Parts > Vehicles > Motor Vehicles > Cars, Trucks & Vans	5N1BT3BB7PC942437	https://www.dahltoyotawinona.com/viewdetails/used/5n1bt3bb7pc942437/2023-nissan-rogue-sport-utility/123?store={store_code}	SILVER	61661 miles	Rogue	5N1BT3BB7PC942437	2023	18139 USD	Toyota	18139 USD	MI	no	Rogue	No	Under 20k
5NMJBCDE4TH618240	2026 Hyundai Tucson SEL	Hyundai	https://www.dahltoyotawinona.com/viewdetails/used/5nmjbcde4th618240/2026-hyundai-tucson-sport-utility/	24800 USD	2026 Shimmering Silver Hyundai Tucson SEL Regular Gasoline I-4 2.5 L/152 For sale at Dahl Toyota Winona in Winona Minnesota.	https://content.homenetiol.com/2000157/2065512/0x0/bb9fd33306a5470c9138b0b95160c482.jpg	in stock	USED	SUV	Vehicles & Parts > Vehicles > Motor Vehicles > Cars, Trucks & Vans	5NMJBCDE4TH618240	https://www.dahltoyotawinona.com/viewdetails/used/5nmjbcde4th618240/2026-hyundai-tucson-sport-utility/123?store={store_code}	SILVER	19500 miles	Tucson	5NMJBCDE4TH618240	2026	24800 USD	Toyota	24800 USD	MI	no	Tucson	No	Over 20k
5TDDZ3DC7HS173150	2017 Toyota Sienna XLE	Toyota	https://www.dahltoyotawinona.com/viewdetails/used/5tddz3dc7hs173150/2017-toyota-sienna-mini-van,-passenger/	14400 USD	2017 Predawn Gray Mica Toyota Sienna XLE Regular Unleaded V-6 3.5 L/211 For sale at Dahl Toyota Winona in Winona Minnesota.	https://content.homenetiol.com/2000157/2065512/0x0/86ff6c1eee5947a89bb6b4d631b92792.jpg	in stock	USED	VAN	Vehicles & Parts > Vehicles > Motor Vehicles > Cars, Trucks & Vans	5TDDZ3DC7HS173150	https://www.dahltoyotawinona.com/viewdetails/used/5tddz3dc7hs173150/2017-toyota-sienna-mini-van,-passenger/123?store={store_code}	GRAY	165123 miles	Sienna	5TDDZ3DC7HS173150	2017	14400 USD	Toyota	14400 USD	MI	no	Sienna	No	Under 20k
5TDJZRFH2HS414000	2017 Toyota Highlander XLE	Toyota	https://www.dahltoyotawinona.com/viewdetails/used/5tdjzrfh2hs414000/2017-toyota-highlander-sport-utility/	19350 USD	2017 Midnight Black Metallic Toyota Highlander XLE Regular Unleaded V-6 3.5 L/211 For sale at Dahl Toyota Winona in Winona Minnesota.	https://content.homenetiol.com/2000157/2065512/0x0/899b4b98a48742108927c3b85725044b.jpg	in stock	USED	SUV	Vehicles & Parts > Vehicles > Motor Vehicles > Cars, Trucks & Vans	5TDJZRFH2HS414000	https://www.dahltoyotawinona.com/viewdetails/used/5tdjzrfh2hs414000/2017-toyota-highlander-sport-utility/123?store={store_code}	BLACK	161307 miles	Highlander	5TDJZRFH2HS414000	2017	19350 USD	Toyota	19350 USD	MI	no	Highlander	No	Under 20k
5XYP6DGC5SG668975	2025 Kia Telluride S	Kia	https://www.dahltoyotawinona.com/viewdetails/used/5xyp6dgc5sg668975/2025-kia-telluride-sport-utility/	35340 USD	2025 Dark Moss Kia Telluride S Regular Gasoline V-6 3.8 L/231 For sale at Dahl Toyota Winona in Winona Minnesota.	https://content.homenetiol.com/2000157/2065512/0x0/5e073abb0bb44e3fbf5263a372eea892.jpg	in stock	USED	SUV	Vehicles & Parts > Vehicles > Motor Vehicles > Cars, Trucks & Vans	5XYP6DGC5SG668975	https://www.dahltoyotawinona.com/viewdetails/used/5xyp6dgc5sg668975/2025-kia-telluride-sport-utility/123?store={store_code}	GREEN	7519 miles	Telluride	5XYP6DGC5SG668975	2025	35340 USD	Toyota	35340 USD	MI	no	Telluride	No	Over 20k
5XYRKDLF5PG186809	2023 Kia Sorento SX	Kia	https://www.dahltoyotawinona.com/viewdetails/used/5xyrkdlf5pg186809/2023-kia-sorento-sport-utility/	30226 USD	2023 Glacial White Pearl Kia Sorento SX Intercooled Turbo Regular Gasoline I-4 2.5 L/152 For sale at Dahl Toyota Winona in Winona Minnesota.	https://content.homenetiol.com/2000157/2065512/0x0/128be34dad8f411b97b61b01bb91dd09.jpg	in stock	USED	SUV	Vehicles & Parts > Vehicles > Motor Vehicles > Cars, Trucks & Vans	5XYRKDLF5PG186809	https://www.dahltoyotawinona.com/viewdetails/used/5xyrkdlf5pg186809/2023-kia-sorento-sport-utility/123?store={store_code}	WHITE	35735 miles	Sorento	5XYRKDLF5PG186809	2023	30226 USD	Toyota	30226 USD	MI	no	Sorento	No	Over 20k
JA4ARUAU6SU004711	2025 Mitsubishi Outlander Sport ES	Mitsubishi	https://www.dahltoyotawinona.com/viewdetails/used/ja4aruau6su004711/2025-mitsubishi-outlander-sport-sport-utility/	20500 USD	2025 Labrador Black Pearl Mitsubishi Outlander Sport ES Regular Gasoline I-4 2.0 L/122 For sale at Dahl Toyota Winona in Winona Minnesota.	https://content.homenetiol.com/2000157/2065512/0x0/eb089fab345d45cfae32cc574487fcdc.jpg	in stock	USED	SUV	Vehicles & Parts > Vehicles > Motor Vehicles > Cars, Trucks & Vans	JA4ARUAU6SU004711	https://www.dahltoyotawinona.com/viewdetails/used/ja4aruau6su004711/2025-mitsubishi-outlander-sport-sport-utility/123?store={store_code}	BLACK	28952 miles	Outlander Sport	JA4ARUAU6SU004711	2025	20500 USD	Toyota	20500 USD	MI	no	Outlander Sport	No	Over 20k
JA4ARUAU8RU012903	2024 Mitsubishi Outlander Sport SE	Mitsubishi	https://www.dahltoyotawinona.com/viewdetails/used/ja4aruau8ru012903/2024-mitsubishi-outlander-sport-sport-utility/	18550 USD	2024 Mercury Gray Metallic Mitsubishi Outlander Sport SE 2.0L I4 For sale at Dahl Toyota Winona in Winona Minnesota.	https://content.homenetiol.com/2000157/2065512/0x0/1c19f6ce6b774596b86a9b16f0a3c865.jpg	in stock	USED	SUV	Vehicles & Parts > Vehicles > Motor Vehicles > Cars, Trucks & Vans	JA4ARUAU8RU012903	https://www.dahltoyotawinona.com/viewdetails/used/ja4aruau8ru012903/2024-mitsubishi-outlander-sport-sport-utility/123?store={store_code}	GRAY	42225 miles	Outlander Sport	JA4ARUAU8RU012903	2024	18550 USD	Toyota	18550 USD	MI	no	Outlander Sport	No	Under 20k
JM3KFBBL6R0447771	2024 Mazda CX-5 2.5 S Select Package	Mazda	https://www.dahltoyotawinona.com/viewdetails/used/jm3kfbbl6r0447771/2024-mazda-cx-5-sport-utility/	25600 USD	2024 Machine Gray Metallic Mazda CX-5 2.5 S Select Package Regular Gasoline I-4 2.5 L/152 For sale at Dahl Toyota Winona in Winona Minnesota.	https://content.homenetiol.com/2000157/2065512/0x0/e3edade9fdc14b228090d7b16a7db08b.jpg	in stock	USED	SUV	Vehicles & Parts > Vehicles > Motor Vehicles > Cars, Trucks & Vans	JM3KFBBL6R0447771	https://www.dahltoyotawinona.com/viewdetails/used/jm3kfbbl6r0447771/2024-mazda-cx-5-sport-utility/123?store={store_code}	GRAY	28269 miles	CX-5	JM3KFBBL6R0447771	2024	25600 USD	Toyota	25600 USD	MI	no	CX-5	No	Over 20k
JM3KFBCM6S0803410	2025 Mazda CX-5 2.5 S Preferred Package	Mazda	https://www.dahltoyotawinona.com/viewdetails/used/jm3kfbcm6s0803410/2025-mazda-cx-5-sport-utility/	28150 USD	2025 Jet Black Mica Mazda CX-5 2.5 S Preferred Package Regular Gasoline I-4 2.5 L/152 For sale at Dahl Toyota Winona in Winona Minnesota.	https://content.homenetiol.com/2000157/2065512/0x0/40f0d78b45d84c9190c605ed486b5fa5.jpg	in stock	USED	SUV	Vehicles & Parts > Vehicles > Motor Vehicles > Cars, Trucks & Vans	JM3KFBCM6S0803410	https://www.dahltoyotawinona.com/viewdetails/used/jm3kfbcm6s0803410/2025-mazda-cx-5-sport-utility/123?store={store_code}	BLACK	14042 miles	CX-5	JM3KFBCM6S0803410	2025	28150 USD	Toyota	28150 USD	MI	no	CX-5	No	Over 20k
JM3KFBCM9S0700482	2025 Mazda CX-5 2.5 S Carbon Edition	Mazda	https://www.dahltoyotawinona.com/viewdetails/used/jm3kfbcm9s0700482/2025-mazda-cx-5-sport-utility/	27200 USD	2025 Polymetal Gray Metallic Mazda CX-5 2.5 S Carbon Edition Regular Gasoline I-4 2.5 L/152 For sale at Dahl Toyota Winona in Winona Minnesota.	https://content.homenetiol.com/2000157/2065512/0x0/b31793ee27984f158a5eb9fc6f73964c.jpg	in stock	USED	SUV	Vehicles & Parts > Vehicles > Motor Vehicles > Cars, Trucks & Vans	JM3KFBCM9S0700482	https://www.dahltoyotawinona.com/viewdetails/used/jm3kfbcm9s0700482/2025-mazda-cx-5-sport-utility/123?store={store_code}	GRAY	25690 miles	CX-5	JM3KFBCM9S0700482	2025	27200 USD	Toyota	27200 USD	MI	no	CX-5	No	Over 20k
JM3KFBEM9S0808811	2025 Mazda CX-5 2.5 S Premium Plus Package	Mazda	https://www.dahltoyotawinona.com/viewdetails/used/jm3kfbem9s0808811/2025-mazda-cx-5-sport-utility/	33800 USD	2025 Jet Black Mica Mazda CX-5 2.5 S Premium Plus Package Regular Gasoline I-4 2.5 L/152 For sale at Dahl Toyota Winona in Winona Minnesota.	https://content.homenetiol.com/2000157/2065512/0x0/b452254b5ac44985a36abf83956cd541.jpg	in stock	USED	SUV	Vehicles & Parts > Vehicles > Motor Vehicles > Cars, Trucks & Vans	JM3KFBEM9S0808811	https://www.dahltoyotawinona.com/viewdetails/used/jm3kfbem9s0808811/2025-mazda-cx-5-sport-utility/123?store={store_code}	BLACK	14889 miles	CX-5	JM3KFBEM9S0808811	2025	33800 USD	Toyota	33800 USD	MI	no	CX-5	No	Over 20k
JN8BT3BB0RW431663	2024 Nissan Rogue SV	Nissan	https://www.dahltoyotawinona.com/viewdetails/used/jn8bt3bb0rw431663/2024-nissan-rogue-sport-utility/	21700 USD	2024 Gun Metallic Nissan Rogue SV Intercooled Turbo Regular Unleaded I-3 1.5 L/91 For sale at Dahl Toyota Winona in Winona Minnesota.	https://content.homenetiol.com/2000157/2065512/0x0/beea3816b6a843fa87bd700435238688.jpg	in stock	USED	SUV	Vehicles & Parts > Vehicles > Motor Vehicles > Cars, Trucks & Vans	JN8BT3BB0RW431663	https://www.dahltoyotawinona.com/viewdetails/used/jn8bt3bb0rw431663/2024-nissan-rogue-sport-utility/123?store={store_code}	GRAY	24141 miles	Rogue	JN8BT3BB0RW431663	2024	21700 USD	Toyota	21700 USD	MI	no	Rogue	No	Over 20k
JTEBU4BF2CK135703	2012 Toyota FJ Cruiser 4DR 4WD AT	Toyota	https://www.dahltoyotawinona.com/viewdetails/used/jtebu4bf2ck135703/2012-toyota-fj-cruiser-sport-utility/	25500 USD	2012 Black Toyota FJ Cruiser 4DR 4WD AT Gas V6 4.0L/241 For sale at Dahl Toyota Winona in Winona Minnesota.	https://content.homenetiol.com/2000157/2065512/0x0/e375c3983d184d1a9c248568349e33d6.jpg	in stock	USED	SUV	Vehicles & Parts > Vehicles > Motor Vehicles > Cars, Trucks & Vans	JTEBU4BF2CK135703	https://www.dahltoyotawinona.com/viewdetails/used/jtebu4bf2ck135703/2012-toyota-fj-cruiser-sport-utility/123?store={store_code}	BLACK	112765 miles	FJ Cruiser	JTEBU4BF2CK135703	2012	25500 USD	Toyota	25500 USD	MI	no	FJ Cruiser	No	Over 20k
KNDRGDLG9N5106198	2022 Kia Sorento Hybrid S	Kia	https://www.dahltoyotawinona.com/viewdetails/used/kndrgdlg9n5106198/2022-kia-sorento-hybrid-sport-utility/	24500 USD	2022 Snow White Pearl Kia Sorento S Intercooled Turbo Gas/Electric I-4 1.6 L/98 For sale at Dahl Toyota Winona in Winona Minnesota.	https://content.homenetiol.com/2000157/2065512/0x0/84273072e9a34b89b7cc9dc13eac1c21.jpg	in stock	USED	SUV	Vehicles & Parts > Vehicles > Motor Vehicles > Cars, Trucks & Vans	KNDRGDLG9N5106198	https://www.dahltoyotawinona.com/viewdetails/used/kndrgdlg9n5106198/2022-kia-sorento-hybrid-sport-utility/123?store={store_code}	WHITE	45029 miles	Sorento	KNDRGDLG9N5106198	2022	24500 USD	Toyota	24500 USD	MI	no	Sorento	No	Over 20k
ZACNJBBB4KPK44970	2019 Jeep Renegade Altitude	Jeep	https://www.dahltoyotawinona.com/viewdetails/used/zacnjbbb4kpk44970/2019-jeep-renegade-sport-utility/	15000 USD	2019 Black Clearcoat Jeep Renegade Altitude Regular Unleaded I-4 2.4 L/144 For sale at Dahl Toyota Winona in Winona Minnesota.	https://content.homenetiol.com/2000157/2065512/0x0/6b8857e211d845d29b962992f5c0a48a.jpg	in stock	USED	SUV	Vehicles & Parts > Vehicles > Motor Vehicles > Cars, Trucks & Vans	ZACNJBBB4KPK44970	https://www.dahltoyotawinona.com/viewdetails/used/zacnjbbb4kpk44970/2019-jeep-renegade-sport-utility/123?store={store_code}	BLACK	75644 miles	Renegade	ZACNJBBB4KPK44970	2019	15000 USD	Toyota	15000 USD	MI	no	Renegade	No	Under 20k
