id	title	brand	link	vehicle MSRP	description	image_link	availability	condition	product_type	google_product_category	MPN	link_template	color	mileage	model	vin	year	price	store code	MSRP	mileage.unit	certified_pre_owned	custom_label_0	custom_label_1	custom_label_2
1C4PJXAG1VW553504	2027 Jeep Wrangler Willys	Jeep	https://www.dahlchryslerdodgejeepramstevenspoint.com/viewdetails/new/1c4pjxag1vw553504/2027-jeep-wrangler-convertible/	53145 USD	2027 Joose Jeep Wrangler Willys Regular Gasoline V-6 3.6 L/220 For sale at Dahl CDJR Stevens Point in Stevens Point Wisconsin.	https://content.homenetiol.com/2000157/2065512/0x0/edde496a2bc945ae8eda4d63e546e51e.jpg	in stock	NEW	SUV	Vehicles & Parts > Vehicles > Motor Vehicles > Cars, Trucks & Vans	1C4PJXAG1VW553504	https://www.dahlchryslerdodgejeepramstevenspoint.com/viewdetails/new/1c4pjxag1vw553504/2027-jeep-wrangler-convertible/123?store={store_code}	NA	0 miles	Wrangler	1C4PJXAG1VW553504	2027	53145 USD	CDJRSP	53145 USD	MI	no	Wrangler	No	Over 20k
1C4PJXDG2TW329196	2026 Jeep Wrangler Willys	Jeep	https://www.dahlchryslerdodgejeepramstevenspoint.com/viewdetails/new/1c4pjxdg2tw329196/2026-jeep-wrangler-convertible/	55240 USD	2026 Reign Jeep Wrangler Willys Regular Gasoline V-6 3.6 L/220 For sale at Dahl CDJR Stevens Point in Stevens Point Wisconsin.	https://content.homenetiol.com/2000157/2065512/0x0/deec2854ddde4c74b33e731f19f2388e.jpg	in stock	NEW	SUV	Vehicles & Parts > Vehicles > Motor Vehicles > Cars, Trucks & Vans	1C4PJXDG2TW329196	https://www.dahlchryslerdodgejeepramstevenspoint.com/viewdetails/new/1c4pjxdg2tw329196/2026-jeep-wrangler-convertible/123?store={store_code}	NA	0 miles	Wrangler	1C4PJXDG2TW329196	2026	55240 USD	CDJRSP	55240 USD	MI	no	Wrangler	No	Over 20k
1C4PJXDG5TW337373	2026 Jeep Wrangler Rewind	Jeep	https://www.dahlchryslerdodgejeepramstevenspoint.com/viewdetails/new/1c4pjxdg5tw337373/2026-jeep-wrangler-convertible/	55945 USD	2026 Joose Jeep Wrangler Rewind Regular Gasoline V-6 3.6 L/220 For sale at Dahl CDJR Stevens Point in Stevens Point Wisconsin.	https://content.homenetiol.com/2000157/2065512/0x0/4e8c7aa60f8440e0aaaa279f89d7c079.jpg	in stock	NEW	SUV	Vehicles & Parts > Vehicles > Motor Vehicles > Cars, Trucks & Vans	1C4PJXDG5TW337373	https://www.dahlchryslerdodgejeepramstevenspoint.com/viewdetails/new/1c4pjxdg5tw337373/2026-jeep-wrangler-convertible/123?store={store_code}	NA	0 miles	Wrangler	1C4PJXDG5TW337373	2026	55945 USD	CDJRSP	55945 USD	MI	no	Wrangler	No	Over 20k
1C4PJXDG7TW337374	2026 Jeep Wrangler Rewind	Jeep	https://www.dahlchryslerdodgejeepramstevenspoint.com/viewdetails/new/1c4pjxdg7tw337374/2026-jeep-wrangler-convertible/	56245 USD	2026 Reign Jeep Wrangler Rewind Regular Gasoline V-6 3.6 L/220 For sale at Dahl CDJR Stevens Point in Stevens Point Wisconsin.	https://content.homenetiol.com/2000157/2065512/0x0/6335ad6838ac41a7be92d328a953768d.jpg	in stock	NEW	SUV	Vehicles & Parts > Vehicles > Motor Vehicles > Cars, Trucks & Vans	1C4PJXDG7TW337374	https://www.dahlchryslerdodgejeepramstevenspoint.com/viewdetails/new/1c4pjxdg7tw337374/2026-jeep-wrangler-convertible/123?store={store_code}	NA	0 miles	Wrangler	1C4PJXDG7TW337374	2026	56245 USD	CDJRSP	56245 USD	MI	no	Wrangler	No	Over 20k
1C4PJXDN3VW586868	2027 Jeep Wrangler Sport S	Jeep	https://www.dahlchryslerdodgejeepramstevenspoint.com/viewdetails/new/1c4pjxdn3vw586868/2027-jeep-wrangler-jljl74/	52950 USD	2027 Granite Crystal Metallic Clearcoat Jeep Wrangler Sport S For sale at Dahl CDJR Stevens Point in Stevens Point Wisconsin.	https://cdn.inventoryrsc.com/StockImg/ColorMatched_01/cc_2027JES01_01_640/cc_2027JES012082221_01_640_PAU.jpg	in stock	NEW	SUV	Vehicles & Parts > Vehicles > Motor Vehicles > Cars, Trucks & Vans	1C4PJXDN3VW586868	https://www.dahlchryslerdodgejeepramstevenspoint.com/viewdetails/new/1c4pjxdn3vw586868/2027-jeep-wrangler-jljl74/123?store={store_code}	GRAY	0 miles	Wrangler	1C4PJXDN3VW586868	2027	52950 USD	CDJRSP	52950 USD	MI	no	Wrangler	No	Over 20k
1C4PJXEG0VW552354	2027 Jeep Wrangler Sahara	Jeep	https://www.dahlchryslerdodgejeepramstevenspoint.com/viewdetails/new/1c4pjxeg0vw552354/2027-jeep-wrangler-convertible/	57420 USD	2027 Joose Jeep Wrangler Sahara Regular Gasoline V-6 3.6 L/220 For sale at Dahl CDJR Stevens Point in Stevens Point Wisconsin.	https://prod.tvmimageservice.com/images/GetEvoxImage?styleid=487092&amp;Width=640&amp;Height=480&amp;Type=jpeg&amp;Angle=03&amp;quality=80&amp;BackGroundColor=white&amp;colorcode=PL4&amp;autocrop=True&amp;useoverrides=true	in stock	NEW	SUV	Vehicles & Parts > Vehicles > Motor Vehicles > Cars, Trucks & Vans	1C4PJXEG0VW552354	https://www.dahlchryslerdodgejeepramstevenspoint.com/viewdetails/new/1c4pjxeg0vw552354/2027-jeep-wrangler-convertible/123?store={store_code}	NA	0 miles	Wrangler	1C4PJXEG0VW552354	2027	57420 USD	CDJRSP	57420 USD	MI	no	Wrangler	No	Over 20k
1C6SRFGT0TN432443	2026 RAM 1500 Express	RAM	https://www.dahlchryslerdodgejeepramstevenspoint.com/viewdetails/new/1c6srfgt0tn432443/2026-ram-1500-crew-cab-pickup/	58000 USD	2026 Tank RAM 1500 Express Regular Gasoline V-8 5.7 L/345 For sale at Dahl CDJR Stevens Point in Stevens Point Wisconsin.	https://content.homenetiol.com/2000157/2065512/0x0/da35a53399284a498eeae5d8d502605a.jpg	in stock	NEW	TRUCK	Vehicles & Parts > Vehicles > Motor Vehicles > Cars, Trucks & Vans	1C6SRFGT0TN432443	https://www.dahlchryslerdodgejeepramstevenspoint.com/viewdetails/new/1c6srfgt0tn432443/2026-ram-1500-crew-cab-pickup/123?store={store_code}	NA	0 miles	1500	1C6SRFGT0TN432443	2026	58000 USD	CDJRSP	58000 USD	MI	no	1500	No	Over 20k
3C4NJDCN5TT168788	2026 Jeep Compass Limited Altitude	Jeep	https://www.dahlchryslerdodgejeepramstevenspoint.com/viewdetails/new/3c4njdcn5tt168788/2026-jeep-compass-sport-utility/	37475 USD	2026 Joose Jeep Compass Limited Altitude Intercooled Turbo Regular Gasoline I-4 2.0 L/122 For sale at Dahl CDJR Stevens Point in Stevens Point Wisconsin.	https://content.homenetiol.com/2000157/2065512/0x0/28796f7b9b7347278c2538b7beb63923.jpg	in stock	NEW	SUV	Vehicles & Parts > Vehicles > Motor Vehicles > Cars, Trucks & Vans	3C4NJDCN5TT168788	https://www.dahlchryslerdodgejeepramstevenspoint.com/viewdetails/new/3c4njdcn5tt168788/2026-jeep-compass-sport-utility/123?store={store_code}	NA	0 miles	Compass	3C4NJDCN5TT168788	2026	37475 USD	CDJRSP	37475 USD	MI	no	Compass	No	Over 20k
3GTU2VEC7FG246835	2015 GMC Sierra 1500 SLT	GMC	https://www.dahlchryslerdodgejeepramstevenspoint.com/viewdetails/used/3gtu2vec7fg246835/2015-gmc-sierra-1500-crew-cab-pickup/	21988 USD	2015 Iridium Metallic GMC Sierra 1500 SLT Gas V8 5.3L/325 For sale at Dahl CDJR Stevens Point in Stevens Point Wisconsin.	https://content.homenetiol.com/2000157/2065512/0x0/stock_images/5/2015GMC005a_640/2015GMC005a_640_01.jpg	in stock	USED	TRUCK	Vehicles & Parts > Vehicles > Motor Vehicles > Cars, Trucks & Vans	3GTU2VEC7FG246835	https://www.dahlchryslerdodgejeepramstevenspoint.com/viewdetails/used/3gtu2vec7fg246835/2015-gmc-sierra-1500-crew-cab-pickup/123?store={store_code}	NA	119448 miles	Sierra 1500	3GTU2VEC7FG246835	2015	21988 USD	CDJRSP	21988 USD	MI	no	Sierra 1500	No	Over 20k
1C4PJXDG0VW552355	2027 Jeep Wrangler Willys	Jeep	https://www.dahlchryslerdodgejeepramstevenspoint.com/viewdetails/new/1c4pjxdg0vw552355/2027-jeep-wrangler-convertible/	53935 USD	2027 Hydro Blue Pearlcoat Jeep Wrangler Willys Regular Gasoline V-6 3.6 L/220 For sale at Dahl CDJR Stevens Point in Stevens Point Wisconsin.	https://content.homenetiol.com/2000157/2065512/0x0/16d08ac5eb5d44d6814c28a487db4486.jpg	in stock	NEW	SUV	Vehicles & Parts > Vehicles > Motor Vehicles > Cars, Trucks & Vans	1C4PJXDG0VW552355	https://www.dahlchryslerdodgejeepramstevenspoint.com/viewdetails/new/1c4pjxdg0vw552355/2027-jeep-wrangler-convertible/123?store={store_code}	BLUE	0 miles	Wrangler	1C4PJXDG0VW552355	2027	53935 USD	CDJRSP	53935 USD	MI	no	Wrangler	No	Over 20k
1C4PJXDG0VW553537	2027 Jeep Wrangler Willys	Jeep	https://www.dahlchryslerdodgejeepramstevenspoint.com/viewdetails/new/1c4pjxdg0vw553537/2027-jeep-wrangler-convertible/	53190 USD	2027 Hydro Blue Pearlcoat Jeep Wrangler Willys Regular Gasoline V-6 3.6 L/220 For sale at Dahl CDJR Stevens Point in Stevens Point Wisconsin.	https://content.homenetiol.com/2000157/2065512/0x0/6ef238d71bea4051bc8d62ac844da896.jpg	in stock	NEW	SUV	Vehicles & Parts > Vehicles > Motor Vehicles > Cars, Trucks & Vans	1C4PJXDG0VW553537	https://www.dahlchryslerdodgejeepramstevenspoint.com/viewdetails/new/1c4pjxdg0vw553537/2027-jeep-wrangler-convertible/123?store={store_code}	BLUE	0 miles	Wrangler	1C4PJXDG0VW553537	2027	53190 USD	CDJRSP	53190 USD	MI	no	Wrangler	No	Over 20k
1C4PJXFG9VW553503	2027 Jeep Wrangler Rubicon	Jeep	https://www.dahlchryslerdodgejeepramstevenspoint.com/viewdetails/new/1c4pjxfg9vw553503/2027-jeep-wrangler-convertible/	60940 USD	2027 Firecracker Red Clearcoat Jeep Wrangler Rubicon Regular Gasoline V-6 3.6 L/220 For sale at Dahl CDJR Stevens Point in Stevens Point Wisconsin.	https://content.homenetiol.com/2000157/2065512/0x0/64cf245cb03a444dab5976290aff3c67.jpg	in stock	NEW	SUV	Vehicles & Parts > Vehicles > Motor Vehicles > Cars, Trucks & Vans	1C4PJXFG9VW553503	https://www.dahlchryslerdodgejeepramstevenspoint.com/viewdetails/new/1c4pjxfg9vw553503/2027-jeep-wrangler-convertible/123?store={store_code}	RED	0 miles	Wrangler	1C4PJXFG9VW553503	2027	60940 USD	CDJRSP	60940 USD	MI	no	Wrangler	No	Over 20k
1C4RDJDG6TC294760	2026 Dodge Durango GT	Dodge	https://www.dahlchryslerdodgejeepramstevenspoint.com/viewdetails/new/1c4rdjdg6tc294760/2026-dodge-durango-sport-utility/	45810 USD	2026 Db Black Clearcoat Dodge Durango GT Regular Gasoline V-6 3.6 L/220 For sale at Dahl CDJR Stevens Point in Stevens Point Wisconsin.	https://content.homenetiol.com/2000157/2065512/0x0/ae726aecac354c74a2c7840f4a10aeeb.jpg	in stock	NEW	SUV	Vehicles & Parts > Vehicles > Motor Vehicles > Cars, Trucks & Vans	1C4RDJDG6TC294760	https://www.dahlchryslerdodgejeepramstevenspoint.com/viewdetails/new/1c4rdjdg6tc294760/2026-dodge-durango-sport-utility/123?store={store_code}	BLACK	0 miles	Durango	1C4RDJDG6TC294760	2026	45810 USD	CDJRSP	45810 USD	MI	no	Durango	No	Over 20k
1C4RJHAGXS8782651	2025 Jeep Grand Cherokee Altitude X	Jeep	https://www.dahlchryslerdodgejeepramstevenspoint.com/viewdetails/new/1c4rjhagxs8782651/2025-jeep-grand-cherokee-sport-utility/	47725 USD	2025 Diamond Black Crystal Pearlcoat Jeep Grand Cherokee Altitude X Regular Gasoline V-6 3.6 L/220 For sale at Dahl CDJR Stevens Point in Stevens Point Wisconsin.	https://content.homenetiol.com/2000157/2065512/0x0/b0319414a51f4ba3a45daf583a3b4f26.jpg	in stock	NEW	SUV	Vehicles & Parts > Vehicles > Motor Vehicles > Cars, Trucks & Vans	1C4RJHAGXS8782651	https://www.dahlchryslerdodgejeepramstevenspoint.com/viewdetails/new/1c4rjhagxs8782651/2025-jeep-grand-cherokee-sport-utility/123?store={store_code}	BLACK	0 miles	Grand Cherokee	1C4RJHAGXS8782651	2025	47725 USD	CDJRSP	47725 USD	MI	no	Grand Cherokee	No	Over 20k
1C4RJHAR1TC201182	2026 Jeep Grand Cherokee Laredo Altitude	Jeep	https://www.dahlchryslerdodgejeepramstevenspoint.com/viewdetails/new/1c4rjhar1tc201182/2026-jeep-grand-cherokee-sport-utility/	49745 USD	2026 Silver Zynith Jeep Grand Cherokee Laredo Altitude Intercooled Turbo Regular Gasoline I-4 2.0 L/122 For sale at Dahl CDJR Stevens Point in Stevens Point Wisconsin.	https://content.homenetiol.com/2000157/2065512/0x0/93876d43ff8e494a957a5622049d16ae.jpg	in stock	NEW	SUV	Vehicles & Parts > Vehicles > Motor Vehicles > Cars, Trucks & Vans	1C4RJHAR1TC201182	https://www.dahlchryslerdodgejeepramstevenspoint.com/viewdetails/new/1c4rjhar1tc201182/2026-jeep-grand-cherokee-sport-utility/123?store={store_code}	SILVER	0 miles	Grand Cherokee	1C4RJHAR1TC201182	2026	49745 USD	CDJRSP	49745 USD	MI	no	Grand Cherokee	No	Over 20k
1C4RJHARXTC201181	2026 Jeep Grand Cherokee Laredo Altitude	Jeep	https://www.dahlchryslerdodgejeepramstevenspoint.com/viewdetails/new/1c4rjharxtc201181/2026-jeep-grand-cherokee-sport-utility/	49745 USD	2026 Diamond Black Crystal Pearlcoat Jeep Grand Cherokee Laredo Altitude Intercooled Turbo Regular Gasoline I-4 2.0 L/122 For sale at Dahl CDJR Stevens Point in Stevens Point Wisconsin.	https://content.homenetiol.com/2000157/2065512/0x0/6ca5837f757945e6aa89f3678dd5f96c.jpg	in stock	NEW	SUV	Vehicles & Parts > Vehicles > Motor Vehicles > Cars, Trucks & Vans	1C4RJHARXTC201181	https://www.dahlchryslerdodgejeepramstevenspoint.com/viewdetails/new/1c4rjharxtc201181/2026-jeep-grand-cherokee-sport-utility/123?store={store_code}	BLACK	0 miles	Grand Cherokee	1C4RJHARXTC201181	2026	49745 USD	CDJRSP	49745 USD	MI	no	Grand Cherokee	No	Over 20k
1C4RJHBR1TC298138	2026 Jeep Grand Cherokee 85th Anniversary Edition	Jeep	https://www.dahlchryslerdodgejeepramstevenspoint.com/viewdetails/new/1c4rjhbr1tc298138/2026-jeep-grand-cherokee-sport-utility/	54000 USD	2026 Diamond Black Crystal Pearlcoat Jeep Grand Cherokee 85th Anniversary Edition Intercooled Turbo Regular Gasoline I-4 2.0 L/122 For sale at Dahl CDJR Stevens Point in Stevens Point Wisconsin.	https://content.homenetiol.com/2000157/2065512/0x0/da5876aafd4242cc9e47d9c8b1915645.jpg	in stock	NEW	SUV	Vehicles & Parts > Vehicles > Motor Vehicles > Cars, Trucks & Vans	1C4RJHBR1TC298138	https://www.dahlchryslerdodgejeepramstevenspoint.com/viewdetails/new/1c4rjhbr1tc298138/2026-jeep-grand-cherokee-sport-utility/123?store={store_code}	BLACK	0 miles	Grand Cherokee	1C4RJHBR1TC298138	2026	54000 USD	CDJRSP	54000 USD	MI	no	Grand Cherokee	No	Over 20k
1C4RJHBR9VC563830	2027 Jeep Grand Cherokee Limited Reserve	Jeep	https://www.dahlchryslerdodgejeepramstevenspoint.com/viewdetails/new/1c4rjhbr9vc563830/2027-jeep-grand-cherokee-sport-utility/	54295 USD	2027 High Gloss Black Jeep Grand Cherokee Limited Reserve Intercooled Turbo Regular Gasoline I-4 2.0 L/122 For sale at Dahl CDJR Stevens Point in Stevens Point Wisconsin.	https://content.homenetiol.com/2000157/2065512/0x0/da465b068d77443a92e14c686b9fc634.jpg	in stock	NEW	SUV	Vehicles & Parts > Vehicles > Motor Vehicles > Cars, Trucks & Vans	1C4RJHBR9VC563830	https://www.dahlchryslerdodgejeepramstevenspoint.com/viewdetails/new/1c4rjhbr9vc563830/2027-jeep-grand-cherokee-sport-utility/123?store={store_code}	BLACK	0 miles	Grand Cherokee	1C4RJHBR9VC563830	2027	54295 USD	CDJRSP	54295 USD	MI	no	Grand Cherokee	No	Over 20k
1C4RJHBRXV8152035	2027 Jeep Grand Cherokee Limited	Jeep	https://www.dahlchryslerdodgejeepramstevenspoint.com/viewdetails/new/1c4rjhbrxv8152035/2027-jeep-grand-cherokee-sport-utility/	49180 USD	2027 Bright White Clearcoat Jeep Grand Cherokee Limited Intercooled Turbo Regular Gasoline I-4 2.0 L/122 For sale at Dahl CDJR Stevens Point in Stevens Point Wisconsin.	https://content.homenetiol.com/2000157/2065512/0x0/b879965f3636414a8e0b7106205ac145.jpg	in stock	NEW	SUV	Vehicles & Parts > Vehicles > Motor Vehicles > Cars, Trucks & Vans	1C4RJHBRXV8152035	https://www.dahlchryslerdodgejeepramstevenspoint.com/viewdetails/new/1c4rjhbrxv8152035/2027-jeep-grand-cherokee-sport-utility/123?store={store_code}	WHITE	0 miles	Grand Cherokee	1C4RJHBRXV8152035	2027	49180 USD	CDJRSP	49180 USD	MI	no	Grand Cherokee	No	Over 20k
1C4RJKARXV8170016	2027 Jeep Grand Cherokee Laredo	Jeep	https://www.dahlchryslerdodgejeepramstevenspoint.com/viewdetails/new/1c4rjkarxv8170016/2027-jeep-grand-cherokee-l-wljh75/	53480 USD	2027 Sting Gray Clear Coat Paint Jeep Grand Cherokee Laredo 2.0L HURRICANE 4 TURBO W/ESS For sale at Dahl CDJR Stevens Point in Stevens Point Wisconsin.	https://prod.tvmimageservice.com/images/GetEvoxImage?styleid=487049&amp;Width=640&amp;Height=480&amp;Type=jpeg&amp;Angle=03&amp;quality=80&amp;BackGroundColor=white&amp;colorcode=PDN&amp;autocrop=True&amp;useoverrides=true	in stock	NEW	SUV	Vehicles & Parts > Vehicles > Motor Vehicles > Cars, Trucks & Vans	1C4RJKARXV8170016	https://www.dahlchryslerdodgejeepramstevenspoint.com/viewdetails/new/1c4rjkarxv8170016/2027-jeep-grand-cherokee-l-wljh75/123?store={store_code}	GRAY	0 miles	Grand Cherokee	1C4RJKARXV8170016	2027	53480 USD	CDJRSP	53480 USD	MI	no	Grand Cherokee	No	Over 20k
1C4RJKBR2V8159770	2027 Jeep Grand Cherokee L Limited	Jeep	https://www.dahlchryslerdodgejeepramstevenspoint.com/viewdetails/new/1c4rjkbr2v8159770/2027-jeep-grand-cherokee-l-sport-utility/	55535 USD	2027 High Gloss Black Jeep Grand Cherokee L Limited Intercooled Turbo Regular Gasoline I-4 2.0 L/122 For sale at Dahl CDJR Stevens Point in Stevens Point Wisconsin.	https://content.homenetiol.com/2000157/2065512/0x0/2bcd0ce700e4458bad1055f2a5b89dfa.jpg	in stock	NEW	SUV	Vehicles & Parts > Vehicles > Motor Vehicles > Cars, Trucks & Vans	1C4RJKBR2V8159770	https://www.dahlchryslerdodgejeepramstevenspoint.com/viewdetails/new/1c4rjkbr2v8159770/2027-jeep-grand-cherokee-l-sport-utility/123?store={store_code}	BLACK	0 miles	Grand Cherokee L	1C4RJKBR2V8159770	2027	55535 USD	CDJRSP	55535 USD	MI	no	Grand Cherokee L	No	Over 20k
1C4RJKBR3V8171538	2027 Jeep Grand Cherokee Limited	Jeep	https://www.dahlchryslerdodgejeepramstevenspoint.com/viewdetails/new/1c4rjkbr3v8171538/2027-jeep-grand-cherokee-wljp75/	58535 USD	2027 Fathom Blue Pearl Coat Paint Jeep Grand Cherokee Limited 2.0L HURRICANE 4 TURBO W/ESS For sale at Dahl CDJR Stevens Point in Stevens Point Wisconsin.	https://prod.tvmimageservice.com/images/GetEvoxImage?styleid=487052&amp;Width=640&amp;Height=480&amp;Type=jpeg&amp;Angle=03&amp;quality=80&amp;BackGroundColor=white&amp;colorcode=PPS&amp;autocrop=True&amp;useoverrides=true	in stock	NEW	SUV	Vehicles & Parts > Vehicles > Motor Vehicles > Cars, Trucks & Vans	1C4RJKBR3V8171538	https://www.dahlchryslerdodgejeepramstevenspoint.com/viewdetails/new/1c4rjkbr3v8171538/2027-jeep-grand-cherokee-wljp75/123?store={store_code}	BLUE	0 miles	Grand Cherokee	1C4RJKBR3V8171538	2027	58535 USD	CDJRSP	58535 USD	MI	no	Grand Cherokee	No	Over 20k
1C4RJKBR6V8164633	2027 Jeep Grand Cherokee L Limited	Jeep	https://www.dahlchryslerdodgejeepramstevenspoint.com/viewdetails/new/1c4rjkbr6v8164633/2027-jeep-grand-cherokee-l-sport-utility/	55100 USD	2027 Steel Blue Jeep Grand Cherokee L Limited Intercooled Turbo Regular Gasoline I-4 2.0 L/122 For sale at Dahl CDJR Stevens Point in Stevens Point Wisconsin.	https://content.homenetiol.com/2000157/2065512/0x0/e32567dba1e14fa1b7fe51634012009d.jpg	in stock	NEW	SUV	Vehicles & Parts > Vehicles > Motor Vehicles > Cars, Trucks & Vans	1C4RJKBR6V8164633	https://www.dahlchryslerdodgejeepramstevenspoint.com/viewdetails/new/1c4rjkbr6v8164633/2027-jeep-grand-cherokee-l-sport-utility/123?store={store_code}	GRAY	0 miles	Grand Cherokee L	1C4RJKBR6V8164633	2027	55100 USD	CDJRSP	55100 USD	MI	no	Grand Cherokee L	No	Over 20k
1C4RJKBR8T8586545	2026 Jeep Grand Cherokee L 85th Anniversary Edition	Jeep	https://www.dahlchryslerdodgejeepramstevenspoint.com/viewdetails/new/1c4rjkbr8t8586545/2026-jeep-grand-cherokee-l-sport-utility/	56000 USD	2026 Diamond Black Crystal Pearlcoat Jeep Grand Cherokee L 85th Anniversary Edition Intercooled Turbo Regular Unleaded I-4 2.0 L/122 For sale at Dahl CDJR Stevens Point in Stevens Point Wisconsin.	https://content.homenetiol.com/2000157/2065512/0x0/c84e50bcf8e3403fa5a1176f7430fd83.jpg	in stock	NEW	SUV	Vehicles & Parts > Vehicles > Motor Vehicles > Cars, Trucks & Vans	1C4RJKBR8T8586545	https://www.dahlchryslerdodgejeepramstevenspoint.com/viewdetails/new/1c4rjkbr8t8586545/2026-jeep-grand-cherokee-l-sport-utility/123?store={store_code}	BLACK	0 miles	Grand Cherokee L	1C4RJKBR8T8586545	2026	56000 USD	CDJRSP	56000 USD	MI	no	Grand Cherokee L	No	Over 20k
1C4SDJCT0TC216345	2026 Dodge Durango GT Plus HEMI V8	Dodge	https://www.dahlchryslerdodgejeepramstevenspoint.com/viewdetails/new/1c4sdjct0tc216345/2026-dodge-durango-sport-utility/	50230 USD	2026 White Knuckle Clearcoat Dodge Durango GT Plus HEMI V8 Regular Gasoline V-8 5.7 L/345 For sale at Dahl CDJR Stevens Point in Stevens Point Wisconsin.	https://content.homenetiol.com/2000157/2065512/0x0/b4d760d4835a4a4f98786e697cae646b.jpg	in stock	NEW	SUV	Vehicles & Parts > Vehicles > Motor Vehicles > Cars, Trucks & Vans	1C4SDJCT0TC216345	https://www.dahlchryslerdodgejeepramstevenspoint.com/viewdetails/new/1c4sdjct0tc216345/2026-dodge-durango-sport-utility/123?store={store_code}	WHITE	0 miles	Durango	1C4SDJCT0TC216345	2026	50230 USD	CDJRSP	50230 USD	MI	no	Durango	No	Over 20k
1C4SDJCTXTC219852	2026 Dodge Durango GT HEMI V8	Dodge	https://www.dahlchryslerdodgejeepramstevenspoint.com/viewdetails/new/1c4sdjctxtc219852/2026-dodge-durango-sport-utility/	47560 USD	2026 B5 Blue Dodge Durango GT HEMI V8 Regular Gasoline V-8 5.7 L/345 For sale at Dahl CDJR Stevens Point in Stevens Point Wisconsin.	https://content.homenetiol.com/2000157/2065512/0x0/a99590eb86c441909452b79bb2d1ae8b.jpg	in stock	NEW	SUV	Vehicles & Parts > Vehicles > Motor Vehicles > Cars, Trucks & Vans	1C4SDJCTXTC219852	https://www.dahlchryslerdodgejeepramstevenspoint.com/viewdetails/new/1c4sdjctxtc219852/2026-dodge-durango-sport-utility/123?store={store_code}	BLUE	0 miles	Durango	1C4SDJCTXTC219852	2026	47560 USD	CDJRSP	47560 USD	MI	no	Durango	No	Over 20k
1C6PJTAG8TL192433	2026 Jeep Gladiator Sport S	Jeep	https://www.dahlchryslerdodgejeepramstevenspoint.com/viewdetails/new/1c6pjtag8tl192433/2026-jeep-gladiator-crew-cab-pickup/	50815 USD	2026 Goldilocks Jeep Gladiator Sport S Regular Gasoline V-6 3.6 L/220 For sale at Dahl CDJR Stevens Point in Stevens Point Wisconsin.	https://content.homenetiol.com/2000157/2065512/0x0/daf03889d7874495993d00cb482481b2.jpg	in stock	NEW	TRUCK	Vehicles & Parts > Vehicles > Motor Vehicles > Cars, Trucks & Vans	1C6PJTAG8TL192433	https://www.dahlchryslerdodgejeepramstevenspoint.com/viewdetails/new/1c6pjtag8tl192433/2026-jeep-gladiator-crew-cab-pickup/123?store={store_code}	GOLD	0 miles	Gladiator	1C6PJTAG8TL192433	2026	50815 USD	CDJRSP	50815 USD	MI	no	Gladiator	No	Over 20k
1C6SRFCP3TN397339	2026 RAM 1500 Express	RAM	https://www.dahlchryslerdodgejeepramstevenspoint.com/viewdetails/new/1c6srfcp3tn397339/2026-ram-1500-crew-cab-pickup/	55060 USD	2026 Forged Blue Metallic RAM 1500 Express Twin Turbo Regular Gasoline I-6 3.0 L/183 For sale at Dahl CDJR Stevens Point in Stevens Point Wisconsin.	https://content.homenetiol.com/2000157/2065512/0x0/21770448bced42a98c6ac15812f1268d.jpg	in stock	NEW	TRUCK	Vehicles & Parts > Vehicles > Motor Vehicles > Cars, Trucks & Vans	1C6SRFCP3TN397339	https://www.dahlchryslerdodgejeepramstevenspoint.com/viewdetails/new/1c6srfcp3tn397339/2026-ram-1500-crew-cab-pickup/123?store={store_code}	BLUE	0 miles	1500	1C6SRFCP3TN397339	2026	55060 USD	CDJRSP	55060 USD	MI	no	1500	No	Over 20k
1C6SRFCP4TN407327	2026 RAM 1500 Express	RAM	https://www.dahlchryslerdodgejeepramstevenspoint.com/viewdetails/new/1c6srfcp4tn407327/2026-ram-1500-crew-cab-pickup/	54815 USD	2026 Diamond Black Crystal Pearlcoat RAM 1500 Express Twin Turbo Regular Gasoline I-6 3.0 L/183 For sale at Dahl CDJR Stevens Point in Stevens Point Wisconsin.	https://content.homenetiol.com/2000157/2065512/0x0/18766ffb17df462296cb12123e326779.jpg	in stock	NEW	TRUCK	Vehicles & Parts > Vehicles > Motor Vehicles > Cars, Trucks & Vans	1C6SRFCP4TN407327	https://www.dahlchryslerdodgejeepramstevenspoint.com/viewdetails/new/1c6srfcp4tn407327/2026-ram-1500-crew-cab-pickup/123?store={store_code}	BLACK	0 miles	1500	1C6SRFCP4TN407327	2026	54815 USD	CDJRSP	54815 USD	MI	no	1500	No	Over 20k
1C6SRFCP8TN416421	2026 RAM 1500 Express	RAM	https://www.dahlchryslerdodgejeepramstevenspoint.com/viewdetails/new/1c6srfcp8tn416421/2026-ram-1500-crew-cab-pickup/	53555 USD	2026 Diamond Black Crystal Pearlcoat RAM 1500 Express Twin Turbo Regular Gasoline I-6 3.0 L/183 For sale at Dahl CDJR Stevens Point in Stevens Point Wisconsin.	https://content.homenetiol.com/2000157/2065512/0x0/9f321129cc2b44009b7a8366a34503e5.jpg	in stock	NEW	TRUCK	Vehicles & Parts > Vehicles > Motor Vehicles > Cars, Trucks & Vans	1C6SRFCP8TN416421	https://www.dahlchryslerdodgejeepramstevenspoint.com/viewdetails/new/1c6srfcp8tn416421/2026-ram-1500-crew-cab-pickup/123?store={store_code}	BLACK	0 miles	1500	1C6SRFCP8TN416421	2026	53555 USD	CDJRSP	53555 USD	MI	no	1500	No	Over 20k
1C6SRFFP1TN268480	2026 RAM 1500 Big Horn	RAM	https://www.dahlchryslerdodgejeepramstevenspoint.com/viewdetails/new/1c6srffp1tn268480/2026-ram-1500-crew-cab-pickup/	64045 USD	2026 Molten Red Pearlcoat RAM 1500 Big Horn Twin Turbo Regular Gasoline I-6 3.0 L/183 For sale at Dahl CDJR Stevens Point in Stevens Point Wisconsin.	https://content.homenetiol.com/2000157/2065512/0x0/c3e2544c7fc14b33b60e98b8f221c105.jpg	in stock	NEW	TRUCK	Vehicles & Parts > Vehicles > Motor Vehicles > Cars, Trucks & Vans	1C6SRFFP1TN268480	https://www.dahlchryslerdodgejeepramstevenspoint.com/viewdetails/new/1c6srffp1tn268480/2026-ram-1500-crew-cab-pickup/123?store={store_code}	RED	0 miles	1500	1C6SRFFP1TN268480	2026	64045 USD	CDJRSP	64045 USD	MI	no	1500	No	Over 20k
1C6SRFFP3TN268478	2026 RAM 1500 Big Horn	RAM	https://www.dahlchryslerdodgejeepramstevenspoint.com/viewdetails/new/1c6srffp3tn268478/2026-ram-1500-crew-cab-pickup/	64515 USD	2026 Forged Blue Metallic RAM 1500 Big Horn Twin Turbo Regular Gasoline I-6 3.0 L/183 For sale at Dahl CDJR Stevens Point in Stevens Point Wisconsin.	https://content.homenetiol.com/2000157/2065512/0x0/d4e89d67437f4ea6a816ac76c1ad7c83.jpg	in stock	NEW	TRUCK	Vehicles & Parts > Vehicles > Motor Vehicles > Cars, Trucks & Vans	1C6SRFFP3TN268478	https://www.dahlchryslerdodgejeepramstevenspoint.com/viewdetails/new/1c6srffp3tn268478/2026-ram-1500-crew-cab-pickup/123?store={store_code}	BLUE	0 miles	1500	1C6SRFFP3TN268478	2026	64515 USD	CDJRSP	64515 USD	MI	no	1500	No	Over 20k
1C6SRFFP3TN268481	2026 RAM 1500 Big Horn	RAM	https://www.dahlchryslerdodgejeepramstevenspoint.com/viewdetails/new/1c6srffp3tn268481/2026-ram-1500-crew-cab-pickup/	64045 USD	2026 Molten Red Pearlcoat RAM 1500 Big Horn Twin Turbo Regular Gasoline I-6 3.0 L/183 For sale at Dahl CDJR Stevens Point in Stevens Point Wisconsin.	https://content.homenetiol.com/2000157/2065512/0x0/d96360a3b08d436a9e7bbd947a0f48ed.jpg	in stock	NEW	TRUCK	Vehicles & Parts > Vehicles > Motor Vehicles > Cars, Trucks & Vans	1C6SRFFP3TN268481	https://www.dahlchryslerdodgejeepramstevenspoint.com/viewdetails/new/1c6srffp3tn268481/2026-ram-1500-crew-cab-pickup/123?store={store_code}	RED	0 miles	1500	1C6SRFFP3TN268481	2026	64045 USD	CDJRSP	64045 USD	MI	no	1500	No	Over 20k
1C6SRFFP5TN268479	2026 RAM 1500 Big Horn	RAM	https://www.dahlchryslerdodgejeepramstevenspoint.com/viewdetails/new/1c6srffp5tn268479/2026-ram-1500-crew-cab-pickup/	64515 USD	2026 Silver Zynith RAM 1500 Big Horn Twin Turbo Regular Gasoline I-6 3.0 L/183 For sale at Dahl CDJR Stevens Point in Stevens Point Wisconsin.	https://content.homenetiol.com/2000157/2065512/0x0/0cfe930dd597463386a3f0c8d805125f.jpg	in stock	NEW	TRUCK	Vehicles & Parts > Vehicles > Motor Vehicles > Cars, Trucks & Vans	1C6SRFFP5TN268479	https://www.dahlchryslerdodgejeepramstevenspoint.com/viewdetails/new/1c6srffp5tn268479/2026-ram-1500-crew-cab-pickup/123?store={store_code}	SILVER	0 miles	1500	1C6SRFFP5TN268479	2026	64515 USD	CDJRSP	64515 USD	MI	no	1500	No	Over 20k
1C6SRFFP5TN268482	2026 RAM 1500 Big Horn	RAM	https://www.dahlchryslerdodgejeepramstevenspoint.com/viewdetails/new/1c6srffp5tn268482/2026-ram-1500-crew-cab-pickup/	64515 USD	2026 Granite Crystal Metallic Clearcoat RAM 1500 Big Horn Twin Turbo Regular Gasoline I-6 3.0 L/183 For sale at Dahl CDJR Stevens Point in Stevens Point Wisconsin.	https://content.homenetiol.com/2000157/2065512/0x0/714765a697224f5ba545ec16bbcc77b7.jpg	in stock	NEW	TRUCK	Vehicles & Parts > Vehicles > Motor Vehicles > Cars, Trucks & Vans	1C6SRFFP5TN268482	https://www.dahlchryslerdodgejeepramstevenspoint.com/viewdetails/new/1c6srffp5tn268482/2026-ram-1500-crew-cab-pickup/123?store={store_code}	GRAY	0 miles	1500	1C6SRFFP5TN268482	2026	64515 USD	CDJRSP	64515 USD	MI	no	1500	No	Over 20k
1C6SRFFPXTN291188	2026 RAM 1500 Big Horn	RAM	https://www.dahlchryslerdodgejeepramstevenspoint.com/viewdetails/new/1c6srffpxtn291188/2026-ram-1500-crew-cab-pickup/	61410 USD	2026 Forged Blue Metallic RAM 1500 Big Horn Twin Turbo Regular Gasoline I-6 3.0 L/183 For sale at Dahl CDJR Stevens Point in Stevens Point Wisconsin.	https://content.homenetiol.com/2000157/2065512/0x0/b99f6aaade09436bbe88c17f128591b7.jpg	in stock	NEW	TRUCK	Vehicles & Parts > Vehicles > Motor Vehicles > Cars, Trucks & Vans	1C6SRFFPXTN291188	https://www.dahlchryslerdodgejeepramstevenspoint.com/viewdetails/new/1c6srffpxtn291188/2026-ram-1500-crew-cab-pickup/123?store={store_code}	BLUE	0 miles	1500	1C6SRFFPXTN291188	2026	61410 USD	CDJRSP	61410 USD	MI	no	1500	No	Over 20k
1C6SRFFT1TN403826	2026 RAM 1500 Big Horn	RAM	https://www.dahlchryslerdodgejeepramstevenspoint.com/viewdetails/new/1c6srfft1tn403826/2026-ram-1500-crew-cab-pickup/	62740 USD	2026 Forged Blue Metallic RAM 1500 Big Horn Regular Gasoline V-8 5.7 L/345 For sale at Dahl CDJR Stevens Point in Stevens Point Wisconsin.	https://content.homenetiol.com/2000157/2065512/0x0/fa86a56132594839b5f19efbafb3db7a.jpg	in stock	NEW	TRUCK	Vehicles & Parts > Vehicles > Motor Vehicles > Cars, Trucks & Vans	1C6SRFFT1TN403826	https://www.dahlchryslerdodgejeepramstevenspoint.com/viewdetails/new/1c6srfft1tn403826/2026-ram-1500-crew-cab-pickup/123?store={store_code}	BLUE	0 miles	1500	1C6SRFFT1TN403826	2026	62740 USD	CDJRSP	62740 USD	MI	no	1500	No	Over 20k
1C6SRFFT2TN426449	2026 RAM 1500 Big Horn	RAM	https://www.dahlchryslerdodgejeepramstevenspoint.com/viewdetails/new/1c6srfft2tn426449/2026-ram-1500-crew-cab-pickup/	65220 USD	2026 Serrano Green Metallic RAM 1500 Big Horn Regular Gasoline V-8 5.7 L/345 For sale at Dahl CDJR Stevens Point in Stevens Point Wisconsin.	https://content.homenetiol.com/2000157/2065512/0x0/b6e34eba6bf9429aa220435e0f993637.jpg	in stock	NEW	TRUCK	Vehicles & Parts > Vehicles > Motor Vehicles > Cars, Trucks & Vans	1C6SRFFT2TN426449	https://www.dahlchryslerdodgejeepramstevenspoint.com/viewdetails/new/1c6srfft2tn426449/2026-ram-1500-crew-cab-pickup/123?store={store_code}	GREEN	0 miles	1500	1C6SRFFT2TN426449	2026	65220 USD	CDJRSP	65220 USD	MI	no	1500	No	Over 20k
1C6SRFFT6TN244141	2026 RAM 1500 Big Horn	RAM	https://www.dahlchryslerdodgejeepramstevenspoint.com/viewdetails/new/1c6srfft6tn244141/2026-ram-1500-crew-cab-pickup/	66305 USD	2026 Bright White Clearcoat RAM 1500 Big Horn Regular Gasoline V-8 5.7 L/345 For sale at Dahl CDJR Stevens Point in Stevens Point Wisconsin.	https://content.homenetiol.com/2000157/2065512/0x0/44f61718cc344d579fad4a26da73cdde.jpg	in stock	NEW	TRUCK	Vehicles & Parts > Vehicles > Motor Vehicles > Cars, Trucks & Vans	1C6SRFFT6TN244141	https://www.dahlchryslerdodgejeepramstevenspoint.com/viewdetails/new/1c6srfft6tn244141/2026-ram-1500-crew-cab-pickup/123?store={store_code}	WHITE	0 miles	1500	1C6SRFFT6TN244141	2026	66305 USD	CDJRSP	66305 USD	MI	no	1500	No	Over 20k
1C6SRFFTXTN383690	2026 RAM 1500 Big Horn	RAM	https://www.dahlchryslerdodgejeepramstevenspoint.com/viewdetails/new/1c6srfftxtn383690/2026-ram-1500-crew-cab-pickup/	64990 USD	2026 Diamond Black Crystal Pearlcoat RAM 1500 Big Horn Regular Gasoline V-8 5.7 L/345 For sale at Dahl CDJR Stevens Point in Stevens Point Wisconsin.	https://content.homenetiol.com/2000157/2065512/0x0/efdb9f451e3749339d537dbbb30e6971.jpg	in stock	NEW	TRUCK	Vehicles & Parts > Vehicles > Motor Vehicles > Cars, Trucks & Vans	1C6SRFFTXTN383690	https://www.dahlchryslerdodgejeepramstevenspoint.com/viewdetails/new/1c6srfftxtn383690/2026-ram-1500-crew-cab-pickup/123?store={store_code}	BLACK	0 miles	1500	1C6SRFFTXTN383690	2026	64990 USD	CDJRSP	64990 USD	MI	no	1500	No	Over 20k
1C6SRFGT9TN432442	2026 RAM 1500 Express	RAM	https://www.dahlchryslerdodgejeepramstevenspoint.com/viewdetails/new/1c6srfgt9tn432442/2026-ram-1500-crew-cab-pickup/	58100 USD	2026 Diamond Black Crystal Pearlcoat RAM 1500 Express Regular Gasoline V-8 5.7 L/345 For sale at Dahl CDJR Stevens Point in Stevens Point Wisconsin.	https://content.homenetiol.com/2000157/2065512/0x0/1e62f96b23ea472eb018e5d46cda549d.jpg	in stock	NEW	TRUCK	Vehicles & Parts > Vehicles > Motor Vehicles > Cars, Trucks & Vans	1C6SRFGT9TN432442	https://www.dahlchryslerdodgejeepramstevenspoint.com/viewdetails/new/1c6srfgt9tn432442/2026-ram-1500-crew-cab-pickup/123?store={store_code}	BLACK	0 miles	1500	1C6SRFGT9TN432442	2026	58100 USD	CDJRSP	58100 USD	MI	no	1500	No	Over 20k
1C6SRFHPXVN569104	2027 RAM 1500 Longhorn	RAM	https://www.dahlchryslerdodgejeepramstevenspoint.com/viewdetails/new/1c6srfhpxvn569104/2027-ram-1500-crew-cab-pickup/	88660 USD	2027 Serrano Green Metallic RAM 1500 Longhorn Twin Turbo Premium Gasoline I-6 3.0 L/183 For sale at Dahl CDJR Stevens Point in Stevens Point Wisconsin.	https://content.homenetiol.com/2000157/2065512/0x0/7bb8d408079d4b58badca8fa7ec6f827.jpg	in stock	NEW	TRUCK	Vehicles & Parts > Vehicles > Motor Vehicles > Cars, Trucks & Vans	1C6SRFHPXVN569104	https://www.dahlchryslerdodgejeepramstevenspoint.com/viewdetails/new/1c6srfhpxvn569104/2027-ram-1500-crew-cab-pickup/123?store={store_code}	GREEN	0 miles	1500	1C6SRFHPXVN569104	2027	88660 USD	CDJRSP	88660 USD	MI	no	1500	No	Over 20k
1C6SRFJP5VN609860	2027 RAM 1500 Laramie	RAM	https://www.dahlchryslerdodgejeepramstevenspoint.com/viewdetails/new/1c6srfjp5vn609860/2027-ram-1500-dt6p98/	74120 USD	2027 Granite Crystal Metallic Clear Coat Exterior Paint RAM 1500 Laramie 3.0L I6 Hurricane SO Twin Turbo ESS For sale at Dahl CDJR Stevens Point in Stevens Point Wisconsin.	https://www.jeep.com/mediaserver/iris?client=FCAUS&amp;market=U&amp;brand=R&amp;vehicle=2027_DT&amp;paint=PAU&amp;fabric=X9&amp;sa=DT6P98%2C2TH%2C21H%2CPAU%2CX9%2C-X9%2CA67%2CAEF%2CANT%2CDMH%2CEFH%2CJAN%2CJRC%2CMWH%2CRCA%2CXAK%2CXMF&amp;resp=png&amp;bkgnd=white&amp;pov=fronthero	in stock	NEW	TRUCK	Vehicles & Parts > Vehicles > Motor Vehicles > Cars, Trucks & Vans	1C6SRFJP5VN609860	https://www.dahlchryslerdodgejeepramstevenspoint.com/viewdetails/new/1c6srfjp5vn609860/2027-ram-1500-dt6p98/123?store={store_code}	GRAY	0 miles	1500	1C6SRFJP5VN609860	2027	74120 USD	CDJRSP	74120 USD	MI	no	1500	No	Over 20k
1C6SRFJTXTN298565	2026 RAM 1500 Laramie	RAM	https://www.dahlchryslerdodgejeepramstevenspoint.com/viewdetails/new/1c6srfjtxtn298565/2026-ram-1500-crew-cab-pickup/	70505 USD	2026 Diamond Black Crystal Pearlcoat RAM 1500 Laramie Regular Gasoline V-8 5.7 L/345 For sale at Dahl CDJR Stevens Point in Stevens Point Wisconsin.	https://content.homenetiol.com/2000157/2065512/0x0/060b3d9eeb434b22ba0769fe442c7492.jpg	in stock	NEW	TRUCK	Vehicles & Parts > Vehicles > Motor Vehicles > Cars, Trucks & Vans	1C6SRFJTXTN298565	https://www.dahlchryslerdodgejeepramstevenspoint.com/viewdetails/new/1c6srfjtxtn298565/2026-ram-1500-crew-cab-pickup/123?store={store_code}	BLACK	0 miles	1500	1C6SRFJTXTN298565	2026	70505 USD	CDJRSP	70505 USD	MI	no	1500	No	Over 20k
1C6SRFJTXTN416419	2026 RAM 1500 Laramie	RAM	https://www.dahlchryslerdodgejeepramstevenspoint.com/viewdetails/new/1c6srfjtxtn416419/2026-ram-1500-crew-cab-pickup/	76275 USD	2026 Ivory White Tri Coat Pearlcoat RAM 1500 Laramie Regular Gasoline V-8 5.7 L/345 For sale at Dahl CDJR Stevens Point in Stevens Point Wisconsin.	https://content.homenetiol.com/2000157/2065512/0x0/b7fa88e246364521b38d21315214b970.jpg	in stock	NEW	TRUCK	Vehicles & Parts > Vehicles > Motor Vehicles > Cars, Trucks & Vans	1C6SRFJTXTN416419	https://www.dahlchryslerdodgejeepramstevenspoint.com/viewdetails/new/1c6srfjtxtn416419/2026-ram-1500-crew-cab-pickup/123?store={store_code}	WHITE	0 miles	1500	1C6SRFJTXTN416419	2026	76275 USD	CDJRSP	76275 USD	MI	no	1500	No	Over 20k
2C3CDAMP1VR614765	2027 Dodge Charger Scat Pack Plus	Dodge	https://www.dahlchryslerdodgejeepramstevenspoint.com/viewdetails/new/2c3cdamp1vr614765/2027-dodge-charger-lbep29/	65150 USD	2027 Purple Haze Exterior Paint Dodge Charger Scat Pack Plus 3.0L Twin Turbo SIXPACK HO ESS For sale at Dahl CDJR Stevens Point in Stevens Point Wisconsin.	https://prod.tvmimageservice.com/images/GetEvoxImage?styleid=486709&amp;Width=640&amp;Height=480&amp;Type=jpeg&amp;Angle=03&amp;quality=80&amp;BackGroundColor=white&amp;colorcode=PH9&amp;autocrop=True&amp;useoverrides=true	in stock	NEW	OTHER	Vehicles & Parts > Vehicles > Motor Vehicles > Cars, Trucks & Vans	2C3CDAMP1VR614765	https://www.dahlchryslerdodgejeepramstevenspoint.com/viewdetails/new/2c3cdamp1vr614765/2027-dodge-charger-lbep29/123?store={store_code}	PURPLE	0 miles	Charger	2C3CDAMP1VR614765	2027	65150 USD	CDJRSP	65150 USD	MI	no	Charger	No	Over 20k
2C3CDANP5TR287959	2026 Dodge Charger R/T	Dodge	https://www.dahlchryslerdodgejeepramstevenspoint.com/viewdetails/new/2c3cdanp5tr287959/2026-dodge-charger-4dr-car/	57700 USD	2026 White Knuckle Dodge Charger R/T Twin Turbo Regular Gasoline I-6 3.0 L/183 For sale at Dahl CDJR Stevens Point in Stevens Point Wisconsin.	https://content.homenetiol.com/2000157/2065512/0x0/96bb01e19c8c4559870906d1ec849ce7.jpg	in stock	NEW	OTHER	Vehicles & Parts > Vehicles > Motor Vehicles > Cars, Trucks & Vans	2C3CDANP5TR287959	https://www.dahlchryslerdodgejeepramstevenspoint.com/viewdetails/new/2c3cdanp5tr287959/2026-dodge-charger-4dr-car/123?store={store_code}	WHITE	0 miles	Charger	2C3CDANP5TR287959	2026	57700 USD	CDJRSP	57700 USD	MI	no	Charger	No	Over 20k
2C3CDANP9TR277211	2026 Dodge Charger R/T Plus	Dodge	https://www.dahlchryslerdodgejeepramstevenspoint.com/viewdetails/new/2c3cdanp9tr277211/2026-dodge-charger-4dr-car/	66960 USD	2026 Diamond Black Crystal Pearlcoat Dodge Charger R/T Plus Twin Turbo Regular Gasoline I-6 3.0 L/183 For sale at Dahl CDJR Stevens Point in Stevens Point Wisconsin.	https://content.homenetiol.com/2000157/2065512/0x0/e85e084bb1d940f0b10afec75f7da1ce.jpg	in stock	NEW	OTHER	Vehicles & Parts > Vehicles > Motor Vehicles > Cars, Trucks & Vans	2C3CDANP9TR277211	https://www.dahlchryslerdodgejeepramstevenspoint.com/viewdetails/new/2c3cdanp9tr277211/2026-dodge-charger-4dr-car/123?store={store_code}	BLACK	0 miles	Charger	2C3CDANP9TR277211	2026	66960 USD	CDJRSP	66960 USD	MI	no	Charger	No	Over 20k
2C4RC1BG0TR153227	2026 Chrysler Pacifica Select	Chrysler	https://www.dahlchryslerdodgejeepramstevenspoint.com/viewdetails/new/2c4rc1bg0tr153227/2026-chrysler-pacifica-mini-van,-passenger/	49430 USD	2026 Bright White Clearcoat Chrysler Pacifica Select Regular Gasoline V-6 3.6 L/220 For sale at Dahl CDJR Stevens Point in Stevens Point Wisconsin.	https://content.homenetiol.com/2000157/2065512/0x0/83f3aa5b8f0744fdadc52fbdeb2666cc.jpg	in stock	NEW	VAN	Vehicles & Parts > Vehicles > Motor Vehicles > Cars, Trucks & Vans	2C4RC1BG0TR153227	https://www.dahlchryslerdodgejeepramstevenspoint.com/viewdetails/new/2c4rc1bg0tr153227/2026-chrysler-pacifica-mini-van,-passenger/123?store={store_code}	WHITE	0 miles	Pacifica	2C4RC1BG0TR153227	2026	49430 USD	CDJRSP	49430 USD	MI	no	Pacifica	No	Over 20k
2C4RC1BG0VR609293	2027 Chrysler Pacifica Select	Chrysler	https://www.dahlchryslerdodgejeepramstevenspoint.com/viewdetails/new/2c4rc1bg0vr609293/2027-chrysler-pacifica-ruch53/	49355 USD	2027 Red Hot Pearl Coat Exterior Paint Chrysler Pacifica Select 3.6L V6 24V VVT Engine Upg I w/ESS For sale at Dahl CDJR Stevens Point in Stevens Point Wisconsin.	https://prod.tvmimageservice.com/images/GetEvoxImage?styleid=484779&amp;Width=640&amp;Height=480&amp;Type=jpeg&amp;Angle=03&amp;quality=80&amp;BackGroundColor=white&amp;colorcode=PR6&amp;autocrop=True&amp;useoverrides=true	in stock	NEW	VAN	Vehicles & Parts > Vehicles > Motor Vehicles > Cars, Trucks & Vans	2C4RC1BG0VR609293	https://www.dahlchryslerdodgejeepramstevenspoint.com/viewdetails/new/2c4rc1bg0vr609293/2027-chrysler-pacifica-ruch53/123?store={store_code}	RED	0 miles	Pacifica	2C4RC1BG0VR609293	2027	49355 USD	CDJRSP	49355 USD	MI	no	Pacifica	No	Over 20k
2C4RC1BG8VR584661	2027 Chrysler Pacifica Select	Chrysler	https://www.dahlchryslerdodgejeepramstevenspoint.com/viewdetails/new/2c4rc1bg8vr584661/2027-chrysler-pacifica-mini-van,-passenger/	46955 USD	2027 Olive Green Pearlcoat Chrysler Pacifica Select Regular Gasoline V-6 3.6 L/220 For sale at Dahl CDJR Stevens Point in Stevens Point Wisconsin.	https://content.homenetiol.com/2000157/2065512/0x0/2a0ddfe197f5493e9d34ded352ad7c62.jpg	in stock	NEW	VAN	Vehicles & Parts > Vehicles > Motor Vehicles > Cars, Trucks & Vans	2C4RC1BG8VR584661	https://www.dahlchryslerdodgejeepramstevenspoint.com/viewdetails/new/2c4rc1bg8vr584661/2027-chrysler-pacifica-mini-van,-passenger/123?store={store_code}	GREEN	0 miles	Pacifica	2C4RC1BG8VR584661	2027	46955 USD	CDJRSP	46955 USD	MI	no	Pacifica	No	Over 20k
2C4RC1BGXVR555145	2027 Chrysler Pacifica Select	Chrysler	https://www.dahlchryslerdodgejeepramstevenspoint.com/viewdetails/new/2c4rc1bgxvr555145/2027-chrysler-pacifica-mini-van,-passenger/	47230 USD	2027 Bright White Clearcoat Chrysler Pacifica Select Regular Gasoline V-6 3.6 L/220 For sale at Dahl CDJR Stevens Point in Stevens Point Wisconsin.	https://content.homenetiol.com/2000157/2065512/0x0/2b98c135fc344924a8efce01d7178946.jpg	in stock	NEW	VAN	Vehicles & Parts > Vehicles > Motor Vehicles > Cars, Trucks & Vans	2C4RC1BGXVR555145	https://www.dahlchryslerdodgejeepramstevenspoint.com/viewdetails/new/2c4rc1bgxvr555145/2027-chrysler-pacifica-mini-van,-passenger/123?store={store_code}	WHITE	0 miles	Pacifica	2C4RC1BGXVR555145	2027	47230 USD	CDJRSP	47230 USD	MI	no	Pacifica	No	Over 20k
2C4RC1CG3VR569547	2027 Chrysler Pacifica LX	Chrysler	https://www.dahlchryslerdodgejeepramstevenspoint.com/viewdetails/new/2c4rc1cg3vr569547/2027-chrysler-pacifica-mini-van,-passenger/	43715 USD	2027 Bright White Clearcoat Chrysler Pacifica LX Regular Gasoline V-6 3.6 L/220 For sale at Dahl CDJR Stevens Point in Stevens Point Wisconsin.	https://content.homenetiol.com/2000157/2065512/0x0/1cf1db03a79b4f9d93b42e69748800c4.jpg	in stock	NEW	VAN	Vehicles & Parts > Vehicles > Motor Vehicles > Cars, Trucks & Vans	2C4RC1CG3VR569547	https://www.dahlchryslerdodgejeepramstevenspoint.com/viewdetails/new/2c4rc1cg3vr569547/2027-chrysler-pacifica-mini-van,-passenger/123?store={store_code}	WHITE	0 miles	Pacifica	2C4RC1CG3VR569547	2027	43715 USD	CDJRSP	43715 USD	MI	no	Pacifica	No	Over 20k
2C4RC1CG5VR569548	2027 Chrysler Pacifica LX	Chrysler	https://www.dahlchryslerdodgejeepramstevenspoint.com/viewdetails/new/2c4rc1cg5vr569548/2027-chrysler-pacifica-mini-van,-passenger/	43715 USD	2027 Diamond Black Crystal Pearlcoat Chrysler Pacifica LX Regular Gasoline V-6 3.6 L/220 For sale at Dahl CDJR Stevens Point in Stevens Point Wisconsin.	https://content.homenetiol.com/2000157/2065512/0x0/132c380ae9c74dafbb4a93af87cc26c4.jpg	in stock	NEW	VAN	Vehicles & Parts > Vehicles > Motor Vehicles > Cars, Trucks & Vans	2C4RC1CG5VR569548	https://www.dahlchryslerdodgejeepramstevenspoint.com/viewdetails/new/2c4rc1cg5vr569548/2027-chrysler-pacifica-mini-van,-passenger/123?store={store_code}	BLACK	0 miles	Pacifica	2C4RC1CG5VR569548	2027	43715 USD	CDJRSP	43715 USD	MI	no	Pacifica	No	Over 20k
2C4RC1GG2VR564639	2027 Chrysler Pacifica Limited	Chrysler	https://www.dahlchryslerdodgejeepramstevenspoint.com/viewdetails/new/2c4rc1gg2vr564639/2027-chrysler-pacifica-mini-van,-passenger/	52975 USD	2027 Red Hot Pearlcoat Chrysler Pacifica Limited Regular Gasoline V-6 3.6 L/220 For sale at Dahl CDJR Stevens Point in Stevens Point Wisconsin.	https://content.homenetiol.com/2000157/2065512/0x0/3713841880934aff88ec7056749bbc0c.jpg	in stock	NEW	VAN	Vehicles & Parts > Vehicles > Motor Vehicles > Cars, Trucks & Vans	2C4RC1GG2VR564639	https://www.dahlchryslerdodgejeepramstevenspoint.com/viewdetails/new/2c4rc1gg2vr564639/2027-chrysler-pacifica-mini-van,-passenger/123?store={store_code}	RED	0 miles	Pacifica	2C4RC1GG2VR564639	2027	52975 USD	CDJRSP	52975 USD	MI	no	Pacifica	No	Over 20k
2C4RC1GG3VR618191	2027 Chrysler Pacifica Limited	Chrysler	https://www.dahlchryslerdodgejeepramstevenspoint.com/viewdetails/new/2c4rc1gg3vr618191/2027-chrysler-pacifica-ruct53/	53205 USD	2027 Bright White Clear Coat Paint Chrysler Pacifica Limited 3.6L V6 24V VVT Engine Upg I w/ESS For sale at Dahl CDJR Stevens Point in Stevens Point Wisconsin.	https://www.chrysler.com/mediaserver/iris?client=FCAUS&amp;market=U&amp;brand=C&amp;vehicle=2027_RU&amp;paint=PW7&amp;fabric=X3&amp;sa=RUCT53%2C2DP%2C27P%2CPW7%2CX3%2C-X3%2CADG%2CWPB&amp;resp=png&amp;bkgnd=white&amp;pov=fronthero	in stock	NEW	VAN	Vehicles & Parts > Vehicles > Motor Vehicles > Cars, Trucks & Vans	2C4RC1GG3VR618191	https://www.dahlchryslerdodgejeepramstevenspoint.com/viewdetails/new/2c4rc1gg3vr618191/2027-chrysler-pacifica-ruct53/123?store={store_code}	WHITE	0 miles	Pacifica	2C4RC1GG3VR618191	2027	53205 USD	CDJRSP	53205 USD	MI	no	Pacifica	No	Over 20k
2C4RC3BG1VR605216	2027 Chrysler Pacifica Select	Chrysler	https://www.dahlchryslerdodgejeepramstevenspoint.com/viewdetails/new/2c4rc3bg1vr605216/2027-chrysler-pacifica-mini-van,-passenger/	50055 USD	2027 Olive Green Pearlcoat Chrysler Pacifica Select Regular Gasoline V-6 3.6 L/220 For sale at Dahl CDJR Stevens Point in Stevens Point Wisconsin.	https://content.homenetiol.com/2000157/2065512/0x0/1ac78e28a9094ba9812dfaf79216f4ff.jpg	in stock	NEW	VAN	Vehicles & Parts > Vehicles > Motor Vehicles > Cars, Trucks & Vans	2C4RC3BG1VR605216	https://www.dahlchryslerdodgejeepramstevenspoint.com/viewdetails/new/2c4rc3bg1vr605216/2027-chrysler-pacifica-mini-van,-passenger/123?store={store_code}	GREEN	0 miles	Pacifica	2C4RC3BG1VR605216	2027	50055 USD	CDJRSP	50055 USD	MI	no	Pacifica	No	Over 20k
2C4RC3BG3TR174343	2026 Chrysler Pacifica Select	Chrysler	https://www.dahlchryslerdodgejeepramstevenspoint.com/viewdetails/new/2c4rc3bg3tr174343/2026-chrysler-pacifica-mini-van,-passenger/	50525 USD	2026 Red Hot Pearlcoat Chrysler Pacifica Select Regular Gasoline V-6 3.6 L/220 For sale at Dahl CDJR Stevens Point in Stevens Point Wisconsin.	https://content.homenetiol.com/2000157/2065512/0x0/e626643256d64c7ea6927d30e2914119.jpg	in stock	NEW	VAN	Vehicles & Parts > Vehicles > Motor Vehicles > Cars, Trucks & Vans	2C4RC3BG3TR174343	https://www.dahlchryslerdodgejeepramstevenspoint.com/viewdetails/new/2c4rc3bg3tr174343/2026-chrysler-pacifica-mini-van,-passenger/123?store={store_code}	RED	0 miles	Pacifica	2C4RC3BG3TR174343	2026	50525 USD	CDJRSP	50525 USD	MI	no	Pacifica	No	Over 20k
2C4RC3BG9VR607537	2027 Chrysler Pacifica Select	Chrysler	https://www.dahlchryslerdodgejeepramstevenspoint.com/viewdetails/new/2c4rc3bg9vr607537/2027-chrysler-pacifica-mini-van,-passenger/	52350 USD	2027 Hydro Blue Pearlcoat Chrysler Pacifica Select Regular Gasoline V-6 3.6 L/220 For sale at Dahl CDJR Stevens Point in Stevens Point Wisconsin.	https://content.homenetiol.com/2000157/2065512/0x0/bf8345aee316471cab7ac978a5695851.jpg	in stock	NEW	VAN	Vehicles & Parts > Vehicles > Motor Vehicles > Cars, Trucks & Vans	2C4RC3BG9VR607537	https://www.dahlchryslerdodgejeepramstevenspoint.com/viewdetails/new/2c4rc3bg9vr607537/2027-chrysler-pacifica-mini-van,-passenger/123?store={store_code}	BLUE	0 miles	Pacifica	2C4RC3BG9VR607537	2027	52350 USD	CDJRSP	52350 USD	MI	no	Pacifica	No	Over 20k
3C4NJDBN2TT285732	2026 Jeep Compass 85th Anniversary	Jeep	https://www.dahlchryslerdodgejeepramstevenspoint.com/viewdetails/new/3c4njdbn2tt285732/2026-jeep-compass-sport-utility/	36130 USD	2026 Bright White Clearcoat Jeep Compass 85th Anniversary Intercooled Turbo Regular Gasoline I-4 2.0 L/122 For sale at Dahl CDJR Stevens Point in Stevens Point Wisconsin.	https://content.homenetiol.com/2000157/2065512/0x0/0162522656314d0ca358cd1accd4b910.jpg	in stock	NEW	SUV	Vehicles & Parts > Vehicles > Motor Vehicles > Cars, Trucks & Vans	3C4NJDBN2TT285732	https://www.dahlchryslerdodgejeepramstevenspoint.com/viewdetails/new/3c4njdbn2tt285732/2026-jeep-compass-sport-utility/123?store={store_code}	WHITE	0 miles	Compass	3C4NJDBN2TT285732	2026	36130 USD	CDJRSP	36130 USD	MI	no	Compass	No	Over 20k
3C4NJDCN2TT292405	2026 Jeep Compass Limited	Jeep	https://www.dahlchryslerdodgejeepramstevenspoint.com/viewdetails/new/3c4njdcn2tt292405/2026-jeep-compass-mpjp74/	36375 USD	2026 Sting Gray Clear Coat Exterior Paint Jeep Compass Limited 2.0L I4 DOHC DI TURBO ENG W/ESS-Make For sale at Dahl CDJR Stevens Point in Stevens Point Wisconsin.	https://prod.tvmimageservice.com/images/GetEvoxImage?styleid=480911&amp;Width=640&amp;Height=480&amp;Type=jpeg&amp;Angle=03&amp;quality=80&amp;BackGroundColor=white&amp;colorcode=PDN&amp;autocrop=True&amp;useoverrides=true	in stock	NEW	SUV	Vehicles & Parts > Vehicles > Motor Vehicles > Cars, Trucks & Vans	3C4NJDCN2TT292405	https://www.dahlchryslerdodgejeepramstevenspoint.com/viewdetails/new/3c4njdcn2tt292405/2026-jeep-compass-mpjp74/123?store={store_code}	GRAY	0 miles	Compass	3C4NJDCN2TT292405	2026	36375 USD	CDJRSP	36375 USD	MI	no	Compass	No	Over 20k
3C4NJDCN9TT265430	2026 Jeep Compass Limited	Jeep	https://www.dahlchryslerdodgejeepramstevenspoint.com/viewdetails/new/3c4njdcn9tt265430/2026-jeep-compass-sport-utility/	35780 USD	2026 Red Hot Pearlcoat Jeep Compass Limited Intercooled Turbo Regular Gasoline I-4 2.0 L/122 For sale at Dahl CDJR Stevens Point in Stevens Point Wisconsin.	https://content.homenetiol.com/2000157/2065512/0x0/90f7a4927ab24acf9c82fac18967e4c5.jpg	in stock	NEW	SUV	Vehicles & Parts > Vehicles > Motor Vehicles > Cars, Trucks & Vans	3C4NJDCN9TT265430	https://www.dahlchryslerdodgejeepramstevenspoint.com/viewdetails/new/3c4njdcn9tt265430/2026-jeep-compass-sport-utility/123?store={store_code}	RED	0 miles	Compass	3C4NJDCN9TT265430	2026	35780 USD	CDJRSP	35780 USD	MI	no	Compass	No	Over 20k
3C4NJDCN9TT297164	2026 Jeep Compass Limited Altitude	Jeep	https://www.dahlchryslerdodgejeepramstevenspoint.com/viewdetails/new/3c4njdcn9tt297164/2026-jeep-compass-mpjp74/	40070 USD	2026 Red Hot Pearlcoat Jeep Compass Limited Altitude Intercooled Turbo Regular Gasoline I-4 2.0 L/122 For sale at Dahl CDJR Stevens Point in Stevens Point Wisconsin.	https://prod.tvmimageservice.com/images/GetEvoxImage?styleid=480912&amp;Width=640&amp;Height=480&amp;Type=jpeg&amp;Angle=03&amp;quality=80&amp;BackGroundColor=white&amp;colorcode=PR6&amp;autocrop=True&amp;useoverrides=true	in stock	NEW	SUV	Vehicles & Parts > Vehicles > Motor Vehicles > Cars, Trucks & Vans	3C4NJDCN9TT297164	https://www.dahlchryslerdodgejeepramstevenspoint.com/viewdetails/new/3c4njdcn9tt297164/2026-jeep-compass-mpjp74/123?store={store_code}	RED	0 miles	Compass	3C4NJDCN9TT297164	2026	40070 USD	CDJRSP	40070 USD	MI	no	Compass	No	Over 20k
3C4NJDCN9TT297889	2026 Jeep Compass Limited	Jeep	https://www.dahlchryslerdodgejeepramstevenspoint.com/viewdetails/new/3c4njdcn9tt297889/2026-jeep-compass-mpjp74/	38370 USD	2026 Diamond Black Crystal Pearl Coat Exterior Paint Jeep Compass Limited 2.0L I4 DOHC DI TURBO ENG W/ESS-Make For sale at Dahl CDJR Stevens Point in Stevens Point Wisconsin.	https://prod.tvmimageservice.com/images/GetEvoxImage?styleid=480912&amp;Width=640&amp;Height=480&amp;Type=jpeg&amp;Angle=03&amp;quality=80&amp;BackGroundColor=white&amp;colorcode=PXJ&amp;autocrop=True&amp;useoverrides=true	in stock	NEW	SUV	Vehicles & Parts > Vehicles > Motor Vehicles > Cars, Trucks & Vans	3C4NJDCN9TT297889	https://www.dahlchryslerdodgejeepramstevenspoint.com/viewdetails/new/3c4njdcn9tt297889/2026-jeep-compass-mpjp74/123?store={store_code}	BLACK	0 miles	Compass	3C4NJDCN9TT297889	2026	38370 USD	CDJRSP	38370 USD	MI	no	Compass	No	Over 20k
3C4NJDDN4TT285731	2026 Jeep Compass Trailhawk	Jeep	https://www.dahlchryslerdodgejeepramstevenspoint.com/viewdetails/new/3c4njddn4tt285731/2026-jeep-compass-sport-utility/	36280 USD	2026 Hydro Blue Pearlcoat Jeep Compass Trailhawk Intercooled Turbo Regular Gasoline I-4 2.0 L/122 For sale at Dahl CDJR Stevens Point in Stevens Point Wisconsin.	https://content.homenetiol.com/2000157/2065512/0x0/82fb23f669a6444db747a02f985e5b1d.jpg	in stock	NEW	SUV	Vehicles & Parts > Vehicles > Motor Vehicles > Cars, Trucks & Vans	3C4NJDDN4TT285731	https://www.dahlchryslerdodgejeepramstevenspoint.com/viewdetails/new/3c4njddn4tt285731/2026-jeep-compass-sport-utility/123?store={store_code}	BLUE	0 miles	Compass	3C4NJDDN4TT285731	2026	36280 USD	CDJRSP	36280 USD	MI	no	Compass	No	Over 20k
3C4PJMB22TT232267	2026 Jeep Cherokee Laredo	Jeep	https://www.dahlchryslerdodgejeepramstevenspoint.com/viewdetails/new/3c4pjmb22tt232267/2026-jeep-cherokee-sport-utility/	40590 USD	2026 Diamond Black Crystal Pearlcoat Jeep Cherokee Laredo Intercooled Turbo Gas/Electric I-4 1.6 L/98 For sale at Dahl CDJR Stevens Point in Stevens Point Wisconsin.	https://prod.tvmimageservice.com/images/GetEvoxImage?styleid=479522&amp;Width=640&amp;Height=480&amp;Type=jpeg&amp;Angle=03&amp;quality=80&amp;BackGroundColor=white&amp;colorcode=PXJ&amp;autocrop=True&amp;useoverrides=true	in stock	NEW	SUV	Vehicles & Parts > Vehicles > Motor Vehicles > Cars, Trucks & Vans	3C4PJMB22TT232267	https://www.dahlchryslerdodgejeepramstevenspoint.com/viewdetails/new/3c4pjmb22tt232267/2026-jeep-cherokee-sport-utility/123?store={store_code}	BLACK	0 miles	Cherokee	3C4PJMB22TT232267	2026	40590 USD	CDJRSP	40590 USD	MI	no	Cherokee	No	Over 20k
3C4PJMB23TT293952	2026 Jeep Cherokee Limited	Jeep	https://www.dahlchryslerdodgejeepramstevenspoint.com/viewdetails/new/3c4pjmb23tt293952/2026-jeep-cherokee-kmjm74/	45400 USD	2026 Diamond Black Crystal Pearl Coat Exterior Paint Jeep Cherokee Limited 1.6L I4 EP Turbo Hybrid For sale at Dahl CDJR Stevens Point in Stevens Point Wisconsin.	https://prod.tvmimageservice.com/images/GetEvoxImage?styleid=487835&amp;Width=640&amp;Height=480&amp;Type=jpeg&amp;Angle=03&amp;quality=80&amp;BackGroundColor=white&amp;colorcode=PXJ&amp;autocrop=True&amp;useoverrides=true	in stock	NEW	SUV	Vehicles & Parts > Vehicles > Motor Vehicles > Cars, Trucks & Vans	3C4PJMB23TT293952	https://www.dahlchryslerdodgejeepramstevenspoint.com/viewdetails/new/3c4pjmb23tt293952/2026-jeep-cherokee-kmjm74/123?store={store_code}	BLACK	0 miles	Cherokee	3C4PJMB23TT293952	2026	45400 USD	CDJRSP	45400 USD	MI	no	Cherokee	No	Over 20k
3C4PJMB24TT240080	2026 Jeep Cherokee Laredo	Jeep	https://www.dahlchryslerdodgejeepramstevenspoint.com/viewdetails/new/3c4pjmb24tt240080/2026-jeep-cherokee-sport-utility/	41085 USD	2026 Sting Gray Clearcoat Jeep Cherokee Laredo Intercooled Turbo Gas/Electric I-4 1.6 L/98 For sale at Dahl CDJR Stevens Point in Stevens Point Wisconsin.	https://content.homenetiol.com/2000157/2065512/0x0/046fd23ce9b346f49219466e3711b7d7.jpg	in stock	NEW	SUV	Vehicles & Parts > Vehicles > Motor Vehicles > Cars, Trucks & Vans	3C4PJMB24TT240080	https://www.dahlchryslerdodgejeepramstevenspoint.com/viewdetails/new/3c4pjmb24tt240080/2026-jeep-cherokee-sport-utility/123?store={store_code}	GRAY	0 miles	Cherokee	3C4PJMB24TT240080	2026	41085 USD	CDJRSP	41085 USD	MI	no	Cherokee	No	Over 20k
3C4PJMB24VT553830	2027 Jeep Cherokee Laredo	Jeep	https://www.dahlchryslerdodgejeepramstevenspoint.com/viewdetails/new/3c4pjmb24vt553830/2027-jeep-cherokee-kmjm74/	40845 USD	2027 Red Hot Pearl Coat Paint Jeep Cherokee Laredo 1.6L I4 EP Turbo Hybrid For sale at Dahl CDJR Stevens Point in Stevens Point Wisconsin.	https://prod.tvmimageservice.com/images/GetEvoxImage?styleid=488498&amp;Width=640&amp;Height=480&amp;Type=jpeg&amp;Angle=03&amp;quality=80&amp;BackGroundColor=white&amp;colorcode=PR6&amp;autocrop=True&amp;useoverrides=true	in stock	NEW	SUV	Vehicles & Parts > Vehicles > Motor Vehicles > Cars, Trucks & Vans	3C4PJMB24VT553830	https://www.dahlchryslerdodgejeepramstevenspoint.com/viewdetails/new/3c4pjmb24vt553830/2027-jeep-cherokee-kmjm74/123?store={store_code}	RED	0 miles	Cherokee	3C4PJMB24VT553830	2027	40845 USD	CDJRSP	40845 USD	MI	no	Cherokee	No	Over 20k
3C4PJMB26TT238038	2026 Jeep Cherokee Limited	Jeep	https://www.dahlchryslerdodgejeepramstevenspoint.com/viewdetails/new/3c4pjmb26tt238038/2026-jeep-cherokee-sport-utility/	42590 USD	2026 Diamond Black Crystal Pearlcoat Jeep Cherokee Limited Intercooled Turbo Gas/Electric I-4 1.6 L/98 For sale at Dahl CDJR Stevens Point in Stevens Point Wisconsin.	https://content.homenetiol.com/2000157/2065512/0x0/d8a1365a1638404b85fd8d7fc5242799.jpg	in stock	NEW	SUV	Vehicles & Parts > Vehicles > Motor Vehicles > Cars, Trucks & Vans	3C4PJMB26TT238038	https://www.dahlchryslerdodgejeepramstevenspoint.com/viewdetails/new/3c4pjmb26tt238038/2026-jeep-cherokee-sport-utility/123?store={store_code}	BLACK	0 miles	Cherokee	3C4PJMB26TT238038	2026	42590 USD	CDJRSP	42590 USD	MI	no	Cherokee	No	Over 20k
3C4PJMB26TT257253	2026 Jeep Cherokee 85th Anniversary	Jeep	https://www.dahlchryslerdodgejeepramstevenspoint.com/viewdetails/new/3c4pjmb26tt257253/2026-jeep-cherokee-sport-utility/	43895 USD	2026 Bright White Clearcoat Jeep Cherokee 85th Anniversary Intercooled Turbo Gas/Electric I-4 1.6 L/98 For sale at Dahl CDJR Stevens Point in Stevens Point Wisconsin.	https://content.homenetiol.com/2000157/2065512/0x0/5902d3a96a5c42568fbd7c0cc1aacec2.jpg	in stock	NEW	SUV	Vehicles & Parts > Vehicles > Motor Vehicles > Cars, Trucks & Vans	3C4PJMB26TT257253	https://www.dahlchryslerdodgejeepramstevenspoint.com/viewdetails/new/3c4pjmb26tt257253/2026-jeep-cherokee-sport-utility/123?store={store_code}	WHITE	0 miles	Cherokee	3C4PJMB26TT257253	2026	43895 USD	CDJRSP	43895 USD	MI	no	Cherokee	No	Over 20k
3C4PJMC28VT551058	2027 Jeep Cherokee Limited	Jeep	https://www.dahlchryslerdodgejeepramstevenspoint.com/viewdetails/new/3c4pjmc28vt551058/2027-jeep-cherokee-kmjp74/	46130 USD	2027 Sting Gray Clearcoat Jeep Cherokee Limited 1.6L I4 EP Turbo Hybrid For sale at Dahl CDJR Stevens Point in Stevens Point Wisconsin.	https://prod.tvmimageservice.com/images/GetEvoxImage?styleid=488500&amp;Width=640&amp;Height=480&amp;Type=jpeg&amp;Angle=03&amp;quality=80&amp;BackGroundColor=white&amp;colorcode=PDN&amp;autocrop=True&amp;useoverrides=true	in stock	NEW	SUV	Vehicles & Parts > Vehicles > Motor Vehicles > Cars, Trucks & Vans	3C4PJMC28VT551058	https://www.dahlchryslerdodgejeepramstevenspoint.com/viewdetails/new/3c4pjmc28vt551058/2027-jeep-cherokee-kmjp74/123?store={store_code}	GRAY	0 miles	Cherokee	3C4PJMC28VT551058	2027	46130 USD	CDJRSP	46130 USD	MI	no	Cherokee	No	Over 20k
3C63R3AJ9VG391624	2027 RAM 3500 Tradesman	RAM	https://www.dahlchryslerdodgejeepramstevenspoint.com/viewdetails/new/3c63r3aj9vg391624/2027-ram-3500-d28l62/	58515 USD	2027 Bright White Clear Coat Exterior Paint RAM 3500 Tradesman 6.4L V8 HEMI HD For sale at Dahl CDJR Stevens Point in Stevens Point Wisconsin.	https://prod.tvmimageservice.com/images/GetEvoxImage?styleid=486758&amp;Width=640&amp;Height=480&amp;Type=jpeg&amp;Angle=03&amp;quality=80&amp;BackGroundColor=white&amp;colorcode=PW7&amp;autocrop=True&amp;useoverrides=true	in stock	NEW	TRUCK	Vehicles & Parts > Vehicles > Motor Vehicles > Cars, Trucks & Vans	3C63R3AJ9VG391624	https://www.dahlchryslerdodgejeepramstevenspoint.com/viewdetails/new/3c63r3aj9vg391624/2027-ram-3500-d28l62/123?store={store_code}	WHITE	0 miles	3500	3C63R3AJ9VG391624	2027	58515 USD	CDJRSP	58515 USD	MI	no	3500	No	Over 20k
3C6LRVAG4TE184535	2026 RAM ProMaster Cargo Van Tradesman	RAM	https://www.dahlchryslerdodgejeepramstevenspoint.com/viewdetails/new/3c6lrvag4te184535/2026-ram-promaster-cargo-van-full-size-cargo-van/	53050 USD	2026 Black Clearcoat RAM ProMaster Cargo Van Tradesman Regular Gasoline V-6 3.6 L/220 For sale at Dahl CDJR Stevens Point in Stevens Point Wisconsin.	https://content.homenetiol.com/2000157/2065512/0x0/8ed2b49ddd814666ae88c811bcb2e284.jpg	in stock	NEW	VAN	Vehicles & Parts > Vehicles > Motor Vehicles > Cars, Trucks & Vans	3C6LRVAG4TE184535	https://www.dahlchryslerdodgejeepramstevenspoint.com/viewdetails/new/3c6lrvag4te184535/2026-ram-promaster-cargo-van-full-size-cargo-van/123?store={store_code}	BLACK	0 miles	ProMaster Cargo Van	3C6LRVAG4TE184535	2026	53050 USD	CDJRSP	53050 USD	MI	no	ProMaster Cargo Van	No	Over 20k
3C6LRVDG0TE185449	2026 RAM ProMaster Cargo Van Tradesman	RAM	https://www.dahlchryslerdodgejeepramstevenspoint.com/viewdetails/new/3c6lrvdg0te185449/2026-ram-promaster-cargo-van-full-size-cargo-van/	56285 USD	2026 Black Clearcoat RAM ProMaster Cargo Van Tradesman Regular Gasoline V-6 3.6 L/220 For sale at Dahl CDJR Stevens Point in Stevens Point Wisconsin.	https://content.homenetiol.com/2000157/2065512/0x0/40cb44c52f0e48c182eb4209f1f52b6e.jpg	in stock	NEW	VAN	Vehicles & Parts > Vehicles > Motor Vehicles > Cars, Trucks & Vans	3C6LRVDG0TE185449	https://www.dahlchryslerdodgejeepramstevenspoint.com/viewdetails/new/3c6lrvdg0te185449/2026-ram-promaster-cargo-van-full-size-cargo-van/123?store={store_code}	BLACK	0 miles	ProMaster Cargo Van	3C6LRVDG0TE185449	2026	56285 USD	CDJRSP	56285 USD	MI	no	ProMaster Cargo Van	No	Over 20k
3C6LRVDG0TE194670	2026 RAM ProMaster Cargo Van Tradesman	RAM	https://www.dahlchryslerdodgejeepramstevenspoint.com/viewdetails/new/3c6lrvdg0te194670/2026-ram-promaster-cargo-van-full-size-cargo-van/	56385 USD	2026 Bright White Clearcoat RAM ProMaster Cargo Van Tradesman Regular Gasoline V-6 3.6 L/220 For sale at Dahl CDJR Stevens Point in Stevens Point Wisconsin.	https://content.homenetiol.com/2000157/2065512/0x0/125b6b4c9fd84cf5ac12903d19532d36.jpg	in stock	NEW	VAN	Vehicles & Parts > Vehicles > Motor Vehicles > Cars, Trucks & Vans	3C6LRVDG0TE194670	https://www.dahlchryslerdodgejeepramstevenspoint.com/viewdetails/new/3c6lrvdg0te194670/2026-ram-promaster-cargo-van-full-size-cargo-van/123?store={store_code}	WHITE	0 miles	ProMaster Cargo Van	3C6LRVDG0TE194670	2026	56385 USD	CDJRSP	56385 USD	MI	no	ProMaster Cargo Van	No	Over 20k
3C6LRVDG1TE209158	2026 RAM ProMaster Cargo Van Tradesman	RAM	https://www.dahlchryslerdodgejeepramstevenspoint.com/viewdetails/new/3c6lrvdg1te209158/2026-ram-promaster-cargo-van-full-size-cargo-van/	56510 USD	2026 Bright White Clearcoat RAM ProMaster Cargo Van Tradesman Regular Gasoline V-6 3.6 L/220 For sale at Dahl CDJR Stevens Point in Stevens Point Wisconsin.	https://content.homenetiol.com/2000157/2065512/0x0/153b35dea0c84841b82f45d956326fe0.jpg	in stock	NEW	VAN	Vehicles & Parts > Vehicles > Motor Vehicles > Cars, Trucks & Vans	3C6LRVDG1TE209158	https://www.dahlchryslerdodgejeepramstevenspoint.com/viewdetails/new/3c6lrvdg1te209158/2026-ram-promaster-cargo-van-full-size-cargo-van/123?store={store_code}	WHITE	0 miles	ProMaster Cargo Van	3C6LRVDG1TE209158	2026	56510 USD	CDJRSP	56510 USD	MI	no	ProMaster Cargo Van	No	Over 20k
3C6LRVDG3TE209159	2026 RAM ProMaster Cargo Van Tradesman	RAM	https://www.dahlchryslerdodgejeepramstevenspoint.com/viewdetails/new/3c6lrvdg3te209159/2026-ram-promaster-cargo-van-full-size-cargo-van/	56510 USD	2026 Bright White Clearcoat RAM ProMaster Cargo Van Tradesman Regular Gasoline V-6 3.6 L/220 For sale at Dahl CDJR Stevens Point in Stevens Point Wisconsin.	https://content.homenetiol.com/2000157/2065512/0x0/83e46b1586df4c248cb33a870dc33e9b.jpg	in stock	NEW	VAN	Vehicles & Parts > Vehicles > Motor Vehicles > Cars, Trucks & Vans	3C6LRVDG3TE209159	https://www.dahlchryslerdodgejeepramstevenspoint.com/viewdetails/new/3c6lrvdg3te209159/2026-ram-promaster-cargo-van-full-size-cargo-van/123?store={store_code}	WHITE	0 miles	ProMaster Cargo Van	3C6LRVDG3TE209159	2026	56510 USD	CDJRSP	56510 USD	MI	no	ProMaster Cargo Van	No	Over 20k
3C6LRVDG7TE185447	2026 RAM ProMaster Cargo Van Tradesman	RAM	https://www.dahlchryslerdodgejeepramstevenspoint.com/viewdetails/new/3c6lrvdg7te185447/2026-ram-promaster-cargo-van-full-size-cargo-van/	56285 USD	2026 Black Clearcoat RAM ProMaster Cargo Van Tradesman Regular Gasoline V-6 3.6 L/220 For sale at Dahl CDJR Stevens Point in Stevens Point Wisconsin.	https://content.homenetiol.com/2000157/2065512/0x0/24375e9a2e9f400bb15508cbf57ff25e.jpg	in stock	NEW	VAN	Vehicles & Parts > Vehicles > Motor Vehicles > Cars, Trucks & Vans	3C6LRVDG7TE185447	https://www.dahlchryslerdodgejeepramstevenspoint.com/viewdetails/new/3c6lrvdg7te185447/2026-ram-promaster-cargo-van-full-size-cargo-van/123?store={store_code}	BLACK	0 miles	ProMaster Cargo Van	3C6LRVDG7TE185447	2026	56285 USD	CDJRSP	56285 USD	MI	no	ProMaster Cargo Van	No	Over 20k
3C6LRVDG9TE185448	2026 RAM ProMaster Cargo Van Tradesman	RAM	https://www.dahlchryslerdodgejeepramstevenspoint.com/viewdetails/new/3c6lrvdg9te185448/2026-ram-promaster-cargo-van-full-size-cargo-van/	56285 USD	2026 Black Clearcoat RAM ProMaster Cargo Van Tradesman Regular Gasoline V-6 3.6 L/220 For sale at Dahl CDJR Stevens Point in Stevens Point Wisconsin.	https://content.homenetiol.com/2000157/2065512/0x0/599e72a650b44904a7eeb8e1e18202de.jpg	in stock	NEW	VAN	Vehicles & Parts > Vehicles > Motor Vehicles > Cars, Trucks & Vans	3C6LRVDG9TE185448	https://www.dahlchryslerdodgejeepramstevenspoint.com/viewdetails/new/3c6lrvdg9te185448/2026-ram-promaster-cargo-van-full-size-cargo-van/123?store={store_code}	BLACK	0 miles	ProMaster Cargo Van	3C6LRVDG9TE185448	2026	56285 USD	CDJRSP	56285 USD	MI	no	ProMaster Cargo Van	No	Over 20k
3C6LRVNGXTE184534	2026 RAM ProMaster Cargo Van Tradesman	RAM	https://www.dahlchryslerdodgejeepramstevenspoint.com/viewdetails/new/3c6lrvngxte184534/2026-ram-promaster-cargo-van-mini-van,-cargo/	50355 USD	2026 Black Clearcoat RAM ProMaster Cargo Van Tradesman Regular Gasoline V-6 3.6 L/220 For sale at Dahl CDJR Stevens Point in Stevens Point Wisconsin.	https://content.homenetiol.com/2000157/2065512/0x0/16c7e4b7649740228f8d94910ad90f98.jpg	in stock	NEW	VAN	Vehicles & Parts > Vehicles > Motor Vehicles > Cars, Trucks & Vans	3C6LRVNGXTE184534	https://www.dahlchryslerdodgejeepramstevenspoint.com/viewdetails/new/3c6lrvngxte184534/2026-ram-promaster-cargo-van-mini-van,-cargo/123?store={store_code}	BLACK	0 miles	ProMaster Cargo Van	3C6LRVNGXTE184534	2026	50355 USD	CDJRSP	50355 USD	MI	no	ProMaster Cargo Van	No	Over 20k
3C6LRVVG5SE554013	2025 RAM ProMaster Cargo Van Tradesman	RAM	https://www.dahlchryslerdodgejeepramstevenspoint.com/viewdetails/new/3c6lrvvg5se554013/2025-ram-promaster-cargo-van-full-size-cargo-van/	52330 USD	2025 Bright White Clearcoat RAM ProMaster Cargo Van Tradesman Regular Gasoline V-6 3.6 L/220 For sale at Dahl CDJR Stevens Point in Stevens Point Wisconsin.	https://content.homenetiol.com/2000157/2065512/0x0/33e12681553e4aefa0f035cc6c51401e.jpg	in stock	NEW	VAN	Vehicles & Parts > Vehicles > Motor Vehicles > Cars, Trucks & Vans	3C6LRVVG5SE554013	https://www.dahlchryslerdodgejeepramstevenspoint.com/viewdetails/new/3c6lrvvg5se554013/2025-ram-promaster-cargo-van-full-size-cargo-van/123?store={store_code}	WHITE	0 miles	ProMaster Cargo Van	3C6LRVVG5SE554013	2025	52330 USD	CDJRSP	52330 USD	MI	no	ProMaster Cargo Van	No	Over 20k
3C6MR5AJXTG290783	2026 RAM 2500 Tradesman	RAM	https://www.dahlchryslerdodgejeepramstevenspoint.com/viewdetails/new/3c6mr5ajxtg290783/2026-ram-2500-regular-cab-pickup/	55400 USD	2026 Bright White Clearcoat RAM 2500 Tradesman Regular Gasoline V-8 6.4 L/392 For sale at Dahl CDJR Stevens Point in Stevens Point Wisconsin.	https://content.homenetiol.com/2000157/2065512/0x0/deb53434dc0e4929a12d6243ce5628bb.jpg	in stock	NEW	TRUCK	Vehicles & Parts > Vehicles > Motor Vehicles > Cars, Trucks & Vans	3C6MR5AJXTG290783	https://www.dahlchryslerdodgejeepramstevenspoint.com/viewdetails/new/3c6mr5ajxtg290783/2026-ram-2500-regular-cab-pickup/123?store={store_code}	WHITE	0 miles	2500	3C6MR5AJXTG290783	2026	55400 USD	CDJRSP	55400 USD	MI	no	2500	No	Over 20k
3C6MRVJG8TE209781	2026 RAM ProMaster Cargo Van Tradesman	RAM	https://www.dahlchryslerdodgejeepramstevenspoint.com/viewdetails/new/3c6mrvjg8te209781/2026-ram-promaster-cargo-van-full-size-cargo-van/	61490 USD	2026 Bright White Clearcoat RAM ProMaster Cargo Van Tradesman Regular Gasoline V-6 3.6 L/220 For sale at Dahl CDJR Stevens Point in Stevens Point Wisconsin.	https://content.homenetiol.com/2000157/2065512/0x0/504b2ea0dceb436f9d5aed562899e97e.jpg	in stock	NEW	VAN	Vehicles & Parts > Vehicles > Motor Vehicles > Cars, Trucks & Vans	3C6MRVJG8TE209781	https://www.dahlchryslerdodgejeepramstevenspoint.com/viewdetails/new/3c6mrvjg8te209781/2026-ram-promaster-cargo-van-full-size-cargo-van/123?store={store_code}	WHITE	0 miles	ProMaster Cargo Van	3C6MRVJG8TE209781	2026	61490 USD	CDJRSP	61490 USD	MI	no	ProMaster Cargo Van	No	Over 20k
3C6SRFGP0T4203872	2026 RAM 1500 Express	RAM	https://www.dahlchryslerdodgejeepramstevenspoint.com/viewdetails/new/3c6srfgp0t4203872/2026-ram-1500-crew-cab-pickup/	57025 USD	2026 Diamond Black Crystal Pearlcoat RAM 1500 Express Twin Turbo Regular Gasoline I-6 3.0 L/183 For sale at Dahl CDJR Stevens Point in Stevens Point Wisconsin.	https://content.homenetiol.com/2000157/2065512/0x0/ba7b89ed489b46d1902a6b147d4c998b.jpg	in stock	NEW	TRUCK	Vehicles & Parts > Vehicles > Motor Vehicles > Cars, Trucks & Vans	3C6SRFGP0T4203872	https://www.dahlchryslerdodgejeepramstevenspoint.com/viewdetails/new/3c6srfgp0t4203872/2026-ram-1500-crew-cab-pickup/123?store={store_code}	BLACK	0 miles	1500	3C6SRFGP0T4203872	2026	57025 USD	CDJRSP	57025 USD	MI	no	1500	No	Over 20k
3C6TR5EJ4TG181421	2026 RAM 2500 Power Wagon	RAM	https://www.dahlchryslerdodgejeepramstevenspoint.com/viewdetails/new/3c6tr5ej4tg181421/2026-ram-2500-crew-cab-pickup/	83060 USD	2026 Silver Zynith RAM 2500 Power Wagon Regular Gasoline V-8 6.4 L/392 For sale at Dahl CDJR Stevens Point in Stevens Point Wisconsin.	https://content.homenetiol.com/2000157/2065512/0x0/dfa3f34d604243359b045cb4d3f45f85.jpg	in stock	NEW	TRUCK	Vehicles & Parts > Vehicles > Motor Vehicles > Cars, Trucks & Vans	3C6TR5EJ4TG181421	https://www.dahlchryslerdodgejeepramstevenspoint.com/viewdetails/new/3c6tr5ej4tg181421/2026-ram-2500-crew-cab-pickup/123?store={store_code}	SILVER	0 miles	2500	3C6TR5EJ4TG181421	2026	83060 USD	CDJRSP	83060 USD	MI	no	2500	No	Over 20k
3C6UR5CJ6TG271869	2026 RAM 2500 Tradesman	RAM	https://www.dahlchryslerdodgejeepramstevenspoint.com/viewdetails/new/3c6ur5cj6tg271869/2026-ram-2500-crew-cab-pickup/	61435 USD	2026 Silver Zynith RAM 2500 Tradesman Regular Gasoline V-8 6.4 L/392 For sale at Dahl CDJR Stevens Point in Stevens Point Wisconsin.	https://content.homenetiol.com/2000157/2065512/0x0/d6709c67e72a44a4bc8336d8026337a0.jpg	in stock	NEW	TRUCK	Vehicles & Parts > Vehicles > Motor Vehicles > Cars, Trucks & Vans	3C6UR5CJ6TG271869	https://www.dahlchryslerdodgejeepramstevenspoint.com/viewdetails/new/3c6ur5cj6tg271869/2026-ram-2500-crew-cab-pickup/123?store={store_code}	SILVER	0 miles	2500	3C6UR5CJ6TG271869	2026	61435 USD	CDJRSP	61435 USD	MI	no	2500	No	Over 20k
3C6UR5CJ9TG281277	2026 RAM 2500 Black Express	RAM	https://www.dahlchryslerdodgejeepramstevenspoint.com/viewdetails/new/3c6ur5cj9tg281277/2026-ram-2500-crew-cab-pickup/	61260 USD	2026 Diamond Black Crystal Pearlcoat RAM 2500 Black Express Regular Gasoline V-8 6.4 L/392 For sale at Dahl CDJR Stevens Point in Stevens Point Wisconsin.	https://content.homenetiol.com/2000157/2065512/0x0/52c227570239449390a9987d5556477e.jpg	in stock	NEW	TRUCK	Vehicles & Parts > Vehicles > Motor Vehicles > Cars, Trucks & Vans	3C6UR5CJ9TG281277	https://www.dahlchryslerdodgejeepramstevenspoint.com/viewdetails/new/3c6ur5cj9tg281277/2026-ram-2500-crew-cab-pickup/123?store={store_code}	BLACK	0 miles	2500	3C6UR5CJ9TG281277	2026	61260 USD	CDJRSP	61260 USD	MI	no	2500	No	Over 20k
3C6UR5FJ1TG310086	2026 RAM 2500 Laramie	RAM	https://www.dahlchryslerdodgejeepramstevenspoint.com/viewdetails/new/3c6ur5fj1tg310086/2026-ram-2500-crew-cab-pickup/	72585 USD	2026 Forged Blue Metallic RAM 2500 Laramie Regular Gasoline V-8 6.4 L/392 For sale at Dahl CDJR Stevens Point in Stevens Point Wisconsin.	https://content.homenetiol.com/2000157/2065512/0x0/3674deb12d584bec9d9bcc583ba18d35.jpg	in stock	NEW	TRUCK	Vehicles & Parts > Vehicles > Motor Vehicles > Cars, Trucks & Vans	3C6UR5FJ1TG310086	https://www.dahlchryslerdodgejeepramstevenspoint.com/viewdetails/new/3c6ur5fj1tg310086/2026-ram-2500-crew-cab-pickup/123?store={store_code}	BLUE	0 miles	2500	3C6UR5FJ1TG310086	2026	72585 USD	CDJRSP	72585 USD	MI	no	2500	No	Over 20k
3C7WRNFJ9VG374724	2027 RAM 5500 Chassis Cab Tradesman	RAM	https://www.dahlchryslerdodgejeepramstevenspoint.com/viewdetails/new/3c7wrnfj9vg374724/2027-ram-5500-chassis-cab-crew-cab-chassis-cab/	73475 USD	2027 Bright White Clearcoat RAM 5500 Chassis Cab Tradesman Regular Gasoline V-8 6.4 L/392 For sale at Dahl CDJR Stevens Point in Stevens Point Wisconsin.	https://prod.tvmimageservice.com/images/GetEvoxImage?styleid=486997&amp;Width=640&amp;Height=480&amp;Type=jpeg&amp;Angle=03&amp;quality=80&amp;BackGroundColor=white&amp;colorcode=PW7&amp;autocrop=True&amp;useoverrides=true	in stock	NEW	TRUCK	Vehicles & Parts > Vehicles > Motor Vehicles > Cars, Trucks & Vans	3C7WRNFJ9VG374724	https://www.dahlchryslerdodgejeepramstevenspoint.com/viewdetails/new/3c7wrnfj9vg374724/2027-ram-5500-chassis-cab-crew-cab-chassis-cab/123?store={store_code}	WHITE	0 miles	5500 Chassis Cab	3C7WRNFJ9VG374724	2027	73475 USD	CDJRSP	73475 USD	MI	no	5500 Chassis Cab	No	Over 20k
19XFB2F51FE096336	2015 Honda Civic Sedan LX	Honda	https://www.dahlchryslerdodgejeepramstevenspoint.com/viewdetails/used/19xfb2f51fe096336/2015-honda-civic-sedan-4dr-car/	10250 USD	2015 Modern Steel Metallic Honda Civic LX Regular Unleaded I-4 1.8 L/110 For sale at Dahl CDJR Stevens Point in Stevens Point Wisconsin.	https://content.homenetiol.com/2000157/2065512/0x0/d2ba72178c64414da96b2bf7475d7da9.jpg	in stock	USED	OTHER	Vehicles & Parts > Vehicles > Motor Vehicles > Cars, Trucks & Vans	19XFB2F51FE096336	https://www.dahlchryslerdodgejeepramstevenspoint.com/viewdetails/used/19xfb2f51fe096336/2015-honda-civic-sedan-4dr-car/123?store={store_code}	GRAY	127379 miles	Civic	19XFB2F51FE096336	2015	10250 USD	CDJRSP	10250 USD	MI	no	Civic	No	Under 20k
1C4HJXDG6LW270349	2020 Jeep Wrangler Unlimited Willys	Jeep	https://www.dahlchryslerdodgejeepramstevenspoint.com/viewdetails/used/1c4hjxdg6lw270349/2020-jeep-wrangler-unlimited-convertible/	23899 USD	2020 Granite Crystal Metallic Clearcoat Jeep Wrangler Unlimited Willys Regular Unleaded V-6 3.6 L/220 For sale at Dahl CDJR Stevens Point in Stevens Point Wisconsin.	https://content.homenetiol.com/2000157/2065512/0x0/316c4cd8f2fe497cbcf6d0ecbe52ee95.jpg	in stock	USED	SUV	Vehicles & Parts > Vehicles > Motor Vehicles > Cars, Trucks & Vans	1C4HJXDG6LW270349	https://www.dahlchryslerdodgejeepramstevenspoint.com/viewdetails/used/1c4hjxdg6lw270349/2020-jeep-wrangler-unlimited-convertible/123?store={store_code}	GRAY	58242 miles	Wrangler Unlimited	1C4HJXDG6LW270349	2020	23899 USD	CDJRSP	23899 USD	MI	no	Wrangler Unlimited	No	Over 20k
1C4HJXEG5NW123067	2022 Jeep Wrangler Unlimited High Altitude	Jeep	https://www.dahlchryslerdodgejeepramstevenspoint.com/viewdetails/used/1c4hjxeg5nw123067/2022-jeep-wrangler-convertible/	32299 USD	2022 Hydro Blue Pearlcoat Jeep Wrangler Unlimited High Altitude Gas/Electric V-6 3.6 L/220 For sale at Dahl CDJR Stevens Point in Stevens Point Wisconsin.	https://content.homenetiol.com/2000157/2065512/0x0/c80d50ca773b49a8823766e663895f4c.jpg	in stock	USED	SUV	Vehicles & Parts > Vehicles > Motor Vehicles > Cars, Trucks & Vans	1C4HJXEG5NW123067	https://www.dahlchryslerdodgejeepramstevenspoint.com/viewdetails/used/1c4hjxeg5nw123067/2022-jeep-wrangler-convertible/123?store={store_code}	BLUE	59155 miles	Wrangler	1C4HJXEG5NW123067	2022	32299 USD	CDJRSP	32299 USD	MI	no	Wrangler	No	Over 20k
1C4RJFBGXKC713510	2019 Jeep Grand Cherokee Limited	Jeep	https://www.dahlchryslerdodgejeepramstevenspoint.com/viewdetails/used/1c4rjfbgxkc713510/2019-jeep-grand-cherokee-sport-utility/	19070 USD	2019 Diamond Black Crystal Pearlcoat Jeep Grand Cherokee Limited Regular Unleaded V-6 3.6 L/220 For sale at Dahl CDJR Stevens Point in Stevens Point Wisconsin.	https://content.homenetiol.com/2000157/2065512/0x0/f03436878ac049d886c0ec149cfae1d4.jpg	in stock	USED	SUV	Vehicles & Parts > Vehicles > Motor Vehicles > Cars, Trucks & Vans	1C4RJFBGXKC713510	https://www.dahlchryslerdodgejeepramstevenspoint.com/viewdetails/used/1c4rjfbgxkc713510/2019-jeep-grand-cherokee-sport-utility/123?store={store_code}	BLACK	100543 miles	Grand Cherokee	1C4RJFBGXKC713510	2019	19070 USD	CDJRSP	19070 USD	MI	no	Grand Cherokee	No	Under 20k
1C4RJHDG2PC515455	2023 Jeep Grand Cherokee Overland	Jeep	https://www.dahlchryslerdodgejeepramstevenspoint.com/viewdetails/used/1c4rjhdg2pc515455/2023-jeep-grand-cherokee-sport-utility/	30299 USD	2023 Velvet Red Pearlcoat Jeep Grand Cherokee Overland Regular Gasoline V-6 3.6 L/220 For sale at Dahl CDJR Stevens Point in Stevens Point Wisconsin.	https://content.homenetiol.com/2000157/2065512/0x0/919c149054c04195b85725098721cabc.jpg	in stock	USED	SUV	Vehicles & Parts > Vehicles > Motor Vehicles > Cars, Trucks & Vans	1C4RJHDG2PC515455	https://www.dahlchryslerdodgejeepramstevenspoint.com/viewdetails/used/1c4rjhdg2pc515455/2023-jeep-grand-cherokee-sport-utility/123?store={store_code}	RED	50493 miles	Grand Cherokee	1C4RJHDG2PC515455	2023	30299 USD	CDJRSP	30299 USD	MI	no	Grand Cherokee	No	Over 20k
1C4RJKAG1P8812995	2023 Jeep Grand Cherokee L Altitude	Jeep	https://www.dahlchryslerdodgejeepramstevenspoint.com/viewdetails/used/1c4rjkag1p8812995/2023-jeep-grand-cherokee-l-sport-utility/	28299 USD	2023 Bright White Clearcoat Jeep Grand Cherokee L Altitude Regular Gasoline V-6 3.6 L/220 For sale at Dahl CDJR Stevens Point in Stevens Point Wisconsin.	https://content.homenetiol.com/2000157/2065512/0x0/1295ce0c422446af91bd64d98a072edd.jpg	in stock	USED	SUV	Vehicles & Parts > Vehicles > Motor Vehicles > Cars, Trucks & Vans	1C4RJKAG1P8812995	https://www.dahlchryslerdodgejeepramstevenspoint.com/viewdetails/used/1c4rjkag1p8812995/2023-jeep-grand-cherokee-l-sport-utility/123?store={store_code}	WHITE	47188 miles	Grand Cherokee L	1C4RJKAG1P8812995	2023	28299 USD	CDJRSP	28299 USD	MI	no	Grand Cherokee L	No	Over 20k
1C4RJKAG3N8544027	2022 Jeep Grand Cherokee L Laredo	Jeep	https://www.dahlchryslerdodgejeepramstevenspoint.com/viewdetails/used/1c4rjkag3n8544027/2022-jeep-grand-cherokee-l-sport-utility/	26983 USD	2022 Baltic Gray Metallic Clearcoat Jeep Grand Cherokee L Laredo Regular Gasoline V-6 3.6 L/220 For sale at Dahl CDJR Stevens Point in Stevens Point Wisconsin.	https://content.homenetiol.com/2000157/2065512/0x0/cab1c513829d44489bb6a097eb957e61.jpg	in stock	USED	SUV	Vehicles & Parts > Vehicles > Motor Vehicles > Cars, Trucks & Vans	1C4RJKAG3N8544027	https://www.dahlchryslerdodgejeepramstevenspoint.com/viewdetails/used/1c4rjkag3n8544027/2022-jeep-grand-cherokee-l-sport-utility/123?store={store_code}	GRAY	28669 miles	Grand Cherokee L	1C4RJKAG3N8544027	2022	26983 USD	CDJRSP	26983 USD	MI	no	Grand Cherokee L	No	Over 20k
1C4RJKBG3P8770151	2023 Jeep Grand Cherokee L Limited	Jeep	https://www.dahlchryslerdodgejeepramstevenspoint.com/viewdetails/used/1c4rjkbg3p8770151/2023-jeep-grand-cherokee-l-sport-utility/	30299 USD	2023 Silver Zynith Jeep Grand Cherokee L Limited Regular Gasoline V-6 3.6 L/220 For sale at Dahl CDJR Stevens Point in Stevens Point Wisconsin.	https://content.homenetiol.com/2000157/2065512/0x0/b133a36048f748f28080c22aa78d491d.jpg	in stock	USED	SUV	Vehicles & Parts > Vehicles > Motor Vehicles > Cars, Trucks & Vans	1C4RJKBG3P8770151	https://www.dahlchryslerdodgejeepramstevenspoint.com/viewdetails/used/1c4rjkbg3p8770151/2023-jeep-grand-cherokee-l-sport-utility/123?store={store_code}	SILVER	42277 miles	Grand Cherokee L	1C4RJKBG3P8770151	2023	30299 USD	CDJRSP	30299 USD	MI	no	Grand Cherokee L	No	Over 20k
1C4RJKEG8P8700088	2023 Jeep Grand Cherokee L Summit Reserve	Jeep	https://www.dahlchryslerdodgejeepramstevenspoint.com/viewdetails/used/1c4rjkeg8p8700088/2023-jeep-grand-cherokee-l-sport-utility/	34899 USD	2023 Diamond Black Crystal Pearlcoat Jeep Grand Cherokee L Summit Reserve Regular Gasoline V-6 3.6 L/220 For sale at Dahl CDJR Stevens Point in Stevens Point Wisconsin.	https://content.homenetiol.com/2000157/2065512/0x0/1f07a01580074c2e9107875b0434c8c9.jpg	in stock	USED	SUV	Vehicles & Parts > Vehicles > Motor Vehicles > Cars, Trucks & Vans	1C4RJKEG8P8700088	https://www.dahlchryslerdodgejeepramstevenspoint.com/viewdetails/used/1c4rjkeg8p8700088/2023-jeep-grand-cherokee-l-sport-utility/123?store={store_code}	BLACK	74066 miles	Grand Cherokee L	1C4RJKEG8P8700088	2023	34899 USD	CDJRSP	34899 USD	MI	no	Grand Cherokee L	No	Over 20k
1C4SJVBPXRS175080	2024 Jeep Wagoneer Series II	Jeep	https://www.dahlchryslerdodgejeepramstevenspoint.com/viewdetails/used/1c4sjvbpxrs175080/2024-jeep-wagoneer-sport-utility/	36399 USD	2024 River Rock Jeep Wagoneer Series II Twin Turbo Regular Unleaded I-6 3.0 L/183 For sale at Dahl CDJR Stevens Point in Stevens Point Wisconsin.	https://content.homenetiol.com/2000157/2065512/0x0/6988a016ab8a495fad5a1f7e6d2d8eb4.jpg	in stock	USED	SUV	Vehicles & Parts > Vehicles > Motor Vehicles > Cars, Trucks & Vans	1C4SJVBPXRS175080	https://www.dahlchryslerdodgejeepramstevenspoint.com/viewdetails/used/1c4sjvbpxrs175080/2024-jeep-wagoneer-sport-utility/123?store={store_code}	GRAY	64289 miles	Wagoneer	1C4SJVBPXRS175080	2024	36399 USD	CDJRSP	36399 USD	MI	no	Wagoneer	No	Over 20k
1C6RR7FT7JS260738	2018 RAM 1500 Express	RAM	https://www.dahlchryslerdodgejeepramstevenspoint.com/viewdetails/used/1c6rr7ft7js260738/2018-ram-1500-crew-cab-pickup/	12458 USD	2018 Granite Crystal Metallic Clearcoat RAM 1500 Express Regular Unleaded V-8 5.7 L/345 For sale at Dahl CDJR Stevens Point in Stevens Point Wisconsin.	https://content.homenetiol.com/2000157/2065512/0x0/9e44e24b770146e5ac43a239d06473a5.jpg	in stock	USED	TRUCK	Vehicles & Parts > Vehicles > Motor Vehicles > Cars, Trucks & Vans	1C6RR7FT7JS260738	https://www.dahlchryslerdodgejeepramstevenspoint.com/viewdetails/used/1c6rr7ft7js260738/2018-ram-1500-crew-cab-pickup/123?store={store_code}	GRAY	158990 miles	1500	1C6RR7FT7JS260738	2018	12458 USD	CDJRSP	12458 USD	MI	no	1500	No	Under 20k
1C6SRFFP1SN562542	2025 RAM 1500 Big Horn	RAM	https://www.dahlchryslerdodgejeepramstevenspoint.com/viewdetails/used/1c6srffp1sn562542/2025-ram-1500-crew-cab-pickup/	34987 USD	2025 Flame Red Clearcoat RAM 1500 Big Horn Twin Turbo Regular Gasoline I-6 3.0 L/183 For sale at Dahl CDJR Stevens Point in Stevens Point Wisconsin.	https://content.homenetiol.com/2000157/2065512/0x0/495e6c7298014eefa145bd296709abea.jpg	in stock	USED	TRUCK	Vehicles & Parts > Vehicles > Motor Vehicles > Cars, Trucks & Vans	1C6SRFFP1SN562542	https://www.dahlchryslerdodgejeepramstevenspoint.com/viewdetails/used/1c6srffp1sn562542/2025-ram-1500-crew-cab-pickup/123?store={store_code}	RED	54818 miles	1500	1C6SRFFP1SN562542	2025	34987 USD	CDJRSP	34987 USD	MI	no	1500	No	Over 20k
1C6SRFHT7NN176089	2022 RAM 1500 Limited	RAM	https://www.dahlchryslerdodgejeepramstevenspoint.com/viewdetails/used/1c6srfht7nn176089/2022-ram-1500-crew-cab-pickup/	36899 USD	2022 Patriot Blue Pearlcoat RAM 1500 Limited Regular Gasoline V-8 5.7 L/345 For sale at Dahl CDJR Stevens Point in Stevens Point Wisconsin.	https://content.homenetiol.com/2000157/2065512/0x0/e8bb0042314147c9a5d6df7a518fccf2.jpg	in stock	USED	TRUCK	Vehicles & Parts > Vehicles > Motor Vehicles > Cars, Trucks & Vans	1C6SRFHT7NN176089	https://www.dahlchryslerdodgejeepramstevenspoint.com/viewdetails/used/1c6srfht7nn176089/2022-ram-1500-crew-cab-pickup/123?store={store_code}	BLUE	74643 miles	1500	1C6SRFHT7NN176089	2022	36899 USD	CDJRSP	36899 USD	MI	no	1500	No	Over 20k
1C6SRFJT6TN348149	2026 RAM 1500 Laramie	RAM	https://www.dahlchryslerdodgejeepramstevenspoint.com/viewdetails/used/1c6srfjt6tn348149/2026-ram-1500-crew-cab-pickup/	57386 USD	2026 Granite Crystal Metallic Clearcoat RAM 1500 Laramie Regular Gasoline V-8 5.7 L/345 For sale at Dahl CDJR Stevens Point in Stevens Point Wisconsin.	https://content.homenetiol.com/2000157/2065512/0x0/ca7a799dc9c847b7a51ab0312ea62abb.jpg	in stock	USED	TRUCK	Vehicles & Parts > Vehicles > Motor Vehicles > Cars, Trucks & Vans	1C6SRFJT6TN348149	https://www.dahlchryslerdodgejeepramstevenspoint.com/viewdetails/used/1c6srfjt6tn348149/2026-ram-1500-crew-cab-pickup/123?store={store_code}	GRAY	9793 miles	1500	1C6SRFJT6TN348149	2026	57386 USD	CDJRSP	57386 USD	MI	no	1500	No	Over 20k
1C6SRFJT9RN118873	2024 RAM 1500 Laramie	RAM	https://www.dahlchryslerdodgejeepramstevenspoint.com/viewdetails/used/1c6srfjt9rn118873/2024-ram-1500-crew-cab-pickup/	45397 USD	2024 Bright White Clearcoat RAM 1500 Laramie Gas/Electric V-8 5.7 L/345 For sale at Dahl CDJR Stevens Point in Stevens Point Wisconsin.	https://content.homenetiol.com/2000157/2065512/0x0/69e91569a8cd4c5dad280444b20f5bc4.jpg	in stock	USED	TRUCK	Vehicles & Parts > Vehicles > Motor Vehicles > Cars, Trucks & Vans	1C6SRFJT9RN118873	https://www.dahlchryslerdodgejeepramstevenspoint.com/viewdetails/used/1c6srfjt9rn118873/2024-ram-1500-crew-cab-pickup/123?store={store_code}	WHITE	19784 miles	1500	1C6SRFJT9RN118873	2024	45397 USD	CDJRSP	45397 USD	MI	no	1500	No	Over 20k
1FMJU2AT3KEA80506	2019 Ford Expedition Limited	Ford	https://www.dahlchryslerdodgejeepramstevenspoint.com/viewdetails/used/1fmju2at3kea80506/2019-ford-expedition-sport-utility/	22987 USD	2019 Magnetic Metallic Ford Expedition Limited Twin Turbo Premium Unleaded V-6 3.5 L/213 For sale at Dahl CDJR Stevens Point in Stevens Point Wisconsin.	https://content.homenetiol.com/2000157/2065512/0x0/bb67d067b1834480856694889bea142d.jpg	in stock	USED	SUV	Vehicles & Parts > Vehicles > Motor Vehicles > Cars, Trucks & Vans	1FMJU2AT3KEA80506	https://www.dahlchryslerdodgejeepramstevenspoint.com/viewdetails/used/1fmju2at3kea80506/2019-ford-expedition-sport-utility/123?store={store_code}	GRAY	129330 miles	Expedition	1FMJU2AT3KEA80506	2019	22987 USD	CDJRSP	22987 USD	MI	no	Expedition	No	Over 20k
1GTP9EEL0KZ169678	2019 GMC Sierra 1500 AT4	GMC	https://www.dahlchryslerdodgejeepramstevenspoint.com/viewdetails/used/1gtp9eel0kz169678/2019-gmc-sierra-1500-crew-cab-pickup/	36399 USD	2019 Onyx Black GMC Sierra 1500 AT4 Gas V8 6.2L For sale at Dahl CDJR Stevens Point in Stevens Point Wisconsin.	https://content.homenetiol.com/2000157/2065512/0x0/177a809ea76340c7bf8f9941f0c5e0da.jpg	in stock	USED	TRUCK	Vehicles & Parts > Vehicles > Motor Vehicles > Cars, Trucks & Vans	1GTP9EEL0KZ169678	https://www.dahlchryslerdodgejeepramstevenspoint.com/viewdetails/used/1gtp9eel0kz169678/2019-gmc-sierra-1500-crew-cab-pickup/123?store={store_code}	BLACK	63184 miles	Sierra 1500	1GTP9EEL0KZ169678	2019	36399 USD	CDJRSP	36399 USD	MI	no	Sierra 1500	No	Over 20k
1J4AA2D17AL207091	2010 Jeep Wrangler Sport	Jeep	https://www.dahlchryslerdodgejeepramstevenspoint.com/viewdetails/used/1j4aa2d17al207091/2010-jeep-wrangler-convertible/	13000 USD	2010 Red Rock Crystal Pearl Jeep Wrangler Sport Gas V6 3.8L/231 For sale at Dahl CDJR Stevens Point in Stevens Point Wisconsin.	https://content.homenetiol.com/2000157/2065512/0x0/befc20808afd493ca066b5caaafcad96.jpg	in stock	USED	SUV	Vehicles & Parts > Vehicles > Motor Vehicles > Cars, Trucks & Vans	1J4AA2D17AL207091	https://www.dahlchryslerdodgejeepramstevenspoint.com/viewdetails/used/1j4aa2d17al207091/2010-jeep-wrangler-convertible/123?store={store_code}	RED	60861 miles	Wrangler	1J4AA2D17AL207091	2010	13000 USD	CDJRSP	13000 USD	MI	no	Wrangler	No	Under 20k
2C4RC1BG3SR581615	2025 Chrysler Pacifica Select	Chrysler	https://www.dahlchryslerdodgejeepramstevenspoint.com/viewdetails/used/2c4rc1bg3sr581615/2025-chrysler-pacifica-mini-van,-passenger/	25399 USD	2025 Diamond Black Crystal Pearlcoat Chrysler Pacifica Select Regular Gasoline V-6 3.6 L/220 For sale at Dahl CDJR Stevens Point in Stevens Point Wisconsin.	https://content.homenetiol.com/2000157/2065512/0x0/6b03285223ec44f399ef7d6974f1f4db.jpg	in stock	USED	VAN	Vehicles & Parts > Vehicles > Motor Vehicles > Cars, Trucks & Vans	2C4RC1BG3SR581615	https://www.dahlchryslerdodgejeepramstevenspoint.com/viewdetails/used/2c4rc1bg3sr581615/2025-chrysler-pacifica-mini-van,-passenger/123?store={store_code}	BLACK	59069 miles	Pacifica	2C4RC1BG3SR581615	2025	25399 USD	CDJRSP	25399 USD	MI	no	Pacifica	No	Over 20k
2C4RC1CG1PR597513	2023 Chrysler Voyager LX	Chrysler	https://www.dahlchryslerdodgejeepramstevenspoint.com/viewdetails/used/2c4rc1cg1pr597513/2023-chrysler-voyager-mini-van,-passenger/	20299 USD	2023 Silver Mist Clearcoat Chrysler Voyager LX Regular Unleaded V-6 3.6 L/220 For sale at Dahl CDJR Stevens Point in Stevens Point Wisconsin.	https://content.homenetiol.com/2000157/2065512/0x0/0223423011cc4f5ba6a9a3562d150158.jpg	in stock	USED	VAN	Vehicles & Parts > Vehicles > Motor Vehicles > Cars, Trucks & Vans	2C4RC1CG1PR597513	https://www.dahlchryslerdodgejeepramstevenspoint.com/viewdetails/used/2c4rc1cg1pr597513/2023-chrysler-voyager-mini-van,-passenger/123?store={store_code}	SILVER	61418 miles	Voyager	2C4RC1CG1PR597513	2023	20299 USD	CDJRSP	20299 USD	MI	no	Voyager	No	Over 20k
2C4RC1GGXSR524076	2025 Chrysler Pacifica Limited	Chrysler	https://www.dahlchryslerdodgejeepramstevenspoint.com/viewdetails/used/2c4rc1ggxsr524076/2025-chrysler-pacifica-mini-van,-passenger/	31899 USD	2025 Diamond Black Crystal Pearlcoat Chrysler Pacifica Limited Regular Gasoline V-6 3.6 L/220 For sale at Dahl CDJR Stevens Point in Stevens Point Wisconsin.	https://content.homenetiol.com/2000157/2065512/0x0/e88d9a0492a94879872343f5293bf729.jpg	in stock	USED	VAN	Vehicles & Parts > Vehicles > Motor Vehicles > Cars, Trucks & Vans	2C4RC1GGXSR524076	https://www.dahlchryslerdodgejeepramstevenspoint.com/viewdetails/used/2c4rc1ggxsr524076/2025-chrysler-pacifica-mini-van,-passenger/123?store={store_code}	BLACK	54984 miles	Pacifica	2C4RC1GGXSR524076	2025	31899 USD	CDJRSP	31899 USD	MI	no	Pacifica	No	Over 20k
2C4RC3BG8NR161901	2022 Chrysler Pacifica Touring L	Chrysler	https://www.dahlchryslerdodgejeepramstevenspoint.com/viewdetails/used/2c4rc3bg8nr161901/2022-chrysler-pacifica-mini-van,-passenger/	27199 USD	2022 Velvet Red Pearlcoat Chrysler Pacifica Touring L Regular Unleaded V-6 3.6 L/220 For sale at Dahl CDJR Stevens Point in Stevens Point Wisconsin.	https://content.homenetiol.com/2000157/2065512/0x0/b51b36b415394852af80939ebca879fc.jpg	in stock	USED	VAN	Vehicles & Parts > Vehicles > Motor Vehicles > Cars, Trucks & Vans	2C4RC3BG8NR161901	https://www.dahlchryslerdodgejeepramstevenspoint.com/viewdetails/used/2c4rc3bg8nr161901/2022-chrysler-pacifica-mini-van,-passenger/123?store={store_code}	RED	54541 miles	Pacifica	2C4RC3BG8NR161901	2022	27199 USD	CDJRSP	27199 USD	MI	no	Pacifica	No	Over 20k
2T3P1RFV8SW544540	2025 Toyota RAV4 XLE	Toyota	https://www.dahlchryslerdodgejeepramstevenspoint.com/viewdetails/used/2t3p1rfv8sw544540/2025-toyota-rav4-sport-utility/	34057 USD	2025 Ruby Flare Pearl Toyota RAV4 XLE Regular Gasoline I-4 2.5 L/152 For sale at Dahl CDJR Stevens Point in Stevens Point Wisconsin.	https://content.homenetiol.com/2000157/2065512/0x0/ad0faef4125647c891456a8c048aae13.jpg	in stock	USED	SUV	Vehicles & Parts > Vehicles > Motor Vehicles > Cars, Trucks & Vans	2T3P1RFV8SW544540	https://www.dahlchryslerdodgejeepramstevenspoint.com/viewdetails/used/2t3p1rfv8sw544540/2025-toyota-rav4-sport-utility/123?store={store_code}	RED	33636 miles	RAV4	2T3P1RFV8SW544540	2025	34057 USD	CDJRSP	34057 USD	MI	no	RAV4	No	Over 20k
3C6LRVDG1PE535287	2023 RAM ProMaster Cargo Van 2500 HIGH ROOF 15	RAM	https://www.dahlchryslerdodgejeepramstevenspoint.com/viewdetails/used/3c6lrvdg1pe535287/2023-ram-promaster-cargo-van-full-size-cargo-van/	24399 USD	2023 Bright White Clearcoat RAM ProMaster Cargo Van 2500 HIGH ROOF 15 Regular Gasoline V-6 3.6 L/220 For sale at Dahl CDJR Stevens Point in Stevens Point Wisconsin.	https://content.homenetiol.com/2000157/2065512/0x0/0978ad5733824945beabc4fd08f1cef2.jpg	in stock	USED	VAN	Vehicles & Parts > Vehicles > Motor Vehicles > Cars, Trucks & Vans	3C6LRVDG1PE535287	https://www.dahlchryslerdodgejeepramstevenspoint.com/viewdetails/used/3c6lrvdg1pe535287/2023-ram-promaster-cargo-van-full-size-cargo-van/123?store={store_code}	WHITE	80665 miles	ProMaster Cargo Van	3C6LRVDG1PE535287	2023	24399 USD	CDJRSP	24399 USD	MI	no	ProMaster Cargo Van	No	Over 20k
3C6LRVDG6PE588454	2023 RAM ProMaster Cargo Van 2500 HIGH ROOF 15	RAM	https://www.dahlchryslerdodgejeepramstevenspoint.com/viewdetails/used/3c6lrvdg6pe588454/2023-ram-promaster-cargo-van-full-size-cargo-van/	28899 USD	2023 Bright White Clearcoat RAM ProMaster Cargo Van 2500 HIGH ROOF 15 Regular Gasoline V-6 3.6 L/220 For sale at Dahl CDJR Stevens Point in Stevens Point Wisconsin.	https://content.homenetiol.com/2000157/2065512/0x0/e35a0354d7bd40a58446cb69f14f16e5.jpg	in stock	USED	VAN	Vehicles & Parts > Vehicles > Motor Vehicles > Cars, Trucks & Vans	3C6LRVDG6PE588454	https://www.dahlchryslerdodgejeepramstevenspoint.com/viewdetails/used/3c6lrvdg6pe588454/2023-ram-promaster-cargo-van-full-size-cargo-van/123?store={store_code}	WHITE	39991 miles	ProMaster Cargo Van	3C6LRVDG6PE588454	2023	28899 USD	CDJRSP	28899 USD	MI	no	ProMaster Cargo Van	No	Over 20k
3C6UR5CL4NG115026	2022 RAM 2500 Tradesman	RAM	https://www.dahlchryslerdodgejeepramstevenspoint.com/viewdetails/used/3c6ur5cl4ng115026/2022-ram-2500-crew-cab-pickup/	37386 USD	2022 Patriot Blue Pearlcoat RAM 2500 Tradesman Intercooled Turbo Diesel I-6 6.7 L/408 For sale at Dahl CDJR Stevens Point in Stevens Point Wisconsin.	https://content.homenetiol.com/2000157/2065512/0x0/dfd49e53e9944e86af26b672e35fa2ec.jpg	in stock	USED	TRUCK	Vehicles & Parts > Vehicles > Motor Vehicles > Cars, Trucks & Vans	3C6UR5CL4NG115026	https://www.dahlchryslerdodgejeepramstevenspoint.com/viewdetails/used/3c6ur5cl4ng115026/2022-ram-2500-crew-cab-pickup/123?store={store_code}	BLUE	62791 miles	2500	3C6UR5CL4NG115026	2022	37386 USD	CDJRSP	37386 USD	MI	no	2500	No	Over 20k
3CZRZ2H3XPM747016	2023 Honda HR-V LX	Honda	https://www.dahlchryslerdodgejeepramstevenspoint.com/viewdetails/used/3czrz2h3xpm747016/2023-honda-hr-v-sport-utility/	22399 USD	2023 Crystal Black Pearl Honda HR-V LX Regular Unleaded I-4 2.0 L/122 For sale at Dahl CDJR Stevens Point in Stevens Point Wisconsin.	https://content.homenetiol.com/2000157/2065512/0x0/c4924d131dbd4ef795ebea7933046bd6.jpg	in stock	USED	SUV	Vehicles & Parts > Vehicles > Motor Vehicles > Cars, Trucks & Vans	3CZRZ2H3XPM747016	https://www.dahlchryslerdodgejeepramstevenspoint.com/viewdetails/used/3czrz2h3xpm747016/2023-honda-hr-v-sport-utility/123?store={store_code}	BLACK	60985 miles	HR-V	3CZRZ2H3XPM747016	2023	22399 USD	CDJRSP	22399 USD	MI	no	HR-V	No	Over 20k
3FA6P0T94GR155392	2016 Ford Fusion SE	Ford	https://www.dahlchryslerdodgejeepramstevenspoint.com/viewdetails/used/3fa6p0t94gr155392/2016-ford-fusion-4dr-car/	9600 USD	2016 Ruby Red Metallic Tinted Clearcoat Ford Fusion SE Intercooled Turbo Regular Unleaded I-4 2.0 L/122 For sale at Dahl CDJR Stevens Point in Stevens Point Wisconsin.	https://content.homenetiol.com/2000157/2065512/0x0/05c8e27ee05341989d8a4ea691eb666d.jpg	in stock	USED	OTHER	Vehicles & Parts > Vehicles > Motor Vehicles > Cars, Trucks & Vans	3FA6P0T94GR155392	https://www.dahlchryslerdodgejeepramstevenspoint.com/viewdetails/used/3fa6p0t94gr155392/2016-ford-fusion-4dr-car/123?store={store_code}	RED	117275 miles	Fusion	3FA6P0T94GR155392	2016	9600 USD	CDJRSP	9600 USD	MI	no	Fusion	No	Under 20k
3GTPUCEK9PG276603	2023 GMC Sierra 1500 Elevation	GMC	https://www.dahlchryslerdodgejeepramstevenspoint.com/viewdetails/used/3gtpucek9pg276603/2023-gmc-sierra-1500-crew-cab-pickup/	39306 USD	2023 Titanium Rush Metallic GMC Sierra 1500 Elevation Turbocharged Gas I4 2.7L/166 For sale at Dahl CDJR Stevens Point in Stevens Point Wisconsin.	https://content.homenetiol.com/2000157/2065512/0x0/c6a917fd7efa4a89a0ae2d418c36b5c0.jpg	in stock	USED	TRUCK	Vehicles & Parts > Vehicles > Motor Vehicles > Cars, Trucks & Vans	3GTPUCEK9PG276603	https://www.dahlchryslerdodgejeepramstevenspoint.com/viewdetails/used/3gtpucek9pg276603/2023-gmc-sierra-1500-crew-cab-pickup/123?store={store_code}	GRAY	26816 miles	Sierra 1500	3GTPUCEK9PG276603	2023	39306 USD	CDJRSP	39306 USD	MI	no	Sierra 1500	No	Over 20k
3TMCZ5AN1KM201223	2019 Toyota Tacoma 4WD TRD Sport	Toyota	https://www.dahlchryslerdodgejeepramstevenspoint.com/viewdetails/used/3tmcz5an1km201223/2019-toyota-tacoma-4wd-crew-cab-pickup/	26623 USD	2019 Super White Toyota Tacoma 4WD TRD Sport Regular Gasoline V-6 3.5 L/211 For sale at Dahl CDJR Stevens Point in Stevens Point Wisconsin.	https://content.homenetiol.com/2000157/2065512/0x0/20c3b776810845319b7c5fef3caf5d9d.jpg	in stock	USED	TRUCK	Vehicles & Parts > Vehicles > Motor Vehicles > Cars, Trucks & Vans	3TMCZ5AN1KM201223	https://www.dahlchryslerdodgejeepramstevenspoint.com/viewdetails/used/3tmcz5an1km201223/2019-toyota-tacoma-4wd-crew-cab-pickup/123?store={store_code}	WHITE	122545 miles	Tacoma 4WD	3TMCZ5AN1KM201223	2019	26623 USD	CDJRSP	26623 USD	MI	no	Tacoma 4WD	No	Over 20k
3VV8C7B26SM007859	2025 Volkswagen Taos S	Volkswagen	https://www.dahlchryslerdodgejeepramstevenspoint.com/viewdetails/used/3vv8c7b26sm007859/2025-volkswagen-taos-sport-utility/	21518 USD	2025 Pure White Volkswagen Taos S Intercooled Turbo Regular Gasoline I-4 1.5 L/91 For sale at Dahl CDJR Stevens Point in Stevens Point Wisconsin.	https://content.homenetiol.com/2000157/2065512/0x0/8333490f38a845a7aac5fb9fcc49d078.jpg	in stock	USED	SUV	Vehicles & Parts > Vehicles > Motor Vehicles > Cars, Trucks & Vans	3VV8C7B26SM007859	https://www.dahlchryslerdodgejeepramstevenspoint.com/viewdetails/used/3vv8c7b26sm007859/2025-volkswagen-taos-sport-utility/123?store={store_code}	WHITE	47165 miles	Taos	3VV8C7B26SM007859	2025	21518 USD	CDJRSP	21518 USD	MI	no	Taos	No	Over 20k
4S4BP60CX86315152	2008 Subaru Outback WGN MT	Subaru	https://www.dahlchryslerdodgejeepramstevenspoint.com/viewdetails/used/4s4bp60cx86315152/2008-subaru-outback-station-wagon/	4895 USD	2008 Obsidian Black Pearl Subaru Outback WGN MT Gas 4-Cyl 2.5L/150 For sale at Dahl CDJR Stevens Point in Stevens Point Wisconsin.	https://content.homenetiol.com/2000157/2065512/0x0/24b514951a30405281fe96453d9f42a2.jpg	in stock	USED	OTHER	Vehicles & Parts > Vehicles > Motor Vehicles > Cars, Trucks & Vans	4S4BP60CX86315152	https://www.dahlchryslerdodgejeepramstevenspoint.com/viewdetails/used/4s4bp60cx86315152/2008-subaru-outback-station-wagon/123?store={store_code}	BLACK	183585 miles	Outback	4S4BP60CX86315152	2008	4895 USD	CDJRSP	4895 USD	MI	no	Outback	No	Under 20k
5FPYK3F75PB052309	2023 Honda Ridgeline RTL-E	Honda	https://www.dahlchryslerdodgejeepramstevenspoint.com/viewdetails/used/5fpyk3f75pb052309/2023-honda-ridgeline-crew-cab-pickup/	33514 USD	2023 Radiant Red Metallic Ii Honda Ridgeline RTL-E Regular Unleaded V-6 3.5 L/212 For sale at Dahl CDJR Stevens Point in Stevens Point Wisconsin.	https://content.homenetiol.com/2000157/2065512/0x0/06d81aa86c284f97b94f99eaff5070cf.jpg	in stock	USED	TRUCK	Vehicles & Parts > Vehicles > Motor Vehicles > Cars, Trucks & Vans	5FPYK3F75PB052309	https://www.dahlchryslerdodgejeepramstevenspoint.com/viewdetails/used/5fpyk3f75pb052309/2023-honda-ridgeline-crew-cab-pickup/123?store={store_code}	RED	24358 miles	Ridgeline	5FPYK3F75PB052309	2023	33514 USD	CDJRSP	33514 USD	MI	no	Ridgeline	No	Over 20k
5FPYK3F84PB044274	2023 Honda Ridgeline Black Edition	Honda	https://www.dahlchryslerdodgejeepramstevenspoint.com/viewdetails/used/5fpyk3f84pb044274/2023-honda-ridgeline-crew-cab-pickup/	31399 USD	2023 Platinum White Pearl Honda Ridgeline Black Edition Regular Unleaded V-6 3.5 L/212 For sale at Dahl CDJR Stevens Point in Stevens Point Wisconsin.	https://content.homenetiol.com/2000157/2065512/0x0/af1be0d45de1481e844193699fe1713c.jpg	in stock	USED	TRUCK	Vehicles & Parts > Vehicles > Motor Vehicles > Cars, Trucks & Vans	5FPYK3F84PB044274	https://www.dahlchryslerdodgejeepramstevenspoint.com/viewdetails/used/5fpyk3f84pb044274/2023-honda-ridgeline-crew-cab-pickup/123?store={store_code}	WHITE	31148 miles	Ridgeline	5FPYK3F84PB044274	2023	31399 USD	CDJRSP	31399 USD	MI	no	Ridgeline	No	Over 20k
5GAEVBKW0KJ314203	2019 Buick Enclave Premium	Buick	https://www.dahlchryslerdodgejeepramstevenspoint.com/viewdetails/used/5gaevbkw0kj314203/2019-buick-enclave-sport-utility/	20156 USD	2019 White Frost Tricoat Buick Enclave Premium Gas V6 3.6L/217 For sale at Dahl CDJR Stevens Point in Stevens Point Wisconsin.	https://content.homenetiol.com/2000157/2065512/0x0/454ffa5af349447cb8a6d6ab7b4a59e6.jpg	in stock	USED	SUV	Vehicles & Parts > Vehicles > Motor Vehicles > Cars, Trucks & Vans	5GAEVBKW0KJ314203	https://www.dahlchryslerdodgejeepramstevenspoint.com/viewdetails/used/5gaevbkw0kj314203/2019-buick-enclave-sport-utility/123?store={store_code}	WHITE	77480 miles	Enclave	5GAEVBKW0KJ314203	2019	20156 USD	CDJRSP	20156 USD	MI	no	Enclave	No	Over 20k
7MMVABXY7PN148475	2023 Mazda CX-50 2.5 Turbo Meridian Edition	Mazda	https://www.dahlchryslerdodgejeepramstevenspoint.com/viewdetails/used/7mmvabxy7pn148475/2023-mazda-cx-50-sport-utility/	28299 USD	2023 Zircon Sand Metallic Mazda CX-50 2.5 Turbo Meridian Edition Intercooled Turbo Regular Unleaded I-4 2.5 L/152 For sale at Dahl CDJR Stevens Point in Stevens Point Wisconsin.	https://content.homenetiol.com/2000157/2065512/0x0/d669f053dec74a3a8a5ea8f15d665552.jpg	in stock	USED	SUV	Vehicles & Parts > Vehicles > Motor Vehicles > Cars, Trucks & Vans	7MMVABXY7PN148475	https://www.dahlchryslerdodgejeepramstevenspoint.com/viewdetails/used/7mmvabxy7pn148475/2023-mazda-cx-50-sport-utility/123?store={store_code}	BEIGE	41210 miles	CX-50	7MMVABXY7PN148475	2023	28299 USD	CDJRSP	28299 USD	MI	no	CX-50	No	Over 20k
JA4ARUAU9RU014594	2024 Mitsubishi Outlander Sport ES	Mitsubishi	https://www.dahlchryslerdodgejeepramstevenspoint.com/viewdetails/used/ja4aruau9ru014594/2024-mitsubishi-outlander-sport-sport-utility/	18399 USD	2024 Labrador Black Pearl Mitsubishi Outlander Sport ES 2.0L I4 For sale at Dahl CDJR Stevens Point in Stevens Point Wisconsin.	https://content.homenetiol.com/2000157/2065512/0x0/b23354beca9242de91d4fcd7d0af1ed3.jpg	in stock	USED	SUV	Vehicles & Parts > Vehicles > Motor Vehicles > Cars, Trucks & Vans	JA4ARUAU9RU014594	https://www.dahlchryslerdodgejeepramstevenspoint.com/viewdetails/used/ja4aruau9ru014594/2024-mitsubishi-outlander-sport-sport-utility/123?store={store_code}	BLACK	45746 miles	Outlander Sport	JA4ARUAU9RU014594	2024	18399 USD	CDJRSP	18399 USD	MI	no	Outlander Sport	No	Under 20k
JF2GUADC5R8256471	2024 Subaru Crosstrek Premium	Subaru	https://www.dahlchryslerdodgejeepramstevenspoint.com/viewdetails/used/jf2guadc5r8256471/2024-subaru-crosstrek-sport-utility/	23299 USD	2024 Ice Silver Metallic Subaru Crosstrek Premium Regular Gasoline H-4 2.0 L/122 For sale at Dahl CDJR Stevens Point in Stevens Point Wisconsin.	https://content.homenetiol.com/2000157/2065512/0x0/94dc85bdf5634ad5ada35f3a51486afb.jpg	in stock	USED	SUV	Vehicles & Parts > Vehicles > Motor Vehicles > Cars, Trucks & Vans	JF2GUADC5R8256471	https://www.dahlchryslerdodgejeepramstevenspoint.com/viewdetails/used/jf2guadc5r8256471/2024-subaru-crosstrek-sport-utility/123?store={store_code}	SILVER	41033 miles	Crosstrek	JF2GUADC5R8256471	2024	23299 USD	CDJRSP	23299 USD	MI	no	Crosstrek	No	Over 20k
JF2SLDHC4SH501775	2025 Subaru Forester Sport	Subaru	https://www.dahlchryslerdodgejeepramstevenspoint.com/viewdetails/used/jf2sldhc4sh501775/2025-subaru-forester-sport-utility/	29394 USD	2025 Crystal White Pearl Subaru Forester Sport Regular Unleaded H-4 2.5 L/152 For sale at Dahl CDJR Stevens Point in Stevens Point Wisconsin.	https://content.homenetiol.com/2000157/2065512/0x0/06d549177b0242cbabee43bd97916789.jpg	in stock	USED	SUV	Vehicles & Parts > Vehicles > Motor Vehicles > Cars, Trucks & Vans	JF2SLDHC4SH501775	https://www.dahlchryslerdodgejeepramstevenspoint.com/viewdetails/used/jf2sldhc4sh501775/2025-subaru-forester-sport-utility/123?store={store_code}	WHITE	44687 miles	Forester	JF2SLDHC4SH501775	2025	29394 USD	CDJRSP	29394 USD	MI	no	Forester	No	Over 20k
JN8AS58V99W173204	2009 Nissan Rogue SL	Nissan	https://www.dahlchryslerdodgejeepramstevenspoint.com/viewdetails/used/jn8as58v99w173204/2009-nissan-rogue-sport-utility/	7898 USD	2009 Indigo Blue Nissan Rogue SL Gas I4 2.5L/ For sale at Dahl CDJR Stevens Point in Stevens Point Wisconsin.	https://content.homenetiol.com/2000157/2065512/0x0/stock_images/5/2009NIS010a_640/2009NIS010a_640_01.jpg	in stock	USED	SUV	Vehicles & Parts > Vehicles > Motor Vehicles > Cars, Trucks & Vans	JN8AS58V99W173204	https://www.dahlchryslerdodgejeepramstevenspoint.com/viewdetails/used/jn8as58v99w173204/2009-nissan-rogue-sport-utility/123?store={store_code}	BLUE	82801 miles	Rogue	JN8AS58V99W173204	2009	7898 USD	CDJRSP	7898 USD	MI	no	Rogue	No	Under 20k
JTDKBRFU0G3505210	2016 Toyota Prius Two	Toyota	https://www.dahlchryslerdodgejeepramstevenspoint.com/viewdetails/used/jtdkbrfu0g3505210/2016-toyota-prius-hatchback/	12898 USD	2016 Hypersonic Red Toyota Prius Two Gas/Electric I-4 1.8 L/110 For sale at Dahl CDJR Stevens Point in Stevens Point Wisconsin.	https://content.homenetiol.com/2000157/2065512/0x0/34dc6530f813416489448aff25bf808f.jpg	in stock	USED	OTHER	Vehicles & Parts > Vehicles > Motor Vehicles > Cars, Trucks & Vans	JTDKBRFU0G3505210	https://www.dahlchryslerdodgejeepramstevenspoint.com/viewdetails/used/jtdkbrfu0g3505210/2016-toyota-prius-hatchback/123?store={store_code}	RED	134544 miles	Prius	JTDKBRFU0G3505210	2016	12898 USD	CDJRSP	12898 USD	MI	no	Prius	No	Under 20k
JTDL9MFU8N3033290	2022 Toyota Prius Nightshade	Toyota	https://www.dahlchryslerdodgejeepramstevenspoint.com/viewdetails/used/jtdl9mfu8n3033290/2022-toyota-prius-hatchback/	26197 USD	2022 Super White Toyota Prius Nightshade Gas/Electric I-4 1.8 L/110 For sale at Dahl CDJR Stevens Point in Stevens Point Wisconsin.	https://content.homenetiol.com/2000157/2065512/0x0/8154927637024a10ab9b084ce00e95af.jpg	in stock	USED	OTHER	Vehicles & Parts > Vehicles > Motor Vehicles > Cars, Trucks & Vans	JTDL9MFU8N3033290	https://www.dahlchryslerdodgejeepramstevenspoint.com/viewdetails/used/jtdl9mfu8n3033290/2022-toyota-prius-hatchback/123?store={store_code}	WHITE	70480 miles	Prius	JTDL9MFU8N3033290	2022	26197 USD	CDJRSP	26197 USD	MI	no	Prius	No	Over 20k
LRBFZMR40PD163519	2023 Buick Envision Preferred	Buick	https://www.dahlchryslerdodgejeepramstevenspoint.com/viewdetails/used/lrbfzmr40pd163519/2023-buick-envision-sport-utility/	26599 USD	2023 Moonstone Gray Metallic Buick Envision Preferred Turbocharged Gas I4 2.0L/ For sale at Dahl CDJR Stevens Point in Stevens Point Wisconsin.	https://content.homenetiol.com/2000157/2065512/0x0/89544ff33ff943e3a60744cae6d40e2d.jpg	in stock	USED	SUV	Vehicles & Parts > Vehicles > Motor Vehicles > Cars, Trucks & Vans	LRBFZMR40PD163519	https://www.dahlchryslerdodgejeepramstevenspoint.com/viewdetails/used/lrbfzmr40pd163519/2023-buick-envision-sport-utility/123?store={store_code}	GRAY	22389 miles	Envision	LRBFZMR40PD163519	2023	26599 USD	CDJRSP	26599 USD	MI	no	Envision	No	Over 20k
