id	title	brand	link	vehicle MSRP	description	image_link	availability	condition	product_type	google_product_category	MPN	link_template	color	mileage	model	vin	year	price	store code	MSRP	mileage.unit
1GT4UWEY8TF322510	2026 GMC Sierra 3500HD Denali	GMC	https://furymotors.com/for-sale/gmc-sierra-3500hd-denali-minneapolis-mn/2026-gmc-sierra-3500hd-denali-1gt4uwey8tf322510/	83680 USD	2026 Downpour Metallic GMC Sierra 3500HD Denali Duramax 6.6L V8 Turbodiesel For sale at Fury GMC Forest Lake in Forest Lake Minnesota.	https://vimg.remora.inc/456819/1gt4uwey8tf322510-2026-gmc-sierra-3500hd-denali-downpour-metallic-1-111958.avif	in stock	NEW	TRUCK	Vehicles & Parts > Vehicles > Motor Vehicles > Cars, Trucks & Vans	1GT4UWEY8TF322510	https://furymotors.com/for-sale/gmc-sierra-3500hd-denali-minneapolis-mn/2026-gmc-sierra-3500hd-denali-1gt4uwey8tf322510/123?store={store_code}	NA	9 miles	Sierra 3500HD	1GT4UWEY8TF322510	2026	83680 USD	07269826798924486220	83680 USD	MI
1GT4UYEY3TF338979	2026 GMC Sierra 3500HD Denali Ultimate	GMC	https://furymotors.com/for-sale/gmc-sierra-3500hd-denali-ultimate-minneapolis-mn/2026-gmc-sierra-3500hd-denali-ultimate-1gt4uyey3tf338979/	96480 USD	2026 Downpour Metallic GMC Sierra 3500HD Denali Ultimate Duramax 6.6L V8 Turbodiesel For sale at Fury GMC Forest Lake in Forest Lake Minnesota.	https://vimg.remora.inc/485393/1gt4uyey3tf338979-2026-gmc-sierra-3500hd-denali-ultimate-downpour-metallic-1-112289.avif	in stock	NEW	TRUCK	Vehicles & Parts > Vehicles > Motor Vehicles > Cars, Trucks & Vans	1GT4UYEY3TF338979	https://furymotors.com/for-sale/gmc-sierra-3500hd-denali-ultimate-minneapolis-mn/2026-gmc-sierra-3500hd-denali-ultimate-1gt4uyey3tf338979/123?store={store_code}	NA	5 miles	Sierra 3500HD	1GT4UYEY3TF338979	2026	96480 USD	07269826798924486220	96480 USD	MI
3GKALUEG9VL115820	2027 GMC Terrain Elevation	GMC	https://furymotors.com/for-sale/gmc-terrain-elevation-minneapolis-mn/2027-gmc-terrain-elevation-3gkalueg9vl115820/	39434 USD	2027 Riverstone Metallic GMC Terrain Elevation 1.5L DOHC For sale at Fury GMC Forest Lake in Forest Lake Minnesota.	https://vimg.remora.inc/565068/3gkalueg9vl115820-2027-gmc-terrain-elevation-riverstone-metallic-1-113297.avif	in stock	NEW	SUV	Vehicles & Parts > Vehicles > Motor Vehicles > Cars, Trucks & Vans	3GKALUEG9VL115820	https://furymotors.com/for-sale/gmc-terrain-elevation-minneapolis-mn/2027-gmc-terrain-elevation-3gkalueg9vl115820/123?store={store_code}	NA	10 miles	Terrain	3GKALUEG9VL115820	2027	39434 USD	07269826798924486220	39434 USD	MI
1GKS2JKL6TR408670	2026 GMC Yukon XL Denali	GMC	https://furymotors.com/for-sale/gmc-yukon-xl-denali-minneapolis-mn/2026-gmc-yukon-xl-denali-1gks2jkl6tr408670/	100780 USD	2026 Downpour Metallic GMC Yukon XL Denali EcoTec3 6.2L V8 For sale at Fury GMC Forest Lake in Forest Lake Minnesota.	https://vimg.remora.inc/485390/1gks2jkl6tr408670-2026-gmc-yukon-xl-denali-downpour-metallic-1-112289.avif	in stock	NEW	SUV	Vehicles & Parts > Vehicles > Motor Vehicles > Cars, Trucks & Vans	1GKS2JKL6TR408670	https://furymotors.com/for-sale/gmc-yukon-xl-denali-minneapolis-mn/2026-gmc-yukon-xl-denali-1gks2jkl6tr408670/123?store={store_code}	NA	2 miles	Yukon XL	1GKS2JKL6TR408670	2026	100780 USD	07269826798924486220	100780 USD	MI
1GNSKTKL3NR100602	2022 Chevrolet Tahoe High Country	Chevrolet	https://furymotors.com/for-sale/used-chevrolet-tahoe-high-country-minneapolis-mn/2022-chevrolet-tahoe-high-country-1gnsktkl3nr100602/	51500 USD	2022 Iridescent Pearl Tricoat Chevrolet Tahoe High Country EcoTec3 6.2L V8 For sale at Fury GMC Forest Lake in Forest Lake Minnesota.	https://vimg.remora.inc/550615/1gnsktkl3nr100602-2022-chevrolet-tahoe-high-country-iridescent-pearl-tricoat-1-113057.avif	in stock	USED	SUV	Vehicles & Parts > Vehicles > Motor Vehicles > Cars, Trucks & Vans	1GNSKTKL3NR100602	https://furymotors.com/for-sale/used-chevrolet-tahoe-high-country-minneapolis-mn/2022-chevrolet-tahoe-high-country-1gnsktkl3nr100602/123?store={store_code}	NA	55041 miles	Tahoe	1GNSKTKL3NR100602	2022	51500 USD	07269826798924486220	51500 USD	MI
1FM5K8F88HGB21630	2017 Ford Explorer Limited	Ford	https://furymotors.com/for-sale/used-ford-explorer-limited-minneapolis-mn/2017-ford-explorer-limited-1fm5k8f88hgb21630/	10000 USD	2017 Quartz Metallic Ford Explorer Limited 3.5L 6-Cylinder SMPI Turbocharged DOHC For sale at Fury GMC Forest Lake in Forest Lake Minnesota.	https://vimg.remora.inc/587975/1fm5k8f88hgb21630-2017-ford-explorer-limited-quartz-metallic-1-113801.avif	in stock	USED	SUV	Vehicles & Parts > Vehicles > Motor Vehicles > Cars, Trucks & Vans	1FM5K8F88HGB21630	https://furymotors.com/for-sale/used-ford-explorer-limited-minneapolis-mn/2017-ford-explorer-limited-1fm5k8f88hgb21630/123?store={store_code}	NA	180399 miles	Explorer	1FM5K8F88HGB21630	2017	10000 USD	07269826798924486220	10000 USD	MI
1FTFW4L50RFB97785	2024 Ford F-150 Tremor w/ 401A, Tow/Haul, & Mobile Office Pckg	Ford	https://furymotors.com/for-sale/used-ford-f150-tremor-w-401a-towhaul-mobile-office-pckg-minneapolis-mn/2024-ford-f150-tremor-w-401a-towhaul-mobile-office-pckg-1ftfw4l50rfb97785/	53000 USD	2024 Avalanche Ford F-150 Tremor w/ 401A, Tow/Haul, & Mobile Office Pckg 5.0L V8 For sale at Fury GMC Forest Lake in Forest Lake Minnesota.	https://vimg.remora.inc/571497/1ftfw4l50rfb97785-2024-ford-f150-tremor-1-113396.avif	in stock	USED	TRUCK	Vehicles & Parts > Vehicles > Motor Vehicles > Cars, Trucks & Vans	1FTFW4L50RFB97785	https://furymotors.com/for-sale/used-ford-f150-tremor-w-401a-towhaul-mobile-office-pckg-minneapolis-mn/2024-ford-f150-tremor-w-401a-towhaul-mobile-office-pckg-1ftfw4l50rfb97785/123?store={store_code}	NA	46589 miles	F-150	1FTFW4L50RFB97785	2024	53000 USD	07269826798924486220	53000 USD	MI
1GKKNXLS9KZ102836	2019 GMC Acadia Denali	GMC	https://furymotors.com/for-sale/used-gmc-acadia-denali-minneapolis-mn/2019-gmc-acadia-denali-1gkknxls9kz102836/	22750 USD	2019 Pepperdust Metallic GMC Acadia Denali 3.6L V6 SIDI For sale at Fury GMC Forest Lake in Forest Lake Minnesota.	https://vimg.remora.inc/558058/1gkknxls9kz102836-2019-gmc-acadia-denali-pepperdust-metallic-1-113223.avif	in stock	USED	SUV	Vehicles & Parts > Vehicles > Motor Vehicles > Cars, Trucks & Vans	1GKKNXLS9KZ102836	https://furymotors.com/for-sale/used-gmc-acadia-denali-minneapolis-mn/2019-gmc-acadia-denali-1gkknxls9kz102836/123?store={store_code}	NA	75740 miles	Acadia	1GKKNXLS9KZ102836	2019	22750 USD	07269826798924486220	22750 USD	MI
LRBFZMR41PD161374	2023 Buick Envision Preferred w/ Sport Touring & 1SC Pckg	Buick	https://furymotors.com/for-sale/certified-buick-envision-preferred-w-sport-touring-1sc-pckg-minneapolis-mn/2023-buick-envision-preferred-w-sport-touring-1sc-pckg-lrbfzmr41pd161374/	28500 USD	2023 Moonstone Gray Metallic Buick Envision Preferred w/ Sport Touring & 1SC Pckg 2.0L Turbocharged For sale at Fury GMC Forest Lake in Forest Lake Minnesota.	https://vimg.remora.inc/574218/lrbfzmr41pd161374-2023-buick-envision-preferred-w-sport-touring-1sc-pckg-moonstone-gray-metallic-1-113831.avif	in stock	USED	SUV	Vehicles & Parts > Vehicles > Motor Vehicles > Cars, Trucks & Vans	LRBFZMR41PD161374	https://furymotors.com/for-sale/certified-buick-envision-preferred-w-sport-touring-1sc-pckg-minneapolis-mn/2023-buick-envision-preferred-w-sport-touring-1sc-pckg-lrbfzmr41pd161374/123?store={store_code}	GRAY	15545 miles	Envision	LRBFZMR41PD161374	2023	28500 USD	07269826798924486220	28500 USD	MI
KL47LBE27RB020205	2024 Buick Envista Sport Touring	Buick	https://furymotors.com/for-sale/certified-buick-envista-sport-touring-minneapolis-mn/2024-buick-envista-sport-touring-kl47lbe27rb020205/	23750 USD	2024 Moonstone Gray Metallic Buick Envista Sport Touring ECOTEC 1.2L Turbo For sale at Fury GMC Forest Lake in Forest Lake Minnesota.	https://vimg.remora.inc/513772/kl47lbe27rb020205-2024-buick-envista-sport-touring-moonstone-gray-metallic-1-112457.avif	in stock	USED	SUV	Vehicles & Parts > Vehicles > Motor Vehicles > Cars, Trucks & Vans	KL47LBE27RB020205	https://furymotors.com/for-sale/certified-buick-envista-sport-touring-minneapolis-mn/2024-buick-envista-sport-touring-kl47lbe27rb020205/123?store={store_code}	GRAY	18326 miles	Envista	KL47LBE27RB020205	2024	23750 USD	07269826798924486220	23750 USD	MI
1GCPTDEK4P1261854	2023 Chevrolet Colorado Z71 w/ Sunroof, Trailering, & Conv II Pckg	Chevrolet	https://furymotors.com/for-sale/certified-chevrolet-colorado-z71-w-sunroof-trailering-conv-ii-pckg-minneapolis-mn/2023-chevrolet-colorado-z71-w-sunroof-trailering-conv-ii-pckg-1gcptdek4p1261854/	32500 USD	2023 Black Chevrolet Colorado Z71 w/ Sunroof, Trailering, & Conv II Pckg 2.7L Turbo For sale at Fury GMC Forest Lake in Forest Lake Minnesota.	https://vimg.remora.inc/547205/1gcptdek4p1261854-2023-chevrolet-colorado-z71-black-1-113057.avif	in stock	USED	TRUCK	Vehicles & Parts > Vehicles > Motor Vehicles > Cars, Trucks & Vans	1GCPTDEK4P1261854	https://furymotors.com/for-sale/certified-chevrolet-colorado-z71-w-sunroof-trailering-conv-ii-pckg-minneapolis-mn/2023-chevrolet-colorado-z71-w-sunroof-trailering-conv-ii-pckg-1gcptdek4p1261854/123?store={store_code}	BLACK	59904 miles	Colorado	1GCPTDEK4P1261854	2023	32500 USD	07269826798924486220	32500 USD	MI
3GNAXXEV6NS239170	2022 Chevrolet Equinox Premier	Chevrolet	https://furymotors.com/for-sale/certified-chevrolet-equinox-premier-minneapolis-mn/2022-chevrolet-equinox-premier-3gnaxxev6ns239170/	21000 USD	2022 Iron Gray Metallic Chevrolet Equinox Premier 1.5L DOHC For sale at Fury GMC Forest Lake in Forest Lake Minnesota.	https://vimg.remora.inc/552632/3gnaxxev6ns239170-2022-chevrolet-equinox-premier-iron-gray-metallic-1-113128.avif	in stock	USED	SUV	Vehicles & Parts > Vehicles > Motor Vehicles > Cars, Trucks & Vans	3GNAXXEV6NS239170	https://furymotors.com/for-sale/certified-chevrolet-equinox-premier-minneapolis-mn/2022-chevrolet-equinox-premier-3gnaxxev6ns239170/123?store={store_code}	GRAY	75560 miles	Equinox	3GNAXXEV6NS239170	2022	21000 USD	07269826798924486220	21000 USD	MI
3GCUKEEL5SG101593	2025 Chevrolet Silverado 1500 RST	Chevrolet	https://furymotors.com/for-sale/certified-chevrolet-silverado-1500-rst-minneapolis-mn/2025-chevrolet-silverado-1500-rst-3gcukeel5sg101593/	43250 USD	2025 Sterling Gray Metallic Chevrolet Silverado 1500 RST EcoTec3 6.2L V8 For sale at Fury GMC Forest Lake in Forest Lake Minnesota.	https://vimg.remora.inc/533553/3gcukeel5sg101593-2025-chevrolet-silverado-1500-rst-sterling-gray-metallic-1-112793.avif	in stock	USED	TRUCK	Vehicles & Parts > Vehicles > Motor Vehicles > Cars, Trucks & Vans	3GCUKEEL5SG101593	https://furymotors.com/for-sale/certified-chevrolet-silverado-1500-rst-minneapolis-mn/2025-chevrolet-silverado-1500-rst-3gcukeel5sg101593/123?store={store_code}	SILVER	57306 miles	Silverado 1500	3GCUKEEL5SG101593	2025	43250 USD	07269826798924486220	43250 USD	MI
1GCUDEEL7RZ105309	2024 Chevrolet Silverado 1500 RST w/ Redline Edition & 1SP Pckg	Chevrolet	https://furymotors.com/for-sale/certified-chevrolet-silverado-1500-rst-w-redline-edition-1sp-pckg-minneapolis-mn/2024-chevrolet-silverado-1500-rst-w-redline-edition-1sp-pckg-1gcudeel7rz105309/	35750 USD	2024 Black Chevrolet Silverado 1500 RST w/ Redline Edition & 1SP Pckg EcoTec3 6.2L V8 For sale at Fury GMC Forest Lake in Forest Lake Minnesota.	https://vimg.remora.inc/494797/1gcudeel7rz105309-2024-chevrolet-silverado-1500-rst-w-redline-edition-1sp-pckg-black-1-112214.avif	in stock	USED	TRUCK	Vehicles & Parts > Vehicles > Motor Vehicles > Cars, Trucks & Vans	1GCUDEEL7RZ105309	https://furymotors.com/for-sale/certified-chevrolet-silverado-1500-rst-w-redline-edition-1sp-pckg-minneapolis-mn/2024-chevrolet-silverado-1500-rst-w-redline-edition-1sp-pckg-1gcudeel7rz105309/123?store={store_code}	BLACK	87029 miles	Silverado 1500	1GCUDEEL7RZ105309	2024	35750 USD	07269826798924486220	35750 USD	MI
1GTPUEEL5NZ640856	2022 GMC Sierra 1500 AT4 w/ Sunroof, Tech, & 4SB Pckg	GMC	https://furymotors.com/for-sale/certified-gmc-sierra-1500-at4-w-sunroof-tech-4sb-pckg-minneapolis-mn/2022-gmc-sierra-1500-at4-w-sunroof-tech-4sb-pckg-1gtpueel5nz640856/	47000 USD	2022 Titanium Rush Metallic GMC Sierra 1500 AT4 w/ Sunroof, Tech, & 4SB Pckg EcoTec3 6.2L V8 For sale at Fury GMC Forest Lake in Forest Lake Minnesota.	https://vimg.remora.inc/571498/1gtpueel5nz640856-2022-gmc-sierra-1500-at4-titanium-1-113396.avif	in stock	USED	TRUCK	Vehicles & Parts > Vehicles > Motor Vehicles > Cars, Trucks & Vans	1GTPUEEL5NZ640856	https://furymotors.com/for-sale/certified-gmc-sierra-1500-at4-w-sunroof-tech-4sb-pckg-minneapolis-mn/2022-gmc-sierra-1500-at4-w-sunroof-tech-4sb-pckg-1gtpueel5nz640856/123?store={store_code}	GRAY	36786 miles	Sierra 1500	1GTPUEEL5NZ640856	2022	47000 USD	07269826798924486220	47000 USD	MI
1GT49YEY0RF141696	2024 GMC Sierra 3500HD Denali Ultimate	GMC	https://furymotors.com/for-sale/certified-gmc-sierra-3500hd-denali-ultimate-minneapolis-mn/2024-gmc-sierra-3500hd-denali-ultimate-1gt49yey0rf141696/	63250 USD	2024 Titanium Rush Metallic GMC Sierra 3500HD Denali Ultimate Duramax 6.6L V8 Turbodiesel For sale at Fury GMC Forest Lake in Forest Lake Minnesota.	https://vimg.remora.inc/534782/1gt49yey0rf141696-2024-gmc-sierra-3500hd-denali-ultimate-titanium-rush-metallic-1-112793.avif	in stock	USED	TRUCK	Vehicles & Parts > Vehicles > Motor Vehicles > Cars, Trucks & Vans	1GT49YEY0RF141696	https://furymotors.com/for-sale/certified-gmc-sierra-3500hd-denali-ultimate-minneapolis-mn/2024-gmc-sierra-3500hd-denali-ultimate-1gt49yey0rf141696/123?store={store_code}	GRAY	89221 miles	Sierra 3500HD	1GT49YEY0RF141696	2024	63250 USD	07269826798924486220	63250 USD	MI
1GKEMPKS6VJ129027	2027 GMC Acadia AT4	GMC	https://furymotors.com/for-sale/gmc-acadia-at4-minneapolis-mn/2027-gmc-acadia-at4-1gkempks6vj129027/	63365 USD	2027 Sterling Metallic GMC Acadia AT4 2.5L DOHC For sale at Fury GMC Forest Lake in Forest Lake Minnesota.	https://vimg.remora.inc/594782/1gkempks6vj129027-2027-gmc-acadia-at4-sterling-metallic-1-113797.avif	in stock	NEW	SUV	Vehicles & Parts > Vehicles > Motor Vehicles > Cars, Trucks & Vans	1GKEMPKS6VJ129027	https://furymotors.com/for-sale/gmc-acadia-at4-minneapolis-mn/2027-gmc-acadia-at4-1gkempks6vj129027/123?store={store_code}	SILVER	10 miles	Acadia	1GKEMPKS6VJ129027	2027	63365 USD	07269826798924486220	63365 USD	MI
1GKEMPKS8VJ145732	2027 GMC Acadia AT4	GMC	https://furymotors.com/for-sale/gmc-acadia-at4-minneapolis-mn/2027-gmc-acadia-at4-1gkempks8vj145732/	59015 USD	2027 Ebony Twilight Metallic GMC Acadia AT4 2.5L DOHC For sale at Fury GMC Forest Lake in Forest Lake Minnesota.	https://vimg.remora.inc/586022/1gkempks8vj145732-2027-gmc-acadia-at4-ebony-twilight-metallic-1-113801.avif	in stock	NEW	SUV	Vehicles & Parts > Vehicles > Motor Vehicles > Cars, Trucks & Vans	1GKEMPKS8VJ145732	https://furymotors.com/for-sale/gmc-acadia-at4-minneapolis-mn/2027-gmc-acadia-at4-1gkempks8vj145732/123?store={store_code}	BLACK	3 miles	Acadia	1GKEMPKS8VJ145732	2027	59015 USD	07269826798924486220	59015 USD	MI
1GKENRKS4TJ394308	2026 GMC Acadia Denali	GMC	https://furymotors.com/for-sale/gmc-acadia-denali-minneapolis-mn/2026-gmc-acadia-denali-1gkenrks4tj394308/	63810 USD	2026 Summit White GMC Acadia Denali 2.5L DOHC For sale at Fury GMC Forest Lake in Forest Lake Minnesota.	https://vimg.remora.inc/490041/1gkenrks4tj394308-2026-gmc-acadia-denali-summit-white-1-112289.avif	in stock	NEW	SUV	Vehicles & Parts > Vehicles > Motor Vehicles > Cars, Trucks & Vans	1GKENRKS4TJ394308	https://furymotors.com/for-sale/gmc-acadia-denali-minneapolis-mn/2026-gmc-acadia-denali-1gkenrks4tj394308/123?store={store_code}	WHITE	3 miles	Acadia	1GKENRKS4TJ394308	2026	63810 USD	07269826798924486220	63810 USD	MI
1GKENRKS5TJ396973	2026 GMC Acadia Denali	GMC	https://furymotors.com/for-sale/gmc-acadia-denali-minneapolis-mn/2026-gmc-acadia-denali-1gkenrks5tj396973/	64305 USD	2026 Ebony Twilight Metallic GMC Acadia Denali 2.5L DOHC For sale at Fury GMC Forest Lake in Forest Lake Minnesota.	https://vimg.remora.inc/494305/1gkenrks5tj396973-2026-gmc-acadia-denali-ebony-twilight-metallic-1-112457.avif	in stock	NEW	SUV	Vehicles & Parts > Vehicles > Motor Vehicles > Cars, Trucks & Vans	1GKENRKS5TJ396973	https://furymotors.com/for-sale/gmc-acadia-denali-minneapolis-mn/2026-gmc-acadia-denali-1gkenrks5tj396973/123?store={store_code}	BLACK	3 miles	Acadia	1GKENRKS5TJ396973	2026	64305 USD	07269826798924486220	64305 USD	MI
1GKENRKS5TJ404750	2026 GMC Acadia Denali	GMC	https://furymotors.com/for-sale/gmc-acadia-denali-minneapolis-mn/2026-gmc-acadia-denali-1gkenrks5tj404750/	64905 USD	2026 Glacier White Tricoat GMC Acadia Denali 2.5L DOHC For sale at Fury GMC Forest Lake in Forest Lake Minnesota.	https://vimg.remora.inc/510845/1gkenrks5tj404750-2026-gmc-acadia-denali-glacier-white-tricoat-1-112627.avif	in stock	NEW	SUV	Vehicles & Parts > Vehicles > Motor Vehicles > Cars, Trucks & Vans	1GKENRKS5TJ404750	https://furymotors.com/for-sale/gmc-acadia-denali-minneapolis-mn/2026-gmc-acadia-denali-1gkenrks5tj404750/123?store={store_code}	WHITE	4 miles	Acadia	1GKENRKS5TJ404750	2026	64905 USD	07269826798924486220	64905 USD	MI
1GKENRKS7TJ402028	2026 GMC Acadia Denali	GMC	https://furymotors.com/for-sale/gmc-acadia-denali-minneapolis-mn/2026-gmc-acadia-denali-1gkenrks7tj402028/	64305 USD	2026 Ebony Twilight Metallic GMC Acadia Denali 2.5L DOHC For sale at Fury GMC Forest Lake in Forest Lake Minnesota.	https://vimg.remora.inc/504078/1gkenrks7tj402028-2026-gmc-acadia-denali-ebony-twilight-metallic-1-112550.avif	in stock	NEW	SUV	Vehicles & Parts > Vehicles > Motor Vehicles > Cars, Trucks & Vans	1GKENRKS7TJ402028	https://furymotors.com/for-sale/gmc-acadia-denali-minneapolis-mn/2026-gmc-acadia-denali-1gkenrks7tj402028/123?store={store_code}	BLACK	5 miles	Acadia	1GKENRKS7TJ402028	2026	64305 USD	07269826798924486220	64305 USD	MI
1GKENRKSXTJ401620	2026 GMC Acadia Denali	GMC	https://furymotors.com/for-sale/gmc-acadia-denali-minneapolis-mn/2026-gmc-acadia-denali-1gkenrksxtj401620/	64455 USD	2026 Volcanic Red Tintcoat GMC Acadia Denali 2.5L DOHC For sale at Fury GMC Forest Lake in Forest Lake Minnesota.	https://vimg.remora.inc/504075/1gkenrksxtj401620-2026-gmc-acadia-denali-volcanic-red-tintcoat-1-112550.avif	in stock	NEW	SUV	Vehicles & Parts > Vehicles > Motor Vehicles > Cars, Trucks & Vans	1GKENRKSXTJ401620	https://furymotors.com/for-sale/gmc-acadia-denali-minneapolis-mn/2026-gmc-acadia-denali-1gkenrksxtj401620/123?store={store_code}	RED	3 miles	Acadia	1GKENRKSXTJ401620	2026	64455 USD	07269826798924486220	64455 USD	MI
1GKEMTKS1VJ123385	2027 GMC Acadia Denali Ultimate	GMC	https://furymotors.com/for-sale/gmc-acadia-denali-ultimate-minneapolis-mn/2027-gmc-acadia-denali-ultimate-1gkemtks1vj123385/	68690 USD	2027 Ebony Twilight Metallic GMC Acadia Denali Ultimate 2.5L DOHC For sale at Fury GMC Forest Lake in Forest Lake Minnesota.	https://vimg.remora.inc/594784/1gkemtks1vj123385-2027-gmc-acadia-denali-ultimate-ebony-twilight-metallic-1-113797.avif	in stock	NEW	SUV	Vehicles & Parts > Vehicles > Motor Vehicles > Cars, Trucks & Vans	1GKEMTKS1VJ123385	https://furymotors.com/for-sale/gmc-acadia-denali-ultimate-minneapolis-mn/2027-gmc-acadia-denali-ultimate-1gkemtks1vj123385/123?store={store_code}	BLACK	10 miles	Acadia	1GKEMTKS1VJ123385	2027	68690 USD	07269826798924486220	68690 USD	MI
1GKENNKS3TJ331063	2026 GMC Acadia Elevation	GMC	https://furymotors.com/for-sale/gmc-acadia-elevation-minneapolis-mn/2026-gmc-acadia-elevation-1gkennks3tj331063/	48350 USD	2026 Glacier White Tricoat GMC Acadia Elevation 2.5L DOHC For sale at Fury GMC Forest Lake in Forest Lake Minnesota.	https://vimg.remora.inc/373934/1gkennks3tj331063-2026-gmc-acadia-elevation-glacier-white-tricoat-1-111958.avif	in stock	NEW	SUV	Vehicles & Parts > Vehicles > Motor Vehicles > Cars, Trucks & Vans	1GKENNKS3TJ331063	https://furymotors.com/for-sale/gmc-acadia-elevation-minneapolis-mn/2026-gmc-acadia-elevation-1gkennks3tj331063/123?store={store_code}	WHITE	4 miles	Acadia	1GKENNKS3TJ331063	2026	48350 USD	07269826798924486220	48350 USD	MI
1GKEMNKS3VJ131838	2027 GMC Acadia Elevation	GMC	https://furymotors.com/for-sale/gmc-acadia-elevation-minneapolis-mn/2027-gmc-acadia-elevation-1gkemnks3vj131838/	57745 USD	2027 Volcanic Red Tintcoat GMC Acadia Elevation 2.5L DOHC For sale at Fury GMC Forest Lake in Forest Lake Minnesota.	https://vimg.remora.inc/595078/1gkemnks3vj131838-2027-gmc-acadia-elevation-volcanic-red-tintcoat-1-113801.avif	in stock	NEW	SUV	Vehicles & Parts > Vehicles > Motor Vehicles > Cars, Trucks & Vans	1GKEMNKS3VJ131838	https://furymotors.com/for-sale/gmc-acadia-elevation-minneapolis-mn/2027-gmc-acadia-elevation-1gkemnks3vj131838/123?store={store_code}	RED	10 miles	Acadia	1GKEMNKS3VJ131838	2027	57745 USD	07269826798924486220	57745 USD	MI
1GKEMNKS4VJ145991	2027 GMC Acadia Elevation	GMC	https://furymotors.com/for-sale/gmc-acadia-elevation-minneapolis-mn/2027-gmc-acadia-elevation-1gkemnks4vj145991/	57595 USD	2027 Ebony Twilight Metallic GMC Acadia Elevation 2.5L DOHC For sale at Fury GMC Forest Lake in Forest Lake Minnesota.	https://vimg.remora.inc/586024/1gkemnks4vj145991-2027-gmc-acadia-elevation-ebony-twilight-metallic-1-113801.avif	in stock	NEW	SUV	Vehicles & Parts > Vehicles > Motor Vehicles > Cars, Trucks & Vans	1GKEMNKS4VJ145991	https://furymotors.com/for-sale/gmc-acadia-elevation-minneapolis-mn/2027-gmc-acadia-elevation-1gkemnks4vj145991/123?store={store_code}	BLACK	4 miles	Acadia	1GKEMNKS4VJ145991	2027	57595 USD	07269826798924486220	57595 USD	MI
1GKEMNKS6VJ144910	2027 GMC Acadia Elevation	GMC	https://furymotors.com/for-sale/gmc-acadia-elevation-minneapolis-mn/2027-gmc-acadia-elevation-1gkemnks6vj144910/	57100 USD	2027 Summit White GMC Acadia Elevation 2.5L DOHC For sale at Fury GMC Forest Lake in Forest Lake Minnesota.	https://vimg.remora.inc/586023/1gkemnks6vj144910-2027-gmc-acadia-elevation-summit-white-1-113792.avif	in stock	NEW	SUV	Vehicles & Parts > Vehicles > Motor Vehicles > Cars, Trucks & Vans	1GKEMNKS6VJ144910	https://furymotors.com/for-sale/gmc-acadia-elevation-minneapolis-mn/2027-gmc-acadia-elevation-1gkemnks6vj144910/123?store={store_code}	WHITE	10 miles	Acadia	1GKEMNKS6VJ144910	2027	57100 USD	07269826798924486220	57100 USD	MI
1GKEMNKSXVJ135322	2027 GMC Acadia Elevation	GMC	https://furymotors.com/for-sale/gmc-acadia-elevation-minneapolis-mn/2027-gmc-acadia-elevation-1gkemnksxvj135322/	57595 USD	2027 Sterling Metallic GMC Acadia Elevation 2.5L DOHC For sale at Fury GMC Forest Lake in Forest Lake Minnesota.	https://vimg.remora.inc/574365/1gkemnksxvj135322-2027-gmc-acadia-elevation-sterling-metallic-1-113584.avif	in stock	NEW	SUV	Vehicles & Parts > Vehicles > Motor Vehicles > Cars, Trucks & Vans	1GKEMNKSXVJ135322	https://furymotors.com/for-sale/gmc-acadia-elevation-minneapolis-mn/2027-gmc-acadia-elevation-1gkemnksxvj135322/123?store={store_code}	SILVER	4 miles	Acadia	1GKEMNKSXVJ135322	2027	57595 USD	07269826798924486220	57595 USD	MI
1GTP2DEK6T1312526	2026 GMC Canyon AT4	GMC	https://furymotors.com/for-sale/gmc-canyon-at4-minneapolis-mn/2026-gmc-canyon-at4-1gtp2dek6t1312526/	47375 USD	2026 Summit White GMC Canyon AT4 2.7L I4 Turbocharged DOHC 16V LEV3-SULEV30 310hp For sale at Fury GMC Forest Lake in Forest Lake Minnesota.	https://vimg.remora.inc/557568/1gtp2dek6t1312526-2026-gmc-canyon-at4-summit-white-1-113297.avif	in stock	NEW	TRUCK	Vehicles & Parts > Vehicles > Motor Vehicles > Cars, Trucks & Vans	1GTP2DEK6T1312526	https://furymotors.com/for-sale/gmc-canyon-at4-minneapolis-mn/2026-gmc-canyon-at4-1gtp2dek6t1312526/123?store={store_code}	WHITE	4 miles	Canyon	1GTP2DEK6T1312526	2026	47375 USD	07269826798924486220	47375 USD	MI
1GTP2BEK1T1322112	2026 GMC Canyon Elevation	GMC	https://furymotors.com/for-sale/gmc-canyon-elevation-minneapolis-mn/2026-gmc-canyon-elevation-1gtp2bek1t1322112/	43640 USD	2026 Volcanic Red Tintcoat GMC Canyon Elevation 2.7L I4 Turbocharged DOHC 16V LEV3-SULEV30 310hp For sale at Fury GMC Forest Lake in Forest Lake Minnesota.	https://vimg.remora.inc/586021/1gtp2bek1t1322112-2026-gmc-canyon-elevation-volcanic-red-tintcoat-1-113644.avif	in stock	NEW	TRUCK	Vehicles & Parts > Vehicles > Motor Vehicles > Cars, Trucks & Vans	1GTP2BEK1T1322112	https://furymotors.com/for-sale/gmc-canyon-elevation-minneapolis-mn/2026-gmc-canyon-elevation-1gtp2bek1t1322112/123?store={store_code}	RED	10 miles	Canyon	1GTP2BEK1T1322112	2026	43640 USD	07269826798924486220	43640 USD	MI
1GTP2BEK5T1324591	2026 GMC Canyon Elevation	GMC	https://furymotors.com/for-sale/gmc-canyon-elevation-minneapolis-mn/2026-gmc-canyon-elevation-1gtp2bek5t1324591/	43490 USD	2026 Onyx Black GMC Canyon Elevation 2.7L I4 Turbocharged DOHC 16V LEV3-SULEV30 310hp For sale at Fury GMC Forest Lake in Forest Lake Minnesota.	https://vimg.remora.inc/595076/1gtp2bek5t1324591-2026-gmc-canyon-elevation-onyx-black-1-113801.avif	in stock	NEW	TRUCK	Vehicles & Parts > Vehicles > Motor Vehicles > Cars, Trucks & Vans	1GTP2BEK5T1324591	https://furymotors.com/for-sale/gmc-canyon-elevation-minneapolis-mn/2026-gmc-canyon-elevation-1gtp2bek5t1324591/123?store={store_code}	BLACK	10 miles	Canyon	1GTP2BEK5T1324591	2026	43490 USD	07269826798924486220	43490 USD	MI
1GTP2BEK7T1293294	2026 GMC Canyon Elevation	GMC	https://furymotors.com/for-sale/gmc-canyon-elevation-minneapolis-mn/2026-gmc-canyon-elevation-1gtp2bek7t1293294/	45790 USD	2026 Summit White GMC Canyon Elevation 2.7L I4 Turbocharged DOHC 16V LEV3-SULEV30 310hp For sale at Fury GMC Forest Lake in Forest Lake Minnesota.	https://vimg.remora.inc/525162/1gtp2bek7t1293294-2026-gmc-canyon-elevation-summit-white-1-112721.avif	in stock	NEW	TRUCK	Vehicles & Parts > Vehicles > Motor Vehicles > Cars, Trucks & Vans	1GTP2BEK7T1293294	https://furymotors.com/for-sale/gmc-canyon-elevation-minneapolis-mn/2026-gmc-canyon-elevation-1gtp2bek7t1293294/123?store={store_code}	WHITE	4 miles	Canyon	1GTP2BEK7T1293294	2026	45790 USD	07269826798924486220	45790 USD	MI
1GTP2BEK7T1294073	2026 GMC Canyon Elevation	GMC	https://furymotors.com/for-sale/gmc-canyon-elevation-minneapolis-mn/2026-gmc-canyon-elevation-1gtp2bek7t1294073/	48905 USD	2026 Sterling Metallic GMC Canyon Elevation 2.7L I4 Turbocharged DOHC 16V LEV3-SULEV30 310hp For sale at Fury GMC Forest Lake in Forest Lake Minnesota.	https://vimg.remora.inc/548853/1gtp2bek7t1294073-2026-gmc-canyon-elevation-sterling-metallic-1-112982.avif	in stock	NEW	TRUCK	Vehicles & Parts > Vehicles > Motor Vehicles > Cars, Trucks & Vans	1GTP2BEK7T1294073	https://furymotors.com/for-sale/gmc-canyon-elevation-minneapolis-mn/2026-gmc-canyon-elevation-1gtp2bek7t1294073/123?store={store_code}	SILVER	7 miles	Canyon	1GTP2BEK7T1294073	2026	48905 USD	07269826798924486220	48905 USD	MI
1GTP2BEK9T1128508	2026 GMC Canyon Elevation	GMC	https://furymotors.com/for-sale/gmc-canyon-elevation-minneapolis-mn/2026-gmc-canyon-elevation-1gtp2bek9t1128508/	45990 USD	2026 Sterling Metallic GMC Canyon Elevation 2.7L I4 Turbocharged DOHC 16V LEV3-SULEV30 310hp For sale at Fury GMC Forest Lake in Forest Lake Minnesota.	https://vimg.remora.inc/93908/1gtp2bek9t1128508-2026-gmc-canyon-elevation-sterling-metallic-1-2.avif	in stock	NEW	TRUCK	Vehicles & Parts > Vehicles > Motor Vehicles > Cars, Trucks & Vans	1GTP2BEK9T1128508	https://furymotors.com/for-sale/gmc-canyon-elevation-minneapolis-mn/2026-gmc-canyon-elevation-1gtp2bek9t1128508/123?store={store_code}	SILVER	5762 miles	Canyon	1GTP2BEK9T1128508	2026	45990 USD	07269826798924486220	45990 USD	MI
1GTUUGE82TZ467532	2026 GMC Sierra 1500 Denali	GMC	https://furymotors.com/for-sale/gmc-sierra-1500-denali-minneapolis-mn/2026-gmc-sierra-1500-denali-1gtuuge82tz467532/	72190 USD	2026 Onyx Black GMC Sierra 1500 Denali 3.0L I6 For sale at Fury GMC Forest Lake in Forest Lake Minnesota.	https://vimg.remora.inc/549471/1gtuuge82tz467532-2026-gmc-sierra-1500-denali-onyx-black-1-113470.avif	in stock	NEW	TRUCK	Vehicles & Parts > Vehicles > Motor Vehicles > Cars, Trucks & Vans	1GTUUGE82TZ467532	https://furymotors.com/for-sale/gmc-sierra-1500-denali-minneapolis-mn/2026-gmc-sierra-1500-denali-1gtuuge82tz467532/123?store={store_code}	BLACK	6 miles	Sierra 1500	1GTUUGE82TZ467532	2026	72190 USD	07269826798924486220	72190 USD	MI
1GTUUGEL0TZ474354	2026 GMC Sierra 1500 Denali	GMC	https://furymotors.com/for-sale/gmc-sierra-1500-denali-minneapolis-mn/2026-gmc-sierra-1500-denali-1gtuugel0tz474354/	72905 USD	2026 Coastal Dune GMC Sierra 1500 Denali EcoTec3 6.2L V8 For sale at Fury GMC Forest Lake in Forest Lake Minnesota.	https://vimg.remora.inc/557573/1gtuugel0tz474354-2026-gmc-sierra-1500-denali-coastal-dune-1-113465.avif	in stock	NEW	TRUCK	Vehicles & Parts > Vehicles > Motor Vehicles > Cars, Trucks & Vans	1GTUUGEL0TZ474354	https://furymotors.com/for-sale/gmc-sierra-1500-denali-minneapolis-mn/2026-gmc-sierra-1500-denali-1gtuugel0tz474354/123?store={store_code}	BEIGE	10 miles	Sierra 1500	1GTUUGEL0TZ474354	2026	72905 USD	07269826798924486220	72905 USD	MI
1GTUUGEL1TZ473195	2026 GMC Sierra 1500 Denali	GMC	https://furymotors.com/for-sale/gmc-sierra-1500-denali-minneapolis-mn/2026-gmc-sierra-1500-denali-1gtuugel1tz473195/	72505 USD	2026 Glacier White Tricoat GMC Sierra 1500 Denali EcoTec3 6.2L V8 For sale at Fury GMC Forest Lake in Forest Lake Minnesota.	https://vimg.remora.inc/549469/1gtuugel1tz473195-2026-gmc-sierra-1500-denali-glacier-white-tricoat-1-113470.avif	in stock	NEW	TRUCK	Vehicles & Parts > Vehicles > Motor Vehicles > Cars, Trucks & Vans	1GTUUGEL1TZ473195	https://furymotors.com/for-sale/gmc-sierra-1500-denali-minneapolis-mn/2026-gmc-sierra-1500-denali-1gtuugel1tz473195/123?store={store_code}	WHITE	4 miles	Sierra 1500	1GTUUGEL1TZ473195	2026	72505 USD	07269826798924486220	72505 USD	MI
1GTUUGEL1TZ474685	2026 GMC Sierra 1500 Denali	GMC	https://furymotors.com/for-sale/gmc-sierra-1500-denali-minneapolis-mn/2026-gmc-sierra-1500-denali-1gtuugel1tz474685/	73900 USD	2026 Coastal Dune GMC Sierra 1500 Denali EcoTec3 6.2L V8 For sale at Fury GMC Forest Lake in Forest Lake Minnesota.	https://vimg.remora.inc/549470/1gtuugel1tz474685-2026-gmc-sierra-1500-denali-coastal-dune-1-113297.avif	in stock	NEW	TRUCK	Vehicles & Parts > Vehicles > Motor Vehicles > Cars, Trucks & Vans	1GTUUGEL1TZ474685	https://furymotors.com/for-sale/gmc-sierra-1500-denali-minneapolis-mn/2026-gmc-sierra-1500-denali-1gtuugel1tz474685/123?store={store_code}	BEIGE	5 miles	Sierra 1500	1GTUUGEL1TZ474685	2026	73900 USD	07269826798924486220	73900 USD	MI
1GTUUGEL2TZ447088	2026 GMC Sierra 1500 Denali	GMC	https://furymotors.com/for-sale/gmc-sierra-1500-denali-minneapolis-mn/2026-gmc-sierra-1500-denali-1gtuugel2tz447088/	73035 USD	2026 Onyx Black GMC Sierra 1500 Denali EcoTec3 6.2L V8 For sale at Fury GMC Forest Lake in Forest Lake Minnesota.	https://vimg.remora.inc/523345/1gtuugel2tz447088-2026-gmc-sierra-1500-denali-onyx-black-1-112793.avif	in stock	NEW	TRUCK	Vehicles & Parts > Vehicles > Motor Vehicles > Cars, Trucks & Vans	1GTUUGEL2TZ447088	https://furymotors.com/for-sale/gmc-sierra-1500-denali-minneapolis-mn/2026-gmc-sierra-1500-denali-1gtuugel2tz447088/123?store={store_code}	BLACK	4 miles	Sierra 1500	1GTUUGEL2TZ447088	2026	73035 USD	07269826798924486220	73035 USD	MI
1GTUUGEL3TZ473120	2026 GMC Sierra 1500 Denali	GMC	https://furymotors.com/for-sale/gmc-sierra-1500-denali-minneapolis-mn/2026-gmc-sierra-1500-denali-1gtuugel3tz473120/	73505 USD	2026 Glacier White Tricoat GMC Sierra 1500 Denali EcoTec3 6.2L V8 For sale at Fury GMC Forest Lake in Forest Lake Minnesota.	https://vimg.remora.inc/549473/1gtuugel3tz473120-2026-gmc-sierra-1500-denali-glacier-white-tricoat-1-113470.avif	in stock	NEW	TRUCK	Vehicles & Parts > Vehicles > Motor Vehicles > Cars, Trucks & Vans	1GTUUGEL3TZ473120	https://furymotors.com/for-sale/gmc-sierra-1500-denali-minneapolis-mn/2026-gmc-sierra-1500-denali-1gtuugel3tz473120/123?store={store_code}	WHITE	5 miles	Sierra 1500	1GTUUGEL3TZ473120	2026	73505 USD	07269826798924486220	73505 USD	MI
1GTUUGEL3TZ474557	2026 GMC Sierra 1500 Denali	GMC	https://furymotors.com/for-sale/gmc-sierra-1500-denali-minneapolis-mn/2026-gmc-sierra-1500-denali-1gtuugel3tz474557/	72905 USD	2026 Onyx Black GMC Sierra 1500 Denali EcoTec3 6.2L V8 For sale at Fury GMC Forest Lake in Forest Lake Minnesota.	https://vimg.remora.inc/557575/1gtuugel3tz474557-2026-gmc-sierra-1500-denali-onyx-black-1-113465.avif	in stock	NEW	TRUCK	Vehicles & Parts > Vehicles > Motor Vehicles > Cars, Trucks & Vans	1GTUUGEL3TZ474557	https://furymotors.com/for-sale/gmc-sierra-1500-denali-minneapolis-mn/2026-gmc-sierra-1500-denali-1gtuugel3tz474557/123?store={store_code}	BLACK	7 miles	Sierra 1500	1GTUUGEL3TZ474557	2026	72905 USD	07269826798924486220	72905 USD	MI
1GTUUGEL4TZ447108	2026 GMC Sierra 1500 Denali	GMC	https://furymotors.com/for-sale/gmc-sierra-1500-denali-minneapolis-mn/2026-gmc-sierra-1500-denali-1gtuugel4tz447108/	73035 USD	2026 Onyx Black GMC Sierra 1500 Denali EcoTec3 6.2L V8 For sale at Fury GMC Forest Lake in Forest Lake Minnesota.	https://vimg.remora.inc/514933/1gtuugel4tz447108-2026-gmc-sierra-1500-denali-onyx-black-1-112889.avif	in stock	NEW	TRUCK	Vehicles & Parts > Vehicles > Motor Vehicles > Cars, Trucks & Vans	1GTUUGEL4TZ447108	https://furymotors.com/for-sale/gmc-sierra-1500-denali-minneapolis-mn/2026-gmc-sierra-1500-denali-1gtuugel4tz447108/123?store={store_code}	BLACK	11 miles	Sierra 1500	1GTUUGEL4TZ447108	2026	73035 USD	07269826798924486220	73035 USD	MI
1GTUUGEL4TZ474373	2026 GMC Sierra 1500 Denali	GMC	https://furymotors.com/for-sale/gmc-sierra-1500-denali-minneapolis-mn/2026-gmc-sierra-1500-denali-1gtuugel4tz474373/	72905 USD	2026 Onyx Black GMC Sierra 1500 Denali EcoTec3 6.2L V8 For sale at Fury GMC Forest Lake in Forest Lake Minnesota.	https://vimg.remora.inc/557570/1gtuugel4tz474373-2026-gmc-sierra-1500-denali-onyx-black-1-113465.avif	in stock	NEW	TRUCK	Vehicles & Parts > Vehicles > Motor Vehicles > Cars, Trucks & Vans	1GTUUGEL4TZ474373	https://furymotors.com/for-sale/gmc-sierra-1500-denali-minneapolis-mn/2026-gmc-sierra-1500-denali-1gtuugel4tz474373/123?store={store_code}	BLACK	4 miles	Sierra 1500	1GTUUGEL4TZ474373	2026	72905 USD	07269826798924486220	72905 USD	MI
1GTUUGEL7TZ439097	2026 GMC Sierra 1500 Denali	GMC	https://furymotors.com/for-sale/gmc-sierra-1500-denali-minneapolis-mn/2026-gmc-sierra-1500-denali-1gtuugel7tz439097/	73635 USD	2026 Glacier White Tricoat GMC Sierra 1500 Denali EcoTec3 6.2L V8 For sale at Fury GMC Forest Lake in Forest Lake Minnesota.	https://vimg.remora.inc/498522/1gtuugel7tz439097-2026-gmc-sierra-1500-denali-glacier-white-tricoat-1-112627.avif	in stock	NEW	TRUCK	Vehicles & Parts > Vehicles > Motor Vehicles > Cars, Trucks & Vans	1GTUUGEL7TZ439097	https://furymotors.com/for-sale/gmc-sierra-1500-denali-minneapolis-mn/2026-gmc-sierra-1500-denali-1gtuugel7tz439097/123?store={store_code}	WHITE	5 miles	Sierra 1500	1GTUUGEL7TZ439097	2026	73635 USD	07269826798924486220	73635 USD	MI
1GTUUGEL7TZ474450	2026 GMC Sierra 1500 Denali	GMC	https://furymotors.com/for-sale/gmc-sierra-1500-denali-minneapolis-mn/2026-gmc-sierra-1500-denali-1gtuugel7tz474450/	73900 USD	2026 Onyx Black GMC Sierra 1500 Denali EcoTec3 6.2L V8 For sale at Fury GMC Forest Lake in Forest Lake Minnesota.	https://vimg.remora.inc/557571/1gtuugel7tz474450-2026-gmc-sierra-1500-denali-onyx-black-1-113465.avif	in stock	NEW	TRUCK	Vehicles & Parts > Vehicles > Motor Vehicles > Cars, Trucks & Vans	1GTUUGEL7TZ474450	https://furymotors.com/for-sale/gmc-sierra-1500-denali-minneapolis-mn/2026-gmc-sierra-1500-denali-1gtuugel7tz474450/123?store={store_code}	BLACK	6 miles	Sierra 1500	1GTUUGEL7TZ474450	2026	73900 USD	07269826798924486220	73900 USD	MI
1GTUUGEL8TZ472237	2026 GMC Sierra 1500 Denali	GMC	https://furymotors.com/for-sale/gmc-sierra-1500-denali-minneapolis-mn/2026-gmc-sierra-1500-denali-1gtuugel8tz472237/	72905 USD	2026 Sterling Metallic GMC Sierra 1500 Denali EcoTec3 6.2L V8 For sale at Fury GMC Forest Lake in Forest Lake Minnesota.	https://vimg.remora.inc/549472/1gtuugel8tz472237-2026-gmc-sierra-1500-denali-sterling-metallic-1-113584.avif	in stock	NEW	TRUCK	Vehicles & Parts > Vehicles > Motor Vehicles > Cars, Trucks & Vans	1GTUUGEL8TZ472237	https://furymotors.com/for-sale/gmc-sierra-1500-denali-minneapolis-mn/2026-gmc-sierra-1500-denali-1gtuugel8tz472237/123?store={store_code}	SILVER	5 miles	Sierra 1500	1GTUUGEL8TZ472237	2026	72905 USD	07269826798924486220	72905 USD	MI
1GTUUGEL9TZ437559	2026 GMC Sierra 1500 Denali	GMC	https://furymotors.com/for-sale/gmc-sierra-1500-denali-minneapolis-mn/2026-gmc-sierra-1500-denali-1gtuugel9tz437559/	72360 USD	2026 Onyx Black GMC Sierra 1500 Denali EcoTec3 6.2L V8 For sale at Fury GMC Forest Lake in Forest Lake Minnesota.	https://vimg.remora.inc/496987/1gtuugel9tz437559-2026-gmc-sierra-1500-denali-onyx-black-1-112727.avif	in stock	NEW	TRUCK	Vehicles & Parts > Vehicles > Motor Vehicles > Cars, Trucks & Vans	1GTUUGEL9TZ437559	https://furymotors.com/for-sale/gmc-sierra-1500-denali-minneapolis-mn/2026-gmc-sierra-1500-denali-1gtuugel9tz437559/123?store={store_code}	BLACK	4 miles	Sierra 1500	1GTUUGEL9TZ437559	2026	72360 USD	07269826798924486220	72360 USD	MI
1GTUUGEL9TZ474630	2026 GMC Sierra 1500 Denali	GMC	https://furymotors.com/for-sale/gmc-sierra-1500-denali-minneapolis-mn/2026-gmc-sierra-1500-denali-1gtuugel9tz474630/	73900 USD	2026 Onyx Black GMC Sierra 1500 Denali EcoTec3 6.2L V8 For sale at Fury GMC Forest Lake in Forest Lake Minnesota.	https://vimg.remora.inc/557574/1gtuugel9tz474630-2026-gmc-sierra-1500-denali-onyx-black-1-113470.avif	in stock	NEW	TRUCK	Vehicles & Parts > Vehicles > Motor Vehicles > Cars, Trucks & Vans	1GTUUGEL9TZ474630	https://furymotors.com/for-sale/gmc-sierra-1500-denali-minneapolis-mn/2026-gmc-sierra-1500-denali-1gtuugel9tz474630/123?store={store_code}	BLACK	5 miles	Sierra 1500	1GTUUGEL9TZ474630	2026	73900 USD	07269826798924486220	73900 USD	MI
1GTUUGELXTZ437554	2026 GMC Sierra 1500 Denali	GMC	https://furymotors.com/for-sale/gmc-sierra-1500-denali-minneapolis-mn/2026-gmc-sierra-1500-denali-1gtuugelxtz437554/	72360 USD	2026 Onyx Black GMC Sierra 1500 Denali EcoTec3 6.2L V8 For sale at Fury GMC Forest Lake in Forest Lake Minnesota.	https://vimg.remora.inc/504076/1gtuugelxtz437554-2026-gmc-sierra-1500-denali-onyx-black-1-112457.avif	in stock	NEW	TRUCK	Vehicles & Parts > Vehicles > Motor Vehicles > Cars, Trucks & Vans	1GTUUGELXTZ437554	https://furymotors.com/for-sale/gmc-sierra-1500-denali-minneapolis-mn/2026-gmc-sierra-1500-denali-1gtuugelxtz437554/123?store={store_code}	BLACK	5 miles	Sierra 1500	1GTUUGELXTZ437554	2026	72360 USD	07269826798924486220	72360 USD	MI
1GTPUJEK9TZ444416	2026 GMC Sierra 1500 Elevation	GMC	https://furymotors.com/for-sale/gmc-sierra-1500-elevation-minneapolis-mn/2026-gmc-sierra-1500-elevation-1gtpujek9tz444416/	48495 USD	2026 Summit White GMC Sierra 1500 Elevation 2.7L I4 Turbocharged DOHC 16V LEV3-SULEV30 310hp For sale at Fury GMC Forest Lake in Forest Lake Minnesota.	https://vimg.remora.inc/510849/1gtpujek9tz444416-2026-gmc-sierra-1500-elevation-summit-white-1-112627.avif	in stock	NEW	TRUCK	Vehicles & Parts > Vehicles > Motor Vehicles > Cars, Trucks & Vans	1GTPUJEK9TZ444416	https://furymotors.com/for-sale/gmc-sierra-1500-elevation-minneapolis-mn/2026-gmc-sierra-1500-elevation-1gtpujek9tz444416/123?store={store_code}	WHITE	1 miles	Sierra 1500	1GTPUJEK9TZ444416	2026	48495 USD	07269826798924486220	48495 USD	MI
1GTUUCED2TZ497278	2026 GMC Sierra 1500 Elevation	GMC	https://furymotors.com/for-sale/gmc-sierra-1500-elevation-minneapolis-mn/2026-gmc-sierra-1500-elevation-1gtuuced2tz497278/	59415 USD	2026 Onyx Black GMC Sierra 1500 Elevation EcoTec3 5.3L V8 For sale at Fury GMC Forest Lake in Forest Lake Minnesota.	https://vimg.remora.inc/585703/1gtuuced2tz497278-2026-gmc-sierra-1500-elevation-onyx-black-1-113635.avif	in stock	NEW	TRUCK	Vehicles & Parts > Vehicles > Motor Vehicles > Cars, Trucks & Vans	1GTUUCED2TZ497278	https://furymotors.com/for-sale/gmc-sierra-1500-elevation-minneapolis-mn/2026-gmc-sierra-1500-elevation-1gtuuced2tz497278/123?store={store_code}	BLACK	10 miles	Sierra 1500	1GTUUCED2TZ497278	2026	59415 USD	07269826798924486220	59415 USD	MI
1GTUUCED6TZ497218	2026 GMC Sierra 1500 Elevation	GMC	https://furymotors.com/for-sale/gmc-sierra-1500-elevation-minneapolis-mn/2026-gmc-sierra-1500-elevation-1gtuuced6tz497218/	58920 USD	2026 Summit White GMC Sierra 1500 Elevation EcoTec3 5.3L V8 For sale at Fury GMC Forest Lake in Forest Lake Minnesota.	https://vimg.remora.inc/585704/1gtuuced6tz497218-2026-gmc-sierra-1500-elevation-summit-white-1-113801.avif	in stock	NEW	TRUCK	Vehicles & Parts > Vehicles > Motor Vehicles > Cars, Trucks & Vans	1GTUUCED6TZ497218	https://furymotors.com/for-sale/gmc-sierra-1500-elevation-minneapolis-mn/2026-gmc-sierra-1500-elevation-1gtuuced6tz497218/123?store={store_code}	WHITE	4 miles	Sierra 1500	1GTUUCED6TZ497218	2026	58920 USD	07269826798924486220	58920 USD	MI
1GTUUCED8TZ226340	2026 GMC Sierra 1500 Elevation	GMC	https://furymotors.com/for-sale/gmc-sierra-1500-elevation-minneapolis-mn/2026-gmc-sierra-1500-elevation-1gtuuced8tz226340/	57275 USD	2026 Titanium Rush Metallic GMC Sierra 1500 Elevation EcoTec3 5.3L V8 For sale at Fury GMC Forest Lake in Forest Lake Minnesota.	https://vimg.remora.inc/376444/1gtuuced8tz226340-2026-gmc-sierra-1500-elevation-titanium-rush-metallic-1-110110.avif	in stock	NEW	TRUCK	Vehicles & Parts > Vehicles > Motor Vehicles > Cars, Trucks & Vans	1GTUUCED8TZ226340	https://furymotors.com/for-sale/gmc-sierra-1500-elevation-minneapolis-mn/2026-gmc-sierra-1500-elevation-1gtuuced8tz226340/123?store={store_code}	GRAY	5 miles	Sierra 1500	1GTUUCED8TZ226340	2026	57275 USD	07269826798924486220	57275 USD	MI
1GTUUCED9TZ492403	2026 GMC Sierra 1500 Elevation	GMC	https://furymotors.com/for-sale/gmc-sierra-1500-elevation-minneapolis-mn/2026-gmc-sierra-1500-elevation-1gtuuced9tz492403/	59415 USD	2026 Sterling Metallic GMC Sierra 1500 Elevation EcoTec3 5.3L V8 For sale at Fury GMC Forest Lake in Forest Lake Minnesota.	https://vimg.remora.inc/583580/1gtuuced9tz492403-2026-gmc-sierra-1500-elevation-sterling-metallic-1-113801.avif	in stock	NEW	TRUCK	Vehicles & Parts > Vehicles > Motor Vehicles > Cars, Trucks & Vans	1GTUUCED9TZ492403	https://furymotors.com/for-sale/gmc-sierra-1500-elevation-minneapolis-mn/2026-gmc-sierra-1500-elevation-1gtuuced9tz492403/123?store={store_code}	SILVER	4 miles	Sierra 1500	1GTUUCED9TZ492403	2026	59415 USD	07269826798924486220	59415 USD	MI
1GTUUCEDXTZ446563	2026 GMC Sierra 1500 Elevation	GMC	https://furymotors.com/for-sale/gmc-sierra-1500-elevation-minneapolis-mn/2026-gmc-sierra-1500-elevation-1gtuucedxtz446563/	60975 USD	2026 Cardinal Red GMC Sierra 1500 Elevation EcoTec3 5.3L V8 For sale at Fury GMC Forest Lake in Forest Lake Minnesota.	https://vimg.remora.inc/514935/1gtuucedxtz446563-2026-gmc-sierra-1500-elevation-cardinal-red-1-112961.avif	in stock	NEW	TRUCK	Vehicles & Parts > Vehicles > Motor Vehicles > Cars, Trucks & Vans	1GTUUCEDXTZ446563	https://furymotors.com/for-sale/gmc-sierra-1500-elevation-minneapolis-mn/2026-gmc-sierra-1500-elevation-1gtuucedxtz446563/123?store={store_code}	RED	10 miles	Sierra 1500	1GTUUCEDXTZ446563	2026	60975 USD	07269826798924486220	60975 USD	MI
3GTUUCED0TG438598	2026 GMC Sierra 1500 Elevation	GMC	https://furymotors.com/for-sale/gmc-sierra-1500-elevation-minneapolis-mn/2026-gmc-sierra-1500-elevation-3gtuuced0tg438598/	60480 USD	2026 Summit White GMC Sierra 1500 Elevation EcoTec3 5.3L V8 For sale at Fury GMC Forest Lake in Forest Lake Minnesota.	https://vimg.remora.inc/490045/3gtuuced0tg438598-2026-gmc-sierra-1500-elevation-summit-white-1-112550.avif	in stock	NEW	TRUCK	Vehicles & Parts > Vehicles > Motor Vehicles > Cars, Trucks & Vans	3GTUUCED0TG438598	https://furymotors.com/for-sale/gmc-sierra-1500-elevation-minneapolis-mn/2026-gmc-sierra-1500-elevation-3gtuuced0tg438598/123?store={store_code}	WHITE	10 miles	Sierra 1500	3GTUUCED0TG438598	2026	60480 USD	07269826798924486220	60480 USD	MI
3GTUUCED9TG473219	2026 GMC Sierra 1500 Elevation	GMC	https://furymotors.com/for-sale/gmc-sierra-1500-elevation-minneapolis-mn/2026-gmc-sierra-1500-elevation-3gtuuced9tg473219/	58850 USD	2026 Onyx Black GMC Sierra 1500 Elevation EcoTec3 5.3L V8 For sale at Fury GMC Forest Lake in Forest Lake Minnesota.	https://vimg.remora.inc/578215/3gtuuced9tg473219-2026-gmc-sierra-1500-elevation-onyx-black-1-113584.avif	in stock	NEW	TRUCK	Vehicles & Parts > Vehicles > Motor Vehicles > Cars, Trucks & Vans	3GTUUCED9TG473219	https://furymotors.com/for-sale/gmc-sierra-1500-elevation-minneapolis-mn/2026-gmc-sierra-1500-elevation-3gtuuced9tg473219/123?store={store_code}	BLACK	10 miles	Sierra 1500	3GTUUCED9TG473219	2026	58850 USD	07269826798924486220	58850 USD	MI
3GTNUAEK9TG165250	2026 GMC Sierra 1500 Pro	GMC	https://furymotors.com/for-sale/gmc-sierra-1500-pro-minneapolis-mn/2026-gmc-sierra-1500-pro-3gtnuaek9tg165250/	41315 USD	2026 Summit White GMC Sierra 1500 Pro 2.7L I4 Turbocharged DOHC 16V LEV3-SULEV30 310hp For sale at Fury GMC Forest Lake in Forest Lake Minnesota.	https://vimg.remora.inc/113885/3gtnuaek9tg165250-2026-gmc-sierra-1500-pro-summit-white-1-2.avif	in stock	NEW	TRUCK	Vehicles & Parts > Vehicles > Motor Vehicles > Cars, Trucks & Vans	3GTNUAEK9TG165250	https://furymotors.com/for-sale/gmc-sierra-1500-pro-minneapolis-mn/2026-gmc-sierra-1500-pro-3gtnuaek9tg165250/123?store={store_code}	WHITE	2 miles	Sierra 1500	3GTNUAEK9TG165250	2026	41315 USD	07269826798924486220	41315 USD	MI
3GTUUAED7TG273847	2026 GMC Sierra 1500 Pro	GMC	https://furymotors.com/for-sale/gmc-sierra-1500-pro-minneapolis-mn/2026-gmc-sierra-1500-pro-3gtuuaed7tg273847/	49640 USD	2026 Summit White GMC Sierra 1500 Pro EcoTec3 5.3L V8 For sale at Fury GMC Forest Lake in Forest Lake Minnesota.	https://vimg.remora.inc/284128/3gtuuaed7tg273847-2026-gmc-sierra-1500-pro-summit-white-1-108929.avif	in stock	NEW	TRUCK	Vehicles & Parts > Vehicles > Motor Vehicles > Cars, Trucks & Vans	3GTUUAED7TG273847	https://furymotors.com/for-sale/gmc-sierra-1500-pro-minneapolis-mn/2026-gmc-sierra-1500-pro-3gtuuaed7tg273847/123?store={store_code}	WHITE	569 miles	Sierra 1500	3GTUUAED7TG273847	2026	49640 USD	07269826798924486220	49640 USD	MI
3GTUUDE82TG439194	2026 GMC Sierra 1500 SLT	GMC	https://furymotors.com/for-sale/gmc-sierra-1500-slt-minneapolis-mn/2026-gmc-sierra-1500-slt-3gtuude82tg439194/	63055 USD	2026 Onyx Black GMC Sierra 1500 SLT 3.0L I6 For sale at Fury GMC Forest Lake in Forest Lake Minnesota.	https://vimg.remora.inc/494316/3gtuude82tg439194-2026-gmc-sierra-1500-slt-onyx-black-1-112457.avif	in stock	NEW	TRUCK	Vehicles & Parts > Vehicles > Motor Vehicles > Cars, Trucks & Vans	3GTUUDE82TG439194	https://furymotors.com/for-sale/gmc-sierra-1500-slt-minneapolis-mn/2026-gmc-sierra-1500-slt-3gtuude82tg439194/123?store={store_code}	BLACK	2 miles	Sierra 1500	3GTUUDE82TG439194	2026	63055 USD	07269826798924486220	63055 USD	MI
3GTUUDED5TG458710	2026 GMC Sierra 1500 SLT	GMC	https://furymotors.com/for-sale/gmc-sierra-1500-slt-minneapolis-mn/2026-gmc-sierra-1500-slt-3gtuuded5tg458710/	60360 USD	2026 Onyx Black GMC Sierra 1500 SLT EcoTec3 5.3L V8 For sale at Fury GMC Forest Lake in Forest Lake Minnesota.	https://vimg.remora.inc/525165/3gtuuded5tg458710-2026-gmc-sierra-1500-slt-onyx-black-1-113633.avif	in stock	NEW	TRUCK	Vehicles & Parts > Vehicles > Motor Vehicles > Cars, Trucks & Vans	3GTUUDED5TG458710	https://furymotors.com/for-sale/gmc-sierra-1500-slt-minneapolis-mn/2026-gmc-sierra-1500-slt-3gtuuded5tg458710/123?store={store_code}	BLACK	154 miles	Sierra 1500	3GTUUDED5TG458710	2026	60360 USD	07269826798924486220	60360 USD	MI
1GT4UWEY1TF322445	2026 GMC Sierra 3500HD Denali	GMC	https://furymotors.com/for-sale/gmc-sierra-3500hd-denali-minneapolis-mn/2026-gmc-sierra-3500hd-denali-1gt4uwey1tf322445/	83615 USD	2026 Sterling Metallic GMC Sierra 3500HD Denali Duramax 6.6L V8 Turbodiesel For sale at Fury GMC Forest Lake in Forest Lake Minnesota.	https://vimg.remora.inc/456816/1gt4uwey1tf322445-2026-gmc-sierra-3500hd-denali-sterling-metallic-1-111958.avif	in stock	NEW	TRUCK	Vehicles & Parts > Vehicles > Motor Vehicles > Cars, Trucks & Vans	1GT4UWEY1TF322445	https://furymotors.com/for-sale/gmc-sierra-3500hd-denali-minneapolis-mn/2026-gmc-sierra-3500hd-denali-1gt4uwey1tf322445/123?store={store_code}	SILVER	7 miles	Sierra 3500HD	1GT4UWEY1TF322445	2026	83615 USD	07269826798924486220	83615 USD	MI
1GT4UWEY5TF389727	2026 GMC Sierra 3500HD Denali	GMC	https://furymotors.com/for-sale/gmc-sierra-3500hd-denali-minneapolis-mn/2026-gmc-sierra-3500hd-denali-1gt4uwey5tf389727/	86640 USD	2026 Onyx Black GMC Sierra 3500HD Denali Duramax 6.6L V8 Turbodiesel For sale at Fury GMC Forest Lake in Forest Lake Minnesota.	https://vimg.remora.inc/594783/1gt4uwey5tf389727-2026-gmc-sierra-3500hd-denali-onyx-black-1-113797.avif	in stock	NEW	TRUCK	Vehicles & Parts > Vehicles > Motor Vehicles > Cars, Trucks & Vans	1GT4UWEY5TF389727	https://furymotors.com/for-sale/gmc-sierra-3500hd-denali-minneapolis-mn/2026-gmc-sierra-3500hd-denali-1gt4uwey5tf389727/123?store={store_code}	BLACK	10 miles	Sierra 3500HD	1GT4UWEY5TF389727	2026	86640 USD	07269826798924486220	86640 USD	MI
1GT4UWEY6TF320982	2026 GMC Sierra 3500HD Denali	GMC	https://furymotors.com/for-sale/gmc-sierra-3500hd-denali-minneapolis-mn/2026-gmc-sierra-3500hd-denali-1gt4uwey6tf320982/	83555 USD	2026 Titanium Rush Metallic GMC Sierra 3500HD Denali Duramax 6.6L V8 Turbodiesel For sale at Fury GMC Forest Lake in Forest Lake Minnesota.	https://vimg.remora.inc/453453/1gt4uwey6tf320982-2026-gmc-sierra-3500hd-denali-titanium-rush-metallic-1-111878.avif	in stock	NEW	TRUCK	Vehicles & Parts > Vehicles > Motor Vehicles > Cars, Trucks & Vans	1GT4UWEY6TF320982	https://furymotors.com/for-sale/gmc-sierra-3500hd-denali-minneapolis-mn/2026-gmc-sierra-3500hd-denali-1gt4uwey6tf320982/123?store={store_code}	GRAY	6 miles	Sierra 3500HD	1GT4UWEY6TF320982	2026	83555 USD	07269826798924486220	83555 USD	MI
1GT4UWEY7TF389759	2026 GMC Sierra 3500HD Denali	GMC	https://furymotors.com/for-sale/gmc-sierra-3500hd-denali-minneapolis-mn/2026-gmc-sierra-3500hd-denali-1gt4uwey7tf389759/	86640 USD	2026 Sterling Metallic GMC Sierra 3500HD Denali Duramax 6.6L V8 Turbodiesel For sale at Fury GMC Forest Lake in Forest Lake Minnesota.	https://vimg.remora.inc/583581/1gt4uwey7tf389759-2026-gmc-sierra-3500hd-denali-sterling-metallic-1-113605.avif	in stock	NEW	TRUCK	Vehicles & Parts > Vehicles > Motor Vehicles > Cars, Trucks & Vans	1GT4UWEY7TF389759	https://furymotors.com/for-sale/gmc-sierra-3500hd-denali-minneapolis-mn/2026-gmc-sierra-3500hd-denali-1gt4uwey7tf389759/123?store={store_code}	SILVER	10 miles	Sierra 3500HD	1GT4UWEY7TF389759	2026	86640 USD	07269826798924486220	86640 USD	MI
1GT4UYEY2TF339041	2026 GMC Sierra 3500HD Denali Ultimate	GMC	https://furymotors.com/for-sale/gmc-sierra-3500hd-denali-ultimate-minneapolis-mn/2026-gmc-sierra-3500hd-denali-ultimate-1gt4uyey2tf339041/	97475 USD	2026 Sterling Metallic GMC Sierra 3500HD Denali Ultimate Duramax 6.6L V8 Turbodiesel For sale at Fury GMC Forest Lake in Forest Lake Minnesota.	https://vimg.remora.inc/485392/1gt4uyey2tf339041-2026-gmc-sierra-3500hd-denali-ultimate-sterling-metallic-1-112289.avif	in stock	NEW	TRUCK	Vehicles & Parts > Vehicles > Motor Vehicles > Cars, Trucks & Vans	1GT4UYEY2TF339041	https://furymotors.com/for-sale/gmc-sierra-3500hd-denali-ultimate-minneapolis-mn/2026-gmc-sierra-3500hd-denali-ultimate-1gt4uyey2tf339041/123?store={store_code}	SILVER	6 miles	Sierra 3500HD	1GT4UYEY2TF339041	2026	97475 USD	07269826798924486220	97475 USD	MI
1GT4UYEY6TF339057	2026 GMC Sierra 3500HD Denali Ultimate	GMC	https://furymotors.com/for-sale/gmc-sierra-3500hd-denali-ultimate-minneapolis-mn/2026-gmc-sierra-3500hd-denali-ultimate-1gt4uyey6tf339057/	96980 USD	2026 Summit White GMC Sierra 3500HD Denali Ultimate Duramax 6.6L V8 Turbodiesel For sale at Fury GMC Forest Lake in Forest Lake Minnesota.	https://vimg.remora.inc/485737/1gt4uyey6tf339057-2026-gmc-sierra-3500hd-denali-ultimate-summit-white-1-112727.avif	in stock	NEW	TRUCK	Vehicles & Parts > Vehicles > Motor Vehicles > Cars, Trucks & Vans	1GT4UYEY6TF339057	https://furymotors.com/for-sale/gmc-sierra-3500hd-denali-ultimate-minneapolis-mn/2026-gmc-sierra-3500hd-denali-ultimate-1gt4uyey6tf339057/123?store={store_code}	WHITE	12 miles	Sierra 3500HD	1GT4UYEY6TF339057	2026	96980 USD	07269826798924486220	96980 USD	MI
1GT5UTE7XTF213685	2026 GMC Sierra 3500HD SLE	GMC	https://furymotors.com/for-sale/gmc-sierra-3500hd-sle-minneapolis-mn/2026-gmc-sierra-3500hd-sle-1gt5ute7xtf213685/	64815 USD	2026 Sterling Metallic GMC Sierra 3500HD SLE 6.6L V8 For sale at Fury GMC Forest Lake in Forest Lake Minnesota.	https://vimg.remora.inc/271634/1gt5ute7xtf213685-2026-gmc-sierra-3500hd-sle-jet-black-1-108929.avif	in stock	NEW	TRUCK	Vehicles & Parts > Vehicles > Motor Vehicles > Cars, Trucks & Vans	1GT5UTE7XTF213685	https://furymotors.com/for-sale/gmc-sierra-3500hd-sle-minneapolis-mn/2026-gmc-sierra-3500hd-sle-1gt5ute7xtf213685/123?store={store_code}	SILVER	6 miles	Sierra 3500HD	1GT5UTE7XTF213685	2026	64815 USD	07269826798924486220	64815 USD	MI
1GT4UUEY0TF348300	2026 GMC Sierra 3500HD SLT	GMC	https://furymotors.com/for-sale/gmc-sierra-3500hd-slt-minneapolis-mn/2026-gmc-sierra-3500hd-slt-1gt4uuey0tf348300/	78750 USD	2026 Onyx Black GMC Sierra 3500HD SLT Duramax 6.6L V8 Turbodiesel For sale at Fury GMC Forest Lake in Forest Lake Minnesota.	https://vimg.remora.inc/498518/1gt4uuey0tf348300-2026-gmc-sierra-3500hd-slt-onyx-black-1-112627.avif	in stock	NEW	TRUCK	Vehicles & Parts > Vehicles > Motor Vehicles > Cars, Trucks & Vans	1GT4UUEY0TF348300	https://furymotors.com/for-sale/gmc-sierra-3500hd-slt-minneapolis-mn/2026-gmc-sierra-3500hd-slt-1gt4uuey0tf348300/123?store={store_code}	BLACK	6 miles	Sierra 3500HD	1GT4UUEY0TF348300	2026	78750 USD	07269826798924486220	78750 USD	MI
1GT4UUEY1TF389602	2026 GMC Sierra 3500HD SLT	GMC	https://furymotors.com/for-sale/gmc-sierra-3500hd-slt-minneapolis-mn/2026-gmc-sierra-3500hd-slt-1gt4uuey1tf389602/	78865 USD	2026 Sterling Metallic GMC Sierra 3500HD SLT Duramax 6.6L V8 Turbodiesel For sale at Fury GMC Forest Lake in Forest Lake Minnesota.	https://vimg.remora.inc/583584/1gt4uuey1tf389602-2026-gmc-sierra-3500hd-slt-sterling-metallic-1-113801.avif	in stock	NEW	TRUCK	Vehicles & Parts > Vehicles > Motor Vehicles > Cars, Trucks & Vans	1GT4UUEY1TF389602	https://furymotors.com/for-sale/gmc-sierra-3500hd-slt-minneapolis-mn/2026-gmc-sierra-3500hd-slt-1gt4uuey1tf389602/123?store={store_code}	SILVER	6 miles	Sierra 3500HD	1GT4UUEY1TF389602	2026	78865 USD	07269826798924486220	78865 USD	MI
1GT4UUEY1TF389700	2026 GMC Sierra 3500HD SLT	GMC	https://furymotors.com/for-sale/gmc-sierra-3500hd-slt-minneapolis-mn/2026-gmc-sierra-3500hd-slt-1gt4uuey1tf389700/	79015 USD	2026 Volcanic Red Tintcoat GMC Sierra 3500HD SLT Duramax 6.6L V8 Turbodiesel For sale at Fury GMC Forest Lake in Forest Lake Minnesota.	https://vimg.remora.inc/583582/1gt4uuey1tf389700-2026-gmc-sierra-3500hd-slt-volcanic-red-tintcoat-1-113801.avif	in stock	NEW	TRUCK	Vehicles & Parts > Vehicles > Motor Vehicles > Cars, Trucks & Vans	1GT4UUEY1TF389700	https://furymotors.com/for-sale/gmc-sierra-3500hd-slt-minneapolis-mn/2026-gmc-sierra-3500hd-slt-1gt4uuey1tf389700/123?store={store_code}	RED	6 miles	Sierra 3500HD	1GT4UUEY1TF389700	2026	79015 USD	07269826798924486220	79015 USD	MI
1GT4UUEY4TF347800	2026 GMC Sierra 3500HD SLT	GMC	https://furymotors.com/for-sale/gmc-sierra-3500hd-slt-minneapolis-mn/2026-gmc-sierra-3500hd-slt-1gt4uuey4tf347800/	78255 USD	2026 Summit White GMC Sierra 3500HD SLT Duramax 6.6L V8 Turbodiesel For sale at Fury GMC Forest Lake in Forest Lake Minnesota.	https://vimg.remora.inc/498519/1gt4uuey4tf347800-2026-gmc-sierra-3500hd-slt-summit-white-1-112627.avif	in stock	NEW	TRUCK	Vehicles & Parts > Vehicles > Motor Vehicles > Cars, Trucks & Vans	1GT4UUEY4TF347800	https://furymotors.com/for-sale/gmc-sierra-3500hd-slt-minneapolis-mn/2026-gmc-sierra-3500hd-slt-1gt4uuey4tf347800/123?store={store_code}	WHITE	6 miles	Sierra 3500HD	1GT4UUEY4TF347800	2026	78255 USD	07269826798924486220	78255 USD	MI
1GT4UUEY6TF389868	2026 GMC Sierra 3500HD SLT	GMC	https://furymotors.com/for-sale/gmc-sierra-3500hd-slt-minneapolis-mn/2026-gmc-sierra-3500hd-slt-1gt4uuey6tf389868/	78865 USD	2026 Titanium Rush Metallic GMC Sierra 3500HD SLT Duramax 6.6L V8 Turbodiesel For sale at Fury GMC Forest Lake in Forest Lake Minnesota.	https://vimg.remora.inc/583585/1gt4uuey6tf389868-2026-gmc-sierra-3500hd-slt-titanium-rush-metallic-1-113605.avif	in stock	NEW	TRUCK	Vehicles & Parts > Vehicles > Motor Vehicles > Cars, Trucks & Vans	1GT4UUEY6TF389868	https://furymotors.com/for-sale/gmc-sierra-3500hd-slt-minneapolis-mn/2026-gmc-sierra-3500hd-slt-1gt4uuey6tf389868/123?store={store_code}	GRAY	10 miles	Sierra 3500HD	1GT4UUEY6TF389868	2026	78865 USD	07269826798924486220	78865 USD	MI
1GT4UUEYXTF389520	2026 GMC Sierra 3500HD SLT	GMC	https://furymotors.com/for-sale/gmc-sierra-3500hd-slt-minneapolis-mn/2026-gmc-sierra-3500hd-slt-1gt4uueyxtf389520/	79465 USD	2026 Glacier White Tricoat GMC Sierra 3500HD SLT Duramax 6.6L V8 Turbodiesel For sale at Fury GMC Forest Lake in Forest Lake Minnesota.	https://vimg.remora.inc/583583/1gt4uueyxtf389520-2026-gmc-sierra-3500hd-slt-glacier-white-tricoat-1-113801.avif	in stock	NEW	TRUCK	Vehicles & Parts > Vehicles > Motor Vehicles > Cars, Trucks & Vans	1GT4UUEYXTF389520	https://furymotors.com/for-sale/gmc-sierra-3500hd-slt-minneapolis-mn/2026-gmc-sierra-3500hd-slt-1gt4uueyxtf389520/123?store={store_code}	WHITE	6 miles	Sierra 3500HD	1GT4UUEYXTF389520	2026	79465 USD	07269826798924486220	79465 USD	MI
3GKALYEG8TL527411	2026 GMC Terrain AT4	GMC	https://furymotors.com/for-sale/gmc-terrain-at4-minneapolis-mn/2026-gmc-terrain-at4-3gkalyeg8tl527411/	41185 USD	2026 Summit White GMC Terrain AT4 1.5L DOHC For sale at Fury GMC Forest Lake in Forest Lake Minnesota.	https://vimg.remora.inc/432951/3gkalyeg8tl527411-2026-gmc-terrain-at4-summit-white-1-113297.avif	in stock	NEW	SUV	Vehicles & Parts > Vehicles > Motor Vehicles > Cars, Trucks & Vans	3GKALYEG8TL527411	https://furymotors.com/for-sale/gmc-terrain-at4-minneapolis-mn/2026-gmc-terrain-at4-3gkalyeg8tl527411/123?store={store_code}	WHITE	10 miles	Terrain	3GKALYEG8TL527411	2026	41185 USD	07269826798924486220	41185 USD	MI
3GKALYEG1VL192687	2027 GMC Terrain AT4	GMC	https://furymotors.com/for-sale/gmc-terrain-at4-minneapolis-mn/2027-gmc-terrain-at4-3gkalyeg1vl192687/	44065 USD	2027 Volcanic Red Tintcoat GMC Terrain AT4 1.5L DOHC For sale at Fury GMC Forest Lake in Forest Lake Minnesota.	https://vimg.remora.inc/574172/3gkalyeg1vl192687-2027-gmc-terrain-at4-volcanic-red-tintcoat-1-113801.avif	in stock	NEW	SUV	Vehicles & Parts > Vehicles > Motor Vehicles > Cars, Trucks & Vans	3GKALYEG1VL192687	https://furymotors.com/for-sale/gmc-terrain-at4-minneapolis-mn/2027-gmc-terrain-at4-3gkalyeg1vl192687/123?store={store_code}	RED	2 miles	Terrain	3GKALYEG1VL192687	2027	44065 USD	07269826798924486220	44065 USD	MI
3GKALYEGXVL147635	2027 GMC Terrain AT4	GMC	https://furymotors.com/for-sale/gmc-terrain-at4-minneapolis-mn/2027-gmc-terrain-at4-3gkalyegxvl147635/	45910 USD	2027 Ebony Twilight Metallic GMC Terrain AT4 1.5L DOHC For sale at Fury GMC Forest Lake in Forest Lake Minnesota.	https://vimg.remora.inc/522797/3gkalyegxvl147635-2027-gmc-terrain-at4-ebony-twilight-metallic-1-112793.avif	in stock	NEW	SUV	Vehicles & Parts > Vehicles > Motor Vehicles > Cars, Trucks & Vans	3GKALYEGXVL147635	https://furymotors.com/for-sale/gmc-terrain-at4-minneapolis-mn/2027-gmc-terrain-at4-3gkalyegxvl147635/123?store={store_code}	BLACK	11 miles	Terrain	3GKALYEGXVL147635	2027	45910 USD	07269826798924486220	45910 USD	MI
3GKALUEG0VL182760	2027 GMC Terrain Elevation	GMC	https://furymotors.com/for-sale/gmc-terrain-elevation-minneapolis-mn/2027-gmc-terrain-elevation-3gkalueg0vl182760/	39185 USD	2027 Ebony Twilight Metallic GMC Terrain Elevation 1.5L DOHC For sale at Fury GMC Forest Lake in Forest Lake Minnesota.	https://vimg.remora.inc/583586/3gkalueg0vl182760-2027-gmc-terrain-elevation-ebony-twilight-metallic-1-113605.avif	in stock	NEW	SUV	Vehicles & Parts > Vehicles > Motor Vehicles > Cars, Trucks & Vans	3GKALUEG0VL182760	https://furymotors.com/for-sale/gmc-terrain-elevation-minneapolis-mn/2027-gmc-terrain-elevation-3gkalueg0vl182760/123?store={store_code}	BLACK	10 miles	Terrain	3GKALUEG0VL182760	2027	39185 USD	07269826798924486220	39185 USD	MI
3GKALUEG5VL182379	2027 GMC Terrain Elevation	GMC	https://furymotors.com/for-sale/gmc-terrain-elevation-minneapolis-mn/2027-gmc-terrain-elevation-3gkalueg5vl182379/	40330 USD	2027 Ebony Twilight Metallic GMC Terrain Elevation 1.5L DOHC For sale at Fury GMC Forest Lake in Forest Lake Minnesota.	https://vimg.remora.inc/583579/3gkalueg5vl182379-2027-gmc-terrain-elevation-ebony-twilight-metallic-1-113605.avif	in stock	NEW	SUV	Vehicles & Parts > Vehicles > Motor Vehicles > Cars, Trucks & Vans	3GKALUEG5VL182379	https://furymotors.com/for-sale/gmc-terrain-elevation-minneapolis-mn/2027-gmc-terrain-elevation-3gkalueg5vl182379/123?store={store_code}	BLACK	10 miles	Terrain	3GKALUEG5VL182379	2027	40330 USD	07269826798924486220	40330 USD	MI
3GKALUEG9VL147134	2027 GMC Terrain Elevation	GMC	https://furymotors.com/for-sale/gmc-terrain-elevation-minneapolis-mn/2027-gmc-terrain-elevation-3gkalueg9vl147134/	38735 USD	2027 Sterling Metallic GMC Terrain Elevation 1.5L DOHC For sale at Fury GMC Forest Lake in Forest Lake Minnesota.	https://vimg.remora.inc/514934/3gkalueg9vl147134-2027-gmc-terrain-elevation-sterling-metallic-1-112889.avif	in stock	NEW	SUV	Vehicles & Parts > Vehicles > Motor Vehicles > Cars, Trucks & Vans	3GKALUEG9VL147134	https://furymotors.com/for-sale/gmc-terrain-elevation-minneapolis-mn/2027-gmc-terrain-elevation-3gkalueg9vl147134/123?store={store_code}	SILVER	2 miles	Terrain	3GKALUEG9VL147134	2027	38735 USD	07269826798924486220	38735 USD	MI
1GKS2VKL3TR452682	2026 GMC Yukon AT4 Ultimate	GMC	https://furymotors.com/for-sale/gmc-yukon-at4-ultimate-minneapolis-mn/2026-gmc-yukon-at4-ultimate-1gks2vkl3tr452682/	98335 USD	2026 Summit White GMC Yukon AT4 Ultimate EcoTec3 6.2L V8 For sale at Fury GMC Forest Lake in Forest Lake Minnesota.	https://vimg.remora.inc/549467/1gks2vkl3tr452682-2026-gmc-yukon-at4-ultimate-summit-white-1-113396.avif	in stock	NEW	SUV	Vehicles & Parts > Vehicles > Motor Vehicles > Cars, Trucks & Vans	1GKS2VKL3TR452682	https://furymotors.com/for-sale/gmc-yukon-at4-ultimate-minneapolis-mn/2026-gmc-yukon-at4-ultimate-1gks2vkl3tr452682/123?store={store_code}	WHITE	2 miles	Yukon	1GKS2VKL3TR452682	2026	98335 USD	07269826798924486220	98335 USD	MI
1GKS2DKL1TR463061	2026 GMC Yukon Denali	GMC	https://furymotors.com/for-sale/gmc-yukon-denali-minneapolis-mn/2026-gmc-yukon-denali-1gks2dkl1tr463061/	91570 USD	2026 Sterling Metallic GMC Yukon Denali EcoTec3 6.2L V8 For sale at Fury GMC Forest Lake in Forest Lake Minnesota.	https://vimg.remora.inc/561763/1gks2dkl1tr463061-2026-gmc-yukon-denali-sterling-metallic-1-113470.avif	in stock	NEW	SUV	Vehicles & Parts > Vehicles > Motor Vehicles > Cars, Trucks & Vans	1GKS2DKL1TR463061	https://furymotors.com/for-sale/gmc-yukon-denali-minneapolis-mn/2026-gmc-yukon-denali-1gks2dkl1tr463061/123?store={store_code}	SILVER	10 miles	Yukon	1GKS2DKL1TR463061	2026	91570 USD	07269826798924486220	91570 USD	MI
1GKS2DKL6TR461628	2026 GMC Yukon Denali	GMC	https://furymotors.com/for-sale/gmc-yukon-denali-minneapolis-mn/2026-gmc-yukon-denali-1gks2dkl6tr461628/	88905 USD	2026 Titanium Rush Metallic GMC Yukon Denali EcoTec3 6.2L V8 For sale at Fury GMC Forest Lake in Forest Lake Minnesota.	https://vimg.remora.inc/557572/1gks2dkl6tr461628-2026-gmc-yukon-denali-titanium-rush-metallic-1-113470.avif	in stock	NEW	SUV	Vehicles & Parts > Vehicles > Motor Vehicles > Cars, Trucks & Vans	1GKS2DKL6TR461628	https://furymotors.com/for-sale/gmc-yukon-denali-minneapolis-mn/2026-gmc-yukon-denali-1gks2dkl6tr461628/123?store={store_code}	GRAY	11 miles	Yukon	1GKS2DKL6TR461628	2026	88905 USD	07269826798924486220	88905 USD	MI
1GKS2DKLXTR465696	2026 GMC Yukon Denali	GMC	https://furymotors.com/for-sale/gmc-yukon-denali-minneapolis-mn/2026-gmc-yukon-denali-1gks2dklxtr465696/	88555 USD	2026 Volcanic Red Tintcoat GMC Yukon Denali EcoTec3 6.2L V8 For sale at Fury GMC Forest Lake in Forest Lake Minnesota.	https://vimg.remora.inc/563420/1gks2dklxtr465696-2026-gmc-yukon-denali-volcanic-red-tintcoat-1-113584.avif	in stock	NEW	SUV	Vehicles & Parts > Vehicles > Motor Vehicles > Cars, Trucks & Vans	1GKS2DKLXTR465696	https://furymotors.com/for-sale/gmc-yukon-denali-minneapolis-mn/2026-gmc-yukon-denali-1gks2dklxtr465696/123?store={store_code}	RED	5 miles	Yukon	1GKS2DKLXTR465696	2026	88555 USD	07269826798924486220	88555 USD	MI
1GKS2EKL8TR437580	2026 GMC Yukon Denali Ultimate	GMC	https://furymotors.com/for-sale/gmc-yukon-denali-ultimate-minneapolis-mn/2026-gmc-yukon-denali-ultimate-1gks2ekl8tr437580/	105759 USD	2026 Onyx Black GMC Yukon Denali Ultimate EcoTec3 6.2L V8 For sale at Fury GMC Forest Lake in Forest Lake Minnesota.	https://vimg.remora.inc/528185/1gks2ekl8tr437580-2026-gmc-yukon-denali-ultimate-onyx-black-1-112889.avif	in stock	NEW	SUV	Vehicles & Parts > Vehicles > Motor Vehicles > Cars, Trucks & Vans	1GKS2EKL8TR437580	https://furymotors.com/for-sale/gmc-yukon-denali-ultimate-minneapolis-mn/2026-gmc-yukon-denali-ultimate-1gks2ekl8tr437580/123?store={store_code}	BLACK	4 miles	Yukon	1GKS2EKL8TR437580	2026	105759 USD	07269826798924486220	105759 USD	MI
1GKS2WKL1TR405396	2026 GMC Yukon XL AT4 Ultimate	GMC	https://furymotors.com/for-sale/gmc-yukon-xl-at4-ultimate-minneapolis-mn/2026-gmc-yukon-xl-at4-ultimate-1gks2wkl1tr405396/	102160 USD	2026 Onyx Black GMC Yukon XL AT4 Ultimate EcoTec3 6.2L V8 For sale at Fury GMC Forest Lake in Forest Lake Minnesota.	https://vimg.remora.inc/480178/1gks2wkl1tr405396-2026-gmc-yukon-xl-at4-ultimate-onyx-black-1-113129.avif	in stock	NEW	SUV	Vehicles & Parts > Vehicles > Motor Vehicles > Cars, Trucks & Vans	1GKS2WKL1TR405396	https://furymotors.com/for-sale/gmc-yukon-xl-at4-ultimate-minneapolis-mn/2026-gmc-yukon-xl-at4-ultimate-1gks2wkl1tr405396/123?store={store_code}	BLACK	2 miles	Yukon XL	1GKS2WKL1TR405396	2026	102160 USD	07269826798924486220	102160 USD	MI
1GKS2JKL1TR264705	2026 GMC Yukon XL Denali	GMC	https://furymotors.com/for-sale/gmc-yukon-xl-denali-minneapolis-mn/2026-gmc-yukon-xl-denali-1gks2jkl1tr264705/	96515 USD	2026 Sterling Metallic GMC Yukon XL Denali EcoTec3 6.2L V8 For sale at Fury GMC Forest Lake in Forest Lake Minnesota.	https://vimg.remora.inc/290028/1gks2jkl1tr264705-2026-gmc-yukon-xl-denali-sterling-metallic-1-110046.avif	in stock	NEW	SUV	Vehicles & Parts > Vehicles > Motor Vehicles > Cars, Trucks & Vans	1GKS2JKL1TR264705	https://furymotors.com/for-sale/gmc-yukon-xl-denali-minneapolis-mn/2026-gmc-yukon-xl-denali-1gks2jkl1tr264705/123?store={store_code}	SILVER	2501 miles	Yukon XL	1GKS2JKL1TR264705	2026	96515 USD	07269826798924486220	96515 USD	MI
1GKS2JKL1TR434545	2026 GMC Yukon XL Denali	GMC	https://furymotors.com/for-sale/gmc-yukon-xl-denali-minneapolis-mn/2026-gmc-yukon-xl-denali-1gks2jkl1tr434545/	91055 USD	2026 Volcanic Red Tintcoat GMC Yukon XL Denali EcoTec3 6.2L V8 For sale at Fury GMC Forest Lake in Forest Lake Minnesota.	https://vimg.remora.inc/525164/1gks2jkl1tr434545-2026-gmc-yukon-xl-denali-volcanic-red-tintcoat-1-112889.avif	in stock	NEW	SUV	Vehicles & Parts > Vehicles > Motor Vehicles > Cars, Trucks & Vans	1GKS2JKL1TR434545	https://furymotors.com/for-sale/gmc-yukon-xl-denali-minneapolis-mn/2026-gmc-yukon-xl-denali-1gks2jkl1tr434545/123?store={store_code}	RED	4 miles	Yukon XL	1GKS2JKL1TR434545	2026	91055 USD	07269826798924486220	91055 USD	MI
1GKS2JKL3TR411493	2026 GMC Yukon XL Denali	GMC	https://furymotors.com/for-sale/gmc-yukon-xl-denali-minneapolis-mn/2026-gmc-yukon-xl-denali-1gks2jkl3tr411493/	91505 USD	2026 Glacier White Tricoat GMC Yukon XL Denali EcoTec3 6.2L V8 For sale at Fury GMC Forest Lake in Forest Lake Minnesota.	https://vimg.remora.inc/490042/1gks2jkl3tr411493-2026-gmc-yukon-xl-denali-glacier-white-tricoat-1-112289.avif	in stock	NEW	SUV	Vehicles & Parts > Vehicles > Motor Vehicles > Cars, Trucks & Vans	1GKS2JKL3TR411493	https://furymotors.com/for-sale/gmc-yukon-xl-denali-minneapolis-mn/2026-gmc-yukon-xl-denali-1gks2jkl3tr411493/123?store={store_code}	WHITE	2 miles	Yukon XL	1GKS2JKL3TR411493	2026	91505 USD	07269826798924486220	91505 USD	MI
1GKS2JKL4TR146034	2026 GMC Yukon XL Denali	GMC	https://furymotors.com/for-sale/gmc-yukon-xl-denali-minneapolis-mn/2026-gmc-yukon-xl-denali-1gks2jkl4tr146034/	90305 USD	2026 Sterling Metallic GMC Yukon XL Denali EcoTec3 6.2L V8 For sale at Fury GMC Forest Lake in Forest Lake Minnesota.	https://vimg.remora.inc/112889/1gks2jkl4tr146034-2026-gmc-yukon-xl-denali-sterling-metallic-1-3.avif	in stock	NEW	SUV	Vehicles & Parts > Vehicles > Motor Vehicles > Cars, Trucks & Vans	1GKS2JKL4TR146034	https://furymotors.com/for-sale/gmc-yukon-xl-denali-minneapolis-mn/2026-gmc-yukon-xl-denali-1gks2jkl4tr146034/123?store={store_code}	SILVER	2 miles	Yukon XL	1GKS2JKL4TR146034	2026	90305 USD	07269826798924486220	90305 USD	MI
1GKS2JKL6TR400780	2026 GMC Yukon XL Denali	GMC	https://furymotors.com/for-sale/gmc-yukon-xl-denali-minneapolis-mn/2026-gmc-yukon-xl-denali-1gks2jkl6tr400780/	100285 USD	2026 Summit White GMC Yukon XL Denali EcoTec3 6.2L V8 For sale at Fury GMC Forest Lake in Forest Lake Minnesota.	https://vimg.remora.inc/477381/1gks2jkl6tr400780-2026-gmc-yukon-xl-denali-summit-white-1-112384.avif	in stock	NEW	SUV	Vehicles & Parts > Vehicles > Motor Vehicles > Cars, Trucks & Vans	1GKS2JKL6TR400780	https://furymotors.com/for-sale/gmc-yukon-xl-denali-minneapolis-mn/2026-gmc-yukon-xl-denali-1gks2jkl6tr400780/123?store={store_code}	WHITE	3 miles	Yukon XL	1GKS2JKL6TR400780	2026	100285 USD	07269826798924486220	100285 USD	MI
1GKS2JKL9TR280005	2026 GMC Yukon XL Denali	GMC	https://furymotors.com/for-sale/gmc-yukon-xl-denali-minneapolis-mn/2026-gmc-yukon-xl-denali-1gks2jkl9tr280005/	90910 USD	2026 Glacier White Tricoat GMC Yukon XL Denali EcoTec3 6.2L V8 For sale at Fury GMC Forest Lake in Forest Lake Minnesota.	https://vimg.remora.inc/309639/1gks2jkl9tr280005-2026-gmc-yukon-xl-denali-glacier-white-tricoat-1-109529.avif	in stock	NEW	SUV	Vehicles & Parts > Vehicles > Motor Vehicles > Cars, Trucks & Vans	1GKS2JKL9TR280005	https://furymotors.com/for-sale/gmc-yukon-xl-denali-minneapolis-mn/2026-gmc-yukon-xl-denali-1gks2jkl9tr280005/123?store={store_code}	WHITE	96 miles	Yukon XL	1GKS2JKL9TR280005	2026	90910 USD	07269826798924486220	90910 USD	MI
1GKS2KKL0TR401798	2026 GMC Yukon XL Denali Ultimate	GMC	https://furymotors.com/for-sale/gmc-yukon-xl-denali-ultimate-minneapolis-mn/2026-gmc-yukon-xl-denali-ultimate-1gks2kkl0tr401798/	108235 USD	2026 Onyx Black GMC Yukon XL Denali Ultimate EcoTec3 6.2L V8 For sale at Fury GMC Forest Lake in Forest Lake Minnesota.	https://vimg.remora.inc/477106/1gks2kkl0tr401798-2026-gmc-yukon-xl-denali-ultimate-onyx-black-1-112289.avif	in stock	NEW	SUV	Vehicles & Parts > Vehicles > Motor Vehicles > Cars, Trucks & Vans	1GKS2KKL0TR401798	https://furymotors.com/for-sale/gmc-yukon-xl-denali-ultimate-minneapolis-mn/2026-gmc-yukon-xl-denali-ultimate-1gks2kkl0tr401798/123?store={store_code}	BLACK	2 miles	Yukon XL	1GKS2KKL0TR401798	2026	108235 USD	07269826798924486220	108235 USD	MI
KL4CJFSB3GB666192	2016 Buick Encore Convenience	Buick	https://furymotors.com/for-sale/used-buick-encore-convenience-minneapolis-mn/2016-buick-encore-convenience-kl4cjfsb3gb666192/	10350 USD	2016 Deep Espresso Brown Metallic Buick Encore Convenience ECOTEC 1.4L I4 SMPI DOHC Turbocharged VVT For sale at Fury GMC Forest Lake in Forest Lake Minnesota.	https://vimg.remora.inc/595077/kl4cjfsb3gb666192-2016-buick-encore-convenience-deep-espresso-brown-metallic-1-113801.avif	in stock	USED	SUV	Vehicles & Parts > Vehicles > Motor Vehicles > Cars, Trucks & Vans	KL4CJFSB3GB666192	https://furymotors.com/for-sale/used-buick-encore-convenience-minneapolis-mn/2016-buick-encore-convenience-kl4cjfsb3gb666192/123?store={store_code}	BROWN	111549 miles	Encore	KL4CJFSB3GB666192	2016	10350 USD	07269826798924486220	10350 USD	MI
LRBFZPR4XMD123946	2021 Buick Envision Essence w/ Pano Roof & Tech Pckg	Buick	https://furymotors.com/for-sale/used-buick-envision-essence-w-pano-roof-tech-pckg-minneapolis-mn/2021-buick-envision-essence-w-pano-roof-tech-pckg-lrbfzpr4xmd123946/	26000 USD	2021 Satin Steel Gray Metallic Buick Envision Essence w/ Pano Roof & Tech Pckg 2.0L Turbocharged For sale at Fury GMC Forest Lake in Forest Lake Minnesota.	https://vimg.remora.inc/579477/lrbfzpr4xmd123946-2021-buick-envision-essence-w-pano-roof-tech-pckg-satin-steel-gray-metallic-1-113584.avif	in stock	USED	SUV	Vehicles & Parts > Vehicles > Motor Vehicles > Cars, Trucks & Vans	LRBFZPR4XMD123946	https://furymotors.com/for-sale/used-buick-envision-essence-w-pano-roof-tech-pckg-minneapolis-mn/2021-buick-envision-essence-w-pano-roof-tech-pckg-lrbfzpr4xmd123946/123?store={store_code}	GRAY	31300 miles	Envision	LRBFZPR4XMD123946	2021	26000 USD	07269826798924486220	26000 USD	MI
1GYS4MKL3PR541541	2023 Cadillac Escalade ESV Premium Luxury Platinum	Cadillac	https://furymotors.com/for-sale/used-cadillac-escalade-esv-premium-luxury-platinum-minneapolis-mn/2023-cadillac-escalade-esv-premium-luxury-platinum-1gys4mkl3pr541541/	60000 USD	2023 Crystal White Tricoat Cadillac Escalade ESV Premium Luxury Platinum 6.2L V8 For sale at Fury GMC Forest Lake in Forest Lake Minnesota.	https://vimg.remora.inc/590356/1gys4mkl3pr541541-2023-cadillac-escalade-esv-premium-luxury-platinum-crystal-white-tricoat-1-113801.avif	in stock	USED	SUV	Vehicles & Parts > Vehicles > Motor Vehicles > Cars, Trucks & Vans	1GYS4MKL3PR541541	https://furymotors.com/for-sale/used-cadillac-escalade-esv-premium-luxury-platinum-minneapolis-mn/2023-cadillac-escalade-esv-premium-luxury-platinum-1gys4mkl3pr541541/123?store={store_code}	WHITE	80678 miles	Escalade ESV	1GYS4MKL3PR541541	2023	60000 USD	07269826798924486220	60000 USD	MI
1GYS9GRL8SR219995	2025 Cadillac Escalade Sport Platinum	Cadillac	https://furymotors.com/for-sale/used-cadillac-escalade-sport-platinum-minneapolis-mn/2025-cadillac-escalade-sport-platinum-1gys9grl8sr219995/	109250 USD	2025 Black Raven Cadillac Escalade Sport Platinum 6.2L V8 For sale at Fury GMC Forest Lake in Forest Lake Minnesota.	https://vimg.remora.inc/462975/1gys9grl8sr219995-2025-cadillac-escalade-sport-platinum-black-1-113465.avif	in stock	USED	SUV	Vehicles & Parts > Vehicles > Motor Vehicles > Cars, Trucks & Vans	1GYS9GRL8SR219995	https://furymotors.com/for-sale/used-cadillac-escalade-sport-platinum-minneapolis-mn/2025-cadillac-escalade-sport-platinum-1gys9grl8sr219995/123?store={store_code}	BLACK	18420 miles	Escalade	1GYS9GRL8SR219995	2025	109250 USD	07269826798924486220	109250 USD	MI
2G1FP32PXS2164898	1995 Chevrolet Camaro Z28	Chevrolet	https://furymotors.com/for-sale/used-chevrolet-camaro-z28-minneapolis-mn/1995-chevrolet-camaro-z28-2g1fp32pxs2164898/	11250 USD	1995 Red Chevrolet Camaro Z28 5.7L V8 16V For sale at Fury GMC Forest Lake in Forest Lake Minnesota.	https://vimg.remora.inc/463413/2g1fp32pxs2164898-1995-chevrolet-camaro-z28-red-1-111599.avif	in stock	USED	OTHER	Vehicles & Parts > Vehicles > Motor Vehicles > Cars, Trucks & Vans	2G1FP32PXS2164898	https://furymotors.com/for-sale/used-chevrolet-camaro-z28-minneapolis-mn/1995-chevrolet-camaro-z28-2g1fp32pxs2164898/123?store={store_code}	RED	39345 miles	Camaro	2G1FP32PXS2164898	1995	11250 USD	07269826798924486220	11250 USD	MI
1GCPTDEK9S1180843	2025 Chevrolet Colorado Z71 w/ Convenience III & 42Z Pckg	Chevrolet	https://furymotors.com/for-sale/used-chevrolet-colorado-z71-w-convenience-iii-42z-pckg-minneapolis-mn/2025-chevrolet-colorado-z71-w-convenience-iii-42z-pckg-1gcptdek9s1180843/	41000 USD	2025 Black Chevrolet Colorado Z71 w/ Convenience III & 42Z Pckg 2.7L I4 Turbocharged DOHC 16V LEV3-ULEV50 310hp For sale at Fury GMC Forest Lake in Forest Lake Minnesota.	https://vimg.remora.inc/558612/1gcptdek9s1180843-2025-chevrolet-colorado-z71-black-1-113225.avif	in stock	USED	TRUCK	Vehicles & Parts > Vehicles > Motor Vehicles > Cars, Trucks & Vans	1GCPTDEK9S1180843	https://furymotors.com/for-sale/used-chevrolet-colorado-z71-w-convenience-iii-42z-pckg-minneapolis-mn/2025-chevrolet-colorado-z71-w-convenience-iii-42z-pckg-1gcptdek9s1180843/123?store={store_code}	BLACK	13199 miles	Colorado	1GCPTDEK9S1180843	2025	41000 USD	07269826798924486220	41000 USD	MI
2GNAXUEV8M6113839	2021 Chevrolet Equinox LT	Chevrolet	https://furymotors.com/for-sale/used-chevrolet-equinox-lt-minneapolis-mn/2021-chevrolet-equinox-lt-2gnaxuev8m6113839/	18250 USD	2021 Silver Ice Metallic Chevrolet Equinox LT 1.5L DOHC For sale at Fury GMC Forest Lake in Forest Lake Minnesota.	https://vimg.remora.inc/570147/2gnaxuev8m6113839-2021-chevrolet-equinox-lt-silver-ice-metallic-1-113465.avif	in stock	USED	SUV	Vehicles & Parts > Vehicles > Motor Vehicles > Cars, Trucks & Vans	2GNAXUEV8M6113839	https://furymotors.com/for-sale/used-chevrolet-equinox-lt-minneapolis-mn/2021-chevrolet-equinox-lt-2gnaxuev8m6113839/123?store={store_code}	SILVER	77082 miles	Equinox	2GNAXUEV8M6113839	2021	18250 USD	07269826798924486220	18250 USD	MI
3GCUKREC4JG580059	2018 Chevrolet Silverado 1500 LT	Chevrolet	https://furymotors.com/for-sale/used-chevrolet-silverado-1500-lt-minneapolis-mn/2018-chevrolet-silverado-1500-lt-3gcukrec4jg580059/	18000 USD	2018 Cajun Red Tintcoat Chevrolet Silverado 1500 LT EcoTec3 5.3L V8 For sale at Fury GMC Forest Lake in Forest Lake Minnesota.	https://vimg.remora.inc/547453/3gcukrec4jg580059-2018-chevrolet-silverado-1500-lt-cajun-red-tintcoat-1-113223.avif	in stock	USED	TRUCK	Vehicles & Parts > Vehicles > Motor Vehicles > Cars, Trucks & Vans	3GCUKREC4JG580059	https://furymotors.com/for-sale/used-chevrolet-silverado-1500-lt-minneapolis-mn/2018-chevrolet-silverado-1500-lt-3gcukrec4jg580059/123?store={store_code}	RED	149350 miles	Silverado 1500	3GCUKREC4JG580059	2018	18000 USD	07269826798924486220	18000 USD	MI
1GCPYCEK5NZ144813	2022 Chevrolet Silverado 1500 LTD Custom Trail Boss	Chevrolet	https://furymotors.com/for-sale/used-chevrolet-silverado-1500-ltd-custom-trail-boss-minneapolis-mn/2022-chevrolet-silverado-1500-ltd-custom-trail-boss-1gcpycek5nz144813/	23350 USD	2022 Black Chevrolet Silverado 1500 LTD Custom Trail Boss 2.7L Turbo For sale at Fury GMC Forest Lake in Forest Lake Minnesota.	https://vimg.remora.inc/550789/1gcpycek5nz144813-2022-chevrolet-silverado-1500-ltd-custom-trail-boss-black-1-113223.avif	in stock	USED	TRUCK	Vehicles & Parts > Vehicles > Motor Vehicles > Cars, Trucks & Vans	1GCPYCEK5NZ144813	https://furymotors.com/for-sale/used-chevrolet-silverado-1500-ltd-custom-trail-boss-minneapolis-mn/2022-chevrolet-silverado-1500-ltd-custom-trail-boss-1gcpycek5nz144813/123?store={store_code}	BLACK	93981 miles	Silverado 1500 LTD	1GCPYCEK5NZ144813	2022	23350 USD	07269826798924486220	23350 USD	MI
1GCUYGED1NZ238151	2022 Chevrolet Silverado 1500 LTD LTZ	Chevrolet	https://furymotors.com/for-sale/used-chevrolet-silverado-1500-ltd-ltz-minneapolis-mn/2022-chevrolet-silverado-1500-ltd-ltz-1gcuyged1nz238151/	36250 USD	2022 Silver Ice Metallic Chevrolet Silverado 1500 LTD LTZ EcoTec3 5.3L V8 For sale at Fury GMC Forest Lake in Forest Lake Minnesota.	https://vimg.remora.inc/539713/1gcuyged1nz238151-2022-chevrolet-silverado-1500-ltd-ltz-silver-ice-metallic-1-112961.avif	in stock	USED	TRUCK	Vehicles & Parts > Vehicles > Motor Vehicles > Cars, Trucks & Vans	1GCUYGED1NZ238151	https://furymotors.com/for-sale/used-chevrolet-silverado-1500-ltd-ltz-minneapolis-mn/2022-chevrolet-silverado-1500-ltd-ltz-1gcuyged1nz238151/123?store={store_code}	SILVER	62052 miles	Silverado 1500 LTD	1GCUYGED1NZ238151	2022	36250 USD	07269826798924486220	36250 USD	MI
1GCUYGEL9LZ305728	2020 Chevrolet Silverado 1500 LTZ	Chevrolet	https://furymotors.com/for-sale/used-chevrolet-silverado-1500-ltz-minneapolis-mn/2020-chevrolet-silverado-1500-ltz-1gcuygel9lz305728/	33250 USD	2020 Cajun Red Tintcoat Chevrolet Silverado 1500 LTZ EcoTec3 6.2L V8 For sale at Fury GMC Forest Lake in Forest Lake Minnesota.	https://vimg.remora.inc/536527/1gcuygel9lz305728-2020-chevrolet-silverado-1500-ltz-cajun-red-tintcoat-1-112793.avif	in stock	USED	TRUCK	Vehicles & Parts > Vehicles > Motor Vehicles > Cars, Trucks & Vans	1GCUYGEL9LZ305728	https://furymotors.com/for-sale/used-chevrolet-silverado-1500-ltz-minneapolis-mn/2020-chevrolet-silverado-1500-ltz-1gcuygel9lz305728/123?store={store_code}	RED	72406 miles	Silverado 1500	1GCUYGEL9LZ305728	2020	33250 USD	07269826798924486220	33250 USD	MI
1GCUYEED2MZ394735	2021 Chevrolet Silverado 1500 RST w/ Z71, Convenience Pckg & 1SP	Chevrolet	https://furymotors.com/for-sale/used-chevrolet-silverado-1500-rst-w-z71-convenience-pckg-1sp-minneapolis-mn/2021-chevrolet-silverado-1500-rst-w-z71-convenience-pckg-1sp-1gcuyeed2mz394735/	26750 USD	2021 Cherry Red Tintcoat Chevrolet Silverado 1500 RST w/ Z71, Convenience Pckg & 1SP EcoTec3 5.3L V8 For sale at Fury GMC Forest Lake in Forest Lake Minnesota.	https://vimg.remora.inc/542458/1gcuyeed2mz394735-2021-chevrolet-silverado-1500-rst-cherry-red-tintcoat-1-112961.avif	in stock	USED	TRUCK	Vehicles & Parts > Vehicles > Motor Vehicles > Cars, Trucks & Vans	1GCUYEED2MZ394735	https://furymotors.com/for-sale/used-chevrolet-silverado-1500-rst-w-z71-convenience-pckg-1sp-minneapolis-mn/2021-chevrolet-silverado-1500-rst-w-z71-convenience-pckg-1sp-1gcuyeed2mz394735/123?store={store_code}	RED	115165 miles	Silverado 1500	1GCUYEED2MZ394735	2021	26750 USD	07269826798924486220	26750 USD	MI
3GCUKNEC9JG427282	2018 Chevrolet Silverado 1500 WT	Chevrolet	https://furymotors.com/for-sale/used-chevrolet-silverado-1500-wt-minneapolis-mn/2018-chevrolet-silverado-1500-wt-3gcuknec9jg427282/	16000 USD	2018 Silver Ice Metallic Chevrolet Silverado 1500 WT EcoTec3 5.3L V8 For sale at Fury GMC Forest Lake in Forest Lake Minnesota.	https://vimg.remora.inc/579824/3gcuknec9jg427282-2018-chevrolet-silverado-1500-wt-silver-ice-metallic-1-113584.avif	in stock	USED	TRUCK	Vehicles & Parts > Vehicles > Motor Vehicles > Cars, Trucks & Vans	3GCUKNEC9JG427282	https://furymotors.com/for-sale/used-chevrolet-silverado-1500-wt-minneapolis-mn/2018-chevrolet-silverado-1500-wt-3gcuknec9jg427282/123?store={store_code}	SILVER	142886 miles	Silverado 1500	3GCUKNEC9JG427282	2018	16000 USD	07269826798924486220	16000 USD	MI
1GC4YTEY6NF202713	2022 Chevrolet Silverado 3500HD LT w/ Leather & Convenience Pckg	Chevrolet	https://furymotors.com/for-sale/used-chevrolet-silverado-3500hd-lt-w-leather-convenience-pckg-minneapolis-mn/2022-chevrolet-silverado-3500hd-lt-w-leather-convenience-pckg-1gc4ytey6nf202713/	39000 USD	2022 Summit White Chevrolet Silverado 3500HD LT w/ Leather & Convenience Pckg Duramax 6.6L V8 Turbodiesel For sale at Fury GMC Forest Lake in Forest Lake Minnesota.	https://vimg.remora.inc/480911/1gc4ytey6nf202713-2022-chevrolet-silverado-3500hd-lt-summit-white-1-111953.avif	in stock	USED	TRUCK	Vehicles & Parts > Vehicles > Motor Vehicles > Cars, Trucks & Vans	1GC4YTEY6NF202713	https://furymotors.com/for-sale/used-chevrolet-silverado-3500hd-lt-w-leather-convenience-pckg-minneapolis-mn/2022-chevrolet-silverado-3500hd-lt-w-leather-convenience-pckg-1gc4ytey6nf202713/123?store={store_code}	WHITE	104473 miles	Silverado 3500HD	1GC4YTEY6NF202713	2022	39000 USD	07269826798924486220	39000 USD	MI
1GNSKHKC1KR177199	2019 Chevrolet Suburban LT w/ 2nd Row Bench, 1LT Pckg	Chevrolet	https://furymotors.com/for-sale/used-chevrolet-suburban-lt-w-2nd-row-bench-1lt-pckg-minneapolis-mn/2019-chevrolet-suburban-lt-w-2nd-row-bench-1lt-pckg-1gnskhkc1kr177199/	19850 USD	2019 Silver Ice Metallic Chevrolet Suburban LT w/ 2nd Row Bench, 1LT Pckg EcoTec3 5.3L V8 Flex Fuel For sale at Fury GMC Forest Lake in Forest Lake Minnesota.	https://vimg.remora.inc/588623/1gnskhkc1kr177199-2019-chevrolet-suburban-lt-w-2nd-row-bench-1lt-pckg-silver-ice-metallic-1-113726.avif	in stock	USED	SUV	Vehicles & Parts > Vehicles > Motor Vehicles > Cars, Trucks & Vans	1GNSKHKC1KR177199	https://furymotors.com/for-sale/used-chevrolet-suburban-lt-w-2nd-row-bench-1lt-pckg-minneapolis-mn/2019-chevrolet-suburban-lt-w-2nd-row-bench-1lt-pckg-1gnskhkc1kr177199/123?store={store_code}	SILVER	149930 miles	Suburban	1GNSKHKC1KR177199	2019	19850 USD	07269826798924486220	19850 USD	MI
1GNSKPKL3PR378118	2023 Chevrolet Tahoe Z71 w/ Luxury & Max Trailer Pckg	Chevrolet	https://furymotors.com/for-sale/used-chevrolet-tahoe-z71-w-luxury-max-trailer-pckg-minneapolis-mn/2023-chevrolet-tahoe-z71-w-luxury-max-trailer-pckg-1gnskpkl3pr378118/	62000 USD	2023 Dark Ash Metallic Chevrolet Tahoe Z71 w/ Luxury & Max Trailer Pckg EcoTec3 6.2L V8 For sale at Fury GMC Forest Lake in Forest Lake Minnesota.	https://vimg.remora.inc/439246/1gnskpkl3pr378118-2023-chevrolet-tahoe-z71-w-luxury-max-trailer-pckg-dark-ash-metallic-1-113470.avif	in stock	USED	SUV	Vehicles & Parts > Vehicles > Motor Vehicles > Cars, Trucks & Vans	1GNSKPKL3PR378118	https://furymotors.com/for-sale/used-chevrolet-tahoe-z71-w-luxury-max-trailer-pckg-minneapolis-mn/2023-chevrolet-tahoe-z71-w-luxury-max-trailer-pckg-1gnskpkl3pr378118/123?store={store_code}	GRAY	24174 miles	Tahoe	1GNSKPKL3PR378118	2023	62000 USD	07269826798924486220	62000 USD	MI
KL79MRSL4RB028986	2024 Chevrolet Trailblazer LT	Chevrolet	https://furymotors.com/for-sale/used-chevrolet-trailblazer-lt-minneapolis-mn/2024-chevrolet-trailblazer-lt-kl79mrsl4rb028986/	20000 USD	2024 Summit White Chevrolet Trailblazer LT 1.3L Ecotec Turbo DOHC SIDI w/VVT For sale at Fury GMC Forest Lake in Forest Lake Minnesota.	https://vimg.remora.inc/580494/kl79mrsl4rb028986-2024-chevrolet-trailblazer-lt-summit-white-1-113584.avif	in stock	USED	SUV	Vehicles & Parts > Vehicles > Motor Vehicles > Cars, Trucks & Vans	KL79MRSL4RB028986	https://furymotors.com/for-sale/used-chevrolet-trailblazer-lt-minneapolis-mn/2024-chevrolet-trailblazer-lt-kl79mrsl4rb028986/123?store={store_code}	WHITE	70679 miles	Trailblazer	KL79MRSL4RB028986	2024	20000 USD	07269826798924486220	20000 USD	MI
2C4RC1BG3RR119923	2024 Chrysler Pacifica Touring L	Chrysler	https://furymotors.com/for-sale/used-chrysler-pacifica-touring-l-minneapolis-mn/2024-chrysler-pacifica-touring-l-2c4rc1bg3rr119923/	21750 USD	2024 Bright White Clearcoat Chrysler Pacifica Touring L 3.6L V6 24V VVT For sale at Fury GMC Forest Lake in Forest Lake Minnesota.	https://vimg.remora.inc/570145/2c4rc1bg3rr119923-2024-chrysler-pacifica-touring-l-bright-white-clearcoat-1-113465.avif	in stock	USED	VAN	Vehicles & Parts > Vehicles > Motor Vehicles > Cars, Trucks & Vans	2C4RC1BG3RR119923	https://furymotors.com/for-sale/used-chrysler-pacifica-touring-l-minneapolis-mn/2024-chrysler-pacifica-touring-l-2c4rc1bg3rr119923/123?store={store_code}	WHITE	71052 miles	Pacifica	2C4RC1BG3RR119923	2024	21750 USD	07269826798924486220	21750 USD	MI
1FMJK1MT1MEA71785	2021 Ford Expedition Max Platinum	Ford	https://furymotors.com/for-sale/used-ford-expedition-max-platinum-minneapolis-mn/2021-ford-expedition-max-platinum-1fmjk1mt1mea71785/	42000 USD	2021 Agate Black Metallic Ford Expedition Max Platinum EcoBoost 3.5L V6 GTDi DOHC 24V Twin Turbocharged For sale at Fury GMC Forest Lake in Forest Lake Minnesota.	https://vimg.remora.inc/540434/1fmjk1mt1mea71785-2021-ford-expedition-max-platinum-black-1-112889.avif	in stock	USED	SUV	Vehicles & Parts > Vehicles > Motor Vehicles > Cars, Trucks & Vans	1FMJK1MT1MEA71785	https://furymotors.com/for-sale/used-ford-expedition-max-platinum-minneapolis-mn/2021-ford-expedition-max-platinum-1fmjk1mt1mea71785/123?store={store_code}	BLACK	51090 miles	Expedition Max	1FMJK1MT1MEA71785	2021	42000 USD	07269826798924486220	42000 USD	MI
1FTFW1E55LKD24590	2020 Ford F-150 XL	Ford	https://furymotors.com/for-sale/used-ford-f150-xl-minneapolis-mn/2020-ford-f150-xl-1ftfw1e55lkd24590/	24250 USD	2020 Gray Ford F-150 XL 5.0L V8 For sale at Fury GMC Forest Lake in Forest Lake Minnesota.	https://vimg.remora.inc/563421/1ftfw1e55lkd24590-2020-ford-f150-xl-gray-1-113297.avif	in stock	USED	TRUCK	Vehicles & Parts > Vehicles > Motor Vehicles > Cars, Trucks & Vans	1FTFW1E55LKD24590	https://furymotors.com/for-sale/used-ford-f150-xl-minneapolis-mn/2020-ford-f150-xl-1ftfw1e55lkd24590/123?store={store_code}	GRAY	110796 miles	F-150	1FTFW1E55LKD24590	2020	24250 USD	07269826798924486220	24250 USD	MI
1FTFX1ET6CFB35564	2012 Ford F-150 XLT	Ford	https://furymotors.com/for-sale/used-ford-f150-xlt-minneapolis-mn/2012-ford-f150-xlt-1ftfx1et6cfb35564/	8750 USD	2012 Sterling Gray Metallic Ford F-150 XLT 3.5L V6 For sale at Fury GMC Forest Lake in Forest Lake Minnesota.	https://vimg.remora.inc/570260/1ftfx1et6cfb35564-2012-ford-f150-xlt-sterling-gray-metallic-1-113607.avif	in stock	USED	TRUCK	Vehicles & Parts > Vehicles > Motor Vehicles > Cars, Trucks & Vans	1FTFX1ET6CFB35564	https://furymotors.com/for-sale/used-ford-f150-xlt-minneapolis-mn/2012-ford-f150-xlt-1ftfx1et6cfb35564/123?store={store_code}	SILVER	166000 miles	F-150	1FTFX1ET6CFB35564	2012	8750 USD	07269826798924486220	8750 USD	MI
1FTEW1EP9PKD14678	2023 Ford F-150 XLT	Ford	https://furymotors.com/for-sale/used-ford-f150-xlt-minneapolis-mn/2023-ford-f150-xlt-1ftew1ep9pkd14678/	37000 USD	2023 Atlas Blue Metallic Ford F-150 XLT 2.7L V6 EcoBoost For sale at Fury GMC Forest Lake in Forest Lake Minnesota.	https://vimg.remora.inc/402010/1ftew1ep9pkd14678-2023-ford-f150-xlt-atlas-blue-metallic-1-113824.avif	in stock	USED	TRUCK	Vehicles & Parts > Vehicles > Motor Vehicles > Cars, Trucks & Vans	1FTEW1EP9PKD14678	https://furymotors.com/for-sale/used-ford-f150-xlt-minneapolis-mn/2023-ford-f150-xlt-1ftew1ep9pkd14678/123?store={store_code}	BLUE	44819 miles	F-150	1FTEW1EP9PKD14678	2023	37000 USD	07269826798924486220	37000 USD	MI
1FATP8UH5H5220150	2017 Ford Mustang EcoBoost Premium	Ford	https://furymotors.com/for-sale/used-ford-mustang-ecoboost-premium-minneapolis-mn/2017-ford-mustang-ecoboost-premium-1fatp8uh5h5220150/	20000 USD	2017 Magnetic Metallic Ford Mustang EcoBoost Premium EcoBoost 2.3L I4 GTDi DOHC Turbocharged VCT For sale at Fury GMC Forest Lake in Forest Lake Minnesota.	https://vimg.remora.inc/592022/1fatp8uh5h5220150-2017-ford-mustang-ecoboost-premium-magnetic-metallic-1-113801.avif	in stock	USED	OTHER	Vehicles & Parts > Vehicles > Motor Vehicles > Cars, Trucks & Vans	1FATP8UH5H5220150	https://furymotors.com/for-sale/used-ford-mustang-ecoboost-premium-minneapolis-mn/2017-ford-mustang-ecoboost-premium-1fatp8uh5h5220150/123?store={store_code}	GRAY	38383 miles	Mustang	1FATP8UH5H5220150	2017	20000 USD	07269826798924486220	20000 USD	MI
1FT8W3BT6LEE64539	2020 Ford Super Duty F-350 SRW Platinum	Ford	https://furymotors.com/for-sale/used-ford-super-duty-f350-srw-platinum-minneapolis-mn/2020-ford-super-duty-f350-srw-platinum-1ft8w3bt6lee64539/	43750 USD	2020 Gray Ford Super Duty F-350 SRW Platinum Power Stroke 6.7L V8 DI 32V OHV Turbodiesel For sale at Fury GMC Forest Lake in Forest Lake Minnesota.	https://vimg.remora.inc/550523/1ft8w3bt6lee64539-2020-ford-super-duty-f350-srw-platinum-gray-1-113244.avif	in stock	USED	TRUCK	Vehicles & Parts > Vehicles > Motor Vehicles > Cars, Trucks & Vans	1FT8W3BT6LEE64539	https://furymotors.com/for-sale/used-ford-super-duty-f350-srw-platinum-minneapolis-mn/2020-ford-super-duty-f350-srw-platinum-1ft8w3bt6lee64539/123?store={store_code}	GRAY	126252 miles	Super Duty F-350	1FT8W3BT6LEE64539	2020	43750 USD	07269826798924486220	43750 USD	MI
1GKKVSKD2HJ292993	2017 GMC Acadia Limited Limited	GMC	https://furymotors.com/for-sale/used-gmc-acadia-limited-limited-minneapolis-mn/2017-gmc-acadia-limited-limited-1gkkvskd2hj292993/	9000 USD	2017 White Frost Tricoat GMC Acadia Limited Limited 3.6L V6 SIDI For sale at Fury GMC Forest Lake in Forest Lake Minnesota.	https://vimg.remora.inc/536994/1gkkvskd2hj292993-2017-gmc-acadia-limited-limited-white-frost-tricoat-1-113223.avif	in stock	USED	SUV	Vehicles & Parts > Vehicles > Motor Vehicles > Cars, Trucks & Vans	1GKKVSKD2HJ292993	https://furymotors.com/for-sale/used-gmc-acadia-limited-limited-minneapolis-mn/2017-gmc-acadia-limited-limited-1gkkvskd2hj292993/123?store={store_code}	WHITE	142974 miles	Acadia Limited	1GKKVSKD2HJ292993	2017	9000 USD	07269826798924486220	9000 USD	MI
1GTP6BEKXR1104361	2024 GMC Canyon Elevation w/ Premium Pckg & 4VL	GMC	https://furymotors.com/for-sale/used-gmc-canyon-elevation-w-premium-pckg-4vl-minneapolis-mn/2024-gmc-canyon-elevation-w-premium-pckg-4vl-1gtp6bekxr1104361/	35000 USD	2024 Summit White GMC Canyon Elevation w/ Premium Pckg & 4VL 2.7L I4 Turbocharged DOHC 16V LEV3-SULEV30 310hp For sale at Fury GMC Forest Lake in Forest Lake Minnesota.	https://vimg.remora.inc/562139/1gtp6bekxr1104361-2024-gmc-canyon-elevation-summit-white-1-113297.avif	in stock	USED	TRUCK	Vehicles & Parts > Vehicles > Motor Vehicles > Cars, Trucks & Vans	1GTP6BEKXR1104361	https://furymotors.com/for-sale/used-gmc-canyon-elevation-w-premium-pckg-4vl-minneapolis-mn/2024-gmc-canyon-elevation-w-premium-pckg-4vl-1gtp6bekxr1104361/123?store={store_code}	WHITE	33110 miles	Canyon	1GTP6BEKXR1104361	2024	35000 USD	07269826798924486220	35000 USD	MI
1GTPUEEL9NZ556202	2022 GMC Sierra 1500 AT4	GMC	https://furymotors.com/for-sale/used-gmc-sierra-1500-at4-minneapolis-mn/2022-gmc-sierra-1500-at4-1gtpueel9nz556202/	40000 USD	2022 Cayenne Red Tintcoat GMC Sierra 1500 AT4 EcoTec3 6.2L V8 For sale at Fury GMC Forest Lake in Forest Lake Minnesota.	https://vimg.remora.inc/579645/1gtpueel9nz556202-2022-gmc-sierra-1500-at4-cayenne-red-tintcoat-1-113584.avif	in stock	USED	TRUCK	Vehicles & Parts > Vehicles > Motor Vehicles > Cars, Trucks & Vans	1GTPUEEL9NZ556202	https://furymotors.com/for-sale/used-gmc-sierra-1500-at4-minneapolis-mn/2022-gmc-sierra-1500-at4-1gtpueel9nz556202/123?store={store_code}	RED	86814 miles	Sierra 1500	1GTPUEEL9NZ556202	2022	40000 USD	07269826798924486220	40000 USD	MI
1GTUUEE85SZ335965	2025 GMC Sierra 1500 AT4 w/ Preferred, Tech Pckg & Sunroof	GMC	https://furymotors.com/for-sale/used-gmc-sierra-1500-at4-w-preferred-tech-pckg-sunroof-minneapolis-mn/2025-gmc-sierra-1500-at4-w-preferred-tech-pckg-sunroof-1gtuuee85sz335965/	55000 USD	2025 Summit White GMC Sierra 1500 AT4 w/ Preferred, Tech Pckg & Sunroof 3.0L I6 For sale at Fury GMC Forest Lake in Forest Lake Minnesota.	https://vimg.remora.inc/558611/1gtuuee85sz335965-2025-gmc-sierra-1500-at4-w-preferred-tech-pckg-sunroof-white-1-113223.avif	in stock	USED	TRUCK	Vehicles & Parts > Vehicles > Motor Vehicles > Cars, Trucks & Vans	1GTUUEE85SZ335965	https://furymotors.com/for-sale/used-gmc-sierra-1500-at4-w-preferred-tech-pckg-sunroof-minneapolis-mn/2025-gmc-sierra-1500-at4-w-preferred-tech-pckg-sunroof-1gtuuee85sz335965/123?store={store_code}	WHITE	24954 miles	Sierra 1500	1GTUUEE85SZ335965	2025	55000 USD	07269826798924486220	55000 USD	MI
1GTUUEEL8RZ134589	2024 GMC Sierra 1500 AT4 w/ Sunroof, Preferred & 4 Pckg	GMC	https://furymotors.com/for-sale/used-gmc-sierra-1500-at4-w-sunroof-preferred-4-pckg-minneapolis-mn/2024-gmc-sierra-1500-at4-w-sunroof-preferred-4-pckg-1gtuueel8rz134589/	53000 USD	2024 Summit White GMC Sierra 1500 AT4 w/ Sunroof, Preferred & 4 Pckg EcoTec3 6.2L V8 For sale at Fury GMC Forest Lake in Forest Lake Minnesota.	https://vimg.remora.inc/566599/1gtuueel8rz134589-2024-gmc-sierra-1500-at4-white-1-113584.avif	in stock	USED	TRUCK	Vehicles & Parts > Vehicles > Motor Vehicles > Cars, Trucks & Vans	1GTUUEEL8RZ134589	https://furymotors.com/for-sale/used-gmc-sierra-1500-at4-w-sunroof-preferred-4-pckg-minneapolis-mn/2024-gmc-sierra-1500-at4-w-sunroof-preferred-4-pckg-1gtuueel8rz134589/123?store={store_code}	WHITE	22448 miles	Sierra 1500	1GTUUEEL8RZ134589	2024	53000 USD	07269826798924486220	53000 USD	MI
1GTUUEELXRZ134738	2024 GMC Sierra 1500 AT4 w/ Sunroof, Preferred & 4 Pckg	GMC	https://furymotors.com/for-sale/used-gmc-sierra-1500-at4-w-sunroof-preferred-4-pckg-minneapolis-mn/2024-gmc-sierra-1500-at4-w-sunroof-preferred-4-pckg-1gtuueelxrz134738/	53000 USD	2024 Summit White GMC Sierra 1500 AT4 w/ Sunroof, Preferred & 4 Pckg EcoTec3 6.2L V8 For sale at Fury GMC Forest Lake in Forest Lake Minnesota.	https://vimg.remora.inc/566600/1gtuueelxrz134738-2024-gmc-sierra-1500-at4-white-1-113584.avif	in stock	USED	TRUCK	Vehicles & Parts > Vehicles > Motor Vehicles > Cars, Trucks & Vans	1GTUUEELXRZ134738	https://furymotors.com/for-sale/used-gmc-sierra-1500-at4-w-sunroof-preferred-4-pckg-minneapolis-mn/2024-gmc-sierra-1500-at4-w-sunroof-preferred-4-pckg-1gtuueelxrz134738/123?store={store_code}	WHITE	22207 miles	Sierra 1500	1GTUUEELXRZ134738	2024	53000 USD	07269826798924486220	53000 USD	MI
1GTU9CED4KZ290505	2019 GMC Sierra 1500 Elevation	GMC	https://furymotors.com/for-sale/used-gmc-sierra-1500-elevation-minneapolis-mn/2019-gmc-sierra-1500-elevation-1gtu9ced4kz290505/	24750 USD	2019 Summit White GMC Sierra 1500 Elevation EcoTec3 5.3L V8 For sale at Fury GMC Forest Lake in Forest Lake Minnesota.	https://vimg.remora.inc/534998/1gtu9ced4kz290505-2019-gmc-sierra-1500-elevation-white-1-112889.avif	in stock	USED	TRUCK	Vehicles & Parts > Vehicles > Motor Vehicles > Cars, Trucks & Vans	1GTU9CED4KZ290505	https://furymotors.com/for-sale/used-gmc-sierra-1500-elevation-minneapolis-mn/2019-gmc-sierra-1500-elevation-1gtu9ced4kz290505/123?store={store_code}	WHITE	104359 miles	Sierra 1500	1GTU9CED4KZ290505	2019	24750 USD	07269826798924486220	24750 USD	MI
1GTU9CED6LZ156676	2020 GMC Sierra 1500 Elevation	GMC	https://furymotors.com/for-sale/used-gmc-sierra-1500-elevation-minneapolis-mn/2020-gmc-sierra-1500-elevation-1gtu9ced6lz156676/	33750 USD	2020 Smokey Quartz Metallic GMC Sierra 1500 Elevation EcoTec3 5.3L V8 For sale at Fury GMC Forest Lake in Forest Lake Minnesota.	https://vimg.remora.inc/528187/1gtu9ced6lz156676-2020-gmc-sierra-1500-elevation-smokey-quartz-metallic-1-112961.avif	in stock	USED	TRUCK	Vehicles & Parts > Vehicles > Motor Vehicles > Cars, Trucks & Vans	1GTU9CED6LZ156676	https://furymotors.com/for-sale/used-gmc-sierra-1500-elevation-minneapolis-mn/2020-gmc-sierra-1500-elevation-1gtu9ced6lz156676/123?store={store_code}	GRAY	57260 miles	Sierra 1500	1GTU9CED6LZ156676	2020	33750 USD	07269826798924486220	33750 USD	MI
1GTRUAEK4PZ272407	2023 GMC Sierra 1500 Pro	GMC	https://furymotors.com/for-sale/used-gmc-sierra-1500-pro-minneapolis-mn/2023-gmc-sierra-1500-pro-1gtruaek4pz272407/	26000 USD	2023 Summit White GMC Sierra 1500 Pro 2.7L I4 Turbocharged DOHC 16V LEV3-ULEV50 310hp For sale at Fury GMC Forest Lake in Forest Lake Minnesota.	https://vimg.remora.inc/593130/1gtruaek4pz272407-2023-gmc-sierra-1500-pro-summit-white-1-113801.avif	in stock	USED	TRUCK	Vehicles & Parts > Vehicles > Motor Vehicles > Cars, Trucks & Vans	1GTRUAEK4PZ272407	https://furymotors.com/for-sale/used-gmc-sierra-1500-pro-minneapolis-mn/2023-gmc-sierra-1500-pro-1gtruaek4pz272407/123?store={store_code}	WHITE	87222 miles	Sierra 1500	1GTRUAEK4PZ272407	2023	26000 USD	07269826798924486220	26000 USD	MI
3GTNUAED9RG431585	2024 GMC Sierra 1500 Pro	GMC	https://furymotors.com/for-sale/used-gmc-sierra-1500-pro-minneapolis-mn/2024-gmc-sierra-1500-pro-3gtnuaed9rg431585/	34000 USD	2024 Summit White GMC Sierra 1500 Pro EcoTec3 5.3L V8 For sale at Fury GMC Forest Lake in Forest Lake Minnesota.	https://vimg.remora.inc/584243/3gtnuaed9rg431585-2024-gmc-sierra-1500-pro-summit-white-1-113805.avif	in stock	USED	TRUCK	Vehicles & Parts > Vehicles > Motor Vehicles > Cars, Trucks & Vans	3GTNUAED9RG431585	https://furymotors.com/for-sale/used-gmc-sierra-1500-pro-minneapolis-mn/2024-gmc-sierra-1500-pro-3gtnuaed9rg431585/123?store={store_code}	WHITE	43969 miles	Sierra 1500	3GTNUAED9RG431585	2024	34000 USD	07269826798924486220	34000 USD	MI
1GTV2MEC3GZ401901	2016 GMC Sierra 1500 SLE	GMC	https://furymotors.com/for-sale/used-gmc-sierra-1500-sle-minneapolis-mn/2016-gmc-sierra-1500-sle-1gtv2mec3gz401901/	23500 USD	2016 Blue GMC Sierra 1500 SLE EcoTec3 5.3L V8 For sale at Fury GMC Forest Lake in Forest Lake Minnesota.	https://vimg.remora.inc/558060/1gtv2mec3gz401901-2016-gmc-sierra-1500-sle-blue-1-113225.avif	in stock	USED	TRUCK	Vehicles & Parts > Vehicles > Motor Vehicles > Cars, Trucks & Vans	1GTV2MEC3GZ401901	https://furymotors.com/for-sale/used-gmc-sierra-1500-sle-minneapolis-mn/2016-gmc-sierra-1500-sle-1gtv2mec3gz401901/123?store={store_code}	BLUE	62335 miles	Sierra 1500	1GTV2MEC3GZ401901	2016	23500 USD	07269826798924486220	23500 USD	MI
3GTU2VEJ7FG449688	2015 GMC Sierra 1500 SLT	GMC	https://furymotors.com/for-sale/used-gmc-sierra-1500-slt-minneapolis-mn/2015-gmc-sierra-1500-slt-3gtu2vej7fg449688/	18350 USD	2015 Summit White GMC Sierra 1500 SLT EcoTec3 6.2L V8 For sale at Fury GMC Forest Lake in Forest Lake Minnesota.	https://vimg.remora.inc/587213/3gtu2vej7fg449688-2015-gmc-sierra-1500-slt-summit-white-1-113726.avif	in stock	USED	TRUCK	Vehicles & Parts > Vehicles > Motor Vehicles > Cars, Trucks & Vans	3GTU2VEJ7FG449688	https://furymotors.com/for-sale/used-gmc-sierra-1500-slt-minneapolis-mn/2015-gmc-sierra-1500-slt-3gtu2vej7fg449688/123?store={store_code}	WHITE	162141 miles	Sierra 1500	3GTU2VEJ7FG449688	2015	18350 USD	07269826798924486220	18350 USD	MI
1GTU9DED3KZ349663	2019 GMC Sierra 1500 SLT	GMC	https://furymotors.com/for-sale/used-gmc-sierra-1500-slt-minneapolis-mn/2019-gmc-sierra-1500-slt-1gtu9ded3kz349663/	39350 USD	2019 White GMC Sierra 1500 SLT EcoTec3 5.3L V8 For sale at Fury GMC Forest Lake in Forest Lake Minnesota.	https://vimg.remora.inc/583792/1gtu9ded3kz349663-2019-gmc-sierra-1500-slt-white-1-113633.avif	in stock	USED	TRUCK	Vehicles & Parts > Vehicles > Motor Vehicles > Cars, Trucks & Vans	1GTU9DED3KZ349663	https://furymotors.com/for-sale/used-gmc-sierra-1500-slt-minneapolis-mn/2019-gmc-sierra-1500-slt-1gtu9ded3kz349663/123?store={store_code}	WHITE	20678 miles	Sierra 1500	1GTU9DED3KZ349663	2019	39350 USD	07269826798924486220	39350 USD	MI
1GTUUDED0TZ240318	2026 GMC Sierra 1500 SLT	GMC	https://furymotors.com/for-sale/used-gmc-sierra-1500-slt-minneapolis-mn/2026-gmc-sierra-1500-slt-1gtuuded0tz240318/	46500 USD	2026 Titanium Rush Metallic GMC Sierra 1500 SLT EcoTec3 5.3L V8 For sale at Fury GMC Forest Lake in Forest Lake Minnesota.	https://vimg.remora.inc/558613/1gtuuded0tz240318-2026-gmc-sierra-1500-slt-titanium-rush-metallic-1-113297.avif	in stock	USED	TRUCK	Vehicles & Parts > Vehicles > Motor Vehicles > Cars, Trucks & Vans	1GTUUDED0TZ240318	https://furymotors.com/for-sale/used-gmc-sierra-1500-slt-minneapolis-mn/2026-gmc-sierra-1500-slt-1gtuuded0tz240318/123?store={store_code}	GRAY	19079 miles	Sierra 1500	1GTUUDED0TZ240318	2026	46500 USD	07269826798924486220	46500 USD	MI
3GKALUEG4TL411468	2026 GMC Terrain Elevation	GMC	https://furymotors.com/for-sale/used-gmc-terrain-elevation-minneapolis-mn/2026-gmc-terrain-elevation-3gkalueg4tl411468/	30250 USD	2026 Ebony Twilight Metallic GMC Terrain Elevation 1.5L DOHC For sale at Fury GMC Forest Lake in Forest Lake Minnesota.	https://vimg.remora.inc/594781/3gkalueg4tl411468-2026-gmc-terrain-elevation-ebony-twilight-metallic-1-113797.avif	in stock	USED	SUV	Vehicles & Parts > Vehicles > Motor Vehicles > Cars, Trucks & Vans	3GKALUEG4TL411468	https://furymotors.com/for-sale/used-gmc-terrain-elevation-minneapolis-mn/2026-gmc-terrain-elevation-3gkalueg4tl411468/123?store={store_code}	BLACK	17200 miles	Terrain	3GKALUEG4TL411468	2026	30250 USD	07269826798924486220	30250 USD	MI
1GKS2EKLXPR354352	2023 GMC Yukon Denali Ultimate	GMC	https://furymotors.com/for-sale/used-gmc-yukon-denali-ultimate-minneapolis-mn/2023-gmc-yukon-denali-ultimate-1gks2eklxpr354352/	64000 USD	2023 White Frost Tricoat GMC Yukon Denali Ultimate EcoTec3 6.2L V8 For sale at Fury GMC Forest Lake in Forest Lake Minnesota.	https://vimg.remora.inc/544877/1gks2eklxpr354352-2023-gmc-yukon-denali-ultimate-summit-white-1-113057.avif	in stock	USED	SUV	Vehicles & Parts > Vehicles > Motor Vehicles > Cars, Trucks & Vans	1GKS2EKLXPR354352	https://furymotors.com/for-sale/used-gmc-yukon-denali-ultimate-minneapolis-mn/2023-gmc-yukon-denali-ultimate-1gks2eklxpr354352/123?store={store_code}	WHITE	57962 miles	Yukon	1GKS2EKLXPR354352	2023	64000 USD	07269826798924486220	64000 USD	MI
3C4NJDBB3NT221367	2022 Jeep Compass Latitude	Jeep	https://furymotors.com/for-sale/used-jeep-compass-latitude-minneapolis-mn/2022-jeep-compass-latitude-3c4njdbb3nt221367/	21350 USD	2022 Billet Silver Metallic Clearcoat Jeep Compass Latitude 2.4L I4 For sale at Fury GMC Forest Lake in Forest Lake Minnesota.	https://vimg.remora.inc/404627/3c4njdbb3nt221367-2022-jeep-compass-latitude-billet-silver-metallic-clearcoat-1-113396.avif	in stock	USED	SUV	Vehicles & Parts > Vehicles > Motor Vehicles > Cars, Trucks & Vans	3C4NJDBB3NT221367	https://furymotors.com/for-sale/used-jeep-compass-latitude-minneapolis-mn/2022-jeep-compass-latitude-3c4njdbb3nt221367/123?store={store_code}	SILVER	27156 miles	Compass	3C4NJDBB3NT221367	2022	21350 USD	07269826798924486220	21350 USD	MI
3C4NJDBN0RT118164	2024 Jeep Compass Latitude	Jeep	https://furymotors.com/for-sale/used-jeep-compass-latitude-minneapolis-mn/2024-jeep-compass-latitude-3c4njdbn0rt118164/	18750 USD	2024 Hydro Blue Pearlcoat Jeep Compass Latitude 2.0L I4 DOHC For sale at Fury GMC Forest Lake in Forest Lake Minnesota.	https://vimg.remora.inc/576866/3c4njdbn0rt118164-2024-jeep-compass-latitude-hydro-blue-pearlcoat-1-113801.avif	in stock	USED	SUV	Vehicles & Parts > Vehicles > Motor Vehicles > Cars, Trucks & Vans	3C4NJDBN0RT118164	https://furymotors.com/for-sale/used-jeep-compass-latitude-minneapolis-mn/2024-jeep-compass-latitude-3c4njdbn0rt118164/123?store={store_code}	BLUE	61121 miles	Compass	3C4NJDBN0RT118164	2024	18750 USD	07269826798924486220	18750 USD	MI
3C4NJDCN8ST521636	2025 Jeep Compass Limited	Jeep	https://furymotors.com/for-sale/used-jeep-compass-limited-minneapolis-mn/2025-jeep-compass-limited-3c4njdcn8st521636/	22000 USD	2025 Hydro Blue Pearlcoat Jeep Compass Limited 2.0L I4 DOHC For sale at Fury GMC Forest Lake in Forest Lake Minnesota.	https://vimg.remora.inc/450744/3c4njdcn8st521636-2025-jeep-compass-limited-hydro-blue-pearlcoat-1-113396.avif	in stock	USED	SUV	Vehicles & Parts > Vehicles > Motor Vehicles > Cars, Trucks & Vans	3C4NJDCN8ST521636	https://furymotors.com/for-sale/used-jeep-compass-limited-minneapolis-mn/2025-jeep-compass-limited-3c4njdcn8st521636/123?store={store_code}	BLUE	44325 miles	Compass	3C4NJDCN8ST521636	2025	22000 USD	07269826798924486220	22000 USD	MI
1C6HJTFGXLL176361	2020 Jeep Gladiator Overland w/ Cold Weather, Trailer Tow, & Advan	Jeep	https://furymotors.com/for-sale/used-jeep-gladiator-overland-w-cold-weather-trailer-tow-advan-minneapolis-mn/2020-jeep-gladiator-overland-w-cold-weather-trailer-tow-advan-1c6hjtfgxll176361/	25000 USD	2020 Black Clearcoat Jeep Gladiator Overland w/ Cold Weather, Trailer Tow, & Advan 3.6L V6 24V VVT For sale at Fury GMC Forest Lake in Forest Lake Minnesota.	https://vimg.remora.inc/576865/1c6hjtfgxll176361-2020-jeep-gladiator-overland-w-cold-weather-trailer-tow-advan-black-clearcoat-1-113470.avif	in stock	USED	TRUCK	Vehicles & Parts > Vehicles > Motor Vehicles > Cars, Trucks & Vans	1C6HJTFGXLL176361	https://furymotors.com/for-sale/used-jeep-gladiator-overland-w-cold-weather-trailer-tow-advan-minneapolis-mn/2020-jeep-gladiator-overland-w-cold-weather-trailer-tow-advan-1c6hjtfgxll176361/123?store={store_code}	BLACK	89232 miles	Gladiator	1C6HJTFGXLL176361	2020	25000 USD	07269826798924486220	25000 USD	MI
1C4RJKAG3S8641739	2025 Jeep Grand Cherokee L Altitude X	Jeep	https://furymotors.com/for-sale/used-jeep-grand-cherokee-l-altitude-x-minneapolis-mn/2025-jeep-grand-cherokee-l-altitude-x-1c4rjkag3s8641739/	35500 USD	2025 Velvet Red Pearlcoat Jeep Grand Cherokee L Altitude X 3.6L V6 24V VVT For sale at Fury GMC Forest Lake in Forest Lake Minnesota.	https://vimg.remora.inc/579823/1c4rjkag3s8641739-2025-jeep-grand-cherokee-l-altitude-x-velvet-red-pearlcoat-1-113584.avif	in stock	USED	SUV	Vehicles & Parts > Vehicles > Motor Vehicles > Cars, Trucks & Vans	1C4RJKAG3S8641739	https://furymotors.com/for-sale/used-jeep-grand-cherokee-l-altitude-x-minneapolis-mn/2025-jeep-grand-cherokee-l-altitude-x-1c4rjkag3s8641739/123?store={store_code}	RED	17818 miles	Grand Cherokee L	1C4RJKAG3S8641739	2025	35500 USD	07269826798924486220	35500 USD	MI
1C4SJVBP3SS540592	2025 Jeep Wagoneer Series II	Jeep	https://furymotors.com/for-sale/used-jeep-wagoneer-series-ii-minneapolis-mn/2025-jeep-wagoneer-series-ii-1c4sjvbp3ss540592/	52500 USD	2025 Silver Zynith Jeep Wagoneer Series II 3.0L I6 For sale at Fury GMC Forest Lake in Forest Lake Minnesota.	https://vimg.remora.inc/583578/1c4sjvbp3ss540592-2025-jeep-wagoneer-series-ii-silver-zynith-1-113605.avif	in stock	USED	SUV	Vehicles & Parts > Vehicles > Motor Vehicles > Cars, Trucks & Vans	1C4SJVBP3SS540592	https://furymotors.com/for-sale/used-jeep-wagoneer-series-ii-minneapolis-mn/2025-jeep-wagoneer-series-ii-1c4sjvbp3ss540592/123?store={store_code}	SILVER	17077 miles	Wagoneer	1C4SJVBP3SS540592	2025	52500 USD	07269826798924486220	52500 USD	MI
JM3KFBAL1S0709154	2025 Mazda CX-5 2.5 S	Mazda	https://furymotors.com/for-sale/used-mazda-cx-5-25-s-minneapolis-mn/2025-mazda-cx-5-25-s-jm3kfbal1s0709154/	26250 USD	2025 Rhodium White Metallic Mazda CX-5 2.5 S SKYACTIV 2.5L 4-Cylinder DOHC 16V For sale at Fury GMC Forest Lake in Forest Lake Minnesota.	https://vimg.remora.inc/574366/jm3kfbal1s0709154-2025-mazda-cx-5-25-s-rhodium-white-metallic-1-113465.avif	in stock	USED	SUV	Vehicles & Parts > Vehicles > Motor Vehicles > Cars, Trucks & Vans	JM3KFBAL1S0709154	https://furymotors.com/for-sale/used-mazda-cx-5-25-s-minneapolis-mn/2025-mazda-cx-5-25-s-jm3kfbal1s0709154/123?store={store_code}	WHITE	12013 miles	CX-5	JM3KFBAL1S0709154	2025	26250 USD	07269826798924486220	26250 USD	MI
JA4J4VA81RZ080163	2024 Mitsubishi Outlander SE Black Edition w/Pano Roof	Mitsubishi	https://furymotors.com/for-sale/used-mitsubishi-outlander-se-black-edition-wpano-roof-minneapolis-mn/2024-mitsubishi-outlander-se-black-edition-wpano-roof-ja4j4va81rz080163/	26350 USD	2024 White Diamond/Black Roof Mitsubishi Outlander SE Black Edition w/Pano Roof 2.5L 4-Cylinder DOHC For sale at Fury GMC Forest Lake in Forest Lake Minnesota.	https://vimg.remora.inc/583339/ja4j4va81rz080163-2024-mitsubishi-outlander-se-black-edition-wpano-roof-white-diamondblack-roof-1-113633.avif	in stock	USED	SUV	Vehicles & Parts > Vehicles > Motor Vehicles > Cars, Trucks & Vans	JA4J4VA81RZ080163	https://furymotors.com/for-sale/used-mitsubishi-outlander-se-black-edition-wpano-roof-minneapolis-mn/2024-mitsubishi-outlander-se-black-edition-wpano-roof-ja4j4va81rz080163/123?store={store_code}	WHITE	15547 miles	Outlander	JA4J4VA81RZ080163	2024	26350 USD	07269826798924486220	26350 USD	MI
3N1AB8DVXSY267936	2025 Nissan Sentra SR	Nissan	https://furymotors.com/for-sale/used-nissan-sentra-sr-minneapolis-mn/2025-nissan-sentra-sr-3n1ab8dvxsy267936/	20750 USD	2025 Super Black Nissan Sentra SR 2.0L I4 DOHC For sale at Fury GMC Forest Lake in Forest Lake Minnesota.	https://vimg.remora.inc/586728/3n1ab8dvxsy267936-2025-nissan-sentra-sr-super-black-1-113726.avif	in stock	USED	OTHER	Vehicles & Parts > Vehicles > Motor Vehicles > Cars, Trucks & Vans	3N1AB8DVXSY267936	https://furymotors.com/for-sale/used-nissan-sentra-sr-minneapolis-mn/2025-nissan-sentra-sr-3n1ab8dvxsy267936/123?store={store_code}	BLACK	50760 miles	Sentra	3N1AB8DVXSY267936	2025	20750 USD	07269826798924486220	20750 USD	MI
3N1AB8CV5RY376879	2024 Nissan Sentra SV	Nissan	https://furymotors.com/for-sale/used-nissan-sentra-sv-minneapolis-mn/2024-nissan-sentra-sv-3n1ab8cv5ry376879/	18500 USD	2024 Fresh Powder Nissan Sentra SV 2.0L I4 DOHC For sale at Fury GMC Forest Lake in Forest Lake Minnesota.	https://vimg.remora.inc/586729/3n1ab8cv5ry376879-2024-nissan-sentra-sv-fresh-powder-1-113726.avif	in stock	USED	OTHER	Vehicles & Parts > Vehicles > Motor Vehicles > Cars, Trucks & Vans	3N1AB8CV5RY376879	https://furymotors.com/for-sale/used-nissan-sentra-sv-minneapolis-mn/2024-nissan-sentra-sv-3n1ab8cv5ry376879/123?store={store_code}	WHITE	53490 miles	Sentra	3N1AB8CV5RY376879	2024	18500 USD	07269826798924486220	18500 USD	MI
1C6SRFHP7SN716880	2025 Ram 1500 Limited w/ Pano Roof & Level A	Ram	https://furymotors.com/for-sale/used-ram-1500-limited-w-pano-roof-level-a-minneapolis-mn/2025-ram-1500-limited-w-pano-roof-level-a-1c6srfhp7sn716880/	56500 USD	2025 Billet Silver Metallic Clearcoat Ram 1500 Limited w/ Pano Roof & Level A 3.0L I6 For sale at Fury GMC Forest Lake in Forest Lake Minnesota.	https://vimg.remora.inc/567693/1c6srfhp7sn716880-2025-ram-1500-limited-w-pano-roof-level-a-billet-silver-metallic-clearcoat-1-113561.avif	in stock	USED	TRUCK	Vehicles & Parts > Vehicles > Motor Vehicles > Cars, Trucks & Vans	1C6SRFHP7SN716880	https://furymotors.com/for-sale/used-ram-1500-limited-w-pano-roof-level-a-minneapolis-mn/2025-ram-1500-limited-w-pano-roof-level-a-1c6srfhp7sn716880/123?store={store_code}	SILVER	11169 miles	1500	1C6SRFHP7SN716880	2025	56500 USD	07269826798924486220	56500 USD	MI
1C6SRFLT4KN878745	2019 Ram 1500 Rebel w/ Pano Roof & Level 2	Ram	https://furymotors.com/for-sale/used-ram-1500-rebel-w-pano-roof-level-2-minneapolis-mn/2019-ram-1500-rebel-w-pano-roof-level-2-1c6srflt4kn878745/	30500 USD	2019 Bright White Clearcoat Ram 1500 Rebel w/ Pano Roof & Level 2 HEMI 5.7L V8 Multi Displacement VVT For sale at Fury GMC Forest Lake in Forest Lake Minnesota.	https://vimg.remora.inc/570474/1c6srflt4kn878745-2019-ram-1500-rebel-bright-white-clearcoat-1-113396.avif	in stock	USED	TRUCK	Vehicles & Parts > Vehicles > Motor Vehicles > Cars, Trucks & Vans	1C6SRFLT4KN878745	https://furymotors.com/for-sale/used-ram-1500-rebel-w-pano-roof-level-2-minneapolis-mn/2019-ram-1500-rebel-w-pano-roof-level-2-1c6srflt4kn878745/123?store={store_code}	WHITE	87234 miles	1500	1C6SRFLT4KN878745	2019	30500 USD	07269826798924486220	30500 USD	MI
5TDGZRBHXNS162881	2022 Toyota Highlander XLE	Toyota	https://furymotors.com/for-sale/used-toyota-highlander-xle-minneapolis-mn/2022-toyota-highlander-xle-5tdgzrbhxns162881/	31250 USD	2022 Blue Toyota Highlander XLE 3.5L V6 DOHC For sale at Fury GMC Forest Lake in Forest Lake Minnesota.	https://vimg.remora.inc/535310/5tdgzrbhxns162881-2022-toyota-highlander-xle-blue-1-113726.avif	in stock	USED	SUV	Vehicles & Parts > Vehicles > Motor Vehicles > Cars, Trucks & Vans	5TDGZRBHXNS162881	https://furymotors.com/for-sale/used-toyota-highlander-xle-minneapolis-mn/2022-toyota-highlander-xle-5tdgzrbhxns162881/123?store={store_code}	BLUE	90388 miles	Highlander	5TDGZRBHXNS162881	2022	31250 USD	07269826798924486220	31250 USD	MI
