id	title	brand	link	vehicle MSRP	description	image_link	availability	condition	product_type	google_product_category	MPN	link_template	color	mileage	model	vin	year	price	store code	MSRP	mileage.unit	certified_pre_owned	custom_label_0	custom_label_1	custom_label_2
2C3CDANP3TR287684	2026 Dodge Charger R/T	Dodge	https://furymotors.com/for-sale/dodge-charger-rt-minneapolis-mn/2026-dodge-charger-rt-2c3cdanp3tr287684/	47376 USD	2026 Redeye Dodge Charger R/T 3.0L I6 Turbocharged DOHC 24V LEV3-ULEV70 420hp For sale at Fury Motors Stillwater in Stillwater Minnesota.	https://vimg.remora.inc/413717/2c3cdanp3tr287684-2026-dodge-charger-rt-redeye-1-112059.avif	in stock	NEW	OTHER	Vehicles & Parts > Vehicles > Motor Vehicles > Cars, Trucks & Vans	2C3CDANP3TR287684	https://furymotors.com/for-sale/dodge-charger-rt-minneapolis-mn/2026-dodge-charger-rt-2c3cdanp3tr287684/123?store={store_code}	NA	826 miles	Charger	2C3CDANP3TR287684	2026	47376 USD	26817	47376 USD	MI	no	Charger	No	Over 20k
1C6PJTAG1TL161640	2026 Jeep Gladiator Sport S	Jeep	https://furymotors.com/for-sale/jeep-gladiator-sport-s-minneapolis-mn/2026-jeep-gladiator-sport-s-1c6pjtag1tl161640/	49147 USD	2026 Reign Jeep Gladiator Sport S 3.6L V6 24V VVT For sale at Fury Motors Stillwater in Stillwater Minnesota.	https://vimg.remora.inc/424678/1c6pjtag1tl161640-2026-jeep-gladiator-sport-s-reign-1-112059.avif	in stock	NEW	TRUCK	Vehicles & Parts > Vehicles > Motor Vehicles > Cars, Trucks & Vans	1C6PJTAG1TL161640	https://furymotors.com/for-sale/jeep-gladiator-sport-s-minneapolis-mn/2026-jeep-gladiator-sport-s-1c6pjtag1tl161640/123?store={store_code}	NA	10 miles	Gladiator	1C6PJTAG1TL161640	2026	49147 USD	26817	49147 USD	MI	no	Gladiator	No	Over 20k
1C6PJTAG2TL163235	2026 Jeep Gladiator Sport S	Jeep	https://furymotors.com/for-sale/jeep-gladiator-sport-s-minneapolis-mn/2026-jeep-gladiator-sport-s-1c6pjtag2tl163235/	43569 USD	2026 Anvil Clearcoat Jeep Gladiator Sport S 3.6L V6 24V VVT For sale at Fury Motors Stillwater in Stillwater Minnesota.	https://vimg.remora.inc/167831/1c6pjtag2tl163235-2026-jeep-gladiator-sport-s-anvil-clearcoat-1-109455.avif	in stock	NEW	TRUCK	Vehicles & Parts > Vehicles > Motor Vehicles > Cars, Trucks & Vans	1C6PJTAG2TL163235	https://furymotors.com/for-sale/jeep-gladiator-sport-s-minneapolis-mn/2026-jeep-gladiator-sport-s-1c6pjtag2tl163235/123?store={store_code}	NA	10 miles	Gladiator	1C6PJTAG2TL163235	2026	43569 USD	26817	43569 USD	MI	no	Gladiator	No	Over 20k
1C4PJXFN4TW312802	2026 Jeep Wrangler Rubicon	Jeep	https://furymotors.com/for-sale/jeep-wrangler-rubicon-minneapolis-mn/2026-jeep-wrangler-rubicon-1c4pjxfn4tw312802/	53028 USD	2026 Reign Jeep Wrangler Rubicon 2.0L I4 DOHC For sale at Fury Motors Stillwater in Stillwater Minnesota.	https://vimg.remora.inc/424914/1c4pjxfn4tw312802-2026-jeep-wrangler-rubicon-reign-1-111303.avif	in stock	NEW	SUV	Vehicles & Parts > Vehicles > Motor Vehicles > Cars, Trucks & Vans	1C4PJXFN4TW312802	https://furymotors.com/for-sale/jeep-wrangler-rubicon-minneapolis-mn/2026-jeep-wrangler-rubicon-1c4pjxfn4tw312802/123?store={store_code}	NA	8 miles	Wrangler	1C4PJXFN4TW312802	2026	53028 USD	26817	53028 USD	MI	no	Wrangler	No	Over 20k
1C4PJXCN6TW312790	2026 Jeep Wrangler Rubicon X	Jeep	https://furymotors.com/for-sale/jeep-wrangler-rubicon-x-minneapolis-mn/2026-jeep-wrangler-rubicon-x-1c4pjxcn6tw312790/	57644 USD	2026 Reign Jeep Wrangler Rubicon X 2.0L I4 DOHC For sale at Fury Motors Stillwater in Stillwater Minnesota.	https://vimg.remora.inc/450048/1c4pjxcn6tw312790-2026-jeep-wrangler-rubicon-x-reign-1-112059.avif	in stock	NEW	SUV	Vehicles & Parts > Vehicles > Motor Vehicles > Cars, Trucks & Vans	1C4PJXCN6TW312790	https://furymotors.com/for-sale/jeep-wrangler-rubicon-x-minneapolis-mn/2026-jeep-wrangler-rubicon-x-1c4pjxcn6tw312790/123?store={store_code}	NA	10 miles	Wrangler	1C4PJXCN6TW312790	2026	57644 USD	26817	57644 USD	MI	no	Wrangler	No	Over 20k
1C4PJXEG1TW311433	2026 Jeep Wrangler Sahara	Jeep	https://furymotors.com/for-sale/jeep-wrangler-sahara-minneapolis-mn/2026-jeep-wrangler-sahara-1c4pjxeg1tw311433/	51675 USD	2026 Reign Jeep Wrangler Sahara 3.6L V6 24V VVT For sale at Fury Motors Stillwater in Stillwater Minnesota.	https://vimg.remora.inc/534552/1c4pjxeg1tw311433-2026-jeep-wrangler-sahara-reign-1-113082.avif	in stock	NEW	SUV	Vehicles & Parts > Vehicles > Motor Vehicles > Cars, Trucks & Vans	1C4PJXEG1TW311433	https://furymotors.com/for-sale/jeep-wrangler-sahara-minneapolis-mn/2026-jeep-wrangler-sahara-1c4pjxeg1tw311433/123?store={store_code}	NA	10 miles	Wrangler	1C4PJXEG1TW311433	2026	51675 USD	26817	51675 USD	MI	no	Wrangler	No	Over 20k
1C4PJXDG5TW256292	2026 Jeep Wrangler Sport S	Jeep	https://furymotors.com/for-sale/jeep-wrangler-sport-s-minneapolis-mn/2026-jeep-wrangler-sport-s-1c4pjxdg5tw256292/	43435 USD	2026 Anvil Clear Coat Jeep Wrangler Sport S 3.6L V6 24V VVT For sale at Fury Motors Stillwater in Stillwater Minnesota.	https://vimg.remora.inc/374611/1c4pjxdg5tw256292-2026-jeep-wrangler-sport-s-anvil-clear-coat-1-110253.avif	in stock	NEW	SUV	Vehicles & Parts > Vehicles > Motor Vehicles > Cars, Trucks & Vans	1C4PJXDG5TW256292	https://furymotors.com/for-sale/jeep-wrangler-sport-s-minneapolis-mn/2026-jeep-wrangler-sport-s-1c4pjxdg5tw256292/123?store={store_code}	NA	11 miles	Wrangler	1C4PJXDG5TW256292	2026	43435 USD	26817	43435 USD	MI	no	Wrangler	No	Over 20k
3GNAXJEV3JS630851	2018 Chevrolet Equinox LT	Chevrolet	https://furymotors.com/for-sale/used-chevrolet-equinox-lt-minneapolis-mn/2018-chevrolet-equinox-lt-3gnaxjev3js630851/	12300 USD	2018 Pepperdust Metallic Chevrolet Equinox LT 1.5L DOHC For sale at Fury Motors Stillwater in Stillwater Minnesota.	https://vimg.remora.inc/597888/3gnaxjev3js630851-2018-chevrolet-equinox-lt-pepperdust-metallic-1-113919.avif	in stock	USED	SUV	Vehicles & Parts > Vehicles > Motor Vehicles > Cars, Trucks & Vans	3GNAXJEV3JS630851	https://furymotors.com/for-sale/used-chevrolet-equinox-lt-minneapolis-mn/2018-chevrolet-equinox-lt-3gnaxjev3js630851/123?store={store_code}	NA	113830 miles	Equinox	3GNAXJEV3JS630851	2018	12300 USD	26817	12300 USD	MI	no	Equinox	No	Under 20k
2C3CDZBT2NH196463	2022 Dodge Challenger R/T	Dodge	https://furymotors.com/for-sale/used-dodge-challenger-rt-minneapolis-mn/2022-dodge-challenger-rt-2c3cdzbt2nh196463/	32850 USD	2022 Go Mango! Dodge Challenger R/T HEMI 5.7L V8 VVT For sale at Fury Motors Stillwater in Stillwater Minnesota.	https://vimg.remora.inc/578214/2c3cdzbt2nh196463-2022-dodge-challenger-rt-go-mango-1-113487.avif	in stock	USED	OTHER	Vehicles & Parts > Vehicles > Motor Vehicles > Cars, Trucks & Vans	2C3CDZBT2NH196463	https://furymotors.com/for-sale/used-dodge-challenger-rt-minneapolis-mn/2022-dodge-challenger-rt-2c3cdzbt2nh196463/123?store={store_code}	NA	5395 miles	Challenger	2C3CDZBT2NH196463	2022	32850 USD	26817	32850 USD	MI	no	Challenger	No	Over 20k
1C4RJHDG0R8594677	2024 Jeep Grand Cherokee Overland	Jeep	https://furymotors.com/for-sale/used-jeep-grand-cherokee-overland-minneapolis-mn/2024-jeep-grand-cherokee-overland-1c4rjhdg0r8594677/	39500 USD	2024 Rocky Mountain Pearlcoat Jeep Grand Cherokee Overland 3.6L V6 24V VVT For sale at Fury Motors Stillwater in Stillwater Minnesota.	https://vimg.remora.inc/585768/1c4rjhdg0r8594677-2024-jeep-grand-cherokee-overland-rocky-mountain-pearlcoat-1-114129.avif	in stock	USED	SUV	Vehicles & Parts > Vehicles > Motor Vehicles > Cars, Trucks & Vans	1C4RJHDG0R8594677	https://furymotors.com/for-sale/used-jeep-grand-cherokee-overland-minneapolis-mn/2024-jeep-grand-cherokee-overland-1c4rjhdg0r8594677/123?store={store_code}	NA	23691 miles	Grand Cherokee	1C4RJHDG0R8594677	2024	39500 USD	26817	39500 USD	MI	no	Grand Cherokee	No	Over 20k
1C4RJXFG0SW554463	2025 Jeep Wrangler Rubicon X	Jeep	https://furymotors.com/for-sale/used-jeep-wrangler-rubicon-x-minneapolis-mn/2025-jeep-wrangler-rubicon-x-1c4rjxfg0sw554463/	49850 USD	2025 Mojito Clearcoat Jeep Wrangler Rubicon X 3.6L V6 24V VVT For sale at Fury Motors Stillwater in Stillwater Minnesota.	https://vimg.remora.inc/543307/1c4rjxfg0sw554463-2025-jeep-wrangler-rubicon-x-mojito-clearcoat-1-112907.avif	in stock	USED	SUV	Vehicles & Parts > Vehicles > Motor Vehicles > Cars, Trucks & Vans	1C4RJXFG0SW554463	https://furymotors.com/for-sale/used-jeep-wrangler-rubicon-x-minneapolis-mn/2025-jeep-wrangler-rubicon-x-1c4rjxfg0sw554463/123?store={store_code}	NA	3618 miles	Wrangler	1C4RJXFG0SW554463	2025	49850 USD	26817	49850 USD	MI	no	Wrangler	No	Over 20k
1C4HJXEN1PW626645	2023 Jeep Wrangler Sahara	Jeep	https://furymotors.com/for-sale/used-jeep-wrangler-sahara-minneapolis-mn/2023-jeep-wrangler-sahara-1c4hjxen1pw626645/	31350 USD	2023 Punkn Metallic Clearcoat Jeep Wrangler Sahara 2.0L I4 DOHC For sale at Fury Motors Stillwater in Stillwater Minnesota.	https://vimg.remora.inc/601770/1c4hjxen1pw626645-2023-jeep-wrangler-altitude-punkn-metallic-clearcoat-1-113993.avif	in stock	USED	SUV	Vehicles & Parts > Vehicles > Motor Vehicles > Cars, Trucks & Vans	1C4HJXEN1PW626645	https://furymotors.com/for-sale/used-jeep-wrangler-sahara-minneapolis-mn/2023-jeep-wrangler-sahara-1c4hjxen1pw626645/123?store={store_code}	NA	37672 miles	Wrangler	1C4HJXEN1PW626645	2023	31350 USD	26817	31350 USD	MI	no	Wrangler	No	Over 20k
2C4RC3BG7TR233054	2026 Chrysler Pacifica Select	Chrysler	https://furymotors.com/for-sale/chrysler-pacifica-select-minneapolis-mn/2026-chrysler-pacifica-select-2c4rc3bg7tr233054/	43826 USD	2026 Bright White Clearcoat Chrysler Pacifica Select 3.6L V6 24V VVT For sale at Fury Motors Stillwater in Stillwater Minnesota.	https://vimg.remora.inc/183753/2c4rc3bg7tr233054-2026-chrysler-pacifica-select-bright-white-clearcoat-1-109034.avif	in stock	NEW	VAN	Vehicles & Parts > Vehicles > Motor Vehicles > Cars, Trucks & Vans	2C4RC3BG7TR233054	https://furymotors.com/for-sale/chrysler-pacifica-select-minneapolis-mn/2026-chrysler-pacifica-select-2c4rc3bg7tr233054/123?store={store_code}	WHITE	10 miles	Pacifica	2C4RC3BG7TR233054	2026	43826 USD	26817	43826 USD	MI	no	Pacifica	No	Over 20k
2C4RC3BG8VR555737	2027 Chrysler Pacifica Select	Chrysler	https://furymotors.com/for-sale/chrysler-pacifica-select-minneapolis-mn/2027-chrysler-pacifica-select-2c4rc3bg8vr555737/	47880 USD	2027 Bright White Clearcoat Chrysler Pacifica Select 3.6L V6 24V VVT For sale at Fury Motors Stillwater in Stillwater Minnesota.	https://vimg.remora.inc/415735/2c4rc3bg8vr555737-2027-chrysler-pacifica-select-pw7-1-111206.avif	in stock	NEW	VAN	Vehicles & Parts > Vehicles > Motor Vehicles > Cars, Trucks & Vans	2C4RC3BG8VR555737	https://furymotors.com/for-sale/chrysler-pacifica-select-minneapolis-mn/2027-chrysler-pacifica-select-2c4rc3bg8vr555737/123?store={store_code}	WHITE	10 miles	Pacifica	2C4RC3BG8VR555737	2027	47880 USD	26817	47880 USD	MI	no	Pacifica	No	Over 20k
2C4RC3BGXVR555738	2027 Chrysler Pacifica Select	Chrysler	https://furymotors.com/for-sale/chrysler-pacifica-select-minneapolis-mn/2027-chrysler-pacifica-select-2c4rc3bgxvr555738/	48105 USD	2027 Diamond Black Crystal Pearlcoat Chrysler Pacifica Select 3.6L V6 24V VVT For sale at Fury Motors Stillwater in Stillwater Minnesota.	https://vimg.remora.inc/405926/2c4rc3bgxvr555738-2027-chrysler-pacifica-select-diamond-black-crystal-pearlcoat-1-114065.avif	in stock	NEW	VAN	Vehicles & Parts > Vehicles > Motor Vehicles > Cars, Trucks & Vans	2C4RC3BGXVR555738	https://furymotors.com/for-sale/chrysler-pacifica-select-minneapolis-mn/2027-chrysler-pacifica-select-2c4rc3bgxvr555738/123?store={store_code}	BLACK	60 miles	Pacifica	2C4RC3BGXVR555738	2027	48105 USD	26817	48105 USD	MI	no	Pacifica	No	Over 20k
2C3CDANP7TR258673	2026 Dodge Charger R/T	Dodge	https://furymotors.com/for-sale/dodge-charger-rt-minneapolis-mn/2026-dodge-charger-rt-2c3cdanp7tr258673/	46970 USD	2026 Diamond Black Crystal Pearlcoat Dodge Charger R/T 3.0L I6 Turbocharged DOHC 24V LEV3-ULEV70 420hp For sale at Fury Motors Stillwater in Stillwater Minnesota.	https://vimg.remora.inc/350259/2c3cdanp7tr258673-2026-dodge-charger-rt-diamond-black-crystal-pearlcoat-1-111303.avif	in stock	NEW	OTHER	Vehicles & Parts > Vehicles > Motor Vehicles > Cars, Trucks & Vans	2C3CDANP7TR258673	https://furymotors.com/for-sale/dodge-charger-rt-minneapolis-mn/2026-dodge-charger-rt-2c3cdanp7tr258673/123?store={store_code}	BLACK	10 miles	Charger	2C3CDANP7TR258673	2026	46970 USD	26817	46970 USD	MI	no	Charger	No	Over 20k
2C3CDANP0TR258644	2026 Dodge Charger R/T Plus	Dodge	https://furymotors.com/for-sale/dodge-charger-rt-plus-minneapolis-mn/2026-dodge-charger-rt-plus-2c3cdanp0tr258644/	54092 USD	2026 Diamond Black Crystal Pearlcoat Dodge Charger R/T Plus 3.0L I6 Turbocharged DOHC 24V LEV3-ULEV70 420hp For sale at Fury Motors Stillwater in Stillwater Minnesota.	https://vimg.remora.inc/334114/2c3cdanp0tr258644-2026-dodge-charger-rt-diamond-black-crystal-pearlcoat-1-110415.avif	in stock	NEW	OTHER	Vehicles & Parts > Vehicles > Motor Vehicles > Cars, Trucks & Vans	2C3CDANP0TR258644	https://furymotors.com/for-sale/dodge-charger-rt-plus-minneapolis-mn/2026-dodge-charger-rt-plus-2c3cdanp0tr258644/123?store={store_code}	BLACK	10 miles	Charger	2C3CDANP0TR258644	2026	54092 USD	26817	54092 USD	MI	no	Charger	No	Over 20k
1C4RDJDG3TC277625	2026 Dodge Durango GT	Dodge	https://furymotors.com/for-sale/dodge-durango-gt-minneapolis-mn/2026-dodge-durango-gt-1c4rdjdg3tc277625/	39498 USD	2026 Vapor Gray Dodge Durango GT 3.6L V6 24V VVT For sale at Fury Motors Stillwater in Stillwater Minnesota.	https://vimg.remora.inc/429188/1c4rdjdg3tc277625-2026-dodge-durango-vapor-gray-1-111375.avif	in stock	NEW	SUV	Vehicles & Parts > Vehicles > Motor Vehicles > Cars, Trucks & Vans	1C4RDJDG3TC277625	https://furymotors.com/for-sale/dodge-durango-gt-minneapolis-mn/2026-dodge-durango-gt-1c4rdjdg3tc277625/123?store={store_code}	GRAY	10 miles	Durango	1C4RDJDG3TC277625	2026	39498 USD	26817	39498 USD	MI	no	Durango	No	Over 20k
1C4SDJCT8TC290340	2026 Dodge Durango GT Plus HEMI V8	Dodge	https://furymotors.com/for-sale/dodge-durango-gt-plus-hemi-v8-minneapolis-mn/2026-dodge-durango-gt-plus-hemi-v8-1c4sdjct8tc290340/	54254 USD	2026 DB Black Crystal Clearcoat Dodge Durango GT Plus HEMI V8 HEMI 5.7L V8 Multi Displacement VVT For sale at Fury Motors Stillwater in Stillwater Minnesota.	https://vimg.remora.inc/480174/1c4sdjct8tc290340-2026-dodge-durango-gt-plus-hemi-v8-db-black-crystal-clearcoat-1-112599.avif	in stock	NEW	SUV	Vehicles & Parts > Vehicles > Motor Vehicles > Cars, Trucks & Vans	1C4SDJCT8TC290340	https://furymotors.com/for-sale/dodge-durango-gt-plus-hemi-v8-minneapolis-mn/2026-dodge-durango-gt-plus-hemi-v8-1c4sdjct8tc290340/123?store={store_code}	BLACK	10 miles	Durango	1C4SDJCT8TC290340	2026	54254 USD	26817	54254 USD	MI	no	Durango	No	Over 20k
1C4SDJCT5TC277190	2026 Dodge Durango GT Premium HEMI V8	Dodge	https://furymotors.com/for-sale/dodge-durango-gt-premium-hemi-v8-minneapolis-mn/2026-dodge-durango-gt-premium-hemi-v8-1c4sdjct5tc277190/	50556 USD	2026 DB Black Crystal Clearcoat Dodge Durango GT Premium HEMI V8 HEMI 5.7L V8 Multi Displacement VVT For sale at Fury Motors Stillwater in Stillwater Minnesota.	https://vimg.remora.inc/434673/1c4sdjct5tc277190-2026-dodge-durango-db-black-crystal-clearcoat-1-111303.avif	in stock	NEW	SUV	Vehicles & Parts > Vehicles > Motor Vehicles > Cars, Trucks & Vans	1C4SDJCT5TC277190	https://furymotors.com/for-sale/dodge-durango-gt-premium-hemi-v8-minneapolis-mn/2026-dodge-durango-gt-premium-hemi-v8-1c4sdjct5tc277190/123?store={store_code}	BLACK	10 miles	Durango	1C4SDJCT5TC277190	2026	50556 USD	26817	50556 USD	MI	no	Durango	No	Over 20k
3C4PJMB21TT240103	2026 Jeep Cherokee Laredo	Jeep	https://furymotors.com/for-sale/jeep-cherokee-laredo-minneapolis-mn/2026-jeep-cherokee-laredo-3c4pjmb21tt240103/	33564 USD	2026 Silver Zynith Clearcoat Jeep Cherokee Laredo 1.6L I4 For sale at Fury Motors Stillwater in Stillwater Minnesota.	https://vimg.remora.inc/394008/3c4pjmb21tt240103-2026-jeep-cherokee-laredo-silver-zynith-clearcoat-1-111135.avif	in stock	NEW	SUV	Vehicles & Parts > Vehicles > Motor Vehicles > Cars, Trucks & Vans	3C4PJMB21TT240103	https://furymotors.com/for-sale/jeep-cherokee-laredo-minneapolis-mn/2026-jeep-cherokee-laredo-3c4pjmb21tt240103/123?store={store_code}	SILVER	10 miles	Cherokee	3C4PJMB21TT240103	2026	33564 USD	26817	33564 USD	MI	no	Cherokee	No	Over 20k
3C4PJMB21TT256253	2026 Jeep Cherokee Laredo	Jeep	https://furymotors.com/for-sale/jeep-cherokee-laredo-minneapolis-mn/2026-jeep-cherokee-laredo-3c4pjmb21tt256253/	33015 USD	2026 Bright White Clearcoat Jeep Cherokee Laredo 1.6L I4 For sale at Fury Motors Stillwater in Stillwater Minnesota.	https://vimg.remora.inc/369788/3c4pjmb21tt256253-2026-jeep-cherokee-laredo-bright-white-clearcoat-1-110918.avif	in stock	NEW	SUV	Vehicles & Parts > Vehicles > Motor Vehicles > Cars, Trucks & Vans	3C4PJMB21TT256253	https://furymotors.com/for-sale/jeep-cherokee-laredo-minneapolis-mn/2026-jeep-cherokee-laredo-3c4pjmb21tt256253/123?store={store_code}	WHITE	10 miles	Cherokee	3C4PJMB21TT256253	2026	33015 USD	26817	33015 USD	MI	no	Cherokee	No	Over 20k
3C4PJMB23TT239941	2026 Jeep Cherokee Laredo	Jeep	https://furymotors.com/for-sale/jeep-cherokee-laredo-minneapolis-mn/2026-jeep-cherokee-laredo-3c4pjmb23tt239941/	32743 USD	2026 Diamond Black Crystal Pearlcoat Jeep Cherokee Laredo 1.6L I4 For sale at Fury Motors Stillwater in Stillwater Minnesota.	https://vimg.remora.inc/419270/3c4pjmb23tt239941-2026-jeep-cherokee-laredo-diamond-black-crystal-pearlcoat-1-111767.avif	in stock	NEW	SUV	Vehicles & Parts > Vehicles > Motor Vehicles > Cars, Trucks & Vans	3C4PJMB23TT239941	https://furymotors.com/for-sale/jeep-cherokee-laredo-minneapolis-mn/2026-jeep-cherokee-laredo-3c4pjmb23tt239941/123?store={store_code}	BLACK	19 miles	Cherokee	3C4PJMB23TT239941	2026	32743 USD	26817	32743 USD	MI	no	Cherokee	No	Over 20k
3C4PJMB23TT256254	2026 Jeep Cherokee Laredo	Jeep	https://furymotors.com/for-sale/jeep-cherokee-laredo-minneapolis-mn/2026-jeep-cherokee-laredo-3c4pjmb23tt256254/	33015 USD	2026 Bright White Clearcoat Jeep Cherokee Laredo 1.6L I4 For sale at Fury Motors Stillwater in Stillwater Minnesota.	https://vimg.remora.inc/322473/3c4pjmb23tt256254-2026-jeep-cherokee-laredo-red-hot-pearlcoat-1-110248.avif	in stock	NEW	SUV	Vehicles & Parts > Vehicles > Motor Vehicles > Cars, Trucks & Vans	3C4PJMB23TT256254	https://furymotors.com/for-sale/jeep-cherokee-laredo-minneapolis-mn/2026-jeep-cherokee-laredo-3c4pjmb23tt256254/123?store={store_code}	WHITE	10 miles	Cherokee	3C4PJMB23TT256254	2026	33015 USD	26817	33015 USD	MI	no	Cherokee	No	Over 20k
3C4PJMB27TT226495	2026 Jeep Cherokee Laredo	Jeep	https://furymotors.com/for-sale/jeep-cherokee-laredo-minneapolis-mn/2026-jeep-cherokee-laredo-3c4pjmb27tt226495/	33292 USD	2026 Diamond Black Crystal Pearlcoat Jeep Cherokee Laredo 1.6L I4 For sale at Fury Motors Stillwater in Stillwater Minnesota.	https://vimg.remora.inc/394009/3c4pjmb27tt226495-2026-jeep-cherokee-laredo-diamond-black-crystal-pearlcoat-1-111375.avif	in stock	NEW	SUV	Vehicles & Parts > Vehicles > Motor Vehicles > Cars, Trucks & Vans	3C4PJMB27TT226495	https://furymotors.com/for-sale/jeep-cherokee-laredo-minneapolis-mn/2026-jeep-cherokee-laredo-3c4pjmb27tt226495/123?store={store_code}	BLACK	10 miles	Cherokee	3C4PJMB27TT226495	2026	33292 USD	26817	33292 USD	MI	no	Cherokee	No	Over 20k
3C4PJMB2XTT216933	2026 Jeep Cherokee Laredo	Jeep	https://furymotors.com/for-sale/jeep-cherokee-laredo-minneapolis-mn/2026-jeep-cherokee-laredo-3c4pjmb2xtt216933/	33015 USD	2026 Bright White Clearcoat Jeep Cherokee Laredo 1.6L I4 For sale at Fury Motors Stillwater in Stillwater Minnesota.	https://vimg.remora.inc/253828/3c4pjmb2xtt216933-2026-jeep-cherokee-laredo-bright-white-clearcoat-1-109034.avif	in stock	NEW	SUV	Vehicles & Parts > Vehicles > Motor Vehicles > Cars, Trucks & Vans	3C4PJMB2XTT216933	https://furymotors.com/for-sale/jeep-cherokee-laredo-minneapolis-mn/2026-jeep-cherokee-laredo-3c4pjmb2xtt216933/123?store={store_code}	WHITE	10 miles	Cherokee	3C4PJMB2XTT216933	2026	33015 USD	26817	33015 USD	MI	no	Cherokee	No	Over 20k
3C4PJMB23TT217938	2026 Jeep Cherokee Limited	Jeep	https://furymotors.com/for-sale/jeep-cherokee-limited-minneapolis-mn/2026-jeep-cherokee-limited-3c4pjmb23tt217938/	34136 USD	2026 Silver Zynith Clearcoat Jeep Cherokee Limited 1.6L I4 For sale at Fury Motors Stillwater in Stillwater Minnesota.	https://vimg.remora.inc/370003/3c4pjmb23tt217938-2026-jeep-cherokee-limited-silver-zynith-clearcoat-1-110874.avif	in stock	NEW	SUV	Vehicles & Parts > Vehicles > Motor Vehicles > Cars, Trucks & Vans	3C4PJMB23TT217938	https://furymotors.com/for-sale/jeep-cherokee-limited-minneapolis-mn/2026-jeep-cherokee-limited-3c4pjmb23tt217938/123?store={store_code}	SILVER	535 miles	Cherokee	3C4PJMB23TT217938	2026	34136 USD	26817	34136 USD	MI	no	Cherokee	No	Over 20k
3C4PJMB24TT233713	2026 Jeep Cherokee Limited	Jeep	https://furymotors.com/for-sale/jeep-cherokee-limited-minneapolis-mn/2026-jeep-cherokee-limited-3c4pjmb24tt233713/	36053 USD	2026 Bright White Clearcoat Jeep Cherokee Limited 1.6L I4 For sale at Fury Motors Stillwater in Stillwater Minnesota.	https://vimg.remora.inc/486191/3c4pjmb24tt233713-2026-jeep-cherokee-limited-bright-white-clearcoat-1-112719.avif	in stock	NEW	SUV	Vehicles & Parts > Vehicles > Motor Vehicles > Cars, Trucks & Vans	3C4PJMB24TT233713	https://furymotors.com/for-sale/jeep-cherokee-limited-minneapolis-mn/2026-jeep-cherokee-limited-3c4pjmb24tt233713/123?store={store_code}	WHITE	10 miles	Cherokee	3C4PJMB24TT233713	2026	36053 USD	26817	36053 USD	MI	no	Cherokee	No	Over 20k
3C4PJMB26TT256765	2026 Jeep Cherokee Limited	Jeep	https://furymotors.com/for-sale/jeep-cherokee-limited-minneapolis-mn/2026-jeep-cherokee-limited-3c4pjmb26tt256765/	35776 USD	2026 Hydro Blue Pearlcoat Jeep Cherokee Limited 1.6L I4 For sale at Fury Motors Stillwater in Stillwater Minnesota.	https://vimg.remora.inc/408325/3c4pjmb26tt256765-2026-jeep-cherokee-limited-hydro-blue-pearlcoat-1-111375.avif	in stock	NEW	SUV	Vehicles & Parts > Vehicles > Motor Vehicles > Cars, Trucks & Vans	3C4PJMB26TT256765	https://furymotors.com/for-sale/jeep-cherokee-limited-minneapolis-mn/2026-jeep-cherokee-limited-3c4pjmb26tt256765/123?store={store_code}	BLUE	10 miles	Cherokee	3C4PJMB26TT256765	2026	35776 USD	26817	35776 USD	MI	no	Cherokee	No	Over 20k
3C4PJMB27TT249341	2026 Jeep Cherokee Limited	Jeep	https://furymotors.com/for-sale/jeep-cherokee-limited-minneapolis-mn/2026-jeep-cherokee-limited-3c4pjmb27tt249341/	36325 USD	2026 Diamond Black Crystal Pearlcoat Jeep Cherokee Limited 1.6L I4 For sale at Fury Motors Stillwater in Stillwater Minnesota.	https://vimg.remora.inc/405927/3c4pjmb27tt249341-2026-jeep-cherokee-limited-diamond-black-crystal-pearlcoat-1-111375.avif	in stock	NEW	SUV	Vehicles & Parts > Vehicles > Motor Vehicles > Cars, Trucks & Vans	3C4PJMB27TT249341	https://furymotors.com/for-sale/jeep-cherokee-limited-minneapolis-mn/2026-jeep-cherokee-limited-3c4pjmb27tt249341/123?store={store_code}	BLACK	10 miles	Cherokee	3C4PJMB27TT249341	2026	36325 USD	26817	36325 USD	MI	no	Cherokee	No	Over 20k
3C4PJMB2XTT240388	2026 Jeep Cherokee Limited	Jeep	https://furymotors.com/for-sale/jeep-cherokee-limited-minneapolis-mn/2026-jeep-cherokee-limited-3c4pjmb2xtt240388/	37242 USD	2026 Silver Zynith Clearcoat Jeep Cherokee Limited 1.6L I4 For sale at Fury Motors Stillwater in Stillwater Minnesota.	https://vimg.remora.inc/413719/3c4pjmb2xtt240388-2026-jeep-cherokee-limited-silver-zynith-clearcoat-1-111767.avif	in stock	NEW	SUV	Vehicles & Parts > Vehicles > Motor Vehicles > Cars, Trucks & Vans	3C4PJMB2XTT240388	https://furymotors.com/for-sale/jeep-cherokee-limited-minneapolis-mn/2026-jeep-cherokee-limited-3c4pjmb2xtt240388/123?store={store_code}	SILVER	10 miles	Cherokee	3C4PJMB2XTT240388	2026	37242 USD	26817	37242 USD	MI	no	Cherokee	No	Over 20k
3C4NJDBN0TT209717	2026 Jeep Compass Latitude	Jeep	https://furymotors.com/for-sale/jeep-compass-latitude-minneapolis-mn/2026-jeep-compass-latitude-3c4njdbn0tt209717/	29198 USD	2026 Bright White Clearcoat Jeep Compass Latitude 2.0L I4 DOHC For sale at Fury Motors Stillwater in Stillwater Minnesota.	https://vimg.remora.inc/163961/3c4njdbn0tt209717-2026-jeep-compass-latitude-bright-white-clearcoat-1-111893.avif	in stock	NEW	SUV	Vehicles & Parts > Vehicles > Motor Vehicles > Cars, Trucks & Vans	3C4NJDBN0TT209717	https://furymotors.com/for-sale/jeep-compass-latitude-minneapolis-mn/2026-jeep-compass-latitude-3c4njdbn0tt209717/123?store={store_code}	WHITE	10 miles	Compass	3C4NJDBN0TT209717	2026	29198 USD	26817	29198 USD	MI	no	Compass	No	Over 20k
3C4NJDBN0TT261882	2026 Jeep Compass Latitude	Jeep	https://furymotors.com/for-sale/jeep-compass-latitude-minneapolis-mn/2026-jeep-compass-latitude-3c4njdbn0tt261882/	29836 USD	2026 Bright White Clearcoat Jeep Compass Latitude 2.0L I4 DOHC For sale at Fury Motors Stillwater in Stillwater Minnesota.	https://vimg.remora.inc/440782/3c4njdbn0tt261882-2026-jeep-compass-latitude-bright-white-clearcoat-1-112059.avif	in stock	NEW	SUV	Vehicles & Parts > Vehicles > Motor Vehicles > Cars, Trucks & Vans	3C4NJDBN0TT261882	https://furymotors.com/for-sale/jeep-compass-latitude-minneapolis-mn/2026-jeep-compass-latitude-3c4njdbn0tt261882/123?store={store_code}	WHITE	10 miles	Compass	3C4NJDBN0TT261882	2026	29836 USD	26817	29836 USD	MI	no	Compass	No	Over 20k
3C4NJDBN3TT269328	2026 Jeep Compass Latitude	Jeep	https://furymotors.com/for-sale/jeep-compass-latitude-minneapolis-mn/2026-jeep-compass-latitude-3c4njdbn3tt269328/	30566 USD	2026 Bright White Clearcoat Jeep Compass Latitude 2.0L I4 DOHC For sale at Fury Motors Stillwater in Stillwater Minnesota.	https://vimg.remora.inc/427626/3c4njdbn3tt269328-2026-jeep-compass-latitude-diamond-black-crystal-pearlcoat-1-111893.avif	in stock	NEW	SUV	Vehicles & Parts > Vehicles > Motor Vehicles > Cars, Trucks & Vans	3C4NJDBN3TT269328	https://furymotors.com/for-sale/jeep-compass-latitude-minneapolis-mn/2026-jeep-compass-latitude-3c4njdbn3tt269328/123?store={store_code}	WHITE	10 miles	Compass	3C4NJDBN3TT269328	2026	30566 USD	26817	30566 USD	MI	no	Compass	No	Over 20k
3C4NJDBN6TT261868	2026 Jeep Compass Latitude	Jeep	https://furymotors.com/for-sale/jeep-compass-latitude-minneapolis-mn/2026-jeep-compass-latitude-3c4njdbn6tt261868/	29836 USD	2026 Red Hot Pearlcoat Jeep Compass Latitude 2.0L I4 DOHC For sale at Fury Motors Stillwater in Stillwater Minnesota.	https://vimg.remora.inc/432939/3c4njdbn6tt261868-2026-jeep-compass-latitude-red-hot-pearlcoat-1-112059.avif	in stock	NEW	SUV	Vehicles & Parts > Vehicles > Motor Vehicles > Cars, Trucks & Vans	3C4NJDBN6TT261868	https://furymotors.com/for-sale/jeep-compass-latitude-minneapolis-mn/2026-jeep-compass-latitude-3c4njdbn6tt261868/123?store={store_code}	RED	10 miles	Compass	3C4NJDBN6TT261868	2026	29836 USD	26817	29836 USD	MI	no	Compass	No	Over 20k
3C4NJDBNXTT253613	2026 Jeep Compass Latitude	Jeep	https://furymotors.com/for-sale/jeep-compass-latitude-minneapolis-mn/2026-jeep-compass-latitude-3c4njdbnxtt253613/	30566 USD	2026 Silver Zynith Metallic Clearcoat Jeep Compass Latitude 2.0L I4 DOHC For sale at Fury Motors Stillwater in Stillwater Minnesota.	https://vimg.remora.inc/429190/3c4njdbnxtt253613-2026-jeep-compass-latitude-silver-zynith-metallic-clearcoat-1-112059.avif	in stock	NEW	SUV	Vehicles & Parts > Vehicles > Motor Vehicles > Cars, Trucks & Vans	3C4NJDBNXTT253613	https://furymotors.com/for-sale/jeep-compass-latitude-minneapolis-mn/2026-jeep-compass-latitude-3c4njdbnxtt253613/123?store={store_code}	SILVER	10 miles	Compass	3C4NJDBNXTT253613	2026	30566 USD	26817	30566 USD	MI	no	Compass	No	Over 20k
3C4NJDDN1TT254338	2026 Jeep Compass Trailhawk	Jeep	https://furymotors.com/for-sale/jeep-compass-trailhawk-minneapolis-mn/2026-jeep-compass-trailhawk-3c4njddn1tt254338/	32971 USD	2026 Fathom Blue Pearl Coat Jeep Compass Trailhawk 2.0L I4 DOHC For sale at Fury Motors Stillwater in Stillwater Minnesota.	https://vimg.remora.inc/442674/3c4njddn1tt254338-2026-jeep-compass-trailhawk-fathom-blue-pearl-coat-1-112059.avif	in stock	NEW	SUV	Vehicles & Parts > Vehicles > Motor Vehicles > Cars, Trucks & Vans	3C4NJDDN1TT254338	https://furymotors.com/for-sale/jeep-compass-trailhawk-minneapolis-mn/2026-jeep-compass-trailhawk-3c4njddn1tt254338/123?store={store_code}	BLUE	10 miles	Compass	3C4NJDDN1TT254338	2026	32971 USD	26817	32971 USD	MI	no	Compass	No	Over 20k
3C4NJDDN7TT235423	2026 Jeep Compass Trailhawk	Jeep	https://furymotors.com/for-sale/jeep-compass-trailhawk-minneapolis-mn/2026-jeep-compass-trailhawk-3c4njddn7tt235423/	32241 USD	2026 Bright White Clearcoat Jeep Compass Trailhawk 2.0L I4 DOHC For sale at Fury Motors Stillwater in Stillwater Minnesota.	https://vimg.remora.inc/432940/3c4njddn7tt235423-2026-jeep-compass-trailhawk-bright-white-clearcoat-1-112114.avif	in stock	NEW	SUV	Vehicles & Parts > Vehicles > Motor Vehicles > Cars, Trucks & Vans	3C4NJDDN7TT235423	https://furymotors.com/for-sale/jeep-compass-trailhawk-minneapolis-mn/2026-jeep-compass-trailhawk-3c4njddn7tt235423/123?store={store_code}	WHITE	10 miles	Compass	3C4NJDDN7TT235423	2026	32241 USD	26817	32241 USD	MI	no	Compass	No	Over 20k
1C6PJTAG9TL187306	2026 Jeep Gladiator 85th Anniversary Edition	Jeep	https://furymotors.com/for-sale/jeep-gladiator-85th-anniversary-edition-minneapolis-mn/2026-jeep-gladiator-85th-anniversary-edition-1c6pjtag9tl187306/	44839 USD	2026 Bright White Clearcoat Jeep Gladiator 85th Anniversary Edition 3.6L V6 24V VVT For sale at Fury Motors Stillwater in Stillwater Minnesota.	https://vimg.remora.inc/427966/1c6pjtag9tl187306-2026-jeep-gladiator-85th-anniversary-edition-bright-white-clearcoat-1-111375.avif	in stock	NEW	TRUCK	Vehicles & Parts > Vehicles > Motor Vehicles > Cars, Trucks & Vans	1C6PJTAG9TL187306	https://furymotors.com/for-sale/jeep-gladiator-85th-anniversary-edition-minneapolis-mn/2026-jeep-gladiator-85th-anniversary-edition-1c6pjtag9tl187306/123?store={store_code}	WHITE	10 miles	Gladiator	1C6PJTAG9TL187306	2026	44839 USD	26817	44839 USD	MI	no	Gladiator	No	Over 20k
1C6PJTAG0TL163234	2026 Jeep Gladiator Sport	Jeep	https://furymotors.com/for-sale/jeep-gladiator-sport-minneapolis-mn/2026-jeep-gladiator-sport-1c6pjtag0tl163234/	37161 USD	2026 Black Clearcoat Jeep Gladiator Sport 3.6L V6 24V VVT For sale at Fury Motors Stillwater in Stillwater Minnesota.	https://vimg.remora.inc/150784/1c6pjtag0tl163234-2026-jeep-gladiator-sport-black-clearcoat-1-109034.avif	in stock	NEW	TRUCK	Vehicles & Parts > Vehicles > Motor Vehicles > Cars, Trucks & Vans	1C6PJTAG0TL163234	https://furymotors.com/for-sale/jeep-gladiator-sport-minneapolis-mn/2026-jeep-gladiator-sport-1c6pjtag0tl163234/123?store={store_code}	BLACK	11 miles	Gladiator	1C6PJTAG0TL163234	2026	37161 USD	26817	37161 USD	MI	no	Gladiator	No	Over 20k
1C6PJTAG3TL163230	2026 Jeep Gladiator Sport	Jeep	https://furymotors.com/for-sale/jeep-gladiator-sport-minneapolis-mn/2026-jeep-gladiator-sport-1c6pjtag3tl163230/	38661 USD	2026 Granite Crystal Metallic Clearcoat Jeep Gladiator Sport 3.6L V6 24V VVT For sale at Fury Motors Stillwater in Stillwater Minnesota.	https://vimg.remora.inc/144293/1c6pjtag3tl163230-2026-jeep-gladiator-sport-granite-crystal-metallic-clearcoat-1-109459.avif	in stock	NEW	TRUCK	Vehicles & Parts > Vehicles > Motor Vehicles > Cars, Trucks & Vans	1C6PJTAG3TL163230	https://furymotors.com/for-sale/jeep-gladiator-sport-minneapolis-mn/2026-jeep-gladiator-sport-1c6pjtag3tl163230/123?store={store_code}	GRAY	16 miles	Gladiator	1C6PJTAG3TL163230	2026	38661 USD	26817	38661 USD	MI	no	Gladiator	No	Over 20k
1C4RJHAR1TC244050	2026 Jeep Grand Cherokee Altitude	Jeep	https://furymotors.com/for-sale/jeep-grand-cherokee-altitude-minneapolis-mn/2026-jeep-grand-cherokee-altitude-1c4rjhar1tc244050/	39901 USD	2026 Bright White Clearcoat Jeep Grand Cherokee Altitude 2.0L Hurricane 4 Turbo with ESS For sale at Fury Motors Stillwater in Stillwater Minnesota.	https://vimg.remora.inc/335833/1c4rjhar1tc244050-2026-jeep-grand-cherokee-altitude-bright-white-clearcoat-1-111909.avif	in stock	NEW	SUV	Vehicles & Parts > Vehicles > Motor Vehicles > Cars, Trucks & Vans	1C4RJHAR1TC244050	https://furymotors.com/for-sale/jeep-grand-cherokee-altitude-minneapolis-mn/2026-jeep-grand-cherokee-altitude-1c4rjhar1tc244050/123?store={store_code}	WHITE	11 miles	Grand Cherokee	1C4RJHAR1TC244050	2026	39901 USD	26817	39901 USD	MI	no	Grand Cherokee	No	Over 20k
1C4RJKAR3T8574269	2026 Jeep Grand Cherokee L Altitude	Jeep	https://furymotors.com/for-sale/jeep-grand-cherokee-l-altitude-minneapolis-mn/2026-jeep-grand-cherokee-l-altitude-1c4rjkar3t8574269/	42120 USD	2026 Diamond Black Crystal Pearlcoat Jeep Grand Cherokee L Altitude 2.0L Hurricane 4 Turbo with ESS For sale at Fury Motors Stillwater in Stillwater Minnesota.	https://vimg.remora.inc/448433/1c4rjkar3t8574269-2026-jeep-grand-cherokee-l-altitude-diamond-black-crystal-pearlcoat-1-111767.avif	in stock	NEW	SUV	Vehicles & Parts > Vehicles > Motor Vehicles > Cars, Trucks & Vans	1C4RJKAR3T8574269	https://furymotors.com/for-sale/jeep-grand-cherokee-l-altitude-minneapolis-mn/2026-jeep-grand-cherokee-l-altitude-1c4rjkar3t8574269/123?store={store_code}	BLACK	10 miles	Grand Cherokee L	1C4RJKAR3T8574269	2026	42120 USD	26817	42120 USD	MI	no	Grand Cherokee L	No	Over 20k
1C4RJKAG1T8572616	2026 Jeep Grand Cherokee L Laredo X	Jeep	https://furymotors.com/for-sale/jeep-grand-cherokee-l-laredo-x-minneapolis-mn/2026-jeep-grand-cherokee-l-laredo-x-1c4rjkag1t8572616/	40413 USD	2026 Baltic Gray Metallic Clearcoat Jeep Grand Cherokee L Laredo X 3.6L V6 24V VVT For sale at Fury Motors Stillwater in Stillwater Minnesota.	https://vimg.remora.inc/453448/1c4rjkag1t8572616-2026-jeep-grand-cherokee-l-laredo-x-baltic-gray-metallic-clearcoat-1-112603.avif	in stock	NEW	SUV	Vehicles & Parts > Vehicles > Motor Vehicles > Cars, Trucks & Vans	1C4RJKAG1T8572616	https://furymotors.com/for-sale/jeep-grand-cherokee-l-laredo-x-minneapolis-mn/2026-jeep-grand-cherokee-l-laredo-x-1c4rjkag1t8572616/123?store={store_code}	GRAY	10 miles	Grand Cherokee L	1C4RJKAG1T8572616	2026	40413 USD	26817	40413 USD	MI	no	Grand Cherokee L	No	Over 20k
1C4RJKAG2T8595032	2026 Jeep Grand Cherokee L Laredo X	Jeep	https://furymotors.com/for-sale/jeep-grand-cherokee-l-laredo-x-minneapolis-mn/2026-jeep-grand-cherokee-l-laredo-x-1c4rjkag2t8595032/	40317 USD	2026 Bright White Clearcoat Jeep Grand Cherokee L Laredo X 3.6L V6 24V VVT For sale at Fury Motors Stillwater in Stillwater Minnesota.	https://vimg.remora.inc/480172/1c4rjkag2t8595032-2026-jeep-grand-cherokee-l-bright-white-clearcoat-1-112431.avif	in stock	NEW	SUV	Vehicles & Parts > Vehicles > Motor Vehicles > Cars, Trucks & Vans	1C4RJKAG2T8595032	https://furymotors.com/for-sale/jeep-grand-cherokee-l-laredo-x-minneapolis-mn/2026-jeep-grand-cherokee-l-laredo-x-1c4rjkag2t8595032/123?store={store_code}	WHITE	10 miles	Grand Cherokee L	1C4RJKAG2T8595032	2026	40317 USD	26817	40317 USD	MI	no	Grand Cherokee L	No	Over 20k
1C4RJKAG3T8602490	2026 Jeep Grand Cherokee L Laredo X	Jeep	https://furymotors.com/for-sale/jeep-grand-cherokee-l-laredo-x-minneapolis-mn/2026-jeep-grand-cherokee-l-laredo-x-1c4rjkag3t8602490/	39550 USD	2026 Bright White Clearcoat Jeep Grand Cherokee L Laredo X 3.6L V6 24V VVT For sale at Fury Motors Stillwater in Stillwater Minnesota.	https://vimg.remora.inc/453446/1c4rjkag3t8602490-2026-jeep-grand-cherokee-l-laredo-bright-white-clearcoat-1-112059.avif	in stock	NEW	SUV	Vehicles & Parts > Vehicles > Motor Vehicles > Cars, Trucks & Vans	1C4RJKAG3T8602490	https://furymotors.com/for-sale/jeep-grand-cherokee-l-laredo-x-minneapolis-mn/2026-jeep-grand-cherokee-l-laredo-x-1c4rjkag3t8602490/123?store={store_code}	WHITE	10 miles	Grand Cherokee L	1C4RJKAG3T8602490	2026	39550 USD	26817	39550 USD	MI	no	Grand Cherokee L	No	Over 20k
1C4RJKAG4T8601851	2026 Jeep Grand Cherokee L Laredo X	Jeep	https://furymotors.com/for-sale/jeep-grand-cherokee-l-laredo-x-minneapolis-mn/2026-jeep-grand-cherokee-l-laredo-x-1c4rjkag4t8601851/	40803 USD	2026 Diamond Black Crystal Pearlcoat Jeep Grand Cherokee L Laredo X 3.6L V6 24V VVT For sale at Fury Motors Stillwater in Stillwater Minnesota.	https://vimg.remora.inc/450050/1c4rjkag4t8601851-2026-jeep-grand-cherokee-l-laredo-diamond-black-crystal-pearlcoat-1-112114.avif	in stock	NEW	SUV	Vehicles & Parts > Vehicles > Motor Vehicles > Cars, Trucks & Vans	1C4RJKAG4T8601851	https://furymotors.com/for-sale/jeep-grand-cherokee-l-laredo-x-minneapolis-mn/2026-jeep-grand-cherokee-l-laredo-x-1c4rjkag4t8601851/123?store={store_code}	BLACK	10 miles	Grand Cherokee L	1C4RJKAG4T8601851	2026	40803 USD	26817	40803 USD	MI	no	Grand Cherokee L	No	Over 20k
1C4RJKAG8T8600959	2026 Jeep Grand Cherokee L Laredo X	Jeep	https://furymotors.com/for-sale/jeep-grand-cherokee-l-laredo-x-minneapolis-mn/2026-jeep-grand-cherokee-l-laredo-x-1c4rjkag8t8600959/	39550 USD	2026 Diamond Black Crystal Pearlcoat Jeep Grand Cherokee L Laredo X 3.6L V6 24V VVT For sale at Fury Motors Stillwater in Stillwater Minnesota.	https://vimg.remora.inc/477368/1c4rjkag8t8600959-2026-jeep-grand-cherokee-l-diamond-black-crystal-pearlcoat-1-112431.avif	in stock	NEW	SUV	Vehicles & Parts > Vehicles > Motor Vehicles > Cars, Trucks & Vans	1C4RJKAG8T8600959	https://furymotors.com/for-sale/jeep-grand-cherokee-l-laredo-x-minneapolis-mn/2026-jeep-grand-cherokee-l-laredo-x-1c4rjkag8t8600959/123?store={store_code}	BLACK	10 miles	Grand Cherokee L	1C4RJKAG8T8600959	2026	39550 USD	26817	39550 USD	MI	no	Grand Cherokee L	No	Over 20k
1C4RJKBR0T8551398	2026 Jeep Grand Cherokee L Limited	Jeep	https://furymotors.com/for-sale/jeep-grand-cherokee-l-limited-minneapolis-mn/2026-jeep-grand-cherokee-l-limited-1c4rjkbr0t8551398/	41720 USD	2026 Silver Zynith Jeep Grand Cherokee L Limited 2.0L Hurricane 4 Turbo with ESS For sale at Fury Motors Stillwater in Stillwater Minnesota.	https://vimg.remora.inc/206763/1c4rjkbr0t8551398-2026-jeep-grand-cherokee-l-limited-silver-zynith-1-109034.avif	in stock	NEW	SUV	Vehicles & Parts > Vehicles > Motor Vehicles > Cars, Trucks & Vans	1C4RJKBR0T8551398	https://furymotors.com/for-sale/jeep-grand-cherokee-l-limited-minneapolis-mn/2026-jeep-grand-cherokee-l-limited-1c4rjkbr0t8551398/123?store={store_code}	SILVER	11 miles	Grand Cherokee L	1C4RJKBR0T8551398	2026	41720 USD	26817	41720 USD	MI	no	Grand Cherokee L	No	Over 20k
1C4RJKBR7T8570322	2026 Jeep Grand Cherokee L Limited	Jeep	https://furymotors.com/for-sale/jeep-grand-cherokee-l-limited-minneapolis-mn/2026-jeep-grand-cherokee-l-limited-1c4rjkbr7t8570322/	42950 USD	2026 Bright White Clearcoat Jeep Grand Cherokee L Limited 2.0L Hurricane 4 Turbo with ESS For sale at Fury Motors Stillwater in Stillwater Minnesota.	https://vimg.remora.inc/432937/1c4rjkbr7t8570322-2026-jeep-grand-cherokee-l-limited-bright-white-clearcoat-1-111909.avif	in stock	NEW	SUV	Vehicles & Parts > Vehicles > Motor Vehicles > Cars, Trucks & Vans	1C4RJKBR7T8570322	https://furymotors.com/for-sale/jeep-grand-cherokee-l-limited-minneapolis-mn/2026-jeep-grand-cherokee-l-limited-1c4rjkbr7t8570322/123?store={store_code}	WHITE	1608 miles	Grand Cherokee L	1C4RJKBR7T8570322	2026	42950 USD	26817	42950 USD	MI	no	Grand Cherokee L	No	Over 20k
1C4RJKBR8T8595987	2026 Jeep Grand Cherokee L Limited	Jeep	https://furymotors.com/for-sale/jeep-grand-cherokee-l-limited-minneapolis-mn/2026-jeep-grand-cherokee-l-limited-1c4rjkbr8t8595987/	43474 USD	2026 Silver Zynith Jeep Grand Cherokee L Limited 2.0L Hurricane 4 Turbo with ESS For sale at Fury Motors Stillwater in Stillwater Minnesota.	https://vimg.remora.inc/429189/1c4rjkbr8t8595987-2026-jeep-grand-cherokee-l-limited-silver-zynith-1-111767.avif	in stock	NEW	SUV	Vehicles & Parts > Vehicles > Motor Vehicles > Cars, Trucks & Vans	1C4RJKBR8T8595987	https://furymotors.com/for-sale/jeep-grand-cherokee-l-limited-minneapolis-mn/2026-jeep-grand-cherokee-l-limited-1c4rjkbr8t8595987/123?store={store_code}	SILVER	11 miles	Grand Cherokee L	1C4RJKBR8T8595987	2026	43474 USD	26817	43474 USD	MI	no	Grand Cherokee L	No	Over 20k
1C4RJKBR1V8154530	2027 Jeep Grand Cherokee L Limited	Jeep	https://furymotors.com/for-sale/jeep-grand-cherokee-l-limited-minneapolis-mn/2027-jeep-grand-cherokee-l-limited-1c4rjkbr1v8154530/	51565 USD	2027 High Gloss Black Jeep Grand Cherokee L Limited 2.0L Hurricane 4 Turbo with ESS For sale at Fury Motors Stillwater in Stillwater Minnesota.	https://vimg.remora.inc/600924/1c4rjkbr1v8154530-2027-jeep-grand-cherokee-l-high-gloss-black-1-113914.avif	in stock	NEW	SUV	Vehicles & Parts > Vehicles > Motor Vehicles > Cars, Trucks & Vans	1C4RJKBR1V8154530	https://furymotors.com/for-sale/jeep-grand-cherokee-l-limited-minneapolis-mn/2027-jeep-grand-cherokee-l-limited-1c4rjkbr1v8154530/123?store={store_code}	BLACK	10 miles	Grand Cherokee L	1C4RJKBR1V8154530	2027	51565 USD	26817	51565 USD	MI	no	Grand Cherokee L	No	Over 20k
1C4RJKBR2V8150566	2027 Jeep Grand Cherokee L Limited Reserve	Jeep	https://furymotors.com/for-sale/jeep-grand-cherokee-l-limited-reserve-minneapolis-mn/2027-jeep-grand-cherokee-l-limited-reserve-1c4rjkbr2v8150566/	56565 USD	2027 Bright White Clearcoat Jeep Grand Cherokee L Limited Reserve 2.0L Hurricane 4 Turbo with ESS For sale at Fury Motors Stillwater in Stillwater Minnesota.	https://vimg.remora.inc/574895/1c4rjkbr2v8150566-2027-jeep-grand-cherokee-l-limited-reserve-bright-white-clearcoat-1-114110.avif	in stock	NEW	SUV	Vehicles & Parts > Vehicles > Motor Vehicles > Cars, Trucks & Vans	1C4RJKBR2V8150566	https://furymotors.com/for-sale/jeep-grand-cherokee-l-limited-reserve-minneapolis-mn/2027-jeep-grand-cherokee-l-limited-reserve-1c4rjkbr2v8150566/123?store={store_code}	WHITE	7 miles	Grand Cherokee L	1C4RJKBR2V8150566	2027	56565 USD	26817	56565 USD	MI	no	Grand Cherokee L	No	Over 20k
1C4RJKBR6V8150568	2027 Jeep Grand Cherokee L Limited Reserve	Jeep	https://furymotors.com/for-sale/jeep-grand-cherokee-l-limited-reserve-minneapolis-mn/2027-jeep-grand-cherokee-l-limited-reserve-1c4rjkbr6v8150568/	55570 USD	2027 Steel Blue Jeep Grand Cherokee L Limited Reserve 2.0L Hurricane 4 Turbo with ESS For sale at Fury Motors Stillwater in Stillwater Minnesota.	https://vimg.remora.inc/590561/1c4rjkbr6v8150568-2027-jeep-grand-cherokee-l-limited-reserve-steel-blue-1-113964.avif	in stock	NEW	SUV	Vehicles & Parts > Vehicles > Motor Vehicles > Cars, Trucks & Vans	1C4RJKBR6V8150568	https://furymotors.com/for-sale/jeep-grand-cherokee-l-limited-reserve-minneapolis-mn/2027-jeep-grand-cherokee-l-limited-reserve-1c4rjkbr6v8150568/123?store={store_code}	GRAY	10 miles	Grand Cherokee L	1C4RJKBR6V8150568	2027	55570 USD	26817	55570 USD	MI	no	Grand Cherokee L	No	Over 20k
1C4RJHBR1TC299631	2026 Jeep Grand Cherokee Limited	Jeep	https://furymotors.com/for-sale/jeep-grand-cherokee-limited-minneapolis-mn/2026-jeep-grand-cherokee-limited-1c4rjhbr1tc299631/	41400 USD	2026 Baltic Gray Metallic Clearcoat Jeep Grand Cherokee Limited 2.0L Hurricane 4 Turbo with ESS For sale at Fury Motors Stillwater in Stillwater Minnesota.	https://vimg.remora.inc/509536/1c4rjhbr1tc299631-2026-jeep-grand-cherokee-limited-baltic-gray-metallic-clearcoat-1-112719.avif	in stock	NEW	SUV	Vehicles & Parts > Vehicles > Motor Vehicles > Cars, Trucks & Vans	1C4RJHBR1TC299631	https://furymotors.com/for-sale/jeep-grand-cherokee-limited-minneapolis-mn/2026-jeep-grand-cherokee-limited-1c4rjhbr1tc299631/123?store={store_code}	GRAY	10 miles	Grand Cherokee	1C4RJHBR1TC299631	2026	41400 USD	26817	41400 USD	MI	no	Grand Cherokee	No	Over 20k
1C4RJHBR1TC304259	2026 Jeep Grand Cherokee Limited	Jeep	https://furymotors.com/for-sale/jeep-grand-cherokee-limited-minneapolis-mn/2026-jeep-grand-cherokee-limited-1c4rjhbr1tc304259/	41589 USD	2026 Diamond Black Crystal Pearlcoat Jeep Grand Cherokee Limited 2.0L Hurricane 4 Turbo with ESS For sale at Fury Motors Stillwater in Stillwater Minnesota.	https://vimg.remora.inc/472705/1c4rjhbr1tc304259-2026-jeep-grand-cherokee-limited-diamond-black-crystal-pearlcoat-1-112119.avif	in stock	NEW	SUV	Vehicles & Parts > Vehicles > Motor Vehicles > Cars, Trucks & Vans	1C4RJHBR1TC304259	https://furymotors.com/for-sale/jeep-grand-cherokee-limited-minneapolis-mn/2026-jeep-grand-cherokee-limited-1c4rjhbr1tc304259/123?store={store_code}	BLACK	15 miles	Grand Cherokee	1C4RJHBR1TC304259	2026	41589 USD	26817	41589 USD	MI	no	Grand Cherokee	No	Over 20k
1C4RJHBR1TC304262	2026 Jeep Grand Cherokee Limited	Jeep	https://furymotors.com/for-sale/jeep-grand-cherokee-limited-minneapolis-mn/2026-jeep-grand-cherokee-limited-1c4rjhbr1tc304262/	45070 USD	2026 Diamond Black Crystal Pearlcoat Jeep Grand Cherokee Limited 2.0L Hurricane 4 Turbo with ESS For sale at Fury Motors Stillwater in Stillwater Minnesota.	https://vimg.remora.inc/480170/1c4rjhbr1tc304262-2026-jeep-grand-cherokee-limited-diamond-black-crystal-pearlcoat-1-113948.avif	in stock	NEW	SUV	Vehicles & Parts > Vehicles > Motor Vehicles > Cars, Trucks & Vans	1C4RJHBR1TC304262	https://furymotors.com/for-sale/jeep-grand-cherokee-limited-minneapolis-mn/2026-jeep-grand-cherokee-limited-1c4rjhbr1tc304262/123?store={store_code}	BLACK	12 miles	Grand Cherokee	1C4RJHBR1TC304262	2026	45070 USD	26817	45070 USD	MI	no	Grand Cherokee	No	Over 20k
1C4RJHBR2TC200489	2026 Jeep Grand Cherokee Limited	Jeep	https://furymotors.com/for-sale/jeep-grand-cherokee-limited-minneapolis-mn/2026-jeep-grand-cherokee-limited-1c4rjhbr2tc200489/	42326 USD	2026 Bright White Clearcoat Jeep Grand Cherokee Limited 2.0L Hurricane 4 Turbo with ESS For sale at Fury Motors Stillwater in Stillwater Minnesota.	https://vimg.remora.inc/229820/1c4rjhbr2tc200489-2026-jeep-grand-cherokee-limited-bright-white-clearcoat-1-109034.avif	in stock	NEW	SUV	Vehicles & Parts > Vehicles > Motor Vehicles > Cars, Trucks & Vans	1C4RJHBR2TC200489	https://furymotors.com/for-sale/jeep-grand-cherokee-limited-minneapolis-mn/2026-jeep-grand-cherokee-limited-1c4rjhbr2tc200489/123?store={store_code}	WHITE	59 miles	Grand Cherokee	1C4RJHBR2TC200489	2026	42326 USD	26817	42326 USD	MI	no	Grand Cherokee	No	Over 20k
1C4RJHBR2TC301791	2026 Jeep Grand Cherokee Limited	Jeep	https://furymotors.com/for-sale/jeep-grand-cherokee-limited-minneapolis-mn/2026-jeep-grand-cherokee-limited-1c4rjhbr2tc301791/	40822 USD	2026 Baltic Gray Metallic Clearcoat Jeep Grand Cherokee Limited 2.0L Hurricane 4 Turbo with ESS For sale at Fury Motors Stillwater in Stillwater Minnesota.	https://vimg.remora.inc/456431/1c4rjhbr2tc301791-2026-jeep-grand-cherokee-limited-baltic-gray-metallic-clearcoat-1-112431.avif	in stock	NEW	SUV	Vehicles & Parts > Vehicles > Motor Vehicles > Cars, Trucks & Vans	1C4RJHBR2TC301791	https://furymotors.com/for-sale/jeep-grand-cherokee-limited-minneapolis-mn/2026-jeep-grand-cherokee-limited-1c4rjhbr2tc301791/123?store={store_code}	GRAY	10 miles	Grand Cherokee	1C4RJHBR2TC301791	2026	40822 USD	26817	40822 USD	MI	no	Grand Cherokee	No	Over 20k
1C4RJHBR8TC299478	2026 Jeep Grand Cherokee Limited	Jeep	https://furymotors.com/for-sale/jeep-grand-cherokee-limited-minneapolis-mn/2026-jeep-grand-cherokee-limited-1c4rjhbr8tc299478/	40995 USD	2026 Diamond Black Crystal Pearlcoat Jeep Grand Cherokee Limited 2.0L Hurricane 4 Turbo with ESS For sale at Fury Motors Stillwater in Stillwater Minnesota.	https://vimg.remora.inc/447712/1c4rjhbr8tc299478-2026-jeep-grand-cherokee-limited-diamond-black-crystal-pearlcoat-1-111767.avif	in stock	NEW	SUV	Vehicles & Parts > Vehicles > Motor Vehicles > Cars, Trucks & Vans	1C4RJHBR8TC299478	https://furymotors.com/for-sale/jeep-grand-cherokee-limited-minneapolis-mn/2026-jeep-grand-cherokee-limited-1c4rjhbr8tc299478/123?store={store_code}	BLACK	11 miles	Grand Cherokee	1C4RJHBR8TC299478	2026	40995 USD	26817	40995 USD	MI	no	Grand Cherokee	No	Over 20k
1C4RJHBR8TC304260	2026 Jeep Grand Cherokee Limited	Jeep	https://furymotors.com/for-sale/jeep-grand-cherokee-limited-minneapolis-mn/2026-jeep-grand-cherokee-limited-1c4rjhbr8tc304260/	41589 USD	2026 Silver Zynith Jeep Grand Cherokee Limited 2.0L Hurricane 4 Turbo with ESS For sale at Fury Motors Stillwater in Stillwater Minnesota.	https://vimg.remora.inc/480171/1c4rjhbr8tc304260-2026-jeep-grand-cherokee-limited-silver-zynith-1-112791.avif	in stock	NEW	SUV	Vehicles & Parts > Vehicles > Motor Vehicles > Cars, Trucks & Vans	1C4RJHBR8TC304260	https://furymotors.com/for-sale/jeep-grand-cherokee-limited-minneapolis-mn/2026-jeep-grand-cherokee-limited-1c4rjhbr8tc304260/123?store={store_code}	SILVER	10 miles	Grand Cherokee	1C4RJHBR8TC304260	2026	41589 USD	26817	41589 USD	MI	no	Grand Cherokee	No	Over 20k
1C4RJHBR9T8602349	2026 Jeep Grand Cherokee Limited	Jeep	https://furymotors.com/for-sale/jeep-grand-cherokee-limited-minneapolis-mn/2026-jeep-grand-cherokee-limited-1c4rjhbr9t8602349/	41130 USD	2026 Bright White Clearcoat Jeep Grand Cherokee Limited 2.0L Hurricane 4 Turbo with ESS For sale at Fury Motors Stillwater in Stillwater Minnesota.	https://vimg.remora.inc/512998/1c4rjhbr9t8602349-2026-jeep-grand-cherokee-limited-bright-white-clearcoat-1-112815.avif	in stock	NEW	SUV	Vehicles & Parts > Vehicles > Motor Vehicles > Cars, Trucks & Vans	1C4RJHBR9T8602349	https://furymotors.com/for-sale/jeep-grand-cherokee-limited-minneapolis-mn/2026-jeep-grand-cherokee-limited-1c4rjhbr9t8602349/123?store={store_code}	WHITE	10 miles	Grand Cherokee	1C4RJHBR9T8602349	2026	41130 USD	26817	41130 USD	MI	no	Grand Cherokee	No	Over 20k
1C4RJHBR0V8150505	2027 Jeep Grand Cherokee Limited	Jeep	https://furymotors.com/for-sale/jeep-grand-cherokee-limited-minneapolis-mn/2027-jeep-grand-cherokee-limited-1c4rjhbr0v8150505/	48400 USD	2027 High Gloss Black Jeep Grand Cherokee Limited 2.0L Hurricane 4 Turbo with ESS For sale at Fury Motors Stillwater in Stillwater Minnesota.	https://vimg.remora.inc/555545/1c4rjhbr0v8150505-2027-jeep-grand-cherokee-limited-high-gloss-black-1-113609.avif	in stock	NEW	SUV	Vehicles & Parts > Vehicles > Motor Vehicles > Cars, Trucks & Vans	1C4RJHBR0V8150505	https://furymotors.com/for-sale/jeep-grand-cherokee-limited-minneapolis-mn/2027-jeep-grand-cherokee-limited-1c4rjhbr0v8150505/123?store={store_code}	BLACK	10 miles	Grand Cherokee	1C4RJHBR0V8150505	2027	48400 USD	26817	48400 USD	MI	no	Grand Cherokee	No	Over 20k
1C4RJHBR0V8155686	2027 Jeep Grand Cherokee Limited	Jeep	https://furymotors.com/for-sale/jeep-grand-cherokee-limited-minneapolis-mn/2027-jeep-grand-cherokee-limited-1c4rjhbr0v8155686/	48400 USD	2027 Copper Shino Metallic Clearcoat Jeep Grand Cherokee Limited 2.0L Hurricane 4 Turbo with ESS For sale at Fury Motors Stillwater in Stillwater Minnesota.	https://vimg.remora.inc/555546/1c4rjhbr0v8155686-2027-jeep-grand-cherokee-limited-copper-shino-metallic-clearcoat-1-113609.avif	in stock	NEW	SUV	Vehicles & Parts > Vehicles > Motor Vehicles > Cars, Trucks & Vans	1C4RJHBR0V8155686	https://furymotors.com/for-sale/jeep-grand-cherokee-limited-minneapolis-mn/2027-jeep-grand-cherokee-limited-1c4rjhbr0v8155686/123?store={store_code}	ORANGE	12 miles	Grand Cherokee	1C4RJHBR0V8155686	2027	48400 USD	26817	48400 USD	MI	no	Grand Cherokee	No	Over 20k
1C4RJHBR9V8150504	2027 Jeep Grand Cherokee Limited	Jeep	https://furymotors.com/for-sale/jeep-grand-cherokee-limited-minneapolis-mn/2027-jeep-grand-cherokee-limited-1c4rjhbr9v8150504/	49565 USD	2027 Copper Shino Metallic Clearcoat Jeep Grand Cherokee Limited 2.0L Hurricane 4 Turbo with ESS For sale at Fury Motors Stillwater in Stillwater Minnesota.	https://vimg.remora.inc/576373/1c4rjhbr9v8150504-2027-jeep-grand-cherokee-limited-copper-shino-metallic-clearcoat-1-114063.avif	in stock	NEW	SUV	Vehicles & Parts > Vehicles > Motor Vehicles > Cars, Trucks & Vans	1C4RJHBR9V8150504	https://furymotors.com/for-sale/jeep-grand-cherokee-limited-minneapolis-mn/2027-jeep-grand-cherokee-limited-1c4rjhbr9v8150504/123?store={store_code}	ORANGE	12 miles	Grand Cherokee	1C4RJHBR9V8150504	2027	49565 USD	26817	49565 USD	MI	no	Grand Cherokee	No	Over 20k
1C4RJHBRXTC304258	2026 Jeep Grand Cherokee	Jeep	https://furymotors.com/for-sale/jeep-grand-cherokee-minneapolis-mn/2026-jeep-grand-cherokee-1c4rjhbrxtc304258/	40363 USD	2026 Bright White Clearcoat Jeep Grand Cherokee 2.0L Hurricane 4 Turbo with ESS For sale at Fury Motors Stillwater in Stillwater Minnesota.	https://vimg.remora.inc/481818/1c4rjhbrxtc304258-2026-jeep-grand-cherokee-bright-white-clearcoat-1-112719.avif	in stock	NEW	SUV	Vehicles & Parts > Vehicles > Motor Vehicles > Cars, Trucks & Vans	1C4RJHBRXTC304258	https://furymotors.com/for-sale/jeep-grand-cherokee-minneapolis-mn/2026-jeep-grand-cherokee-1c4rjhbrxtc304258/123?store={store_code}	WHITE	10 miles	Grand Cherokee	1C4RJHBRXTC304258	2026	40363 USD	26817	40363 USD	MI	no	Grand Cherokee	No	Over 20k
1C4RJHBRXTC304261	2026 Jeep Grand Cherokee	Jeep	https://furymotors.com/for-sale/jeep-grand-cherokee-minneapolis-mn/2026-jeep-grand-cherokee-1c4rjhbrxtc304261/	43844 USD	2026 Bright White Clearcoat Jeep Grand Cherokee 2.0L Hurricane 4 Turbo with ESS For sale at Fury Motors Stillwater in Stillwater Minnesota.	https://vimg.remora.inc/485010/1c4rjhbrxtc304261-2026-jeep-grand-cherokee-bright-white-clearcoat-1-112815.avif	in stock	NEW	SUV	Vehicles & Parts > Vehicles > Motor Vehicles > Cars, Trucks & Vans	1C4RJHBRXTC304261	https://furymotors.com/for-sale/jeep-grand-cherokee-minneapolis-mn/2026-jeep-grand-cherokee-1c4rjhbrxtc304261/123?store={store_code}	WHITE	10 miles	Grand Cherokee	1C4RJHBRXTC304261	2026	43844 USD	26817	43844 USD	MI	no	Grand Cherokee	No	Over 20k
1C4SJVAP1TS181715	2026 Jeep Grand Wagoneer 85th Anniversary Edition	Jeep	https://furymotors.com/for-sale/jeep-grand-wagoneer-85th-anniversary-edition-minneapolis-mn/2026-jeep-grand-wagoneer-85th-anniversary-edition-1c4sjvap1ts181715/	72719 USD	2026 Bright White Clearcoat Jeep Grand Wagoneer 85th Anniversary Edition 3.0L I6 For sale at Fury Motors Stillwater in Stillwater Minnesota.	https://vimg.remora.inc/424677/1c4sjvap1ts181715-2026-jeep-grand-wagoneer-85th-anniversary-edition-bright-white-clearcoat-1-113948.avif	in stock	NEW	SUV	Vehicles & Parts > Vehicles > Motor Vehicles > Cars, Trucks & Vans	1C4SJVAP1TS181715	https://furymotors.com/for-sale/jeep-grand-wagoneer-85th-anniversary-edition-minneapolis-mn/2026-jeep-grand-wagoneer-85th-anniversary-edition-1c4sjvap1ts181715/123?store={store_code}	WHITE	11 miles	Grand Wagoneer	1C4SJVAP1TS181715	2026	72719 USD	26817	72719 USD	MI	no	Grand Wagoneer	No	Over 20k
1C4SJSBP2TS169280	2026 Jeep Grand Wagoneer L Limited Reserve	Jeep	https://furymotors.com/for-sale/jeep-grand-wagoneer-l-limited-reserve-minneapolis-mn/2026-jeep-grand-wagoneer-l-limited-reserve-1c4sjsbp2ts169280/	78213 USD	2026 Baltic Gray Metallic Clearcoat Jeep Grand Wagoneer L Limited Reserve 3.0L I6 For sale at Fury Motors Stillwater in Stillwater Minnesota.	https://vimg.remora.inc/313841/1c4sjsbp2ts169280-2026-jeep-grand-wagoneer-l-limited-reserve-baltic-gray-metallic-clearcoat-1-111909.avif	in stock	NEW	SUV	Vehicles & Parts > Vehicles > Motor Vehicles > Cars, Trucks & Vans	1C4SJSBP2TS169280	https://furymotors.com/for-sale/jeep-grand-wagoneer-l-limited-reserve-minneapolis-mn/2026-jeep-grand-wagoneer-l-limited-reserve-1c4sjsbp2ts169280/123?store={store_code}	GRAY	11 miles	Grand Wagoneer L	1C4SJSBP2TS169280	2026	78213 USD	26817	78213 USD	MI	no	Grand Wagoneer L	No	Over 20k
1C4SJSBP6TS157617	2026 Jeep Grand Wagoneer L Limited Reserve	Jeep	https://furymotors.com/for-sale/jeep-grand-wagoneer-l-limited-reserve-minneapolis-mn/2026-jeep-grand-wagoneer-l-limited-reserve-1c4sjsbp6ts157617/	76057 USD	2026 Silver Zynith Jeep Grand Wagoneer L Limited Reserve 3.0L I6 For sale at Fury Motors Stillwater in Stillwater Minnesota.	https://vimg.remora.inc/298263/1c4sjsbp6ts157617-2026-jeep-grand-wagoneer-l-limited-reserve-silver-zynith-1-112770.avif	in stock	NEW	SUV	Vehicles & Parts > Vehicles > Motor Vehicles > Cars, Trucks & Vans	1C4SJSBP6TS157617	https://furymotors.com/for-sale/jeep-grand-wagoneer-l-limited-reserve-minneapolis-mn/2026-jeep-grand-wagoneer-l-limited-reserve-1c4sjsbp6ts157617/123?store={store_code}	SILVER	3990 miles	Grand Wagoneer L	1C4SJSBP6TS157617	2026	76057 USD	26817	76057 USD	MI	no	Grand Wagoneer L	No	Over 20k
1C4SJSEPXTS169278	2026 Jeep Grand Wagoneer L Summit Obsidian	Jeep	https://furymotors.com/for-sale/jeep-grand-wagoneer-l-summit-obsidian-minneapolis-mn/2026-jeep-grand-wagoneer-l-summit-obsidian-1c4sjsepxts169278/	92957 USD	2026 Bright White Clearcoat Jeep Grand Wagoneer L Summit Obsidian 3.0L I6 For sale at Fury Motors Stillwater in Stillwater Minnesota.	https://vimg.remora.inc/308961/1c4sjsepxts169278-2026-jeep-grand-wagoneer-l-summit-obsidian-bright-white-clearcoat-1-109887.avif	in stock	NEW	SUV	Vehicles & Parts > Vehicles > Motor Vehicles > Cars, Trucks & Vans	1C4SJSEPXTS169278	https://furymotors.com/for-sale/jeep-grand-wagoneer-l-summit-obsidian-minneapolis-mn/2026-jeep-grand-wagoneer-l-summit-obsidian-1c4sjsepxts169278/123?store={store_code}	WHITE	11 miles	Grand Wagoneer L	1C4SJSEPXTS169278	2026	92957 USD	26817	92957 USD	MI	no	Grand Wagoneer L	No	Over 20k
1C4SJSEP1TS188480	2026 Jeep Grand Wagoneer L Summit Reserve	Jeep	https://furymotors.com/for-sale/jeep-grand-wagoneer-l-summit-reserve-minneapolis-mn/2026-jeep-grand-wagoneer-l-summit-reserve-1c4sjsep1ts188480/	101098 USD	2026 Bright White Clearcoat Jeep Grand Wagoneer L Summit Reserve 3.0L I6 For sale at Fury Motors Stillwater in Stillwater Minnesota.	https://vimg.remora.inc/424676/1c4sjsep1ts188480-2026-jeep-grand-wagoneer-l-summit-reserve-bright-white-clearcoat-1-111767.avif	in stock	NEW	SUV	Vehicles & Parts > Vehicles > Motor Vehicles > Cars, Trucks & Vans	1C4SJSEP1TS188480	https://furymotors.com/for-sale/jeep-grand-wagoneer-l-summit-reserve-minneapolis-mn/2026-jeep-grand-wagoneer-l-summit-reserve-1c4sjsep1ts188480/123?store={store_code}	WHITE	22 miles	Grand Wagoneer L	1C4SJSEP1TS188480	2026	101098 USD	26817	101098 USD	MI	no	Grand Wagoneer L	No	Over 20k
1C4SJVBP0TS197127	2026 Jeep Grand Wagoneer Limited Altitude	Jeep	https://furymotors.com/for-sale/jeep-grand-wagoneer-limited-altitude-minneapolis-mn/2026-jeep-grand-wagoneer-limited-altitude-1c4sjvbp0ts197127/	72865 USD	2026 Bright White Clearcoat Jeep Grand Wagoneer Limited Altitude 3.0L I6 For sale at Fury Motors Stillwater in Stillwater Minnesota.	https://vimg.remora.inc/476126/1c4sjvbp0ts197127-2026-jeep-grand-wagoneer-limited-altitude-bright-white-clearcoat-1-112431.avif	in stock	NEW	SUV	Vehicles & Parts > Vehicles > Motor Vehicles > Cars, Trucks & Vans	1C4SJVBP0TS197127	https://furymotors.com/for-sale/jeep-grand-wagoneer-limited-altitude-minneapolis-mn/2026-jeep-grand-wagoneer-limited-altitude-1c4sjvbp0ts197127/123?store={store_code}	WHITE	11 miles	Grand Wagoneer	1C4SJVBP0TS197127	2026	72865 USD	26817	72865 USD	MI	no	Grand Wagoneer	No	Over 20k
1C4SJVAP1TS167605	2026 Jeep Grand Wagoneer	Jeep	https://furymotors.com/for-sale/jeep-grand-wagoneer-minneapolis-mn/2026-jeep-grand-wagoneer-1c4sjvap1ts167605/	66684 USD	2026 High Gloss Black Jeep Grand Wagoneer 3.0L I6 For sale at Fury Motors Stillwater in Stillwater Minnesota.	https://vimg.remora.inc/395298/1c4sjvap1ts167605-2026-jeep-grand-wagoneer-high-gloss-black-1-110418.avif	in stock	NEW	SUV	Vehicles & Parts > Vehicles > Motor Vehicles > Cars, Trucks & Vans	1C4SJVAP1TS167605	https://furymotors.com/for-sale/jeep-grand-wagoneer-minneapolis-mn/2026-jeep-grand-wagoneer-1c4sjvap1ts167605/123?store={store_code}	BLACK	75 miles	Grand Wagoneer	1C4SJVAP1TS167605	2026	66684 USD	26817	66684 USD	MI	no	Grand Wagoneer	No	Over 20k
1C4SJVEP8TS192530	2026 Jeep Grand Wagoneer Summit Obsidian	Jeep	https://furymotors.com/for-sale/jeep-grand-wagoneer-summit-obsidian-minneapolis-mn/2026-jeep-grand-wagoneer-summit-obsidian-1c4sjvep8ts192530/	91397 USD	2026 Silver Zynith Jeep Grand Wagoneer Summit Obsidian 3.0L I6 For sale at Fury Motors Stillwater in Stillwater Minnesota.	https://vimg.remora.inc/413716/1c4sjvep8ts192530-2026-jeep-grand-wagoneer-summit-obsidian-silver-zynith-1-111375.avif	in stock	NEW	SUV	Vehicles & Parts > Vehicles > Motor Vehicles > Cars, Trucks & Vans	1C4SJVEP8TS192530	https://furymotors.com/for-sale/jeep-grand-wagoneer-summit-obsidian-minneapolis-mn/2026-jeep-grand-wagoneer-summit-obsidian-1c4sjvep8ts192530/123?store={store_code}	SILVER	11 miles	Grand Wagoneer	1C4SJVEP8TS192530	2026	91397 USD	26817	91397 USD	MI	no	Grand Wagoneer	No	Over 20k
1C4SJVAP8TS195367	2026 Jeep Grand Wagoneer Upland	Jeep	https://furymotors.com/for-sale/jeep-grand-wagoneer-upland-minneapolis-mn/2026-jeep-grand-wagoneer-upland-1c4sjvap8ts195367/	70993 USD	2026 Fathom Blue Pearlcoat Jeep Grand Wagoneer Upland 3.0L I6 For sale at Fury Motors Stillwater in Stillwater Minnesota.	https://vimg.remora.inc/472706/1c4sjvap8ts195367-2026-jeep-grand-wagoneer-upland-fathom-blue-pearlcoat-1-112306.avif	in stock	NEW	SUV	Vehicles & Parts > Vehicles > Motor Vehicles > Cars, Trucks & Vans	1C4SJVAP8TS195367	https://furymotors.com/for-sale/jeep-grand-wagoneer-upland-minneapolis-mn/2026-jeep-grand-wagoneer-upland-1c4sjvap8ts195367/123?store={store_code}	BLUE	10 miles	Grand Wagoneer	1C4SJVAP8TS195367	2026	70993 USD	26817	70993 USD	MI	no	Grand Wagoneer	No	Over 20k
1C4SJVAP8TS196518	2026 Jeep Grand Wagoneer Upland	Jeep	https://furymotors.com/for-sale/jeep-grand-wagoneer-upland-minneapolis-mn/2026-jeep-grand-wagoneer-upland-1c4sjvap8ts196518/	70170 USD	2026 Bright White Clearcoat Jeep Grand Wagoneer Upland 3.0L I6 For sale at Fury Motors Stillwater in Stillwater Minnesota.	https://vimg.remora.inc/476125/1c4sjvap8ts196518-2026-jeep-grand-wagoneer-upland-bright-white-clearcoat-1-112431.avif	in stock	NEW	SUV	Vehicles & Parts > Vehicles > Motor Vehicles > Cars, Trucks & Vans	1C4SJVAP8TS196518	https://furymotors.com/for-sale/jeep-grand-wagoneer-upland-minneapolis-mn/2026-jeep-grand-wagoneer-upland-1c4sjvap8ts196518/123?store={store_code}	WHITE	11 miles	Grand Wagoneer	1C4SJVAP8TS196518	2026	70170 USD	26817	70170 USD	MI	no	Grand Wagoneer	No	Over 20k
1C4PJXDG7TW331980	2026 Jeep Wrangler 85th Anniversary Edition	Jeep	https://furymotors.com/for-sale/jeep-wrangler-85th-anniversary-edition-minneapolis-mn/2026-jeep-wrangler-85th-anniversary-edition-1c4pjxdg7tw331980/	44213 USD	2026 Granite Crystal Metallic Clearcoat Jeep Wrangler 85th Anniversary Edition 3.6L V6 24V VVT For sale at Fury Motors Stillwater in Stillwater Minnesota.	https://vimg.remora.inc/484379/1c4pjxdg7tw331980-2026-jeep-wrangler-85th-anniversary-edition-granite-crystal-metallic-clearcoat-1-112306.avif	in stock	NEW	SUV	Vehicles & Parts > Vehicles > Motor Vehicles > Cars, Trucks & Vans	1C4PJXDG7TW331980	https://furymotors.com/for-sale/jeep-wrangler-85th-anniversary-edition-minneapolis-mn/2026-jeep-wrangler-85th-anniversary-edition-1c4pjxdg7tw331980/123?store={store_code}	GRAY	10 miles	Wrangler	1C4PJXDG7TW331980	2026	44213 USD	26817	44213 USD	MI	no	Wrangler	No	Over 20k
1C4PJXFG5TW208157	2026 Jeep Wrangler Rubicon	Jeep	https://furymotors.com/for-sale/jeep-wrangler-rubicon-minneapolis-mn/2026-jeep-wrangler-rubicon-1c4pjxfg5tw208157/	51227 USD	2026 Granite Crystal Metallic Clearcoat Jeep Wrangler Rubicon 3.6L V6 24V VVT For sale at Fury Motors Stillwater in Stillwater Minnesota.	https://vimg.remora.inc/158481/1c4pjxfg5tw208157-2026-jeep-wrangler-rubicon-granite-crystal-metallic-clearcoat-1-109042.avif	in stock	NEW	SUV	Vehicles & Parts > Vehicles > Motor Vehicles > Cars, Trucks & Vans	1C4PJXFG5TW208157	https://furymotors.com/for-sale/jeep-wrangler-rubicon-minneapolis-mn/2026-jeep-wrangler-rubicon-1c4pjxfg5tw208157/123?store={store_code}	GRAY	10 miles	Wrangler	1C4PJXFG5TW208157	2026	51227 USD	26817	51227 USD	MI	no	Wrangler	No	Over 20k
1C4PJXFN2TW312801	2026 Jeep Wrangler Rubicon	Jeep	https://furymotors.com/for-sale/jeep-wrangler-rubicon-minneapolis-mn/2026-jeep-wrangler-rubicon-1c4pjxfn2tw312801/	52819 USD	2026 Bright White Clearcoat Jeep Wrangler Rubicon 2.0L I4 DOHC For sale at Fury Motors Stillwater in Stillwater Minnesota.	https://vimg.remora.inc/424673/1c4pjxfn2tw312801-2026-jeep-wrangler-rubicon-bright-white-clearcoat-1-111303.avif	in stock	NEW	SUV	Vehicles & Parts > Vehicles > Motor Vehicles > Cars, Trucks & Vans	1C4PJXFN2TW312801	https://furymotors.com/for-sale/jeep-wrangler-rubicon-minneapolis-mn/2026-jeep-wrangler-rubicon-1c4pjxfn2tw312801/123?store={store_code}	WHITE	10 miles	Wrangler	1C4PJXFN2TW312801	2026	52819 USD	26817	52819 USD	MI	no	Wrangler	No	Over 20k
1C4PJXEG0TW297315	2026 Jeep Wrangler Sahara	Jeep	https://furymotors.com/for-sale/jeep-wrangler-sahara-minneapolis-mn/2026-jeep-wrangler-sahara-1c4pjxeg0tw297315/	47429 USD	2026 Black Clearcoat Jeep Wrangler Sahara 3.6L V6 24V VVT For sale at Fury Motors Stillwater in Stillwater Minnesota.	https://vimg.remora.inc/390020/1c4pjxeg0tw297315-2026-jeep-wrangler-sahara-black-clearcoat-1-111135.avif	in stock	NEW	SUV	Vehicles & Parts > Vehicles > Motor Vehicles > Cars, Trucks & Vans	1C4PJXEG0TW297315	https://furymotors.com/for-sale/jeep-wrangler-sahara-minneapolis-mn/2026-jeep-wrangler-sahara-1c4pjxeg0tw297315/123?store={store_code}	BLACK	10 miles	Wrangler	1C4PJXEG0TW297315	2026	47429 USD	26817	47429 USD	MI	no	Wrangler	No	Over 20k
1C4PJXAN8TW266768	2026 Jeep Wrangler Sport	Jeep	https://furymotors.com/for-sale/jeep-wrangler-sport-minneapolis-mn/2026-jeep-wrangler-sport-1c4pjxan8tw266768/	36136 USD	2026 Bright White Clearcoat Jeep Wrangler Sport 2.0L I4 DOHC For sale at Fury Motors Stillwater in Stillwater Minnesota.	https://vimg.remora.inc/303560/1c4pjxan8tw266768-2026-jeep-wrangler-sport-bright-white-clearcoat-1-109287.avif	in stock	NEW	SUV	Vehicles & Parts > Vehicles > Motor Vehicles > Cars, Trucks & Vans	1C4PJXAN8TW266768	https://furymotors.com/for-sale/jeep-wrangler-sport-minneapolis-mn/2026-jeep-wrangler-sport-1c4pjxan8tw266768/123?store={store_code}	WHITE	10 miles	Wrangler	1C4PJXAN8TW266768	2026	36136 USD	26817	36136 USD	MI	no	Wrangler	No	Over 20k
1C4PJXDG7TW314757	2026 Jeep Wrangler Willys	Jeep	https://furymotors.com/for-sale/jeep-wrangler-willys-minneapolis-mn/2026-jeep-wrangler-willys-1c4pjxdg7tw314757/	46885 USD	2026 Granite Crystal Metallic Clearcoat Jeep Wrangler Willys 3.6L V6 24V VVT For sale at Fury Motors Stillwater in Stillwater Minnesota.	https://vimg.remora.inc/424672/1c4pjxdg7tw314757-2026-jeep-wrangler-willys-granite-crystal-metallic-clearcoat-1-113609.avif	in stock	NEW	SUV	Vehicles & Parts > Vehicles > Motor Vehicles > Cars, Trucks & Vans	1C4PJXDG7TW314757	https://furymotors.com/for-sale/jeep-wrangler-willys-minneapolis-mn/2026-jeep-wrangler-willys-1c4pjxdg7tw314757/123?store={store_code}	GRAY	12 miles	Wrangler	1C4PJXDG7TW314757	2026	46885 USD	26817	46885 USD	MI	no	Wrangler	No	Over 20k
1C4PJXDN5TW323892	2026 Jeep Wrangler Willys	Jeep	https://furymotors.com/for-sale/jeep-wrangler-willys-minneapolis-mn/2026-jeep-wrangler-willys-1c4pjxdn5tw323892/	45957 USD	2026 Goldilocks Jeep Wrangler Willys 2.0L I4 DOHC For sale at Fury Motors Stillwater in Stillwater Minnesota.	https://vimg.remora.inc/450049/1c4pjxdn5tw323892-2026-jeep-wrangler-willys-goldilocks-1-112114.avif	in stock	NEW	SUV	Vehicles & Parts > Vehicles > Motor Vehicles > Cars, Trucks & Vans	1C4PJXDN5TW323892	https://furymotors.com/for-sale/jeep-wrangler-willys-minneapolis-mn/2026-jeep-wrangler-willys-1c4pjxdn5tw323892/123?store={store_code}	GOLD	11 miles	Wrangler	1C4PJXDN5TW323892	2026	45957 USD	26817	45957 USD	MI	no	Wrangler	No	Over 20k
1C6SRFBP1TN407190	2026 Ram 1500 Big Horn/Lone Star	Ram	https://furymotors.com/for-sale/ram-1500-big-hornlone-star-minneapolis-mn/2026-ram-1500-big-hornlone-star-1c6srfbp1tn407190/	46525 USD	2026 Bright White Clearcoat Ram 1500 Big Horn/Lone Star 3.0L I6 For sale at Fury Motors Stillwater in Stillwater Minnesota.	https://vimg.remora.inc/459327/1c6srfbp1tn407190-2026-ram-1500-big-hornlone-star-bright-white-clearcoat-1-112114.avif	in stock	NEW	TRUCK	Vehicles & Parts > Vehicles > Motor Vehicles > Cars, Trucks & Vans	1C6SRFBP1TN407190	https://furymotors.com/for-sale/ram-1500-big-hornlone-star-minneapolis-mn/2026-ram-1500-big-hornlone-star-1c6srfbp1tn407190/123?store={store_code}	WHITE	10 miles	1500	1C6SRFBP1TN407190	2026	46525 USD	26817	46525 USD	MI	no	1500	No	Over 20k
1C6SRFFT2TN323404	2026 Ram 1500 Big Horn/Lone Star	Ram	https://furymotors.com/for-sale/ram-1500-big-hornlone-star-minneapolis-mn/2026-ram-1500-big-hornlone-star-1c6srfft2tn323404/	50901 USD	2026 Bright White Clearcoat Ram 1500 Big Horn/Lone Star HEMI 5.7L V8 Multi Displacement VVT eTorque For sale at Fury Motors Stillwater in Stillwater Minnesota.	https://vimg.remora.inc/277132/1c6srfft2tn323404-2026-ram-1500-big-hornlone-star-bright-white-clearcoat-1-109034.avif	in stock	NEW	TRUCK	Vehicles & Parts > Vehicles > Motor Vehicles > Cars, Trucks & Vans	1C6SRFFT2TN323404	https://furymotors.com/for-sale/ram-1500-big-hornlone-star-minneapolis-mn/2026-ram-1500-big-hornlone-star-1c6srfft2tn323404/123?store={store_code}	WHITE	11 miles	1500	1C6SRFFT2TN323404	2026	50901 USD	26817	50901 USD	MI	no	1500	No	Over 20k
1C6SRFFTXTN318063	2026 Ram 1500 Big Horn/Lone Star	Ram	https://furymotors.com/for-sale/ram-1500-big-hornlone-star-minneapolis-mn/2026-ram-1500-big-hornlone-star-1c6srfftxtn318063/	50301 USD	2026 Diamond Black Crystal Pearlcoat Ram 1500 Big Horn/Lone Star HEMI 5.7L V8 Multi Displacement VVT eTorque For sale at Fury Motors Stillwater in Stillwater Minnesota.	https://vimg.remora.inc/308962/1c6srfftxtn318063-2026-ram-1500-big-hornlone-star-diamond-black-crystal-pearlcoat-1-109686.avif	in stock	NEW	TRUCK	Vehicles & Parts > Vehicles > Motor Vehicles > Cars, Trucks & Vans	1C6SRFFTXTN318063	https://furymotors.com/for-sale/ram-1500-big-hornlone-star-minneapolis-mn/2026-ram-1500-big-hornlone-star-1c6srfftxtn318063/123?store={store_code}	BLACK	11 miles	1500	1C6SRFFTXTN318063	2026	50301 USD	26817	50301 USD	MI	no	1500	No	Over 20k
3C6RRFFG8T4205675	2026 Ram 1500 Big Horn/Lone Star	Ram	https://furymotors.com/for-sale/ram-1500-big-hornlone-star-minneapolis-mn/2026-ram-1500-big-hornlone-star-3c6rrffg8t4205675/	48112 USD	2026 Diamond Black Crystal Pearlcoat Ram 1500 Big Horn/Lone Star 3.6L V6 24V VVT For sale at Fury Motors Stillwater in Stillwater Minnesota.	https://vimg.remora.inc/469115/3c6rrffg8t4205675-2026-ram-1500-big-hornlone-star-diamond-black-crystal-pearlcoat-1-112623.avif	in stock	NEW	TRUCK	Vehicles & Parts > Vehicles > Motor Vehicles > Cars, Trucks & Vans	3C6RRFFG8T4205675	https://furymotors.com/for-sale/ram-1500-big-hornlone-star-minneapolis-mn/2026-ram-1500-big-hornlone-star-3c6rrffg8t4205675/123?store={store_code}	BLACK	11 miles	1500	3C6RRFFG8T4205675	2026	48112 USD	26817	48112 USD	MI	no	1500	No	Over 20k
3C6SRFFP4T4152166	2026 Ram 1500 Big Horn/Lone Star	Ram	https://furymotors.com/for-sale/ram-1500-big-hornlone-star-minneapolis-mn/2026-ram-1500-big-hornlone-star-3c6srffp4t4152166/	45319 USD	2026 Granite Crystal Metallic Clearcoat Ram 1500 Big Horn/Lone Star 3.0L I6 For sale at Fury Motors Stillwater in Stillwater Minnesota.	https://vimg.remora.inc/94622/3c6srffp4t4152166-2026-ram-1500-big-hornlone-star-granite-crystal-metallic-clearcoat-1-109033.avif	in stock	NEW	TRUCK	Vehicles & Parts > Vehicles > Motor Vehicles > Cars, Trucks & Vans	3C6SRFFP4T4152166	https://furymotors.com/for-sale/ram-1500-big-hornlone-star-minneapolis-mn/2026-ram-1500-big-hornlone-star-3c6srffp4t4152166/123?store={store_code}	GRAY	42 miles	1500	3C6SRFFP4T4152166	2026	45319 USD	26817	45319 USD	MI	no	1500	No	Over 20k
3C6SRFFP5T4166206	2026 Ram 1500 Big Horn/Lone Star	Ram	https://furymotors.com/for-sale/ram-1500-big-hornlone-star-minneapolis-mn/2026-ram-1500-big-hornlone-star-3c6srffp5t4166206/	50008 USD	2026 Granite Crystal Metallic Clearcoat Ram 1500 Big Horn/Lone Star 3.0L I6 For sale at Fury Motors Stillwater in Stillwater Minnesota.	https://vimg.remora.inc/277133/3c6srffp5t4166206-2026-ram-1500-big-hornlone-star-granite-crystal-metallic-clearcoat-1-109050.avif	in stock	NEW	TRUCK	Vehicles & Parts > Vehicles > Motor Vehicles > Cars, Trucks & Vans	3C6SRFFP5T4166206	https://furymotors.com/for-sale/ram-1500-big-hornlone-star-minneapolis-mn/2026-ram-1500-big-hornlone-star-3c6srffp5t4166206/123?store={store_code}	GRAY	12 miles	1500	3C6SRFFP5T4166206	2026	50008 USD	26817	50008 USD	MI	no	1500	No	Over 20k
3C6SRFFP7T4151481	2026 Ram 1500 Big Horn/Lone Star	Ram	https://furymotors.com/for-sale/ram-1500-big-hornlone-star-minneapolis-mn/2026-ram-1500-big-hornlone-star-3c6srffp7t4151481/	48447 USD	2026 Diamond Black Crystal Pearlcoat Ram 1500 Big Horn/Lone Star 3.0L I6 For sale at Fury Motors Stillwater in Stillwater Minnesota.	https://vimg.remora.inc/91654/3c6srffp7t4151481-2026-ram-1500-big-hornlone-star-diamond-black-crystal-pearlcoat-1-113102.avif	in stock	NEW	TRUCK	Vehicles & Parts > Vehicles > Motor Vehicles > Cars, Trucks & Vans	3C6SRFFP7T4151481	https://furymotors.com/for-sale/ram-1500-big-hornlone-star-minneapolis-mn/2026-ram-1500-big-hornlone-star-3c6srffp7t4151481/123?store={store_code}	BLACK	59 miles	1500	3C6SRFFP7T4151481	2026	48447 USD	26817	48447 USD	MI	no	1500	No	Over 20k
3C6SRFFP8T4194369	2026 Ram 1500 Big Horn/Lone Star	Ram	https://furymotors.com/for-sale/ram-1500-big-hornlone-star-minneapolis-mn/2026-ram-1500-big-hornlone-star-3c6srffp8t4194369/	50443 USD	2026 Granite Crystal Metallic Clearcoat Ram 1500 Big Horn/Lone Star 3.0L I6 For sale at Fury Motors Stillwater in Stillwater Minnesota.	https://vimg.remora.inc/536055/3c6srffp8t4194369-2026-ram-1500-big-hornlone-star-granite-crystal-metallic-clearcoat-1-113612.avif	in stock	NEW	TRUCK	Vehicles & Parts > Vehicles > Motor Vehicles > Cars, Trucks & Vans	3C6SRFFP8T4194369	https://furymotors.com/for-sale/ram-1500-big-hornlone-star-minneapolis-mn/2026-ram-1500-big-hornlone-star-3c6srffp8t4194369/123?store={store_code}	GRAY	12 miles	1500	3C6SRFFP8T4194369	2026	50443 USD	26817	50443 USD	MI	no	1500	No	Over 20k
3C6SRFFP9T4156892	2026 Ram 1500 Big Horn/Lone Star	Ram	https://furymotors.com/for-sale/ram-1500-big-hornlone-star-minneapolis-mn/2026-ram-1500-big-hornlone-star-3c6srffp9t4156892/	49210 USD	2026 Diamond Black Crystal Pearlcoat Ram 1500 Big Horn/Lone Star 3.0L I6 For sale at Fury Motors Stillwater in Stillwater Minnesota.	https://vimg.remora.inc/131166/3c6srffp9t4156892-2026-ram-1500-big-hornlone-star-diamond-black-crystal-pearlcoat-1-109034.avif	in stock	NEW	TRUCK	Vehicles & Parts > Vehicles > Motor Vehicles > Cars, Trucks & Vans	3C6SRFFP9T4156892	https://furymotors.com/for-sale/ram-1500-big-hornlone-star-minneapolis-mn/2026-ram-1500-big-hornlone-star-3c6srffp9t4156892/123?store={store_code}	BLACK	11 miles	1500	3C6SRFFP9T4156892	2026	49210 USD	26817	49210 USD	MI	no	1500	No	Over 20k
3C6SRFFP9T4160604	2026 Ram 1500 Big Horn/Lone Star	Ram	https://furymotors.com/for-sale/ram-1500-big-hornlone-star-minneapolis-mn/2026-ram-1500-big-hornlone-star-3c6srffp9t4160604/	48569 USD	2026 Diamond Black Crystal Pearlcoat Ram 1500 Big Horn/Lone Star 3.0L I6 For sale at Fury Motors Stillwater in Stillwater Minnesota.	https://vimg.remora.inc/164718/3c6srffp9t4160604-2026-ram-1500-big-hornlone-star-diamond-black-crystal-pearlcoat-1-109034.avif	in stock	NEW	TRUCK	Vehicles & Parts > Vehicles > Motor Vehicles > Cars, Trucks & Vans	3C6SRFFP9T4160604	https://furymotors.com/for-sale/ram-1500-big-hornlone-star-minneapolis-mn/2026-ram-1500-big-hornlone-star-3c6srffp9t4160604/123?store={store_code}	BLACK	10 miles	1500	3C6SRFFP9T4160604	2026	48569 USD	26817	48569 USD	MI	no	1500	No	Over 20k
1C6SRFFPXVN592935	2027 Ram 1500 Big Horn/Lone Star	Ram	https://furymotors.com/for-sale/ram-1500-big-hornlone-star-minneapolis-mn/2027-ram-1500-big-hornlone-star-1c6srffpxvn592935/	64775 USD	2027 Serrano Green Metallic Ram 1500 Big Horn/Lone Star 3.0L I6 For sale at Fury Motors Stillwater in Stillwater Minnesota.	https://vimg.remora.inc/592020/1c6srffpxvn592935-2027-ram-1500-big-hornlone-star-serrano-green-metallic-1-113753.avif	in stock	NEW	TRUCK	Vehicles & Parts > Vehicles > Motor Vehicles > Cars, Trucks & Vans	1C6SRFFPXVN592935	https://furymotors.com/for-sale/ram-1500-big-hornlone-star-minneapolis-mn/2027-ram-1500-big-hornlone-star-1c6srffpxvn592935/123?store={store_code}	GREEN	10 miles	1500	1C6SRFFPXVN592935	2027	64775 USD	26817	64775 USD	MI	no	1500	No	Over 20k
3C6SRFFP0V4509295	2027 Ram 1500 Big Horn/Lone Star	Ram	https://furymotors.com/for-sale/ram-1500-big-hornlone-star-minneapolis-mn/2027-ram-1500-big-hornlone-star-3c6srffp0v4509295/	64775 USD	2027 Diamond Black Crystal Pearlcoat Ram 1500 Big Horn/Lone Star 3.0L I6 For sale at Fury Motors Stillwater in Stillwater Minnesota.	https://vimg.remora.inc/592021/3c6srffp0v4509295-2027-ram-1500-big-hornlone-star-diamond-black-crystal-pearlcoat-1-113753.avif	in stock	NEW	TRUCK	Vehicles & Parts > Vehicles > Motor Vehicles > Cars, Trucks & Vans	3C6SRFFP0V4509295	https://furymotors.com/for-sale/ram-1500-big-hornlone-star-minneapolis-mn/2027-ram-1500-big-hornlone-star-3c6srffp0v4509295/123?store={store_code}	BLACK	10 miles	1500	3C6SRFFP0V4509295	2027	64775 USD	26817	64775 USD	MI	no	1500	No	Over 20k
3C6SRFFP2V4509296	2027 Ram 1500 Big Horn/Lone Star	Ram	https://furymotors.com/for-sale/ram-1500-big-hornlone-star-minneapolis-mn/2027-ram-1500-big-hornlone-star-3c6srffp2v4509296/	66315 USD	2027 Forged Blue Metallic Ram 1500 Big Horn/Lone Star 3.0L I6 For sale at Fury Motors Stillwater in Stillwater Minnesota.	https://vimg.remora.inc/596473/3c6srffp2v4509296-2027-ram-1500-big-hornlone-star-forged-blue-metallic-1-113821.avif	in stock	NEW	TRUCK	Vehicles & Parts > Vehicles > Motor Vehicles > Cars, Trucks & Vans	3C6SRFFP2V4509296	https://furymotors.com/for-sale/ram-1500-big-hornlone-star-minneapolis-mn/2027-ram-1500-big-hornlone-star-3c6srffp2v4509296/123?store={store_code}	BLUE	10 miles	1500	3C6SRFFP2V4509296	2027	66315 USD	26817	66315 USD	MI	no	1500	No	Over 20k
3C6SRFFP4V4509297	2027 Ram 1500 Big Horn/Lone Star	Ram	https://furymotors.com/for-sale/ram-1500-big-hornlone-star-minneapolis-mn/2027-ram-1500-big-hornlone-star-3c6srffp4v4509297/	64775 USD	2027 Granite Crystal Metallic Clearcoat Ram 1500 Big Horn/Lone Star 3.0L I6 For sale at Fury Motors Stillwater in Stillwater Minnesota.	https://vimg.remora.inc/601325/3c6srffp4v4509297-2027-ram-1500-big-hornlone-star-granite-crystal-metallic-clearcoat-1-113917.avif	in stock	NEW	TRUCK	Vehicles & Parts > Vehicles > Motor Vehicles > Cars, Trucks & Vans	3C6SRFFP4V4509297	https://furymotors.com/for-sale/ram-1500-big-hornlone-star-minneapolis-mn/2027-ram-1500-big-hornlone-star-3c6srffp4v4509297/123?store={store_code}	GRAY	10 miles	1500	3C6SRFFP4V4509297	2027	64775 USD	26817	64775 USD	MI	no	1500	No	Over 20k
3C6SRFGP2T4188100	2026 Ram 1500 Express	Ram	https://furymotors.com/for-sale/ram-1500-express-minneapolis-mn/2026-ram-1500-express-3c6srfgp2t4188100/	45220 USD	2026 Diamond Black Crystal Pearlcoat Ram 1500 Express 3.0L I6 For sale at Fury Motors Stillwater in Stillwater Minnesota.	https://vimg.remora.inc/434674/3c6srfgp2t4188100-2026-ram-1500-express-diamond-black-crystal-pearlcoat-1-112059.avif	in stock	NEW	TRUCK	Vehicles & Parts > Vehicles > Motor Vehicles > Cars, Trucks & Vans	3C6SRFGP2T4188100	https://furymotors.com/for-sale/ram-1500-express-minneapolis-mn/2026-ram-1500-express-3c6srfgp2t4188100/123?store={store_code}	BLACK	10 miles	1500	3C6SRFGP2T4188100	2026	45220 USD	26817	45220 USD	MI	no	1500	No	Over 20k
3C6SRFGP4T4188101	2026 Ram 1500 Express	Ram	https://furymotors.com/for-sale/ram-1500-express-minneapolis-mn/2026-ram-1500-express-3c6srfgp4t4188101/	45220 USD	2026 Diamond Black Crystal Pearlcoat Ram 1500 Express 3.0L I6 For sale at Fury Motors Stillwater in Stillwater Minnesota.	https://vimg.remora.inc/419271/3c6srfgp4t4188101-2026-ram-1500-express-diamond-black-crystal-pearlcoat-1-111378.avif	in stock	NEW	TRUCK	Vehicles & Parts > Vehicles > Motor Vehicles > Cars, Trucks & Vans	3C6SRFGP4T4188101	https://furymotors.com/for-sale/ram-1500-express-minneapolis-mn/2026-ram-1500-express-3c6srfgp4t4188101/123?store={store_code}	BLACK	10 miles	1500	3C6SRFGP4T4188101	2026	45220 USD	26817	45220 USD	MI	no	1500	No	Over 20k
3C6SRFGP6T4188102	2026 Ram 1500 Express	Ram	https://furymotors.com/for-sale/ram-1500-express-minneapolis-mn/2026-ram-1500-express-3c6srfgp6t4188102/	45220 USD	2026 Diamond Black Crystal Pearlcoat Ram 1500 Express 3.0L I6 For sale at Fury Motors Stillwater in Stillwater Minnesota.	https://vimg.remora.inc/419272/3c6srfgp6t4188102-2026-ram-1500-express-diamond-black-crystal-pearlcoat-1-112114.avif	in stock	NEW	TRUCK	Vehicles & Parts > Vehicles > Motor Vehicles > Cars, Trucks & Vans	3C6SRFGP6T4188102	https://furymotors.com/for-sale/ram-1500-express-minneapolis-mn/2026-ram-1500-express-3c6srfgp6t4188102/123?store={store_code}	BLACK	11 miles	1500	3C6SRFGP6T4188102	2026	45220 USD	26817	45220 USD	MI	no	1500	No	Over 20k
3C6SRFGP8T4188098	2026 Ram 1500 Express	Ram	https://furymotors.com/for-sale/ram-1500-express-minneapolis-mn/2026-ram-1500-express-3c6srfgp8t4188098/	45220 USD	2026 Diamond Black Crystal Pearlcoat Ram 1500 Express 3.0L I6 For sale at Fury Motors Stillwater in Stillwater Minnesota.	https://vimg.remora.inc/419273/3c6srfgp8t4188098-2026-ram-1500-express-diamond-black-crystal-pearlcoat-1-111767.avif	in stock	NEW	TRUCK	Vehicles & Parts > Vehicles > Motor Vehicles > Cars, Trucks & Vans	3C6SRFGP8T4188098	https://furymotors.com/for-sale/ram-1500-express-minneapolis-mn/2026-ram-1500-express-3c6srfgp8t4188098/123?store={store_code}	BLACK	10 miles	1500	3C6SRFGP8T4188098	2026	45220 USD	26817	45220 USD	MI	no	1500	No	Over 20k
3C6SRFGPXT4188099	2026 Ram 1500 Express	Ram	https://furymotors.com/for-sale/ram-1500-express-minneapolis-mn/2026-ram-1500-express-3c6srfgpxt4188099/	45220 USD	2026 Diamond Black Crystal Pearlcoat Ram 1500 Express 3.0L I6 For sale at Fury Motors Stillwater in Stillwater Minnesota.	https://vimg.remora.inc/432942/3c6srfgpxt4188099-2026-ram-1500-diamond-black-crystal-pearlcoat-1-111624.avif	in stock	NEW	TRUCK	Vehicles & Parts > Vehicles > Motor Vehicles > Cars, Trucks & Vans	3C6SRFGPXT4188099	https://furymotors.com/for-sale/ram-1500-express-minneapolis-mn/2026-ram-1500-express-3c6srfgpxt4188099/123?store={store_code}	BLACK	10 miles	1500	3C6SRFGPXT4188099	2026	45220 USD	26817	45220 USD	MI	no	1500	No	Over 20k
1C6SRFJT1TN416633	2026 Ram 1500 Laramie	Ram	https://furymotors.com/for-sale/ram-1500-laramie-minneapolis-mn/2026-ram-1500-laramie-1c6srfjt1tn416633/	59212 USD	2026 Diamond Black Crystal Pearlcoat Ram 1500 Laramie HEMI 5.7L V8 Multi Displacement VVT eTorque For sale at Fury Motors Stillwater in Stillwater Minnesota.	https://vimg.remora.inc/526828/1c6srfjt1tn416633-2026-ram-1500-laramie-diamond-black-crystal-pearlcoat-1-112626.avif	in stock	NEW	TRUCK	Vehicles & Parts > Vehicles > Motor Vehicles > Cars, Trucks & Vans	1C6SRFJT1TN416633	https://furymotors.com/for-sale/ram-1500-laramie-minneapolis-mn/2026-ram-1500-laramie-1c6srfjt1tn416633/123?store={store_code}	BLACK	41 miles	1500	1C6SRFJT1TN416633	2026	59212 USD	26817	59212 USD	MI	no	1500	No	Over 20k
1C6SRFJT1TN434422	2026 Ram 1500 Laramie	Ram	https://furymotors.com/for-sale/ram-1500-laramie-minneapolis-mn/2026-ram-1500-laramie-1c6srfjt1tn434422/	58878 USD	2026 Serrano Green Metallic Ram 1500 Laramie HEMI 5.7L V8 Multi Displacement VVT eTorque For sale at Fury Motors Stillwater in Stillwater Minnesota.	https://vimg.remora.inc/530348/1c6srfjt1tn434422-2026-ram-1500-laramie-serrano-green-metallic-1-112719.avif	in stock	NEW	TRUCK	Vehicles & Parts > Vehicles > Motor Vehicles > Cars, Trucks & Vans	1C6SRFJT1TN434422	https://furymotors.com/for-sale/ram-1500-laramie-minneapolis-mn/2026-ram-1500-laramie-1c6srfjt1tn434422/123?store={store_code}	GREEN	50 miles	1500	1C6SRFJT1TN434422	2026	58878 USD	26817	58878 USD	MI	no	1500	No	Over 20k
1C6SRFJT4TN318065	2026 Ram 1500 Laramie	Ram	https://furymotors.com/for-sale/ram-1500-laramie-minneapolis-mn/2026-ram-1500-laramie-1c6srfjt4tn318065/	59365 USD	2026 Diamond Black Crystal Pearlcoat Ram 1500 Laramie HEMI 5.7L V8 Multi Displacement VVT eTorque For sale at Fury Motors Stillwater in Stillwater Minnesota.	https://vimg.remora.inc/291131/1c6srfjt4tn318065-2026-ram-1500-laramie-diamond-black-crystal-pearlcoat-1-112431.avif	in stock	NEW	TRUCK	Vehicles & Parts > Vehicles > Motor Vehicles > Cars, Trucks & Vans	1C6SRFJT4TN318065	https://furymotors.com/for-sale/ram-1500-laramie-minneapolis-mn/2026-ram-1500-laramie-1c6srfjt4tn318065/123?store={store_code}	BLACK	125 miles	1500	1C6SRFJT4TN318065	2026	59365 USD	26817	59365 USD	MI	no	1500	No	Over 20k
1C6SRFJT0VN592933	2027 Ram 1500 Laramie	Ram	https://furymotors.com/for-sale/ram-1500-laramie-minneapolis-mn/2027-ram-1500-laramie-1c6srfjt0vn592933/	75700 USD	2027 Serrano Green Metallic Ram 1500 Laramie HEMI 5.7L V8 Multi Displacement VVT For sale at Fury Motors Stillwater in Stillwater Minnesota.	https://vimg.remora.inc/616103/1c6srfjt0vn592933-2027-ram-1500-laramie-serrano-green-metallic-1-114133.avif	in stock	NEW	TRUCK	Vehicles & Parts > Vehicles > Motor Vehicles > Cars, Trucks & Vans	1C6SRFJT0VN592933	https://furymotors.com/for-sale/ram-1500-laramie-minneapolis-mn/2027-ram-1500-laramie-1c6srfjt0vn592933/123?store={store_code}	GREEN	10 miles	1500	1C6SRFJT0VN592933	2027	75700 USD	26817	75700 USD	MI	no	1500	No	Over 20k
1C6SRFJT5VN592930	2027 Ram 1500 Laramie	Ram	https://furymotors.com/for-sale/ram-1500-laramie-minneapolis-mn/2027-ram-1500-laramie-1c6srfjt5vn592930/	75700 USD	2027 Forged Blue Metallic Ram 1500 Laramie HEMI 5.7L V8 Multi Displacement VVT For sale at Fury Motors Stillwater in Stillwater Minnesota.	https://vimg.remora.inc/616105/1c6srfjt5vn592930-2027-ram-1500-laramie-forged-blue-metallic-1-114133.avif	in stock	NEW	TRUCK	Vehicles & Parts > Vehicles > Motor Vehicles > Cars, Trucks & Vans	1C6SRFJT5VN592930	https://furymotors.com/for-sale/ram-1500-laramie-minneapolis-mn/2027-ram-1500-laramie-1c6srfjt5vn592930/123?store={store_code}	BLUE	10 miles	1500	1C6SRFJT5VN592930	2027	75700 USD	26817	75700 USD	MI	no	1500	No	Over 20k
1C6SRFJT7VN575062	2027 Ram 1500 Laramie	Ram	https://furymotors.com/for-sale/ram-1500-laramie-minneapolis-mn/2027-ram-1500-laramie-1c6srfjt7vn575062/	78185 USD	2027 Molten Red Pearlcoat Ram 1500 Laramie HEMI 5.7L V8 Multi Displacement VVT eTorque For sale at Fury Motors Stillwater in Stillwater Minnesota.	https://vimg.remora.inc/573478/1c6srfjt7vn575062-2027-ram-1500-laramie-molten-red-pearlcoat-1-113780.avif	in stock	NEW	TRUCK	Vehicles & Parts > Vehicles > Motor Vehicles > Cars, Trucks & Vans	1C6SRFJT7VN575062	https://furymotors.com/for-sale/ram-1500-laramie-minneapolis-mn/2027-ram-1500-laramie-1c6srfjt7vn575062/123?store={store_code}	RED	9 miles	1500	1C6SRFJT7VN575062	2027	78185 USD	26817	78185 USD	MI	no	1500	No	Over 20k
1C6SRFJT7VN592931	2027 Ram 1500 Laramie	Ram	https://furymotors.com/for-sale/ram-1500-laramie-minneapolis-mn/2027-ram-1500-laramie-1c6srfjt7vn592931/	75255 USD	2027 Bright White Clearcoat Ram 1500 Laramie HEMI 5.7L V8 Multi Displacement VVT For sale at Fury Motors Stillwater in Stillwater Minnesota.	https://vimg.remora.inc/616104/1c6srfjt7vn592931-2027-ram-1500-laramie-bright-white-clearcoat-1-114133.avif	in stock	NEW	TRUCK	Vehicles & Parts > Vehicles > Motor Vehicles > Cars, Trucks & Vans	1C6SRFJT7VN592931	https://furymotors.com/for-sale/ram-1500-laramie-minneapolis-mn/2027-ram-1500-laramie-1c6srfjt7vn592931/123?store={store_code}	WHITE	10 miles	1500	1C6SRFJT7VN592931	2027	75255 USD	26817	75255 USD	MI	no	1500	No	Over 20k
1C6SRFJT9VN592932	2027 Ram 1500 Laramie	Ram	https://furymotors.com/for-sale/ram-1500-laramie-minneapolis-mn/2027-ram-1500-laramie-1c6srfjt9vn592932/	75700 USD	2027 Diamond Black Crystal Pearlcoat Ram 1500 Laramie HEMI 5.7L V8 Multi Displacement VVT For sale at Fury Motors Stillwater in Stillwater Minnesota.	https://vimg.remora.inc/616101/1c6srfjt9vn592932-2027-ram-1500-laramie-diamond-black-crystal-pearlcoat-1-114133.avif	in stock	NEW	TRUCK	Vehicles & Parts > Vehicles > Motor Vehicles > Cars, Trucks & Vans	1C6SRFJT9VN592932	https://furymotors.com/for-sale/ram-1500-laramie-minneapolis-mn/2027-ram-1500-laramie-1c6srfjt9vn592932/123?store={store_code}	BLACK	10 miles	1500	1C6SRFJT9VN592932	2027	75700 USD	26817	75700 USD	MI	no	1500	No	Over 20k
1C6SRFHT2VN555050	2027 Ram 1500 Limited	Ram	https://furymotors.com/for-sale/ram-1500-limited-minneapolis-mn/2027-ram-1500-limited-1c6srfht2vn555050/	89525 USD	2027 Ivory White Tri-Coat Pearlcoat Ram 1500 Limited HEMI 5.7L V8 Multi Displacement VVT eTorque For sale at Fury Motors Stillwater in Stillwater Minnesota.	https://vimg.remora.inc/536056/1c6srfht2vn555050-2027-ram-1500-limited-ivory-white-tri-coat-pearlcoat-1-113948.avif	in stock	NEW	TRUCK	Vehicles & Parts > Vehicles > Motor Vehicles > Cars, Trucks & Vans	1C6SRFHT2VN555050	https://furymotors.com/for-sale/ram-1500-limited-minneapolis-mn/2027-ram-1500-limited-1c6srfht2vn555050/123?store={store_code}	WHITE	10 miles	1500	1C6SRFHT2VN555050	2027	89525 USD	26817	89525 USD	MI	no	1500	No	Over 20k
1C6SRFUP1TN402374	2026 Ram 1500 RHO	Ram	https://furymotors.com/for-sale/ram-1500-rho-minneapolis-mn/2026-ram-1500-rho-1c6srfup1tn402374/	87382 USD	2026 Bright White Clearcoat Ram 1500 RHO 3.0L I6 For sale at Fury Motors Stillwater in Stillwater Minnesota.	https://vimg.remora.inc/390024/1c6srfup1tn402374-2026-ram-1500-rho-bright-white-clearcoat-1-111624.avif	in stock	NEW	TRUCK	Vehicles & Parts > Vehicles > Motor Vehicles > Cars, Trucks & Vans	1C6SRFUP1TN402374	https://furymotors.com/for-sale/ram-1500-rho-minneapolis-mn/2026-ram-1500-rho-1c6srfup1tn402374/123?store={store_code}	WHITE	51 miles	1500	1C6SRFUP1TN402374	2026	87382 USD	26817	87382 USD	MI	no	1500	No	Over 20k
1C6SRFUP4TN322809	2026 Ram 1500 RHO	Ram	https://furymotors.com/for-sale/ram-1500-rho-minneapolis-mn/2026-ram-1500-rho-1c6srfup4tn322809/	81719 USD	2026 Silver Zynith Ram 1500 RHO 3.0L I6 For sale at Fury Motors Stillwater in Stillwater Minnesota.	https://vimg.remora.inc/340986/1c6srfup4tn322809-2026-ram-1500-rho-silver-zynith-1-110823.avif	in stock	NEW	TRUCK	Vehicles & Parts > Vehicles > Motor Vehicles > Cars, Trucks & Vans	1C6SRFUP4TN322809	https://furymotors.com/for-sale/ram-1500-rho-minneapolis-mn/2026-ram-1500-rho-1c6srfup4tn322809/123?store={store_code}	SILVER	10 miles	1500	1C6SRFUP4TN322809	2026	81719 USD	26817	81719 USD	MI	no	1500	No	Over 20k
1C6SRFU96VN574386	2027 Ram 1500 TRX SRT	Ram	https://furymotors.com/for-sale/ram-1500-trx-srt-minneapolis-mn/2027-ram-1500-trx-srt-1c6srfu96vn574386/	111300 USD	2027 Diamond Black Crystal Pearlcoat Ram 1500 TRX SRT 6.2L Supercharged HEMI V8 SRT For sale at Fury Motors Stillwater in Stillwater Minnesota.	https://vimg.remora.inc/616102/1c6srfu96vn574386-2027-ram-1500-trx-srt-diamond-black-crystal-pearlcoat-1-114133.avif	in stock	NEW	TRUCK	Vehicles & Parts > Vehicles > Motor Vehicles > Cars, Trucks & Vans	1C6SRFU96VN574386	https://furymotors.com/for-sale/ram-1500-trx-srt-minneapolis-mn/2027-ram-1500-trx-srt-1c6srfu96vn574386/123?store={store_code}	BLACK	10 miles	1500	1C6SRFU96VN574386	2027	111300 USD	26817	111300 USD	MI	no	1500	No	Over 20k
1C6SRFKP1VN555049	2027 Ram 1500 Tungsten	Ram	https://furymotors.com/for-sale/ram-1500-tungsten-minneapolis-mn/2027-ram-1500-tungsten-1c6srfkp1vn555049/	91175 USD	2027 Forged Blue Metallic Ram 1500 Tungsten 3.0L I6 For sale at Fury Motors Stillwater in Stillwater Minnesota.	https://vimg.remora.inc/546535/1c6srfkp1vn555049-2027-ram-1500-tungsten-forged-blue-metallic-1-113996.avif	in stock	NEW	TRUCK	Vehicles & Parts > Vehicles > Motor Vehicles > Cars, Trucks & Vans	1C6SRFKP1VN555049	https://furymotors.com/for-sale/ram-1500-tungsten-minneapolis-mn/2027-ram-1500-tungsten-1c6srfkp1vn555049/123?store={store_code}	BLUE	10 miles	1500	1C6SRFKP1VN555049	2027	91175 USD	26817	91175 USD	MI	no	1500	No	Over 20k
3C6UR5CJ7TG224284	2026 Ram 2500 Tradesman	Ram	https://furymotors.com/for-sale/ram-2500-tradesman-minneapolis-mn/2026-ram-2500-tradesman-3c6ur5cj7tg224284/	55270 USD	2026 Diamond Black Crystal Pearlcoat Ram 2500 Tradesman 6.4L V8 For sale at Fury Motors Stillwater in Stillwater Minnesota.	https://vimg.remora.inc/116579/3c6ur5cj7tg224284-2026-ram-2500-tradesman-diamond-black-crystal-pearlcoat-1-109434.avif	in stock	NEW	TRUCK	Vehicles & Parts > Vehicles > Motor Vehicles > Cars, Trucks & Vans	3C6UR5CJ7TG224284	https://furymotors.com/for-sale/ram-2500-tradesman-minneapolis-mn/2026-ram-2500-tradesman-3c6ur5cj7tg224284/123?store={store_code}	BLACK	11 miles	2500	3C6UR5CJ7TG224284	2026	55270 USD	26817	55270 USD	MI	no	2500	No	Over 20k
3C63R5HL0VG406644	2027 Ram 2500 Tradesman	Ram	https://furymotors.com/for-sale/ram-2500-tradesman-minneapolis-mn/2027-ram-2500-tradesman-3c63r5hl0vg406644/	75195 USD	2027 Bright White Clearcoat Ram 2500 Tradesman 6.7L I6 For sale at Fury Motors Stillwater in Stillwater Minnesota.	https://vimg.remora.inc/590559/3c63r5hl0vg406644-2027-ram-2500-tradesman-bright-white-clearcoat-1-114063.avif	in stock	NEW	TRUCK	Vehicles & Parts > Vehicles > Motor Vehicles > Cars, Trucks & Vans	3C63R5HL0VG406644	https://furymotors.com/for-sale/ram-2500-tradesman-minneapolis-mn/2027-ram-2500-tradesman-3c63r5hl0vg406644/123?store={store_code}	WHITE	10 miles	2500	3C63R5HL0VG406644	2027	75195 USD	26817	75195 USD	MI	no	2500	No	Over 20k
3C63R5HL2VG406645	2027 Ram 2500 Tradesman	Ram	https://furymotors.com/for-sale/ram-2500-tradesman-minneapolis-mn/2027-ram-2500-tradesman-3c63r5hl2vg406645/	75195 USD	2027 Bright White Clearcoat Ram 2500 Tradesman 6.7L I6 For sale at Fury Motors Stillwater in Stillwater Minnesota.	https://vimg.remora.inc/590560/3c63r5hl2vg406645-2027-ram-2500-tradesman-bright-white-clearcoat-1-114064.avif	in stock	NEW	TRUCK	Vehicles & Parts > Vehicles > Motor Vehicles > Cars, Trucks & Vans	3C63R5HL2VG406645	https://furymotors.com/for-sale/ram-2500-tradesman-minneapolis-mn/2027-ram-2500-tradesman-3c63r5hl2vg406645/123?store={store_code}	WHITE	10 miles	2500	3C63R5HL2VG406645	2027	75195 USD	26817	75195 USD	MI	no	2500	No	Over 20k
3C6LRVDG1TE200931	2026 Ram ProMaster 2500 High Roof	Ram	https://furymotors.com/for-sale/ram-promaster-2500-high-roof-minneapolis-mn/2026-ram-promaster-2500-high-roof-3c6lrvdg1te200931/	48192 USD	2026 Bright White Clearcoat Ram ProMaster 2500 High Roof 3.6L V6 24V VVT For sale at Fury Motors Stillwater in Stillwater Minnesota.	https://vimg.remora.inc/481819/3c6lrvdg1te200931-2026-ram-promaster-2500-high-roof-bright-white-clearcoat-1-113897.avif	in stock	NEW	VAN	Vehicles & Parts > Vehicles > Motor Vehicles > Cars, Trucks & Vans	3C6LRVDG1TE200931	https://furymotors.com/for-sale/ram-promaster-2500-high-roof-minneapolis-mn/2026-ram-promaster-2500-high-roof-3c6lrvdg1te200931/123?store={store_code}	WHITE	9 miles	ProMaster 2500	3C6LRVDG1TE200931	2026	48192 USD	26817	48192 USD	MI	no	ProMaster 2500	No	Over 20k
3C6LRVDG5TE200933	2026 Ram ProMaster 2500 High Roof	Ram	https://furymotors.com/for-sale/ram-promaster-2500-high-roof-minneapolis-mn/2026-ram-promaster-2500-high-roof-3c6lrvdg5te200933/	48192 USD	2026 Bright White Clearcoat Ram ProMaster 2500 High Roof 3.6L V6 24V VVT For sale at Fury Motors Stillwater in Stillwater Minnesota.	https://vimg.remora.inc/485011/3c6lrvdg5te200933-2026-ram-promaster-2500-high-roof-bright-white-clearcoat-1-113894.avif	in stock	NEW	VAN	Vehicles & Parts > Vehicles > Motor Vehicles > Cars, Trucks & Vans	3C6LRVDG5TE200933	https://furymotors.com/for-sale/ram-promaster-2500-high-roof-minneapolis-mn/2026-ram-promaster-2500-high-roof-3c6lrvdg5te200933/123?store={store_code}	WHITE	9 miles	ProMaster 2500	3C6LRVDG5TE200933	2026	48192 USD	26817	48192 USD	MI	no	ProMaster 2500	No	Over 20k
3C6LRVCG4VE562093	2027 Ram ProMaster 2500 High Roof	Ram	https://furymotors.com/for-sale/ram-promaster-2500-high-roof-minneapolis-mn/2027-ram-promaster-2500-high-roof-3c6lrvcg4ve562093/	55895 USD	2027 Bright White Clearcoat Ram ProMaster 2500 High Roof 3.6L V6 24V VVT For sale at Fury Motors Stillwater in Stillwater Minnesota.	https://vimg.remora.inc/616106/3c6lrvcg4ve562093-2027-ram-promaster-2500-high-roof-bright-white-clearcoat-1-114133.avif	in stock	NEW	VAN	Vehicles & Parts > Vehicles > Motor Vehicles > Cars, Trucks & Vans	3C6LRVCG4VE562093	https://furymotors.com/for-sale/ram-promaster-2500-high-roof-minneapolis-mn/2027-ram-promaster-2500-high-roof-3c6lrvcg4ve562093/123?store={store_code}	WHITE	10 miles	ProMaster 2500	3C6LRVCG4VE562093	2027	55895 USD	26817	55895 USD	MI	no	ProMaster 2500	No	Over 20k
3C6LRVDG8VE552004	2027 Ram ProMaster 2500 High Roof	Ram	https://furymotors.com/for-sale/ram-promaster-2500-high-roof-minneapolis-mn/2027-ram-promaster-2500-high-roof-3c6lrvdg8ve552004/	55235 USD	2027 Bright White Clearcoat Ram ProMaster 2500 High Roof 3.6L V6 24V VVT For sale at Fury Motors Stillwater in Stillwater Minnesota.	https://vimg.remora.inc/573476/3c6lrvdg8ve552004-2027-ram-promaster-2500-high-roof-bright-white-clearcoat-1-114105.avif	in stock	NEW	VAN	Vehicles & Parts > Vehicles > Motor Vehicles > Cars, Trucks & Vans	3C6LRVDG8VE552004	https://furymotors.com/for-sale/ram-promaster-2500-high-roof-minneapolis-mn/2027-ram-promaster-2500-high-roof-3c6lrvdg8ve552004/123?store={store_code}	WHITE	10 miles	ProMaster 2500	3C6LRVDG8VE552004	2027	55235 USD	26817	55235 USD	MI	no	ProMaster 2500	No	Over 20k
3C6MRVHG5VE550998	2027 Ram ProMaster 3500 High Roof	Ram	https://furymotors.com/for-sale/ram-promaster-3500-high-roof-minneapolis-mn/2027-ram-promaster-3500-high-roof-3c6mrvhg5ve550998/	57005 USD	2027 Bright White Clearcoat Ram ProMaster 3500 High Roof 3.6L V6 24V VVT For sale at Fury Motors Stillwater in Stillwater Minnesota.	https://vimg.remora.inc/573477/3c6mrvhg5ve550998-2027-ram-promaster-3500-high-roof-bright-white-clearcoat-1-114105.avif	in stock	NEW	VAN	Vehicles & Parts > Vehicles > Motor Vehicles > Cars, Trucks & Vans	3C6MRVHG5VE550998	https://furymotors.com/for-sale/ram-promaster-3500-high-roof-minneapolis-mn/2027-ram-promaster-3500-high-roof-3c6mrvhg5ve550998/123?store={store_code}	WHITE	10 miles	ProMaster 3500	3C6MRVHG5VE550998	2027	57005 USD	26817	57005 USD	MI	no	ProMaster 3500	No	Over 20k
LRBFX3SX9KD129978	2019 Buick Envision Premium I	Buick	https://furymotors.com/for-sale/used-buick-envision-premium-i-minneapolis-mn/2019-buick-envision-premium-i-lrbfx3sx9kd129978/	20350 USD	2019 Satin Steel Gray Metallic Buick Envision Premium I 2.0L 4-Cylinder DGI DOHC VVT Turbocharged For sale at Fury Motors Stillwater in Stillwater Minnesota.	https://vimg.remora.inc/591337/lrbfx3sx9kd129978-2019-buick-envision-premium-i-satin-steel-gray-metallic-1-113813.avif	in stock	USED	SUV	Vehicles & Parts > Vehicles > Motor Vehicles > Cars, Trucks & Vans	LRBFX3SX9KD129978	https://furymotors.com/for-sale/used-buick-envision-premium-i-minneapolis-mn/2019-buick-envision-premium-i-lrbfx3sx9kd129978/123?store={store_code}	GRAY	49446 miles	Envision	LRBFX3SX9KD129978	2019	20350 USD	26817	20350 USD	MI	no	Envision	No	Over 20k
3GNKDBRJ3RS258479	2024 Chevrolet Blazer EV LT	Chevrolet	https://furymotors.com/for-sale/used-chevrolet-blazer-ev-lt-minneapolis-mn/2024-chevrolet-blazer-ev-lt-3gnkdbrj3rs258479/	26350 USD	2024 Radiant Red Tintcoat Chevrolet Blazer EV LT Electric Motor For sale at Fury Motors Stillwater in Stillwater Minnesota.	https://vimg.remora.inc/597887/3gnkdbrj3rs258479-2024-chevrolet-blazer-ev-lt-radiant-red-tintcoat-1-113990.avif	in stock	USED	SUV	Vehicles & Parts > Vehicles > Motor Vehicles > Cars, Trucks & Vans	3GNKDBRJ3RS258479	https://furymotors.com/for-sale/used-chevrolet-blazer-ev-lt-minneapolis-mn/2024-chevrolet-blazer-ev-lt-3gnkdbrj3rs258479/123?store={store_code}	RED	17216 miles	Blazer EV	3GNKDBRJ3RS258479	2024	26350 USD	26817	26350 USD	MI	no	Blazer EV	No	Over 20k
3GNKDBRJ9RS200084	2024 Chevrolet Blazer EV LT	Chevrolet	https://furymotors.com/for-sale/used-chevrolet-blazer-ev-lt-minneapolis-mn/2024-chevrolet-blazer-ev-lt-3gnkdbrj9rs200084/	27500 USD	2024 Sterling Gray Metallic Chevrolet Blazer EV LT Electric Motor For sale at Fury Motors Stillwater in Stillwater Minnesota.	https://vimg.remora.inc/615674/3gnkdbrj9rs200084-2024-chevrolet-blazer-ev-lt-sterling-gray-metallic-1-114131.avif	in stock	USED	SUV	Vehicles & Parts > Vehicles > Motor Vehicles > Cars, Trucks & Vans	3GNKDBRJ9RS200084	https://furymotors.com/for-sale/used-chevrolet-blazer-ev-lt-minneapolis-mn/2024-chevrolet-blazer-ev-lt-3gnkdbrj9rs200084/123?store={store_code}	SILVER	12851 miles	Blazer EV	3GNKDBRJ9RS200084	2024	27500 USD	26817	27500 USD	MI	no	Blazer EV	No	Over 20k
1G1Y12D73J5103574	2018 Chevrolet Corvette Grand Sport	Chevrolet	https://furymotors.com/for-sale/used-chevrolet-corvette-grand-sport-minneapolis-mn/2018-chevrolet-corvette-grand-sport-1g1y12d73j5103574/	59850 USD	2018 Admiral Blue Metallic Chevrolet Corvette Grand Sport 6.2L V8 For sale at Fury Motors Stillwater in Stillwater Minnesota.	https://vimg.remora.inc/577940/1g1y12d73j5103574-2018-chevrolet-corvette-grand-sport-admiral-blue-metallic-1-113506.avif	in stock	USED	OTHER	Vehicles & Parts > Vehicles > Motor Vehicles > Cars, Trucks & Vans	1G1Y12D73J5103574	https://furymotors.com/for-sale/used-chevrolet-corvette-grand-sport-minneapolis-mn/2018-chevrolet-corvette-grand-sport-1g1y12d73j5103574/123?store={store_code}	BLUE	25228 miles	Corvette	1G1Y12D73J5103574	2018	59850 USD	26817	59850 USD	MI	no	Corvette	No	Over 20k
1GCWGAFG3H1351698	2017 Chevrolet Express 2500 Work Van	Chevrolet	https://furymotors.com/for-sale/used-chevrolet-express-2500-work-van-minneapolis-mn/2017-chevrolet-express-2500-work-van-1gcwgafg3h1351698/	10850 USD	2017 Summit White Chevrolet Express 2500 Work Van Vortec 6.0L V8 SFI Flex Fuel For sale at Fury Motors Stillwater in Stillwater Minnesota.	https://vimg.remora.inc/578310/1gcwgafg3h1351698-2017-chevrolet-express-2500-work-van-summit-white-1-113607.avif	in stock	USED	VAN	Vehicles & Parts > Vehicles > Motor Vehicles > Cars, Trucks & Vans	1GCWGAFG3H1351698	https://furymotors.com/for-sale/used-chevrolet-express-2500-work-van-minneapolis-mn/2017-chevrolet-express-2500-work-van-1gcwgafg3h1351698/123?store={store_code}	WHITE	146936 miles	Express 2500	1GCWGAFG3H1351698	2017	10850 USD	26817	10850 USD	MI	no	Express 2500	No	Under 20k
1GB0GRFG3L1239145	2020 Chevrolet Express 3500 Work Van	Chevrolet	https://furymotors.com/for-sale/used-chevrolet-express-3500-work-van-minneapolis-mn/2020-chevrolet-express-3500-work-van-1gb0grfg3l1239145/	15850 USD	2020 Summit White Chevrolet Express 3500 Work Van 6.0L V8 For sale at Fury Motors Stillwater in Stillwater Minnesota.	https://vimg.remora.inc/467724/1gb0grfg3l1239145-2020-chevrolet-express-3500-work-van-summit-white-1-112786.avif	in stock	USED	TRUCK	Vehicles & Parts > Vehicles > Motor Vehicles > Cars, Trucks & Vans	1GB0GRFG3L1239145	https://furymotors.com/for-sale/used-chevrolet-express-3500-work-van-minneapolis-mn/2020-chevrolet-express-3500-work-van-1gb0grfg3l1239145/123?store={store_code}	WHITE	145314 miles	Express 3500	1GB0GRFG3L1239145	2020	15850 USD	26817	15850 USD	MI	no	Express 3500	No	Under 20k
1GCUKGE84SZ228858	2025 Chevrolet Silverado 1500 LTZ	Chevrolet	https://furymotors.com/for-sale/used-chevrolet-silverado-1500-ltz-minneapolis-mn/2025-chevrolet-silverado-1500-ltz-1gcukge84sz228858/	47500 USD	2025 Summit White Chevrolet Silverado 1500 LTZ 3.0L I6 For sale at Fury Motors Stillwater in Stillwater Minnesota.	https://vimg.remora.inc/249954/1gcukge84sz228858-2025-chevrolet-silverado-1500-ltz-summit-white-1-113440.avif	in stock	USED	TRUCK	Vehicles & Parts > Vehicles > Motor Vehicles > Cars, Trucks & Vans	1GCUKGE84SZ228858	https://furymotors.com/for-sale/used-chevrolet-silverado-1500-ltz-minneapolis-mn/2025-chevrolet-silverado-1500-ltz-1gcukge84sz228858/123?store={store_code}	WHITE	11916 miles	Silverado 1500	1GCUKGE84SZ228858	2025	47500 USD	26817	47500 USD	MI	no	Silverado 1500	No	Over 20k
1GNSKCKC3HR365587	2017 Chevrolet Tahoe Premier	Chevrolet	https://furymotors.com/for-sale/used-chevrolet-tahoe-premier-minneapolis-mn/2017-chevrolet-tahoe-premier-1gnskckc3hr365587/	24350 USD	2017 Black Chevrolet Tahoe Premier EcoTec3 5.3L V8 For sale at Fury Motors Stillwater in Stillwater Minnesota.	https://vimg.remora.inc/583867/1gnskckc3hr365587-2017-chevrolet-tahoe-premier-black-1-113610.avif	in stock	USED	SUV	Vehicles & Parts > Vehicles > Motor Vehicles > Cars, Trucks & Vans	1GNSKCKC3HR365587	https://furymotors.com/for-sale/used-chevrolet-tahoe-premier-minneapolis-mn/2017-chevrolet-tahoe-premier-1gnskckc3hr365587/123?store={store_code}	BLACK	101000 miles	Tahoe	1GNSKCKC3HR365587	2017	24350 USD	26817	24350 USD	MI	no	Tahoe	No	Over 20k
2FMPK4J98KBC26071	2019 Ford Edge SEL	Ford	https://furymotors.com/for-sale/used-ford-edge-sel-minneapolis-mn/2019-ford-edge-sel-2fmpk4j98kbc26071/	16350 USD	2019 Agate Black Metallic Ford Edge SEL EcoBoost 2.0L I4 GTDi DOHC Turbocharged VCT For sale at Fury Motors Stillwater in Stillwater Minnesota.	https://vimg.remora.inc/583788/2fmpk4j98kbc26071-2019-ford-edge-sel-black-metallic-1-114014.avif	in stock	USED	SUV	Vehicles & Parts > Vehicles > Motor Vehicles > Cars, Trucks & Vans	2FMPK4J98KBC26071	https://furymotors.com/for-sale/used-ford-edge-sel-minneapolis-mn/2019-ford-edge-sel-2fmpk4j98kbc26071/123?store={store_code}	BLACK	79530 miles	Edge	2FMPK4J98KBC26071	2019	16350 USD	26817	16350 USD	MI	no	Edge	No	Under 20k
1FTFW1ET7EFB76937	2014 Ford F-150 FX4	Ford	https://furymotors.com/for-sale/used-ford-f150-fx4-minneapolis-mn/2014-ford-f150-fx4-1ftfw1et7efb76937/	16000 USD	2014 Tuxedo Black Metallic Ford F-150 FX4 3.5L V6 For sale at Fury Motors Stillwater in Stillwater Minnesota.	https://vimg.remora.inc/611994/1ftfw1et7efb76937-2014-ford-f150-fx4-tuxedo-black-metallic-1-114161.avif	in stock	USED	TRUCK	Vehicles & Parts > Vehicles > Motor Vehicles > Cars, Trucks & Vans	1FTFW1ET7EFB76937	https://furymotors.com/for-sale/used-ford-f150-fx4-minneapolis-mn/2014-ford-f150-fx4-1ftfw1et7efb76937/123?store={store_code}	BLACK	118732 miles	F-150	1FTFW1ET7EFB76937	2014	16000 USD	26817	16000 USD	MI	no	F-150	No	Under 20k
1FTFW1EFXDKE20404	2013 Ford F-150 Lariat	Ford	https://furymotors.com/for-sale/used-ford-f150-lariat-minneapolis-mn/2013-ford-f150-lariat-1ftfw1efxdke20404/	8500 USD	2013 White Platinum Clearcoat Metallic Ford F-150 Lariat 5.0L V8 FFV For sale at Fury Motors Stillwater in Stillwater Minnesota.	https://vimg.remora.inc/601771/1ftfw1efxdke20404-2013-ford-f150-lariat-white-platinum-clearcoat-metallic-1-114021.avif	in stock	USED	TRUCK	Vehicles & Parts > Vehicles > Motor Vehicles > Cars, Trucks & Vans	1FTFW1EFXDKE20404	https://furymotors.com/for-sale/used-ford-f150-lariat-minneapolis-mn/2013-ford-f150-lariat-1ftfw1efxdke20404/123?store={store_code}	WHITE	271543 miles	F-150	1FTFW1EFXDKE20404	2013	8500 USD	26817	8500 USD	MI	no	F-150	No	Under 20k
1FTEW1CP8KFB70531	2019 Ford F-150 XLT	Ford	https://furymotors.com/for-sale/used-ford-f150-xlt-minneapolis-mn/2019-ford-f150-xlt-1ftew1cp8kfb70531/	26850 USD	2019 Magnetic Metallic Ford F-150 XLT 2.7L V6 EcoBoost For sale at Fury Motors Stillwater in Stillwater Minnesota.	https://vimg.remora.inc/585763/1ftew1cp8kfb70531-2019-ford-f150-xlt-magnetic-metallic-1-113783.avif	in stock	USED	TRUCK	Vehicles & Parts > Vehicles > Motor Vehicles > Cars, Trucks & Vans	1FTEW1CP8KFB70531	https://furymotors.com/for-sale/used-ford-f150-xlt-minneapolis-mn/2019-ford-f150-xlt-1ftew1cp8kfb70531/123?store={store_code}	GRAY	33686 miles	F-150	1FTEW1CP8KFB70531	2019	26850 USD	26817	26850 USD	MI	no	F-150	No	Over 20k
1FTFW3L87SKD48784	2025 Ford F-150 XLT	Ford	https://furymotors.com/for-sale/used-ford-f150-xlt-minneapolis-mn/2025-ford-f150-xlt-1ftfw3l87skd48784/	40850 USD	2025 Carbonized Gray Metallic Ford F-150 XLT 3.5L V6 EcoBoost For sale at Fury Motors Stillwater in Stillwater Minnesota.	https://vimg.remora.inc/225963/1ftfw3l87skd48784-2025-ford-f150-xlt-carbonized-gray-metallic-1-113440.avif	in stock	USED	TRUCK	Vehicles & Parts > Vehicles > Motor Vehicles > Cars, Trucks & Vans	1FTFW3L87SKD48784	https://furymotors.com/for-sale/used-ford-f150-xlt-minneapolis-mn/2025-ford-f150-xlt-1ftfw3l87skd48784/123?store={store_code}	GRAY	12326 miles	F-150	1FTFW3L87SKD48784	2025	40850 USD	26817	40850 USD	MI	no	F-150	No	Over 20k
1FTER4FHXMLD59375	2021 Ford Ranger XLT	Ford	https://furymotors.com/for-sale/used-ford-ranger-xlt-minneapolis-mn/2021-ford-ranger-xlt-1fter4fhxmld59375/	25000 USD	2021 Cactus Gray Ford Ranger XLT EcoBoost 2.3L I4 GTDi DOHC Turbocharged VCT For sale at Fury Motors Stillwater in Stillwater Minnesota.	https://vimg.remora.inc/477103/1fter4fhxmld59375-2021-ford-ranger-xlt-cactus-1-113913.avif	in stock	USED	TRUCK	Vehicles & Parts > Vehicles > Motor Vehicles > Cars, Trucks & Vans	1FTER4FHXMLD59375	https://furymotors.com/for-sale/used-ford-ranger-xlt-minneapolis-mn/2021-ford-ranger-xlt-1fter4fhxmld59375/123?store={store_code}	GRAY	80081 miles	Ranger	1FTER4FHXMLD59375	2021	25000 USD	26817	25000 USD	MI	no	Ranger	No	Over 20k
1FTBF2B62EEB43885	2014 Ford Super Duty F-250 SRW XLT	Ford	https://furymotors.com/for-sale/used-ford-super-duty-f250-srw-xlt-minneapolis-mn/2014-ford-super-duty-f250-srw-xlt-1ftbf2b62eeb43885/	25850 USD	2014 Oxford White Ford Super Duty F-250 SRW XLT 6.2L V8 EFI SOHC 16V Flex Fuel For sale at Fury Motors Stillwater in Stillwater Minnesota.	https://vimg.remora.inc/613616/1ftbf2b62eeb43885-2014-ford-super-duty-f250-srw-xlt-oxford-white-1-114108.avif	in stock	USED	TRUCK	Vehicles & Parts > Vehicles > Motor Vehicles > Cars, Trucks & Vans	1FTBF2B62EEB43885	https://furymotors.com/for-sale/used-ford-super-duty-f250-srw-xlt-minneapolis-mn/2014-ford-super-duty-f250-srw-xlt-1ftbf2b62eeb43885/123?store={store_code}	WHITE	46906 miles	Super Duty F-250	1FTBF2B62EEB43885	2014	25850 USD	26817	25850 USD	MI	no	Super Duty F-250	No	Over 20k
1FTBR3U86SKA85157	2025 Ford Transit-250 Base	Ford	https://furymotors.com/for-sale/used-ford-transit-250-base-minneapolis-mn/2025-ford-transit-250-base-1ftbr3u86ska85157/	45350 USD	2025 Oxford White Ford Transit-250 Base 3.5L V6 Flex Fuel For sale at Fury Motors Stillwater in Stillwater Minnesota.	https://vimg.remora.inc/575029/1ftbr3u86ska85157-2025-ford-transit-250-base-oxford-white-1-113989.avif	in stock	USED	VAN	Vehicles & Parts > Vehicles > Motor Vehicles > Cars, Trucks & Vans	1FTBR3U86SKA85157	https://furymotors.com/for-sale/used-ford-transit-250-base-minneapolis-mn/2025-ford-transit-250-base-1ftbr3u86ska85157/123?store={store_code}	WHITE	19963 miles	Transit-250	1FTBR3U86SKA85157	2025	45350 USD	26817	45350 USD	MI	no	Transit-250	No	Over 20k
1GKKNXLS3PZ200686	2023 GMC Acadia Denali	GMC	https://furymotors.com/for-sale/used-gmc-acadia-denali-minneapolis-mn/2023-gmc-acadia-denali-1gkknxls3pz200686/	35500 USD	2023 White GMC Acadia Denali 3.6L V6 SIDI For sale at Fury Motors Stillwater in Stillwater Minnesota.	https://vimg.remora.inc/566597/1gkknxls3pz200686-2023-gmc-acadia-denali-white-1-113293.avif	in stock	USED	SUV	Vehicles & Parts > Vehicles > Motor Vehicles > Cars, Trucks & Vans	1GKKNXLS3PZ200686	https://furymotors.com/for-sale/used-gmc-acadia-denali-minneapolis-mn/2023-gmc-acadia-denali-1gkknxls3pz200686/123?store={store_code}	WHITE	22367 miles	Acadia	1GKKNXLS3PZ200686	2023	35500 USD	26817	35500 USD	MI	no	Acadia	No	Over 20k
1GTUUDED5TZ198809	2026 GMC Sierra 1500 SLT	GMC	https://furymotors.com/for-sale/used-gmc-sierra-1500-slt-minneapolis-mn/2026-gmc-sierra-1500-slt-1gtuuded5tz198809/	43850 USD	2026 Titanium Rush Metallic GMC Sierra 1500 SLT EcoTec3 5.3L V8 For sale at Fury Motors Stillwater in Stillwater Minnesota.	https://vimg.remora.inc/566785/1gtuuded5tz198809-2026-gmc-sierra-1500-slt-titanium-rush-metallic-1-113440.avif	in stock	USED	TRUCK	Vehicles & Parts > Vehicles > Motor Vehicles > Cars, Trucks & Vans	1GTUUDED5TZ198809	https://furymotors.com/for-sale/used-gmc-sierra-1500-slt-minneapolis-mn/2026-gmc-sierra-1500-slt-1gtuuded5tz198809/123?store={store_code}	GRAY	24498 miles	Sierra 1500	1GTUUDED5TZ198809	2026	43850 USD	26817	43850 USD	MI	no	Sierra 1500	No	Over 20k
1C4PJMBX6KD433413	2019 Jeep Cherokee Trailhawk	Jeep	https://furymotors.com/for-sale/used-jeep-cherokee-trailhawk-minneapolis-mn/2019-jeep-cherokee-trailhawk-1c4pjmbx6kd433413/	17850 USD	2019 Sting-Gray Clearcoat Jeep Cherokee Trailhawk 3.2L V6 For sale at Fury Motors Stillwater in Stillwater Minnesota.	https://vimg.remora.inc/598162/1c4pjmbx6kd433413-2019-jeep-cherokee-trailhawk-sting-gray-clearcoat-1-114110.avif	in stock	USED	SUV	Vehicles & Parts > Vehicles > Motor Vehicles > Cars, Trucks & Vans	1C4PJMBX6KD433413	https://furymotors.com/for-sale/used-jeep-cherokee-trailhawk-minneapolis-mn/2019-jeep-cherokee-trailhawk-1c4pjmbx6kd433413/123?store={store_code}	GRAY	75093 miles	Cherokee	1C4PJMBX6KD433413	2019	17850 USD	26817	17850 USD	MI	no	Cherokee	No	Under 20k
3C4NJDBN3RT109474	2024 Jeep Compass Latitude	Jeep	https://furymotors.com/for-sale/used-jeep-compass-latitude-minneapolis-mn/2024-jeep-compass-latitude-3c4njdbn3rt109474/	18850 USD	2024 Silver Zynith Metallic Clearcoat Jeep Compass Latitude 2.0L I4 DOHC For sale at Fury Motors Stillwater in Stillwater Minnesota.	https://vimg.remora.inc/574981/3c4njdbn3rt109474-2024-jeep-compass-latitude-silver-zynith-metallic-clearcoat-1-113989.avif	in stock	USED	SUV	Vehicles & Parts > Vehicles > Motor Vehicles > Cars, Trucks & Vans	3C4NJDBN3RT109474	https://furymotors.com/for-sale/used-jeep-compass-latitude-minneapolis-mn/2024-jeep-compass-latitude-3c4njdbn3rt109474/123?store={store_code}	SILVER	44432 miles	Compass	3C4NJDBN3RT109474	2024	18850 USD	26817	18850 USD	MI	no	Compass	No	Under 20k
3C4NJDCN8RT126804	2024 Jeep Compass Limited	Jeep	https://furymotors.com/for-sale/used-jeep-compass-limited-minneapolis-mn/2024-jeep-compass-limited-3c4njdcn8rt126804/	23350 USD	2024 Diamond Black Crystal Pearlcoat Jeep Compass Limited 2.0L I4 DOHC For sale at Fury Motors Stillwater in Stillwater Minnesota.	https://vimg.remora.inc/596951/3c4njdcn8rt126804-2024-jeep-compass-limited-diamond-black-crystal-pearlcoat-1-114089.avif	in stock	USED	SUV	Vehicles & Parts > Vehicles > Motor Vehicles > Cars, Trucks & Vans	3C4NJDCN8RT126804	https://furymotors.com/for-sale/used-jeep-compass-limited-minneapolis-mn/2024-jeep-compass-limited-3c4njdcn8rt126804/123?store={store_code}	BLACK	35545 miles	Compass	3C4NJDCN8RT126804	2024	23350 USD	26817	23350 USD	MI	no	Compass	No	Over 20k
3C4NJDCNXST582132	2025 Jeep Compass Limited	Jeep	https://furymotors.com/for-sale/used-jeep-compass-limited-minneapolis-mn/2025-jeep-compass-limited-3c4njdcnxst582132/	26850 USD	2025 Silver Zynith Metallic Clearcoat Jeep Compass Limited 2.0L I4 DOHC For sale at Fury Motors Stillwater in Stillwater Minnesota.	https://vimg.remora.inc/585765/3c4njdcnxst582132-2025-jeep-compass-limited-silver-zynith-metallic-clearcoat-1-113756.avif	in stock	USED	SUV	Vehicles & Parts > Vehicles > Motor Vehicles > Cars, Trucks & Vans	3C4NJDCNXST582132	https://furymotors.com/for-sale/used-jeep-compass-limited-minneapolis-mn/2025-jeep-compass-limited-3c4njdcnxst582132/123?store={store_code}	SILVER	13268 miles	Compass	3C4NJDCNXST582132	2025	26850 USD	26817	26850 USD	MI	no	Compass	No	Over 20k
3C4NJDDB9NT206143	2022 Jeep Compass Trailhawk	Jeep	https://furymotors.com/for-sale/used-jeep-compass-trailhawk-minneapolis-mn/2022-jeep-compass-trailhawk-3c4njddb9nt206143/	22350 USD	2022 Diamond Black Crystal Pearlcoat Jeep Compass Trailhawk 2.4L I4 For sale at Fury Motors Stillwater in Stillwater Minnesota.	https://vimg.remora.inc/611993/3c4njddb9nt206143-2022-jeep-compass-trailhawk-diamond-black-crystal-pearlcoat-1-114087.avif	in stock	USED	SUV	Vehicles & Parts > Vehicles > Motor Vehicles > Cars, Trucks & Vans	3C4NJDDB9NT206143	https://furymotors.com/for-sale/used-jeep-compass-trailhawk-minneapolis-mn/2022-jeep-compass-trailhawk-3c4njddb9nt206143/123?store={store_code}	BLACK	31616 miles	Compass	3C4NJDDB9NT206143	2022	22350 USD	26817	22350 USD	MI	no	Compass	No	Over 20k
1C6JJTBG4LL198122	2020 Jeep Gladiator Rubicon	Jeep	https://furymotors.com/for-sale/used-jeep-gladiator-rubicon-minneapolis-mn/2020-jeep-gladiator-rubicon-1c6jjtbg4ll198122/	27850 USD	2020 Billet Silver Metallic Clearcoat Jeep Gladiator Rubicon 3.6L V6 24V VVT For sale at Fury Motors Stillwater in Stillwater Minnesota.	https://vimg.remora.inc/604232/1c6jjtbg4ll198122-2020-jeep-gladiator-rubicon-billet-silver-metallic-clearcoat-1-114137.avif	in stock	USED	TRUCK	Vehicles & Parts > Vehicles > Motor Vehicles > Cars, Trucks & Vans	1C6JJTBG4LL198122	https://furymotors.com/for-sale/used-jeep-gladiator-rubicon-minneapolis-mn/2020-jeep-gladiator-rubicon-1c6jjtbg4ll198122/123?store={store_code}	SILVER	95934 miles	Gladiator	1C6JJTBG4LL198122	2020	27850 USD	26817	27850 USD	MI	no	Gladiator	No	Over 20k
1C4RJYB68PC587531	2023 Jeep Grand Cherokee 4xe	Jeep	https://furymotors.com/for-sale/used-jeep-grand-cherokee-4xe-minneapolis-mn/2023-jeep-grand-cherokee-4xe-1c4rjyb68pc587531/	26850 USD	2023 Baltic Gray Metallic Clearcoat Jeep Grand Cherokee 4xe 2.0L I4 DOHC For sale at Fury Motors Stillwater in Stillwater Minnesota.	https://vimg.remora.inc/606831/1c4rjyb68pc587531-2023-jeep-grand-cherokee-4xe-baltic-gray-metallic-clearcoat-1-114017.avif	in stock	USED	SUV	Vehicles & Parts > Vehicles > Motor Vehicles > Cars, Trucks & Vans	1C4RJYB68PC587531	https://furymotors.com/for-sale/used-jeep-grand-cherokee-4xe-minneapolis-mn/2023-jeep-grand-cherokee-4xe-1c4rjyb68pc587531/123?store={store_code}	GRAY	39557 miles	Grand Cherokee	1C4RJYB68PC587531	2023	26850 USD	26817	26850 USD	MI	no	Grand Cherokee	No	Over 20k
1C4RJYB68RC125084	2024 Jeep Grand Cherokee 4xe	Jeep	https://furymotors.com/for-sale/used-jeep-grand-cherokee-4xe-minneapolis-mn/2024-jeep-grand-cherokee-4xe-1c4rjyb68rc125084/	21000 USD	2024 Midnight Sky Jeep Grand Cherokee 4xe 2.0L I4 DOHC For sale at Fury Motors Stillwater in Stillwater Minnesota.	https://vimg.remora.inc/570144/1c4rjyb68rc125084-2024-jeep-grand-cherokee-4xe-midnight-sky-1-113347.avif	in stock	USED	SUV	Vehicles & Parts > Vehicles > Motor Vehicles > Cars, Trucks & Vans	1C4RJYB68RC125084	https://furymotors.com/for-sale/used-jeep-grand-cherokee-4xe-minneapolis-mn/2024-jeep-grand-cherokee-4xe-1c4rjyb68rc125084/123?store={store_code}	BLACK	58146 miles	Grand Cherokee	1C4RJYB68RC125084	2024	21000 USD	26817	21000 USD	MI	no	Grand Cherokee	No	Over 20k
1C4RJKAGXS8688797	2025 Jeep Grand Cherokee L Altitude X	Jeep	https://furymotors.com/for-sale/used-jeep-grand-cherokee-l-altitude-x-minneapolis-mn/2025-jeep-grand-cherokee-l-altitude-x-1c4rjkagxs8688797/	34350 USD	2025 Diamond Black Crystal Pearlcoat Jeep Grand Cherokee L Altitude X 3.6L V6 24V VVT For sale at Fury Motors Stillwater in Stillwater Minnesota.	https://vimg.remora.inc/563549/1c4rjkagxs8688797-2025-jeep-grand-cherokee-l-altitude-x-diamond-black-crystal-pearlcoat-1-113487.avif	in stock	USED	SUV	Vehicles & Parts > Vehicles > Motor Vehicles > Cars, Trucks & Vans	1C4RJKAGXS8688797	https://furymotors.com/for-sale/used-jeep-grand-cherokee-l-altitude-x-minneapolis-mn/2025-jeep-grand-cherokee-l-altitude-x-1c4rjkagxs8688797/123?store={store_code}	BLACK	15008 miles	Grand Cherokee L	1C4RJKAGXS8688797	2025	34350 USD	26817	34350 USD	MI	no	Grand Cherokee L	No	Over 20k
1C4RJKBG9M8143501	2021 Jeep Grand Cherokee L Limited	Jeep	https://furymotors.com/for-sale/used-jeep-grand-cherokee-l-limited-minneapolis-mn/2021-jeep-grand-cherokee-l-limited-1c4rjkbg9m8143501/	26350 USD	2021 Bright White Clearcoat Jeep Grand Cherokee L Limited 3.6L V6 24V VVT For sale at Fury Motors Stillwater in Stillwater Minnesota.	https://vimg.remora.inc/591338/1c4rjkbg9m8143501-2021-jeep-grand-cherokee-l-limited-bright-white-clearcoat-1-114129.avif	in stock	USED	SUV	Vehicles & Parts > Vehicles > Motor Vehicles > Cars, Trucks & Vans	1C4RJKBG9M8143501	https://furymotors.com/for-sale/used-jeep-grand-cherokee-l-limited-minneapolis-mn/2021-jeep-grand-cherokee-l-limited-1c4rjkbg9m8143501/123?store={store_code}	WHITE	57808 miles	Grand Cherokee L	1C4RJKBG9M8143501	2021	26350 USD	26817	26350 USD	MI	no	Grand Cherokee L	No	Over 20k
1C4RJKBGXR8598283	2024 Jeep Grand Cherokee L Limited	Jeep	https://furymotors.com/for-sale/used-jeep-grand-cherokee-l-limited-minneapolis-mn/2024-jeep-grand-cherokee-l-limited-1c4rjkbgxr8598283/	32500 USD	2024 Diamond Black Crystal Pearlcoat Jeep Grand Cherokee L Limited 3.6L V6 24V VVT For sale at Fury Motors Stillwater in Stillwater Minnesota.	https://vimg.remora.inc/165256/1c4rjkbgxr8598283-2024-jeep-grand-cherokee-l-limited-diamond-black-crystal-pearlcoat-1-113490.avif	in stock	USED	SUV	Vehicles & Parts > Vehicles > Motor Vehicles > Cars, Trucks & Vans	1C4RJKBGXR8598283	https://furymotors.com/for-sale/used-jeep-grand-cherokee-l-limited-minneapolis-mn/2024-jeep-grand-cherokee-l-limited-1c4rjkbgxr8598283/123?store={store_code}	BLACK	37305 miles	Grand Cherokee L	1C4RJKBGXR8598283	2024	32500 USD	26817	32500 USD	MI	no	Grand Cherokee L	No	Over 20k
1C4RJKEG3M8107640	2021 Jeep Grand Cherokee L Summit	Jeep	https://furymotors.com/for-sale/used-jeep-grand-cherokee-l-summit-minneapolis-mn/2021-jeep-grand-cherokee-l-summit-1c4rjkeg3m8107640/	27500 USD	2021 Silver Zynith Jeep Grand Cherokee L Summit 3.6L V6 24V VVT For sale at Fury Motors Stillwater in Stillwater Minnesota.	https://vimg.remora.inc/557139/1c4rjkeg3m8107640-2021-jeep-grand-cherokee-l-summit-silver-zynith-1-113321.avif	in stock	USED	SUV	Vehicles & Parts > Vehicles > Motor Vehicles > Cars, Trucks & Vans	1C4RJKEG3M8107640	https://furymotors.com/for-sale/used-jeep-grand-cherokee-l-summit-minneapolis-mn/2021-jeep-grand-cherokee-l-summit-1c4rjkeg3m8107640/123?store={store_code}	SILVER	79483 miles	Grand Cherokee L	1C4RJKEG3M8107640	2021	27500 USD	26817	27500 USD	MI	no	Grand Cherokee L	No	Over 20k
1C4RJHAG0RC186956	2024 Jeep Grand Cherokee Laredo X	Jeep	https://furymotors.com/for-sale/used-jeep-grand-cherokee-laredo-x-minneapolis-mn/2024-jeep-grand-cherokee-laredo-x-1c4rjhag0rc186956/	29850 USD	2024 Diamond Black Crystal Pearlcoat Jeep Grand Cherokee Laredo X 3.6L V6 24V VVT For sale at Fury Motors Stillwater in Stillwater Minnesota.	https://vimg.remora.inc/606515/1c4rjhag0rc186956-2024-jeep-grand-cherokee-laredo-x-diamond-black-crystal-pearlcoat-1-114161.avif	in stock	USED	SUV	Vehicles & Parts > Vehicles > Motor Vehicles > Cars, Trucks & Vans	1C4RJHAG0RC186956	https://furymotors.com/for-sale/used-jeep-grand-cherokee-laredo-x-minneapolis-mn/2024-jeep-grand-cherokee-laredo-x-1c4rjhag0rc186956/123?store={store_code}	BLACK	17445 miles	Grand Cherokee	1C4RJHAG0RC186956	2024	29850 USD	26817	29850 USD	MI	no	Grand Cherokee	No	Over 20k
1C4RJHAG4SC287908	2025 Jeep Grand Cherokee Laredo X	Jeep	https://furymotors.com/for-sale/used-jeep-grand-cherokee-laredo-x-minneapolis-mn/2025-jeep-grand-cherokee-laredo-x-1c4rjhag4sc287908/	33000 USD	2025 Silver Zynith Jeep Grand Cherokee Laredo X 3.6L V6 24V VVT For sale at Fury Motors Stillwater in Stillwater Minnesota.	https://vimg.remora.inc/606516/1c4rjhag4sc287908-2025-jeep-grand-cherokee-laredo-x-silver-zynith-1-114164.avif	in stock	USED	SUV	Vehicles & Parts > Vehicles > Motor Vehicles > Cars, Trucks & Vans	1C4RJHAG4SC287908	https://furymotors.com/for-sale/used-jeep-grand-cherokee-laredo-x-minneapolis-mn/2025-jeep-grand-cherokee-laredo-x-1c4rjhag4sc287908/123?store={store_code}	SILVER	11822 miles	Grand Cherokee	1C4RJHAG4SC287908	2025	33000 USD	26817	33000 USD	MI	no	Grand Cherokee	No	Over 20k
1C4RJYE60R8580591	2024 Jeep Grand Cherokee Summit Reserve 4xe	Jeep	https://furymotors.com/for-sale/used-jeep-grand-cherokee-summit-reserve-4xe-minneapolis-mn/2024-jeep-grand-cherokee-summit-reserve-4xe-1c4rjye60r8580591/	38850 USD	2024 Diamond Black Crystal Pearlcoat Jeep Grand Cherokee Summit Reserve 4xe 2.0L I4 DOHC For sale at Fury Motors Stillwater in Stillwater Minnesota.	https://vimg.remora.inc/585767/1c4rjye60r8580591-2024-jeep-grand-cherokee-summit-reserve-4xe-diamond-black-crystal-pearlcoat-1-113894.avif	in stock	USED	SUV	Vehicles & Parts > Vehicles > Motor Vehicles > Cars, Trucks & Vans	1C4RJYE60R8580591	https://furymotors.com/for-sale/used-jeep-grand-cherokee-summit-reserve-4xe-minneapolis-mn/2024-jeep-grand-cherokee-summit-reserve-4xe-1c4rjye60r8580591/123?store={store_code}	BLACK	18125 miles	Grand Cherokee	1C4RJYE60R8580591	2024	38850 USD	26817	38850 USD	MI	no	Grand Cherokee	No	Over 20k
1C4RJFAG9NC118704	2022 Jeep Grand Cherokee WK Laredo X	Jeep	https://furymotors.com/for-sale/used-jeep-grand-cherokee-wk-laredo-x-minneapolis-mn/2022-jeep-grand-cherokee-wk-laredo-x-1c4rjfag9nc118704/	25850 USD	2022 Diamond Black Crystal Pearlcoat Jeep Grand Cherokee WK Laredo X 3.6L V6 24V VVT For sale at Fury Motors Stillwater in Stillwater Minnesota.	https://vimg.remora.inc/562972/1c4rjfag9nc118704-2022-jeep-grand-cherokee-wk-laredo-x-diamond-black-crystal-pearlcoat-1-113511.avif	in stock	USED	SUV	Vehicles & Parts > Vehicles > Motor Vehicles > Cars, Trucks & Vans	1C4RJFAG9NC118704	https://furymotors.com/for-sale/used-jeep-grand-cherokee-wk-laredo-x-minneapolis-mn/2022-jeep-grand-cherokee-wk-laredo-x-1c4rjfag9nc118704/123?store={store_code}	BLACK	38648 miles	Grand Cherokee WK	1C4RJFAG9NC118704	2022	25850 USD	26817	25850 USD	MI	no	Grand Cherokee WK	No	Over 20k
1C4SJVEP1TS176184	2026 Jeep Grand Wagoneer Summit Obsidian	Jeep	https://furymotors.com/for-sale/used-jeep-grand-wagoneer-summit-obsidian-minneapolis-mn/2026-jeep-grand-wagoneer-summit-obsidian-1c4sjvep1ts176184/	84850 USD	2026 High Gloss Black Jeep Grand Wagoneer Summit Obsidian 3.0L I6 For sale at Fury Motors Stillwater in Stillwater Minnesota.	https://vimg.remora.inc/611995/1c4sjvep1ts176184-2026-jeep-grand-wagoneer-summit-obsidian-high-gloss-black-1-114087.avif	in stock	USED	SUV	Vehicles & Parts > Vehicles > Motor Vehicles > Cars, Trucks & Vans	1C4SJVEP1TS176184	https://furymotors.com/for-sale/used-jeep-grand-wagoneer-summit-obsidian-minneapolis-mn/2026-jeep-grand-wagoneer-summit-obsidian-1c4sjvep1ts176184/123?store={store_code}	BLACK	4144 miles	Grand Wagoneer	1C4SJVEP1TS176184	2026	84850 USD	26817	84850 USD	MI	no	Grand Wagoneer	No	Over 20k
ZACCJBBB3JPJ16970	2018 Jeep Renegade Latitude	Jeep	https://furymotors.com/for-sale/used-jeep-renegade-latitude-minneapolis-mn/2018-jeep-renegade-latitude-zaccjbbb3jpj16970/	16350 USD	2018 Granite Crystal Metallic Clearcoat Jeep Renegade Latitude 2.4L I4 For sale at Fury Motors Stillwater in Stillwater Minnesota.	https://vimg.remora.inc/611992/zaccjbbb3jpj16970-2018-jeep-renegade-latitude-granite-crystal-metallic-clearcoat-1-114087.avif	in stock	USED	SUV	Vehicles & Parts > Vehicles > Motor Vehicles > Cars, Trucks & Vans	ZACCJBBB3JPJ16970	https://furymotors.com/for-sale/used-jeep-renegade-latitude-minneapolis-mn/2018-jeep-renegade-latitude-zaccjbbb3jpj16970/123?store={store_code}	GRAY	38823 miles	Renegade	ZACCJBBB3JPJ16970	2018	16350 USD	26817	16350 USD	MI	no	Renegade	No	Under 20k
1C4BJWDG9JL866795	2018 Jeep Wrangler JK Unlimited Sport	Jeep	https://furymotors.com/for-sale/used-jeep-wrangler-jk-unlimited-sport-minneapolis-mn/2018-jeep-wrangler-jk-unlimited-sport-1c4bjwdg9jl866795/	18850 USD	2018 Black Clearcoat Jeep Wrangler JK Unlimited Sport 3.6L V6 24V VVT For sale at Fury Motors Stillwater in Stillwater Minnesota.	https://vimg.remora.inc/606962/1c4bjwdg9jl866795-2018-jeep-wrangler-jk-unlimited-sport-black-clearcoat-1-114065.avif	in stock	USED	SUV	Vehicles & Parts > Vehicles > Motor Vehicles > Cars, Trucks & Vans	1C4BJWDG9JL866795	https://furymotors.com/for-sale/used-jeep-wrangler-jk-unlimited-sport-minneapolis-mn/2018-jeep-wrangler-jk-unlimited-sport-1c4bjwdg9jl866795/123?store={store_code}	BLACK	89480 miles	Wrangler JK	1C4BJWDG9JL866795	2018	18850 USD	26817	18850 USD	MI	no	Wrangler JK	No	Under 20k
1C4RJXFG6RW132188	2024 Jeep Wrangler Rubicon X	Jeep	https://furymotors.com/for-sale/used-jeep-wrangler-rubicon-x-minneapolis-mn/2024-jeep-wrangler-rubicon-x-1c4rjxfg6rw132188/	45850 USD	2024 Black Clearcoat Jeep Wrangler Rubicon X 3.6L V6 24V VVT For sale at Fury Motors Stillwater in Stillwater Minnesota.	https://vimg.remora.inc/399761/1c4rjxfg6rw132188-2024-jeep-wrangler-rubicon-x-black-clearcoat-1-113989.avif	in stock	USED	SUV	Vehicles & Parts > Vehicles > Motor Vehicles > Cars, Trucks & Vans	1C4RJXFG6RW132188	https://furymotors.com/for-sale/used-jeep-wrangler-rubicon-x-minneapolis-mn/2024-jeep-wrangler-rubicon-x-1c4rjxfg6rw132188/123?store={store_code}	BLACK	21056 miles	Wrangler	1C4RJXFG6RW132188	2024	45850 USD	26817	45850 USD	MI	no	Wrangler	No	Over 20k
1C4GJXAN2MW726797	2021 Jeep Wrangler Sport	Jeep	https://furymotors.com/for-sale/used-jeep-wrangler-sport-minneapolis-mn/2021-jeep-wrangler-sport-1c4gjxan2mw726797/	24350 USD	2021 Black Clearcoat Jeep Wrangler Sport 2.0L I4 DOHC For sale at Fury Motors Stillwater in Stillwater Minnesota.	https://vimg.remora.inc/615754/1c4gjxan2mw726797-2021-jeep-wrangler-sport-black-clearcoat-1-114132.avif	in stock	USED	SUV	Vehicles & Parts > Vehicles > Motor Vehicles > Cars, Trucks & Vans	1C4GJXAN2MW726797	https://furymotors.com/for-sale/used-jeep-wrangler-sport-minneapolis-mn/2021-jeep-wrangler-sport-1c4gjxan2mw726797/123?store={store_code}	BLACK	46061 miles	Wrangler	1C4GJXAN2MW726797	2021	24350 USD	26817	24350 USD	MI	no	Wrangler	No	Over 20k
1C4JJXSJ5NW110899	2022 Jeep Wrangler Unlimited Rubicon 392	Jeep	https://furymotors.com/for-sale/used-jeep-wrangler-unlimited-rubicon-392-minneapolis-mn/2022-jeep-wrangler-unlimited-rubicon-392-1c4jjxsj5nw110899/	54350 USD	2022 Sting-Gray Clearcoat Jeep Wrangler Unlimited Rubicon 392 SRT HEMI 6.4L V8 MDS For sale at Fury Motors Stillwater in Stillwater Minnesota.	https://vimg.remora.inc/462936/1c4jjxsj5nw110899-2022-jeep-wrangler-unlimited-rubicon-392-sting-gray-clearcoat-1-113269.avif	in stock	USED	SUV	Vehicles & Parts > Vehicles > Motor Vehicles > Cars, Trucks & Vans	1C4JJXSJ5NW110899	https://furymotors.com/for-sale/used-jeep-wrangler-unlimited-rubicon-392-minneapolis-mn/2022-jeep-wrangler-unlimited-rubicon-392-1c4jjxsj5nw110899/123?store={store_code}	GRAY	28493 miles	Wrangler	1C4JJXSJ5NW110899	2022	54350 USD	26817	54350 USD	MI	no	Wrangler	No	Over 20k
1C4BJWDG1HL745463	2017 Jeep Wrangler Unlimited Sport	Jeep	https://furymotors.com/for-sale/used-jeep-wrangler-unlimited-sport-minneapolis-mn/2017-jeep-wrangler-unlimited-sport-1c4bjwdg1hl745463/	18350 USD	2017 Firecracker Red Clearcoat Jeep Wrangler Unlimited Sport 3.6L V6 24V VVT For sale at Fury Motors Stillwater in Stillwater Minnesota.	https://vimg.remora.inc/606963/1c4bjwdg1hl745463-2017-jeep-wrangler-unlimited-sport-firecracker-red-clearcoat-1-114065.avif	in stock	USED	SUV	Vehicles & Parts > Vehicles > Motor Vehicles > Cars, Trucks & Vans	1C4BJWDG1HL745463	https://furymotors.com/for-sale/used-jeep-wrangler-unlimited-sport-minneapolis-mn/2017-jeep-wrangler-unlimited-sport-1c4bjwdg1hl745463/123?store={store_code}	RED	88115 miles	Wrangler	1C4BJWDG1HL745463	2017	18350 USD	26817	18350 USD	MI	no	Wrangler	No	Under 20k
1C4HJXDGXKW641544	2019 Jeep Wrangler Unlimited Sport S	Jeep	https://furymotors.com/for-sale/used-jeep-wrangler-unlimited-sport-s-minneapolis-mn/2019-jeep-wrangler-unlimited-sport-s-1c4hjxdgxkw641544/	23850 USD	2019 Billet Silver Metallic Clearcoat Jeep Wrangler Unlimited Sport S 3.6L V6 24V VVT For sale at Fury Motors Stillwater in Stillwater Minnesota.	https://vimg.remora.inc/601141/1c4hjxdgxkw641544-2019-jeep-wrangler-unlimited-sport-s-billet-silver-metallic-clearcoat-1-113993.avif	in stock	USED	SUV	Vehicles & Parts > Vehicles > Motor Vehicles > Cars, Trucks & Vans	1C4HJXDGXKW641544	https://furymotors.com/for-sale/used-jeep-wrangler-unlimited-sport-s-minneapolis-mn/2019-jeep-wrangler-unlimited-sport-s-1c4hjxdgxkw641544/123?store={store_code}	SILVER	55034 miles	Wrangler	1C4HJXDGXKW641544	2019	23850 USD	26817	23850 USD	MI	no	Wrangler	No	Over 20k
KNDEUCAA7R7666666	2024 Kia Seltos S	Kia	https://furymotors.com/for-sale/used-kia-seltos-s-minneapolis-mn/2024-kia-seltos-s-kndeucaa7r7666666/	23500 USD	2024 Snow White Pearl Kia Seltos S 2.0L I4 MPI For sale at Fury Motors Stillwater in Stillwater Minnesota.	https://vimg.remora.inc/581889/kndeucaa7r7666666-2024-kia-seltos-s-snow-white-pearl-1-113585.avif	in stock	USED	SUV	Vehicles & Parts > Vehicles > Motor Vehicles > Cars, Trucks & Vans	KNDEUCAA7R7666666	https://furymotors.com/for-sale/used-kia-seltos-s-minneapolis-mn/2024-kia-seltos-s-kndeucaa7r7666666/123?store={store_code}	WHITE	8162 miles	Seltos	KNDEUCAA7R7666666	2024	23500 USD	26817	23500 USD	MI	no	Seltos	No	Over 20k
5XYK6CAF8PG134447	2023 Kia Sportage X-Line	Kia	https://furymotors.com/for-sale/used-kia-sportage-x-line-minneapolis-mn/2023-kia-sportage-x-line-5xyk6caf8pg134447/	25350 USD	2023 Sapphire Blue Kia Sportage X-Line I4 For sale at Fury Motors Stillwater in Stillwater Minnesota.	https://vimg.remora.inc/585770/5xyk6caf8pg134447-2023-kia-sportage-x-line-sapphire-blue-1-113637.avif	in stock	USED	SUV	Vehicles & Parts > Vehicles > Motor Vehicles > Cars, Trucks & Vans	5XYK6CAF8PG134447	https://furymotors.com/for-sale/used-kia-sportage-x-line-minneapolis-mn/2023-kia-sportage-x-line-5xyk6caf8pg134447/123?store={store_code}	BLUE	21795 miles	Sportage	5XYK6CAF8PG134447	2023	25350 USD	26817	25350 USD	MI	no	Sportage	No	Over 20k
5LM5J7XC5SGL34295	2025 Lincoln Aviator Reserve	Lincoln	https://furymotors.com/for-sale/used-lincoln-aviator-reserve-minneapolis-mn/2025-lincoln-aviator-reserve-5lm5j7xc5sgl34295/	61500 USD	2025 Whisper Blue Metallic Clearcoat Lincoln Aviator Reserve 3.0L V6 For sale at Fury Motors Stillwater in Stillwater Minnesota.	https://vimg.remora.inc/611384/5lm5j7xc5sgl34295-2025-lincoln-aviator-reserve-whisper-blue-metallic-clearcoat-1-114161.avif	in stock	USED	SUV	Vehicles & Parts > Vehicles > Motor Vehicles > Cars, Trucks & Vans	5LM5J7XC5SGL34295	https://furymotors.com/for-sale/used-lincoln-aviator-reserve-minneapolis-mn/2025-lincoln-aviator-reserve-5lm5j7xc5sgl34295/123?store={store_code}	BLUE	5377 miles	Aviator	5LM5J7XC5SGL34295	2025	61500 USD	26817	61500 USD	MI	no	Aviator	No	Over 20k
JM3KFBCM4N1565345	2022 Mazda CX-5 2.5 S Carbon Edition	Mazda	https://furymotors.com/for-sale/used-mazda-cx-5-25-s-carbon-edition-minneapolis-mn/2022-mazda-cx-5-25-s-carbon-edition-jm3kfbcm4n1565345/	23850 USD	2022 Polymetal Gray Mazda CX-5 2.5 S Carbon Edition SKYACTIV-G 2.5L 4-Cylinder DOHC 16V For sale at Fury Motors Stillwater in Stillwater Minnesota.	https://vimg.remora.inc/596952/jm3kfbcm4n1565345-2022-mazda-cx-5-25-s-carbon-edition-polymetal-gray-1-113919.avif	in stock	USED	SUV	Vehicles & Parts > Vehicles > Motor Vehicles > Cars, Trucks & Vans	JM3KFBCM4N1565345	https://furymotors.com/for-sale/used-mazda-cx-5-25-s-carbon-edition-minneapolis-mn/2022-mazda-cx-5-25-s-carbon-edition-jm3kfbcm4n1565345/123?store={store_code}	GRAY	58000 miles	CX-5	JM3KFBCM4N1565345	2022	23850 USD	26817	23850 USD	MI	no	CX-5	No	Over 20k
JM3KFBCM5S0804743	2025 Mazda CX-5 2.5 S Preferred Package	Mazda	https://furymotors.com/for-sale/used-mazda-cx-5-25-s-preferred-package-minneapolis-mn/2025-mazda-cx-5-25-s-preferred-package-jm3kfbcm5s0804743/	28500 USD	2025 Jet Black Mica Mazda CX-5 2.5 S Preferred Package SKYACTIV-G 2.5L 4-Cylinder DOHC 16V For sale at Fury Motors Stillwater in Stillwater Minnesota.	https://vimg.remora.inc/601140/jm3kfbcm5s0804743-2025-mazda-cx-5-25-s-preferred-package-jet-black-mica-1-114110.avif	in stock	USED	SUV	Vehicles & Parts > Vehicles > Motor Vehicles > Cars, Trucks & Vans	JM3KFBCM5S0804743	https://furymotors.com/for-sale/used-mazda-cx-5-25-s-preferred-package-minneapolis-mn/2025-mazda-cx-5-25-s-preferred-package-jm3kfbcm5s0804743/123?store={store_code}	BLACK	16070 miles	CX-5	JM3KFBCM5S0804743	2025	28500 USD	26817	28500 USD	MI	no	CX-5	No	Over 20k
3N1AB8CV2RY305512	2024 Nissan Sentra SV	Nissan	https://furymotors.com/for-sale/used-nissan-sentra-sv-minneapolis-mn/2024-nissan-sentra-sv-3n1ab8cv2ry305512/	17350 USD	2024 Gun Metallic Nissan Sentra SV 2.0L I4 DOHC For sale at Fury Motors Stillwater in Stillwater Minnesota.	https://vimg.remora.inc/587210/3n1ab8cv2ry305512-2024-nissan-sentra-sv-gun-metallic-1-113753.avif	in stock	USED	OTHER	Vehicles & Parts > Vehicles > Motor Vehicles > Cars, Trucks & Vans	3N1AB8CV2RY305512	https://furymotors.com/for-sale/used-nissan-sentra-sv-minneapolis-mn/2024-nissan-sentra-sv-3n1ab8cv2ry305512/123?store={store_code}	GRAY	55499 miles	Sentra	3N1AB8CV2RY305512	2024	17350 USD	26817	17350 USD	MI	no	Sentra	No	Under 20k
1C6RRFFG1SN506017	2025 Ram 1500 Big Horn/Lone Star	Ram	https://furymotors.com/for-sale/used-ram-1500-big-hornlone-star-minneapolis-mn/2025-ram-1500-big-hornlone-star-1c6rrffg1sn506017/	37850 USD	2025 Diamond Black Crystal Pearlcoat Ram 1500 Big Horn/Lone Star 3.6L V6 24V VVT For sale at Fury Motors Stillwater in Stillwater Minnesota.	https://vimg.remora.inc/422066/1c6rrffg1sn506017-2025-ram-1500-big-hornlone-star-diamond-black-crystal-pearlcoat-1-114161.avif	in stock	USED	TRUCK	Vehicles & Parts > Vehicles > Motor Vehicles > Cars, Trucks & Vans	1C6RRFFG1SN506017	https://furymotors.com/for-sale/used-ram-1500-big-hornlone-star-minneapolis-mn/2025-ram-1500-big-hornlone-star-1c6rrffg1sn506017/123?store={store_code}	BLACK	21036 miles	1500	1C6RRFFG1SN506017	2025	37850 USD	26817	37850 USD	MI	no	1500	No	Over 20k
1C6SRFMP0SN691147	2025 Ram 1500 Big Horn/Lone Star	Ram	https://furymotors.com/for-sale/used-ram-1500-big-hornlone-star-minneapolis-mn/2025-ram-1500-big-hornlone-star-1c6srfmp0sn691147/	40500 USD	2025 Bright White Clearcoat Ram 1500 Big Horn/Lone Star 3.0L I6 For sale at Fury Motors Stillwater in Stillwater Minnesota.	https://vimg.remora.inc/585766/1c6srfmp0sn691147-2025-ram-1500-big-hornlone-star-bright-white-clearcoat-1-113774.avif	in stock	USED	TRUCK	Vehicles & Parts > Vehicles > Motor Vehicles > Cars, Trucks & Vans	1C6SRFMP0SN691147	https://furymotors.com/for-sale/used-ram-1500-big-hornlone-star-minneapolis-mn/2025-ram-1500-big-hornlone-star-1c6srfmp0sn691147/123?store={store_code}	WHITE	22176 miles	1500	1C6SRFMP0SN691147	2025	40500 USD	26817	40500 USD	MI	no	1500	No	Over 20k
1C6SRFJT2NN176060	2022 Ram 1500 Laramie	Ram	https://furymotors.com/for-sale/used-ram-1500-laramie-minneapolis-mn/2022-ram-1500-laramie-1c6srfjt2nn176060/	32000 USD	2022 Granite Crystal Metallic Clearcoat Ram 1500 Laramie HEMI 5.7L V8 Multi Displacement VVT For sale at Fury Motors Stillwater in Stillwater Minnesota.	https://vimg.remora.inc/568326/1c6srfjt2nn176060-2022-ram-1500-laramie-granite-crystal-metallic-clearcoat-1-113490.avif	in stock	USED	TRUCK	Vehicles & Parts > Vehicles > Motor Vehicles > Cars, Trucks & Vans	1C6SRFJT2NN176060	https://furymotors.com/for-sale/used-ram-1500-laramie-minneapolis-mn/2022-ram-1500-laramie-1c6srfjt2nn176060/123?store={store_code}	GRAY	66490 miles	1500	1C6SRFJT2NN176060	2022	32000 USD	26817	32000 USD	MI	no	1500	No	Over 20k
1C6SRFJT9PN525914	2023 Ram 1500 Laramie	Ram	https://furymotors.com/for-sale/used-ram-1500-laramie-minneapolis-mn/2023-ram-1500-laramie-1c6srfjt9pn525914/	38000 USD	2023 Diamond Black Crystal Pearlcoat Ram 1500 Laramie HEMI 5.7L V8 Multi Displacement VVT eTorque For sale at Fury Motors Stillwater in Stillwater Minnesota.	https://vimg.remora.inc/618193/1c6srfjt9pn525914-2023-ram-1500-laramie-diamond-black-crystal-pearlcoat-1-114162.avif	in stock	USED	TRUCK	Vehicles & Parts > Vehicles > Motor Vehicles > Cars, Trucks & Vans	1C6SRFJT9PN525914	https://furymotors.com/for-sale/used-ram-1500-laramie-minneapolis-mn/2023-ram-1500-laramie-1c6srfjt9pn525914/123?store={store_code}	BLACK	52614 miles	1500	1C6SRFJT9PN525914	2023	38000 USD	26817	38000 USD	MI	no	1500	No	Over 20k
1C6SRFVT9PN522411	2023 Ram 1500 Laramie	Ram	https://furymotors.com/for-sale/used-ram-1500-laramie-minneapolis-mn/2023-ram-1500-laramie-1c6srfvt9pn522411/	34850 USD	2023 Patriot Blue Pearlcoat Ram 1500 Laramie HEMI 5.7L V8 VVT For sale at Fury Motors Stillwater in Stillwater Minnesota.	https://vimg.remora.inc/530427/1c6srfvt9pn522411-2023-ram-1500-sport-patriot-blue-pearlcoat-1-113753.avif	in stock	USED	TRUCK	Vehicles & Parts > Vehicles > Motor Vehicles > Cars, Trucks & Vans	1C6SRFVT9PN522411	https://furymotors.com/for-sale/used-ram-1500-laramie-minneapolis-mn/2023-ram-1500-laramie-1c6srfvt9pn522411/123?store={store_code}	BLUE	63620 miles	1500	1C6SRFVT9PN522411	2023	34850 USD	26817	34850 USD	MI	no	1500	No	Over 20k
1C6SRFHTXNN207948	2022 Ram 1500 Limited	Ram	https://furymotors.com/for-sale/used-ram-1500-limited-minneapolis-mn/2022-ram-1500-limited-1c6srfhtxnn207948/	35264 USD	2022 Bright White Clearcoat Ram 1500 Limited HEMI 5.7L V8 Multi Displacement VVT For sale at Fury Motors Stillwater in Stillwater Minnesota.	https://vimg.remora.inc/596953/1c6srfhtxnn207948-2022-ram-1500-limited-bright-white-clearcoat-1-113961.avif	in stock	USED	TRUCK	Vehicles & Parts > Vehicles > Motor Vehicles > Cars, Trucks & Vans	1C6SRFHTXNN207948	https://furymotors.com/for-sale/used-ram-1500-limited-minneapolis-mn/2022-ram-1500-limited-1c6srfhtxnn207948/123?store={store_code}	WHITE	79585 miles	1500	1C6SRFHTXNN207948	2022	35264 USD	26817	35264 USD	MI	no	1500	No	Over 20k
1C6SRFHP2TN326903	2026 Ram 1500 Limited	Ram	https://furymotors.com/for-sale/used-ram-1500-limited-minneapolis-mn/2026-ram-1500-limited-1c6srfhp2tn326903/	61350 USD	2026 Diamond Black Crystal Pearlcoat Ram 1500 Limited 3.0L I6 For sale at Fury Motors Stillwater in Stillwater Minnesota.	https://vimg.remora.inc/618192/1c6srfhp2tn326903-2026-ram-1500-limited-diamond-black-crystal-pearlcoat-1-114162.avif	in stock	USED	TRUCK	Vehicles & Parts > Vehicles > Motor Vehicles > Cars, Trucks & Vans	1C6SRFHP2TN326903	https://furymotors.com/for-sale/used-ram-1500-limited-minneapolis-mn/2026-ram-1500-limited-1c6srfhp2tn326903/123?store={store_code}	BLACK	11994 miles	1500	1C6SRFHP2TN326903	2026	61350 USD	26817	61350 USD	MI	no	1500	No	Over 20k
1C6SRFLT7NN177590	2022 Ram 1500 Rebel	Ram	https://furymotors.com/for-sale/used-ram-1500-rebel-minneapolis-mn/2022-ram-1500-rebel-1c6srflt7nn177590/	34350 USD	2022 Hydro Blue Pearlcoat Ram 1500 Rebel HEMI 5.7L V8 Multi Displacement VVT For sale at Fury Motors Stillwater in Stillwater Minnesota.	https://vimg.remora.inc/553828/1c6srflt7nn177590-2022-ram-1500-rebel-hydro-blue-pearlcoat-1-113128.avif	in stock	USED	TRUCK	Vehicles & Parts > Vehicles > Motor Vehicles > Cars, Trucks & Vans	1C6SRFLT7NN177590	https://furymotors.com/for-sale/used-ram-1500-rebel-minneapolis-mn/2022-ram-1500-rebel-1c6srflt7nn177590/123?store={store_code}	BLUE	71310 miles	1500	1C6SRFLT7NN177590	2022	34350 USD	26817	34350 USD	MI	no	1500	No	Over 20k
1C6SRFVTXNN164927	2022 Ram 1500 Sport	Ram	https://furymotors.com/for-sale/used-ram-1500-sport-minneapolis-mn/2022-ram-1500-sport-1c6srfvtxnn164927/	40350 USD	2022 Blue Ram 1500 Sport HEMI 5.7L V8 VVT For sale at Fury Motors Stillwater in Stillwater Minnesota.	https://vimg.remora.inc/607791/1c6srfvtxnn164927-2022-ram-1500-sport-blue-1-114014.avif	in stock	USED	TRUCK	Vehicles & Parts > Vehicles > Motor Vehicles > Cars, Trucks & Vans	1C6SRFVTXNN164927	https://furymotors.com/for-sale/used-ram-1500-sport-minneapolis-mn/2022-ram-1500-sport-1c6srfvtxnn164927/123?store={store_code}	BLUE	21477 miles	1500	1C6SRFVTXNN164927	2022	40350 USD	26817	40350 USD	MI	no	1500	No	Over 20k
1C6SRFU97PN523448	2023 Ram 1500 TRX	Ram	https://furymotors.com/for-sale/used-ram-1500-trx-minneapolis-mn/2023-ram-1500-trx-1c6srfu97pn523448/	74850 USD	2023 Bright White Clearcoat Ram 1500 TRX 6.2L Supercharged HEMI V8 SRT For sale at Fury Motors Stillwater in Stillwater Minnesota.	https://vimg.remora.inc/504642/1c6srfu97pn523448-2023-ram-1500-trx-bright-white-clearcoat-1-112786.avif	in stock	USED	TRUCK	Vehicles & Parts > Vehicles > Motor Vehicles > Cars, Trucks & Vans	1C6SRFU97PN523448	https://furymotors.com/for-sale/used-ram-1500-trx-minneapolis-mn/2023-ram-1500-trx-1c6srfu97pn523448/123?store={store_code}	WHITE	37267 miles	1500	1C6SRFU97PN523448	2023	74850 USD	26817	74850 USD	MI	no	1500	No	Over 20k
3C6UR5DJ8TG197126	2026 Ram 2500 Big Horn	Ram	https://furymotors.com/for-sale/used-ram-2500-big-horn-minneapolis-mn/2026-ram-2500-big-horn-3c6ur5dj8tg197126/	46350 USD	2026 Bright White Clearcoat Ram 2500 Big Horn 6.4L V8 For sale at Fury Motors Stillwater in Stillwater Minnesota.	https://vimg.remora.inc/606517/3c6ur5dj8tg197126-2026-ram-2500-big-horn-bright-white-clearcoat-1-113992.avif	in stock	USED	TRUCK	Vehicles & Parts > Vehicles > Motor Vehicles > Cars, Trucks & Vans	3C6UR5DJ8TG197126	https://furymotors.com/for-sale/used-ram-2500-big-horn-minneapolis-mn/2026-ram-2500-big-horn-3c6ur5dj8tg197126/123?store={store_code}	WHITE	10426 miles	2500	3C6UR5DJ8TG197126	2026	46350 USD	26817	46350 USD	MI	no	2500	No	Over 20k
4S4GUHL69R3774241	2024 Subaru Crosstrek Limited	Subaru	https://furymotors.com/for-sale/used-subaru-crosstrek-limited-minneapolis-mn/2024-subaru-crosstrek-limited-4s4guhl69r3774241/	24350 USD	2024 Crystal White Pearl Subaru Crosstrek Limited 2.5L 4-Cylinder DOHC 16V For sale at Fury Motors Stillwater in Stillwater Minnesota.	https://vimg.remora.inc/118992/4s4guhl69r3774241-2024-subaru-crosstrek-limited-crystal-white-pearl-1-112786.avif	in stock	USED	SUV	Vehicles & Parts > Vehicles > Motor Vehicles > Cars, Trucks & Vans	4S4GUHL69R3774241	https://furymotors.com/for-sale/used-subaru-crosstrek-limited-minneapolis-mn/2024-subaru-crosstrek-limited-4s4guhl69r3774241/123?store={store_code}	WHITE	30948 miles	Crosstrek	4S4GUHL69R3774241	2024	24350 USD	26817	24350 USD	MI	no	Crosstrek	No	Over 20k
3TMCZ5AN9KM266191	2019 Toyota Tacoma TRD Off-Road	Toyota	https://furymotors.com/for-sale/used-toyota-tacoma-trd-off-road-minneapolis-mn/2019-toyota-tacoma-trd-off-road-3tmcz5an9km266191/	26850 USD	2019 Silver Sky Metallic Toyota Tacoma TRD Off-Road 3.5L V6 PDI DOHC 24V LEV3-ULEV70 278hp For sale at Fury Motors Stillwater in Stillwater Minnesota.	https://vimg.remora.inc/594922/3tmcz5an9km266191-2019-toyota-tacoma-trd-off-road-silver-sky-metallic-1-113972.avif	in stock	USED	TRUCK	Vehicles & Parts > Vehicles > Motor Vehicles > Cars, Trucks & Vans	3TMCZ5AN9KM266191	https://furymotors.com/for-sale/used-toyota-tacoma-trd-off-road-minneapolis-mn/2019-toyota-tacoma-trd-off-road-3tmcz5an9km266191/123?store={store_code}	SILVER	137049 miles	Tacoma	3TMCZ5AN9KM266191	2019	26850 USD	26817	26850 USD	MI	no	Tacoma	No	Over 20k
3TYCZ5AN1PT140421	2023 Toyota Tacoma TRD Off-Road	Toyota	https://furymotors.com/for-sale/used-toyota-tacoma-trd-off-road-minneapolis-mn/2023-toyota-tacoma-trd-off-road-3tycz5an1pt140421/	37350 USD	2023 Ice Cap Toyota Tacoma TRD Off-Road 3.5L V6 For sale at Fury Motors Stillwater in Stillwater Minnesota.	https://vimg.remora.inc/601142/3tycz5an1pt140421-2023-toyota-tacoma-trd-off-road-ice-1-113916.avif	in stock	USED	TRUCK	Vehicles & Parts > Vehicles > Motor Vehicles > Cars, Trucks & Vans	3TYCZ5AN1PT140421	https://furymotors.com/for-sale/used-toyota-tacoma-trd-off-road-minneapolis-mn/2023-toyota-tacoma-trd-off-road-3tycz5an1pt140421/123?store={store_code}	WHITE	57863 miles	Tacoma	3TYCZ5AN1PT140421	2023	37350 USD	26817	37350 USD	MI	no	Tacoma	No	Over 20k
5TFWA5DB0SX268332	2025 Toyota Tundra Limited	Toyota	https://furymotors.com/for-sale/used-toyota-tundra-limited-minneapolis-mn/2025-toyota-tundra-limited-5tfwa5db0sx268332/	51850 USD	2025 Midnight Black Metallic Toyota Tundra Limited 3.4L V6 For sale at Fury Motors Stillwater in Stillwater Minnesota.	https://vimg.remora.inc/585764/5tfwa5db0sx268332-2025-toyota-tundra-limited-midnight-black-metallic-1-113681.avif	in stock	USED	TRUCK	Vehicles & Parts > Vehicles > Motor Vehicles > Cars, Trucks & Vans	5TFWA5DB0SX268332	https://furymotors.com/for-sale/used-toyota-tundra-limited-minneapolis-mn/2025-toyota-tundra-limited-5tfwa5db0sx268332/123?store={store_code}	BLACK	15130 miles	Tundra	5TFWA5DB0SX268332	2025	51850 USD	26817	51850 USD	MI	no	Tundra	No	Over 20k
1V2KR2CA4RC574433	2024 Volkswagen Atlas 2.0T SE w/Technology	Volkswagen	https://furymotors.com/for-sale/used-volkswagen-atlas-20t-se-wtechnology-minneapolis-mn/2024-volkswagen-atlas-20t-se-wtechnology-1v2kr2ca4rc574433/	30000 USD	2024 Platinum Gray Metallic Volkswagen Atlas 2.0T SE w/Technology 2.0L TSI For sale at Fury Motors Stillwater in Stillwater Minnesota.	https://vimg.remora.inc/519235/1v2kr2ca4rc574433-2024-volkswagen-atlas-20t-se-wtechnology-platinum-gray-metallic-1-112786.avif	in stock	USED	SUV	Vehicles & Parts > Vehicles > Motor Vehicles > Cars, Trucks & Vans	1V2KR2CA4RC574433	https://furymotors.com/for-sale/used-volkswagen-atlas-20t-se-wtechnology-minneapolis-mn/2024-volkswagen-atlas-20t-se-wtechnology-1v2kr2ca4rc574433/123?store={store_code}	WHITE	25744 miles	Atlas	1V2KR2CA4RC574433	2024	30000 USD	26817	30000 USD	MI	no	Atlas	No	Over 20k
