id	title	brand	link	vehicle MSRP	description	image_link	availability	condition	product_type	google_product_category	MPN	link_template	color	mileage	model	vin	year	price	store code	MSRP	mileage.unit	certified_pre_owned	custom_label_0	custom_label_1	custom_label_2
3C4PJMB21TT258021	2026 Jeep Cherokee Laredo	Jeep	https://furymotors.com/for-sale/jeep-cherokee-laredo-minneapolis-mn/2026-jeep-cherokee-laredo-3c4pjmb21tt258021/	32792 USD	2026 '41 Jeep Cherokee Laredo 1.6L I4 For sale at Fury Motors South St. Paul in South St. Paul Minnesota.	https://vimg.remora.inc/377643/3c4pjmb21tt258021-2026-jeep-cherokee-laredo-41-1-112983.avif	in stock	NEW	SUV	Vehicles & Parts > Vehicles > Motor Vehicles > Cars, Trucks & Vans	3C4PJMB21TT258021	https://furymotors.com/for-sale/jeep-cherokee-laredo-minneapolis-mn/2026-jeep-cherokee-laredo-3c4pjmb21tt258021/123?store={store_code}	NA	20 miles	Cherokee	3C4PJMB21TT258021	2026	32792 USD	62082	32792 USD	MI	no	Cherokee	No	Over 20k
1C6RJTEG3TL188955	2026 Jeep Gladiator Mojave X	Jeep	https://furymotors.com/for-sale/jeep-gladiator-mojave-x-minneapolis-mn/2026-jeep-gladiator-mojave-x-1c6rjteg3tl188955/	50986 USD	2026 Reign Jeep Gladiator Mojave X 3.6L V6 24V VVT For sale at Fury Motors South St. Paul in South St. Paul Minnesota.	https://vimg.remora.inc/427628/1c6rjteg3tl188955-2026-jeep-gladiator-mojave-x-reign-1-111738.avif	in stock	NEW	TRUCK	Vehicles & Parts > Vehicles > Motor Vehicles > Cars, Trucks & Vans	1C6RJTEG3TL188955	https://furymotors.com/for-sale/jeep-gladiator-mojave-x-minneapolis-mn/2026-jeep-gladiator-mojave-x-1c6rjteg3tl188955/123?store={store_code}	NA	24 miles	Gladiator	1C6RJTEG3TL188955	2026	50986 USD	62082	50986 USD	MI	no	Gladiator	No	Over 20k
1C6RJTBG9TL193162	2026 Jeep Gladiator Rubicon X	Jeep	https://furymotors.com/for-sale/jeep-gladiator-rubicon-x-minneapolis-mn/2026-jeep-gladiator-rubicon-x-1c6rjtbg9tl193162/	51979 USD	2026 Reign Jeep Gladiator Rubicon X 3.6L V6 24V VVT For sale at Fury Motors South St. Paul in South St. Paul Minnesota.	https://vimg.remora.inc/477372/1c6rjtbg9tl193162-2026-jeep-gladiator-rubicon-x-reign-1-112464.avif	in stock	NEW	TRUCK	Vehicles & Parts > Vehicles > Motor Vehicles > Cars, Trucks & Vans	1C6RJTBG9TL193162	https://furymotors.com/for-sale/jeep-gladiator-rubicon-x-minneapolis-mn/2026-jeep-gladiator-rubicon-x-1c6rjtbg9tl193162/123?store={store_code}	NA	14 miles	Gladiator	1C6RJTBG9TL193162	2026	51979 USD	62082	51979 USD	MI	no	Gladiator	No	Over 20k
1C6RJTBG2TL191446	2026 Jeep Gladiator Shadow Ops	Jeep	https://furymotors.com/for-sale/jeep-gladiator-shadow-ops-minneapolis-mn/2026-jeep-gladiator-shadow-ops-1c6rjtbg2tl191446/	52697 USD	2026 Reign Jeep Gladiator Shadow Ops 3.6L V6 24V VVT For sale at Fury Motors South St. Paul in South St. Paul Minnesota.	https://vimg.remora.inc/440789/1c6rjtbg2tl191446-2026-jeep-gladiator-shadow-ops-reign-1-111662.avif	in stock	NEW	TRUCK	Vehicles & Parts > Vehicles > Motor Vehicles > Cars, Trucks & Vans	1C6RJTBG2TL191446	https://furymotors.com/for-sale/jeep-gladiator-shadow-ops-minneapolis-mn/2026-jeep-gladiator-shadow-ops-1c6rjtbg2tl191446/123?store={store_code}	NA	11 miles	Gladiator	1C6RJTBG2TL191446	2026	52697 USD	62082	52697 USD	MI	no	Gladiator	No	Over 20k
1C6RJTBG5TL178626	2026 Jeep Gladiator Shadow Ops	Jeep	https://furymotors.com/for-sale/jeep-gladiator-shadow-ops-minneapolis-mn/2026-jeep-gladiator-shadow-ops-1c6rjtbg5tl178626/	60818 USD	2026 41 Jeep Gladiator Shadow Ops 3.6L V6 24V VVT For sale at Fury Motors South St. Paul in South St. Paul Minnesota.	https://vimg.remora.inc/581890/1c6rjtbg5tl178626-2026-jeep-gladiator-shadow-ops-41-1-113698.avif	in stock	NEW	TRUCK	Vehicles & Parts > Vehicles > Motor Vehicles > Cars, Trucks & Vans	1C6RJTBG5TL178626	https://furymotors.com/for-sale/jeep-gladiator-shadow-ops-minneapolis-mn/2026-jeep-gladiator-shadow-ops-1c6rjtbg5tl178626/123?store={store_code}	NA	10 miles	Gladiator	1C6RJTBG5TL178626	2026	60818 USD	62082	60818 USD	MI	no	Gladiator	No	Over 20k
1C4PJXFG2TW291420	2026 Jeep Wrangler Rubicon	Jeep	https://furymotors.com/for-sale/jeep-wrangler-rubicon-minneapolis-mn/2026-jeep-wrangler-rubicon-1c4pjxfg2tw291420/	52089 USD	2026 Anvil Clear Coat Jeep Wrangler Rubicon 3.6L V6 24V VVT For sale at Fury Motors South St. Paul in South St. Paul Minnesota.	https://vimg.remora.inc/363589/1c4pjxfg2tw291420-2026-jeep-wrangler-rubicon-anvil-clear-coat-1-112598.avif	in stock	NEW	SUV	Vehicles & Parts > Vehicles > Motor Vehicles > Cars, Trucks & Vans	1C4PJXFG2TW291420	https://furymotors.com/for-sale/jeep-wrangler-rubicon-minneapolis-mn/2026-jeep-wrangler-rubicon-1c4pjxfg2tw291420/123?store={store_code}	NA	12 miles	Wrangler	1C4PJXFG2TW291420	2026	52089 USD	62082	52089 USD	MI	no	Wrangler	No	Over 20k
1C4PJXFN6TW285330	2026 Jeep Wrangler Rubicon	Jeep	https://furymotors.com/for-sale/jeep-wrangler-rubicon-minneapolis-mn/2026-jeep-wrangler-rubicon-1c4pjxfn6tw285330/	50825 USD	2026 Reign Jeep Wrangler Rubicon 2.0L I4 DOHC For sale at Fury Motors South St. Paul in South St. Paul Minnesota.	https://vimg.remora.inc/365228/1c4pjxfn6tw285330-2026-jeep-wrangler-rubicon-reign-1-112888.avif	in stock	NEW	SUV	Vehicles & Parts > Vehicles > Motor Vehicles > Cars, Trucks & Vans	1C4PJXFN6TW285330	https://furymotors.com/for-sale/jeep-wrangler-rubicon-minneapolis-mn/2026-jeep-wrangler-rubicon-1c4pjxfn6tw285330/123?store={store_code}	NA	12 miles	Wrangler	1C4PJXFN6TW285330	2026	50825 USD	62082	50825 USD	MI	no	Wrangler	No	Over 20k
1C4PJXCN7TW312264	2026 Jeep Wrangler Rubicon X	Jeep	https://furymotors.com/for-sale/jeep-wrangler-rubicon-x-minneapolis-mn/2026-jeep-wrangler-rubicon-x-1c4pjxcn7tw312264/	57658 USD	2026 Reign Jeep Wrangler Rubicon X 2.0L I4 DOHC For sale at Fury Motors South St. Paul in South St. Paul Minnesota.	https://vimg.remora.inc/424915/1c4pjxcn7tw312264-2026-jeep-wrangler-rubicon-x-reign-1-111711.avif	in stock	NEW	SUV	Vehicles & Parts > Vehicles > Motor Vehicles > Cars, Trucks & Vans	1C4PJXCN7TW312264	https://furymotors.com/for-sale/jeep-wrangler-rubicon-x-minneapolis-mn/2026-jeep-wrangler-rubicon-x-1c4pjxcn7tw312264/123?store={store_code}	NA	15 miles	Wrangler	1C4PJXCN7TW312264	2026	57658 USD	62082	57658 USD	MI	no	Wrangler	No	Over 20k
1C4PJXCN7TW312782	2026 Jeep Wrangler Rubicon X	Jeep	https://furymotors.com/for-sale/jeep-wrangler-rubicon-x-minneapolis-mn/2026-jeep-wrangler-rubicon-x-1c4pjxcn7tw312782/	56785 USD	2026 Reign Jeep Wrangler Rubicon X 2.0L I4 DOHC For sale at Fury Motors South St. Paul in South St. Paul Minnesota.	https://vimg.remora.inc/450052/1c4pjxcn7tw312782-2026-jeep-wrangler-rubicon-x-reign-1-112138.avif	in stock	NEW	SUV	Vehicles & Parts > Vehicles > Motor Vehicles > Cars, Trucks & Vans	1C4PJXCN7TW312782	https://furymotors.com/for-sale/jeep-wrangler-rubicon-x-minneapolis-mn/2026-jeep-wrangler-rubicon-x-1c4pjxcn7tw312782/123?store={store_code}	NA	11 miles	Wrangler	1C4PJXCN7TW312782	2026	56785 USD	62082	56785 USD	MI	no	Wrangler	No	Over 20k
1C4RJXFG0TW186531	2026 Jeep Wrangler Rubicon X	Jeep	https://furymotors.com/for-sale/jeep-wrangler-rubicon-x-minneapolis-mn/2026-jeep-wrangler-rubicon-x-1c4rjxfg0tw186531/	56190 USD	2026 Reign Jeep Wrangler Rubicon X 3.6L V6 24V VVT For sale at Fury Motors South St. Paul in South St. Paul Minnesota.	https://vimg.remora.inc/440423/1c4rjxfg0tw186531-2026-jeep-wrangler-rubicon-x-reign-1-111658.avif	in stock	NEW	SUV	Vehicles & Parts > Vehicles > Motor Vehicles > Cars, Trucks & Vans	1C4RJXFG0TW186531	https://furymotors.com/for-sale/jeep-wrangler-rubicon-x-minneapolis-mn/2026-jeep-wrangler-rubicon-x-1c4rjxfg0tw186531/123?store={store_code}	NA	613 miles	Wrangler	1C4RJXFG0TW186531	2026	56190 USD	62082	56190 USD	MI	no	Wrangler	No	Over 20k
1C4RJXFG8TW312781	2026 Jeep Wrangler Rubicon X	Jeep	https://furymotors.com/for-sale/jeep-wrangler-rubicon-x-minneapolis-mn/2026-jeep-wrangler-rubicon-x-1c4rjxfg8tw312781/	58939 USD	2026 Reign Jeep Wrangler Rubicon X 3.6L V6 24V VVT For sale at Fury Motors South St. Paul in South St. Paul Minnesota.	https://vimg.remora.inc/424917/1c4rjxfg8tw312781-2026-jeep-wrangler-rubicon-x-reign-1-111711.avif	in stock	NEW	SUV	Vehicles & Parts > Vehicles > Motor Vehicles > Cars, Trucks & Vans	1C4RJXFG8TW312781	https://furymotors.com/for-sale/jeep-wrangler-rubicon-x-minneapolis-mn/2026-jeep-wrangler-rubicon-x-1c4rjxfg8tw312781/123?store={store_code}	NA	15 miles	Wrangler	1C4RJXFG8TW312781	2026	58939 USD	62082	58939 USD	MI	no	Wrangler	No	Over 20k
1C4PJXEG9TW279492	2026 Jeep Wrangler Sahara	Jeep	https://furymotors.com/for-sale/jeep-wrangler-sahara-minneapolis-mn/2026-jeep-wrangler-sahara-1c4pjxeg9tw279492/	49323 USD	2026 Anvil Clear Coat Jeep Wrangler Sahara 3.6L V6 24V VVT For sale at Fury Motors South St. Paul in South St. Paul Minnesota.	https://vimg.remora.inc/323880/1c4pjxeg9tw279492-2026-jeep-wrangler-sahara-anvil-clear-coat-1-112455.avif	in stock	NEW	SUV	Vehicles & Parts > Vehicles > Motor Vehicles > Cars, Trucks & Vans	1C4PJXEG9TW279492	https://furymotors.com/for-sale/jeep-wrangler-sahara-minneapolis-mn/2026-jeep-wrangler-sahara-1c4pjxeg9tw279492/123?store={store_code}	NA	20 miles	Wrangler	1C4PJXEG9TW279492	2026	49323 USD	62082	49323 USD	MI	no	Wrangler	No	Over 20k
1C4PJXEN4TW298871	2026 Jeep Wrangler Sahara	Jeep	https://furymotors.com/for-sale/jeep-wrangler-sahara-minneapolis-mn/2026-jeep-wrangler-sahara-1c4pjxen4tw298871/	50177 USD	2026 Reign Jeep Wrangler Sahara 2.0L I4 DOHC For sale at Fury Motors South St. Paul in South St. Paul Minnesota.	https://vimg.remora.inc/418756/1c4pjxen4tw298871-2026-jeep-wrangler-sahara-reign-1-111711.avif	in stock	NEW	SUV	Vehicles & Parts > Vehicles > Motor Vehicles > Cars, Trucks & Vans	1C4PJXEN4TW298871	https://furymotors.com/for-sale/jeep-wrangler-sahara-minneapolis-mn/2026-jeep-wrangler-sahara-1c4pjxen4tw298871/123?store={store_code}	NA	16 miles	Wrangler	1C4PJXEN4TW298871	2026	50177 USD	62082	50177 USD	MI	no	Wrangler	No	Over 20k
1C4PJXDG9TW324156	2026 Jeep Wrangler Sport S	Jeep	https://furymotors.com/for-sale/jeep-wrangler-sport-s-minneapolis-mn/2026-jeep-wrangler-sport-s-1c4pjxdg9tw324156/	42766 USD	2026 Anvil Clear Coat Jeep Wrangler Sport S 3.6L V6 24V VVT For sale at Fury Motors South St. Paul in South St. Paul Minnesota.	https://vimg.remora.inc/463142/1c4pjxdg9tw324156-2026-jeep-wrangler-sport-s-anvil-clear-coat-1-112074.avif	in stock	NEW	SUV	Vehicles & Parts > Vehicles > Motor Vehicles > Cars, Trucks & Vans	1C4PJXDG9TW324156	https://furymotors.com/for-sale/jeep-wrangler-sport-s-minneapolis-mn/2026-jeep-wrangler-sport-s-1c4pjxdg9tw324156/123?store={store_code}	NA	10 miles	Wrangler	1C4PJXDG9TW324156	2026	42766 USD	62082	42766 USD	MI	no	Wrangler	No	Over 20k
1C4PJXDN9TW306478	2026 Jeep Wrangler Sport S	Jeep	https://furymotors.com/for-sale/jeep-wrangler-sport-s-minneapolis-mn/2026-jeep-wrangler-sport-s-1c4pjxdn9tw306478/	45438 USD	2026 Reign Jeep Wrangler Sport S 2.0L I4 DOHC For sale at Fury Motors South St. Paul in South St. Paul Minnesota.	https://vimg.remora.inc/418755/1c4pjxdn9tw306478-2026-jeep-wrangler-sport-s-reign-1-112143.avif	in stock	NEW	SUV	Vehicles & Parts > Vehicles > Motor Vehicles > Cars, Trucks & Vans	1C4PJXDN9TW306478	https://furymotors.com/for-sale/jeep-wrangler-sport-s-minneapolis-mn/2026-jeep-wrangler-sport-s-1c4pjxdn9tw306478/123?store={store_code}	NA	10 miles	Wrangler	1C4PJXDN9TW306478	2026	45438 USD	62082	45438 USD	MI	no	Wrangler	No	Over 20k
2C3CDZKG1PH682669	2023 Dodge Challenger GT	Dodge	https://furymotors.com/for-sale/used-dodge-challenger-gt-minneapolis-mn/2023-dodge-challenger-gt-2c3cdzkg1ph682669/	33000 USD	2023 Triple Nickel Clearcoat Dodge Challenger GT 3.6L V6 24V VVT For sale at Fury Motors South St. Paul in South St. Paul Minnesota.	https://vimg.remora.inc/604236/2c3cdzkg1ph682669-2023-dodge-challenger-gt-triple-nickel-clearcoat-1-113970.avif	in stock	USED	OTHER	Vehicles & Parts > Vehicles > Motor Vehicles > Cars, Trucks & Vans	2C3CDZKG1PH682669	https://furymotors.com/for-sale/used-dodge-challenger-gt-minneapolis-mn/2023-dodge-challenger-gt-2c3cdzkg1ph682669/123?store={store_code}	NA	14067 miles	Challenger	2C3CDZKG1PH682669	2023	33000 USD	62082	33000 USD	MI	no	Challenger	No	Over 20k
7FARW2H56KE010249	2019 Honda CR-V EX	Honda	https://furymotors.com/for-sale/used-honda-cr-v-ex-minneapolis-mn/2019-honda-cr-v-ex-7farw2h56ke010249/	20000 USD	2019 Gunmetal Metallic Honda CR-V EX 1.5L I4 DOHC 16V For sale at Fury Motors South St. Paul in South St. Paul Minnesota.	https://vimg.remora.inc/551307/7farw2h56ke010249-2019-honda-cr-v-ex-gunmetal-metallic-1-114327.avif	in stock	USED	SUV	Vehicles & Parts > Vehicles > Motor Vehicles > Cars, Trucks & Vans	7FARW2H56KE010249	https://furymotors.com/for-sale/used-honda-cr-v-ex-minneapolis-mn/2019-honda-cr-v-ex-7farw2h56ke010249/123?store={store_code}	NA	89622 miles	CR-V	7FARW2H56KE010249	2019	20000 USD	62082	20000 USD	MI	no	CR-V	No	Over 20k
5YFB4MDE2TP424462	2026 Toyota Corolla LE	Toyota	https://furymotors.com/for-sale/used-toyota-corolla-le-minneapolis-mn/2026-toyota-corolla-le-5yfb4mde2tp424462/	24000 USD	2026 Celestite Toyota Corolla LE 2.0L I4 PDI DOHC 16V LEV3-SULEV30 169hp For sale at Fury Motors South St. Paul in South St. Paul Minnesota.	https://vimg.remora.inc/596599/5yfb4mde2tp424462-2026-toyota-corolla-le-celestite-1-114178.avif	in stock	USED	OTHER	Vehicles & Parts > Vehicles > Motor Vehicles > Cars, Trucks & Vans	5YFB4MDE2TP424462	https://furymotors.com/for-sale/used-toyota-corolla-le-minneapolis-mn/2026-toyota-corolla-le-5yfb4mde2tp424462/123?store={store_code}	NA	12969 miles	Corolla	5YFB4MDE2TP424462	2026	24000 USD	62082	24000 USD	MI	no	Corolla	No	Over 20k
2C4RC3GG2TR190655	2026 Chrysler Pacifica Limited	Chrysler	https://furymotors.com/for-sale/chrysler-pacifica-limited-minneapolis-mn/2026-chrysler-pacifica-limited-2c4rc3gg2tr190655/	47117 USD	2026 Bright White Clearcoat Chrysler Pacifica Limited 3.6L V6 24V VVT For sale at Fury Motors South St. Paul in South St. Paul Minnesota.	https://vimg.remora.inc/113081/2c4rc3gg2tr190655-2026-chrysler-pacifica-limited-bright-white-clearcoat-1-113079.avif	in stock	NEW	VAN	Vehicles & Parts > Vehicles > Motor Vehicles > Cars, Trucks & Vans	2C4RC3GG2TR190655	https://furymotors.com/for-sale/chrysler-pacifica-limited-minneapolis-mn/2026-chrysler-pacifica-limited-2c4rc3gg2tr190655/123?store={store_code}	WHITE	20 miles	Pacifica	2C4RC3GG2TR190655	2026	47117 USD	62082	47117 USD	MI	no	Pacifica	No	Over 20k
2C4RC3BG7TR266362	2026 Chrysler Pacifica Select	Chrysler	https://furymotors.com/for-sale/chrysler-pacifica-select-minneapolis-mn/2026-chrysler-pacifica-select-2c4rc3bg7tr266362/	42314 USD	2026 Diamond Black Crystal Pearlcoat Chrysler Pacifica Select 3.6L V6 24V VVT For sale at Fury Motors South St. Paul in South St. Paul Minnesota.	https://vimg.remora.inc/312116/2c4rc3bg7tr266362-2026-chrysler-pacifica-select-diamond-black-crystal-pearlcoat-1-109720.avif	in stock	NEW	VAN	Vehicles & Parts > Vehicles > Motor Vehicles > Cars, Trucks & Vans	2C4RC3BG7TR266362	https://furymotors.com/for-sale/chrysler-pacifica-select-minneapolis-mn/2026-chrysler-pacifica-select-2c4rc3bg7tr266362/123?store={store_code}	BLACK	291 miles	Pacifica	2C4RC3BG7TR266362	2026	42314 USD	62082	42314 USD	MI	no	Pacifica	No	Over 20k
2C4RC3BG1VR555739	2027 Chrysler Pacifica Select	Chrysler	https://furymotors.com/for-sale/chrysler-pacifica-select-minneapolis-mn/2027-chrysler-pacifica-select-2c4rc3bg1vr555739/	48105 USD	2027 Diamond Black Crystal Pearlcoat Chrysler Pacifica Select 3.6L V6 24V VVT For sale at Fury Motors South St. Paul in South St. Paul Minnesota.	https://vimg.remora.inc/405934/2c4rc3bg1vr555739-2027-chrysler-pacifica-select-diamond-black-crystal-pearlcoat-1-113193.avif	in stock	NEW	VAN	Vehicles & Parts > Vehicles > Motor Vehicles > Cars, Trucks & Vans	2C4RC3BG1VR555739	https://furymotors.com/for-sale/chrysler-pacifica-select-minneapolis-mn/2027-chrysler-pacifica-select-2c4rc3bg1vr555739/123?store={store_code}	BLACK	8 miles	Pacifica	2C4RC3BG1VR555739	2027	48105 USD	62082	48105 USD	MI	no	Pacifica	No	Over 20k
2C4RC1CGXTR255245	2026 Chrysler Voyager LX	Chrysler	https://furymotors.com/for-sale/chrysler-voyager-lx-minneapolis-mn/2026-chrysler-voyager-lx-2c4rc1cgxtr255245/	40614 USD	2026 Diamond Black Crystal Pearlcoat Chrysler Voyager LX 3.6L V6 24V VVT For sale at Fury Motors South St. Paul in South St. Paul Minnesota.	https://vimg.remora.inc/310558/2c4rc1cgxtr255245-2026-chrysler-voyager-lx-diamond-black-crystal-pearlcoat-1-109983.avif	in stock	NEW	VAN	Vehicles & Parts > Vehicles > Motor Vehicles > Cars, Trucks & Vans	2C4RC1CGXTR255245	https://furymotors.com/for-sale/chrysler-voyager-lx-minneapolis-mn/2026-chrysler-voyager-lx-2c4rc1cgxtr255245/123?store={store_code}	BLACK	20 miles	Voyager	2C4RC1CGXTR255245	2026	40614 USD	62082	40614 USD	MI	no	Voyager	No	Over 20k
2C3CDAPP9TR277030	2026 Dodge Charger R/T	Dodge	https://furymotors.com/for-sale/dodge-charger-rt-minneapolis-mn/2026-dodge-charger-rt-2c3cdapp9tr277030/	46201 USD	2026 Bright White Clearcoat Dodge Charger R/T 3.0L I6 Turbocharged DOHC 24V LEV3-ULEV70 420hp For sale at Fury Motors South St. Paul in South St. Paul Minnesota.	https://vimg.remora.inc/390037/2c3cdapp9tr277030-2026-dodge-charger-rt-bright-white-clearcoat-1-111426.avif	in stock	NEW	OTHER	Vehicles & Parts > Vehicles > Motor Vehicles > Cars, Trucks & Vans	2C3CDAPP9TR277030	https://furymotors.com/for-sale/dodge-charger-rt-minneapolis-mn/2026-dodge-charger-rt-2c3cdapp9tr277030/123?store={store_code}	WHITE	13 miles	Charger	2C3CDAPP9TR277030	2026	46201 USD	62082	46201 USD	MI	no	Charger	No	Over 20k
2C3CDANP7TR258558	2026 Dodge Charger R/T Plus	Dodge	https://furymotors.com/for-sale/dodge-charger-rt-plus-minneapolis-mn/2026-dodge-charger-rt-plus-2c3cdanp7tr258558/	52494 USD	2026 Bright White Clearcoat Dodge Charger R/T Plus 3.0L I6 Turbocharged DOHC 24V LEV3-ULEV70 420hp For sale at Fury Motors South St. Paul in South St. Paul Minnesota.	https://vimg.remora.inc/350271/2c3cdanp7tr258558-2026-dodge-charger-rt-plus-bright-white-clearcoat-1-113175.avif	in stock	NEW	OTHER	Vehicles & Parts > Vehicles > Motor Vehicles > Cars, Trucks & Vans	2C3CDANP7TR258558	https://furymotors.com/for-sale/dodge-charger-rt-plus-minneapolis-mn/2026-dodge-charger-rt-plus-2c3cdanp7tr258558/123?store={store_code}	WHITE	154 miles	Charger	2C3CDANP7TR258558	2026	52494 USD	62082	52494 USD	MI	no	Charger	No	Over 20k
2C3CDANP8TR287020	2026 Dodge Charger R/T Plus	Dodge	https://furymotors.com/for-sale/dodge-charger-rt-plus-minneapolis-mn/2026-dodge-charger-rt-plus-2c3cdanp8tr287020/	53835 USD	2026 Bright White Clearcoat Dodge Charger R/T Plus 3.0L I6 Turbocharged DOHC 24V LEV3-ULEV70 420hp For sale at Fury Motors South St. Paul in South St. Paul Minnesota.	https://vimg.remora.inc/410160/2c3cdanp8tr287020-2026-dodge-charger-rt-plus-bright-white-clearcoat-1-113193.avif	in stock	NEW	OTHER	Vehicles & Parts > Vehicles > Motor Vehicles > Cars, Trucks & Vans	2C3CDANP8TR287020	https://furymotors.com/for-sale/dodge-charger-rt-plus-minneapolis-mn/2026-dodge-charger-rt-plus-2c3cdanp8tr287020/123?store={store_code}	WHITE	12 miles	Charger	2C3CDANP8TR287020	2026	53835 USD	62082	53835 USD	MI	no	Charger	No	Over 20k
2C3CDANPXTR288413	2026 Dodge Charger R/T Plus	Dodge	https://furymotors.com/for-sale/dodge-charger-rt-plus-minneapolis-mn/2026-dodge-charger-rt-plus-2c3cdanpxtr288413/	53708 USD	2026 Electric Blue Pearlcoat Dodge Charger R/T Plus 3.0L I6 Turbocharged DOHC 24V LEV3-ULEV70 420hp For sale at Fury Motors South St. Paul in South St. Paul Minnesota.	https://vimg.remora.inc/427629/2c3cdanpxtr288413-2026-dodge-charger-rt-plus-electric-blue-pearlcoat-1-114135.avif	in stock	NEW	OTHER	Vehicles & Parts > Vehicles > Motor Vehicles > Cars, Trucks & Vans	2C3CDANPXTR288413	https://furymotors.com/for-sale/dodge-charger-rt-plus-minneapolis-mn/2026-dodge-charger-rt-plus-2c3cdanpxtr288413/123?store={store_code}	BLUE	749 miles	Charger	2C3CDANPXTR288413	2026	53708 USD	62082	53708 USD	MI	no	Charger	No	Over 20k
2C3CDAMP1TR224360	2026 Dodge Charger Scat Pack	Dodge	https://furymotors.com/for-sale/dodge-charger-scat-pack-minneapolis-mn/2026-dodge-charger-scat-pack-2c3cdamp1tr224360/	50783 USD	2026 Bright White Clearcoat Dodge Charger Scat Pack HO For sale at Fury Motors South St. Paul in South St. Paul Minnesota.	https://vimg.remora.inc/282145/2c3cdamp1tr224360-2026-dodge-charger-scat-pack-bright-white-clearcoat-1-111807.avif	in stock	NEW	OTHER	Vehicles & Parts > Vehicles > Motor Vehicles > Cars, Trucks & Vans	2C3CDAMP1TR224360	https://furymotors.com/for-sale/dodge-charger-scat-pack-minneapolis-mn/2026-dodge-charger-scat-pack-2c3cdamp1tr224360/123?store={store_code}	WHITE	12 miles	Charger	2C3CDAMP1TR224360	2026	50783 USD	62082	50783 USD	MI	no	Charger	No	Over 20k
1C4SDJCT0TC295323	2026 Dodge Durango GT HEMI V8	Dodge	https://furymotors.com/for-sale/dodge-durango-gt-hemi-v8-minneapolis-mn/2026-dodge-durango-gt-hemi-v8-1c4sdjct0tc295323/	53878 USD	2026 B5 Blue Dodge Durango GT HEMI V8 HEMI 5.7L V8 Multi Displacement VVT For sale at Fury Motors South St. Paul in South St. Paul Minnesota.	https://vimg.remora.inc/464682/1c4sdjct0tc295323-2026-dodge-durango-gt-hemi-v8-b5-blue-1-112293.avif	in stock	NEW	SUV	Vehicles & Parts > Vehicles > Motor Vehicles > Cars, Trucks & Vans	1C4SDJCT0TC295323	https://furymotors.com/for-sale/dodge-durango-gt-hemi-v8-minneapolis-mn/2026-dodge-durango-gt-hemi-v8-1c4sdjct0tc295323/123?store={store_code}	BLUE	15 miles	Durango	1C4SDJCT0TC295323	2026	53878 USD	62082	53878 USD	MI	no	Durango	No	Over 20k
1C4RDJDG8TC276339	2026 Dodge Durango GT	Dodge	https://furymotors.com/for-sale/dodge-durango-gt-minneapolis-mn/2026-dodge-durango-gt-1c4rdjdg8tc276339/	43491 USD	2026 White Knuckle Clearcoat Dodge Durango GT 3.6L V6 24V VVT For sale at Fury Motors South St. Paul in South St. Paul Minnesota.	https://vimg.remora.inc/426288/1c4rdjdg8tc276339-2026-dodge-durango-gt-white-knuckle-clearcoat-1-112713.avif	in stock	NEW	SUV	Vehicles & Parts > Vehicles > Motor Vehicles > Cars, Trucks & Vans	1C4RDJDG8TC276339	https://furymotors.com/for-sale/dodge-durango-gt-minneapolis-mn/2026-dodge-durango-gt-1c4rdjdg8tc276339/123?store={store_code}	WHITE	13 miles	Durango	1C4RDJDG8TC276339	2026	43491 USD	62082	43491 USD	MI	no	Durango	No	Over 20k
1C4SDJCT2TC295128	2026 Dodge Durango GT Plus HEMI V8	Dodge	https://furymotors.com/for-sale/dodge-durango-gt-plus-hemi-v8-minneapolis-mn/2026-dodge-durango-gt-plus-hemi-v8-1c4sdjct2tc295128/	48233 USD	2026 DB Black Crystal Clearcoat Dodge Durango GT Plus HEMI V8 HEMI 5.7L V8 Multi Displacement VVT For sale at Fury Motors South St. Paul in South St. Paul Minnesota.	https://vimg.remora.inc/470860/1c4sdjct2tc295128-2026-dodge-durango-gt-plus-hemi-v8-db-black-crystal-clearcoat-1-112238.avif	in stock	NEW	SUV	Vehicles & Parts > Vehicles > Motor Vehicles > Cars, Trucks & Vans	1C4SDJCT2TC295128	https://furymotors.com/for-sale/dodge-durango-gt-plus-hemi-v8-minneapolis-mn/2026-dodge-durango-gt-plus-hemi-v8-1c4sdjct2tc295128/123?store={store_code}	BLACK	612 miles	Durango	1C4SDJCT2TC295128	2026	48233 USD	62082	48233 USD	MI	no	Durango	No	Over 20k
1C4SDJCT2TC295131	2026 Dodge Durango GT Plus HEMI V8	Dodge	https://furymotors.com/for-sale/dodge-durango-gt-plus-hemi-v8-minneapolis-mn/2026-dodge-durango-gt-plus-hemi-v8-1c4sdjct2tc295131/	51782 USD	2026 Red Oxide Dodge Durango GT Plus HEMI V8 HEMI 5.7L V8 Multi Displacement VVT For sale at Fury Motors South St. Paul in South St. Paul Minnesota.	https://vimg.remora.inc/522794/1c4sdjct2tc295131-2026-dodge-durango-gt-plus-hemi-v8-red-oxide-1-112549.avif	in stock	NEW	SUV	Vehicles & Parts > Vehicles > Motor Vehicles > Cars, Trucks & Vans	1C4SDJCT2TC295131	https://furymotors.com/for-sale/dodge-durango-gt-plus-hemi-v8-minneapolis-mn/2026-dodge-durango-gt-plus-hemi-v8-1c4sdjct2tc295131/123?store={store_code}	RED	12 miles	Durango	1C4SDJCT2TC295131	2026	51782 USD	62082	51782 USD	MI	no	Durango	No	Over 20k
1C4SDJCT4TC295129	2026 Dodge Durango GT Plus HEMI V8	Dodge	https://furymotors.com/for-sale/dodge-durango-gt-plus-hemi-v8-minneapolis-mn/2026-dodge-durango-gt-plus-hemi-v8-1c4sdjct4tc295129/	51213 USD	2026 DB Black Crystal Clearcoat Dodge Durango GT Plus HEMI V8 HEMI 5.7L V8 Multi Displacement VVT For sale at Fury Motors South St. Paul in South St. Paul Minnesota.	https://vimg.remora.inc/522795/1c4sdjct4tc295129-2026-dodge-durango-gt-plus-hemi-v8-db-black-crystal-clearcoat-1-112986.avif	in stock	NEW	SUV	Vehicles & Parts > Vehicles > Motor Vehicles > Cars, Trucks & Vans	1C4SDJCT4TC295129	https://furymotors.com/for-sale/dodge-durango-gt-plus-hemi-v8-minneapolis-mn/2026-dodge-durango-gt-plus-hemi-v8-1c4sdjct4tc295129/123?store={store_code}	BLACK	24 miles	Durango	1C4SDJCT4TC295129	2026	51213 USD	62082	51213 USD	MI	no	Durango	No	Over 20k
1C4SDJCT5TC295138	2026 Dodge Durango GT Plus HEMI V8	Dodge	https://furymotors.com/for-sale/dodge-durango-gt-plus-hemi-v8-minneapolis-mn/2026-dodge-durango-gt-plus-hemi-v8-1c4sdjct5tc295138/	47733 USD	2026 DB Black Crystal Clearcoat Dodge Durango GT Plus HEMI V8 HEMI 5.7L V8 Multi Displacement VVT For sale at Fury Motors South St. Paul in South St. Paul Minnesota.	https://vimg.remora.inc/456437/1c4sdjct5tc295138-2026-dodge-durango-gt-plus-hemi-v8-db-black-crystal-clearcoat-1-111903.avif	in stock	NEW	SUV	Vehicles & Parts > Vehicles > Motor Vehicles > Cars, Trucks & Vans	1C4SDJCT5TC295138	https://furymotors.com/for-sale/dodge-durango-gt-plus-hemi-v8-minneapolis-mn/2026-dodge-durango-gt-plus-hemi-v8-1c4sdjct5tc295138/123?store={store_code}	BLACK	1052 miles	Durango	1C4SDJCT5TC295138	2026	47733 USD	62082	47733 USD	MI	no	Durango	No	Over 20k
1C4SDJCT8TC268984	2026 Dodge Durango GT Plus HEMI V8	Dodge	https://furymotors.com/for-sale/dodge-durango-gt-plus-hemi-v8-minneapolis-mn/2026-dodge-durango-gt-plus-hemi-v8-1c4sdjct8tc268984/	50568 USD	2026 Vapor Gray Dodge Durango GT Plus HEMI V8 HEMI 5.7L V8 Multi Displacement VVT For sale at Fury Motors South St. Paul in South St. Paul Minnesota.	https://vimg.remora.inc/424919/1c4sdjct8tc268984-2026-dodge-durango-gt-plus-hemi-v8-vapor-gray-1-112720.avif	in stock	NEW	SUV	Vehicles & Parts > Vehicles > Motor Vehicles > Cars, Trucks & Vans	1C4SDJCT8TC268984	https://furymotors.com/for-sale/dodge-durango-gt-plus-hemi-v8-minneapolis-mn/2026-dodge-durango-gt-plus-hemi-v8-1c4sdjct8tc268984/123?store={store_code}	GRAY	26 miles	Durango	1C4SDJCT8TC268984	2026	50568 USD	62082	50568 USD	MI	no	Durango	No	Over 20k
1C4SDJCT9TC277371	2026 Dodge Durango GT Plus HEMI V8	Dodge	https://furymotors.com/for-sale/dodge-durango-gt-plus-hemi-v8-minneapolis-mn/2026-dodge-durango-gt-plus-hemi-v8-1c4sdjct9tc277371/	50201 USD	2026 Red Oxide Dodge Durango GT Plus HEMI V8 HEMI 5.7L V8 Multi Displacement VVT For sale at Fury Motors South St. Paul in South St. Paul Minnesota.	https://vimg.remora.inc/491617/1c4sdjct9tc277371-2026-dodge-durango-gt-plus-hemi-v8-red-oxide-1-112720.avif	in stock	NEW	SUV	Vehicles & Parts > Vehicles > Motor Vehicles > Cars, Trucks & Vans	1C4SDJCT9TC277371	https://furymotors.com/for-sale/dodge-durango-gt-plus-hemi-v8-minneapolis-mn/2026-dodge-durango-gt-plus-hemi-v8-1c4sdjct9tc277371/123?store={store_code}	RED	10 miles	Durango	1C4SDJCT9TC277371	2026	50201 USD	62082	50201 USD	MI	no	Durango	No	Over 20k
1C4SDJCTXTC295135	2026 Dodge Durango GT Plus HEMI V8	Dodge	https://furymotors.com/for-sale/dodge-durango-gt-plus-hemi-v8-minneapolis-mn/2026-dodge-durango-gt-plus-hemi-v8-1c4sdjctxtc295135/	56848 USD	2026 DB Black Crystal Clearcoat Dodge Durango GT Plus HEMI V8 HEMI 5.7L V8 Multi Displacement VVT For sale at Fury Motors South St. Paul in South St. Paul Minnesota.	https://vimg.remora.inc/512999/1c4sdjctxtc295135-2026-dodge-durango-gt-plus-hemi-v8-db-black-crystal-clearcoat-1-112770.avif	in stock	NEW	SUV	Vehicles & Parts > Vehicles > Motor Vehicles > Cars, Trucks & Vans	1C4SDJCTXTC295135	https://furymotors.com/for-sale/dodge-durango-gt-plus-hemi-v8-minneapolis-mn/2026-dodge-durango-gt-plus-hemi-v8-1c4sdjctxtc295135/123?store={store_code}	BLACK	27 miles	Durango	1C4SDJCTXTC295135	2026	56848 USD	62082	56848 USD	MI	no	Durango	No	Over 20k
1C4RDJDG7TC277546	2026 Dodge Durango GT Plus	Dodge	https://furymotors.com/for-sale/dodge-durango-gt-plus-minneapolis-mn/2026-dodge-durango-gt-plus-1c4rdjdg7tc277546/	45254 USD	2026 Vapor Gray Dodge Durango GT Plus 3.6L V6 24V VVT For sale at Fury Motors South St. Paul in South St. Paul Minnesota.	https://vimg.remora.inc/399760/1c4rdjdg7tc277546-2026-dodge-durango-gt-plus-vapor-gray-1-112671.avif	in stock	NEW	SUV	Vehicles & Parts > Vehicles > Motor Vehicles > Cars, Trucks & Vans	1C4RDJDG7TC277546	https://furymotors.com/for-sale/dodge-durango-gt-plus-minneapolis-mn/2026-dodge-durango-gt-plus-1c4rdjdg7tc277546/123?store={store_code}	GRAY	10 miles	Durango	1C4RDJDG7TC277546	2026	45254 USD	62082	45254 USD	MI	no	Durango	No	Over 20k
1C4SDJCT6TC310293	2026 Dodge Durango GT Premium HEMI V8	Dodge	https://furymotors.com/for-sale/dodge-durango-gt-premium-hemi-v8-minneapolis-mn/2026-dodge-durango-gt-premium-hemi-v8-1c4sdjct6tc310293/	53099 USD	2026 Destroyer Gray Clearcoat Dodge Durango GT Premium HEMI V8 HEMI 5.7L V8 Multi Displacement VVT For sale at Fury Motors South St. Paul in South St. Paul Minnesota.	https://vimg.remora.inc/514930/1c4sdjct6tc310293-2026-dodge-durango-gt-premium-hemi-v8-destroyer-gray-clearcoat-1-114154.avif	in stock	NEW	SUV	Vehicles & Parts > Vehicles > Motor Vehicles > Cars, Trucks & Vans	1C4SDJCT6TC310293	https://furymotors.com/for-sale/dodge-durango-gt-premium-hemi-v8-minneapolis-mn/2026-dodge-durango-gt-premium-hemi-v8-1c4sdjct6tc310293/123?store={store_code}	GRAY	10 miles	Durango	1C4SDJCT6TC310293	2026	53099 USD	62082	53099 USD	MI	no	Durango	No	Over 20k
3C4PJMB20TT243509	2026 Jeep Cherokee Laredo	Jeep	https://furymotors.com/for-sale/jeep-cherokee-laredo-minneapolis-mn/2026-jeep-cherokee-laredo-3c4pjmb20tt243509/	32792 USD	2026 Diamond Black Crystal Pearlcoat Jeep Cherokee Laredo 1.6L I4 For sale at Fury Motors South St. Paul in South St. Paul Minnesota.	https://vimg.remora.inc/310560/3c4pjmb20tt243509-2026-jeep-cherokee-laredo-diamond-black-crystal-pearlcoat-1-113002.avif	in stock	NEW	SUV	Vehicles & Parts > Vehicles > Motor Vehicles > Cars, Trucks & Vans	3C4PJMB20TT243509	https://furymotors.com/for-sale/jeep-cherokee-laredo-minneapolis-mn/2026-jeep-cherokee-laredo-3c4pjmb20tt243509/123?store={store_code}	BLACK	69 miles	Cherokee	3C4PJMB20TT243509	2026	32792 USD	62082	32792 USD	MI	no	Cherokee	No	Over 20k
3C4PJMB21TT233717	2026 Jeep Cherokee Laredo	Jeep	https://furymotors.com/for-sale/jeep-cherokee-laredo-minneapolis-mn/2026-jeep-cherokee-laredo-3c4pjmb21tt233717/	32243 USD	2026 Bright White Clearcoat Jeep Cherokee Laredo 1.6L I4 For sale at Fury Motors South St. Paul in South St. Paul Minnesota.	https://vimg.remora.inc/394012/3c4pjmb21tt233717-2026-jeep-cherokee-laredo-bright-white-clearcoat-1-112479.avif	in stock	NEW	SUV	Vehicles & Parts > Vehicles > Motor Vehicles > Cars, Trucks & Vans	3C4PJMB21TT233717	https://furymotors.com/for-sale/jeep-cherokee-laredo-minneapolis-mn/2026-jeep-cherokee-laredo-3c4pjmb21tt233717/123?store={store_code}	WHITE	17 miles	Cherokee	3C4PJMB21TT233717	2026	32243 USD	62082	32243 USD	MI	no	Cherokee	No	Over 20k
3C4PJMB23TT257968	2026 Jeep Cherokee Laredo	Jeep	https://furymotors.com/for-sale/jeep-cherokee-laredo-minneapolis-mn/2026-jeep-cherokee-laredo-3c4pjmb23tt257968/	32515 USD	2026 Hydro Blue Pearlcoat Jeep Cherokee Laredo 1.6L I4 For sale at Fury Motors South St. Paul in South St. Paul Minnesota.	https://vimg.remora.inc/463144/3c4pjmb23tt257968-2026-jeep-cherokee-laredo-hydro-blue-pearlcoat-1-112497.avif	in stock	NEW	SUV	Vehicles & Parts > Vehicles > Motor Vehicles > Cars, Trucks & Vans	3C4PJMB23TT257968	https://furymotors.com/for-sale/jeep-cherokee-laredo-minneapolis-mn/2026-jeep-cherokee-laredo-3c4pjmb23tt257968/123?store={store_code}	BLUE	42 miles	Cherokee	3C4PJMB23TT257968	2026	32515 USD	62082	32515 USD	MI	no	Cherokee	No	Over 20k
3C4PJMB23TT258022	2026 Jeep Cherokee Laredo	Jeep	https://furymotors.com/for-sale/jeep-cherokee-laredo-minneapolis-mn/2026-jeep-cherokee-laredo-3c4pjmb23tt258022/	32243 USD	2026 Bright White Clearcoat Jeep Cherokee Laredo 1.6L I4 For sale at Fury Motors South St. Paul in South St. Paul Minnesota.	https://vimg.remora.inc/395301/3c4pjmb23tt258022-2026-jeep-cherokee-laredo-bright-white-clearcoat-1-112834.avif	in stock	NEW	SUV	Vehicles & Parts > Vehicles > Motor Vehicles > Cars, Trucks & Vans	3C4PJMB23TT258022	https://furymotors.com/for-sale/jeep-cherokee-laredo-minneapolis-mn/2026-jeep-cherokee-laredo-3c4pjmb23tt258022/123?store={store_code}	WHITE	10 miles	Cherokee	3C4PJMB23TT258022	2026	32243 USD	62082	32243 USD	MI	no	Cherokee	No	Over 20k
3C4PJMB27TT258024	2026 Jeep Cherokee Laredo	Jeep	https://furymotors.com/for-sale/jeep-cherokee-laredo-minneapolis-mn/2026-jeep-cherokee-laredo-3c4pjmb27tt258024/	32792 USD	2026 Silver Zynith Clearcoat Jeep Cherokee Laredo 1.6L I4 For sale at Fury Motors South St. Paul in South St. Paul Minnesota.	https://vimg.remora.inc/407299/3c4pjmb27tt258024-2026-jeep-cherokee-laredo-silver-zynith-clearcoat-1-114165.avif	in stock	NEW	SUV	Vehicles & Parts > Vehicles > Motor Vehicles > Cars, Trucks & Vans	3C4PJMB27TT258024	https://furymotors.com/for-sale/jeep-cherokee-laredo-minneapolis-mn/2026-jeep-cherokee-laredo-3c4pjmb27tt258024/123?store={store_code}	SILVER	21 miles	Cherokee	3C4PJMB27TT258024	2026	32792 USD	62082	32792 USD	MI	no	Cherokee	No	Over 20k
3C4PJMB28VT553006	2027 Jeep Cherokee Laredo	Jeep	https://furymotors.com/for-sale/jeep-cherokee-laredo-minneapolis-mn/2027-jeep-cherokee-laredo-3c4pjmb28vt553006/	41070 USD	2027 Diamond Black Crystal Pearlcoat Jeep Cherokee Laredo 1.6L I4 For sale at Fury Motors South St. Paul in South St. Paul Minnesota.	https://vimg.remora.inc/616107/3c4pjmb28vt553006-2027-jeep-cherokee-laredo-diamond-black-crystal-pearlcoat-1-114133.avif	in stock	NEW	SUV	Vehicles & Parts > Vehicles > Motor Vehicles > Cars, Trucks & Vans	3C4PJMB28VT553006	https://furymotors.com/for-sale/jeep-cherokee-laredo-minneapolis-mn/2027-jeep-cherokee-laredo-3c4pjmb28vt553006/123?store={store_code}	BLACK	10 miles	Cherokee	3C4PJMB28VT553006	2027	41070 USD	62082	41070 USD	MI	no	Cherokee	No	Over 20k
3C4PJMB25TT243506	2026 Jeep Cherokee Limited	Jeep	https://furymotors.com/for-sale/jeep-cherokee-limited-minneapolis-mn/2026-jeep-cherokee-limited-3c4pjmb25tt243506/	35136 USD	2026 Diamond Black Crystal Pearlcoat Jeep Cherokee Limited 1.6L I4 For sale at Fury Motors South St. Paul in South St. Paul Minnesota.	https://vimg.remora.inc/325939/3c4pjmb25tt243506-2026-jeep-cherokee-limited-diamond-black-crystal-pearlcoat-1-112485.avif	in stock	NEW	SUV	Vehicles & Parts > Vehicles > Motor Vehicles > Cars, Trucks & Vans	3C4PJMB25TT243506	https://furymotors.com/for-sale/jeep-cherokee-limited-minneapolis-mn/2026-jeep-cherokee-limited-3c4pjmb25tt243506/123?store={store_code}	BLACK	21 miles	Cherokee	3C4PJMB25TT243506	2026	35136 USD	62082	35136 USD	MI	no	Cherokee	No	Over 20k
3C4PJMB27TT233723	2026 Jeep Cherokee Limited	Jeep	https://furymotors.com/for-sale/jeep-cherokee-limited-minneapolis-mn/2026-jeep-cherokee-limited-3c4pjmb27tt233723/	34587 USD	2026 Bright White Clearcoat Jeep Cherokee Limited 1.6L I4 For sale at Fury Motors South St. Paul in South St. Paul Minnesota.	https://vimg.remora.inc/410161/3c4pjmb27tt233723-2026-jeep-cherokee-limited-bright-white-clearcoat-1-111750.avif	in stock	NEW	SUV	Vehicles & Parts > Vehicles > Motor Vehicles > Cars, Trucks & Vans	3C4PJMB27TT233723	https://furymotors.com/for-sale/jeep-cherokee-limited-minneapolis-mn/2026-jeep-cherokee-limited-3c4pjmb27tt233723/123?store={store_code}	WHITE	13 miles	Cherokee	3C4PJMB27TT233723	2026	34587 USD	62082	34587 USD	MI	no	Cherokee	No	Over 20k
3C4PJMC2XTT261059	2026 Jeep Cherokee Overland	Jeep	https://furymotors.com/for-sale/jeep-cherokee-overland-minneapolis-mn/2026-jeep-cherokee-overland-3c4pjmc2xtt261059/	37493 USD	2026 Hydro Blue Pearlcoat Jeep Cherokee Overland 1.6L I4 For sale at Fury Motors South St. Paul in South St. Paul Minnesota.	https://vimg.remora.inc/528180/3c4pjmc2xtt261059-2026-jeep-cherokee-overland-hydro-blue-pearlcoat-1-113338.avif	in stock	NEW	SUV	Vehicles & Parts > Vehicles > Motor Vehicles > Cars, Trucks & Vans	3C4PJMC2XTT261059	https://furymotors.com/for-sale/jeep-cherokee-overland-minneapolis-mn/2026-jeep-cherokee-overland-3c4pjmc2xtt261059/123?store={store_code}	BLUE	15 miles	Cherokee	3C4PJMC2XTT261059	2026	37493 USD	62082	37493 USD	MI	no	Cherokee	No	Over 20k
3C4NJDBN0TT241969	2026 Jeep Compass Latitude	Jeep	https://furymotors.com/for-sale/jeep-compass-latitude-minneapolis-mn/2026-jeep-compass-latitude-3c4njdbn0tt241969/	30066 USD	2026 Silver Zynith Metallic Clearcoat Jeep Compass Latitude 2.0L I4 DOHC For sale at Fury Motors South St. Paul in South St. Paul Minnesota.	https://vimg.remora.inc/432945/3c4njdbn0tt241969-2026-jeep-compass-latitude-silver-zynith-metallic-clearcoat-1-111882.avif	in stock	NEW	SUV	Vehicles & Parts > Vehicles > Motor Vehicles > Cars, Trucks & Vans	3C4NJDBN0TT241969	https://furymotors.com/for-sale/jeep-compass-latitude-minneapolis-mn/2026-jeep-compass-latitude-3c4njdbn0tt241969/123?store={store_code}	SILVER	11 miles	Compass	3C4NJDBN0TT241969	2026	30066 USD	62082	30066 USD	MI	no	Compass	No	Over 20k
3C4NJDBN0TT242717	2026 Jeep Compass Latitude	Jeep	https://furymotors.com/for-sale/jeep-compass-latitude-minneapolis-mn/2026-jeep-compass-latitude-3c4njdbn0tt242717/	29336 USD	2026 Bright White Clearcoat Jeep Compass Latitude 2.0L I4 DOHC For sale at Fury Motors South St. Paul in South St. Paul Minnesota.	https://vimg.remora.inc/432946/3c4njdbn0tt242717-2026-jeep-compass-latitude-bright-white-clearcoat-1-112125.avif	in stock	NEW	SUV	Vehicles & Parts > Vehicles > Motor Vehicles > Cars, Trucks & Vans	3C4NJDBN0TT242717	https://furymotors.com/for-sale/jeep-compass-latitude-minneapolis-mn/2026-jeep-compass-latitude-3c4njdbn0tt242717/123?store={store_code}	WHITE	12 miles	Compass	3C4NJDBN0TT242717	2026	29336 USD	62082	29336 USD	MI	no	Compass	No	Over 20k
3C4NJDBN1TT216241	2026 Jeep Compass Latitude	Jeep	https://furymotors.com/for-sale/jeep-compass-latitude-minneapolis-mn/2026-jeep-compass-latitude-3c4njdbn1tt216241/	27836 USD	2026 Bright White Clearcoat Jeep Compass Latitude 2.0L I4 DOHC For sale at Fury Motors South St. Paul in South St. Paul Minnesota.	https://vimg.remora.inc/370007/3c4njdbn1tt216241-2026-jeep-compass-latitude-bright-white-clearcoat-1-112406.avif	in stock	NEW	SUV	Vehicles & Parts > Vehicles > Motor Vehicles > Cars, Trucks & Vans	3C4NJDBN1TT216241	https://furymotors.com/for-sale/jeep-compass-latitude-minneapolis-mn/2026-jeep-compass-latitude-3c4njdbn1tt216241/123?store={store_code}	WHITE	11 miles	Compass	3C4NJDBN1TT216241	2026	27836 USD	62082	27836 USD	MI	no	Compass	No	Over 20k
3C4NJDBN1TT242726	2026 Jeep Compass Latitude	Jeep	https://furymotors.com/for-sale/jeep-compass-latitude-minneapolis-mn/2026-jeep-compass-latitude-3c4njdbn1tt242726/	28866 USD	2026 Diamond Black Crystal Pearlcoat Jeep Compass Latitude 2.0L I4 DOHC For sale at Fury Motors South St. Paul in South St. Paul Minnesota.	https://vimg.remora.inc/432947/3c4njdbn1tt242726-2026-jeep-compass-latitude-diamond-black-crystal-pearlcoat-1-111678.avif	in stock	NEW	SUV	Vehicles & Parts > Vehicles > Motor Vehicles > Cars, Trucks & Vans	3C4NJDBN1TT242726	https://furymotors.com/for-sale/jeep-compass-latitude-minneapolis-mn/2026-jeep-compass-latitude-3c4njdbn1tt242726/123?store={store_code}	BLACK	10 miles	Compass	3C4NJDBN1TT242726	2026	28866 USD	62082	28866 USD	MI	no	Compass	No	Over 20k
3C4NJDBN3TT216242	2026 Jeep Compass Latitude	Jeep	https://furymotors.com/for-sale/jeep-compass-latitude-minneapolis-mn/2026-jeep-compass-latitude-3c4njdbn3tt216242/	28073 USD	2026 Silver Zynith Metallic Clearcoat Jeep Compass Latitude 2.0L I4 DOHC For sale at Fury Motors South St. Paul in South St. Paul Minnesota.	https://vimg.remora.inc/323881/3c4njdbn3tt216242-2026-jeep-compass-latitude-silver-zynith-metallic-clearcoat-1-112406.avif	in stock	NEW	SUV	Vehicles & Parts > Vehicles > Motor Vehicles > Cars, Trucks & Vans	3C4NJDBN3TT216242	https://furymotors.com/for-sale/jeep-compass-latitude-minneapolis-mn/2026-jeep-compass-latitude-3c4njdbn3tt216242/123?store={store_code}	SILVER	18 miles	Compass	3C4NJDBN3TT216242	2026	28073 USD	62082	28073 USD	MI	no	Compass	No	Over 20k
3C4NJDBN4TT241795	2026 Jeep Compass Latitude	Jeep	https://furymotors.com/for-sale/jeep-compass-latitude-minneapolis-mn/2026-jeep-compass-latitude-3c4njdbn4tt241795/	27836 USD	2026 Hydro Blue Pearlcoat Jeep Compass Latitude 2.0L I4 DOHC For sale at Fury Motors South St. Paul in South St. Paul Minnesota.	https://vimg.remora.inc/438135/3c4njdbn4tt241795-2026-jeep-compass-latitude-hydro-blue-pearlcoat-1-111729.avif	in stock	NEW	SUV	Vehicles & Parts > Vehicles > Motor Vehicles > Cars, Trucks & Vans	3C4NJDBN4TT241795	https://furymotors.com/for-sale/jeep-compass-latitude-minneapolis-mn/2026-jeep-compass-latitude-3c4njdbn4tt241795/123?store={store_code}	BLUE	11 miles	Compass	3C4NJDBN4TT241795	2026	27836 USD	62082	27836 USD	MI	no	Compass	No	Over 20k
3C4NJDCN1TT213967	2026 Jeep Compass Limited	Jeep	https://furymotors.com/for-sale/jeep-compass-limited-minneapolis-mn/2026-jeep-compass-limited-3c4njdcn1tt213967/	31438 USD	2026 Diamond Black Crystal Pearlcoat Jeep Compass Limited 2.0L I4 DOHC For sale at Fury Motors South St. Paul in South St. Paul Minnesota.	https://vimg.remora.inc/334118/3c4njdcn1tt213967-2026-jeep-compass-limited-diamond-black-crystal-pearlcoat-1-112622.avif	in stock	NEW	SUV	Vehicles & Parts > Vehicles > Motor Vehicles > Cars, Trucks & Vans	3C4NJDCN1TT213967	https://furymotors.com/for-sale/jeep-compass-limited-minneapolis-mn/2026-jeep-compass-limited-3c4njdcn1tt213967/123?store={store_code}	BLACK	145 miles	Compass	3C4NJDCN1TT213967	2026	31438 USD	62082	31438 USD	MI	no	Compass	No	Over 20k
3C4NJDCN3TT243570	2026 Jeep Compass Limited	Jeep	https://furymotors.com/for-sale/jeep-compass-limited-minneapolis-mn/2026-jeep-compass-limited-3c4njdcn3tt243570/	29729 USD	2026 Bright White Clearcoat Jeep Compass Limited 2.0L I4 DOHC For sale at Fury Motors South St. Paul in South St. Paul Minnesota.	https://vimg.remora.inc/434678/3c4njdcn3tt243570-2026-jeep-compass-limited-bright-white-clearcoat-1-111713.avif	in stock	NEW	SUV	Vehicles & Parts > Vehicles > Motor Vehicles > Cars, Trucks & Vans	3C4NJDCN3TT243570	https://furymotors.com/for-sale/jeep-compass-limited-minneapolis-mn/2026-jeep-compass-limited-3c4njdcn3tt243570/123?store={store_code}	WHITE	9 miles	Compass	3C4NJDCN3TT243570	2026	29729 USD	62082	29729 USD	MI	no	Compass	No	Over 20k
3C4NJDCN5TT243571	2026 Jeep Compass Limited	Jeep	https://furymotors.com/for-sale/jeep-compass-limited-minneapolis-mn/2026-jeep-compass-limited-3c4njdcn5tt243571/	29729 USD	2026 Bright White Clearcoat Jeep Compass Limited 2.0L I4 DOHC For sale at Fury Motors South St. Paul in South St. Paul Minnesota.	https://vimg.remora.inc/434679/3c4njdcn5tt243571-2026-jeep-compass-limited-bright-white-clearcoat-1-113418.avif	in stock	NEW	SUV	Vehicles & Parts > Vehicles > Motor Vehicles > Cars, Trucks & Vans	3C4NJDCN5TT243571	https://furymotors.com/for-sale/jeep-compass-limited-minneapolis-mn/2026-jeep-compass-limited-3c4njdcn5tt243571/123?store={store_code}	WHITE	9 miles	Compass	3C4NJDCN5TT243571	2026	29729 USD	62082	29729 USD	MI	no	Compass	No	Over 20k
3C4NJDCN6TT267295	2026 Jeep Compass Limited	Jeep	https://furymotors.com/for-sale/jeep-compass-limited-minneapolis-mn/2026-jeep-compass-limited-3c4njdcn6tt267295/	31759 USD	2026 Diamond Black Crystal Pearlcoat Jeep Compass Limited 2.0L I4 DOHC For sale at Fury Motors South St. Paul in South St. Paul Minnesota.	https://vimg.remora.inc/454809/3c4njdcn6tt267295-2026-jeep-compass-limited-diamond-black-crystal-pearlcoat-1-112119.avif	in stock	NEW	SUV	Vehicles & Parts > Vehicles > Motor Vehicles > Cars, Trucks & Vans	3C4NJDCN6TT267295	https://furymotors.com/for-sale/jeep-compass-limited-minneapolis-mn/2026-jeep-compass-limited-3c4njdcn6tt267295/123?store={store_code}	BLACK	14 miles	Compass	3C4NJDCN6TT267295	2026	31759 USD	62082	31759 USD	MI	no	Compass	No	Over 20k
3C4NJDCN6TT297820	2026 Jeep Compass Limited	Jeep	https://furymotors.com/for-sale/jeep-compass-limited-minneapolis-mn/2026-jeep-compass-limited-3c4njdcn6tt297820/	31229 USD	2026 Hydro Blue Pearlcoat Jeep Compass Limited 2.0L I4 DOHC For sale at Fury Motors South St. Paul in South St. Paul Minnesota.	https://vimg.remora.inc/574899/3c4njdcn6tt297820-2026-jeep-compass-limited-hydro-blue-pearlcoat-1-114138.avif	in stock	NEW	SUV	Vehicles & Parts > Vehicles > Motor Vehicles > Cars, Trucks & Vans	3C4NJDCN6TT297820	https://furymotors.com/for-sale/jeep-compass-limited-minneapolis-mn/2026-jeep-compass-limited-3c4njdcn6tt297820/123?store={store_code}	BLUE	11 miles	Compass	3C4NJDCN6TT297820	2026	31229 USD	62082	31229 USD	MI	no	Compass	No	Over 20k
3C4NJDCN8TT297737	2026 Jeep Compass Limited	Jeep	https://furymotors.com/for-sale/jeep-compass-limited-minneapolis-mn/2026-jeep-compass-limited-3c4njdcn8tt297737/	33272 USD	2026 Red Hot Pearlcoat Jeep Compass Limited 2.0L I4 DOHC For sale at Fury Motors South St. Paul in South St. Paul Minnesota.	https://vimg.remora.inc/574896/3c4njdcn8tt297737-2026-jeep-compass-limited-red-hot-pearlcoat-1-114154.avif	in stock	NEW	SUV	Vehicles & Parts > Vehicles > Motor Vehicles > Cars, Trucks & Vans	3C4NJDCN8TT297737	https://furymotors.com/for-sale/jeep-compass-limited-minneapolis-mn/2026-jeep-compass-limited-3c4njdcn8tt297737/123?store={store_code}	RED	11 miles	Compass	3C4NJDCN8TT297737	2026	33272 USD	62082	33272 USD	MI	no	Compass	No	Over 20k
3C4NJDCN8TT297785	2026 Jeep Compass Limited	Jeep	https://furymotors.com/for-sale/jeep-compass-limited-minneapolis-mn/2026-jeep-compass-limited-3c4njdcn8tt297785/	31759 USD	2026 Diamond Black Crystal Pearlcoat Jeep Compass Limited 2.0L I4 DOHC For sale at Fury Motors South St. Paul in South St. Paul Minnesota.	https://vimg.remora.inc/546537/3c4njdcn8tt297785-2026-jeep-compass-limited-diamond-black-crystal-pearlcoat-1-113466.avif	in stock	NEW	SUV	Vehicles & Parts > Vehicles > Motor Vehicles > Cars, Trucks & Vans	3C4NJDCN8TT297785	https://furymotors.com/for-sale/jeep-compass-limited-minneapolis-mn/2026-jeep-compass-limited-3c4njdcn8tt297785/123?store={store_code}	BLACK	10 miles	Compass	3C4NJDCN8TT297785	2026	31759 USD	62082	31759 USD	MI	no	Compass	No	Over 20k
3C4NJDCN8TT297818	2026 Jeep Compass Limited	Jeep	https://furymotors.com/for-sale/jeep-compass-limited-minneapolis-mn/2026-jeep-compass-limited-3c4njdcn8tt297818/	31229 USD	2026 Bright White Clearcoat Jeep Compass Limited 2.0L I4 DOHC For sale at Fury Motors South St. Paul in South St. Paul Minnesota.	https://vimg.remora.inc/574898/3c4njdcn8tt297818-2026-jeep-compass-limited-bright-white-clearcoat-1-114154.avif	in stock	NEW	SUV	Vehicles & Parts > Vehicles > Motor Vehicles > Cars, Trucks & Vans	3C4NJDCN8TT297818	https://furymotors.com/for-sale/jeep-compass-limited-minneapolis-mn/2026-jeep-compass-limited-3c4njdcn8tt297818/123?store={store_code}	WHITE	12 miles	Compass	3C4NJDCN8TT297818	2026	31229 USD	62082	31229 USD	MI	no	Compass	No	Over 20k
3C4NJDCN8TT297821	2026 Jeep Compass Limited	Jeep	https://furymotors.com/for-sale/jeep-compass-limited-minneapolis-mn/2026-jeep-compass-limited-3c4njdcn8tt297821/	31759 USD	2026 Silver Zynith Metallic Clearcoat Jeep Compass Limited 2.0L I4 DOHC For sale at Fury Motors South St. Paul in South St. Paul Minnesota.	https://vimg.remora.inc/581302/3c4njdcn8tt297821-2026-jeep-compass-limited-silver-zynith-metallic-clearcoat-1-114261.avif	in stock	NEW	SUV	Vehicles & Parts > Vehicles > Motor Vehicles > Cars, Trucks & Vans	3C4NJDCN8TT297821	https://furymotors.com/for-sale/jeep-compass-limited-minneapolis-mn/2026-jeep-compass-limited-3c4njdcn8tt297821/123?store={store_code}	SILVER	10 miles	Compass	3C4NJDCN8TT297821	2026	31759 USD	62082	31759 USD	MI	no	Compass	No	Over 20k
3C4NJDCNXTT269292	2026 Jeep Compass Limited	Jeep	https://furymotors.com/for-sale/jeep-compass-limited-minneapolis-mn/2026-jeep-compass-limited-3c4njdcnxtt269292/	29729 USD	2026 Bright White Clearcoat Jeep Compass Limited 2.0L I4 DOHC For sale at Fury Motors South St. Paul in South St. Paul Minnesota.	https://vimg.remora.inc/434680/3c4njdcnxtt269292-2026-jeep-compass-limited-bright-white-clearcoat-1-112138.avif	in stock	NEW	SUV	Vehicles & Parts > Vehicles > Motor Vehicles > Cars, Trucks & Vans	3C4NJDCNXTT269292	https://furymotors.com/for-sale/jeep-compass-limited-minneapolis-mn/2026-jeep-compass-limited-3c4njdcnxtt269292/123?store={store_code}	WHITE	11 miles	Compass	3C4NJDCNXTT269292	2026	29729 USD	62082	29729 USD	MI	no	Compass	No	Over 20k
3C4NJDCNXTT297786	2026 Jeep Compass Limited	Jeep	https://furymotors.com/for-sale/jeep-compass-limited-minneapolis-mn/2026-jeep-compass-limited-3c4njdcnxtt297786/	31759 USD	2026 Diamond Black Crystal Pearlcoat Jeep Compass Limited 2.0L I4 DOHC For sale at Fury Motors South St. Paul in South St. Paul Minnesota.	https://vimg.remora.inc/546540/3c4njdcnxtt297786-2026-jeep-compass-limited-diamond-black-crystal-pearlcoat-1-113506.avif	in stock	NEW	SUV	Vehicles & Parts > Vehicles > Motor Vehicles > Cars, Trucks & Vans	3C4NJDCNXTT297786	https://furymotors.com/for-sale/jeep-compass-limited-minneapolis-mn/2026-jeep-compass-limited-3c4njdcnxtt297786/123?store={store_code}	BLACK	13 miles	Compass	3C4NJDCNXTT297786	2026	31759 USD	62082	31759 USD	MI	no	Compass	No	Over 20k
3C4NJDCNXTT297819	2026 Jeep Compass Limited	Jeep	https://furymotors.com/for-sale/jeep-compass-limited-minneapolis-mn/2026-jeep-compass-limited-3c4njdcnxtt297819/	31759 USD	2026 Fathom Blue Pearl Coat Jeep Compass Limited 2.0L I4 DOHC For sale at Fury Motors South St. Paul in South St. Paul Minnesota.	https://vimg.remora.inc/576374/3c4njdcnxtt297819-2026-jeep-compass-limited-fathom-blue-pearl-coat-1-114138.avif	in stock	NEW	SUV	Vehicles & Parts > Vehicles > Motor Vehicles > Cars, Trucks & Vans	3C4NJDCNXTT297819	https://furymotors.com/for-sale/jeep-compass-limited-minneapolis-mn/2026-jeep-compass-limited-3c4njdcnxtt297819/123?store={store_code}	BLUE	11 miles	Compass	3C4NJDCNXTT297819	2026	31759 USD	62082	31759 USD	MI	no	Compass	No	Over 20k
3C4NJDCNXTT297822	2026 Jeep Compass Limited	Jeep	https://furymotors.com/for-sale/jeep-compass-limited-minneapolis-mn/2026-jeep-compass-limited-3c4njdcnxtt297822/	31759 USD	2026 Sting-Gray Clearcoat Jeep Compass Limited 2.0L I4 DOHC For sale at Fury Motors South St. Paul in South St. Paul Minnesota.	https://vimg.remora.inc/574897/3c4njdcnxtt297822-2026-jeep-compass-limited-sting-gray-clearcoat-1-114154.avif	in stock	NEW	SUV	Vehicles & Parts > Vehicles > Motor Vehicles > Cars, Trucks & Vans	3C4NJDCNXTT297822	https://furymotors.com/for-sale/jeep-compass-limited-minneapolis-mn/2026-jeep-compass-limited-3c4njdcnxtt297822/123?store={store_code}	GRAY	14 miles	Compass	3C4NJDCNXTT297822	2026	31759 USD	62082	31759 USD	MI	no	Compass	No	Over 20k
3C4NJDCN5VT559166	2027 Jeep Compass Limited	Jeep	https://furymotors.com/for-sale/jeep-compass-limited-minneapolis-mn/2027-jeep-compass-limited-3c4njdcn5vt559166/	38430 USD	2027 Diamond Black Crystal Pearlcoat Jeep Compass Limited 2.0L I4 DOHC For sale at Fury Motors South St. Paul in South St. Paul Minnesota.	https://vimg.remora.inc/404.avif	in stock	NEW	SUV	Vehicles & Parts > Vehicles > Motor Vehicles > Cars, Trucks & Vans	3C4NJDCN5VT559166	https://furymotors.com/for-sale/jeep-compass-limited-minneapolis-mn/2027-jeep-compass-limited-3c4njdcn5vt559166/123?store={store_code}	BLACK	10 miles	Compass	3C4NJDCN5VT559166	2027	38430 USD	62082	38430 USD	MI	no	Compass	No	Over 20k
3C4NJDCN7VT559170	2027 Jeep Compass Limited	Jeep	https://furymotors.com/for-sale/jeep-compass-limited-minneapolis-mn/2027-jeep-compass-limited-3c4njdcn7vt559170/	37835 USD	2027 Hydro Blue Pearlcoat Jeep Compass Limited 2.0L I4 DOHC For sale at Fury Motors South St. Paul in South St. Paul Minnesota.	https://vimg.remora.inc/404.avif	in stock	NEW	SUV	Vehicles & Parts > Vehicles > Motor Vehicles > Cars, Trucks & Vans	3C4NJDCN7VT559170	https://furymotors.com/for-sale/jeep-compass-limited-minneapolis-mn/2027-jeep-compass-limited-3c4njdcn7vt559170/123?store={store_code}	BLUE	10 miles	Compass	3C4NJDCN7VT559170	2027	37835 USD	62082	37835 USD	MI	no	Compass	No	Over 20k
3C4NJDBN4TT288535	2026 Jeep Compass	Jeep	https://furymotors.com/for-sale/jeep-compass-minneapolis-mn/2026-jeep-compass-3c4njdbn4tt288535/	30942 USD	2026 Bright White Clearcoat Jeep Compass 2.0L I4 DOHC For sale at Fury Motors South St. Paul in South St. Paul Minnesota.	https://vimg.remora.inc/509538/3c4njdbn4tt288535-2026-jeep-compass-bright-white-clearcoat-1-112986.avif	in stock	NEW	SUV	Vehicles & Parts > Vehicles > Motor Vehicles > Cars, Trucks & Vans	3C4NJDBN4TT288535	https://furymotors.com/for-sale/jeep-compass-minneapolis-mn/2026-jeep-compass-3c4njdbn4tt288535/123?store={store_code}	WHITE	18 miles	Compass	3C4NJDBN4TT288535	2026	30942 USD	62082	30942 USD	MI	no	Compass	No	Over 20k
3C4NJDBN6TT288536	2026 Jeep Compass	Jeep	https://furymotors.com/for-sale/jeep-compass-minneapolis-mn/2026-jeep-compass-3c4njdbn6tt288536/	31472 USD	2026 Diamond Black Crystal Pearlcoat Jeep Compass 2.0L I4 DOHC For sale at Fury Motors South St. Paul in South St. Paul Minnesota.	https://vimg.remora.inc/480176/3c4njdbn6tt288536-2026-jeep-compass-diamond-black-crystal-pearlcoat-1-112720.avif	in stock	NEW	SUV	Vehicles & Parts > Vehicles > Motor Vehicles > Cars, Trucks & Vans	3C4NJDBN6TT288536	https://furymotors.com/for-sale/jeep-compass-minneapolis-mn/2026-jeep-compass-3c4njdbn6tt288536/123?store={store_code}	BLACK	9 miles	Compass	3C4NJDBN6TT288536	2026	31472 USD	62082	31472 USD	MI	no	Compass	No	Over 20k
3C4NJDBN8TT288537	2026 Jeep Compass	Jeep	https://furymotors.com/for-sale/jeep-compass-minneapolis-mn/2026-jeep-compass-3c4njdbn8tt288537/	31472 USD	2026 Silver Zynith Metallic Clearcoat Jeep Compass 2.0L I4 DOHC For sale at Fury Motors South St. Paul in South St. Paul Minnesota.	https://vimg.remora.inc/476130/3c4njdbn8tt288537-2026-jeep-compass-silver-zynith-metallic-clearcoat-1-112238.avif	in stock	NEW	SUV	Vehicles & Parts > Vehicles > Motor Vehicles > Cars, Trucks & Vans	3C4NJDBN8TT288537	https://furymotors.com/for-sale/jeep-compass-minneapolis-mn/2026-jeep-compass-3c4njdbn8tt288537/123?store={store_code}	SILVER	12 miles	Compass	3C4NJDBN8TT288537	2026	31472 USD	62082	31472 USD	MI	no	Compass	No	Over 20k
1C6PJTAG1TL186232	2026 Jeep Gladiator 85th Anniversary Edition	Jeep	https://furymotors.com/for-sale/jeep-gladiator-85th-anniversary-edition-minneapolis-mn/2026-jeep-gladiator-85th-anniversary-edition-1c6pjtag1tl186232/	46143 USD	2026 Granite Crystal Metallic Clearcoat Jeep Gladiator 85th Anniversary Edition 3.6L V6 24V VVT For sale at Fury Motors South St. Paul in South St. Paul Minnesota.	https://vimg.remora.inc/440788/1c6pjtag1tl186232-2026-jeep-gladiator-85th-anniversary-edition-granite-crystal-metallic-clearcoat-1-111675.avif	in stock	NEW	TRUCK	Vehicles & Parts > Vehicles > Motor Vehicles > Cars, Trucks & Vans	1C6PJTAG1TL186232	https://furymotors.com/for-sale/jeep-gladiator-85th-anniversary-edition-minneapolis-mn/2026-jeep-gladiator-85th-anniversary-edition-1c6pjtag1tl186232/123?store={store_code}	GRAY	15 miles	Gladiator	1C6PJTAG1TL186232	2026	46143 USD	62082	46143 USD	MI	no	Gladiator	No	Over 20k
1C6PJTAG3TL185602	2026 Jeep Gladiator 85th Anniversary Edition	Jeep	https://furymotors.com/for-sale/jeep-gladiator-85th-anniversary-edition-minneapolis-mn/2026-jeep-gladiator-85th-anniversary-edition-1c6pjtag3tl185602/	46143 USD	2026 Black Clearcoat Jeep Gladiator 85th Anniversary Edition 3.6L V6 24V VVT For sale at Fury Motors South St. Paul in South St. Paul Minnesota.	https://vimg.remora.inc/432944/1c6pjtag3tl185602-2026-jeep-gladiator-85th-anniversary-edition-black-clearcoat-1-111734.avif	in stock	NEW	TRUCK	Vehicles & Parts > Vehicles > Motor Vehicles > Cars, Trucks & Vans	1C6PJTAG3TL185602	https://furymotors.com/for-sale/jeep-gladiator-85th-anniversary-edition-minneapolis-mn/2026-jeep-gladiator-85th-anniversary-edition-1c6pjtag3tl185602/123?store={store_code}	BLACK	15 miles	Gladiator	1C6PJTAG3TL185602	2026	46143 USD	62082	46143 USD	MI	no	Gladiator	No	Over 20k
1C6RJTBG1TL182379	2026 Jeep Gladiator Rubicon	Jeep	https://furymotors.com/for-sale/jeep-gladiator-rubicon-minneapolis-mn/2026-jeep-gladiator-rubicon-1c6rjtbg1tl182379/	49398 USD	2026 Black Clearcoat Jeep Gladiator Rubicon 3.6L V6 24V VVT For sale at Fury Motors South St. Paul in South St. Paul Minnesota.	https://vimg.remora.inc/318760/1c6rjtbg1tl182379-2026-jeep-gladiator-rubicon-black-clearcoat-1-112550.avif	in stock	NEW	TRUCK	Vehicles & Parts > Vehicles > Motor Vehicles > Cars, Trucks & Vans	1C6RJTBG1TL182379	https://furymotors.com/for-sale/jeep-gladiator-rubicon-minneapolis-mn/2026-jeep-gladiator-rubicon-1c6rjtbg1tl182379/123?store={store_code}	BLACK	9 miles	Gladiator	1C6RJTBG1TL182379	2026	49398 USD	62082	49398 USD	MI	no	Gladiator	No	Over 20k
1C6RJTBG7VL555993	2027 Jeep Gladiator Rubicon	Jeep	https://furymotors.com/for-sale/jeep-gladiator-rubicon-minneapolis-mn/2027-jeep-gladiator-rubicon-1c6rjtbg7vl555993/	61115 USD	2027 Black Clearcoat Jeep Gladiator Rubicon 3.6L V6 24V VVT For sale at Fury Motors South St. Paul in South St. Paul Minnesota.	https://vimg.remora.inc/616109/1c6rjtbg7vl555993-2027-jeep-gladiator-rubicon-black-clearcoat-1-114133.avif	in stock	NEW	TRUCK	Vehicles & Parts > Vehicles > Motor Vehicles > Cars, Trucks & Vans	1C6RJTBG7VL555993	https://furymotors.com/for-sale/jeep-gladiator-rubicon-minneapolis-mn/2027-jeep-gladiator-rubicon-1c6rjtbg7vl555993/123?store={store_code}	BLACK	10 miles	Gladiator	1C6RJTBG7VL555993	2027	61115 USD	62082	61115 USD	MI	no	Gladiator	No	Over 20k
1C6PJTAG0TL159877	2026 Jeep Gladiator Sport	Jeep	https://furymotors.com/for-sale/jeep-gladiator-sport-minneapolis-mn/2026-jeep-gladiator-sport-1c6pjtag0tl159877/	37750 USD	2026 Black Clearcoat Jeep Gladiator Sport 3.6L V6 24V VVT For sale at Fury Motors South St. Paul in South St. Paul Minnesota.	https://vimg.remora.inc/156490/1c6pjtag0tl159877-2026-jeep-gladiator-sport-black-clearcoat-1-109042.avif	in stock	NEW	TRUCK	Vehicles & Parts > Vehicles > Motor Vehicles > Cars, Trucks & Vans	1C6PJTAG0TL159877	https://furymotors.com/for-sale/jeep-gladiator-sport-minneapolis-mn/2026-jeep-gladiator-sport-1c6pjtag0tl159877/123?store={store_code}	BLACK	11 miles	Gladiator	1C6PJTAG0TL159877	2026	37750 USD	62082	37750 USD	MI	no	Gladiator	No	Over 20k
1C6PJTAG2TL181931	2026 Jeep Gladiator Sport S	Jeep	https://furymotors.com/for-sale/jeep-gladiator-sport-s-minneapolis-mn/2026-jeep-gladiator-sport-s-1c6pjtag2tl181931/	43176 USD	2026 Granite Crystal Metallic Clearcoat Jeep Gladiator Sport S 3.6L V6 24V VVT For sale at Fury Motors South St. Paul in South St. Paul Minnesota.	https://vimg.remora.inc/350264/1c6pjtag2tl181931-2026-jeep-gladiator-sport-s-granite-crystal-metallic-clearcoat-1-113486.avif	in stock	NEW	TRUCK	Vehicles & Parts > Vehicles > Motor Vehicles > Cars, Trucks & Vans	1C6PJTAG2TL181931	https://furymotors.com/for-sale/jeep-gladiator-sport-s-minneapolis-mn/2026-jeep-gladiator-sport-s-1c6pjtag2tl181931/123?store={store_code}	GRAY	15 miles	Gladiator	1C6PJTAG2TL181931	2026	43176 USD	62082	43176 USD	MI	no	Gladiator	No	Over 20k
1C6PJTAG9TL163233	2026 Jeep Gladiator Sport S	Jeep	https://furymotors.com/for-sale/jeep-gladiator-sport-s-minneapolis-mn/2026-jeep-gladiator-sport-s-1c6pjtag9tl163233/	40329 USD	2026 Granite Crystal Metallic Clearcoat Jeep Gladiator Sport S 3.6L V6 24V VVT For sale at Fury Motors South St. Paul in South St. Paul Minnesota.	https://vimg.remora.inc/177373/1c6pjtag9tl163233-2026-jeep-gladiator-sport-s-granite-crystal-metallic-clearcoat-1-113193.avif	in stock	NEW	TRUCK	Vehicles & Parts > Vehicles > Motor Vehicles > Cars, Trucks & Vans	1C6PJTAG9TL163233	https://furymotors.com/for-sale/jeep-gladiator-sport-s-minneapolis-mn/2026-jeep-gladiator-sport-s-1c6pjtag9tl163233/123?store={store_code}	GRAY	8 miles	Gladiator	1C6PJTAG9TL163233	2026	40329 USD	62082	40329 USD	MI	no	Gladiator	No	Over 20k
1C4RJHAR0V8150456	2027 Jeep Grand Cherokee Altitude	Jeep	https://furymotors.com/for-sale/jeep-grand-cherokee-altitude-minneapolis-mn/2027-jeep-grand-cherokee-altitude-1c4rjhar0v8150456/	48800 USD	2027 Bright White Clearcoat Jeep Grand Cherokee Altitude 2.0L Hurricane 4 Turbo with ESS For sale at Fury Motors South St. Paul in South St. Paul Minnesota.	https://vimg.remora.inc/557142/1c4rjhar0v8150456-2027-jeep-grand-cherokee-altitude-bright-white-clearcoat-1-113650.avif	in stock	NEW	SUV	Vehicles & Parts > Vehicles > Motor Vehicles > Cars, Trucks & Vans	1C4RJHAR0V8150456	https://furymotors.com/for-sale/jeep-grand-cherokee-altitude-minneapolis-mn/2027-jeep-grand-cherokee-altitude-1c4rjhar0v8150456/123?store={store_code}	WHITE	15 miles	Grand Cherokee	1C4RJHAR0V8150456	2027	48800 USD	62082	48800 USD	MI	no	Grand Cherokee	No	Over 20k
1C4RJKAR4T8575026	2026 Jeep Grand Cherokee L Altitude	Jeep	https://furymotors.com/for-sale/jeep-grand-cherokee-l-altitude-minneapolis-mn/2026-jeep-grand-cherokee-l-altitude-1c4rjkar4t8575026/	41672 USD	2026 Bright White Clearcoat Jeep Grand Cherokee L Altitude 2.0L Hurricane 4 Turbo with ESS For sale at Fury Motors South St. Paul in South St. Paul Minnesota.	https://vimg.remora.inc/420479/1c4rjkar4t8575026-2026-jeep-grand-cherokee-l-laredo-bright-white-clearcoat-1-112266.avif	in stock	NEW	SUV	Vehicles & Parts > Vehicles > Motor Vehicles > Cars, Trucks & Vans	1C4RJKAR4T8575026	https://furymotors.com/for-sale/jeep-grand-cherokee-l-altitude-minneapolis-mn/2026-jeep-grand-cherokee-l-altitude-1c4rjkar4t8575026/123?store={store_code}	WHITE	10 miles	Grand Cherokee L	1C4RJKAR4T8575026	2026	41672 USD	62082	41672 USD	MI	no	Grand Cherokee L	No	Over 20k
1C4RJKAR0V8151698	2027 Jeep Grand Cherokee L Laredo Altitude	Jeep	https://furymotors.com/for-sale/jeep-grand-cherokee-l-laredo-altitude-minneapolis-mn/2027-jeep-grand-cherokee-l-laredo-altitude-1c4rjkar0v8151698/	51895 USD	2027 High Gloss Black Jeep Grand Cherokee L Laredo Altitude 2.0L Hurricane 4 Turbo with ESS For sale at Fury Motors South St. Paul in South St. Paul Minnesota.	https://vimg.remora.inc/573481/1c4rjkar0v8151698-2027-jeep-grand-cherokee-l-laredo-altitude-high-gloss-black-1-113631.avif	in stock	NEW	SUV	Vehicles & Parts > Vehicles > Motor Vehicles > Cars, Trucks & Vans	1C4RJKAR0V8151698	https://furymotors.com/for-sale/jeep-grand-cherokee-l-laredo-altitude-minneapolis-mn/2027-jeep-grand-cherokee-l-laredo-altitude-1c4rjkar0v8151698/123?store={store_code}	BLACK	16 miles	Grand Cherokee L	1C4RJKAR0V8151698	2027	51895 USD	62082	51895 USD	MI	no	Grand Cherokee L	No	Over 20k
1C4RJKAR9V8151697	2027 Jeep Grand Cherokee L Laredo Altitude	Jeep	https://furymotors.com/for-sale/jeep-grand-cherokee-l-laredo-altitude-minneapolis-mn/2027-jeep-grand-cherokee-l-laredo-altitude-1c4rjkar9v8151697/	51300 USD	2027 Bright White Clearcoat Jeep Grand Cherokee L Laredo Altitude 2.0L Hurricane 4 Turbo with ESS For sale at Fury Motors South St. Paul in South St. Paul Minnesota.	https://vimg.remora.inc/565067/1c4rjkar9v8151697-2027-jeep-grand-cherokee-l-laredo-altitude-bright-white-clearcoat-1-114258.avif	in stock	NEW	SUV	Vehicles & Parts > Vehicles > Motor Vehicles > Cars, Trucks & Vans	1C4RJKAR9V8151697	https://furymotors.com/for-sale/jeep-grand-cherokee-l-laredo-altitude-minneapolis-mn/2027-jeep-grand-cherokee-l-laredo-altitude-1c4rjkar9v8151697/123?store={store_code}	WHITE	14 miles	Grand Cherokee L	1C4RJKAR9V8151697	2027	51300 USD	62082	51300 USD	MI	no	Grand Cherokee L	No	Over 20k
1C4RJKAG0T8592811	2026 Jeep Grand Cherokee L Laredo X	Jeep	https://furymotors.com/for-sale/jeep-grand-cherokee-l-laredo-x-minneapolis-mn/2026-jeep-grand-cherokee-l-laredo-x-1c4rjkag0t8592811/	36957 USD	2026 Bright White Clearcoat Jeep Grand Cherokee L Laredo X 3.6L V6 24V VVT For sale at Fury Motors South St. Paul in South St. Paul Minnesota.	https://vimg.remora.inc/415389/1c4rjkag0t8592811-2026-jeep-grand-cherokee-l-laredo-bright-white-clearcoat-1-111750.avif	in stock	NEW	SUV	Vehicles & Parts > Vehicles > Motor Vehicles > Cars, Trucks & Vans	1C4RJKAG0T8592811	https://furymotors.com/for-sale/jeep-grand-cherokee-l-laredo-x-minneapolis-mn/2026-jeep-grand-cherokee-l-laredo-x-1c4rjkag0t8592811/123?store={store_code}	WHITE	495 miles	Grand Cherokee L	1C4RJKAG0T8592811	2026	36957 USD	62082	36957 USD	MI	no	Grand Cherokee L	No	Over 20k
1C4RJKAG9T8588790	2026 Jeep Grand Cherokee L Laredo X	Jeep	https://furymotors.com/for-sale/jeep-grand-cherokee-l-laredo-x-minneapolis-mn/2026-jeep-grand-cherokee-l-laredo-x-1c4rjkag9t8588790/	40007 USD	2026 Diamond Black Crystal Pearlcoat Jeep Grand Cherokee L Laredo X 3.6L V6 24V VVT For sale at Fury Motors South St. Paul in South St. Paul Minnesota.	https://vimg.remora.inc/453449/1c4rjkag9t8588790-2026-jeep-grand-cherokee-l-laredo-diamond-black-crystal-pearlcoat-1-112146.avif	in stock	NEW	SUV	Vehicles & Parts > Vehicles > Motor Vehicles > Cars, Trucks & Vans	1C4RJKAG9T8588790	https://furymotors.com/for-sale/jeep-grand-cherokee-l-laredo-x-minneapolis-mn/2026-jeep-grand-cherokee-l-laredo-x-1c4rjkag9t8588790/123?store={store_code}	BLACK	20 miles	Grand Cherokee L	1C4RJKAG9T8588790	2026	40007 USD	62082	40007 USD	MI	no	Grand Cherokee L	No	Over 20k
1C4RJKBR2T8604487	2026 Jeep Grand Cherokee L Limited	Jeep	https://furymotors.com/for-sale/jeep-grand-cherokee-l-limited-minneapolis-mn/2026-jeep-grand-cherokee-l-limited-1c4rjkbr2t8604487/	42563 USD	2026 Bright White Clearcoat Jeep Grand Cherokee L Limited 2.0L Hurricane 4 Turbo with ESS For sale at Fury Motors South St. Paul in South St. Paul Minnesota.	https://vimg.remora.inc/482188/1c4rjkbr2t8604487-2026-jeep-grand-cherokee-l-limited-bright-white-clearcoat-1-112906.avif	in stock	NEW	SUV	Vehicles & Parts > Vehicles > Motor Vehicles > Cars, Trucks & Vans	1C4RJKBR2T8604487	https://furymotors.com/for-sale/jeep-grand-cherokee-l-limited-minneapolis-mn/2026-jeep-grand-cherokee-l-limited-1c4rjkbr2t8604487/123?store={store_code}	WHITE	11 miles	Grand Cherokee L	1C4RJKBR2T8604487	2026	42563 USD	62082	42563 USD	MI	no	Grand Cherokee L	No	Over 20k
1C4RJKBR7T8597858	2026 Jeep Grand Cherokee L Limited	Jeep	https://furymotors.com/for-sale/jeep-grand-cherokee-l-limited-minneapolis-mn/2026-jeep-grand-cherokee-l-limited-1c4rjkbr7t8597858/	46365 USD	2026 Copper Shino Metallic Clearcoat Jeep Grand Cherokee L Limited 2.0L Hurricane 4 Turbo with ESS For sale at Fury Motors South St. Paul in South St. Paul Minnesota.	https://vimg.remora.inc/505636/1c4rjkbr7t8597858-2026-jeep-grand-cherokee-l-limited-copper-shino-metallic-clearcoat-1-113154.avif	in stock	NEW	SUV	Vehicles & Parts > Vehicles > Motor Vehicles > Cars, Trucks & Vans	1C4RJKBR7T8597858	https://furymotors.com/for-sale/jeep-grand-cherokee-l-limited-minneapolis-mn/2026-jeep-grand-cherokee-l-limited-1c4rjkbr7t8597858/123?store={store_code}	ORANGE	24 miles	Grand Cherokee L	1C4RJKBR7T8597858	2026	46365 USD	62082	46365 USD	MI	no	Grand Cherokee L	No	Over 20k
1C4RJKBR3V8155372	2027 Jeep Grand Cherokee L Limited	Jeep	https://furymotors.com/for-sale/jeep-grand-cherokee-l-limited-minneapolis-mn/2027-jeep-grand-cherokee-l-limited-1c4rjkbr3v8155372/	50570 USD	2027 High Gloss Black Jeep Grand Cherokee L Limited 2.0L Hurricane 4 Turbo with ESS For sale at Fury Motors South St. Paul in South St. Paul Minnesota.	https://vimg.remora.inc/590563/1c4rjkbr3v8155372-2027-jeep-grand-cherokee-l-limited-high-gloss-black-1-114255.avif	in stock	NEW	SUV	Vehicles & Parts > Vehicles > Motor Vehicles > Cars, Trucks & Vans	1C4RJKBR3V8155372	https://furymotors.com/for-sale/jeep-grand-cherokee-l-limited-minneapolis-mn/2027-jeep-grand-cherokee-l-limited-1c4rjkbr3v8155372/123?store={store_code}	BLACK	12 miles	Grand Cherokee L	1C4RJKBR3V8155372	2027	50570 USD	62082	50570 USD	MI	no	Grand Cherokee L	No	Over 20k
1C4RJKBR3V8157994	2027 Jeep Grand Cherokee L Limited	Jeep	https://furymotors.com/for-sale/jeep-grand-cherokee-l-limited-minneapolis-mn/2027-jeep-grand-cherokee-l-limited-1c4rjkbr3v8157994/	53990 USD	2027 High Gloss Black Jeep Grand Cherokee L Limited 2.0L Hurricane 4 Turbo with ESS For sale at Fury Motors South St. Paul in South St. Paul Minnesota.	https://vimg.remora.inc/583791/1c4rjkbr3v8157994-2027-jeep-grand-cherokee-l-limited-high-gloss-black-1-113669.avif	in stock	NEW	SUV	Vehicles & Parts > Vehicles > Motor Vehicles > Cars, Trucks & Vans	1C4RJKBR3V8157994	https://furymotors.com/for-sale/jeep-grand-cherokee-l-limited-minneapolis-mn/2027-jeep-grand-cherokee-l-limited-1c4rjkbr3v8157994/123?store={store_code}	BLACK	10 miles	Grand Cherokee L	1C4RJKBR3V8157994	2027	53990 USD	62082	53990 USD	MI	no	Grand Cherokee L	No	Over 20k
1C4RJKBR3T8596075	2026 Jeep Grand Cherokee L	Jeep	https://furymotors.com/for-sale/jeep-grand-cherokee-l-minneapolis-mn/2026-jeep-grand-cherokee-l-1c4rjkbr3t8596075/	45717 USD	2026 Bright White Clearcoat Jeep Grand Cherokee L 2.0L Hurricane 4 Turbo with ESS For sale at Fury Motors South St. Paul in South St. Paul Minnesota.	https://vimg.remora.inc/513000/1c4rjkbr3t8596075-2026-jeep-grand-cherokee-l-bright-white-clearcoat-1-112720.avif	in stock	NEW	SUV	Vehicles & Parts > Vehicles > Motor Vehicles > Cars, Trucks & Vans	1C4RJKBR3T8596075	https://furymotors.com/for-sale/jeep-grand-cherokee-l-minneapolis-mn/2026-jeep-grand-cherokee-l-1c4rjkbr3t8596075/123?store={store_code}	WHITE	61 miles	Grand Cherokee L	1C4RJKBR3T8596075	2026	45717 USD	62082	45717 USD	MI	no	Grand Cherokee L	No	Over 20k
1C4RJKBR5T8599060	2026 Jeep Grand Cherokee L Limited	Jeep	https://furymotors.com/for-sale/jeep-grand-cherokee-l-minneapolis-mn/2026-jeep-grand-cherokee-l-1c4rjkbr5t8599060/	45042 USD	2026 Bright White Clearcoat Jeep Grand Cherokee L Limited 2.0L Hurricane 4 Turbo with ESS For sale at Fury Motors South St. Paul in South St. Paul Minnesota.	https://vimg.remora.inc/450054/1c4rjkbr5t8599060-2026-jeep-grand-cherokee-l-bright-white-clearcoat-1-113421.avif	in stock	NEW	SUV	Vehicles & Parts > Vehicles > Motor Vehicles > Cars, Trucks & Vans	1C4RJKBR5T8599060	https://furymotors.com/for-sale/jeep-grand-cherokee-l-minneapolis-mn/2026-jeep-grand-cherokee-l-1c4rjkbr5t8599060/123?store={store_code}	WHITE	50 miles	Grand Cherokee L	1C4RJKBR5T8599060	2026	45042 USD	62082	45042 USD	MI	no	Grand Cherokee L	No	Over 20k
1C4RJKER3V8162723	2027 Jeep Grand Cherokee L Summit	Jeep	https://furymotors.com/for-sale/jeep-grand-cherokee-l-summit-minneapolis-mn/2027-jeep-grand-cherokee-l-summit-1c4rjker3v8162723/	68585 USD	2027 High Gloss Black Jeep Grand Cherokee L Summit 2.0L I4 PDI Turbocharged DOHC 16V LEV3-SULEV30 324hp For sale at Fury Motors South St. Paul in South St. Paul Minnesota.	https://vimg.remora.inc/601328/1c4rjker3v8162723-2027-jeep-grand-cherokee-l-summit-high-gloss-black-1-114322.avif	in stock	NEW	SUV	Vehicles & Parts > Vehicles > Motor Vehicles > Cars, Trucks & Vans	1C4RJKER3V8162723	https://furymotors.com/for-sale/jeep-grand-cherokee-l-summit-minneapolis-mn/2027-jeep-grand-cherokee-l-summit-1c4rjker3v8162723/123?store={store_code}	BLACK	15 miles	Grand Cherokee L	1C4RJKER3V8162723	2027	68585 USD	62082	68585 USD	MI	no	Grand Cherokee L	No	Over 20k
1C4RJHAR2V8150457	2027 Jeep Grand Cherokee Laredo Altitude	Jeep	https://furymotors.com/for-sale/jeep-grand-cherokee-laredo-altitude-minneapolis-mn/2027-jeep-grand-cherokee-laredo-altitude-1c4rjhar2v8150457/	49395 USD	2027 High Gloss Black Jeep Grand Cherokee Laredo Altitude 2.0L Hurricane 4 Turbo with ESS For sale at Fury Motors South St. Paul in South St. Paul Minnesota.	https://vimg.remora.inc/555552/1c4rjhar2v8150457-2027-jeep-grand-cherokee-laredo-altitude-high-gloss-black-1-113486.avif	in stock	NEW	SUV	Vehicles & Parts > Vehicles > Motor Vehicles > Cars, Trucks & Vans	1C4RJHAR2V8150457	https://furymotors.com/for-sale/jeep-grand-cherokee-laredo-altitude-minneapolis-mn/2027-jeep-grand-cherokee-laredo-altitude-1c4rjhar2v8150457/123?store={store_code}	BLACK	30 miles	Grand Cherokee	1C4RJHAR2V8150457	2027	49395 USD	62082	49395 USD	MI	no	Grand Cherokee	No	Over 20k
1C4RJHBR1TC227960	2026 Jeep Grand Cherokee Limited	Jeep	https://furymotors.com/for-sale/jeep-grand-cherokee-limited-minneapolis-mn/2026-jeep-grand-cherokee-limited-1c4rjhbr1tc227960/	38709 USD	2026 Diamond Black Crystal Pearlcoat Jeep Grand Cherokee Limited 2.0L Hurricane 4 Turbo with ESS For sale at Fury Motors South St. Paul in South St. Paul Minnesota.	https://vimg.remora.inc/291130/1c4rjhbr1tc227960-2026-jeep-grand-cherokee-limited-diamond-black-crystal-pearlcoat-1-109221.avif	in stock	NEW	SUV	Vehicles & Parts > Vehicles > Motor Vehicles > Cars, Trucks & Vans	1C4RJHBR1TC227960	https://furymotors.com/for-sale/jeep-grand-cherokee-limited-minneapolis-mn/2026-jeep-grand-cherokee-limited-1c4rjhbr1tc227960/123?store={store_code}	BLACK	26 miles	Grand Cherokee	1C4RJHBR1TC227960	2026	38709 USD	62082	38709 USD	MI	no	Grand Cherokee	No	Over 20k
1C4RJHBR2TC304254	2026 Jeep Grand Cherokee Limited	Jeep	https://furymotors.com/for-sale/jeep-grand-cherokee-limited-minneapolis-mn/2026-jeep-grand-cherokee-limited-1c4rjhbr2tc304254/	43321 USD	2026 Silver Zynith Jeep Grand Cherokee Limited 2.0L Hurricane 4 Turbo with ESS For sale at Fury Motors South St. Paul in South St. Paul Minnesota.	https://vimg.remora.inc/494302/1c4rjhbr2tc304254-2026-jeep-grand-cherokee-limited-silver-zynith-1-112622.avif	in stock	NEW	SUV	Vehicles & Parts > Vehicles > Motor Vehicles > Cars, Trucks & Vans	1C4RJHBR2TC304254	https://furymotors.com/for-sale/jeep-grand-cherokee-limited-minneapolis-mn/2026-jeep-grand-cherokee-limited-1c4rjhbr2tc304254/123?store={store_code}	SILVER	22 miles	Grand Cherokee	1C4RJHBR2TC304254	2026	43321 USD	62082	43321 USD	MI	no	Grand Cherokee	No	Over 20k
1C4RJHBR5TC227962	2026 Jeep Grand Cherokee Limited	Jeep	https://furymotors.com/for-sale/jeep-grand-cherokee-limited-minneapolis-mn/2026-jeep-grand-cherokee-limited-1c4rjhbr5tc227962/	38709 USD	2026 Silver Zynith Jeep Grand Cherokee Limited 2.0L Hurricane 4 Turbo with ESS For sale at Fury Motors South St. Paul in South St. Paul Minnesota.	https://vimg.remora.inc/350262/1c4rjhbr5tc227962-2026-jeep-grand-cherokee-limited-silver-zynith-1-112474.avif	in stock	NEW	SUV	Vehicles & Parts > Vehicles > Motor Vehicles > Cars, Trucks & Vans	1C4RJHBR5TC227962	https://furymotors.com/for-sale/jeep-grand-cherokee-limited-minneapolis-mn/2026-jeep-grand-cherokee-limited-1c4rjhbr5tc227962/123?store={store_code}	SILVER	9 miles	Grand Cherokee	1C4RJHBR5TC227962	2026	38709 USD	62082	38709 USD	MI	no	Grand Cherokee	No	Over 20k
1C4RJHBR5TC304250	2026 Jeep Grand Cherokee Limited	Jeep	https://furymotors.com/for-sale/jeep-grand-cherokee-limited-minneapolis-mn/2026-jeep-grand-cherokee-limited-1c4rjhbr5tc304250/	39822 USD	2026 Diamond Black Crystal Pearlcoat Jeep Grand Cherokee Limited 2.0L Hurricane 4 Turbo with ESS For sale at Fury Motors South St. Paul in South St. Paul Minnesota.	https://vimg.remora.inc/477370/1c4rjhbr5tc304250-2026-jeep-grand-cherokee-limited-diamond-black-crystal-pearlcoat-1-112313.avif	in stock	NEW	SUV	Vehicles & Parts > Vehicles > Motor Vehicles > Cars, Trucks & Vans	1C4RJHBR5TC304250	https://furymotors.com/for-sale/jeep-grand-cherokee-limited-minneapolis-mn/2026-jeep-grand-cherokee-limited-1c4rjhbr5tc304250/123?store={store_code}	BLACK	2 miles	Grand Cherokee	1C4RJHBR5TC304250	2026	39822 USD	62082	39822 USD	MI	no	Grand Cherokee	No	Over 20k
1C4RJHBR7TC227963	2026 Jeep Grand Cherokee Limited	Jeep	https://furymotors.com/for-sale/jeep-grand-cherokee-limited-minneapolis-mn/2026-jeep-grand-cherokee-limited-1c4rjhbr7tc227963/	38709 USD	2026 Silver Zynith Jeep Grand Cherokee Limited 2.0L Hurricane 4 Turbo with ESS For sale at Fury Motors South St. Paul in South St. Paul Minnesota.	https://vimg.remora.inc/294809/1c4rjhbr7tc227963-2026-jeep-grand-cherokee-limited-silver-zynith-1-113267.avif	in stock	NEW	SUV	Vehicles & Parts > Vehicles > Motor Vehicles > Cars, Trucks & Vans	1C4RJHBR7TC227963	https://furymotors.com/for-sale/jeep-grand-cherokee-limited-minneapolis-mn/2026-jeep-grand-cherokee-limited-1c4rjhbr7tc227963/123?store={store_code}	SILVER	15 miles	Grand Cherokee	1C4RJHBR7TC227963	2026	38709 USD	62082	38709 USD	MI	no	Grand Cherokee	No	Over 20k
1C4RJHBR7TC304248	2026 Jeep Grand Cherokee Limited	Jeep	https://furymotors.com/for-sale/jeep-grand-cherokee-limited-minneapolis-mn/2026-jeep-grand-cherokee-limited-1c4rjhbr7tc304248/	38863 USD	2026 Bright White Clearcoat Jeep Grand Cherokee Limited 2.0L Hurricane 4 Turbo with ESS For sale at Fury Motors South St. Paul in South St. Paul Minnesota.	https://vimg.remora.inc/482186/1c4rjhbr7tc304248-2026-jeep-grand-cherokee-limited-bright-white-clearcoat-1-112306.avif	in stock	NEW	SUV	Vehicles & Parts > Vehicles > Motor Vehicles > Cars, Trucks & Vans	1C4RJHBR7TC304248	https://furymotors.com/for-sale/jeep-grand-cherokee-limited-minneapolis-mn/2026-jeep-grand-cherokee-limited-1c4rjhbr7tc304248/123?store={store_code}	WHITE	9 miles	Grand Cherokee	1C4RJHBR7TC304248	2026	38863 USD	62082	38863 USD	MI	no	Grand Cherokee	No	Over 20k
1C4RJHBR7TC304251	2026 Jeep Grand Cherokee Limited	Jeep	https://furymotors.com/for-sale/jeep-grand-cherokee-limited-minneapolis-mn/2026-jeep-grand-cherokee-limited-1c4rjhbr7tc304251/	41589 USD	2026 Silver Zynith Jeep Grand Cherokee Limited 2.0L Hurricane 4 Turbo with ESS For sale at Fury Motors South St. Paul in South St. Paul Minnesota.	https://vimg.remora.inc/492284/1c4rjhbr7tc304251-2026-jeep-grand-cherokee-limited-silver-zynith-1-112839.avif	in stock	NEW	SUV	Vehicles & Parts > Vehicles > Motor Vehicles > Cars, Trucks & Vans	1C4RJHBR7TC304251	https://furymotors.com/for-sale/jeep-grand-cherokee-limited-minneapolis-mn/2026-jeep-grand-cherokee-limited-1c4rjhbr7tc304251/123?store={store_code}	SILVER	13 miles	Grand Cherokee	1C4RJHBR7TC304251	2026	41589 USD	62082	41589 USD	MI	no	Grand Cherokee	No	Over 20k
1C4RJHBR8TC304257	2026 Jeep Grand Cherokee Limited	Jeep	https://furymotors.com/for-sale/jeep-grand-cherokee-limited-minneapolis-mn/2026-jeep-grand-cherokee-limited-1c4rjhbr8tc304257/	40822 USD	2026 Silver Zynith Jeep Grand Cherokee Limited 2.0L Hurricane 4 Turbo with ESS For sale at Fury Motors South St. Paul in South St. Paul Minnesota.	https://vimg.remora.inc/482187/1c4rjhbr8tc304257-2026-jeep-grand-cherokee-limited-silver-zynith-1-112310.avif	in stock	NEW	SUV	Vehicles & Parts > Vehicles > Motor Vehicles > Cars, Trucks & Vans	1C4RJHBR8TC304257	https://furymotors.com/for-sale/jeep-grand-cherokee-limited-minneapolis-mn/2026-jeep-grand-cherokee-limited-1c4rjhbr8tc304257/123?store={store_code}	SILVER	8 miles	Grand Cherokee	1C4RJHBR8TC304257	2026	40822 USD	62082	40822 USD	MI	no	Grand Cherokee	No	Over 20k
1C4RJHBR0V8150214	2027 Jeep Grand Cherokee Limited	Jeep	https://furymotors.com/for-sale/jeep-grand-cherokee-limited-minneapolis-mn/2027-jeep-grand-cherokee-limited-1c4rjhbr0v8150214/	50995 USD	2027 Copper Shino Metallic Clearcoat Jeep Grand Cherokee Limited 2.0L Hurricane 4 Turbo with ESS For sale at Fury Motors South St. Paul in South St. Paul Minnesota.	https://vimg.remora.inc/555548/1c4rjhbr0v8150214-2027-jeep-grand-cherokee-limited-copper-shino-metallic-clearcoat-1-113506.avif	in stock	NEW	SUV	Vehicles & Parts > Vehicles > Motor Vehicles > Cars, Trucks & Vans	1C4RJHBR0V8150214	https://furymotors.com/for-sale/jeep-grand-cherokee-limited-minneapolis-mn/2027-jeep-grand-cherokee-limited-1c4rjhbr0v8150214/123?store={store_code}	ORANGE	16 miles	Grand Cherokee	1C4RJHBR0V8150214	2027	50995 USD	62082	50995 USD	MI	no	Grand Cherokee	No	Over 20k
1C4RJHBR4V8150796	2027 Jeep Grand Cherokee Limited	Jeep	https://furymotors.com/for-sale/jeep-grand-cherokee-limited-minneapolis-mn/2027-jeep-grand-cherokee-limited-1c4rjhbr4v8150796/	50220 USD	2027 Fathom Blue Pearlcoat Jeep Grand Cherokee Limited 2.0L Hurricane 4 Turbo with ESS For sale at Fury Motors South St. Paul in South St. Paul Minnesota.	https://vimg.remora.inc/555549/1c4rjhbr4v8150796-2027-jeep-grand-cherokee-limited-fathom-blue-pearlcoat-1-113661.avif	in stock	NEW	SUV	Vehicles & Parts > Vehicles > Motor Vehicles > Cars, Trucks & Vans	1C4RJHBR4V8150796	https://furymotors.com/for-sale/jeep-grand-cherokee-limited-minneapolis-mn/2027-jeep-grand-cherokee-limited-1c4rjhbr4v8150796/123?store={store_code}	BLUE	12 miles	Grand Cherokee	1C4RJHBR4V8150796	2027	50220 USD	62082	50220 USD	MI	no	Grand Cherokee	No	Over 20k
1C4RJHBR5V8150712	2027 Jeep Grand Cherokee Limited	Jeep	https://furymotors.com/for-sale/jeep-grand-cherokee-limited-minneapolis-mn/2027-jeep-grand-cherokee-limited-1c4rjhbr5v8150712/	49620 USD	2027 High Gloss Black Jeep Grand Cherokee Limited 2.0L Hurricane 4 Turbo with ESS For sale at Fury Motors South St. Paul in South St. Paul Minnesota.	https://vimg.remora.inc/602913/1c4rjhbr5v8150712-2027-jeep-grand-cherokee-limited-high-gloss-black-1-114154.avif	in stock	NEW	SUV	Vehicles & Parts > Vehicles > Motor Vehicles > Cars, Trucks & Vans	1C4RJHBR5V8150712	https://furymotors.com/for-sale/jeep-grand-cherokee-limited-minneapolis-mn/2027-jeep-grand-cherokee-limited-1c4rjhbr5v8150712/123?store={store_code}	BLACK	10 miles	Grand Cherokee	1C4RJHBR5V8150712	2027	49620 USD	62082	49620 USD	MI	no	Grand Cherokee	No	Over 20k
1C4RJHBR7V8155684	2027 Jeep Grand Cherokee Limited	Jeep	https://furymotors.com/for-sale/jeep-grand-cherokee-limited-minneapolis-mn/2027-jeep-grand-cherokee-limited-1c4rjhbr7v8155684/	48400 USD	2027 Copper Shino Metallic Clearcoat Jeep Grand Cherokee Limited 2.0L Hurricane 4 Turbo with ESS For sale at Fury Motors South St. Paul in South St. Paul Minnesota.	https://vimg.remora.inc/555550/1c4rjhbr7v8155684-2027-jeep-grand-cherokee-limited-copper-shino-metallic-clearcoat-1-113631.avif	in stock	NEW	SUV	Vehicles & Parts > Vehicles > Motor Vehicles > Cars, Trucks & Vans	1C4RJHBR7V8155684	https://furymotors.com/for-sale/jeep-grand-cherokee-limited-minneapolis-mn/2027-jeep-grand-cherokee-limited-1c4rjhbr7v8155684/123?store={store_code}	ORANGE	21 miles	Grand Cherokee	1C4RJHBR7V8155684	2027	48400 USD	62082	48400 USD	MI	no	Grand Cherokee	No	Over 20k
1C4RJHBR9V8150454	2027 Jeep Grand Cherokee Limited	Jeep	https://furymotors.com/for-sale/jeep-grand-cherokee-limited-minneapolis-mn/2027-jeep-grand-cherokee-limited-1c4rjhbr9v8150454/	50400 USD	2027 Bright White Clearcoat Jeep Grand Cherokee Limited 2.0L Hurricane 4 Turbo with ESS For sale at Fury Motors South St. Paul in South St. Paul Minnesota.	https://vimg.remora.inc/555551/1c4rjhbr9v8150454-2027-jeep-grand-cherokee-limited-bright-white-clearcoat-1-113486.avif	in stock	NEW	SUV	Vehicles & Parts > Vehicles > Motor Vehicles > Cars, Trucks & Vans	1C4RJHBR9V8150454	https://furymotors.com/for-sale/jeep-grand-cherokee-limited-minneapolis-mn/2027-jeep-grand-cherokee-limited-1c4rjhbr9v8150454/123?store={store_code}	WHITE	17 miles	Grand Cherokee	1C4RJHBR9V8150454	2027	50400 USD	62082	50400 USD	MI	no	Grand Cherokee	No	Over 20k
1C4RJHBR6V8150444	2027 Jeep Grand Cherokee Limited Reserve	Jeep	https://furymotors.com/for-sale/jeep-grand-cherokee-limited-reserve-minneapolis-mn/2027-jeep-grand-cherokee-limited-reserve-1c4rjhbr6v8150444/	54565 USD	2027 Steel Blue Jeep Grand Cherokee Limited Reserve 2.0L Hurricane 4 Turbo with ESS For sale at Fury Motors South St. Paul in South St. Paul Minnesota.	https://vimg.remora.inc/616108/1c4rjhbr6v8150444-2027-jeep-grand-cherokee-limited-reserve-steel-blue-1-114133.avif	in stock	NEW	SUV	Vehicles & Parts > Vehicles > Motor Vehicles > Cars, Trucks & Vans	1C4RJHBR6V8150444	https://furymotors.com/for-sale/jeep-grand-cherokee-limited-reserve-minneapolis-mn/2027-jeep-grand-cherokee-limited-reserve-1c4rjhbr6v8150444/123?store={store_code}	GRAY	10 miles	Grand Cherokee	1C4RJHBR6V8150444	2027	54565 USD	62082	54565 USD	MI	no	Grand Cherokee	No	Over 20k
1C4RJHBRXV8159597	2027 Jeep Grand Cherokee Limited Reserve	Jeep	https://furymotors.com/for-sale/jeep-grand-cherokee-limited-reserve-minneapolis-mn/2027-jeep-grand-cherokee-limited-reserve-1c4rjhbrxv8159597/	54990 USD	2027 Sting-Gray Clearcoat Jeep Grand Cherokee Limited Reserve 2.0L Hurricane 4 Turbo with ESS For sale at Fury Motors South St. Paul in South St. Paul Minnesota.	https://vimg.remora.inc/595075/1c4rjhbrxv8159597-2027-jeep-grand-cherokee-limited-reserve-sting-gray-clearcoat-1-113842.avif	in stock	NEW	SUV	Vehicles & Parts > Vehicles > Motor Vehicles > Cars, Trucks & Vans	1C4RJHBRXV8159597	https://furymotors.com/for-sale/jeep-grand-cherokee-limited-reserve-minneapolis-mn/2027-jeep-grand-cherokee-limited-reserve-1c4rjhbrxv8159597/123?store={store_code}	GRAY	10 miles	Grand Cherokee	1C4RJHBRXV8159597	2027	54990 USD	62082	54990 USD	MI	no	Grand Cherokee	No	Over 20k
1C4SJVAPXTS194382	2026 Jeep Grand Wagoneer 85th Anniversary Edition	Jeep	https://furymotors.com/for-sale/jeep-grand-wagoneer-85th-anniversary-edition-minneapolis-mn/2026-jeep-grand-wagoneer-85th-anniversary-edition-1c4sjvapxts194382/	74135 USD	2026 Bright White Clearcoat Jeep Grand Wagoneer 85th Anniversary Edition 3.0L I6 For sale at Fury Motors South St. Paul in South St. Paul Minnesota.	https://vimg.remora.inc/469117/1c4sjvapxts194382-2026-jeep-grand-wagoneer-85th-anniversary-edition-bright-white-clearcoat-1-112497.avif	in stock	NEW	SUV	Vehicles & Parts > Vehicles > Motor Vehicles > Cars, Trucks & Vans	1C4SJVAPXTS194382	https://furymotors.com/for-sale/jeep-grand-wagoneer-85th-anniversary-edition-minneapolis-mn/2026-jeep-grand-wagoneer-85th-anniversary-edition-1c4sjvapxts194382/123?store={store_code}	WHITE	25 miles	Grand Wagoneer	1C4SJVAPXTS194382	2026	74135 USD	62082	74135 USD	MI	no	Grand Wagoneer	No	Over 20k
1C4SJSBP4TS156255	2026 Jeep Grand Wagoneer L Limited Altitude	Jeep	https://furymotors.com/for-sale/jeep-grand-wagoneer-l-limited-altitude-minneapolis-mn/2026-jeep-grand-wagoneer-l-limited-altitude-1c4sjsbp4ts156255/	73670 USD	2026 Baltic Gray Metallic Clearcoat Jeep Grand Wagoneer L Limited Altitude 3.0L I6 For sale at Fury Motors South St. Paul in South St. Paul Minnesota.	https://vimg.remora.inc/206768/1c4sjsbp4ts156255-2026-jeep-grand-wagoneer-l-limited-altitude-baltic-gray-metallic-clearcoat-1-112215.avif	in stock	NEW	SUV	Vehicles & Parts > Vehicles > Motor Vehicles > Cars, Trucks & Vans	1C4SJSBP4TS156255	https://furymotors.com/for-sale/jeep-grand-wagoneer-l-limited-altitude-minneapolis-mn/2026-jeep-grand-wagoneer-l-limited-altitude-1c4sjsbp4ts156255/123?store={store_code}	GRAY	481 miles	Grand Wagoneer L	1C4SJSBP4TS156255	2026	73670 USD	62082	73670 USD	MI	no	Grand Wagoneer L	No	Over 20k
1C4SJSBPXTS161783	2026 Jeep Grand Wagoneer L Limited Altitude	Jeep	https://furymotors.com/for-sale/jeep-grand-wagoneer-l-limited-altitude-minneapolis-mn/2026-jeep-grand-wagoneer-l-limited-altitude-1c4sjsbpxts161783/	75170 USD	2026 High Gloss Black Jeep Grand Wagoneer L Limited Altitude 3.0L I6 For sale at Fury Motors South St. Paul in South St. Paul Minnesota.	https://vimg.remora.inc/253832/1c4sjsbpxts161783-2026-jeep-grand-wagoneer-l-limited-altitude-high-gloss-black-1-109624.avif	in stock	NEW	SUV	Vehicles & Parts > Vehicles > Motor Vehicles > Cars, Trucks & Vans	1C4SJSBPXTS161783	https://furymotors.com/for-sale/jeep-grand-wagoneer-l-limited-altitude-minneapolis-mn/2026-jeep-grand-wagoneer-l-limited-altitude-1c4sjsbpxts161783/123?store={store_code}	BLACK	85 miles	Grand Wagoneer L	1C4SJSBPXTS161783	2026	75170 USD	62082	75170 USD	MI	no	Grand Wagoneer L	No	Over 20k
1C4SJSBP6TS178824	2026 Jeep Grand Wagoneer L Limited Reserve	Jeep	https://furymotors.com/for-sale/jeep-grand-wagoneer-l-limited-reserve-minneapolis-mn/2026-jeep-grand-wagoneer-l-limited-reserve-1c4sjsbp6ts178824/	78400 USD	2026 Silver Zynith Jeep Grand Wagoneer L Limited Reserve 3.0L I6 For sale at Fury Motors South St. Paul in South St. Paul Minnesota.	https://vimg.remora.inc/339148/1c4sjsbp6ts178824-2026-jeep-grand-wagoneer-l-limited-reserve-silver-zynith-1-111783.avif	in stock	NEW	SUV	Vehicles & Parts > Vehicles > Motor Vehicles > Cars, Trucks & Vans	1C4SJSBP6TS178824	https://furymotors.com/for-sale/jeep-grand-wagoneer-l-limited-reserve-minneapolis-mn/2026-jeep-grand-wagoneer-l-limited-reserve-1c4sjsbp6ts178824/123?store={store_code}	SILVER	118 miles	Grand Wagoneer L	1C4SJSBP6TS178824	2026	78400 USD	62082	78400 USD	MI	no	Grand Wagoneer L	No	Over 20k
1C4SJSEPXTS179535	2026 Jeep Grand Wagoneer L Summit Obsidian	Jeep	https://furymotors.com/for-sale/jeep-grand-wagoneer-l-summit-obsidian-minneapolis-mn/2026-jeep-grand-wagoneer-l-summit-obsidian-1c4sjsepxts179535/	92350 USD	2026 Bright White Clearcoat Jeep Grand Wagoneer L Summit Obsidian 3.0L I6 For sale at Fury Motors South St. Paul in South St. Paul Minnesota.	https://vimg.remora.inc/405930/1c4sjsepxts179535-2026-jeep-grand-wagoneer-l-summit-obsidian-bright-white-clearcoat-1-111879.avif	in stock	NEW	SUV	Vehicles & Parts > Vehicles > Motor Vehicles > Cars, Trucks & Vans	1C4SJSEPXTS179535	https://furymotors.com/for-sale/jeep-grand-wagoneer-l-summit-obsidian-minneapolis-mn/2026-jeep-grand-wagoneer-l-summit-obsidian-1c4sjsepxts179535/123?store={store_code}	WHITE	18 miles	Grand Wagoneer L	1C4SJSEPXTS179535	2026	92350 USD	62082	92350 USD	MI	no	Grand Wagoneer L	No	Over 20k
1C4SJSEP1TS183893	2026 Jeep Grand Wagoneer L Summit Reserve	Jeep	https://furymotors.com/for-sale/jeep-grand-wagoneer-l-summit-reserve-minneapolis-mn/2026-jeep-grand-wagoneer-l-summit-reserve-1c4sjsep1ts183893/	98545 USD	2026 Silver Zynith Jeep Grand Wagoneer L Summit Reserve 3.0L I6 For sale at Fury Motors South St. Paul in South St. Paul Minnesota.	https://vimg.remora.inc/405929/1c4sjsep1ts183893-2026-jeep-grand-wagoneer-l-summit-reserve-silver-zynith-1-112385.avif	in stock	NEW	SUV	Vehicles & Parts > Vehicles > Motor Vehicles > Cars, Trucks & Vans	1C4SJSEP1TS183893	https://furymotors.com/for-sale/jeep-grand-wagoneer-l-summit-reserve-minneapolis-mn/2026-jeep-grand-wagoneer-l-summit-reserve-1c4sjsep1ts183893/123?store={store_code}	SILVER	21 miles	Grand Wagoneer L	1C4SJSEP1TS183893	2026	98545 USD	62082	98545 USD	MI	no	Grand Wagoneer L	No	Over 20k
1C4SJSEP5TS172072	2026 Jeep Grand Wagoneer L Summit Reserve	Jeep	https://furymotors.com/for-sale/jeep-grand-wagoneer-l-summit-reserve-minneapolis-mn/2026-jeep-grand-wagoneer-l-summit-reserve-1c4sjsep5ts172072/	98775 USD	2026 Bright White Clearcoat Jeep Grand Wagoneer L Summit Reserve 3.0L I6 For sale at Fury Motors South St. Paul in South St. Paul Minnesota.	https://vimg.remora.inc/399763/1c4sjsep5ts172072-2026-jeep-grand-wagoneer-l-summit-reserve-bright-white-clearcoat-1-111879.avif	in stock	NEW	SUV	Vehicles & Parts > Vehicles > Motor Vehicles > Cars, Trucks & Vans	1C4SJSEP5TS172072	https://furymotors.com/for-sale/jeep-grand-wagoneer-l-summit-reserve-minneapolis-mn/2026-jeep-grand-wagoneer-l-summit-reserve-1c4sjsep5ts172072/123?store={store_code}	WHITE	37 miles	Grand Wagoneer L	1C4SJSEP5TS172072	2026	98775 USD	62082	98775 USD	MI	no	Grand Wagoneer L	No	Over 20k
1C4SJVBP5TS164639	2026 Jeep Grand Wagoneer Limited Reserve	Jeep	https://furymotors.com/for-sale/jeep-grand-wagoneer-limited-reserve-minneapolis-mn/2026-jeep-grand-wagoneer-limited-reserve-1c4sjvbp5ts164639/	74575 USD	2026 Baltic Gray Metallic Clearcoat Jeep Grand Wagoneer Limited Reserve 3.0L I6 For sale at Fury Motors South St. Paul in South St. Paul Minnesota.	https://vimg.remora.inc/374612/1c4sjvbp5ts164639-2026-jeep-grand-wagoneer-limited-reserve-baltic-gray-metallic-clearcoat-1-113850.avif	in stock	NEW	SUV	Vehicles & Parts > Vehicles > Motor Vehicles > Cars, Trucks & Vans	1C4SJVBP5TS164639	https://furymotors.com/for-sale/jeep-grand-wagoneer-limited-reserve-minneapolis-mn/2026-jeep-grand-wagoneer-limited-reserve-1c4sjvbp5ts164639/123?store={store_code}	GRAY	333 miles	Grand Wagoneer	1C4SJVBP5TS164639	2026	74575 USD	62082	74575 USD	MI	no	Grand Wagoneer	No	Over 20k
1C4SJVBP8TS156468	2026 Jeep Grand Wagoneer Limited Reserve	Jeep	https://furymotors.com/for-sale/jeep-grand-wagoneer-limited-reserve-minneapolis-mn/2026-jeep-grand-wagoneer-limited-reserve-1c4sjvbp8ts156468/	76075 USD	2026 Silver Zynith Jeep Grand Wagoneer Limited Reserve 3.0L I6 For sale at Fury Motors South St. Paul in South St. Paul Minnesota.	https://vimg.remora.inc/248260/1c4sjvbp8ts156468-2026-jeep-grand-wagoneer-limited-reserve-silver-zynith-1-114174.avif	in stock	NEW	SUV	Vehicles & Parts > Vehicles > Motor Vehicles > Cars, Trucks & Vans	1C4SJVBP8TS156468	https://furymotors.com/for-sale/jeep-grand-wagoneer-limited-reserve-minneapolis-mn/2026-jeep-grand-wagoneer-limited-reserve-1c4sjvbp8ts156468/123?store={store_code}	SILVER	10 miles	Grand Wagoneer	1C4SJVBP8TS156468	2026	76075 USD	62082	76075 USD	MI	no	Grand Wagoneer	No	Over 20k
1C4SJVBPXTS151577	2026 Jeep Grand Wagoneer Limited Reserve	Jeep	https://furymotors.com/for-sale/jeep-grand-wagoneer-limited-reserve-minneapolis-mn/2026-jeep-grand-wagoneer-limited-reserve-1c4sjvbpxts151577/	77505 USD	2026 Baltic Gray Metallic Clearcoat Jeep Grand Wagoneer Limited Reserve 3.0L I6 For sale at Fury Motors South St. Paul in South St. Paul Minnesota.	https://vimg.remora.inc/216701/1c4sjvbpxts151577-2026-jeep-grand-wagoneer-limited-reserve-baltic-gray-metallic-clearcoat-1-113177.avif	in stock	NEW	SUV	Vehicles & Parts > Vehicles > Motor Vehicles > Cars, Trucks & Vans	1C4SJVBPXTS151577	https://furymotors.com/for-sale/jeep-grand-wagoneer-limited-reserve-minneapolis-mn/2026-jeep-grand-wagoneer-limited-reserve-1c4sjvbpxts151577/123?store={store_code}	GRAY	22 miles	Grand Wagoneer	1C4SJVBPXTS151577	2026	77505 USD	62082	77505 USD	MI	no	Grand Wagoneer	No	Over 20k
1C4SJVAP5TS177893	2026 Jeep Grand Wagoneer	Jeep	https://furymotors.com/for-sale/jeep-grand-wagoneer-minneapolis-mn/2026-jeep-grand-wagoneer-1c4sjvap5ts177893/	65265 USD	2026 Fathom Blue Pearlcoat Jeep Grand Wagoneer 3.0L I6 For sale at Fury Motors South St. Paul in South St. Paul Minnesota.	https://vimg.remora.inc/451747/1c4sjvap5ts177893-2026-jeep-grand-wagoneer-fathom-blue-pearlcoat-1-112215.avif	in stock	NEW	SUV	Vehicles & Parts > Vehicles > Motor Vehicles > Cars, Trucks & Vans	1C4SJVAP5TS177893	https://furymotors.com/for-sale/jeep-grand-wagoneer-minneapolis-mn/2026-jeep-grand-wagoneer-1c4sjvap5ts177893/123?store={store_code}	BLUE	10 miles	Grand Wagoneer	1C4SJVAP5TS177893	2026	65265 USD	62082	65265 USD	MI	no	Grand Wagoneer	No	Over 20k
1C4SJVEP4TS178821	2026 Jeep Grand Wagoneer Summit Obsidian	Jeep	https://furymotors.com/for-sale/jeep-grand-wagoneer-summit-obsidian-minneapolis-mn/2026-jeep-grand-wagoneer-summit-obsidian-1c4sjvep4ts178821/	91351 USD	2026 Bright White Clearcoat Jeep Grand Wagoneer Summit Obsidian 3.0L I6 For sale at Fury Motors South St. Paul in South St. Paul Minnesota.	https://vimg.remora.inc/413720/1c4sjvep4ts178821-2026-jeep-grand-wagoneer-summit-obsidian-bright-white-clearcoat-1-111735.avif	in stock	NEW	SUV	Vehicles & Parts > Vehicles > Motor Vehicles > Cars, Trucks & Vans	1C4SJVEP4TS178821	https://furymotors.com/for-sale/jeep-grand-wagoneer-summit-obsidian-minneapolis-mn/2026-jeep-grand-wagoneer-summit-obsidian-1c4sjvep4ts178821/123?store={store_code}	WHITE	718 miles	Grand Wagoneer	1C4SJVEP4TS178821	2026	91351 USD	62082	91351 USD	MI	no	Grand Wagoneer	No	Over 20k
1C4SJVEP5TS202835	2026 Jeep Grand Wagoneer Summit Obsidian	Jeep	https://furymotors.com/for-sale/jeep-grand-wagoneer-summit-obsidian-minneapolis-mn/2026-jeep-grand-wagoneer-summit-obsidian-1c4sjvep5ts202835/	93351 USD	2026 Bright White Clearcoat Jeep Grand Wagoneer Summit Obsidian 3.0L I6 For sale at Fury Motors South St. Paul in South St. Paul Minnesota.	https://vimg.remora.inc/557143/1c4sjvep5ts202835-2026-jeep-grand-wagoneer-summit-obsidian-bright-white-clearcoat-1-113490.avif	in stock	NEW	SUV	Vehicles & Parts > Vehicles > Motor Vehicles > Cars, Trucks & Vans	1C4SJVEP5TS202835	https://furymotors.com/for-sale/jeep-grand-wagoneer-summit-obsidian-minneapolis-mn/2026-jeep-grand-wagoneer-summit-obsidian-1c4sjvep5ts202835/123?store={store_code}	WHITE	12 miles	Grand Wagoneer	1C4SJVEP5TS202835	2026	93351 USD	62082	93351 USD	MI	no	Grand Wagoneer	No	Over 20k
1C4SJVEP3TS202770	2026 Jeep Grand Wagoneer Summit Reserve	Jeep	https://furymotors.com/for-sale/jeep-grand-wagoneer-summit-reserve-minneapolis-mn/2026-jeep-grand-wagoneer-summit-reserve-1c4sjvep3ts202770/	97940 USD	2026 High Gloss Black Jeep Grand Wagoneer Summit Reserve 3.0L I6 For sale at Fury Motors South St. Paul in South St. Paul Minnesota.	https://vimg.remora.inc/528181/1c4sjvep3ts202770-2026-jeep-grand-wagoneer-summit-reserve-high-gloss-black-1-113506.avif	in stock	NEW	SUV	Vehicles & Parts > Vehicles > Motor Vehicles > Cars, Trucks & Vans	1C4SJVEP3TS202770	https://furymotors.com/for-sale/jeep-grand-wagoneer-summit-reserve-minneapolis-mn/2026-jeep-grand-wagoneer-summit-reserve-1c4sjvep3ts202770/123?store={store_code}	BLACK	17 miles	Grand Wagoneer	1C4SJVEP3TS202770	2026	97940 USD	62082	97940 USD	MI	no	Grand Wagoneer	No	Over 20k
1C4SJVEP6TS196995	2026 Jeep Grand Wagoneer Summit Reserve	Jeep	https://furymotors.com/for-sale/jeep-grand-wagoneer-summit-reserve-minneapolis-mn/2026-jeep-grand-wagoneer-summit-reserve-1c4sjvep6ts196995/	98145 USD	2026 Fathom Blue Pearlcoat Jeep Grand Wagoneer Summit Reserve 3.0L I6 For sale at Fury Motors South St. Paul in South St. Paul Minnesota.	https://vimg.remora.inc/509537/1c4sjvep6ts196995-2026-jeep-grand-wagoneer-summit-reserve-fathom-blue-pearlcoat-1-112839.avif	in stock	NEW	SUV	Vehicles & Parts > Vehicles > Motor Vehicles > Cars, Trucks & Vans	1C4SJVEP6TS196995	https://furymotors.com/for-sale/jeep-grand-wagoneer-summit-reserve-minneapolis-mn/2026-jeep-grand-wagoneer-summit-reserve-1c4sjvep6ts196995/123?store={store_code}	BLUE	295 miles	Grand Wagoneer	1C4SJVEP6TS196995	2026	98145 USD	62082	98145 USD	MI	no	Grand Wagoneer	No	Over 20k
1C4SJVEP7TS202092	2026 Jeep Grand Wagoneer Summit Reserve	Jeep	https://furymotors.com/for-sale/jeep-grand-wagoneer-summit-reserve-minneapolis-mn/2026-jeep-grand-wagoneer-summit-reserve-1c4sjvep7ts202092/	99140 USD	2026 Fathom Blue Pearlcoat Jeep Grand Wagoneer Summit Reserve 3.0L I6 For sale at Fury Motors South St. Paul in South St. Paul Minnesota.	https://vimg.remora.inc/555547/1c4sjvep7ts202092-2026-jeep-grand-wagoneer-summit-reserve-fathom-blue-pearlcoat-1-113506.avif	in stock	NEW	SUV	Vehicles & Parts > Vehicles > Motor Vehicles > Cars, Trucks & Vans	1C4SJVEP7TS202092	https://furymotors.com/for-sale/jeep-grand-wagoneer-summit-reserve-minneapolis-mn/2026-jeep-grand-wagoneer-summit-reserve-1c4sjvep7ts202092/123?store={store_code}	BLUE	32 miles	Grand Wagoneer	1C4SJVEP7TS202092	2026	99140 USD	62082	99140 USD	MI	no	Grand Wagoneer	No	Over 20k
1C4SJVAPXTS196519	2026 Jeep Grand Wagoneer Upland	Jeep	https://furymotors.com/for-sale/jeep-grand-wagoneer-upland-minneapolis-mn/2026-jeep-grand-wagoneer-upland-1c4sjvapxts196519/	70400 USD	2026 Fathom Blue Pearlcoat Jeep Grand Wagoneer Upland 3.0L I6 For sale at Fury Motors South St. Paul in South St. Paul Minnesota.	https://vimg.remora.inc/502276/1c4sjvapxts196519-2026-jeep-grand-wagoneer-upland-fathom-blue-pearlcoat-1-112986.avif	in stock	NEW	SUV	Vehicles & Parts > Vehicles > Motor Vehicles > Cars, Trucks & Vans	1C4SJVAPXTS196519	https://furymotors.com/for-sale/jeep-grand-wagoneer-upland-minneapolis-mn/2026-jeep-grand-wagoneer-upland-1c4sjvapxts196519/123?store={store_code}	BLUE	12 miles	Grand Wagoneer	1C4SJVAPXTS196519	2026	70400 USD	62082	70400 USD	MI	no	Grand Wagoneer	No	Over 20k
1C4PJXDN0TW281390	2026 Jeep Wrangler 85th Anniversary Edition	Jeep	https://furymotors.com/for-sale/jeep-wrangler-85th-anniversary-edition-minneapolis-mn/2026-jeep-wrangler-85th-anniversary-edition-1c4pjxdn0tw281390/	43929 USD	2026 Black Clearcoat Jeep Wrangler 85th Anniversary Edition 2.0L I4 DOHC For sale at Fury Motors South St. Paul in South St. Paul Minnesota.	https://vimg.remora.inc/394010/1c4pjxdn0tw281390-2026-jeep-wrangler-black-clearcoat-1-111798.avif	in stock	NEW	SUV	Vehicles & Parts > Vehicles > Motor Vehicles > Cars, Trucks & Vans	1C4PJXDN0TW281390	https://furymotors.com/for-sale/jeep-wrangler-85th-anniversary-edition-minneapolis-mn/2026-jeep-wrangler-85th-anniversary-edition-1c4pjxdn0tw281390/123?store={store_code}	BLACK	32 miles	Wrangler	1C4PJXDN0TW281390	2026	43929 USD	62082	43929 USD	MI	no	Wrangler	No	Over 20k
1C4PJXDN1TW297131	2026 Jeep Wrangler 85th Anniversary Edition	Jeep	https://furymotors.com/for-sale/jeep-wrangler-85th-anniversary-edition-minneapolis-mn/2026-jeep-wrangler-85th-anniversary-edition-1c4pjxdn1tw297131/	41989 USD	2026 Bright White Clearcoat Jeep Wrangler 85th Anniversary Edition 2.0L I4 DOHC For sale at Fury Motors South St. Paul in South St. Paul Minnesota.	https://vimg.remora.inc/394011/1c4pjxdn1tw297131-2026-jeep-wrangler-85th-anniversary-edition-bright-white-clearcoat-1-113002.avif	in stock	NEW	SUV	Vehicles & Parts > Vehicles > Motor Vehicles > Cars, Trucks & Vans	1C4PJXDN1TW297131	https://furymotors.com/for-sale/jeep-wrangler-85th-anniversary-edition-minneapolis-mn/2026-jeep-wrangler-85th-anniversary-edition-1c4pjxdn1tw297131/123?store={store_code}	WHITE	15 miles	Wrangler	1C4PJXDN1TW297131	2026	41989 USD	62082	41989 USD	MI	no	Wrangler	No	Over 20k
1C4PJXDN8TW264921	2026 Jeep Wrangler 85th Anniversary Edition	Jeep	https://furymotors.com/for-sale/jeep-wrangler-85th-anniversary-edition-minneapolis-mn/2026-jeep-wrangler-85th-anniversary-edition-1c4pjxdn8tw264921/	44956 USD	2026 Granite Crystal Metallic Clearcoat Jeep Wrangler 85th Anniversary Edition 2.0L I4 DOHC For sale at Fury Motors South St. Paul in South St. Paul Minnesota.	https://vimg.remora.inc/395299/1c4pjxdn8tw264921-2026-jeep-wrangler-85th-anniversary-edition-granite-crystal-metallic-clearcoat-1-112479.avif	in stock	NEW	SUV	Vehicles & Parts > Vehicles > Motor Vehicles > Cars, Trucks & Vans	1C4PJXDN8TW264921	https://furymotors.com/for-sale/jeep-wrangler-85th-anniversary-edition-minneapolis-mn/2026-jeep-wrangler-85th-anniversary-edition-1c4pjxdn8tw264921/123?store={store_code}	GRAY	11 miles	Wrangler	1C4PJXDN8TW264921	2026	44956 USD	62082	44956 USD	MI	no	Wrangler	No	Over 20k
1C4PJXFG2TW287111	2026 Jeep Wrangler Rubicon	Jeep	https://furymotors.com/for-sale/jeep-wrangler-rubicon-minneapolis-mn/2026-jeep-wrangler-rubicon-1c4pjxfg2tw287111/	50361 USD	2026 Bright White Clearcoat Jeep Wrangler Rubicon 3.6L V6 24V VVT For sale at Fury Motors South St. Paul in South St. Paul Minnesota.	https://vimg.remora.inc/390026/1c4pjxfg2tw287111-2026-jeep-wrangler-rubicon-bright-white-clearcoat-1-112382.avif	in stock	NEW	SUV	Vehicles & Parts > Vehicles > Motor Vehicles > Cars, Trucks & Vans	1C4PJXFG2TW287111	https://furymotors.com/for-sale/jeep-wrangler-rubicon-minneapolis-mn/2026-jeep-wrangler-rubicon-1c4pjxfg2tw287111/123?store={store_code}	WHITE	10 miles	Wrangler	1C4PJXFG2TW287111	2026	50361 USD	62082	50361 USD	MI	no	Wrangler	No	Over 20k
1C4RJXFG4VW582173	2027 Jeep Wrangler Rubicon X	Jeep	https://furymotors.com/for-sale/jeep-wrangler-rubicon-x-minneapolis-mn/2027-jeep-wrangler-rubicon-x-1c4rjxfg4vw582173/	70125 USD	2027 Black Clearcoat Jeep Wrangler Rubicon X 3.6L V6 24V VVT For sale at Fury Motors South St. Paul in South St. Paul Minnesota.	https://vimg.remora.inc/616111/1c4rjxfg4vw582173-2027-jeep-wrangler-rubicon-x-black-clearcoat-1-114133.avif	in stock	NEW	SUV	Vehicles & Parts > Vehicles > Motor Vehicles > Cars, Trucks & Vans	1C4RJXFG4VW582173	https://furymotors.com/for-sale/jeep-wrangler-rubicon-x-minneapolis-mn/2027-jeep-wrangler-rubicon-x-1c4rjxfg4vw582173/123?store={store_code}	BLACK	10 miles	Wrangler	1C4RJXFG4VW582173	2027	70125 USD	62082	70125 USD	MI	no	Wrangler	No	Over 20k
1C4PJXEG9TW285664	2026 Jeep Wrangler Sahara	Jeep	https://furymotors.com/for-sale/jeep-wrangler-sahara-minneapolis-mn/2026-jeep-wrangler-sahara-1c4pjxeg9tw285664/	46365 USD	2026 Granite Crystal Metallic Clearcoat Jeep Wrangler Sahara 3.6L V6 24V VVT For sale at Fury Motors South St. Paul in South St. Paul Minnesota.	https://vimg.remora.inc/366831/1c4pjxeg9tw285664-2026-jeep-wrangler-sahara-granite-crystal-metallic-clearcoat-1-112482.avif	in stock	NEW	SUV	Vehicles & Parts > Vehicles > Motor Vehicles > Cars, Trucks & Vans	1C4PJXEG9TW285664	https://furymotors.com/for-sale/jeep-wrangler-sahara-minneapolis-mn/2026-jeep-wrangler-sahara-1c4pjxeg9tw285664/123?store={store_code}	GRAY	13 miles	Wrangler	1C4PJXEG9TW285664	2026	46365 USD	62082	46365 USD	MI	no	Wrangler	No	Over 20k
1C4PJXEN0TW248937	2026 Jeep Wrangler Sahara	Jeep	https://furymotors.com/for-sale/jeep-wrangler-sahara-minneapolis-mn/2026-jeep-wrangler-sahara-1c4pjxen0tw248937/	48985 USD	2026 Hydro Blue Pearl Coat Jeep Wrangler Sahara 2.0L I4 DOHC For sale at Fury Motors South St. Paul in South St. Paul Minnesota.	https://vimg.remora.inc/301586/1c4pjxen0tw248937-2026-jeep-wrangler-sahara-hydro-blue-pearl-coat-1-112143.avif	in stock	NEW	SUV	Vehicles & Parts > Vehicles > Motor Vehicles > Cars, Trucks & Vans	1C4PJXEN0TW248937	https://furymotors.com/for-sale/jeep-wrangler-sahara-minneapolis-mn/2026-jeep-wrangler-sahara-1c4pjxen0tw248937/123?store={store_code}	BLUE	20 miles	Wrangler	1C4PJXEN0TW248937	2026	48985 USD	62082	48985 USD	MI	no	Wrangler	No	Over 20k
1C4PJXEN0TW342090	2026 Jeep Wrangler Sahara	Jeep	https://furymotors.com/for-sale/jeep-wrangler-sahara-minneapolis-mn/2026-jeep-wrangler-sahara-1c4pjxen0tw342090/	50624 USD	2026 Bright White Clearcoat Jeep Wrangler Sahara 2.0L I4 DOHC For sale at Fury Motors South St. Paul in South St. Paul Minnesota.	https://vimg.remora.inc/611454/1c4pjxen0tw342090-2026-jeep-wrangler-sahara-bright-white-clearcoat-1-114105.avif	in stock	NEW	SUV	Vehicles & Parts > Vehicles > Motor Vehicles > Cars, Trucks & Vans	1C4PJXEN0TW342090	https://furymotors.com/for-sale/jeep-wrangler-sahara-minneapolis-mn/2026-jeep-wrangler-sahara-1c4pjxen0tw342090/123?store={store_code}	WHITE	10 miles	Wrangler	1C4PJXEN0TW342090	2026	50624 USD	62082	50624 USD	MI	no	Wrangler	No	Over 20k
1C4PJXAN2TW241588	2026 Jeep Wrangler Sport S	Jeep	https://furymotors.com/for-sale/jeep-wrangler-sport-s-minneapolis-mn/2026-jeep-wrangler-sport-s-1c4pjxan2tw241588/	43132 USD	2026 Black Clearcoat Jeep Wrangler Sport S 2.0L I4 DOHC For sale at Fury Motors South St. Paul in South St. Paul Minnesota.	https://vimg.remora.inc/271630/1c4pjxan2tw241588-2026-jeep-wrangler-sport-s-black-clearcoat-1-112431.avif	in stock	NEW	SUV	Vehicles & Parts > Vehicles > Motor Vehicles > Cars, Trucks & Vans	1C4PJXAN2TW241588	https://furymotors.com/for-sale/jeep-wrangler-sport-s-minneapolis-mn/2026-jeep-wrangler-sport-s-1c4pjxan2tw241588/123?store={store_code}	BLACK	15 miles	Wrangler	1C4PJXAN2TW241588	2026	43132 USD	62082	43132 USD	MI	no	Wrangler	No	Over 20k
1C4PJXAN4TW241589	2026 Jeep Wrangler Sport S	Jeep	https://furymotors.com/for-sale/jeep-wrangler-sport-s-minneapolis-mn/2026-jeep-wrangler-sport-s-1c4pjxan4tw241589/	41927 USD	2026 Bright White Clearcoat Jeep Wrangler Sport S 2.0L I4 DOHC For sale at Fury Motors South St. Paul in South St. Paul Minnesota.	https://vimg.remora.inc/251131/1c4pjxan4tw241589-2026-jeep-wrangler-sport-s-bright-white-clearcoat-1-112455.avif	in stock	NEW	SUV	Vehicles & Parts > Vehicles > Motor Vehicles > Cars, Trucks & Vans	1C4PJXAN4TW241589	https://furymotors.com/for-sale/jeep-wrangler-sport-s-minneapolis-mn/2026-jeep-wrangler-sport-s-1c4pjxan4tw241589/123?store={store_code}	WHITE	20 miles	Wrangler	1C4PJXAN4TW241589	2026	41927 USD	62082	41927 USD	MI	no	Wrangler	No	Over 20k
1C4PJXAN7TW184112	2026 Jeep Wrangler Sport S	Jeep	https://furymotors.com/for-sale/jeep-wrangler-sport-s-minneapolis-mn/2026-jeep-wrangler-sport-s-1c4pjxan7tw184112/	43333 USD	2026 Black Clearcoat Jeep Wrangler Sport S 2.0L I4 DOHC For sale at Fury Motors South St. Paul in South St. Paul Minnesota.	https://vimg.remora.inc/177808/1c4pjxan7tw184112-2026-jeep-wrangler-sport-s-black-clearcoat-1-112732.avif	in stock	NEW	SUV	Vehicles & Parts > Vehicles > Motor Vehicles > Cars, Trucks & Vans	1C4PJXAN7TW184112	https://furymotors.com/for-sale/jeep-wrangler-sport-s-minneapolis-mn/2026-jeep-wrangler-sport-s-1c4pjxan7tw184112/123?store={store_code}	BLACK	142 miles	Wrangler	1C4PJXAN7TW184112	2026	43333 USD	62082	43333 USD	MI	no	Wrangler	No	Over 20k
1C4PJXDN5TW316845	2026 Jeep Wrangler Sport S	Jeep	https://furymotors.com/for-sale/jeep-wrangler-sport-s-minneapolis-mn/2026-jeep-wrangler-sport-s-1c4pjxdn5tw316845/	43008 USD	2026 Bright White Clearcoat Jeep Wrangler Sport S 2.0L I4 DOHC For sale at Fury Motors South St. Paul in South St. Paul Minnesota.	https://vimg.remora.inc/432943/1c4pjxdn5tw316845-2026-jeep-wrangler-sport-s-bright-white-clearcoat-1-111675.avif	in stock	NEW	SUV	Vehicles & Parts > Vehicles > Motor Vehicles > Cars, Trucks & Vans	1C4PJXDN5TW316845	https://furymotors.com/for-sale/jeep-wrangler-sport-s-minneapolis-mn/2026-jeep-wrangler-sport-s-1c4pjxdn5tw316845/123?store={store_code}	WHITE	14 miles	Wrangler	1C4PJXDN5TW316845	2026	43008 USD	62082	43008 USD	MI	no	Wrangler	No	Over 20k
1C4PJXDN7TW303014	2026 Jeep Wrangler Sport S	Jeep	https://furymotors.com/for-sale/jeep-wrangler-sport-s-minneapolis-mn/2026-jeep-wrangler-sport-s-1c4pjxdn7tw303014/	42859 USD	2026 Bright White Clearcoat Jeep Wrangler Sport S 2.0L I4 DOHC For sale at Fury Motors South St. Paul in South St. Paul Minnesota.	https://vimg.remora.inc/402012/1c4pjxdn7tw303014-2026-jeep-wrangler-sport-s-bright-white-clearcoat-1-111761.avif	in stock	NEW	SUV	Vehicles & Parts > Vehicles > Motor Vehicles > Cars, Trucks & Vans	1C4PJXDN7TW303014	https://furymotors.com/for-sale/jeep-wrangler-sport-s-minneapolis-mn/2026-jeep-wrangler-sport-s-1c4pjxdn7tw303014/123?store={store_code}	WHITE	11 miles	Wrangler	1C4PJXDN7TW303014	2026	42859 USD	62082	42859 USD	MI	no	Wrangler	No	Over 20k
1C4PJXAN9TW290805	2026 Jeep Wrangler Willys	Jeep	https://furymotors.com/for-sale/jeep-wrangler-willys-minneapolis-mn/2026-jeep-wrangler-willys-1c4pjxan9tw290805/	49715 USD	2026 Granite Crystal Metallic Clearcoat Jeep Wrangler Willys 2.0L I4 DOHC For sale at Fury Motors South St. Paul in South St. Paul Minnesota.	https://vimg.remora.inc/381428/1c4pjxan9tw290805-2026-jeep-wrangler-willys-granite-crystal-metallic-clearcoat-1-110631.avif	in stock	NEW	SUV	Vehicles & Parts > Vehicles > Motor Vehicles > Cars, Trucks & Vans	1C4PJXAN9TW290805	https://furymotors.com/for-sale/jeep-wrangler-willys-minneapolis-mn/2026-jeep-wrangler-willys-1c4pjxan9tw290805/123?store={store_code}	GRAY	13 miles	Wrangler	1C4PJXAN9TW290805	2026	49715 USD	62082	49715 USD	MI	no	Wrangler	No	Over 20k
1C4PJXANXTW293177	2026 Jeep Wrangler Willys	Jeep	https://furymotors.com/for-sale/jeep-wrangler-willys-minneapolis-mn/2026-jeep-wrangler-willys-1c4pjxanxtw293177/	46565 USD	2026 Black Clearcoat Jeep Wrangler Willys 2.0L I4 DOHC For sale at Fury Motors South St. Paul in South St. Paul Minnesota.	https://vimg.remora.inc/374129/1c4pjxanxtw293177-2026-jeep-wrangler-willys-black-clearcoat-1-114154.avif	in stock	NEW	SUV	Vehicles & Parts > Vehicles > Motor Vehicles > Cars, Trucks & Vans	1C4PJXANXTW293177	https://furymotors.com/for-sale/jeep-wrangler-willys-minneapolis-mn/2026-jeep-wrangler-willys-1c4pjxanxtw293177/123?store={store_code}	BLACK	12 miles	Wrangler	1C4PJXANXTW293177	2026	46565 USD	62082	46565 USD	MI	no	Wrangler	No	Over 20k
1C4PJXDNXTW316646	2026 Jeep Wrangler Willys	Jeep	https://furymotors.com/for-sale/jeep-wrangler-willys-minneapolis-mn/2026-jeep-wrangler-willys-1c4pjxdnxtw316646/	53912 USD	2026 Goldilocks Jeep Wrangler Willys 2.0L I4 DOHC For sale at Fury Motors South St. Paul in South St. Paul Minnesota.	https://vimg.remora.inc/440784/1c4pjxdnxtw316646-2026-jeep-wrangler-willys-goldilocks-1-111645.avif	in stock	NEW	SUV	Vehicles & Parts > Vehicles > Motor Vehicles > Cars, Trucks & Vans	1C4PJXDNXTW316646	https://furymotors.com/for-sale/jeep-wrangler-willys-minneapolis-mn/2026-jeep-wrangler-willys-1c4pjxdnxtw316646/123?store={store_code}	GOLD	14 miles	Wrangler	1C4PJXDNXTW316646	2026	53912 USD	62082	53912 USD	MI	no	Wrangler	No	Over 20k
1C4PJXDNXTW333401	2026 Jeep Wrangler Willys	Jeep	https://furymotors.com/for-sale/jeep-wrangler-willys-minneapolis-mn/2026-jeep-wrangler-willys-1c4pjxdnxtw333401/	48802 USD	2026 Bright White Clearcoat Jeep Wrangler Willys 2.0L I4 DOHC For sale at Fury Motors South St. Paul in South St. Paul Minnesota.	https://vimg.remora.inc/561762/1c4pjxdnxtw333401-2026-jeep-wrangler-willys-bright-white-clearcoat-1-113964.avif	in stock	NEW	SUV	Vehicles & Parts > Vehicles > Motor Vehicles > Cars, Trucks & Vans	1C4PJXDNXTW333401	https://furymotors.com/for-sale/jeep-wrangler-willys-minneapolis-mn/2026-jeep-wrangler-willys-1c4pjxdnxtw333401/123?store={store_code}	WHITE	10 miles	Wrangler	1C4PJXDNXTW333401	2026	48802 USD	62082	48802 USD	MI	no	Wrangler	No	Over 20k
1C6SRFFT6TN211527	2026 Ram 1500 Big Horn/Lone Star/ Direct Connect 650	Ram	https://furymotors.com/for-sale/ram-1500-big-hornlone-star-direct-connect-650-minneapolis-mn/2026-ram-1500-big-hornlone-star-direct-connect-650-1c6srfft6tn211527/	83665 USD	2026 Forged Blue Metallic Ram 1500 Big Horn/Lone Star/ Direct Connect 650 HEMI 5.7L V8 Multi Displacement VVT eTorque For sale at Fury Motors South St. Paul in South St. Paul Minnesota.	https://vimg.remora.inc/230873/1c6srfft6tn211527-2026-ram-1500-big-hornlone-star-forged-blue-metallic-1-112983.avif	in stock	NEW	TRUCK	Vehicles & Parts > Vehicles > Motor Vehicles > Cars, Trucks & Vans	1C6SRFFT6TN211527	https://furymotors.com/for-sale/ram-1500-big-hornlone-star-direct-connect-650-minneapolis-mn/2026-ram-1500-big-hornlone-star-direct-connect-650-1c6srfft6tn211527/123?store={store_code}	BLUE	58 miles	1500	1C6SRFFT6TN211527	2026	83665 USD	62082	83665 USD	MI	no	1500	No	Over 20k
1C6SRFFT8TN211044	2026 Ram 1500 Big Horn/Lone Star/ Direct Connect 650	Ram	https://furymotors.com/for-sale/ram-1500-big-hornlone-star-direct-connect-650-minneapolis-mn/2026-ram-1500-big-hornlone-star-direct-connect-650-1c6srfft8tn211044/	83934 USD	2026 Bright White Clearcoat Ram 1500 Big Horn/Lone Star/ Direct Connect 650 HEMI 5.7L V8 Multi Displacement VVT eTorque For sale at Fury Motors South St. Paul in South St. Paul Minnesota.	https://vimg.remora.inc/230874/1c6srfft8tn211044-2026-ram-1500-big-hornlone-star-bright-white-clearcoat-1-113073.avif	in stock	NEW	TRUCK	Vehicles & Parts > Vehicles > Motor Vehicles > Cars, Trucks & Vans	1C6SRFFT8TN211044	https://furymotors.com/for-sale/ram-1500-big-hornlone-star-direct-connect-650-minneapolis-mn/2026-ram-1500-big-hornlone-star-direct-connect-650-1c6srfft8tn211044/123?store={store_code}	WHITE	50 miles	1500	1C6SRFFT8TN211044	2026	83934 USD	62082	83934 USD	MI	no	1500	No	Over 20k
1C6SRFFT5TN318066	2026 Ram 1500 Big Horn/Lone Star	Ram	https://furymotors.com/for-sale/ram-1500-big-hornlone-star-minneapolis-mn/2026-ram-1500-big-hornlone-star-1c6srfft5tn318066/	48449 USD	2026 Bright White Clearcoat Ram 1500 Big Horn/Lone Star HEMI 5.7L V8 Multi Displacement VVT eTorque For sale at Fury Motors South St. Paul in South St. Paul Minnesota.	https://vimg.remora.inc/405932/1c6srfft5tn318066-2026-ram-1500-big-hornlone-star-bright-white-clearcoat-1-112614.avif	in stock	NEW	TRUCK	Vehicles & Parts > Vehicles > Motor Vehicles > Cars, Trucks & Vans	1C6SRFFT5TN318066	https://furymotors.com/for-sale/ram-1500-big-hornlone-star-minneapolis-mn/2026-ram-1500-big-hornlone-star-1c6srfft5tn318066/123?store={store_code}	WHITE	19 miles	1500	1C6SRFFT5TN318066	2026	48449 USD	62082	48449 USD	MI	no	1500	No	Over 20k
1C6SRFFT7TN379371	2026 Ram 1500 Big Horn/Lone Star	Ram	https://furymotors.com/for-sale/ram-1500-big-hornlone-star-minneapolis-mn/2026-ram-1500-big-hornlone-star-1c6srfft7tn379371/	48805 USD	2026 Bright White Clearcoat Ram 1500 Big Horn/Lone Star HEMI 5.7L V8 Multi Displacement VVT eTorque For sale at Fury Motors South St. Paul in South St. Paul Minnesota.	https://vimg.remora.inc/390032/1c6srfft7tn379371-2026-ram-1500-big-hornlone-star-bright-white-clearcoat-1-111783.avif	in stock	NEW	TRUCK	Vehicles & Parts > Vehicles > Motor Vehicles > Cars, Trucks & Vans	1C6SRFFT7TN379371	https://furymotors.com/for-sale/ram-1500-big-hornlone-star-minneapolis-mn/2026-ram-1500-big-hornlone-star-1c6srfft7tn379371/123?store={store_code}	WHITE	16 miles	1500	1C6SRFFT7TN379371	2026	48805 USD	62082	48805 USD	MI	no	1500	No	Over 20k
1C6SRFFT7TN408691	2026 Ram 1500 Big Horn/Lone Star	Ram	https://furymotors.com/for-sale/ram-1500-big-hornlone-star-minneapolis-mn/2026-ram-1500-big-hornlone-star-1c6srfft7tn408691/	49631 USD	2026 Bright White Clearcoat Ram 1500 Big Horn/Lone Star HEMI 5.7L V8 Multi Displacement VVT eTorque For sale at Fury Motors South St. Paul in South St. Paul Minnesota.	https://vimg.remora.inc/483710/1c6srfft7tn408691-2026-ram-1500-big-hornlone-star-bright-white-clearcoat-1-112629.avif	in stock	NEW	TRUCK	Vehicles & Parts > Vehicles > Motor Vehicles > Cars, Trucks & Vans	1C6SRFFT7TN408691	https://furymotors.com/for-sale/ram-1500-big-hornlone-star-minneapolis-mn/2026-ram-1500-big-hornlone-star-1c6srfft7tn408691/123?store={store_code}	WHITE	16 miles	1500	1C6SRFFT7TN408691	2026	49631 USD	62082	49631 USD	MI	no	1500	No	Over 20k
3C6RRFFGXT4183081	2026 Ram 1500 Big Horn/Lone Star	Ram	https://furymotors.com/for-sale/ram-1500-big-hornlone-star-minneapolis-mn/2026-ram-1500-big-hornlone-star-3c6rrffgxt4183081/	46182 USD	2026 Diamond Black Crystal Pearlcoat Ram 1500 Big Horn/Lone Star 3.6L V6 24V VVT For sale at Fury Motors South St. Paul in South St. Paul Minnesota.	https://vimg.remora.inc/364054/3c6rrffgxt4183081-2026-ram-1500-big-hornlone-star-diamond-black-crystal-pearlcoat-1-112986.avif	in stock	NEW	TRUCK	Vehicles & Parts > Vehicles > Motor Vehicles > Cars, Trucks & Vans	3C6RRFFGXT4183081	https://furymotors.com/for-sale/ram-1500-big-hornlone-star-minneapolis-mn/2026-ram-1500-big-hornlone-star-3c6rrffgxt4183081/123?store={store_code}	BLACK	11 miles	1500	3C6RRFFGXT4183081	2026	46182 USD	62082	46182 USD	MI	no	1500	No	Over 20k
3C6SRFFP1T4217846	2026 Ram 1500 Big Horn/Lone Star	Ram	https://furymotors.com/for-sale/ram-1500-big-hornlone-star-minneapolis-mn/2026-ram-1500-big-hornlone-star-3c6srffp1t4217846/	50390 USD	2026 Molten Red Pearlcoat Ram 1500 Big Horn/Lone Star 3.0L I6 For sale at Fury Motors South St. Paul in South St. Paul Minnesota.	https://vimg.remora.inc/499554/3c6srffp1t4217846-2026-ram-1500-big-hornlone-star-molten-red-pearlcoat-1-112307.avif	in stock	NEW	TRUCK	Vehicles & Parts > Vehicles > Motor Vehicles > Cars, Trucks & Vans	3C6SRFFP1T4217846	https://furymotors.com/for-sale/ram-1500-big-hornlone-star-minneapolis-mn/2026-ram-1500-big-hornlone-star-3c6srffp1t4217846/123?store={store_code}	RED	10 miles	1500	3C6SRFFP1T4217846	2026	50390 USD	62082	50390 USD	MI	no	1500	No	Over 20k
3C6SRFFP2T4151792	2026 Ram 1500 Big Horn/Lone Star	Ram	https://furymotors.com/for-sale/ram-1500-big-hornlone-star-minneapolis-mn/2026-ram-1500-big-hornlone-star-3c6srffp2t4151792/	46358 USD	2026 Bright White Clearcoat Ram 1500 Big Horn/Lone Star 3.0L I6 For sale at Fury Motors South St. Paul in South St. Paul Minnesota.	https://vimg.remora.inc/94623/3c6srffp2t4151792-2026-ram-1500-big-hornlone-star-bright-white-clearcoat-1-109033.avif	in stock	NEW	TRUCK	Vehicles & Parts > Vehicles > Motor Vehicles > Cars, Trucks & Vans	3C6SRFFP2T4151792	https://furymotors.com/for-sale/ram-1500-big-hornlone-star-minneapolis-mn/2026-ram-1500-big-hornlone-star-3c6srffp2t4151792/123?store={store_code}	WHITE	81 miles	1500	3C6SRFFP2T4151792	2026	46358 USD	62082	46358 USD	MI	no	1500	No	Over 20k
3C6SRFFP4T4199536	2026 Ram 1500 Big Horn/Lone Star	Ram	https://furymotors.com/for-sale/ram-1500-big-hornlone-star-minneapolis-mn/2026-ram-1500-big-hornlone-star-3c6srffp4t4199536/	51448 USD	2026 Forged Blue Metallic Ram 1500 Big Horn/Lone Star 3.0L I6 For sale at Fury Motors South St. Paul in South St. Paul Minnesota.	https://vimg.remora.inc/530350/3c6srffp4t4199536-2026-ram-1500-big-hornlone-star-forged-blue-metallic-1-113850.avif	in stock	NEW	TRUCK	Vehicles & Parts > Vehicles > Motor Vehicles > Cars, Trucks & Vans	3C6SRFFP4T4199536	https://furymotors.com/for-sale/ram-1500-big-hornlone-star-minneapolis-mn/2026-ram-1500-big-hornlone-star-3c6srffp4t4199536/123?store={store_code}	BLUE	15 miles	1500	3C6SRFFP4T4199536	2026	51448 USD	62082	51448 USD	MI	no	1500	No	Over 20k
3C6SRFFP5T4194457	2026 Ram 1500 Big Horn/Lone Star	Ram	https://furymotors.com/for-sale/ram-1500-big-hornlone-star-minneapolis-mn/2026-ram-1500-big-hornlone-star-3c6srffp5t4194457/	48945 USD	2026 Forged Blue Metallic Ram 1500 Big Horn/Lone Star 3.0L I6 For sale at Fury Motors South St. Paul in South St. Paul Minnesota.	https://vimg.remora.inc/539207/3c6srffp5t4194457-2026-ram-1500-big-hornlone-star-forged-blue-metallic-1-113925.avif	in stock	NEW	TRUCK	Vehicles & Parts > Vehicles > Motor Vehicles > Cars, Trucks & Vans	3C6SRFFP5T4194457	https://furymotors.com/for-sale/ram-1500-big-hornlone-star-minneapolis-mn/2026-ram-1500-big-hornlone-star-3c6srffp5t4194457/123?store={store_code}	BLUE	15 miles	1500	3C6SRFFP5T4194457	2026	48945 USD	62082	48945 USD	MI	no	1500	No	Over 20k
3C6SRFFP7T4204471	2026 Ram 1500 Big Horn/Lone Star	Ram	https://furymotors.com/for-sale/ram-1500-big-hornlone-star-minneapolis-mn/2026-ram-1500-big-hornlone-star-3c6srffp7t4204471/	49941 USD	2026 Granite Crystal Metallic Clearcoat Ram 1500 Big Horn/Lone Star 3.0L I6 For sale at Fury Motors South St. Paul in South St. Paul Minnesota.	https://vimg.remora.inc/543193/3c6srffp7t4204471-2026-ram-1500-big-hornlone-star-granite-crystal-metallic-clearcoat-1-113661.avif	in stock	NEW	TRUCK	Vehicles & Parts > Vehicles > Motor Vehicles > Cars, Trucks & Vans	3C6SRFFP7T4204471	https://furymotors.com/for-sale/ram-1500-big-hornlone-star-minneapolis-mn/2026-ram-1500-big-hornlone-star-3c6srffp7t4204471/123?store={store_code}	GRAY	15 miles	1500	3C6SRFFP7T4204471	2026	49941 USD	62082	49941 USD	MI	no	1500	No	Over 20k
1C6SRFFP1VN570354	2027 Ram 1500 Big Horn/Lone Star	Ram	https://furymotors.com/for-sale/ram-1500-big-hornlone-star-minneapolis-mn/2027-ram-1500-big-hornlone-star-1c6srffp1vn570354/	63650 USD	2027 Diamond Black Crystal Pearlcoat Ram 1500 Big Horn/Lone Star 3.0L I6 For sale at Fury Motors South St. Paul in South St. Paul Minnesota.	https://vimg.remora.inc/576375/1c6srffp1vn570354-2027-ram-1500-big-hornlone-star-diamond-black-crystal-pearlcoat-1-113461.avif	in stock	NEW	TRUCK	Vehicles & Parts > Vehicles > Motor Vehicles > Cars, Trucks & Vans	1C6SRFFP1VN570354	https://furymotors.com/for-sale/ram-1500-big-hornlone-star-minneapolis-mn/2027-ram-1500-big-hornlone-star-1c6srffp1vn570354/123?store={store_code}	BLACK	22 miles	1500	1C6SRFFP1VN570354	2027	63650 USD	62082	63650 USD	MI	no	1500	No	Over 20k
1C6SRFFP1VN581189	2027 Ram 1500 Big Horn/Lone Star	Ram	https://furymotors.com/for-sale/ram-1500-big-hornlone-star-minneapolis-mn/2027-ram-1500-big-hornlone-star-1c6srffp1vn581189/	63650 USD	2027 Granite Crystal Metallic Clearcoat Ram 1500 Big Horn/Lone Star 3.0L I6 For sale at Fury Motors South St. Paul in South St. Paul Minnesota.	https://vimg.remora.inc/581301/1c6srffp1vn581189-2027-ram-1500-big-hornlone-star-granite-crystal-metallic-clearcoat-1-113581.avif	in stock	NEW	TRUCK	Vehicles & Parts > Vehicles > Motor Vehicles > Cars, Trucks & Vans	1C6SRFFP1VN581189	https://furymotors.com/for-sale/ram-1500-big-hornlone-star-minneapolis-mn/2027-ram-1500-big-hornlone-star-1c6srffp1vn581189/123?store={store_code}	GRAY	12 miles	1500	1C6SRFFP1VN581189	2027	63650 USD	62082	63650 USD	MI	no	1500	No	Over 20k
1C6SRFFT3VN609216	2027 Ram 1500 Big Horn/Lone Star	Ram	https://furymotors.com/for-sale/ram-1500-big-hornlone-star-minneapolis-mn/2027-ram-1500-big-hornlone-star-1c6srfft3vn609216/	66010 USD	2027 Forged Blue Metallic Ram 1500 Big Horn/Lone Star HEMI 5.7L V8 Multi Displacement VVT For sale at Fury Motors South St. Paul in South St. Paul Minnesota.	https://vimg.remora.inc/623434/1c6srfft3vn609216-2027-ram-1500-big-hornlone-star-forged-blue-metallic-1-114277.avif	in stock	NEW	TRUCK	Vehicles & Parts > Vehicles > Motor Vehicles > Cars, Trucks & Vans	1C6SRFFT3VN609216	https://furymotors.com/for-sale/ram-1500-big-hornlone-star-minneapolis-mn/2027-ram-1500-big-hornlone-star-1c6srfft3vn609216/123?store={store_code}	BLUE	10 miles	1500	1C6SRFFT3VN609216	2027	66010 USD	62082	66010 USD	MI	no	1500	No	Over 20k
1C6SRFFT4VN558454	2027 Ram 1500 Big Horn/Lone Star	Ram	https://furymotors.com/for-sale/ram-1500-big-hornlone-star-minneapolis-mn/2027-ram-1500-big-hornlone-star-1c6srfft4vn558454/	65945 USD	2027 Granite Crystal Metallic Clearcoat Ram 1500 Big Horn/Lone Star HEMI 5.7L V8 Multi Displacement VVT eTorque For sale at Fury Motors South St. Paul in South St. Paul Minnesota.	https://vimg.remora.inc/611851/1c6srfft4vn558454-2027-ram-1500-big-hornlone-star-granite-crystal-metallic-clearcoat-1-114327.avif	in stock	NEW	TRUCK	Vehicles & Parts > Vehicles > Motor Vehicles > Cars, Trucks & Vans	1C6SRFFT4VN558454	https://furymotors.com/for-sale/ram-1500-big-hornlone-star-minneapolis-mn/2027-ram-1500-big-hornlone-star-1c6srfft4vn558454/123?store={store_code}	GRAY	10 miles	1500	1C6SRFFT4VN558454	2027	65945 USD	62082	65945 USD	MI	no	1500	No	Over 20k
1C6SRFFT5VN609217	2027 Ram 1500 Big Horn/Lone Star	Ram	https://furymotors.com/for-sale/ram-1500-big-hornlone-star-minneapolis-mn/2027-ram-1500-big-hornlone-star-1c6srfft5vn609217/	64365 USD	2027 Bright White Clearcoat Ram 1500 Big Horn/Lone Star HEMI 5.7L V8 Multi Displacement VVT For sale at Fury Motors South St. Paul in South St. Paul Minnesota.	https://vimg.remora.inc/616112/1c6srfft5vn609217-2027-ram-1500-big-hornlone-star-bright-white-clearcoat-1-114133.avif	in stock	NEW	TRUCK	Vehicles & Parts > Vehicles > Motor Vehicles > Cars, Trucks & Vans	1C6SRFFT5VN609217	https://furymotors.com/for-sale/ram-1500-big-hornlone-star-minneapolis-mn/2027-ram-1500-big-hornlone-star-1c6srfft5vn609217/123?store={store_code}	WHITE	10 miles	1500	1C6SRFFT5VN609217	2027	64365 USD	62082	64365 USD	MI	no	1500	No	Over 20k
3C6SRFFP2V4501277	2027 Ram 1500 Big Horn/Lone Star	Ram	https://furymotors.com/for-sale/ram-1500-big-hornlone-star-minneapolis-mn/2027-ram-1500-big-hornlone-star-3c6srffp2v4501277/	63005 USD	2027 Bright White Clearcoat Ram 1500 Big Horn/Lone Star 3.0L I6 For sale at Fury Motors South St. Paul in South St. Paul Minnesota.	https://vimg.remora.inc/573482/3c6srffp2v4501277-2027-ram-1500-big-hornlone-star-bright-white-clearcoat-1-113413.avif	in stock	NEW	TRUCK	Vehicles & Parts > Vehicles > Motor Vehicles > Cars, Trucks & Vans	3C6SRFFP2V4501277	https://furymotors.com/for-sale/ram-1500-big-hornlone-star-minneapolis-mn/2027-ram-1500-big-hornlone-star-3c6srffp2v4501277/123?store={store_code}	WHITE	10 miles	1500	3C6SRFFP2V4501277	2027	63005 USD	62082	63005 USD	MI	no	1500	No	Over 20k
3C6SRFFP4V4512846	2027 Ram 1500 Big Horn/Lone Star	Ram	https://furymotors.com/for-sale/ram-1500-big-hornlone-star-minneapolis-mn/2027-ram-1500-big-hornlone-star-3c6srffp4v4512846/	62010 USD	2027 Diamond Black Crystal Pearlcoat Ram 1500 Big Horn/Lone Star 3.0L I6 For sale at Fury Motors South St. Paul in South St. Paul Minnesota.	https://vimg.remora.inc/616114/3c6srffp4v4512846-2027-ram-1500-big-hornlone-star-diamond-black-crystal-pearlcoat-1-114133.avif	in stock	NEW	TRUCK	Vehicles & Parts > Vehicles > Motor Vehicles > Cars, Trucks & Vans	3C6SRFFP4V4512846	https://furymotors.com/for-sale/ram-1500-big-hornlone-star-minneapolis-mn/2027-ram-1500-big-hornlone-star-3c6srffp4v4512846/123?store={store_code}	BLACK	10 miles	1500	3C6SRFFP4V4512846	2027	62010 USD	62082	62010 USD	MI	no	1500	No	Over 20k
1C6SRFGP1TN423723	2026 Ram 1500 Express	Ram	https://furymotors.com/for-sale/ram-1500-express-minneapolis-mn/2026-ram-1500-express-1c6srfgp1tn423723/	46081 USD	2026 Serrano Green Metallic Ram 1500 Express 3.0L I6 For sale at Fury Motors South St. Paul in South St. Paul Minnesota.	https://vimg.remora.inc/476129/1c6srfgp1tn423723-2026-ram-1500-express-serrano-green-metallic-1-112242.avif	in stock	NEW	TRUCK	Vehicles & Parts > Vehicles > Motor Vehicles > Cars, Trucks & Vans	1C6SRFGP1TN423723	https://furymotors.com/for-sale/ram-1500-express-minneapolis-mn/2026-ram-1500-express-1c6srfgp1tn423723/123?store={store_code}	GREEN	19 miles	1500	1C6SRFGP1TN423723	2026	46081 USD	62082	46081 USD	MI	no	1500	No	Over 20k
1C6SRFGP6TN423703	2026 Ram 1500 Express	Ram	https://furymotors.com/for-sale/ram-1500-express-minneapolis-mn/2026-ram-1500-express-1c6srfgp6tn423703/	46447 USD	2026 Serrano Green Metallic Ram 1500 Express 3.0L I6 For sale at Fury Motors South St. Paul in South St. Paul Minnesota.	https://vimg.remora.inc/470861/1c6srfgp6tn423703-2026-ram-1500-express-serrano-green-metallic-1-112306.avif	in stock	NEW	TRUCK	Vehicles & Parts > Vehicles > Motor Vehicles > Cars, Trucks & Vans	1C6SRFGP6TN423703	https://furymotors.com/for-sale/ram-1500-express-minneapolis-mn/2026-ram-1500-express-1c6srfgp6tn423703/123?store={store_code}	GREEN	16 miles	1500	1C6SRFGP6TN423703	2026	46447 USD	62082	46447 USD	MI	no	1500	No	Over 20k
1C6SRFGT5TN406856	2026 Ram 1500 Express	Ram	https://furymotors.com/for-sale/ram-1500-express-minneapolis-mn/2026-ram-1500-express-1c6srfgt5tn406856/	47522 USD	2026 Diamond Black Crystal Pearlcoat Ram 1500 Express HEMI 5.7L V8 Multi Displacement VVT eTorque For sale at Fury Motors South St. Paul in South St. Paul Minnesota.	https://vimg.remora.inc/438133/1c6srfgt5tn406856-2026-ram-1500-express-diamond-black-crystal-pearlcoat-1-112143.avif	in stock	NEW	TRUCK	Vehicles & Parts > Vehicles > Motor Vehicles > Cars, Trucks & Vans	1C6SRFGT5TN406856	https://furymotors.com/for-sale/ram-1500-express-minneapolis-mn/2026-ram-1500-express-1c6srfgt5tn406856/123?store={store_code}	BLACK	12 miles	1500	1C6SRFGT5TN406856	2026	47522 USD	62082	47522 USD	MI	no	1500	No	Over 20k
1C6SRFNP6TN348116	2026 Ram 1500 Express	Ram	https://furymotors.com/for-sale/ram-1500-express-minneapolis-mn/2026-ram-1500-express-1c6srfnp6tn348116/	47231 USD	2026 Bright White Clearcoat Ram 1500 Express 3.0L I6 For sale at Fury Motors South St. Paul in South St. Paul Minnesota.	https://vimg.remora.inc/622546/1c6srfnp6tn348116-2026-ram-1500-express-bright-white-clearcoat-1-114259.avif	in stock	NEW	TRUCK	Vehicles & Parts > Vehicles > Motor Vehicles > Cars, Trucks & Vans	1C6SRFNP6TN348116	https://furymotors.com/for-sale/ram-1500-express-minneapolis-mn/2026-ram-1500-express-1c6srfnp6tn348116/123?store={store_code}	WHITE	10 miles	1500	1C6SRFNP6TN348116	2026	47231 USD	62082	47231 USD	MI	no	1500	No	Over 20k
3C6SRFGP0T4188094	2026 Ram 1500 Express	Ram	https://furymotors.com/for-sale/ram-1500-express-minneapolis-mn/2026-ram-1500-express-3c6srfgp0t4188094/	45569 USD	2026 Forged Blue Metallic Ram 1500 Express 3.0L I6 For sale at Fury Motors South St. Paul in South St. Paul Minnesota.	https://vimg.remora.inc/415393/3c6srfgp0t4188094-2026-ram-1500-express-forged-blue-metallic-1-111845.avif	in stock	NEW	TRUCK	Vehicles & Parts > Vehicles > Motor Vehicles > Cars, Trucks & Vans	3C6SRFGP0T4188094	https://furymotors.com/for-sale/ram-1500-express-minneapolis-mn/2026-ram-1500-express-3c6srfgp0t4188094/123?store={store_code}	BLUE	9 miles	1500	3C6SRFGP0T4188094	2026	45569 USD	62082	45569 USD	MI	no	1500	No	Over 20k
3C6SRFGP2T4188095	2026 Ram 1500 Express	Ram	https://furymotors.com/for-sale/ram-1500-express-minneapolis-mn/2026-ram-1500-express-3c6srfgp2t4188095/	44069 USD	2026 Forged Blue Metallic Ram 1500 Express 3.0L I6 For sale at Fury Motors South St. Paul in South St. Paul Minnesota.	https://vimg.remora.inc/418762/3c6srfgp2t4188095-2026-ram-1500-express-forged-blue-metallic-1-112195.avif	in stock	NEW	TRUCK	Vehicles & Parts > Vehicles > Motor Vehicles > Cars, Trucks & Vans	3C6SRFGP2T4188095	https://furymotors.com/for-sale/ram-1500-express-minneapolis-mn/2026-ram-1500-express-3c6srfgp2t4188095/123?store={store_code}	BLUE	11 miles	1500	3C6SRFGP2T4188095	2026	44069 USD	62082	44069 USD	MI	no	1500	No	Over 20k
3C6SRFGP4T4188096	2026 Ram 1500 Express	Ram	https://furymotors.com/for-sale/ram-1500-express-minneapolis-mn/2026-ram-1500-express-3c6srfgp4t4188096/	45569 USD	2026 Granite Crystal Metallic Clearcoat Ram 1500 Express 3.0L I6 For sale at Fury Motors South St. Paul in South St. Paul Minnesota.	https://vimg.remora.inc/418763/3c6srfgp4t4188096-2026-ram-1500-express-granite-crystal-metallic-clearcoat-1-111825.avif	in stock	NEW	TRUCK	Vehicles & Parts > Vehicles > Motor Vehicles > Cars, Trucks & Vans	3C6SRFGP4T4188096	https://furymotors.com/for-sale/ram-1500-express-minneapolis-mn/2026-ram-1500-express-3c6srfgp4t4188096/123?store={store_code}	GRAY	11 miles	1500	3C6SRFGP4T4188096	2026	45569 USD	62082	45569 USD	MI	no	1500	No	Over 20k
3C6SRFGP5T4185904	2026 Ram 1500 Express	Ram	https://furymotors.com/for-sale/ram-1500-express-minneapolis-mn/2026-ram-1500-express-3c6srfgp5t4185904/	46453 USD	2026 Diamond Black Crystal Pearlcoat Ram 1500 Express 3.0L I6 For sale at Fury Motors South St. Paul in South St. Paul Minnesota.	https://vimg.remora.inc/434681/3c6srfgp5t4185904-2026-ram-1500-express-diamond-black-crystal-pearlcoat-1-111809.avif	in stock	NEW	TRUCK	Vehicles & Parts > Vehicles > Motor Vehicles > Cars, Trucks & Vans	3C6SRFGP5T4185904	https://furymotors.com/for-sale/ram-1500-express-minneapolis-mn/2026-ram-1500-express-3c6srfgp5t4185904/123?store={store_code}	BLACK	11 miles	1500	3C6SRFGP5T4185904	2026	46453 USD	62082	46453 USD	MI	no	1500	No	Over 20k
3C6SRFGP6T4188097	2026 Ram 1500 Express	Ram	https://furymotors.com/for-sale/ram-1500-express-minneapolis-mn/2026-ram-1500-express-3c6srfgp6t4188097/	45569 USD	2026 Granite Crystal Metallic Clearcoat Ram 1500 Express 3.0L I6 For sale at Fury Motors South St. Paul in South St. Paul Minnesota.	https://vimg.remora.inc/418764/3c6srfgp6t4188097-2026-ram-1500-express-granite-crystal-metallic-clearcoat-1-111845.avif	in stock	NEW	TRUCK	Vehicles & Parts > Vehicles > Motor Vehicles > Cars, Trucks & Vans	3C6SRFGP6T4188097	https://furymotors.com/for-sale/ram-1500-express-minneapolis-mn/2026-ram-1500-express-3c6srfgp6t4188097/123?store={store_code}	GRAY	10 miles	1500	3C6SRFGP6T4188097	2026	45569 USD	62082	45569 USD	MI	no	1500	No	Over 20k
3C6SRFGP9T4188093	2026 Ram 1500 Express	Ram	https://furymotors.com/for-sale/ram-1500-express-minneapolis-mn/2026-ram-1500-express-3c6srfgp9t4188093/	45569 USD	2026 Diamond Black Crystal Pearlcoat Ram 1500 Express 3.0L I6 For sale at Fury Motors South St. Paul in South St. Paul Minnesota.	https://vimg.remora.inc/418765/3c6srfgp9t4188093-2026-ram-1500-express-diamond-black-crystal-pearlcoat-1-111729.avif	in stock	NEW	TRUCK	Vehicles & Parts > Vehicles > Motor Vehicles > Cars, Trucks & Vans	3C6SRFGP9T4188093	https://furymotors.com/for-sale/ram-1500-express-minneapolis-mn/2026-ram-1500-express-3c6srfgp9t4188093/123?store={store_code}	BLACK	11 miles	1500	3C6SRFGP9T4188093	2026	45569 USD	62082	45569 USD	MI	no	1500	No	Over 20k
1C6SRFJP9TN407553	2026 Ram 1500 Laramie	Ram	https://furymotors.com/for-sale/ram-1500-laramie-minneapolis-mn/2026-ram-1500-laramie-1c6srfjp9tn407553/	62016 USD	2026 Ivory White Tri-Coat Pearlcoat Ram 1500 Laramie 3.0L I6 For sale at Fury Motors South St. Paul in South St. Paul Minnesota.	https://vimg.remora.inc/589674/1c6srfjp9tn407553-2026-ram-1500-laramie-ivory-white-tri-coat-pearlcoat-1-114087.avif	in stock	NEW	TRUCK	Vehicles & Parts > Vehicles > Motor Vehicles > Cars, Trucks & Vans	1C6SRFJP9TN407553	https://furymotors.com/for-sale/ram-1500-laramie-minneapolis-mn/2026-ram-1500-laramie-1c6srfjp9tn407553/123?store={store_code}	WHITE	72 miles	1500	1C6SRFJP9TN407553	2026	62016 USD	62082	62016 USD	MI	no	1500	No	Over 20k
1C6SRFJT2TN348276	2026 Ram 1500 Laramie	Ram	https://furymotors.com/for-sale/ram-1500-laramie-minneapolis-mn/2026-ram-1500-laramie-1c6srfjt2tn348276/	60926 USD	2026 Silver Zynith Ram 1500 Laramie HEMI 5.7L V8 Multi Displacement VVT eTorque For sale at Fury Motors South St. Paul in South St. Paul Minnesota.	https://vimg.remora.inc/622547/1c6srfjt2tn348276-2026-ram-1500-laramie-silver-zynith-1-114259.avif	in stock	NEW	TRUCK	Vehicles & Parts > Vehicles > Motor Vehicles > Cars, Trucks & Vans	1C6SRFJT2TN348276	https://furymotors.com/for-sale/ram-1500-laramie-minneapolis-mn/2026-ram-1500-laramie-1c6srfjt2tn348276/123?store={store_code}	SILVER	357 miles	1500	1C6SRFJT2TN348276	2026	60926 USD	62082	60926 USD	MI	no	1500	No	Over 20k
1C6SRFJT4TN412740	2026 Ram 1500 Laramie	Ram	https://furymotors.com/for-sale/ram-1500-laramie-minneapolis-mn/2026-ram-1500-laramie-1c6srfjt4tn412740/	56851 USD	2026 Serrano Green Metallic Ram 1500 Laramie HEMI 5.7L V8 Multi Displacement VVT eTorque For sale at Fury Motors South St. Paul in South St. Paul Minnesota.	https://vimg.remora.inc/553830/1c6srfjt4tn412740-2026-ram-1500-laramie-serrano-green-metallic-1-113145.avif	in stock	NEW	TRUCK	Vehicles & Parts > Vehicles > Motor Vehicles > Cars, Trucks & Vans	1C6SRFJT4TN412740	https://furymotors.com/for-sale/ram-1500-laramie-minneapolis-mn/2026-ram-1500-laramie-1c6srfjt4tn412740/123?store={store_code}	GREEN	338 miles	1500	1C6SRFJT4TN412740	2026	56851 USD	62082	56851 USD	MI	no	1500	No	Over 20k
1C6SRFJT9TN351773	2026 Ram 1500 Laramie	Ram	https://furymotors.com/for-sale/ram-1500-laramie-minneapolis-mn/2026-ram-1500-laramie-1c6srfjt9tn351773/	60014 USD	2026 Molten Red Pearlcoat Ram 1500 Laramie HEMI 5.7L V8 Multi Displacement VVT eTorque For sale at Fury Motors South St. Paul in South St. Paul Minnesota.	https://vimg.remora.inc/365229/1c6srfjt9tn351773-2026-ram-1500-laramie-molten-red-pearlcoat-1-112431.avif	in stock	NEW	TRUCK	Vehicles & Parts > Vehicles > Motor Vehicles > Cars, Trucks & Vans	1C6SRFJT9TN351773	https://furymotors.com/for-sale/ram-1500-laramie-minneapolis-mn/2026-ram-1500-laramie-1c6srfjt9tn351773/123?store={store_code}	RED	12 miles	1500	1C6SRFJT9TN351773	2026	60014 USD	62082	60014 USD	MI	no	1500	No	Over 20k
3C6SRFJP1T4215151	2026 Ram 1500 Laramie	Ram	https://furymotors.com/for-sale/ram-1500-laramie-minneapolis-mn/2026-ram-1500-laramie-3c6srfjp1t4215151/	59871 USD	2026 Molten Red Pearlcoat Ram 1500 Laramie 3.0L I6 For sale at Fury Motors South St. Paul in South St. Paul Minnesota.	https://vimg.remora.inc/530349/3c6srfjp1t4215151-2026-ram-1500-laramie-molten-red-pearlcoat-1-113357.avif	in stock	NEW	TRUCK	Vehicles & Parts > Vehicles > Motor Vehicles > Cars, Trucks & Vans	3C6SRFJP1T4215151	https://furymotors.com/for-sale/ram-1500-laramie-minneapolis-mn/2026-ram-1500-laramie-3c6srfjp1t4215151/123?store={store_code}	RED	13 miles	1500	3C6SRFJP1T4215151	2026	59871 USD	62082	59871 USD	MI	no	1500	No	Over 20k
3C6SRFJP6T4217848	2026 Ram 1500 Laramie	Ram	https://furymotors.com/for-sale/ram-1500-laramie-minneapolis-mn/2026-ram-1500-laramie-3c6srfjp6t4217848/	59136 USD	2026 Forged Blue Metallic Ram 1500 Laramie 3.0L I6 For sale at Fury Motors South St. Paul in South St. Paul Minnesota.	https://vimg.remora.inc/494303/3c6srfjp6t4217848-2026-ram-1500-laramie-forged-blue-metallic-1-113274.avif	in stock	NEW	TRUCK	Vehicles & Parts > Vehicles > Motor Vehicles > Cars, Trucks & Vans	3C6SRFJP6T4217848	https://furymotors.com/for-sale/ram-1500-laramie-minneapolis-mn/2026-ram-1500-laramie-3c6srfjp6t4217848/123?store={store_code}	BLUE	15 miles	1500	3C6SRFJP6T4217848	2026	59136 USD	62082	59136 USD	MI	no	1500	No	Over 20k
3C6SRFJP8T4217849	2026 Ram 1500 Laramie	Ram	https://furymotors.com/for-sale/ram-1500-laramie-minneapolis-mn/2026-ram-1500-laramie-3c6srfjp8t4217849/	59136 USD	2026 Molten Red Pearlcoat Ram 1500 Laramie 3.0L I6 For sale at Fury Motors South St. Paul in South St. Paul Minnesota.	https://vimg.remora.inc/537830/3c6srfjp8t4217849-2026-ram-1500-laramie-molten-red-pearlcoat-1-113634.avif	in stock	NEW	TRUCK	Vehicles & Parts > Vehicles > Motor Vehicles > Cars, Trucks & Vans	3C6SRFJP8T4217849	https://furymotors.com/for-sale/ram-1500-laramie-minneapolis-mn/2026-ram-1500-laramie-3c6srfjp8t4217849/123?store={store_code}	RED	16 miles	1500	3C6SRFJP8T4217849	2026	59136 USD	62082	59136 USD	MI	no	1500	No	Over 20k
3C6SRFJPXT4217853	2026 Ram 1500 Laramie	Ram	https://furymotors.com/for-sale/ram-1500-laramie-minneapolis-mn/2026-ram-1500-laramie-3c6srfjpxt4217853/	59143 USD	2026 Granite Crystal Metallic Clearcoat Ram 1500 Laramie 3.0L I6 For sale at Fury Motors South St. Paul in South St. Paul Minnesota.	https://vimg.remora.inc/546538/3c6srfjpxt4217853-2026-ram-1500-laramie-granite-crystal-metallic-clearcoat-1-114087.avif	in stock	NEW	TRUCK	Vehicles & Parts > Vehicles > Motor Vehicles > Cars, Trucks & Vans	3C6SRFJPXT4217853	https://furymotors.com/for-sale/ram-1500-laramie-minneapolis-mn/2026-ram-1500-laramie-3c6srfjpxt4217853/123?store={store_code}	GRAY	14 miles	1500	3C6SRFJPXT4217853	2026	59143 USD	62082	59143 USD	MI	no	1500	No	Over 20k
1C6SRFJP7VN567806	2027 Ram 1500 Laramie	Ram	https://furymotors.com/for-sale/ram-1500-laramie-minneapolis-mn/2027-ram-1500-laramie-1c6srfjp7vn567806/	71725 USD	2027 Diamond Black Crystal Pearlcoat Ram 1500 Laramie 3.0L I6 For sale at Fury Motors South St. Paul in South St. Paul Minnesota.	https://vimg.remora.inc/546539/1c6srfjp7vn567806-2027-ram-1500-laramie-diamond-black-crystal-pearlcoat-1-113325.avif	in stock	NEW	TRUCK	Vehicles & Parts > Vehicles > Motor Vehicles > Cars, Trucks & Vans	1C6SRFJP7VN567806	https://furymotors.com/for-sale/ram-1500-laramie-minneapolis-mn/2027-ram-1500-laramie-1c6srfjp7vn567806/123?store={store_code}	BLACK	8 miles	1500	1C6SRFJP7VN567806	2027	71725 USD	62082	71725 USD	MI	no	1500	No	Over 20k
1C6SRFJT1VN594335	2027 Ram 1500 Laramie	Ram	https://furymotors.com/for-sale/ram-1500-laramie-minneapolis-mn/2027-ram-1500-laramie-1c6srfjt1vn594335/	79380 USD	2027 Granite Crystal Metallic Clearcoat Ram 1500 Laramie HEMI 5.7L V8 Multi Displacement VVT For sale at Fury Motors South St. Paul in South St. Paul Minnesota.	https://vimg.remora.inc/616110/1c6srfjt1vn594335-2027-ram-1500-laramie-granite-crystal-metallic-clearcoat-1-114133.avif	in stock	NEW	TRUCK	Vehicles & Parts > Vehicles > Motor Vehicles > Cars, Trucks & Vans	1C6SRFJT1VN594335	https://furymotors.com/for-sale/ram-1500-laramie-minneapolis-mn/2027-ram-1500-laramie-1c6srfjt1vn594335/123?store={store_code}	GRAY	10 miles	1500	1C6SRFJT1VN594335	2027	79380 USD	62082	79380 USD	MI	no	1500	No	Over 20k
1C6SRFJT6VN555062	2027 Ram 1500 Laramie	Ram	https://furymotors.com/for-sale/ram-1500-laramie-minneapolis-mn/2027-ram-1500-laramie-1c6srfjt6vn555062/	87940 USD	2027 Bright White Clearcoat Ram 1500 Laramie HEMI 5.7L V8 Multi Displacement VVT eTorque For sale at Fury Motors South St. Paul in South St. Paul Minnesota.	https://vimg.remora.inc/563419/1c6srfjt6vn555062-2027-ram-1500-laramie-bright-white-clearcoat-1-113463.avif	in stock	NEW	TRUCK	Vehicles & Parts > Vehicles > Motor Vehicles > Cars, Trucks & Vans	1C6SRFJT6VN555062	https://furymotors.com/for-sale/ram-1500-laramie-minneapolis-mn/2027-ram-1500-laramie-1c6srfjt6vn555062/123?store={store_code}	WHITE	27 miles	1500	1C6SRFJT6VN555062	2027	87940 USD	62082	87940 USD	MI	no	1500	No	Over 20k
1C6SRFJTXVN561088	2027 Ram 1500 Laramie	Ram	https://furymotors.com/for-sale/ram-1500-laramie-minneapolis-mn/2027-ram-1500-laramie-1c6srfjtxvn561088/	74500 USD	2027 Forged Blue Metallic Ram 1500 Laramie HEMI 5.7L V8 Multi Displacement VVT eTorque For sale at Fury Motors South St. Paul in South St. Paul Minnesota.	https://vimg.remora.inc/546536/1c6srfjtxvn561088-2027-ram-1500-laramie-forged-blue-metallic-1-113321.avif	in stock	NEW	TRUCK	Vehicles & Parts > Vehicles > Motor Vehicles > Cars, Trucks & Vans	1C6SRFJTXVN561088	https://furymotors.com/for-sale/ram-1500-laramie-minneapolis-mn/2027-ram-1500-laramie-1c6srfjtxvn561088/123?store={store_code}	BLUE	11 miles	1500	1C6SRFJTXVN561088	2027	74500 USD	62082	74500 USD	MI	no	1500	No	Over 20k
1C6SRFHP7TN173287	2026 Ram 1500 Limited	Ram	https://furymotors.com/for-sale/ram-1500-limited-minneapolis-mn/2026-ram-1500-limited-1c6srfhp7tn173287/	67089 USD	2026 Bright White Clearcoat Ram 1500 Limited 3.0L I6 For sale at Fury Motors South St. Paul in South St. Paul Minnesota.	https://vimg.remora.inc/181698/1c6srfhp7tn173287-2026-ram-1500-limited-bright-white-clearcoat-1-110486.avif	in stock	NEW	TRUCK	Vehicles & Parts > Vehicles > Motor Vehicles > Cars, Trucks & Vans	1C6SRFHP7TN173287	https://furymotors.com/for-sale/ram-1500-limited-minneapolis-mn/2026-ram-1500-limited-1c6srfhp7tn173287/123?store={store_code}	WHITE	8808 miles	1500	1C6SRFHP7TN173287	2026	67089 USD	62082	67089 USD	MI	no	1500	No	Over 20k
1C6SRFHT4TN294324	2026 Ram 1500 Limited	Ram	https://furymotors.com/for-sale/ram-1500-limited-minneapolis-mn/2026-ram-1500-limited-1c6srfht4tn294324/	65758 USD	2026 Ivory White Tri-Coat Pearlcoat Ram 1500 Limited HEMI 5.7L V8 Multi Displacement VVT eTorque For sale at Fury Motors South St. Paul in South St. Paul Minnesota.	https://vimg.remora.inc/238053/1c6srfht4tn294324-2026-ram-1500-limited-ivory-white-tri-coat-pearlcoat-1-112195.avif	in stock	NEW	TRUCK	Vehicles & Parts > Vehicles > Motor Vehicles > Cars, Trucks & Vans	1C6SRFHT4TN294324	https://furymotors.com/for-sale/ram-1500-limited-minneapolis-mn/2026-ram-1500-limited-1c6srfht4tn294324/123?store={store_code}	WHITE	91 miles	1500	1C6SRFHT4TN294324	2026	65758 USD	62082	65758 USD	MI	no	1500	No	Over 20k
1C6SRFPP2VN603246	2027 Ram 1500 Limited	Ram	https://furymotors.com/for-sale/ram-1500-limited-minneapolis-mn/2027-ram-1500-limited-1c6srfpp2vn603246/	90680 USD	2027 Ivory White Tri-Coat Pearlcoat Ram 1500 Limited 3.0L I6 For sale at Fury Motors South St. Paul in South St. Paul Minnesota.	https://vimg.remora.inc/627144/1c6srfpp2vn603246-2027-ram-1500-limited-ivory-white-tri-coat-pearlcoat-1-114325.avif	in stock	NEW	TRUCK	Vehicles & Parts > Vehicles > Motor Vehicles > Cars, Trucks & Vans	1C6SRFPP2VN603246	https://furymotors.com/for-sale/ram-1500-limited-minneapolis-mn/2027-ram-1500-limited-1c6srfpp2vn603246/123?store={store_code}	WHITE	10 miles	1500	1C6SRFPP2VN603246	2027	90680 USD	62082	90680 USD	MI	no	1500	No	Over 20k
1C6SRFLT2VN572888	2027 Ram 1500 Rebel	Ram	https://furymotors.com/for-sale/ram-1500-rebel-minneapolis-mn/2027-ram-1500-rebel-1c6srflt2vn572888/	77295 USD	2027 Diamond Black Crystal Pearlcoat Ram 1500 Rebel HEMI 5.7L V8 Multi Displacement VVT eTorque For sale at Fury Motors South St. Paul in South St. Paul Minnesota.	https://vimg.remora.inc/573479/1c6srflt2vn572888-2027-ram-1500-rebel-diamond-black-crystal-pearlcoat-1-113657.avif	in stock	NEW	TRUCK	Vehicles & Parts > Vehicles > Motor Vehicles > Cars, Trucks & Vans	1C6SRFLT2VN572888	https://furymotors.com/for-sale/ram-1500-rebel-minneapolis-mn/2027-ram-1500-rebel-1c6srflt2vn572888/123?store={store_code}	BLACK	22 miles	1500	1C6SRFLT2VN572888	2027	77295 USD	62082	77295 USD	MI	no	1500	No	Over 20k
1C6SRFLT7VN593414	2027 Ram 1500 Rebel	Ram	https://furymotors.com/for-sale/ram-1500-rebel-minneapolis-mn/2027-ram-1500-rebel-1c6srflt7vn593414/	77440 USD	2027 Diamond Black Crystal Pearlcoat Ram 1500 Rebel HEMI 5.7L V8 Multi Displacement VVT For sale at Fury Motors South St. Paul in South St. Paul Minnesota.	https://vimg.remora.inc/616113/1c6srflt7vn593414-2027-ram-1500-rebel-diamond-black-crystal-pearlcoat-1-114133.avif	in stock	NEW	TRUCK	Vehicles & Parts > Vehicles > Motor Vehicles > Cars, Trucks & Vans	1C6SRFLT7VN593414	https://furymotors.com/for-sale/ram-1500-rebel-minneapolis-mn/2027-ram-1500-rebel-1c6srflt7vn593414/123?store={store_code}	BLACK	10 miles	1500	1C6SRFLT7VN593414	2027	77440 USD	62082	77440 USD	MI	no	1500	No	Over 20k
1C6SRFUP2TN355789	2026 Ram 1500 RHO	Ram	https://furymotors.com/for-sale/ram-1500-rho-minneapolis-mn/2026-ram-1500-rho-1c6srfup2tn355789/	94620 USD	2026 Serrano Green Metallic Ram 1500 RHO 3.0L I6 For sale at Fury Motors South St. Paul in South St. Paul Minnesota.	https://vimg.remora.inc/350270/1c6srfup2tn355789-2026-ram-1500-rho-serrano-green-metallic-1-113482.avif	in stock	NEW	TRUCK	Vehicles & Parts > Vehicles > Motor Vehicles > Cars, Trucks & Vans	1C6SRFUP2TN355789	https://furymotors.com/for-sale/ram-1500-rho-minneapolis-mn/2026-ram-1500-rho-1c6srfup2tn355789/123?store={store_code}	GREEN	24 miles	1500	1C6SRFUP2TN355789	2026	94620 USD	62082	94620 USD	MI	no	1500	No	Over 20k
1C6SRFUP2TN363875	2026 Ram 1500 RHO	Ram	https://furymotors.com/for-sale/ram-1500-rho-minneapolis-mn/2026-ram-1500-rho-1c6srfup2tn363875/	71730 USD	2026 Molten Red Pearlcoat Ram 1500 RHO 3.0L I6 For sale at Fury Motors South St. Paul in South St. Paul Minnesota.	https://vimg.remora.inc/381434/1c6srfup2tn363875-2026-ram-1500-rho-molten-red-pearlcoat-1-111069.avif	in stock	NEW	TRUCK	Vehicles & Parts > Vehicles > Motor Vehicles > Cars, Trucks & Vans	1C6SRFUP2TN363875	https://furymotors.com/for-sale/ram-1500-rho-minneapolis-mn/2026-ram-1500-rho-1c6srfup2tn363875/123?store={store_code}	RED	370 miles	1500	1C6SRFUP2TN363875	2026	71730 USD	62082	71730 USD	MI	no	1500	No	Over 20k
1C6SRFUP4TN236836	2026 Ram 1500 RHO	Ram	https://furymotors.com/for-sale/ram-1500-rho-minneapolis-mn/2026-ram-1500-rho-1c6srfup4tn236836/	81653 USD	2026 Bright White Clearcoat Ram 1500 RHO 3.0L I6 For sale at Fury Motors South St. Paul in South St. Paul Minnesota.	https://vimg.remora.inc/287483/1c6srfup4tn236836-2026-ram-1500-rho-bright-white-clearcoat-1-111711.avif	in stock	NEW	TRUCK	Vehicles & Parts > Vehicles > Motor Vehicles > Cars, Trucks & Vans	1C6SRFUP4TN236836	https://furymotors.com/for-sale/ram-1500-rho-minneapolis-mn/2026-ram-1500-rho-1c6srfup4tn236836/123?store={store_code}	WHITE	40 miles	1500	1C6SRFUP4TN236836	2026	81653 USD	62082	81653 USD	MI	no	1500	No	Over 20k
1C6SRFUP6TN173299	2026 Ram 1500 RHO	Ram	https://furymotors.com/for-sale/ram-1500-rho-minneapolis-mn/2026-ram-1500-rho-1c6srfup6tn173299/	83276 USD	2026 Bright White Clearcoat Ram 1500 RHO 3.0L I6 For sale at Fury Motors South St. Paul in South St. Paul Minnesota.	https://vimg.remora.inc/177374/1c6srfup6tn173299-2026-ram-1500-rho-bright-white-clearcoat-1-110105.avif	in stock	NEW	TRUCK	Vehicles & Parts > Vehicles > Motor Vehicles > Cars, Trucks & Vans	1C6SRFUP6TN173299	https://furymotors.com/for-sale/ram-1500-rho-minneapolis-mn/2026-ram-1500-rho-1c6srfup6tn173299/123?store={store_code}	WHITE	12 miles	1500	1C6SRFUP6TN173299	2026	83276 USD	62082	83276 USD	MI	no	1500	No	Over 20k
1C6SRFUP7TN168306	2026 Ram 1500 RHO	Ram	https://furymotors.com/for-sale/ram-1500-rho-minneapolis-mn/2026-ram-1500-rho-1c6srfup7tn168306/	84218 USD	2026 Diamond Black Crystal Pearlcoat Ram 1500 RHO 3.0L I6 For sale at Fury Motors South St. Paul in South St. Paul Minnesota.	https://vimg.remora.inc/292990/1c6srfup7tn168306-2026-ram-1500-rho-diamond-black-crystal-pearlcoat-1-112148.avif	in stock	NEW	TRUCK	Vehicles & Parts > Vehicles > Motor Vehicles > Cars, Trucks & Vans	1C6SRFUP7TN168306	https://furymotors.com/for-sale/ram-1500-rho-minneapolis-mn/2026-ram-1500-rho-1c6srfup7tn168306/123?store={store_code}	BLACK	47 miles	1500	1C6SRFUP7TN168306	2026	84218 USD	62082	84218 USD	MI	no	1500	No	Over 20k
1C6RRFCG5TN424572	2026 Ram 1500 Tradesman	Ram	https://furymotors.com/for-sale/ram-1500-tradesman-minneapolis-mn/2026-ram-1500-tradesman-1c6rrfcg5tn424572/	40914 USD	2026 Bright White Clearcoat Ram 1500 Tradesman 3.6L V6 24V VVT For sale at Fury Motors South St. Paul in South St. Paul Minnesota.	https://vimg.remora.inc/491095/1c6rrfcg5tn424572-2026-ram-1500-tradesman-bright-white-clearcoat-1-112598.avif	in stock	NEW	TRUCK	Vehicles & Parts > Vehicles > Motor Vehicles > Cars, Trucks & Vans	1C6RRFCG5TN424572	https://furymotors.com/for-sale/ram-1500-tradesman-minneapolis-mn/2026-ram-1500-tradesman-1c6rrfcg5tn424572/123?store={store_code}	WHITE	13 miles	1500	1C6RRFCG5TN424572	2026	40914 USD	62082	40914 USD	MI	no	1500	No	Over 20k
1C6RRFCG9TN424574	2026 Ram 1500 Tradesman	Ram	https://furymotors.com/for-sale/ram-1500-tradesman-minneapolis-mn/2026-ram-1500-tradesman-1c6rrfcg9tn424574/	42414 USD	2026 Bright White Clearcoat Ram 1500 Tradesman 3.6L V6 24V VVT For sale at Fury Motors South St. Paul in South St. Paul Minnesota.	https://vimg.remora.inc/477374/1c6rrfcg9tn424574-2026-ram-1500-tradesman-bright-white-clearcoat-1-112307.avif	in stock	NEW	TRUCK	Vehicles & Parts > Vehicles > Motor Vehicles > Cars, Trucks & Vans	1C6RRFCG9TN424574	https://furymotors.com/for-sale/ram-1500-tradesman-minneapolis-mn/2026-ram-1500-tradesman-1c6rrfcg9tn424574/123?store={store_code}	WHITE	14 miles	1500	1C6RRFCG9TN424574	2026	42414 USD	62082	42414 USD	MI	no	1500	No	Over 20k
1C6SRFU95VN596833	2027 Ram 1500 TRX SRT	Ram	https://furymotors.com/for-sale/ram-1500-trx-srt-minneapolis-mn/2027-ram-1500-trx-srt-1c6srfu95vn596833/	108960 USD	2027 Bright White Clearcoat Ram 1500 TRX SRT 6.2L Supercharged HEMI V8 SRT For sale at Fury Motors South St. Paul in South St. Paul Minnesota.	https://vimg.remora.inc/616116/1c6srfu95vn596833-2027-ram-1500-trx-srt-bright-white-clearcoat-1-114133.avif	in stock	NEW	TRUCK	Vehicles & Parts > Vehicles > Motor Vehicles > Cars, Trucks & Vans	1C6SRFU95VN596833	https://furymotors.com/for-sale/ram-1500-trx-srt-minneapolis-mn/2027-ram-1500-trx-srt-1c6srfu95vn596833/123?store={store_code}	WHITE	10 miles	1500	1C6SRFU95VN596833	2027	108960 USD	62082	108960 USD	MI	no	1500	No	Over 20k
1C6SRFKP7VN594213	2027 Ram 1500 Tungsten	Ram	https://furymotors.com/for-sale/ram-1500-tungsten-minneapolis-mn/2027-ram-1500-tungsten-1c6srfkp7vn594213/	90680 USD	2027 Diamond Black Crystal Pearlcoat Ram 1500 Tungsten 3.0L I6 For sale at Fury Motors South St. Paul in South St. Paul Minnesota.	https://vimg.remora.inc/601326/1c6srfkp7vn594213-2027-ram-1500-tungsten-diamond-black-crystal-pearlcoat-1-114333.avif	in stock	NEW	TRUCK	Vehicles & Parts > Vehicles > Motor Vehicles > Cars, Trucks & Vans	1C6SRFKP7VN594213	https://furymotors.com/for-sale/ram-1500-tungsten-minneapolis-mn/2027-ram-1500-tungsten-1c6srfkp7vn594213/123?store={store_code}	BLACK	12 miles	1500	1C6SRFKP7VN594213	2027	90680 USD	62082	90680 USD	MI	no	1500	No	Over 20k
1C6SRFKP8VN609219	2027 Ram 1500 Tungsten	Ram	https://furymotors.com/for-sale/ram-1500-tungsten-minneapolis-mn/2027-ram-1500-tungsten-1c6srfkp8vn609219/	91775 USD	2027 Ivory White Tri-Coat Pearlcoat Ram 1500 Tungsten 3.0L I6 For sale at Fury Motors South St. Paul in South St. Paul Minnesota.	https://vimg.remora.inc/620304/1c6srfkp8vn609219-2027-ram-1500-tungsten-ivory-white-tri-coat-pearlcoat-1-114229.avif	in stock	NEW	TRUCK	Vehicles & Parts > Vehicles > Motor Vehicles > Cars, Trucks & Vans	1C6SRFKP8VN609219	https://furymotors.com/for-sale/ram-1500-tungsten-minneapolis-mn/2027-ram-1500-tungsten-1c6srfkp8vn609219/123?store={store_code}	WHITE	10 miles	1500	1C6SRFKP8VN609219	2027	91775 USD	62082	91775 USD	MI	no	1500	No	Over 20k
3C6UR5CJ3TG224279	2026 Ram 2500 Tradesman	Ram	https://furymotors.com/for-sale/ram-2500-tradesman-minneapolis-mn/2026-ram-2500-tradesman-3c6ur5cj3tg224279/	54032 USD	2026 Bright White Clearcoat Ram 2500 Tradesman 6.4L V8 For sale at Fury Motors South St. Paul in South St. Paul Minnesota.	https://vimg.remora.inc/115902/3c6ur5cj3tg224279-2026-ram-2500-tradesman-bright-white-clearcoat-1-111711.avif	in stock	NEW	TRUCK	Vehicles & Parts > Vehicles > Motor Vehicles > Cars, Trucks & Vans	3C6UR5CJ3TG224279	https://furymotors.com/for-sale/ram-2500-tradesman-minneapolis-mn/2026-ram-2500-tradesman-3c6ur5cj3tg224279/123?store={store_code}	WHITE	13 miles	2500	3C6UR5CJ3TG224279	2026	54032 USD	62082	54032 USD	MI	no	2500	No	Over 20k
3C63R3DL0TG241525	2026 Ram 3500 Big Horn	Ram	https://furymotors.com/for-sale/ram-3500-big-horn-minneapolis-mn/2026-ram-3500-big-horn-3c63r3dl0tg241525/	68601 USD	2026 Forged Blue Metallic Ram 3500 Big Horn 6.7L I6 For sale at Fury Motors South St. Paul in South St. Paul Minnesota.	https://vimg.remora.inc/178323/3c63r3dl0tg241525-2026-ram-3500-big-horn-forged-blue-metallic-1-111970.avif	in stock	NEW	TRUCK	Vehicles & Parts > Vehicles > Motor Vehicles > Cars, Trucks & Vans	3C63R3DL0TG241525	https://furymotors.com/for-sale/ram-3500-big-horn-minneapolis-mn/2026-ram-3500-big-horn-3c63r3dl0tg241525/123?store={store_code}	BLUE	32 miles	3500	3C63R3DL0TG241525	2026	68601 USD	62082	68601 USD	MI	no	3500	No	Over 20k
3C63R3EL0TG347021	2026 Ram 3500 Laramie	Ram	https://furymotors.com/for-sale/ram-3500-laramie-minneapolis-mn/2026-ram-3500-laramie-3c63r3el0tg347021/	78728 USD	2026 Diamond Black Crystal Pearlcoat Ram 3500 Laramie 6.7L I6 For sale at Fury Motors South St. Paul in South St. Paul Minnesota.	https://vimg.remora.inc/438138/3c63r3el0tg347021-2026-ram-3500-laramie-diamond-black-crystal-pearlcoat-1-112146.avif	in stock	NEW	TRUCK	Vehicles & Parts > Vehicles > Motor Vehicles > Cars, Trucks & Vans	3C63R3EL0TG347021	https://furymotors.com/for-sale/ram-3500-laramie-minneapolis-mn/2026-ram-3500-laramie-3c63r3el0tg347021/123?store={store_code}	BLACK	22 miles	3500	3C63R3EL0TG347021	2026	78728 USD	62082	78728 USD	MI	no	3500	No	Over 20k
3C63R3EL2TG312092	2026 Ram 3500 Laramie	Ram	https://furymotors.com/for-sale/ram-3500-laramie-minneapolis-mn/2026-ram-3500-laramie-3c63r3el2tg312092/	78831 USD	2026 Forged Blue Metallic Ram 3500 Laramie 6.7L I6 For sale at Fury Motors South St. Paul in South St. Paul Minnesota.	https://vimg.remora.inc/372748/3c63r3el2tg312092-2026-ram-3500-laramie-forged-blue-metallic-1-111960.avif	in stock	NEW	TRUCK	Vehicles & Parts > Vehicles > Motor Vehicles > Cars, Trucks & Vans	3C63R3EL2TG312092	https://furymotors.com/for-sale/ram-3500-laramie-minneapolis-mn/2026-ram-3500-laramie-3c63r3el2tg312092/123?store={store_code}	BLUE	1434 miles	3500	3C63R3EL2TG312092	2026	78831 USD	62082	78831 USD	MI	no	3500	No	Over 20k
3C63R3EL5VG406339	2027 Ram 3500 Laramie	Ram	https://furymotors.com/for-sale/ram-3500-laramie-minneapolis-mn/2027-ram-3500-laramie-3c63r3el5vg406339/	96460 USD	2027 Diamond Black Crystal Pearlcoat Ram 3500 Laramie 6.7L I6 For sale at Fury Motors South St. Paul in South St. Paul Minnesota.	https://vimg.remora.inc/590562/3c63r3el5vg406339-2027-ram-3500-laramie-diamond-black-crystal-pearlcoat-1-114138.avif	in stock	NEW	TRUCK	Vehicles & Parts > Vehicles > Motor Vehicles > Cars, Trucks & Vans	3C63R3EL5VG406339	https://furymotors.com/for-sale/ram-3500-laramie-minneapolis-mn/2027-ram-3500-laramie-3c63r3el5vg406339/123?store={store_code}	BLACK	8 miles	3500	3C63R3EL5VG406339	2027	96460 USD	62082	96460 USD	MI	no	3500	No	Over 20k
3C63R3AL0VG383641	2027 Ram 3500 Tradesman	Ram	https://furymotors.com/for-sale/ram-3500-tradesman-minneapolis-mn/2027-ram-3500-tradesman-3c63r3al0vg383641/	71650 USD	2027 Bright White Clearcoat Ram 3500 Tradesman 6.7L I6 For sale at Fury Motors South St. Paul in South St. Paul Minnesota.	https://vimg.remora.inc/534290/3c63r3al0vg383641-2027-ram-3500-tradesman-bright-white-clearcoat-1-113634.avif	in stock	NEW	TRUCK	Vehicles & Parts > Vehicles > Motor Vehicles > Cars, Trucks & Vans	3C63R3AL0VG383641	https://furymotors.com/for-sale/ram-3500-tradesman-minneapolis-mn/2027-ram-3500-tradesman-3c63r3al0vg383641/123?store={store_code}	WHITE	15 miles	3500	3C63R3AL0VG383641	2027	71650 USD	62082	71650 USD	MI	no	3500	No	Over 20k
3C63R3GLXVG383640	2027 Ram 3500 Tradesman	Ram	https://furymotors.com/for-sale/ram-3500-tradesman-minneapolis-mn/2027-ram-3500-tradesman-3c63r3glxvg383640/	75295 USD	2027 Bright White Clearcoat Ram 3500 Tradesman 6.7L I6 For sale at Fury Motors South St. Paul in South St. Paul Minnesota.	https://vimg.remora.inc/532980/3c63r3glxvg383640-2027-ram-3500-tradesman-bright-white-clearcoat-1-113650.avif	in stock	NEW	TRUCK	Vehicles & Parts > Vehicles > Motor Vehicles > Cars, Trucks & Vans	3C63R3GLXVG383640	https://furymotors.com/for-sale/ram-3500-tradesman-minneapolis-mn/2027-ram-3500-tradesman-3c63r3glxvg383640/123?store={store_code}	WHITE	13 miles	3500	3C63R3GLXVG383640	2027	75295 USD	62082	75295 USD	MI	no	3500	No	Over 20k
3C7WRNBL3TG310750	2026 Ram 5500HD Tradesman	Ram	https://furymotors.com/for-sale/ram-5500hd-tradesman-minneapolis-mn/2026-ram-5500hd-tradesman-3c7wrnbl3tg310750/	70312 USD	2026 Bright White Clearcoat Ram 5500HD Tradesman Cummins 6.7L I6 Turbodiesel For sale at Fury Motors South St. Paul in South St. Paul Minnesota.	https://vimg.remora.inc/342859/3c7wrnbl3tg310750-2026-ram-5500hd-tradesman-bright-white-clearcoat-1-112143.avif	in stock	NEW	TRUCK	Vehicles & Parts > Vehicles > Motor Vehicles > Cars, Trucks & Vans	3C7WRNBL3TG310750	https://furymotors.com/for-sale/ram-5500hd-tradesman-minneapolis-mn/2026-ram-5500hd-tradesman-3c7wrnbl3tg310750/123?store={store_code}	WHITE	12 miles	5500HD	3C7WRNBL3TG310750	2026	70312 USD	62082	70312 USD	MI	no	5500HD	No	Over 20k
3C7WRNBL5TG310751	2026 Ram 5500HD Tradesman	Ram	https://furymotors.com/for-sale/ram-5500hd-tradesman-minneapolis-mn/2026-ram-5500hd-tradesman-3c7wrnbl5tg310751/	70312 USD	2026 Bright White Clearcoat Ram 5500HD Tradesman Cummins 6.7L I6 Turbodiesel For sale at Fury Motors South St. Paul in South St. Paul Minnesota.	https://vimg.remora.inc/322476/3c7wrnbl5tg310751-2026-ram-5500hd-tradesman-bright-white-clearcoat-1-109986.avif	in stock	NEW	TRUCK	Vehicles & Parts > Vehicles > Motor Vehicles > Cars, Trucks & Vans	3C7WRNBL5TG310751	https://furymotors.com/for-sale/ram-5500hd-tradesman-minneapolis-mn/2026-ram-5500hd-tradesman-3c7wrnbl5tg310751/123?store={store_code}	WHITE	15 miles	5500HD	3C7WRNBL5TG310751	2026	70312 USD	62082	70312 USD	MI	no	5500HD	No	Over 20k
3C7WRNBL7TG310749	2026 Ram 5500HD Tradesman	Ram	https://furymotors.com/for-sale/ram-5500hd-tradesman-minneapolis-mn/2026-ram-5500hd-tradesman-3c7wrnbl7tg310749/	70312 USD	2026 Bright White Clearcoat Ram 5500HD Tradesman Cummins 6.7L I6 Turbodiesel For sale at Fury Motors South St. Paul in South St. Paul Minnesota.	https://vimg.remora.inc/355975/3c7wrnbl7tg310749-2026-ram-5500hd-tradesman-bright-white-clearcoat-1-112989.avif	in stock	NEW	TRUCK	Vehicles & Parts > Vehicles > Motor Vehicles > Cars, Trucks & Vans	3C7WRNBL7TG310749	https://furymotors.com/for-sale/ram-5500hd-tradesman-minneapolis-mn/2026-ram-5500hd-tradesman-3c7wrnbl7tg310749/123?store={store_code}	WHITE	17 miles	5500HD	3C7WRNBL7TG310749	2026	70312 USD	62082	70312 USD	MI	no	5500HD	No	Over 20k
3C6LRVBG4VE551452	2027 Ram ProMaster 1500 Base	Ram	https://furymotors.com/for-sale/ram-promaster-1500-base-minneapolis-mn/2027-ram-promaster-1500-base-3c6lrvbg4ve551452/	54795 USD	2027 Bright White Clearcoat Ram ProMaster 1500 Base 3.6L V6 24V VVT For sale at Fury Motors South St. Paul in South St. Paul Minnesota.	https://vimg.remora.inc/616115/3c6lrvbg4ve551452-2027-ram-promaster-1500-base-bright-white-clearcoat-1-114133.avif	in stock	NEW	VAN	Vehicles & Parts > Vehicles > Motor Vehicles > Cars, Trucks & Vans	3C6LRVBG4VE551452	https://furymotors.com/for-sale/ram-promaster-1500-base-minneapolis-mn/2027-ram-promaster-1500-base-3c6lrvbg4ve551452/123?store={store_code}	WHITE	10 miles	ProMaster 1500	3C6LRVBG4VE551452	2027	54795 USD	62082	54795 USD	MI	no	ProMaster 1500	No	Over 20k
3C6LRVDG3TE210893	2026 Ram ProMaster 2500 High Roof	Ram	https://furymotors.com/for-sale/ram-promaster-2500-high-roof-minneapolis-mn/2026-ram-promaster-2500-high-roof-3c6lrvdg3te210893/	49474 USD	2026 Bright White Clearcoat Ram ProMaster 2500 High Roof 3.6L V6 24V VVT For sale at Fury Motors South St. Paul in South St. Paul Minnesota.	https://vimg.remora.inc/532979/3c6lrvdg3te210893-2026-ram-promaster-2500-high-roof-bright-white-clearcoat-1-112714.avif	in stock	NEW	VAN	Vehicles & Parts > Vehicles > Motor Vehicles > Cars, Trucks & Vans	3C6LRVDG3TE210893	https://furymotors.com/for-sale/ram-promaster-2500-high-roof-minneapolis-mn/2026-ram-promaster-2500-high-roof-3c6lrvdg3te210893/123?store={store_code}	WHITE	10 miles	ProMaster 2500	3C6LRVDG3TE210893	2026	49474 USD	62082	49474 USD	MI	no	ProMaster 2500	No	Over 20k
3C6LRVDG1VE551552	2027 Ram ProMaster 2500 High Roof	Ram	https://furymotors.com/for-sale/ram-promaster-2500-high-roof-minneapolis-mn/2027-ram-promaster-2500-high-roof-3c6lrvdg1ve551552/	55935 USD	2027 Bright White Clearcoat Ram ProMaster 2500 High Roof 3.6L V6 24V VVT For sale at Fury Motors South St. Paul in South St. Paul Minnesota.	https://vimg.remora.inc/544669/3c6lrvdg1ve551552-2027-ram-promaster-2500-high-roof-bright-white-clearcoat-1-114105.avif	in stock	NEW	VAN	Vehicles & Parts > Vehicles > Motor Vehicles > Cars, Trucks & Vans	3C6LRVDG1VE551552	https://furymotors.com/for-sale/ram-promaster-2500-high-roof-minneapolis-mn/2027-ram-promaster-2500-high-roof-3c6lrvdg1ve551552/123?store={store_code}	WHITE	17 miles	ProMaster 2500	3C6LRVDG1VE551552	2027	55935 USD	62082	55935 USD	MI	no	ProMaster 2500	No	Over 20k
3C6LRVDG9VE553162	2027 Ram ProMaster 2500 High Roof	Ram	https://furymotors.com/for-sale/ram-promaster-2500-high-roof-minneapolis-mn/2027-ram-promaster-2500-high-roof-3c6lrvdg9ve553162/	55935 USD	2027 Bright White Clearcoat Ram ProMaster 2500 High Roof 3.6L V6 24V VVT For sale at Fury Motors South St. Paul in South St. Paul Minnesota.	https://vimg.remora.inc/573480/3c6lrvdg9ve553162-2027-ram-promaster-2500-high-roof-bright-white-clearcoat-1-114105.avif	in stock	NEW	VAN	Vehicles & Parts > Vehicles > Motor Vehicles > Cars, Trucks & Vans	3C6LRVDG9VE553162	https://furymotors.com/for-sale/ram-promaster-2500-high-roof-minneapolis-mn/2027-ram-promaster-2500-high-roof-3c6lrvdg9ve553162/123?store={store_code}	WHITE	10 miles	ProMaster 2500	3C6LRVDG9VE553162	2027	55935 USD	62082	55935 USD	MI	no	ProMaster 2500	No	Over 20k
ZASFAKNN0J7B80328	2018 Alfa Romeo Stelvio Ti	Alfa Romeo	https://furymotors.com/for-sale/used-alfa-romeo-stelvio-ti-minneapolis-mn/2018-alfa-romeo-stelvio-ti-zasfaknn0j7b80328/	14350 USD	2018 Vesuvio Gray Metallic Alfa Romeo Stelvio Ti I4 For sale at Fury Motors South St. Paul in South St. Paul Minnesota.	https://vimg.remora.inc/601008/zasfaknn0j7b80328-2018-alfa-romeo-stelvio-ti-vesuvio-gray-metallic-1-114066.avif	in stock	USED	SUV	Vehicles & Parts > Vehicles > Motor Vehicles > Cars, Trucks & Vans	ZASFAKNN0J7B80328	https://furymotors.com/for-sale/used-alfa-romeo-stelvio-ti-minneapolis-mn/2018-alfa-romeo-stelvio-ti-zasfaknn0j7b80328/123?store={store_code}	GRAY	85372 miles	Stelvio	ZASFAKNN0J7B80328	2018	14350 USD	62082	14350 USD	MI	no	Stelvio	No	Under 20k
5UX43DT08N9K07197	2022 BMW X4 M40i	BMW	https://furymotors.com/for-sale/used-bmw-x4-m40i-minneapolis-mn/2022-bmw-x4-m40i-5ux43dt08n9k07197/	36000 USD	2022 Tanzanite Blue II Metallic BMW X4 M40i 3.0L I6 Turbocharged DOHC 24V LEV3-ULEV70 For sale at Fury Motors South St. Paul in South St. Paul Minnesota.	https://vimg.remora.inc/614458/5ux43dt08n9k07197-2022-bmw-x4-m40i-tanzanite-blue-ii-metallic-1-114330.avif	in stock	USED	SUV	Vehicles & Parts > Vehicles > Motor Vehicles > Cars, Trucks & Vans	5UX43DT08N9K07197	https://furymotors.com/for-sale/used-bmw-x4-m40i-minneapolis-mn/2022-bmw-x4-m40i-5ux43dt08n9k07197/123?store={store_code}	BLUE	66393 miles	X4	5UX43DT08N9K07197	2022	36000 USD	62082	36000 USD	MI	no	X4	No	Over 20k
LRBAZLR48PD126917	2023 Buick Envision Preferred	Buick	https://furymotors.com/for-sale/used-buick-envision-preferred-minneapolis-mn/2023-buick-envision-preferred-lrbazlr48pd126917/	21350 USD	2023 Summit White Buick Envision Preferred 2.0L Turbocharged For sale at Fury Motors South St. Paul in South St. Paul Minnesota.	https://vimg.remora.inc/619026/lrbazlr48pd126917-2023-buick-envision-preferred-summit-white-1-114282.avif	in stock	USED	SUV	Vehicles & Parts > Vehicles > Motor Vehicles > Cars, Trucks & Vans	LRBAZLR48PD126917	https://furymotors.com/for-sale/used-buick-envision-preferred-minneapolis-mn/2023-buick-envision-preferred-lrbazlr48pd126917/123?store={store_code}	WHITE	63000 miles	Envision	LRBAZLR48PD126917	2023	21350 USD	62082	21350 USD	MI	no	Envision	No	Over 20k
1GYKNDRS7MZ140967	2021 Cadillac XT5 Premium Luxury	Cadillac	https://furymotors.com/for-sale/used-cadillac-xt5-premium-luxury-minneapolis-mn/2021-cadillac-xt5-premium-luxury-1gykndrs7mz140967/	22000 USD	2021 Satin Steel Metallic Cadillac XT5 Premium Luxury 3.6L V6 DI VVT For sale at Fury Motors South St. Paul in South St. Paul Minnesota.	https://vimg.remora.inc/547097/1gykndrs7mz140967-2021-cadillac-xt5-premium-luxury-satin-steel-metallic-1-114178.avif	in stock	USED	SUV	Vehicles & Parts > Vehicles > Motor Vehicles > Cars, Trucks & Vans	1GYKNDRS7MZ140967	https://furymotors.com/for-sale/used-cadillac-xt5-premium-luxury-minneapolis-mn/2021-cadillac-xt5-premium-luxury-1gykndrs7mz140967/123?store={store_code}	GRAY	86451 miles	XT5	1GYKNDRS7MZ140967	2021	22000 USD	62082	22000 USD	MI	no	XT5	No	Over 20k
3GNKDBRJ5RS194526	2024 Chevrolet Blazer EV LT	Chevrolet	https://furymotors.com/for-sale/used-chevrolet-blazer-ev-lt-minneapolis-mn/2024-chevrolet-blazer-ev-lt-3gnkdbrj5rs194526/	27350 USD	2024 Sterling Gray Metallic Chevrolet Blazer EV LT Electric Motor For sale at Fury Motors South St. Paul in South St. Paul Minnesota.	https://vimg.remora.inc/619025/3gnkdbrj5rs194526-2024-chevrolet-blazer-ev-lt-sterling-gray-metallic-1-114258.avif	in stock	USED	SUV	Vehicles & Parts > Vehicles > Motor Vehicles > Cars, Trucks & Vans	3GNKDBRJ5RS194526	https://furymotors.com/for-sale/used-chevrolet-blazer-ev-lt-minneapolis-mn/2024-chevrolet-blazer-ev-lt-3gnkdbrj5rs194526/123?store={store_code}	SILVER	14680 miles	Blazer EV	3GNKDBRJ5RS194526	2024	27350 USD	62082	27350 USD	MI	no	Blazer EV	No	Over 20k
2GNAXUEV2L6183013	2020 Chevrolet Equinox LT	Chevrolet	https://furymotors.com/for-sale/used-chevrolet-equinox-lt-minneapolis-mn/2020-chevrolet-equinox-lt-2gnaxuev2l6183013/	17000 USD	2020 Nightfall Gray Metallic Chevrolet Equinox LT 1.5L DOHC For sale at Fury Motors South St. Paul in South St. Paul Minnesota.	https://vimg.remora.inc/603009/2gnaxuev2l6183013-2020-chevrolet-equinox-lt-nightfall-gray-metallic-1-114066.avif	in stock	USED	SUV	Vehicles & Parts > Vehicles > Motor Vehicles > Cars, Trucks & Vans	2GNAXUEV2L6183013	https://furymotors.com/for-sale/used-chevrolet-equinox-lt-minneapolis-mn/2020-chevrolet-equinox-lt-2gnaxuev2l6183013/123?store={store_code}	GRAY	63516 miles	Equinox	2GNAXUEV2L6183013	2020	17000 USD	62082	17000 USD	MI	no	Equinox	No	Under 20k
1GCUKJED1SZ317135	2025 Chevrolet Silverado 1500 High Country	Chevrolet	https://furymotors.com/for-sale/used-chevrolet-silverado-1500-high-country-minneapolis-mn/2025-chevrolet-silverado-1500-high-country-1gcukjed1sz317135/	53000 USD	2025 Black Chevrolet Silverado 1500 High Country EcoTec3 5.3L V8 For sale at Fury Motors South St. Paul in South St. Paul Minnesota.	https://vimg.remora.inc/535797/1gcukjed1sz317135-2025-chevrolet-silverado-1500-high-country-black-1-114159.avif	in stock	USED	TRUCK	Vehicles & Parts > Vehicles > Motor Vehicles > Cars, Trucks & Vans	1GCUKJED1SZ317135	https://furymotors.com/for-sale/used-chevrolet-silverado-1500-high-country-minneapolis-mn/2025-chevrolet-silverado-1500-high-country-1gcukjed1sz317135/123?store={store_code}	BLACK	8910 miles	Silverado 1500	1GCUKJED1SZ317135	2025	53000 USD	62082	53000 USD	MI	no	Silverado 1500	No	Over 20k
1GCUKJED8SZ229411	2025 Chevrolet Silverado 1500 High Country	Chevrolet	https://furymotors.com/for-sale/used-chevrolet-silverado-1500-high-country-minneapolis-mn/2025-chevrolet-silverado-1500-high-country-1gcukjed8sz229411/	52845 USD	2025 Black Chevrolet Silverado 1500 High Country EcoTec3 5.3L V8 For sale at Fury Motors South St. Paul in South St. Paul Minnesota.	https://vimg.remora.inc/614457/1gcukjed8sz229411-2025-chevrolet-silverado-1500-high-country-black-1-114135.avif	in stock	USED	TRUCK	Vehicles & Parts > Vehicles > Motor Vehicles > Cars, Trucks & Vans	1GCUKJED8SZ229411	https://furymotors.com/for-sale/used-chevrolet-silverado-1500-high-country-minneapolis-mn/2025-chevrolet-silverado-1500-high-country-1gcukjed8sz229411/123?store={store_code}	BLACK	29348 miles	Silverado 1500	1GCUKJED8SZ229411	2025	52845 USD	62082	52845 USD	MI	no	Silverado 1500	No	Over 20k
1GCEK29049Z250137	2009 Chevrolet Silverado 1500 LT	Chevrolet	https://furymotors.com/for-sale/used-chevrolet-silverado-1500-lt-minneapolis-mn/2009-chevrolet-silverado-1500-lt-1gcek29049z250137/	6350 USD	2009 Deep Ruby Metallic Chevrolet Silverado 1500 LT Vortec 5.3L V8 SFI Flex Fuel For sale at Fury Motors South St. Paul in South St. Paul Minnesota.	https://vimg.remora.inc/537958/1gcek29049z250137-2009-chevrolet-silverado-1500-lt-deep-ruby-metallic-1-112815.avif	in stock	USED	TRUCK	Vehicles & Parts > Vehicles > Motor Vehicles > Cars, Trucks & Vans	1GCEK29049Z250137	https://furymotors.com/for-sale/used-chevrolet-silverado-1500-lt-minneapolis-mn/2009-chevrolet-silverado-1500-lt-1gcek29049z250137/123?store={store_code}	RED	188210 miles	Silverado 1500	1GCEK29049Z250137	2009	6350 USD	62082	6350 USD	MI	no	Silverado 1500	No	Under 20k
2GCUDGED7P1125005	2023 Chevrolet Silverado 1500 LTZ	Chevrolet	https://furymotors.com/for-sale/used-chevrolet-silverado-1500-ltz-minneapolis-mn/2023-chevrolet-silverado-1500-ltz-2gcudged7p1125005/	42000 USD	2023 Black Chevrolet Silverado 1500 LTZ EcoTec3 5.3L V8 For sale at Fury Motors South St. Paul in South St. Paul Minnesota.	https://vimg.remora.inc/611452/2gcudged7p1125005-2023-chevrolet-silverado-1500-ltz-black-1-114141.avif	in stock	USED	TRUCK	Vehicles & Parts > Vehicles > Motor Vehicles > Cars, Trucks & Vans	2GCUDGED7P1125005	https://furymotors.com/for-sale/used-chevrolet-silverado-1500-ltz-minneapolis-mn/2023-chevrolet-silverado-1500-ltz-2gcudged7p1125005/123?store={store_code}	BLACK	40873 miles	Silverado 1500	2GCUDGED7P1125005	2023	42000 USD	62082	42000 USD	MI	no	Silverado 1500	No	Over 20k
1GC4YNEY8NF265811	2022 Chevrolet Silverado 2500HD LT	Chevrolet	https://furymotors.com/for-sale/used-chevrolet-silverado-2500hd-lt-minneapolis-mn/2022-chevrolet-silverado-2500hd-lt-1gc4yney8nf265811/	39350 USD	2022 Summit White Chevrolet Silverado 2500HD LT Duramax 6.6L V8 Turbodiesel For sale at Fury Motors South St. Paul in South St. Paul Minnesota.	https://vimg.remora.inc/592954/1gc4yney8nf265811-2022-chevrolet-silverado-2500hd-lt-summit-white-1-114114.avif	in stock	USED	TRUCK	Vehicles & Parts > Vehicles > Motor Vehicles > Cars, Trucks & Vans	1GC4YNEY8NF265811	https://furymotors.com/for-sale/used-chevrolet-silverado-2500hd-lt-minneapolis-mn/2022-chevrolet-silverado-2500hd-lt-1gc4yney8nf265811/123?store={store_code}	WHITE	91642 miles	Silverado 2500HD	1GC4YNEY8NF265811	2022	39350 USD	62082	39350 USD	MI	no	Silverado 2500HD	No	Over 20k
1GNSKKKC5FR640867	2015 Chevrolet Suburban LTZ	Chevrolet	https://furymotors.com/for-sale/used-chevrolet-suburban-ltz-minneapolis-mn/2015-chevrolet-suburban-ltz-1gnskkkc5fr640867/	14000 USD	2015 White Diamond Clearcoat Chevrolet Suburban LTZ EcoTec3 5.3L V8 Flex Fuel For sale at Fury Motors South St. Paul in South St. Paul Minnesota.	https://vimg.remora.inc/603095/1gnskkkc5fr640867-2015-chevrolet-suburban-ltz-white-diamond-clearcoat-1-113994.avif	in stock	USED	SUV	Vehicles & Parts > Vehicles > Motor Vehicles > Cars, Trucks & Vans	1GNSKKKC5FR640867	https://furymotors.com/for-sale/used-chevrolet-suburban-ltz-minneapolis-mn/2015-chevrolet-suburban-ltz-1gnskkkc5fr640867/123?store={store_code}	WHITE	148479 miles	Suburban	1GNSKKKC5FR640867	2015	14000 USD	62082	14000 USD	MI	no	Suburban	No	Under 20k
1GNEVJKW8PJ197378	2023 Chevrolet Traverse RS	Chevrolet	https://furymotors.com/for-sale/used-chevrolet-traverse-rs-minneapolis-mn/2023-chevrolet-traverse-rs-1gnevjkw8pj197378/	25000 USD	2023 Sterling Gray Metallic Chevrolet Traverse RS 3.6L V6 SIDI VVT For sale at Fury Motors South St. Paul in South St. Paul Minnesota.	https://vimg.remora.inc/483958/1gnevjkw8pj197378-2023-chevrolet-traverse-rs-sterling-gray-metallic-1-112382.avif	in stock	USED	SUV	Vehicles & Parts > Vehicles > Motor Vehicles > Cars, Trucks & Vans	1GNEVJKW8PJ197378	https://furymotors.com/for-sale/used-chevrolet-traverse-rs-minneapolis-mn/2023-chevrolet-traverse-rs-1gnevjkw8pj197378/123?store={store_code}	SILVER	98209 miles	Traverse	1GNEVJKW8PJ197378	2023	25000 USD	62082	25000 USD	MI	no	Traverse	No	Over 20k
KL77LGE28RC160161	2024 Chevrolet Trax 1RS	Chevrolet	https://furymotors.com/for-sale/used-chevrolet-trax-1rs-minneapolis-mn/2024-chevrolet-trax-1rs-kl77lge28rc160161/	20000 USD	2024 Sterling Gray Metallic Chevrolet Trax 1RS 1.2L Ecotec Turbo DOHC DI w/VVT For sale at Fury Motors South St. Paul in South St. Paul Minnesota.	https://vimg.remora.inc/558609/kl77lge28rc160161-2024-chevrolet-trax-1rs-sterling-gray-metallic-1-113151.avif	in stock	USED	SUV	Vehicles & Parts > Vehicles > Motor Vehicles > Cars, Trucks & Vans	KL77LGE28RC160161	https://furymotors.com/for-sale/used-chevrolet-trax-1rs-minneapolis-mn/2024-chevrolet-trax-1rs-kl77lge28rc160161/123?store={store_code}	SILVER	28206 miles	Trax	KL77LGE28RC160161	2024	20000 USD	62082	20000 USD	MI	no	Trax	No	Over 20k
2C3CCAGGXHH568104	2017 Chrysler 300 S	Chrysler	https://furymotors.com/for-sale/used-chrysler-300-s-minneapolis-mn/2017-chrysler-300-s-2c3ccaggxhh568104/	15000 USD	2017 Jazz Blue Pearlcoat Chrysler 300 S 3.6L V6 24V VVT For sale at Fury Motors South St. Paul in South St. Paul Minnesota.	https://vimg.remora.inc/623595/2c3ccaggxhh568104-2017-chrysler-300-s-jazz-blue-pearlcoat-1-114279.avif	in stock	USED	OTHER	Vehicles & Parts > Vehicles > Motor Vehicles > Cars, Trucks & Vans	2C3CCAGGXHH568104	https://furymotors.com/for-sale/used-chrysler-300-s-minneapolis-mn/2017-chrysler-300-s-2c3ccaggxhh568104/123?store={store_code}	BLUE	126811 miles	300	2C3CCAGGXHH568104	2017	15000 USD	62082	15000 USD	MI	no	300	No	Under 20k
2C4RC1GGXJR107426	2018 Chrysler Pacifica Limited	Chrysler	https://furymotors.com/for-sale/used-chrysler-pacifica-limited-minneapolis-mn/2018-chrysler-pacifica-limited-2c4rc1ggxjr107426/	17000 USD	2018 Brilliant Black Crystal Pearlcoat Chrysler Pacifica Limited 3.6L V6 24V VVT For sale at Fury Motors South St. Paul in South St. Paul Minnesota.	https://vimg.remora.inc/617507/2c4rc1ggxjr107426-2018-chrysler-pacifica-limited-brilliant-black-crystal-pearlcoat-1-114234.avif	in stock	USED	VAN	Vehicles & Parts > Vehicles > Motor Vehicles > Cars, Trucks & Vans	2C4RC1GGXJR107426	https://furymotors.com/for-sale/used-chrysler-pacifica-limited-minneapolis-mn/2018-chrysler-pacifica-limited-2c4rc1ggxjr107426/123?store={store_code}	BLACK	91684 miles	Pacifica	2C4RC1GGXJR107426	2018	17000 USD	62082	17000 USD	MI	no	Pacifica	No	Under 20k
2C4RC3BG7SR546930	2025 Chrysler Pacifica Select	Chrysler	https://furymotors.com/for-sale/used-chrysler-pacifica-select-minneapolis-mn/2025-chrysler-pacifica-select-2c4rc3bg7sr546930/	35350 USD	2025 Diamond Black Crystal Pearlcoat Chrysler Pacifica Select 3.6L V6 24V VVT For sale at Fury Motors South St. Paul in South St. Paul Minnesota.	https://vimg.remora.inc/625391/2c4rc3bg7sr546930-2025-chrysler-pacifica-select-diamond-black-crystal-pearlcoat-1-114303.avif	in stock	USED	VAN	Vehicles & Parts > Vehicles > Motor Vehicles > Cars, Trucks & Vans	2C4RC3BG7SR546930	https://furymotors.com/for-sale/used-chrysler-pacifica-select-minneapolis-mn/2025-chrysler-pacifica-select-2c4rc3bg7sr546930/123?store={store_code}	BLACK	26311 miles	Pacifica	2C4RC3BG7SR546930	2025	35350 USD	62082	35350 USD	MI	no	Pacifica	No	Over 20k
2C4RC1CG9NR218559	2022 Chrysler Voyager LX	Chrysler	https://furymotors.com/for-sale/used-chrysler-voyager-lx-minneapolis-mn/2022-chrysler-voyager-lx-2c4rc1cg9nr218559/	16850 USD	2022 Silver Mist Clearcoat Chrysler Voyager LX 3.6L V6 24V VVT For sale at Fury Motors South St. Paul in South St. Paul Minnesota.	https://vimg.remora.inc/491098/2c4rc1cg9nr218559-2022-chrysler-voyager-lx-silver-mist-clearcoat-1-112720.avif	in stock	USED	VAN	Vehicles & Parts > Vehicles > Motor Vehicles > Cars, Trucks & Vans	2C4RC1CG9NR218559	https://furymotors.com/for-sale/used-chrysler-voyager-lx-minneapolis-mn/2022-chrysler-voyager-lx-2c4rc1cg9nr218559/123?store={store_code}	SILVER	69549 miles	Voyager	2C4RC1CG9NR218559	2022	16850 USD	62082	16850 USD	MI	no	Voyager	No	Under 20k
2C3CDZDJXGH239381	2016 Dodge Challenger SRT 392	Dodge	https://furymotors.com/for-sale/used-dodge-challenger-srt-392-minneapolis-mn/2016-dodge-challenger-srt-392-2c3cdzdjxgh239381/	27350 USD	2016 Granite Crystal Metallic Clearcoat Dodge Challenger SRT 392 SRT HEMI 6.4L V8 For sale at Fury Motors South St. Paul in South St. Paul Minnesota.	https://vimg.remora.inc/551304/2c3cdzdjxgh239381-2016-dodge-challenger-srt-392-granite-crystal-metallic-clearcoat-1-113128.avif	in stock	USED	OTHER	Vehicles & Parts > Vehicles > Motor Vehicles > Cars, Trucks & Vans	2C3CDZDJXGH239381	https://furymotors.com/for-sale/used-dodge-challenger-srt-392-minneapolis-mn/2016-dodge-challenger-srt-392-2c3cdzdjxgh239381/123?store={store_code}	GRAY	78930 miles	Challenger	2C3CDZDJXGH239381	2016	27350 USD	62082	27350 USD	MI	no	Challenger	No	Over 20k
2C3CDZL95PH100105	2023 Dodge Challenger SRT Hellcat Redeye Widebody	Dodge	https://furymotors.com/for-sale/used-dodge-challenger-srt-hellcat-redeye-widebody-minneapolis-mn/2023-dodge-challenger-srt-hellcat-redeye-widebody-2c3cdzl95ph100105/	149850 USD	2023 Pitch Black Clearcoat Dodge Challenger SRT Hellcat Redeye Widebody 6.2L V8 Supercharged For sale at Fury Motors South St. Paul in South St. Paul Minnesota.	https://vimg.remora.inc/551662/2c3cdzl95ph100105-2023-dodge-challenger-srt-hellcat-redeye-widebody-pitch-black-clearcoat-1-113052.avif	in stock	USED	OTHER	Vehicles & Parts > Vehicles > Motor Vehicles > Cars, Trucks & Vans	2C3CDZL95PH100105	https://furymotors.com/for-sale/used-dodge-challenger-srt-hellcat-redeye-widebody-minneapolis-mn/2023-dodge-challenger-srt-hellcat-redeye-widebody-2c3cdzl95ph100105/123?store={store_code}	BLACK	72 miles	Challenger	2C3CDZL95PH100105	2023	149850 USD	62082	149850 USD	MI	no	Challenger	No	Over 20k
2C3CDZC91NH104259	2022 Dodge Challenger SRT Hellcat Widebody	Dodge	https://furymotors.com/for-sale/used-dodge-challenger-srt-hellcat-widebody-minneapolis-mn/2022-dodge-challenger-srt-hellcat-widebody-2c3cdzc91nh104259/	71350 USD	2022 Pitch Black Clearcoat Dodge Challenger SRT Hellcat Widebody 6.2L V8 Supercharged For sale at Fury Motors South St. Paul in South St. Paul Minnesota.	https://vimg.remora.inc/564030/2c3cdzc91nh104259-2022-dodge-challenger-srt-hellcat-widebody-pitch-black-clearcoat-1-113272.avif	in stock	USED	OTHER	Vehicles & Parts > Vehicles > Motor Vehicles > Cars, Trucks & Vans	2C3CDZC91NH104259	https://furymotors.com/for-sale/used-dodge-challenger-srt-hellcat-widebody-minneapolis-mn/2022-dodge-challenger-srt-hellcat-widebody-2c3cdzc91nh104259/123?store={store_code}	BLACK	11101 miles	Challenger	2C3CDZC91NH104259	2022	71350 USD	62082	71350 USD	MI	no	Challenger	No	Over 20k
2B3LJ74W38H291555	2008 Dodge Challenger SRT8	Dodge	https://furymotors.com/for-sale/used-dodge-challenger-srt8-minneapolis-mn/2008-dodge-challenger-srt8-2b3lj74w38h291555/	35850 USD	2008 Brilliant Black Crystal Pearlcoat Dodge Challenger SRT8 SRT HEMI 6.1L V8 For sale at Fury Motors South St. Paul in South St. Paul Minnesota.	https://vimg.remora.inc/551661/2b3lj74w38h291555-2008-dodge-challenger-srt8-brilliant-black-crystal-pearlcoat-1-113944.avif	in stock	USED	OTHER	Vehicles & Parts > Vehicles > Motor Vehicles > Cars, Trucks & Vans	2B3LJ74W38H291555	https://furymotors.com/for-sale/used-dodge-challenger-srt8-minneapolis-mn/2008-dodge-challenger-srt8-2b3lj74w38h291555/123?store={store_code}	BLACK	770 miles	Challenger	2B3LJ74W38H291555	2008	35850 USD	62082	35850 USD	MI	no	Challenger	No	Over 20k
1C4RDJDG4PC598210	2023 Dodge Durango GT Plus	Dodge	https://furymotors.com/for-sale/used-dodge-durango-gt-plus-minneapolis-mn/2023-dodge-durango-gt-plus-1c4rdjdg4pc598210/	28350 USD	2023 Destroyer Gray Clearcoat Dodge Durango GT Plus 3.6L V6 24V VVT For sale at Fury Motors South St. Paul in South St. Paul Minnesota.	https://vimg.remora.inc/605302/1c4rdjdg4pc598210-2023-dodge-durango-gt-plus-destroyer-gray-clearcoat-1-114087.avif	in stock	USED	SUV	Vehicles & Parts > Vehicles > Motor Vehicles > Cars, Trucks & Vans	1C4RDJDG4PC598210	https://furymotors.com/for-sale/used-dodge-durango-gt-plus-minneapolis-mn/2023-dodge-durango-gt-plus-1c4rdjdg4pc598210/123?store={store_code}	GRAY	72849 miles	Durango	1C4RDJDG4PC598210	2023	28350 USD	62082	28350 USD	MI	no	Durango	No	Over 20k
1C4SDJGJ7RC239686	2024 Dodge Durango SRT 392	Dodge	https://furymotors.com/for-sale/used-dodge-durango-srt-392-minneapolis-mn/2024-dodge-durango-srt-392-1c4sdjgj7rc239686/	62350 USD	2024 White Knuckle Clearcoat Dodge Durango SRT 392 SRT HEMI 6.4L V8 MDS For sale at Fury Motors South St. Paul in South St. Paul Minnesota.	https://vimg.remora.inc/572218/1c4sdjgj7rc239686-2024-dodge-durango-srt-392-white-knuckle-clearcoat-1-113967.avif	in stock	USED	SUV	Vehicles & Parts > Vehicles > Motor Vehicles > Cars, Trucks & Vans	1C4SDJGJ7RC239686	https://furymotors.com/for-sale/used-dodge-durango-srt-392-minneapolis-mn/2024-dodge-durango-srt-392-1c4sdjgj7rc239686/123?store={store_code}	WHITE	12371 miles	Durango	1C4SDJGJ7RC239686	2024	62350 USD	62082	62350 USD	MI	no	Durango	No	Over 20k
2D4RN4DG7BR792019	2011 Dodge Grand Caravan Express	Dodge	https://furymotors.com/for-sale/used-dodge-grand-caravan-express-minneapolis-mn/2011-dodge-grand-caravan-express-2d4rn4dg7br792019/	6350 USD	2011 Stone White Clearcoat Dodge Grand Caravan Express 3.6L V6 Flex Fuel 24V VVT For sale at Fury Motors South St. Paul in South St. Paul Minnesota.	https://vimg.remora.inc/586727/2d4rn4dg7br792019-2011-dodge-grand-caravan-express-stone-white-clearcoat-1-113727.avif	in stock	USED	VAN	Vehicles & Parts > Vehicles > Motor Vehicles > Cars, Trucks & Vans	2D4RN4DG7BR792019	https://furymotors.com/for-sale/used-dodge-grand-caravan-express-minneapolis-mn/2011-dodge-grand-caravan-express-2d4rn4dg7br792019/123?store={store_code}	WHITE	122575 miles	Grand Caravan	2D4RN4DG7BR792019	2011	6350 USD	62082	6350 USD	MI	no	Grand Caravan	No	Under 20k
1FMDE7BH3RLA35444	2024 Ford Bronco Big Bend	Ford	https://furymotors.com/for-sale/used-ford-bronco-big-bend-minneapolis-mn/2024-ford-bronco-big-bend-1fmde7bh3rla35444/	38350 USD	2024 Velocity Blue Metallic Ford Bronco Big Bend 2.3L EcoBoost I-4 For sale at Fury Motors South St. Paul in South St. Paul Minnesota.	https://vimg.remora.inc/622037/1fmde7bh3rla35444-2024-ford-bronco-big-bend-velocity-blue-metallic-1-114256.avif	in stock	USED	SUV	Vehicles & Parts > Vehicles > Motor Vehicles > Cars, Trucks & Vans	1FMDE7BH3RLA35444	https://furymotors.com/for-sale/used-ford-bronco-big-bend-minneapolis-mn/2024-ford-bronco-big-bend-1fmde7bh3rla35444/123?store={store_code}	BLUE	26132 miles	Bronco	1FMDE7BH3RLA35444	2024	38350 USD	62082	38350 USD	MI	no	Bronco	No	Over 20k
1FMCU0F70HUB15753	2017 Ford Escape S	Ford	https://furymotors.com/for-sale/used-ford-escape-s-minneapolis-mn/2017-ford-escape-s-1fmcu0f70hub15753/	7600 USD	2017 Oxford White Ford Escape S 2.5L i-VCT For sale at Fury Motors South St. Paul in South St. Paul Minnesota.	https://vimg.remora.inc/573362/1fmcu0f70hub15753-2017-ford-escape-s-oxford-white-1-113842.avif	in stock	USED	SUV	Vehicles & Parts > Vehicles > Motor Vehicles > Cars, Trucks & Vans	1FMCU0F70HUB15753	https://furymotors.com/for-sale/used-ford-escape-s-minneapolis-mn/2017-ford-escape-s-1fmcu0f70hub15753/123?store={store_code}	WHITE	144626 miles	Escape	1FMCU0F70HUB15753	2017	7600 USD	62082	7600 USD	MI	no	Escape	No	Under 20k
1FTFW4L8XSFB78192	2025 Ford F-150 Tremor	Ford	https://furymotors.com/for-sale/used-ford-f150-tremor-minneapolis-mn/2025-ford-f150-tremor-1ftfw4l8xsfb78192/	50000 USD	2025 Oxford White Ford F-150 Tremor 3.5L V6 EcoBoost For sale at Fury Motors South St. Paul in South St. Paul Minnesota.	https://vimg.remora.inc/530426/1ftfw4l8xsfb78192-2025-ford-f150-tremor-oxford-white-1-113943.avif	in stock	USED	TRUCK	Vehicles & Parts > Vehicles > Motor Vehicles > Cars, Trucks & Vans	1FTFW4L8XSFB78192	https://furymotors.com/for-sale/used-ford-f150-tremor-minneapolis-mn/2025-ford-f150-tremor-1ftfw4l8xsfb78192/123?store={store_code}	WHITE	25703 miles	F-150	1FTFW4L8XSFB78192	2025	50000 USD	62082	50000 USD	MI	no	F-150	No	Over 20k
1FA6P8CF6N5143037	2022 Ford Mustang GT Premium	Ford	https://furymotors.com/for-sale/used-ford-mustang-gt-premium-minneapolis-mn/2022-ford-mustang-gt-premium-1fa6p8cf6n5143037/	37350 USD	2022 Grabber Blue Metallic Ford Mustang GT Premium 5.0L V8 Ti-VCT For sale at Fury Motors South St. Paul in South St. Paul Minnesota.	https://vimg.remora.inc/457323/1fa6p8cf6n5143037-2022-ford-mustang-gt-premium-grabber-blue-metallic-1-114114.avif	in stock	USED	OTHER	Vehicles & Parts > Vehicles > Motor Vehicles > Cars, Trucks & Vans	1FA6P8CF6N5143037	https://furymotors.com/for-sale/used-ford-mustang-gt-premium-minneapolis-mn/2022-ford-mustang-gt-premium-1fa6p8cf6n5143037/123?store={store_code}	BLUE	26479 miles	Mustang	1FA6P8CF6N5143037	2022	37350 USD	62082	37350 USD	MI	no	Mustang	No	Over 20k
1FT7W2BN4RED49602	2024 Ford Super Duty F-250 SRW Lariat	Ford	https://furymotors.com/for-sale/used-ford-super-duty-f250-srw-lariat-minneapolis-mn/2024-ford-super-duty-f250-srw-lariat-1ft7w2bn4red49602/	61350 USD	2024 Antimatter Blue Metallic Ford Super Duty F-250 SRW Lariat 7.3L V8 PFI OHV 16V Federal 430hp For sale at Fury Motors South St. Paul in South St. Paul Minnesota.	https://vimg.remora.inc/615675/1ft7w2bn4red49602-2024-ford-super-duty-f250-srw-lariat-antimatter-blue-metallic-1-114309.avif	in stock	USED	TRUCK	Vehicles & Parts > Vehicles > Motor Vehicles > Cars, Trucks & Vans	1FT7W2BN4RED49602	https://furymotors.com/for-sale/used-ford-super-duty-f250-srw-lariat-minneapolis-mn/2024-ford-super-duty-f250-srw-lariat-1ft7w2bn4red49602/123?store={store_code}	BLUE	32125 miles	Super Duty F-250	1FT7W2BN4RED49602	2024	61350 USD	62082	61350 USD	MI	no	Super Duty F-250	No	Over 20k
1FBAX9CG7SKA05754	2025 Ford Transit-350 XLT	Ford	https://furymotors.com/for-sale/used-ford-transit-350-xlt-minneapolis-mn/2025-ford-transit-350-xlt-1fbax9cg7ska05754/	58350 USD	2025 Oxford White Ford Transit-350 XLT EcoBoost 3.5L V6 GTDi DOHC 24V Twin Turbocharged For sale at Fury Motors South St. Paul in South St. Paul Minnesota.	https://vimg.remora.inc/603013/1fbax9cg7ska05754-2025-ford-transit-350-xlt-oxford-white-1-113946.avif	in stock	USED	SUV	Vehicles & Parts > Vehicles > Motor Vehicles > Cars, Trucks & Vans	1FBAX9CG7SKA05754	https://furymotors.com/for-sale/used-ford-transit-350-xlt-minneapolis-mn/2025-ford-transit-350-xlt-1fbax9cg7ska05754/123?store={store_code}	WHITE	19709 miles	Transit-350	1FBAX9CG7SKA05754	2025	58350 USD	62082	58350 USD	MI	no	Transit-350	No	Over 20k
3GTU2NEJ3HG399360	2017 GMC Sierra 1500 SLT	GMC	https://furymotors.com/for-sale/used-gmc-sierra-1500-slt-minneapolis-mn/2017-gmc-sierra-1500-slt-3gtu2nej3hg399360/	28350 USD	2017 Dark Slate Metallic GMC Sierra 1500 SLT EcoTec3 6.2L V8 For sale at Fury Motors South St. Paul in South St. Paul Minnesota.	https://vimg.remora.inc/601006/3gtu2nej3hg399360-2017-gmc-sierra-1500-slt-dark-slate-metallic-1-113922.avif	in stock	USED	TRUCK	Vehicles & Parts > Vehicles > Motor Vehicles > Cars, Trucks & Vans	3GTU2NEJ3HG399360	https://furymotors.com/for-sale/used-gmc-sierra-1500-slt-minneapolis-mn/2017-gmc-sierra-1500-slt-3gtu2nej3hg399360/123?store={store_code}	GRAY	81898 miles	Sierra 1500	3GTU2NEJ3HG399360	2017	28350 USD	62082	28350 USD	MI	no	Sierra 1500	No	Over 20k
1GTUUDED4SZ286703	2025 GMC Sierra 1500 SLT	GMC	https://furymotors.com/for-sale/used-gmc-sierra-1500-slt-minneapolis-mn/2025-gmc-sierra-1500-slt-1gtuuded4sz286703/	40350 USD	2025 Summit White GMC Sierra 1500 SLT EcoTec3 5.3L V8 For sale at Fury Motors South St. Paul in South St. Paul Minnesota.	https://vimg.remora.inc/576654/1gtuuded4sz286703-2025-gmc-sierra-1500-slt-summit-white-1-113946.avif	in stock	USED	TRUCK	Vehicles & Parts > Vehicles > Motor Vehicles > Cars, Trucks & Vans	1GTUUDED4SZ286703	https://furymotors.com/for-sale/used-gmc-sierra-1500-slt-minneapolis-mn/2025-gmc-sierra-1500-slt-1gtuuded4sz286703/123?store={store_code}	WHITE	26088 miles	Sierra 1500	1GTUUDED4SZ286703	2025	40350 USD	62082	40350 USD	MI	no	Sierra 1500	No	Over 20k
1GTUUDED6TZ204648	2026 GMC Sierra 1500 SLT	GMC	https://furymotors.com/for-sale/used-gmc-sierra-1500-slt-minneapolis-mn/2026-gmc-sierra-1500-slt-1gtuuded6tz204648/	43350 USD	2026 Onyx Black GMC Sierra 1500 SLT EcoTec3 5.3L V8 For sale at Fury Motors South St. Paul in South St. Paul Minnesota.	https://vimg.remora.inc/566436/1gtuuded6tz204648-2026-gmc-sierra-1500-slt-onyx-black-1-113325.avif	in stock	USED	TRUCK	Vehicles & Parts > Vehicles > Motor Vehicles > Cars, Trucks & Vans	1GTUUDED6TZ204648	https://furymotors.com/for-sale/used-gmc-sierra-1500-slt-minneapolis-mn/2026-gmc-sierra-1500-slt-1gtuuded6tz204648/123?store={store_code}	BLACK	24178 miles	Sierra 1500	1GTUUDED6TZ204648	2026	43350 USD	62082	43350 USD	MI	no	Sierra 1500	No	Over 20k
1GTUUDEDXTZ137200	2026 GMC Sierra 1500 SLT	GMC	https://furymotors.com/for-sale/used-gmc-sierra-1500-slt-minneapolis-mn/2026-gmc-sierra-1500-slt-1gtuudedxtz137200/	45000 USD	2026 Summit White GMC Sierra 1500 SLT EcoTec3 5.3L V8 For sale at Fury Motors South St. Paul in South St. Paul Minnesota.	https://vimg.remora.inc/607620/1gtuudedxtz137200-2026-gmc-sierra-1500-slt-summit-white-1-114087.avif	in stock	USED	TRUCK	Vehicles & Parts > Vehicles > Motor Vehicles > Cars, Trucks & Vans	1GTUUDEDXTZ137200	https://furymotors.com/for-sale/used-gmc-sierra-1500-slt-minneapolis-mn/2026-gmc-sierra-1500-slt-1gtuudedxtz137200/123?store={store_code}	WHITE	28179 miles	Sierra 1500	1GTUUDEDXTZ137200	2026	45000 USD	62082	45000 USD	MI	no	Sierra 1500	No	Over 20k
1GKS2CKJXGR214272	2016 GMC Yukon Denali	GMC	https://furymotors.com/for-sale/used-gmc-yukon-denali-minneapolis-mn/2016-gmc-yukon-denali-1gks2ckjxgr214272/	23350 USD	2016 Onyx Black GMC Yukon Denali EcoTec3 6.2L V8 For sale at Fury Motors South St. Paul in South St. Paul Minnesota.	https://vimg.remora.inc/619022/1gks2ckjxgr214272-2016-gmc-yukon-denali-onyx-black-1-114298.avif	in stock	USED	SUV	Vehicles & Parts > Vehicles > Motor Vehicles > Cars, Trucks & Vans	1GKS2CKJXGR214272	https://furymotors.com/for-sale/used-gmc-yukon-denali-minneapolis-mn/2016-gmc-yukon-denali-1gks2ckjxgr214272/123?store={store_code}	BLACK	109605 miles	Yukon	1GKS2CKJXGR214272	2016	23350 USD	62082	23350 USD	MI	no	Yukon	No	Over 20k
SHHFK8G78MU201348	2021 Honda Civic Type R Touring	Honda	https://furymotors.com/for-sale/used-honda-civic-type-r-touring-minneapolis-mn/2021-honda-civic-type-r-touring-shhfk8g78mu201348/	40000 USD	2021 Sonic Gray Pearl Honda Civic Type R Touring 2.0L I4 DOHC 16V For sale at Fury Motors South St. Paul in South St. Paul Minnesota.	https://vimg.remora.inc/619023/shhfk8g78mu201348-2021-honda-civic-type-r-touring-sonic-gray-pearl-1-114298.avif	in stock	USED	OTHER	Vehicles & Parts > Vehicles > Motor Vehicles > Cars, Trucks & Vans	SHHFK8G78MU201348	https://furymotors.com/for-sale/used-honda-civic-type-r-touring-minneapolis-mn/2021-honda-civic-type-r-touring-shhfk8g78mu201348/123?store={store_code}	GRAY	34864 miles	Civic Type R	SHHFK8G78MU201348	2021	40000 USD	62082	40000 USD	MI	no	Civic Type R	No	Over 20k
2HKRS4H74RH426946	2024 Honda CR-V EX-L	Honda	https://furymotors.com/for-sale/used-honda-cr-v-ex-l-minneapolis-mn/2024-honda-cr-v-ex-l-2hkrs4h74rh426946/	32600 USD	2024 Lunar Silver Metallic Honda CR-V EX-L 1.5L I4 DOHC 16V For sale at Fury Motors South St. Paul in South St. Paul Minnesota.	https://vimg.remora.inc/569147/2hkrs4h74rh426946-2024-honda-cr-v-ex-l-silver-1-113323.avif	in stock	USED	SUV	Vehicles & Parts > Vehicles > Motor Vehicles > Cars, Trucks & Vans	2HKRS4H74RH426946	https://furymotors.com/for-sale/used-honda-cr-v-ex-l-minneapolis-mn/2024-honda-cr-v-ex-l-2hkrs4h74rh426946/123?store={store_code}	SILVER	31112 miles	CR-V	2HKRS4H74RH426946	2024	32600 USD	62082	32600 USD	MI	no	CR-V	No	Over 20k
SAJWA06B19HR12832	2009 Jaguar XF Premium	Jaguar	https://furymotors.com/for-sale/used-jaguar-xf-premium-minneapolis-mn/2009-jaguar-xf-premium-sajwa06b19hr12832/	5000 USD	2009 Emerald Fire Jaguar XF Premium 4.2L V8 For sale at Fury Motors South St. Paul in South St. Paul Minnesota.	https://vimg.remora.inc/593129/sajwa06b19hr12832-2009-jaguar-xf-premium-emerald-fire-1-113774.avif	in stock	USED	OTHER	Vehicles & Parts > Vehicles > Motor Vehicles > Cars, Trucks & Vans	SAJWA06B19HR12832	https://furymotors.com/for-sale/used-jaguar-xf-premium-minneapolis-mn/2009-jaguar-xf-premium-sajwa06b19hr12832/123?store={store_code}	GREEN	146319 miles	XF	SAJWA06B19HR12832	2009	5000 USD	62082	5000 USD	MI	no	XF	No	Under 20k
1C4PJMBX9KD112062	2019 Jeep Cherokee Trailhawk	Jeep	https://furymotors.com/for-sale/used-jeep-cherokee-trailhawk-minneapolis-mn/2019-jeep-cherokee-trailhawk-1c4pjmbx9kd112062/	18000 USD	2019 Velvet Red Pearlcoat Jeep Cherokee Trailhawk 3.2L V6 For sale at Fury Motors South St. Paul in South St. Paul Minnesota.	https://vimg.remora.inc/607619/1c4pjmbx9kd112062-2019-jeep-cherokee-trailhawk-velvet-red-pearlcoat-1-114234.avif	in stock	USED	SUV	Vehicles & Parts > Vehicles > Motor Vehicles > Cars, Trucks & Vans	1C4PJMBX9KD112062	https://furymotors.com/for-sale/used-jeep-cherokee-trailhawk-minneapolis-mn/2019-jeep-cherokee-trailhawk-1c4pjmbx9kd112062/123?store={store_code}	RED	68322 miles	Cherokee	1C4PJMBX9KD112062	2019	18000 USD	62082	18000 USD	MI	no	Cherokee	No	Under 20k
3C4NJDEB5MT513256	2021 Jeep Compass 80th Special Edition	Jeep	https://furymotors.com/for-sale/used-jeep-compass-80th-special-edition-minneapolis-mn/2021-jeep-compass-80th-special-edition-3c4njdeb5mt513256/	19000 USD	2021 Velvet Red Pearlcoat Jeep Compass 80th Special Edition 2.4L I4 For sale at Fury Motors South St. Paul in South St. Paul Minnesota.	https://vimg.remora.inc/611453/3c4njdeb5mt513256-2021-jeep-compass-80th-special-edition-velvet-red-pearlcoat-1-114154.avif	in stock	USED	SUV	Vehicles & Parts > Vehicles > Motor Vehicles > Cars, Trucks & Vans	3C4NJDEB5MT513256	https://furymotors.com/for-sale/used-jeep-compass-80th-special-edition-minneapolis-mn/2021-jeep-compass-80th-special-edition-3c4njdeb5mt513256/123?store={store_code}	RED	50126 miles	Compass	3C4NJDEB5MT513256	2021	19000 USD	62082	19000 USD	MI	no	Compass	No	Under 20k
3C4NJDBN9PT516664	2023 Jeep Compass Latitude	Jeep	https://furymotors.com/for-sale/used-jeep-compass-latitude-minneapolis-mn/2023-jeep-compass-latitude-3c4njdbn9pt516664/	22350 USD	2023 Granite Crystal Metallic Clearcoat Jeep Compass Latitude 2.0L I4 DOHC For sale at Fury Motors South St. Paul in South St. Paul Minnesota.	https://vimg.remora.inc/585110/3c4njdbn9pt516664-2023-jeep-compass-latitude-granite-crystal-metallic-clearcoat-1-114275.avif	in stock	USED	SUV	Vehicles & Parts > Vehicles > Motor Vehicles > Cars, Trucks & Vans	3C4NJDBN9PT516664	https://furymotors.com/for-sale/used-jeep-compass-latitude-minneapolis-mn/2023-jeep-compass-latitude-3c4njdbn9pt516664/123?store={store_code}	GRAY	23639 miles	Compass	3C4NJDBN9PT516664	2023	22350 USD	62082	22350 USD	MI	no	Compass	No	Over 20k
3C4NJDBN6ST617539	2025 Jeep Compass Latitude	Jeep	https://furymotors.com/for-sale/used-jeep-compass-latitude-minneapolis-mn/2025-jeep-compass-latitude-3c4njdbn6st617539/	22350 USD	2025 Diamond Black Crystal Pearlcoat Jeep Compass Latitude 2.0L I4 DOHC For sale at Fury Motors South St. Paul in South St. Paul Minnesota.	https://vimg.remora.inc/576656/3c4njdbn6st617539-2025-jeep-compass-latitude-diamond-black-crystal-pearlcoat-1-113486.avif	in stock	USED	SUV	Vehicles & Parts > Vehicles > Motor Vehicles > Cars, Trucks & Vans	3C4NJDBN6ST617539	https://furymotors.com/for-sale/used-jeep-compass-latitude-minneapolis-mn/2025-jeep-compass-latitude-3c4njdbn6st617539/123?store={store_code}	BLACK	27439 miles	Compass	3C4NJDBN6ST617539	2025	22350 USD	62082	22350 USD	MI	no	Compass	No	Over 20k
1C4RJYB67N8759449	2022 Jeep Grand Cherokee 4xe	Jeep	https://furymotors.com/for-sale/used-jeep-grand-cherokee-4xe-minneapolis-mn/2022-jeep-grand-cherokee-4xe-1c4rjyb67n8759449/	26350 USD	2022 Velvet Red Pearlcoat Jeep Grand Cherokee 4xe 2.0L I4 DOHC For sale at Fury Motors South St. Paul in South St. Paul Minnesota.	https://vimg.remora.inc/610582/1c4rjyb67n8759449-2022-jeep-grand-cherokee-4xe-velvet-red-pearlcoat-1-114234.avif	in stock	USED	SUV	Vehicles & Parts > Vehicles > Motor Vehicles > Cars, Trucks & Vans	1C4RJYB67N8759449	https://furymotors.com/for-sale/used-jeep-grand-cherokee-4xe-minneapolis-mn/2022-jeep-grand-cherokee-4xe-1c4rjyb67n8759449/123?store={store_code}	RED	20263 miles	Grand Cherokee	1C4RJYB67N8759449	2022	26350 USD	62082	26350 USD	MI	no	Grand Cherokee	No	Over 20k
1C4RJYB64RC145669	2024 Jeep Grand Cherokee 4xe	Jeep	https://furymotors.com/for-sale/used-jeep-grand-cherokee-4xe-minneapolis-mn/2024-jeep-grand-cherokee-4xe-1c4rjyb64rc145669/	22600 USD	2024 Velvet Red Pearlcoat Jeep Grand Cherokee 4xe 2.0L I4 DOHC For sale at Fury Motors South St. Paul in South St. Paul Minnesota.	https://vimg.remora.inc/574900/1c4rjyb64rc145669-2024-jeep-grand-cherokee-4xe-velvet-red-pearlcoat-1-114234.avif	in stock	USED	SUV	Vehicles & Parts > Vehicles > Motor Vehicles > Cars, Trucks & Vans	1C4RJYB64RC145669	https://furymotors.com/for-sale/used-jeep-grand-cherokee-4xe-minneapolis-mn/2024-jeep-grand-cherokee-4xe-1c4rjyb64rc145669/123?store={store_code}	RED	55450 miles	Grand Cherokee	1C4RJYB64RC145669	2024	22600 USD	62082	22600 USD	MI	no	Grand Cherokee	No	Over 20k
1C4RJFAG7KC832178	2019 Jeep Grand Cherokee Altitude	Jeep	https://furymotors.com/for-sale/used-jeep-grand-cherokee-altitude-minneapolis-mn/2019-jeep-grand-cherokee-altitude-1c4rjfag7kc832178/	20000 USD	2019 Diamond Black Crystal Pearlcoat Jeep Grand Cherokee Altitude 3.6L V6 24V VVT For sale at Fury Motors South St. Paul in South St. Paul Minnesota.	https://vimg.remora.inc/621941/1c4rjfag7kc832178-2019-jeep-grand-cherokee-altitude-diamond-black-crystal-pearlcoat-1-114318.avif	in stock	USED	SUV	Vehicles & Parts > Vehicles > Motor Vehicles > Cars, Trucks & Vans	1C4RJFAG7KC832178	https://furymotors.com/for-sale/used-jeep-grand-cherokee-altitude-minneapolis-mn/2019-jeep-grand-cherokee-altitude-1c4rjfag7kc832178/123?store={store_code}	BLACK	86176 miles	Grand Cherokee	1C4RJFAG7KC832178	2019	20000 USD	62082	20000 USD	MI	no	Grand Cherokee	No	Over 20k
1C4RJKBG7P8878465	2023 Jeep Grand Cherokee L Limited	Jeep	https://furymotors.com/for-sale/used-jeep-grand-cherokee-l-limited-minneapolis-mn/2023-jeep-grand-cherokee-l-limited-1c4rjkbg7p8878465/	30350 USD	2023 Baltic Gray Metallic Clearcoat Jeep Grand Cherokee L Limited 3.6L V6 24V VVT For sale at Fury Motors South St. Paul in South St. Paul Minnesota.	https://vimg.remora.inc/603007/1c4rjkbg7p8878465-2023-jeep-grand-cherokee-l-limited-baltic-gray-metallic-clearcoat-1-114234.avif	in stock	USED	SUV	Vehicles & Parts > Vehicles > Motor Vehicles > Cars, Trucks & Vans	1C4RJKBG7P8878465	https://furymotors.com/for-sale/used-jeep-grand-cherokee-l-limited-minneapolis-mn/2023-jeep-grand-cherokee-l-limited-1c4rjkbg7p8878465/123?store={store_code}	GRAY	46273 miles	Grand Cherokee L	1C4RJKBG7P8878465	2023	30350 USD	62082	30350 USD	MI	no	Grand Cherokee L	No	Over 20k
1C4RJKBG9R8937910	2024 Jeep Grand Cherokee L Limited	Jeep	https://furymotors.com/for-sale/used-jeep-grand-cherokee-l-limited-minneapolis-mn/2024-jeep-grand-cherokee-l-limited-1c4rjkbg9r8937910/	35000 USD	2024 Bright White Clearcoat Jeep Grand Cherokee L Limited 3.6L V6 24V VVT For sale at Fury Motors South St. Paul in South St. Paul Minnesota.	https://vimg.remora.inc/596213/1c4rjkbg9r8937910-2024-jeep-grand-cherokee-l-limited-bright-white-clearcoat-1-114255.avif	in stock	USED	SUV	Vehicles & Parts > Vehicles > Motor Vehicles > Cars, Trucks & Vans	1C4RJKBG9R8937910	https://furymotors.com/for-sale/used-jeep-grand-cherokee-l-limited-minneapolis-mn/2024-jeep-grand-cherokee-l-limited-1c4rjkbg9r8937910/123?store={store_code}	WHITE	28332 miles	Grand Cherokee L	1C4RJKBG9R8937910	2024	35000 USD	62082	35000 USD	MI	no	Grand Cherokee L	No	Over 20k
1C4RJKBG5S8759810	2025 Jeep Grand Cherokee L Limited	Jeep	https://furymotors.com/for-sale/used-jeep-grand-cherokee-l-limited-minneapolis-mn/2025-jeep-grand-cherokee-l-limited-1c4rjkbg5s8759810/	36350 USD	2025 Baltic Gray Metallic Clearcoat Jeep Grand Cherokee L Limited 3.6L V6 24V VVT For sale at Fury Motors South St. Paul in South St. Paul Minnesota.	https://vimg.remora.inc/619021/1c4rjkbg5s8759810-2025-jeep-grand-cherokee-l-limited-baltic-gray-metallic-clearcoat-1-114330.avif	in stock	USED	SUV	Vehicles & Parts > Vehicles > Motor Vehicles > Cars, Trucks & Vans	1C4RJKBG5S8759810	https://furymotors.com/for-sale/used-jeep-grand-cherokee-l-limited-minneapolis-mn/2025-jeep-grand-cherokee-l-limited-1c4rjkbg5s8759810/123?store={store_code}	GRAY	30577 miles	Grand Cherokee L	1C4RJKBG5S8759810	2025	36350 USD	62082	36350 USD	MI	no	Grand Cherokee L	No	Over 20k
1C4RJKEG7M8109441	2021 Jeep Grand Cherokee L Summit	Jeep	https://furymotors.com/for-sale/used-jeep-grand-cherokee-l-summit-minneapolis-mn/2021-jeep-grand-cherokee-l-summit-1c4rjkeg7m8109441/	27350 USD	2021 Diamond Black Crystal Pearlcoat Jeep Grand Cherokee L Summit 3.6L V6 24V VVT For sale at Fury Motors South St. Paul in South St. Paul Minnesota.	https://vimg.remora.inc/490038/1c4rjkeg7m8109441-2021-jeep-grand-cherokee-l-summit-diamond-black-crystal-pearlcoat-1-114246.avif	in stock	USED	SUV	Vehicles & Parts > Vehicles > Motor Vehicles > Cars, Trucks & Vans	1C4RJKEG7M8109441	https://furymotors.com/for-sale/used-jeep-grand-cherokee-l-summit-minneapolis-mn/2021-jeep-grand-cherokee-l-summit-1c4rjkeg7m8109441/123?store={store_code}	BLACK	81153 miles	Grand Cherokee L	1C4RJKEG7M8109441	2021	27350 USD	62082	27350 USD	MI	no	Grand Cherokee L	No	Over 20k
1C4RJKEG4P8708009	2023 Jeep Grand Cherokee L Summit	Jeep	https://furymotors.com/for-sale/used-jeep-grand-cherokee-l-summit-minneapolis-mn/2023-jeep-grand-cherokee-l-summit-1c4rjkeg4p8708009/	28000 USD	2023 Diamond Black Crystal Pearlcoat Jeep Grand Cherokee L Summit 3.6L V6 24V VVT For sale at Fury Motors South St. Paul in South St. Paul Minnesota.	https://vimg.remora.inc/469797/1c4rjkeg4p8708009-2023-jeep-grand-cherokee-l-summit-diamond-black-crystal-pearlcoat-1-114237.avif	in stock	USED	SUV	Vehicles & Parts > Vehicles > Motor Vehicles > Cars, Trucks & Vans	1C4RJKEG4P8708009	https://furymotors.com/for-sale/used-jeep-grand-cherokee-l-summit-minneapolis-mn/2023-jeep-grand-cherokee-l-summit-1c4rjkeg4p8708009/123?store={store_code}	BLACK	113215 miles	Grand Cherokee L	1C4RJKEG4P8708009	2023	28000 USD	62082	28000 USD	MI	no	Grand Cherokee L	No	Over 20k
1C4RJHAG7RC212243	2024 Jeep Grand Cherokee Laredo	Jeep	https://furymotors.com/for-sale/used-jeep-grand-cherokee-laredo-minneapolis-mn/2024-jeep-grand-cherokee-laredo-1c4rjhag7rc212243/	28350 USD	2024 Diamond Black Crystal Pearlcoat Jeep Grand Cherokee Laredo 3.6L V6 24V VVT For sale at Fury Motors South St. Paul in South St. Paul Minnesota.	https://vimg.remora.inc/619024/1c4rjhag7rc212243-2024-jeep-grand-cherokee-laredo-diamond-black-crystal-pearlcoat-1-114274.avif	in stock	USED	SUV	Vehicles & Parts > Vehicles > Motor Vehicles > Cars, Trucks & Vans	1C4RJHAG7RC212243	https://furymotors.com/for-sale/used-jeep-grand-cherokee-laredo-minneapolis-mn/2024-jeep-grand-cherokee-laredo-1c4rjhag7rc212243/123?store={store_code}	BLACK	22999 miles	Grand Cherokee	1C4RJHAG7RC212243	2024	28350 USD	62082	28350 USD	MI	no	Grand Cherokee	No	Over 20k
1C4RJHBG1PC548966	2023 Jeep Grand Cherokee Limited	Jeep	https://furymotors.com/for-sale/used-jeep-grand-cherokee-limited-minneapolis-mn/2023-jeep-grand-cherokee-limited-1c4rjhbg1pc548966/	28000 USD	2023 Bright White Clearcoat Jeep Grand Cherokee Limited 3.6L V6 24V VVT For sale at Fury Motors South St. Paul in South St. Paul Minnesota.	https://vimg.remora.inc/591768/1c4rjhbg1pc548966-2023-jeep-grand-cherokee-limited-bright-white-clearcoat-1-114237.avif	in stock	USED	SUV	Vehicles & Parts > Vehicles > Motor Vehicles > Cars, Trucks & Vans	1C4RJHBG1PC548966	https://furymotors.com/for-sale/used-jeep-grand-cherokee-limited-minneapolis-mn/2023-jeep-grand-cherokee-limited-1c4rjhbg1pc548966/123?store={store_code}	WHITE	53476 miles	Grand Cherokee	1C4RJHBG1PC548966	2023	28000 USD	62082	28000 USD	MI	no	Grand Cherokee	No	Over 20k
1C4RJHBG9PC529470	2023 Jeep Grand Cherokee Limited	Jeep	https://furymotors.com/for-sale/used-jeep-grand-cherokee-limited-minneapolis-mn/2023-jeep-grand-cherokee-limited-1c4rjhbg9pc529470/	30000 USD	2023 Bright White Clearcoat Jeep Grand Cherokee Limited 3.6L V6 24V VVT For sale at Fury Motors South St. Paul in South St. Paul Minnesota.	https://vimg.remora.inc/578261/1c4rjhbg9pc529470-2023-jeep-grand-cherokee-limited-bright-white-clearcoat-1-113486.avif	in stock	USED	SUV	Vehicles & Parts > Vehicles > Motor Vehicles > Cars, Trucks & Vans	1C4RJHBG9PC529470	https://furymotors.com/for-sale/used-jeep-grand-cherokee-limited-minneapolis-mn/2023-jeep-grand-cherokee-limited-1c4rjhbg9pc529470/123?store={store_code}	WHITE	45000 miles	Grand Cherokee	1C4RJHBG9PC529470	2023	30000 USD	62082	30000 USD	MI	no	Grand Cherokee	No	Over 20k
1C4RJHBG0R8601971	2024 Jeep Grand Cherokee Limited	Jeep	https://furymotors.com/for-sale/used-jeep-grand-cherokee-limited-minneapolis-mn/2024-jeep-grand-cherokee-limited-1c4rjhbg0r8601971/	34000 USD	2024 Bright White Clearcoat Jeep Grand Cherokee Limited 3.6L V6 24V VVT For sale at Fury Motors South St. Paul in South St. Paul Minnesota.	https://vimg.remora.inc/383999/1c4rjhbg0r8601971-2024-jeep-grand-cherokee-limited-bright-white-clearcoat-1-113751.avif	in stock	USED	SUV	Vehicles & Parts > Vehicles > Motor Vehicles > Cars, Trucks & Vans	1C4RJHBG0R8601971	https://furymotors.com/for-sale/used-jeep-grand-cherokee-limited-minneapolis-mn/2024-jeep-grand-cherokee-limited-1c4rjhbg0r8601971/123?store={store_code}	WHITE	23339 miles	Grand Cherokee	1C4RJHBG0R8601971	2024	34000 USD	62082	34000 USD	MI	no	Grand Cherokee	No	Over 20k
1C4RJHBG0SC359475	2025 Jeep Grand Cherokee Limited	Jeep	https://furymotors.com/for-sale/used-jeep-grand-cherokee-limited-minneapolis-mn/2025-jeep-grand-cherokee-limited-1c4rjhbg0sc359475/	36000 USD	2025 Bright White Clearcoat Jeep Grand Cherokee Limited 3.6L V6 24V VVT For sale at Fury Motors South St. Paul in South St. Paul Minnesota.	https://vimg.remora.inc/624088/1c4rjhbg0sc359475-2025-jeep-grand-cherokee-limited-bright-white-clearcoat-1-114333.avif	in stock	USED	SUV	Vehicles & Parts > Vehicles > Motor Vehicles > Cars, Trucks & Vans	1C4RJHBG0SC359475	https://furymotors.com/for-sale/used-jeep-grand-cherokee-limited-minneapolis-mn/2025-jeep-grand-cherokee-limited-1c4rjhbg0sc359475/123?store={store_code}	WHITE	22898 miles	Grand Cherokee	1C4RJHBG0SC359475	2025	36000 USD	62082	36000 USD	MI	no	Grand Cherokee	No	Over 20k
ZACNJDB13NPN72288	2022 Jeep Renegade Latitude	Jeep	https://furymotors.com/for-sale/used-jeep-renegade-latitude-minneapolis-mn/2022-jeep-renegade-latitude-zacnjdb13npn72288/	19850 USD	2022 Sting-Gray Clearcoat Jeep Renegade Latitude 1.3L I4 For sale at Fury Motors South St. Paul in South St. Paul Minnesota.	https://vimg.remora.inc/87713/zacnjdb13npn72288-2022-jeep-renegade-latitude-sting-gray-clearcoat-1-114234.avif	in stock	USED	SUV	Vehicles & Parts > Vehicles > Motor Vehicles > Cars, Trucks & Vans	ZACNJDB13NPN72288	https://furymotors.com/for-sale/used-jeep-renegade-latitude-minneapolis-mn/2022-jeep-renegade-latitude-zacnjdb13npn72288/123?store={store_code}	GRAY	21654 miles	Renegade	ZACNJDB13NPN72288	2022	19850 USD	62082	19850 USD	MI	no	Renegade	No	Under 20k
ZACNJDB12PPP15492	2023 Jeep Renegade Latitude	Jeep	https://furymotors.com/for-sale/used-jeep-renegade-latitude-minneapolis-mn/2023-jeep-renegade-latitude-zacnjdb12ppp15492/	20000 USD	2023 Graphite Gray Jeep Renegade Latitude 1.3L I4 For sale at Fury Motors South St. Paul in South St. Paul Minnesota.	https://vimg.remora.inc/604234/zacnjdb12ppp15492-2023-jeep-renegade-latitude-graphite-gray-1-113970.avif	in stock	USED	SUV	Vehicles & Parts > Vehicles > Motor Vehicles > Cars, Trucks & Vans	ZACNJDB12PPP15492	https://furymotors.com/for-sale/used-jeep-renegade-latitude-minneapolis-mn/2023-jeep-renegade-latitude-zacnjdb12ppp15492/123?store={store_code}	GRAY	17726 miles	Renegade	ZACNJDB12PPP15492	2023	20000 USD	62082	20000 USD	MI	no	Renegade	No	Over 20k
ZACNJDB14PPP13582	2023 Jeep Renegade Latitude	Jeep	https://furymotors.com/for-sale/used-jeep-renegade-latitude-minneapolis-mn/2023-jeep-renegade-latitude-zacnjdb14ppp13582/	20000 USD	2023 Black Clearcoat Jeep Renegade Latitude 1.3L I4 For sale at Fury Motors South St. Paul in South St. Paul Minnesota.	https://vimg.remora.inc/604233/zacnjdb14ppp13582-2023-jeep-renegade-latitude-black-clearcoat-1-113970.avif	in stock	USED	SUV	Vehicles & Parts > Vehicles > Motor Vehicles > Cars, Trucks & Vans	ZACNJDB14PPP13582	https://furymotors.com/for-sale/used-jeep-renegade-latitude-minneapolis-mn/2023-jeep-renegade-latitude-zacnjdb14ppp13582/123?store={store_code}	BLACK	18469 miles	Renegade	ZACNJDB14PPP13582	2023	20000 USD	62082	20000 USD	MI	no	Renegade	No	Over 20k
ZACNJDB14PPP13596	2023 Jeep Renegade Latitude	Jeep	https://furymotors.com/for-sale/used-jeep-renegade-latitude-minneapolis-mn/2023-jeep-renegade-latitude-zacnjdb14ppp13596/	20000 USD	2023 Graphite Gray Jeep Renegade Latitude 1.3L I4 For sale at Fury Motors South St. Paul in South St. Paul Minnesota.	https://vimg.remora.inc/604235/zacnjdb14ppp13596-2023-jeep-renegade-latitude-graphite-gray-1-113970.avif	in stock	USED	SUV	Vehicles & Parts > Vehicles > Motor Vehicles > Cars, Trucks & Vans	ZACNJDB14PPP13596	https://furymotors.com/for-sale/used-jeep-renegade-latitude-minneapolis-mn/2023-jeep-renegade-latitude-zacnjdb14ppp13596/123?store={store_code}	GRAY	18989 miles	Renegade	ZACNJDB14PPP13596	2023	20000 USD	62082	20000 USD	MI	no	Renegade	No	Over 20k
3C4RJNAK1RT177805	2024 Jeep Wagoneer S Launch Edition	Jeep	https://furymotors.com/for-sale/used-jeep-wagoneer-s-launch-edition-minneapolis-mn/2024-jeep-wagoneer-s-launch-edition-3c4rjnak1rt177805/	33000 USD	2024 Silver Zynith Clearcoat Jeep Wagoneer S Launch Edition Electric Motor For sale at Fury Motors South St. Paul in South St. Paul Minnesota.	https://vimg.remora.inc/558602/3c4rjnak1rt177805-2024-jeep-wagoneer-s-launch-edition-silver-zynith-clearcoat-1-113151.avif	in stock	USED	SUV	Vehicles & Parts > Vehicles > Motor Vehicles > Cars, Trucks & Vans	3C4RJNAK1RT177805	https://furymotors.com/for-sale/used-jeep-wagoneer-s-launch-edition-minneapolis-mn/2024-jeep-wagoneer-s-launch-edition-3c4rjnak1rt177805/123?store={store_code}	SILVER	9101 miles	Wagoneer S	3C4RJNAK1RT177805	2024	33000 USD	62082	33000 USD	MI	no	Wagoneer S	No	Over 20k
3C4RJNAK6RT177802	2024 Jeep Wagoneer S Launch Edition	Jeep	https://furymotors.com/for-sale/used-jeep-wagoneer-s-launch-edition-minneapolis-mn/2024-jeep-wagoneer-s-launch-edition-3c4rjnak6rt177802/	35350 USD	2024 Diamond Black Crystal Pearlcoat Jeep Wagoneer S Launch Edition Electric Motor For sale at Fury Motors South St. Paul in South St. Paul Minnesota.	https://vimg.remora.inc/607669/3c4rjnak6rt177802-2024-jeep-wagoneer-s-launch-edition-diamond-black-crystal-pearlcoat-1-114183.avif	in stock	USED	SUV	Vehicles & Parts > Vehicles > Motor Vehicles > Cars, Trucks & Vans	3C4RJNAK6RT177802	https://furymotors.com/for-sale/used-jeep-wagoneer-s-launch-edition-minneapolis-mn/2024-jeep-wagoneer-s-launch-edition-3c4rjnak6rt177802/123?store={store_code}	BLACK	8531 miles	Wagoneer S	3C4RJNAK6RT177802	2024	35350 USD	62082	35350 USD	MI	no	Wagoneer S	No	Over 20k
1C4SJVBP9SS539639	2025 Jeep Wagoneer Series II	Jeep	https://furymotors.com/for-sale/used-jeep-wagoneer-series-ii-minneapolis-mn/2025-jeep-wagoneer-series-ii-1c4sjvbp9ss539639/	48650 USD	2025 Diamond Black Crystal Pearlcoat Jeep Wagoneer Series II 3.0L I6 For sale at Fury Motors South St. Paul in South St. Paul Minnesota.	https://vimg.remora.inc/603012/1c4sjvbp9ss539639-2025-jeep-wagoneer-series-ii-diamond-black-crystal-pearlcoat-1-114270.avif	in stock	USED	SUV	Vehicles & Parts > Vehicles > Motor Vehicles > Cars, Trucks & Vans	1C4SJVBP9SS539639	https://furymotors.com/for-sale/used-jeep-wagoneer-series-ii-minneapolis-mn/2025-jeep-wagoneer-series-ii-1c4sjvbp9ss539639/123?store={store_code}	BLACK	22960 miles	Wagoneer	1C4SJVBP9SS539639	2025	48650 USD	62082	48650 USD	MI	no	Wagoneer	No	Over 20k
1C4SJVDT3NS128140	2022 Jeep Wagoneer Series III	Jeep	https://furymotors.com/for-sale/used-jeep-wagoneer-series-iii-minneapolis-mn/2022-jeep-wagoneer-series-iii-1c4sjvdt3ns128140/	30350 USD	2022 Silver Zynith Jeep Wagoneer Series III 5.7L V8 For sale at Fury Motors South St. Paul in South St. Paul Minnesota.	https://vimg.remora.inc/524994/1c4sjvdt3ns128140-2022-jeep-wagoneer-series-iii-silver-zynith-1-112768.avif	in stock	USED	SUV	Vehicles & Parts > Vehicles > Motor Vehicles > Cars, Trucks & Vans	1C4SJVDT3NS128140	https://furymotors.com/for-sale/used-jeep-wagoneer-series-iii-minneapolis-mn/2022-jeep-wagoneer-series-iii-1c4sjvdt3ns128140/123?store={store_code}	SILVER	87315 miles	Wagoneer	1C4SJVDT3NS128140	2022	30350 USD	62082	30350 USD	MI	no	Wagoneer	No	Over 20k
1C4RJXFG7RW159092	2024 Jeep Wrangler Rubicon	Jeep	https://furymotors.com/for-sale/used-jeep-wrangler-rubicon-minneapolis-mn/2024-jeep-wrangler-rubicon-1c4rjxfg7rw159092/	39350 USD	2024 Black Clearcoat Jeep Wrangler Rubicon 3.6L V6 24V VVT For sale at Fury Motors South St. Paul in South St. Paul Minnesota.	https://vimg.remora.inc/567079/1c4rjxfg7rw159092-2024-jeep-wrangler-rubicon-black-clearcoat-1-113319.avif	in stock	USED	SUV	Vehicles & Parts > Vehicles > Motor Vehicles > Cars, Trucks & Vans	1C4RJXFG7RW159092	https://furymotors.com/for-sale/used-jeep-wrangler-rubicon-minneapolis-mn/2024-jeep-wrangler-rubicon-1c4rjxfg7rw159092/123?store={store_code}	BLACK	19044 miles	Wrangler	1C4RJXFG7RW159092	2024	39350 USD	62082	39350 USD	MI	no	Wrangler	No	Over 20k
1C4PJXFN0SW663625	2025 Jeep Wrangler Rubicon	Jeep	https://furymotors.com/for-sale/used-jeep-wrangler-rubicon-minneapolis-mn/2025-jeep-wrangler-rubicon-1c4pjxfn0sw663625/	35850 USD	2025 Bright White Clearcoat Jeep Wrangler Rubicon 2.0L I4 DOHC For sale at Fury Motors South St. Paul in South St. Paul Minnesota.	https://vimg.remora.inc/619073/1c4pjxfn0sw663625-2025-jeep-wrangler-rubicon-bright-white-clearcoat-1-114303.avif	in stock	USED	SUV	Vehicles & Parts > Vehicles > Motor Vehicles > Cars, Trucks & Vans	1C4PJXFN0SW663625	https://furymotors.com/for-sale/used-jeep-wrangler-rubicon-minneapolis-mn/2025-jeep-wrangler-rubicon-1c4pjxfn0sw663625/123?store={store_code}	WHITE	23710 miles	Wrangler	1C4PJXFN0SW663625	2025	35850 USD	62082	35850 USD	MI	no	Wrangler	No	Over 20k
1C4PJXFNXSW663731	2025 Jeep Wrangler Rubicon	Jeep	https://furymotors.com/for-sale/used-jeep-wrangler-rubicon-minneapolis-mn/2025-jeep-wrangler-rubicon-1c4pjxfnxsw663731/	35000 USD	2025 Hydro Blue Pearl Coat Jeep Wrangler Rubicon 2.0L I4 DOHC For sale at Fury Motors South St. Paul in South St. Paul Minnesota.	https://vimg.remora.inc/623887/1c4pjxfnxsw663731-2025-jeep-wrangler-rubicon-hydro-blue-pearl-coat-1-114303.avif	in stock	USED	SUV	Vehicles & Parts > Vehicles > Motor Vehicles > Cars, Trucks & Vans	1C4PJXFNXSW663731	https://furymotors.com/for-sale/used-jeep-wrangler-rubicon-minneapolis-mn/2025-jeep-wrangler-rubicon-1c4pjxfnxsw663731/123?store={store_code}	BLUE	25026 miles	Wrangler	1C4PJXFNXSW663731	2025	35000 USD	62082	35000 USD	MI	no	Wrangler	No	Over 20k
1C4HJXAG0MW678819	2021 Jeep Wrangler Sport S	Jeep	https://furymotors.com/for-sale/used-jeep-wrangler-sport-s-minneapolis-mn/2021-jeep-wrangler-sport-s-1c4hjxag0mw678819/	25350 USD	2021 Sarge Green Clearcoat Jeep Wrangler Sport S 3.6L V6 24V VVT For sale at Fury Motors South St. Paul in South St. Paul Minnesota.	https://vimg.remora.inc/596142/1c4hjxag0mw678819-2021-jeep-wrangler-sport-s-sarge-green-clearcoat-1-113842.avif	in stock	USED	SUV	Vehicles & Parts > Vehicles > Motor Vehicles > Cars, Trucks & Vans	1C4HJXAG0MW678819	https://furymotors.com/for-sale/used-jeep-wrangler-sport-s-minneapolis-mn/2021-jeep-wrangler-sport-s-1c4hjxag0mw678819/123?store={store_code}	GREEN	38034 miles	Wrangler	1C4HJXAG0MW678819	2021	25350 USD	62082	25350 USD	MI	no	Wrangler	No	Over 20k
1C4HJWFG8GL291122	2016 Jeep Wrangler Unlimited Rubicon	Jeep	https://furymotors.com/for-sale/used-jeep-wrangler-unlimited-rubicon-minneapolis-mn/2016-jeep-wrangler-unlimited-rubicon-1c4hjwfg8gl291122/	21000 USD	2016 Mojave Sand Clearcoat Jeep Wrangler Unlimited Rubicon 3.6L V6 24V VVT For sale at Fury Motors South St. Paul in South St. Paul Minnesota.	https://vimg.remora.inc/615608/1c4hjwfg8gl291122-2016-jeep-wrangler-unlimited-rubicon-mojave-sand-clearcoat-1-114258.avif	in stock	USED	SUV	Vehicles & Parts > Vehicles > Motor Vehicles > Cars, Trucks & Vans	1C4HJWFG8GL291122	https://furymotors.com/for-sale/used-jeep-wrangler-unlimited-rubicon-minneapolis-mn/2016-jeep-wrangler-unlimited-rubicon-1c4hjwfg8gl291122/123?store={store_code}	BEIGE	113087 miles	Wrangler	1C4HJWFG8GL291122	2016	21000 USD	62082	21000 USD	MI	no	Wrangler	No	Over 20k
1C4HJXFN8MW614972	2021 Jeep Wrangler Unlimited Rubicon	Jeep	https://furymotors.com/for-sale/used-jeep-wrangler-unlimited-rubicon-minneapolis-mn/2021-jeep-wrangler-unlimited-rubicon-1c4hjxfn8mw614972/	26350 USD	2021 Sarge Green Clearcoat Jeep Wrangler Unlimited Rubicon 2.0L I4 DOHC For sale at Fury Motors South St. Paul in South St. Paul Minnesota.	https://vimg.remora.inc/576518/1c4hjxfn8mw614972-2021-jeep-wrangler-unlimited-rubicon-sarge-green-clearcoat-1-113583.avif	in stock	USED	SUV	Vehicles & Parts > Vehicles > Motor Vehicles > Cars, Trucks & Vans	1C4HJXFN8MW614972	https://furymotors.com/for-sale/used-jeep-wrangler-unlimited-rubicon-minneapolis-mn/2021-jeep-wrangler-unlimited-rubicon-1c4hjxfn8mw614972/123?store={store_code}	GREEN	82596 miles	Wrangler	1C4HJXFN8MW614972	2021	26350 USD	62082	26350 USD	MI	no	Wrangler	No	Over 20k
1C4HJWEG6GL237495	2016 Jeep Wrangler Unlimited Sahara	Jeep	https://furymotors.com/for-sale/used-jeep-wrangler-unlimited-sahara-minneapolis-mn/2016-jeep-wrangler-unlimited-sahara-1c4hjweg6gl237495/	13350 USD	2016 Billet Silver Metallic Clearcoat Jeep Wrangler Unlimited Sahara 3.6L V6 24V VVT For sale at Fury Motors South St. Paul in South St. Paul Minnesota.	https://vimg.remora.inc/571603/1c4hjweg6gl237495-2016-jeep-wrangler-unlimited-sahara-billet-silver-metallic-clearcoat-1-113391.avif	in stock	USED	SUV	Vehicles & Parts > Vehicles > Motor Vehicles > Cars, Trucks & Vans	1C4HJWEG6GL237495	https://furymotors.com/for-sale/used-jeep-wrangler-unlimited-sahara-minneapolis-mn/2016-jeep-wrangler-unlimited-sahara-1c4hjweg6gl237495/123?store={store_code}	SILVER	167785 miles	Wrangler	1C4HJWEG6GL237495	2016	13350 USD	62082	13350 USD	MI	no	Wrangler	No	Under 20k
KNDEUCA73R7573227	2024 Kia Seltos X-Line	Kia	https://furymotors.com/for-sale/used-kia-seltos-x-line-minneapolis-mn/2024-kia-seltos-x-line-kndeuca73r7573227/	24328 USD	2024 Snow White Pearl Kia Seltos X-Line I4 For sale at Fury Motors South St. Paul in South St. Paul Minnesota.	https://vimg.remora.inc/581543/kndeuca73r7573227-2024-kia-seltos-x-line-snow-white-pearl-1-114258.avif	in stock	USED	SUV	Vehicles & Parts > Vehicles > Motor Vehicles > Cars, Trucks & Vans	KNDEUCA73R7573227	https://furymotors.com/for-sale/used-kia-seltos-x-line-minneapolis-mn/2024-kia-seltos-x-line-kndeuca73r7573227/123?store={store_code}	WHITE	25303 miles	Seltos	KNDEUCA73R7573227	2024	24328 USD	62082	24328 USD	MI	no	Seltos	No	Over 20k
5XYK6CDF9RG193585	2024 Kia Sportage X-Line	Kia	https://furymotors.com/for-sale/used-kia-sportage-x-line-minneapolis-mn/2024-kia-sportage-x-line-5xyk6cdf9rg193585/	26750 USD	2024 Sapphire Blue Kia Sportage X-Line I4 For sale at Fury Motors South St. Paul in South St. Paul Minnesota.	https://vimg.remora.inc/581542/5xyk6cdf9rg193585-2024-kia-sportage-x-line-sapphire-blue-1-113631.avif	in stock	USED	SUV	Vehicles & Parts > Vehicles > Motor Vehicles > Cars, Trucks & Vans	5XYK6CDF9RG193585	https://furymotors.com/for-sale/used-kia-sportage-x-line-minneapolis-mn/2024-kia-sportage-x-line-5xyk6cdf9rg193585/123?store={store_code}	BLUE	23798 miles	Sportage	5XYK6CDF9RG193585	2024	26750 USD	62082	26750 USD	MI	no	Sportage	No	Over 20k
JM3KFBCM3S0805857	2025 Mazda CX-5 2.5 S Preferred Package	Mazda	https://furymotors.com/for-sale/used-mazda-cx-5-25-s-preferred-package-minneapolis-mn/2025-mazda-cx-5-25-s-preferred-package-jm3kfbcm3s0805857/	29350 USD	2025 Platinum Quartz Metallic Mazda CX-5 2.5 S Preferred Package SKYACTIV-G 2.5L 4-Cylinder DOHC 16V For sale at Fury Motors South St. Paul in South St. Paul Minnesota.	https://vimg.remora.inc/603011/jm3kfbcm3s0805857-2025-mazda-cx-5-25-s-preferred-package-platinum-quartz-metallic-1-113967.avif	in stock	USED	SUV	Vehicles & Parts > Vehicles > Motor Vehicles > Cars, Trucks & Vans	JM3KFBCM3S0805857	https://furymotors.com/for-sale/used-mazda-cx-5-25-s-preferred-package-minneapolis-mn/2025-mazda-cx-5-25-s-preferred-package-jm3kfbcm3s0805857/123?store={store_code}	WHITE	17242 miles	CX-5	JM3KFBCM3S0805857	2025	29350 USD	62082	29350 USD	MI	no	CX-5	No	Over 20k
7MMVABEY4PN114593	2023 Mazda CX-50 2.5 Turbo Premium Plus Package	Mazda	https://furymotors.com/for-sale/used-mazda-cx-50-25-turbo-premium-plus-package-minneapolis-mn/2023-mazda-cx-50-25-turbo-premium-plus-package-7mmvabey4pn114593/	26100 USD	2023 Soul Red Crystal Metallic Mazda CX-50 2.5 Turbo Premium Plus Package 2.5L I4 Turbocharged DOHC 16V LEV3-ULEV125 227hp For sale at Fury Motors South St. Paul in South St. Paul Minnesota.	https://vimg.remora.inc/535798/7mmvabey4pn114593-2023-mazda-cx-50-25-turbo-premium-plus-package-soul-red-crystal-metallic-1-112792.avif	in stock	USED	SUV	Vehicles & Parts > Vehicles > Motor Vehicles > Cars, Trucks & Vans	7MMVABEY4PN114593	https://furymotors.com/for-sale/used-mazda-cx-50-25-turbo-premium-plus-package-minneapolis-mn/2023-mazda-cx-50-25-turbo-premium-plus-package-7mmvabey4pn114593/123?store={store_code}	RED	70504 miles	CX-50	7MMVABEY4PN114593	2023	26100 USD	62082	26100 USD	MI	no	CX-50	No	Over 20k
4JGFF5KEXMA445341	2021 Mercedes-Benz GLS GLS 450	Mercedes-Benz	https://furymotors.com/for-sale/used-mercedes-benz-gls-gls-450-minneapolis-mn/2021-mercedes-benz-gls-gls-450-4jgff5kexma445341/	30000 USD	2021 Black Mercedes-Benz GLS GLS 450 V6 For sale at Fury Motors South St. Paul in South St. Paul Minnesota.	https://vimg.remora.inc/533263/4jgff5kexma445341-2021-mercedes-benz-gls-gls-450-black-1-113943.avif	in stock	USED	SUV	Vehicles & Parts > Vehicles > Motor Vehicles > Cars, Trucks & Vans	4JGFF5KEXMA445341	https://furymotors.com/for-sale/used-mercedes-benz-gls-gls-450-minneapolis-mn/2021-mercedes-benz-gls-gls-450-4jgff5kexma445341/123?store={store_code}	BLACK	84640 miles	GLS	4JGFF5KEXMA445341	2021	30000 USD	62082	30000 USD	MI	no	GLS	No	Over 20k
JA4AZ3A31LJ000540	2020 Mitsubishi Outlander SEL	Mitsubishi	https://furymotors.com/for-sale/used-mitsubishi-outlander-sel-minneapolis-mn/2020-mitsubishi-outlander-sel-ja4az3a31lj000540/	12000 USD	2020 Labrador Black Metallic Mitsubishi Outlander SEL I4 For sale at Fury Motors South St. Paul in South St. Paul Minnesota.	https://vimg.remora.inc/618985/ja4az3a31lj000540-2020-mitsubishi-outlander-sel-labrador-black-metallic-1-114330.avif	in stock	USED	SUV	Vehicles & Parts > Vehicles > Motor Vehicles > Cars, Trucks & Vans	JA4AZ3A31LJ000540	https://furymotors.com/for-sale/used-mitsubishi-outlander-sel-minneapolis-mn/2020-mitsubishi-outlander-sel-ja4az3a31lj000540/123?store={store_code}	BLACK	124130 miles	Outlander	JA4AZ3A31LJ000540	2020	12000 USD	62082	12000 USD	MI	no	Outlander	No	Under 20k
1N4BL4DV7SN392466	2025 Nissan Altima 2.5 SV	Nissan	https://furymotors.com/for-sale/used-nissan-altima-25-sv-minneapolis-mn/2025-nissan-altima-25-sv-1n4bl4dv7sn392466/	21000 USD	2025 Super Black Clearcoat Nissan Altima 2.5 SV 2.5L 4-Cylinder DOHC 16V For sale at Fury Motors South St. Paul in South St. Paul Minnesota.	https://vimg.remora.inc/588373/1n4bl4dv7sn392466-2025-nissan-altima-25-sv-super-black-clearcoat-1-114159.avif	in stock	USED	OTHER	Vehicles & Parts > Vehicles > Motor Vehicles > Cars, Trucks & Vans	1N4BL4DV7SN392466	https://furymotors.com/for-sale/used-nissan-altima-25-sv-minneapolis-mn/2025-nissan-altima-25-sv-1n4bl4dv7sn392466/123?store={store_code}	BLACK	26181 miles	Altima	1N4BL4DV7SN392466	2025	21000 USD	62082	21000 USD	MI	no	Altima	No	Over 20k
5N1DR3BC6RC293023	2024 Nissan Pathfinder SV	Nissan	https://furymotors.com/for-sale/used-nissan-pathfinder-sv-minneapolis-mn/2024-nissan-pathfinder-sv-5n1dr3bc6rc293023/	28000 USD	2024 Pearl White Tricoat Nissan Pathfinder SV 3.5L V6 DOHC For sale at Fury Motors South St. Paul in South St. Paul Minnesota.	https://vimg.remora.inc/551305/5n1dr3bc6rc293023-2024-nissan-pathfinder-sv-pearl-white-tricoat-1-113049.avif	in stock	USED	SUV	Vehicles & Parts > Vehicles > Motor Vehicles > Cars, Trucks & Vans	5N1DR3BC6RC293023	https://furymotors.com/for-sale/used-nissan-pathfinder-sv-minneapolis-mn/2024-nissan-pathfinder-sv-5n1dr3bc6rc293023/123?store={store_code}	WHITE	26170 miles	Pathfinder	5N1DR3BC6RC293023	2024	28000 USD	62082	28000 USD	MI	no	Pathfinder	No	Over 20k
3N1AB8DV8SY303459	2025 Nissan Sentra SR	Nissan	https://furymotors.com/for-sale/used-nissan-sentra-sr-minneapolis-mn/2025-nissan-sentra-sr-3n1ab8dv8sy303459/	21000 USD	2025 Gun Metallic Nissan Sentra SR 2.0L I4 DOHC For sale at Fury Motors South St. Paul in South St. Paul Minnesota.	https://vimg.remora.inc/596139/3n1ab8dv8sy303459-2025-nissan-sentra-sr-gun-metallic-1-114162.avif	in stock	USED	OTHER	Vehicles & Parts > Vehicles > Motor Vehicles > Cars, Trucks & Vans	3N1AB8DV8SY303459	https://furymotors.com/for-sale/used-nissan-sentra-sr-minneapolis-mn/2025-nissan-sentra-sr-3n1ab8dv8sy303459/123?store={store_code}	GRAY	36534 miles	Sentra	3N1AB8DV8SY303459	2025	21000 USD	62082	21000 USD	MI	no	Sentra	No	Over 20k
3N1AB8CVXRY223270	2024 Nissan Sentra SV	Nissan	https://furymotors.com/for-sale/used-nissan-sentra-sv-minneapolis-mn/2024-nissan-sentra-sv-3n1ab8cvxry223270/	18000 USD	2024 Super Black Nissan Sentra SV 2.0L I4 DOHC For sale at Fury Motors South St. Paul in South St. Paul Minnesota.	https://vimg.remora.inc/591767/3n1ab8cvxry223270-2024-nissan-sentra-sv-super-black-1-114159.avif	in stock	USED	OTHER	Vehicles & Parts > Vehicles > Motor Vehicles > Cars, Trucks & Vans	3N1AB8CVXRY223270	https://furymotors.com/for-sale/used-nissan-sentra-sv-minneapolis-mn/2024-nissan-sentra-sv-3n1ab8cvxry223270/123?store={store_code}	BLACK	52240 miles	Sentra	3N1AB8CVXRY223270	2024	18000 USD	62082	18000 USD	MI	no	Sentra	No	Under 20k
1C6SRFFT1MN808926	2021 Ram 1500 Big Horn/Lone Star	Ram	https://furymotors.com/for-sale/used-ram-1500-big-hornlone-star-minneapolis-mn/2021-ram-1500-big-hornlone-star-1c6srfft1mn808926/	24000 USD	2021 Patriot Blue Pearlcoat Ram 1500 Big Horn/Lone Star HEMI 5.7L V8 Multi Displacement VVT For sale at Fury Motors South St. Paul in South St. Paul Minnesota.	https://vimg.remora.inc/605301/1c6srfft1mn808926-2021-ram-1500-big-hornlone-star-patriot-blue-pearlcoat-1-113972.avif	in stock	USED	TRUCK	Vehicles & Parts > Vehicles > Motor Vehicles > Cars, Trucks & Vans	1C6SRFFT1MN808926	https://furymotors.com/for-sale/used-ram-1500-big-hornlone-star-minneapolis-mn/2021-ram-1500-big-hornlone-star-1c6srfft1mn808926/123?store={store_code}	BLUE	121811 miles	1500	1C6SRFFT1MN808926	2021	24000 USD	62082	24000 USD	MI	no	1500	No	Over 20k
1C6SRFFT2PN536276	2023 Ram 1500 Big Horn/Lone Star	Ram	https://furymotors.com/for-sale/used-ram-1500-big-hornlone-star-minneapolis-mn/2023-ram-1500-big-hornlone-star-1c6srfft2pn536276/	30350 USD	2023 Bright White Clearcoat Ram 1500 Big Horn/Lone Star HEMI 5.7L V8 Multi Displacement VVT eTorque For sale at Fury Motors South St. Paul in South St. Paul Minnesota.	https://vimg.remora.inc/523335/1c6srfft2pn536276-2023-ram-1500-big-hornlone-star-bright-white-clearcoat-1-112792.avif	in stock	USED	TRUCK	Vehicles & Parts > Vehicles > Motor Vehicles > Cars, Trucks & Vans	1C6SRFFT2PN536276	https://furymotors.com/for-sale/used-ram-1500-big-hornlone-star-minneapolis-mn/2023-ram-1500-big-hornlone-star-1c6srfft2pn536276/123?store={store_code}	WHITE	68471 miles	1500	1C6SRFFT2PN536276	2023	30350 USD	62082	30350 USD	MI	no	1500	No	Over 20k
1C6SRFFTXPN536252	2023 Ram 1500 Big Horn/Lone Star	Ram	https://furymotors.com/for-sale/used-ram-1500-big-hornlone-star-minneapolis-mn/2023-ram-1500-big-hornlone-star-1c6srfftxpn536252/	27000 USD	2023 Bright White Clearcoat Ram 1500 Big Horn/Lone Star HEMI 5.7L V8 Multi Displacement VVT eTorque For sale at Fury Motors South St. Paul in South St. Paul Minnesota.	https://vimg.remora.inc/524992/1c6srfftxpn536252-2023-ram-1500-big-hornlone-star-bright-white-clearcoat-1-112744.avif	in stock	USED	TRUCK	Vehicles & Parts > Vehicles > Motor Vehicles > Cars, Trucks & Vans	1C6SRFFTXPN536252	https://furymotors.com/for-sale/used-ram-1500-big-hornlone-star-minneapolis-mn/2023-ram-1500-big-hornlone-star-1c6srfftxpn536252/123?store={store_code}	WHITE	107000 miles	1500	1C6SRFFTXPN536252	2023	27000 USD	62082	27000 USD	MI	no	1500	No	Over 20k
1C6SRFJT8NN314085	2022 Ram 1500 Laramie	Ram	https://furymotors.com/for-sale/used-ram-1500-laramie-minneapolis-mn/2022-ram-1500-laramie-1c6srfjt8nn314085/	25600 USD	2022 Delmonico Red Pearlcoat Ram 1500 Laramie HEMI 5.7L V8 Multi Displacement VVT For sale at Fury Motors South St. Paul in South St. Paul Minnesota.	https://vimg.remora.inc/533264/1c6srfjt8nn314085-2022-ram-1500-laramie-delmonico-red-pearlcoat-1-112744.avif	in stock	USED	TRUCK	Vehicles & Parts > Vehicles > Motor Vehicles > Cars, Trucks & Vans	1C6SRFJT8NN314085	https://furymotors.com/for-sale/used-ram-1500-laramie-minneapolis-mn/2022-ram-1500-laramie-1c6srfjt8nn314085/123?store={store_code}	RED	103495 miles	1500	1C6SRFJT8NN314085	2022	25600 USD	62082	25600 USD	MI	no	1500	No	Over 20k
1C6SRFJT3PN630027	2023 Ram 1500 Laramie	Ram	https://furymotors.com/for-sale/used-ram-1500-laramie-minneapolis-mn/2023-ram-1500-laramie-1c6srfjt3pn630027/	38350 USD	2023 Billet Silver Metallic Clearcoat Ram 1500 Laramie HEMI 5.7L V8 Multi Displacement VVT eTorque For sale at Fury Motors South St. Paul in South St. Paul Minnesota.	https://vimg.remora.inc/555336/1c6srfjt3pn630027-2023-ram-1500-laramie-billet-silver-metallic-clearcoat-1-113100.avif	in stock	USED	TRUCK	Vehicles & Parts > Vehicles > Motor Vehicles > Cars, Trucks & Vans	1C6SRFJT3PN630027	https://furymotors.com/for-sale/used-ram-1500-laramie-minneapolis-mn/2023-ram-1500-laramie-1c6srfjt3pn630027/123?store={store_code}	SILVER	38661 miles	1500	1C6SRFJT3PN630027	2023	38350 USD	62082	38350 USD	MI	no	1500	No	Over 20k
1C6SRFHT1PN568214	2023 Ram 1500 Limited	Ram	https://furymotors.com/for-sale/used-ram-1500-limited-minneapolis-mn/2023-ram-1500-limited-1c6srfht1pn568214/	38000 USD	2023 Bright White Clearcoat Ram 1500 Limited HEMI 5.7L V8 Multi Displacement VVT eTorque For sale at Fury Motors South St. Paul in South St. Paul Minnesota.	https://vimg.remora.inc/551312/1c6srfht1pn568214-2023-ram-1500-limited-bright-white-clearcoat-1-113079.avif	in stock	USED	TRUCK	Vehicles & Parts > Vehicles > Motor Vehicles > Cars, Trucks & Vans	1C6SRFHT1PN568214	https://furymotors.com/for-sale/used-ram-1500-limited-minneapolis-mn/2023-ram-1500-limited-1c6srfht1pn568214/123?store={store_code}	WHITE	69391 miles	1500	1C6SRFHT1PN568214	2023	38000 USD	62082	38000 USD	MI	no	1500	No	Over 20k
1C6SRFHP7TN326895	2026 Ram 1500 Limited	Ram	https://furymotors.com/for-sale/used-ram-1500-limited-minneapolis-mn/2026-ram-1500-limited-1c6srfhp7tn326895/	60000 USD	2026 Bright White Clearcoat Ram 1500 Limited 3.0L I6 For sale at Fury Motors South St. Paul in South St. Paul Minnesota.	https://vimg.remora.inc/624197/1c6srfhp7tn326895-2026-ram-1500-limited-bright-white-clearcoat-1-114330.avif	in stock	USED	TRUCK	Vehicles & Parts > Vehicles > Motor Vehicles > Cars, Trucks & Vans	1C6SRFHP7TN326895	https://furymotors.com/for-sale/used-ram-1500-limited-minneapolis-mn/2026-ram-1500-limited-1c6srfhp7tn326895/123?store={store_code}	WHITE	13549 miles	1500	1C6SRFHP7TN326895	2026	60000 USD	62082	60000 USD	MI	no	1500	No	Over 20k
1C6SRFLP8TN264253	2026 Ram 1500 Rebel	Ram	https://furymotors.com/for-sale/used-ram-1500-rebel-minneapolis-mn/2026-ram-1500-rebel-1c6srflp8tn264253/	48000 USD	2026 Bright White Clearcoat Ram 1500 Rebel 3.0L I6 For sale at Fury Motors South St. Paul in South St. Paul Minnesota.	https://vimg.remora.inc/627141/1c6srflp8tn264253-2026-ram-1500-rebel-bright-white-clearcoat-1-114325.avif	in stock	USED	TRUCK	Vehicles & Parts > Vehicles > Motor Vehicles > Cars, Trucks & Vans	1C6SRFLP8TN264253	https://furymotors.com/for-sale/used-ram-1500-rebel-minneapolis-mn/2026-ram-1500-rebel-1c6srflp8tn264253/123?store={store_code}	WHITE	17483 miles	1500	1C6SRFLP8TN264253	2026	48000 USD	62082	48000 USD	MI	no	1500	No	Over 20k
1C6RR7LT2JS240286	2018 Ram 1500 SLT	Ram	https://furymotors.com/for-sale/used-ram-1500-slt-minneapolis-mn/2018-ram-1500-slt-1c6rr7lt2js240286/	17350 USD	2018 Bright White Clearcoat Ram 1500 SLT HEMI 5.7L V8 Multi Displacement VVT For sale at Fury Motors South St. Paul in South St. Paul Minnesota.	https://vimg.remora.inc/569146/1c6rr7lt2js240286-2018-ram-1500-slt-bright-white-clearcoat-1-113490.avif	in stock	USED	TRUCK	Vehicles & Parts > Vehicles > Motor Vehicles > Cars, Trucks & Vans	1C6RR7LT2JS240286	https://furymotors.com/for-sale/used-ram-1500-slt-minneapolis-mn/2018-ram-1500-slt-1c6rr7lt2js240286/123?store={store_code}	WHITE	123579 miles	1500	1C6RR7LT2JS240286	2018	17350 USD	62082	17350 USD	MI	no	1500	No	Under 20k
3C6UR5DJXRG343132	2024 Ram 2500 Big Horn	Ram	https://furymotors.com/for-sale/used-ram-2500-big-horn-minneapolis-mn/2024-ram-2500-big-horn-3c6ur5djxrg343132/	40000 USD	2024 Diamond Black Crystal Pearlcoat Ram 2500 Big Horn 6.4L V8 For sale at Fury Motors South St. Paul in South St. Paul Minnesota.	https://vimg.remora.inc/49020/3c6ur5djxrg343132-2024-ram-2500-big-horn-diamond-black-crystal-pearlcoat-1-114114.avif	in stock	USED	TRUCK	Vehicles & Parts > Vehicles > Motor Vehicles > Cars, Trucks & Vans	3C6UR5DJXRG343132	https://furymotors.com/for-sale/used-ram-2500-big-horn-minneapolis-mn/2024-ram-2500-big-horn-3c6ur5djxrg343132/123?store={store_code}	BLACK	43445 miles	2500	3C6UR5DJXRG343132	2024	40000 USD	62082	40000 USD	MI	no	2500	No	Over 20k
3C6UR5DJ0TG193698	2026 Ram 2500 Big Horn	Ram	https://furymotors.com/for-sale/used-ram-2500-big-horn-minneapolis-mn/2026-ram-2500-big-horn-3c6ur5dj0tg193698/	45000 USD	2026 Bright White Clearcoat Ram 2500 Big Horn 6.4L V8 For sale at Fury Motors South St. Paul in South St. Paul Minnesota.	https://vimg.remora.inc/611581/3c6ur5dj0tg193698-2026-ram-2500-big-horn-bright-white-clearcoat-1-114084.avif	in stock	USED	TRUCK	Vehicles & Parts > Vehicles > Motor Vehicles > Cars, Trucks & Vans	3C6UR5DJ0TG193698	https://furymotors.com/for-sale/used-ram-2500-big-horn-minneapolis-mn/2026-ram-2500-big-horn-3c6ur5dj0tg193698/123?store={store_code}	WHITE	10820 miles	2500	3C6UR5DJ0TG193698	2026	45000 USD	62082	45000 USD	MI	no	2500	No	Over 20k
3C6UR5DJ8TG199605	2026 Ram 2500 Big Horn	Ram	https://furymotors.com/for-sale/used-ram-2500-big-horn-minneapolis-mn/2026-ram-2500-big-horn-3c6ur5dj8tg199605/	45000 USD	2026 Granite Crystal Metallic Clearcoat Ram 2500 Big Horn 6.4L V8 For sale at Fury Motors South St. Paul in South St. Paul Minnesota.	https://vimg.remora.inc/611582/3c6ur5dj8tg199605-2026-ram-2500-big-horn-granite-crystal-metallic-clearcoat-1-114084.avif	in stock	USED	TRUCK	Vehicles & Parts > Vehicles > Motor Vehicles > Cars, Trucks & Vans	3C6UR5DJ8TG199605	https://furymotors.com/for-sale/used-ram-2500-big-horn-minneapolis-mn/2026-ram-2500-big-horn-3c6ur5dj8tg199605/123?store={store_code}	GRAY	9281 miles	2500	3C6UR5DJ8TG199605	2026	45000 USD	62082	45000 USD	MI	no	2500	No	Over 20k
3C6UR5DJXTG197631	2026 Ram 2500 Big Horn	Ram	https://furymotors.com/for-sale/used-ram-2500-big-horn-minneapolis-mn/2026-ram-2500-big-horn-3c6ur5djxtg197631/	45000 USD	2026 Diamond Black Crystal Pearlcoat Ram 2500 Big Horn 6.4L V8 For sale at Fury Motors South St. Paul in South St. Paul Minnesota.	https://vimg.remora.inc/611579/3c6ur5djxtg197631-2026-ram-2500-big-horn-diamond-black-crystal-pearlcoat-1-114084.avif	in stock	USED	TRUCK	Vehicles & Parts > Vehicles > Motor Vehicles > Cars, Trucks & Vans	3C6UR5DJXTG197631	https://furymotors.com/for-sale/used-ram-2500-big-horn-minneapolis-mn/2026-ram-2500-big-horn-3c6ur5djxtg197631/123?store={store_code}	BLACK	12983 miles	2500	3C6UR5DJXTG197631	2026	45000 USD	62082	45000 USD	MI	no	2500	No	Over 20k
3C63R5EL7SG540048	2025 Ram 2500 Rebel	Ram	https://furymotors.com/for-sale/used-ram-2500-rebel-minneapolis-mn/2025-ram-2500-rebel-3c63r5el7sg540048/	73850 USD	2025 Bright White Clearcoat Ram 2500 Rebel 6.7L I6 For sale at Fury Motors South St. Paul in South St. Paul Minnesota.	https://vimg.remora.inc/611580/3c63r5el7sg540048-2025-ram-2500-rebel-bright-white-clearcoat-1-114330.avif	in stock	USED	TRUCK	Vehicles & Parts > Vehicles > Motor Vehicles > Cars, Trucks & Vans	3C63R5EL7SG540048	https://furymotors.com/for-sale/used-ram-2500-rebel-minneapolis-mn/2025-ram-2500-rebel-3c63r5el7sg540048/123?store={store_code}	WHITE	27 miles	2500	3C63R5EL7SG540048	2025	73850 USD	62082	73850 USD	MI	no	2500	No	Over 20k
3C6UR5CJ9FG500971	2015 Ram 2500 Tradesman	Ram	https://furymotors.com/for-sale/used-ram-2500-tradesman-minneapolis-mn/2015-ram-2500-tradesman-3c6ur5cj9fg500971/	12350 USD	2015 Bright White Clearcoat Ram 2500 Tradesman 6.4L V8 For sale at Fury Motors South St. Paul in South St. Paul Minnesota.	https://vimg.remora.inc/573671/3c6ur5cj9fg500971-2015-ram-2500-tradesman-bright-white-clearcoat-1-114063.avif	in stock	USED	TRUCK	Vehicles & Parts > Vehicles > Motor Vehicles > Cars, Trucks & Vans	3C6UR5CJ9FG500971	https://furymotors.com/for-sale/used-ram-2500-tradesman-minneapolis-mn/2015-ram-2500-tradesman-3c6ur5cj9fg500971/123?store={store_code}	WHITE	179701 miles	2500	3C6UR5CJ9FG500971	2015	12350 USD	62082	12350 USD	MI	no	2500	No	Under 20k
3C6UR5CJ0RG251075	2024 Ram 2500 Tradesman	Ram	https://furymotors.com/for-sale/used-ram-2500-tradesman-minneapolis-mn/2024-ram-2500-tradesman-3c6ur5cj0rg251075/	36350 USD	2024 Bright White Clearcoat Ram 2500 Tradesman 6.4L V8 For sale at Fury Motors South St. Paul in South St. Paul Minnesota.	https://vimg.remora.inc/596141/3c6ur5cj0rg251075-2024-ram-2500-tradesman-bright-white-clearcoat-1-114066.avif	in stock	USED	TRUCK	Vehicles & Parts > Vehicles > Motor Vehicles > Cars, Trucks & Vans	3C6UR5CJ0RG251075	https://furymotors.com/for-sale/used-ram-2500-tradesman-minneapolis-mn/2024-ram-2500-tradesman-3c6ur5cj0rg251075/123?store={store_code}	WHITE	41026 miles	2500	3C6UR5CJ0RG251075	2024	36350 USD	62082	36350 USD	MI	no	2500	No	Over 20k
3C63R3EL3JG299883	2018 Ram 3500 Laramie	Ram	https://furymotors.com/for-sale/used-ram-3500-laramie-minneapolis-mn/2018-ram-3500-laramie-3c63r3el3jg299883/	47000 USD	2018 Granite Crystal Metallic Clearcoat Ram 3500 Laramie Cummins 6.7L I6 Turbodiesel For sale at Fury Motors South St. Paul in South St. Paul Minnesota.	https://vimg.remora.inc/621940/3c63r3el3jg299883-2018-ram-3500-laramie-granite-crystal-metallic-clearcoat-1-114333.avif	in stock	USED	TRUCK	Vehicles & Parts > Vehicles > Motor Vehicles > Cars, Trucks & Vans	3C63R3EL3JG299883	https://furymotors.com/for-sale/used-ram-3500-laramie-minneapolis-mn/2018-ram-3500-laramie-3c63r3el3jg299883/123?store={store_code}	GRAY	91213 miles	3500	3C63R3EL3JG299883	2018	47000 USD	62082	47000 USD	MI	no	3500	No	Over 20k
3C6MRVJG1TE173254	2026 Ram ProMaster 3500 High Roof	Ram	https://furymotors.com/for-sale/used-ram-promaster-3500-high-roof-minneapolis-mn/2026-ram-promaster-3500-high-roof-3c6mrvjg1te173254/	53588 USD	2026 Bright White Clearcoat Ram ProMaster 3500 High Roof 3.6L V6 24V VVT For sale at Fury Motors South St. Paul in South St. Paul Minnesota.	https://vimg.remora.inc/455674/3c6mrvjg1te173254-2026-ram-promaster-3500-high-roof-bright-white-clearcoat-1-114131.avif	in stock	USED	VAN	Vehicles & Parts > Vehicles > Motor Vehicles > Cars, Trucks & Vans	3C6MRVJG1TE173254	https://furymotors.com/for-sale/used-ram-promaster-3500-high-roof-minneapolis-mn/2026-ram-promaster-3500-high-roof-3c6mrvjg1te173254/123?store={store_code}	WHITE	531 miles	ProMaster 3500	3C6MRVJG1TE173254	2026	53588 USD	62082	53588 USD	MI	no	ProMaster 3500	No	Over 20k
2T3E6RFV7MW008125	2021 Toyota RAV4 Hybrid XSE	Toyota	https://furymotors.com/for-sale/used-toyota-rav4-hybrid-xse-minneapolis-mn/2021-toyota-rav4-hybrid-xse-2t3e6rfv7mw008125/	32350 USD	2021 Midnight Black Metallic Toyota RAV4 XSE 2.5L 4-Cylinder For sale at Fury Motors South St. Paul in South St. Paul Minnesota.	https://vimg.remora.inc/623278/2t3e6rfv7mw008125-2021-toyota-rav4-hybrid-xse-midnight-black-metallic-1-114330.avif	in stock	USED	SUV	Vehicles & Parts > Vehicles > Motor Vehicles > Cars, Trucks & Vans	2T3E6RFV7MW008125	https://furymotors.com/for-sale/used-toyota-rav4-hybrid-xse-minneapolis-mn/2021-toyota-rav4-hybrid-xse-2t3e6rfv7mw008125/123?store={store_code}	BLACK	56750 miles	RAV4	2T3E6RFV7MW008125	2021	32350 USD	62082	32350 USD	MI	no	RAV4	No	Over 20k
1V2HR2CA9MC577170	2021 Volkswagen Atlas 3.6L V6 SE w/Technology	Volkswagen	https://furymotors.com/for-sale/used-volkswagen-atlas-36l-v6-se-wtechnology-minneapolis-mn/2021-volkswagen-atlas-36l-v6-se-wtechnology-1v2hr2ca9mc577170/	21819 USD	2021 Deep Black Pearl Volkswagen Atlas 3.6L V6 SE w/Technology 3.6L VR6 For sale at Fury Motors South St. Paul in South St. Paul Minnesota.	https://vimg.remora.inc/626023/1v2hr2ca9mc577170-2021-volkswagen-atlas-36l-v6-se-wtechnology-deep-black-pearl-1-114307.avif	in stock	USED	SUV	Vehicles & Parts > Vehicles > Motor Vehicles > Cars, Trucks & Vans	1V2HR2CA9MC577170	https://furymotors.com/for-sale/used-volkswagen-atlas-36l-v6-se-wtechnology-minneapolis-mn/2021-volkswagen-atlas-36l-v6-se-wtechnology-1v2hr2ca9mc577170/123?store={store_code}	BLACK	83683 miles	Atlas	1V2HR2CA9MC577170	2021	21819 USD	62082	21819 USD	MI	no	Atlas	No	Over 20k
1V2FE2CA7NC202530	2022 Volkswagen Atlas Cross Sport 3.6L V6 SEL Premium R-Line	Volkswagen	https://furymotors.com/for-sale/used-volkswagen-atlas-cross-sport-36l-v6-sel-premium-r-line-minneapolis-mn/2022-volkswagen-atlas-cross-sport-36l-v6-sel-premium-r-line-1v2fe2ca7nc202530/	22350 USD	2022 Tourmaline Blue Metallic Volkswagen Atlas Cross Sport 3.6L V6 SEL Premium R-Line 3.6L VR6 For sale at Fury Motors South St. Paul in South St. Paul Minnesota.	https://vimg.remora.inc/599555/1v2fe2ca7nc202530-2022-volkswagen-atlas-cross-sport-36l-v6-sel-premium-r-line-blue-1-113919.avif	in stock	USED	SUV	Vehicles & Parts > Vehicles > Motor Vehicles > Cars, Trucks & Vans	1V2FE2CA7NC202530	https://furymotors.com/for-sale/used-volkswagen-atlas-cross-sport-36l-v6-sel-premium-r-line-minneapolis-mn/2022-volkswagen-atlas-cross-sport-36l-v6-sel-premium-r-line-1v2fe2ca7nc202530/123?store={store_code}	BLUE	105471 miles	Atlas Cross Sport	1V2FE2CA7NC202530	2022	22350 USD	62082	22350 USD	MI	no	Atlas Cross Sport	No	Over 20k
3VWDP7AJ8DM451772	2013 Volkswagen Jetta 2.5L SE	Volkswagen	https://furymotors.com/for-sale/used-volkswagen-jetta-25l-se-minneapolis-mn/2013-volkswagen-jetta-25l-se-3vwdp7aj8dm451772/	5600 USD	2013 Moonrock Silver Metallic Volkswagen Jetta 2.5L SE 2.5L 5-Cylinder DOHC For sale at Fury Motors South St. Paul in South St. Paul Minnesota.	https://vimg.remora.inc/610581/3vwdp7aj8dm451772-2013-volkswagen-jetta-25l-se-moonrock-silver-metallic-1-114178.avif	in stock	USED	OTHER	Vehicles & Parts > Vehicles > Motor Vehicles > Cars, Trucks & Vans	3VWDP7AJ8DM451772	https://furymotors.com/for-sale/used-volkswagen-jetta-25l-se-minneapolis-mn/2013-volkswagen-jetta-25l-se-3vwdp7aj8dm451772/123?store={store_code}	SILVER	207618 miles	Jetta	3VWDP7AJ8DM451772	2013	5600 USD	62082	5600 USD	MI	no	Jetta	No	Under 20k
