id	title	brand	link	vehicle MSRP	description	image_link	availability	condition	product_type	google_product_category	MPN	link_template	color	mileage	model	vin	year	price	store code	MSRP	mileage.unit	certified_pre_owned	custom_label_0	custom_label_1	custom_label_2
1FTFW1RG3TFC25822	2026 Ford F-150 Raptor	Ford	https://furymotors.com/for-sale/ford-f150-raptor-minneapolis-mn/2026-ford-f150-raptor-1ftfw1rg3tfc25822/	81482 USD	2026 Hk Ford F-150 Raptor 3.5L V6 EcoBoost High Output For sale at Fury Ford Waconia in Waconia Minnesota.	https://vimg.remora.inc/604230/1ftfw1rg3tfc25822-2026-ford-f150-raptor-hk-1-114015.avif	in stock	NEW	TRUCK	Vehicles & Parts > Vehicles > Motor Vehicles > Cars, Trucks & Vans	1FTFW1RG3TFC25822	https://furymotors.com/for-sale/ford-f150-raptor-minneapolis-mn/2026-ford-f150-raptor-1ftfw1rg3tfc25822/123?store={store_code}	NA	10 miles	F-150	1FTFW1RG3TFC25822	2026	81482 USD	WF1122	81482 USD	MI	no	F-150	No	Over 20k
1FTEW1EP8PKF15956	2023 Ford F-150 XLT Sport w/Trailer Tow Pkg	Ford	https://furymotors.com/for-sale/used-ford-f150-xlt-sport-wtrailer-tow-pkg-minneapolis-mn/2023-ford-f150-xlt-sport-wtrailer-tow-pkg-1ftew1ep8pkf15956/	33500 USD	2023 Avalanche Ford F-150 XLT Sport w/Trailer Tow Pkg 2.7L V6 EcoBoost For sale at Fury Ford Waconia in Waconia Minnesota.	https://vimg.remora.inc/539206/1ftew1ep8pkf15956-2023-ford-f150-xlt-avalanche-1-113153.avif	in stock	USED	TRUCK	Vehicles & Parts > Vehicles > Motor Vehicles > Cars, Trucks & Vans	1FTEW1EP8PKF15956	https://furymotors.com/for-sale/used-ford-f150-xlt-sport-wtrailer-tow-pkg-minneapolis-mn/2023-ford-f150-xlt-sport-wtrailer-tow-pkg-1ftew1ep8pkf15956/123?store={store_code}	NA	36723 miles	F-150	1FTEW1EP8PKF15956	2023	33500 USD	WF1122	33500 USD	MI	no	F-150	No	Over 20k
1FT8W3BT3SED83822	2025 Ford Super Duty F-350 SRW Lariat w/ Preferred Equipt & 5th Wheel Prep	Ford	https://furymotors.com/for-sale/used-ford-super-duty-f350-srw-lariat-w-preferred-equipt-5th-wheel-prep-minneapolis-mn/2025-ford-super-duty-f350-srw-lariat-w-preferred-equipt-5th-wheel-prep-1ft8w3bt3sed83822/	67850 USD	2025 Avalanche Ford Super Duty F-350 SRW Lariat w/ Preferred Equipt & 5th Wheel Prep Power Stroke 6.7L V8 DI 32V OHV Turbodiesel For sale at Fury Ford Waconia in Waconia Minnesota.	https://vimg.remora.inc/544875/1ft8w3bt3sed83822-2025-ford-super-duty-f350-srw-lariat-w-preferred-equipt-5th-wheel-prep-avalanche-1-112974.avif	in stock	USED	TRUCK	Vehicles & Parts > Vehicles > Motor Vehicles > Cars, Trucks & Vans	1FT8W3BT3SED83822	https://furymotors.com/for-sale/used-ford-super-duty-f350-srw-lariat-w-preferred-equipt-5th-wheel-prep-minneapolis-mn/2025-ford-super-duty-f350-srw-lariat-w-preferred-equipt-5th-wheel-prep-1ft8w3bt3sed83822/123?store={store_code}	NA	21702 miles	Super Duty F-350	1FT8W3BT3SED83822	2025	67850 USD	WF1122	67850 USD	MI	no	Super Duty F-350	No	Over 20k
1C4HJXFNXJW185698	2018 Jeep Wrangler Unlimited Rubicon	Jeep	https://furymotors.com/for-sale/used-jeep-wrangler-unlimited-rubicon-minneapolis-mn/2018-jeep-wrangler-unlimited-rubicon-1c4hjxfnxjw185698/	21000 USD	2018 Punkn Metallic Clearcoat Jeep Wrangler Unlimited Rubicon 2.0L I4 DOHC For sale at Fury Ford Waconia in Waconia Minnesota.	https://vimg.remora.inc/592019/1c4hjxfnxjw185698-2018-jeep-wrangler-unlimited-rubicon-punkn-metallic-clearcoat-1-113782.avif	in stock	USED	SUV	Vehicles & Parts > Vehicles > Motor Vehicles > Cars, Trucks & Vans	1C4HJXFNXJW185698	https://furymotors.com/for-sale/used-jeep-wrangler-unlimited-rubicon-minneapolis-mn/2018-jeep-wrangler-unlimited-rubicon-1c4hjxfnxjw185698/123?store={store_code}	NA	125371 miles	Wrangler	1C4HJXFNXJW185698	2018	21000 USD	WF1122	21000 USD	MI	no	Wrangler	No	Over 20k
1FMDE7BH3RLA34701	2024 Ford Bronco Big Bend Gold Certified w/Colour Molded HardTo	Ford	https://furymotors.com/for-sale/certified-ford-bronco-big-bend-gold-certified-wcolour-molded-hardto-minneapolis-mn/2024-ford-bronco-big-bend-gold-certified-wcolour-molded-hardto-1fmde7bh3rla34701/	38000 USD	2024 Gray Ford Bronco Big Bend Gold Certified w/Colour Molded HardTo 2.3L EcoBoost I-4 For sale at Fury Ford Waconia in Waconia Minnesota.	https://vimg.remora.inc/620303/1fmde7bh3rla34701-2024-ford-bronco-big-bend-gold-certified-wcolour-molded-hardto-gray-1-114329.avif	in stock	USED	SUV	Vehicles & Parts > Vehicles > Motor Vehicles > Cars, Trucks & Vans	1FMDE7BH3RLA34701	https://furymotors.com/for-sale/certified-ford-bronco-big-bend-gold-certified-wcolour-molded-hardto-minneapolis-mn/2024-ford-bronco-big-bend-gold-certified-wcolour-molded-hardto-1fmde7bh3rla34701/123?store={store_code}	GRAY	19093 miles	Bronco	1FMDE7BH3RLA34701	2024	38000 USD	WF1122	38000 USD	MI	no	Bronco	No	Over 20k
1FMDE7BH7RLA68706	2024 Ford Bronco Big Bend Gold Certified w/Colour Molded HardTo	Ford	https://furymotors.com/for-sale/certified-ford-bronco-big-bend-gold-certified-wcolour-molded-hardto-minneapolis-mn/2024-ford-bronco-big-bend-gold-certified-wcolour-molded-hardto-1fmde7bh7rla68706/	37850 USD	2024 Velocity Blue Metallic Ford Bronco Big Bend Gold Certified w/Colour Molded HardTo 2.3L EcoBoost I-4 For sale at Fury Ford Waconia in Waconia Minnesota.	https://vimg.remora.inc/620300/1fmde7bh7rla68706-2024-ford-bronco-big-bend-gold-certified-wcolour-molded-hardto-velocity-blue-metallic-1-114329.avif	in stock	USED	SUV	Vehicles & Parts > Vehicles > Motor Vehicles > Cars, Trucks & Vans	1FMDE7BH7RLA68706	https://furymotors.com/for-sale/certified-ford-bronco-big-bend-gold-certified-wcolour-molded-hardto-minneapolis-mn/2024-ford-bronco-big-bend-gold-certified-wcolour-molded-hardto-1fmde7bh7rla68706/123?store={store_code}	BLUE	26969 miles	Bronco	1FMDE7BH7RLA68706	2024	37850 USD	WF1122	37850 USD	MI	no	Bronco	No	Over 20k
1FMEE5DP0PLB27864	2023 Ford Bronco Outer Banks Blue Certified w/High / Lux Pkgs &	Ford	https://furymotors.com/for-sale/certified-ford-bronco-outer-banks-blue-certified-whigh-lux-pkgs-minneapolis-mn/2023-ford-bronco-outer-banks-blue-certified-whigh-lux-pkgs-1fmee5dp0plb27864/	39350 USD	2023 Shadow Black Ford Bronco Outer Banks Blue Certified w/High / Lux Pkgs & 2.7L EcoBoost V6 For sale at Fury Ford Waconia in Waconia Minnesota.	https://vimg.remora.inc/623431/1fmee5dp0plb27864-2023-ford-bronco-outer-banks-blue-certified-whigh-lux-pkgs-shadow-black-1-114307.avif	in stock	USED	SUV	Vehicles & Parts > Vehicles > Motor Vehicles > Cars, Trucks & Vans	1FMEE5DP0PLB27864	https://furymotors.com/for-sale/certified-ford-bronco-outer-banks-blue-certified-whigh-lux-pkgs-minneapolis-mn/2023-ford-bronco-outer-banks-blue-certified-whigh-lux-pkgs-1fmee5dp0plb27864/123?store={store_code}	BLACK	46008 miles	Bronco	1FMEE5DP0PLB27864	2023	39350 USD	WF1122	39350 USD	MI	no	Bronco	No	Over 20k
3FMCR9A67NRD26729	2022 Ford Bronco Sport Base Blue Certified	Ford	https://furymotors.com/for-sale/certified-ford-bronco-sport-base-blue-certified-minneapolis-mn/2022-ford-bronco-sport-base-blue-certified-3fmcr9a67nrd26729/	18000 USD	2022 Iconic Silver Metallic Ford Bronco Sport Base Blue Certified 1.5L EcoBoost For sale at Fury Ford Waconia in Waconia Minnesota.	https://vimg.remora.inc/605125/3fmcr9a67nrd26729-2022-ford-bronco-sport-base-blue-certified-iconic-silver-metallic-1-114307.avif	in stock	USED	SUV	Vehicles & Parts > Vehicles > Motor Vehicles > Cars, Trucks & Vans	3FMCR9A67NRD26729	https://furymotors.com/for-sale/certified-ford-bronco-sport-base-blue-certified-minneapolis-mn/2022-ford-bronco-sport-base-blue-certified-3fmcr9a67nrd26729/123?store={store_code}	SILVER	71813 miles	Bronco Sport	3FMCR9A67NRD26729	2022	18000 USD	WF1122	18000 USD	MI	no	Bronco Sport	No	Under 20k
1FMCU9GNXTUA21891	2026 Ford Escape Active Gold Certified w/Cold Weather Pkg	Ford	https://furymotors.com/for-sale/certified-ford-escape-active-gold-certified-wcold-weather-pkg-minneapolis-mn/2026-ford-escape-active-gold-certified-wcold-weather-pkg-1fmcu9gnxtua21891/	28350 USD	2026 Carbonized Gray Metallic Ford Escape Active Gold Certified w/Cold Weather Pkg 1.5L I-3 For sale at Fury Ford Waconia in Waconia Minnesota.	https://vimg.remora.inc/611850/1fmcu9gnxtua21891-2026-ford-escape-active-gold-certified-wcold-weather-pkg-carbonized-gray-metallic-1-114157.avif	in stock	USED	SUV	Vehicles & Parts > Vehicles > Motor Vehicles > Cars, Trucks & Vans	1FMCU9GNXTUA21891	https://furymotors.com/for-sale/certified-ford-escape-active-gold-certified-wcold-weather-pkg-minneapolis-mn/2026-ford-escape-active-gold-certified-wcold-weather-pkg-1fmcu9gnxtua21891/123?store={store_code}	GRAY	11448 miles	Escape	1FMCU9GNXTUA21891	2026	28350 USD	WF1122	28350 USD	MI	no	Escape	No	Over 20k
1FMCU9JA4SUA73862	2025 Ford Escape Platinum Gold Certified	Ford	https://furymotors.com/for-sale/certified-ford-escape-platinum-gold-certified-minneapolis-mn/2025-ford-escape-platinum-gold-certified-1fmcu9ja4sua73862/	25000 USD	2025 Agate Black Metallic Ford Escape Platinum Gold Certified EcoBoost 2.0L I4 GTDi DOHC Turbocharged VCT For sale at Fury Ford Waconia in Waconia Minnesota.	https://vimg.remora.inc/544876/1fmcu9ja4sua73862-2025-ford-escape-platinum-gold-certified-agate-black-metallic-1-113963.avif	in stock	USED	SUV	Vehicles & Parts > Vehicles > Motor Vehicles > Cars, Trucks & Vans	1FMCU9JA4SUA73862	https://furymotors.com/for-sale/certified-ford-escape-platinum-gold-certified-minneapolis-mn/2025-ford-escape-platinum-gold-certified-1fmcu9ja4sua73862/123?store={store_code}	BLACK	29783 miles	Escape	1FMCU9JA4SUA73862	2025	25000 USD	WF1122	25000 USD	MI	no	Escape	No	Over 20k
1FMJU1MT4LEA86452	2020 Ford Expedition Platinum Blue Certified w/Heavy Duty Tow Pkg	Ford	https://furymotors.com/for-sale/certified-ford-expedition-platinum-blue-certified-wheavy-duty-tow-pkg-minneapolis-mn/2020-ford-expedition-platinum-blue-certified-wheavy-duty-tow-pkg-1fmju1mt4lea86452/	33850 USD	2020 Magnetic Metallic Ford Expedition Platinum Blue Certified w/Heavy Duty Tow Pkg EcoBoost 3.5L V6 GTDi DOHC 24V Twin Turbocharged For sale at Fury Ford Waconia in Waconia Minnesota.	https://vimg.remora.inc/607966/1fmju1mt4lea86452-2020-ford-expedition-platinum-blue-certified-wheavy-duty-tow-pkg-magnetic-metallic-1-114231.avif	in stock	USED	SUV	Vehicles & Parts > Vehicles > Motor Vehicles > Cars, Trucks & Vans	1FMJU1MT4LEA86452	https://furymotors.com/for-sale/certified-ford-expedition-platinum-blue-certified-wheavy-duty-tow-pkg-minneapolis-mn/2020-ford-expedition-platinum-blue-certified-wheavy-duty-tow-pkg-1fmju1mt4lea86452/123?store={store_code}	GRAY	77206 miles	Expedition	1FMJU1MT4LEA86452	2020	33850 USD	WF1122	33850 USD	MI	no	Expedition	No	Over 20k
1FMSK8DH9LGB54702	2020 Ford Explorer XLT Blue Certified w/Tow Pkg	Ford	https://furymotors.com/for-sale/certified-ford-explorer-xlt-blue-certified-wtow-pkg-minneapolis-mn/2020-ford-explorer-xlt-blue-certified-wtow-pkg-1fmsk8dh9lgb54702/	23850 USD	2020 Iconic Silver Metallic Ford Explorer XLT Blue Certified w/Tow Pkg 2.3L EcoBoost I-4 For sale at Fury Ford Waconia in Waconia Minnesota.	https://vimg.remora.inc/599086/1fmsk8dh9lgb54702-2020-ford-explorer-xlt-blue-certified-wtow-pkg-iconic-silver-metallic-1-114233.avif	in stock	USED	SUV	Vehicles & Parts > Vehicles > Motor Vehicles > Cars, Trucks & Vans	1FMSK8DH9LGB54702	https://furymotors.com/for-sale/certified-ford-explorer-xlt-blue-certified-wtow-pkg-minneapolis-mn/2020-ford-explorer-xlt-blue-certified-wtow-pkg-1fmsk8dh9lgb54702/123?store={store_code}	SILVER	61562 miles	Explorer	1FMSK8DH9LGB54702	2020	23850 USD	WF1122	23850 USD	MI	no	Explorer	No	Over 20k
1FMSK8DH0RGA23473	2024 Ford Explorer XLT Gold Certified	Ford	https://furymotors.com/for-sale/certified-ford-explorer-xlt-gold-certified-minneapolis-mn/2024-ford-explorer-xlt-gold-certified-1fmsk8dh0rga23473/	33850 USD	2024 Iconic Silver Metallic Ford Explorer XLT Gold Certified 2.3L EcoBoost I-4 For sale at Fury Ford Waconia in Waconia Minnesota.	https://vimg.remora.inc/613863/1fmsk8dh0rga23473-2024-ford-explorer-xlt-gold-certified-iconic-silver-metallic-1-114310.avif	in stock	USED	SUV	Vehicles & Parts > Vehicles > Motor Vehicles > Cars, Trucks & Vans	1FMSK8DH0RGA23473	https://furymotors.com/for-sale/certified-ford-explorer-xlt-gold-certified-minneapolis-mn/2024-ford-explorer-xlt-gold-certified-1fmsk8dh0rga23473/123?store={store_code}	SILVER	14260 miles	Explorer	1FMSK8DH0RGA23473	2024	33850 USD	WF1122	33850 USD	MI	no	Explorer	No	Over 20k
1FTFW6LD4SFC48150	2025 Ford F-150 King Ranch Gold Certified w/BlueCruise Equipt	Ford	https://furymotors.com/for-sale/certified-ford-f150-king-ranch-gold-certified-wbluecruise-equipt-minneapolis-mn/2025-ford-f150-king-ranch-gold-certified-wbluecruise-equipt-1ftfw6ld4sfc48150/	63350 USD	2025 Agate Black Metallic Ford F-150 King Ranch Gold Certified w/BlueCruise Equipt 3.5L PowerBoost Full-Hybrid V6 For sale at Fury Ford Waconia in Waconia Minnesota.	https://vimg.remora.inc/623430/1ftfw6ld4sfc48150-2025-ford-f150-king-ranch-gold-certified-wbluecruise-equipt-agate-black-metallic-1-114307.avif	in stock	USED	TRUCK	Vehicles & Parts > Vehicles > Motor Vehicles > Cars, Trucks & Vans	1FTFW6LD4SFC48150	https://furymotors.com/for-sale/certified-ford-f150-king-ranch-gold-certified-wbluecruise-equipt-minneapolis-mn/2025-ford-f150-king-ranch-gold-certified-wbluecruise-equipt-1ftfw6ld4sfc48150/123?store={store_code}	BLACK	10663 miles	F-150	1FTFW6LD4SFC48150	2025	63350 USD	WF1122	63350 USD	MI	no	F-150	No	Over 20k
1FTFW5L5XRFB59552	2024 Ford F-150 Lariat Blue Certified	Ford	https://furymotors.com/for-sale/certified-ford-f150-lariat-blue-certified-minneapolis-mn/2024-ford-f150-lariat-blue-certified-1ftfw5l5xrfb59552/	50850 USD	2024 Rapid Red Metallic Tinted Clearcoat Ford F-150 Lariat Blue Certified 5.0L V8 For sale at Fury Ford Waconia in Waconia Minnesota.	https://vimg.remora.inc/601324/1ftfw5l5xrfb59552-2024-ford-f150-lariat-blue-certified-rapid-red-metallic-tinted-clearcoat-1-113964.avif	in stock	USED	TRUCK	Vehicles & Parts > Vehicles > Motor Vehicles > Cars, Trucks & Vans	1FTFW5L5XRFB59552	https://furymotors.com/for-sale/certified-ford-f150-lariat-blue-certified-minneapolis-mn/2024-ford-f150-lariat-blue-certified-1ftfw5l5xrfb59552/123?store={store_code}	RED	45396 miles	F-150	1FTFW5L5XRFB59552	2024	50850 USD	WF1122	50850 USD	MI	no	F-150	No	Over 20k
1FTFW5LD2RFB48570	2024 Ford F-150 Lariat Blue Certified w/Twin Panel MoonRoof	Ford	https://furymotors.com/for-sale/certified-ford-f150-lariat-blue-certified-wtwin-panel-moonroof-minneapolis-mn/2024-ford-f150-lariat-blue-certified-wtwin-panel-moonroof-1ftfw5ld2rfb48570/	46850 USD	2024 Carbonized Gray Metallic Ford F-150 Lariat Blue Certified w/Twin Panel MoonRoof 3.5L PowerBoost Full-Hybrid V6 For sale at Fury Ford Waconia in Waconia Minnesota.	https://vimg.remora.inc/623428/1ftfw5ld2rfb48570-2024-ford-f150-lariat-blue-certified-wtwin-panel-moonroof-carbonized-gray-metallic-1-114307.avif	in stock	USED	TRUCK	Vehicles & Parts > Vehicles > Motor Vehicles > Cars, Trucks & Vans	1FTFW5LD2RFB48570	https://furymotors.com/for-sale/certified-ford-f150-lariat-blue-certified-wtwin-panel-moonroof-minneapolis-mn/2024-ford-f150-lariat-blue-certified-wtwin-panel-moonroof-1ftfw5ld2rfb48570/123?store={store_code}	GRAY	37844 miles	F-150	1FTFW5LD2RFB48570	2024	46850 USD	WF1122	46850 USD	MI	no	F-150	No	Over 20k
1FTFW2L59RFA33049	2024 Ford F-150 STX Gold Certified w/36 Gallon Tank	Ford	https://furymotors.com/for-sale/certified-ford-f150-stx-gold-certified-w36-gallon-tank-minneapolis-mn/2024-ford-f150-stx-gold-certified-w36-gallon-tank-1ftfw2l59rfa33049/	40350 USD	2024 Carbonized Gray Metallic Ford F-150 STX Gold Certified w/36 Gallon Tank 5.0L V8 For sale at Fury Ford Waconia in Waconia Minnesota.	https://vimg.remora.inc/618734/1ftfw2l59rfa33049-2024-ford-f150-stx-gold-certified-w36-gallon-tank-carbonized-gray-metallic-1-114280.avif	in stock	USED	TRUCK	Vehicles & Parts > Vehicles > Motor Vehicles > Cars, Trucks & Vans	1FTFW2L59RFA33049	https://furymotors.com/for-sale/certified-ford-f150-stx-gold-certified-w36-gallon-tank-minneapolis-mn/2024-ford-f150-stx-gold-certified-w36-gallon-tank-1ftfw2l59rfa33049/123?store={store_code}	GRAY	32165 miles	F-150	1FTFW2L59RFA33049	2024	40350 USD	WF1122	40350 USD	MI	no	F-150	No	Over 20k
1FTEW2LP2RKE47407	2024 Ford F-150 STX Gold Certified w/Black Appearance Pkg	Ford	https://furymotors.com/for-sale/certified-ford-f150-stx-gold-certified-wblack-appearance-pkg-minneapolis-mn/2024-ford-f150-stx-gold-certified-wblack-appearance-pkg-1ftew2lp2rke47407/	37850 USD	2024 Agate Black Metallic Ford F-150 STX Gold Certified w/Black Appearance Pkg 2.7L V6 EcoBoost For sale at Fury Ford Waconia in Waconia Minnesota.	https://vimg.remora.inc/593127/1ftew2lp2rke47407-2024-ford-f150-stx-gold-certified-wblack-appearance-pkg-agate-black-metallic-1-114065.avif	in stock	USED	TRUCK	Vehicles & Parts > Vehicles > Motor Vehicles > Cars, Trucks & Vans	1FTEW2LP2RKE47407	https://furymotors.com/for-sale/certified-ford-f150-stx-gold-certified-wblack-appearance-pkg-minneapolis-mn/2024-ford-f150-stx-gold-certified-wblack-appearance-pkg-1ftew2lp2rke47407/123?store={store_code}	BLACK	23962 miles	F-150	1FTEW2LP2RKE47407	2024	37850 USD	WF1122	37850 USD	MI	no	F-150	No	Over 20k
1FTEW2LP9RKE43032	2024 Ford F-150 STX Gold Certified w/Black Appearance Pkg	Ford	https://furymotors.com/for-sale/certified-ford-f150-stx-gold-certified-wblack-appearance-pkg-minneapolis-mn/2024-ford-f150-stx-gold-certified-wblack-appearance-pkg-1ftew2lp9rke43032/	37350 USD	2024 Rapid Red Metallic Tinted Clearcoat Ford F-150 STX Gold Certified w/Black Appearance Pkg 2.7L V6 EcoBoost For sale at Fury Ford Waconia in Waconia Minnesota.	https://vimg.remora.inc/623429/1ftew2lp9rke43032-2024-ford-f150-stx-gold-certified-wblack-appearance-pkg-rapid-red-metallic-tinted-clearcoat-1-114307.avif	in stock	USED	TRUCK	Vehicles & Parts > Vehicles > Motor Vehicles > Cars, Trucks & Vans	1FTEW2LP9RKE43032	https://furymotors.com/for-sale/certified-ford-f150-stx-gold-certified-wblack-appearance-pkg-minneapolis-mn/2024-ford-f150-stx-gold-certified-wblack-appearance-pkg-1ftew2lp9rke43032/123?store={store_code}	RED	31152 miles	F-150	1FTEW2LP9RKE43032	2024	37350 USD	WF1122	37350 USD	MI	no	F-150	No	Over 20k
1FTFW1L57RKE07272	2024 Ford F-150 XL Blue Certified w/36 Gallon Tank	Ford	https://furymotors.com/for-sale/certified-ford-f150-xl-blue-certified-w36-gallon-tank-minneapolis-mn/2024-ford-f150-xl-blue-certified-w36-gallon-tank-1ftfw1l57rke07272/	34850 USD	2024 Oxford White Ford F-150 XL Blue Certified w/36 Gallon Tank 5.0L V8 For sale at Fury Ford Waconia in Waconia Minnesota.	https://vimg.remora.inc/622545/1ftfw1l57rke07272-2024-ford-f150-xl-blue-certified-w36-gallon-tank-oxford-white-1-114307.avif	in stock	USED	TRUCK	Vehicles & Parts > Vehicles > Motor Vehicles > Cars, Trucks & Vans	1FTFW1L57RKE07272	https://furymotors.com/for-sale/certified-ford-f150-xl-blue-certified-w36-gallon-tank-minneapolis-mn/2024-ford-f150-xl-blue-certified-w36-gallon-tank-1ftfw1l57rke07272/123?store={store_code}	WHITE	39491 miles	F-150	1FTFW1L57RKE07272	2024	34850 USD	WF1122	34850 USD	MI	no	F-150	No	Over 20k
1FTFW1E88PKD68583	2023 Ford F-150 XLT Blue Certified	Ford	https://furymotors.com/for-sale/certified-ford-f150-xlt-blue-certified-minneapolis-mn/2023-ford-f150-xlt-blue-certified-1ftfw1e88pkd68583/	34850 USD	2023 Agate Black Metallic Ford F-150 XLT Blue Certified 3.5L V6 EcoBoost For sale at Fury Ford Waconia in Waconia Minnesota.	https://vimg.remora.inc/574893/1ftfw1e88pkd68583-2023-ford-f150-xlt-blue-certified-black-1-113770.avif	in stock	USED	TRUCK	Vehicles & Parts > Vehicles > Motor Vehicles > Cars, Trucks & Vans	1FTFW1E88PKD68583	https://furymotors.com/for-sale/certified-ford-f150-xlt-blue-certified-minneapolis-mn/2023-ford-f150-xlt-blue-certified-1ftfw1e88pkd68583/123?store={store_code}	BLACK	55266 miles	F-150	1FTFW1E88PKD68583	2023	34850 USD	WF1122	34850 USD	MI	no	F-150	No	Over 20k
1FTEW3LPXRKD02492	2024 Ford F-150 XLT Gold Certified w/Black Appearance Pkg	Ford	https://furymotors.com/for-sale/certified-ford-f150-xlt-gold-certified-wblack-appearance-pkg-minneapolis-mn/2024-ford-f150-xlt-gold-certified-wblack-appearance-pkg-1ftew3lpxrkd02492/	39350 USD	2024 Agate Black Metallic Ford F-150 XLT Gold Certified w/Black Appearance Pkg 2.7L V6 EcoBoost For sale at Fury Ford Waconia in Waconia Minnesota.	https://vimg.remora.inc/613866/1ftew3lpxrkd02492-2024-ford-f150-xlt-gold-certified-wblack-appearance-pkg-agate-black-metallic-1-114334.avif	in stock	USED	TRUCK	Vehicles & Parts > Vehicles > Motor Vehicles > Cars, Trucks & Vans	1FTEW3LPXRKD02492	https://furymotors.com/for-sale/certified-ford-f150-xlt-gold-certified-wblack-appearance-pkg-minneapolis-mn/2024-ford-f150-xlt-gold-certified-wblack-appearance-pkg-1ftew3lpxrkd02492/123?store={store_code}	BLACK	30375 miles	F-150	1FTEW3LPXRKD02492	2024	39350 USD	WF1122	39350 USD	MI	no	F-150	No	Over 20k
1FTEW3LP6TFA93798	2026 Ford F-150 XLT Gold Certified w/Black Appearance Pkg	Ford	https://furymotors.com/for-sale/certified-ford-f150-xlt-gold-certified-wblack-appearance-pkg-minneapolis-mn/2026-ford-f150-xlt-gold-certified-wblack-appearance-pkg-1ftew3lp6tfa93798/	51850 USD	2026 Carbonized Gray Metallic Ford F-150 XLT Gold Certified w/Black Appearance Pkg 2.7L V6 EcoBoost For sale at Fury Ford Waconia in Waconia Minnesota.	https://vimg.remora.inc/623433/1ftew3lp6tfa93798-2026-ford-f150-xlt-gold-certified-wblack-appearance-pkg-carbonized-gray-metallic-1-114306.avif	in stock	USED	TRUCK	Vehicles & Parts > Vehicles > Motor Vehicles > Cars, Trucks & Vans	1FTEW3LP6TFA93798	https://furymotors.com/for-sale/certified-ford-f150-xlt-gold-certified-wblack-appearance-pkg-minneapolis-mn/2026-ford-f150-xlt-gold-certified-wblack-appearance-pkg-1ftew3lp6tfa93798/123?store={store_code}	GRAY	497 miles	F-150	1FTEW3LP6TFA93798	2026	51850 USD	WF1122	51850 USD	MI	no	F-150	No	Over 20k
1FTEW3LP8RKD00837	2024 Ford F-150 XLT Gold Certified w/FX4 & Black Apearance Pkg	Ford	https://furymotors.com/for-sale/certified-ford-f150-xlt-gold-certified-wfx4-black-apearance-pkg-minneapolis-mn/2024-ford-f150-xlt-gold-certified-wfx4-black-apearance-pkg-1ftew3lp8rkd00837/	39000 USD	2024 Agate Black Metallic Ford F-150 XLT Gold Certified w/FX4 & Black Apearance Pkg 2.7L V6 EcoBoost For sale at Fury Ford Waconia in Waconia Minnesota.	https://vimg.remora.inc/544868/1ftew3lp8rkd00837-2024-ford-f150-xlt-gold-certified-wfx4-black-apearance-pkg-agate-black-metallic-1-114252.avif	in stock	USED	TRUCK	Vehicles & Parts > Vehicles > Motor Vehicles > Cars, Trucks & Vans	1FTEW3LP8RKD00837	https://furymotors.com/for-sale/certified-ford-f150-xlt-gold-certified-wfx4-black-apearance-pkg-minneapolis-mn/2024-ford-f150-xlt-gold-certified-wfx4-black-apearance-pkg-1ftew3lp8rkd00837/123?store={store_code}	BLACK	23850 miles	F-150	1FTEW3LP8RKD00837	2024	39000 USD	WF1122	39000 USD	MI	no	F-150	No	Over 20k
1FTFW1ED7PFA96825	2023 Ford F-150 XLT XTR Pkg Blue Certified	Ford	https://furymotors.com/for-sale/certified-ford-f150-xlt-xtr-pkg-blue-certified-minneapolis-mn/2023-ford-f150-xlt-xtr-pkg-blue-certified-1ftfw1ed7pfa96825/	34850 USD	2023 Agate Black Metallic Ford F-150 XLT XTR Pkg Blue Certified 3.5L PowerBoost Full-Hybrid V6 For sale at Fury Ford Waconia in Waconia Minnesota.	https://vimg.remora.inc/596471/1ftfw1ed7pfa96825-2023-ford-f150-xlt-xtr-pkg-blue-certified-agate-black-metallic-1-113974.avif	in stock	USED	TRUCK	Vehicles & Parts > Vehicles > Motor Vehicles > Cars, Trucks & Vans	1FTFW1ED7PFA96825	https://furymotors.com/for-sale/certified-ford-f150-xlt-xtr-pkg-blue-certified-minneapolis-mn/2023-ford-f150-xlt-xtr-pkg-blue-certified-1ftfw1ed7pfa96825/123?store={store_code}	BLACK	37708 miles	F-150	1FTFW1ED7PFA96825	2023	34850 USD	WF1122	34850 USD	MI	no	F-150	No	Over 20k
1FT8W2BTXNEC88401	2022 Ford Super Duty F-250 SRW Lariat Blue Certified w/High Capacity Trailer	Ford	https://furymotors.com/for-sale/certified-ford-super-duty-f250-srw-lariat-blue-certified-whigh-capacity-trailer-minneapolis-mn/2022-ford-super-duty-f250-srw-lariat-blue-certified-whigh-capacity-trailer-1ft8w2btxnec88401/	59950 USD	2022 Agate Black Metallic Ford Super Duty F-250 SRW Lariat Blue Certified w/High Capacity Trailer Power Stroke 6.7L V8 DI 32V OHV Turbodiesel For sale at Fury Ford Waconia in Waconia Minnesota.	https://vimg.remora.inc/591680/1ft8w2btxnec88401-2022-ford-super-duty-f250-srw-lariat-blue-certified-whigh-capacity-trailer-black-metallic-1-114064.avif	in stock	USED	TRUCK	Vehicles & Parts > Vehicles > Motor Vehicles > Cars, Trucks & Vans	1FT8W2BTXNEC88401	https://furymotors.com/for-sale/certified-ford-super-duty-f250-srw-lariat-blue-certified-whigh-capacity-trailer-minneapolis-mn/2022-ford-super-duty-f250-srw-lariat-blue-certified-whigh-capacity-trailer-1ft8w2btxnec88401/123?store={store_code}	BLACK	43043 miles	Super Duty F-250	1FT8W2BTXNEC88401	2022	59950 USD	WF1122	59950 USD	MI	no	Super Duty F-250	No	Over 20k
1FT7W2BT3NEC03393	2022 Ford Super Duty F-250 SRW Platinum Blue Certified w/5th Wheel & Snow Plo	Ford	https://furymotors.com/for-sale/certified-ford-super-duty-f250-srw-platinum-blue-certified-w5th-wheel-snow-plo-minneapolis-mn/2022-ford-super-duty-f250-srw-platinum-blue-certified-w5th-wheel-snow-plo-1ft7w2bt3nec03393/	64350 USD	2022 Agate Black Metallic Ford Super Duty F-250 SRW Platinum Blue Certified w/5th Wheel & Snow Plo Power Stroke 6.7L V8 DI 32V OHV Turbodiesel For sale at Fury Ford Waconia in Waconia Minnesota.	https://vimg.remora.inc/596472/1ft7w2bt3nec03393-2022-ford-super-duty-f250-srw-platinum-blue-certified-w5th-wheel-snow-plo-agate-black-metallic-1-114334.avif	in stock	USED	TRUCK	Vehicles & Parts > Vehicles > Motor Vehicles > Cars, Trucks & Vans	1FT7W2BT3NEC03393	https://furymotors.com/for-sale/certified-ford-super-duty-f250-srw-platinum-blue-certified-w5th-wheel-snow-plo-minneapolis-mn/2022-ford-super-duty-f250-srw-platinum-blue-certified-w5th-wheel-snow-plo-1ft7w2bt3nec03393/123?store={store_code}	BLACK	40829 miles	Super Duty F-250	1FT7W2BT3NEC03393	2022	64350 USD	WF1122	64350 USD	MI	no	Super Duty F-250	No	Over 20k
1FMDE7BH6TLB68545	2026 Ford Bronco Big Bend	Ford	https://furymotors.com/for-sale/ford-bronco-big-bend-minneapolis-mn/2026-ford-bronco-big-bend-1fmde7bh6tlb68545/	44712 USD	2026 Avalanche Gray Ford Bronco Big Bend 2.3L EcoBoost I-4 For sale at Fury Ford Waconia in Waconia Minnesota.	https://vimg.remora.inc/602703/1fmde7bh6tlb68545-2026-ford-bronco-big-bend-avalanche-gray-1-113965.avif	in stock	NEW	SUV	Vehicles & Parts > Vehicles > Motor Vehicles > Cars, Trucks & Vans	1FMDE7BH6TLB68545	https://furymotors.com/for-sale/ford-bronco-big-bend-minneapolis-mn/2026-ford-bronco-big-bend-1fmde7bh6tlb68545/123?store={store_code}	GRAY	10 miles	Bronco	1FMDE7BH6TLB68545	2026	44712 USD	WF1122	44712 USD	MI	no	Bronco	No	Over 20k
1FMDE8BH9TLB60574	2026 Ford Bronco Outer Banks	Ford	https://furymotors.com/for-sale/ford-bronco-outer-banks-minneapolis-mn/2026-ford-bronco-outer-banks-1fmde8bh9tlb60574/	50674 USD	2026 Ruby Red Metallic Tinted Clearcoat Ford Bronco Outer Banks 2.3L EcoBoost I-4 For sale at Fury Ford Waconia in Waconia Minnesota.	https://vimg.remora.inc/594441/1fmde8bh9tlb60574-2026-ford-bronco-outer-banks-ruby-red-metallic-tinted-clearcoat-1-114153.avif	in stock	NEW	SUV	Vehicles & Parts > Vehicles > Motor Vehicles > Cars, Trucks & Vans	1FMDE8BH9TLB60574	https://furymotors.com/for-sale/ford-bronco-outer-banks-minneapolis-mn/2026-ford-bronco-outer-banks-1fmde8bh9tlb60574/123?store={store_code}	RED	10 miles	Bronco	1FMDE8BH9TLB60574	2026	50674 USD	WF1122	50674 USD	MI	no	Bronco	No	Over 20k
3FMCR9DA0TRF36487	2026 Ford Bronco Sport Badlands	Ford	https://furymotors.com/for-sale/ford-bronco-sport-badlands-minneapolis-mn/2026-ford-bronco-sport-badlands-3fmcr9da0trf36487/	33675 USD	2026 Oxford White Ford Bronco Sport Badlands EcoBoost 2.0L I4 GTDi DOHC Turbocharged VCT For sale at Fury Ford Waconia in Waconia Minnesota.	https://vimg.remora.inc/594442/3fmcr9da0trf36487-2026-ford-bronco-sport-badlands-oxford-white-1-114034.avif	in stock	NEW	SUV	Vehicles & Parts > Vehicles > Motor Vehicles > Cars, Trucks & Vans	3FMCR9DA0TRF36487	https://furymotors.com/for-sale/ford-bronco-sport-badlands-minneapolis-mn/2026-ford-bronco-sport-badlands-3fmcr9da0trf36487/123?store={store_code}	WHITE	10 miles	Bronco Sport	3FMCR9DA0TRF36487	2026	33675 USD	WF1122	33675 USD	MI	no	Bronco Sport	No	Over 20k
3FMCR9DA8TRE68407	2026 Ford Bronco Sport Badlands	Ford	https://furymotors.com/for-sale/ford-bronco-sport-badlands-minneapolis-mn/2026-ford-bronco-sport-badlands-3fmcr9da8tre68407/	34628 USD	2026 Space White Metallic Ford Bronco Sport Badlands EcoBoost 2.0L I4 GTDi DOHC Turbocharged VCT For sale at Fury Ford Waconia in Waconia Minnesota.	https://vimg.remora.inc/434289/3fmcr9da8tre68407-2026-ford-bronco-sport-badlands-space-white-metallic-1-112747.avif	in stock	NEW	SUV	Vehicles & Parts > Vehicles > Motor Vehicles > Cars, Trucks & Vans	3FMCR9DA8TRE68407	https://furymotors.com/for-sale/ford-bronco-sport-badlands-minneapolis-mn/2026-ford-bronco-sport-badlands-3fmcr9da8tre68407/123?store={store_code}	WHITE	10 miles	Bronco Sport	3FMCR9DA8TRE68407	2026	34628 USD	WF1122	34628 USD	MI	no	Bronco Sport	No	Over 20k
3FMCR9BN0TRF31702	2026 Ford Bronco Sport Big Bend	Ford	https://furymotors.com/for-sale/ford-bronco-sport-big-bend-minneapolis-mn/2026-ford-bronco-sport-big-bend-3fmcr9bn0trf31702/	30024 USD	2026 Azure Gray Metallic Tri-Coat Ford Bronco Sport Big Bend 1.5L EcoBoost For sale at Fury Ford Waconia in Waconia Minnesota.	https://vimg.remora.inc/614294/3fmcr9bn0trf31702-2026-ford-bronco-sport-big-bend-azure-gray-metallic-tri-coat-1-114134.avif	in stock	NEW	SUV	Vehicles & Parts > Vehicles > Motor Vehicles > Cars, Trucks & Vans	3FMCR9BN0TRF31702	https://furymotors.com/for-sale/ford-bronco-sport-big-bend-minneapolis-mn/2026-ford-bronco-sport-big-bend-3fmcr9bn0trf31702/123?store={store_code}	GRAY	10 miles	Bronco Sport	3FMCR9BN0TRF31702	2026	30024 USD	WF1122	30024 USD	MI	no	Bronco Sport	No	Over 20k
3FMCR9BN7TRE54794	2026 Ford Bronco Sport Big Bend	Ford	https://furymotors.com/for-sale/ford-bronco-sport-big-bend-minneapolis-mn/2026-ford-bronco-sport-big-bend-3fmcr9bn7tre54794/	29418 USD	2026 Shadow Black Ford Bronco Sport Big Bend 1.5L EcoBoost For sale at Fury Ford Waconia in Waconia Minnesota.	https://vimg.remora.inc/373933/3fmcr9bn7tre54794-2026-ford-bronco-sport-big-bend-shadow-black-1-112747.avif	in stock	NEW	SUV	Vehicles & Parts > Vehicles > Motor Vehicles > Cars, Trucks & Vans	3FMCR9BN7TRE54794	https://furymotors.com/for-sale/ford-bronco-sport-big-bend-minneapolis-mn/2026-ford-bronco-sport-big-bend-3fmcr9bn7tre54794/123?store={store_code}	BLACK	15 miles	Bronco Sport	3FMCR9BN7TRE54794	2026	29418 USD	WF1122	29418 USD	MI	no	Bronco Sport	No	Over 20k
3FMCR9BN7TRE59509	2026 Ford Bronco Sport Big Bend	Ford	https://furymotors.com/for-sale/ford-bronco-sport-big-bend-minneapolis-mn/2026-ford-bronco-sport-big-bend-3fmcr9bn7tre59509/	28746 USD	2026 Oxford White Ford Bronco Sport Big Bend 1.5L EcoBoost For sale at Fury Ford Waconia in Waconia Minnesota.	https://vimg.remora.inc/376190/3fmcr9bn7tre59509-2026-ford-bronco-sport-big-bend-oxford-white-1-112747.avif	in stock	NEW	SUV	Vehicles & Parts > Vehicles > Motor Vehicles > Cars, Trucks & Vans	3FMCR9BN7TRE59509	https://furymotors.com/for-sale/ford-bronco-sport-big-bend-minneapolis-mn/2026-ford-bronco-sport-big-bend-3fmcr9bn7tre59509/123?store={store_code}	WHITE	15 miles	Bronco Sport	3FMCR9BN7TRE59509	2026	28746 USD	WF1122	28746 USD	MI	no	Bronco Sport	No	Over 20k
3FMCR9BN7TRF37285	2026 Ford Bronco Sport Big Bend	Ford	https://furymotors.com/for-sale/ford-bronco-sport-big-bend-minneapolis-mn/2026-ford-bronco-sport-big-bend-3fmcr9bn7trf37285/	31380 USD	2026 Ruby Red Metallic Tinted Clearcoat Ford Bronco Sport Big Bend 1.5L EcoBoost For sale at Fury Ford Waconia in Waconia Minnesota.	https://vimg.remora.inc/614292/3fmcr9bn7trf37285-2026-ford-bronco-sport-big-bend-ruby-red-metallic-tinted-clearcoat-1-114134.avif	in stock	NEW	SUV	Vehicles & Parts > Vehicles > Motor Vehicles > Cars, Trucks & Vans	3FMCR9BN7TRF37285	https://furymotors.com/for-sale/ford-bronco-sport-big-bend-minneapolis-mn/2026-ford-bronco-sport-big-bend-3fmcr9bn7trf37285/123?store={store_code}	RED	10 miles	Bronco Sport	3FMCR9BN7TRF37285	2026	31380 USD	WF1122	31380 USD	MI	no	Bronco Sport	No	Over 20k
3FMCR9CN1TRF41332	2026 Ford Bronco Sport Outer Banks	Ford	https://furymotors.com/for-sale/ford-bronco-sport-outer-banks-minneapolis-mn/2026-ford-bronco-sport-outer-banks-3fmcr9cn1trf41332/	33205 USD	2026 Azure Gray Metallic Tri-Coat Ford Bronco Sport Outer Banks 1.5L EcoBoost For sale at Fury Ford Waconia in Waconia Minnesota.	https://vimg.remora.inc/624910/3fmcr9cn1trf41332-2026-ford-bronco-sport-outer-banks-azure-gray-metallic-tri-coat-1-114322.avif	in stock	NEW	SUV	Vehicles & Parts > Vehicles > Motor Vehicles > Cars, Trucks & Vans	3FMCR9CN1TRF41332	https://furymotors.com/for-sale/ford-bronco-sport-outer-banks-minneapolis-mn/2026-ford-bronco-sport-outer-banks-3fmcr9cn1trf41332/123?store={store_code}	GRAY	10 miles	Bronco Sport	3FMCR9CN1TRF41332	2026	33205 USD	WF1122	33205 USD	MI	no	Bronco Sport	No	Over 20k
3FMCR9CN8TRF41635	2026 Ford Bronco Sport Outer Banks	Ford	https://furymotors.com/for-sale/ford-bronco-sport-outer-banks-minneapolis-mn/2026-ford-bronco-sport-outer-banks-3fmcr9cn8trf41635/	32734 USD	2026 Ruby Red Metallic Tinted Clearcoat Ford Bronco Sport Outer Banks 1.5L EcoBoost For sale at Fury Ford Waconia in Waconia Minnesota.	https://vimg.remora.inc/624909/3fmcr9cn8trf41635-2026-ford-bronco-sport-outer-banks-ruby-red-metallic-tinted-clearcoat-1-114322.avif	in stock	NEW	SUV	Vehicles & Parts > Vehicles > Motor Vehicles > Cars, Trucks & Vans	3FMCR9CN8TRF41635	https://furymotors.com/for-sale/ford-bronco-sport-outer-banks-minneapolis-mn/2026-ford-bronco-sport-outer-banks-3fmcr9cn8trf41635/123?store={store_code}	RED	10 miles	Bronco Sport	3FMCR9CN8TRF41635	2026	32734 USD	WF1122	32734 USD	MI	no	Bronco Sport	No	Over 20k
1FMEE0BP2TLA40788	2026 Ford Bronco Stroppe Edition	Ford	https://furymotors.com/for-sale/ford-bronco-stroppe-edition-minneapolis-mn/2026-ford-bronco-stroppe-edition-1fmee0bp2tla40788/	66429 USD	2026 Oxford White Ford Bronco Stroppe Edition 2.7L EcoBoost V6 For sale at Fury Ford Waconia in Waconia Minnesota.	https://vimg.remora.inc/599462/1fmee0bp2tla40788-2026-ford-bronco-stroppe-edition-oxford-white-1-114106.avif	in stock	NEW	SUV	Vehicles & Parts > Vehicles > Motor Vehicles > Cars, Trucks & Vans	1FMEE0BP2TLA40788	https://furymotors.com/for-sale/ford-bronco-stroppe-edition-minneapolis-mn/2026-ford-bronco-stroppe-edition-1fmee0bp2tla40788/123?store={store_code}	WHITE	10 miles	Bronco	1FMEE0BP2TLA40788	2026	66429 USD	WF1122	66429 USD	MI	no	Bronco	No	Over 20k
1FMCU0GNXSUB52233	2025 Ford Escape Active	Ford	https://furymotors.com/for-sale/ford-escape-active-minneapolis-mn/2025-ford-escape-active-1fmcu0gnxsub52233/	25000 USD	2025 Oxford White Ford Escape Active 1.5L EcoBoost For sale at Fury Ford Waconia in Waconia Minnesota.	https://vimg.remora.inc/48817/1fmcu0gnxsub52233-2025-ford-escape-active-oxford-white-1-113400.avif	in stock	NEW	SUV	Vehicles & Parts > Vehicles > Motor Vehicles > Cars, Trucks & Vans	1FMCU0GNXSUB52233	https://furymotors.com/for-sale/ford-escape-active-minneapolis-mn/2025-ford-escape-active-1fmcu0gnxsub52233/123?store={store_code}	WHITE	11612 miles	Escape	1FMCU0GNXSUB52233	2025	25000 USD	WF1122	25000 USD	MI	no	Escape	No	Over 20k
1FMJK1J86TEA44645	2026 Ford Expedition Max Active	Ford	https://furymotors.com/for-sale/ford-expedition-max-active-minneapolis-mn/2026-ford-expedition-max-active-1fmjk1j86tea44645/	72181 USD	2026 Star White Metallic Tri-Coat Ford Expedition Max Active EcoBoost 3.5L V6 GTDi DOHC 24V Twin Turbocharged For sale at Fury Ford Waconia in Waconia Minnesota.	https://vimg.remora.inc/429186/1fmjk1j86tea44645-2026-ford-expedition-max-active-star-white-metallic-tri-coat-1-112958.avif	in stock	NEW	SUV	Vehicles & Parts > Vehicles > Motor Vehicles > Cars, Trucks & Vans	1FMJK1J86TEA44645	https://furymotors.com/for-sale/ford-expedition-max-active-minneapolis-mn/2026-ford-expedition-max-active-1fmjk1j86tea44645/123?store={store_code}	WHITE	15 miles	Expedition Max	1FMJK1J86TEA44645	2026	72181 USD	WF1122	72181 USD	MI	no	Expedition Max	No	Over 20k
1FMJK1M89VEA01285	2027 Ford Expedition Max Platinum	Ford	https://furymotors.com/for-sale/ford-expedition-max-platinum-minneapolis-mn/2027-ford-expedition-max-platinum-1fmjk1m89vea01285/	86007 USD	2027 Star White Metallic Tri-Coat Ford Expedition Max Platinum EcoBoost 3.5L V6 GTDi DOHC 24V Twin Turbocharged For sale at Fury Ford Waconia in Waconia Minnesota.	https://vimg.remora.inc/548328/1fmjk1m89vea01285-2027-ford-expedition-max-platinum-star-white-metallic-tri-coat-1-113218.avif	in stock	NEW	SUV	Vehicles & Parts > Vehicles > Motor Vehicles > Cars, Trucks & Vans	1FMJK1M89VEA01285	https://furymotors.com/for-sale/ford-expedition-max-platinum-minneapolis-mn/2027-ford-expedition-max-platinum-1fmjk1m89vea01285/123?store={store_code}	WHITE	10 miles	Expedition Max	1FMJK1M89VEA01285	2027	86007 USD	WF1122	86007 USD	MI	no	Expedition Max	No	Over 20k
1FMJK1M8XVEA12666	2027 Ford Expedition Max Platinum	Ford	https://furymotors.com/for-sale/ford-expedition-max-platinum-minneapolis-mn/2027-ford-expedition-max-platinum-1fmjk1m8xvea12666/	82792 USD	2027 Star White Metallic Tri-Coat Ford Expedition Max Platinum EcoBoost 3.5L V6 GTDi DOHC 24V Twin Turbocharged For sale at Fury Ford Waconia in Waconia Minnesota.	https://vimg.remora.inc/611849/1fmjk1m8xvea12666-2027-ford-expedition-max-platinum-star-white-metallic-tri-coat-1-114085.avif	in stock	NEW	SUV	Vehicles & Parts > Vehicles > Motor Vehicles > Cars, Trucks & Vans	1FMJK1M8XVEA12666	https://furymotors.com/for-sale/ford-expedition-max-platinum-minneapolis-mn/2027-ford-expedition-max-platinum-1fmjk1m8xvea12666/123?store={store_code}	WHITE	10 miles	Expedition Max	1FMJK1M8XVEA12666	2027	82792 USD	WF1122	82792 USD	MI	no	Expedition Max	No	Over 20k
1FMJK1MG6VEA27589	2027 Ford Expedition Max Platinum	Ford	https://furymotors.com/for-sale/ford-expedition-max-platinum-minneapolis-mn/2027-ford-expedition-max-platinum-1fmjk1mg6vea27589/	92764 USD	2027 Agate Black Metallic Ford Expedition Max Platinum 3.5L V6 EcoBoost High Output For sale at Fury Ford Waconia in Waconia Minnesota.	https://vimg.remora.inc/594440/1fmjk1mg6vea27589-2027-ford-expedition-max-platinum-agate-black-metallic-1-113822.avif	in stock	NEW	SUV	Vehicles & Parts > Vehicles > Motor Vehicles > Cars, Trucks & Vans	1FMJK1MG6VEA27589	https://furymotors.com/for-sale/ford-expedition-max-platinum-minneapolis-mn/2027-ford-expedition-max-platinum-1fmjk1mg6vea27589/123?store={store_code}	BLACK	10 miles	Expedition Max	1FMJK1MG6VEA27589	2027	92764 USD	WF1122	92764 USD	MI	no	Expedition Max	No	Over 20k
1FMUK8DH7TGA12812	2026 Ford Explorer Active	Ford	https://furymotors.com/for-sale/ford-explorer-active-minneapolis-mn/2026-ford-explorer-active-1fmuk8dh7tga12812/	35850 USD	2026 Carbonized Gray Metallic Ford Explorer Active 2.3L EcoBoost I-4 For sale at Fury Ford Waconia in Waconia Minnesota.	https://vimg.remora.inc/185065/1fmuk8dh7tga12812-2026-ford-explorer-active-carbonized-gray-metallic-1-113974.avif	in stock	NEW	SUV	Vehicles & Parts > Vehicles > Motor Vehicles > Cars, Trucks & Vans	1FMUK8DH7TGA12812	https://furymotors.com/for-sale/ford-explorer-active-minneapolis-mn/2026-ford-explorer-active-1fmuk8dh7tga12812/123?store={store_code}	GRAY	3475 miles	Explorer	1FMUK8DH7TGA12812	2026	35850 USD	WF1122	35850 USD	MI	no	Explorer	No	Over 20k
1FMUK8DH8TGB02731	2026 Ford Explorer Active	Ford	https://furymotors.com/for-sale/ford-explorer-active-minneapolis-mn/2026-ford-explorer-active-1fmuk8dh8tgb02731/	39850 USD	2026 Space White Metallic Ford Explorer Active 2.3L EcoBoost I-4 For sale at Fury Ford Waconia in Waconia Minnesota.	https://vimg.remora.inc/339695/1fmuk8dh8tgb02731-2026-ford-explorer-active-space-white-metallic-1-113824.avif	in stock	NEW	SUV	Vehicles & Parts > Vehicles > Motor Vehicles > Cars, Trucks & Vans	1FMUK8DH8TGB02731	https://furymotors.com/for-sale/ford-explorer-active-minneapolis-mn/2026-ford-explorer-active-1fmuk8dh8tgb02731/123?store={store_code}	WHITE	1180 miles	Explorer	1FMUK8DH8TGB02731	2026	39850 USD	WF1122	39850 USD	MI	no	Explorer	No	Over 20k
1FMUK8DH3VGA11207	2027 Ford Explorer Active	Ford	https://furymotors.com/for-sale/ford-explorer-active-minneapolis-mn/2027-ford-explorer-active-1fmuk8dh3vga11207/	44189 USD	2027 Agate Black Metallic Ford Explorer Active 2.3L EcoBoost I-4 For sale at Fury Ford Waconia in Waconia Minnesota.	https://vimg.remora.inc/557561/1fmuk8dh3vga11207-2027-ford-explorer-active-agate-black-metallic-1-113486.avif	in stock	NEW	SUV	Vehicles & Parts > Vehicles > Motor Vehicles > Cars, Trucks & Vans	1FMUK8DH3VGA11207	https://furymotors.com/for-sale/ford-explorer-active-minneapolis-mn/2027-ford-explorer-active-1fmuk8dh3vga11207/123?store={store_code}	BLACK	10 miles	Explorer	1FMUK8DH3VGA11207	2027	44189 USD	WF1122	44189 USD	MI	no	Explorer	No	Over 20k
1FMUK8DH5VGA08342	2027 Ford Explorer Active	Ford	https://furymotors.com/for-sale/ford-explorer-active-minneapolis-mn/2027-ford-explorer-active-1fmuk8dh5vga08342/	44633 USD	2027 Ruby Red Metallic Tinted Clearcoat Ford Explorer Active 2.3L EcoBoost I-4 For sale at Fury Ford Waconia in Waconia Minnesota.	https://vimg.remora.inc/557563/1fmuk8dh5vga08342-2027-ford-explorer-active-ruby-red-metallic-tinted-clearcoat-1-113842.avif	in stock	NEW	SUV	Vehicles & Parts > Vehicles > Motor Vehicles > Cars, Trucks & Vans	1FMUK8DH5VGA08342	https://furymotors.com/for-sale/ford-explorer-active-minneapolis-mn/2027-ford-explorer-active-1fmuk8dh5vga08342/123?store={store_code}	RED	12 miles	Explorer	1FMUK8DH5VGA08342	2027	44633 USD	WF1122	44633 USD	MI	no	Explorer	No	Over 20k
1FMUK8KH8TGA92060	2026 Ford Explorer ST-Line	Ford	https://furymotors.com/for-sale/ford-explorer-st-line-minneapolis-mn/2026-ford-explorer-st-line-1fmuk8kh8tga92060/	45712 USD	2026 Space White Metallic Ford Explorer ST-Line 2.3L EcoBoost I-4 For sale at Fury Ford Waconia in Waconia Minnesota.	https://vimg.remora.inc/309426/1fmuk8kh8tga92060-2026-ford-explorer-st-line-space-white-metallic-1-114094.avif	in stock	NEW	SUV	Vehicles & Parts > Vehicles > Motor Vehicles > Cars, Trucks & Vans	1FMUK8KH8TGA92060	https://furymotors.com/for-sale/ford-explorer-st-line-minneapolis-mn/2026-ford-explorer-st-line-1fmuk8kh8tga92060/123?store={store_code}	WHITE	1134 miles	Explorer	1FMUK8KH8TGA92060	2026	45712 USD	WF1122	45712 USD	MI	no	Explorer	No	Over 20k
1FMUK8KH0VGA17677	2027 Ford Explorer ST-Line	Ford	https://furymotors.com/for-sale/ford-explorer-st-line-minneapolis-mn/2027-ford-explorer-st-line-1fmuk8kh0vga17677/	49426 USD	2027 Avalanche Gray Ford Explorer ST-Line 2.3L EcoBoost I-4 For sale at Fury Ford Waconia in Waconia Minnesota.	https://vimg.remora.inc/557562/1fmuk8kh0vga17677-2027-ford-explorer-st-line-avalanche-gray-1-113842.avif	in stock	NEW	SUV	Vehicles & Parts > Vehicles > Motor Vehicles > Cars, Trucks & Vans	1FMUK8KH0VGA17677	https://furymotors.com/for-sale/ford-explorer-st-line-minneapolis-mn/2027-ford-explorer-st-line-1fmuk8kh0vga17677/123?store={store_code}	GRAY	12 miles	Explorer	1FMUK8KH0VGA17677	2027	49426 USD	WF1122	49426 USD	MI	no	Explorer	No	Over 20k
1FMUK8KH4VGA39102	2027 Ford Explorer ST-Line	Ford	https://furymotors.com/for-sale/ford-explorer-st-line-minneapolis-mn/2027-ford-explorer-st-line-1fmuk8kh4vga39102/	50526 USD	2027 Star White Metallic Tri-Coat Ford Explorer ST-Line 2.3L EcoBoost I-4 For sale at Fury Ford Waconia in Waconia Minnesota.	https://vimg.remora.inc/604229/1fmuk8kh4vga39102-2027-ford-explorer-st-line-star-white-metallic-tri-coat-1-114015.avif	in stock	NEW	SUV	Vehicles & Parts > Vehicles > Motor Vehicles > Cars, Trucks & Vans	1FMUK8KH4VGA39102	https://furymotors.com/for-sale/ford-explorer-st-line-minneapolis-mn/2027-ford-explorer-st-line-1fmuk8kh4vga39102/123?store={store_code}	WHITE	10 miles	Explorer	1FMUK8KH4VGA39102	2027	50526 USD	WF1122	50526 USD	MI	no	Explorer	No	Over 20k
1FMUK8KH6VGA30398	2027 Ford Explorer ST-Line	Ford	https://furymotors.com/for-sale/ford-explorer-st-line-minneapolis-mn/2027-ford-explorer-st-line-1fmuk8kh6vga30398/	46500 USD	2027 Agate Black Metallic Ford Explorer ST-Line 2.3L EcoBoost I-4 For sale at Fury Ford Waconia in Waconia Minnesota.	https://vimg.remora.inc/592841/1fmuk8kh6vga30398-2027-ford-explorer-st-line-agate-black-metallic-1-113842.avif	in stock	NEW	SUV	Vehicles & Parts > Vehicles > Motor Vehicles > Cars, Trucks & Vans	1FMUK8KH6VGA30398	https://furymotors.com/for-sale/ford-explorer-st-line-minneapolis-mn/2027-ford-explorer-st-line-1fmuk8kh6vga30398/123?store={store_code}	BLACK	10 miles	Explorer	1FMUK8KH6VGA30398	2027	46500 USD	WF1122	46500 USD	MI	no	Explorer	No	Over 20k
1FMWK8GC9VGA13522	2027 Ford Explorer ST	Ford	https://furymotors.com/for-sale/ford-explorer-st-minneapolis-mn/2027-ford-explorer-st-1fmwk8gc9vga13522/	56319 USD	2027 Agate Black Metallic Ford Explorer ST 3.0L EcoBoost V6 For sale at Fury Ford Waconia in Waconia Minnesota.	https://vimg.remora.inc/548850/1fmwk8gc9vga13522-2027-ford-explorer-st-agate-black-metallic-1-113486.avif	in stock	NEW	SUV	Vehicles & Parts > Vehicles > Motor Vehicles > Cars, Trucks & Vans	1FMWK8GC9VGA13522	https://furymotors.com/for-sale/ford-explorer-st-minneapolis-mn/2027-ford-explorer-st-1fmwk8gc9vga13522/123?store={store_code}	BLACK	10 miles	Explorer	1FMWK8GC9VGA13522	2027	56319 USD	WF1122	56319 USD	MI	no	Explorer	No	Over 20k
1FTFW5L80TFC53053	2026 Ford F-150 Lariat	Ford	https://furymotors.com/for-sale/ford-f150-lariat-minneapolis-mn/2026-ford-f150-lariat-1ftfw5l80tfc53053/	67306 USD	2026 Carbonized Gray Metallic Ford F-150 Lariat 3.5L V6 EcoBoost For sale at Fury Ford Waconia in Waconia Minnesota.	https://vimg.remora.inc/623249/1ftfw5l80tfc53053-2026-ford-f150-lariat-carbonized-gray-metallic-1-114303.avif	in stock	NEW	TRUCK	Vehicles & Parts > Vehicles > Motor Vehicles > Cars, Trucks & Vans	1FTFW5L80TFC53053	https://furymotors.com/for-sale/ford-f150-lariat-minneapolis-mn/2026-ford-f150-lariat-1ftfw5l80tfc53053/123?store={store_code}	GRAY	10 miles	F-150	1FTFW5L80TFC53053	2026	67306 USD	WF1122	67306 USD	MI	no	F-150	No	Over 20k
1FTFW5L83TFC08561	2026 Ford F-150 Lariat	Ford	https://furymotors.com/for-sale/ford-f150-lariat-minneapolis-mn/2026-ford-f150-lariat-1ftfw5l83tfc08561/	64241 USD	2026 Star White Metallic Tri-Coat Ford F-150 Lariat 3.5L V6 EcoBoost For sale at Fury Ford Waconia in Waconia Minnesota.	https://vimg.remora.inc/544668/1ftfw5l83tfc08561-2026-ford-f150-lariat-star-white-metallic-tri-coat-1-114089.avif	in stock	NEW	TRUCK	Vehicles & Parts > Vehicles > Motor Vehicles > Cars, Trucks & Vans	1FTFW5L83TFC08561	https://furymotors.com/for-sale/ford-f150-lariat-minneapolis-mn/2026-ford-f150-lariat-1ftfw5l83tfc08561/123?store={store_code}	WHITE	11 miles	F-150	1FTFW5L83TFC08561	2026	64241 USD	WF1122	64241 USD	MI	no	F-150	No	Over 20k
1FTFW5L83TFC25716	2026 Ford F-150 Lariat	Ford	https://furymotors.com/for-sale/ford-f150-lariat-minneapolis-mn/2026-ford-f150-lariat-1ftfw5l83tfc25716/	65094 USD	2026 Star White Metallic Tri-Coat Ford F-150 Lariat 3.5L V6 EcoBoost For sale at Fury Ford Waconia in Waconia Minnesota.	https://vimg.remora.inc/537320/1ftfw5l83tfc25716-2026-ford-f150-lariat-star-white-metallic-tri-coat-1-114034.avif	in stock	NEW	TRUCK	Vehicles & Parts > Vehicles > Motor Vehicles > Cars, Trucks & Vans	1FTFW5L83TFC25716	https://furymotors.com/for-sale/ford-f150-lariat-minneapolis-mn/2026-ford-f150-lariat-1ftfw5l83tfc25716/123?store={store_code}	WHITE	12 miles	F-150	1FTFW5L83TFC25716	2026	65094 USD	WF1122	65094 USD	MI	no	F-150	No	Over 20k
1FTFW5L84TFC04986	2026 Ford F-150 Lariat	Ford	https://furymotors.com/for-sale/ford-f150-lariat-minneapolis-mn/2026-ford-f150-lariat-1ftfw5l84tfc04986/	64503 USD	2026 Oxford White Ford F-150 Lariat 3.5L V6 EcoBoost For sale at Fury Ford Waconia in Waconia Minnesota.	https://vimg.remora.inc/544667/1ftfw5l84tfc04986-2026-ford-f150-lariat-oxford-white-1-113673.avif	in stock	NEW	TRUCK	Vehicles & Parts > Vehicles > Motor Vehicles > Cars, Trucks & Vans	1FTFW5L84TFC04986	https://furymotors.com/for-sale/ford-f150-lariat-minneapolis-mn/2026-ford-f150-lariat-1ftfw5l84tfc04986/123?store={store_code}	WHITE	12 miles	F-150	1FTFW5L84TFC04986	2026	64503 USD	WF1122	64503 USD	MI	no	F-150	No	Over 20k
1FTFW5L84TKF09346	2026 Ford F-150 Lariat	Ford	https://furymotors.com/for-sale/ford-f150-lariat-minneapolis-mn/2026-ford-f150-lariat-1ftfw5l84tkf09346/	60091 USD	2026 Ruby Red Metallic Tinted Clearcoat Ford F-150 Lariat 3.5L V6 EcoBoost For sale at Fury Ford Waconia in Waconia Minnesota.	https://vimg.remora.inc/557567/1ftfw5l84tkf09346-2026-ford-f150-lariat-ruby-red-metallic-tinted-clearcoat-1-114015.avif	in stock	NEW	TRUCK	Vehicles & Parts > Vehicles > Motor Vehicles > Cars, Trucks & Vans	1FTFW5L84TKF09346	https://furymotors.com/for-sale/ford-f150-lariat-minneapolis-mn/2026-ford-f150-lariat-1ftfw5l84tkf09346/123?store={store_code}	RED	12 miles	F-150	1FTFW5L84TKF09346	2026	60091 USD	WF1122	60091 USD	MI	no	F-150	No	Over 20k
1FTFW5L86TFB81226	2026 Ford F-150 Lariat	Ford	https://furymotors.com/for-sale/ford-f150-lariat-minneapolis-mn/2026-ford-f150-lariat-1ftfw5l86tfb81226/	62925 USD	2026 Star White Metallic Tri-Coat Ford F-150 Lariat 3.5L V6 EcoBoost For sale at Fury Ford Waconia in Waconia Minnesota.	https://vimg.remora.inc/470704/1ftfw5l86tfb81226-2026-ford-f150-lariat-star-white-metallic-tri-coat-1-112747.avif	in stock	NEW	TRUCK	Vehicles & Parts > Vehicles > Motor Vehicles > Cars, Trucks & Vans	1FTFW5L86TFB81226	https://furymotors.com/for-sale/ford-f150-lariat-minneapolis-mn/2026-ford-f150-lariat-1ftfw5l86tfb81226/123?store={store_code}	WHITE	20 miles	F-150	1FTFW5L86TFB81226	2026	62925 USD	WF1122	62925 USD	MI	no	F-150	No	Over 20k
1FTFW5L88TFC06806	2026 Ford F-150 Lariat	Ford	https://furymotors.com/for-sale/ford-f150-lariat-minneapolis-mn/2026-ford-f150-lariat-1ftfw5l88tfc06806/	63239 USD	2026 Agate Black Metallic Ford F-150 Lariat 3.5L V6 EcoBoost For sale at Fury Ford Waconia in Waconia Minnesota.	https://vimg.remora.inc/514612/1ftfw5l88tfc06806-2026-ford-f150-lariat-agate-black-metallic-1-113673.avif	in stock	NEW	TRUCK	Vehicles & Parts > Vehicles > Motor Vehicles > Cars, Trucks & Vans	1FTFW5L88TFC06806	https://furymotors.com/for-sale/ford-f150-lariat-minneapolis-mn/2026-ford-f150-lariat-1ftfw5l88tfc06806/123?store={store_code}	BLACK	12 miles	F-150	1FTFW5L88TFC06806	2026	63239 USD	WF1122	63239 USD	MI	no	F-150	No	Over 20k
1FTFW5L88TFC10368	2026 Ford F-150 Lariat	Ford	https://furymotors.com/for-sale/ford-f150-lariat-minneapolis-mn/2026-ford-f150-lariat-1ftfw5l88tfc10368/	63185 USD	2026 Antimatter Blue Metallic Ford F-150 Lariat 3.5L V6 EcoBoost For sale at Fury Ford Waconia in Waconia Minnesota.	https://vimg.remora.inc/548332/1ftfw5l88tfc10368-2026-ford-f150-lariat-antimatter-blue-metallic-1-113868.avif	in stock	NEW	TRUCK	Vehicles & Parts > Vehicles > Motor Vehicles > Cars, Trucks & Vans	1FTFW5L88TFC10368	https://furymotors.com/for-sale/ford-f150-lariat-minneapolis-mn/2026-ford-f150-lariat-1ftfw5l88tfc10368/123?store={store_code}	BLUE	12 miles	F-150	1FTFW5L88TFC10368	2026	63185 USD	WF1122	63185 USD	MI	no	F-150	No	Over 20k
1FTFW5L8XTFC10162	2026 Ford F-150 Lariat	Ford	https://furymotors.com/for-sale/ford-f150-lariat-minneapolis-mn/2026-ford-f150-lariat-1ftfw5l8xtfc10162/	63925 USD	2026 Antimatter Blue Metallic Ford F-150 Lariat 3.5L V6 EcoBoost For sale at Fury Ford Waconia in Waconia Minnesota.	https://vimg.remora.inc/548329/1ftfw5l8xtfc10162-2026-ford-f150-lariat-antimatter-blue-metallic-1-114034.avif	in stock	NEW	TRUCK	Vehicles & Parts > Vehicles > Motor Vehicles > Cars, Trucks & Vans	1FTFW5L8XTFC10162	https://furymotors.com/for-sale/ford-f150-lariat-minneapolis-mn/2026-ford-f150-lariat-1ftfw5l8xtfc10162/123?store={store_code}	BLUE	10 miles	F-150	1FTFW5L8XTFC10162	2026	63925 USD	WF1122	63925 USD	MI	no	F-150	No	Over 20k
1FTEW3LP1TKE32930	2026 Ford F-150 XLT	Ford	https://furymotors.com/for-sale/ford-f150-xlt-minneapolis-mn/2026-ford-f150-xlt-1ftew3lp1tke32930/	48793 USD	2026 Carbonized Gray Metallic Ford F-150 XLT 2.7L V6 EcoBoost For sale at Fury Ford Waconia in Waconia Minnesota.	https://vimg.remora.inc/523333/1ftew3lp1tke32930-2026-ford-f150-xlt-carbonized-gray-metallic-1-113950.avif	in stock	NEW	TRUCK	Vehicles & Parts > Vehicles > Motor Vehicles > Cars, Trucks & Vans	1FTEW3LP1TKE32930	https://furymotors.com/for-sale/ford-f150-xlt-minneapolis-mn/2026-ford-f150-xlt-1ftew3lp1tke32930/123?store={store_code}	GRAY	2251 miles	F-150	1FTEW3LP1TKE32930	2026	48793 USD	WF1122	48793 USD	MI	no	F-150	No	Over 20k
1FTFW3L54TFC50649	2026 Ford F-150 XLT	Ford	https://furymotors.com/for-sale/ford-f150-xlt-minneapolis-mn/2026-ford-f150-xlt-1ftfw3l54tfc50649/	53832 USD	2026 Ruby Red Metallic Tinted Clearcoat Ford F-150 XLT 5.0L V8 For sale at Fury Ford Waconia in Waconia Minnesota.	https://vimg.remora.inc/592842/1ftfw3l54tfc50649-2026-ford-f150-xlt-ruby-red-metallic-tinted-clearcoat-1-113842.avif	in stock	NEW	TRUCK	Vehicles & Parts > Vehicles > Motor Vehicles > Cars, Trucks & Vans	1FTFW3L54TFC50649	https://furymotors.com/for-sale/ford-f150-xlt-minneapolis-mn/2026-ford-f150-xlt-1ftfw3l54tfc50649/123?store={store_code}	RED	10 miles	F-150	1FTFW3L54TFC50649	2026	53832 USD	WF1122	53832 USD	MI	no	F-150	No	Over 20k
1FTFW3L58TKF00885	2026 Ford F-150 XLT	Ford	https://furymotors.com/for-sale/ford-f150-xlt-minneapolis-mn/2026-ford-f150-xlt-1ftfw3l58tkf00885/	54823 USD	2026 Agate Black Metallic Ford F-150 XLT 5.0L V8 For sale at Fury Ford Waconia in Waconia Minnesota.	https://vimg.remora.inc/620301/1ftfw3l58tkf00885-2026-ford-f150-xlt-agate-black-metallic-1-114303.avif	in stock	NEW	TRUCK	Vehicles & Parts > Vehicles > Motor Vehicles > Cars, Trucks & Vans	1FTFW3L58TKF00885	https://furymotors.com/for-sale/ford-f150-xlt-minneapolis-mn/2026-ford-f150-xlt-1ftfw3l58tkf00885/123?store={store_code}	BLACK	10 miles	F-150	1FTFW3L58TKF00885	2026	54823 USD	WF1122	54823 USD	MI	no	F-150	No	Over 20k
1FTFW3L84TKD20121	2026 Ford F-150 XLT	Ford	https://furymotors.com/for-sale/ford-f150-xlt-minneapolis-mn/2026-ford-f150-xlt-1ftfw3l84tkd20121/	53700 USD	2026 Oxford White Ford F-150 XLT 3.5L V6 EcoBoost For sale at Fury Ford Waconia in Waconia Minnesota.	https://vimg.remora.inc/354852/1ftfw3l84tkd20121-2026-ford-f150-xlt-oxford-white-1-113824.avif	in stock	NEW	TRUCK	Vehicles & Parts > Vehicles > Motor Vehicles > Cars, Trucks & Vans	1FTFW3L84TKD20121	https://furymotors.com/for-sale/ford-f150-xlt-minneapolis-mn/2026-ford-f150-xlt-1ftfw3l84tkd20121/123?store={store_code}	WHITE	1974 miles	F-150	1FTFW3L84TKD20121	2026	53700 USD	WF1122	53700 USD	MI	no	F-150	No	Over 20k
1FTFW3L88TKF09743	2026 Ford F-150 XLT	Ford	https://furymotors.com/for-sale/ford-f150-xlt-minneapolis-mn/2026-ford-f150-xlt-1ftfw3l88tkf09743/	53212 USD	2026 Agate Black Metallic Ford F-150 XLT 3.5L V6 EcoBoost For sale at Fury Ford Waconia in Waconia Minnesota.	https://vimg.remora.inc/553818/1ftfw3l88tkf09743-2026-ford-f150-xlt-agate-black-metallic-1-114015.avif	in stock	NEW	TRUCK	Vehicles & Parts > Vehicles > Motor Vehicles > Cars, Trucks & Vans	1FTFW3L88TKF09743	https://furymotors.com/for-sale/ford-f150-xlt-minneapolis-mn/2026-ford-f150-xlt-1ftfw3l88tkf09743/123?store={store_code}	BLACK	11 miles	F-150	1FTFW3L88TKF09743	2026	53212 USD	WF1122	53212 USD	MI	no	F-150	No	Over 20k
1FTFW3L8XTKE67852	2026 Ford F-150 XLT	Ford	https://furymotors.com/for-sale/ford-f150-xlt-minneapolis-mn/2026-ford-f150-xlt-1ftfw3l8xtke67852/	55442 USD	2026 Oxford White Ford F-150 XLT 3.5L V6 EcoBoost For sale at Fury Ford Waconia in Waconia Minnesota.	https://vimg.remora.inc/490892/1ftfw3l8xtke67852-2026-ford-f150-xlt-oxford-white-1-112669.avif	in stock	NEW	TRUCK	Vehicles & Parts > Vehicles > Motor Vehicles > Cars, Trucks & Vans	1FTFW3L8XTKE67852	https://furymotors.com/for-sale/ford-f150-xlt-minneapolis-mn/2026-ford-f150-xlt-1ftfw3l8xtke67852/123?store={store_code}	WHITE	9 miles	F-150	1FTFW3L8XTKE67852	2026	55442 USD	WF1122	55442 USD	MI	no	F-150	No	Over 20k
3FTTW8S35TRB82591	2026 Ford Maverick Lariat	Ford	https://furymotors.com/for-sale/ford-maverick-lariat-minneapolis-mn/2026-ford-maverick-lariat-3fttw8s35trb82591/	38964 USD	2026 Oxford White Ford Maverick Lariat 2.5L I-4 Hybrid For sale at Fury Ford Waconia in Waconia Minnesota.	https://vimg.remora.inc/619932/3fttw8s35trb82591-2026-ford-maverick-lariat-oxford-white-1-114231.avif	in stock	NEW	TRUCK	Vehicles & Parts > Vehicles > Motor Vehicles > Cars, Trucks & Vans	3FTTW8S35TRB82591	https://furymotors.com/for-sale/ford-maverick-lariat-minneapolis-mn/2026-ford-maverick-lariat-3fttw8s35trb82591/123?store={store_code}	WHITE	10 miles	Maverick	3FTTW8S35TRB82591	2026	38964 USD	WF1122	38964 USD	MI	no	Maverick	No	Over 20k
3FTTW8S3XTRB48291	2026 Ford Maverick Lariat	Ford	https://furymotors.com/for-sale/ford-maverick-lariat-minneapolis-mn/2026-ford-maverick-lariat-3fttw8s3xtrb48291/	38956 USD	2026 Shadow Black Ford Maverick Lariat 2.5L I-4 Hybrid For sale at Fury Ford Waconia in Waconia Minnesota.	https://vimg.remora.inc/548849/3fttw8s3xtrb48291-2026-ford-maverick-lariat-shadow-black-1-113868.avif	in stock	NEW	TRUCK	Vehicles & Parts > Vehicles > Motor Vehicles > Cars, Trucks & Vans	3FTTW8S3XTRB48291	https://furymotors.com/for-sale/ford-maverick-lariat-minneapolis-mn/2026-ford-maverick-lariat-3fttw8s3xtrb48291/123?store={store_code}	BLACK	12 miles	Maverick	3FTTW8S3XTRB48291	2026	38956 USD	WF1122	38956 USD	MI	no	Maverick	No	Over 20k
3FTTW8NA7TRB48453	2026 Ford Maverick Tremor	Ford	https://furymotors.com/for-sale/ford-maverick-tremor-minneapolis-mn/2026-ford-maverick-tremor-3fttw8na7trb48453/	38281 USD	2026 Space White Metallic Ford Maverick Tremor EcoBoost 2.0L I4 GTDi DOHC Turbocharged VCT For sale at Fury Ford Waconia in Waconia Minnesota.	https://vimg.remora.inc/553823/3fttw8na7trb48453-2026-ford-maverick-tremor-space-white-metallic-1-113868.avif	in stock	NEW	TRUCK	Vehicles & Parts > Vehicles > Motor Vehicles > Cars, Trucks & Vans	3FTTW8NA7TRB48453	https://furymotors.com/for-sale/ford-maverick-tremor-minneapolis-mn/2026-ford-maverick-tremor-3fttw8na7trb48453/123?store={store_code}	WHITE	12 miles	Maverick	3FTTW8NA7TRB48453	2026	38281 USD	WF1122	38281 USD	MI	no	Maverick	No	Over 20k
3FTTW8B37TRB57918	2026 Ford Maverick XL	Ford	https://furymotors.com/for-sale/ford-maverick-xl-minneapolis-mn/2026-ford-maverick-xl-3fttw8b37trb57918/	32192 USD	2026 Oxford White Ford Maverick XL 2.5L I-4 Hybrid For sale at Fury Ford Waconia in Waconia Minnesota.	https://vimg.remora.inc/613864/3fttw8b37trb57918-2026-ford-maverick-xl-oxford-white-1-114109.avif	in stock	NEW	TRUCK	Vehicles & Parts > Vehicles > Motor Vehicles > Cars, Trucks & Vans	3FTTW8B37TRB57918	https://furymotors.com/for-sale/ford-maverick-xl-minneapolis-mn/2026-ford-maverick-xl-3fttw8b37trb57918/123?store={store_code}	WHITE	10 miles	Maverick	3FTTW8B37TRB57918	2026	32192 USD	WF1122	32192 USD	MI	no	Maverick	No	Over 20k
3FTTW8J33TRB43497	2026 Ford Maverick XLT	Ford	https://furymotors.com/for-sale/ford-maverick-xlt-minneapolis-mn/2026-ford-maverick-xlt-3fttw8j33trb43497/	33132 USD	2026 Oxford White Ford Maverick XLT 2.5L I-4 Hybrid For sale at Fury Ford Waconia in Waconia Minnesota.	https://vimg.remora.inc/553816/3fttw8j33trb43497-2026-ford-maverick-xlt-oxford-white-1-113965.avif	in stock	NEW	TRUCK	Vehicles & Parts > Vehicles > Motor Vehicles > Cars, Trucks & Vans	3FTTW8J33TRB43497	https://furymotors.com/for-sale/ford-maverick-xlt-minneapolis-mn/2026-ford-maverick-xlt-3fttw8j33trb43497/123?store={store_code}	WHITE	12 miles	Maverick	3FTTW8J33TRB43497	2026	33132 USD	WF1122	33132 USD	MI	no	Maverick	No	Over 20k
3FTTW8J38TRB43611	2026 Ford Maverick XLT	Ford	https://furymotors.com/for-sale/ford-maverick-xlt-minneapolis-mn/2026-ford-maverick-xlt-3fttw8j38trb43611/	33132 USD	2026 Oxford White Ford Maverick XLT 2.5L I-4 Hybrid For sale at Fury Ford Waconia in Waconia Minnesota.	https://vimg.remora.inc/553815/3fttw8j38trb43611-2026-ford-maverick-xlt-oxford-white-1-113965.avif	in stock	NEW	TRUCK	Vehicles & Parts > Vehicles > Motor Vehicles > Cars, Trucks & Vans	3FTTW8J38TRB43611	https://furymotors.com/for-sale/ford-maverick-xlt-minneapolis-mn/2026-ford-maverick-xlt-3fttw8j38trb43611/123?store={store_code}	WHITE	12 miles	Maverick	3FTTW8J38TRB43611	2026	33132 USD	WF1122	33132 USD	MI	no	Maverick	No	Over 20k
3FTTW8J3XTRB41925	2026 Ford Maverick XLT	Ford	https://furymotors.com/for-sale/ford-maverick-xlt-minneapolis-mn/2026-ford-maverick-xlt-3fttw8j3xtrb41925/	33132 USD	2026 Oxford White Ford Maverick XLT 2.5L I-4 Hybrid For sale at Fury Ford Waconia in Waconia Minnesota.	https://vimg.remora.inc/553817/3fttw8j3xtrb41925-2026-ford-maverick-xlt-oxford-white-1-113965.avif	in stock	NEW	TRUCK	Vehicles & Parts > Vehicles > Motor Vehicles > Cars, Trucks & Vans	3FTTW8J3XTRB41925	https://furymotors.com/for-sale/ford-maverick-xlt-minneapolis-mn/2026-ford-maverick-xlt-3fttw8j3xtrb41925/123?store={store_code}	WHITE	12 miles	Maverick	3FTTW8J3XTRB41925	2026	33132 USD	WF1122	33132 USD	MI	no	Maverick	No	Over 20k
3FTTW8JA3TRB42977	2026 Ford Maverick XLT	Ford	https://furymotors.com/for-sale/ford-maverick-xlt-minneapolis-mn/2026-ford-maverick-xlt-3fttw8ja3trb42977/	32838 USD	2026 Oxford White Ford Maverick XLT EcoBoost 2.0L I4 GTDi DOHC Turbocharged VCT For sale at Fury Ford Waconia in Waconia Minnesota.	https://vimg.remora.inc/553824/3fttw8ja3trb42977-2026-ford-maverick-xlt-oxford-white-1-113868.avif	in stock	NEW	TRUCK	Vehicles & Parts > Vehicles > Motor Vehicles > Cars, Trucks & Vans	3FTTW8JA3TRB42977	https://furymotors.com/for-sale/ford-maverick-xlt-minneapolis-mn/2026-ford-maverick-xlt-3fttw8ja3trb42977/123?store={store_code}	WHITE	12 miles	Maverick	3FTTW8JA3TRB42977	2026	32838 USD	WF1122	32838 USD	MI	no	Maverick	No	Over 20k
3FTTW8JA4TRA63026	2026 Ford Maverick XLT	Ford	https://furymotors.com/for-sale/ford-maverick-xlt-minneapolis-mn/2026-ford-maverick-xlt-3fttw8ja4tra63026/	31850 USD	2026 Oxford White Ford Maverick XLT EcoBoost 2.0L I4 GTDi DOHC Turbocharged VCT For sale at Fury Ford Waconia in Waconia Minnesota.	https://vimg.remora.inc/475800/3fttw8ja4tra63026-2026-ford-maverick-xlt-oxford-white-1-114142.avif	in stock	NEW	TRUCK	Vehicles & Parts > Vehicles > Motor Vehicles > Cars, Trucks & Vans	3FTTW8JA4TRA63026	https://furymotors.com/for-sale/ford-maverick-xlt-minneapolis-mn/2026-ford-maverick-xlt-3fttw8ja4tra63026/123?store={store_code}	WHITE	1682 miles	Maverick	3FTTW8JA4TRA63026	2026	31850 USD	WF1122	31850 USD	MI	no	Maverick	No	Over 20k
3FMTK4SXXSMA40266	2025 Ford Mustang Mach-E GT	Ford	https://furymotors.com/for-sale/ford-mustang-mach-e-gt-minneapolis-mn/2025-ford-mustang-mach-e-gt-3fmtk4sxxsma40266/	43408 USD	2025 Shadow Black Ford Mustang Mach-E GT Electric Motor For sale at Fury Ford Waconia in Waconia Minnesota.	https://vimg.remora.inc/51566/3fmtk4sxxsma40266-2025-ford-mustang-mach-e-gt-shadow-black-1-113294.avif	in stock	NEW	SUV	Vehicles & Parts > Vehicles > Motor Vehicles > Cars, Trucks & Vans	3FMTK4SXXSMA40266	https://furymotors.com/for-sale/ford-mustang-mach-e-gt-minneapolis-mn/2025-ford-mustang-mach-e-gt-3fmtk4sxxsma40266/123?store={store_code}	BLACK	2438 miles	Mustang Mach-E	3FMTK4SXXSMA40266	2025	43408 USD	WF1122	43408 USD	MI	no	Mustang Mach-E	No	Over 20k
1FA6P8TH1T5137094	2026 Ford Mustang	Ford	https://furymotors.com/for-sale/ford-mustang-minneapolis-mn/2026-ford-mustang-1fa6p8th1t5137094/	36535 USD	2026 Shadow Black Ford Mustang EcoBoost 2.3L I4 GTDi DOHC Turbocharged VCT For sale at Fury Ford Waconia in Waconia Minnesota.	https://vimg.remora.inc/611451/1fa6p8th1t5137094-2026-ford-mustang-shadow-black-1-114111.avif	in stock	NEW	OTHER	Vehicles & Parts > Vehicles > Motor Vehicles > Cars, Trucks & Vans	1FA6P8TH1T5137094	https://furymotors.com/for-sale/ford-mustang-minneapolis-mn/2026-ford-mustang-1fa6p8th1t5137094/123?store={store_code}	BLACK	10 miles	Mustang	1FA6P8TH1T5137094	2026	36535 USD	WF1122	36535 USD	MI	no	Mustang	No	Over 20k
1FTER4HH4TLE55014	2026 Ford Ranger XLT	Ford	https://furymotors.com/for-sale/ford-ranger-xlt-minneapolis-mn/2026-ford-ranger-xlt-1fter4hh4tle55014/	40326 USD	2026 Shadow Black Ford Ranger XLT EcoBoost 2.3L I4 GTDi DOHC Turbocharged VCT For sale at Fury Ford Waconia in Waconia Minnesota.	https://vimg.remora.inc/594439/1fter4hh4tle55014-2026-ford-ranger-xlt-shadow-black-1-113822.avif	in stock	NEW	TRUCK	Vehicles & Parts > Vehicles > Motor Vehicles > Cars, Trucks & Vans	1FTER4HH4TLE55014	https://furymotors.com/for-sale/ford-ranger-xlt-minneapolis-mn/2026-ford-ranger-xlt-1fter4hh4tle55014/123?store={store_code}	BLACK	10 miles	Ranger	1FTER4HH4TLE55014	2026	40326 USD	WF1122	40326 USD	MI	no	Ranger	No	Over 20k
1FTER4HP7TLE32057	2026 Ford Ranger XLT	Ford	https://furymotors.com/for-sale/ford-ranger-xlt-minneapolis-mn/2026-ford-ranger-xlt-1fter4hp7tle32057/	42160 USD	2026 Carbonized Gray Metallic Ford Ranger XLT 2.7L EcoBoost V6 For sale at Fury Ford Waconia in Waconia Minnesota.	https://vimg.remora.inc/545174/1fter4hp7tle32057-2026-ford-ranger-xlt-carbonized-gray-metallic-1-112937.avif	in stock	NEW	TRUCK	Vehicles & Parts > Vehicles > Motor Vehicles > Cars, Trucks & Vans	1FTER4HP7TLE32057	https://furymotors.com/for-sale/ford-ranger-xlt-minneapolis-mn/2026-ford-ranger-xlt-1fter4hp7tle32057/123?store={store_code}	GRAY	10 miles	Ranger	1FTER4HP7TLE32057	2026	42160 USD	WF1122	42160 USD	MI	no	Ranger	No	Over 20k
1FT8W2BM1VEC57370	2027 Ford Super Duty F-250 SRW Lariat	Ford	https://furymotors.com/for-sale/ford-super-duty-f250-srw-lariat-minneapolis-mn/2027-ford-super-duty-f250-srw-lariat-1ft8w2bm1vec57370/	79178 USD	2027 Glacier Gray Metallic Tri-Coat Ford Super Duty F-250 SRW Lariat HO For sale at Fury Ford Waconia in Waconia Minnesota.	https://vimg.remora.inc/584756/1ft8w2bm1vec57370-2027-ford-super-duty-f250-srw-lariat-glacier-gray-metallic-tri-coat-1-113722.avif	in stock	NEW	TRUCK	Vehicles & Parts > Vehicles > Motor Vehicles > Cars, Trucks & Vans	1FT8W2BM1VEC57370	https://furymotors.com/for-sale/ford-super-duty-f250-srw-lariat-minneapolis-mn/2027-ford-super-duty-f250-srw-lariat-1ft8w2bm1vec57370/123?store={store_code}	WHITE	12 miles	Super Duty F-250	1FT8W2BM1VEC57370	2027	79178 USD	WF1122	79178 USD	MI	no	Super Duty F-250	No	Over 20k
1FT8W2BMXVEC57948	2027 Ford Super Duty F-250 SRW Lariat	Ford	https://furymotors.com/for-sale/ford-super-duty-f250-srw-lariat-minneapolis-mn/2027-ford-super-duty-f250-srw-lariat-1ft8w2bmxvec57948/	81502 USD	2027 Glacier Gray Metallic Tri-Coat Ford Super Duty F-250 SRW Lariat HO For sale at Fury Ford Waconia in Waconia Minnesota.	https://vimg.remora.inc/584755/1ft8w2bmxvec57948-2027-ford-super-duty-f250-srw-lariat-glacier-gray-metallic-tri-coat-1-113722.avif	in stock	NEW	TRUCK	Vehicles & Parts > Vehicles > Motor Vehicles > Cars, Trucks & Vans	1FT8W2BMXVEC57948	https://furymotors.com/for-sale/ford-super-duty-f250-srw-lariat-minneapolis-mn/2027-ford-super-duty-f250-srw-lariat-1ft8w2bmxvec57948/123?store={store_code}	WHITE	360 miles	Super Duty F-250	1FT8W2BMXVEC57948	2027	81502 USD	WF1122	81502 USD	MI	no	Super Duty F-250	No	Over 20k
1FT7X2BN2VEC57668	2027 Ford Super Duty F-250 SRW	Ford	https://furymotors.com/for-sale/ford-super-duty-f250-srw-minneapolis-mn/2027-ford-super-duty-f250-srw-1ft7x2bn2vec57668/	56869 USD	2027 Carbonized Gray Metallic Ford Super Duty F-250 SRW 7.3L V8 PFI OHV 16V Federal 420hp For sale at Fury Ford Waconia in Waconia Minnesota.	https://vimg.remora.inc/624912/1ft7x2bn2vec57668-2027-ford-super-duty-f250-srw-carbonized-gray-metallic-1-114298.avif	in stock	NEW	TRUCK	Vehicles & Parts > Vehicles > Motor Vehicles > Cars, Trucks & Vans	1FT7X2BN2VEC57668	https://furymotors.com/for-sale/ford-super-duty-f250-srw-minneapolis-mn/2027-ford-super-duty-f250-srw-1ft7x2bn2vec57668/123?store={store_code}	GRAY	10 miles	Super Duty F-250	1FT7X2BN2VEC57668	2027	56869 USD	WF1122	56869 USD	MI	no	Super Duty F-250	No	Over 20k
1FT7X2BN5VEC58233	2027 Ford Super Duty F-250 SRW	Ford	https://furymotors.com/for-sale/ford-super-duty-f250-srw-minneapolis-mn/2027-ford-super-duty-f250-srw-1ft7x2bn5vec58233/	58657 USD	2027 Oxford White Ford Super Duty F-250 SRW 7.3L V8 PFI OHV 16V Federal 420hp For sale at Fury Ford Waconia in Waconia Minnesota.	https://vimg.remora.inc/623248/1ft7x2bn5vec58233-2027-ford-super-duty-f250-srw-oxford-white-1-114274.avif	in stock	NEW	TRUCK	Vehicles & Parts > Vehicles > Motor Vehicles > Cars, Trucks & Vans	1FT7X2BN5VEC58233	https://furymotors.com/for-sale/ford-super-duty-f250-srw-minneapolis-mn/2027-ford-super-duty-f250-srw-1ft7x2bn5vec58233/123?store={store_code}	WHITE	10 miles	Super Duty F-250	1FT7X2BN5VEC58233	2027	58657 USD	WF1122	58657 USD	MI	no	Super Duty F-250	No	Over 20k
1FT8W2BM1VEC82236	2027 Ford Super Duty F-250 SRW	Ford	https://furymotors.com/for-sale/ford-super-duty-f250-srw-minneapolis-mn/2027-ford-super-duty-f250-srw-1ft8w2bm1vec82236/	84784 USD	2027 Star White Metallic Tri-Coat Ford Super Duty F-250 SRW HO For sale at Fury Ford Waconia in Waconia Minnesota.	https://vimg.remora.inc/624911/1ft8w2bm1vec82236-2027-ford-super-duty-f250-srw-star-white-metallic-tri-coat-1-114298.avif	in stock	NEW	TRUCK	Vehicles & Parts > Vehicles > Motor Vehicles > Cars, Trucks & Vans	1FT8W2BM1VEC82236	https://furymotors.com/for-sale/ford-super-duty-f250-srw-minneapolis-mn/2027-ford-super-duty-f250-srw-1ft8w2bm1vec82236/123?store={store_code}	WHITE	10 miles	Super Duty F-250	1FT8W2BM1VEC82236	2027	84784 USD	WF1122	84784 USD	MI	no	Super Duty F-250	No	Over 20k
1FT8W2BM2VEC72251	2027 Ford Super Duty F-250 SRW	Ford	https://furymotors.com/for-sale/ford-super-duty-f250-srw-minneapolis-mn/2027-ford-super-duty-f250-srw-1ft8w2bm2vec72251/	95095 USD	2027 Star White Metallic Tri-Coat Ford Super Duty F-250 SRW HO For sale at Fury Ford Waconia in Waconia Minnesota.	https://vimg.remora.inc/608948/1ft8w2bm2vec72251-2027-ford-super-duty-f250-srw-star-white-metallic-tri-coat-1-114058.avif	in stock	NEW	TRUCK	Vehicles & Parts > Vehicles > Motor Vehicles > Cars, Trucks & Vans	1FT8W2BM2VEC72251	https://furymotors.com/for-sale/ford-super-duty-f250-srw-minneapolis-mn/2027-ford-super-duty-f250-srw-1ft8w2bm2vec72251/123?store={store_code}	WHITE	10 miles	Super Duty F-250	1FT8W2BM2VEC72251	2027	95095 USD	WF1122	95095 USD	MI	no	Super Duty F-250	No	Over 20k
1FTBF2BN0VEC57956	2027 Ford Super Duty F-250 SRW	Ford	https://furymotors.com/for-sale/ford-super-duty-f250-srw-minneapolis-mn/2027-ford-super-duty-f250-srw-1ftbf2bn0vec57956/	54218 USD	2027 Carbonized Gray Metallic Ford Super Duty F-250 SRW 7.3L V8 PFI OHV 16V Federal 420hp For sale at Fury Ford Waconia in Waconia Minnesota.	https://vimg.remora.inc/604231/1ftbf2bn0vec57956-2027-ford-super-duty-f250-srw-carbonized-gray-metallic-1-113962.avif	in stock	NEW	TRUCK	Vehicles & Parts > Vehicles > Motor Vehicles > Cars, Trucks & Vans	1FTBF2BN0VEC57956	https://furymotors.com/for-sale/ford-super-duty-f250-srw-minneapolis-mn/2027-ford-super-duty-f250-srw-1ftbf2bn0vec57956/123?store={store_code}	GRAY	10 miles	Super Duty F-250	1FTBF2BN0VEC57956	2027	54218 USD	WF1122	54218 USD	MI	no	Super Duty F-250	No	Over 20k
1FTBF2BA0TEF54266	2026 Ford Super Duty F-250 SRW XLT	Ford	https://furymotors.com/for-sale/ford-super-duty-f250-srw-xlt-minneapolis-mn/2026-ford-super-duty-f250-srw-xlt-1ftbf2ba0tef54266/	49947 USD	2026 Oxford White Ford Super Duty F-250 SRW XLT 6.8L V8 For sale at Fury Ford Waconia in Waconia Minnesota.	https://vimg.remora.inc/514096/1ftbf2ba0tef54266-2026-ford-super-duty-f250-srw-xlt-oxford-white-1-113199.avif	in stock	NEW	TRUCK	Vehicles & Parts > Vehicles > Motor Vehicles > Cars, Trucks & Vans	1FTBF2BA0TEF54266	https://furymotors.com/for-sale/ford-super-duty-f250-srw-xlt-minneapolis-mn/2026-ford-super-duty-f250-srw-xlt-1ftbf2ba0tef54266/123?store={store_code}	WHITE	11 miles	Super Duty F-250	1FTBF2BA0TEF54266	2026	49947 USD	WF1122	49947 USD	MI	no	Super Duty F-250	No	Over 20k
1FT7W2BM6VEC51608	2027 Ford Super Duty F-250 SRW XLT	Ford	https://furymotors.com/for-sale/ford-super-duty-f250-srw-xlt-minneapolis-mn/2027-ford-super-duty-f250-srw-xlt-1ft7w2bm6vec51608/	73022 USD	2027 Oxford White Ford Super Duty F-250 SRW XLT HO For sale at Fury Ford Waconia in Waconia Minnesota.	https://vimg.remora.inc/584754/1ft7w2bm6vec51608-2027-ford-super-duty-f250-srw-oxford-white-1-113626.avif	in stock	NEW	TRUCK	Vehicles & Parts > Vehicles > Motor Vehicles > Cars, Trucks & Vans	1FT7W2BM6VEC51608	https://furymotors.com/for-sale/ford-super-duty-f250-srw-xlt-minneapolis-mn/2027-ford-super-duty-f250-srw-xlt-1ft7w2bm6vec51608/123?store={store_code}	WHITE	10 miles	Super Duty F-250	1FT7W2BM6VEC51608	2027	73022 USD	WF1122	73022 USD	MI	no	Super Duty F-250	No	Over 20k
1FT8W3BM0VEC52019	2027 Ford Super Duty F-350 SRW	Ford	https://furymotors.com/for-sale/ford-super-duty-f350-srw-minneapolis-mn/2027-ford-super-duty-f350-srw-1ft8w3bm0vec52019/	90720 USD	2027 Agate Black Metallic Ford Super Duty F-350 SRW HO For sale at Fury Ford Waconia in Waconia Minnesota.	https://vimg.remora.inc/599087/1ft8w3bm0vec52019-2027-ford-super-duty-f350-srw-agate-black-metallic-1-113890.avif	in stock	NEW	TRUCK	Vehicles & Parts > Vehicles > Motor Vehicles > Cars, Trucks & Vans	1FT8W3BM0VEC52019	https://furymotors.com/for-sale/ford-super-duty-f350-srw-minneapolis-mn/2027-ford-super-duty-f350-srw-1ft8w3bm0vec52019/123?store={store_code}	BLACK	10 miles	Super Duty F-350	1FT8W3BM0VEC52019	2027	90720 USD	WF1122	90720 USD	MI	no	Super Duty F-350	No	Over 20k
1FT8W3BMXVEC50939	2027 Ford Super Duty F-350 SRW	Ford	https://furymotors.com/for-sale/ford-super-duty-f350-srw-minneapolis-mn/2027-ford-super-duty-f350-srw-1ft8w3bmxvec50939/	74857 USD	2027 Ruby Red Metallic Tinted Clearcoat Ford Super Duty F-350 SRW HO For sale at Fury Ford Waconia in Waconia Minnesota.	https://vimg.remora.inc/619931/1ft8w3bmxvec50939-2027-ford-super-duty-f350-srw-ruby-red-metallic-tinted-clearcoat-1-114226.avif	in stock	NEW	TRUCK	Vehicles & Parts > Vehicles > Motor Vehicles > Cars, Trucks & Vans	1FT8W3BMXVEC50939	https://furymotors.com/for-sale/ford-super-duty-f350-srw-minneapolis-mn/2027-ford-super-duty-f350-srw-1ft8w3bmxvec50939/123?store={store_code}	RED	10 miles	Super Duty F-350	1FT8W3BMXVEC50939	2027	74857 USD	WF1122	74857 USD	MI	no	Super Duty F-350	No	Over 20k
1FT8W3BN4VEC50363	2027 Ford Super Duty F-350 SRW	Ford	https://furymotors.com/for-sale/ford-super-duty-f350-srw-minneapolis-mn/2027-ford-super-duty-f350-srw-1ft8w3bn4vec50363/	68237 USD	2027 Carbonized Gray Metallic Ford Super Duty F-350 SRW 7.3L V8 PFI CNG OHV 16V Federal 420hp For sale at Fury Ford Waconia in Waconia Minnesota.	https://vimg.remora.inc/619930/1ft8w3bn4vec50363-2027-ford-super-duty-f350-srw-carbonized-gray-metallic-1-114226.avif	in stock	NEW	TRUCK	Vehicles & Parts > Vehicles > Motor Vehicles > Cars, Trucks & Vans	1FT8W3BN4VEC50363	https://furymotors.com/for-sale/ford-super-duty-f350-srw-minneapolis-mn/2027-ford-super-duty-f350-srw-1ft8w3bn4vec50363/123?store={store_code}	GRAY	10 miles	Super Duty F-350	1FT8W3BN4VEC50363	2027	68237 USD	WF1122	68237 USD	MI	no	Super Duty F-350	No	Over 20k
1FT8W3BN5VEC53627	2027 Ford Super Duty F-350 SRW	Ford	https://furymotors.com/for-sale/ford-super-duty-f350-srw-minneapolis-mn/2027-ford-super-duty-f350-srw-1ft8w3bn5vec53627/	68436 USD	2027 Oxford White Ford Super Duty F-350 SRW 7.3L V8 PFI CNG OHV 16V Federal 420hp For sale at Fury Ford Waconia in Waconia Minnesota.	https://vimg.remora.inc/614293/1ft8w3bn5vec53627-2027-ford-super-duty-f350-srw-oxford-white-1-114113.avif	in stock	NEW	TRUCK	Vehicles & Parts > Vehicles > Motor Vehicles > Cars, Trucks & Vans	1FT8W3BN5VEC53627	https://furymotors.com/for-sale/ford-super-duty-f350-srw-minneapolis-mn/2027-ford-super-duty-f350-srw-1ft8w3bn5vec53627/123?store={store_code}	WHITE	10 miles	Super Duty F-350	1FT8W3BN5VEC53627	2027	68436 USD	WF1122	68436 USD	MI	no	Super Duty F-350	No	Over 20k
1FT8W3BN8VEC55372	2027 Ford Super Duty F-350 SRW	Ford	https://furymotors.com/for-sale/ford-super-duty-f350-srw-minneapolis-mn/2027-ford-super-duty-f350-srw-1ft8w3bn8vec55372/	61702 USD	2027 Ruby Red Metallic Tinted Clearcoat Ford Super Duty F-350 SRW 7.3L V8 PFI CNG OHV 16V Federal 420hp For sale at Fury Ford Waconia in Waconia Minnesota.	https://vimg.remora.inc/602704/1ft8w3bn8vec55372-2027-ford-super-duty-f350-srw-ruby-red-metallic-tinted-clearcoat-1-113938.avif	in stock	NEW	TRUCK	Vehicles & Parts > Vehicles > Motor Vehicles > Cars, Trucks & Vans	1FT8W3BN8VEC55372	https://furymotors.com/for-sale/ford-super-duty-f350-srw-minneapolis-mn/2027-ford-super-duty-f350-srw-1ft8w3bn8vec55372/123?store={store_code}	RED	10 miles	Super Duty F-350	1FT8W3BN8VEC55372	2027	61702 USD	WF1122	61702 USD	MI	no	Super Duty F-350	No	Over 20k
1FT8X3BN8VEC57409	2027 Ford Super Duty F-350 SRW XL	Ford	https://furymotors.com/for-sale/ford-super-duty-f350-srw-xl-minneapolis-mn/2027-ford-super-duty-f350-srw-xl-1ft8x3bn8vec57409/	55464 USD	2027 Oxford White Ford Super Duty F-350 SRW XL 7.3L V8 PFI CNG OHV 16V Federal 420hp For sale at Fury Ford Waconia in Waconia Minnesota.	https://vimg.remora.inc/581061/1ft8x3bn8vec57409-2027-ford-super-duty-f350-srw-oxford-white-1-113578.avif	in stock	NEW	TRUCK	Vehicles & Parts > Vehicles > Motor Vehicles > Cars, Trucks & Vans	1FT8X3BN8VEC57409	https://furymotors.com/for-sale/ford-super-duty-f350-srw-xl-minneapolis-mn/2027-ford-super-duty-f350-srw-xl-1ft8x3bn8vec57409/123?store={store_code}	WHITE	12 miles	Super Duty F-350	1FT8X3BN8VEC57409	2027	55464 USD	WF1122	55464 USD	MI	no	Super Duty F-350	No	Over 20k
1FTRF3BN0VEC57914	2027 Ford Super Duty F-350 SRW XL	Ford	https://furymotors.com/for-sale/ford-super-duty-f350-srw-xl-minneapolis-mn/2027-ford-super-duty-f350-srw-xl-1ftrf3bn0vec57914/	52425 USD	2027 Oxford White Ford Super Duty F-350 SRW XL 7.3L V8 PFI CNG OHV 16V Federal 420hp For sale at Fury Ford Waconia in Waconia Minnesota.	https://vimg.remora.inc/581298/1ftrf3bn0vec57914-2027-ford-super-duty-f350-srw-oxford-white-1-113581.avif	in stock	NEW	TRUCK	Vehicles & Parts > Vehicles > Motor Vehicles > Cars, Trucks & Vans	1FTRF3BN0VEC57914	https://furymotors.com/for-sale/ford-super-duty-f350-srw-xl-minneapolis-mn/2027-ford-super-duty-f350-srw-xl-1ftrf3bn0vec57914/123?store={store_code}	WHITE	12 miles	Super Duty F-350	1FTRF3BN0VEC57914	2027	52425 USD	WF1122	52425 USD	MI	no	Super Duty F-350	No	Over 20k
1FTBR2XG7TKB52542	2026 Ford Transit-250 Base	Ford	https://furymotors.com/for-sale/ford-transit-250-base-minneapolis-mn/2026-ford-transit-250-base-1ftbr2xg7tkb52542/	53336 USD	2026 Oxford White Ford Transit-250 Base EcoBoost 3.5L V6 GTDi DOHC 24V Twin Turbocharged For sale at Fury Ford Waconia in Waconia Minnesota.	https://vimg.remora.inc/519316/1ftbr2xg7tkb52542-2026-ford-transit-250-base-oxford-white-1-113362.avif	in stock	NEW	VAN	Vehicles & Parts > Vehicles > Motor Vehicles > Cars, Trucks & Vans	1FTBR2XG7TKB52542	https://furymotors.com/for-sale/ford-transit-250-base-minneapolis-mn/2026-ford-transit-250-base-1ftbr2xg7tkb52542/123?store={store_code}	WHITE	12 miles	Transit-250	1FTBR2XG7TKB52542	2026	53336 USD	WF1122	53336 USD	MI	no	Transit-250	No	Over 20k
1FTBF8CG9VKA27952	2027 Ford Transit-350 Base	Ford	https://furymotors.com/for-sale/ford-transit-350-base-minneapolis-mn/2027-ford-transit-350-base-1ftbf8cg9vka27952/	64095 USD	2027 Oxford White Ford Transit-350 Base EcoBoost 3.5L V6 GTDi DOHC 24V Twin Turbocharged For sale at Fury Ford Waconia in Waconia Minnesota.	https://vimg.remora.inc/602702/1ftbf8cg9vka27952-2027-ford-transit-350-base-oxford-white-1-113965.avif	in stock	NEW	VAN	Vehicles & Parts > Vehicles > Motor Vehicles > Cars, Trucks & Vans	1FTBF8CG9VKA27952	https://furymotors.com/for-sale/ford-transit-350-base-minneapolis-mn/2027-ford-transit-350-base-1ftbf8cg9vka27952/123?store={store_code}	WHITE	10 miles	Transit-350	1FTBF8CG9VKA27952	2027	64095 USD	WF1122	64095 USD	MI	no	Transit-350	No	Over 20k
WA1LFAFP4EA090027	2014 Audi Q5 2.0T Premium Plus	Audi	https://furymotors.com/for-sale/used-audi-q5-20t-premium-plus-minneapolis-mn/2014-audi-q5-20t-premium-plus-wa1lfafp4ea090027/	6350 USD	2014 Gold Audi Q5 2.0T Premium Plus 2.0L I4 TFSI Direct Injection DOHC For sale at Fury Ford Waconia in Waconia Minnesota.	https://vimg.remora.inc/552377/wa1lfafp4ea090027-2014-audi-q5-20t-premium-plus-gold-1-113396.avif	in stock	USED	SUV	Vehicles & Parts > Vehicles > Motor Vehicles > Cars, Trucks & Vans	WA1LFAFP4EA090027	https://furymotors.com/for-sale/used-audi-q5-20t-premium-plus-minneapolis-mn/2014-audi-q5-20t-premium-plus-wa1lfafp4ea090027/123?store={store_code}	GOLD	183297 miles	Q5	WA1LFAFP4EA090027	2014	6350 USD	WF1122	6350 USD	MI	no	Q5	No	Under 20k
5UX53DP03R9W98783	2024 BMW X3 xDrive30i	BMW	https://furymotors.com/for-sale/used-bmw-x3-xdrive30i-minneapolis-mn/2024-bmw-x3-xdrive30i-5ux53dp03r9w98783/	37350 USD	2024 Jet Black BMW X3 xDrive30i I4 For sale at Fury Ford Waconia in Waconia Minnesota.	https://vimg.remora.inc/565064/5ux53dp03r9w98783-2024-bmw-x3-xdrive30i-jet-black-1-113614.avif	in stock	USED	SUV	Vehicles & Parts > Vehicles > Motor Vehicles > Cars, Trucks & Vans	5UX53DP03R9W98783	https://furymotors.com/for-sale/used-bmw-x3-xdrive30i-minneapolis-mn/2024-bmw-x3-xdrive30i-5ux53dp03r9w98783/123?store={store_code}	BLACK	14264 miles	X3	5UX53DP03R9W98783	2024	37350 USD	WF1122	37350 USD	MI	no	X3	No	Over 20k
1G6DG5E54C0122575	2012 Cadillac CTS Luxury	Cadillac	https://furymotors.com/for-sale/used-cadillac-cts-luxury-minneapolis-mn/2012-cadillac-cts-luxury-1g6dg5e54c0122575/	11000 USD	2012 White Diamond Clearcoat Cadillac CTS Luxury 3.0L V6 SIDI DOHC VVT For sale at Fury Ford Waconia in Waconia Minnesota.	https://vimg.remora.inc/612637/1g6dg5e54c0122575-2012-cadillac-cts-luxury-white-diamond-clearcoat-1-114297.avif	in stock	USED	OTHER	Vehicles & Parts > Vehicles > Motor Vehicles > Cars, Trucks & Vans	1G6DG5E54C0122575	https://furymotors.com/for-sale/used-cadillac-cts-luxury-minneapolis-mn/2012-cadillac-cts-luxury-1g6dg5e54c0122575/123?store={store_code}	WHITE	67150 miles	CTS	1G6DG5E54C0122575	2012	11000 USD	WF1122	11000 USD	MI	no	CTS	No	Under 20k
3GNKBJRS2NS131077	2022 Chevrolet Blazer LT	Chevrolet	https://furymotors.com/for-sale/used-chevrolet-blazer-lt-minneapolis-mn/2022-chevrolet-blazer-lt-3gnkbjrs2ns131077/	22000 USD	2022 Red Hot Chevrolet Blazer LT 3.6L V6 SIDI For sale at Fury Ford Waconia in Waconia Minnesota.	https://vimg.remora.inc/579028/3gnkbjrs2ns131077-2022-chevrolet-blazer-lt-red-hot-1-113896.avif	in stock	USED	SUV	Vehicles & Parts > Vehicles > Motor Vehicles > Cars, Trucks & Vans	3GNKBJRS2NS131077	https://furymotors.com/for-sale/used-chevrolet-blazer-lt-minneapolis-mn/2022-chevrolet-blazer-lt-3gnkbjrs2ns131077/123?store={store_code}	RED	76667 miles	Blazer	3GNKBJRS2NS131077	2022	22000 USD	WF1122	22000 USD	MI	no	Blazer	No	Over 20k
1GCGTDENXL1205566	2020 Chevrolet Colorado Z71 w/Preferred Equipt	Chevrolet	https://furymotors.com/for-sale/used-chevrolet-colorado-z71-wpreferred-equipt-minneapolis-mn/2020-chevrolet-colorado-z71-wpreferred-equipt-1gcgtdenxl1205566/	28850 USD	2020 Red Hot Chevrolet Colorado Z71 w/Preferred Equipt V6 For sale at Fury Ford Waconia in Waconia Minnesota.	https://vimg.remora.inc/614295/1gcgtdenxl1205566-2020-chevrolet-colorado-z71-red-hot-1-114131.avif	in stock	USED	TRUCK	Vehicles & Parts > Vehicles > Motor Vehicles > Cars, Trucks & Vans	1GCGTDENXL1205566	https://furymotors.com/for-sale/used-chevrolet-colorado-z71-wpreferred-equipt-minneapolis-mn/2020-chevrolet-colorado-z71-wpreferred-equipt-1gcgtdenxl1205566/123?store={store_code}	RED	46425 miles	Colorado	1GCGTDENXL1205566	2020	28850 USD	WF1122	28850 USD	MI	no	Colorado	No	Over 20k
1GCPDBEK2PZ162470	2023 Chevrolet Silverado 1500 Custom	Chevrolet	https://furymotors.com/for-sale/used-chevrolet-silverado-1500-custom-minneapolis-mn/2023-chevrolet-silverado-1500-custom-1gcpdbek2pz162470/	26500 USD	2023 Sterling Gray Metallic Chevrolet Silverado 1500 Custom 2.7L Turbo For sale at Fury Ford Waconia in Waconia Minnesota.	https://vimg.remora.inc/568486/1gcpdbek2pz162470-2023-chevrolet-silverado-1500-custom-sterling-gray-metallic-1-113446.avif	in stock	USED	TRUCK	Vehicles & Parts > Vehicles > Motor Vehicles > Cars, Trucks & Vans	1GCPDBEK2PZ162470	https://furymotors.com/for-sale/used-chevrolet-silverado-1500-custom-minneapolis-mn/2023-chevrolet-silverado-1500-custom-1gcpdbek2pz162470/123?store={store_code}	SILVER	75007 miles	Silverado 1500	1GCPDBEK2PZ162470	2023	26500 USD	WF1122	26500 USD	MI	no	Silverado 1500	No	Over 20k
3GCUDFED7PG149404	2023 Chevrolet Silverado 1500 LT Trail Boss	Chevrolet	https://furymotors.com/for-sale/used-chevrolet-silverado-1500-lt-trail-boss-minneapolis-mn/2023-chevrolet-silverado-1500-lt-trail-boss-3gcudfed7pg149404/	42850 USD	2023 Black Chevrolet Silverado 1500 LT Trail Boss EcoTec3 5.3L V8 For sale at Fury Ford Waconia in Waconia Minnesota.	https://vimg.remora.inc/613865/3gcudfed7pg149404-2023-chevrolet-silverado-1500-lt-trail-boss-black-1-114327.avif	in stock	USED	TRUCK	Vehicles & Parts > Vehicles > Motor Vehicles > Cars, Trucks & Vans	3GCUDFED7PG149404	https://furymotors.com/for-sale/used-chevrolet-silverado-1500-lt-trail-boss-minneapolis-mn/2023-chevrolet-silverado-1500-lt-trail-boss-3gcudfed7pg149404/123?store={store_code}	BLACK	43500 miles	Silverado 1500	3GCUDFED7PG149404	2023	42850 USD	WF1122	42850 USD	MI	no	Silverado 1500	No	Over 20k
2C4RC1BG2PR586697	2023 Chrysler Pacifica Touring L	Chrysler	https://furymotors.com/for-sale/used-chrysler-pacifica-touring-l-minneapolis-mn/2023-chrysler-pacifica-touring-l-2c4rc1bg2pr586697/	18500 USD	2023 Bright White Clearcoat Chrysler Pacifica Touring L 3.6L V6 24V VVT For sale at Fury Ford Waconia in Waconia Minnesota.	https://vimg.remora.inc/568922/2c4rc1bg2pr586697-2023-chrysler-pacifica-touring-l-bright-white-clearcoat-1-113396.avif	in stock	USED	VAN	Vehicles & Parts > Vehicles > Motor Vehicles > Cars, Trucks & Vans	2C4RC1BG2PR586697	https://furymotors.com/for-sale/used-chrysler-pacifica-touring-l-minneapolis-mn/2023-chrysler-pacifica-touring-l-2c4rc1bg2pr586697/123?store={store_code}	WHITE	79102 miles	Pacifica	2C4RC1BG2PR586697	2023	18500 USD	WF1122	18500 USD	MI	no	Pacifica	No	Under 20k
2C4RC1BG2RR129830	2024 Chrysler Pacifica Touring L	Chrysler	https://furymotors.com/for-sale/used-chrysler-pacifica-touring-l-minneapolis-mn/2024-chrysler-pacifica-touring-l-2c4rc1bg2rr129830/	21850 USD	2024 Bright White Clearcoat Chrysler Pacifica Touring L 3.6L V6 24V VVT For sale at Fury Ford Waconia in Waconia Minnesota.	https://vimg.remora.inc/623427/2c4rc1bg2rr129830-2024-chrysler-pacifica-touring-l-bright-white-clearcoat-1-114329.avif	in stock	USED	VAN	Vehicles & Parts > Vehicles > Motor Vehicles > Cars, Trucks & Vans	2C4RC1BG2RR129830	https://furymotors.com/for-sale/used-chrysler-pacifica-touring-l-minneapolis-mn/2024-chrysler-pacifica-touring-l-2c4rc1bg2rr129830/123?store={store_code}	WHITE	67115 miles	Pacifica	2C4RC1BG2RR129830	2024	21850 USD	WF1122	21850 USD	MI	no	Pacifica	No	Over 20k
1C4SDJCT9RC221388	2024 Dodge Durango R/T	Dodge	https://furymotors.com/for-sale/used-dodge-durango-rt-minneapolis-mn/2024-dodge-durango-rt-1c4sdjct9rc221388/	39850 USD	2024 Red Oxide Dodge Durango R/T HEMI 5.7L V8 Multi Displacement VVT For sale at Fury Ford Waconia in Waconia Minnesota.	https://vimg.remora.inc/608949/1c4sdjct9rc221388-2024-dodge-durango-rt-red-oxide-1-114310.avif	in stock	USED	SUV	Vehicles & Parts > Vehicles > Motor Vehicles > Cars, Trucks & Vans	1C4SDJCT9RC221388	https://furymotors.com/for-sale/used-dodge-durango-rt-minneapolis-mn/2024-dodge-durango-rt-1c4sdjct9rc221388/123?store={store_code}	RED	18938 miles	Durango	1C4SDJCT9RC221388	2024	39850 USD	WF1122	39850 USD	MI	no	Durango	No	Over 20k
2FMPK4K98KBB09718	2019 Ford Edge Titanium	Ford	https://furymotors.com/for-sale/used-ford-edge-titanium-minneapolis-mn/2019-ford-edge-titanium-2fmpk4k98kbb09718/	16350 USD	2019 Agate Black Metallic Ford Edge Titanium EcoBoost 2.0L I4 GTDi DOHC Turbocharged VCT For sale at Fury Ford Waconia in Waconia Minnesota.	https://vimg.remora.inc/620302/2fmpk4k98kbb09718-2019-ford-edge-titanium-agate-black-metallic-1-114249.avif	in stock	USED	SUV	Vehicles & Parts > Vehicles > Motor Vehicles > Cars, Trucks & Vans	2FMPK4K98KBB09718	https://furymotors.com/for-sale/used-ford-edge-titanium-minneapolis-mn/2019-ford-edge-titanium-2fmpk4k98kbb09718/123?store={store_code}	BLACK	106307 miles	Edge	2FMPK4K98KBB09718	2019	16350 USD	WF1122	16350 USD	MI	no	Edge	No	Under 20k
1FMJK2AT0HEA60762	2017 Ford Expedition EL Limited	Ford	https://furymotors.com/for-sale/used-ford-expedition-el-limited-minneapolis-mn/2017-ford-expedition-el-limited-1fmjk2at0hea60762/	13000 USD	2017 Shadow Black Ford Expedition EL Limited EcoBoost 3.5L V6 GTDi DOHC 24V Twin Turbocharged For sale at Fury Ford Waconia in Waconia Minnesota.	https://vimg.remora.inc/588622/1fmjk2at0hea60762-2017-ford-expedition-el-limited-shadow-black-1-114094.avif	in stock	USED	SUV	Vehicles & Parts > Vehicles > Motor Vehicles > Cars, Trucks & Vans	1FMJK2AT0HEA60762	https://furymotors.com/for-sale/used-ford-expedition-el-limited-minneapolis-mn/2017-ford-expedition-el-limited-1fmjk2at0hea60762/123?store={store_code}	BLACK	155523 miles	Expedition EL	1FMJK2AT0HEA60762	2017	13000 USD	WF1122	13000 USD	MI	no	Expedition EL	No	Under 20k
1FTEW1EP5JKD56076	2018 Ford F-150 Lariat FX4 w/Tech Pkg & Twin Panel MoonRoof	Ford	https://furymotors.com/for-sale/used-ford-f150-lariat-fx4-wtech-pkg-twin-panel-moonroof-minneapolis-mn/2018-ford-f150-lariat-fx4-wtech-pkg-twin-panel-moonroof-1ftew1ep5jkd56076/	20000 USD	2018 Shadow Black Ford F-150 Lariat FX4 w/Tech Pkg & Twin Panel MoonRoof 2.7L V6 EcoBoost For sale at Fury Ford Waconia in Waconia Minnesota.	https://vimg.remora.inc/617733/1ftew1ep5jkd56076-2018-ford-f150-lariat-fx4-wtech-pkg-twin-panel-moonroof-shadow-black-1-114159.avif	in stock	USED	TRUCK	Vehicles & Parts > Vehicles > Motor Vehicles > Cars, Trucks & Vans	1FTEW1EP5JKD56076	https://furymotors.com/for-sale/used-ford-f150-lariat-fx4-wtech-pkg-twin-panel-moonroof-minneapolis-mn/2018-ford-f150-lariat-fx4-wtech-pkg-twin-panel-moonroof-1ftew1ep5jkd56076/123?store={store_code}	BLACK	144207 miles	F-150	1FTEW1EP5JKD56076	2018	20000 USD	WF1122	20000 USD	MI	no	F-150	No	Over 20k
1FTPW14576FA04352	2006 Ford F-150 Lariat	Ford	https://furymotors.com/for-sale/used-ford-f150-lariat-minneapolis-mn/2006-ford-f150-lariat-1ftpw14576fa04352/	11350 USD	2006 Dark Toreador Red Clearcoat Metallic Ford F-150 Lariat 5.4L V8 EFI 24V For sale at Fury Ford Waconia in Waconia Minnesota.	https://vimg.remora.inc/560396/1ftpw14576fa04352-2006-ford-f150-lariat-dark-toreador-red-clearcoat-metallic-1-113319.avif	in stock	USED	TRUCK	Vehicles & Parts > Vehicles > Motor Vehicles > Cars, Trucks & Vans	1FTPW14576FA04352	https://furymotors.com/for-sale/used-ford-f150-lariat-minneapolis-mn/2006-ford-f150-lariat-1ftpw14576fa04352/123?store={store_code}	RED	134610 miles	F-150	1FTPW14576FA04352	2006	11350 USD	WF1122	11350 USD	MI	no	F-150	No	Under 20k
1FTFW1E86PFC45132	2023 Ford F-150 Lariat Sport w/360 Camera & Co Pilot360 Assist	Ford	https://furymotors.com/for-sale/used-ford-f150-lariat-sport-w360-camera-co-pilot360-assist-minneapolis-mn/2023-ford-f150-lariat-sport-w360-camera-co-pilot360-assist-1ftfw1e86pfc45132/	39350 USD	2023 Carbonized Gray Metallic Ford F-150 Lariat Sport w/360 Camera & Co Pilot360 Assist 3.5L V6 EcoBoost For sale at Fury Ford Waconia in Waconia Minnesota.	https://vimg.remora.inc/539202/1ftfw1e86pfc45132-2023-ford-f150-lariat-carbonized-gray-metallic-1-113135.avif	in stock	USED	TRUCK	Vehicles & Parts > Vehicles > Motor Vehicles > Cars, Trucks & Vans	1FTFW1E86PFC45132	https://furymotors.com/for-sale/used-ford-f150-lariat-sport-w360-camera-co-pilot360-assist-minneapolis-mn/2023-ford-f150-lariat-sport-w360-camera-co-pilot360-assist-1ftfw1e86pfc45132/123?store={store_code}	GRAY	52628 miles	F-150	1FTFW1E86PFC45132	2023	39350 USD	WF1122	39350 USD	MI	no	F-150	No	Over 20k
1FTFW4L81RFA68271	2024 Ford F-150 Tremor w/Tow Haul & Bed Utility Pkg	Ford	https://furymotors.com/for-sale/used-ford-f150-tremor-wtow-haul-bed-utility-pkg-minneapolis-mn/2024-ford-f150-tremor-wtow-haul-bed-utility-pkg-1ftfw4l81rfa68271/	45500 USD	2024 Antimatter Blue Metallic Ford F-150 Tremor w/Tow Haul & Bed Utility Pkg 3.5L V6 EcoBoost For sale at Fury Ford Waconia in Waconia Minnesota.	https://vimg.remora.inc/544869/1ftfw4l81rfa68271-2024-ford-f150-tremor-wtow-haul-bed-utility-pkg-antimatter-blue-metallic-1-112966.avif	in stock	USED	TRUCK	Vehicles & Parts > Vehicles > Motor Vehicles > Cars, Trucks & Vans	1FTFW4L81RFA68271	https://furymotors.com/for-sale/used-ford-f150-tremor-wtow-haul-bed-utility-pkg-minneapolis-mn/2024-ford-f150-tremor-wtow-haul-bed-utility-pkg-1ftfw4l81rfa68271/123?store={store_code}	BLUE	45365 miles	F-150	1FTFW4L81RFA68271	2024	45500 USD	WF1122	45500 USD	MI	no	F-150	No	Over 20k
1FTEW1EGXJFB44427	2018 Ford F-150 XL	Ford	https://furymotors.com/for-sale/used-ford-f150-xl-minneapolis-mn/2018-ford-f150-xl-1ftew1egxjfb44427/	17350 USD	2018 Oxford White Ford F-150 XL 3.5L V6 EcoBoost For sale at Fury Ford Waconia in Waconia Minnesota.	https://vimg.remora.inc/610976/1ftew1egxjfb44427-2018-ford-f150-xl-oxford-white-1-114252.avif	in stock	USED	TRUCK	Vehicles & Parts > Vehicles > Motor Vehicles > Cars, Trucks & Vans	1FTEW1EGXJFB44427	https://furymotors.com/for-sale/used-ford-f150-xl-minneapolis-mn/2018-ford-f150-xl-1ftew1egxjfb44427/123?store={store_code}	WHITE	162326 miles	F-150	1FTEW1EGXJFB44427	2018	17350 USD	WF1122	17350 USD	MI	no	F-150	No	Under 20k
1FTFW1EF4DKG30710	2013 Ford F-150 XLT	Ford	https://furymotors.com/for-sale/used-ford-f150-xlt-minneapolis-mn/2013-ford-f150-xlt-1ftfw1ef4dkg30710/	9850 USD	2013 Ruby Red Metallic Ford F-150 XLT 5.0L V8 FFV For sale at Fury Ford Waconia in Waconia Minnesota.	https://vimg.remora.inc/605563/1ftfw1ef4dkg30710-2013-ford-f150-xlt-ruby-red-metallic-1-113988.avif	in stock	USED	TRUCK	Vehicles & Parts > Vehicles > Motor Vehicles > Cars, Trucks & Vans	1FTFW1EF4DKG30710	https://furymotors.com/for-sale/used-ford-f150-xlt-minneapolis-mn/2013-ford-f150-xlt-1ftfw1ef4dkg30710/123?store={store_code}	RED	181962 miles	F-150	1FTFW1EF4DKG30710	2013	9850 USD	WF1122	9850 USD	MI	no	F-150	No	Under 20k
1FTEW3LP3RKD18677	2024 Ford F-150 XLT w/Bluecruise & Black Appearance Pkg	Ford	https://furymotors.com/for-sale/used-ford-f150-xlt-wbluecruise-black-appearance-pkg-minneapolis-mn/2024-ford-f150-xlt-wbluecruise-black-appearance-pkg-1ftew3lp3rkd18677/	38850 USD	2024 Agate Black Metallic Ford F-150 XLT w/Bluecruise & Black Appearance Pkg 2.7L V6 EcoBoost For sale at Fury Ford Waconia in Waconia Minnesota.	https://vimg.remora.inc/498515/1ftew3lp3rkd18677-2024-ford-f150-xlt-1-112278.avif	in stock	USED	TRUCK	Vehicles & Parts > Vehicles > Motor Vehicles > Cars, Trucks & Vans	1FTEW3LP3RKD18677	https://furymotors.com/for-sale/used-ford-f150-xlt-wbluecruise-black-appearance-pkg-minneapolis-mn/2024-ford-f150-xlt-wbluecruise-black-appearance-pkg-1ftew3lp3rkd18677/123?store={store_code}	BLACK	19883 miles	F-150	1FTEW3LP3RKD18677	2024	38850 USD	WF1122	38850 USD	MI	no	F-150	No	Over 20k
3FA6P0SU8HR283951	2017 Ford Fusion Energi Titanium	Ford	https://furymotors.com/for-sale/used-ford-fusion-energi-titanium-minneapolis-mn/2017-ford-fusion-energi-titanium-3fa6p0su8hr283951/	15350 USD	2017 White Platinum Metallic Tri-Coat Ford Fusion Energi Titanium I4 Hybrid For sale at Fury Ford Waconia in Waconia Minnesota.	https://vimg.remora.inc/612911/3fa6p0su8hr283951-2017-ford-fusion-energi-titanium-white-platinum-1-114105.avif	in stock	USED	OTHER	Vehicles & Parts > Vehicles > Motor Vehicles > Cars, Trucks & Vans	3FA6P0SU8HR283951	https://furymotors.com/for-sale/used-ford-fusion-energi-titanium-minneapolis-mn/2017-ford-fusion-energi-titanium-3fa6p0su8hr283951/123?store={store_code}	WHITE	49593 miles	Fusion Energi	3FA6P0SU8HR283951	2017	15350 USD	WF1122	15350 USD	MI	no	Fusion Energi	No	Under 20k
1FA6P8THXF5350663	2015 Ford Mustang EcoBoos Premium 6-Speed Manual	Ford	https://furymotors.com/for-sale/used-ford-mustang-ecoboos-premium-6-speed-manual-minneapolis-mn/2015-ford-mustang-ecoboos-premium-6-speed-manual-1fa6p8thxf5350663/	17350 USD	2015 Magnetic Metallic Ford Mustang EcoBoos Premium 6-Speed Manual EcoBoost 2.3L I4 GTDi DOHC Turbocharged VCT For sale at Fury Ford Waconia in Waconia Minnesota.	https://vimg.remora.inc/626022/1fa6p8thxf5350663-2015-ford-mustang-ecoboost-premium-magnetic-metallic-1-114320.avif	in stock	USED	OTHER	Vehicles & Parts > Vehicles > Motor Vehicles > Cars, Trucks & Vans	1FA6P8THXF5350663	https://furymotors.com/for-sale/used-ford-mustang-ecoboos-premium-6-speed-manual-minneapolis-mn/2015-ford-mustang-ecoboos-premium-6-speed-manual-1fa6p8thxf5350663/123?store={store_code}	GRAY	18433 miles	Mustang	1FA6P8THXF5350663	2015	17350 USD	WF1122	17350 USD	MI	no	Mustang	No	Under 20k
1FATP8UH5L5125919	2020 Ford Mustang EcoBoost Premium	Ford	https://furymotors.com/for-sale/used-ford-mustang-ecoboost-premium-minneapolis-mn/2020-ford-mustang-ecoboost-premium-1fatp8uh5l5125919/	20350 USD	2020 Iconic Silver Metallic Ford Mustang EcoBoost Premium 2.3L I4 Turbocharged EcoBoost For sale at Fury Ford Waconia in Waconia Minnesota.	https://vimg.remora.inc/601903/1fatp8uh5l5125919-2020-ford-mustang-ecoboost-premium-silver-metallic-1-114086.avif	in stock	USED	OTHER	Vehicles & Parts > Vehicles > Motor Vehicles > Cars, Trucks & Vans	1FATP8UH5L5125919	https://furymotors.com/for-sale/used-ford-mustang-ecoboost-premium-minneapolis-mn/2020-ford-mustang-ecoboost-premium-1fatp8uh5l5125919/123?store={store_code}	SILVER	53525 miles	Mustang	1FATP8UH5L5125919	2020	20350 USD	WF1122	20350 USD	MI	no	Mustang	No	Over 20k
1FT7W2BT0FED16655	2015 Ford Super Duty F-250 SRW Lariat	Ford	https://furymotors.com/for-sale/used-ford-super-duty-f250-srw-lariat-minneapolis-mn/2015-ford-super-duty-f250-srw-lariat-1ft7w2bt0fed16655/	27350 USD	2015 Caribou Metallic Ford Super Duty F-250 SRW Lariat Power Stroke 6.7L V8 DI 32V OHV Turbodiesel For sale at Fury Ford Waconia in Waconia Minnesota.	https://vimg.remora.inc/513529/1ft7w2bt0fed16655-2015-ford-super-duty-f250-srw-lariat-caribou-metallic-1-112463.avif	in stock	USED	TRUCK	Vehicles & Parts > Vehicles > Motor Vehicles > Cars, Trucks & Vans	1FT7W2BT0FED16655	https://furymotors.com/for-sale/used-ford-super-duty-f250-srw-lariat-minneapolis-mn/2015-ford-super-duty-f250-srw-lariat-1ft7w2bt0fed16655/123?store={store_code}	BROWN	147370 miles	Super Duty F-250	1FT7W2BT0FED16655	2015	27350 USD	WF1122	27350 USD	MI	no	Super Duty F-250	No	Over 20k
1FT8W3BT6NED54092	2022 Ford Super Duty F-350 SRW Lariat	Ford	https://furymotors.com/for-sale/used-ford-super-duty-f350-srw-lariat-minneapolis-mn/2022-ford-super-duty-f350-srw-lariat-1ft8w3bt6ned54092/	49000 USD	2022 Race Red Ford Super Duty F-350 SRW Lariat Power Stroke 6.7L V8 DI 32V OHV Turbodiesel For sale at Fury Ford Waconia in Waconia Minnesota.	https://vimg.remora.inc/510844/1ft8w3bt6ned54092-2022-ford-super-duty-f350-srw-lariat-race-red-1-112593.avif	in stock	USED	TRUCK	Vehicles & Parts > Vehicles > Motor Vehicles > Cars, Trucks & Vans	1FT8W3BT6NED54092	https://furymotors.com/for-sale/used-ford-super-duty-f350-srw-lariat-minneapolis-mn/2022-ford-super-duty-f350-srw-lariat-1ft8w3bt6ned54092/123?store={store_code}	RED	97778 miles	Super Duty F-350	1FT8W3BT6NED54092	2022	49000 USD	WF1122	49000 USD	MI	no	Super Duty F-350	No	Over 20k
1FT8W3BT3MEC41814	2021 Ford Super Duty F-350 SRW Lariat w/FX4 Off Road & Snow Plow Prep Pkgs	Ford	https://furymotors.com/for-sale/used-ford-super-duty-f350-srw-lariat-wfx4-off-road-snow-plow-prep-pkgs-minneapolis-mn/2021-ford-super-duty-f350-srw-lariat-wfx4-off-road-snow-plow-prep-pkgs-1ft8w3bt3mec41814/	47350 USD	2021 Race Red Ford Super Duty F-350 SRW Lariat w/FX4 Off Road & Snow Plow Prep Pkgs Power Stroke 6.7L V8 DI 32V OHV Turbodiesel For sale at Fury Ford Waconia in Waconia Minnesota.	https://vimg.remora.inc/509535/1ft8w3bt3mec41814-2021-ford-super-duty-f350-srw-lariat-wfx4-off-road-snow-plow-prep-pkgs-race-red-1-112408.avif	in stock	USED	TRUCK	Vehicles & Parts > Vehicles > Motor Vehicles > Cars, Trucks & Vans	1FT8W3BT3MEC41814	https://furymotors.com/for-sale/used-ford-super-duty-f350-srw-lariat-wfx4-off-road-snow-plow-prep-pkgs-minneapolis-mn/2021-ford-super-duty-f350-srw-lariat-wfx4-off-road-snow-plow-prep-pkgs-1ft8w3bt3mec41814/123?store={store_code}	RED	101445 miles	Super Duty F-350	1FT8W3BT3MEC41814	2021	47350 USD	WF1122	47350 USD	MI	no	Super Duty F-350	No	Over 20k
1FAHP60A05Y101869	2005 Ford Thunderbird Deluxe 50th Anniversarry	Ford	https://furymotors.com/for-sale/used-ford-thunderbird-deluxe-50th-anniversarry-minneapolis-mn/2005-ford-thunderbird-deluxe-50th-anniversarry-1fahp60a05y101869/	16850 USD	2005 Inca Gold Ford Thunderbird Deluxe 50th Anniversarry 3.9L V8 DOHC 32V For sale at Fury Ford Waconia in Waconia Minnesota.	https://vimg.remora.inc/587609/1fahp60a05y101869-2005-ford-thunderbird-deluxe-50th-anniversarry-gold-1-113729.avif	in stock	USED	OTHER	Vehicles & Parts > Vehicles > Motor Vehicles > Cars, Trucks & Vans	1FAHP60A05Y101869	https://furymotors.com/for-sale/used-ford-thunderbird-deluxe-50th-anniversarry-minneapolis-mn/2005-ford-thunderbird-deluxe-50th-anniversarry-1fahp60a05y101869/123?store={store_code}	GOLD	42522 miles	Thunderbird	1FAHP60A05Y101869	2005	16850 USD	WF1122	16850 USD	MI	no	Thunderbird	No	Under 20k
2GTEK19J481254697	2008 GMC Sierra 1500 SLE2	GMC	https://furymotors.com/for-sale/used-gmc-sierra-1500-sle2-minneapolis-mn/2008-gmc-sierra-1500-sle2-2gtek19j481254697/	8850 USD	2008 Silver Birch Metallic GMC Sierra 1500 SLE2 Vortec 5.3L V8 SFI For sale at Fury Ford Waconia in Waconia Minnesota.	https://vimg.remora.inc/626289/2gtek19j481254697-2008-gmc-sierra-1500-sle2-silver-birch-metallic-1-114321.avif	in stock	USED	TRUCK	Vehicles & Parts > Vehicles > Motor Vehicles > Cars, Trucks & Vans	2GTEK19J481254697	https://furymotors.com/for-sale/used-gmc-sierra-1500-sle2-minneapolis-mn/2008-gmc-sierra-1500-sle2-2gtek19j481254697/123?store={store_code}	SILVER	96434 miles	Sierra 1500	2GTEK19J481254697	2008	8850 USD	WF1122	8850 USD	MI	no	Sierra 1500	No	Under 20k
1GT424E86FF582211	2015 GMC Sierra 3500HD Denali	GMC	https://furymotors.com/for-sale/used-gmc-sierra-3500hd-denali-minneapolis-mn/2015-gmc-sierra-3500hd-denali-1gt424e86ff582211/	25350 USD	2015 Sonoma Red Metallic GMC Sierra 3500HD Denali Duramax 6.6L V8 Turbodiesel For sale at Fury Ford Waconia in Waconia Minnesota.	https://vimg.remora.inc/621018/1gt424e86ff582211-2015-gmc-sierra-3500hd-denali-sonoma-red-metallic-1-114249.avif	in stock	USED	TRUCK	Vehicles & Parts > Vehicles > Motor Vehicles > Cars, Trucks & Vans	1GT424E86FF582211	https://furymotors.com/for-sale/used-gmc-sierra-3500hd-denali-minneapolis-mn/2015-gmc-sierra-3500hd-denali-1gt424e86ff582211/123?store={store_code}	RED	205167 miles	Sierra 3500HD	1GT424E86FF582211	2015	25350 USD	WF1122	25350 USD	MI	no	Sierra 3500HD	No	Over 20k
1GKS2HKJ2JR232916	2018 GMC Yukon XL Denali	GMC	https://furymotors.com/for-sale/used-gmc-yukon-xl-denali-minneapolis-mn/2018-gmc-yukon-xl-denali-1gks2hkj2jr232916/	19850 USD	2018 Onyx Black GMC Yukon XL Denali EcoTec3 6.2L V8 For sale at Fury Ford Waconia in Waconia Minnesota.	https://vimg.remora.inc/606762/1gks2hkj2jr232916-2018-gmc-yukon-xl-denali-onyx-black-1-114011.avif	in stock	USED	SUV	Vehicles & Parts > Vehicles > Motor Vehicles > Cars, Trucks & Vans	1GKS2HKJ2JR232916	https://furymotors.com/for-sale/used-gmc-yukon-xl-denali-minneapolis-mn/2018-gmc-yukon-xl-denali-1gks2hkj2jr232916/123?store={store_code}	BLACK	165417 miles	Yukon XL	1GKS2HKJ2JR232916	2018	19850 USD	WF1122	19850 USD	MI	no	Yukon XL	No	Under 20k
5FNYF6H58KB010171	2019 Honda Pilot EX-L	Honda	https://furymotors.com/for-sale/used-honda-pilot-ex-l-minneapolis-mn/2019-honda-pilot-ex-l-5fnyf6h58kb010171/	20500 USD	2019 Obsidian Blue Pearl Honda Pilot EX-L 3.5L V6 24V SOHC i-VTEC For sale at Fury Ford Waconia in Waconia Minnesota.	https://vimg.remora.inc/570259/5fnyf6h58kb010171-2019-honda-pilot-ex-l-obsidian-blue-pearl-1-113822.avif	in stock	USED	SUV	Vehicles & Parts > Vehicles > Motor Vehicles > Cars, Trucks & Vans	5FNYF6H58KB010171	https://furymotors.com/for-sale/used-honda-pilot-ex-l-minneapolis-mn/2019-honda-pilot-ex-l-5fnyf6h58kb010171/123?store={store_code}	BLACK	91471 miles	Pilot	5FNYF6H58KB010171	2019	20500 USD	WF1122	20500 USD	MI	no	Pilot	No	Over 20k
KM8HBCABXSU325003	2025 Hyundai Kona SEL	Hyundai	https://furymotors.com/for-sale/used-hyundai-kona-sel-minneapolis-mn/2025-hyundai-kona-sel-km8hbcabxsu325003/	22850 USD	2025 Cyber Gray Metallic Hyundai Kona SEL 2.0L I4 DOHC 16V For sale at Fury Ford Waconia in Waconia Minnesota.	https://vimg.remora.inc/586726/km8hbcabxsu325003-2025-hyundai-kona-sel-cyber-gray-metallic-1-113830.avif	in stock	USED	SUV	Vehicles & Parts > Vehicles > Motor Vehicles > Cars, Trucks & Vans	KM8HBCABXSU325003	https://furymotors.com/for-sale/used-hyundai-kona-sel-minneapolis-mn/2025-hyundai-kona-sel-km8hbcabxsu325003/123?store={store_code}	GRAY	6443 miles	Kona	KM8HBCABXSU325003	2025	22850 USD	WF1122	22850 USD	MI	no	Kona	No	Over 20k
KM8R5DGE2PU577273	2023 Hyundai Palisade Limited	Hyundai	https://furymotors.com/for-sale/used-hyundai-palisade-limited-minneapolis-mn/2023-hyundai-palisade-limited-km8r5dge2pu577273/	30850 USD	2023 Hyper White Hyundai Palisade Limited V6 For sale at Fury Ford Waconia in Waconia Minnesota.	https://vimg.remora.inc/614603/km8r5dge2pu577273-2023-hyundai-palisade-limited-hyper-white-1-114132.avif	in stock	USED	SUV	Vehicles & Parts > Vehicles > Motor Vehicles > Cars, Trucks & Vans	KM8R5DGE2PU577273	https://furymotors.com/for-sale/used-hyundai-palisade-limited-minneapolis-mn/2023-hyundai-palisade-limited-km8r5dge2pu577273/123?store={store_code}	WHITE	70266 miles	Palisade	KM8R5DGE2PU577273	2023	30850 USD	WF1122	30850 USD	MI	no	Palisade	No	Over 20k
1C4PJMDX6LD635067	2020 Jeep Cherokee Limited	Jeep	https://furymotors.com/for-sale/used-jeep-cherokee-limited-minneapolis-mn/2020-jeep-cherokee-limited-1c4pjmdx6ld635067/	16350 USD	2020 Diamond Black Crystal Pearlcoat Jeep Cherokee Limited 3.2L V6 For sale at Fury Ford Waconia in Waconia Minnesota.	https://vimg.remora.inc/601904/1c4pjmdx6ld635067-2020-jeep-cherokee-limited-diamond-black-crystal-pearlcoat-1-114303.avif	in stock	USED	SUV	Vehicles & Parts > Vehicles > Motor Vehicles > Cars, Trucks & Vans	1C4PJMDX6LD635067	https://furymotors.com/for-sale/used-jeep-cherokee-limited-minneapolis-mn/2020-jeep-cherokee-limited-1c4pjmdx6ld635067/123?store={store_code}	BLACK	99825 miles	Cherokee	1C4PJMDX6LD635067	2020	16350 USD	WF1122	16350 USD	MI	no	Cherokee	No	Under 20k
3C4NJDFN7PT505172	2023 Jeep Compass Latitude Lux	Jeep	https://furymotors.com/for-sale/used-jeep-compass-latitude-lux-minneapolis-mn/2023-jeep-compass-latitude-lux-3c4njdfn7pt505172/	21850 USD	2023 Billet Silver Metallic Clearcoat Jeep Compass Latitude Lux 2.0L I4 DOHC For sale at Fury Ford Waconia in Waconia Minnesota.	https://vimg.remora.inc/586020/3c4njdfn7pt505172-2023-jeep-compass-latitude-lux-billet-silver-metallic-clearcoat-1-113958.avif	in stock	USED	SUV	Vehicles & Parts > Vehicles > Motor Vehicles > Cars, Trucks & Vans	3C4NJDFN7PT505172	https://furymotors.com/for-sale/used-jeep-compass-latitude-lux-minneapolis-mn/2023-jeep-compass-latitude-lux-3c4njdfn7pt505172/123?store={store_code}	SILVER	27406 miles	Compass	3C4NJDFN7PT505172	2023	21850 USD	WF1122	21850 USD	MI	no	Compass	No	Over 20k
3C4NJDBBXNT217249	2022 Jeep Compass Latitude	Jeep	https://furymotors.com/for-sale/used-jeep-compass-latitude-minneapolis-mn/2022-jeep-compass-latitude-3c4njdbbxnt217249/	19000 USD	2022 Bright White Clearcoat Jeep Compass Latitude 2.4L I4 For sale at Fury Ford Waconia in Waconia Minnesota.	https://vimg.remora.inc/570143/3c4njdbbxnt217249-2022-jeep-compass-latitude-bright-white-clearcoat-1-113417.avif	in stock	USED	SUV	Vehicles & Parts > Vehicles > Motor Vehicles > Cars, Trucks & Vans	3C4NJDBBXNT217249	https://furymotors.com/for-sale/used-jeep-compass-latitude-minneapolis-mn/2022-jeep-compass-latitude-3c4njdbbxnt217249/123?store={store_code}	WHITE	29107 miles	Compass	3C4NJDBBXNT217249	2022	19000 USD	WF1122	19000 USD	MI	no	Compass	No	Under 20k
1C4RJFCG4GC319507	2016 Jeep Grand Cherokee Overland	Jeep	https://furymotors.com/for-sale/used-jeep-grand-cherokee-overland-minneapolis-mn/2016-jeep-grand-cherokee-overland-1c4rjfcg4gc319507/	14500 USD	2016 Brilliant Black Crystal Pearlcoat Jeep Grand Cherokee Overland 3.6L V6 24V VVT For sale at Fury Ford Waconia in Waconia Minnesota.	https://vimg.remora.inc/567387/1c4rjfcg4gc319507-2016-jeep-grand-cherokee-overland-brilliant-black-crystal-pearlcoat-1-114280.avif	in stock	USED	SUV	Vehicles & Parts > Vehicles > Motor Vehicles > Cars, Trucks & Vans	1C4RJFCG4GC319507	https://furymotors.com/for-sale/used-jeep-grand-cherokee-overland-minneapolis-mn/2016-jeep-grand-cherokee-overland-1c4rjfcg4gc319507/123?store={store_code}	BLACK	96054 miles	Grand Cherokee	1C4RJFCG4GC319507	2016	14500 USD	WF1122	14500 USD	MI	no	Grand Cherokee	No	Under 20k
1C4RJFJG0MC543078	2021 Jeep Grand Cherokee Summit 4x4 w/Adaptive Cruise	Jeep	https://furymotors.com/for-sale/used-jeep-grand-cherokee-summit-4x4-wadaptive-cruise-minneapolis-mn/2021-jeep-grand-cherokee-summit-4x4-wadaptive-cruise-1c4rjfjg0mc543078/	23350 USD	2021 Bright White Clearcoat Jeep Grand Cherokee Summit 4x4 w/Adaptive Cruise 3.6L V6 24V VVT For sale at Fury Ford Waconia in Waconia Minnesota.	https://vimg.remora.inc/586723/1c4rjfjg0mc543078-2021-jeep-grand-cherokee-summit-4x4-wadaptive-cruise-bright-white-clearcoat-1-113926.avif	in stock	USED	SUV	Vehicles & Parts > Vehicles > Motor Vehicles > Cars, Trucks & Vans	1C4RJFJG0MC543078	https://furymotors.com/for-sale/used-jeep-grand-cherokee-summit-4x4-wadaptive-cruise-minneapolis-mn/2021-jeep-grand-cherokee-summit-4x4-wadaptive-cruise-1c4rjfjg0mc543078/123?store={store_code}	WHITE	98218 miles	Grand Cherokee	1C4RJFJG0MC543078	2021	23350 USD	WF1122	23350 USD	MI	no	Grand Cherokee	No	Over 20k
1C4SJSFP1RS158404	2024 Jeep Grand Wagoneer L Series II	Jeep	https://furymotors.com/for-sale/used-jeep-grand-wagoneer-l-series-ii-minneapolis-mn/2024-jeep-grand-wagoneer-l-series-ii-1c4sjsfp1rs158404/	49350 USD	2024 Diamond Black Crystal Pearlcoat Jeep Grand Wagoneer L Series II 3.0L I6 For sale at Fury Ford Waconia in Waconia Minnesota.	https://vimg.remora.inc/625812/1c4sjsfp1rs158404-2024-jeep-grand-wagoneer-l-series-ii-diamond-black-crystal-pearlcoat-1-114305.avif	in stock	USED	SUV	Vehicles & Parts > Vehicles > Motor Vehicles > Cars, Trucks & Vans	1C4SJSFP1RS158404	https://furymotors.com/for-sale/used-jeep-grand-wagoneer-l-series-ii-minneapolis-mn/2024-jeep-grand-wagoneer-l-series-ii-1c4sjsfp1rs158404/123?store={store_code}	BLACK	51376 miles	Grand Wagoneer L	1C4SJSFP1RS158404	2024	49350 USD	WF1122	49350 USD	MI	no	Grand Wagoneer L	No	Over 20k
1C4HJXFG2LW208363	2020 Jeep Wrangler Unlimited Rubicon	Jeep	https://furymotors.com/for-sale/used-jeep-wrangler-unlimited-rubicon-minneapolis-mn/2020-jeep-wrangler-unlimited-rubicon-1c4hjxfg2lw208363/	30500 USD	2020 Bright White Clearcoat Jeep Wrangler Unlimited Rubicon 3.6L V6 24V VVT For sale at Fury Ford Waconia in Waconia Minnesota.	https://vimg.remora.inc/606763/1c4hjxfg2lw208363-2020-jeep-wrangler-unlimited-rubicon-bright-white-clearcoat-1-114130.avif	in stock	USED	SUV	Vehicles & Parts > Vehicles > Motor Vehicles > Cars, Trucks & Vans	1C4HJXFG2LW208363	https://furymotors.com/for-sale/used-jeep-wrangler-unlimited-rubicon-minneapolis-mn/2020-jeep-wrangler-unlimited-rubicon-1c4hjxfg2lw208363/123?store={store_code}	WHITE	52994 miles	Wrangler	1C4HJXFG2LW208363	2020	30500 USD	WF1122	30500 USD	MI	no	Wrangler	No	Over 20k
5LMCJ2DA2RUL08231	2024 Lincoln Corsair Reserve w/Jet Appearance Pkg	Lincoln	https://furymotors.com/for-sale/used-lincoln-corsair-reserve-wjet-appearance-pkg-minneapolis-mn/2024-lincoln-corsair-reserve-wjet-appearance-pkg-5lmcj2da2rul08231/	36000 USD	2024 Silver Radiance Metallic Clearcoat Lincoln Corsair Reserve w/Jet Appearance Pkg 2.0L I4 For sale at Fury Ford Waconia in Waconia Minnesota.	https://vimg.remora.inc/593128/5lmcj2da2rul08231-2024-lincoln-corsair-reserve-wjet-appearance-pkg-silver-radiance-metallic-clearcoat-1-113950.avif	in stock	USED	SUV	Vehicles & Parts > Vehicles > Motor Vehicles > Cars, Trucks & Vans	5LMCJ2DA2RUL08231	https://furymotors.com/for-sale/used-lincoln-corsair-reserve-wjet-appearance-pkg-minneapolis-mn/2024-lincoln-corsair-reserve-wjet-appearance-pkg-5lmcj2da2rul08231/123?store={store_code}	SILVER	28034 miles	Corsair	5LMCJ2DA2RUL08231	2024	36000 USD	WF1122	36000 USD	MI	no	Corsair	No	Over 20k
5LMJJ3LG4REL12617	2024 Lincoln Navigator L Reserve w/Monochromatic & HD Tow Pkgs	Lincoln	https://furymotors.com/for-sale/used-lincoln-navigator-l-reserve-wmonochromatic-hd-tow-pkgs-minneapolis-mn/2024-lincoln-navigator-l-reserve-wmonochromatic-hd-tow-pkgs-5lmjj3lg4rel12617/	55500 USD	2024 Infinite Black Metallic Clearcoat Lincoln Navigator L Reserve w/Monochromatic & HD Tow Pkgs V6 For sale at Fury Ford Waconia in Waconia Minnesota.	https://vimg.remora.inc/522792/5lmjj3lg4rel12617-2024-lincoln-navigator-l-reserve-infinite-black-metallic-clearcoat-1-112607.avif	in stock	USED	SUV	Vehicles & Parts > Vehicles > Motor Vehicles > Cars, Trucks & Vans	5LMJJ3LG4REL12617	https://furymotors.com/for-sale/used-lincoln-navigator-l-reserve-wmonochromatic-hd-tow-pkgs-minneapolis-mn/2024-lincoln-navigator-l-reserve-wmonochromatic-hd-tow-pkgs-5lmjj3lg4rel12617/123?store={store_code}	BLACK	50947 miles	Navigator L	5LMJJ3LG4REL12617	2024	55500 USD	WF1122	55500 USD	MI	no	Navigator L	No	Over 20k
3MVDMBCMXSM801307	2025 Mazda CX-30 2.5 S Carbon Edition	Mazda	https://furymotors.com/for-sale/used-mazda-cx-30-25-s-carbon-edition-minneapolis-mn/2025-mazda-cx-30-25-s-carbon-edition-3mvdmbcmxsm801307/	24000 USD	2025 Polymetal Gray Metallic Mazda CX-30 2.5 S Carbon Edition SKYACTIV-G 2.5L 4-Cylinder DOHC 16V For sale at Fury Ford Waconia in Waconia Minnesota.	https://vimg.remora.inc/594780/3mvdmbcmxsm801307-2025-mazda-cx-30-25-s-carbon-edition-polymetal-gray-metallic-1-113938.avif	in stock	USED	SUV	Vehicles & Parts > Vehicles > Motor Vehicles > Cars, Trucks & Vans	3MVDMBCMXSM801307	https://furymotors.com/for-sale/used-mazda-cx-30-25-s-carbon-edition-minneapolis-mn/2025-mazda-cx-30-25-s-carbon-edition-3mvdmbcmxsm801307/123?store={store_code}	GRAY	23834 miles	CX-30	3MVDMBCMXSM801307	2025	24000 USD	WF1122	24000 USD	MI	no	CX-30	No	Over 20k
1N4BL4DV8SN358259	2025 Nissan Altima 2.5 SV	Nissan	https://furymotors.com/for-sale/used-nissan-altima-25-sv-minneapolis-mn/2025-nissan-altima-25-sv-1n4bl4dv8sn358259/	20350 USD	2025 Brilliant Silver Metallic Nissan Altima 2.5 SV 2.5L 4-Cylinder DOHC 16V For sale at Fury Ford Waconia in Waconia Minnesota.	https://vimg.remora.inc/623432/1n4bl4dv8sn358259-2025-nissan-altima-25-sv-brilliant-silver-metallic-1-114304.avif	in stock	USED	OTHER	Vehicles & Parts > Vehicles > Motor Vehicles > Cars, Trucks & Vans	1N4BL4DV8SN358259	https://furymotors.com/for-sale/used-nissan-altima-25-sv-minneapolis-mn/2025-nissan-altima-25-sv-1n4bl4dv8sn358259/123?store={store_code}	SILVER	56439 miles	Altima	1N4BL4DV8SN358259	2025	20350 USD	WF1122	20350 USD	MI	no	Altima	No	Over 20k
JN8AZ1MW8BW157116	2011 Nissan Murano SL	Nissan	https://furymotors.com/for-sale/used-nissan-murano-sl-minneapolis-mn/2011-nissan-murano-sl-jn8az1mw8bw157116/	5350 USD	2011 Tinted Bronze Metallic Nissan Murano SL 3.5L V6 DOHC 24V For sale at Fury Ford Waconia in Waconia Minnesota.	https://vimg.remora.inc/623886/jn8az1mw8bw157116-2011-nissan-murano-sl-tinted-bronze-metallic-1-114297.avif	in stock	USED	SUV	Vehicles & Parts > Vehicles > Motor Vehicles > Cars, Trucks & Vans	JN8AZ1MW8BW157116	https://furymotors.com/for-sale/used-nissan-murano-sl-minneapolis-mn/2011-nissan-murano-sl-jn8az1mw8bw157116/123?store={store_code}	BRONZE	198379 miles	Murano	JN8AZ1MW8BW157116	2011	5350 USD	WF1122	5350 USD	MI	no	Murano	No	Under 20k
5N1BT3CB8PC832236	2023 Nissan Rogue SL	Nissan	https://furymotors.com/for-sale/used-nissan-rogue-sl-minneapolis-mn/2023-nissan-rogue-sl-5n1bt3cb8pc832236/	23500 USD	2023 Boulder Gray Pearl Nissan Rogue SL 1.5L I3 Turbocharged DOHC 12V LEV3-ULEV50 201hp For sale at Fury Ford Waconia in Waconia Minnesota.	https://vimg.remora.inc/616100/5n1bt3cb8pc832236-2023-nissan-rogue-sl-boulder-gray-pearl-1-114334.avif	in stock	USED	SUV	Vehicles & Parts > Vehicles > Motor Vehicles > Cars, Trucks & Vans	5N1BT3CB8PC832236	https://furymotors.com/for-sale/used-nissan-rogue-sl-minneapolis-mn/2023-nissan-rogue-sl-5n1bt3cb8pc832236/123?store={store_code}	GRAY	48276 miles	Rogue	5N1BT3CB8PC832236	2023	23500 USD	WF1122	23500 USD	MI	no	Rogue	No	Over 20k
5N1BT3BB8RC678454	2024 Nissan Rogue SV	Nissan	https://furymotors.com/for-sale/used-nissan-rogue-sv-minneapolis-mn/2024-nissan-rogue-sv-5n1bt3bb8rc678454/	21850 USD	2024 Brilliant Silver Metallic Nissan Rogue SV 1.5L DOHC For sale at Fury Ford Waconia in Waconia Minnesota.	https://vimg.remora.inc/586018/5n1bt3bb8rc678454-2024-nissan-rogue-sv-brilliant-silver-metallic-1-113902.avif	in stock	USED	SUV	Vehicles & Parts > Vehicles > Motor Vehicles > Cars, Trucks & Vans	5N1BT3BB8RC678454	https://furymotors.com/for-sale/used-nissan-rogue-sv-minneapolis-mn/2024-nissan-rogue-sv-5n1bt3bb8rc678454/123?store={store_code}	SILVER	32226 miles	Rogue	5N1BT3BB8RC678454	2024	21850 USD	WF1122	21850 USD	MI	no	Rogue	No	Over 20k
3N1AB8DV7SY311343	2025 Nissan Sentra SR	Nissan	https://furymotors.com/for-sale/used-nissan-sentra-sr-minneapolis-mn/2025-nissan-sentra-sr-3n1ab8dv7sy311343/	20000 USD	2025 Gun Metallic Nissan Sentra SR 2.0L I4 DOHC For sale at Fury Ford Waconia in Waconia Minnesota.	https://vimg.remora.inc/586725/3n1ab8dv7sy311343-2025-nissan-sentra-sr-gun-metallic-1-113950.avif	in stock	USED	OTHER	Vehicles & Parts > Vehicles > Motor Vehicles > Cars, Trucks & Vans	3N1AB8DV7SY311343	https://furymotors.com/for-sale/used-nissan-sentra-sr-minneapolis-mn/2025-nissan-sentra-sr-3n1ab8dv7sy311343/123?store={store_code}	GRAY	36238 miles	Sentra	3N1AB8DV7SY311343	2025	20000 USD	WF1122	20000 USD	MI	no	Sentra	No	Over 20k
3N1AB8CV8RY335565	2024 Nissan Sentra SV	Nissan	https://furymotors.com/for-sale/used-nissan-sentra-sv-minneapolis-mn/2024-nissan-sentra-sv-3n1ab8cv8ry335565/	17500 USD	2024 Atlantic Gray Metallic Nissan Sentra SV 2.0L I4 DOHC For sale at Fury Ford Waconia in Waconia Minnesota.	https://vimg.remora.inc/586722/3n1ab8cv8ry335565-2024-nissan-sentra-sv-atlantic-gray-metallic-1-114303.avif	in stock	USED	OTHER	Vehicles & Parts > Vehicles > Motor Vehicles > Cars, Trucks & Vans	3N1AB8CV8RY335565	https://furymotors.com/for-sale/used-nissan-sentra-sv-minneapolis-mn/2024-nissan-sentra-sv-3n1ab8cv8ry335565/123?store={store_code}	GRAY	51498 miles	Sentra	3N1AB8CV8RY335565	2024	17500 USD	WF1122	17500 USD	MI	no	Sentra	No	Under 20k
JF1GPAP63G8242082	2016 Subaru Impreza 2.0i Sport Premium	Subaru	https://furymotors.com/for-sale/used-subaru-impreza-20i-sport-premium-minneapolis-mn/2016-subaru-impreza-20i-sport-premium-jf1gpap63g8242082/	11850 USD	2016 Crystal White Pearl Subaru Impreza 2.0i Sport Premium 2.0L 4-Cylinder DOHC 16V For sale at Fury Ford Waconia in Waconia Minnesota.	https://vimg.remora.inc/586019/jf1gpap63g8242082-2016-subaru-impreza-20i-sport-premium-crystal-white-pearl-1-113945.avif	in stock	USED	OTHER	Vehicles & Parts > Vehicles > Motor Vehicles > Cars, Trucks & Vans	JF1GPAP63G8242082	https://furymotors.com/for-sale/used-subaru-impreza-20i-sport-premium-minneapolis-mn/2016-subaru-impreza-20i-sport-premium-jf1gpap63g8242082/123?store={store_code}	WHITE	96976 miles	Impreza	JF1GPAP63G8242082	2016	11850 USD	WF1122	11850 USD	MI	no	Impreza	No	Under 20k
4T1BF1FK6DU656896	2013 Toyota Camry XLE	Toyota	https://furymotors.com/for-sale/used-toyota-camry-xle-minneapolis-mn/2013-toyota-camry-xle-4t1bf1fk6du656896/	10350 USD	2013 Attitude Black Metallic Toyota Camry XLE 2.5L I4 SMPI DOHC For sale at Fury Ford Waconia in Waconia Minnesota.	https://vimg.remora.inc/625813/4t1bf1fk6du656896-2013-toyota-camry-xle-attitude-black-metallic-1-114320.avif	in stock	USED	OTHER	Vehicles & Parts > Vehicles > Motor Vehicles > Cars, Trucks & Vans	4T1BF1FK6DU656896	https://furymotors.com/for-sale/used-toyota-camry-xle-minneapolis-mn/2013-toyota-camry-xle-4t1bf1fk6du656896/123?store={store_code}	BLACK	167718 miles	Camry	4T1BF1FK6DU656896	2013	10350 USD	WF1122	10350 USD	MI	no	Camry	No	Under 20k
3VV8X7B26RM113596	2024 Volkswagen Taos 1.5T S	Volkswagen	https://furymotors.com/for-sale/used-volkswagen-taos-15t-s-minneapolis-mn/2024-volkswagen-taos-15t-s-3vv8x7b26rm113596/	21000 USD	2024 Blue Volkswagen Taos 1.5T S 1.5L I4 Turbocharged DOHC 16V LEV3-SULEV30 158hp For sale at Fury Ford Waconia in Waconia Minnesota.	https://vimg.remora.inc/586724/3vv8x7b26rm113596-2024-volkswagen-taos-15t-s-blue-1-114303.avif	in stock	USED	SUV	Vehicles & Parts > Vehicles > Motor Vehicles > Cars, Trucks & Vans	3VV8X7B26RM113596	https://furymotors.com/for-sale/used-volkswagen-taos-15t-s-minneapolis-mn/2024-volkswagen-taos-15t-s-3vv8x7b26rm113596/123?store={store_code}	BLUE	11198 miles	Taos	3VV8X7B26RM113596	2024	21000 USD	WF1122	21000 USD	MI	no	Taos	No	Over 20k
3VV2B7AXXLM142477	2020 Volkswagen Tiguan 2.0T SE R-Line Black	Volkswagen	https://furymotors.com/for-sale/used-volkswagen-tiguan-20t-se-r-line-black-minneapolis-mn/2020-volkswagen-tiguan-20t-se-r-line-black-3vv2b7axxlm142477/	10350 USD	2020 Pure White Volkswagen Tiguan 2.0T SE R-Line Black 2.0L TSI DOHC For sale at Fury Ford Waconia in Waconia Minnesota.	https://vimg.remora.inc/579644/3vv2b7axxlm142477-2020-volkswagen-tiguan-20t-se-r-line-black-pure-white-1-113934.avif	in stock	USED	SUV	Vehicles & Parts > Vehicles > Motor Vehicles > Cars, Trucks & Vans	3VV2B7AXXLM142477	https://furymotors.com/for-sale/used-volkswagen-tiguan-20t-se-r-line-black-minneapolis-mn/2020-volkswagen-tiguan-20t-se-r-line-black-3vv2b7axxlm142477/123?store={store_code}	WHITE	184376 miles	Tiguan	3VV2B7AXXLM142477	2020	10350 USD	WF1122	10350 USD	MI	no	Tiguan	No	Under 20k
