id	title	brand	link	vehicle MSRP	description	image_link	availability	condition	product_type	google_product_category	MPN	link_template	color	mileage	model	vin	year	price	store code	MSRP	mileage.unit	certified_pre_owned	custom_label_0	custom_label_1	custom_label_2
5N1BT3BB0VC679284	2027 Nissan Rogue Dark Armor	Nissan	https://www.mankatomotors.com/new/Nissan/2027-Nissan-Rogue-ddcc36b6ac1811ad7a6dbabb6f6ace9d.htm	38145 USD	2027 Qbe Nissan Rogue Dark Armor For sale at Mankato Motors in Mankato Minnesota.	https://images.dealer.com/autodata/us/large_stockphoto/2027/USD70NIS112D0.jpg	in stock	NEW	SUV	Vehicles & Parts > Vehicles > Motor Vehicles > Cars, Trucks & Vans	5N1BT3BB0VC679284	https://www.mankatomotors.com/new/Nissan/2027-Nissan-Rogue-ddcc36b6ac1811ad7a6dbabb6f6ace9d.htm?store={store_code}	NA	0 miles	Rogue	5N1BT3BB0VC679284	2027	38145 USD	MM100	38145 USD	MI	no	Rogue	No	Over 15k
5N1BT3BB9VC675069	2027 Nissan Rogue Dark Armor	Nissan	https://www.mankatomotors.com/new/Nissan/2027-Nissan-Rogue-ddcc3afbac1811ad7a6dbabbcd609599.htm	38440 USD	2027 Dan Nissan Rogue Dark Armor For sale at Mankato Motors in Mankato Minnesota.	https://images.dealer.com/autodata/us/large_stockphoto/2027/USD70NIS112D0.jpg	in stock	NEW	SUV	Vehicles & Parts > Vehicles > Motor Vehicles > Cars, Trucks & Vans	5N1BT3BB9VC675069	https://www.mankatomotors.com/new/Nissan/2027-Nissan-Rogue-ddcc3afbac1811ad7a6dbabbcd609599.htm?store={store_code}	NA	0 miles	Rogue	5N1BT3BB9VC675069	2027	38440 USD	MM100	38440 USD	MI	no	Rogue	No	Over 15k
KL79MUSL2TB297630	2026 Chevrolet Trailblazer RS	Chevrolet	https://www.mankatomotors.com/new/Chevrolet/2026-Chevrolet-Trailblazer-f60c53b4ac18490df754131422ef0ff0.htm	34620 USD	2026 Pearl Chevrolet Trailblazer RS 1.3L I3 Turbocharged DOHC 12V LEV3-SULEV30 155hp For sale at Mankato Motors in Mankato Minnesota.	https://pictures.web.dealer.com/m/mankatochevrolet/0063/03d74d2b87c60a1fc52d77eec445ce63x.jpg	in stock	NEW	SUV	Vehicles & Parts > Vehicles > Motor Vehicles > Cars, Trucks & Vans	KL79MUSL2TB297630	https://www.mankatomotors.com/new/Chevrolet/2026-Chevrolet-Trailblazer-f60c53b4ac18490df754131422ef0ff0.htm?store={store_code}	NA	0 miles	Trailblazer	KL79MUSL2TB297630	2026	34620 USD	MM100	34620 USD	MI	no	Trailblazer	No	Over 15k
3GNAXPEG3VL204629	2027 Chevrolet Equinox LT	Chevrolet	https://www.mankatomotors.com/new/Chevrolet/2027-Chevrolet-Equinox-901c2c17ac18004e1d0db14ed58a85eb.htm	36610 USD	2027 Autumn Chevrolet Equinox LT 1.5L DOHC For sale at Mankato Motors in Mankato Minnesota.	https://pictures.web.dealer.com/m/mankatochevrolet/1976/95158870a21c4bbf2a826f0d2417ab1dx.jpg	in stock	NEW	SUV	Vehicles & Parts > Vehicles > Motor Vehicles > Cars, Trucks & Vans	3GNAXPEG3VL204629	https://www.mankatomotors.com/new/Chevrolet/2027-Chevrolet-Equinox-901c2c17ac18004e1d0db14ed58a85eb.htm?store={store_code}	NA	0 miles	Equinox	3GNAXPEG3VL204629	2027	36610 USD	MM100	36610 USD	MI	no	Equinox	No	Over 15k
5N1DR3DK9TC293478	2026 Nissan Pathfinder Platinum	Nissan	https://www.mankatomotors.com/new/Nissan/2026-Nissan-Pathfinder-85d22793ac183d20eebe8ad1e5b98c32.htm	49760 USD	2026 Teal Nissan Pathfinder Platinum 3.5L V6 DOHC For sale at Mankato Motors in Mankato Minnesota.	https://pictures.web.dealer.com/m/mankatonissan/0058/970c245a0fd432755a6580de2ac66523x.jpg	in stock	NEW	SUV	Vehicles & Parts > Vehicles > Motor Vehicles > Cars, Trucks & Vans	5N1DR3DK9TC293478	https://www.mankatomotors.com/new/Nissan/2026-Nissan-Pathfinder-85d22793ac183d20eebe8ad1e5b98c32.htm?store={store_code}	NA	0 miles	Pathfinder	5N1DR3DK9TC293478	2026	49760 USD	MM100	49760 USD	MI	no	Pathfinder	No	Over 15k
5N1DR3DK5TC293784	2026 Nissan Pathfinder Platinum	Nissan	https://www.mankatomotors.com/new/Nissan/2026-Nissan-Pathfinder-901dd9f0ac180486dccee4df8a17a138.htm	55910 USD	2026 Teal Nissan Pathfinder Platinum 3.5L V6 DOHC For sale at Mankato Motors in Mankato Minnesota.	https://pictures.web.dealer.com/m/mankatonissan/0058/970c245a0fd432755a6580de2ac66523x.jpg	in stock	NEW	SUV	Vehicles & Parts > Vehicles > Motor Vehicles > Cars, Trucks & Vans	5N1DR3DK5TC293784	https://www.mankatomotors.com/new/Nissan/2026-Nissan-Pathfinder-901dd9f0ac180486dccee4df8a17a138.htm?store={store_code}	NA	0 miles	Pathfinder	5N1DR3DK5TC293784	2026	55910 USD	MM100	55910 USD	MI	no	Pathfinder	No	Over 15k
JA4T0MA95TZ031384	2026 Nissan Rogue Plug-In Hybrid Platinum	Nissan	https://www.mankatomotors.com/new/Nissan/2026-Nissan-Rogue-Plug-In-Hybrid-bcf9dcbeac1833deba8e7e1bd27db401.htm	44465 USD	2026 Alpine Nissan Rogue Plug-In Platinum 2.4L 4-Cylinder DI DOHC For sale at Mankato Motors in Mankato Minnesota.	https://pictures.web.dealer.com/m/mankatonissan/1536/c0958c79102c8c4dffc422ac015ad200x.jpg	in stock	NEW	SUV	Vehicles & Parts > Vehicles > Motor Vehicles > Cars, Trucks & Vans	JA4T0MA95TZ031384	https://www.mankatomotors.com/new/Nissan/2026-Nissan-Rogue-Plug-In-Hybrid-bcf9dcbeac1833deba8e7e1bd27db401.htm?store={store_code}	NA	0 miles	Rogue Plug-In	JA4T0MA95TZ031384	2026	44465 USD	MM100	44465 USD	MI	no	Rogue Plug-In	No	Over 15k
5N1BT3BB1TC878731	2026 Nissan Rogue Rock Creek	Nissan	https://www.mankatomotors.com/new/Nissan/2026-Nissan-Rogue-a52648c5ac183ecbd73d4eae3a4a93aa.htm	32445 USD	2026 Baja Storm Metallic Nissan Rogue Rock Creek 1.5L DOHC For sale at Mankato Motors in Mankato Minnesota.	https://pictures.web.dealer.com/m/mankatonissan/1303/fa407306fc5dd80f3f12174e6df83131x.jpg	in stock	NEW	SUV	Vehicles & Parts > Vehicles > Motor Vehicles > Cars, Trucks & Vans	5N1BT3BB1TC878731	https://www.mankatomotors.com/new/Nissan/2026-Nissan-Rogue-a52648c5ac183ecbd73d4eae3a4a93aa.htm?store={store_code}	NA	0 miles	Rogue	5N1BT3BB1TC878731	2026	32445 USD	MM100	32445 USD	MI	no	Rogue	No	Over 15k
JN8BT3DD4TW430828	2026 Nissan Rogue Platinum	Nissan	https://www.mankatomotors.com/new/Nissan/2026-Nissan-Rogue-ddcc33c3ac18317c333ce9bd05182882.htm	37685 USD	2026 2t Chpn Nissan Rogue Platinum 1.5L DOHC For sale at Mankato Motors in Mankato Minnesota.	https://pictures.web.dealer.com/m/mankatonissan/0647/087b61ba48dd0ea965716fb58379e027x.jpg	in stock	NEW	SUV	Vehicles & Parts > Vehicles > Motor Vehicles > Cars, Trucks & Vans	JN8BT3DD4TW430828	https://www.mankatomotors.com/new/Nissan/2026-Nissan-Rogue-ddcc33c3ac18317c333ce9bd05182882.htm?store={store_code}	NA	0 miles	Rogue	JN8BT3DD4TW430828	2026	37685 USD	MM100	37685 USD	MI	no	Rogue	No	Over 15k
1N6ED1EK4VN602322	2027 Nissan Frontier PRO-4XR	Nissan	https://www.mankatomotors.com/new/Nissan/2027-Nissan-Frontier-901ddb90ac18431504067597b0bf0aa5.htm	50045 USD	2027 Alpine Metallic Nissan Frontier PRO-4XR 3.8L V6 For sale at Mankato Motors in Mankato Minnesota.	https://images.dealer.com/autodata/us/color/2027/USD70NIT124D0/DAR.jpg	in stock	NEW	TRUCK	Vehicles & Parts > Vehicles > Motor Vehicles > Cars, Trucks & Vans	1N6ED1EK4VN602322	https://www.mankatomotors.com/new/Nissan/2027-Nissan-Frontier-901ddb90ac18431504067597b0bf0aa5.htm?store={store_code}	NA	0 miles	Frontier	1N6ED1EK4VN602322	2027	50045 USD	MM100	50045 USD	MI	no	Frontier	No	Over 15k
1N6ED1EK5VN605438	2027 Nissan Frontier SV	Nissan	https://www.mankatomotors.com/new/Nissan/2027-Nissan-Frontier-c8c3bc79ac1812d225eec517e34c4831.htm	41495 USD	2027 Alpine Nissan Frontier SV 3.8L V6 For sale at Mankato Motors in Mankato Minnesota.	https://pictures.web.dealer.com/m/mankatonissan/0472/bdecdc3968c35aa462379bdf00d5af54x.jpg	in stock	NEW	TRUCK	Vehicles & Parts > Vehicles > Motor Vehicles > Cars, Trucks & Vans	1N6ED1EK5VN605438	https://www.mankatomotors.com/new/Nissan/2027-Nissan-Frontier-c8c3bc79ac1812d225eec517e34c4831.htm?store={store_code}	NA	0 miles	Frontier	1N6ED1EK5VN605438	2027	41495 USD	MM100	41495 USD	MI	no	Frontier	No	Over 15k
3N1AB9DV9VY207219	2027 Nissan Sentra SR	Nissan	https://www.mankatomotors.com/new/Nissan/2027-Nissan-Sentra-fac89491ac18341fab2e75cb590e3c75.htm	30065 USD	2027 2tonewhtbl Nissan Sentra SR 2L I4 DOHC For sale at Mankato Motors in Mankato Minnesota.	https://pictures.web.dealer.com/m/mankatonissan/1593/54d60709cd8bb82d312803e89cc43defx.jpg	in stock	NEW	OTHER	Vehicles & Parts > Vehicles > Motor Vehicles > Cars, Trucks & Vans	3N1AB9DV9VY207219	https://www.mankatomotors.com/new/Nissan/2027-Nissan-Sentra-fac89491ac18341fab2e75cb590e3c75.htm?store={store_code}	NA	0 miles	Sentra	3N1AB9DV9VY207219	2027	30065 USD	MM100	30065 USD	MI	no	Sentra	No	Over 15k
WVWVE7CD4TW267335	2026 Volkswagen Golf GTI Autobahn	Volkswagen	https://www.mankatomotors.com/new/Volkswagen/2026-Volkswagen-Golf-GTI-fedefbe7ac180605cb70690737975393.htm	41872 USD	2026 Moonstone Volkswagen Golf GTI Autobahn 2L TSI DOHC For sale at Mankato Motors in Mankato Minnesota.	https://pictures.web.dealer.com/m/mankatovw/0188/8b7d931b95185db3476470fa4c876d1fx.jpg	in stock	NEW	OTHER	Vehicles & Parts > Vehicles > Motor Vehicles > Cars, Trucks & Vans	WVWVE7CD4TW267335	https://www.mankatomotors.com/new/Volkswagen/2026-Volkswagen-Golf-GTI-fedefbe7ac180605cb70690737975393.htm?store={store_code}	NA	0 miles	Golf GTI	WVWVE7CD4TW267335	2026	41872 USD	MM100	41872 USD	MI	no	Golf GTI	No	Over 15k
1V2F53DH0VC501505	2027 Volkswagen Atlas SEL Premium R-Line	Volkswagen	https://www.mankatomotors.com/new/Volkswagen/2027-Volkswagen-Atlas-66ea2d47ac185b7043adb35b5d684775.htm	60440 USD	2027 Pearl Volkswagen Atlas SEL Premium R-Line 2L 4-Cylinder DOHC 16V For sale at Mankato Motors in Mankato Minnesota.	https://images.dealer.com/unavailable_stockphoto.png	in stock	NEW	SUV	Vehicles & Parts > Vehicles > Motor Vehicles > Cars, Trucks & Vans	1V2F53DH0VC501505	https://www.mankatomotors.com/new/Volkswagen/2027-Volkswagen-Atlas-66ea2d47ac185b7043adb35b5d684775.htm?store={store_code}	NA	0 miles	Atlas	1V2F53DH0VC501505	2027	60440 USD	MM100	60440 USD	MI	no	Atlas	No	Over 15k
1V2J53DH6VC500627	2027 Volkswagen Atlas SE w/Technology	Volkswagen	https://www.mankatomotors.com/new/Volkswagen/2027-Volkswagen-Atlas-66ea3235ac1813b262e6ac1048cabea1.htm	51450 USD	2027 Sandstone Volkswagen Atlas SE w/Technology 2L 4-Cylinder DOHC 16V For sale at Mankato Motors in Mankato Minnesota.	https://images.dealer.com/unavailable_stockphoto.png	in stock	NEW	SUV	Vehicles & Parts > Vehicles > Motor Vehicles > Cars, Trucks & Vans	1V2J53DH6VC500627	https://www.mankatomotors.com/new/Volkswagen/2027-Volkswagen-Atlas-66ea3235ac1813b262e6ac1048cabea1.htm?store={store_code}	NA	0 miles	Atlas	1V2J53DH6VC500627	2027	51450 USD	MM100	51450 USD	MI	no	Atlas	No	Over 15k
3VVUW7RM7VM001926	2027 Volkswagen Tiguan SEL R-Line Turbo	Volkswagen	https://www.mankatomotors.com/new/Volkswagen/2027-Volkswagen-Tiguan-ecd20495ac1822ed3b294cb01385da8b.htm	46175 USD	2027 Pearl Volkswagen Tiguan SEL R-Line Turbo 2L Turbocharged For sale at Mankato Motors in Mankato Minnesota.	https://pictures.web.dealer.com/m/mankatovw/1654/cbc0e4cf446c573a9944c49b16f49d6bx.jpg	in stock	NEW	SUV	Vehicles & Parts > Vehicles > Motor Vehicles > Cars, Trucks & Vans	3VVUW7RM7VM001926	https://www.mankatomotors.com/new/Volkswagen/2027-Volkswagen-Tiguan-ecd20495ac1822ed3b294cb01385da8b.htm?store={store_code}	NA	0 miles	Tiguan	3VVUW7RM7VM001926	2027	46175 USD	MM100	46175 USD	MI	no	Tiguan	No	Over 15k
3GCUKREC8EG152632	2014 Chevrolet Silverado 1500 LT	Chevrolet	https://www.mankatomotors.com/used/Chevrolet/2014-Chevrolet-Silverado-1500-ddc99c52ac185b5f61b2aa7919056d4a.htm	16599 USD	2014 Tungsten Metallic Chevrolet Silverado 1500 LT 5.3L V-8 For sale at Mankato Motors in Mankato Minnesota.	https://pictures.web.dealer.com/m/mankatochevrolet/0468/6da9e1ff16f9bb9d281ad80ff5d3fec6x.jpg	in stock	USED	TRUCK	Vehicles & Parts > Vehicles > Motor Vehicles > Cars, Trucks & Vans	3GCUKREC8EG152632	https://www.mankatomotors.com/used/Chevrolet/2014-Chevrolet-Silverado-1500-ddc99c52ac185b5f61b2aa7919056d4a.htm?store={store_code}	NA	128830 miles	Silverado 1500	3GCUKREC8EG152632	2014	16599 USD	MM100	16599 USD	MI	no	Silverado 1500	No	Over 15k
1GNSKHKC3JR388645	2018 Chevrolet Suburban LT	Chevrolet	https://www.mankatomotors.com/used/Chevrolet/2018-Chevrolet-Suburban-fcb052cfac182f00bd534bb1b95dbcfb.htm	21339 USD	2018 Pepperdust Metallic Chevrolet Suburban LT 5.3L V-8 For sale at Mankato Motors in Mankato Minnesota.	https://pictures.web.dealer.com/m/mankatochevrolet/1124/e4073b98b904bf46c08367301a8bf042x.jpg	in stock	USED	SUV	Vehicles & Parts > Vehicles > Motor Vehicles > Cars, Trucks & Vans	1GNSKHKC3JR388645	https://www.mankatomotors.com/used/Chevrolet/2018-Chevrolet-Suburban-fcb052cfac182f00bd534bb1b95dbcfb.htm?store={store_code}	NA	113268 miles	Suburban	1GNSKHKC3JR388645	2018	21339 USD	MM100	21339 USD	MI	no	Suburban	No	Over 15k
1GNSKAKC9JR301497	2018 Chevrolet Tahoe LS	Chevrolet	https://www.mankatomotors.com/used/Chevrolet/2018-Chevrolet-Tahoe-af02d132ac1851979897d886f342f1e1.htm	16799 USD	2018 Tungsten Metallic Chevrolet Tahoe LS 5.3L V-8 For sale at Mankato Motors in Mankato Minnesota.	https://pictures.web.dealer.com/m/mankatochevrolet/1013/ae553315724101f1cb2d60e37d255b09x.jpg	in stock	USED	SUV	Vehicles & Parts > Vehicles > Motor Vehicles > Cars, Trucks & Vans	1GNSKAKC9JR301497	https://www.mankatomotors.com/used/Chevrolet/2018-Chevrolet-Tahoe-af02d132ac1851979897d886f342f1e1.htm?store={store_code}	NA	151823 miles	Tahoe	1GNSKAKC9JR301497	2018	16799 USD	MM100	16799 USD	MI	no	Tahoe	No	Over 15k
1GCUYGET1NZ232759	2022 Chevrolet Silverado 1500 LTD LTZ	Chevrolet	https://www.mankatomotors.com/used/Chevrolet/2022-Chevrolet-Silverado-1500-LTD-5d16f8c7ac180e144107ff7b07813cb4.htm	28799 USD	2022 Iridescent Pearl Tricoat Chevrolet Silverado 1500 LTD LTZ 3L i-6 For sale at Mankato Motors in Mankato Minnesota.	https://pictures.web.dealer.com/m/mankatochevrolet/0872/570b83b795e449035ffd0addfc1c6202x.jpg	in stock	USED	TRUCK	Vehicles & Parts > Vehicles > Motor Vehicles > Cars, Trucks & Vans	1GCUYGET1NZ232759	https://www.mankatomotors.com/used/Chevrolet/2022-Chevrolet-Silverado-1500-LTD-5d16f8c7ac180e144107ff7b07813cb4.htm?store={store_code}	NA	125151 miles	Silverado 1500 LTD	1GCUYGET1NZ232759	2022	28799 USD	MM100	28799 USD	MI	no	Silverado 1500 LTD	No	Over 15k
1FTFW1ET3CFB43172	2012 Ford F-150 XLT	Ford	https://www.mankatomotors.com/used/Ford/2012-Ford-F-150-bf2f596cac185bc6fc1af9b56aa7600f.htm	12000 USD	2012 Pale Adobe Metallic Ford F-150 XLT 3.5L V-6 For sale at Mankato Motors in Mankato Minnesota.	https://pictures.web.dealer.com/m/mankatonissan/0826/ac9dff393478bf152e7c29b8c6025067x.jpg	in stock	USED	TRUCK	Vehicles & Parts > Vehicles > Motor Vehicles > Cars, Trucks & Vans	1FTFW1ET3CFB43172	https://www.mankatomotors.com/used/Ford/2012-Ford-F-150-bf2f596cac185bc6fc1af9b56aa7600f.htm?store={store_code}	NA	132652 miles	F-150	1FTFW1ET3CFB43172	2012	12000 USD	MM100	12000 USD	MI	no	F-150	No	Under 15k
KMHLS4AGXPU452496	2023 Hyundai Elantra SEL	Hyundai	https://www.mankatomotors.com/used/Hyundai/2023-Hyundai-Elantra-d3104de8ac1811ad7a6dbabb1e62bf68.htm	20839 USD	2023 Fluid Metal Hyundai Elantra SEL 2L i-4 For sale at Mankato Motors in Mankato Minnesota.	https://pictures.web.dealer.com/m/mankatochevrolet/1460/774e5a9398e20333f9ee157fa31d9705x.jpg	in stock	USED	OTHER	Vehicles & Parts > Vehicles > Motor Vehicles > Cars, Trucks & Vans	KMHLS4AGXPU452496	https://www.mankatomotors.com/used/Hyundai/2023-Hyundai-Elantra-d3104de8ac1811ad7a6dbabb1e62bf68.htm?store={store_code}	NA	34400 miles	Elantra	KMHLS4AGXPU452496	2023	20839 USD	MM100	20839 USD	MI	no	Elantra	No	Over 15k
1N6ED1EK3PN658223	2023 Nissan Frontier PRO-4X	Nissan	https://www.mankatomotors.com/used/Nissan/2023-Nissan-Frontier-a8cf9adbac180c97dc3ffb0c7554adb5.htm	37000 USD	2023 Baja Storm Nissan Frontier PRO-4X 3.8L V-6 For sale at Mankato Motors in Mankato Minnesota.	https://pictures.web.dealer.com/m/mankatonissan/1677/c98138be8c3a208658aa5cb2c47e4c46x.jpg	in stock	USED	TRUCK	Vehicles & Parts > Vehicles > Motor Vehicles > Cars, Trucks & Vans	1N6ED1EK3PN658223	https://www.mankatomotors.com/used/Nissan/2023-Nissan-Frontier-a8cf9adbac180c97dc3ffb0c7554adb5.htm?store={store_code}	NA	25940 miles	Frontier	1N6ED1EK3PN658223	2023	37000 USD	MM100	37000 USD	MI	no	Frontier	No	Over 15k
3VV4B7AX5MM031636	2021 Volkswagen Tiguan 2.0T SEL Premium R-Line	Volkswagen	https://www.mankatomotors.com/certified/Volkswagen/2021-Volkswagen-Tiguan-6c11f2f0ac184d75e32c2e107793a56f.htm	23000 USD	2021 Atlantic Blue Metallic Volkswagen Tiguan 2.0T SEL Premium R-Line 2L Other For sale at Mankato Motors in Mankato Minnesota.	https://pictures.web.dealer.com/m/mankatonissan/0415/f83ed2dda726baa91d12fb302e6dbda7x.jpg	in stock	USED	SUV	Vehicles & Parts > Vehicles > Motor Vehicles > Cars, Trucks & Vans	3VV4B7AX5MM031636	https://www.mankatomotors.com/certified/Volkswagen/2021-Volkswagen-Tiguan-6c11f2f0ac184d75e32c2e107793a56f.htm?store={store_code}	BLUE	65100 miles	Tiguan	3VV4B7AX5MM031636	2021	23000 USD	MM100	23000 USD	MI	yes	Tiguan	Yes	Over 15k
3VV2B7AX4MM139821	2021 Volkswagen Tiguan 2.0T SE	Volkswagen	https://www.mankatomotors.com/certified/Volkswagen/2021-Volkswagen-Tiguan-b9c253d3ac1820874a57f05dc1251fab.htm	20339 USD	2021 Pyrite Silver Metallic Volkswagen Tiguan 2.0T SE 2L Other For sale at Mankato Motors in Mankato Minnesota.	https://pictures.web.dealer.com/m/mankatovw/1050/5389d68b9fa750c73d8fa9b3931bd96dx.jpg	in stock	USED	SUV	Vehicles & Parts > Vehicles > Motor Vehicles > Cars, Trucks & Vans	3VV2B7AX4MM139821	https://www.mankatomotors.com/certified/Volkswagen/2021-Volkswagen-Tiguan-b9c253d3ac1820874a57f05dc1251fab.htm?store={store_code}	SILVER	60455 miles	Tiguan	3VV2B7AX4MM139821	2021	20339 USD	MM100	20339 USD	MI	yes	Tiguan	Yes	Over 15k
3VV0B7AX6MM097255	2021 Volkswagen Tiguan 2.0T S	Volkswagen	https://www.mankatomotors.com/certified/Volkswagen/2021-Volkswagen-Tiguan-c8c6d177ac183ecbd73d4eaec9896a78.htm	17139 USD	2021 Pyrite Silver Metallic Volkswagen Tiguan 2.0T S 2L Other For sale at Mankato Motors in Mankato Minnesota.	https://pictures.web.dealer.com/m/mankatovw/1637/a75b0bf81f7cb6726ff7675fb518ce18x.jpg	in stock	USED	SUV	Vehicles & Parts > Vehicles > Motor Vehicles > Cars, Trucks & Vans	3VV0B7AX6MM097255	https://www.mankatomotors.com/certified/Volkswagen/2021-Volkswagen-Tiguan-c8c6d177ac183ecbd73d4eaec9896a78.htm?store={store_code}	SILVER	73190 miles	Tiguan	3VV0B7AX6MM097255	2021	17139 USD	MM100	17139 USD	MI	yes	Tiguan	Yes	Over 15k
3VV2B7AX9NM026349	2022 Volkswagen Tiguan 2.0T SE	Volkswagen	https://www.mankatomotors.com/certified/Volkswagen/2022-Volkswagen-Tiguan-404f319bac181da0dd1bebc3042702f2.htm	21000 USD	2022 Atlantic Blue Metallic Volkswagen Tiguan 2.0T SE 2L Other For sale at Mankato Motors in Mankato Minnesota.	https://pictures.web.dealer.com/m/mankatovw/1048/f776ba439aa6313898b74b3b45daf2b5x.jpg	in stock	USED	SUV	Vehicles & Parts > Vehicles > Motor Vehicles > Cars, Trucks & Vans	3VV2B7AX9NM026349	https://www.mankatomotors.com/certified/Volkswagen/2022-Volkswagen-Tiguan-404f319bac181da0dd1bebc3042702f2.htm?store={store_code}	BLUE	64608 miles	Tiguan	3VV2B7AX9NM026349	2022	21000 USD	MM100	21000 USD	MI	yes	Tiguan	Yes	Over 15k
3VV2X7B21PM343873	2023 Volkswagen Taos 1.5T SEL	Volkswagen	https://www.mankatomotors.com/certified/Volkswagen/2023-Volkswagen-Taos-04059d48ac184abdfb3c758d5cc9b977.htm	25339 USD	2023 Deep Black Pearl Volkswagen Taos 1.5T SEL 1.5L i-4 For sale at Mankato Motors in Mankato Minnesota.	https://pictures.web.dealer.com/m/mankatovw/0126/369e06ecc5d2eddfa1c5fe56cbff191ex.jpg	in stock	USED	SUV	Vehicles & Parts > Vehicles > Motor Vehicles > Cars, Trucks & Vans	3VV2X7B21PM343873	https://www.mankatomotors.com/certified/Volkswagen/2023-Volkswagen-Taos-04059d48ac184abdfb3c758d5cc9b977.htm?store={store_code}	BLACK	12215 miles	Taos	3VV2X7B21PM343873	2023	25339 USD	MM100	25339 USD	MI	yes	Taos	Yes	Over 15k
3VVRB7AX4PM124934	2023 Volkswagen Tiguan 2.0T S	Volkswagen	https://www.mankatomotors.com/certified/Volkswagen/2023-Volkswagen-Tiguan-3b283cfdac18518b4729f63b69781065.htm	21599 USD	2023 Pure White Volkswagen Tiguan 2.0T S 2L Other For sale at Mankato Motors in Mankato Minnesota.	https://pictures.web.dealer.com/m/mankatovw/1373/e66889cd831495ee2150f6987b1469fcx.jpg	in stock	USED	SUV	Vehicles & Parts > Vehicles > Motor Vehicles > Cars, Trucks & Vans	3VVRB7AX4PM124934	https://www.mankatomotors.com/certified/Volkswagen/2023-Volkswagen-Tiguan-3b283cfdac18518b4729f63b69781065.htm?store={store_code}	WHITE	24945 miles	Tiguan	3VVRB7AX4PM124934	2023	21599 USD	MM100	21599 USD	MI	yes	Tiguan	Yes	Over 15k
3VVMB7AX2PM131519	2023 Volkswagen Tiguan 2.0T SE	Volkswagen	https://www.mankatomotors.com/certified/Volkswagen/2023-Volkswagen-Tiguan-9546a5b3ac183f8e6f12a6e3c40fc15d.htm	26339 USD	2023 Atlantic Blue Metallic Volkswagen Tiguan 2.0T SE 2L Other For sale at Mankato Motors in Mankato Minnesota.	https://pictures.web.dealer.com/m/mankatovw/1396/852965d2a70d58a95865243e76617593x.jpg	in stock	USED	SUV	Vehicles & Parts > Vehicles > Motor Vehicles > Cars, Trucks & Vans	3VVMB7AX2PM131519	https://www.mankatomotors.com/certified/Volkswagen/2023-Volkswagen-Tiguan-9546a5b3ac183f8e6f12a6e3c40fc15d.htm?store={store_code}	BLUE	16601 miles	Tiguan	3VVMB7AX2PM131519	2023	26339 USD	MM100	26339 USD	MI	yes	Tiguan	Yes	Over 15k
3VV3B7AX3PM060147	2023 Volkswagen Tiguan 2.0T SE	Volkswagen	https://www.mankatomotors.com/certified/Volkswagen/2023-Volkswagen-Tiguan-b31ae2a2ac180c97dc3ffb0c88b4047a.htm	23339 USD	2023 Deep Black Pearl Volkswagen Tiguan 2.0T SE 2L Other For sale at Mankato Motors in Mankato Minnesota.	https://pictures.web.dealer.com/m/mankatovw/0116/6104629112b0d8896e8a06e9cdde0fa0x.jpg	in stock	USED	SUV	Vehicles & Parts > Vehicles > Motor Vehicles > Cars, Trucks & Vans	3VV3B7AX3PM060147	https://www.mankatomotors.com/certified/Volkswagen/2023-Volkswagen-Tiguan-b31ae2a2ac180c97dc3ffb0c88b4047a.htm?store={store_code}	BLACK	38653 miles	Tiguan	3VV3B7AX3PM060147	2023	23339 USD	MM100	23339 USD	MI	yes	Tiguan	Yes	Over 15k
1V2HR2CA3RC502598	2024 Volkswagen Atlas 2.0T SE w/Technology	Volkswagen	https://www.mankatomotors.com/certified/Volkswagen/2024-Volkswagen-Atlas-5255cc06ac1859bf9bb2d4fd4e4aaf68.htm	32000 USD	2024 Deep Black Pearl Volkswagen Atlas 2.0T SE w/Technology 2L Other For sale at Mankato Motors in Mankato Minnesota.	https://pictures.web.dealer.com/m/mankatovw/1960/94b32ba8c002fec1ea6ba125fba23840x.jpg	in stock	USED	SUV	Vehicles & Parts > Vehicles > Motor Vehicles > Cars, Trucks & Vans	1V2HR2CA3RC502598	https://www.mankatomotors.com/certified/Volkswagen/2024-Volkswagen-Atlas-5255cc06ac1859bf9bb2d4fd4e4aaf68.htm?store={store_code}	BLACK	31269 miles	Atlas	1V2HR2CA3RC502598	2024	32000 USD	MM100	32000 USD	MI	yes	Atlas	Yes	Over 15k
1V2HE2CA4RC226086	2024 Volkswagen Atlas Cross Sport 2.0T SE w/Technology	Volkswagen	https://www.mankatomotors.com/certified/Volkswagen/2024-Volkswagen-Atlas-Cross-Sport-7138be9bac18278e4c624aba0dc7c822.htm	31799 USD	2024 Platinum Gray Metallic Volkswagen Atlas Cross Sport 2.0T SE w/Technology 2L Other For sale at Mankato Motors in Mankato Minnesota.	https://pictures.web.dealer.com/m/mankatovw/1052/623ec47f6f0b58d73eb93313a9a05ee7x.jpg	in stock	USED	SUV	Vehicles & Parts > Vehicles > Motor Vehicles > Cars, Trucks & Vans	1V2HE2CA4RC226086	https://www.mankatomotors.com/certified/Volkswagen/2024-Volkswagen-Atlas-Cross-Sport-7138be9bac18278e4c624aba0dc7c822.htm?store={store_code}	WHITE	31179 miles	Atlas Cross Sport	1V2HE2CA4RC226086	2024	31799 USD	MM100	31799 USD	MI	yes	Atlas Cross Sport	Yes	Over 15k
1V2FE2CA2RC248370	2024 Volkswagen Atlas Cross Sport 2.0T SEL Premium R-Line	Volkswagen	https://www.mankatomotors.com/certified/Volkswagen/2024-Volkswagen-Atlas-Cross-Sport-ecd2da94ac183f99147218d177b87680.htm	37839 USD	2024 Pure Gray Volkswagen Atlas Cross Sport 2.0T SEL Premium R-Line 2L Other For sale at Mankato Motors in Mankato Minnesota.	https://pictures.web.dealer.com/m/mankatonissan/0861/679114b7f2f8ffbf988c9832e2a2b13ax.jpg	in stock	USED	SUV	Vehicles & Parts > Vehicles > Motor Vehicles > Cars, Trucks & Vans	1V2FE2CA2RC248370	https://www.mankatomotors.com/certified/Volkswagen/2024-Volkswagen-Atlas-Cross-Sport-ecd2da94ac183f99147218d177b87680.htm?store={store_code}	GRAY	16659 miles	Atlas Cross Sport	1V2FE2CA2RC248370	2024	37839 USD	MM100	37839 USD	MI	yes	Atlas Cross Sport	Yes	Over 15k
1V2BR2CA3RC503787	2024 Volkswagen Atlas 2.0T SEL	Volkswagen	https://www.mankatomotors.com/certified/Volkswagen/2024-Volkswagen-Atlas-b31ae142ac1836316e8e0c16715ae395.htm	35000 USD	2024 Aurora Red Metallic Volkswagen Atlas 2.0T SEL 2L Other For sale at Mankato Motors in Mankato Minnesota.	https://pictures.web.dealer.com/m/mankatovw/0005/16a7933d08fd2e133c017c8b4529e240x.jpg	in stock	USED	SUV	Vehicles & Parts > Vehicles > Motor Vehicles > Cars, Trucks & Vans	1V2BR2CA3RC503787	https://www.mankatomotors.com/certified/Volkswagen/2024-Volkswagen-Atlas-b31ae142ac1836316e8e0c16715ae395.htm?store={store_code}	RED	35549 miles	Atlas	1V2BR2CA3RC503787	2024	35000 USD	MM100	35000 USD	MI	yes	Atlas	Yes	Over 15k
1V2FR2CAXRC540143	2024 Volkswagen Atlas 2.0T SEL Premium R-Line	Volkswagen	https://www.mankatomotors.com/certified/Volkswagen/2024-Volkswagen-Atlas-dd34a977ac184fff6390049224256d0f.htm	37339 USD	2024 Silver Mist Metallic Volkswagen Atlas 2.0T SEL Premium R-Line 2L Other For sale at Mankato Motors in Mankato Minnesota.	https://pictures.web.dealer.com/m/mankatovw/0799/53eb72a7d10f3ed88501e67aa227b032x.jpg	in stock	USED	SUV	Vehicles & Parts > Vehicles > Motor Vehicles > Cars, Trucks & Vans	1V2FR2CAXRC540143	https://www.mankatomotors.com/certified/Volkswagen/2024-Volkswagen-Atlas-dd34a977ac184fff6390049224256d0f.htm?store={store_code}	SILVER	28433 miles	Atlas	1V2FR2CAXRC540143	2024	37339 USD	MM100	37339 USD	MI	yes	Atlas	Yes	Over 15k
3VVVX7B23RM060200	2024 Volkswagen Taos 1.5T SE	Volkswagen	https://www.mankatomotors.com/certified/Volkswagen/2024-Volkswagen-Taos-5d107608ac180b7620d871ae96a91af5.htm	25000 USD	2024 Deep Black Pearl Volkswagen Taos 1.5T SE 1.5L i-4 For sale at Mankato Motors in Mankato Minnesota.	https://pictures.web.dealer.com/m/mankatovw/1556/e60c6a24d18c2eb399e9d1829e69a348x.jpg	in stock	USED	SUV	Vehicles & Parts > Vehicles > Motor Vehicles > Cars, Trucks & Vans	3VVVX7B23RM060200	https://www.mankatomotors.com/certified/Volkswagen/2024-Volkswagen-Taos-5d107608ac180b7620d871ae96a91af5.htm?store={store_code}	BLACK	17385 miles	Taos	3VVVX7B23RM060200	2024	25000 USD	MM100	25000 USD	MI	yes	Taos	Yes	Over 15k
3VVMB7AX9RM069653	2024 Volkswagen Tiguan 2.0T SE	Volkswagen	https://www.mankatomotors.com/certified/Volkswagen/2024-Volkswagen-Tiguan-3e2c6caeac180b4132bfb5712da864a0.htm	26799 USD	2024 Pure White Volkswagen Tiguan 2.0T SE 2L Other For sale at Mankato Motors in Mankato Minnesota.	https://pictures.web.dealer.com/m/mankatovw/1196/35ec71b2a015af72c2c09276fa8355a2x.jpg	in stock	USED	SUV	Vehicles & Parts > Vehicles > Motor Vehicles > Cars, Trucks & Vans	3VVMB7AX9RM069653	https://www.mankatomotors.com/certified/Volkswagen/2024-Volkswagen-Tiguan-3e2c6caeac180b4132bfb5712da864a0.htm?store={store_code}	WHITE	22397 miles	Tiguan	3VVMB7AX9RM069653	2024	26799 USD	MM100	26799 USD	MI	yes	Tiguan	Yes	Over 15k
1V2BR2CA1SC527883	2025 Volkswagen Atlas 2.0T SEL	Volkswagen	https://www.mankatomotors.com/certified/Volkswagen/2025-Volkswagen-Atlas-88665f87ac1848f9f0728d1f4ba290e2.htm	37339 USD	2025 Pure Gray Volkswagen Atlas 2.0T SEL 2L Other For sale at Mankato Motors in Mankato Minnesota.	https://pictures.web.dealer.com/m/mankatovw/0952/d97d5b90964cda9ac0638905f92ee8e0x.jpg	in stock	USED	SUV	Vehicles & Parts > Vehicles > Motor Vehicles > Cars, Trucks & Vans	1V2BR2CA1SC527883	https://www.mankatomotors.com/certified/Volkswagen/2025-Volkswagen-Atlas-88665f87ac1848f9f0728d1f4ba290e2.htm?store={store_code}	GRAY	19957 miles	Atlas	1V2BR2CA1SC527883	2025	37339 USD	MM100	37339 USD	MI	yes	Atlas	Yes	Over 15k
3VVBR7RM2SM033001	2025 Volkswagen Tiguan 2.0T S	Volkswagen	https://www.mankatomotors.com/certified/Volkswagen/2025-Volkswagen-Tiguan-4d9c0d3dac184f138c148685296281de.htm	28000 USD	2025 Pure White Volkswagen Tiguan 2.0T S 2L Other For sale at Mankato Motors in Mankato Minnesota.	https://pictures.web.dealer.com/m/mankatovw/0281/dc0034c2be20a744f6f0985383ff03efx.jpg	in stock	USED	SUV	Vehicles & Parts > Vehicles > Motor Vehicles > Cars, Trucks & Vans	3VVBR7RM2SM033001	https://www.mankatomotors.com/certified/Volkswagen/2025-Volkswagen-Tiguan-4d9c0d3dac184f138c148685296281de.htm?store={store_code}	WHITE	7327 miles	Tiguan	3VVBR7RM2SM033001	2025	28000 USD	MM100	28000 USD	MI	yes	Tiguan	Yes	Over 15k
1V2FC2CA7TC213188	2026 Volkswagen Atlas Cross Sport SEL Premium R-Line	Volkswagen	https://www.mankatomotors.com/certified/Volkswagen/2026-Volkswagen-Atlas-Cross-Sport-a2522ef8ac184088e8b0dbce325a3399.htm	46000 USD	2026 Pure Gray Volkswagen Atlas Cross Sport SEL Premium R-Line 2L Other For sale at Mankato Motors in Mankato Minnesota.	https://pictures.web.dealer.com/m/mankatovw/1326/50e226bc3a2cbb91ac255d1d7d1657dfx.jpg	in stock	USED	SUV	Vehicles & Parts > Vehicles > Motor Vehicles > Cars, Trucks & Vans	1V2FC2CA7TC213188	https://www.mankatomotors.com/certified/Volkswagen/2026-Volkswagen-Atlas-Cross-Sport-a2522ef8ac184088e8b0dbce325a3399.htm?store={store_code}	GRAY	8230 miles	Atlas Cross Sport	1V2FC2CA7TC213188	2026	46000 USD	MM100	46000 USD	MI	yes	Atlas Cross Sport	Yes	Over 15k
3GNKBHR40TS195027	2026 Chevrolet Blazer LT	Chevrolet	https://www.mankatomotors.com/new/Chevrolet/2026-Chevrolet-Blazer-434ba552ac18460621052e7c1ee3dc29.htm	41020 USD	2026 Sterling Gray Metallic Chevrolet Blazer LT 2L Turbocharged For sale at Mankato Motors in Mankato Minnesota.	https://pictures.web.dealer.com/m/mankatochevrolet/1719/5cd93f863e85f751520360b60ddbd027x.jpg	in stock	NEW	SUV	Vehicles & Parts > Vehicles > Motor Vehicles > Cars, Trucks & Vans	3GNKBHR40TS195027	https://www.mankatomotors.com/new/Chevrolet/2026-Chevrolet-Blazer-434ba552ac18460621052e7c1ee3dc29.htm?store={store_code}	SILVER	0 miles	Blazer	3GNKBHR40TS195027	2026	41020 USD	MM100	41020 USD	MI	no	Blazer	No	Over 15k
3GNKBHR4XTS196153	2026 Chevrolet Blazer LT	Chevrolet	https://www.mankatomotors.com/new/Chevrolet/2026-Chevrolet-Blazer-434ba9b2ac181da0dd1bebc301843728.htm	41070 USD	2026 Summit White Chevrolet Blazer LT 2L Turbocharged For sale at Mankato Motors in Mankato Minnesota.	https://pictures.web.dealer.com/m/mankatochevrolet/1048/b3ba70508806ce2e94b1dd0aa1ad0068x.jpg	in stock	NEW	SUV	Vehicles & Parts > Vehicles > Motor Vehicles > Cars, Trucks & Vans	3GNKBHR4XTS196153	https://www.mankatomotors.com/new/Chevrolet/2026-Chevrolet-Blazer-434ba9b2ac181da0dd1bebc301843728.htm?store={store_code}	WHITE	0 miles	Blazer	3GNKBHR4XTS196153	2026	41070 USD	MM100	41070 USD	MI	no	Blazer	No	Over 15k
3GNKBHR4XTS188912	2026 Chevrolet Blazer LT	Chevrolet	https://www.mankatomotors.com/new/Chevrolet/2026-Chevrolet-Blazer-adf366c4ac184067335a66bebbf22e63.htm	40795 USD	2026 Black Chevrolet Blazer LT 2L Turbocharged For sale at Mankato Motors in Mankato Minnesota.	https://pictures.web.dealer.com/m/mankatochevrolet/1168/bd7fe81e3840eea996633463813557c6x.jpg	in stock	NEW	SUV	Vehicles & Parts > Vehicles > Motor Vehicles > Cars, Trucks & Vans	3GNKBHR4XTS188912	https://www.mankatomotors.com/new/Chevrolet/2026-Chevrolet-Blazer-adf366c4ac184067335a66bebbf22e63.htm?store={store_code}	BLACK	0 miles	Blazer	3GNKBHR4XTS188912	2026	40795 USD	MM100	40795 USD	MI	no	Blazer	No	Over 15k
3GNKBJR47TS192102	2026 Chevrolet Blazer LT	Chevrolet	https://www.mankatomotors.com/new/Chevrolet/2026-Chevrolet-Blazer-d1923b3aac184d2738b6adbe7c97092a.htm	48170 USD	2026 Riptide Blue Chevrolet Blazer LT 2L Turbocharged For sale at Mankato Motors in Mankato Minnesota.	https://pictures.web.dealer.com/m/mankatochevrolet/1998/c1e08d635a362ebf5273d2ad323e511cx.jpg	in stock	NEW	SUV	Vehicles & Parts > Vehicles > Motor Vehicles > Cars, Trucks & Vans	3GNKBJR47TS192102	https://www.mankatomotors.com/new/Chevrolet/2026-Chevrolet-Blazer-d1923b3aac184d2738b6adbe7c97092a.htm?store={store_code}	BLUE	0 miles	Blazer	3GNKBJR47TS192102	2026	48170 USD	MM100	48170 USD	MI	no	Blazer	No	Over 15k
3GNKBHR46TS193699	2026 Chevrolet Blazer LT	Chevrolet	https://www.mankatomotors.com/new/Chevrolet/2026-Chevrolet-Blazer-f60c565cac18003fe20877a2d3e41b73.htm	40965 USD	2026 Radiant Red Chevrolet Blazer LT 2L Turbocharged For sale at Mankato Motors in Mankato Minnesota.	https://pictures.web.dealer.com/m/mankatochevrolet/1619/f425c9e153828e9cc9647e0e2d793e31x.jpg	in stock	NEW	SUV	Vehicles & Parts > Vehicles > Motor Vehicles > Cars, Trucks & Vans	3GNKBHR46TS193699	https://www.mankatomotors.com/new/Chevrolet/2026-Chevrolet-Blazer-f60c565cac18003fe20877a2d3e41b73.htm?store={store_code}	RED	0 miles	Blazer	3GNKBHR46TS193699	2026	40965 USD	MM100	40965 USD	MI	no	Blazer	No	Over 15k
1GCPTDEK5T1242384	2026 Chevrolet Colorado Z71	Chevrolet	https://www.mankatomotors.com/new/Chevrolet/2026-Chevrolet-Colorado-1c42efcfac183cd0e99f4aee661afd43.htm	44815 USD	2026 Black Chevrolet Colorado Z71 2.7L I4 Turbocharged DOHC 16V LEV3-ULEV50 310hp For sale at Mankato Motors in Mankato Minnesota.	https://pictures.web.dealer.com/m/mankatochevrolet/0315/91fafa5f69c69cea79858e2aa54b0773x.jpg	in stock	NEW	TRUCK	Vehicles & Parts > Vehicles > Motor Vehicles > Cars, Trucks & Vans	1GCPTDEK5T1242384	https://www.mankatomotors.com/new/Chevrolet/2026-Chevrolet-Colorado-1c42efcfac183cd0e99f4aee661afd43.htm?store={store_code}	BLACK	0 miles	Colorado	1GCPTDEK5T1242384	2026	44815 USD	MM100	44815 USD	MI	no	Colorado	No	Over 15k
1GCPTEEK7T1280995	2026 Chevrolet Colorado Trail Boss	Chevrolet	https://www.mankatomotors.com/new/Chevrolet/2026-Chevrolet-Colorado-22e6a971ac1819229d5476fa8ca6d961.htm	45295 USD	2026 Summit White Chevrolet Colorado Trail Boss 2.7L I4 Turbocharged DOHC 16V LEV3-ULEV50 310hp For sale at Mankato Motors in Mankato Minnesota.	https://pictures.web.dealer.com/m/mankatochevrolet/1996/abe1344058621590e8b10459c6076a7ex.jpg	in stock	NEW	TRUCK	Vehicles & Parts > Vehicles > Motor Vehicles > Cars, Trucks & Vans	1GCPTEEK7T1280995	https://www.mankatomotors.com/new/Chevrolet/2026-Chevrolet-Colorado-22e6a971ac1819229d5476fa8ca6d961.htm?store={store_code}	WHITE	0 miles	Colorado	1GCPTEEK7T1280995	2026	45295 USD	MM100	45295 USD	MI	no	Colorado	No	Over 15k
1GCPTBEK4T1319637	2026 Chevrolet Colorado Work Truck	Chevrolet	https://www.mankatomotors.com/new/Chevrolet/2026-Chevrolet-Colorado-66e7d47cac1849bfafd15ef55c2bc700.htm	39205 USD	2026 Sterling Gray Metallic Chevrolet Colorado Work Truck 2.7L I4 Turbocharged DOHC 16V LEV3-ULEV50 310hp For sale at Mankato Motors in Mankato Minnesota.	https://pictures.web.dealer.com/m/mankatochevrolet/1827/e23c64ca3977d54363eba9be1cfda881x.jpg	in stock	NEW	TRUCK	Vehicles & Parts > Vehicles > Motor Vehicles > Cars, Trucks & Vans	1GCPTBEK4T1319637	https://www.mankatomotors.com/new/Chevrolet/2026-Chevrolet-Colorado-66e7d47cac1849bfafd15ef55c2bc700.htm?store={store_code}	SILVER	0 miles	Colorado	1GCPTBEK4T1319637	2026	39205 USD	MM100	39205 USD	MI	no	Colorado	No	Over 15k
1GCPTDEK2T1251690	2026 Chevrolet Colorado Z71	Chevrolet	https://www.mankatomotors.com/new/Chevrolet/2026-Chevrolet-Colorado-cea280d1ac1804e508f25d8775815268.htm	49005 USD	2026 Sterling Gray Metallic Chevrolet Colorado Z71 2.7L I4 Turbocharged DOHC 16V LEV3-ULEV50 310hp For sale at Mankato Motors in Mankato Minnesota.	https://pictures.web.dealer.com/m/mankatochevrolet/1511/79c8951bfdd6893bb0b2e5157f25f078x.jpg	in stock	NEW	TRUCK	Vehicles & Parts > Vehicles > Motor Vehicles > Cars, Trucks & Vans	1GCPTDEK2T1251690	https://www.mankatomotors.com/new/Chevrolet/2026-Chevrolet-Colorado-cea280d1ac1804e508f25d8775815268.htm?store={store_code}	SILVER	0 miles	Colorado	1GCPTDEK2T1251690	2026	49005 USD	MM100	49005 USD	MI	no	Colorado	No	Over 15k
1GCPTDEK3T1262066	2026 Chevrolet Colorado Z71	Chevrolet	https://www.mankatomotors.com/new/Chevrolet/2026-Chevrolet-Colorado-d5b32acfac185eec87751305bd7cfa07.htm	45790 USD	2026 Summit White Chevrolet Colorado Z71 2.7L I4 Turbocharged DOHC 16V LEV3-ULEV50 310hp For sale at Mankato Motors in Mankato Minnesota.	https://pictures.web.dealer.com/m/mankatochevrolet/0062/8f0ee48d6c2d4ff6a0782b7361a1b5c1x.jpg	in stock	NEW	TRUCK	Vehicles & Parts > Vehicles > Motor Vehicles > Cars, Trucks & Vans	1GCPTDEK3T1262066	https://www.mankatomotors.com/new/Chevrolet/2026-Chevrolet-Colorado-d5b32acfac185eec87751305bd7cfa07.htm?store={store_code}	WHITE	0 miles	Colorado	1GCPTDEK3T1262066	2026	45790 USD	MM100	45790 USD	MI	no	Colorado	No	Over 15k
1GCWGAF71T1226188	2026 Chevrolet Express 2500 Work Van	Chevrolet	https://www.mankatomotors.com/new/Chevrolet/2026-Chevrolet-Express-2500-53a42372ac1819160c230ed185e1518a.htm	44339 USD	2026 Summit White Chevrolet Express 2500 Work Van 6.6L V8 For sale at Mankato Motors in Mankato Minnesota.	https://pictures.web.dealer.com/m/mankatochevrolet/0339/f99a2ca5beefe159a13919ce73428f64x.jpg	in stock	NEW	OTHER	Vehicles & Parts > Vehicles > Motor Vehicles > Cars, Trucks & Vans	1GCWGAF71T1226188	https://www.mankatomotors.com/new/Chevrolet/2026-Chevrolet-Express-2500-53a42372ac1819160c230ed185e1518a.htm?store={store_code}	WHITE	0 miles	Express 2500	1GCWGAF71T1226188	2026	44339 USD	MM100	44339 USD	MI	no	Express 2500	No	Over 15k
1HA0GRF78TN004420	2026 Chevrolet Express 3500 Work Van	Chevrolet	https://www.mankatomotors.com/new/Chevrolet/2026-Chevrolet-Express-3500-6d641c99ac1826fc4220aec5e518bf40.htm	54520 USD	2026 Summit White Chevrolet Express 3500 Work Van 6.6L V8 For sale at Mankato Motors in Mankato Minnesota.	https://pictures.web.dealer.com/m/mankatochevrolet/1790/f53a98fcdefeadad0c7ccac45d81b4d4x.jpg	in stock	NEW	OTHER	Vehicles & Parts > Vehicles > Motor Vehicles > Cars, Trucks & Vans	1HA0GRF78TN004420	https://www.mankatomotors.com/new/Chevrolet/2026-Chevrolet-Express-3500-6d641c99ac1826fc4220aec5e518bf40.htm?store={store_code}	WHITE	0 miles	Express 3500	1HA0GRF78TN004420	2026	54520 USD	MM100	54520 USD	MI	no	Express 3500	No	Over 15k
1HA3GTC7XTN010282	2026 Chevrolet Express 3500 Work Van	Chevrolet	https://www.mankatomotors.com/new/Chevrolet/2026-Chevrolet-Express-3500-cea27fd9ac183e1692c7be59e4b1846a.htm	44005 USD	2026 Summit White Chevrolet Express 3500 Work Van 6.6L V8 For sale at Mankato Motors in Mankato Minnesota.	https://pictures.web.dealer.com/m/mankatochevrolet/0865/595feda57378cc12c8194e741eefa968x.jpg	in stock	NEW	OTHER	Vehicles & Parts > Vehicles > Motor Vehicles > Cars, Trucks & Vans	1HA3GTC7XTN010282	https://www.mankatomotors.com/new/Chevrolet/2026-Chevrolet-Express-3500-cea27fd9ac183e1692c7be59e4b1846a.htm?store={store_code}	WHITE	0 miles	Express 3500	1HA3GTC7XTN010282	2026	44005 USD	MM100	44005 USD	MI	no	Express 3500	No	Over 15k
3GCPKCEK3TG460158	2026 Chevrolet Silverado 1500 Custom Trail Boss	Chevrolet	https://www.mankatomotors.com/new/Chevrolet/2026-Chevrolet-Silverado-1500-00593a6dac18341fab2e75cb7b052aaf.htm	48160 USD	2026 Sterling Gray Metallic Chevrolet Silverado 1500 Custom Trail Boss 2.7L I4 Turbocharged DOHC For sale at Mankato Motors in Mankato Minnesota.	https://pictures.web.dealer.com/m/mankatochevrolet/1091/7511d514dbdefe1564af36266b339d3cx.jpg	in stock	NEW	TRUCK	Vehicles & Parts > Vehicles > Motor Vehicles > Cars, Trucks & Vans	3GCPKCEK3TG460158	https://www.mankatomotors.com/new/Chevrolet/2026-Chevrolet-Silverado-1500-00593a6dac18341fab2e75cb7b052aaf.htm?store={store_code}	SILVER	0 miles	Silverado 1500	3GCPKCEK3TG460158	2026	48160 USD	MM100	48160 USD	MI	no	Silverado 1500	No	Over 15k
3GCUKFED3TG472672	2026 Chevrolet Silverado 1500 LT Trail Boss	Chevrolet	https://www.mankatomotors.com/new/Chevrolet/2026-Chevrolet-Silverado-1500-00593b99ac180936a0a72ed8346d6102.htm	57610 USD	2026 Sterling Gray Metallic Chevrolet Silverado 1500 LT Trail Boss 5.3L EcoTec3 V8 For sale at Mankato Motors in Mankato Minnesota.	https://pictures.web.dealer.com/m/mankatochevrolet/0449/a6187c1095ad220549c6db64faacefdcx.jpg	in stock	NEW	TRUCK	Vehicles & Parts > Vehicles > Motor Vehicles > Cars, Trucks & Vans	3GCUKFED3TG472672	https://www.mankatomotors.com/new/Chevrolet/2026-Chevrolet-Silverado-1500-00593b99ac180936a0a72ed8346d6102.htm?store={store_code}	SILVER	0 miles	Silverado 1500	3GCUKFED3TG472672	2026	57610 USD	MM100	57610 USD	MI	no	Silverado 1500	No	Over 15k
2GCUKEED9T1202803	2026 Chevrolet Silverado 1500 RST	Chevrolet	https://www.mankatomotors.com/new/Chevrolet/2026-Chevrolet-Silverado-1500-1dc10dc0ac181df8b344ce56d32f4042.htm	58490 USD	2026 White Chevrolet Silverado 1500 RST 5.3L EcoTec3 V8 For sale at Mankato Motors in Mankato Minnesota.	https://pictures.web.dealer.com/m/mankatochevrolet/0364/cd0c39f26d4654b225de3c3b1b3abdeex.jpg	in stock	NEW	TRUCK	Vehicles & Parts > Vehicles > Motor Vehicles > Cars, Trucks & Vans	2GCUKEED9T1202803	https://www.mankatomotors.com/new/Chevrolet/2026-Chevrolet-Silverado-1500-1dc10dc0ac181df8b344ce56d32f4042.htm?store={store_code}	WHITE	0 miles	Silverado 1500	2GCUKEED9T1202803	2026	58490 USD	MM100	58490 USD	MI	no	Silverado 1500	No	Over 15k
1GCUKJEL6TZ479111	2026 Chevrolet Silverado 1500 High Country	Chevrolet	https://www.mankatomotors.com/new/Chevrolet/2026-Chevrolet-Silverado-1500-1f3f7a02ac181da0dd1bebc39896550f.htm	72615 USD	2026 Polar White Chevrolet Silverado 1500 High Country 6.2L EcoTec3 V8 For sale at Mankato Motors in Mankato Minnesota.	https://pictures.web.dealer.com/m/mankatochevrolet/1882/6a399fdecbe5e5f641ded017551f5603x.jpg	in stock	NEW	TRUCK	Vehicles & Parts > Vehicles > Motor Vehicles > Cars, Trucks & Vans	1GCUKJEL6TZ479111	https://www.mankatomotors.com/new/Chevrolet/2026-Chevrolet-Silverado-1500-1f3f7a02ac181da0dd1bebc39896550f.htm?store={store_code}	WHITE	0 miles	Silverado 1500	1GCUKJEL6TZ479111	2026	72615 USD	MM100	72615 USD	MI	no	Silverado 1500	No	Over 15k
1GCUKEEL7TZ428305	2026 Chevrolet Silverado 1500 RST	Chevrolet	https://www.mankatomotors.com/new/Chevrolet/2026-Chevrolet-Silverado-1500-22e6abdcac18424fa430750e1dd06821.htm	59675 USD	2026 Black Chevrolet Silverado 1500 RST 6.2L EcoTec3 V8 For sale at Mankato Motors in Mankato Minnesota.	https://pictures.web.dealer.com/m/mankatochevrolet/1901/99e4b07d2c48bb72a724424bfb00c3fex.jpg	in stock	NEW	TRUCK	Vehicles & Parts > Vehicles > Motor Vehicles > Cars, Trucks & Vans	1GCUKEEL7TZ428305	https://www.mankatomotors.com/new/Chevrolet/2026-Chevrolet-Silverado-1500-22e6abdcac18424fa430750e1dd06821.htm?store={store_code}	BLACK	0 miles	Silverado 1500	1GCUKEEL7TZ428305	2026	59675 USD	MM100	59675 USD	MI	no	Silverado 1500	No	Over 15k
1GCUKEELXTZ427990	2026 Chevrolet Silverado 1500 RST	Chevrolet	https://www.mankatomotors.com/new/Chevrolet/2026-Chevrolet-Silverado-1500-22e6ad23ac1831ddf3fc5458954adb69.htm	59675 USD	2026 Summit White Chevrolet Silverado 1500 RST 6.2L EcoTec3 V8 For sale at Mankato Motors in Mankato Minnesota.	https://pictures.web.dealer.com/m/mankatochevrolet/1694/6833045454706e89ff8867161852db9ex.jpg	in stock	NEW	TRUCK	Vehicles & Parts > Vehicles > Motor Vehicles > Cars, Trucks & Vans	1GCUKEELXTZ427990	https://www.mankatomotors.com/new/Chevrolet/2026-Chevrolet-Silverado-1500-22e6ad23ac1831ddf3fc5458954adb69.htm?store={store_code}	WHITE	0 miles	Silverado 1500	1GCUKEELXTZ427990	2026	59675 USD	MM100	59675 USD	MI	no	Silverado 1500	No	Over 15k
2GCUKDEDXT1230474	2026 Chevrolet Silverado 1500 LT	Chevrolet	https://www.mankatomotors.com/new/Chevrolet/2026-Chevrolet-Silverado-1500-291f57a0ac181bbdf7ea82708aed73cc.htm	51945 USD	2026 Sterling Gray Metallic Chevrolet Silverado 1500 LT 5.3L EcoTec3 V8 For sale at Mankato Motors in Mankato Minnesota.	https://pictures.web.dealer.com/m/mankatochevrolet/1739/2eff5b6514bb739f12d254c7feb6a540x.jpg	in stock	NEW	TRUCK	Vehicles & Parts > Vehicles > Motor Vehicles > Cars, Trucks & Vans	2GCUKDEDXT1230474	https://www.mankatomotors.com/new/Chevrolet/2026-Chevrolet-Silverado-1500-291f57a0ac181bbdf7ea82708aed73cc.htm?store={store_code}	SILVER	0 miles	Silverado 1500	2GCUKDEDXT1230474	2026	51945 USD	MM100	51945 USD	MI	no	Silverado 1500	No	Over 15k
2GCUKDEDXT1230457	2026 Chevrolet Silverado 1500 LT	Chevrolet	https://www.mankatomotors.com/new/Chevrolet/2026-Chevrolet-Silverado-1500-291f5f09ac180d2b8c4af9b4ec361de0.htm	51945 USD	2026 Black Chevrolet Silverado 1500 LT 5.3L EcoTec3 V8 For sale at Mankato Motors in Mankato Minnesota.	https://pictures.web.dealer.com/m/mankatochevrolet/0120/774f2c694a0238274c68ed32e1d363b4x.jpg	in stock	NEW	TRUCK	Vehicles & Parts > Vehicles > Motor Vehicles > Cars, Trucks & Vans	2GCUKDEDXT1230457	https://www.mankatomotors.com/new/Chevrolet/2026-Chevrolet-Silverado-1500-291f5f09ac180d2b8c4af9b4ec361de0.htm?store={store_code}	BLACK	0 miles	Silverado 1500	2GCUKDEDXT1230457	2026	51945 USD	MM100	51945 USD	MI	no	Silverado 1500	No	Over 15k
3GCUKDED1TG491855	2026 Chevrolet Silverado 1500 LT	Chevrolet	https://www.mankatomotors.com/new/Chevrolet/2026-Chevrolet-Silverado-1500-434bb0eeac18005db88bfdc40f89ce3b.htm	52550 USD	2026 Summit White Chevrolet Silverado 1500 LT 5.3L EcoTec3 V8 For sale at Mankato Motors in Mankato Minnesota.	https://pictures.web.dealer.com/m/mankatochevrolet/0629/0321e44d367c80b3b4f4ec4f512b7ba4x.jpg	in stock	NEW	TRUCK	Vehicles & Parts > Vehicles > Motor Vehicles > Cars, Trucks & Vans	3GCUKDED1TG491855	https://www.mankatomotors.com/new/Chevrolet/2026-Chevrolet-Silverado-1500-434bb0eeac18005db88bfdc40f89ce3b.htm?store={store_code}	WHITE	0 miles	Silverado 1500	3GCUKDED1TG491855	2026	52550 USD	MM100	52550 USD	MI	no	Silverado 1500	No	Over 15k
1GCPKBEK9TZ429264	2026 Chevrolet Silverado 1500 Custom	Chevrolet	https://www.mankatomotors.com/new/Chevrolet/2026-Chevrolet-Silverado-1500-4c1b4487ac183ebb689d7c6d6329d333.htm	43090 USD	2026 Summit White Chevrolet Silverado 1500 Custom 2.7L I4 Turbocharged DOHC For sale at Mankato Motors in Mankato Minnesota.	https://pictures.web.dealer.com/m/mankatochevrolet/1860/a1a5c113053c5f367d083c9fc1731e3dx.jpg	in stock	NEW	TRUCK	Vehicles & Parts > Vehicles > Motor Vehicles > Cars, Trucks & Vans	1GCPKBEK9TZ429264	https://www.mankatomotors.com/new/Chevrolet/2026-Chevrolet-Silverado-1500-4c1b4487ac183ebb689d7c6d6329d333.htm?store={store_code}	WHITE	0 miles	Silverado 1500	1GCPKBEK9TZ429264	2026	43090 USD	MM100	43090 USD	MI	no	Silverado 1500	No	Over 15k
1GCUKJEL9TZ432378	2026 Chevrolet Silverado 1500 High Country	Chevrolet	https://www.mankatomotors.com/new/Chevrolet/2026-Chevrolet-Silverado-1500-50d32608ac18541152113ed611ed2b87.htm	73680 USD	2026 Polar White Chevrolet Silverado 1500 High Country 6.2L EcoTec3 V8 For sale at Mankato Motors in Mankato Minnesota.	https://pictures.web.dealer.com/m/mankatochevrolet/0167/6623bd27dfee8d786a193d6d7acdfe3fx.jpg	in stock	NEW	TRUCK	Vehicles & Parts > Vehicles > Motor Vehicles > Cars, Trucks & Vans	1GCUKJEL9TZ432378	https://www.mankatomotors.com/new/Chevrolet/2026-Chevrolet-Silverado-1500-50d32608ac18541152113ed611ed2b87.htm?store={store_code}	WHITE	0 miles	Silverado 1500	1GCUKJEL9TZ432378	2026	73680 USD	MM100	73680 USD	MI	no	Silverado 1500	No	Over 15k
2GCUKDED1T1233053	2026 Chevrolet Silverado 1500 LT	Chevrolet	https://www.mankatomotors.com/new/Chevrolet/2026-Chevrolet-Silverado-1500-5d0daa64ac184f13ed91f8cb904e145c.htm	51425 USD	2026 Sterling Gray Chevrolet Silverado 1500 LT 5.3L EcoTec3 V8 For sale at Mankato Motors in Mankato Minnesota.	https://pictures.web.dealer.com/m/mankatochevrolet/0761/f855213b8ba5d3af66b260643f93f9a2x.jpg	in stock	NEW	TRUCK	Vehicles & Parts > Vehicles > Motor Vehicles > Cars, Trucks & Vans	2GCUKDED1T1233053	https://www.mankatomotors.com/new/Chevrolet/2026-Chevrolet-Silverado-1500-5d0daa64ac184f13ed91f8cb904e145c.htm?store={store_code}	SILVER	0 miles	Silverado 1500	2GCUKDED1T1233053	2026	51425 USD	MM100	51425 USD	MI	no	Silverado 1500	No	Over 15k
1GCUKDED6TZ437158	2026 Chevrolet Silverado 1500 LT	Chevrolet	https://www.mankatomotors.com/new/Chevrolet/2026-Chevrolet-Silverado-1500-60b6b728ac1858fe65a8f852564b69ef.htm	51125 USD	2026 Red Chevrolet Silverado 1500 LT 5.3L EcoTec3 V8 For sale at Mankato Motors in Mankato Minnesota.	https://pictures.web.dealer.com/m/mankatochevrolet/0810/a3754aafd4a1a0ecabcee53a6a528974x.jpg	in stock	NEW	TRUCK	Vehicles & Parts > Vehicles > Motor Vehicles > Cars, Trucks & Vans	1GCUKDED6TZ437158	https://www.mankatomotors.com/new/Chevrolet/2026-Chevrolet-Silverado-1500-60b6b728ac1858fe65a8f852564b69ef.htm?store={store_code}	RED	0 miles	Silverado 1500	1GCUKDED6TZ437158	2026	51125 USD	MM100	51125 USD	MI	no	Silverado 1500	No	Over 15k
3GCUKEED1TG489691	2026 Chevrolet Silverado 1500 RST	Chevrolet	https://www.mankatomotors.com/new/Chevrolet/2026-Chevrolet-Silverado-1500-61c43456ac182113dd76063df43aee8b.htm	65040 USD	2026 Black Chevrolet Silverado 1500 RST 5.3L EcoTec3 V8 For sale at Mankato Motors in Mankato Minnesota.	https://pictures.web.dealer.com/m/mankatochevrolet/0145/e4986c0baf44c85c38510f801a729560x.jpg	in stock	NEW	TRUCK	Vehicles & Parts > Vehicles > Motor Vehicles > Cars, Trucks & Vans	3GCUKEED1TG489691	https://www.mankatomotors.com/new/Chevrolet/2026-Chevrolet-Silverado-1500-61c43456ac182113dd76063df43aee8b.htm?store={store_code}	BLACK	0 miles	Silverado 1500	3GCUKEED1TG489691	2026	65040 USD	MM100	65040 USD	MI	no	Silverado 1500	No	Over 15k
2GCUKDED4T1233967	2026 Chevrolet Silverado 1500 LT	Chevrolet	https://www.mankatomotors.com/new/Chevrolet/2026-Chevrolet-Silverado-1500-61c43576ac182113dd76063d407b8869.htm	49190 USD	2026 Sterling Gray Metallic Chevrolet Silverado 1500 LT 5.3L EcoTec3 V8 For sale at Mankato Motors in Mankato Minnesota.	https://pictures.web.dealer.com/m/mankatochevrolet/1564/0576fde4ca9721edc77d1ad9558e4504x.jpg	in stock	NEW	TRUCK	Vehicles & Parts > Vehicles > Motor Vehicles > Cars, Trucks & Vans	2GCUKDED4T1233967	https://www.mankatomotors.com/new/Chevrolet/2026-Chevrolet-Silverado-1500-61c43576ac182113dd76063d407b8869.htm?store={store_code}	SILVER	0 miles	Silverado 1500	2GCUKDED4T1233967	2026	49190 USD	MM100	49190 USD	MI	no	Silverado 1500	No	Over 15k
2GCUKDED7T1233946	2026 Chevrolet Silverado 1500 LT	Chevrolet	https://www.mankatomotors.com/new/Chevrolet/2026-Chevrolet-Silverado-1500-61c437d6ac185c308f227df70e17404a.htm	49190 USD	2026 Summit White Chevrolet Silverado 1500 LT 5.3L EcoTec3 V8 For sale at Mankato Motors in Mankato Minnesota.	https://pictures.web.dealer.com/m/mankatochevrolet/1170/79f4a7275f9627c598b469e0b43ff465x.jpg	in stock	NEW	TRUCK	Vehicles & Parts > Vehicles > Motor Vehicles > Cars, Trucks & Vans	2GCUKDED7T1233946	https://www.mankatomotors.com/new/Chevrolet/2026-Chevrolet-Silverado-1500-61c437d6ac185c308f227df70e17404a.htm?store={store_code}	WHITE	0 miles	Silverado 1500	2GCUKDED7T1233946	2026	49190 USD	MM100	49190 USD	MI	no	Silverado 1500	No	Over 15k
1GCUKDED3TZ492862	2026 Chevrolet Silverado 1500 LT	Chevrolet	https://www.mankatomotors.com/new/Chevrolet/2026-Chevrolet-Silverado-1500-66e7d362ac18112af6f1abecd24e920b.htm	53165 USD	2026 Sterling Gray Metallic Chevrolet Silverado 1500 LT 5.3L EcoTec3 V8 For sale at Mankato Motors in Mankato Minnesota.	https://pictures.web.dealer.com/m/mankatochevrolet/0791/1cffc6fb5af3e09661749efc9cd16a05x.jpg	in stock	NEW	TRUCK	Vehicles & Parts > Vehicles > Motor Vehicles > Cars, Trucks & Vans	1GCUKDED3TZ492862	https://www.mankatomotors.com/new/Chevrolet/2026-Chevrolet-Silverado-1500-66e7d362ac18112af6f1abecd24e920b.htm?store={store_code}	SILVER	0 miles	Silverado 1500	1GCUKDED3TZ492862	2026	53165 USD	MM100	53165 USD	MI	no	Silverado 1500	No	Over 15k
2GCUKDEDXT1216722	2026 Chevrolet Silverado 1500 LT	Chevrolet	https://www.mankatomotors.com/new/Chevrolet/2026-Chevrolet-Silverado-1500-6a92adaeac185005b9496b410b0f9671.htm	51925 USD	2026 Red Chevrolet Silverado 1500 LT 5.3L EcoTec3 V8 For sale at Mankato Motors in Mankato Minnesota.	https://pictures.web.dealer.com/m/mankatochevrolet/0810/a3754aafd4a1a0ecabcee53a6a528974x.jpg	in stock	NEW	TRUCK	Vehicles & Parts > Vehicles > Motor Vehicles > Cars, Trucks & Vans	2GCUKDEDXT1216722	https://www.mankatomotors.com/new/Chevrolet/2026-Chevrolet-Silverado-1500-6a92adaeac185005b9496b410b0f9671.htm?store={store_code}	RED	0 miles	Silverado 1500	2GCUKDEDXT1216722	2026	51925 USD	MM100	51925 USD	MI	no	Silverado 1500	No	Over 15k
1GCUKDED4TZ495172	2026 Chevrolet Silverado 1500 LT	Chevrolet	https://www.mankatomotors.com/new/Chevrolet/2026-Chevrolet-Silverado-1500-6c1173a0ac185b7043adb35b3d648b0f.htm	50815 USD	2026 Red Chevrolet Silverado 1500 LT 5.3L EcoTec3 V8 For sale at Mankato Motors in Mankato Minnesota.	https://pictures.web.dealer.com/m/mankatochevrolet/0210/6e990ff3a60d408d3504b96f72fd6518x.jpg	in stock	NEW	TRUCK	Vehicles & Parts > Vehicles > Motor Vehicles > Cars, Trucks & Vans	1GCUKDED4TZ495172	https://www.mankatomotors.com/new/Chevrolet/2026-Chevrolet-Silverado-1500-6c1173a0ac185b7043adb35b3d648b0f.htm?store={store_code}	RED	0 miles	Silverado 1500	1GCUKDED4TZ495172	2026	50815 USD	MM100	50815 USD	MI	no	Silverado 1500	No	Over 15k
1GCUKDED0TZ494939	2026 Chevrolet Silverado 1500 LT	Chevrolet	https://www.mankatomotors.com/new/Chevrolet/2026-Chevrolet-Silverado-1500-6c1175f5ac185ca9e7e2cb7f98b49624.htm	53395 USD	2026 Red Chevrolet Silverado 1500 LT 5.3L EcoTec3 V8 For sale at Mankato Motors in Mankato Minnesota.	https://pictures.web.dealer.com/m/mankatochevrolet/1313/4cb60153b0e92ba917d1df247edc24aax.jpg	in stock	NEW	TRUCK	Vehicles & Parts > Vehicles > Motor Vehicles > Cars, Trucks & Vans	1GCUKDED0TZ494939	https://www.mankatomotors.com/new/Chevrolet/2026-Chevrolet-Silverado-1500-6c1175f5ac185ca9e7e2cb7f98b49624.htm?store={store_code}	RED	0 miles	Silverado 1500	1GCUKDED0TZ494939	2026	53395 USD	MM100	53395 USD	MI	no	Silverado 1500	No	Over 15k
1GCUKDED2TZ495025	2026 Chevrolet Silverado 1500 LT	Chevrolet	https://www.mankatomotors.com/new/Chevrolet/2026-Chevrolet-Silverado-1500-7135eda8ac1806568f439d1760e9e9b8.htm	51865 USD	2026 Red Chevrolet Silverado 1500 LT 5.3L EcoTec3 V8 For sale at Mankato Motors in Mankato Minnesota.	https://pictures.web.dealer.com/m/mankatochevrolet/1302/c31f5d254134894f849b1a8b8164775ex.jpg	in stock	NEW	TRUCK	Vehicles & Parts > Vehicles > Motor Vehicles > Cars, Trucks & Vans	1GCUKDED2TZ495025	https://www.mankatomotors.com/new/Chevrolet/2026-Chevrolet-Silverado-1500-7135eda8ac1806568f439d1760e9e9b8.htm?store={store_code}	RED	0 miles	Silverado 1500	1GCUKDED2TZ495025	2026	51865 USD	MM100	51865 USD	MI	no	Silverado 1500	No	Over 15k
3GCPKCEK5TG457231	2026 Chevrolet Silverado 1500 Custom Trail Boss	Chevrolet	https://www.mankatomotors.com/new/Chevrolet/2026-Chevrolet-Silverado-1500-85cff8bbac1849bfafd15ef5e1db460e.htm	49285 USD	2026 Summit White Chevrolet Silverado 1500 Custom Trail Boss 2.7L I4 Turbocharged DOHC For sale at Mankato Motors in Mankato Minnesota.	https://pictures.web.dealer.com/m/mankatochevrolet/0638/40ade7d590a3245a6442e1232a681d0ex.jpg	in stock	NEW	TRUCK	Vehicles & Parts > Vehicles > Motor Vehicles > Cars, Trucks & Vans	3GCPKCEK5TG457231	https://www.mankatomotors.com/new/Chevrolet/2026-Chevrolet-Silverado-1500-85cff8bbac1849bfafd15ef5e1db460e.htm?store={store_code}	WHITE	0 miles	Silverado 1500	3GCPKCEK5TG457231	2026	49285 USD	MM100	49285 USD	MI	no	Silverado 1500	No	Over 15k
1GCUKDED9TZ498732	2026 Chevrolet Silverado 1500 LT	Chevrolet	https://www.mankatomotors.com/new/Chevrolet/2026-Chevrolet-Silverado-1500-85cffe0fac181fe2458d26f2ee8988bc.htm	53895 USD	2026 Summit White Chevrolet Silverado 1500 LT 5.3L EcoTec3 V8 For sale at Mankato Motors in Mankato Minnesota.	https://pictures.web.dealer.com/m/mankatochevrolet/0318/b49b58f682f299b45acb4f2ea2848ef8x.jpg	in stock	NEW	TRUCK	Vehicles & Parts > Vehicles > Motor Vehicles > Cars, Trucks & Vans	1GCUKDED9TZ498732	https://www.mankatomotors.com/new/Chevrolet/2026-Chevrolet-Silverado-1500-85cffe0fac181fe2458d26f2ee8988bc.htm?store={store_code}	WHITE	0 miles	Silverado 1500	1GCUKDED9TZ498732	2026	53895 USD	MM100	53895 USD	MI	no	Silverado 1500	No	Over 15k
3GCUKHEL4TG454636	2026 Chevrolet Silverado 1500 ZR2	Chevrolet	https://www.mankatomotors.com/new/Chevrolet/2026-Chevrolet-Silverado-1500-89e558ebac1840e460b67eb2d9755161.htm	67585 USD	2026 Summit White Chevrolet Silverado 1500 ZR2 6.2L EcoTec3 V8 For sale at Mankato Motors in Mankato Minnesota.	https://pictures.web.dealer.com/m/mankatochevrolet/0681/85ef5a83cb9da6880cff8c057b2975c5x.jpg	in stock	NEW	TRUCK	Vehicles & Parts > Vehicles > Motor Vehicles > Cars, Trucks & Vans	3GCUKHEL4TG454636	https://www.mankatomotors.com/new/Chevrolet/2026-Chevrolet-Silverado-1500-89e558ebac1840e460b67eb2d9755161.htm?store={store_code}	WHITE	0 miles	Silverado 1500	3GCUKHEL4TG454636	2026	67585 USD	MM100	67585 USD	MI	no	Silverado 1500	No	Over 15k
3GCPKCEK5TG145331	2026 Chevrolet Silverado 1500 Custom Trail Boss	Chevrolet	https://www.mankatomotors.com/new/Chevrolet/2026-Chevrolet-Silverado-1500-8f0d0288ac1824b1018118ba4eb5f9ad.htm	46895 USD	2026 Summit White Chevrolet Silverado 1500 Custom Trail Boss 2.7L I4 Turbocharged DOHC 16V LEV3-SULEV30 310hp For sale at Mankato Motors in Mankato Minnesota.	https://pictures.web.dealer.com/m/mankatochevrolet/1918/bb00fa62f4811b8cd3fe3ab5979d92a5x.jpg	in stock	NEW	TRUCK	Vehicles & Parts > Vehicles > Motor Vehicles > Cars, Trucks & Vans	3GCPKCEK5TG145331	https://www.mankatomotors.com/new/Chevrolet/2026-Chevrolet-Silverado-1500-8f0d0288ac1824b1018118ba4eb5f9ad.htm?store={store_code}	WHITE	0 miles	Silverado 1500	3GCPKCEK5TG145331	2026	46895 USD	MM100	46895 USD	MI	no	Silverado 1500	No	Over 15k
2GCUKDED9T1216758	2026 Chevrolet Silverado 1500 LT	Chevrolet	https://www.mankatomotors.com/new/Chevrolet/2026-Chevrolet-Silverado-1500-94341c59ac184d2b5dd6c1620264668b.htm	51925 USD	2026 Black Chevrolet Silverado 1500 LT 5.3L EcoTec3 V8 For sale at Mankato Motors in Mankato Minnesota.	https://pictures.web.dealer.com/m/mankatochevrolet/1915/dc66501f1473829447068000a2c6cbe7x.jpg	in stock	NEW	TRUCK	Vehicles & Parts > Vehicles > Motor Vehicles > Cars, Trucks & Vans	2GCUKDED9T1216758	https://www.mankatomotors.com/new/Chevrolet/2026-Chevrolet-Silverado-1500-94341c59ac184d2b5dd6c1620264668b.htm?store={store_code}	BLACK	0 miles	Silverado 1500	2GCUKDED9T1216758	2026	51925 USD	MM100	51925 USD	MI	no	Silverado 1500	No	Over 15k
1GCUKDED2TZ506427	2026 Chevrolet Silverado 1500 LT	Chevrolet	https://www.mankatomotors.com/new/Chevrolet/2026-Chevrolet-Silverado-1500-ac020410ac1804415d9b37e0d782e97e.htm	50315 USD	2026 Sterling Gray Metallic Chevrolet Silverado 1500 LT 5.3L EcoTec3 V8 For sale at Mankato Motors in Mankato Minnesota.	https://pictures.web.dealer.com/m/mankatochevrolet/1475/cc8e1904b8022ba84f7eaf26e2a285acx.jpg	in stock	NEW	TRUCK	Vehicles & Parts > Vehicles > Motor Vehicles > Cars, Trucks & Vans	1GCUKDED2TZ506427	https://www.mankatomotors.com/new/Chevrolet/2026-Chevrolet-Silverado-1500-ac020410ac1804415d9b37e0d782e97e.htm?store={store_code}	SILVER	0 miles	Silverado 1500	1GCUKDED2TZ506427	2026	50315 USD	MM100	50315 USD	MI	no	Silverado 1500	No	Over 15k
1GCUKDED8TZ506819	2026 Chevrolet Silverado 1500 LT	Chevrolet	https://www.mankatomotors.com/new/Chevrolet/2026-Chevrolet-Silverado-1500-ac02086cac182917f2b474944772c665.htm	62890 USD	2026 Sterling Gray Metallic Chevrolet Silverado 1500 LT 5.3L EcoTec3 V8 For sale at Mankato Motors in Mankato Minnesota.	https://pictures.web.dealer.com/m/mankatochevrolet/1054/0f5895c7dd135a12947eb796db1439cfx.jpg	in stock	NEW	TRUCK	Vehicles & Parts > Vehicles > Motor Vehicles > Cars, Trucks & Vans	1GCUKDED8TZ506819	https://www.mankatomotors.com/new/Chevrolet/2026-Chevrolet-Silverado-1500-ac02086cac182917f2b474944772c665.htm?store={store_code}	SILVER	0 miles	Silverado 1500	1GCUKDED8TZ506819	2026	62890 USD	MM100	62890 USD	MI	no	Silverado 1500	No	Over 15k
2GCUKEED4T1238026	2026 Chevrolet Silverado 1500 RST	Chevrolet	https://www.mankatomotors.com/new/Chevrolet/2026-Chevrolet-Silverado-1500-ac02097eac183ecbd73d4eae1b4aecf5.htm	65120 USD	2026 Black Chevrolet Silverado 1500 RST 5.3L EcoTec3 V8 For sale at Mankato Motors in Mankato Minnesota.	https://pictures.web.dealer.com/m/mankatochevrolet/0145/e4986c0baf44c85c38510f801a729560x.jpg	in stock	NEW	TRUCK	Vehicles & Parts > Vehicles > Motor Vehicles > Cars, Trucks & Vans	2GCUKEED4T1238026	https://www.mankatomotors.com/new/Chevrolet/2026-Chevrolet-Silverado-1500-ac02097eac183ecbd73d4eae1b4aecf5.htm?store={store_code}	BLACK	0 miles	Silverado 1500	2GCUKEED4T1238026	2026	65120 USD	MM100	65120 USD	MI	no	Silverado 1500	No	Over 15k
3GCUKHEL4TG464339	2026 Chevrolet Silverado 1500 ZR2	Chevrolet	https://www.mankatomotors.com/new/Chevrolet/2026-Chevrolet-Silverado-1500-adf365b6ac184067335a66be1885e33c.htm	68085 USD	2026 Summit White Chevrolet Silverado 1500 ZR2 6.2L EcoTec3 V8 For sale at Mankato Motors in Mankato Minnesota.	https://pictures.web.dealer.com/m/mankatochevrolet/1773/0af0ff2b479d5952e0b1e24eb2eb38b7x.jpg	in stock	NEW	TRUCK	Vehicles & Parts > Vehicles > Motor Vehicles > Cars, Trucks & Vans	3GCUKHEL4TG464339	https://www.mankatomotors.com/new/Chevrolet/2026-Chevrolet-Silverado-1500-adf365b6ac184067335a66be1885e33c.htm?store={store_code}	WHITE	0 miles	Silverado 1500	3GCUKHEL4TG464339	2026	68085 USD	MM100	68085 USD	MI	no	Silverado 1500	No	Over 15k
2GCUKEED0T1207503	2026 Chevrolet Silverado 1500 RST	Chevrolet	https://www.mankatomotors.com/new/Chevrolet/2026-Chevrolet-Silverado-1500-b19cc4eeac185e03871a198a34a0d167.htm	53950 USD	2026 Black Chevrolet Silverado 1500 RST 5.3L EcoTec3 V8 For sale at Mankato Motors in Mankato Minnesota.	https://pictures.web.dealer.com/m/mankatochevrolet/0613/b485ddff398397011b8e04efded75a8cx.jpg	in stock	NEW	TRUCK	Vehicles & Parts > Vehicles > Motor Vehicles > Cars, Trucks & Vans	2GCUKEED0T1207503	https://www.mankatomotors.com/new/Chevrolet/2026-Chevrolet-Silverado-1500-b19cc4eeac185e03871a198a34a0d167.htm?store={store_code}	BLACK	0 miles	Silverado 1500	2GCUKEED0T1207503	2026	53950 USD	MM100	53950 USD	MI	no	Silverado 1500	No	Over 15k
2GCUKEED9T1238572	2026 Chevrolet Silverado 1500 RST	Chevrolet	https://www.mankatomotors.com/new/Chevrolet/2026-Chevrolet-Silverado-1500-b4970df2ac1812be80b66b4f41b1d306.htm	63240 USD	2026 Sterling Gray Metallic Chevrolet Silverado 1500 RST 5.3L EcoTec3 V8 For sale at Mankato Motors in Mankato Minnesota.	https://pictures.web.dealer.com/m/mankatochevrolet/0145/e4986c0baf44c85c38510f801a729560x.jpg	in stock	NEW	TRUCK	Vehicles & Parts > Vehicles > Motor Vehicles > Cars, Trucks & Vans	2GCUKEED9T1238572	https://www.mankatomotors.com/new/Chevrolet/2026-Chevrolet-Silverado-1500-b4970df2ac1812be80b66b4f41b1d306.htm?store={store_code}	SILVER	0 miles	Silverado 1500	2GCUKEED9T1238572	2026	63240 USD	MM100	63240 USD	MI	no	Silverado 1500	No	Over 15k
3GCUKEED7TG518109	2026 Chevrolet Silverado 1500 RST	Chevrolet	https://www.mankatomotors.com/new/Chevrolet/2026-Chevrolet-Silverado-1500-b4970f20ac1811a58638d0731f668b2d.htm	54090 USD	2026 White Chevrolet Silverado 1500 RST 5.3L EcoTec3 V8 For sale at Mankato Motors in Mankato Minnesota.	https://pictures.web.dealer.com/m/mankatochevrolet/1217/f77c6e8032c953ba1c76ff41ad71df03x.jpg	in stock	NEW	TRUCK	Vehicles & Parts > Vehicles > Motor Vehicles > Cars, Trucks & Vans	3GCUKEED7TG518109	https://www.mankatomotors.com/new/Chevrolet/2026-Chevrolet-Silverado-1500-b4970f20ac1811a58638d0731f668b2d.htm?store={store_code}	WHITE	0 miles	Silverado 1500	3GCUKEED7TG518109	2026	54090 USD	MM100	54090 USD	MI	no	Silverado 1500	No	Over 15k
1GCUKDED9TZ509311	2026 Chevrolet Silverado 1500 LT	Chevrolet	https://www.mankatomotors.com/new/Chevrolet/2026-Chevrolet-Silverado-1500-b497104aac1851979897d8863c66d2e5.htm	50315 USD	2026 Summit White Chevrolet Silverado 1500 LT 5.3L EcoTec3 V8 For sale at Mankato Motors in Mankato Minnesota.	https://pictures.web.dealer.com/m/mankatochevrolet/1646/09ddc5b9a51072ba86da243de37de609x.jpg	in stock	NEW	TRUCK	Vehicles & Parts > Vehicles > Motor Vehicles > Cars, Trucks & Vans	1GCUKDED9TZ509311	https://www.mankatomotors.com/new/Chevrolet/2026-Chevrolet-Silverado-1500-b497104aac1851979897d8863c66d2e5.htm?store={store_code}	WHITE	0 miles	Silverado 1500	1GCUKDED9TZ509311	2026	50315 USD	MM100	50315 USD	MI	no	Silverado 1500	No	Over 15k
1GCUKDED2TZ509280	2026 Chevrolet Silverado 1500 LT	Chevrolet	https://www.mankatomotors.com/new/Chevrolet/2026-Chevrolet-Silverado-1500-b4971172ac1817c99dfd0f5cda02d0c0.htm	50315 USD	2026 Black Chevrolet Silverado 1500 LT 5.3L EcoTec3 V8 For sale at Mankato Motors in Mankato Minnesota.	https://pictures.web.dealer.com/m/mankatochevrolet/0942/fcd8fc8906e604de3f0f08b146c2f1bax.jpg	in stock	NEW	TRUCK	Vehicles & Parts > Vehicles > Motor Vehicles > Cars, Trucks & Vans	1GCUKDED2TZ509280	https://www.mankatomotors.com/new/Chevrolet/2026-Chevrolet-Silverado-1500-b4971172ac1817c99dfd0f5cda02d0c0.htm?store={store_code}	BLACK	0 miles	Silverado 1500	1GCUKDED2TZ509280	2026	50315 USD	MM100	50315 USD	MI	no	Silverado 1500	No	Over 15k
3GCUKEED4TG518102	2026 Chevrolet Silverado 1500 RST	Chevrolet	https://www.mankatomotors.com/new/Chevrolet/2026-Chevrolet-Silverado-1500-b497129bac182087478a876554017c94.htm	63240 USD	2026 Sterling Gray Metallic Chevrolet Silverado 1500 RST 5.3L EcoTec3 V8 For sale at Mankato Motors in Mankato Minnesota.	https://pictures.web.dealer.com/m/mankatochevrolet/0145/e4986c0baf44c85c38510f801a729560x.jpg	in stock	NEW	TRUCK	Vehicles & Parts > Vehicles > Motor Vehicles > Cars, Trucks & Vans	3GCUKEED4TG518102	https://www.mankatomotors.com/new/Chevrolet/2026-Chevrolet-Silverado-1500-b497129bac182087478a876554017c94.htm?store={store_code}	SILVER	0 miles	Silverado 1500	3GCUKEED4TG518102	2026	63240 USD	MM100	63240 USD	MI	no	Silverado 1500	No	Over 15k
1GCUKDED3TZ509109	2026 Chevrolet Silverado 1500 LT	Chevrolet	https://www.mankatomotors.com/new/Chevrolet/2026-Chevrolet-Silverado-1500-b497174eac1811a58638d073b3e39e28.htm	51365 USD	2026 Summit White Chevrolet Silverado 1500 LT 5.3L EcoTec3 V8 For sale at Mankato Motors in Mankato Minnesota.	https://pictures.web.dealer.com/m/mankatochevrolet/1379/43b221c238ba40a15b4f3131181a6b42x.jpg	in stock	NEW	TRUCK	Vehicles & Parts > Vehicles > Motor Vehicles > Cars, Trucks & Vans	1GCUKDED3TZ509109	https://www.mankatomotors.com/new/Chevrolet/2026-Chevrolet-Silverado-1500-b497174eac1811a58638d073b3e39e28.htm?store={store_code}	WHITE	0 miles	Silverado 1500	1GCUKDED3TZ509109	2026	51365 USD	MM100	51365 USD	MI	no	Silverado 1500	No	Over 15k
1GCUKDED7TZ509114	2026 Chevrolet Silverado 1500 LT	Chevrolet	https://www.mankatomotors.com/new/Chevrolet/2026-Chevrolet-Silverado-1500-b4971883ac1851979897d886b95dc694.htm	61515 USD	2026 Black Chevrolet Silverado 1500 LT 5.3L EcoTec3 V8 For sale at Mankato Motors in Mankato Minnesota.	https://pictures.web.dealer.com/m/mankatochevrolet/1054/0f5895c7dd135a12947eb796db1439cfx.jpg	in stock	NEW	TRUCK	Vehicles & Parts > Vehicles > Motor Vehicles > Cars, Trucks & Vans	1GCUKDED7TZ509114	https://www.mankatomotors.com/new/Chevrolet/2026-Chevrolet-Silverado-1500-b4971883ac1851979897d886b95dc694.htm?store={store_code}	BLACK	0 miles	Silverado 1500	1GCUKDED7TZ509114	2026	61515 USD	MM100	61515 USD	MI	no	Silverado 1500	No	Over 15k
3GCPKBEK8TG484336	2026 Chevrolet Silverado 1500 Custom	Chevrolet	https://www.mankatomotors.com/new/Chevrolet/2026-Chevrolet-Silverado-1500-c8c39829ac184e0e3aa6268cc90c2d68.htm	43485 USD	2026 Black Chevrolet Silverado 1500 Custom 2.7L I4 Turbocharged DOHC For sale at Mankato Motors in Mankato Minnesota.	https://pictures.web.dealer.com/m/mankatochevrolet/1011/ddafd205048b380c778934db34514009x.jpg	in stock	NEW	TRUCK	Vehicles & Parts > Vehicles > Motor Vehicles > Cars, Trucks & Vans	3GCPKBEK8TG484336	https://www.mankatomotors.com/new/Chevrolet/2026-Chevrolet-Silverado-1500-c8c39829ac184e0e3aa6268cc90c2d68.htm?store={store_code}	BLACK	0 miles	Silverado 1500	3GCPKBEK8TG484336	2026	43485 USD	MM100	43485 USD	MI	no	Silverado 1500	No	Over 15k
1GCUKEED4TZ511232	2026 Chevrolet Silverado 1500 RST	Chevrolet	https://www.mankatomotors.com/new/Chevrolet/2026-Chevrolet-Silverado-1500-cea281f4ac181130db090a68bd4a897a.htm	65965 USD	2026 White Chevrolet Silverado 1500 RST 5.3L EcoTec3 V8 For sale at Mankato Motors in Mankato Minnesota.	https://pictures.web.dealer.com/m/mankatochevrolet/0145/e4986c0baf44c85c38510f801a729560x.jpg	in stock	NEW	TRUCK	Vehicles & Parts > Vehicles > Motor Vehicles > Cars, Trucks & Vans	1GCUKEED4TZ511232	https://www.mankatomotors.com/new/Chevrolet/2026-Chevrolet-Silverado-1500-cea281f4ac181130db090a68bd4a897a.htm?store={store_code}	WHITE	0 miles	Silverado 1500	1GCUKEED4TZ511232	2026	65965 USD	MM100	65965 USD	MI	no	Silverado 1500	No	Over 15k
2GCUKDED4T1239817	2026 Chevrolet Silverado 1500 LT	Chevrolet	https://www.mankatomotors.com/new/Chevrolet/2026-Chevrolet-Silverado-1500-d31033c8ac185bc0410e180b71be04da.htm	64340 USD	2026 Red Chevrolet Silverado 1500 LT 5.3L EcoTec3 V8 For sale at Mankato Motors in Mankato Minnesota.	https://pictures.web.dealer.com/m/mankatochevrolet/1054/0f5895c7dd135a12947eb796db1439cfx.jpg	in stock	NEW	TRUCK	Vehicles & Parts > Vehicles > Motor Vehicles > Cars, Trucks & Vans	2GCUKDED4T1239817	https://www.mankatomotors.com/new/Chevrolet/2026-Chevrolet-Silverado-1500-d31033c8ac185bc0410e180b71be04da.htm?store={store_code}	RED	0 miles	Silverado 1500	2GCUKDED4T1239817	2026	64340 USD	MM100	64340 USD	MI	no	Silverado 1500	No	Over 15k
3GCUKFED2TG411555	2026 Chevrolet Silverado 1500 LT Trail Boss	Chevrolet	https://www.mankatomotors.com/new/Chevrolet/2026-Chevrolet-Silverado-1500-dace63bdac184463be65380e727be702.htm	57800 USD	2026 Summit White Chevrolet Silverado 1500 LT Trail Boss 5.3L EcoTec3 V8 For sale at Mankato Motors in Mankato Minnesota.	https://pictures.web.dealer.com/m/mankatochevrolet/1317/8bb8eeaba1faede313adb052b2bb4f10x.jpg	in stock	NEW	TRUCK	Vehicles & Parts > Vehicles > Motor Vehicles > Cars, Trucks & Vans	3GCUKFED2TG411555	https://www.mankatomotors.com/new/Chevrolet/2026-Chevrolet-Silverado-1500-dace63bdac184463be65380e727be702.htm?store={store_code}	WHITE	0 miles	Silverado 1500	3GCUKFED2TG411555	2026	57800 USD	MM100	57800 USD	MI	no	Silverado 1500	No	Over 15k
2GCUKDED6T1224641	2026 Chevrolet Silverado 1500 LT	Chevrolet	https://www.mankatomotors.com/new/Chevrolet/2026-Chevrolet-Silverado-1500-f0e60594ac18003fe20877a267b67410.htm	52425 USD	2026 Summit White Chevrolet Silverado 1500 LT 5.3L EcoTec3 V8 For sale at Mankato Motors in Mankato Minnesota.	https://pictures.web.dealer.com/m/mankatochevrolet/0243/48bacac9c1eb02b3ee0c80466dcc8d0ex.jpg	in stock	NEW	TRUCK	Vehicles & Parts > Vehicles > Motor Vehicles > Cars, Trucks & Vans	2GCUKDED6T1224641	https://www.mankatomotors.com/new/Chevrolet/2026-Chevrolet-Silverado-1500-f0e60594ac18003fe20877a267b67410.htm?store={store_code}	WHITE	0 miles	Silverado 1500	2GCUKDED6T1224641	2026	52425 USD	MM100	52425 USD	MI	no	Silverado 1500	No	Over 15k
1GCPKKEK9TZ521863	2026 Chevrolet Silverado 1500 LT	Chevrolet	https://www.mankatomotors.com/new/Chevrolet/2026-Chevrolet-Silverado-1500-f260a6e9ac181910b9d4822a2003aedd.htm	55295 USD	2026 Sterling Gray Chevrolet Silverado 1500 LT 2.7L I4 Turbocharged DOHC For sale at Mankato Motors in Mankato Minnesota.	https://pictures.web.dealer.com/m/mankatochevrolet/1054/0f5895c7dd135a12947eb796db1439cfx.jpg	in stock	NEW	TRUCK	Vehicles & Parts > Vehicles > Motor Vehicles > Cars, Trucks & Vans	1GCPKKEK9TZ521863	https://www.mankatomotors.com/new/Chevrolet/2026-Chevrolet-Silverado-1500-f260a6e9ac181910b9d4822a2003aedd.htm?store={store_code}	SILVER	0 miles	Silverado 1500	1GCPKKEK9TZ521863	2026	55295 USD	MM100	55295 USD	MI	no	Silverado 1500	No	Over 15k
1GCPKKEKXTZ522326	2026 Chevrolet Silverado 1500 LT	Chevrolet	https://www.mankatomotors.com/new/Chevrolet/2026-Chevrolet-Silverado-1500-f71ba97aac182dab8fe58866facef95d.htm	55295 USD	2026 Summit White Chevrolet Silverado 1500 LT 2.7L I4 Turbocharged DOHC For sale at Mankato Motors in Mankato Minnesota.	https://pictures.web.dealer.com/m/mankatochevrolet/1054/0f5895c7dd135a12947eb796db1439cfx.jpg	in stock	NEW	TRUCK	Vehicles & Parts > Vehicles > Motor Vehicles > Cars, Trucks & Vans	1GCPKKEKXTZ522326	https://www.mankatomotors.com/new/Chevrolet/2026-Chevrolet-Silverado-1500-f71ba97aac182dab8fe58866facef95d.htm?store={store_code}	WHITE	0 miles	Silverado 1500	1GCPKKEKXTZ522326	2026	55295 USD	MM100	55295 USD	MI	no	Silverado 1500	No	Over 15k
1GCPKKEKXTZ522200	2026 Chevrolet Silverado 1500 LT	Chevrolet	https://www.mankatomotors.com/new/Chevrolet/2026-Chevrolet-Silverado-1500-f71bac37ac180048e88f6d7edfca2b6a.htm	55295 USD	2026 Black Chevrolet Silverado 1500 LT 2.7L I4 Turbocharged DOHC For sale at Mankato Motors in Mankato Minnesota.	https://pictures.web.dealer.com/m/mankatochevrolet/1054/0f5895c7dd135a12947eb796db1439cfx.jpg	in stock	NEW	TRUCK	Vehicles & Parts > Vehicles > Motor Vehicles > Cars, Trucks & Vans	1GCPKKEKXTZ522200	https://www.mankatomotors.com/new/Chevrolet/2026-Chevrolet-Silverado-1500-f71bac37ac180048e88f6d7edfca2b6a.htm?store={store_code}	BLACK	0 miles	Silverado 1500	1GCPKKEKXTZ522200	2026	55295 USD	MM100	55295 USD	MI	no	Silverado 1500	No	Over 15k
2GC4KME72T1232858	2026 Chevrolet Silverado 2500HD Custom	Chevrolet	https://www.mankatomotors.com/new/Chevrolet/2026-Chevrolet-Silverado-2500HD-4d988775ac18005db88bfdc4c434ac74.htm	57285 USD	2026 Summit White Chevrolet Silverado 2500HD Custom 6.6L V8 For sale at Mankato Motors in Mankato Minnesota.	https://pictures.web.dealer.com/m/mankatochevrolet/0867/02d230b8dcf34b005b86536b23c09cdbx.jpg	in stock	NEW	TRUCK	Vehicles & Parts > Vehicles > Motor Vehicles > Cars, Trucks & Vans	2GC4KME72T1232858	https://www.mankatomotors.com/new/Chevrolet/2026-Chevrolet-Silverado-2500HD-4d988775ac18005db88bfdc4c434ac74.htm?store={store_code}	WHITE	0 miles	Silverado 2500HD	2GC4KME72T1232858	2026	57285 USD	MM100	57285 USD	MI	no	Silverado 2500HD	No	Over 15k
1GC4KYE76TF395139	2026 Chevrolet Silverado 2500HD ZR2	Chevrolet	https://www.mankatomotors.com/new/Chevrolet/2026-Chevrolet-Silverado-2500HD-d8359c48ac1844aa32c76a8a4f5bcf6c.htm	72835 USD	2026 Cypress Chevrolet Silverado 2500HD ZR2 6.6L V8 For sale at Mankato Motors in Mankato Minnesota.	https://pictures.web.dealer.com/m/mankatochevrolet/1944/33cbbb2c81c4261207dd44dc78f333f7x.jpg	in stock	NEW	TRUCK	Vehicles & Parts > Vehicles > Motor Vehicles > Cars, Trucks & Vans	1GC4KYE76TF395139	https://www.mankatomotors.com/new/Chevrolet/2026-Chevrolet-Silverado-2500HD-d8359c48ac1844aa32c76a8a4f5bcf6c.htm?store={store_code}	GREEN	0 miles	Silverado 2500HD	1GC4KYE76TF395139	2026	72835 USD	MM100	72835 USD	MI	no	Silverado 2500HD	No	Over 15k
2GC4KVEY8T1227291	2026 Chevrolet Silverado 3500HD High Country	Chevrolet	https://www.mankatomotors.com/new/Chevrolet/2026-Chevrolet-Silverado-3500HD-00593c90ac18099670a9b7d596068dcb.htm	84890 USD	2026 Black Chevrolet Silverado 3500HD High Country 6.6L Duramax V8 Turbodiesel For sale at Mankato Motors in Mankato Minnesota.	https://pictures.web.dealer.com/m/mankatochevrolet/0542/03ee99738823a16832965dc19c4fabb1x.jpg	in stock	NEW	TRUCK	Vehicles & Parts > Vehicles > Motor Vehicles > Cars, Trucks & Vans	2GC4KVEY8T1227291	https://www.mankatomotors.com/new/Chevrolet/2026-Chevrolet-Silverado-3500HD-00593c90ac18099670a9b7d596068dcb.htm?store={store_code}	BLACK	0 miles	Silverado 3500HD	2GC4KVEY8T1227291	2026	84890 USD	MM100	84890 USD	MI	no	Silverado 3500HD	No	Over 15k
1GC4KSE70TF349593	2026 Chevrolet Silverado 3500HD Work Truck	Chevrolet	https://www.mankatomotors.com/new/Chevrolet/2026-Chevrolet-Silverado-3500HD-057f6532ac18490df7541314d670c719.htm	57765 USD	2026 Red Chevrolet Silverado 3500HD Work Truck 6.6L V8 For sale at Mankato Motors in Mankato Minnesota.	https://pictures.web.dealer.com/m/mankatochevrolet/1270/2465dd84bff556c79c0b174e3312101cx.jpg	in stock	NEW	TRUCK	Vehicles & Parts > Vehicles > Motor Vehicles > Cars, Trucks & Vans	1GC4KSE70TF349593	https://www.mankatomotors.com/new/Chevrolet/2026-Chevrolet-Silverado-3500HD-057f6532ac18490df7541314d670c719.htm?store={store_code}	RED	0 miles	Silverado 3500HD	1GC4KSE70TF349593	2026	57765 USD	MM100	57765 USD	MI	no	Silverado 3500HD	No	Over 15k
2GC4KUEY5T1229011	2026 Chevrolet Silverado 3500HD LTZ	Chevrolet	https://www.mankatomotors.com/new/Chevrolet/2026-Chevrolet-Silverado-3500HD-1f3f7bd9ac18341f4df4ff9e5342b480.htm	79175 USD	2026 Black Chevrolet Silverado 3500HD LTZ 6.6L Duramax V8 Turbodiesel For sale at Mankato Motors in Mankato Minnesota.	https://pictures.web.dealer.com/m/mankatochevrolet/0269/2efb32ea3e0b5c796fc025e404c249fex.jpg	in stock	NEW	TRUCK	Vehicles & Parts > Vehicles > Motor Vehicles > Cars, Trucks & Vans	2GC4KUEY5T1229011	https://www.mankatomotors.com/new/Chevrolet/2026-Chevrolet-Silverado-3500HD-1f3f7bd9ac18341f4df4ff9e5342b480.htm?store={store_code}	BLACK	0 miles	Silverado 3500HD	2GC4KUEY5T1229011	2026	79175 USD	MM100	79175 USD	MI	no	Silverado 3500HD	No	Over 15k
2GC4KTE71T1229735	2026 Chevrolet Silverado 3500HD LT	Chevrolet	https://www.mankatomotors.com/new/Chevrolet/2026-Chevrolet-Silverado-3500HD-291f5ddeac18461266c5431800f61af4.htm	64590 USD	2026 Summit White Chevrolet Silverado 3500HD LT 6.6L V8 For sale at Mankato Motors in Mankato Minnesota.	https://pictures.web.dealer.com/m/mankatochevrolet/0230/58ab4d06981ad49a7e4abd3e8edc1e1cx.jpg	in stock	NEW	TRUCK	Vehicles & Parts > Vehicles > Motor Vehicles > Cars, Trucks & Vans	2GC4KTE71T1229735	https://www.mankatomotors.com/new/Chevrolet/2026-Chevrolet-Silverado-3500HD-291f5ddeac18461266c5431800f61af4.htm?store={store_code}	WHITE	0 miles	Silverado 3500HD	2GC4KTE71T1229735	2026	64590 USD	MM100	64590 USD	MI	no	Silverado 3500HD	No	Over 15k
1GC4KSEY2TF383687	2026 Chevrolet Silverado 3500HD Work Truck	Chevrolet	https://www.mankatomotors.com/new/Chevrolet/2026-Chevrolet-Silverado-3500HD-434baebcac182f099195f5309774e29d.htm	65755 USD	2026 Summit White Chevrolet Silverado 3500HD Work Truck 6.6L Duramax V8 Turbodiesel For sale at Mankato Motors in Mankato Minnesota.	https://pictures.web.dealer.com/m/mankatochevrolet/0392/d07aa4fb5e641f1fb63203290c887186x.jpg	in stock	NEW	TRUCK	Vehicles & Parts > Vehicles > Motor Vehicles > Cars, Trucks & Vans	1GC4KSEY2TF383687	https://www.mankatomotors.com/new/Chevrolet/2026-Chevrolet-Silverado-3500HD-434baebcac182f099195f5309774e29d.htm?store={store_code}	WHITE	0 miles	Silverado 3500HD	1GC4KSEY2TF383687	2026	65755 USD	MM100	65755 USD	MI	no	Silverado 3500HD	No	Over 15k
1GC4KSEY7TF342486	2026 Chevrolet Silverado 3500HD Work Truck	Chevrolet	https://www.mankatomotors.com/new/Chevrolet/2026-Chevrolet-Silverado-3500HD-46f4532fac1813cdd93b47132858b4bc.htm	65755 USD	2026 Summit White Chevrolet Silverado 3500HD Work Truck 6.6L Duramax V8 Turbodiesel For sale at Mankato Motors in Mankato Minnesota.	https://pictures.web.dealer.com/m/mankatochevrolet/0529/7fe3367454b32abf82b0a9ceb75bf9c6x.jpg	in stock	NEW	TRUCK	Vehicles & Parts > Vehicles > Motor Vehicles > Cars, Trucks & Vans	1GC4KSEY7TF342486	https://www.mankatomotors.com/new/Chevrolet/2026-Chevrolet-Silverado-3500HD-46f4532fac1813cdd93b47132858b4bc.htm?store={store_code}	WHITE	0 miles	Silverado 3500HD	1GC4KSEY7TF342486	2026	65755 USD	MM100	65755 USD	MI	no	Silverado 3500HD	No	Over 15k
1GC4KVEY8TF343633	2026 Chevrolet Silverado 3500HD High Country	Chevrolet	https://www.mankatomotors.com/new/Chevrolet/2026-Chevrolet-Silverado-3500HD-4c1b4348ac18494f4214ccec4fc84cf4.htm	86110 USD	2026 Polar White Chevrolet Silverado 3500HD High Country 6.6L Duramax V8 Turbodiesel For sale at Mankato Motors in Mankato Minnesota.	https://pictures.web.dealer.com/m/mankatochevrolet/0900/84761d602f6f0b2a181526a5e8313bafx.jpg	in stock	NEW	TRUCK	Vehicles & Parts > Vehicles > Motor Vehicles > Cars, Trucks & Vans	1GC4KVEY8TF343633	https://www.mankatomotors.com/new/Chevrolet/2026-Chevrolet-Silverado-3500HD-4c1b4348ac18494f4214ccec4fc84cf4.htm?store={store_code}	WHITE	0 miles	Silverado 3500HD	1GC4KVEY8TF343633	2026	86110 USD	MM100	86110 USD	MI	no	Silverado 3500HD	No	Over 15k
1GC4KTEY5TF391336	2026 Chevrolet Silverado 3500HD LT	Chevrolet	https://www.mankatomotors.com/new/Chevrolet/2026-Chevrolet-Silverado-3500HD-85cfff32ac181ba235d0c04283d49b43.htm	73470 USD	2026 Cypress Chevrolet Silverado 3500HD LT 6.6L Duramax V8 Turbodiesel For sale at Mankato Motors in Mankato Minnesota.	https://pictures.web.dealer.com/m/mankatochevrolet/0967/a42b6f002ad8464d629ecffc90f77a65x.jpg	in stock	NEW	TRUCK	Vehicles & Parts > Vehicles > Motor Vehicles > Cars, Trucks & Vans	1GC4KTEY5TF391336	https://www.mankatomotors.com/new/Chevrolet/2026-Chevrolet-Silverado-3500HD-85cfff32ac181ba235d0c04283d49b43.htm?store={store_code}	GREEN	0 miles	Silverado 3500HD	1GC4KTEY5TF391336	2026	73470 USD	MM100	73470 USD	MI	no	Silverado 3500HD	No	Over 15k
2GC4KTEY1T1219893	2026 Chevrolet Silverado 3500HD LT	Chevrolet	https://www.mankatomotors.com/new/Chevrolet/2026-Chevrolet-Silverado-3500HD-8f0d016eac1824b1018118baf411a443.htm	70935 USD	2026 Black Chevrolet Silverado 3500HD LT 6.6L Duramax V8 Turbodiesel For sale at Mankato Motors in Mankato Minnesota.	https://pictures.web.dealer.com/m/mankatochevrolet/0613/13681ce8dec91c065e45e0f204461813x.jpg	in stock	NEW	TRUCK	Vehicles & Parts > Vehicles > Motor Vehicles > Cars, Trucks & Vans	2GC4KTEY1T1219893	https://www.mankatomotors.com/new/Chevrolet/2026-Chevrolet-Silverado-3500HD-8f0d016eac1824b1018118baf411a443.htm?store={store_code}	BLACK	0 miles	Silverado 3500HD	2GC4KTEY1T1219893	2026	70935 USD	MM100	70935 USD	MI	no	Silverado 3500HD	No	Over 15k
1GC4KUE74TF394676	2026 Chevrolet Silverado 3500HD LTZ	Chevrolet	https://www.mankatomotors.com/new/Chevrolet/2026-Chevrolet-Silverado-3500HD-ac02075cac180edf8db7c817e0c98b4e.htm	73075 USD	2026 Radiant Red Chevrolet Silverado 3500HD LTZ 6.6L V8 For sale at Mankato Motors in Mankato Minnesota.	https://pictures.web.dealer.com/m/mankatochevrolet/1498/c51b65a450bfecb165460570ed66ac56x.jpg	in stock	NEW	TRUCK	Vehicles & Parts > Vehicles > Motor Vehicles > Cars, Trucks & Vans	1GC4KUE74TF394676	https://www.mankatomotors.com/new/Chevrolet/2026-Chevrolet-Silverado-3500HD-ac02075cac180edf8db7c817e0c98b4e.htm?store={store_code}	RED	0 miles	Silverado 3500HD	1GC4KUE74TF394676	2026	73075 USD	MM100	73075 USD	MI	no	Silverado 3500HD	No	Over 15k
2GC4KTE71T1219951	2026 Chevrolet Silverado 3500HD LT	Chevrolet	https://www.mankatomotors.com/new/Chevrolet/2026-Chevrolet-Silverado-3500HD-b8406724ac1809a22d74242349d22209.htm	66045 USD	2026 Summit White Chevrolet Silverado 3500HD LT 6.6L V8 For sale at Mankato Motors in Mankato Minnesota.	https://pictures.web.dealer.com/m/mankatochevrolet/1965/3414d02ae2f5b44cfd525bbfd1e851e5x.jpg	in stock	NEW	TRUCK	Vehicles & Parts > Vehicles > Motor Vehicles > Cars, Trucks & Vans	2GC4KTE71T1219951	https://www.mankatomotors.com/new/Chevrolet/2026-Chevrolet-Silverado-3500HD-b8406724ac1809a22d74242349d22209.htm?store={store_code}	WHITE	0 miles	Silverado 3500HD	2GC4KTE71T1219951	2026	66045 USD	MM100	66045 USD	MI	no	Silverado 3500HD	No	Over 15k
2GC4KTE78T1208137	2026 Chevrolet Silverado 3500HD LT	Chevrolet	https://www.mankatomotors.com/new/Chevrolet/2026-Chevrolet-Silverado-3500HD-bcaef972ac181e22457d1d202aef0724.htm	61945 USD	2026 Red Chevrolet Silverado 3500HD LT 6.6L V8 For sale at Mankato Motors in Mankato Minnesota.	https://pictures.web.dealer.com/m/mankatochevrolet/0752/20f334156ed32180a7aa745ea3148c56x.jpg	in stock	NEW	TRUCK	Vehicles & Parts > Vehicles > Motor Vehicles > Cars, Trucks & Vans	2GC4KTE78T1208137	https://www.mankatomotors.com/new/Chevrolet/2026-Chevrolet-Silverado-3500HD-bcaef972ac181e22457d1d202aef0724.htm?store={store_code}	RED	0 miles	Silverado 3500HD	2GC4KTE78T1208137	2026	61945 USD	MM100	61945 USD	MI	no	Silverado 3500HD	No	Over 15k
2GC4KVE79T1222706	2026 Chevrolet Silverado 3500HD High Country	Chevrolet	https://www.mankatomotors.com/new/Chevrolet/2026-Chevrolet-Silverado-3500HD-bcf6a070ac1843b4d08f34f96273c66f.htm	75900 USD	2026 Black Chevrolet Silverado 3500HD High Country 6.6L V8 For sale at Mankato Motors in Mankato Minnesota.	https://pictures.web.dealer.com/m/mankatochevrolet/1173/26702bf4c20468ef9eed66124228b11fx.jpg	in stock	NEW	TRUCK	Vehicles & Parts > Vehicles > Motor Vehicles > Cars, Trucks & Vans	2GC4KVE79T1222706	https://www.mankatomotors.com/new/Chevrolet/2026-Chevrolet-Silverado-3500HD-bcf6a070ac1843b4d08f34f96273c66f.htm?store={store_code}	BLACK	0 miles	Silverado 3500HD	2GC4KVE79T1222706	2026	75900 USD	MM100	75900 USD	MI	no	Silverado 3500HD	No	Over 15k
2GC4KTEY7T1224208	2026 Chevrolet Silverado 3500HD LT	Chevrolet	https://www.mankatomotors.com/new/Chevrolet/2026-Chevrolet-Silverado-3500HD-d72605a2ac184d711ce89ad07bcc67e1.htm	75035 USD	2026 Summit White Chevrolet Silverado 3500HD LT 6.6L Duramax V8 Turbodiesel For sale at Mankato Motors in Mankato Minnesota.	https://pictures.web.dealer.com/m/mankatochevrolet/1246/327a1f0c8b28e5944f0d6b6d6eb2daaex.jpg	in stock	NEW	TRUCK	Vehicles & Parts > Vehicles > Motor Vehicles > Cars, Trucks & Vans	2GC4KTEY7T1224208	https://www.mankatomotors.com/new/Chevrolet/2026-Chevrolet-Silverado-3500HD-d72605a2ac184d711ce89ad07bcc67e1.htm?store={store_code}	WHITE	0 miles	Silverado 3500HD	2GC4KTEY7T1224208	2026	75035 USD	MM100	75035 USD	MI	no	Silverado 3500HD	No	Over 15k
1GC4KUEY0TF380556	2026 Chevrolet Silverado 3500HD LTZ	Chevrolet	https://www.mankatomotors.com/new/Chevrolet/2026-Chevrolet-Silverado-3500HD-f260a3e6ac185289c130f4e6ef00aa06.htm	80035 USD	2026 Radiant Red Chevrolet Silverado 3500HD LTZ 6.6L Duramax V8 Turbodiesel For sale at Mankato Motors in Mankato Minnesota.	https://pictures.web.dealer.com/m/mankatochevrolet/0493/4ff3be7617ca3f3bd92ba0e4a6d29fadx.jpg	in stock	NEW	TRUCK	Vehicles & Parts > Vehicles > Motor Vehicles > Cars, Trucks & Vans	1GC4KUEY0TF380556	https://www.mankatomotors.com/new/Chevrolet/2026-Chevrolet-Silverado-3500HD-f260a3e6ac185289c130f4e6ef00aa06.htm?store={store_code}	RED	0 miles	Silverado 3500HD	1GC4KUEY0TF380556	2026	80035 USD	MM100	80035 USD	MI	no	Silverado 3500HD	No	Over 15k
2GC4KVEY1T1243039	2026 Chevrolet Silverado 3500HD High Country	Chevrolet	https://www.mankatomotors.com/new/Chevrolet/2026-Chevrolet-Silverado-3500HD-f71baabfac184d71689b1a5107ad585c.htm	93255 USD	2026 Black Chevrolet Silverado 3500HD High Country 6.6L Duramax V8 Turbodiesel For sale at Mankato Motors in Mankato Minnesota.	https://pictures.web.dealer.com/m/mankatochevrolet/1617/dff98e8e5f8a2ece98415654ed462ce6x.jpg	in stock	NEW	TRUCK	Vehicles & Parts > Vehicles > Motor Vehicles > Cars, Trucks & Vans	2GC4KVEY1T1243039	https://www.mankatomotors.com/new/Chevrolet/2026-Chevrolet-Silverado-3500HD-f71baabfac184d71689b1a5107ad585c.htm?store={store_code}	BLACK	0 miles	Silverado 3500HD	2GC4KVEY1T1243039	2026	93255 USD	MM100	93255 USD	MI	no	Silverado 3500HD	No	Over 15k
1GNS6TKL7TR416148	2026 Chevrolet Tahoe High Country	Chevrolet	https://www.mankatomotors.com/new/Chevrolet/2026-Chevrolet-Tahoe-4c1b48deac181a15172eb3956b806685.htm	92820 USD	2026 Polar White Chevrolet Tahoe High Country 6.2L EcoTec3 V8 For sale at Mankato Motors in Mankato Minnesota.	https://pictures.web.dealer.com/m/mankatochevrolet/1932/384c08a596573e75a0f644a9ee4d0feex.jpg	in stock	NEW	SUV	Vehicles & Parts > Vehicles > Motor Vehicles > Cars, Trucks & Vans	1GNS6TKL7TR416148	https://www.mankatomotors.com/new/Chevrolet/2026-Chevrolet-Tahoe-4c1b48deac181a15172eb3956b806685.htm?store={store_code}	WHITE	0 miles	Tahoe	1GNS6TKL7TR416148	2026	92820 USD	MM100	92820 USD	MI	no	Tahoe	No	Over 15k
1GNS6PKD7TR469626	2026 Chevrolet Tahoe Z71	Chevrolet	https://www.mankatomotors.com/new/Chevrolet/2026-Chevrolet-Tahoe-4d988875ac181c35d475de4ca93e5a13.htm	74665 USD	2026 Summit White Chevrolet Tahoe Z71 5.3L EcoTec3 V8 For sale at Mankato Motors in Mankato Minnesota.	https://pictures.web.dealer.com/m/mankatochevrolet/1586/f072c90d374ce89994937379213e44afx.jpg	in stock	NEW	SUV	Vehicles & Parts > Vehicles > Motor Vehicles > Cars, Trucks & Vans	1GNS6PKD7TR469626	https://www.mankatomotors.com/new/Chevrolet/2026-Chevrolet-Tahoe-4d988875ac181c35d475de4ca93e5a13.htm?store={store_code}	WHITE	0 miles	Tahoe	1GNS6PKD7TR469626	2026	74665 USD	MM100	74665 USD	MI	no	Tahoe	No	Over 15k
1GNS6NKD9TR430816	2026 Chevrolet Tahoe LT	Chevrolet	https://www.mankatomotors.com/new/Chevrolet/2026-Chevrolet-Tahoe-94341855ac1824b1018118ba69a28ce9.htm	75110 USD	2026 Sterling Gray Metallic Chevrolet Tahoe LT 5.3L EcoTec3 V8 For sale at Mankato Motors in Mankato Minnesota.	https://pictures.web.dealer.com/m/mankatochevrolet/1651/3917b17a82c2fb45cce68193dfb43720x.jpg	in stock	NEW	SUV	Vehicles & Parts > Vehicles > Motor Vehicles > Cars, Trucks & Vans	1GNS6NKD9TR430816	https://www.mankatomotors.com/new/Chevrolet/2026-Chevrolet-Tahoe-94341855ac1824b1018118ba69a28ce9.htm?store={store_code}	SILVER	0 miles	Tahoe	1GNS6NKD9TR430816	2026	75110 USD	MM100	75110 USD	MI	no	Tahoe	No	Over 15k
1GNS6PKD2TR473874	2026 Chevrolet Tahoe Z71	Chevrolet	https://www.mankatomotors.com/new/Chevrolet/2026-Chevrolet-Tahoe-b9bc1fd9ac1840774efccaaddffd8863.htm	78885 USD	2026 Ash Chevrolet Tahoe Z71 5.3L EcoTec3 V8 For sale at Mankato Motors in Mankato Minnesota.	https://pictures.web.dealer.com/m/mankatochevrolet/0079/69e8c990e66d715a2236569f81992297x.jpg	in stock	NEW	SUV	Vehicles & Parts > Vehicles > Motor Vehicles > Cars, Trucks & Vans	1GNS6PKD2TR473874	https://www.mankatomotors.com/new/Chevrolet/2026-Chevrolet-Tahoe-b9bc1fd9ac1840774efccaaddffd8863.htm?store={store_code}	GRAY	0 miles	Tahoe	1GNS6PKD2TR473874	2026	78885 USD	MM100	78885 USD	MI	no	Tahoe	No	Over 15k
KL79MRSL7TB289293	2026 Chevrolet Trailblazer LT	Chevrolet	https://www.mankatomotors.com/new/Chevrolet/2026-Chevrolet-Trailblazer-1a1ba7cbac1832e951f5fea7ccf35622.htm	30275 USD	2026 Green Chevrolet Trailblazer LT 1.3L I3 Turbocharged DOHC 12V LEV3-SULEV30 155hp For sale at Mankato Motors in Mankato Minnesota.	https://pictures.web.dealer.com/m/mankatochevrolet/1093/04b6abfa5f3f8f54d1afd67b83718f69x.jpg	in stock	NEW	SUV	Vehicles & Parts > Vehicles > Motor Vehicles > Cars, Trucks & Vans	KL79MRSL7TB289293	https://www.mankatomotors.com/new/Chevrolet/2026-Chevrolet-Trailblazer-1a1ba7cbac1832e951f5fea7ccf35622.htm?store={store_code}	GREEN	0 miles	Trailblazer	KL79MRSL7TB289293	2026	30275 USD	MM100	30275 USD	MI	no	Trailblazer	No	Over 15k
KL79MRSL1TB299575	2026 Chevrolet Trailblazer LT	Chevrolet	https://www.mankatomotors.com/new/Chevrolet/2026-Chevrolet-Trailblazer-61c439efac1830f8c0647a5554d7f283.htm	30275 USD	2026 Black Metallic Chevrolet Trailblazer LT 1.3L I3 Turbocharged DOHC 12V LEV3-SULEV30 155hp For sale at Mankato Motors in Mankato Minnesota.	https://pictures.web.dealer.com/m/mankatochevrolet/1489/12269eb110ac51b1bbdcedd804d4931ex.jpg	in stock	NEW	SUV	Vehicles & Parts > Vehicles > Motor Vehicles > Cars, Trucks & Vans	KL79MRSL1TB299575	https://www.mankatomotors.com/new/Chevrolet/2026-Chevrolet-Trailblazer-61c439efac1830f8c0647a5554d7f283.htm?store={store_code}	BLACK	0 miles	Trailblazer	KL79MRSL1TB299575	2026	30275 USD	MM100	30275 USD	MI	no	Trailblazer	No	Over 15k
KL79MRSL5TB288255	2026 Chevrolet Trailblazer LT	Chevrolet	https://www.mankatomotors.com/new/Chevrolet/2026-Chevrolet-Trailblazer-adf36278ac183b7cfe9e7d697a3d16da.htm	30275 USD	2026 Black Metallic Chevrolet Trailblazer LT 1.3L I3 Turbocharged DOHC 12V LEV3-SULEV30 155hp For sale at Mankato Motors in Mankato Minnesota.	https://pictures.web.dealer.com/m/mankatochevrolet/1525/21ee6a085b027012d4eda101fd0be524x.jpg	in stock	NEW	SUV	Vehicles & Parts > Vehicles > Motor Vehicles > Cars, Trucks & Vans	KL79MRSL5TB288255	https://www.mankatomotors.com/new/Chevrolet/2026-Chevrolet-Trailblazer-adf36278ac183b7cfe9e7d697a3d16da.htm?store={store_code}	BLACK	0 miles	Trailblazer	KL79MRSL5TB288255	2026	30275 USD	MM100	30275 USD	MI	no	Trailblazer	No	Over 15k
KL79MUSL0TB296881	2026 Chevrolet Trailblazer RS	Chevrolet	https://www.mankatomotors.com/new/Chevrolet/2026-Chevrolet-Trailblazer-f0e606f1ac1849ee428c30af849cfd82.htm	33975 USD	2026 White Chevrolet Trailblazer RS 1.3L I3 Turbocharged DOHC 12V LEV3-SULEV30 155hp For sale at Mankato Motors in Mankato Minnesota.	https://pictures.web.dealer.com/m/mankatochevrolet/0679/ed9b6fd31964413802a012746c69c042x.jpg	in stock	NEW	SUV	Vehicles & Parts > Vehicles > Motor Vehicles > Cars, Trucks & Vans	KL79MUSL0TB296881	https://www.mankatomotors.com/new/Chevrolet/2026-Chevrolet-Trailblazer-f0e606f1ac1849ee428c30af849cfd82.htm?store={store_code}	WHITE	0 miles	Trailblazer	KL79MUSL0TB296881	2026	33975 USD	MM100	33975 USD	MI	no	Trailblazer	No	Over 15k
KL79MRSL7TB281517	2026 Chevrolet Trailblazer LT	Chevrolet	https://www.mankatomotors.com/new/Chevrolet/2026-Chevrolet-Trailblazer-f260a5feac184161c3469b75f8c5d156.htm	30780 USD	2026 Summit White Chevrolet Trailblazer LT 1.3L I3 Turbocharged DOHC 12V LEV3-SULEV30 155hp For sale at Mankato Motors in Mankato Minnesota.	https://pictures.web.dealer.com/m/mankatochevrolet/1064/a897f0c0e28f45e17abcb61a0a70a5fex.jpg	in stock	NEW	SUV	Vehicles & Parts > Vehicles > Motor Vehicles > Cars, Trucks & Vans	KL79MRSL7TB281517	https://www.mankatomotors.com/new/Chevrolet/2026-Chevrolet-Trailblazer-f260a5feac184161c3469b75f8c5d156.htm?store={store_code}	WHITE	0 miles	Trailblazer	KL79MRSL7TB281517	2026	30780 USD	MM100	30780 USD	MI	no	Trailblazer	No	Over 15k
KL77LKEP2TC265199	2026 Chevrolet Trax Activ	Chevrolet	https://www.mankatomotors.com/new/Chevrolet/2026-Chevrolet-Trax-7135ecacac1838ffae3a022a9d24a426.htm	26965 USD	2026 Summit White Chevrolet Trax Activ 1.2L ECOTEC Turbo For sale at Mankato Motors in Mankato Minnesota.	https://pictures.web.dealer.com/m/mankatochevrolet/0831/f4fd2ea91b5e34a3748e619f8a601657x.jpg	in stock	NEW	SUV	Vehicles & Parts > Vehicles > Motor Vehicles > Cars, Trucks & Vans	KL77LKEP2TC265199	https://www.mankatomotors.com/new/Chevrolet/2026-Chevrolet-Trax-7135ecacac1838ffae3a022a9d24a426.htm?store={store_code}	WHITE	0 miles	Trax	KL77LKEP2TC265199	2026	26965 USD	MM100	26965 USD	MI	no	Trax	No	Over 15k
KL77LHEP2TC240242	2026 Chevrolet Trax LT	Chevrolet	https://www.mankatomotors.com/new/Chevrolet/2026-Chevrolet-Trax-89e55290ac18013719a6da34a3a82ee1.htm	25930 USD	2026 Black Metallic Chevrolet Trax LT 1.2L ECOTEC Turbo For sale at Mankato Motors in Mankato Minnesota.	https://pictures.web.dealer.com/m/mankatochevrolet/0799/29087a1ab718e03d1963357c8b6d27b9x.jpg	in stock	NEW	SUV	Vehicles & Parts > Vehicles > Motor Vehicles > Cars, Trucks & Vans	KL77LHEP2TC240242	https://www.mankatomotors.com/new/Chevrolet/2026-Chevrolet-Trax-89e55290ac18013719a6da34a3a82ee1.htm?store={store_code}	BLACK	0 miles	Trax	KL77LHEP2TC240242	2026	25930 USD	MM100	25930 USD	MI	no	Trax	No	Over 15k
KL77LJEP5TC234796	2026 Chevrolet Trax 2RS	Chevrolet	https://www.mankatomotors.com/new/Chevrolet/2026-Chevrolet-Trax-89e55756ac185005b9496b419b7c1e17.htm	26840 USD	2026 Red Chevrolet Trax 2RS 1.2L ECOTEC Turbo For sale at Mankato Motors in Mankato Minnesota.	https://pictures.web.dealer.com/m/mankatochevrolet/0037/e863faa0064243815560ad6b3a5f3a90x.jpg	in stock	NEW	SUV	Vehicles & Parts > Vehicles > Motor Vehicles > Cars, Trucks & Vans	KL77LJEP5TC234796	https://www.mankatomotors.com/new/Chevrolet/2026-Chevrolet-Trax-89e55756ac185005b9496b419b7c1e17.htm?store={store_code}	RED	0 miles	Trax	KL77LJEP5TC234796	2026	26840 USD	MM100	26840 USD	MI	no	Trax	No	Over 15k
KL77LGEP5TC245400	2026 Chevrolet Trax 1RS	Chevrolet	https://www.mankatomotors.com/new/Chevrolet/2026-Chevrolet-Trax-adf3687dac184067335a66be1ef30576.htm	25660 USD	2026 Black Metallic Chevrolet Trax 1RS 1.2L ECOTEC Turbo For sale at Mankato Motors in Mankato Minnesota.	https://pictures.web.dealer.com/m/mankatochevrolet/1811/d3b0f97b55fd5c7e80eee6d8fe610f00x.jpg	in stock	NEW	SUV	Vehicles & Parts > Vehicles > Motor Vehicles > Cars, Trucks & Vans	KL77LGEP5TC245400	https://www.mankatomotors.com/new/Chevrolet/2026-Chevrolet-Trax-adf3687dac184067335a66be1ef30576.htm?store={store_code}	BLACK	0 miles	Trax	KL77LGEP5TC245400	2026	25660 USD	MM100	25660 USD	MI	no	Trax	No	Over 15k
KL77LHEP0TC281372	2026 Chevrolet Trax LT	Chevrolet	https://www.mankatomotors.com/new/Chevrolet/2026-Chevrolet-Trax-d3103676ac18317c333ce9bda30dbafc.htm	25715 USD	2026 Sterling Gray Metallic Chevrolet Trax LT 1.2L ECOTEC Turbo For sale at Mankato Motors in Mankato Minnesota.	https://pictures.web.dealer.com/m/mankatochevrolet/0252/edba3324a7b16808683740bc85751186x.jpg	in stock	NEW	SUV	Vehicles & Parts > Vehicles > Motor Vehicles > Cars, Trucks & Vans	KL77LHEP0TC281372	https://www.mankatomotors.com/new/Chevrolet/2026-Chevrolet-Trax-d3103676ac18317c333ce9bda30dbafc.htm?store={store_code}	SILVER	0 miles	Trax	KL77LHEP0TC281372	2026	25715 USD	MM100	25715 USD	MI	no	Trax	No	Over 15k
KL77LHEP7TC280896	2026 Chevrolet Trax LT	Chevrolet	https://www.mankatomotors.com/new/Chevrolet/2026-Chevrolet-Trax-d31037b9ac185b5f61b2aa795ec57ca4.htm	25715 USD	2026 Black Metallic Chevrolet Trax LT 1.2L ECOTEC Turbo For sale at Mankato Motors in Mankato Minnesota.	https://pictures.web.dealer.com/m/mankatochevrolet/0252/edba3324a7b16808683740bc85751186x.jpg	in stock	NEW	SUV	Vehicles & Parts > Vehicles > Motor Vehicles > Cars, Trucks & Vans	KL77LHEP7TC280896	https://www.mankatomotors.com/new/Chevrolet/2026-Chevrolet-Trax-d31037b9ac185b5f61b2aa795ec57ca4.htm?store={store_code}	BLACK	0 miles	Trax	KL77LHEP7TC280896	2026	25715 USD	MM100	25715 USD	MI	no	Trax	No	Over 15k
KL77LFEP8TC283567	2026 Chevrolet Trax LS	Chevrolet	https://www.mankatomotors.com/new/Chevrolet/2026-Chevrolet-Trax-f71ba809ac181555db079d3562bf0449.htm	24615 USD	2026 Summit White Chevrolet Trax LS 1.2L ECOTEC Turbo For sale at Mankato Motors in Mankato Minnesota.	https://pictures.web.dealer.com/m/mankatochevrolet/0252/edba3324a7b16808683740bc85751186x.jpg	in stock	NEW	SUV	Vehicles & Parts > Vehicles > Motor Vehicles > Cars, Trucks & Vans	KL77LFEP8TC283567	https://www.mankatomotors.com/new/Chevrolet/2026-Chevrolet-Trax-f71ba809ac181555db079d3562bf0449.htm?store={store_code}	WHITE	0 miles	Trax	KL77LFEP8TC283567	2026	24615 USD	MM100	24615 USD	MI	no	Trax	No	Over 15k
KL77LKEPXTC284857	2026 Chevrolet Trax Activ	Chevrolet	https://www.mankatomotors.com/new/Chevrolet/2026-Chevrolet-Trax-f71bad3fac184161c3469b758b4a4cfc.htm	29310 USD	2026 Sterling Gray Chevrolet Trax Activ 1.2L ECOTEC Turbo For sale at Mankato Motors in Mankato Minnesota.	https://pictures.web.dealer.com/m/mankatochevrolet/0252/edba3324a7b16808683740bc85751186x.jpg	in stock	NEW	SUV	Vehicles & Parts > Vehicles > Motor Vehicles > Cars, Trucks & Vans	KL77LKEPXTC284857	https://www.mankatomotors.com/new/Chevrolet/2026-Chevrolet-Trax-f71bad3fac184161c3469b758b4a4cfc.htm?store={store_code}	SILVER	0 miles	Trax	KL77LKEPXTC284857	2026	29310 USD	MM100	29310 USD	MI	no	Trax	No	Over 15k
3GNKDKRJ3VS108091	2027 Chevrolet Blazer EV LT	Chevrolet	https://www.mankatomotors.com/new/Chevrolet/2027-Chevrolet-Blazer-EV-61c4390cac18518ba815d9f2a5927712.htm	53630 USD	2027 Summit White Chevrolet Blazer EV LT Electric Motor For sale at Mankato Motors in Mankato Minnesota.	https://pictures.web.dealer.com/m/mankatochevrolet/0475/5b7dd1949d81af0219a37ae028aefdbdx.jpg	in stock	NEW	SUV	Vehicles & Parts > Vehicles > Motor Vehicles > Cars, Trucks & Vans	3GNKDKRJ3VS108091	https://www.mankatomotors.com/new/Chevrolet/2027-Chevrolet-Blazer-EV-61c4390cac18518ba815d9f2a5927712.htm?store={store_code}	WHITE	0 miles	Blazer EV	3GNKDKRJ3VS108091	2027	53630 USD	MM100	53630 USD	MI	no	Blazer EV	No	Over 15k
1G1YC3D54V5101109	2027 Chevrolet Corvette Stingray	Chevrolet	https://www.mankatomotors.com/new/Chevrolet/2027-Chevrolet-Corvette-9959a2feac1824b1018118baa095f6d5.htm	102174 USD	2027 Admiral Blue Metallic Chevrolet Corvette Stingray 6.7L V8 For sale at Mankato Motors in Mankato Minnesota.	https://pictures.web.dealer.com/m/mankatochevrolet/0757/a8012a4c0e3c2ac3a5046a3432a18987x.jpg	in stock	NEW	OTHER	Vehicles & Parts > Vehicles > Motor Vehicles > Cars, Trucks & Vans	1G1YC3D54V5101109	https://www.mankatomotors.com/new/Chevrolet/2027-Chevrolet-Corvette-9959a2feac1824b1018118baa095f6d5.htm?store={store_code}	BLUE	0 miles	Corvette	1G1YC3D54V5101109	2027	102174 USD	MM100	102174 USD	MI	no	Corvette	No	Over 15k
3GNAXTEG8VL107158	2027 Chevrolet Equinox RS	Chevrolet	https://www.mankatomotors.com/new/Chevrolet/2027-Chevrolet-Equinox-22e6a82aac1819229d5476fae591bef5.htm	39585 USD	2027 Mosaic Black Metallic Chevrolet Equinox RS 1.5L DOHC For sale at Mankato Motors in Mankato Minnesota.	https://pictures.web.dealer.com/m/mankatochevrolet/1502/77e3e33c8e95a3bcb25fa825ac6c5b63x.jpg	in stock	NEW	SUV	Vehicles & Parts > Vehicles > Motor Vehicles > Cars, Trucks & Vans	3GNAXTEG8VL107158	https://www.mankatomotors.com/new/Chevrolet/2027-Chevrolet-Equinox-22e6a82aac1819229d5476fae591bef5.htm?store={store_code}	BLACK	0 miles	Equinox	3GNAXTEG8VL107158	2027	39585 USD	MM100	39585 USD	MI	no	Equinox	No	Over 15k
3GNAXPEG8VL184734	2027 Chevrolet Equinox LT	Chevrolet	https://www.mankatomotors.com/new/Chevrolet/2027-Chevrolet-Equinox-434bafe3ac1827bd9540ac67229501cb.htm	38640 USD	2027 Sterling Gray Metallic Chevrolet Equinox LT 1.5L DOHC For sale at Mankato Motors in Mankato Minnesota.	https://pictures.web.dealer.com/m/mankatochevrolet/1614/e70c46f25283a821ee039c68394ebde8x.jpg	in stock	NEW	SUV	Vehicles & Parts > Vehicles > Motor Vehicles > Cars, Trucks & Vans	3GNAXPEG8VL184734	https://www.mankatomotors.com/new/Chevrolet/2027-Chevrolet-Equinox-434bafe3ac1827bd9540ac67229501cb.htm?store={store_code}	SILVER	0 miles	Equinox	3GNAXPEG8VL184734	2027	38640 USD	MM100	38640 USD	MI	no	Equinox	No	Over 15k
3GNAXPEG8VL188847	2027 Chevrolet Equinox LT	Chevrolet	https://www.mankatomotors.com/new/Chevrolet/2027-Chevrolet-Equinox-5d0da815ac180b7620d871ae4f9c133f.htm	36255 USD	2027 Radiant Red Chevrolet Equinox LT 1.5L DOHC For sale at Mankato Motors in Mankato Minnesota.	https://pictures.web.dealer.com/m/mankatochevrolet/1500/c52ff9c1e91fc158c6995bb48b2649c5x.jpg	in stock	NEW	SUV	Vehicles & Parts > Vehicles > Motor Vehicles > Cars, Trucks & Vans	3GNAXPEG8VL188847	https://www.mankatomotors.com/new/Chevrolet/2027-Chevrolet-Equinox-5d0da815ac180b7620d871ae4f9c133f.htm?store={store_code}	RED	0 miles	Equinox	3GNAXPEG8VL188847	2027	36255 USD	MM100	36255 USD	MI	no	Equinox	No	Over 15k
3GNAXPEG9VL204148	2027 Chevrolet Equinox LT	Chevrolet	https://www.mankatomotors.com/new/Chevrolet/2027-Chevrolet-Equinox-901c2a97ac184088ef41bc97f1c6daad.htm	36610 USD	2027 Sterling Gray Metallic Chevrolet Equinox LT 1.5L DOHC For sale at Mankato Motors in Mankato Minnesota.	https://pictures.web.dealer.com/m/mankatochevrolet/1870/e2a0d9241c0d6e0c8758f762c1e349ebx.jpg	in stock	NEW	SUV	Vehicles & Parts > Vehicles > Motor Vehicles > Cars, Trucks & Vans	3GNAXPEG9VL204148	https://www.mankatomotors.com/new/Chevrolet/2027-Chevrolet-Equinox-901c2a97ac184088ef41bc97f1c6daad.htm?store={store_code}	SILVER	0 miles	Equinox	3GNAXPEG9VL204148	2027	36610 USD	MM100	36610 USD	MI	no	Equinox	No	Over 15k
3GNAXPEG9VL201573	2027 Chevrolet Equinox LT	Chevrolet	https://www.mankatomotors.com/new/Chevrolet/2027-Chevrolet-Equinox-ac020ba7ac182087090c39b241d0db8a.htm	36705 USD	2027 Summit White Chevrolet Equinox LT 1.5L DOHC For sale at Mankato Motors in Mankato Minnesota.	https://pictures.web.dealer.com/m/mankatochevrolet/1456/e672255c8c21f7ed6ea3a7067c86f455x.jpg	in stock	NEW	SUV	Vehicles & Parts > Vehicles > Motor Vehicles > Cars, Trucks & Vans	3GNAXPEG9VL201573	https://www.mankatomotors.com/new/Chevrolet/2027-Chevrolet-Equinox-ac020ba7ac182087090c39b241d0db8a.htm?store={store_code}	WHITE	0 miles	Equinox	3GNAXPEG9VL201573	2027	36705 USD	MM100	36705 USD	MI	no	Equinox	No	Over 15k
3GNAXTEG5VL189608	2027 Chevrolet Equinox RS	Chevrolet	https://www.mankatomotors.com/new/Chevrolet/2027-Chevrolet-Equinox-c8c39557ac184e0e3aa6268c9e625cd3.htm	40829 USD	2027 Blue Metallic Chevrolet Equinox RS 1.5L DOHC For sale at Mankato Motors in Mankato Minnesota.	https://pictures.web.dealer.com/m/mankatochevrolet/1081/33a229faf4ffb80d121097a4aab153f0x.jpg	in stock	NEW	SUV	Vehicles & Parts > Vehicles > Motor Vehicles > Cars, Trucks & Vans	3GNAXTEG5VL189608	https://www.mankatomotors.com/new/Chevrolet/2027-Chevrolet-Equinox-c8c39557ac184e0e3aa6268c9e625cd3.htm?store={store_code}	BLUE	0 miles	Equinox	3GNAXTEG5VL189608	2027	40829 USD	MM100	40829 USD	MI	no	Equinox	No	Over 15k
3GNAXTEG2VL184253	2027 Chevrolet Equinox RS	Chevrolet	https://www.mankatomotors.com/new/Chevrolet/2027-Chevrolet-Equinox-c8c396b9ac1811a55047da55938d23ed.htm	41220 USD	2027 Radiant Red Chevrolet Equinox RS 1.5L DOHC For sale at Mankato Motors in Mankato Minnesota.	https://pictures.web.dealer.com/m/mankatochevrolet/0877/7bd597dd8a32dc8ff6c88335274cf365x.jpg	in stock	NEW	SUV	Vehicles & Parts > Vehicles > Motor Vehicles > Cars, Trucks & Vans	3GNAXTEG2VL184253	https://www.mankatomotors.com/new/Chevrolet/2027-Chevrolet-Equinox-c8c396b9ac1811a55047da55938d23ed.htm?store={store_code}	RED	0 miles	Equinox	3GNAXTEG2VL184253	2027	41220 USD	MM100	41220 USD	MI	no	Equinox	No	Over 15k
3GNAXPEG5VL199997	2027 Chevrolet Equinox LT	Chevrolet	https://www.mankatomotors.com/new/Chevrolet/2027-Chevrolet-Equinox-cea27db3ac181a98f5666e53c274d48a.htm	36705 USD	2027 Summit White Chevrolet Equinox LT 1.5L DOHC For sale at Mankato Motors in Mankato Minnesota.	https://pictures.web.dealer.com/m/mankatochevrolet/1940/63c10de69aee52759f9c237e076f511bx.jpg	in stock	NEW	SUV	Vehicles & Parts > Vehicles > Motor Vehicles > Cars, Trucks & Vans	3GNAXPEG5VL199997	https://www.mankatomotors.com/new/Chevrolet/2027-Chevrolet-Equinox-cea27db3ac181a98f5666e53c274d48a.htm?store={store_code}	WHITE	0 miles	Equinox	3GNAXPEG5VL199997	2027	36705 USD	MM100	36705 USD	MI	no	Equinox	No	Over 15k
3GNAXPEG4VL138480	2027 Chevrolet Equinox LT	Chevrolet	https://www.mankatomotors.com/new/Chevrolet/2027-Chevrolet-Equinox-cea27edfac185fa6e5f523fc86fb0653.htm	36595 USD	2027 Black Metallic Chevrolet Equinox LT 1.5L DOHC For sale at Mankato Motors in Mankato Minnesota.	https://pictures.web.dealer.com/m/mankatochevrolet/1855/c21d00fb901ebbf8811d8303854ac06fx.jpg	in stock	NEW	SUV	Vehicles & Parts > Vehicles > Motor Vehicles > Cars, Trucks & Vans	3GNAXPEG4VL138480	https://www.mankatomotors.com/new/Chevrolet/2027-Chevrolet-Equinox-cea27edfac185fa6e5f523fc86fb0653.htm?store={store_code}	BLACK	0 miles	Equinox	3GNAXPEG4VL138480	2027	36595 USD	MM100	36595 USD	MI	no	Equinox	No	Over 15k
3GNAXPEG3VL220975	2027 Chevrolet Equinox LT	Chevrolet	https://www.mankatomotors.com/new/Chevrolet/2027-Chevrolet-Equinox-eccf0dfcac181130db090a682dceda5e.htm	37495 USD	2027 Lakeshore Blue Chevrolet Equinox LT 1.5L DOHC For sale at Mankato Motors in Mankato Minnesota.	https://pictures.web.dealer.com/m/mankatochevrolet/1081/33a229faf4ffb80d121097a4aab153f0x.jpg	in stock	NEW	SUV	Vehicles & Parts > Vehicles > Motor Vehicles > Cars, Trucks & Vans	3GNAXPEG3VL220975	https://www.mankatomotors.com/new/Chevrolet/2027-Chevrolet-Equinox-eccf0dfcac181130db090a682dceda5e.htm?store={store_code}	BLUE	0 miles	Equinox	3GNAXPEG3VL220975	2027	37495 USD	MM100	37495 USD	MI	no	Equinox	No	Over 15k
3GNAXSEG4VL227680	2027 Chevrolet Equinox Activ	Chevrolet	https://www.mankatomotors.com/new/Chevrolet/2027-Chevrolet-Equinox-eccf107eac183762c988d36d195cbb9b.htm	40395 USD	2027 Sterling Gray Chevrolet Equinox Activ 1.5L DOHC For sale at Mankato Motors in Mankato Minnesota.	https://pictures.web.dealer.com/m/mankatochevrolet/1081/33a229faf4ffb80d121097a4aab153f0x.jpg	in stock	NEW	SUV	Vehicles & Parts > Vehicles > Motor Vehicles > Cars, Trucks & Vans	3GNAXSEG4VL227680	https://www.mankatomotors.com/new/Chevrolet/2027-Chevrolet-Equinox-eccf107eac183762c988d36d195cbb9b.htm?store={store_code}	SILVER	0 miles	Equinox	3GNAXSEG4VL227680	2027	40395 USD	MM100	40395 USD	MI	no	Equinox	No	Over 15k
3GNAXSEG9VL225343	2027 Chevrolet Equinox Activ	Chevrolet	https://www.mankatomotors.com/new/Chevrolet/2027-Chevrolet-Equinox-f260a4f4ac180b5a8d6e747124a4cfe3.htm	41890 USD	2027 Sterling Gray Chevrolet Equinox Activ 1.5L DOHC For sale at Mankato Motors in Mankato Minnesota.	https://pictures.web.dealer.com/m/mankatochevrolet/1081/33a229faf4ffb80d121097a4aab153f0x.jpg	in stock	NEW	SUV	Vehicles & Parts > Vehicles > Motor Vehicles > Cars, Trucks & Vans	3GNAXSEG9VL225343	https://www.mankatomotors.com/new/Chevrolet/2027-Chevrolet-Equinox-f260a4f4ac180b5a8d6e747124a4cfe3.htm?store={store_code}	SILVER	0 miles	Equinox	3GNAXSEG9VL225343	2027	41890 USD	MM100	41890 USD	MI	no	Equinox	No	Over 15k
3GNAXSEG4VL225346	2027 Chevrolet Equinox Activ	Chevrolet	https://www.mankatomotors.com/new/Chevrolet/2027-Chevrolet-Equinox-f260aa4bac182cbaa017e7e09bef8872.htm	40395 USD	2027 Blue Chevrolet Equinox Activ 1.5L DOHC For sale at Mankato Motors in Mankato Minnesota.	https://pictures.web.dealer.com/m/mankatochevrolet/1081/33a229faf4ffb80d121097a4aab153f0x.jpg	in stock	NEW	SUV	Vehicles & Parts > Vehicles > Motor Vehicles > Cars, Trucks & Vans	3GNAXSEG4VL225346	https://www.mankatomotors.com/new/Chevrolet/2027-Chevrolet-Equinox-f260aa4bac182cbaa017e7e09bef8872.htm?store={store_code}	BLUE	0 miles	Equinox	3GNAXSEG4VL225346	2027	40395 USD	MM100	40395 USD	MI	no	Equinox	No	Over 15k
1GNS6DKD3VR124689	2027 Chevrolet Suburban Z71	Chevrolet	https://www.mankatomotors.com/new/Chevrolet/2027-Chevrolet-Suburban-f260a7f9ac181910b9d4822a226bcab2.htm	86600 USD	2027 Black Chevrolet Suburban Z71 5.3L EcoTec3 V8 For sale at Mankato Motors in Mankato Minnesota.	https://pictures.web.dealer.com/m/mankatochevrolet/0083/61042e7b59d4cdf6e26198e6663a406fx.jpg	in stock	NEW	SUV	Vehicles & Parts > Vehicles > Motor Vehicles > Cars, Trucks & Vans	1GNS6DKD3VR124689	https://www.mankatomotors.com/new/Chevrolet/2027-Chevrolet-Suburban-f260a7f9ac181910b9d4822a226bcab2.htm?store={store_code}	BLACK	0 miles	Suburban	1GNS6DKD3VR124689	2027	86600 USD	MM100	86600 USD	MI	no	Suburban	No	Over 15k
1GNS6TKLXVR122312	2027 Chevrolet Tahoe High Country	Chevrolet	https://www.mankatomotors.com/new/Chevrolet/2027-Chevrolet-Tahoe-eccf0f50ac185e01c043c6004137c2e3.htm	99595 USD	2027 Polar White Chevrolet Tahoe High Country 6.2L EcoTec3 V8 For sale at Mankato Motors in Mankato Minnesota.	https://pictures.web.dealer.com/m/mankatochevrolet/1586/f072c90d374ce89994937379213e44afx.jpg	in stock	NEW	SUV	Vehicles & Parts > Vehicles > Motor Vehicles > Cars, Trucks & Vans	1GNS6TKLXVR122312	https://www.mankatomotors.com/new/Chevrolet/2027-Chevrolet-Tahoe-eccf0f50ac185e01c043c6004137c2e3.htm?store={store_code}	WHITE	0 miles	Tahoe	1GNS6TKLXVR122312	2027	99595 USD	MM100	99595 USD	MI	no	Tahoe	No	Over 15k
1GNEVGKS6VJ122918	2027 Chevrolet Traverse LT	Chevrolet	https://www.mankatomotors.com/new/Chevrolet/2027-Chevrolet-Traverse-00593dafac1829bdcb8ca51588387110.htm	49760 USD	2027 Radiant Red Chevrolet Traverse LT 2.5L DOHC For sale at Mankato Motors in Mankato Minnesota.	https://pictures.web.dealer.com/m/mankatochevrolet/0179/b5639a6694127e48826e0fedcdc58780x.jpg	in stock	NEW	SUV	Vehicles & Parts > Vehicles > Motor Vehicles > Cars, Trucks & Vans	1GNEVGKS6VJ122918	https://www.mankatomotors.com/new/Chevrolet/2027-Chevrolet-Traverse-00593dafac1829bdcb8ca51588387110.htm?store={store_code}	RED	0 miles	Traverse	1GNEVGKS6VJ122918	2027	49760 USD	MM100	49760 USD	MI	no	Traverse	No	Over 15k
1GNEVGKS5VJ122540	2027 Chevrolet Traverse LT	Chevrolet	https://www.mankatomotors.com/new/Chevrolet/2027-Chevrolet-Traverse-005940d6ac185c3035c89e239d899203.htm	47275 USD	2027 Black Metallic Chevrolet Traverse LT 2.5L DOHC For sale at Mankato Motors in Mankato Minnesota.	https://pictures.web.dealer.com/m/mankatochevrolet/0171/d5d3b58e99c14f045ea6daf5c9a0c5a9x.jpg	in stock	NEW	SUV	Vehicles & Parts > Vehicles > Motor Vehicles > Cars, Trucks & Vans	1GNEVGKS5VJ122540	https://www.mankatomotors.com/new/Chevrolet/2027-Chevrolet-Traverse-005940d6ac185c3035c89e239d899203.htm?store={store_code}	BLACK	0 miles	Traverse	1GNEVGKS5VJ122540	2027	47275 USD	MM100	47275 USD	MI	no	Traverse	No	Over 15k
1GNEVGKS7VJ123558	2027 Chevrolet Traverse LT	Chevrolet	https://www.mankatomotors.com/new/Chevrolet/2027-Chevrolet-Traverse-057f63f6ac1807716cb42d8b40d96289.htm	48815 USD	2027 Sterling Gray Metallic Chevrolet Traverse LT 2.5L DOHC For sale at Mankato Motors in Mankato Minnesota.	https://pictures.web.dealer.com/m/mankatochevrolet/0125/28dea390388c82f74c66c6407c61f096x.jpg	in stock	NEW	SUV	Vehicles & Parts > Vehicles > Motor Vehicles > Cars, Trucks & Vans	1GNEVGKS7VJ123558	https://www.mankatomotors.com/new/Chevrolet/2027-Chevrolet-Traverse-057f63f6ac1807716cb42d8b40d96289.htm?store={store_code}	SILVER	0 miles	Traverse	1GNEVGKS7VJ123558	2027	48815 USD	MM100	48815 USD	MI	no	Traverse	No	Over 15k
1GNEVJKS0VJ139923	2027 Chevrolet Traverse Z71	Chevrolet	https://www.mankatomotors.com/new/Chevrolet/2027-Chevrolet-Traverse-61c436b8ac18518ba815d9f25c69d7fb.htm	54775 USD	2027 Sterling Gray Metallic Chevrolet Traverse Z71 2.5L DOHC For sale at Mankato Motors in Mankato Minnesota.	https://pictures.web.dealer.com/m/mankatochevrolet/1646/3016f296080b895c69553dfe8211955bx.jpg	in stock	NEW	SUV	Vehicles & Parts > Vehicles > Motor Vehicles > Cars, Trucks & Vans	1GNEVJKS0VJ139923	https://www.mankatomotors.com/new/Chevrolet/2027-Chevrolet-Traverse-61c436b8ac18518ba815d9f25c69d7fb.htm?store={store_code}	SILVER	0 miles	Traverse	1GNEVJKS0VJ139923	2027	54775 USD	MM100	54775 USD	MI	no	Traverse	No	Over 15k
1GNEVJKS9VJ140214	2027 Chevrolet Traverse Z71	Chevrolet	https://www.mankatomotors.com/new/Chevrolet/2027-Chevrolet-Traverse-66e7d575ac183276a39d2b9e2d53e3e2.htm	55770 USD	2027 Polar White Chevrolet Traverse Z71 2.5L DOHC For sale at Mankato Motors in Mankato Minnesota.	https://pictures.web.dealer.com/m/mankatochevrolet/1668/d049854041bab3be4f0fd2a811efefb8x.jpg	in stock	NEW	SUV	Vehicles & Parts > Vehicles > Motor Vehicles > Cars, Trucks & Vans	1GNEVJKS9VJ140214	https://www.mankatomotors.com/new/Chevrolet/2027-Chevrolet-Traverse-66e7d575ac183276a39d2b9e2d53e3e2.htm?store={store_code}	WHITE	0 miles	Traverse	1GNEVJKS9VJ140214	2027	55770 USD	MM100	55770 USD	MI	no	Traverse	No	Over 15k
1GNEVGKS0VJ141593	2027 Chevrolet Traverse LT	Chevrolet	https://www.mankatomotors.com/new/Chevrolet/2027-Chevrolet-Traverse-6c1174f2ac1806568f439d173aaad6a7.htm	44935 USD	2027 Green Metallic Chevrolet Traverse LT 2.5L DOHC For sale at Mankato Motors in Mankato Minnesota.	https://pictures.web.dealer.com/m/mankatochevrolet/1614/daaa3e5fa759c03d9373f8f46a4adca1x.jpg	in stock	NEW	SUV	Vehicles & Parts > Vehicles > Motor Vehicles > Cars, Trucks & Vans	1GNEVGKS0VJ141593	https://www.mankatomotors.com/new/Chevrolet/2027-Chevrolet-Traverse-6c1174f2ac1806568f439d173aaad6a7.htm?store={store_code}	GREEN	0 miles	Traverse	1GNEVGKS0VJ141593	2027	44935 USD	MM100	44935 USD	MI	no	Traverse	No	Over 15k
1GNEVJKS6VJ141434	2027 Chevrolet Traverse Z71	Chevrolet	https://www.mankatomotors.com/new/Chevrolet/2027-Chevrolet-Traverse-6c1176f7ac180e99be2ff67d3326789f.htm	55270 USD	2027 Radiant Red Chevrolet Traverse Z71 2.5L DOHC For sale at Mankato Motors in Mankato Minnesota.	https://pictures.web.dealer.com/m/mankatochevrolet/1593/cd6a05d46a5b1124c067d108109f47b5x.jpg	in stock	NEW	SUV	Vehicles & Parts > Vehicles > Motor Vehicles > Cars, Trucks & Vans	1GNEVJKS6VJ141434	https://www.mankatomotors.com/new/Chevrolet/2027-Chevrolet-Traverse-6c1176f7ac180e99be2ff67d3326789f.htm?store={store_code}	RED	0 miles	Traverse	1GNEVJKS6VJ141434	2027	55270 USD	MM100	55270 USD	MI	no	Traverse	No	Over 15k
1GNEVGKS4VJ102795	2027 Chevrolet Traverse LT	Chevrolet	https://www.mankatomotors.com/new/Chevrolet/2027-Chevrolet-Traverse-95436100ac183203311d4ef2d9343022.htm	47275 USD	2027 Black Metallic Chevrolet Traverse LT 2.5L DOHC For sale at Mankato Motors in Mankato Minnesota.	https://pictures.web.dealer.com/m/mankatochevrolet/1888/91af5990fb4aa1b4751819927d1196c8x.jpg	in stock	NEW	SUV	Vehicles & Parts > Vehicles > Motor Vehicles > Cars, Trucks & Vans	1GNEVGKS4VJ102795	https://www.mankatomotors.com/new/Chevrolet/2027-Chevrolet-Traverse-95436100ac183203311d4ef2d9343022.htm?store={store_code}	BLACK	0 miles	Traverse	1GNEVGKS4VJ102795	2027	47275 USD	MM100	47275 USD	MI	no	Traverse	No	Over 15k
1GNEVGKS0VJ149810	2027 Chevrolet Traverse LT	Chevrolet	https://www.mankatomotors.com/new/Chevrolet/2027-Chevrolet-Traverse-ac020662ac180edf8db7c81752c3b3c3.htm	51675 USD	2027 Summit White Chevrolet Traverse LT 2.5L DOHC For sale at Mankato Motors in Mankato Minnesota.	https://pictures.web.dealer.com/m/mankatochevrolet/1767/b3ed74aa07879652ef29ef2e3c1acaddx.jpg	in stock	NEW	SUV	Vehicles & Parts > Vehicles > Motor Vehicles > Cars, Trucks & Vans	1GNEVGKS0VJ149810	https://www.mankatomotors.com/new/Chevrolet/2027-Chevrolet-Traverse-ac020662ac180edf8db7c81752c3b3c3.htm?store={store_code}	WHITE	0 miles	Traverse	1GNEVGKS0VJ149810	2027	51675 USD	MM100	51675 USD	MI	no	Traverse	No	Over 15k
1GNEVGKS2VJ103184	2027 Chevrolet Traverse LT	Chevrolet	https://www.mankatomotors.com/new/Chevrolet/2027-Chevrolet-Traverse-b3180409ac1810ac5033d1c676766776.htm	48565 USD	2027 Sterling Gray Metallic Chevrolet Traverse LT 2.5L DOHC For sale at Mankato Motors in Mankato Minnesota.	https://pictures.web.dealer.com/m/mankatochevrolet/1766/0313d1bb84e256efcd55db5133f44133x.jpg	in stock	NEW	SUV	Vehicles & Parts > Vehicles > Motor Vehicles > Cars, Trucks & Vans	1GNEVGKS2VJ103184	https://www.mankatomotors.com/new/Chevrolet/2027-Chevrolet-Traverse-b3180409ac1810ac5033d1c676766776.htm?store={store_code}	SILVER	0 miles	Traverse	1GNEVGKS2VJ103184	2027	48565 USD	MM100	48565 USD	MI	no	Traverse	No	Over 15k
1GNEVGKS8VJ162711	2027 Chevrolet Traverse LT	Chevrolet	https://www.mankatomotors.com/new/Chevrolet/2027-Chevrolet-Traverse-f260a2b6ac184161c3469b7537e1249b.htm	51465 USD	2027 Summit White Chevrolet Traverse LT 2.5L DOHC For sale at Mankato Motors in Mankato Minnesota.	https://pictures.web.dealer.com/m/mankatochevrolet/1333/dc7ee6db8ddd2aad06d19c0d80081b48x.jpg	in stock	NEW	SUV	Vehicles & Parts > Vehicles > Motor Vehicles > Cars, Trucks & Vans	1GNEVGKS8VJ162711	https://www.mankatomotors.com/new/Chevrolet/2027-Chevrolet-Traverse-f260a2b6ac184161c3469b7537e1249b.htm?store={store_code}	WHITE	0 miles	Traverse	1GNEVGKS8VJ162711	2027	51465 USD	MM100	51465 USD	MI	no	Traverse	No	Over 15k
1GNEVGKS4VJ120634	2027 Chevrolet Traverse LT	Chevrolet	https://www.mankatomotors.com/new/Chevrolet/2027-Chevrolet-Traverse-f60c57f7ac180706beba7998601bb8e5.htm	49515 USD	2027 Sterling Gray Metallic Chevrolet Traverse LT 2.5L DOHC For sale at Mankato Motors in Mankato Minnesota.	https://pictures.web.dealer.com/m/mankatochevrolet/1070/c26d860b04ff901b7995bd7148defcd9x.jpg	in stock	NEW	SUV	Vehicles & Parts > Vehicles > Motor Vehicles > Cars, Trucks & Vans	1GNEVGKS4VJ120634	https://www.mankatomotors.com/new/Chevrolet/2027-Chevrolet-Traverse-f60c57f7ac180706beba7998601bb8e5.htm?store={store_code}	SILVER	0 miles	Traverse	1GNEVGKS4VJ120634	2027	49515 USD	MM100	49515 USD	MI	no	Traverse	No	Over 15k
1GNEVJKS6VJ119837	2027 Chevrolet Traverse Z71	Chevrolet	https://www.mankatomotors.com/new/Chevrolet/2027-Chevrolet-Traverse-f60c5a5fac182cb6d83888ab2ecd8953.htm	54775 USD	2027 Black Metallic Chevrolet Traverse Z71 2.5L DOHC For sale at Mankato Motors in Mankato Minnesota.	https://pictures.web.dealer.com/m/mankatochevrolet/0263/da461539b40891227686cdcfac7f683bx.jpg	in stock	NEW	SUV	Vehicles & Parts > Vehicles > Motor Vehicles > Cars, Trucks & Vans	1GNEVJKS6VJ119837	https://www.mankatomotors.com/new/Chevrolet/2027-Chevrolet-Traverse-f60c5a5fac182cb6d83888ab2ecd8953.htm?store={store_code}	BLACK	0 miles	Traverse	1GNEVJKS6VJ119837	2027	54775 USD	MM100	54775 USD	MI	no	Traverse	No	Over 15k
1GNEVGKS4VJ163760	2027 Chevrolet Traverse LT	Chevrolet	https://www.mankatomotors.com/new/Chevrolet/2027-Chevrolet-Traverse-f71bae5fac184161c3469b75f9fe80ef.htm	50140 USD	2027 Sterling Gray Chevrolet Traverse LT 2.5L DOHC For sale at Mankato Motors in Mankato Minnesota.	https://pictures.web.dealer.com/m/mankatochevrolet/1767/b3ed74aa07879652ef29ef2e3c1acaddx.jpg	in stock	NEW	SUV	Vehicles & Parts > Vehicles > Motor Vehicles > Cars, Trucks & Vans	1GNEVGKS4VJ163760	https://www.mankatomotors.com/new/Chevrolet/2027-Chevrolet-Traverse-f71bae5fac184161c3469b75f9fe80ef.htm?store={store_code}	SILVER	0 miles	Traverse	1GNEVGKS4VJ163760	2027	50140 USD	MM100	50140 USD	MI	no	Traverse	No	Over 15k
1GNEVGKS8VJ164183	2027 Chevrolet Traverse LT	Chevrolet	https://www.mankatomotors.com/new/Chevrolet/2027-Chevrolet-Traverse-f71baf88ac184d71689b1a513f936564.htm	48260 USD	2027 Polar White Chevrolet Traverse LT 2.5L DOHC For sale at Mankato Motors in Mankato Minnesota.	https://pictures.web.dealer.com/m/mankatochevrolet/1767/b3ed74aa07879652ef29ef2e3c1acaddx.jpg	in stock	NEW	SUV	Vehicles & Parts > Vehicles > Motor Vehicles > Cars, Trucks & Vans	1GNEVGKS8VJ164183	https://www.mankatomotors.com/new/Chevrolet/2027-Chevrolet-Traverse-f71baf88ac184d71689b1a513f936564.htm?store={store_code}	WHITE	0 miles	Traverse	1GNEVGKS8VJ164183	2027	48260 USD	MM100	48260 USD	MI	no	Traverse	No	Over 15k
1GNEVGKS0VJ164209	2027 Chevrolet Traverse LT	Chevrolet	https://www.mankatomotors.com/new/Chevrolet/2027-Chevrolet-Traverse-f71bb0b8ac184360841f2b568de13685.htm	50960 USD	2027 Radiant Red Chevrolet Traverse LT 2.5L DOHC For sale at Mankato Motors in Mankato Minnesota.	https://pictures.web.dealer.com/m/mankatochevrolet/1767/b3ed74aa07879652ef29ef2e3c1acaddx.jpg	in stock	NEW	SUV	Vehicles & Parts > Vehicles > Motor Vehicles > Cars, Trucks & Vans	1GNEVGKS0VJ164209	https://www.mankatomotors.com/new/Chevrolet/2027-Chevrolet-Traverse-f71bb0b8ac184360841f2b568de13685.htm?store={store_code}	RED	0 miles	Traverse	1GNEVGKS0VJ164209	2027	50960 USD	MM100	50960 USD	MI	no	Traverse	No	Over 15k
1N4BL4CWXTN365046	2026 Nissan Altima 2.5 SR	Nissan	https://www.mankatomotors.com/new/Nissan/2026-Nissan-Altima-ddcc3191ac181130db090a6857b0513c.htm	36020 USD	2026 Super Black Nissan Altima 2.5 SR 2.5L 4-Cylinder DOHC 16V For sale at Mankato Motors in Mankato Minnesota.	https://pictures.web.dealer.com/m/mankatonissan/0156/1c07fa13c3a1da34cc17f2c35c9e9125x.jpg	in stock	NEW	OTHER	Vehicles & Parts > Vehicles > Motor Vehicles > Cars, Trucks & Vans	1N4BL4CWXTN365046	https://www.mankatomotors.com/new/Nissan/2026-Nissan-Altima-ddcc3191ac181130db090a6857b0513c.htm?store={store_code}	BLACK	0 miles	Altima	1N4BL4CWXTN365046	2026	36020 USD	MM100	36020 USD	MI	no	Altima	No	Over 15k
1N4BL4DW7TN364466	2026 Nissan Altima 2.5 SV	Nissan	https://www.mankatomotors.com/new/Nissan/2026-Nissan-Altima-ddcc38d1ac1804e508f25d87c5712ab8.htm	34670 USD	2026 Pearl White Nissan Altima 2.5 SV 2.5L 4-Cylinder DOHC 16V For sale at Mankato Motors in Mankato Minnesota.	https://pictures.web.dealer.com/m/mankatonissan/0844/933f900ec7497b1ef7b27955d6474e4cx.jpg	in stock	NEW	OTHER	Vehicles & Parts > Vehicles > Motor Vehicles > Cars, Trucks & Vans	1N4BL4DW7TN364466	https://www.mankatomotors.com/new/Nissan/2026-Nissan-Altima-ddcc38d1ac1804e508f25d87c5712ab8.htm?store={store_code}	WHITE	0 miles	Altima	1N4BL4DW7TN364466	2026	34670 USD	MM100	34670 USD	MI	no	Altima	No	Over 15k
1N6ED1EK2TN656165	2026 Nissan Frontier SV	Nissan	https://www.mankatomotors.com/new/Nissan/2026-Nissan-Frontier-a0e51d71ac18231ba5c0b249ecc53d8c.htm	37735 USD	2026 Glacier White Nissan Frontier SV 3.8L V6 For sale at Mankato Motors in Mankato Minnesota.	https://pictures.web.dealer.com/m/mankatonissan/1490/c98dc03217ded562d37abf7fb39a2f5ax.jpg	in stock	NEW	TRUCK	Vehicles & Parts > Vehicles > Motor Vehicles > Cars, Trucks & Vans	1N6ED1EK2TN656165	https://www.mankatomotors.com/new/Nissan/2026-Nissan-Frontier-a0e51d71ac18231ba5c0b249ecc53d8c.htm?store={store_code}	WHITE	0 miles	Frontier	1N6ED1EK2TN656165	2026	37735 USD	MM100	37735 USD	MI	no	Frontier	No	Over 15k
1N6ED1EK5TN668956	2026 Nissan Frontier SV	Nissan	https://www.mankatomotors.com/new/Nissan/2026-Nissan-Frontier-dff7b238ac1829d834f74c6fcde28b69.htm	38235 USD	2026 Glacier White Nissan Frontier SV 3.8L V6 For sale at Mankato Motors in Mankato Minnesota.	https://pictures.web.dealer.com/m/mankatonissan/0509/ce99719ef47bf9b0b98792b1e9d824fdx.jpg	in stock	NEW	TRUCK	Vehicles & Parts > Vehicles > Motor Vehicles > Cars, Trucks & Vans	1N6ED1EK5TN668956	https://www.mankatomotors.com/new/Nissan/2026-Nissan-Frontier-dff7b238ac1829d834f74c6fcde28b69.htm?store={store_code}	WHITE	0 miles	Frontier	1N6ED1EK5TN668956	2026	38235 USD	MM100	38235 USD	MI	no	Frontier	No	Over 15k
1N6ED1FK0TN672220	2026 Nissan Frontier SV	Nissan	https://www.mankatomotors.com/new/Nissan/2026-Nissan-Frontier-dff7b389ac180d900968ba8ebd4cc4a7.htm	39185 USD	2026 Boulder Gray Nissan Frontier SV 3.8L V6 For sale at Mankato Motors in Mankato Minnesota.	https://pictures.web.dealer.com/m/mankatonissan/1158/98521ecc14386bf1949421c191519da1x.jpg	in stock	NEW	TRUCK	Vehicles & Parts > Vehicles > Motor Vehicles > Cars, Trucks & Vans	1N6ED1FK0TN672220	https://www.mankatomotors.com/new/Nissan/2026-Nissan-Frontier-dff7b389ac180d900968ba8ebd4cc4a7.htm?store={store_code}	GRAY	0 miles	Frontier	1N6ED1FK0TN672220	2026	39185 USD	MM100	39185 USD	MI	no	Frontier	No	Over 15k
1N6ED1EK0TN681968	2026 Nissan Frontier PRO-4X	Nissan	https://www.mankatomotors.com/new/Nissan/2026-Nissan-Frontier-f60e653dac18003fe20877a2a298deac.htm	40665 USD	2026 Glacier White Nissan Frontier PRO-4X 3.8L V6 For sale at Mankato Motors in Mankato Minnesota.	https://pictures.web.dealer.com/m/mankatonissan/0471/25dfae4564d2d6605598cf3875be9ca3x.jpg	in stock	NEW	TRUCK	Vehicles & Parts > Vehicles > Motor Vehicles > Cars, Trucks & Vans	1N6ED1EK0TN681968	https://www.mankatomotors.com/new/Nissan/2026-Nissan-Frontier-f60e653dac18003fe20877a2a298deac.htm?store={store_code}	WHITE	0 miles	Frontier	1N6ED1EK0TN681968	2026	40665 USD	MM100	40665 USD	MI	no	Frontier	No	Over 15k
1N6ED1EK1TN659736	2026 Nissan Frontier SV	Nissan	https://www.mankatomotors.com/new/Nissan/2026-Nissan-Frontier-f88cddf0ac182d59c0f767e2b9ff1c48.htm	38685 USD	2026 Boulder Gray Nissan Frontier SV 3.8L V6 For sale at Mankato Motors in Mankato Minnesota.	https://pictures.web.dealer.com/m/mankatonissan/0062/99c1e392b589c91cfe4c31f083ae8f4ex.jpg	in stock	NEW	TRUCK	Vehicles & Parts > Vehicles > Motor Vehicles > Cars, Trucks & Vans	1N6ED1EK1TN659736	https://www.mankatomotors.com/new/Nissan/2026-Nissan-Frontier-f88cddf0ac182d59c0f767e2b9ff1c48.htm?store={store_code}	GRAY	0 miles	Frontier	1N6ED1EK1TN659736	2026	38685 USD	MM100	38685 USD	MI	no	Frontier	No	Over 15k
1N6ED1FK4TN671944	2026 Nissan Frontier PRO-4X	Nissan	https://www.mankatomotors.com/new/Nissan/2026-Nissan-Frontier-fedfdd01ac1823d859b5afae5748f5d2.htm	40665 USD	2026 Gun Metallic Nissan Frontier PRO-4X 3.8L V6 For sale at Mankato Motors in Mankato Minnesota.	https://pictures.web.dealer.com/m/mankatonissan/0283/76aa3351a3a5984a675f80e19f2ab402x.jpg	in stock	NEW	TRUCK	Vehicles & Parts > Vehicles > Motor Vehicles > Cars, Trucks & Vans	1N6ED1FK4TN671944	https://www.mankatomotors.com/new/Nissan/2026-Nissan-Frontier-fedfdd01ac1823d859b5afae5748f5d2.htm?store={store_code}	GRAY	0 miles	Frontier	1N6ED1FK4TN671944	2026	40665 USD	MM100	40665 USD	MI	no	Frontier	No	Over 15k
3N8AP6CB8TL442066	2026 Nissan Kicks SV	Nissan	https://www.mankatomotors.com/new/Nissan/2026-Nissan-Kicks-65dcf5d3ac181bfc6c479fad3d6640d4.htm	25590 USD	2026 Super Black Nissan Kicks SV 2L DOHC For sale at Mankato Motors in Mankato Minnesota.	https://pictures.web.dealer.com/m/mankatonissan/1756/5acc34c2ede527dd7e23671536e9b7eax.jpg	in stock	NEW	SUV	Vehicles & Parts > Vehicles > Motor Vehicles > Cars, Trucks & Vans	3N8AP6CB8TL442066	https://www.mankatomotors.com/new/Nissan/2026-Nissan-Kicks-65dcf5d3ac181bfc6c479fad3d6640d4.htm?store={store_code}	BLACK	0 miles	Kicks	3N8AP6CB8TL442066	2026	25590 USD	MM100	25590 USD	MI	no	Kicks	No	Over 15k
3N8AP6DD6TL338403	2026 Nissan Kicks SR	Nissan	https://www.mankatomotors.com/new/Nissan/2026-Nissan-Kicks-6f23beadac1829ba410fbf79b2a01ed3.htm	29960 USD	2026 Aspen White Nissan Kicks SR 2L DOHC For sale at Mankato Motors in Mankato Minnesota.	https://pictures.web.dealer.com/m/mankatonissan/0107/2369011b3a5ba59651454ef288539994x.jpg	in stock	NEW	SUV	Vehicles & Parts > Vehicles > Motor Vehicles > Cars, Trucks & Vans	3N8AP6DD6TL338403	https://www.mankatomotors.com/new/Nissan/2026-Nissan-Kicks-6f23beadac1829ba410fbf79b2a01ed3.htm?store={store_code}	WHITE	0 miles	Kicks	3N8AP6DD6TL338403	2026	29960 USD	MM100	29960 USD	MI	no	Kicks	No	Over 15k
3N8AP6DB8TL356352	2026 Nissan Kicks SR	Nissan	https://www.mankatomotors.com/new/Nissan/2026-Nissan-Kicks-744ab43bac183d2e080a2562418de6e8.htm	28535 USD	2026 White Black Nissan Kicks SR 2L DOHC For sale at Mankato Motors in Mankato Minnesota.	https://pictures.web.dealer.com/m/mankatonissan/1477/896b1087e2b6cffe61bd12797f9641b4x.jpg	in stock	NEW	SUV	Vehicles & Parts > Vehicles > Motor Vehicles > Cars, Trucks & Vans	3N8AP6DB8TL356352	https://www.mankatomotors.com/new/Nissan/2026-Nissan-Kicks-744ab43bac183d2e080a2562418de6e8.htm?store={store_code}	WHITE	0 miles	Kicks	3N8AP6DB8TL356352	2026	28535 USD	MM100	28535 USD	MI	no	Kicks	No	Over 15k
3N8AP6CB0TL345248	2026 Nissan Kicks SV	Nissan	https://www.mankatomotors.com/new/Nissan/2026-Nissan-Kicks-e0162f51ac183b11f3cdb3dc790f9524.htm	26335 USD	2026 Super Black Nissan Kicks SV 2L DOHC For sale at Mankato Motors in Mankato Minnesota.	https://pictures.web.dealer.com/m/mankatonissan/0946/0b6979841e185a8a5f58384c77ac9912x.jpg	in stock	NEW	SUV	Vehicles & Parts > Vehicles > Motor Vehicles > Cars, Trucks & Vans	3N8AP6CB0TL345248	https://www.mankatomotors.com/new/Nissan/2026-Nissan-Kicks-e0162f51ac183b11f3cdb3dc790f9524.htm?store={store_code}	BLACK	0 miles	Kicks	3N8AP6CB0TL345248	2026	26335 USD	MM100	26335 USD	MI	no	Kicks	No	Over 15k
JN1AZ2CA5TM300241	2026 Nissan Leaf SV+	Nissan	https://www.mankatomotors.com/new/Nissan/2026-Nissan-Leaf-bc0c8ddbac18581a9abd1ec1e664b680.htm	35339 USD	2026 White Pearl Nissan Leaf SV+ Electric Motor For sale at Mankato Motors in Mankato Minnesota.	https://pictures.web.dealer.com/m/mankatonissan/0277/c8c0bd382d5b4ff18be75b71312f28b8x.jpg	in stock	NEW	OTHER	Vehicles & Parts > Vehicles > Motor Vehicles > Cars, Trucks & Vans	JN1AZ2CA5TM300241	https://www.mankatomotors.com/new/Nissan/2026-Nissan-Leaf-bc0c8ddbac18581a9abd1ec1e664b680.htm?store={store_code}	WHITE	0 miles	Leaf	JN1AZ2CA5TM300241	2026	35339 USD	MM100	35339 USD	MI	no	Leaf	No	Over 15k
5N1AZ3DS3TC119294	2026 Nissan Murano Platinum	Nissan	https://www.mankatomotors.com/new/Nissan/2026-Nissan-Murano-0b2228e9ac1857715e05f4fd9b7c5b4d.htm	45450 USD	2026 White Pearl Nissan Murano Platinum 2L I4 For sale at Mankato Motors in Mankato Minnesota.	https://pictures.web.dealer.com/m/mankatonissan/1663/85d8a9c5ed5d7411f4b787d18aa0377cx.jpg	in stock	NEW	SUV	Vehicles & Parts > Vehicles > Motor Vehicles > Cars, Trucks & Vans	5N1AZ3DS3TC119294	https://www.mankatomotors.com/new/Nissan/2026-Nissan-Murano-0b2228e9ac1857715e05f4fd9b7c5b4d.htm?store={store_code}	WHITE	0 miles	Murano	5N1AZ3DS3TC119294	2026	45450 USD	MM100	45450 USD	MI	no	Murano	No	Over 15k
5N1AZ3CS3TC118020	2026 Nissan Murano SL	Nissan	https://www.mankatomotors.com/new/Nissan/2026-Nissan-Murano-dd32ce9fac18077c4d04a69874ef2e75.htm	43275 USD	2026 Super Black Nissan Murano SL 2L I4 For sale at Mankato Motors in Mankato Minnesota.	https://pictures.web.dealer.com/m/mankatonissan/1117/6fd8dffd05be5c9dd38e94e5890027d8x.jpg	in stock	NEW	SUV	Vehicles & Parts > Vehicles > Motor Vehicles > Cars, Trucks & Vans	5N1AZ3CS3TC118020	https://www.mankatomotors.com/new/Nissan/2026-Nissan-Murano-dd32ce9fac18077c4d04a69874ef2e75.htm?store={store_code}	BLACK	0 miles	Murano	5N1AZ3CS3TC118020	2026	43275 USD	MM100	43275 USD	MI	no	Murano	No	Over 15k
5N1AZ3DS7TC118181	2026 Nissan Murano Platinum	Nissan	https://www.mankatomotors.com/new/Nissan/2026-Nissan-Murano-e2598326ac183a61373cfa704fc9d4d1.htm	45000 USD	2026 Super Black Nissan Murano Platinum 2L I4 For sale at Mankato Motors in Mankato Minnesota.	https://pictures.web.dealer.com/m/mankatonissan/0454/f77ddbf62e4efa0875dab56b00d5b007x.jpg	in stock	NEW	SUV	Vehicles & Parts > Vehicles > Motor Vehicles > Cars, Trucks & Vans	5N1AZ3DS7TC118181	https://www.mankatomotors.com/new/Nissan/2026-Nissan-Murano-e2598326ac183a61373cfa704fc9d4d1.htm?store={store_code}	BLACK	0 miles	Murano	5N1AZ3DS7TC118181	2026	45000 USD	MM100	45000 USD	MI	no	Murano	No	Over 15k
5N1DR3CE0TC286527	2026 Nissan Pathfinder SL	Nissan	https://www.mankatomotors.com/new/Nissan/2026-Nissan-Pathfinder-1a1b80adac18341f4df4ff9e604a269f.htm	41100 USD	2026 Gun Metallic Nissan Pathfinder SL 3.5L V6 DOHC For sale at Mankato Motors in Mankato Minnesota.	https://pictures.web.dealer.com/m/mankatonissan/1627/462a46be3eccedd6f4574d8a54725647x.jpg	in stock	NEW	SUV	Vehicles & Parts > Vehicles > Motor Vehicles > Cars, Trucks & Vans	5N1DR3CE0TC286527	https://www.mankatomotors.com/new/Nissan/2026-Nissan-Pathfinder-1a1b80adac18341f4df4ff9e604a269f.htm?store={store_code}	GRAY	0 miles	Pathfinder	5N1DR3CE0TC286527	2026	41100 USD	MM100	41100 USD	MI	no	Pathfinder	No	Over 15k
5N1DR3CE2TC287565	2026 Nissan Pathfinder SL	Nissan	https://www.mankatomotors.com/new/Nissan/2026-Nissan-Pathfinder-24681d8aac1826798ad94e3bc0752f80.htm	41100 USD	2026 Gun Metallic Nissan Pathfinder SL 3.5L V6 DOHC For sale at Mankato Motors in Mankato Minnesota.	https://pictures.web.dealer.com/m/mankatonissan/1627/462a46be3eccedd6f4574d8a54725647x.jpg	in stock	NEW	SUV	Vehicles & Parts > Vehicles > Motor Vehicles > Cars, Trucks & Vans	5N1DR3CE2TC287565	https://www.mankatomotors.com/new/Nissan/2026-Nissan-Pathfinder-24681d8aac1826798ad94e3bc0752f80.htm?store={store_code}	GRAY	0 miles	Pathfinder	5N1DR3CE2TC287565	2026	41100 USD	MM100	41100 USD	MI	no	Pathfinder	No	Over 15k
5N1DR3CE1TC285550	2026 Nissan Pathfinder SL	Nissan	https://www.mankatomotors.com/new/Nissan/2026-Nissan-Pathfinder-2468208dac182cb634fa901dfd2db9c7.htm	41100 USD	2026 Gun Metallic Nissan Pathfinder SL 3.5L V6 DOHC For sale at Mankato Motors in Mankato Minnesota.	https://pictures.web.dealer.com/m/mankatonissan/1363/d4830bec97a99aed6177aa2d7614edf8x.jpg	in stock	NEW	SUV	Vehicles & Parts > Vehicles > Motor Vehicles > Cars, Trucks & Vans	5N1DR3CE1TC285550	https://www.mankatomotors.com/new/Nissan/2026-Nissan-Pathfinder-2468208dac182cb634fa901dfd2db9c7.htm?store={store_code}	GRAY	0 miles	Pathfinder	5N1DR3CE1TC285550	2026	41100 USD	MM100	41100 USD	MI	no	Pathfinder	No	Over 15k
5N1DR3CE1TC287413	2026 Nissan Pathfinder SL	Nissan	https://www.mankatomotors.com/new/Nissan/2026-Nissan-Pathfinder-2921e79eac185a95ef3e7a70fdde44c8.htm	41100 USD	2026 Gun Metallic Nissan Pathfinder SL 3.5L V6 DOHC For sale at Mankato Motors in Mankato Minnesota.	https://pictures.web.dealer.com/m/mankatonissan/0058/970c245a0fd432755a6580de2ac66523x.jpg	in stock	NEW	SUV	Vehicles & Parts > Vehicles > Motor Vehicles > Cars, Trucks & Vans	5N1DR3CE1TC287413	https://www.mankatomotors.com/new/Nissan/2026-Nissan-Pathfinder-2921e79eac185a95ef3e7a70fdde44c8.htm?store={store_code}	GRAY	0 miles	Pathfinder	5N1DR3CE1TC287413	2026	41100 USD	MM100	41100 USD	MI	no	Pathfinder	No	Over 15k
5N1DR3CE9TC287093	2026 Nissan Pathfinder SL	Nissan	https://www.mankatomotors.com/new/Nissan/2026-Nissan-Pathfinder-3b28af18ac18090da9ed9f9d3fc73798.htm	41100 USD	2026 Gun Metallic Nissan Pathfinder SL 3.5L V6 DOHC For sale at Mankato Motors in Mankato Minnesota.	https://pictures.web.dealer.com/m/mankatonissan/1627/462a46be3eccedd6f4574d8a54725647x.jpg	in stock	NEW	SUV	Vehicles & Parts > Vehicles > Motor Vehicles > Cars, Trucks & Vans	5N1DR3CE9TC287093	https://www.mankatomotors.com/new/Nissan/2026-Nissan-Pathfinder-3b28af18ac18090da9ed9f9d3fc73798.htm?store={store_code}	GRAY	0 miles	Pathfinder	5N1DR3CE9TC287093	2026	41100 USD	MM100	41100 USD	MI	no	Pathfinder	No	Over 15k
5N1DR3BT3TC294069	2026 Nissan Pathfinder Rock Creek	Nissan	https://www.mankatomotors.com/new/Nissan/2026-Nissan-Pathfinder-901dd693ac185bc6fc1af9b51874e157.htm	50390 USD	2026 White Pearl Nissan Pathfinder Rock Creek 3.5L V6 DOHC For sale at Mankato Motors in Mankato Minnesota.	https://pictures.web.dealer.com/m/mankatonissan/0058/970c245a0fd432755a6580de2ac66523x.jpg	in stock	NEW	SUV	Vehicles & Parts > Vehicles > Motor Vehicles > Cars, Trucks & Vans	5N1DR3BT3TC294069	https://www.mankatomotors.com/new/Nissan/2026-Nissan-Pathfinder-901dd693ac185bc6fc1af9b51874e157.htm?store={store_code}	WHITE	0 miles	Pathfinder	5N1DR3BT3TC294069	2026	50390 USD	MM100	50390 USD	MI	no	Pathfinder	No	Over 15k
5N1DR3DK9TC293836	2026 Nissan Pathfinder Platinum	Nissan	https://www.mankatomotors.com/new/Nissan/2026-Nissan-Pathfinder-901dd8e4ac185bc6fc1af9b54b0c6b46.htm	49310 USD	2026 Deep Ocean Blue Nissan Pathfinder Platinum 3.5L V6 DOHC For sale at Mankato Motors in Mankato Minnesota.	https://pictures.web.dealer.com/m/mankatonissan/0058/970c245a0fd432755a6580de2ac66523x.jpg	in stock	NEW	SUV	Vehicles & Parts > Vehicles > Motor Vehicles > Cars, Trucks & Vans	5N1DR3DK9TC293836	https://www.mankatomotors.com/new/Nissan/2026-Nissan-Pathfinder-901dd8e4ac185bc6fc1af9b54b0c6b46.htm?store={store_code}	BLUE	0 miles	Pathfinder	5N1DR3DK9TC293836	2026	49310 USD	MM100	49310 USD	MI	no	Pathfinder	No	Over 15k
5N1DR3DK8TC291897	2026 Nissan Pathfinder Platinum	Nissan	https://www.mankatomotors.com/new/Nissan/2026-Nissan-Pathfinder-901ddcaaac18004e1d0db14e2458516c.htm	50280 USD	2026 Boulder Gray Nissan Pathfinder Platinum 3.5L V6 DOHC For sale at Mankato Motors in Mankato Minnesota.	https://pictures.web.dealer.com/m/mankatonissan/0058/970c245a0fd432755a6580de2ac66523x.jpg	in stock	NEW	SUV	Vehicles & Parts > Vehicles > Motor Vehicles > Cars, Trucks & Vans	5N1DR3DK8TC291897	https://www.mankatomotors.com/new/Nissan/2026-Nissan-Pathfinder-901ddcaaac18004e1d0db14e2458516c.htm?store={store_code}	GRAY	0 miles	Pathfinder	5N1DR3DK8TC291897	2026	50280 USD	MM100	50280 USD	MI	no	Pathfinder	No	Over 15k
5N1DR3DK5TC296698	2026 Nissan Pathfinder Platinum	Nissan	https://www.mankatomotors.com/new/Nissan/2026-Nissan-Pathfinder-b9cc75a0ac1817c99dfd0f5c730d58d6.htm	56460 USD	2026 Scarlet Ember Super Black Nissan Pathfinder Platinum 3.5L V6 DOHC For sale at Mankato Motors in Mankato Minnesota.	https://pictures.web.dealer.com/m/mankatonissan/0058/970c245a0fd432755a6580de2ac66523x.jpg	in stock	NEW	SUV	Vehicles & Parts > Vehicles > Motor Vehicles > Cars, Trucks & Vans	5N1DR3DK5TC296698	https://www.mankatomotors.com/new/Nissan/2026-Nissan-Pathfinder-b9cc75a0ac1817c99dfd0f5c730d58d6.htm?store={store_code}	BLACK	0 miles	Pathfinder	5N1DR3DK5TC296698	2026	56460 USD	MM100	56460 USD	MI	no	Pathfinder	No	Over 15k
5N1DR3CE6TC297659	2026 Nissan Pathfinder SL	Nissan	https://www.mankatomotors.com/new/Nissan/2026-Nissan-Pathfinder-b9cc76aaac18275d9ef73f11d68f05fe.htm	46845 USD	2026 Gun Metallic Nissan Pathfinder SL 3.5L V6 DOHC For sale at Mankato Motors in Mankato Minnesota.	https://pictures.web.dealer.com/m/mankatonissan/0058/970c245a0fd432755a6580de2ac66523x.jpg	in stock	NEW	SUV	Vehicles & Parts > Vehicles > Motor Vehicles > Cars, Trucks & Vans	5N1DR3CE6TC297659	https://www.mankatomotors.com/new/Nissan/2026-Nissan-Pathfinder-b9cc76aaac18275d9ef73f11d68f05fe.htm?store={store_code}	GRAY	0 miles	Pathfinder	5N1DR3CE6TC297659	2026	46845 USD	MM100	46845 USD	MI	no	Pathfinder	No	Over 15k
5N1DR3DK3TC297025	2026 Nissan Pathfinder Platinum	Nissan	https://www.mankatomotors.com/new/Nissan/2026-Nissan-Pathfinder-c8c3be48ac185e19df2a9b9238ecb3f4.htm	56025 USD	2026 Boulder Gray Nissan Pathfinder Platinum 3.5L V6 DOHC For sale at Mankato Motors in Mankato Minnesota.	https://pictures.web.dealer.com/m/mankatonissan/0058/970c245a0fd432755a6580de2ac66523x.jpg	in stock	NEW	SUV	Vehicles & Parts > Vehicles > Motor Vehicles > Cars, Trucks & Vans	5N1DR3DK3TC297025	https://www.mankatomotors.com/new/Nissan/2026-Nissan-Pathfinder-c8c3be48ac185e19df2a9b9238ecb3f4.htm?store={store_code}	GRAY	0 miles	Pathfinder	5N1DR3DK3TC297025	2026	56025 USD	MM100	56025 USD	MI	no	Pathfinder	No	Over 15k
5N1DR3DK4TC297096	2026 Nissan Pathfinder Platinum	Nissan	https://www.mankatomotors.com/new/Nissan/2026-Nissan-Pathfinder-ddcc3595ac185b5f61b2aa79f0a3047d.htm	56025 USD	2026 White Black Nissan Pathfinder Platinum 3.5L V6 DOHC For sale at Mankato Motors in Mankato Minnesota.	https://pictures.web.dealer.com/m/mankatonissan/1819/56ebfdbfbaa1f5cfd59860df485d840bx.jpg	in stock	NEW	SUV	Vehicles & Parts > Vehicles > Motor Vehicles > Cars, Trucks & Vans	5N1DR3DK4TC297096	https://www.mankatomotors.com/new/Nissan/2026-Nissan-Pathfinder-ddcc3595ac185b5f61b2aa79f0a3047d.htm?store={store_code}	WHITE	0 miles	Pathfinder	5N1DR3DK4TC297096	2026	56025 USD	MM100	56025 USD	MI	no	Pathfinder	No	Over 15k
5N1DR3DKXTC298222	2026 Nissan Pathfinder Platinum	Nissan	https://www.mankatomotors.com/new/Nissan/2026-Nissan-Pathfinder-ddcc37b5ac181a98f5666e53ee53ff51.htm	56460 USD	2026 White Black Nissan Pathfinder Platinum 3.5L V6 DOHC For sale at Mankato Motors in Mankato Minnesota.	https://pictures.web.dealer.com/m/mankatonissan/1819/56ebfdbfbaa1f5cfd59860df485d840bx.jpg	in stock	NEW	SUV	Vehicles & Parts > Vehicles > Motor Vehicles > Cars, Trucks & Vans	5N1DR3DKXTC298222	https://www.mankatomotors.com/new/Nissan/2026-Nissan-Pathfinder-ddcc37b5ac181a98f5666e53ee53ff51.htm?store={store_code}	WHITE	0 miles	Pathfinder	5N1DR3DKXTC298222	2026	56460 USD	MM100	56460 USD	MI	no	Pathfinder	No	Over 15k
5N1DR3CE2TC297724	2026 Nissan Pathfinder SL	Nissan	https://www.mankatomotors.com/new/Nissan/2026-Nissan-Pathfinder-ecd12580ac181130db090a68060802c5.htm	46845 USD	2026 Gun Metallic Nissan Pathfinder SL 3.5L V6 DOHC For sale at Mankato Motors in Mankato Minnesota.	https://pictures.web.dealer.com/m/mankatonissan/0058/970c245a0fd432755a6580de2ac66523x.jpg	in stock	NEW	SUV	Vehicles & Parts > Vehicles > Motor Vehicles > Cars, Trucks & Vans	5N1DR3CE2TC297724	https://www.mankatomotors.com/new/Nissan/2026-Nissan-Pathfinder-ecd12580ac181130db090a68060802c5.htm?store={store_code}	GRAY	0 miles	Pathfinder	5N1DR3CE2TC297724	2026	46845 USD	MM100	46845 USD	MI	no	Pathfinder	No	Over 15k
5N1DR3DK9TC287678	2026 Nissan Pathfinder Platinum	Nissan	https://www.mankatomotors.com/new/Nissan/2026-Nissan-Pathfinder-f26159f1ac184161c3469b75e97c1746.htm	49730 USD	2026 White Nissan Pathfinder Platinum 3.5L V6 DOHC For sale at Mankato Motors in Mankato Minnesota.	https://pictures.web.dealer.com/m/mankatonissan/1129/4e482d9e00eaffe1df8c3024e83dfed1x.jpg	in stock	NEW	SUV	Vehicles & Parts > Vehicles > Motor Vehicles > Cars, Trucks & Vans	5N1DR3DK9TC287678	https://www.mankatomotors.com/new/Nissan/2026-Nissan-Pathfinder-f26159f1ac184161c3469b75e97c1746.htm?store={store_code}	WHITE	0 miles	Pathfinder	5N1DR3DK9TC287678	2026	49730 USD	MM100	49730 USD	MI	no	Pathfinder	No	Over 15k
5N1BT3BB8TC886888	2026 Nissan Rogue Dark Armor	Nissan	https://www.mankatomotors.com/new/Nissan/2026-Nissan-Rogue-3e2939daac183b953cbae2d1f3ea9882.htm	33425 USD	2026 Boulder Gray Nissan Rogue Dark Armor 1.5L DOHC For sale at Mankato Motors in Mankato Minnesota.	https://pictures.web.dealer.com/m/mankatonissan/1151/f922490c6ac3573b036bdefcc5fc8b3fx.jpg	in stock	NEW	SUV	Vehicles & Parts > Vehicles > Motor Vehicles > Cars, Trucks & Vans	5N1BT3BB8TC886888	https://www.mankatomotors.com/new/Nissan/2026-Nissan-Rogue-3e2939daac183b953cbae2d1f3ea9882.htm?store={store_code}	GRAY	0 miles	Rogue	5N1BT3BB8TC886888	2026	33425 USD	MM100	33425 USD	MI	no	Rogue	No	Over 15k
5N1BT3BB6TC888123	2026 Nissan Rogue SV	Nissan	https://www.mankatomotors.com/new/Nissan/2026-Nissan-Rogue-4350d955ac1827bd9540ac67cf7afa59.htm	30550 USD	2026 Scarlet Nissan Rogue SV 1.5L DOHC For sale at Mankato Motors in Mankato Minnesota.	https://pictures.web.dealer.com/m/mankatonissan/0998/a34b069c373cfffca4091620e814980bx.jpg	in stock	NEW	SUV	Vehicles & Parts > Vehicles > Motor Vehicles > Cars, Trucks & Vans	5N1BT3BB6TC888123	https://www.mankatomotors.com/new/Nissan/2026-Nissan-Rogue-4350d955ac1827bd9540ac67cf7afa59.htm?store={store_code}	RED	0 miles	Rogue	5N1BT3BB6TC888123	2026	30550 USD	MM100	30550 USD	MI	no	Rogue	No	Over 15k
5N1BT3BB7TC880029	2026 Nissan Rogue Dark Armor	Nissan	https://www.mankatomotors.com/new/Nissan/2026-Nissan-Rogue-4350db17ac183e41ae36cd8860bd793a.htm	33425 USD	2026 Obsidian Nissan Rogue Dark Armor 1.5L DOHC For sale at Mankato Motors in Mankato Minnesota.	https://pictures.web.dealer.com/m/mankatonissan/0821/d3620d2bff5ded903929f67e25578b73x.jpg	in stock	NEW	SUV	Vehicles & Parts > Vehicles > Motor Vehicles > Cars, Trucks & Vans	5N1BT3BB7TC880029	https://www.mankatomotors.com/new/Nissan/2026-Nissan-Rogue-4350db17ac183e41ae36cd8860bd793a.htm?store={store_code}	BLACK	0 miles	Rogue	5N1BT3BB7TC880029	2026	33425 USD	MM100	33425 USD	MI	no	Rogue	No	Over 15k
5N1BT3BB8TC888141	2026 Nissan Rogue SV	Nissan	https://www.mankatomotors.com/new/Nissan/2026-Nissan-Rogue-4350dc5aac181fb2fad705a427715e1d.htm	30550 USD	2026 Scarlet Nissan Rogue SV 1.5L DOHC For sale at Mankato Motors in Mankato Minnesota.	https://pictures.web.dealer.com/m/mankatonissan/0296/eb3685425002022a03cb1f24b3d5b204x.jpg	in stock	NEW	SUV	Vehicles & Parts > Vehicles > Motor Vehicles > Cars, Trucks & Vans	5N1BT3BB8TC888141	https://www.mankatomotors.com/new/Nissan/2026-Nissan-Rogue-4350dc5aac181fb2fad705a427715e1d.htm?store={store_code}	RED	0 miles	Rogue	5N1BT3BB8TC888141	2026	30550 USD	MM100	30550 USD	MI	no	Rogue	No	Over 15k
5N1BT3BB4TC879940	2026 Nissan Rogue Dark Armor	Nissan	https://www.mankatomotors.com/new/Nissan/2026-Nissan-Rogue-4350dfc1ac184d5f647218b2a228ba9d.htm	33425 USD	2026 White Pearl Nissan Rogue Dark Armor 1.5L DOHC For sale at Mankato Motors in Mankato Minnesota.	https://pictures.web.dealer.com/m/mankatonissan/1387/16e045c88e8b98a8a20ebe5f07f80856x.jpg	in stock	NEW	SUV	Vehicles & Parts > Vehicles > Motor Vehicles > Cars, Trucks & Vans	5N1BT3BB4TC879940	https://www.mankatomotors.com/new/Nissan/2026-Nissan-Rogue-4350dfc1ac184d5f647218b2a228ba9d.htm?store={store_code}	WHITE	0 miles	Rogue	5N1BT3BB4TC879940	2026	33425 USD	MM100	33425 USD	MI	no	Rogue	No	Over 15k
5N1BT3BB3TC879430	2026 Nissan Rogue Dark Armor	Nissan	https://www.mankatomotors.com/new/Nissan/2026-Nissan-Rogue-4350e32eac18393e25b843a307b75dc9.htm	32975 USD	2026 Deep Ocean Blue Nissan Rogue Dark Armor 1.5L DOHC For sale at Mankato Motors in Mankato Minnesota.	https://pictures.web.dealer.com/m/mankatonissan/0931/0c2654a1039100c11e89fad9c8748f1fx.jpg	in stock	NEW	SUV	Vehicles & Parts > Vehicles > Motor Vehicles > Cars, Trucks & Vans	5N1BT3BB3TC879430	https://www.mankatomotors.com/new/Nissan/2026-Nissan-Rogue-4350e32eac18393e25b843a307b75dc9.htm?store={store_code}	BLUE	0 miles	Rogue	5N1BT3BB3TC879430	2026	32975 USD	MM100	32975 USD	MI	no	Rogue	No	Over 15k
5N1BT3BBXTC889601	2026 Nissan Rogue SV	Nissan	https://www.mankatomotors.com/new/Nissan/2026-Nissan-Rogue-487996ddac18005db88bfdc401a470ed.htm	30100 USD	2026 Super Black Nissan Rogue SV 1.5L DOHC For sale at Mankato Motors in Mankato Minnesota.	https://pictures.web.dealer.com/m/mankatonissan/0296/eb3685425002022a03cb1f24b3d5b204x.jpg	in stock	NEW	SUV	Vehicles & Parts > Vehicles > Motor Vehicles > Cars, Trucks & Vans	5N1BT3BBXTC889601	https://www.mankatomotors.com/new/Nissan/2026-Nissan-Rogue-487996ddac18005db88bfdc401a470ed.htm?store={store_code}	BLACK	0 miles	Rogue	5N1BT3BBXTC889601	2026	30100 USD	MM100	30100 USD	MI	no	Rogue	No	Over 15k
5N1BT3BB9TC831432	2026 Nissan Rogue Rock Creek	Nissan	https://www.mankatomotors.com/new/Nissan/2026-Nissan-Rogue-4d9afc34ac18005db88bfdc4418d24c2.htm	33340 USD	2026 White Pearl Nissan Rogue Rock Creek 1.5L DOHC For sale at Mankato Motors in Mankato Minnesota.	https://pictures.web.dealer.com/m/mankatonissan/1825/2d9634594a2ea67b1af69128b1a10adax.jpg	in stock	NEW	SUV	Vehicles & Parts > Vehicles > Motor Vehicles > Cars, Trucks & Vans	5N1BT3BB9TC831432	https://www.mankatomotors.com/new/Nissan/2026-Nissan-Rogue-4d9afc34ac18005db88bfdc4418d24c2.htm?store={store_code}	WHITE	0 miles	Rogue	5N1BT3BB9TC831432	2026	33340 USD	MM100	33340 USD	MI	no	Rogue	No	Over 15k
5N1BT3BB6TC890244	2026 Nissan Rogue Dark Armor	Nissan	https://www.mankatomotors.com/new/Nissan/2026-Nissan-Rogue-4d9afe53ac184f138c14868512a70f8c.htm	33425 USD	2026 Boulder Gray Nissan Rogue Dark Armor 1.5L DOHC For sale at Mankato Motors in Mankato Minnesota.	https://pictures.web.dealer.com/m/mankatonissan/0296/eb3685425002022a03cb1f24b3d5b204x.jpg	in stock	NEW	SUV	Vehicles & Parts > Vehicles > Motor Vehicles > Cars, Trucks & Vans	5N1BT3BB6TC890244	https://www.mankatomotors.com/new/Nissan/2026-Nissan-Rogue-4d9afe53ac184f138c14868512a70f8c.htm?store={store_code}	GRAY	0 miles	Rogue	5N1BT3BB6TC890244	2026	33425 USD	MM100	33425 USD	MI	no	Rogue	No	Over 15k
5N1BT3BB8TC891508	2026 Nissan Rogue SV	Nissan	https://www.mankatomotors.com/new/Nissan/2026-Nissan-Rogue-5d0e5916ac184d5f17da7ab1bd1d3499.htm	30100 USD	2026 Gun Metallic Nissan Rogue SV 1.5L DOHC For sale at Mankato Motors in Mankato Minnesota.	https://pictures.web.dealer.com/m/mankatonissan/0296/eb3685425002022a03cb1f24b3d5b204x.jpg	in stock	NEW	SUV	Vehicles & Parts > Vehicles > Motor Vehicles > Cars, Trucks & Vans	5N1BT3BB8TC891508	https://www.mankatomotors.com/new/Nissan/2026-Nissan-Rogue-5d0e5916ac184d5f17da7ab1bd1d3499.htm?store={store_code}	GRAY	0 miles	Rogue	5N1BT3BB8TC891508	2026	30100 USD	MM100	30100 USD	MI	no	Rogue	No	Over 15k
5N1BT3BB1TC891656	2026 Nissan Rogue SV	Nissan	https://www.mankatomotors.com/new/Nissan/2026-Nissan-Rogue-5d0e5a54ac185c308f227df775657447.htm	30550 USD	2026 Boulder Gray Nissan Rogue SV 1.5L DOHC For sale at Mankato Motors in Mankato Minnesota.	https://pictures.web.dealer.com/m/mankatonissan/0296/eb3685425002022a03cb1f24b3d5b204x.jpg	in stock	NEW	SUV	Vehicles & Parts > Vehicles > Motor Vehicles > Cars, Trucks & Vans	5N1BT3BB1TC891656	https://www.mankatomotors.com/new/Nissan/2026-Nissan-Rogue-5d0e5a54ac185c308f227df775657447.htm?store={store_code}	GRAY	0 miles	Rogue	5N1BT3BB1TC891656	2026	30550 USD	MM100	30550 USD	MI	no	Rogue	No	Over 15k
JN8BT3DD9TW431215	2026 Nissan Rogue Platinum	Nissan	https://www.mankatomotors.com/new/Nissan/2026-Nissan-Rogue-5d0e5bceac182113dd76063d61f80f61.htm	42105 USD	2026 Gun Metallic Nissan Rogue Platinum 1.5L DOHC For sale at Mankato Motors in Mankato Minnesota.	https://pictures.web.dealer.com/m/mankatonissan/0296/eb3685425002022a03cb1f24b3d5b204x.jpg	in stock	NEW	SUV	Vehicles & Parts > Vehicles > Motor Vehicles > Cars, Trucks & Vans	JN8BT3DD9TW431215	https://www.mankatomotors.com/new/Nissan/2026-Nissan-Rogue-5d0e5bceac182113dd76063d61f80f61.htm?store={store_code}	GRAY	0 miles	Rogue	JN8BT3DD9TW431215	2026	42105 USD	MM100	42105 USD	MI	no	Rogue	No	Over 15k
5N1BT3BB0TC890868	2026 Nissan Rogue SV	Nissan	https://www.mankatomotors.com/new/Nissan/2026-Nissan-Rogue-7137ca9cac1838ffae3a022a560f8d54.htm	30100 USD	2026 Gun Metallic Nissan Rogue SV 1.5L DOHC For sale at Mankato Motors in Mankato Minnesota.	https://pictures.web.dealer.com/m/mankatonissan/0296/eb3685425002022a03cb1f24b3d5b204x.jpg	in stock	NEW	SUV	Vehicles & Parts > Vehicles > Motor Vehicles > Cars, Trucks & Vans	5N1BT3BB0TC890868	https://www.mankatomotors.com/new/Nissan/2026-Nissan-Rogue-7137ca9cac1838ffae3a022a560f8d54.htm?store={store_code}	GRAY	0 miles	Rogue	5N1BT3BB0TC890868	2026	30100 USD	MM100	30100 USD	MI	no	Rogue	No	Over 15k
JN8BT3DD4TW013547	2026 Nissan Rogue Platinum	Nissan	https://www.mankatomotors.com/new/Nissan/2026-Nissan-Rogue-7137ccb0ac1838ffae3a022acf76d3f0.htm	43095 USD	2026 Deep Ocean Blue Nissan Rogue Platinum 1.5L DOHC For sale at Mankato Motors in Mankato Minnesota.	https://pictures.web.dealer.com/m/mankatonissan/0296/eb3685425002022a03cb1f24b3d5b204x.jpg	in stock	NEW	SUV	Vehicles & Parts > Vehicles > Motor Vehicles > Cars, Trucks & Vans	JN8BT3DD4TW013547	https://www.mankatomotors.com/new/Nissan/2026-Nissan-Rogue-7137ccb0ac1838ffae3a022acf76d3f0.htm?store={store_code}	BLUE	0 miles	Rogue	JN8BT3DD4TW013547	2026	43095 USD	MM100	43095 USD	MI	no	Rogue	No	Over 15k
5N1BT3BB1TC865347	2026 Nissan Rogue Rock Creek	Nissan	https://www.mankatomotors.com/new/Nissan/2026-Nissan-Rogue-84c26942ac181c46cdfd0dfe91ba0c7d.htm	33245 USD	2026 Boulder Gray Nissan Rogue Rock Creek 1.5L DOHC For sale at Mankato Motors in Mankato Minnesota.	https://pictures.web.dealer.com/m/mankatonissan/1501/04f6a2437d726e9b5cb5163322c9dc02x.jpg	in stock	NEW	SUV	Vehicles & Parts > Vehicles > Motor Vehicles > Cars, Trucks & Vans	5N1BT3BB1TC865347	https://www.mankatomotors.com/new/Nissan/2026-Nissan-Rogue-84c26942ac181c46cdfd0dfe91ba0c7d.htm?store={store_code}	GRAY	0 miles	Rogue	5N1BT3BB1TC865347	2026	33245 USD	MM100	33245 USD	MI	no	Rogue	No	Over 15k
JN8BT3DDXTW010698	2026 Nissan Rogue Platinum	Nissan	https://www.mankatomotors.com/new/Nissan/2026-Nissan-Rogue-901dd544ac183e97da0865d5a2c72c59.htm	36660 USD	2026 Super Black Nissan Rogue Platinum 1.5L DOHC For sale at Mankato Motors in Mankato Minnesota.	https://pictures.web.dealer.com/m/mankatonissan/0824/8aad0c4a6067336042170b64b147b292x.jpg	in stock	NEW	SUV	Vehicles & Parts > Vehicles > Motor Vehicles > Cars, Trucks & Vans	JN8BT3DDXTW010698	https://www.mankatomotors.com/new/Nissan/2026-Nissan-Rogue-901dd544ac183e97da0865d5a2c72c59.htm?store={store_code}	BLACK	0 miles	Rogue	JN8BT3DDXTW010698	2026	36660 USD	MM100	36660 USD	MI	no	Rogue	No	Over 15k
JN8BT3DD7TW431794	2026 Nissan Rogue Platinum	Nissan	https://www.mankatomotors.com/new/Nissan/2026-Nissan-Rogue-901dddc2ac185fef39d0f00fa7908959.htm	37495 USD	2026 Champagne Silver Metallic Nissan Rogue Platinum 1.5L DOHC For sale at Mankato Motors in Mankato Minnesota.	https://pictures.web.dealer.com/m/mankatonissan/0296/eb3685425002022a03cb1f24b3d5b204x.jpg	in stock	NEW	SUV	Vehicles & Parts > Vehicles > Motor Vehicles > Cars, Trucks & Vans	JN8BT3DD7TW431794	https://www.mankatomotors.com/new/Nissan/2026-Nissan-Rogue-901dddc2ac185fef39d0f00fa7908959.htm?store={store_code}	SILVER	0 miles	Rogue	JN8BT3DD7TW431794	2026	37495 USD	MM100	37495 USD	MI	no	Rogue	No	Over 15k
JN8BT3DD4TW012446	2026 Nissan Rogue Platinum	Nissan	https://www.mankatomotors.com/new/Nissan/2026-Nissan-Rogue-ac05a066ac183203eae956378fc3a732.htm	43095 USD	2026 Champagne Silver Metallic Nissan Rogue Platinum 1.5L DOHC For sale at Mankato Motors in Mankato Minnesota.	https://pictures.web.dealer.com/m/mankatonissan/0296/eb3685425002022a03cb1f24b3d5b204x.jpg	in stock	NEW	SUV	Vehicles & Parts > Vehicles > Motor Vehicles > Cars, Trucks & Vans	JN8BT3DD4TW012446	https://www.mankatomotors.com/new/Nissan/2026-Nissan-Rogue-ac05a066ac183203eae956378fc3a732.htm?store={store_code}	SILVER	0 miles	Rogue	JN8BT3DD4TW012446	2026	43095 USD	MM100	43095 USD	MI	no	Rogue	No	Over 15k
JN8BT3DD2TW324328	2026 Nissan Rogue Platinum	Nissan	https://www.mankatomotors.com/new/Nissan/2026-Nissan-Rogue-d311a4baac1804e508f25d87d316120b.htm	38135 USD	2026 White Black Nissan Rogue Platinum 1.5L DOHC For sale at Mankato Motors in Mankato Minnesota.	https://pictures.web.dealer.com/m/mankatonissan/1161/821032883fef3b38035f6a7307325ab0x.jpg	in stock	NEW	SUV	Vehicles & Parts > Vehicles > Motor Vehicles > Cars, Trucks & Vans	JN8BT3DD2TW324328	https://www.mankatomotors.com/new/Nissan/2026-Nissan-Rogue-d311a4baac1804e508f25d87d316120b.htm?store={store_code}	WHITE	0 miles	Rogue	JN8BT3DD2TW324328	2026	38135 USD	MM100	38135 USD	MI	no	Rogue	No	Over 15k
JN8BT3DD4TW434667	2026 Nissan Rogue Platinum	Nissan	https://www.mankatomotors.com/new/Nissan/2026-Nissan-Rogue-d311a67dac18230d1f9b854f197616da.htm	43765 USD	2026 Scarlet Nissan Rogue Platinum 1.5L DOHC For sale at Mankato Motors in Mankato Minnesota.	https://pictures.web.dealer.com/m/mankatonissan/0296/eb3685425002022a03cb1f24b3d5b204x.jpg	in stock	NEW	SUV	Vehicles & Parts > Vehicles > Motor Vehicles > Cars, Trucks & Vans	JN8BT3DD4TW434667	https://www.mankatomotors.com/new/Nissan/2026-Nissan-Rogue-d311a67dac18230d1f9b854f197616da.htm?store={store_code}	RED	0 miles	Rogue	JN8BT3DD4TW434667	2026	43765 USD	MM100	43765 USD	MI	no	Rogue	No	Over 15k
JN8BT3DD9TW434566	2026 Nissan Rogue Platinum	Nissan	https://www.mankatomotors.com/new/Nissan/2026-Nissan-Rogue-d311a7d1ac185fa6e5f523fc11513e5b.htm	43765 USD	2026 Scarlet Nissan Rogue Platinum 1.5L DOHC For sale at Mankato Motors in Mankato Minnesota.	https://pictures.web.dealer.com/m/mankatonissan/0296/eb3685425002022a03cb1f24b3d5b204x.jpg	in stock	NEW	SUV	Vehicles & Parts > Vehicles > Motor Vehicles > Cars, Trucks & Vans	JN8BT3DD9TW434566	https://www.mankatomotors.com/new/Nissan/2026-Nissan-Rogue-d311a7d1ac185fa6e5f523fc11513e5b.htm?store={store_code}	RED	0 miles	Rogue	JN8BT3DD9TW434566	2026	43765 USD	MM100	43765 USD	MI	no	Rogue	No	Over 15k
5N1BT3BB0TC890949	2026 Nissan Rogue SV	Nissan	https://www.mankatomotors.com/new/Nissan/2026-Nissan-Rogue-ddcc39e6ac18109a99ec7816573e5e08.htm	30100 USD	2026 Gun Metallic Nissan Rogue SV 1.5L DOHC For sale at Mankato Motors in Mankato Minnesota.	https://pictures.web.dealer.com/m/mankatonissan/1787/813344442f63e4e1639720dce5624b47x.jpg	in stock	NEW	SUV	Vehicles & Parts > Vehicles > Motor Vehicles > Cars, Trucks & Vans	5N1BT3BB0TC890949	https://www.mankatomotors.com/new/Nissan/2026-Nissan-Rogue-ddcc39e6ac18109a99ec7816573e5e08.htm?store={store_code}	GRAY	0 miles	Rogue	5N1BT3BB0TC890949	2026	30100 USD	MM100	30100 USD	MI	no	Rogue	No	Over 15k
5N1BT3BB7TC875218	2026 Nissan Rogue Dark Armor	Nissan	https://www.mankatomotors.com/new/Nissan/2026-Nissan-Rogue-e1768d41ac180512dbb02efae4fa130d.htm	32975 USD	2026 Deep Ocean Blue Nissan Rogue Dark Armor 1.5L DOHC For sale at Mankato Motors in Mankato Minnesota.	https://pictures.web.dealer.com/m/mankatonissan/0663/508634dc2915d1163d62a93b202ea5fbx.jpg	in stock	NEW	SUV	Vehicles & Parts > Vehicles > Motor Vehicles > Cars, Trucks & Vans	5N1BT3BB7TC875218	https://www.mankatomotors.com/new/Nissan/2026-Nissan-Rogue-e1768d41ac180512dbb02efae4fa130d.htm?store={store_code}	BLUE	0 miles	Rogue	5N1BT3BB7TC875218	2026	32975 USD	MM100	32975 USD	MI	no	Rogue	No	Over 15k
JN8BT3DD1TW014672	2026 Nissan Rogue Platinum	Nissan	https://www.mankatomotors.com/new/Nissan/2026-Nissan-Rogue-ecd12689ac1822ed3b294cb0505ce23f.htm	37395 USD	2026 Obsidian Nissan Rogue Platinum 1.5L DOHC For sale at Mankato Motors in Mankato Minnesota.	https://pictures.web.dealer.com/m/mankatonissan/0977/8977d889c5d49c6654eabbed6d70ac0bx.jpg	in stock	NEW	SUV	Vehicles & Parts > Vehicles > Motor Vehicles > Cars, Trucks & Vans	JN8BT3DD1TW014672	https://www.mankatomotors.com/new/Nissan/2026-Nissan-Rogue-ecd12689ac1822ed3b294cb0505ce23f.htm?store={store_code}	BLACK	0 miles	Rogue	JN8BT3DD1TW014672	2026	37395 USD	MM100	37395 USD	MI	no	Rogue	No	Over 15k
5N1BT3BB4TC878979	2026 Nissan Rogue Dark Armor	Nissan	https://www.mankatomotors.com/new/Nissan/2026-Nissan-Rogue-f0e7fb7bac182cb6d83888ab6a0a73cd.htm	33425 USD	2026 White Pearl Nissan Rogue Dark Armor 1.5L DOHC For sale at Mankato Motors in Mankato Minnesota.	https://pictures.web.dealer.com/m/mankatonissan/1935/4c2318e93d4924389ac65cc209448f12x.jpg	in stock	NEW	SUV	Vehicles & Parts > Vehicles > Motor Vehicles > Cars, Trucks & Vans	5N1BT3BB4TC878979	https://www.mankatomotors.com/new/Nissan/2026-Nissan-Rogue-f0e7fb7bac182cb6d83888ab6a0a73cd.htm?store={store_code}	WHITE	0 miles	Rogue	5N1BT3BB4TC878979	2026	33425 USD	MM100	33425 USD	MI	no	Rogue	No	Over 15k
5N1BT3BB3TC879167	2026 Nissan Rogue Dark Armor	Nissan	https://www.mankatomotors.com/new/Nissan/2026-Nissan-Rogue-f71c83bbac184360841f2b5610c28d98.htm	32975 USD	2026 Gun Metallic Nissan Rogue Dark Armor 1.5L DOHC For sale at Mankato Motors in Mankato Minnesota.	https://pictures.web.dealer.com/m/mankatonissan/0445/ea70e50fc49f8dacb79f743823366df7x.jpg	in stock	NEW	SUV	Vehicles & Parts > Vehicles > Motor Vehicles > Cars, Trucks & Vans	5N1BT3BB3TC879167	https://www.mankatomotors.com/new/Nissan/2026-Nissan-Rogue-f71c83bbac184360841f2b5610c28d98.htm?store={store_code}	GRAY	0 miles	Rogue	5N1BT3BB3TC879167	2026	32975 USD	MM100	32975 USD	MI	no	Rogue	No	Over 15k
5N1BT3BB8TC880394	2026 Nissan Rogue Dark Armor	Nissan	https://www.mankatomotors.com/new/Nissan/2026-Nissan-Rogue-fac895e7ac184a64f5d1c0fe8e7b51ad.htm	33425 USD	2026 Obsidian Nissan Rogue Dark Armor 1.5L DOHC For sale at Mankato Motors in Mankato Minnesota.	https://pictures.web.dealer.com/m/mankatonissan/0452/cf1c680da7aea0f8f335b48a8bae73c4x.jpg	in stock	NEW	SUV	Vehicles & Parts > Vehicles > Motor Vehicles > Cars, Trucks & Vans	5N1BT3BB8TC880394	https://www.mankatomotors.com/new/Nissan/2026-Nissan-Rogue-fac895e7ac184a64f5d1c0fe8e7b51ad.htm?store={store_code}	BLACK	0 miles	Rogue	5N1BT3BB8TC880394	2026	33425 USD	MM100	33425 USD	MI	no	Rogue	No	Over 15k
1N6ED1FK6VN610176	2027 Nissan Frontier PRO-4X	Nissan	https://www.mankatomotors.com/new/Nissan/2027-Nissan-Frontier-f2615aedac1836729783b124d64457b8.htm	47220 USD	2027 Boulder Gray Nissan Frontier PRO-4X 3.8L V6 For sale at Mankato Motors in Mankato Minnesota.	https://pictures.web.dealer.com/m/mankatonissan/0283/76aa3351a3a5984a675f80e19f2ab402x.jpg	in stock	NEW	TRUCK	Vehicles & Parts > Vehicles > Motor Vehicles > Cars, Trucks & Vans	1N6ED1FK6VN610176	https://www.mankatomotors.com/new/Nissan/2027-Nissan-Frontier-f2615aedac1836729783b124d64457b8.htm?store={store_code}	GRAY	0 miles	Frontier	1N6ED1FK6VN610176	2027	47220 USD	MM100	47220 USD	MI	no	Frontier	No	Over 15k
1N6ED1EK0VN610398	2027 Nissan Frontier SV	Nissan	https://www.mankatomotors.com/new/Nissan/2027-Nissan-Frontier-f2615beaac18126d7bdb382d1c4d729f.htm	45225 USD	2027 Gun Metallic Nissan Frontier SV 3.8L V6 For sale at Mankato Motors in Mankato Minnesota.	https://pictures.web.dealer.com/m/mankatonissan/0283/76aa3351a3a5984a675f80e19f2ab402x.jpg	in stock	NEW	TRUCK	Vehicles & Parts > Vehicles > Motor Vehicles > Cars, Trucks & Vans	1N6ED1EK0VN610398	https://www.mankatomotors.com/new/Nissan/2027-Nissan-Frontier-f2615beaac18126d7bdb382d1c4d729f.htm?store={store_code}	GRAY	0 miles	Frontier	1N6ED1EK0VN610398	2027	45225 USD	MM100	45225 USD	MI	no	Frontier	No	Over 15k
3N8AP6CB3VL312988	2027 Nissan Kicks SV	Nissan	https://www.mankatomotors.com/new/Nissan/2027-Nissan-Kicks-3b28b167ac18393e40fc3430cbc4914c.htm	28815 USD	2027 Canyon Bronze Metallic Nissan Kicks SV 2L DOHC For sale at Mankato Motors in Mankato Minnesota.	https://pictures.web.dealer.com/m/mankatonissan/1277/8cc5cabf6b2ca71c783c66888e9b803bx.jpg	in stock	NEW	SUV	Vehicles & Parts > Vehicles > Motor Vehicles > Cars, Trucks & Vans	3N8AP6CB3VL312988	https://www.mankatomotors.com/new/Nissan/2027-Nissan-Kicks-3b28b167ac18393e40fc3430cbc4914c.htm?store={store_code}	BRONZE	0 miles	Kicks	3N8AP6CB3VL312988	2027	28815 USD	MM100	28815 USD	MI	no	Kicks	No	Over 15k
3N8AP6DD5VL319747	2027 Nissan Kicks SR	Nissan	https://www.mankatomotors.com/new/Nissan/2027-Nissan-Kicks-a5264a91ac185fef39d0f00fe2b1c830.htm	33485 USD	2027 Scarlet Ember Tintcoat Nissan Kicks SR 2L I4 For sale at Mankato Motors in Mankato Minnesota.	https://pictures.web.dealer.com/m/mankatonissan/0158/37ca5d051b01bcd9a527a2a31bb63e9bx.jpg	in stock	NEW	SUV	Vehicles & Parts > Vehicles > Motor Vehicles > Cars, Trucks & Vans	3N8AP6DD5VL319747	https://www.mankatomotors.com/new/Nissan/2027-Nissan-Kicks-a5264a91ac185fef39d0f00fe2b1c830.htm?store={store_code}	RED	0 miles	Kicks	3N8AP6DD5VL319747	2027	33485 USD	MM100	33485 USD	MI	no	Kicks	No	Over 15k
3N8AP6CB2VL306079	2027 Nissan Kicks SV	Nissan	https://www.mankatomotors.com/new/Nissan/2027-Nissan-Kicks-ac059749ac1811a5b94575c69f2b3de1.htm	29465 USD	2027 Fresh Powder Nissan Kicks SV 2L I4 For sale at Mankato Motors in Mankato Minnesota.	https://pictures.web.dealer.com/m/mankatonissan/0158/37ca5d051b01bcd9a527a2a31bb63e9bx.jpg	in stock	NEW	SUV	Vehicles & Parts > Vehicles > Motor Vehicles > Cars, Trucks & Vans	3N8AP6CB2VL306079	https://www.mankatomotors.com/new/Nissan/2027-Nissan-Kicks-ac059749ac1811a5b94575c69f2b3de1.htm?store={store_code}	WHITE	0 miles	Kicks	3N8AP6CB2VL306079	2027	29465 USD	MM100	29465 USD	MI	no	Kicks	No	Over 15k
3N8AP6CB9VL317998	2027 Nissan Kicks SV	Nissan	https://www.mankatomotors.com/new/Nissan/2027-Nissan-Kicks-cea3ef29ac18230d1f9b854f38cc8fc5.htm	29465 USD	2027 Gun Metallic Nissan Kicks SV 2L DOHC For sale at Mankato Motors in Mankato Minnesota.	https://pictures.web.dealer.com/m/mankatonissan/0158/37ca5d051b01bcd9a527a2a31bb63e9bx.jpg	in stock	NEW	SUV	Vehicles & Parts > Vehicles > Motor Vehicles > Cars, Trucks & Vans	3N8AP6CB9VL317998	https://www.mankatomotors.com/new/Nissan/2027-Nissan-Kicks-cea3ef29ac18230d1f9b854f38cc8fc5.htm?store={store_code}	GRAY	0 miles	Kicks	3N8AP6CB9VL317998	2027	29465 USD	MM100	29465 USD	MI	no	Kicks	No	Over 15k
5N1AZ3DS4VC102992	2027 Nissan Murano Platinum	Nissan	https://www.mankatomotors.com/new/Nissan/2027-Nissan-Murano-005b7bceac18490df75413144446709f.htm	48885 USD	2027 Everest White Pearl Tricoat Nissan Murano Platinum 2L I4 For sale at Mankato Motors in Mankato Minnesota.	https://pictures.web.dealer.com/m/mankatonissan/0714/d41b0d5967cc25d5e22cf92d302fc569x.jpg	in stock	NEW	SUV	Vehicles & Parts > Vehicles > Motor Vehicles > Cars, Trucks & Vans	5N1AZ3DS4VC102992	https://www.mankatomotors.com/new/Nissan/2027-Nissan-Murano-005b7bceac18490df75413144446709f.htm?store={store_code}	WHITE	0 miles	Murano	5N1AZ3DS4VC102992	2027	48885 USD	MM100	48885 USD	MI	no	Murano	No	Over 15k
5N1AZ3DS6VC102699	2027 Nissan Murano Platinum	Nissan	https://www.mankatomotors.com/new/Nissan/2027-Nissan-Murano-005b7cb6ac180706beba799806a1a84a.htm	48435 USD	2027 Champagne Silver Metallic Nissan Murano Platinum 2L I4 For sale at Mankato Motors in Mankato Minnesota.	https://pictures.web.dealer.com/m/mankatonissan/1756/8a17e75bcf05e7a6ba2e71954e65d90ex.jpg	in stock	NEW	SUV	Vehicles & Parts > Vehicles > Motor Vehicles > Cars, Trucks & Vans	5N1AZ3DS6VC102699	https://www.mankatomotors.com/new/Nissan/2027-Nissan-Murano-005b7cb6ac180706beba799806a1a84a.htm?store={store_code}	SILVER	0 miles	Murano	5N1AZ3DS6VC102699	2027	48435 USD	MM100	48435 USD	MI	no	Murano	No	Over 15k
5N1AZ3CS8VC106643	2027 Nissan Murano SL	Nissan	https://www.mankatomotors.com/new/Nissan/2027-Nissan-Murano-85d2291cac181ba235d0c042cb08f688.htm	50850 USD	2027 Boulder Gray Super Black Nissan Murano SL 2L I4 For sale at Mankato Motors in Mankato Minnesota.	https://pictures.web.dealer.com/m/mankatonissan/0865/bebe03dd8198f3a20b421d1215fb9497x.jpg	in stock	NEW	SUV	Vehicles & Parts > Vehicles > Motor Vehicles > Cars, Trucks & Vans	5N1AZ3CS8VC106643	https://www.mankatomotors.com/new/Nissan/2027-Nissan-Murano-85d2291cac181ba235d0c042cb08f688.htm?store={store_code}	BLACK	0 miles	Murano	5N1AZ3CS8VC106643	2027	50850 USD	MM100	50850 USD	MI	no	Murano	No	Over 15k
5N1AZ3DS7VC108172	2027 Nissan Murano Platinum	Nissan	https://www.mankatomotors.com/new/Nissan/2027-Nissan-Murano-ddcc329cac182e060860d9a8c30f0435.htm	54115 USD	2027 Boulder Gray Super Black Nissan Murano Platinum 2L I4 For sale at Mankato Motors in Mankato Minnesota.	https://pictures.web.dealer.com/m/mankatonissan/1567/3ec059a99de92ef52613760d8536a51cx.jpg	in stock	NEW	SUV	Vehicles & Parts > Vehicles > Motor Vehicles > Cars, Trucks & Vans	5N1AZ3DS7VC108172	https://www.mankatomotors.com/new/Nissan/2027-Nissan-Murano-ddcc329cac182e060860d9a8c30f0435.htm?store={store_code}	BLACK	0 miles	Murano	5N1AZ3DS7VC108172	2027	54115 USD	MM100	54115 USD	MI	no	Murano	No	Over 15k
5N1AZ3DS2VC108449	2027 Nissan Murano Platinum	Nissan	https://www.mankatomotors.com/new/Nissan/2027-Nissan-Murano-f2615debac1836729783b124adb279d8.htm	54115 USD	2027 White Black Nissan Murano Platinum 2L I4 For sale at Mankato Motors in Mankato Minnesota.	https://pictures.web.dealer.com/m/mankatonissan/1567/3ec059a99de92ef52613760d8536a51cx.jpg	in stock	NEW	SUV	Vehicles & Parts > Vehicles > Motor Vehicles > Cars, Trucks & Vans	5N1AZ3DS2VC108449	https://www.mankatomotors.com/new/Nissan/2027-Nissan-Murano-f2615debac1836729783b124adb279d8.htm?store={store_code}	WHITE	0 miles	Murano	5N1AZ3DS2VC108449	2027	54115 USD	MM100	54115 USD	MI	no	Murano	No	Over 15k
1V2WSPE81SC018034	2025 Volkswagen ID.4 Pro S	Volkswagen	https://www.mankatomotors.com/new/Volkswagen/2025-Volkswagen-ID.4-81b9c040ac182d4ca5def06f5ef308cb.htm	39794 USD	2025 Opal White Volkswagen ID.4 Pro S Electric Motor For sale at Mankato Motors in Mankato Minnesota.	https://pictures.web.dealer.com/m/mankatovw/0539/95aacb83307b17ba478d9338ba7ffe38x.jpg	in stock	NEW	OTHER	Vehicles & Parts > Vehicles > Motor Vehicles > Cars, Trucks & Vans	1V2WSPE81SC018034	https://www.mankatomotors.com/new/Volkswagen/2025-Volkswagen-ID.4-81b9c040ac182d4ca5def06f5ef308cb.htm?store={store_code}	WHITE	0 miles	ID.4	1V2WSPE81SC018034	2025	39794 USD	MM100	39794 USD	MI	no	ID.4	No	Over 15k
1V2KN2CA7TC528954	2026 Volkswagen Atlas SE w/Technology	Volkswagen	https://www.mankatomotors.com/new/Volkswagen/2026-Volkswagen-Atlas-06683584ac1826fc4220aec5e9e7603a.htm	43970 USD	2026 Blue Volkswagen Atlas SE w/Technology 2L TSI For sale at Mankato Motors in Mankato Minnesota.	https://pictures.web.dealer.com/m/mankatovw/0739/8cb4e07b61767ee26c13c743a1973ec7x.jpg	in stock	NEW	SUV	Vehicles & Parts > Vehicles > Motor Vehicles > Cars, Trucks & Vans	1V2KN2CA7TC528954	https://www.mankatomotors.com/new/Volkswagen/2026-Volkswagen-Atlas-06683584ac1826fc4220aec5e9e7603a.htm?store={store_code}	BLUE	0 miles	Atlas	1V2KN2CA7TC528954	2026	43970 USD	MM100	43970 USD	MI	no	Atlas	No	Over 15k
1V2BN2CAXTC564041	2026 Volkswagen Atlas SEL	Volkswagen	https://www.mankatomotors.com/new/Volkswagen/2026-Volkswagen-Atlas-2a746cb3ac1846b2c5d9aed68edc5aa8.htm	46186 USD	2026 Green Volkswagen Atlas SEL 2L TSI For sale at Mankato Motors in Mankato Minnesota.	https://pictures.web.dealer.com/m/mankatovw/0622/3f819c58d796fbd02551896712df98e1x.jpg	in stock	NEW	SUV	Vehicles & Parts > Vehicles > Motor Vehicles > Cars, Trucks & Vans	1V2BN2CAXTC564041	https://www.mankatomotors.com/new/Volkswagen/2026-Volkswagen-Atlas-2a746cb3ac1846b2c5d9aed68edc5aa8.htm?store={store_code}	GREEN	0 miles	Atlas	1V2BN2CAXTC564041	2026	46186 USD	MM100	46186 USD	MI	no	Atlas	No	Over 15k
1V2BN2CA8TC581520	2026 Volkswagen Atlas SEL	Volkswagen	https://www.mankatomotors.com/new/Volkswagen/2026-Volkswagen-Atlas-2bb9fc86ac18535243d1437227db1f79.htm	46186 USD	2026 Green Volkswagen Atlas SEL 2L TSI For sale at Mankato Motors in Mankato Minnesota.	https://pictures.web.dealer.com/m/mankatovw/0737/02dbd784b2a91d2b11784e500736a86fx.jpg	in stock	NEW	SUV	Vehicles & Parts > Vehicles > Motor Vehicles > Cars, Trucks & Vans	1V2BN2CA8TC581520	https://www.mankatomotors.com/new/Volkswagen/2026-Volkswagen-Atlas-2bb9fc86ac18535243d1437227db1f79.htm?store={store_code}	GREEN	0 miles	Atlas	1V2BN2CA8TC581520	2026	46186 USD	MM100	46186 USD	MI	no	Atlas	No	Over 15k
1V2FN2CA1TC583711	2026 Volkswagen Atlas SEL Premium R-Line	Volkswagen	https://www.mankatomotors.com/new/Volkswagen/2026-Volkswagen-Atlas-4a9d7992ac181848608ee1d99cd6e047.htm	51468 USD	2026 Gray Volkswagen Atlas SEL Premium R-Line 2L TSI For sale at Mankato Motors in Mankato Minnesota.	https://pictures.web.dealer.com/m/mankatovw/1391/2d495e3ca441f7e6b14eba8e63d169d3x.jpg	in stock	NEW	SUV	Vehicles & Parts > Vehicles > Motor Vehicles > Cars, Trucks & Vans	1V2FN2CA1TC583711	https://www.mankatomotors.com/new/Volkswagen/2026-Volkswagen-Atlas-4a9d7992ac181848608ee1d99cd6e047.htm?store={store_code}	GRAY	0 miles	Atlas	1V2FN2CA1TC583711	2026	51468 USD	MM100	51468 USD	MI	no	Atlas	No	Over 15k
1V2HN2CA9TC583416	2026 Volkswagen Atlas SE w/Technology	Volkswagen	https://www.mankatomotors.com/new/Volkswagen/2026-Volkswagen-Atlas-4a9d7ae7ac184fc83ca98b6a15ffb2e7.htm	42201 USD	2026 Black Pearl Volkswagen Atlas SE w/Technology 2L TSI For sale at Mankato Motors in Mankato Minnesota.	https://pictures.web.dealer.com/m/mankatovw/1834/cfdd4a13b22a0a9740eab8af03e8f8e7x.jpg	in stock	NEW	SUV	Vehicles & Parts > Vehicles > Motor Vehicles > Cars, Trucks & Vans	1V2HN2CA9TC583416	https://www.mankatomotors.com/new/Volkswagen/2026-Volkswagen-Atlas-4a9d7ae7ac184fc83ca98b6a15ffb2e7.htm?store={store_code}	BLACK	0 miles	Atlas	1V2HN2CA9TC583416	2026	42201 USD	MM100	42201 USD	MI	no	Atlas	No	Over 15k
1V2HN2CA1TC583796	2026 Volkswagen Atlas SE w/Technology	Volkswagen	https://www.mankatomotors.com/new/Volkswagen/2026-Volkswagen-Atlas-4a9d7beaac181848608ee1d98dea2f81.htm	43375 USD	2026 Gray Volkswagen Atlas SE w/Technology 2L TSI For sale at Mankato Motors in Mankato Minnesota.	https://pictures.web.dealer.com/m/mankatovw/0683/75f722c845ef0d4b08b9fc65d4855f73x.jpg	in stock	NEW	SUV	Vehicles & Parts > Vehicles > Motor Vehicles > Cars, Trucks & Vans	1V2HN2CA1TC583796	https://www.mankatomotors.com/new/Volkswagen/2026-Volkswagen-Atlas-4a9d7beaac181848608ee1d98dea2f81.htm?store={store_code}	GRAY	0 miles	Atlas	1V2HN2CA1TC583796	2026	43375 USD	MM100	43375 USD	MI	no	Atlas	No	Over 15k
1V2KN2CA4TC537045	2026 Volkswagen Atlas SE w/Technology	Volkswagen	https://www.mankatomotors.com/new/Volkswagen/2026-Volkswagen-Atlas-6d681586ac1826fc4220aec5916e3c8a.htm	43981 USD	2026 Green Volkswagen Atlas SE w/Technology 2L TSI For sale at Mankato Motors in Mankato Minnesota.	https://pictures.web.dealer.com/m/mankatovw/1292/d76b71918efb9e0793c4335405333e71x.jpg	in stock	NEW	SUV	Vehicles & Parts > Vehicles > Motor Vehicles > Cars, Trucks & Vans	1V2KN2CA4TC537045	https://www.mankatomotors.com/new/Volkswagen/2026-Volkswagen-Atlas-6d681586ac1826fc4220aec5916e3c8a.htm?store={store_code}	GREEN	0 miles	Atlas	1V2KN2CA4TC537045	2026	43981 USD	MM100	43981 USD	MI	no	Atlas	No	Over 15k
1V2HN2CAXTC552904	2026 Volkswagen Atlas SE w/Technology	Volkswagen	https://www.mankatomotors.com/new/Volkswagen/2026-Volkswagen-Atlas-94adfe93ac182fa76bb060b6dc4769cf.htm	42777 USD	2026 Opal White Volkswagen Atlas SE w/Technology 2L TSI For sale at Mankato Motors in Mankato Minnesota.	https://pictures.web.dealer.com/m/mankatovw/0332/0bd822169754fee19e5045d895341d72x.jpg	in stock	NEW	SUV	Vehicles & Parts > Vehicles > Motor Vehicles > Cars, Trucks & Vans	1V2HN2CAXTC552904	https://www.mankatomotors.com/new/Volkswagen/2026-Volkswagen-Atlas-94adfe93ac182fa76bb060b6dc4769cf.htm?store={store_code}	WHITE	10 miles	Atlas	1V2HN2CAXTC552904	2026	42777 USD	MM100	42777 USD	MI	no	Atlas	No	Over 15k
1V2FC2CA4TC242292	2026 Volkswagen Atlas Cross Sport SEL Premium R-Line	Volkswagen	https://www.mankatomotors.com/new/Volkswagen/2026-Volkswagen-Atlas-Cross-Sport-246a4febac18461266c54318f3b39273.htm	50665 USD	2026 Black Pearl Volkswagen Atlas Cross Sport SEL Premium R-Line 2L TSI For sale at Mankato Motors in Mankato Minnesota.	https://pictures.web.dealer.com/m/mankatovw/1946/f8a542e49793ba0655d78329f2e4803ax.jpg	in stock	NEW	SUV	Vehicles & Parts > Vehicles > Motor Vehicles > Cars, Trucks & Vans	1V2FC2CA4TC242292	https://www.mankatomotors.com/new/Volkswagen/2026-Volkswagen-Atlas-Cross-Sport-246a4febac18461266c54318f3b39273.htm?store={store_code}	BLACK	0 miles	Atlas Cross Sport	1V2FC2CA4TC242292	2026	50665 USD	MM100	50665 USD	MI	no	Atlas Cross Sport	No	Over 15k
1V2AC2CAXTC230738	2026 Volkswagen Atlas Cross Sport SEL R-Line Black	Volkswagen	https://www.mankatomotors.com/new/Volkswagen/2026-Volkswagen-Atlas-Cross-Sport-2bb9fe0fac183f2ca9d7d481064e0e9a.htm	47705 USD	2026 Black Pearl Volkswagen Atlas Cross Sport SEL R-Line Black 2L TSI For sale at Mankato Motors in Mankato Minnesota.	https://pictures.web.dealer.com/m/mankatovw/1111/82a14756f83f937a834a45cd025699cex.jpg	in stock	NEW	SUV	Vehicles & Parts > Vehicles > Motor Vehicles > Cars, Trucks & Vans	1V2AC2CAXTC230738	https://www.mankatomotors.com/new/Volkswagen/2026-Volkswagen-Atlas-Cross-Sport-2bb9fe0fac183f2ca9d7d481064e0e9a.htm?store={store_code}	BLACK	0 miles	Atlas Cross Sport	1V2AC2CAXTC230738	2026	47705 USD	MM100	47705 USD	MI	no	Atlas Cross Sport	No	Over 15k
1V2AC2CAXTC205113	2026 Volkswagen Atlas Cross Sport SEL R-Line Black	Volkswagen	https://www.mankatomotors.com/new/Volkswagen/2026-Volkswagen-Atlas-Cross-Sport-44b6c4d7ac18398030ed32a5cbef8a04.htm	47705 USD	2026 Blue Volkswagen Atlas Cross Sport SEL R-Line Black 2L TSI For sale at Mankato Motors in Mankato Minnesota.	https://pictures.web.dealer.com/m/mankatovw/1787/6d10dad7520f5efd3382e3b525d31252x.jpg	in stock	NEW	SUV	Vehicles & Parts > Vehicles > Motor Vehicles > Cars, Trucks & Vans	1V2AC2CAXTC205113	https://www.mankatomotors.com/new/Volkswagen/2026-Volkswagen-Atlas-Cross-Sport-44b6c4d7ac18398030ed32a5cbef8a04.htm?store={store_code}	BLUE	0 miles	Atlas Cross Sport	1V2AC2CAXTC205113	2026	47705 USD	MM100	47705 USD	MI	no	Atlas Cross Sport	No	Over 15k
1V2FC2CA3TC244423	2026 Volkswagen Atlas Cross Sport SEL Premium R-Line	Volkswagen	https://www.mankatomotors.com/new/Volkswagen/2026-Volkswagen-Atlas-Cross-Sport-85d298feac183b7231c298962b01aca1.htm	56406 USD	2026 Gray Volkswagen Atlas Cross Sport SEL Premium R-Line 2L TSI For sale at Mankato Motors in Mankato Minnesota.	https://pictures.web.dealer.com/m/mankatovw/0549/60bd6c0276ec54031211ebe40009f109x.jpg	in stock	NEW	SUV	Vehicles & Parts > Vehicles > Motor Vehicles > Cars, Trucks & Vans	1V2FC2CA3TC244423	https://www.mankatomotors.com/new/Volkswagen/2026-Volkswagen-Atlas-Cross-Sport-85d298feac183b7231c298962b01aca1.htm?store={store_code}	GRAY	0 miles	Atlas Cross Sport	1V2FC2CA3TC244423	2026	56406 USD	MM100	56406 USD	MI	no	Atlas Cross Sport	No	Over 15k
1V2FC2CA1TC245117	2026 Volkswagen Atlas Cross Sport SEL Premium R-Line	Volkswagen	https://www.mankatomotors.com/new/Volkswagen/2026-Volkswagen-Atlas-Cross-Sport-9021287eac1802e1534d106d41c67a0f.htm	56406 USD	2026 Opal White Volkswagen Atlas Cross Sport SEL Premium R-Line 2L TSI For sale at Mankato Motors in Mankato Minnesota.	https://pictures.web.dealer.com/m/mankatovw/0549/60bd6c0276ec54031211ebe40009f109x.jpg	in stock	NEW	SUV	Vehicles & Parts > Vehicles > Motor Vehicles > Cars, Trucks & Vans	1V2FC2CA1TC245117	https://www.mankatomotors.com/new/Volkswagen/2026-Volkswagen-Atlas-Cross-Sport-9021287eac1802e1534d106d41c67a0f.htm?store={store_code}	WHITE	0 miles	Atlas Cross Sport	1V2FC2CA1TC245117	2026	56406 USD	MM100	56406 USD	MI	no	Atlas Cross Sport	No	Over 15k
1V2HC2CA3TC242275	2026 Volkswagen Atlas Cross Sport SE w/Technology	Volkswagen	https://www.mankatomotors.com/new/Volkswagen/2026-Volkswagen-Atlas-Cross-Sport-ac05be5aac184088ef41bc970d9912f6.htm	42108 USD	2026 Opal White Volkswagen Atlas Cross Sport SE w/Technology 2L TSI For sale at Mankato Motors in Mankato Minnesota.	https://pictures.web.dealer.com/m/mankatovw/1224/13e9bd58515f28ea6614f1a7cfa50a93x.jpg	in stock	NEW	SUV	Vehicles & Parts > Vehicles > Motor Vehicles > Cars, Trucks & Vans	1V2HC2CA3TC242275	https://www.mankatomotors.com/new/Volkswagen/2026-Volkswagen-Atlas-Cross-Sport-ac05be5aac184088ef41bc970d9912f6.htm?store={store_code}	WHITE	0 miles	Atlas Cross Sport	1V2HC2CA3TC242275	2026	42108 USD	MM100	42108 USD	MI	no	Atlas Cross Sport	No	Over 15k
1V2HC2CA1TC246244	2026 Volkswagen Atlas Cross Sport SE w/Technology	Volkswagen	https://www.mankatomotors.com/new/Volkswagen/2026-Volkswagen-Atlas-Cross-Sport-b499c84aac185bc6fc1af9b506e5f671.htm	47406 USD	2026 Gray Volkswagen Atlas Cross Sport SE w/Technology 2L TSI For sale at Mankato Motors in Mankato Minnesota.	https://pictures.web.dealer.com/m/mankatovw/0549/60bd6c0276ec54031211ebe40009f109x.jpg	in stock	NEW	SUV	Vehicles & Parts > Vehicles > Motor Vehicles > Cars, Trucks & Vans	1V2HC2CA1TC246244	https://www.mankatomotors.com/new/Volkswagen/2026-Volkswagen-Atlas-Cross-Sport-b499c84aac185bc6fc1af9b506e5f671.htm?store={store_code}	GRAY	0 miles	Atlas Cross Sport	1V2HC2CA1TC246244	2026	47406 USD	MM100	47406 USD	MI	no	Atlas Cross Sport	No	Over 15k
1V2AC2CA9TC238894	2026 Volkswagen Atlas Cross Sport SEL R-Line Black	Volkswagen	https://www.mankatomotors.com/new/Volkswagen/2026-Volkswagen-Atlas-Cross-Sport-d1963311ac18139d42132c361426b32b.htm	48142 USD	2026 Gray Volkswagen Atlas Cross Sport SEL R-Line Black 2L TSI For sale at Mankato Motors in Mankato Minnesota.	https://pictures.web.dealer.com/m/mankatovw/0412/009eae68d87f169208078058ed2cad36x.jpg	in stock	NEW	SUV	Vehicles & Parts > Vehicles > Motor Vehicles > Cars, Trucks & Vans	1V2AC2CA9TC238894	https://www.mankatomotors.com/new/Volkswagen/2026-Volkswagen-Atlas-Cross-Sport-d1963311ac18139d42132c361426b32b.htm?store={store_code}	GRAY	0 miles	Atlas Cross Sport	1V2AC2CA9TC238894	2026	48142 USD	MM100	48142 USD	MI	no	Atlas Cross Sport	No	Over 15k
1V2HC2CA6TC239791	2026 Volkswagen Atlas Cross Sport SE w/Technology	Volkswagen	https://www.mankatomotors.com/new/Volkswagen/2026-Volkswagen-Atlas-Cross-Sport-d7284653ac1800cb2c48f8b61e298325.htm	42344 USD	2026 Opal White Volkswagen Atlas Cross Sport SE w/Technology 2L TSI For sale at Mankato Motors in Mankato Minnesota.	https://pictures.web.dealer.com/m/mankatovw/1224/13e9bd58515f28ea6614f1a7cfa50a93x.jpg	in stock	NEW	SUV	Vehicles & Parts > Vehicles > Motor Vehicles > Cars, Trucks & Vans	1V2HC2CA6TC239791	https://www.mankatomotors.com/new/Volkswagen/2026-Volkswagen-Atlas-Cross-Sport-d7284653ac1800cb2c48f8b61e298325.htm?store={store_code}	WHITE	0 miles	Atlas Cross Sport	1V2HC2CA6TC239791	2026	42344 USD	MM100	42344 USD	MI	no	Atlas Cross Sport	No	Over 15k
1V2CN2CA9TC527437	2026 Volkswagen Atlas Peak Edition	Volkswagen	https://www.mankatomotors.com/new/Volkswagen/2026-Volkswagen-Atlas-c4dca20eac180cb6fbf5ec49cb99e16a.htm	44809 USD	2026 Gray Volkswagen Atlas Peak Edition 2L TSI For sale at Mankato Motors in Mankato Minnesota.	https://pictures.web.dealer.com/m/mankatovw/1398/52cabb4e8146db332e5f34786948a10bx.jpg	in stock	NEW	SUV	Vehicles & Parts > Vehicles > Motor Vehicles > Cars, Trucks & Vans	1V2CN2CA9TC527437	https://www.mankatomotors.com/new/Volkswagen/2026-Volkswagen-Atlas-c4dca20eac180cb6fbf5ec49cb99e16a.htm?store={store_code}	GRAY	0 miles	Atlas	1V2CN2CA9TC527437	2026	44809 USD	MM100	44809 USD	MI	no	Atlas	No	Over 15k
1V2HN2CA6TC575189	2026 Volkswagen Atlas SE w/Technology	Volkswagen	https://www.mankatomotors.com/new/Volkswagen/2026-Volkswagen-Atlas-d3f8da9cac1837f47d123b9074d60e58.htm	42426 USD	2026 Black Pearl Volkswagen Atlas SE w/Technology 2L TSI For sale at Mankato Motors in Mankato Minnesota.	https://pictures.web.dealer.com/m/mankatovw/0454/2a20df4d3289aaea5a948e79452f1b61x.jpg	in stock	NEW	SUV	Vehicles & Parts > Vehicles > Motor Vehicles > Cars, Trucks & Vans	1V2HN2CA6TC575189	https://www.mankatomotors.com/new/Volkswagen/2026-Volkswagen-Atlas-d3f8da9cac1837f47d123b9074d60e58.htm?store={store_code}	BLACK	0 miles	Atlas	1V2HN2CA6TC575189	2026	42426 USD	MM100	42426 USD	MI	no	Atlas	No	Over 15k
1V2CN2CA5TC577798	2026 Volkswagen Atlas Peak Edition	Volkswagen	https://www.mankatomotors.com/new/Volkswagen/2026-Volkswagen-Atlas-fcf26884ac18162810ccf9e7a0b64ec9.htm	44614 USD	2026 Opal White Volkswagen Atlas Peak Edition 2L TSI For sale at Mankato Motors in Mankato Minnesota.	https://pictures.web.dealer.com/m/mankatovw/1064/99b5983107fd17bf46303e09ad3d12fbx.jpg	in stock	NEW	SUV	Vehicles & Parts > Vehicles > Motor Vehicles > Cars, Trucks & Vans	1V2CN2CA5TC577798	https://www.mankatomotors.com/new/Volkswagen/2026-Volkswagen-Atlas-fcf26884ac18162810ccf9e7a0b64ec9.htm?store={store_code}	WHITE	0 miles	Atlas	1V2CN2CA5TC577798	2026	44614 USD	MM100	44614 USD	MI	no	Atlas	No	Over 15k
WVWLE7CD9TW281612	2026 Volkswagen Golf GTI S	Volkswagen	https://www.mankatomotors.com/new/Volkswagen/2026-Volkswagen-Golf-GTI-89e74f90ac18221a7f70d51ef7ce5e8e.htm	34235 USD	2026 Opal White Volkswagen Golf GTI S 2L TSI DOHC For sale at Mankato Motors in Mankato Minnesota.	https://pictures.web.dealer.com/m/mankatovw/1505/74142ab044f0454ba0f834935705be31x.jpg	in stock	NEW	OTHER	Vehicles & Parts > Vehicles > Motor Vehicles > Cars, Trucks & Vans	WVWLE7CD9TW281612	https://www.mankatomotors.com/new/Volkswagen/2026-Volkswagen-Golf-GTI-89e74f90ac18221a7f70d51ef7ce5e8e.htm?store={store_code}	WHITE	0 miles	Golf GTI	WVWLE7CD9TW281612	2026	34235 USD	MM100	34235 USD	MI	no	Golf GTI	No	Over 15k
1V2WSPE8XTC000990	2026 Volkswagen ID.4 Pro S	Volkswagen	https://www.mankatomotors.com/new/Volkswagen/2026-Volkswagen-ID.4-98052f09ac183da17e4eec35d6a6a3fc.htm	49452 USD	2026 Gray Volkswagen ID.4 Pro S Electric Motor For sale at Mankato Motors in Mankato Minnesota.	https://pictures.web.dealer.com/m/mankatovw/0128/597a4861c497874db0799f0813539439x.jpg	in stock	NEW	OTHER	Vehicles & Parts > Vehicles > Motor Vehicles > Cars, Trucks & Vans	1V2WSPE8XTC000990	https://www.mankatomotors.com/new/Volkswagen/2026-Volkswagen-ID.4-98052f09ac183da17e4eec35d6a6a3fc.htm?store={store_code}	GRAY	0 miles	ID.4	1V2WSPE8XTC000990	2026	49452 USD	MM100	49452 USD	MI	no	ID.4	No	Over 15k
3VWGW7BU5TM062658	2026 Volkswagen Jetta 1.5T SEL	Volkswagen	https://www.mankatomotors.com/new/Volkswagen/2026-Volkswagen-Jetta-0cd399ccac185f243dc98092221fac50.htm	29454 USD	2026 Blue Volkswagen Jetta 1.5T SEL 1.5L I-4 DI DOHC Turbocharged For sale at Mankato Motors in Mankato Minnesota.	https://pictures.web.dealer.com/m/mankatovw/0963/2f86d9a46be6a78b570012ce6531c47ax.jpg	in stock	NEW	OTHER	Vehicles & Parts > Vehicles > Motor Vehicles > Cars, Trucks & Vans	3VWGW7BU5TM062658	https://www.mankatomotors.com/new/Volkswagen/2026-Volkswagen-Jetta-0cd399ccac185f243dc98092221fac50.htm?store={store_code}	BLUE	0 miles	Jetta	3VWGW7BU5TM062658	2026	29454 USD	MM100	29454 USD	MI	no	Jetta	No	Over 15k
3VWGW7BU1TM053696	2026 Volkswagen Jetta 1.5T SEL	Volkswagen	https://www.mankatomotors.com/new/Volkswagen/2026-Volkswagen-Jetta-2f9b0409ac18107eb3503fd18f1845e1.htm	29891 USD	2026 Gray Volkswagen Jetta 1.5T SEL 1.5L I-4 DI DOHC Turbocharged For sale at Mankato Motors in Mankato Minnesota.	https://pictures.web.dealer.com/m/mankatovw/0293/bcdaa0191cd7e0f3f3311250ed75ffa1x.jpg	in stock	NEW	OTHER	Vehicles & Parts > Vehicles > Motor Vehicles > Cars, Trucks & Vans	3VWGW7BU1TM053696	https://www.mankatomotors.com/new/Volkswagen/2026-Volkswagen-Jetta-2f9b0409ac18107eb3503fd18f1845e1.htm?store={store_code}	GRAY	0 miles	Jetta	3VWGW7BU1TM053696	2026	29891 USD	MM100	29891 USD	MI	no	Jetta	No	Over 15k
3VW7W7BU1TM078792	2026 Volkswagen Jetta 1.5T SE	Volkswagen	https://www.mankatomotors.com/new/Volkswagen/2026-Volkswagen-Jetta-50d68ee0ac18541152113ed6c6fe5537.htm	26967 USD	2026 Silver Volkswagen Jetta 1.5T SE 1.5L I-4 DI DOHC Turbocharged For sale at Mankato Motors in Mankato Minnesota.	https://pictures.web.dealer.com/m/mankatovw/0482/21953686972ecdd745a0156f56f7fd22x.jpg	in stock	NEW	OTHER	Vehicles & Parts > Vehicles > Motor Vehicles > Cars, Trucks & Vans	3VW7W7BU1TM078792	https://www.mankatomotors.com/new/Volkswagen/2026-Volkswagen-Jetta-50d68ee0ac18541152113ed6c6fe5537.htm?store={store_code}	SILVER	0 miles	Jetta	3VW7W7BU1TM078792	2026	26967 USD	MM100	26967 USD	MI	no	Jetta	No	Over 15k
3VW1M7BU0TM059310	2026 Volkswagen Jetta GLI 2.0T Autobahn	Volkswagen	https://www.mankatomotors.com/new/Volkswagen/2026-Volkswagen-Jetta-GLI-da3468caac180acbe92e69db2d676f10.htm	33666 USD	2026 Gray Volkswagen Jetta GLI 2.0T Autobahn 2L TSI DOHC For sale at Mankato Motors in Mankato Minnesota.	https://pictures.web.dealer.com/m/mankatovw/1508/cb894b576cb52aa2a2ea56bc349bbca3x.jpg	in stock	NEW	OTHER	Vehicles & Parts > Vehicles > Motor Vehicles > Cars, Trucks & Vans	3VW1M7BU0TM059310	https://www.mankatomotors.com/new/Volkswagen/2026-Volkswagen-Jetta-GLI-da3468caac180acbe92e69db2d676f10.htm?store={store_code}	GRAY	0 miles	Jetta GLI	3VW1M7BU0TM059310	2026	33666 USD	MM100	33666 USD	MI	no	Jetta GLI	No	Over 15k
3VWGW7BU4TM071075	2026 Volkswagen Jetta 1.5T SEL	Volkswagen	https://www.mankatomotors.com/new/Volkswagen/2026-Volkswagen-Jetta-bcae00d9ac184c5d1b9eb0c565aa7a02.htm	30030 USD	2026 Gray Volkswagen Jetta 1.5T SEL 1.5L I-4 DI DOHC Turbocharged For sale at Mankato Motors in Mankato Minnesota.	https://pictures.web.dealer.com/m/mankatovw/1026/6aba5eb555a58c2386bb7f1f477f18c1x.jpg	in stock	NEW	OTHER	Vehicles & Parts > Vehicles > Motor Vehicles > Cars, Trucks & Vans	3VWGW7BU4TM071075	https://www.mankatomotors.com/new/Volkswagen/2026-Volkswagen-Jetta-bcae00d9ac184c5d1b9eb0c565aa7a02.htm?store={store_code}	GRAY	0 miles	Jetta	3VWGW7BU4TM071075	2026	30030 USD	MM100	30030 USD	MI	no	Jetta	No	Over 15k
3VWBW7BU5TM061116	2026 Volkswagen Jetta 1.5T Sport	Volkswagen	https://www.mankatomotors.com/new/Volkswagen/2026-Volkswagen-Jetta-f26368d1ac181555db079d35f557e657.htm	24959 USD	2026 Pure White Volkswagen Jetta 1.5T Sport 1.5L I-4 DI DOHC Turbocharged For sale at Mankato Motors in Mankato Minnesota.	https://pictures.web.dealer.com/m/mankatovw/0778/38638781819f2ba286160283089e6e6dx.jpg	in stock	NEW	OTHER	Vehicles & Parts > Vehicles > Motor Vehicles > Cars, Trucks & Vans	3VWBW7BU5TM061116	https://www.mankatomotors.com/new/Volkswagen/2026-Volkswagen-Jetta-f26368d1ac181555db079d35f557e657.htm?store={store_code}	WHITE	0 miles	Jetta	3VWBW7BU5TM061116	2026	24959 USD	MM100	24959 USD	MI	no	Jetta	No	Over 15k
3VVVC7B23TM059941	2026 Volkswagen Taos 1.5T SE	Volkswagen	https://www.mankatomotors.com/new/Volkswagen/2026-Volkswagen-Taos-4e81754fac1857715e05f4fd47362a9e.htm	31701 USD	2026 Pure White Volkswagen Taos 1.5T SE 1.5L I4 Turbocharged DOHC 16V LEV3-SULEV30 174hp For sale at Mankato Motors in Mankato Minnesota.	https://pictures.web.dealer.com/m/mankatovw/0302/906fd7bc990fddc11a2d78425c483975x.jpg	in stock	NEW	SUV	Vehicles & Parts > Vehicles > Motor Vehicles > Cars, Trucks & Vans	3VVVC7B23TM059941	https://www.mankatomotors.com/new/Volkswagen/2026-Volkswagen-Taos-4e81754fac1857715e05f4fd47362a9e.htm?store={store_code}	WHITE	0 miles	Taos	3VVVC7B23TM059941	2026	31701 USD	MM100	31701 USD	MI	no	Taos	No	Over 15k
3VVUC7B29TM084659	2026 Volkswagen Taos 1.5T SE	Volkswagen	https://www.mankatomotors.com/new/Volkswagen/2026-Volkswagen-Taos-c0a45ffcac18401abea45d0a22e563a2.htm	31106 USD	2026 Moss Volkswagen Taos 1.5T SE 1.5L I4 Turbocharged DOHC 16V LEV3-SULEV30 174hp For sale at Mankato Motors in Mankato Minnesota.	https://pictures.web.dealer.com/m/mankatovw/1459/438e902a4561e9712d8c4951b9742d74x.jpg	in stock	NEW	SUV	Vehicles & Parts > Vehicles > Motor Vehicles > Cars, Trucks & Vans	3VVUC7B29TM084659	https://www.mankatomotors.com/new/Volkswagen/2026-Volkswagen-Taos-c0a45ffcac18401abea45d0a22e563a2.htm?store={store_code}	GREEN	0 miles	Taos	3VVUC7B29TM084659	2026	31106 USD	MM100	31106 USD	MI	no	Taos	No	Over 15k
3VV4C7B26TM055314	2026 Volkswagen Taos 1.5T SEL	Volkswagen	https://www.mankatomotors.com/new/Volkswagen/2026-Volkswagen-Taos-e781d655ac18437cdf4a076dec3461f6.htm	35451 USD	2026 Platinum Gray Volkswagen Taos 1.5T SEL 1.5L I4 Turbocharged DOHC 16V LEV3-SULEV30 174hp For sale at Mankato Motors in Mankato Minnesota.	https://pictures.web.dealer.com/m/mankatovw/0967/c9d7345a9f32824b146e7a69861409b4x.jpg	in stock	NEW	SUV	Vehicles & Parts > Vehicles > Motor Vehicles > Cars, Trucks & Vans	3VV4C7B26TM055314	https://www.mankatomotors.com/new/Volkswagen/2026-Volkswagen-Taos-e781d655ac18437cdf4a076dec3461f6.htm?store={store_code}	WHITE	0 miles	Taos	3VV4C7B26TM055314	2026	35451 USD	MM100	35451 USD	MI	no	Taos	No	Over 15k
3VVMR7RM2TM164018	2026 Volkswagen Tiguan SE	Volkswagen	https://www.mankatomotors.com/new/Volkswagen/2026-Volkswagen-Tiguan-246a521eac181da0dd1bebc3687e51bd.htm	34904 USD	2026 Pure White Volkswagen Tiguan SE 2L TSI DOHC For sale at Mankato Motors in Mankato Minnesota.	https://pictures.web.dealer.com/m/mankatovw/0026/3b8500862e58bdf9dfdc6740a1636ba4x.jpg	in stock	NEW	SUV	Vehicles & Parts > Vehicles > Motor Vehicles > Cars, Trucks & Vans	3VVMR7RM2TM164018	https://www.mankatomotors.com/new/Volkswagen/2026-Volkswagen-Tiguan-246a521eac181da0dd1bebc3687e51bd.htm?store={store_code}	WHITE	0 miles	Tiguan	3VVMR7RM2TM164018	2026	34904 USD	MM100	34904 USD	MI	no	Tiguan	No	Over 15k
3VVMR7RM3TM167803	2026 Volkswagen Tiguan SE	Volkswagen	https://www.mankatomotors.com/new/Volkswagen/2026-Volkswagen-Tiguan-4876797aac181e63234f4fee17174b5c.htm	35016 USD	2026 Blue Volkswagen Tiguan SE 2L TSI DOHC For sale at Mankato Motors in Mankato Minnesota.	https://pictures.web.dealer.com/m/mankatovw/0553/ed32862edd91e3ad9e18d50a970ae93ex.jpg	in stock	NEW	SUV	Vehicles & Parts > Vehicles > Motor Vehicles > Cars, Trucks & Vans	3VVMR7RM3TM167803	https://www.mankatomotors.com/new/Volkswagen/2026-Volkswagen-Tiguan-4876797aac181e63234f4fee17174b5c.htm?store={store_code}	BLUE	0 miles	Tiguan	3VVMR7RM3TM167803	2026	35016 USD	MM100	35016 USD	MI	no	Tiguan	No	Over 15k
3VVBR7RM2TM040015	2026 Volkswagen Tiguan S	Volkswagen	https://www.mankatomotors.com/new/Volkswagen/2026-Volkswagen-Tiguan-4b1905a6ac1829ba410fbf7986e077fd.htm	30903 USD	2026 Platinum Gray Volkswagen Tiguan S 2L TSI DOHC For sale at Mankato Motors in Mankato Minnesota.	https://pictures.web.dealer.com/m/mankatovw/1741/1426c6558794611a7461fd70fc3f52c7x.jpg	in stock	NEW	SUV	Vehicles & Parts > Vehicles > Motor Vehicles > Cars, Trucks & Vans	3VVBR7RM2TM040015	https://www.mankatomotors.com/new/Volkswagen/2026-Volkswagen-Tiguan-4b1905a6ac1829ba410fbf7986e077fd.htm?store={store_code}	WHITE	0 miles	Tiguan	3VVBR7RM2TM040015	2026	30903 USD	MM100	30903 USD	MI	no	Tiguan	No	Over 15k
3VVGR7RM9TM051079	2026 Volkswagen Tiguan SE R-Line Black	Volkswagen	https://www.mankatomotors.com/new/Volkswagen/2026-Volkswagen-Tiguan-503fd819ac183d2e080a2562162ab015.htm	38021 USD	2026 Green Volkswagen Tiguan SE R-Line Black 2L TSI DOHC For sale at Mankato Motors in Mankato Minnesota.	https://pictures.web.dealer.com/m/mankatovw/0946/2144df08609c093140159c7e236801f0x.jpg	in stock	NEW	SUV	Vehicles & Parts > Vehicles > Motor Vehicles > Cars, Trucks & Vans	3VVGR7RM9TM051079	https://www.mankatomotors.com/new/Volkswagen/2026-Volkswagen-Tiguan-503fd819ac183d2e080a2562162ab015.htm?store={store_code}	GREEN	0 miles	Tiguan	3VVGR7RM9TM051079	2026	38021 USD	MM100	38021 USD	MI	no	Tiguan	No	Over 15k
3VVMR7RMXTM116766	2026 Volkswagen Tiguan SE	Volkswagen	https://www.mankatomotors.com/new/Volkswagen/2026-Volkswagen-Tiguan-547f378cac1828b62a7f52c8af3e9db6.htm	34852 USD	2026 Silver Volkswagen Tiguan SE 2L TSI DOHC For sale at Mankato Motors in Mankato Minnesota.	https://pictures.web.dealer.com/m/mankatovw/0977/9b722abcae8cd32e4db5844efc1d6f99x.jpg	in stock	NEW	SUV	Vehicles & Parts > Vehicles > Motor Vehicles > Cars, Trucks & Vans	3VVMR7RMXTM116766	https://www.mankatomotors.com/new/Volkswagen/2026-Volkswagen-Tiguan-547f378cac1828b62a7f52c8af3e9db6.htm?store={store_code}	SILVER	0 miles	Tiguan	3VVMR7RMXTM116766	2026	34852 USD	MM100	34852 USD	MI	no	Tiguan	No	Over 15k
3VVMR7RM0TM118302	2026 Volkswagen Tiguan SE	Volkswagen	https://www.mankatomotors.com/new/Volkswagen/2026-Volkswagen-Tiguan-547f3a50ac182fab6af0ddda0d2dac2e.htm	34852 USD	2026 Black Pearl Volkswagen Tiguan SE 2L TSI DOHC For sale at Mankato Motors in Mankato Minnesota.	https://pictures.web.dealer.com/m/mankatovw/0749/9e3537cb615217954c2db0f77a9c8598x.jpg	in stock	NEW	SUV	Vehicles & Parts > Vehicles > Motor Vehicles > Cars, Trucks & Vans	3VVMR7RM0TM118302	https://www.mankatomotors.com/new/Volkswagen/2026-Volkswagen-Tiguan-547f3a50ac182fab6af0ddda0d2dac2e.htm?store={store_code}	BLACK	0 miles	Tiguan	3VVMR7RM0TM118302	2026	34852 USD	MM100	34852 USD	MI	no	Tiguan	No	Over 15k
3VVGR7RM3TM146642	2026 Volkswagen Tiguan SE R-Line Black	Volkswagen	https://www.mankatomotors.com/new/Volkswagen/2026-Volkswagen-Tiguan-6a960c48ac18013719a6da346c73f064.htm	36879 USD	2026 Black Pearl Volkswagen Tiguan SE R-Line Black 2L TSI DOHC For sale at Mankato Motors in Mankato Minnesota.	https://pictures.web.dealer.com/m/mankatovw/0165/45ce14e6349a80151f1d09dadcca45f3x.jpg	in stock	NEW	SUV	Vehicles & Parts > Vehicles > Motor Vehicles > Cars, Trucks & Vans	3VVGR7RM3TM146642	https://www.mankatomotors.com/new/Volkswagen/2026-Volkswagen-Tiguan-6a960c48ac18013719a6da346c73f064.htm?store={store_code}	BLACK	0 miles	Tiguan	3VVGR7RM3TM146642	2026	36879 USD	MM100	36879 USD	MI	no	Tiguan	No	Over 15k
3VVUW7RM5TM171070	2026 Volkswagen Tiguan SEL R-Line Turbo	Volkswagen	https://www.mankatomotors.com/new/Volkswagen/2026-Volkswagen-Tiguan-90212dd5ac184a05714d921de6f56583.htm	46591 USD	2026 Green Volkswagen Tiguan SEL R-Line Turbo 2L Turbocharged For sale at Mankato Motors in Mankato Minnesota.	https://pictures.web.dealer.com/m/mankatovw/0462/7c1e5feac60a7618e27889e436ec7d45x.jpg	in stock	NEW	SUV	Vehicles & Parts > Vehicles > Motor Vehicles > Cars, Trucks & Vans	3VVUW7RM5TM171070	https://www.mankatomotors.com/new/Volkswagen/2026-Volkswagen-Tiguan-90212dd5ac184a05714d921de6f56583.htm?store={store_code}	GREEN	0 miles	Tiguan	3VVUW7RM5TM171070	2026	46591 USD	MM100	46591 USD	MI	no	Tiguan	No	Over 15k
3VVER7RMXTM147147	2026 Volkswagen Tiguan SE	Volkswagen	https://www.mankatomotors.com/new/Volkswagen/2026-Volkswagen-Tiguan-995ef3e2ac181c46cdfd0dfe488bae77.htm	33793 USD	2026 Blue Volkswagen Tiguan SE 2L TSI DOHC For sale at Mankato Motors in Mankato Minnesota.	https://pictures.web.dealer.com/m/mankatovw/0252/4842b4089aaf8c07010dd96784d15468x.jpg	in stock	NEW	SUV	Vehicles & Parts > Vehicles > Motor Vehicles > Cars, Trucks & Vans	3VVER7RMXTM147147	https://www.mankatomotors.com/new/Volkswagen/2026-Volkswagen-Tiguan-995ef3e2ac181c46cdfd0dfe488bae77.htm?store={store_code}	BLUE	0 miles	Tiguan	3VVER7RMXTM147147	2026	33793 USD	MM100	33793 USD	MI	no	Tiguan	No	Over 15k
3VVMR7RMXTM129663	2026 Volkswagen Tiguan SE	Volkswagen	https://www.mankatomotors.com/new/Volkswagen/2026-Volkswagen-Tiguan-b19f5a71ac181b0cf8a8f22fec355eb4.htm	35213 USD	2026 Silver Volkswagen Tiguan SE 2L TSI DOHC For sale at Mankato Motors in Mankato Minnesota.	https://pictures.web.dealer.com/m/mankatovw/1662/43799aeffcb40ef25fb3e9f8a1e50b39x.jpg	in stock	NEW	SUV	Vehicles & Parts > Vehicles > Motor Vehicles > Cars, Trucks & Vans	3VVMR7RMXTM129663	https://www.mankatomotors.com/new/Volkswagen/2026-Volkswagen-Tiguan-b19f5a71ac181b0cf8a8f22fec355eb4.htm?store={store_code}	SILVER	0 miles	Tiguan	3VVMR7RMXTM129663	2026	35213 USD	MM100	35213 USD	MI	no	Tiguan	No	Over 15k
3VVMR7RM3TM131481	2026 Volkswagen Tiguan SE	Volkswagen	https://www.mankatomotors.com/new/Volkswagen/2026-Volkswagen-Tiguan-c0a46102ac184b703a7f6e3f1e787602.htm	34713 USD	2026 Black Pearl Volkswagen Tiguan SE 2L TSI DOHC For sale at Mankato Motors in Mankato Minnesota.	https://pictures.web.dealer.com/m/mankatovw/1101/f9b1d5628ad5fbe0ebceb91d3ae832eax.jpg	in stock	NEW	SUV	Vehicles & Parts > Vehicles > Motor Vehicles > Cars, Trucks & Vans	3VVMR7RM3TM131481	https://www.mankatomotors.com/new/Volkswagen/2026-Volkswagen-Tiguan-c0a46102ac184b703a7f6e3f1e787602.htm?store={store_code}	BLACK	0 miles	Tiguan	3VVMR7RM3TM131481	2026	34713 USD	MM100	34713 USD	MI	no	Tiguan	No	Over 15k
3VVMR7RM2TM131942	2026 Volkswagen Tiguan SE	Volkswagen	https://www.mankatomotors.com/new/Volkswagen/2026-Volkswagen-Tiguan-f492f017ac1855c3e43e5f2be0c1b087.htm	34713 USD	2026 Black Pearl Volkswagen Tiguan SE 2L TSI DOHC For sale at Mankato Motors in Mankato Minnesota.	https://pictures.web.dealer.com/m/mankatovw/0462/7c1e5feac60a7618e27889e436ec7d45x.jpg	in stock	NEW	SUV	Vehicles & Parts > Vehicles > Motor Vehicles > Cars, Trucks & Vans	3VVMR7RM2TM131942	https://www.mankatomotors.com/new/Volkswagen/2026-Volkswagen-Tiguan-f492f017ac1855c3e43e5f2be0c1b087.htm?store={store_code}	BLACK	0 miles	Tiguan	3VVMR7RM2TM131942	2026	34713 USD	MM100	34713 USD	MI	no	Tiguan	No	Over 15k
3VVGR7RM6TM158798	2026 Volkswagen Tiguan SE R-Line Black	Volkswagen	https://www.mankatomotors.com/new/Volkswagen/2026-Volkswagen-Tiguan-f61134c1ac183894c9dd0fae7ab29b8c.htm	38351 USD	2026 Blue Volkswagen Tiguan SE R-Line Black 2L TSI DOHC For sale at Mankato Motors in Mankato Minnesota.	https://pictures.web.dealer.com/m/mankatovw/1922/93c10fd9a6468ff3a1c8e1261566e5a7x.jpg	in stock	NEW	SUV	Vehicles & Parts > Vehicles > Motor Vehicles > Cars, Trucks & Vans	3VVGR7RM6TM158798	https://www.mankatomotors.com/new/Volkswagen/2026-Volkswagen-Tiguan-f61134c1ac183894c9dd0fae7ab29b8c.htm?store={store_code}	BLUE	0 miles	Tiguan	3VVGR7RM6TM158798	2026	38351 USD	MM100	38351 USD	MI	no	Tiguan	No	Over 15k
3VVBR7RM4TM153643	2026 Volkswagen Tiguan S	Volkswagen	https://www.mankatomotors.com/new/Volkswagen/2026-Volkswagen-Tiguan-fac747eaac185c3035c89e230178e1c0.htm	31015 USD	2026 Black Pearl Volkswagen Tiguan S 2L TSI DOHC For sale at Mankato Motors in Mankato Minnesota.	https://pictures.web.dealer.com/m/mankatovw/0334/c6f6c4b46cb8748e7f4f8ff48924fc8ex.jpg	in stock	NEW	SUV	Vehicles & Parts > Vehicles > Motor Vehicles > Cars, Trucks & Vans	3VVBR7RM4TM153643	https://www.mankatomotors.com/new/Volkswagen/2026-Volkswagen-Tiguan-fac747eaac185c3035c89e230178e1c0.htm?store={store_code}	BLACK	0 miles	Tiguan	3VVBR7RM4TM153643	2026	31015 USD	MM100	31015 USD	MI	no	Tiguan	No	Over 15k
1V2J53DH9VC500587	2027 Volkswagen Atlas SE w/Technology	Volkswagen	https://www.mankatomotors.com/new/Volkswagen/2027-Volkswagen-Atlas-66ea2b7cac185b7043adb35bc9913715.htm	51450 USD	2027 Deep Black Volkswagen Atlas SE w/Technology 2L 4-Cylinder DOHC 16V For sale at Mankato Motors in Mankato Minnesota.	https://images.dealer.com/unavailable_stockphoto.png	in stock	NEW	SUV	Vehicles & Parts > Vehicles > Motor Vehicles > Cars, Trucks & Vans	1V2J53DH9VC500587	https://www.mankatomotors.com/new/Volkswagen/2027-Volkswagen-Atlas-66ea2b7cac185b7043adb35bc9913715.htm?store={store_code}	BLACK	0 miles	Atlas	1V2J53DH9VC500587	2027	51450 USD	MM100	51450 USD	MI	no	Atlas	No	Over 15k
1V2F53DHXVC501558	2027 Volkswagen Atlas SEL Premium R-Line	Volkswagen	https://www.mankatomotors.com/new/Volkswagen/2027-Volkswagen-Atlas-66ea2f0fac1849bfafd15ef5c77a961a.htm	59832 USD	2027 Deep Black Volkswagen Atlas SEL Premium R-Line 2L 4-Cylinder DOHC 16V For sale at Mankato Motors in Mankato Minnesota.	https://images.dealer.com/unavailable_stockphoto.png	in stock	NEW	SUV	Vehicles & Parts > Vehicles > Motor Vehicles > Cars, Trucks & Vans	1V2F53DHXVC501558	https://www.mankatomotors.com/new/Volkswagen/2027-Volkswagen-Atlas-66ea2f0fac1849bfafd15ef5c77a961a.htm?store={store_code}	BLACK	0 miles	Atlas	1V2F53DHXVC501558	2027	59832 USD	MM100	59832 USD	MI	no	Atlas	No	Over 15k
1V2C53DH4VC503132	2027 Volkswagen Atlas SEL	Volkswagen	https://www.mankatomotors.com/new/Volkswagen/2027-Volkswagen-Atlas-66ea3414ac185b7043adb35b5aa97930.htm	54637 USD	2027 Silver Mist Volkswagen Atlas SEL 2L 4-Cylinder DOHC 16V For sale at Mankato Motors in Mankato Minnesota.	https://images.dealer.com/unavailable_stockphoto.png	in stock	NEW	SUV	Vehicles & Parts > Vehicles > Motor Vehicles > Cars, Trucks & Vans	1V2C53DH4VC503132	https://www.mankatomotors.com/new/Volkswagen/2027-Volkswagen-Atlas-66ea3414ac185b7043adb35b5aa97930.htm?store={store_code}	SILVER	0 miles	Atlas	1V2C53DH4VC503132	2027	54637 USD	MM100	54637 USD	MI	no	Atlas	No	Over 15k
3VW2M7BU9VM010372	2027 Volkswagen Jetta GLI 2.0T Autobahn	Volkswagen	https://www.mankatomotors.com/new/Volkswagen/2027-Volkswagen-Jetta-GLI-6c12713aac18278e4c624abaf704ef5a.htm	37146 USD	2027 Gray Black Volkswagen Jetta GLI 2.0T Autobahn 2L TSI DOHC For sale at Mankato Motors in Mankato Minnesota.	https://pictures.web.dealer.com/m/mankatovw/1829/54659a42d8628d8c09d1ad0883f56d6fx.jpg	in stock	NEW	OTHER	Vehicles & Parts > Vehicles > Motor Vehicles > Cars, Trucks & Vans	3VW2M7BU9VM010372	https://www.mankatomotors.com/new/Volkswagen/2027-Volkswagen-Jetta-GLI-6c12713aac18278e4c624abaf704ef5a.htm?store={store_code}	BLACK	0 miles	Jetta GLI	3VW2M7BU9VM010372	2027	37146 USD	MM100	37146 USD	MI	no	Jetta GLI	No	Over 15k
3VV4D7B27VM013217	2027 Volkswagen Taos 1.5T SEL	Volkswagen	https://www.mankatomotors.com/new/Volkswagen/2027-Volkswagen-Taos-66ea2fffac183b721f3e0223bb51f45f.htm	37776 USD	2027 Pure White Volkswagen Taos 1.5T SEL 1.5L I4 Turbocharged DOHC 16V LEV3-SULEV30 174hp For sale at Mankato Motors in Mankato Minnesota.	https://pictures.web.dealer.com/m/mankatovw/1894/e6895cec81ead87d79a2c9a11db383a9x.jpg	in stock	NEW	SUV	Vehicles & Parts > Vehicles > Motor Vehicles > Cars, Trucks & Vans	3VV4D7B27VM013217	https://www.mankatomotors.com/new/Volkswagen/2027-Volkswagen-Taos-66ea2fffac183b721f3e0223bb51f45f.htm?store={store_code}	WHITE	0 miles	Taos	3VV4D7B27VM013217	2027	37776 USD	MM100	37776 USD	MI	no	Taos	No	Over 15k
3VV2D7B29VM000153	2027 Volkswagen Taos 1.5T SE Black	Volkswagen	https://www.mankatomotors.com/new/Volkswagen/2027-Volkswagen-Taos-6c127048ac18112a917d9609766591e6.htm	34721 USD	2027 Deep Black Volkswagen Taos 1.5T SE Black 1.5L I4 Turbocharged DOHC 16V LEV3-SULEV30 174hp For sale at Mankato Motors in Mankato Minnesota.	https://pictures.web.dealer.com/m/mankatovw/0437/9a2ea138850494b00a71f8f20b4302cbx.jpg	in stock	NEW	SUV	Vehicles & Parts > Vehicles > Motor Vehicles > Cars, Trucks & Vans	3VV2D7B29VM000153	https://www.mankatomotors.com/new/Volkswagen/2027-Volkswagen-Taos-6c127048ac18112a917d9609766591e6.htm?store={store_code}	BLACK	0 miles	Taos	3VV2D7B29VM000153	2027	34721 USD	MM100	34721 USD	MI	no	Taos	No	Over 15k
1G4PR5SK2F4189070	2015 Buick Verano Convenience Group	Buick	https://www.mankatomotors.com/used/Buick/2015-Buick-Verano-216d6a2fac1827bd9540ac67d8a15f1a.htm	11139 USD	2015 Crystal Red Tintcoat Buick Verano Convenience Group 2.4L i-4 For sale at Mankato Motors in Mankato Minnesota.	https://pictures.web.dealer.com/m/mankatochevrolet/0360/e9f37a3e0b52a95c553254d0a4d1e0e6x.jpg	in stock	USED	OTHER	Vehicles & Parts > Vehicles > Motor Vehicles > Cars, Trucks & Vans	1G4PR5SK2F4189070	https://www.mankatomotors.com/used/Buick/2015-Buick-Verano-216d6a2fac1827bd9540ac67d8a15f1a.htm?store={store_code}	RED	85892 miles	Verano	1G4PR5SK2F4189070	2015	11139 USD	MM100	11139 USD	MI	no	Verano	No	Under 15k
1G1YY22G1W5104518	1998 Chevrolet Corvette Base	Chevrolet	https://www.mankatomotors.com/used/Chevrolet/1998-Chevrolet-Corvette-46f55a1eac1802934a2c939f52c0c66c.htm	16339 USD	1998 Torch Red Chevrolet Corvette Base 5.7L V-8 For sale at Mankato Motors in Mankato Minnesota.	https://pictures.web.dealer.com/m/mankatochevrolet/1965/0cb3bdc5029bf3bbd2051863f2a3ce96x.jpg	in stock	USED	OTHER	Vehicles & Parts > Vehicles > Motor Vehicles > Cars, Trucks & Vans	1G1YY22G1W5104518	https://www.mankatomotors.com/used/Chevrolet/1998-Chevrolet-Corvette-46f55a1eac1802934a2c939f52c0c66c.htm?store={store_code}	RED	66170 miles	Corvette	1G1YY22G1W5104518	1998	16339 USD	MM100	16339 USD	MI	no	Corvette	No	Over 15k
1GC1KYC81BF253293	2011 Chevrolet Silverado 2500HD LTZ	Chevrolet	https://www.mankatomotors.com/used/Chevrolet/2011-Chevrolet-Silverado-2500HD-fcb05186ac184769a7e64763b09157a2.htm	25339 USD	2011 Summit White Chevrolet Silverado 2500HD LTZ 6.6L V-8 Diesel For sale at Mankato Motors in Mankato Minnesota.	https://pictures.web.dealer.com/m/mankatochevrolet/1039/bed218e1c9159029ac25d57bb5b04a29x.jpg	in stock	USED	TRUCK	Vehicles & Parts > Vehicles > Motor Vehicles > Cars, Trucks & Vans	1GC1KYC81BF253293	https://www.mankatomotors.com/used/Chevrolet/2011-Chevrolet-Silverado-2500HD-fcb05186ac184769a7e64763b09157a2.htm?store={store_code}	WHITE	145019 miles	Silverado 2500HD	1GC1KYC81BF253293	2011	25339 USD	MM100	25339 USD	MI	no	Silverado 2500HD	No	Over 15k
2GNALBEK3F6239566	2015 Chevrolet Equinox LT	Chevrolet	https://www.mankatomotors.com/used/Chevrolet/2015-Chevrolet-Equinox-ac0e2c3fac1804415d9b37e01eee1d2d.htm	8339 USD	2015 Champagne Silver Metallic Chevrolet Equinox LT 2.4L i-4 For sale at Mankato Motors in Mankato Minnesota.	https://pictures.web.dealer.com/m/mankatonissan/0128/045a4d4d104e5f2241096b90072737a6x.jpg	in stock	USED	SUV	Vehicles & Parts > Vehicles > Motor Vehicles > Cars, Trucks & Vans	2GNALBEK3F6239566	https://www.mankatomotors.com/used/Chevrolet/2015-Chevrolet-Equinox-ac0e2c3fac1804415d9b37e01eee1d2d.htm?store={store_code}	SILVER	141875 miles	Equinox	2GNALBEK3F6239566	2015	8339 USD	MM100	8339 USD	MI	no	Equinox	No	Under 15k
2G1WC5E30F1156434	2015 Chevrolet Impala Limited LTZ	Chevrolet	https://www.mankatomotors.com/used/Chevrolet/2015-Chevrolet-Impala-Limited-f260cf43ac185554d25bbe284dd0b3e6.htm	13039 USD	2015 Summit White Chevrolet Impala Limited LTZ 3.6L V-6 For sale at Mankato Motors in Mankato Minnesota.	https://pictures.web.dealer.com/m/mankatochevrolet/0877/236560fcf6ef0648724dcf856991c784x.jpg	in stock	USED	OTHER	Vehicles & Parts > Vehicles > Motor Vehicles > Cars, Trucks & Vans	2G1WC5E30F1156434	https://www.mankatomotors.com/used/Chevrolet/2015-Chevrolet-Impala-Limited-f260cf43ac185554d25bbe284dd0b3e6.htm?store={store_code}	WHITE	56597 miles	Impala Limited	2G1WC5E30F1156434	2015	13039 USD	MM100	13039 USD	MI	no	Impala Limited	No	Under 15k
3GCUKSEC8FG204334	2015 Chevrolet Silverado 1500 LTZ	Chevrolet	https://www.mankatomotors.com/used/Chevrolet/2015-Chevrolet-Silverado-1500-d83633e6ac185fa6e5f523fccc0236ee.htm	25839 USD	2015 Victory Red Chevrolet Silverado 1500 LTZ 5.3L V-8 For sale at Mankato Motors in Mankato Minnesota.	https://pictures.web.dealer.com/m/mankatochevrolet/0110/3c1612215ef71af95d97d5cb279b551ex.jpg	in stock	USED	TRUCK	Vehicles & Parts > Vehicles > Motor Vehicles > Cars, Trucks & Vans	3GCUKSEC8FG204334	https://www.mankatomotors.com/used/Chevrolet/2015-Chevrolet-Silverado-1500-d83633e6ac185fa6e5f523fccc0236ee.htm?store={store_code}	RED	72421 miles	Silverado 1500	3GCUKSEC8FG204334	2015	25839 USD	MM100	25839 USD	MI	no	Silverado 1500	No	Over 15k
3GCUKTECXFG182665	2015 Chevrolet Silverado 1500 High Country	Chevrolet	https://www.mankatomotors.com/used/Chevrolet/2015-Chevrolet-Silverado-1500-e28270faac1811ad7a6dbabb2c52c318.htm	19339 USD	2015 Deep Ruby Metallic Chevrolet Silverado 1500 High Country 5.3L V-8 For sale at Mankato Motors in Mankato Minnesota.	https://pictures.web.dealer.com/m/mankatochevrolet/1335/2b709cf81ab835c53a96379ae4d94b79x.jpg	in stock	USED	TRUCK	Vehicles & Parts > Vehicles > Motor Vehicles > Cars, Trucks & Vans	3GCUKTECXFG182665	https://www.mankatomotors.com/used/Chevrolet/2015-Chevrolet-Silverado-1500-e28270faac1811ad7a6dbabb2c52c318.htm?store={store_code}	RED	103237 miles	Silverado 1500	3GCUKTECXFG182665	2015	19339 USD	MM100	19339 USD	MI	no	Silverado 1500	No	Over 15k
1GC1KVEG6HF136501	2017 Chevrolet Silverado 2500HD LT	Chevrolet	https://www.mankatomotors.com/used/Chevrolet/2017-Chevrolet-Silverado-2500HD-189ae476ac1827da357610e2b439f778.htm	27339 USD	2017 Graphite Metallic Chevrolet Silverado 2500HD LT 6L V-8 For sale at Mankato Motors in Mankato Minnesota.	https://pictures.web.dealer.com/m/mankatochevrolet/1925/cb13a92ae9bfeef3aab0d950b6c589e5x.jpg	in stock	USED	TRUCK	Vehicles & Parts > Vehicles > Motor Vehicles > Cars, Trucks & Vans	1GC1KVEG6HF136501	https://www.mankatomotors.com/used/Chevrolet/2017-Chevrolet-Silverado-2500HD-189ae476ac1827da357610e2b439f778.htm?store={store_code}	GRAY	96352 miles	Silverado 2500HD	1GC1KVEG6HF136501	2017	27339 USD	MM100	27339 USD	MI	no	Silverado 2500HD	No	Over 15k
1GC4KZCG8JF174454	2018 Chevrolet Silverado 3500HD LT	Chevrolet	https://www.mankatomotors.com/used/Chevrolet/2018-Chevrolet-Silverado-3500HD-765f4f6dac1838ffae3a022ab973f460.htm	35000 USD	2018 Red Tintcoat Chevrolet Silverado 3500HD LT 6L V-8 For sale at Mankato Motors in Mankato Minnesota.	https://pictures.web.dealer.com/m/mankatovw/0297/012f83c891a6634bc3b573184e29b1fcx.jpg	in stock	USED	TRUCK	Vehicles & Parts > Vehicles > Motor Vehicles > Cars, Trucks & Vans	1GC4KZCG8JF174454	https://www.mankatomotors.com/used/Chevrolet/2018-Chevrolet-Silverado-3500HD-765f4f6dac1838ffae3a022ab973f460.htm?store={store_code}	RED	71907 miles	Silverado 3500HD	1GC4KZCG8JF174454	2018	35000 USD	MM100	35000 USD	MI	no	Silverado 3500HD	No	Over 15k
1GNEVHKW8JJ102625	2018 Chevrolet Traverse 3LT	Chevrolet	https://www.mankatomotors.com/used/Chevrolet/2018-Chevrolet-Traverse-5a1021aeac184fb5b994269c77e7664e.htm	9699 USD	2018 Graphite Metallic Chevrolet Traverse 3LT 3.6L V-6 For sale at Mankato Motors in Mankato Minnesota.	https://pictures.web.dealer.com/m/mankatochevrolet/0991/f43f6073afac851b99f346179e181c40x.jpg	in stock	USED	SUV	Vehicles & Parts > Vehicles > Motor Vehicles > Cars, Trucks & Vans	1GNEVHKW8JJ102625	https://www.mankatomotors.com/used/Chevrolet/2018-Chevrolet-Traverse-5a1021aeac184fb5b994269c77e7664e.htm?store={store_code}	GRAY	209254 miles	Traverse	1GNEVHKW8JJ102625	2018	9699 USD	MM100	9699 USD	MI	no	Traverse	No	Under 15k
1GCUYGED4KZ256588	2019 Chevrolet Silverado 1500 LTZ	Chevrolet	https://www.mankatomotors.com/used/Chevrolet/2019-Chevrolet-Silverado-1500-7137b4aeac183b721f3e02238ecf3d76.htm	32000 USD	2019 Summit White Chevrolet Silverado 1500 LTZ 5.3L V-8 For sale at Mankato Motors in Mankato Minnesota.	https://pictures.web.dealer.com/m/mankatochevrolet/0189/2f850ffc98d389d6ca27923983adc5d3x.jpg	in stock	USED	TRUCK	Vehicles & Parts > Vehicles > Motor Vehicles > Cars, Trucks & Vans	1GCUYGED4KZ256588	https://www.mankatomotors.com/used/Chevrolet/2019-Chevrolet-Silverado-1500-7137b4aeac183b721f3e02238ecf3d76.htm?store={store_code}	WHITE	77663 miles	Silverado 1500	1GCUYGED4KZ256588	2019	32000 USD	MM100	32000 USD	MI	no	Silverado 1500	No	Over 15k
1GNSKJKC7KR183709	2019 Chevrolet Suburban Premier	Chevrolet	https://www.mankatomotors.com/used/Chevrolet/2019-Chevrolet-Suburban-291f4b0aac1832e951f5fea78da7d3ca.htm	33000 USD	2019 Shadow Gray Metallic Chevrolet Suburban Premier 5.3L V-8 For sale at Mankato Motors in Mankato Minnesota.	https://pictures.web.dealer.com/m/mankatochevrolet/1551/9a120621f87aa29b1d6ee5c05f210010x.jpg	in stock	USED	SUV	Vehicles & Parts > Vehicles > Motor Vehicles > Cars, Trucks & Vans	1GNSKJKC7KR183709	https://www.mankatomotors.com/used/Chevrolet/2019-Chevrolet-Suburban-291f4b0aac1832e951f5fea78da7d3ca.htm?store={store_code}	GRAY	98131 miles	Suburban	1GNSKJKC7KR183709	2019	33000 USD	MM100	33000 USD	MI	no	Suburban	No	Over 15k
3GNCJRSB8KL217015	2019 Chevrolet Trax Premier	Chevrolet	https://www.mankatomotors.com/used/Chevrolet/2019-Chevrolet-Trax-d3104f4cac18317c333ce9bda9cca861.htm	13339 USD	2019 Pacific Blue Metallic Chevrolet Trax Premier 1.4L i-4 For sale at Mankato Motors in Mankato Minnesota.	https://pictures.web.dealer.com/m/mankatochevrolet/1202/d49f549e727ff232b3de52b4076751d8x.jpg	in stock	USED	SUV	Vehicles & Parts > Vehicles > Motor Vehicles > Cars, Trucks & Vans	3GNCJRSB8KL217015	https://www.mankatomotors.com/used/Chevrolet/2019-Chevrolet-Trax-d3104f4cac18317c333ce9bda9cca861.htm?store={store_code}	BLUE	102488 miles	Trax	3GNCJRSB8KL217015	2019	13339 USD	MM100	13339 USD	MI	no	Trax	No	Under 15k
1GC4YTE79LF211989	2020 Chevrolet Silverado 3500HD LT	Chevrolet	https://www.mankatomotors.com/used/Chevrolet/2020-Chevrolet-Silverado-3500HD-52515d7eac180b7620d871aea9606c78.htm	35000 USD	2020 Summit White Chevrolet Silverado 3500HD LT 6.6L V-8 For sale at Mankato Motors in Mankato Minnesota.	https://pictures.web.dealer.com/m/mankatochevrolet/1178/703ff96396911c4c90fb5a1405c30136x.jpg	in stock	USED	TRUCK	Vehicles & Parts > Vehicles > Motor Vehicles > Cars, Trucks & Vans	1GC4YTE79LF211989	https://www.mankatomotors.com/used/Chevrolet/2020-Chevrolet-Silverado-3500HD-52515d7eac180b7620d871aea9606c78.htm?store={store_code}	WHITE	128535 miles	Silverado 3500HD	1GC4YTE79LF211989	2020	35000 USD	MM100	35000 USD	MI	no	Silverado 3500HD	No	Over 15k
1GCGTCEN4M1293302	2021 Chevrolet Colorado LT	Chevrolet	https://www.mankatomotors.com/used/Chevrolet/2021-Chevrolet-Colorado-dbe0e4aeac18003fe20877a20c0e55df.htm	24000 USD	2021 Cherry Red Tintcoat Chevrolet Colorado LT 3.6L V-6 For sale at Mankato Motors in Mankato Minnesota.	https://pictures.web.dealer.com/m/mankatochevrolet/1055/2c4d8d5f67c160e86364ae9f9b0cf473x.jpg	in stock	USED	TRUCK	Vehicles & Parts > Vehicles > Motor Vehicles > Cars, Trucks & Vans	1GCGTCEN4M1293302	https://www.mankatomotors.com/used/Chevrolet/2021-Chevrolet-Colorado-dbe0e4aeac18003fe20877a20c0e55df.htm?store={store_code}	RED	99037 miles	Colorado	1GCGTCEN4M1293302	2021	24000 USD	MM100	24000 USD	MI	no	Colorado	No	Over 15k
2GNAXUEV1M6100088	2021 Chevrolet Equinox LT	Chevrolet	https://www.mankatomotors.com/used/Chevrolet/2021-Chevrolet-Equinox-f71b7cfbac181555db079d35acf6f2a2.htm	18339 USD	2021 Black Metallic Chevrolet Equinox LT 1.5L Other For sale at Mankato Motors in Mankato Minnesota.	https://pictures.web.dealer.com/m/mankatochevrolet/0085/8e91c6c9aec99d73ca6375d48a596503x.jpg	in stock	USED	SUV	Vehicles & Parts > Vehicles > Motor Vehicles > Cars, Trucks & Vans	2GNAXUEV1M6100088	https://www.mankatomotors.com/used/Chevrolet/2021-Chevrolet-Equinox-f71b7cfbac181555db079d35acf6f2a2.htm?store={store_code}	BLACK	72352 miles	Equinox	2GNAXUEV1M6100088	2021	18339 USD	MM100	18339 USD	MI	no	Equinox	No	Over 15k
3GCPYFED6MG363734	2021 Chevrolet Silverado 1500 LT Trail Boss	Chevrolet	https://www.mankatomotors.com/used/Chevrolet/2021-Chevrolet-Silverado-1500-057f9259ac1829bdcb8ca515aa46053b.htm	32000 USD	2021 Cherry Red Tintcoat Chevrolet Silverado 1500 LT Trail Boss 5.3L V-8 For sale at Mankato Motors in Mankato Minnesota.	https://pictures.web.dealer.com/m/mankatochevrolet/0143/7e2b608d2d283268b0a7d7be748e54f1x.jpg	in stock	USED	TRUCK	Vehicles & Parts > Vehicles > Motor Vehicles > Cars, Trucks & Vans	3GCPYFED6MG363734	https://www.mankatomotors.com/used/Chevrolet/2021-Chevrolet-Silverado-1500-057f9259ac1829bdcb8ca515aa46053b.htm?store={store_code}	RED	91879 miles	Silverado 1500	3GCPYFED6MG363734	2021	32000 USD	MM100	32000 USD	MI	no	Silverado 1500	No	Over 15k
1GNSKGKL6MR155146	2021 Chevrolet Suburban High Country	Chevrolet	https://www.mankatomotors.com/used/Chevrolet/2021-Chevrolet-Suburban-291f54b7ac1829bdac25aaf1ed3562e1.htm	47799 USD	2021 Black Chevrolet Suburban High Country 6.2L V-8 For sale at Mankato Motors in Mankato Minnesota.	https://pictures.web.dealer.com/m/mankatochevrolet/0484/5d2049e4571bbbb5867b07e1c184541ax.jpg	in stock	USED	SUV	Vehicles & Parts > Vehicles > Motor Vehicles > Cars, Trucks & Vans	1GNSKGKL6MR155146	https://www.mankatomotors.com/used/Chevrolet/2021-Chevrolet-Suburban-291f54b7ac1829bdac25aaf1ed3562e1.htm?store={store_code}	BLACK	58199 miles	Suburban	1GNSKGKL6MR155146	2021	47799 USD	MM100	47799 USD	MI	no	Suburban	No	Over 15k
1GNSKNKD0MR139361	2021 Chevrolet Tahoe LT	Chevrolet	https://www.mankatomotors.com/used/Chevrolet/2021-Chevrolet-Tahoe-743d1563ac185f33af721217b4f2946e.htm	36000 USD	2021 Cherry Red Chevrolet Tahoe LT 5.3L V-8 For sale at Mankato Motors in Mankato Minnesota.	https://pictures.web.dealer.com/m/mankatochevrolet/1046/d297ff8e37d3a7c4f8407f1db1fadfd4x.jpg	in stock	USED	SUV	Vehicles & Parts > Vehicles > Motor Vehicles > Cars, Trucks & Vans	1GNSKNKD0MR139361	https://www.mankatomotors.com/used/Chevrolet/2021-Chevrolet-Tahoe-743d1563ac185f33af721217b4f2946e.htm?store={store_code}	RED	90132 miles	Tahoe	1GNSKNKD0MR139361	2021	36000 USD	MM100	36000 USD	MI	no	Tahoe	No	Over 15k
1GCGTDEN0N1221553	2022 Chevrolet Colorado Z71	Chevrolet	https://www.mankatomotors.com/used/Chevrolet/2022-Chevrolet-Colorado-d836353cac18317c333ce9bd27bcbb62.htm	35339 USD	2022 Bright Blue Metallic Chevrolet Colorado Z71 3.6L V-6 For sale at Mankato Motors in Mankato Minnesota.	https://pictures.web.dealer.com/m/mankatochevrolet/0493/7feaf68695356fc42fef1e65b96589bdx.jpg	in stock	USED	TRUCK	Vehicles & Parts > Vehicles > Motor Vehicles > Cars, Trucks & Vans	1GCGTDEN0N1221553	https://www.mankatomotors.com/used/Chevrolet/2022-Chevrolet-Colorado-d836353cac18317c333ce9bd27bcbb62.htm?store={store_code}	BLUE	10180 miles	Colorado	1GCGTDEN0N1221553	2022	35339 USD	MM100	35339 USD	MI	no	Colorado	No	Over 15k
1G1ZD5ST7NF120097	2022 Chevrolet Malibu LT	Chevrolet	https://www.mankatomotors.com/used/Chevrolet/2022-Chevrolet-Malibu-e2826d19ac18109a99ec7816b10d625d.htm	14839 USD	2022 Mosaic Black Metallic Chevrolet Malibu LT 1.5L Other For sale at Mankato Motors in Mankato Minnesota.	https://pictures.web.dealer.com/m/mankatochevrolet/1434/945046125fe01298eb1d4d2d47d063eax.jpg	in stock	USED	OTHER	Vehicles & Parts > Vehicles > Motor Vehicles > Cars, Trucks & Vans	1G1ZD5ST7NF120097	https://www.mankatomotors.com/used/Chevrolet/2022-Chevrolet-Malibu-e2826d19ac18109a99ec7816b10d625d.htm?store={store_code}	BLACK	98396 miles	Malibu	1G1ZD5ST7NF120097	2022	14839 USD	MM100	14839 USD	MI	no	Malibu	No	Under 15k
3GCUYGED8NG175033	2022 Chevrolet Silverado 1500 LTD LTZ	Chevrolet	https://www.mankatomotors.com/used/Chevrolet/2022-Chevrolet-Silverado-1500-LTD-2465a2e3ac1826798ad94e3bd9abb300.htm	35339 USD	2022 Summit White Chevrolet Silverado 1500 LTD LTZ 5.3L V-8 For sale at Mankato Motors in Mankato Minnesota.	https://pictures.web.dealer.com/m/mankatochevrolet/0359/b537f41ee47698bb5fe9218d8308c9e0x.jpg	in stock	USED	TRUCK	Vehicles & Parts > Vehicles > Motor Vehicles > Cars, Trucks & Vans	3GCUYGED8NG175033	https://www.mankatomotors.com/used/Chevrolet/2022-Chevrolet-Silverado-1500-LTD-2465a2e3ac1826798ad94e3bd9abb300.htm?store={store_code}	WHITE	76559 miles	Silverado 1500 LTD	3GCUYGED8NG175033	2022	35339 USD	MM100	35339 USD	MI	no	Silverado 1500 LTD	No	Over 15k
1GCPYFED3NZ167851	2022 Chevrolet Silverado 1500 LTD LT Trail Boss	Chevrolet	https://www.mankatomotors.com/used/Chevrolet/2022-Chevrolet-Silverado-1500-LTD-c6350e9bac184b703a7f6e3fa23ee009.htm	38000 USD	2022 Summit White Chevrolet Silverado 1500 LTD LT Trail Boss 5.3L V-8 For sale at Mankato Motors in Mankato Minnesota.	https://pictures.web.dealer.com/m/mankatochevrolet/0124/6a98216e8ce0365161499c53c9e16783x.jpg	in stock	USED	TRUCK	Vehicles & Parts > Vehicles > Motor Vehicles > Cars, Trucks & Vans	1GCPYFED3NZ167851	https://www.mankatomotors.com/used/Chevrolet/2022-Chevrolet-Silverado-1500-LTD-c6350e9bac184b703a7f6e3fa23ee009.htm?store={store_code}	WHITE	57916 miles	Silverado 1500 LTD	1GCPYFED3NZ167851	2022	38000 USD	MM100	38000 USD	MI	no	Silverado 1500 LTD	No	Over 15k
1GCUDGED9NZ517780	2022 Chevrolet Silverado 1500 LTZ	Chevrolet	https://www.mankatomotors.com/used/Chevrolet/2022-Chevrolet-Silverado-1500-b9bbdcb8ac1851979897d886feaf96b5.htm	40000 USD	2022 Cherry Red Tintcoat Chevrolet Silverado 1500 LTZ 5.3L V-8 For sale at Mankato Motors in Mankato Minnesota.	https://pictures.web.dealer.com/m/mankatochevrolet/1580/9e89fc131e979dc3151857c4641d0dfcx.jpg	in stock	USED	TRUCK	Vehicles & Parts > Vehicles > Motor Vehicles > Cars, Trucks & Vans	1GCUDGED9NZ517780	https://www.mankatomotors.com/used/Chevrolet/2022-Chevrolet-Silverado-1500-b9bbdcb8ac1851979897d886feaf96b5.htm?store={store_code}	RED	62648 miles	Silverado 1500	1GCUDGED9NZ517780	2022	40000 USD	MM100	40000 USD	MI	no	Silverado 1500	No	Over 15k
1GCUDDED2NZ621235	2022 Chevrolet Silverado 1500 LT	Chevrolet	https://www.mankatomotors.com/used/Chevrolet/2022-Chevrolet-Silverado-1500-c8c2f63dac1859095d9be20d28cf4805.htm	34799 USD	2022 Northsky Blue Metallic Chevrolet Silverado 1500 LT 5.3L V-8 For sale at Mankato Motors in Mankato Minnesota.	https://pictures.web.dealer.com/m/mankatochevrolet/0517/c5ce3efb7b917a7b2d5b900b18ce7035x.jpg	in stock	USED	TRUCK	Vehicles & Parts > Vehicles > Motor Vehicles > Cars, Trucks & Vans	1GCUDDED2NZ621235	https://www.mankatomotors.com/used/Chevrolet/2022-Chevrolet-Silverado-1500-c8c2f63dac1859095d9be20d28cf4805.htm?store={store_code}	BLUE	51644 miles	Silverado 1500	1GCUDDED2NZ621235	2022	34799 USD	MM100	34799 USD	MI	no	Silverado 1500	No	Over 15k
1GC1YME72NF347425	2022 Chevrolet Silverado 2500HD Custom	Chevrolet	https://www.mankatomotors.com/used/Chevrolet/2022-Chevrolet-Silverado-2500HD-4d98aa8dac181c35d475de4c41a0fd0e.htm	36339 USD	2022 Summit White Chevrolet Silverado 2500HD Custom 6.6L V-8 For sale at Mankato Motors in Mankato Minnesota.	https://pictures.web.dealer.com/m/mankatochevrolet/1854/79b16b3115e486542cd594a4bfa9f862x.jpg	in stock	USED	TRUCK	Vehicles & Parts > Vehicles > Motor Vehicles > Cars, Trucks & Vans	1GC1YME72NF347425	https://www.mankatomotors.com/used/Chevrolet/2022-Chevrolet-Silverado-2500HD-4d98aa8dac181c35d475de4c41a0fd0e.htm?store={store_code}	WHITE	96697 miles	Silverado 2500HD	1GC1YME72NF347425	2022	36339 USD	MM100	36339 USD	MI	no	Silverado 2500HD	No	Over 15k
1GC4YUEY3NF237246	2022 Chevrolet Silverado 3500HD LTZ	Chevrolet	https://www.mankatomotors.com/used/Chevrolet/2022-Chevrolet-Silverado-3500HD-60b3fc23ac1813cdd93b471364c4ef27.htm	47000 USD	2022 Cherry Red Chevrolet Silverado 3500HD LTZ 6.6L V-8 Diesel For sale at Mankato Motors in Mankato Minnesota.	https://pictures.web.dealer.com/m/mankatochevrolet/0260/c4829aec4d2edaf69bc45c78fa094e6ax.jpg	in stock	USED	TRUCK	Vehicles & Parts > Vehicles > Motor Vehicles > Cars, Trucks & Vans	1GC4YUEY3NF237246	https://www.mankatomotors.com/used/Chevrolet/2022-Chevrolet-Silverado-3500HD-60b3fc23ac1813cdd93b471364c4ef27.htm?store={store_code}	RED	91958 miles	Silverado 3500HD	1GC4YUEY3NF237246	2022	47000 USD	MM100	47000 USD	MI	no	Silverado 3500HD	No	Over 15k
1GNSKEKD3NR327616	2022 Chevrolet Suburban RST	Chevrolet	https://www.mankatomotors.com/used/Chevrolet/2022-Chevrolet-Suburban-dbe0dea6ac18051249bdee0096396693.htm	57339 USD	2022 Summit White Chevrolet Suburban RST 5.3L V-8 For sale at Mankato Motors in Mankato Minnesota.	https://pictures.web.dealer.com/m/mankatochevrolet/1219/2ea3e19d1cdb51502ea2069e86251555x.jpg	in stock	USED	SUV	Vehicles & Parts > Vehicles > Motor Vehicles > Cars, Trucks & Vans	1GNSKEKD3NR327616	https://www.mankatomotors.com/used/Chevrolet/2022-Chevrolet-Suburban-dbe0dea6ac18051249bdee0096396693.htm?store={store_code}	WHITE	38388 miles	Suburban	1GNSKEKD3NR327616	2022	57339 USD	MM100	57339 USD	MI	no	Suburban	No	Over 15k
KL79MTSL7NB014393	2022 Chevrolet Trailblazer RS	Chevrolet	https://www.mankatomotors.com/used/Chevrolet/2022-Chevrolet-Trailblazer-057f935fac184a64f5d1c0fe166a00de.htm	21339 USD	2022 Crimson Metallic Chevrolet Trailblazer RS 1.3L Other For sale at Mankato Motors in Mankato Minnesota.	https://pictures.web.dealer.com/m/mankatochevrolet/1361/3b747aa883fee0103b9926168a733fb8x.jpg	in stock	USED	SUV	Vehicles & Parts > Vehicles > Motor Vehicles > Cars, Trucks & Vans	KL79MTSL7NB014393	https://www.mankatomotors.com/used/Chevrolet/2022-Chevrolet-Trailblazer-057f935fac184a64f5d1c0fe166a00de.htm?store={store_code}	RED	42741 miles	Trailblazer	KL79MTSL7NB014393	2022	21339 USD	MM100	21339 USD	MI	no	Trailblazer	No	Over 15k
1GCUDEEL2PZ279415	2023 Chevrolet Silverado 1500 RST	Chevrolet	https://www.mankatomotors.com/used/Chevrolet/2023-Chevrolet-Silverado-1500-b6c1ec80ac1825efce1080f44d5b7dcd.htm	36339 USD	2023 Summit White Chevrolet Silverado 1500 RST 6.2L V-8 For sale at Mankato Motors in Mankato Minnesota.	https://pictures.web.dealer.com/m/mankatochevrolet/1577/246afe3d270dede27c965a3579ec3a75x.jpg	in stock	USED	TRUCK	Vehicles & Parts > Vehicles > Motor Vehicles > Cars, Trucks & Vans	1GCUDEEL2PZ279415	https://www.mankatomotors.com/used/Chevrolet/2023-Chevrolet-Silverado-1500-b6c1ec80ac1825efce1080f44d5b7dcd.htm?store={store_code}	WHITE	80318 miles	Silverado 1500	1GCUDEEL2PZ279415	2023	36339 USD	MM100	36339 USD	MI	no	Silverado 1500	No	Over 15k
1GCPTFEK8R1170343	2024 Chevrolet Colorado ZR2	Chevrolet	https://www.mankatomotors.com/used/Chevrolet/2024-Chevrolet-Colorado-87fa8debac18004bd121cf497c45800e.htm	40000 USD	2024 Summit White Chevrolet Colorado ZR2 2.7L i-4 For sale at Mankato Motors in Mankato Minnesota.	https://pictures.web.dealer.com/m/mankatochevrolet/1924/9450ecbb0fad29d83873f837ec37b97cx.jpg	in stock	USED	TRUCK	Vehicles & Parts > Vehicles > Motor Vehicles > Cars, Trucks & Vans	1GCPTFEK8R1170343	https://www.mankatomotors.com/used/Chevrolet/2024-Chevrolet-Colorado-87fa8debac18004bd121cf497c45800e.htm?store={store_code}	WHITE	38828 miles	Colorado	1GCPTFEK8R1170343	2024	40000 USD	MM100	40000 USD	MI	no	Colorado	No	Over 15k
3GNAXUEG4RL241385	2024 Chevrolet Equinox LT	Chevrolet	https://www.mankatomotors.com/used/Chevrolet/2024-Chevrolet-Equinox-765b5d64ac185ca9e7e2cb7fb7588efc.htm	24799 USD	2024 Sterling Gray Metallic Chevrolet Equinox LT 1.5L Other For sale at Mankato Motors in Mankato Minnesota.	https://pictures.web.dealer.com/m/mankatochevrolet/0583/b2b826c1b51e70cfb120baf92c5ebd69x.jpg	in stock	USED	SUV	Vehicles & Parts > Vehicles > Motor Vehicles > Cars, Trucks & Vans	3GNAXUEG4RL241385	https://www.mankatomotors.com/used/Chevrolet/2024-Chevrolet-Equinox-765b5d64ac185ca9e7e2cb7fb7588efc.htm?store={store_code}	SILVER	26722 miles	Equinox	3GNAXUEG4RL241385	2024	24799 USD	MM100	24799 USD	MI	no	Equinox	No	Over 15k
3GNAXUEG9RL212304	2024 Chevrolet Equinox LT	Chevrolet	https://www.mankatomotors.com/used/Chevrolet/2024-Chevrolet-Equinox-8b6271d8ac183b7231c29896d58f83d7.htm	22000 USD	2024 Sterling Gray Metallic Chevrolet Equinox LT 1.5L Other For sale at Mankato Motors in Mankato Minnesota.	https://pictures.web.dealer.com/m/mankatochevrolet/0498/4941bccd0e546524809bb88795dfc67ex.jpg	in stock	USED	SUV	Vehicles & Parts > Vehicles > Motor Vehicles > Cars, Trucks & Vans	3GNAXUEG9RL212304	https://www.mankatomotors.com/used/Chevrolet/2024-Chevrolet-Equinox-8b6271d8ac183b7231c29896d58f83d7.htm?store={store_code}	SILVER	67365 miles	Equinox	3GNAXUEG9RL212304	2024	22000 USD	MM100	22000 USD	MI	no	Equinox	No	Over 15k
3GNAXXEG1RL343762	2024 Chevrolet Equinox Premier	Chevrolet	https://www.mankatomotors.com/used/Chevrolet/2024-Chevrolet-Equinox-af02d2a5ac180edf8db7c817e286e689.htm	28000 USD	2024 Radiant Red Tintcoat Chevrolet Equinox Premier 1.5L Other For sale at Mankato Motors in Mankato Minnesota.	https://pictures.web.dealer.com/m/mankatochevrolet/0869/0eeaf1ef5b6774957908c3c2d9b8e52ax.jpg	in stock	USED	SUV	Vehicles & Parts > Vehicles > Motor Vehicles > Cars, Trucks & Vans	3GNAXXEG1RL343762	https://www.mankatomotors.com/used/Chevrolet/2024-Chevrolet-Equinox-af02d2a5ac180edf8db7c817e286e689.htm?store={store_code}	RED	25815 miles	Equinox	3GNAXXEG1RL343762	2024	28000 USD	MM100	28000 USD	MI	no	Equinox	No	Over 15k
2GCUDDED1R1143999	2024 Chevrolet Silverado 1500 LT	Chevrolet	https://www.mankatomotors.com/used/Chevrolet/2024-Chevrolet-Silverado-1500-b4969141ac18279fde168c3417e40c5a.htm	41000 USD	2024 Slate Gray Metallic Chevrolet Silverado 1500 LT 5.3L V-8 For sale at Mankato Motors in Mankato Minnesota.	https://pictures.web.dealer.com/m/mankatochevrolet/1942/48223719444cc89ed2572c1a3ac93303x.jpg	in stock	USED	TRUCK	Vehicles & Parts > Vehicles > Motor Vehicles > Cars, Trucks & Vans	2GCUDDED1R1143999	https://www.mankatomotors.com/used/Chevrolet/2024-Chevrolet-Silverado-1500-b4969141ac18279fde168c3417e40c5a.htm?store={store_code}	GRAY	18277 miles	Silverado 1500	2GCUDDED1R1143999	2024	41000 USD	MM100	41000 USD	MI	no	Silverado 1500	No	Over 15k
2GCUDGED9R1201424	2024 Chevrolet Silverado 1500 LTZ	Chevrolet	https://www.mankatomotors.com/used/Chevrolet/2024-Chevrolet-Silverado-1500-f71b7941ac184161c3469b75c7a61ac3.htm	43339 USD	2024 Black Chevrolet Silverado 1500 LTZ 5.3L V-8 For sale at Mankato Motors in Mankato Minnesota.	https://pictures.web.dealer.com/m/mankatochevrolet/1325/bc6b430788980fbca4ec0700bfd9debdx.jpg	in stock	USED	TRUCK	Vehicles & Parts > Vehicles > Motor Vehicles > Cars, Trucks & Vans	2GCUDGED9R1201424	https://www.mankatomotors.com/used/Chevrolet/2024-Chevrolet-Silverado-1500-f71b7941ac184161c3469b75c7a61ac3.htm?store={store_code}	BLACK	59387 miles	Silverado 1500	2GCUDGED9R1201424	2024	43339 USD	MM100	43339 USD	MI	no	Silverado 1500	No	Over 15k
1GC4YUEY5RF323731	2024 Chevrolet Silverado 3500HD LTZ	Chevrolet	https://www.mankatomotors.com/used/Chevrolet/2024-Chevrolet-Silverado-3500HD-1f3f3210ac18461266c5431844eaa6e2.htm	69339 USD	2024 Summit White Chevrolet Silverado 3500HD LTZ 6.6L V-8 Diesel For sale at Mankato Motors in Mankato Minnesota.	https://pictures.web.dealer.com/m/mankatochevrolet/0966/81370599aabaab472490266ca1ee2f0dx.jpg	in stock	USED	TRUCK	Vehicles & Parts > Vehicles > Motor Vehicles > Cars, Trucks & Vans	1GC4YUEY5RF323731	https://www.mankatomotors.com/used/Chevrolet/2024-Chevrolet-Silverado-3500HD-1f3f3210ac18461266c5431844eaa6e2.htm?store={store_code}	WHITE	4010 miles	Silverado 3500HD	1GC4YUEY5RF323731	2024	69339 USD	MM100	69339 USD	MI	no	Silverado 3500HD	No	Over 15k
1GC4YVEYXRF163139	2024 Chevrolet Silverado 3500HD High Country	Chevrolet	https://www.mankatomotors.com/used/Chevrolet/2024-Chevrolet-Silverado-3500HD-b9bbe12eac1840774efccaadfd13dacd.htm	62339 USD	2024 Radiant Red Tintcoat Chevrolet Silverado 3500HD High Country 6.6L V-8 Diesel For sale at Mankato Motors in Mankato Minnesota.	https://pictures.web.dealer.com/m/mankatochevrolet/0057/8599c818e3a0980aeef4a5149f6d9c4dx.jpg	in stock	USED	TRUCK	Vehicles & Parts > Vehicles > Motor Vehicles > Cars, Trucks & Vans	1GC4YVEYXRF163139	https://www.mankatomotors.com/used/Chevrolet/2024-Chevrolet-Silverado-3500HD-b9bbe12eac1840774efccaadfd13dacd.htm?store={store_code}	RED	70384 miles	Silverado 3500HD	1GC4YVEYXRF163139	2024	62339 USD	MM100	62339 USD	MI	no	Silverado 3500HD	No	Over 15k
2GC4YTE76R1119531	2024 Chevrolet Silverado 3500HD LT	Chevrolet	https://www.mankatomotors.com/used/Chevrolet/2024-Chevrolet-Silverado-3500HD-f71b7a71ac184161c3469b75147daeec.htm	53639 USD	2024 Black Chevrolet Silverado 3500HD LT 6.6L V-8 For sale at Mankato Motors in Mankato Minnesota.	https://pictures.web.dealer.com/m/mankatochevrolet/0194/680a6969afa67f97e25111ee2a5d7f0ex.jpg	in stock	USED	TRUCK	Vehicles & Parts > Vehicles > Motor Vehicles > Cars, Trucks & Vans	2GC4YTE76R1119531	https://www.mankatomotors.com/used/Chevrolet/2024-Chevrolet-Silverado-3500HD-f71b7a71ac184161c3469b75147daeec.htm?store={store_code}	BLACK	25818 miles	Silverado 3500HD	2GC4YTE76R1119531	2024	53639 USD	MM100	53639 USD	MI	no	Silverado 3500HD	No	Over 15k
1GNSKSKD8RR277705	2024 Chevrolet Tahoe Premier	Chevrolet	https://www.mankatomotors.com/used/Chevrolet/2024-Chevrolet-Tahoe-4fc7a6afac180b21af76d646a2915b69.htm	50000 USD	2024 Summit White Chevrolet Tahoe Premier 5.3L V-8 For sale at Mankato Motors in Mankato Minnesota.	https://pictures.web.dealer.com/m/mankatochevrolet/0377/b8f6c83b29354c9c52523b71861f82d6x.jpg	in stock	USED	SUV	Vehicles & Parts > Vehicles > Motor Vehicles > Cars, Trucks & Vans	1GNSKSKD8RR277705	https://www.mankatomotors.com/used/Chevrolet/2024-Chevrolet-Tahoe-4fc7a6afac180b21af76d646a2915b69.htm?store={store_code}	WHITE	64934 miles	Tahoe	1GNSKSKD8RR277705	2024	50000 USD	MM100	50000 USD	MI	no	Tahoe	No	Over 15k
1GNSKPKD4RR365955	2024 Chevrolet Tahoe Z71	Chevrolet	https://www.mankatomotors.com/used/Chevrolet/2024-Chevrolet-Tahoe-bf2f5c6eac18275d9ef73f1192010135.htm	61000 USD	2024 Sterling Gray Metallic Chevrolet Tahoe Z71 5.3L V-8 For sale at Mankato Motors in Mankato Minnesota.	https://pictures.web.dealer.com/m/mankatochevrolet/0400/8efaf34bdb59a4058f8b3266ebbf31c2x.jpg	in stock	USED	SUV	Vehicles & Parts > Vehicles > Motor Vehicles > Cars, Trucks & Vans	1GNSKPKD4RR365955	https://www.mankatomotors.com/used/Chevrolet/2024-Chevrolet-Tahoe-bf2f5c6eac18275d9ef73f1192010135.htm?store={store_code}	SILVER	27020 miles	Tahoe	1GNSKPKD4RR365955	2024	61000 USD	MM100	61000 USD	MI	no	Tahoe	No	Over 15k
3GNAXPEGXSL120383	2025 Chevrolet Equinox LT	Chevrolet	https://www.mankatomotors.com/used/Chevrolet/2025-Chevrolet-Equinox-6c115fadac1838ffae3a022a7d7375e6.htm	27339 USD	2025 Sterling Gray Metallic Chevrolet Equinox LT 1.5L Other For sale at Mankato Motors in Mankato Minnesota.	https://pictures.web.dealer.com/m/mankatochevrolet/1502/b1cb2a8651dd11f5f289f5b9fac492b6x.jpg	in stock	USED	SUV	Vehicles & Parts > Vehicles > Motor Vehicles > Cars, Trucks & Vans	3GNAXPEGXSL120383	https://www.mankatomotors.com/used/Chevrolet/2025-Chevrolet-Equinox-6c115fadac1838ffae3a022a7d7375e6.htm?store={store_code}	SILVER	29890 miles	Equinox	3GNAXPEGXSL120383	2025	27339 USD	MM100	27339 USD	MI	no	Equinox	No	Over 15k
2GC1KNE7XS1233652	2025 Chevrolet Silverado 2500HD LT	Chevrolet	https://www.mankatomotors.com/used/Chevrolet/2025-Chevrolet-Silverado-2500HD-bcb03a4eac181734323613c6462f8d18.htm	52339 USD	2025 Sterling Gray Metallic Chevrolet Silverado 2500HD LT 6.6L V-8 For sale at Mankato Motors in Mankato Minnesota.	https://pictures.web.dealer.com/m/mankatochevrolet/1669/13618d143731a578bb989c52f755324dx.jpg	in stock	USED	TRUCK	Vehicles & Parts > Vehicles > Motor Vehicles > Cars, Trucks & Vans	2GC1KNE7XS1233652	https://www.mankatomotors.com/used/Chevrolet/2025-Chevrolet-Silverado-2500HD-bcb03a4eac181734323613c6462f8d18.htm?store={store_code}	SILVER	20337 miles	Silverado 2500HD	2GC1KNE7XS1233652	2025	52339 USD	MM100	52339 USD	MI	no	Silverado 2500HD	No	Over 15k
1GC4KUE73SF193964	2025 Chevrolet Silverado 3500HD LTZ	Chevrolet	https://www.mankatomotors.com/used/Chevrolet/2025-Chevrolet-Silverado-3500HD-89e56c41ac1824b1018118baeb67da7e.htm	63339 USD	2025 Radiant Red Tintcoat Chevrolet Silverado 3500HD LTZ 6.6L V-8 For sale at Mankato Motors in Mankato Minnesota.	https://pictures.web.dealer.com/m/mankatochevrolet/0321/96279ec91b1c691439f6e4b4d6b8e8bfx.jpg	in stock	USED	TRUCK	Vehicles & Parts > Vehicles > Motor Vehicles > Cars, Trucks & Vans	1GC4KUE73SF193964	https://www.mankatomotors.com/used/Chevrolet/2025-Chevrolet-Silverado-3500HD-89e56c41ac1824b1018118baeb67da7e.htm?store={store_code}	RED	18050 miles	Silverado 3500HD	1GC4KUE73SF193964	2025	63339 USD	MM100	63339 USD	MI	no	Silverado 3500HD	No	Over 15k
1GNEVGRS4SJ229807	2025 Chevrolet Traverse LT	Chevrolet	https://www.mankatomotors.com/used/Chevrolet/2025-Chevrolet-Traverse-cce44d0fac180f76a9662dfd2706c54a.htm	41339 USD	2025 Lakeshore Blue Chevrolet Traverse LT 2.5L Other For sale at Mankato Motors in Mankato Minnesota.	https://pictures.web.dealer.com/m/mankatochevrolet/0252/17bd6adf641d6c646a1452170f20dde3x.jpg	in stock	USED	SUV	Vehicles & Parts > Vehicles > Motor Vehicles > Cars, Trucks & Vans	1GNEVGRS4SJ229807	https://www.mankatomotors.com/used/Chevrolet/2025-Chevrolet-Traverse-cce44d0fac180f76a9662dfd2706c54a.htm?store={store_code}	BLUE	12679 miles	Traverse	1GNEVGRS4SJ229807	2025	41339 USD	MM100	41339 USD	MI	no	Traverse	No	Over 15k
3GNAXPEG3TL268506	2026 Chevrolet Equinox LT	Chevrolet	https://www.mankatomotors.com/used/Chevrolet/2026-Chevrolet-Equinox-dbe0e377ac18051249bdee003ddb4b51.htm	27000 USD	2026 Summit White Chevrolet Equinox LT 1.5L Other For sale at Mankato Motors in Mankato Minnesota.	https://pictures.web.dealer.com/m/mankatochevrolet/0905/aa10e6e863322212cd46933ad4f24d5ax.jpg	in stock	USED	SUV	Vehicles & Parts > Vehicles > Motor Vehicles > Cars, Trucks & Vans	3GNAXPEG3TL268506	https://www.mankatomotors.com/used/Chevrolet/2026-Chevrolet-Equinox-dbe0e377ac18051249bdee003ddb4b51.htm?store={store_code}	WHITE	21074 miles	Equinox	3GNAXPEG3TL268506	2026	27000 USD	MM100	27000 USD	MI	no	Equinox	No	Over 15k
1GCUKDED3TZ153549	2026 Chevrolet Silverado 1500 LT	Chevrolet	https://www.mankatomotors.com/used/Chevrolet/2026-Chevrolet-Silverado-1500-4fc7a24dac184db46fa63ee4b23162b8.htm	43000 USD	2026 Black Chevrolet Silverado 1500 LT 5.3L V-8 For sale at Mankato Motors in Mankato Minnesota.	https://pictures.web.dealer.com/m/mankatochevrolet/0017/7cd961314b970db9ddee9c1fc29e9da9x.jpg	in stock	USED	TRUCK	Vehicles & Parts > Vehicles > Motor Vehicles > Cars, Trucks & Vans	1GCUKDED3TZ153549	https://www.mankatomotors.com/used/Chevrolet/2026-Chevrolet-Silverado-1500-4fc7a24dac184db46fa63ee4b23162b8.htm?store={store_code}	BLACK	21261 miles	Silverado 1500	1GCUKDED3TZ153549	2026	43000 USD	MM100	43000 USD	MI	no	Silverado 1500	No	Over 15k
2GCUKEED0T1110401	2026 Chevrolet Silverado 1500 RST	Chevrolet	https://www.mankatomotors.com/used/Chevrolet/2026-Chevrolet-Silverado-1500-4fc7a598ac1849d2c697a70a258c60ba.htm	46000 USD	2026 Sterling Gray Metallic Chevrolet Silverado 1500 RST 5.3L V-8 For sale at Mankato Motors in Mankato Minnesota.	https://pictures.web.dealer.com/m/mankatochevrolet/0549/366216d36c64a22cfc4fea5bbe4def78x.jpg	in stock	USED	TRUCK	Vehicles & Parts > Vehicles > Motor Vehicles > Cars, Trucks & Vans	2GCUKEED0T1110401	https://www.mankatomotors.com/used/Chevrolet/2026-Chevrolet-Silverado-1500-4fc7a598ac1849d2c697a70a258c60ba.htm?store={store_code}	SILVER	16057 miles	Silverado 1500	2GCUKEED0T1110401	2026	46000 USD	MM100	46000 USD	MI	no	Silverado 1500	No	Over 15k
2C4RC1GG3JR185336	2018 Chrysler Pacifica Limited	Chrysler	https://www.mankatomotors.com/used/Chrysler/2018-Chrysler-Pacifica-c290df58ac183b7cfe9e7d699cd0b2a4.htm	14000 USD	2018 Velvet Red Pearlcoat Chrysler Pacifica Limited 3.6L V-6 For sale at Mankato Motors in Mankato Minnesota.	https://pictures.web.dealer.com/m/mankatonissan/1778/072a59368a3dd9e04e22d99748e4e46ax.jpg	in stock	USED	VAN	Vehicles & Parts > Vehicles > Motor Vehicles > Cars, Trucks & Vans	2C4RC1GG3JR185336	https://www.mankatomotors.com/used/Chrysler/2018-Chrysler-Pacifica-c290df58ac183b7cfe9e7d699cd0b2a4.htm?store={store_code}	RED	126373 miles	Pacifica	2C4RC1GG3JR185336	2018	14000 USD	MM100	14000 USD	MI	no	Pacifica	No	Under 15k
2C4RC1BG7KR680471	2019 Chrysler Pacifica Touring L	Chrysler	https://www.mankatomotors.com/used/Chrysler/2019-Chrysler-Pacifica-9542b6d8ac180edf8db7c8176734253b.htm	14339 USD	2019 Brilliant Black Crystal Pearlcoat Chrysler Pacifica Touring L 3.6L V-6 For sale at Mankato Motors in Mankato Minnesota.	https://pictures.web.dealer.com/m/mankatochevrolet/1522/c6aa65e78e47db5530822b02b2adbc2dx.jpg	in stock	USED	VAN	Vehicles & Parts > Vehicles > Motor Vehicles > Cars, Trucks & Vans	2C4RC1BG7KR680471	https://www.mankatomotors.com/used/Chrysler/2019-Chrysler-Pacifica-9542b6d8ac180edf8db7c8176734253b.htm?store={store_code}	BLACK	118608 miles	Pacifica	2C4RC1BG7KR680471	2019	14339 USD	MM100	14339 USD	MI	no	Pacifica	No	Under 15k
2C4RC1BG8PR620478	2023 Chrysler Pacifica Touring L	Chrysler	https://www.mankatomotors.com/used/Chrysler/2023-Chrysler-Pacifica-89ebb354ac18221a7f70d51eafb90e02.htm	20799 USD	2023 Silver Mist Clearcoat Chrysler Pacifica Touring L 3.6L V-6 For sale at Mankato Motors in Mankato Minnesota.	https://pictures.web.dealer.com/m/mankatonissan/1442/1d310424a7be8e0ad6a91add410a9481x.jpg	in stock	USED	VAN	Vehicles & Parts > Vehicles > Motor Vehicles > Cars, Trucks & Vans	2C4RC1BG8PR620478	https://www.mankatomotors.com/used/Chrysler/2023-Chrysler-Pacifica-89ebb354ac18221a7f70d51eafb90e02.htm?store={store_code}	SILVER	72261 miles	Pacifica	2C4RC1BG8PR620478	2023	20799 USD	MM100	20799 USD	MI	no	Pacifica	No	Over 15k
2C4RC1GG0TR162048	2026 Chrysler Pacifica Limited	Chrysler	https://www.mankatomotors.com/used/Chrysler/2026-Chrysler-Pacifica-89e56d70ac1851c1f80656ff96e5cbd6.htm	36000 USD	2026 Bright White Clearcoat Chrysler Pacifica Limited 3.6L V-6 For sale at Mankato Motors in Mankato Minnesota.	https://pictures.web.dealer.com/m/mankatochevrolet/0583/4ec5246fb51382ad7659ad411f552049x.jpg	in stock	USED	VAN	Vehicles & Parts > Vehicles > Motor Vehicles > Cars, Trucks & Vans	2C4RC1GG0TR162048	https://www.mankatomotors.com/used/Chrysler/2026-Chrysler-Pacifica-89e56d70ac1851c1f80656ff96e5cbd6.htm?store={store_code}	WHITE	28494 miles	Pacifica	2C4RC1GG0TR162048	2026	36000 USD	MM100	36000 USD	MI	no	Pacifica	No	Over 15k
2C4RC1GG6TR196124	2026 Chrysler Pacifica Limited	Chrysler	https://www.mankatomotors.com/used/Chrysler/2026-Chrysler-Pacifica-89e572ceac1840e460b67eb27891483c.htm	35000 USD	2026 Bright White Clearcoat Chrysler Pacifica Limited 3.6L V-6 For sale at Mankato Motors in Mankato Minnesota.	https://pictures.web.dealer.com/m/mankatochevrolet/0434/811ba92b5915633490c4cfa79affb0c3x.jpg	in stock	USED	VAN	Vehicles & Parts > Vehicles > Motor Vehicles > Cars, Trucks & Vans	2C4RC1GG6TR196124	https://www.mankatomotors.com/used/Chrysler/2026-Chrysler-Pacifica-89e572ceac1840e460b67eb27891483c.htm?store={store_code}	WHITE	28607 miles	Pacifica	2C4RC1GG6TR196124	2026	35000 USD	MM100	35000 USD	MI	no	Pacifica	No	Over 15k
2C4RC1GG1TR195866	2026 Chrysler Pacifica Limited	Chrysler	https://www.mankatomotors.com/used/Chrysler/2026-Chrysler-Pacifica-89e57560ac1825bc039c15276e1dccb7.htm	35000 USD	2026 Silver Mist Clearcoat Chrysler Pacifica Limited 3.6L V-6 For sale at Mankato Motors in Mankato Minnesota.	https://pictures.web.dealer.com/m/mankatochevrolet/0153/85e16b39be3c55a04b2a59d72627fa07x.jpg	in stock	USED	VAN	Vehicles & Parts > Vehicles > Motor Vehicles > Cars, Trucks & Vans	2C4RC1GG1TR195866	https://www.mankatomotors.com/used/Chrysler/2026-Chrysler-Pacifica-89e57560ac1825bc039c15276e1dccb7.htm?store={store_code}	SILVER	26172 miles	Pacifica	2C4RC1GG1TR195866	2026	35000 USD	MM100	35000 USD	MI	no	Pacifica	No	Over 15k
2C4RC1GG1TR183152	2026 Chrysler Pacifica Limited	Chrysler	https://www.mankatomotors.com/used/Chrysler/2026-Chrysler-Pacifica-b848f4a8ac18131151cd1f59e8eb6f55.htm	35000 USD	2026 Silver Mist Clearcoat Chrysler Pacifica Limited 3.6L V-6 For sale at Mankato Motors in Mankato Minnesota.	https://pictures.web.dealer.com/m/mankatovw/1373/bcd7fc91c1c3a362bb0704672bbdb870x.jpg	in stock	USED	VAN	Vehicles & Parts > Vehicles > Motor Vehicles > Cars, Trucks & Vans	2C4RC1GG1TR183152	https://www.mankatomotors.com/used/Chrysler/2026-Chrysler-Pacifica-b848f4a8ac18131151cd1f59e8eb6f55.htm?store={store_code}	SILVER	28013 miles	Pacifica	2C4RC1GG1TR183152	2026	35000 USD	MM100	35000 USD	MI	no	Pacifica	No	Over 15k
2C4RC1GG1TR161815	2026 Chrysler Pacifica Limited	Chrysler	https://www.mankatomotors.com/used/Chrysler/2026-Chrysler-Pacifica-dbe4778dac180706beba7998785227ea.htm	36000 USD	2026 Silver Mist Clearcoat Chrysler Pacifica Limited 3.6L V-6 For sale at Mankato Motors in Mankato Minnesota.	https://pictures.web.dealer.com/m/mankatovw/1936/451eaf37e3940a37c8e44c20a6fae8fdx.jpg	in stock	USED	VAN	Vehicles & Parts > Vehicles > Motor Vehicles > Cars, Trucks & Vans	2C4RC1GG1TR161815	https://www.mankatomotors.com/used/Chrysler/2026-Chrysler-Pacifica-dbe4778dac180706beba7998785227ea.htm?store={store_code}	SILVER	28466 miles	Pacifica	2C4RC1GG1TR161815	2026	36000 USD	MM100	36000 USD	MI	no	Pacifica	No	Over 15k
2C4RDGBG2DR530741	2013 Dodge Grand Caravan SE	Dodge	https://www.mankatomotors.com/used/Dodge/2013-Dodge-Grand-Caravan-ecd2dbd6ac184b985b31168a2859655d.htm	10248 USD	2013 Redline 2 Coat Pearl Dodge Grand Caravan SE 3.6L V-6 For sale at Mankato Motors in Mankato Minnesota.	https://pictures.web.dealer.com/m/mankatonissan/1517/7d1c68a390d935b07a268041e34ef4bax.jpg	in stock	USED	VAN	Vehicles & Parts > Vehicles > Motor Vehicles > Cars, Trucks & Vans	2C4RDGBG2DR530741	https://www.mankatomotors.com/used/Dodge/2013-Dodge-Grand-Caravan-ecd2dbd6ac184b985b31168a2859655d.htm?store={store_code}	RED	46127 miles	Grand Caravan	2C4RDGBG2DR530741	2013	10248 USD	MM100	10248 USD	MI	no	Grand Caravan	No	Under 15k
1C4RDJDG5PC587636	2023 Dodge Durango GT	Dodge	https://www.mankatomotors.com/used/Dodge/2023-Dodge-Durango-ddc99d8fac1804e508f25d87f56d0008.htm	28000 USD	2023 DB Black Clearcoat Dodge Durango GT 3.6L V-6 For sale at Mankato Motors in Mankato Minnesota.	https://pictures.web.dealer.com/m/mankatochevrolet/0563/3afb621abd91feab94c45d6266b6408bx.jpg	in stock	USED	SUV	Vehicles & Parts > Vehicles > Motor Vehicles > Cars, Trucks & Vans	1C4RDJDG5PC587636	https://www.mankatomotors.com/used/Dodge/2023-Dodge-Durango-ddc99d8fac1804e508f25d87f56d0008.htm?store={store_code}	BLACK	70885 miles	Durango	1C4RDJDG5PC587636	2023	28000 USD	MM100	28000 USD	MI	no	Durango	No	Over 15k
1FMHK8F80CGA83834	2012 Ford Explorer Limited	Ford	https://www.mankatomotors.com/used/Ford/2012-Ford-Explorer-4d9d1b4bac18005db88bfdc45fe6fbbc.htm	9000 USD	2012 White Platinum Clearcoat Metallic Ford Explorer Limited 3.5L V-6 For sale at Mankato Motors in Mankato Minnesota.	https://pictures.web.dealer.com/m/mankatonissan/0323/101ceae958e9f32f309a1d15a07423d7x.jpg	in stock	USED	SUV	Vehicles & Parts > Vehicles > Motor Vehicles > Cars, Trucks & Vans	1FMHK8F80CGA83834	https://www.mankatomotors.com/used/Ford/2012-Ford-Explorer-4d9d1b4bac18005db88bfdc45fe6fbbc.htm?store={store_code}	WHITE	158128 miles	Explorer	1FMHK8F80CGA83834	2012	9000 USD	MM100	9000 USD	MI	no	Explorer	No	Under 15k
1FT7W2BT1CED07796	2012 Ford F-250SD Lariat	Ford	https://www.mankatomotors.com/used/Ford/2012-Ford-F-250SD-7028cdd0ac1840e460b67eb2782664c5.htm	21000 USD	2012 White Platinum Metallic Tri-Coat Ford F-250SD Lariat 6.7L V-8 Diesel For sale at Mankato Motors in Mankato Minnesota.	https://pictures.web.dealer.com/m/mankatochevrolet/1527/a6e48f72fac64dd036463ab7891157acx.jpg	in stock	USED	TRUCK	Vehicles & Parts > Vehicles > Motor Vehicles > Cars, Trucks & Vans	1FT7W2BT1CED07796	https://www.mankatomotors.com/used/Ford/2012-Ford-F-250SD-7028cdd0ac1840e460b67eb2782664c5.htm?store={store_code}	WHITE	185612 miles	F-250SD	1FT7W2BT1CED07796	2012	21000 USD	MM100	21000 USD	MI	no	F-250SD	No	Over 15k
1FT8W3DT9CEB53829	2012 Ford F-350SD Lariat	Ford	https://www.mankatomotors.com/used/Ford/2012-Ford-F-350SD-e28272a4ac18291233c8515c5fbd9e88.htm	22339 USD	2012 Autumn Red Ford F-350SD Lariat 6.7L V-8 Diesel For sale at Mankato Motors in Mankato Minnesota.	https://pictures.web.dealer.com/m/mankatochevrolet/0065/85d8e42ff38f0f0dc8d161aa120af961x.jpg	in stock	USED	TRUCK	Vehicles & Parts > Vehicles > Motor Vehicles > Cars, Trucks & Vans	1FT8W3DT9CEB53829	https://www.mankatomotors.com/used/Ford/2012-Ford-F-350SD-e28272a4ac18291233c8515c5fbd9e88.htm?store={store_code}	RED	181235 miles	F-350SD	1FT8W3DT9CEB53829	2012	22339 USD	MM100	22339 USD	MI	no	F-350SD	No	Over 15k
1FTEW1EG8FFA72022	2015 Ford F-150 Lariat	Ford	https://www.mankatomotors.com/used/Ford/2015-Ford-F-150-f260d074ac184d71689b1a5186145ff2.htm	18839 USD	2015 Magnetic Metallic Ford F-150 Lariat 3.5L V-6 For sale at Mankato Motors in Mankato Minnesota.	https://pictures.web.dealer.com/m/mankatochevrolet/0308/6a3285846e865a641e48b25cc3306231x.jpg	in stock	USED	TRUCK	Vehicles & Parts > Vehicles > Motor Vehicles > Cars, Trucks & Vans	1FTEW1EG8FFA72022	https://www.mankatomotors.com/used/Ford/2015-Ford-F-150-f260d074ac184d71689b1a5186145ff2.htm?store={store_code}	GRAY	152254 miles	F-150	1FTEW1EG8FFA72022	2015	18839 USD	MM100	18839 USD	MI	no	F-150	No	Over 15k
1FAHP2E87GG100886	2016 Ford Taurus SEL	Ford	https://www.mankatomotors.com/used/Ford/2016-Ford-Taurus-cea36bd5ac18317c333ce9bdeb503a8f.htm	10339 USD	2016 White Platinum Clearcoat Metallic Ford Taurus SEL 3.5L V-6 For sale at Mankato Motors in Mankato Minnesota.	https://pictures.web.dealer.com/m/mankatovw/0694/b4b6c20b09473f383deaee505bca4c35x.jpg	in stock	USED	OTHER	Vehicles & Parts > Vehicles > Motor Vehicles > Cars, Trucks & Vans	1FAHP2E87GG100886	https://www.mankatomotors.com/used/Ford/2016-Ford-Taurus-cea36bd5ac18317c333ce9bdeb503a8f.htm?store={store_code}	WHITE	128962 miles	Taurus	1FAHP2E87GG100886	2016	10339 USD	MM100	10339 USD	MI	no	Taurus	No	Under 15k
1FMCU9J94HUD83802	2017 Ford Escape Titanium	Ford	https://www.mankatomotors.com/used/Ford/2017-Ford-Escape-e2826e6bac180e99e8df50976a871dd4.htm	13339 USD	2017 Magnetic Metallic Ford Escape Titanium 2L i-4 Ecoboost For sale at Mankato Motors in Mankato Minnesota.	https://pictures.web.dealer.com/m/mankatochevrolet/1675/631862ab46fbebfb94c855c82e4095f4x.jpg	in stock	USED	SUV	Vehicles & Parts > Vehicles > Motor Vehicles > Cars, Trucks & Vans	1FMCU9J94HUD83802	https://www.mankatomotors.com/used/Ford/2017-Ford-Escape-e2826e6bac180e99e8df50976a871dd4.htm?store={store_code}	GRAY	90485 miles	Escape	1FMCU9J94HUD83802	2017	13339 USD	MM100	13339 USD	MI	no	Escape	No	Under 15k
1FM5K8F84HGD89042	2017 Ford Explorer Limited	Ford	https://www.mankatomotors.com/used/Ford/2017-Ford-Explorer-7028cee2ac1814e012e1fffc2e147823.htm	8799 USD	2017 Shadow Black Ford Explorer Limited 3.5L V-6 For sale at Mankato Motors in Mankato Minnesota.	https://pictures.web.dealer.com/m/mankatochevrolet/0876/d70a7708a31d303d6173cde9a107a36bx.jpg	in stock	USED	SUV	Vehicles & Parts > Vehicles > Motor Vehicles > Cars, Trucks & Vans	1FM5K8F84HGD89042	https://www.mankatomotors.com/used/Ford/2017-Ford-Explorer-7028cee2ac1814e012e1fffc2e147823.htm?store={store_code}	BLACK	201010 miles	Explorer	1FM5K8F84HGD89042	2017	8799 USD	MM100	8799 USD	MI	no	Explorer	No	Under 15k
1FMJU1MT5JEA00191	2018 Ford Expedition Platinum	Ford	https://www.mankatomotors.com/used/Ford/2018-Ford-Expedition-f71f3d68ac181910b9d4822a1a6784ff.htm	24839 USD	2018 Ruby Red Metallic Tinted Clearcoat Ford Expedition Platinum 3.5L V-6 Ecoboost For sale at Mankato Motors in Mankato Minnesota.	https://pictures.web.dealer.com/m/mankatovw/0865/11d4803e07c5a55440f4f95df41a5960x.jpg	in stock	USED	SUV	Vehicles & Parts > Vehicles > Motor Vehicles > Cars, Trucks & Vans	1FMJU1MT5JEA00191	https://www.mankatomotors.com/used/Ford/2018-Ford-Expedition-f71f3d68ac181910b9d4822a1a6784ff.htm?store={store_code}	RED	107458 miles	Expedition	1FMJU1MT5JEA00191	2018	24839 USD	MM100	24839 USD	MI	no	Expedition	No	Over 15k
1FMCU9NA2SUA60523	2025 Ford Escape ST-Line Select	Ford	https://www.mankatomotors.com/used/Ford/2025-Ford-Escape-ecd16fe6ac1831917a09badae627321b.htm	26339 USD	2025 Vapor Blue Metallic Ford Escape ST-Line Select 2L i-4 Ecoboost For sale at Mankato Motors in Mankato Minnesota.	https://pictures.web.dealer.com/m/mankatovw/1861/6bbf17fe4d31e737dcf6af6ca3f4f8e5x.jpg	in stock	USED	SUV	Vehicles & Parts > Vehicles > Motor Vehicles > Cars, Trucks & Vans	1FMCU9NA2SUA60523	https://www.mankatomotors.com/used/Ford/2025-Ford-Escape-ecd16fe6ac1831917a09badae627321b.htm?store={store_code}	BLUE	11881 miles	Escape	1FMCU9NA2SUA60523	2025	26339 USD	MM100	26339 USD	MI	no	Escape	No	Over 15k
1GKKVTED9BJ247431	2011 GMC Acadia Denali	GMC	https://www.mankatomotors.com/used/GMC/2011-GMC-Acadia-a52433c9ac18279fde168c349370654f.htm	8139 USD	2011 Red Jewel Tintcoat GMC Acadia Denali 3.6L V-6 For sale at Mankato Motors in Mankato Minnesota.	https://pictures.web.dealer.com/m/mankatochevrolet/0499/1b5b4c44644150ffcbb776fb7d366a7ax.jpg	in stock	USED	SUV	Vehicles & Parts > Vehicles > Motor Vehicles > Cars, Trucks & Vans	1GKKVTED9BJ247431	https://www.mankatomotors.com/used/GMC/2011-GMC-Acadia-a52433c9ac18279fde168c349370654f.htm?store={store_code}	RED	152182 miles	Acadia	1GKKVTED9BJ247431	2011	8139 USD	MM100	8139 USD	MI	no	Acadia	No	Under 15k
1GKS2BKC4JR332014	2018 GMC Yukon SLT	GMC	https://www.mankatomotors.com/used/GMC/2018-GMC-Yukon-0aa6e53dac1846fa1e332511c2dfb679.htm	21339 USD	2018 Summit White GMC Yukon SLT 5.3L V-8 For sale at Mankato Motors in Mankato Minnesota.	https://pictures.web.dealer.com/m/mankatochevrolet/1313/8dd03fe88ea8fe9f848ac977711133b1x.jpg	in stock	USED	SUV	Vehicles & Parts > Vehicles > Motor Vehicles > Cars, Trucks & Vans	1GKS2BKC4JR332014	https://www.mankatomotors.com/used/GMC/2018-GMC-Yukon-0aa6e53dac1846fa1e332511c2dfb679.htm?store={store_code}	WHITE	136674 miles	Yukon	1GKS2BKC4JR332014	2018	21339 USD	MM100	21339 USD	MI	no	Yukon	No	Over 15k
1GTP9EEL6MZ174113	2021 GMC Sierra 1500 AT4	GMC	https://www.mankatomotors.com/used/GMC/2021-GMC-Sierra-1500-f71b7e7fac182cbaa017e7e0482c63da.htm	37339 USD	2021 Satin Steel Metallic GMC Sierra 1500 AT4 6.2L V-8 For sale at Mankato Motors in Mankato Minnesota.	https://pictures.web.dealer.com/m/mankatochevrolet/0345/5a7dce04c017d93038d8c3b797cfca22x.jpg	in stock	USED	TRUCK	Vehicles & Parts > Vehicles > Motor Vehicles > Cars, Trucks & Vans	1GTP9EEL6MZ174113	https://www.mankatomotors.com/used/GMC/2021-GMC-Sierra-1500-f71b7e7fac182cbaa017e7e0482c63da.htm?store={store_code}	GRAY	82671 miles	Sierra 1500	1GTP9EEL6MZ174113	2021	37339 USD	MM100	37339 USD	MI	no	Sierra 1500	No	Over 15k
3GTPUCEKXNG637463	2022 GMC Sierra 1500 Elevation	GMC	https://www.mankatomotors.com/used/GMC/2022-GMC-Sierra-1500-a2a1362aac18383f9fb5848ff3b4ae86.htm	36000 USD	2022 Titanium Rush Metallic GMC Sierra 1500 Elevation 2.7L Other For sale at Mankato Motors in Mankato Minnesota.	https://pictures.web.dealer.com/m/mankatochevrolet/1206/c3ca628377e7ea48455fff604fbe6cdex.jpg	in stock	USED	TRUCK	Vehicles & Parts > Vehicles > Motor Vehicles > Cars, Trucks & Vans	3GTPUCEKXNG637463	https://www.mankatomotors.com/used/GMC/2022-GMC-Sierra-1500-a2a1362aac18383f9fb5848ff3b4ae86.htm?store={store_code}	GRAY	38151 miles	Sierra 1500	3GTPUCEKXNG637463	2022	36000 USD	MM100	36000 USD	MI	no	Sierra 1500	No	Over 15k
1GKS2BKD5NR141457	2022 GMC Yukon SLT	GMC	https://www.mankatomotors.com/used/GMC/2022-GMC-Yukon-566460d3ac1853490d871aa9c1a8d3c2.htm	44000 USD	2022 Onyx Black GMC Yukon SLT 5.3L V-8 For sale at Mankato Motors in Mankato Minnesota.	https://pictures.web.dealer.com/m/mankatochevrolet/0855/0e528c840b5f86b567c558ee904ef2c0x.jpg	in stock	USED	SUV	Vehicles & Parts > Vehicles > Motor Vehicles > Cars, Trucks & Vans	1GKS2BKD5NR141457	https://www.mankatomotors.com/used/GMC/2022-GMC-Yukon-566460d3ac1853490d871aa9c1a8d3c2.htm?store={store_code}	BLACK	80047 miles	Yukon	1GKS2BKD5NR141457	2022	44000 USD	MM100	44000 USD	MI	no	Yukon	No	Over 15k
1GKS2CKL5NR200455	2022 GMC Yukon AT4	GMC	https://www.mankatomotors.com/used/GMC/2022-GMC-Yukon-765b5b86ac1813b262e6ac105e55c460.htm	50339 USD	2022 Satin Steel Metallic GMC Yukon AT4 6.2L V-8 For sale at Mankato Motors in Mankato Minnesota.	https://pictures.web.dealer.com/m/mankatochevrolet/0037/1a26b9b7aa486d697a1d8961b810f3b0x.jpg	in stock	USED	SUV	Vehicles & Parts > Vehicles > Motor Vehicles > Cars, Trucks & Vans	1GKS2CKL5NR200455	https://www.mankatomotors.com/used/GMC/2022-GMC-Yukon-765b5b86ac1813b262e6ac105e55c460.htm?store={store_code}	GRAY	67411 miles	Yukon	1GKS2CKL5NR200455	2022	50339 USD	MM100	50339 USD	MI	no	Yukon	No	Over 15k
1GKS2EKL6RR200451	2024 GMC Yukon Denali Ultimate	GMC	https://www.mankatomotors.com/used/GMC/2024-GMC-Yukon-44318d5aac185bde89873740b6e25259.htm	78000 USD	2024 Midnight Blue Metallic GMC Yukon Denali Ultimate 6.2L V-8 For sale at Mankato Motors in Mankato Minnesota.	https://pictures.web.dealer.com/m/mankatochevrolet/1215/b5e273f6dd978f880465eb07d5107795x.jpg	in stock	USED	SUV	Vehicles & Parts > Vehicles > Motor Vehicles > Cars, Trucks & Vans	1GKS2EKL6RR200451	https://www.mankatomotors.com/used/GMC/2024-GMC-Yukon-44318d5aac185bde89873740b6e25259.htm?store={store_code}	BLACK	20508 miles	Yukon	1GKS2EKL6RR200451	2024	78000 USD	MM100	78000 USD	MI	no	Yukon	No	Over 15k
2HKRM4H79EH667826	2014 Honda CR-V EX-L	Honda	https://www.mankatomotors.com/used/Honda/2014-Honda-CR-V-ac0e2d85ac1804415d9b37e055ccd00e.htm	15139 USD	2014 Polished Metal Metallic Honda CR-V EX-L 2.4L i-4 For sale at Mankato Motors in Mankato Minnesota.	https://pictures.web.dealer.com/m/mankatonissan/0265/ee68f764281a5d1c00d381c0626fe19dx.jpg	in stock	USED	SUV	Vehicles & Parts > Vehicles > Motor Vehicles > Cars, Trucks & Vans	2HKRM4H79EH667826	https://www.mankatomotors.com/used/Honda/2014-Honda-CR-V-ac0e2d85ac1804415d9b37e055ccd00e.htm?store={store_code}	GRAY	130083 miles	CR-V	2HKRM4H79EH667826	2014	15139 USD	MM100	15139 USD	MI	no	CR-V	No	Over 15k
5FNRL5H67GB095902	2016 Honda Odyssey EX-L	Honda	https://www.mankatomotors.com/used/Honda/2016-Honda-Odyssey-f71b7b7fac180b5a8d6e747135894c18.htm	12839 USD	2016 White Diamond Pearl Honda Odyssey EX-L 3.5L V-6 For sale at Mankato Motors in Mankato Minnesota.	https://pictures.web.dealer.com/m/mankatochevrolet/0582/1571b2fd9114dfb58f73b0e58bb04a37x.jpg	in stock	USED	VAN	Vehicles & Parts > Vehicles > Motor Vehicles > Cars, Trucks & Vans	5FNRL5H67GB095902	https://www.mankatomotors.com/used/Honda/2016-Honda-Odyssey-f71b7b7fac180b5a8d6e747135894c18.htm?store={store_code}	WHITE	155816 miles	Odyssey	5FNRL5H67GB095902	2016	12839 USD	MM100	12839 USD	MI	no	Odyssey	No	Under 15k
7FARW2H9XJE005511	2018 Honda CR-V Touring	Honda	https://www.mankatomotors.com/used/Honda/2018-Honda-CR-V-d3f69a98ac18381b30e2fd5af01a21a1.htm	18799 USD	2018 Dark Olive Metallic Honda CR-V Touring 1.5L i-4 For sale at Mankato Motors in Mankato Minnesota.	https://pictures.web.dealer.com/m/mankatonissan/1596/57602c1682e20c889d2124b2b111c878x.jpg	in stock	USED	SUV	Vehicles & Parts > Vehicles > Motor Vehicles > Cars, Trucks & Vans	7FARW2H9XJE005511	https://www.mankatomotors.com/used/Honda/2018-Honda-CR-V-d3f69a98ac18381b30e2fd5af01a21a1.htm?store={store_code}	GREEN	129597 miles	CR-V	7FARW2H9XJE005511	2018	18799 USD	MM100	18799 USD	MI	no	CR-V	No	Over 15k
3CZRU6H51KM706502	2019 Honda HR-V EX	Honda	https://www.mankatomotors.com/used/Honda/2019-Honda-HR-V-fcb053e4ac182a8ad147bdc336cee0f2.htm	21339 USD	2019 Platinum White Pearl Honda HR-V EX 1.8L i-4 For sale at Mankato Motors in Mankato Minnesota.	https://pictures.web.dealer.com/m/mankatochevrolet/0035/40c017084c150c45fb0b87dd0f700cccx.jpg	in stock	USED	SUV	Vehicles & Parts > Vehicles > Motor Vehicles > Cars, Trucks & Vans	3CZRU6H51KM706502	https://www.mankatomotors.com/used/Honda/2019-Honda-HR-V-fcb053e4ac182a8ad147bdc336cee0f2.htm?store={store_code}	WHITE	27113 miles	HR-V	3CZRU6H51KM706502	2019	21339 USD	MM100	21339 USD	MI	no	HR-V	No	Over 15k
5FNYF6H2XNB012935	2022 Honda Pilot Special Edition	Honda	https://www.mankatomotors.com/used/Honda/2022-Honda-Pilot-ac04fc0dac182087090c39b2660ecb31.htm	33000 USD	2022 Modern Steel Metallic Honda Pilot Special Edition 3.5L V-6 For sale at Mankato Motors in Mankato Minnesota.	https://pictures.web.dealer.com/m/mankatochevrolet/1341/917c1f25455aa4a05542157b9e7a2de3x.jpg	in stock	USED	SUV	Vehicles & Parts > Vehicles > Motor Vehicles > Cars, Trucks & Vans	5FNYF6H2XNB012935	https://www.mankatomotors.com/used/Honda/2022-Honda-Pilot-ac04fc0dac182087090c39b2660ecb31.htm?store={store_code}	GRAY	36967 miles	Pilot	5FNYF6H2XNB012935	2022	33000 USD	MM100	33000 USD	MI	no	Pilot	No	Over 15k
5FNYF6H23NB071986	2022 Honda Pilot Special Edition	Honda	https://www.mankatomotors.com/used/Honda/2022-Honda-Pilot-af051d1fac185bc6fc1af9b5360b035b.htm	30339 USD	2022 Modern Steel Metallic Honda Pilot Special Edition 3.5L V-6 For sale at Mankato Motors in Mankato Minnesota.	https://pictures.web.dealer.com/m/mankatovw/0100/6afb33eef1ec8fce62083e94837593cax.jpg	in stock	USED	SUV	Vehicles & Parts > Vehicles > Motor Vehicles > Cars, Trucks & Vans	5FNYF6H23NB071986	https://www.mankatomotors.com/used/Honda/2022-Honda-Pilot-af051d1fac185bc6fc1af9b5360b035b.htm?store={store_code}	GRAY	69132 miles	Pilot	5FNYF6H23NB071986	2022	30339 USD	MM100	30339 USD	MI	no	Pilot	No	Over 15k
3CZRZ2H53PM706177	2023 Honda HR-V Sport	Honda	https://www.mankatomotors.com/used/Honda/2023-Honda-HR-V-e285a032ac18291233c8515cac3eed9c.htm	24339 USD	2023 Milano Red Honda HR-V Sport 2L i-4 For sale at Mankato Motors in Mankato Minnesota.	https://pictures.web.dealer.com/m/mankatovw/0960/f7edcecf186f630a2323182739c76ecax.jpg	in stock	USED	SUV	Vehicles & Parts > Vehicles > Motor Vehicles > Cars, Trucks & Vans	3CZRZ2H53PM706177	https://www.mankatomotors.com/used/Honda/2023-Honda-HR-V-e285a032ac18291233c8515cac3eed9c.htm?store={store_code}	RED	47207 miles	HR-V	3CZRZ2H53PM706177	2023	24339 USD	MM100	24339 USD	MI	no	HR-V	No	Over 15k
5NMP5DG1XTH101069	2026 Hyundai Santa Fe Hybrid Calligraphy	Hyundai	https://www.mankatomotors.com/used/Hyundai/2026-Hyundai-Santa-Fe-Hybrid-feddee52ac18376f832cfc06a88f8dde.htm	43339 USD	2026 Atlantis Blue Hyundai Santa Fe Calligraphy 1.6L i-4 For sale at Mankato Motors in Mankato Minnesota.	https://pictures.web.dealer.com/m/mankatonissan/1007/99c60d983a0b94fe61248bcbe77eba8ex.jpg	in stock	USED	SUV	Vehicles & Parts > Vehicles > Motor Vehicles > Cars, Trucks & Vans	5NMP5DG1XTH101069	https://www.mankatomotors.com/used/Hyundai/2026-Hyundai-Santa-Fe-Hybrid-feddee52ac18376f832cfc06a88f8dde.htm?store={store_code}	BLUE	6626 miles	Santa Fe	5NMP5DG1XTH101069	2026	43339 USD	MM100	43339 USD	MI	no	Santa Fe	No	Over 15k
SADCM2FV3KA392568	2019 Jaguar F-PACE S	Jaguar	https://www.mankatomotors.com/used/Jaguar/2019-Jaguar-F-PACE-f71f3bdfac18102d29ca7f4b5c958f71.htm	16339 USD	2019 Firenze Red Metallic Jaguar F-PACE S 3L V-6 For sale at Mankato Motors in Mankato Minnesota.	https://pictures.web.dealer.com/m/mankatovw/1048/0c1e0c3c69e52f4c59b44d092e779cf6x.jpg	in stock	USED	OTHER	Vehicles & Parts > Vehicles > Motor Vehicles > Cars, Trucks & Vans	SADCM2FV3KA392568	https://www.mankatomotors.com/used/Jaguar/2019-Jaguar-F-PACE-f71f3bdfac18102d29ca7f4b5c958f71.htm?store={store_code}	RED	105977 miles	F-PACE	SADCM2FV3KA392568	2019	16339 USD	MM100	16339 USD	MI	no	F-PACE	No	Over 15k
1C4PJMJN3KD174167	2019 Jeep Cherokee Overland	Jeep	https://www.mankatomotors.com/used/Jeep/2019-Jeep-Cherokee-a000bfa0ac184d2b5dd6c16264887f16.htm	17339 USD	2019 Bright White Clearcoat Jeep Cherokee Overland 2L i-4 For sale at Mankato Motors in Mankato Minnesota.	https://pictures.web.dealer.com/m/mankatochevrolet/1086/5f7c9724bd9751313d14f7596d66e008x.jpg	in stock	USED	SUV	Vehicles & Parts > Vehicles > Motor Vehicles > Cars, Trucks & Vans	1C4PJMJN3KD174167	https://www.mankatomotors.com/used/Jeep/2019-Jeep-Cherokee-a000bfa0ac184d2b5dd6c16264887f16.htm?store={store_code}	WHITE	115599 miles	Cherokee	1C4PJMJN3KD174167	2019	17339 USD	MM100	17339 USD	MI	no	Cherokee	No	Over 15k
1C4HJXDG8KW505543	2019 Jeep Wrangler Unlimited Sport S	Jeep	https://www.mankatomotors.com/used/Jeep/2019-Jeep-Wrangler-e173ca02ac182cb6d83888abf16782ed.htm	22000 USD	2019 Gray Clearcoat Jeep Wrangler Unlimited Sport S 3.6L V-6 For sale at Mankato Motors in Mankato Minnesota.	https://pictures.web.dealer.com/m/mankatochevrolet/0279/c2caa6b9e968f273c0f4d20d3806f6a8x.jpg	in stock	USED	SUV	Vehicles & Parts > Vehicles > Motor Vehicles > Cars, Trucks & Vans	1C4HJXDG8KW505543	https://www.mankatomotors.com/used/Jeep/2019-Jeep-Wrangler-e173ca02ac182cb6d83888abf16782ed.htm?store={store_code}	GRAY	65902 miles	Wrangler	1C4HJXDG8KW505543	2019	22000 USD	MM100	22000 USD	MI	no	Wrangler	No	Over 15k
1C4RJFBG6MC701938	2021 Jeep Grand Cherokee Limited	Jeep	https://www.mankatomotors.com/used/Jeep/2021-Jeep-Grand-Cherokee-ea45d26eac18281ce6a130f72751906e.htm	23000 USD	2021 Bright White Clearcoat Jeep Grand Cherokee Limited 3.6L V-6 For sale at Mankato Motors in Mankato Minnesota.	https://pictures.web.dealer.com/m/mankatovw/0798/4189900ca31e5d18fb5cfb4758176df6x.jpg	in stock	USED	SUV	Vehicles & Parts > Vehicles > Motor Vehicles > Cars, Trucks & Vans	1C4RJFBG6MC701938	https://www.mankatomotors.com/used/Jeep/2021-Jeep-Grand-Cherokee-ea45d26eac18281ce6a130f72751906e.htm?store={store_code}	WHITE	70760 miles	Grand Cherokee	1C4RJFBG6MC701938	2021	23000 USD	MM100	23000 USD	MI	no	Grand Cherokee	No	Over 15k
1C4SJVGP1PS506005	2023 Jeep Grand Wagoneer Series III	Jeep	https://www.mankatomotors.com/used/Jeep/2023-Jeep-Grand-Wagoneer-1a25c0ddac18341f4df4ff9e4eb7988a.htm	57000 USD	2023 Midnight Sky Jeep Grand Wagoneer Series III 3L i-6 For sale at Mankato Motors in Mankato Minnesota.	https://pictures.web.dealer.com/m/mankatochevrolet/1990/a54f171c2df0270e351121d7a84fb796x.jpg	in stock	USED	SUV	Vehicles & Parts > Vehicles > Motor Vehicles > Cars, Trucks & Vans	1C4SJVGP1PS506005	https://www.mankatomotors.com/used/Jeep/2023-Jeep-Grand-Wagoneer-1a25c0ddac18341f4df4ff9e4eb7988a.htm?store={store_code}	BLACK	40994 miles	Grand Wagoneer	1C4SJVGP1PS506005	2023	57000 USD	MM100	57000 USD	MI	no	Grand Wagoneer	No	Over 15k
1C4HJXAG5PW569941	2023 Jeep Wrangler Willys	Jeep	https://www.mankatomotors.com/used/Jeep/2023-Jeep-Wrangler-fcb40d50ac182bbefd67d61e14059fdb.htm	29339 USD	2023 Gray Clearcoat Jeep Wrangler Willys 3.6L V-6 For sale at Mankato Motors in Mankato Minnesota.	https://pictures.web.dealer.com/m/mankatovw/1341/f85d4f109ba924c335581ce5c69014f3x.jpg	in stock	USED	SUV	Vehicles & Parts > Vehicles > Motor Vehicles > Cars, Trucks & Vans	1C4HJXAG5PW569941	https://www.mankatomotors.com/used/Jeep/2023-Jeep-Wrangler-fcb40d50ac182bbefd67d61e14059fdb.htm?store={store_code}	GRAY	20887 miles	Wrangler	1C4HJXAG5PW569941	2023	29339 USD	MM100	29339 USD	MI	no	Wrangler	No	Over 15k
3KPF34AD3ME305578	2021 Kia Forte GT-Line	Kia	https://www.mankatomotors.com/used/Kia/2021-Kia-Forte-61c92038ac181c35d475de4c7139be47.htm	18339 USD	2021 Deep Sea Blue Kia Forte GT-Line 2L i-4 For sale at Mankato Motors in Mankato Minnesota.	https://pictures.web.dealer.com/m/mankatonissan/0056/5c92cc356d008d8f38094b90485e810fx.jpg	in stock	USED	OTHER	Vehicles & Parts > Vehicles > Motor Vehicles > Cars, Trucks & Vans	3KPF34AD3ME305578	https://www.mankatomotors.com/used/Kia/2021-Kia-Forte-61c92038ac181c35d475de4c7139be47.htm?store={store_code}	BLUE	44205 miles	Forte	3KPF34AD3ME305578	2021	18339 USD	MM100	18339 USD	MI	no	Forte	No	Over 15k
5XXG64J28NG141229	2022 Kia K5 GT-Line	Kia	https://www.mankatomotors.com/used/Kia/2022-Kia-K5-1dc6fb17ac183768508a175fa5694009.htm	21000 USD	2022 Ebony Black Kia K5 GT-Line 1.6L i-4 For sale at Mankato Motors in Mankato Minnesota.	https://pictures.web.dealer.com/m/mankatochevrolet/0657/63da53e33538cf57c2d11da8131efe92x.jpg	in stock	USED	OTHER	Vehicles & Parts > Vehicles > Motor Vehicles > Cars, Trucks & Vans	5XXG64J28NG141229	https://www.mankatomotors.com/used/Kia/2022-Kia-K5-1dc6fb17ac183768508a175fa5694009.htm?store={store_code}	BLACK	72813 miles	K5	5XXG64J28NG141229	2022	21000 USD	MM100	21000 USD	MI	no	K5	No	Over 15k
3KPF24AD8PE635367	2023 Kia Forte LXS	Kia	https://www.mankatomotors.com/used/Kia/2023-Kia-Forte-a524326fac183ecbd73d4eae4193ffbc.htm	19339 USD	2023 Aurora Black Kia Forte LXS 2L i-4 For sale at Mankato Motors in Mankato Minnesota.	https://pictures.web.dealer.com/m/mankatochevrolet/0006/26293f4c5773571510f2e50ca1df235dx.jpg	in stock	USED	OTHER	Vehicles & Parts > Vehicles > Motor Vehicles > Cars, Trucks & Vans	3KPF24AD8PE635367	https://www.mankatomotors.com/used/Kia/2023-Kia-Forte-a524326fac183ecbd73d4eae4193ffbc.htm?store={store_code}	BLACK	21362 miles	Forte	3KPF24AD8PE635367	2023	19339 USD	MM100	19339 USD	MI	no	Forte	No	Over 15k
KNDRKDLG8P5188510	2023 Kia Sorento Hybrid SX Prestige	Kia	https://www.mankatomotors.com/used/Kia/2023-Kia-Sorento-Hybrid-8b63d959ac181ba235d0c042b4fb43c7.htm	30339 USD	2023 Steel Gray Kia Sorento SX Prestige 1.6L i-4 For sale at Mankato Motors in Mankato Minnesota.	https://pictures.web.dealer.com/m/mankatonissan/0507/93d55442d7abbfcd14588c2866ea1275x.jpg	in stock	USED	SUV	Vehicles & Parts > Vehicles > Motor Vehicles > Cars, Trucks & Vans	KNDRKDLG8P5188510	https://www.mankatomotors.com/used/Kia/2023-Kia-Sorento-Hybrid-8b63d959ac181ba235d0c042b4fb43c7.htm?store={store_code}	GRAY	53010 miles	Sorento	KNDRKDLG8P5188510	2023	30339 USD	MM100	30339 USD	MI	no	Sorento	No	Over 15k
KNDEUCA75R7516771	2024 Kia Seltos X-Line	Kia	https://www.mankatomotors.com/used/Kia/2024-Kia-Seltos-ac0e2ec8ac183203eae9563746ed4e1d.htm	25000 USD	2024 Steel Gray Kia Seltos X-Line 1.6L i-4 For sale at Mankato Motors in Mankato Minnesota.	https://pictures.web.dealer.com/m/mankatonissan/0188/04745bf3006c35af3584bb02e4f6d858x.jpg	in stock	USED	SUV	Vehicles & Parts > Vehicles > Motor Vehicles > Cars, Trucks & Vans	KNDEUCA75R7516771	https://www.mankatomotors.com/used/Kia/2024-Kia-Seltos-ac0e2ec8ac183203eae9563746ed4e1d.htm?store={store_code}	GRAY	24658 miles	Seltos	KNDEUCA75R7516771	2024	25000 USD	MM100	25000 USD	MI	no	Seltos	No	Over 15k
5LM5J7XC6MGL10929	2021 Lincoln Aviator Reserve	Lincoln	https://www.mankatomotors.com/used/Lincoln/2021-Lincoln-Aviator-af03c718ac184088ef41bc97bfcff9a1.htm	30339 USD	2021 Infinite Black Lincoln Aviator Reserve 3L V-6 For sale at Mankato Motors in Mankato Minnesota.	https://pictures.web.dealer.com/m/mankatonissan/1760/375c5238cd4821f06517ea5444c6e1e2x.jpg	in stock	USED	SUV	Vehicles & Parts > Vehicles > Motor Vehicles > Cars, Trucks & Vans	5LM5J7XC6MGL10929	https://www.mankatomotors.com/used/Lincoln/2021-Lincoln-Aviator-af03c718ac184088ef41bc97bfcff9a1.htm?store={store_code}	BLACK	84425 miles	Aviator	5LM5J7XC6MGL10929	2021	30339 USD	MM100	30339 USD	MI	no	Aviator	No	Over 15k
7MMVABBL1TN454254	2026 Mazda CX-50 2.5 S Preferred	Mazda	https://www.mankatomotors.com/used/Mazda/2026-Mazda-CX-50-f2650158ac18126d7bdb382d6880ea89.htm	27339 USD	2026 Soul Red Crystal Metallic Mazda CX-50 2.5 S Preferred 2.5L i-4 For sale at Mankato Motors in Mankato Minnesota.	https://pictures.web.dealer.com/m/mankatovw/0397/d4556f8f24df99ad04369d5474f72c1cx.jpg	in stock	USED	SUV	Vehicles & Parts > Vehicles > Motor Vehicles > Cars, Trucks & Vans	7MMVABBL1TN454254	https://www.mankatomotors.com/used/Mazda/2026-Mazda-CX-50-f2650158ac18126d7bdb382d6880ea89.htm?store={store_code}	RED	37689 miles	CX-50	7MMVABBL1TN454254	2026	27339 USD	MM100	27339 USD	MI	no	CX-50	No	Over 15k
7MMVABBL3TN462808	2026 Mazda CX-50 2.5 S Preferred	Mazda	https://www.mankatomotors.com/used/Mazda/2026-Mazda-CX-50-f265026dac182cbaa017e7e0420ff358.htm	28739 USD	2026 Soul Red Crystal Metallic Mazda CX-50 2.5 S Preferred 2.5L i-4 For sale at Mankato Motors in Mankato Minnesota.	https://pictures.web.dealer.com/m/mankatovw/0408/4c9b1b178960660bc366575524d6403cx.jpg	in stock	USED	SUV	Vehicles & Parts > Vehicles > Motor Vehicles > Cars, Trucks & Vans	7MMVABBL3TN462808	https://www.mankatomotors.com/used/Mazda/2026-Mazda-CX-50-f265026dac182cbaa017e7e0420ff358.htm?store={store_code}	RED	21988 miles	CX-50	7MMVABBL3TN462808	2026	28739 USD	MM100	28739 USD	MI	no	CX-50	No	Over 15k
1N6AD0CW6DN757810	2013 Nissan Frontier SV	Nissan	https://www.mankatomotors.com/used/Nissan/2013-Nissan-Frontier-5d11957eac1844a957f07faab5e23341.htm	10000 USD	2013 Lava Red Nissan Frontier SV 4L V-6 For sale at Mankato Motors in Mankato Minnesota.	https://pictures.web.dealer.com/m/mankatonissan/1904/d70038f10f58f7fb51e1b96d534eb1cbx.jpg	in stock	USED	TRUCK	Vehicles & Parts > Vehicles > Motor Vehicles > Cars, Trucks & Vans	1N6AD0CW6DN757810	https://www.mankatomotors.com/used/Nissan/2013-Nissan-Frontier-5d11957eac1844a957f07faab5e23341.htm?store={store_code}	RED	173388 miles	Frontier	1N6AD0CW6DN757810	2013	10000 USD	MM100	10000 USD	MI	no	Frontier	No	Under 15k
5N1AZ2MH1HN158136	2017 Nissan Murano S	Nissan	https://www.mankatomotors.com/used/Nissan/2017-Nissan-Murano-901db7bdac180452357e7dbbcf572a46.htm	12239 USD	2017 Magnetic Black Nissan Murano S 3.5L V-6 For sale at Mankato Motors in Mankato Minnesota.	https://pictures.web.dealer.com/m/mankatonissan/0420/a2edcea79c5d1bb44ceb25afc9ef6286x.jpg	in stock	USED	SUV	Vehicles & Parts > Vehicles > Motor Vehicles > Cars, Trucks & Vans	5N1AZ2MH1HN158136	https://www.mankatomotors.com/used/Nissan/2017-Nissan-Murano-901db7bdac180452357e7dbbcf572a46.htm?store={store_code}	BLACK	119977 miles	Murano	5N1AZ2MH1HN158136	2017	12239 USD	MM100	12239 USD	MI	no	Murano	No	Under 15k
5N1AT2MV4KC779087	2019 Nissan Rogue SL	Nissan	https://www.mankatomotors.com/used/Nissan/2019-Nissan-Rogue-95440f09ac1811a5b94575c6803ff85c.htm	17000 USD	2019 Gun Metallic Nissan Rogue SL 2.5L i-4 For sale at Mankato Motors in Mankato Minnesota.	https://pictures.web.dealer.com/m/mankatonissan/0349/21d9ed14c2bbb530ffc8aa7d9e490cc4x.jpg	in stock	USED	SUV	Vehicles & Parts > Vehicles > Motor Vehicles > Cars, Trucks & Vans	5N1AT2MV4KC779087	https://www.mankatomotors.com/used/Nissan/2019-Nissan-Rogue-95440f09ac1811a5b94575c6803ff85c.htm?store={store_code}	GRAY	74688 miles	Rogue	5N1AT2MV4KC779087	2019	17000 USD	MM100	17000 USD	MI	no	Rogue	No	Over 15k
JN8AT2MVXKW396732	2019 Nissan Rogue SV	Nissan	https://www.mankatomotors.com/used/Nissan/2019-Nissan-Rogue-c8c3d0c7ac1829354b5a1418ce7f8a5f.htm	16239 USD	2019 Brilliant Silver Metallic Nissan Rogue SV 2.5L i-4 For sale at Mankato Motors in Mankato Minnesota.	https://pictures.web.dealer.com/m/mankatonissan/1805/ad60c4479cf5aebbe14d8caa9661b360x.jpg	in stock	USED	SUV	Vehicles & Parts > Vehicles > Motor Vehicles > Cars, Trucks & Vans	JN8AT2MVXKW396732	https://www.mankatomotors.com/used/Nissan/2019-Nissan-Rogue-c8c3d0c7ac1829354b5a1418ce7f8a5f.htm?store={store_code}	SILVER	78956 miles	Rogue	JN8AT2MVXKW396732	2019	16239 USD	MM100	16239 USD	MI	no	Rogue	No	Over 15k
5N1AT2MV5KC845923	2019 Nissan Rogue SL	Nissan	https://www.mankatomotors.com/used/Nissan/2019-Nissan-Rogue-c8c3d1bfac183203d1d9fe2510c4bfc2.htm	20339 USD	2019 Magnetic Black Pearl Nissan Rogue SL 2.5L i-4 For sale at Mankato Motors in Mankato Minnesota.	https://pictures.web.dealer.com/m/mankatonissan/1924/f0ab29f75d7b6de57e98a9b993c69edex.jpg	in stock	USED	SUV	Vehicles & Parts > Vehicles > Motor Vehicles > Cars, Trucks & Vans	5N1AT2MV5KC845923	https://www.mankatomotors.com/used/Nissan/2019-Nissan-Rogue-c8c3d1bfac183203d1d9fe2510c4bfc2.htm?store={store_code}	BLACK	47980 miles	Rogue	5N1AT2MV5KC845923	2019	20339 USD	MM100	20339 USD	MI	no	Rogue	No	Over 15k
5N1AT2MV9LC701776	2020 Nissan Rogue SL	Nissan	https://www.mankatomotors.com/used/Nissan/2020-Nissan-Rogue-c8c3d387ac184e0e3aa6268c8b1dfcca.htm	18239 USD	2020 Gun Metallic Nissan Rogue SL 2.5L i-4 For sale at Mankato Motors in Mankato Minnesota.	https://pictures.web.dealer.com/m/mankatonissan/0773/9715204f25d2652fa237540e12b9dae7x.jpg	in stock	USED	SUV	Vehicles & Parts > Vehicles > Motor Vehicles > Cars, Trucks & Vans	5N1AT2MV9LC701776	https://www.mankatomotors.com/used/Nissan/2020-Nissan-Rogue-c8c3d387ac184e0e3aa6268c8b1dfcca.htm?store={store_code}	GRAY	75400 miles	Rogue	5N1AT2MV9LC701776	2020	18239 USD	MM100	18239 USD	MI	no	Rogue	No	Over 15k
5N1AT3CBXMC676630	2021 Nissan Rogue SL	Nissan	https://www.mankatomotors.com/used/Nissan/2021-Nissan-Rogue-d836f7e3ac181a98f5666e5329427ade.htm	18839 USD	2021 Pearl White Tricoat Nissan Rogue SL 2.5L i-4 For sale at Mankato Motors in Mankato Minnesota.	https://pictures.web.dealer.com/m/mankatonissan/0173/6de4a04048336532d2ac70950ae11b0fx.jpg	in stock	USED	SUV	Vehicles & Parts > Vehicles > Motor Vehicles > Cars, Trucks & Vans	5N1AT3CBXMC676630	https://www.mankatomotors.com/used/Nissan/2021-Nissan-Rogue-d836f7e3ac181a98f5666e5329427ade.htm?store={store_code}	WHITE	116006 miles	Rogue	5N1AT3CBXMC676630	2021	18839 USD	MM100	18839 USD	MI	no	Rogue	No	Over 15k
JN1BJ1BW9NW470399	2022 Nissan Rogue Sport SV	Nissan	https://www.mankatomotors.com/used/Nissan/2022-Nissan-Rogue-Sport-c290dd4fac183b7cfe9e7d698dd16085.htm	21000 USD	2022 Gun Metallic Nissan Rogue Sport SV 2L Other For sale at Mankato Motors in Mankato Minnesota.	https://pictures.web.dealer.com/m/mankatonissan/1086/2348a6cf98fcfc0a0e86fb01817b0332x.jpg	in stock	USED	SUV	Vehicles & Parts > Vehicles > Motor Vehicles > Cars, Trucks & Vans	JN1BJ1BW9NW470399	https://www.mankatomotors.com/used/Nissan/2022-Nissan-Rogue-Sport-c290dd4fac183b7cfe9e7d698dd16085.htm?store={store_code}	GRAY	44829 miles	Rogue Sport	JN1BJ1BW9NW470399	2022	21000 USD	MM100	21000 USD	MI	no	Rogue Sport	No	Over 15k
1N6ED1EK6PN673525	2023 Nissan Frontier PRO-4X	Nissan	https://www.mankatomotors.com/used/Nissan/2023-Nissan-Frontier-d3113243ac1804e508f25d87d6e97978.htm	38539 USD	2023 Glacier White Nissan Frontier PRO-4X 3.8L V-6 For sale at Mankato Motors in Mankato Minnesota.	https://pictures.web.dealer.com/m/mankatonissan/1215/76541319d1e51ea0a8e5fabcc3e4c4bcx.jpg	in stock	USED	TRUCK	Vehicles & Parts > Vehicles > Motor Vehicles > Cars, Trucks & Vans	1N6ED1EK6PN673525	https://www.mankatomotors.com/used/Nissan/2023-Nissan-Frontier-d3113243ac1804e508f25d87d6e97978.htm?store={store_code}	WHITE	15330 miles	Frontier	1N6ED1EK6PN673525	2023	38539 USD	MM100	38539 USD	MI	no	Frontier	No	Over 15k
JN8BT3BB9PW491096	2023 Nissan Rogue SV	Nissan	https://www.mankatomotors.com/used/Nissan/2023-Nissan-Rogue-434dd435ac181fb2fad705a4cd2695c3.htm	23799 USD	2023 Gun Metallic Nissan Rogue SV 1.5L i-3 For sale at Mankato Motors in Mankato Minnesota.	https://pictures.web.dealer.com/m/mankatonissan/1966/1a2525d01cf47c5060b904d77869ab84x.jpg	in stock	USED	SUV	Vehicles & Parts > Vehicles > Motor Vehicles > Cars, Trucks & Vans	JN8BT3BB9PW491096	https://www.mankatomotors.com/used/Nissan/2023-Nissan-Rogue-434dd435ac181fb2fad705a4cd2695c3.htm?store={store_code}	GRAY	39637 miles	Rogue	JN8BT3BB9PW491096	2023	23799 USD	MM100	23799 USD	MI	no	Rogue	No	Over 15k
5N1BT3CB3PC820964	2023 Nissan Rogue SL	Nissan	https://www.mankatomotors.com/used/Nissan/2023-Nissan-Rogue-6c11f1deac183d20eebe8ad17ca55c44.htm	25339 USD	2023 Scarlet Ember Tintcoat Nissan Rogue SL 1.5L i-3 For sale at Mankato Motors in Mankato Minnesota.	https://pictures.web.dealer.com/m/mankatonissan/1770/99099d93206891bcf4e851f5f28cab86x.jpg	in stock	USED	SUV	Vehicles & Parts > Vehicles > Motor Vehicles > Cars, Trucks & Vans	5N1BT3CB3PC820964	https://www.mankatomotors.com/used/Nissan/2023-Nissan-Rogue-6c11f1deac183d20eebe8ad17ca55c44.htm?store={store_code}	RED	36150 miles	Rogue	5N1BT3CB3PC820964	2023	25339 USD	MM100	25339 USD	MI	no	Rogue	No	Over 15k
JN1DF0CD5RM738609	2024 Nissan Ariya Platinum+ e-4orce	Nissan	https://www.mankatomotors.com/used/Nissan/2024-Nissan-Ariya-434dd554ac18171cc0df3b9d9bbccdae.htm	33699 USD	2024 Deep Ocean Blue Nissan Ariya Platinum+ e-4orce Other For sale at Mankato Motors in Mankato Minnesota.	https://pictures.web.dealer.com/m/mankatonissan/1504/3e1e0138011a974546962d941a5cc0d6x.jpg	in stock	USED	OTHER	Vehicles & Parts > Vehicles > Motor Vehicles > Cars, Trucks & Vans	JN1DF0CD5RM738609	https://www.mankatomotors.com/used/Nissan/2024-Nissan-Ariya-434dd554ac18171cc0df3b9d9bbccdae.htm?store={store_code}	BLUE	16366 miles	Ariya	JN1DF0CD5RM738609	2024	33699 USD	MM100	33699 USD	MI	no	Ariya	No	Over 15k
JN8BT3CB0RW442550	2024 Nissan Rogue SL	Nissan	https://www.mankatomotors.com/used/Nissan/2024-Nissan-Rogue-cea42e9dac1822ed3b294cb08a402c1e.htm	29339 USD	2024 Deep Ocean Blue Nissan Rogue SL 1.5L Other For sale at Mankato Motors in Mankato Minnesota.	https://pictures.web.dealer.com/m/mankatonissan/0715/d3918802246cb94bbd1a22cda25292cex.jpg	in stock	USED	SUV	Vehicles & Parts > Vehicles > Motor Vehicles > Cars, Trucks & Vans	JN8BT3CB0RW442550	https://www.mankatomotors.com/used/Nissan/2024-Nissan-Rogue-cea42e9dac1822ed3b294cb08a402c1e.htm?store={store_code}	BLUE	20177 miles	Rogue	JN8BT3CB0RW442550	2024	29339 USD	MM100	29339 USD	MI	no	Rogue	No	Over 15k
1N4AZ1BV4SC560362	2025 Nissan Leaf S	Nissan	https://www.mankatomotors.com/used/Nissan/2025-Nissan-Leaf-281062ffac181df8b344ce56ac9e715c.htm	18339 USD	2025 Deep Blue Pearl Nissan Leaf S Other For sale at Mankato Motors in Mankato Minnesota.	https://pictures.web.dealer.com/m/mankatonissan/0135/87178af3a8a1a5201a71dbcfc413481cx.jpg	in stock	USED	OTHER	Vehicles & Parts > Vehicles > Motor Vehicles > Cars, Trucks & Vans	1N4AZ1BV4SC560362	https://www.mankatomotors.com/used/Nissan/2025-Nissan-Leaf-281062ffac181df8b344ce56ac9e715c.htm?store={store_code}	BLUE	10255 miles	Leaf	1N4AZ1BV4SC560362	2025	18339 USD	MM100	18339 USD	MI	no	Leaf	No	Over 15k
3C6TRVBGXJE157982	2018 Ram Promaster 1500 Base	Ram	https://www.mankatomotors.com/used/Ram/2018-Ram-Promaster-1500-3b2533b4ac18393e40fc3430ac1f3400.htm	14000 USD	2018 Bright White Clearcoat Ram Promaster 1500 Base 3.6L V-6 For sale at Mankato Motors in Mankato Minnesota.	https://pictures.web.dealer.com/m/mankatochevrolet/1468/01855ea79846fadb2dc47ad2e997fd9dx.jpg	in stock	USED	VAN	Vehicles & Parts > Vehicles > Motor Vehicles > Cars, Trucks & Vans	3C6TRVBGXJE157982	https://www.mankatomotors.com/used/Ram/2018-Ram-Promaster-1500-3b2533b4ac18393e40fc3430ac1f3400.htm?store={store_code}	WHITE	107958 miles	Promaster 1500	3C6TRVBGXJE157982	2018	14000 USD	MM100	14000 USD	MI	no	Promaster 1500	No	Under 15k
1C6SRFJT3LN342387	2020 Ram 1500 Laramie	Ram	https://www.mankatomotors.com/used/Ram/2020-Ram-1500-5255ddbeac1859bf9bb2d4fd6524f130.htm	36000 USD	2020 Diamond Black Crystal Pearlcoat Ram 1500 Laramie 5.7L V-8 For sale at Mankato Motors in Mankato Minnesota.	https://pictures.web.dealer.com/m/mankatonissan/1677/8daaf46c97e313f1d6d8a2c28f46ecf1x.jpg	in stock	USED	TRUCK	Vehicles & Parts > Vehicles > Motor Vehicles > Cars, Trucks & Vans	1C6SRFJT3LN342387	https://www.mankatomotors.com/used/Ram/2020-Ram-1500-5255ddbeac1859bf9bb2d4fd6524f130.htm?store={store_code}	BLACK	36789 miles	1500	1C6SRFJT3LN342387	2020	36000 USD	MM100	36000 USD	MI	no	1500	No	Over 15k
JF2SKAJC3LH539706	2020 Subaru Forester Premium	Subaru	https://www.mankatomotors.com/used/Subaru/2020-Subaru-Forester-b49c204eac185e19df2a9b92fbfc50c2.htm	19000 USD	2020 Magnetite Gray Metallic Subaru Forester Premium 2.5L i-4 For sale at Mankato Motors in Mankato Minnesota.	https://pictures.web.dealer.com/m/mankatovw/0061/5399ae72d13c89d220c52fa14a5b90b7x.jpg	in stock	USED	OTHER	Vehicles & Parts > Vehicles > Motor Vehicles > Cars, Trucks & Vans	JF2SKAJC3LH539706	https://www.mankatomotors.com/used/Subaru/2020-Subaru-Forester-b49c204eac185e19df2a9b92fbfc50c2.htm?store={store_code}	GRAY	98796 miles	Forester	JF2SKAJC3LH539706	2020	19000 USD	MM100	19000 USD	MI	no	Forester	No	Over 15k
4S4BTANC1M3134492	2021 Subaru Outback Limited	Subaru	https://www.mankatomotors.com/used/Subaru/2021-Subaru-Outback-765bcea7ac1838ffae3a022ab0dc3a8a.htm	23000 USD	2021 Crimson Red Pearl Subaru Outback Limited 2.5L i-4 For sale at Mankato Motors in Mankato Minnesota.	https://pictures.web.dealer.com/m/mankatonissan/1158/475b7556fe92211b90013963db82bc27x.jpg	in stock	USED	OTHER	Vehicles & Parts > Vehicles > Motor Vehicles > Cars, Trucks & Vans	4S4BTANC1M3134492	https://www.mankatomotors.com/used/Subaru/2021-Subaru-Outback-765bcea7ac1838ffae3a022ab0dc3a8a.htm?store={store_code}	RED	77522 miles	Outback	4S4BTANC1M3134492	2021	23000 USD	MM100	23000 USD	MI	no	Outback	No	Over 15k
5TDJZRFH0HS382129	2017 Toyota Highlander XLE	Toyota	https://www.mankatomotors.com/used/Toyota/2017-Toyota-Highlander-ac04fdb8ac184088ef41bc97b76d38f6.htm	21000 USD	2017 Midnight Black Metallic Toyota Highlander XLE 3.5L V-6 For sale at Mankato Motors in Mankato Minnesota.	https://pictures.web.dealer.com/m/mankatochevrolet/1808/08c95449104bf53029a2252772355d3bx.jpg	in stock	USED	SUV	Vehicles & Parts > Vehicles > Motor Vehicles > Cars, Trucks & Vans	5TDJZRFH0HS382129	https://www.mankatomotors.com/used/Toyota/2017-Toyota-Highlander-ac04fdb8ac184088ef41bc97b76d38f6.htm?store={store_code}	BLACK	132451 miles	Highlander	5TDJZRFH0HS382129	2017	21000 USD	MM100	21000 USD	MI	no	Highlander	No	Over 15k
5TDJZRFH4JS550571	2018 Toyota Highlander XLE	Toyota	https://www.mankatomotors.com/used/Toyota/2018-Toyota-Highlander-b31aaebdac1833deba8e7e1b28dc70d0.htm	20000 USD	2018 Predawn Gray Mica Toyota Highlander XLE 3.5L V-6 For sale at Mankato Motors in Mankato Minnesota.	https://pictures.web.dealer.com/m/mankatonissan/1323/0899e4e743be35faf9da7213f47a3d94x.jpg	in stock	USED	SUV	Vehicles & Parts > Vehicles > Motor Vehicles > Cars, Trucks & Vans	5TDJZRFH4JS550571	https://www.mankatomotors.com/used/Toyota/2018-Toyota-Highlander-b31aaebdac1833deba8e7e1b28dc70d0.htm?store={store_code}	GRAY	158763 miles	Highlander	5TDJZRFH4JS550571	2018	20000 USD	MM100	20000 USD	MI	no	Highlander	No	Over 15k
2T3RFREV7JW722884	2018 Toyota RAV4 XLE	Toyota	https://www.mankatomotors.com/used/Toyota/2018-Toyota-RAV4-3e251b24ac184f13ca20cd18876bf0f7.htm	19239 USD	2018 Black Currant Metallic Toyota RAV4 XLE 2.5L i-4 For sale at Mankato Motors in Mankato Minnesota.	https://pictures.web.dealer.com/m/mankatochevrolet/1699/e2b5c9dcf6bf10f3674b4a9e470f6f05x.jpg	in stock	USED	SUV	Vehicles & Parts > Vehicles > Motor Vehicles > Cars, Trucks & Vans	2T3RFREV7JW722884	https://www.mankatomotors.com/used/Toyota/2018-Toyota-RAV4-3e251b24ac184f13ca20cd18876bf0f7.htm?store={store_code}	BLACK	105156 miles	RAV4	2T3RFREV7JW722884	2018	19239 USD	MM100	19239 USD	MI	no	RAV4	No	Over 15k
3TMDZ5BN9MM103322	2021 Toyota Tacoma SR5	Toyota	https://www.mankatomotors.com/used/Toyota/2021-Toyota-Tacoma-2f1f9f7eac180b4132bfb571506161fc.htm	31000 USD	2021 Cement Toyota Tacoma SR5 3.5L V-6 For sale at Mankato Motors in Mankato Minnesota.	https://pictures.web.dealer.com/m/mankatochevrolet/1155/101388494c53bda541785895dfb63915x.jpg	in stock	USED	TRUCK	Vehicles & Parts > Vehicles > Motor Vehicles > Cars, Trucks & Vans	3TMDZ5BN9MM103322	https://www.mankatomotors.com/used/Toyota/2021-Toyota-Tacoma-2f1f9f7eac180b4132bfb571506161fc.htm?store={store_code}	GRAY	81573 miles	Tacoma	3TMDZ5BN9MM103322	2021	31000 USD	MM100	31000 USD	MI	no	Tacoma	No	Over 15k
JTEKU5JR5N6018274	2022 Toyota 4Runner Limited	Toyota	https://www.mankatomotors.com/used/Toyota/2022-Toyota-4Runner-4c1d1229ac1809e136d79eb2df37b07f.htm	40339 USD	2022 Magnetic Gray Metallic Toyota 4Runner Limited 4L V-6 For sale at Mankato Motors in Mankato Minnesota.	https://pictures.web.dealer.com/m/mankatonissan/1990/5fcc05478c00b3319b48a610f679f038x.jpg	in stock	USED	SUV	Vehicles & Parts > Vehicles > Motor Vehicles > Cars, Trucks & Vans	JTEKU5JR5N6018274	https://www.mankatomotors.com/used/Toyota/2022-Toyota-4Runner-4c1d1229ac1809e136d79eb2df37b07f.htm?store={store_code}	GRAY	73848 miles	4Runner	JTEKU5JR5N6018274	2022	40339 USD	MM100	40339 USD	MI	no	4Runner	No	Over 15k
5TDKBRCH5PS109134	2023 Toyota Highlander Hybrid XLE	Toyota	https://www.mankatomotors.com/used/Toyota/2023-Toyota-Highlander-Hybrid-24686abeac180771c28b0c0e8514d2b9.htm	46339 USD	2023 Ruby Flare Pearl Toyota Highlander XLE 2.5L i-4 For sale at Mankato Motors in Mankato Minnesota.	https://pictures.web.dealer.com/m/mankatonissan/0262/009f06f086b8b98dedfeb7b4b6a2114dx.jpg	in stock	USED	SUV	Vehicles & Parts > Vehicles > Motor Vehicles > Cars, Trucks & Vans	5TDKBRCH5PS109134	https://www.mankatomotors.com/used/Toyota/2023-Toyota-Highlander-Hybrid-24686abeac180771c28b0c0e8514d2b9.htm?store={store_code}	RED	4262 miles	Highlander	5TDKBRCH5PS109134	2023	46339 USD	MM100	46339 USD	MI	no	Highlander	No	Over 15k
JTDADABU0R3010635	2024 Toyota Prius Limited	Toyota	https://www.mankatomotors.com/used/Toyota/2024-Toyota-Prius-0aa7d18aac18341fab2e75cbf453da2a.htm	33339 USD	2024 Guardian Gray Toyota Prius Limited 2L i-4 For sale at Mankato Motors in Mankato Minnesota.	https://pictures.web.dealer.com/m/mankatonissan/1259/14cbb803b7077cf109061414b52a1773x.jpg	in stock	USED	OTHER	Vehicles & Parts > Vehicles > Motor Vehicles > Cars, Trucks & Vans	JTDADABU0R3010635	https://www.mankatomotors.com/used/Toyota/2024-Toyota-Prius-0aa7d18aac18341fab2e75cbf453da2a.htm?store={store_code}	GRAY	22554 miles	Prius	JTDADABU0R3010635	2024	33339 USD	MM100	33339 USD	MI	no	Prius	No	Over 15k
WVWBA7AH5AV016539	2010 Volkswagen Eos Komfort Edition	Volkswagen	https://www.mankatomotors.com/used/Volkswagen/2010-Volkswagen-Eos-e285a216ac1804e508f25d87ade8c477.htm	11339 USD	2010 Candy White Volkswagen Eos Komfort Edition 2L Other For sale at Mankato Motors in Mankato Minnesota.	https://pictures.web.dealer.com/m/mankatovw/0332/11c0b8d0abef0c6c4044f9a2a1462004x.jpg	in stock	USED	OTHER	Vehicles & Parts > Vehicles > Motor Vehicles > Cars, Trucks & Vans	WVWBA7AH5AV016539	https://www.mankatomotors.com/used/Volkswagen/2010-Volkswagen-Eos-e285a216ac1804e508f25d87ade8c477.htm?store={store_code}	WHITE	27672 miles	Eos	WVWBA7AH5AV016539	2010	11339 USD	MM100	11339 USD	MI	no	Eos	No	Under 15k
1VWBH7A30CC037813	2012 Volkswagen Passat 2.5 SE	Volkswagen	https://www.mankatomotors.com/used/Volkswagen/2012-Volkswagen-Passat-f71f401fac184d71689b1a513eb1ba61.htm	7339 USD	2012 Candy White Volkswagen Passat 2.5 SE 2.5L i-5 For sale at Mankato Motors in Mankato Minnesota.	https://pictures.web.dealer.com/m/mankatovw/0518/2fadd9cfa249bd617db010658b1d88e4x.jpg	in stock	USED	OTHER	Vehicles & Parts > Vehicles > Motor Vehicles > Cars, Trucks & Vans	1VWBH7A30CC037813	https://www.mankatomotors.com/used/Volkswagen/2012-Volkswagen-Passat-f71f401fac184d71689b1a513eb1ba61.htm?store={store_code}	WHITE	174065 miles	Passat	1VWBH7A30CC037813	2012	7339 USD	MM100	7339 USD	MI	no	Passat	No	Under 15k
1V2BR2CA6NC504216	2022 Volkswagen Atlas SEL	Volkswagen	https://www.mankatomotors.com/used/Volkswagen/2022-Volkswagen-Atlas-29216cf0ac1832e951f5fea7ad28d77e.htm	23339 USD	2022 Pure White Volkswagen Atlas SEL 3.6L V-6 For sale at Mankato Motors in Mankato Minnesota.	https://pictures.web.dealer.com/m/mankatovw/0642/b72b42dfb43e7fc8896fceebd010cdd0x.jpg	in stock	USED	SUV	Vehicles & Parts > Vehicles > Motor Vehicles > Cars, Trucks & Vans	1V2BR2CA6NC504216	https://www.mankatomotors.com/used/Volkswagen/2022-Volkswagen-Atlas-29216cf0ac1832e951f5fea7ad28d77e.htm?store={store_code}	WHITE	103708 miles	Atlas	1V2BR2CA6NC504216	2022	23339 USD	MM100	23339 USD	MI	no	Atlas	No	Over 15k
