id	title	brand	link	vehicle MSRP	description	image_link	availability	condition	product_type	google_product_category	MPN	link_template	color	mileage	model	vin	year	price	store code	MSRP	mileage.unit
3C4PJMC25TT251927	2026 Jeep CHEROKEE OVERLAND 4X4	Jeep	https://www.parkjeepchrysler.com/inventory/new-2026-jeep-cherokee-overland-4x4-sport-utility-3c4pjmc25tt251927/	44155 USD	2026 41 Exterior Paint Jeep Cherokee New 2026 Jeep Cherokee Overland Sport Utility 1.6L I4 For sale at Park Chrysler Jeep in Burnsville Minnesota.	https://vehicle-images.carscommerce.inc/3dba-110005314/3C4PJMC25TT251927/thumbnails/large/22a554a745077ed7c1ae9034bf75679c.jpg	in stock	NEW	SUV	Vehicles & Parts > Vehicles > Motor Vehicles > Cars, Trucks & Vans	3C4PJMC25TT251927	https://www.parkjeepchrysler.com/inventory/new-2026-jeep-cherokee-overland-4x4-sport-utility-3c4pjmc25tt251927/123?store={store_code}	NA	0 miles	Cherokee	3C4PJMC25TT251927	2026	44155 USD	PCJ100	44155 USD	MI
3C4PJMC26TT197389	2026 Jeep CHEROKEE OVERLAND 4X4	Jeep	https://www.parkjeepchrysler.com/inventory/new-2026-jeep-cherokee-overland-4x4-sport-utility-3c4pjmc26tt197389/	42935 USD	2026 41 Exterior Paint Jeep Cherokee New 2026 Jeep Cherokee Overland Sport Utility 1.6L I4 For sale at Park Chrysler Jeep in Burnsville Minnesota.	https://vehicle-images.carscommerce.inc/faa5-110005314/3C4PJMC26TT197389/thumbnails/large/b8b8b12e687aae4aba9a14ecab5a6e03.jpg	in stock	NEW	SUV	Vehicles & Parts > Vehicles > Motor Vehicles > Cars, Trucks & Vans	3C4PJMC26TT197389	https://www.parkjeepchrysler.com/inventory/new-2026-jeep-cherokee-overland-4x4-sport-utility-3c4pjmc26tt197389/123?store={store_code}	NA	0 miles	Cherokee	3C4PJMC26TT197389	2026	42935 USD	PCJ100	42935 USD	MI
3C4NJDBN4TT179802	2026 Jeep COMPASS LATITUDE ALTITUDE 4X4	Jeep	https://www.parkjeepchrysler.com/inventory/new-2026-jeep-compass-latitude-4x4-sport-utility-3c4njdbn4tt179802/	31725 USD	2026 Joose (DISC) Jeep Compass New 2026 Jeep Compass Latitude Sport Utility 2.0L I4 DOHC For sale at Park Chrysler Jeep in Burnsville Minnesota.	https://vehicle-images.carscommerce.inc/b9b8-110005314/3C4NJDBN4TT179802/thumbnails/large/ca43a75019da40c4be895572bcf2e018.jpg	in stock	NEW	SUV	Vehicles & Parts > Vehicles > Motor Vehicles > Cars, Trucks & Vans	3C4NJDBN4TT179802	https://www.parkjeepchrysler.com/inventory/new-2026-jeep-compass-latitude-4x4-sport-utility-3c4njdbn4tt179802/123?store={store_code}	NA	0 miles	Compass	3C4NJDBN4TT179802	2026	31725 USD	PCJ100	31725 USD	MI
1C6RJTEG4TL156645	2026 Jeep GLADIATOR MOJAVE 4X4	Jeep	https://www.parkjeepchrysler.com/inventory/new-2026-jeep-gladiator-mojave-4x4-crew-cab-1c6rjteg4tl156645/	53646 USD	2026 Reign Jeep Gladiator New 2026 Jeep Gladiator Mojave Crew Cab 3.6L V6 24V VVT For sale at Park Chrysler Jeep in Burnsville Minnesota.	https://vehicle-images.carscommerce.inc/4ba4-110005314/1C6RJTEG4TL156645/thumbnails/large/de43ee2b4d54f74dfae0322acc11b3c4.jpg	in stock	NEW	TRUCK	Vehicles & Parts > Vehicles > Motor Vehicles > Cars, Trucks & Vans	1C6RJTEG4TL156645	https://www.parkjeepchrysler.com/inventory/new-2026-jeep-gladiator-mojave-4x4-crew-cab-1c6rjteg4tl156645/123?store={store_code}	NA	0 miles	Gladiator	1C6RJTEG4TL156645	2026	53646 USD	PCJ100	53646 USD	MI
1C6RJTEG6TL161216	2026 Jeep GLADIATOR MOJAVE 4X4	Jeep	https://www.parkjeepchrysler.com/inventory/new-2026-jeep-gladiator-mojave-4x4-crew-cab-1c6rjteg6tl161216/	50702 USD	2026 Mojito (DISC) Jeep Gladiator New 2026 Jeep Gladiator Mojave Crew Cab 3.6L V6 24V VVT For sale at Park Chrysler Jeep in Burnsville Minnesota.	https://vehicle-images.carscommerce.inc/7860-110005314/1C6RJTEG6TL161216/thumbnails/large/65fe412c0352b0c3139d9abbb6625a2d.jpg	in stock	NEW	TRUCK	Vehicles & Parts > Vehicles > Motor Vehicles > Cars, Trucks & Vans	1C6RJTEG6TL161216	https://www.parkjeepchrysler.com/inventory/new-2026-jeep-gladiator-mojave-4x4-crew-cab-1c6rjteg6tl161216/123?store={store_code}	NA	0 miles	Gladiator	1C6RJTEG6TL161216	2026	50702 USD	PCJ100	50702 USD	MI
1C6RJTBG1TL178901	2026 Jeep GLADIATOR SHADOW OPS 4X4	Jeep	https://www.parkjeepchrysler.com/inventory/new-2026-jeep-gladiator-shadow-ops-4x4-crew-cab-1c6rjtbg1tl178901/	55480 USD	2026 Anvil Clearcoat Jeep Gladiator New 2026 Jeep Gladiator Shadow Ops Crew Cab 3.6L V6 24V VVT For sale at Park Chrysler Jeep in Burnsville Minnesota.	https://vehicle-images.carscommerce.inc/9df7-110005314/1C6RJTBG1TL178901/thumbnails/large/4883f836c5b345ad272b89fed044009e.jpg	in stock	NEW	TRUCK	Vehicles & Parts > Vehicles > Motor Vehicles > Cars, Trucks & Vans	1C6RJTBG1TL178901	https://www.parkjeepchrysler.com/inventory/new-2026-jeep-gladiator-shadow-ops-4x4-crew-cab-1c6rjtbg1tl178901/123?store={store_code}	NA	0 miles	Gladiator	1C6RJTBG1TL178901	2026	55480 USD	PCJ100	55480 USD	MI
1C6RJTBG3TL178656	2026 Jeep GLADIATOR SHADOW OPS 4X4	Jeep	https://www.parkjeepchrysler.com/inventory/new-2026-jeep-gladiator-shadow-ops-4x4-crew-cab-1c6rjtbg3tl178656/	57586 USD	2026 Anvil Clearcoat Jeep Gladiator New 2026 Jeep Gladiator Shadow Ops Crew Cab 3.6L V6 24V VVT For sale at Park Chrysler Jeep in Burnsville Minnesota.	https://vehicle-images.carscommerce.inc/a0f1-110005314/1C6RJTBG3TL178656/thumbnails/large/f33b82021e4bd138e6674be6ccdcf146.jpg	in stock	NEW	TRUCK	Vehicles & Parts > Vehicles > Motor Vehicles > Cars, Trucks & Vans	1C6RJTBG3TL178656	https://www.parkjeepchrysler.com/inventory/new-2026-jeep-gladiator-shadow-ops-4x4-crew-cab-1c6rjtbg3tl178656/123?store={store_code}	NA	0 miles	Gladiator	1C6RJTBG3TL178656	2026	57586 USD	PCJ100	57586 USD	MI
1C6RJTBG5TL180893	2026 Jeep GLADIATOR SHADOW OPS 4X4	Jeep	https://www.parkjeepchrysler.com/inventory/new-2026-jeep-gladiator-shadow-ops-4x4-crew-cab-1c6rjtbg5tl180893/	54044 USD	2026 Anvil Clearcoat Jeep Gladiator New 2026 Jeep Gladiator Shadow Ops Crew Cab 3.6L V6 24V VVT For sale at Park Chrysler Jeep in Burnsville Minnesota.	https://vehicle-images.carscommerce.inc/cbc1-110005314/1C6RJTBG5TL180893/thumbnails/large/62c3fae38c3b08d8ff8a616eafb65e0c.jpg	in stock	NEW	TRUCK	Vehicles & Parts > Vehicles > Motor Vehicles > Cars, Trucks & Vans	1C6RJTBG5TL180893	https://www.parkjeepchrysler.com/inventory/new-2026-jeep-gladiator-shadow-ops-4x4-crew-cab-1c6rjtbg5tl180893/123?store={store_code}	NA	0 miles	Gladiator	1C6RJTBG5TL180893	2026	54044 USD	PCJ100	54044 USD	MI
1C6PJTAG0TL185993	2026 Jeep GLADIATOR SPORT S 4X4	Jeep	https://www.parkjeepchrysler.com/inventory/new-2026-jeep-gladiator-sport-s-4x4-crew-cab-1c6pjtag0tl185993/	46510 USD	2026 41 Jeep Gladiator New 2026 Jeep Gladiator Sport S Crew Cab 3.6L V6 24V VVT For sale at Park Chrysler Jeep in Burnsville Minnesota.	https://vehicle-images.carscommerce.inc/63c8-110005314/1C6PJTAG0TL185993/thumbnails/large/2111573bace1594a3fa7201a1ab10f3f.jpg	in stock	NEW	TRUCK	Vehicles & Parts > Vehicles > Motor Vehicles > Cars, Trucks & Vans	1C6PJTAG0TL185993	https://www.parkjeepchrysler.com/inventory/new-2026-jeep-gladiator-sport-s-4x4-crew-cab-1c6pjtag0tl185993/123?store={store_code}	NA	0 miles	Gladiator	1C6PJTAG0TL185993	2026	46510 USD	PCJ100	46510 USD	MI
1C6PJTAG2TL185994	2026 Jeep GLADIATOR SPORT S 4X4	Jeep	https://www.parkjeepchrysler.com/inventory/new-2026-jeep-gladiator-sport-s-4x4-crew-cab-1c6pjtag2tl185994/	50015 USD	2026 Anvil Clearcoat Jeep Gladiator New 2026 Jeep Gladiator Sport S Crew Cab 3.6L V6 24V VVT For sale at Park Chrysler Jeep in Burnsville Minnesota.	https://vehicle-images.carscommerce.inc/e2c8-110005314/1C6PJTAG2TL185994/thumbnails/large/aa7f57df5adc4a15d93ab0c89d7cb7f5.jpg	in stock	NEW	TRUCK	Vehicles & Parts > Vehicles > Motor Vehicles > Cars, Trucks & Vans	1C6PJTAG2TL185994	https://www.parkjeepchrysler.com/inventory/new-2026-jeep-gladiator-sport-s-4x4-crew-cab-1c6pjtag2tl185994/123?store={store_code}	NA	0 miles	Gladiator	1C6PJTAG2TL185994	2026	50015 USD	PCJ100	50015 USD	MI
1C4RJHBR9TC304509	2026 Jeep GRAND CHEROKEE LIMITED 4X4	Jeep	https://www.parkjeepchrysler.com/inventory/new-2026-jeep-grand-cherokee-limited-4x4-sport-utility-1c4rjhbr9tc304509/	54180 USD	2026 Bright White Clearcoat Jeep Grand Cherokee New 2026 Jeep Grand Cherokee Limited Sport Utility For sale at Park Chrysler Jeep in Burnsville Minnesota.	https://vehicle-images.carscommerce.inc/5a65-110005314/1C4RJHBR9TC304509/thumbnails/large/531369beff82847c828f836446613b89.jpg	in stock	NEW	SUV	Vehicles & Parts > Vehicles > Motor Vehicles > Cars, Trucks & Vans	1C4RJHBR9TC304509	https://www.parkjeepchrysler.com/inventory/new-2026-jeep-grand-cherokee-limited-4x4-sport-utility-1c4rjhbr9tc304509/123?store={store_code}	WHITE	0 miles	Grand Cherokee	1C4RJHBR9TC304509	2026	54180 USD	PCJ100	54180 USD	MI
3C4RJACK6TT214747	2026 Jeep JEEP RECON MOAB	Jeep	https://www.parkjeepchrysler.com/inventory/new-2026-jeep-recon-moab-4x4-sport-utility-3c4rjack6tt214747/	72925 USD	2026 41 Exterior Paint Jeep Recon New 2026 Jeep Recon Moab Sport Utility 400V G2500 FR/RR Elec Drive Motors For sale at Park Chrysler Jeep in Burnsville Minnesota.	https://vehicle-images.carscommerce.inc/5ff5-110005314/3C4RJACK6TT214747/thumbnails/large/9fb6e4b266a4566248dc0b7e734617a4.jpg	in stock	NEW	SUV	Vehicles & Parts > Vehicles > Motor Vehicles > Cars, Trucks & Vans	3C4RJACK6TT214747	https://www.parkjeepchrysler.com/inventory/new-2026-jeep-recon-moab-4x4-sport-utility-3c4rjack6tt214747/123?store={store_code}	NA	0 miles	Recon	3C4RJACK6TT214747	2026	72925 USD	PCJ100	72925 USD	MI
1C4RJXSJ0TW214734	2026 Jeep WRANGLER 4-DOOR MOAB 392	Jeep	https://www.parkjeepchrysler.com/inventory/new-2026-jeep-wrangler-moab-392-4x4-4-door-1c4rjxsj0tw214734/	82967 USD	2026 41 Jeep Wrangler New 2026 Jeep Wrangler Moab 392 4-door SRT HEMI 6.4L V8 MDS For sale at Park Chrysler Jeep in Burnsville Minnesota.	https://vehicle-images.carscommerce.inc/94f8-110005314/1C4RJXSJ0TW214734/thumbnails/large/f5da249909f56c1a8a77c2e2a4cb82f7.jpg	in stock	NEW	SUV	Vehicles & Parts > Vehicles > Motor Vehicles > Cars, Trucks & Vans	1C4RJXSJ0TW214734	https://www.parkjeepchrysler.com/inventory/new-2026-jeep-wrangler-moab-392-4x4-4-door-1c4rjxsj0tw214734/123?store={store_code}	NA	0 miles	Wrangler	1C4RJXSJ0TW214734	2026	82967 USD	PCJ100	82967 USD	MI
1C4RJXSJ3TW284938	2026 Jeep WRANGLER 4-DOOR MOAB 392	Jeep	https://www.parkjeepchrysler.com/inventory/new-2026-jeep-wrangler-moab-392-4x4-4-door-1c4rjxsj3tw284938/	80546 USD	2026 Anvil Clearcoat Jeep Wrangler New 2026 Jeep Wrangler Moab 392 4-door SRT HEMI 6.4L V8 MDS For sale at Park Chrysler Jeep in Burnsville Minnesota.	https://vehicle-images.carscommerce.inc/2d40-110005314/1C4RJXSJ3TW284938/thumbnails/large/a2bca958a75be0067fbd3aae8d3f59a2.jpg	in stock	NEW	SUV	Vehicles & Parts > Vehicles > Motor Vehicles > Cars, Trucks & Vans	1C4RJXSJ3TW284938	https://www.parkjeepchrysler.com/inventory/new-2026-jeep-wrangler-moab-392-4x4-4-door-1c4rjxsj3tw284938/123?store={store_code}	NA	0 miles	Wrangler	1C4RJXSJ3TW284938	2026	80546 USD	PCJ100	80546 USD	MI
1C4PJXFG0TW287320	2026 Jeep WRANGLER 4-DOOR RUBICON	Jeep	https://www.parkjeepchrysler.com/inventory/new-2026-jeep-wrangler-rubicon-4x4-4-door-1c4pjxfg0tw287320/	53240 USD	2026 Joose Jeep Wrangler New 2026 Jeep Wrangler Rubicon 4-door 3.6L V6 24V VVT For sale at Park Chrysler Jeep in Burnsville Minnesota.	https://vehicle-images.carscommerce.inc/615c-110005314/1C4PJXFG0TW287320/thumbnails/large/dfe3e72c6d3b20f085f5ab0227b2b4c3.jpg	in stock	NEW	SUV	Vehicles & Parts > Vehicles > Motor Vehicles > Cars, Trucks & Vans	1C4PJXFG0TW287320	https://www.parkjeepchrysler.com/inventory/new-2026-jeep-wrangler-rubicon-4x4-4-door-1c4pjxfg0tw287320/123?store={store_code}	NA	0 miles	Wrangler	1C4PJXFG0TW287320	2026	53240 USD	PCJ100	53240 USD	MI
1C4PJXFG3TW183758	2026 Jeep WRANGLER 4-DOOR RUBICON	Jeep	https://www.parkjeepchrysler.com/inventory/new-2026-jeep-wrangler-rubicon-4x4-4-door-1c4pjxfg3tw183758/	54135 USD	2026 Reign Jeep Wrangler New 2026 Jeep Wrangler Rubicon 4-door 3.6L V6 24V VVT For sale at Park Chrysler Jeep in Burnsville Minnesota.	https://vehicle-images.carscommerce.inc/e2ee-110005314/1C4PJXFG3TW183758/thumbnails/large/6d09a33c0fba5645becaa55af4430272.jpg	in stock	NEW	SUV	Vehicles & Parts > Vehicles > Motor Vehicles > Cars, Trucks & Vans	1C4PJXFG3TW183758	https://www.parkjeepchrysler.com/inventory/new-2026-jeep-wrangler-rubicon-4x4-4-door-1c4pjxfg3tw183758/123?store={store_code}	NA	0 miles	Wrangler	1C4PJXFG3TW183758	2026	54135 USD	PCJ100	54135 USD	MI
1C4PJXFG3TW278241	2026 Jeep WRANGLER 4-DOOR RUBICON	Jeep	https://www.parkjeepchrysler.com/inventory/new-2026-jeep-wrangler-rubicon-4x4-4-door-1c4pjxfg3tw278241/	56305 USD	2026 Mojito Clearcoat Jeep Wrangler New 2026 Jeep Wrangler Rubicon 4-door 3.6L V6 24V VVT For sale at Park Chrysler Jeep in Burnsville Minnesota.	https://vehicle-images.carscommerce.inc/d972-110005314/1C4PJXFG3TW278241/thumbnails/large/e456fb3963197ad540243a8693c6e271.jpg	in stock	NEW	SUV	Vehicles & Parts > Vehicles > Motor Vehicles > Cars, Trucks & Vans	1C4PJXFG3TW278241	https://www.parkjeepchrysler.com/inventory/new-2026-jeep-wrangler-rubicon-4x4-4-door-1c4pjxfg3tw278241/123?store={store_code}	NA	0 miles	Wrangler	1C4PJXFG3TW278241	2026	56305 USD	PCJ100	56305 USD	MI
1C4PJXFG5TW183759	2026 Jeep WRANGLER 4-DOOR RUBICON	Jeep	https://www.parkjeepchrysler.com/inventory/new-2026-jeep-wrangler-rubicon-4x4-4-door-1c4pjxfg5tw183759/	54135 USD	2026 Reign Jeep Wrangler New 2026 Jeep Wrangler Rubicon 4-door 3.6L V6 24V VVT For sale at Park Chrysler Jeep in Burnsville Minnesota.	https://vehicle-images.carscommerce.inc/b209-110005314/1C4PJXFG5TW183759/thumbnails/large/9828421749147018ba37c175eaaf780d.jpg	in stock	NEW	SUV	Vehicles & Parts > Vehicles > Motor Vehicles > Cars, Trucks & Vans	1C4PJXFG5TW183759	https://www.parkjeepchrysler.com/inventory/new-2026-jeep-wrangler-rubicon-4x4-4-door-1c4pjxfg5tw183759/123?store={store_code}	NA	0 miles	Wrangler	1C4PJXFG5TW183759	2026	54135 USD	PCJ100	54135 USD	MI
1C4PJXFG7TW289162	2026 Jeep WRANGLER 4-DOOR RUBICON	Jeep	https://www.parkjeepchrysler.com/inventory/new-2026-jeep-wrangler-rubicon-4x4-4-door-1c4pjxfg7tw289162/	54205 USD	2026 Anvil Clearcoat Jeep Wrangler New 2026 Jeep Wrangler Rubicon 4-door 3.6L V6 24V VVT For sale at Park Chrysler Jeep in Burnsville Minnesota.	https://vehicle-images.carscommerce.inc/f79b-110005314/1C4PJXFG7TW289162/thumbnails/large/b90e9b5878b1addee8c2e83748b2981f.jpg	in stock	NEW	SUV	Vehicles & Parts > Vehicles > Motor Vehicles > Cars, Trucks & Vans	1C4PJXFG7TW289162	https://www.parkjeepchrysler.com/inventory/new-2026-jeep-wrangler-rubicon-4x4-4-door-1c4pjxfg7tw289162/123?store={store_code}	NA	0 miles	Wrangler	1C4PJXFG7TW289162	2026	54205 USD	PCJ100	54205 USD	MI
1C4PJXFN2TW195964	2026 Jeep WRANGLER 4-DOOR RUBICON	Jeep	https://www.parkjeepchrysler.com/inventory/new-2026-jeep-wrangler-rubicon-4x4-4-door-1c4pjxfn2tw195964/	52340 USD	2026 Anvil Clearcoat Jeep Wrangler New 2026 Jeep Wrangler Rubicon 4-door 2.0L I4 DOHC For sale at Park Chrysler Jeep in Burnsville Minnesota.	https://vehicle-images.carscommerce.inc/24a9-110005314/1C4PJXFN2TW195964/thumbnails/large/1b1cd5b7f44fc17a796c4fb717313c45.jpg	in stock	NEW	SUV	Vehicles & Parts > Vehicles > Motor Vehicles > Cars, Trucks & Vans	1C4PJXFN2TW195964	https://www.parkjeepchrysler.com/inventory/new-2026-jeep-wrangler-rubicon-4x4-4-door-1c4pjxfn2tw195964/123?store={store_code}	NA	0 miles	Wrangler	1C4PJXFN2TW195964	2026	52340 USD	PCJ100	52340 USD	MI
1C4PJXFN2TW296681	2026 Jeep WRANGLER 4-DOOR RUBICON	Jeep	https://www.parkjeepchrysler.com/inventory/new-2026-jeep-wrangler-rubicon-4x4-4-door-1c4pjxfn2tw296681/	51990 USD	2026 Joose Jeep Wrangler New 2026 Jeep Wrangler Rubicon 4-door 2.0L I4 DOHC For sale at Park Chrysler Jeep in Burnsville Minnesota.	https://vehicle-images.carscommerce.inc/8c65-110005314/1C4PJXFN2TW296681/thumbnails/large/8bd4043176849225055915744a25881c.jpg	in stock	NEW	SUV	Vehicles & Parts > Vehicles > Motor Vehicles > Cars, Trucks & Vans	1C4PJXFN2TW296681	https://www.parkjeepchrysler.com/inventory/new-2026-jeep-wrangler-rubicon-4x4-4-door-1c4pjxfn2tw296681/123?store={store_code}	NA	0 miles	Wrangler	1C4PJXFN2TW296681	2026	51990 USD	PCJ100	51990 USD	MI
1C4PJXFN7TW296675	2026 Jeep WRANGLER 4-DOOR RUBICON	Jeep	https://www.parkjeepchrysler.com/inventory/new-2026-jeep-wrangler-rubicon-4x4-4-door-1c4pjxfn7tw296675/	51990 USD	2026 41 Jeep Wrangler New 2026 Jeep Wrangler Rubicon 4-door 2.0L I4 DOHC For sale at Park Chrysler Jeep in Burnsville Minnesota.	https://vehicle-images.carscommerce.inc/9a2b-110005314/1C4PJXFN7TW296675/thumbnails/large/5fbe18bc2f1bf81e893f244caf5df93c.jpg	in stock	NEW	SUV	Vehicles & Parts > Vehicles > Motor Vehicles > Cars, Trucks & Vans	1C4PJXFN7TW296675	https://www.parkjeepchrysler.com/inventory/new-2026-jeep-wrangler-rubicon-4x4-4-door-1c4pjxfn7tw296675/123?store={store_code}	NA	0 miles	Wrangler	1C4PJXFN7TW296675	2026	51990 USD	PCJ100	51990 USD	MI
1C4PJXFN9TW296676	2026 Jeep WRANGLER 4-DOOR RUBICON	Jeep	https://www.parkjeepchrysler.com/inventory/new-2026-jeep-wrangler-rubicon-4x4-4-door-1c4pjxfn9tw296676/	51990 USD	2026 Anvil Clearcoat Jeep Wrangler New 2026 Jeep Wrangler Rubicon 4-door 2.0L I4 DOHC For sale at Park Chrysler Jeep in Burnsville Minnesota.	https://vehicle-images.carscommerce.inc/70c4-110005314/1C4PJXFN9TW296676/thumbnails/large/ff4760545e0076dc74de83a796cddeff.jpg	in stock	NEW	SUV	Vehicles & Parts > Vehicles > Motor Vehicles > Cars, Trucks & Vans	1C4PJXFN9TW296676	https://www.parkjeepchrysler.com/inventory/new-2026-jeep-wrangler-rubicon-4x4-4-door-1c4pjxfn9tw296676/123?store={store_code}	NA	0 miles	Wrangler	1C4PJXFN9TW296676	2026	51990 USD	PCJ100	51990 USD	MI
1C4RJXFG7TW332584	2026 Jeep WRANGLER 4-DOOR RUBICON	Jeep	https://www.parkjeepchrysler.com/inventory/new-2026-jeep-wrangler-rubicon-4x4-4-door-1c4rjxfg7tw332584/	61355 USD	2026 Tuscadero Pearlcoat Jeep Wrangler New 2026 Jeep Wrangler Rubicon 4-door 3.6L V6 24V VVT For sale at Park Chrysler Jeep in Burnsville Minnesota.	https://vehicle-images.carscommerce.inc/9c94-110005314/1C4RJXFG7TW332584/thumbnails/large/7d54764f1282a2abd066c4167546ccb7.jpg	in stock	NEW	SUV	Vehicles & Parts > Vehicles > Motor Vehicles > Cars, Trucks & Vans	1C4RJXFG7TW332584	https://www.parkjeepchrysler.com/inventory/new-2026-jeep-wrangler-rubicon-4x4-4-door-1c4rjxfg7tw332584/123?store={store_code}	NA	0 miles	Wrangler	1C4RJXFG7TW332584	2026	61355 USD	PCJ100	61355 USD	MI
1C4PJXCN3TW216762	2026 Jeep WRANGLER 2-DOOR RUBICON X	Jeep	https://www.parkjeepchrysler.com/inventory/new-2026-jeep-wrangler-rubicon-x-4x4-2-door-1c4pjxcn3tw216762/	62725 USD	2026 Reign Jeep Wrangler New 2026 Jeep Wrangler Rubicon X 2-door 2.0L I4 DOHC For sale at Park Chrysler Jeep in Burnsville Minnesota.	https://vehicle-images.carscommerce.inc/e733-110005314/1C4PJXCN3TW216762/thumbnails/large/d2c1ad2818a64281c9dc5f8523364da4.jpg	in stock	NEW	SUV	Vehicles & Parts > Vehicles > Motor Vehicles > Cars, Trucks & Vans	1C4PJXCN3TW216762	https://www.parkjeepchrysler.com/inventory/new-2026-jeep-wrangler-rubicon-x-4x4-2-door-1c4pjxcn3tw216762/123?store={store_code}	NA	0 miles	Wrangler	1C4PJXCN3TW216762	2026	62725 USD	PCJ100	62725 USD	MI
1C4RJXFG2TW181654	2026 Jeep WRANGLER 4-DOOR RUBICON X	Jeep	https://www.parkjeepchrysler.com/inventory/new-2026-jeep-wrangler-rubicon-x-4x4-4-door-1c4rjxfg2tw181654/	84248 USD	2026 Reign Jeep Wrangler New 2026 Jeep Wrangler Rubicon X 4-door 3.6L V6 24V VVT For sale at Park Chrysler Jeep in Burnsville Minnesota.	https://vehicle-images.carscommerce.inc/24f8-110005314/1C4RJXFG2TW181654/thumbnails/large/5216b17a3c28e497d1a29b980fa8e0b3.jpg	in stock	NEW	SUV	Vehicles & Parts > Vehicles > Motor Vehicles > Cars, Trucks & Vans	1C4RJXFG2TW181654	https://www.parkjeepchrysler.com/inventory/new-2026-jeep-wrangler-rubicon-x-4x4-4-door-1c4rjxfg2tw181654/123?store={store_code}	NA	0 miles	Wrangler	1C4RJXFG2TW181654	2026	84248 USD	PCJ100	84248 USD	MI
1C4RJXFG6TW271227	2026 Jeep WRANGLER 4-DOOR RUBICON X	Jeep	https://www.parkjeepchrysler.com/inventory/new-2026-jeep-wrangler-rubicon-x-4x4-4-door-1c4rjxfg6tw271227/	65600 USD	2026 Mojito Clearcoat Jeep Wrangler New 2026 Jeep Wrangler Rubicon X 4-door 3.6L V6 24V VVT For sale at Park Chrysler Jeep in Burnsville Minnesota.	https://vehicle-images.carscommerce.inc/3355-110005314/1C4RJXFG6TW271227/thumbnails/large/94db380e52f0f3eb39185d960d2150e5.jpg	in stock	NEW	SUV	Vehicles & Parts > Vehicles > Motor Vehicles > Cars, Trucks & Vans	1C4RJXFG6TW271227	https://www.parkjeepchrysler.com/inventory/new-2026-jeep-wrangler-rubicon-x-4x4-4-door-1c4rjxfg6tw271227/123?store={store_code}	NA	0 miles	Wrangler	1C4RJXFG6TW271227	2026	65600 USD	PCJ100	65600 USD	MI
1C4RJXFG6TW321432	2026 Jeep WRANGLER 4-DOOR RUBICON X	Jeep	https://www.parkjeepchrysler.com/inventory/new-2026-jeep-wrangler-rubicon-x-4x4-4-door-1c4rjxfg6tw321432/	64750 USD	2026 Anvil Clearcoat Jeep Wrangler New 2026 Jeep Wrangler Rubicon X 4-door 3.6L V6 24V VVT For sale at Park Chrysler Jeep in Burnsville Minnesota.	https://vehicle-images.carscommerce.inc/a8e9-110005314/1C4RJXFG6TW321432/thumbnails/large/1c901b4602a6219881e7174fb5f3bec2.jpg	in stock	NEW	SUV	Vehicles & Parts > Vehicles > Motor Vehicles > Cars, Trucks & Vans	1C4RJXFG6TW321432	https://www.parkjeepchrysler.com/inventory/new-2026-jeep-wrangler-rubicon-x-4x4-4-door-1c4rjxfg6tw321432/123?store={store_code}	NA	0 miles	Wrangler	1C4RJXFG6TW321432	2026	64750 USD	PCJ100	64750 USD	MI
1C4PJXEG5TW328297	2026 Jeep WRANGLER 4-DOOR SAHARA	Jeep	https://www.parkjeepchrysler.com/inventory/new-2026-jeep-wrangler-sahara-4x4-4-door-1c4pjxeg5tw328297/	52805 USD	2026 Anvil Clear-Coat Exterior Paint Jeep Wrangler New 2026 Jeep Wrangler Sahara 4-door 3.6L V6 24V VVT For sale at Park Chrysler Jeep in Burnsville Minnesota.	https://vehicle-images.carscommerce.inc/7713-110005314/1C4PJXEG5TW328297/thumbnails/large/81dccefd6a0329572d4c2adf76a3c874.jpg	in stock	NEW	SUV	Vehicles & Parts > Vehicles > Motor Vehicles > Cars, Trucks & Vans	1C4PJXEG5TW328297	https://www.parkjeepchrysler.com/inventory/new-2026-jeep-wrangler-sahara-4x4-4-door-1c4pjxeg5tw328297/123?store={store_code}	NA	0 miles	Wrangler	1C4PJXEG5TW328297	2026	52805 USD	PCJ100	52805 USD	MI
1C4PJXEN3TW342052	2026 Jeep WRANGLER 4-DOOR SAHARA	Jeep	https://www.parkjeepchrysler.com/inventory/new-2026-jeep-wrangler-sahara-4x4-4-door-1c4pjxen3tw342052/	50865 USD	2026 41 Exterior Paint Jeep Wrangler New 2026 Jeep Wrangler Sahara 4-door 2.0L I4 DOHC For sale at Park Chrysler Jeep in Burnsville Minnesota.	https://vehicle-images.carscommerce.inc/e1ea-110005314/1C4PJXEN3TW342052/thumbnails/large/c1be5197326900632e46b4a4b84ccf4c.jpg	in stock	NEW	SUV	Vehicles & Parts > Vehicles > Motor Vehicles > Cars, Trucks & Vans	1C4PJXEN3TW342052	https://www.parkjeepchrysler.com/inventory/new-2026-jeep-wrangler-sahara-4x4-4-door-1c4pjxen3tw342052/123?store={store_code}	NA	0 miles	Wrangler	1C4PJXEN3TW342052	2026	50865 USD	PCJ100	50865 USD	MI
1C4PJXEN5TW342053	2026 Jeep WRANGLER 4-DOOR SAHARA	Jeep	https://www.parkjeepchrysler.com/inventory/new-2026-jeep-wrangler-sahara-4x4-4-door-1c4pjxen5tw342053/	50865 USD	2026 Anvil Clear-Coat Exterior Paint Jeep Wrangler New 2026 Jeep Wrangler Sahara 4-door 2.0L I4 DOHC For sale at Park Chrysler Jeep in Burnsville Minnesota.	https://vehicle-images.carscommerce.inc/70b4-110005314/1C4PJXEN5TW342053/thumbnails/large/3156afb6418ab06e78054d9562b534d6.jpg	in stock	NEW	SUV	Vehicles & Parts > Vehicles > Motor Vehicles > Cars, Trucks & Vans	1C4PJXEN5TW342053	https://www.parkjeepchrysler.com/inventory/new-2026-jeep-wrangler-sahara-4x4-4-door-1c4pjxen5tw342053/123?store={store_code}	NA	0 miles	Wrangler	1C4PJXEN5TW342053	2026	50865 USD	PCJ100	50865 USD	MI
1C4PJXAN2TW324230	2026 Jeep WRANGLER 2-DOOR SPORT S	Jeep	https://www.parkjeepchrysler.com/inventory/new-2026-jeep-wrangler-sport-s-4x4-2-door-1c4pjxan2tw324230/	47510 USD	2026 Tuscadero Pearlcoat Jeep Wrangler New 2026 Jeep Wrangler Sport S 2-door 2.0L I4 DOHC For sale at Park Chrysler Jeep in Burnsville Minnesota.	https://vehicle-images.carscommerce.inc/b81b-110005314/1C4PJXAN2TW324230/thumbnails/large/bef8aedd7b83458df90e11e410075a7b.jpg	in stock	NEW	SUV	Vehicles & Parts > Vehicles > Motor Vehicles > Cars, Trucks & Vans	1C4PJXAN2TW324230	https://www.parkjeepchrysler.com/inventory/new-2026-jeep-wrangler-sport-s-4x4-2-door-1c4pjxan2tw324230/123?store={store_code}	NA	0 miles	Wrangler	1C4PJXAN2TW324230	2026	47510 USD	PCJ100	47510 USD	MI
1C4PJXDG5TW316006	2026 Jeep WRANGLER 4-DOOR WILLYS	Jeep	https://www.parkjeepchrysler.com/inventory/new-2026-jeep-wrangler-willys-4x4-4-door-1c4pjxdg5tw316006/	52720 USD	2026 Tuscadero Pearlcoat Jeep Wrangler New 2026 Jeep Wrangler Willys 4-door 3.6L V6 24V VVT For sale at Park Chrysler Jeep in Burnsville Minnesota.	https://vehicle-images.carscommerce.inc/6755-110005314/1C4PJXDG5TW316006/thumbnails/large/f6e1adfbbd26a428b0103f80710ac805.jpg	in stock	NEW	SUV	Vehicles & Parts > Vehicles > Motor Vehicles > Cars, Trucks & Vans	1C4PJXDG5TW316006	https://www.parkjeepchrysler.com/inventory/new-2026-jeep-wrangler-willys-4x4-4-door-1c4pjxdg5tw316006/123?store={store_code}	NA	0 miles	Wrangler	1C4PJXDG5TW316006	2026	52720 USD	PCJ100	52720 USD	MI
1C4RJKBR7V8156413	2027 Jeep Limited 4x4	Jeep	https://www.parkjeepchrysler.com/inventory/new-2027-jeep-grand-cherokee-l-limited-4x4-sport-utility-1c4rjkbr7v8156413/	52955 USD	2027 Bright White Clearcoat Jeep Grand Cherokee L New 2027 Jeep Grand Cherokee L Limited Sport Utility For sale at Park Chrysler Jeep in Burnsville Minnesota.	https://vehicle-images.carscommerce.inc/b8a7-110005314/1C4RJKBR7V8156413/thumbnails/large/949f03ac592ee7e6b6523f6525120292.jpg	in stock	NEW	SUV	Vehicles & Parts > Vehicles > Motor Vehicles > Cars, Trucks & Vans	1C4RJKBR7V8156413	https://www.parkjeepchrysler.com/inventory/new-2027-jeep-grand-cherokee-l-limited-4x4-sport-utility-1c4rjkbr7v8156413/123?store={store_code}	WHITE	0 miles	Grand Cherokee L	1C4RJKBR7V8156413	2027	52955 USD	PCJ100	52955 USD	MI
1C4RJHBR5VC570130	2027 Jeep Limited 4x4	Jeep	https://www.parkjeepchrysler.com/inventory/new-2027-jeep-grand-cherokee-limited-4x4-sport-utility-1c4rjhbr5vc570130/	51790 USD	2027 Bright White Clearcoat Jeep Grand Cherokee New 2027 Jeep Grand Cherokee Limited Sport Utility For sale at Park Chrysler Jeep in Burnsville Minnesota.	https://vehicle-images.carscommerce.inc/aacf-110005314/1C4RJHBR5VC570130/thumbnails/large/9148c321a7c5556b57cbedf517728882.jpg	in stock	NEW	SUV	Vehicles & Parts > Vehicles > Motor Vehicles > Cars, Trucks & Vans	1C4RJHBR5VC570130	https://www.parkjeepchrysler.com/inventory/new-2027-jeep-grand-cherokee-limited-4x4-sport-utility-1c4rjhbr5vc570130/123?store={store_code}	WHITE	0 miles	Grand Cherokee	1C4RJHBR5VC570130	2027	51790 USD	PCJ100	51790 USD	MI
1C4PJXEG8VW568141	2027 Jeep Sahara 4 Door 4x4	Jeep	https://www.parkjeepchrysler.com/inventory/new-2027-jeep-wrangler-sahara-4x4-4-door-1c4pjxeg8vw568141/	58645 USD	2027 Bright White Clearcoat Jeep Wrangler New 2027 Jeep Wrangler Sahara 4-door For sale at Park Chrysler Jeep in Burnsville Minnesota.	https://vehicle-images.carscommerce.inc/5e62-110005314/1C4PJXEG8VW568141/thumbnails/large/27317d058f3013fd0a429e542ebe3f16.jpg	in stock	NEW	SUV	Vehicles & Parts > Vehicles > Motor Vehicles > Cars, Trucks & Vans	1C4PJXEG8VW568141	https://www.parkjeepchrysler.com/inventory/new-2027-jeep-wrangler-sahara-4x4-4-door-1c4pjxeg8vw568141/123?store={store_code}	WHITE	0 miles	Wrangler	1C4PJXEG8VW568141	2027	58645 USD	PCJ100	58645 USD	MI
1C4RJXSJ9RW128959	2024 Jeep Wrangler Rubicon 392 4WD 4D Sport Utility	Jeep	https://www.parkjeepchrysler.com/inventory/certified-used-2024-jeep-wrangler-rubicon-392-4wd-4d-sport-utility-1c4rjxsj9rw128959/	69229 USD	2024 Blue Jeep Wrangler Used 2024 Jeep Wrangler Rubicon 392 4D Sport Utility SRT HEMI 6.4L V8 MDS For sale at Park Chrysler Jeep in Burnsville Minnesota.	https://vehicle-images.carscommerce.inc/1ae2-110005314/1C4RJXSJ9RW128959/thumbnails/large/1f3552305db8b3402ae5f540f476042f.jpg	in stock	USED	SUV	Vehicles & Parts > Vehicles > Motor Vehicles > Cars, Trucks & Vans	1C4RJXSJ9RW128959	https://www.parkjeepchrysler.com/inventory/certified-used-2024-jeep-wrangler-rubicon-392-4wd-4d-sport-utility-1c4rjxsj9rw128959/123?store={store_code}	BLUE	11380 miles	Wrangler	1C4RJXSJ9RW128959	2024	69229 USD	PCJ100	69229 USD	MI
2C4RC3BG0TR248236	2026 Chrysler PACIFICA SELECT AWD	Chrysler	https://www.parkjeepchrysler.com/inventory/new-2026-chrysler-pacifica-select-awd-passenger-van-2c4rc3bg0tr248236/	44425 USD	2026 Bright White Clear-Coat Exterior Paint Chrysler Pacifica New 2026 Chrysler Pacifica Select Passenger Van 3.6L V6 24V VVT For sale at Park Chrysler Jeep in Burnsville Minnesota.	https://vehicle-images.carscommerce.inc/4889-110005314/2C4RC3BG0TR248236/thumbnails/large/445eba87b30ad41c1d2d7e3187411bc5.jpg	in stock	NEW	VAN	Vehicles & Parts > Vehicles > Motor Vehicles > Cars, Trucks & Vans	2C4RC3BG0TR248236	https://www.parkjeepchrysler.com/inventory/new-2026-chrysler-pacifica-select-awd-passenger-van-2c4rc3bg0tr248236/123?store={store_code}	WHITE	0 miles	Pacifica	2C4RC3BG0TR248236	2026	44425 USD	PCJ100	44425 USD	MI
2C4RC3BG5TR248233	2026 Chrysler PACIFICA SELECT AWD	Chrysler	https://www.parkjeepchrysler.com/inventory/new-2026-chrysler-pacifica-select-awd-passenger-van-2c4rc3bg5tr248233/	42480 USD	2026 Bright White Clear-Coat Exterior Paint Chrysler Pacifica New 2026 Chrysler Pacifica Select Passenger Van 3.6L V6 24V VVT For sale at Park Chrysler Jeep in Burnsville Minnesota.	https://vehicle-images.carscommerce.inc/70ff-110005314/2C4RC3BG5TR248233/thumbnails/large/565af38c5a95ae33ff159ab166ebb3e5.jpg	in stock	NEW	VAN	Vehicles & Parts > Vehicles > Motor Vehicles > Cars, Trucks & Vans	2C4RC3BG5TR248233	https://www.parkjeepchrysler.com/inventory/new-2026-chrysler-pacifica-select-awd-passenger-van-2c4rc3bg5tr248233/123?store={store_code}	WHITE	0 miles	Pacifica	2C4RC3BG5TR248233	2026	42480 USD	PCJ100	42480 USD	MI
2C4RC3BG8TR188173	2026 Chrysler PACIFICA SELECT AWD	Chrysler	https://www.parkjeepchrysler.com/inventory/new-2026-chrysler-pacifica-select-awd-passenger-van-2c4rc3bg8tr188173/	42225 USD	2026 Red Hot Pearl-Coat Exterior Paint Chrysler Pacifica New 2026 Chrysler Pacifica Select Passenger Van 3.6L V6 24V VVT For sale at Park Chrysler Jeep in Burnsville Minnesota.	https://vehicle-images.carscommerce.inc/b4ca-110005314/2C4RC3BG8TR188173/thumbnails/large/c49327946e9b3ee8c3e037875313243f.jpg	in stock	NEW	VAN	Vehicles & Parts > Vehicles > Motor Vehicles > Cars, Trucks & Vans	2C4RC3BG8TR188173	https://www.parkjeepchrysler.com/inventory/new-2026-chrysler-pacifica-select-awd-passenger-van-2c4rc3bg8tr188173/123?store={store_code}	RED	0 miles	Pacifica	2C4RC3BG8TR188173	2026	42225 USD	PCJ100	42225 USD	MI
2C4RC3BG9TR248235	2026 Chrysler PACIFICA SELECT AWD	Chrysler	https://www.parkjeepchrysler.com/inventory/new-2026-chrysler-pacifica-select-awd-passenger-van-2c4rc3bg9tr248235/	42975 USD	2026 Red Hot Pearl-Coat Exterior Paint Chrysler Pacifica New 2026 Chrysler Pacifica Select Passenger Van 3.6L V6 24V VVT For sale at Park Chrysler Jeep in Burnsville Minnesota.	https://vehicle-images.carscommerce.inc/489b-110005314/2C4RC3BG9TR248235/thumbnails/large/63d7f3091752a9c8752bbe8e0315323f.jpg	in stock	NEW	VAN	Vehicles & Parts > Vehicles > Motor Vehicles > Cars, Trucks & Vans	2C4RC3BG9TR248235	https://www.parkjeepchrysler.com/inventory/new-2026-chrysler-pacifica-select-awd-passenger-van-2c4rc3bg9tr248235/123?store={store_code}	RED	0 miles	Pacifica	2C4RC3BG9TR248235	2026	42975 USD	PCJ100	42975 USD	MI
2C4RC1CG5TR214022	2026 Chrysler VOYAGER LX	Chrysler	https://www.parkjeepchrysler.com/inventory/new-2026-chrysler-voyager-lx-fwd-passenger-van-2c4rc1cg5tr214022/	40715 USD	2026 Diamond Black Crystal Pearl-Coat Exterior Paint Chrysler Voyager New 2026 Chrysler Voyager LX Passenger Van 3.6L V6 24V VVT For sale at Park Chrysler Jeep in Burnsville Minnesota.	https://vehicle-images.carscommerce.inc/37b6-110005314/2C4RC1CG5TR214022/thumbnails/large/40ae2259e7295feece9377ff6e125b19.jpg	in stock	NEW	VAN	Vehicles & Parts > Vehicles > Motor Vehicles > Cars, Trucks & Vans	2C4RC1CG5TR214022	https://www.parkjeepchrysler.com/inventory/new-2026-chrysler-voyager-lx-fwd-passenger-van-2c4rc1cg5tr214022/123?store={store_code}	BLACK	0 miles	Voyager	2C4RC1CG5TR214022	2026	40715 USD	PCJ100	40715 USD	MI
2C4RC1CG7TR180763	2026 Chrysler VOYAGER LX	Chrysler	https://www.parkjeepchrysler.com/inventory/new-2026-chrysler-voyager-lx-fwd-passenger-van-2c4rc1cg7tr180763/	40985 USD	2026 Red Hot Pearl-Coat Exterior Paint Chrysler Voyager New 2026 Chrysler Voyager LX Passenger Van 3.6L V6 24V VVT For sale at Park Chrysler Jeep in Burnsville Minnesota.	https://vehicle-images.carscommerce.inc/82c3-110005314/2C4RC1CG7TR180763/thumbnails/large/9dcdc83d8810e245e94564b33e36790c.jpg	in stock	NEW	VAN	Vehicles & Parts > Vehicles > Motor Vehicles > Cars, Trucks & Vans	2C4RC1CG7TR180763	https://www.parkjeepchrysler.com/inventory/new-2026-chrysler-voyager-lx-fwd-passenger-van-2c4rc1cg7tr180763/123?store={store_code}	RED	0 miles	Voyager	2C4RC1CG7TR180763	2026	40985 USD	PCJ100	40985 USD	MI
3C4PJMB21TT273487	2026 Jeep CHEROKEE 85TH ANNIVERSARY EDITION 4X4	Jeep	https://www.parkjeepchrysler.com/inventory/new-2026-jeep-cherokee-4x4-sport-utility-3c4pjmb21tt273487/	42340 USD	2026 Bright White Clearcoat Jeep Cherokee New 2026 Jeep Cherokee Sport Utility 1.6L I4 For sale at Park Chrysler Jeep in Burnsville Minnesota.	https://vehicle-images.carscommerce.inc/cfac-110005314/3C4PJMB21TT273487/thumbnails/large/b394b2cac7fa7ee1eb912311ebb68ec8.jpg	in stock	NEW	SUV	Vehicles & Parts > Vehicles > Motor Vehicles > Cars, Trucks & Vans	3C4PJMB21TT273487	https://www.parkjeepchrysler.com/inventory/new-2026-jeep-cherokee-4x4-sport-utility-3c4pjmb21tt273487/123?store={store_code}	WHITE	0 miles	Cherokee	3C4PJMB21TT273487	2026	42340 USD	PCJ100	42340 USD	MI
3C4PJMB22TT273482	2026 Jeep CHEROKEE 85TH ANNIVERSARY EDITION 4X4	Jeep	https://www.parkjeepchrysler.com/inventory/new-2026-jeep-cherokee-4x4-sport-utility-3c4pjmb22tt273482/	39750 USD	2026 Bright White Clearcoat Jeep Cherokee New 2026 Jeep Cherokee Sport Utility 1.6L I4 For sale at Park Chrysler Jeep in Burnsville Minnesota.	https://vehicle-images.carscommerce.inc/1151-110005314/3C4PJMB22TT273482/thumbnails/large/dfee716af840e526f848e16c2f0cb553.jpg	in stock	NEW	SUV	Vehicles & Parts > Vehicles > Motor Vehicles > Cars, Trucks & Vans	3C4PJMB22TT273482	https://www.parkjeepchrysler.com/inventory/new-2026-jeep-cherokee-4x4-sport-utility-3c4pjmb22tt273482/123?store={store_code}	WHITE	0 miles	Cherokee	3C4PJMB22TT273482	2026	39750 USD	PCJ100	39750 USD	MI
3C4PJMB24TT273483	2026 Jeep CHEROKEE 85TH ANNIVERSARY EDITION 4X4	Jeep	https://www.parkjeepchrysler.com/inventory/new-2026-jeep-cherokee-4x4-sport-utility-3c4pjmb24tt273483/	40345 USD	2026 Diamond Black Crystal Pearlcoat Jeep Cherokee New 2026 Jeep Cherokee Sport Utility 1.6L I4 For sale at Park Chrysler Jeep in Burnsville Minnesota.	https://vehicle-images.carscommerce.inc/1bc1-110005314/3C4PJMB24TT273483/thumbnails/large/5ae028a923573a1a3456abf00a4a0752.jpg	in stock	NEW	SUV	Vehicles & Parts > Vehicles > Motor Vehicles > Cars, Trucks & Vans	3C4PJMB24TT273483	https://www.parkjeepchrysler.com/inventory/new-2026-jeep-cherokee-4x4-sport-utility-3c4pjmb24tt273483/123?store={store_code}	BLACK	0 miles	Cherokee	3C4PJMB24TT273483	2026	40345 USD	PCJ100	40345 USD	MI
3C4PJMB26TT273484	2026 Jeep CHEROKEE 85TH ANNIVERSARY EDITION 4X4	Jeep	https://www.parkjeepchrysler.com/inventory/new-2026-jeep-cherokee-4x4-sport-utility-3c4pjmb26tt273484/	40345 USD	2026 Silver Zynith Clearcoat Jeep Cherokee New 2026 Jeep Cherokee Sport Utility 1.6L I4 For sale at Park Chrysler Jeep in Burnsville Minnesota.	https://vehicle-images.carscommerce.inc/3785-110005314/3C4PJMB26TT273484/thumbnails/large/18679212944ed3e82873800188b6f70e.jpg	in stock	NEW	SUV	Vehicles & Parts > Vehicles > Motor Vehicles > Cars, Trucks & Vans	3C4PJMB26TT273484	https://www.parkjeepchrysler.com/inventory/new-2026-jeep-cherokee-4x4-sport-utility-3c4pjmb26tt273484/123?store={store_code}	SILVER	0 miles	Cherokee	3C4PJMB26TT273484	2026	40345 USD	PCJ100	40345 USD	MI
3C4PJMB28TT273485	2026 Jeep CHEROKEE 85TH ANNIVERSARY EDITION 4X4	Jeep	https://www.parkjeepchrysler.com/inventory/new-2026-jeep-cherokee-4x4-sport-utility-3c4pjmb28tt273485/	41345 USD	2026 Bright White Clearcoat Jeep Cherokee New 2026 Jeep Cherokee Sport Utility 1.6L I4 For sale at Park Chrysler Jeep in Burnsville Minnesota.	https://vehicle-images.carscommerce.inc/5260-110005314/3C4PJMB28TT273485/thumbnails/large/80e6ae58912d67ffaa7c6cbb4b48ca0c.jpg	in stock	NEW	SUV	Vehicles & Parts > Vehicles > Motor Vehicles > Cars, Trucks & Vans	3C4PJMB28TT273485	https://www.parkjeepchrysler.com/inventory/new-2026-jeep-cherokee-4x4-sport-utility-3c4pjmb28tt273485/123?store={store_code}	WHITE	0 miles	Cherokee	3C4PJMB28TT273485	2026	41345 USD	PCJ100	41345 USD	MI
3C4PJMB23TT231600	2026 Jeep CHEROKEE LAREDO 4X4	Jeep	https://www.parkjeepchrysler.com/inventory/new-2026-jeep-cherokee-laredo-4x4-sport-utility-3c4pjmb23tt231600/	36915 USD	2026 Diamond Black Crystal Pearlcoat Jeep Cherokee New 2026 Jeep Cherokee Laredo Sport Utility 1.6L I4 For sale at Park Chrysler Jeep in Burnsville Minnesota.	https://vehicle-images.carscommerce.inc/99d8-110005314/3C4PJMB23TT231600/thumbnails/large/75efd8e0e382a5596678648c21ede724.jpg	in stock	NEW	SUV	Vehicles & Parts > Vehicles > Motor Vehicles > Cars, Trucks & Vans	3C4PJMB23TT231600	https://www.parkjeepchrysler.com/inventory/new-2026-jeep-cherokee-laredo-4x4-sport-utility-3c4pjmb23tt231600/123?store={store_code}	BLACK	0 miles	Cherokee	3C4PJMB23TT231600	2026	36915 USD	PCJ100	36915 USD	MI
3C4PJMB23TT250616	2026 Jeep CHEROKEE LAREDO 4X4	Jeep	https://www.parkjeepchrysler.com/inventory/new-2026-jeep-cherokee-laredo-4x4-sport-utility-3c4pjmb23tt250616/	36690 USD	2026 Diamond Black Crystal Pearlcoat Jeep Cherokee New 2026 Jeep Cherokee Laredo Sport Utility 1.6L I4 For sale at Park Chrysler Jeep in Burnsville Minnesota.	https://vehicle-images.carscommerce.inc/ce71-110005314/3C4PJMB23TT250616/thumbnails/large/7646ff9b5dec7981b65bcf719d331a81.jpg	in stock	NEW	SUV	Vehicles & Parts > Vehicles > Motor Vehicles > Cars, Trucks & Vans	3C4PJMB23TT250616	https://www.parkjeepchrysler.com/inventory/new-2026-jeep-cherokee-laredo-4x4-sport-utility-3c4pjmb23tt250616/123?store={store_code}	BLACK	0 miles	Cherokee	3C4PJMB23TT250616	2026	36690 USD	PCJ100	36690 USD	MI
3C4PJMB25TT231596	2026 Jeep CHEROKEE LAREDO 4X4	Jeep	https://www.parkjeepchrysler.com/inventory/new-2026-jeep-cherokee-laredo-4x4-sport-utility-3c4pjmb25tt231596/	36915 USD	2026 Diamond Black Crystal Pearlcoat Jeep Cherokee New 2026 Jeep Cherokee Laredo Sport Utility 1.6L I4 For sale at Park Chrysler Jeep in Burnsville Minnesota.	https://vehicle-images.carscommerce.inc/fb71-110005314/3C4PJMB25TT231596/thumbnails/large/3d33c3362c49288febd2cce2cb337c84.jpg	in stock	NEW	SUV	Vehicles & Parts > Vehicles > Motor Vehicles > Cars, Trucks & Vans	3C4PJMB25TT231596	https://www.parkjeepchrysler.com/inventory/new-2026-jeep-cherokee-laredo-4x4-sport-utility-3c4pjmb25tt231596/123?store={store_code}	BLACK	0 miles	Cherokee	3C4PJMB25TT231596	2026	36915 USD	PCJ100	36915 USD	MI
3C4PJMB26TT246026	2026 Jeep CHEROKEE LAREDO 4X4	Jeep	https://www.parkjeepchrysler.com/inventory/new-2026-jeep-cherokee-laredo-4x4-sport-utility-3c4pjmb26tt246026/	36690 USD	2026 Sting-Gray Clearcoat Jeep Cherokee New 2026 Jeep Cherokee Laredo Sport Utility 1.6L I4 For sale at Park Chrysler Jeep in Burnsville Minnesota.	https://vehicle-images.carscommerce.inc/2147-110005314/3C4PJMB26TT246026/thumbnails/large/f0a3a442bc27e2f387d615b5ae15e94a.jpg	in stock	NEW	SUV	Vehicles & Parts > Vehicles > Motor Vehicles > Cars, Trucks & Vans	3C4PJMB26TT246026	https://www.parkjeepchrysler.com/inventory/new-2026-jeep-cherokee-laredo-4x4-sport-utility-3c4pjmb26tt246026/123?store={store_code}	GRAY	0 miles	Cherokee	3C4PJMB26TT246026	2026	36690 USD	PCJ100	36690 USD	MI
3C4PJMB27TT231597	2026 Jeep CHEROKEE LAREDO 4X4	Jeep	https://www.parkjeepchrysler.com/inventory/new-2026-jeep-cherokee-laredo-4x4-sport-utility-3c4pjmb27tt231597/	36320 USD	2026 Red Hot Pearlcoat Jeep Cherokee New 2026 Jeep Cherokee Laredo Sport Utility 1.6L I4 For sale at Park Chrysler Jeep in Burnsville Minnesota.	https://vehicle-images.carscommerce.inc/ec89-110005314/3C4PJMB27TT231597/thumbnails/large/40d7983a6f54e49708e95b98af066613.jpg	in stock	NEW	SUV	Vehicles & Parts > Vehicles > Motor Vehicles > Cars, Trucks & Vans	3C4PJMB27TT231597	https://www.parkjeepchrysler.com/inventory/new-2026-jeep-cherokee-laredo-4x4-sport-utility-3c4pjmb27tt231597/123?store={store_code}	RED	0 miles	Cherokee	3C4PJMB27TT231597	2026	36320 USD	PCJ100	36320 USD	MI
3C4PJMB27TT246021	2026 Jeep CHEROKEE LAREDO 4X4	Jeep	https://www.parkjeepchrysler.com/inventory/new-2026-jeep-cherokee-laredo-4x4-sport-utility-3c4pjmb27tt246021/	36095 USD	2026 Bright White Clearcoat Jeep Cherokee New 2026 Jeep Cherokee Laredo Sport Utility 1.6L I4 For sale at Park Chrysler Jeep in Burnsville Minnesota.	https://vehicle-images.carscommerce.inc/43fd-110005314/3C4PJMB27TT246021/thumbnails/large/116b02b34f20d7a8adc3b4aac2b4d4e9.jpg	in stock	NEW	SUV	Vehicles & Parts > Vehicles > Motor Vehicles > Cars, Trucks & Vans	3C4PJMB27TT246021	https://www.parkjeepchrysler.com/inventory/new-2026-jeep-cherokee-laredo-4x4-sport-utility-3c4pjmb27tt246021/123?store={store_code}	WHITE	0 miles	Cherokee	3C4PJMB27TT246021	2026	36095 USD	PCJ100	36095 USD	MI
3C4PJMB2XTT239256	2026 Jeep CHEROKEE LAREDO 4X4	Jeep	https://www.parkjeepchrysler.com/inventory/new-2026-jeep-cherokee-laredo-4x4-sport-utility-3c4pjmb2xtt239256/	36915 USD	2026 Sting-Gray Clearcoat Jeep Cherokee New 2026 Jeep Cherokee Laredo Sport Utility 1.6L I4 For sale at Park Chrysler Jeep in Burnsville Minnesota.	https://vehicle-images.carscommerce.inc/8c74-110005314/3C4PJMB2XTT239256/thumbnails/large/58b8ec855058beca1e91fe366f63f0ef.jpg	in stock	NEW	SUV	Vehicles & Parts > Vehicles > Motor Vehicles > Cars, Trucks & Vans	3C4PJMB2XTT239256	https://www.parkjeepchrysler.com/inventory/new-2026-jeep-cherokee-laredo-4x4-sport-utility-3c4pjmb2xtt239256/123?store={store_code}	GRAY	0 miles	Cherokee	3C4PJMB2XTT239256	2026	36915 USD	PCJ100	36915 USD	MI
3C4PJMB20TT239265	2026 Jeep CHEROKEE LIMITED 4X4	Jeep	https://www.parkjeepchrysler.com/inventory/new-2026-jeep-cherokee-limited-4x4-sport-utility-3c4pjmb20tt239265/	40685 USD	2026 Red Hot Pearlcoat Jeep Cherokee New 2026 Jeep Cherokee Limited Sport Utility 1.6L I4 For sale at Park Chrysler Jeep in Burnsville Minnesota.	https://vehicle-images.carscommerce.inc/f789-110005314/3C4PJMB20TT239265/thumbnails/large/8195f3f60e1b275d7a572cbe26eda60f.jpg	in stock	NEW	SUV	Vehicles & Parts > Vehicles > Motor Vehicles > Cars, Trucks & Vans	3C4PJMB20TT239265	https://www.parkjeepchrysler.com/inventory/new-2026-jeep-cherokee-limited-4x4-sport-utility-3c4pjmb20tt239265/123?store={store_code}	RED	0 miles	Cherokee	3C4PJMB20TT239265	2026	40685 USD	PCJ100	40685 USD	MI
3C4PJMB21TT249044	2026 Jeep CHEROKEE LIMITED 4X4	Jeep	https://www.parkjeepchrysler.com/inventory/new-2026-jeep-cherokee-limited-4x4-sport-utility-3c4pjmb21tt249044/	39685 USD	2026 Diamond Black Crystal Pearlcoat Jeep Cherokee New 2026 Jeep Cherokee Limited Sport Utility 1.6L I4 For sale at Park Chrysler Jeep in Burnsville Minnesota.	https://vehicle-images.carscommerce.inc/1039-110005314/3C4PJMB21TT249044/thumbnails/large/5701357fce9edf7828a661953651e49e.jpg	in stock	NEW	SUV	Vehicles & Parts > Vehicles > Motor Vehicles > Cars, Trucks & Vans	3C4PJMB21TT249044	https://www.parkjeepchrysler.com/inventory/new-2026-jeep-cherokee-limited-4x4-sport-utility-3c4pjmb21tt249044/123?store={store_code}	BLACK	0 miles	Cherokee	3C4PJMB21TT249044	2026	39685 USD	PCJ100	39685 USD	MI
3C4PJMB21TT269035	2026 Jeep CHEROKEE LIMITED 4X4	Jeep	https://www.parkjeepchrysler.com/inventory/new-2026-jeep-cherokee-limited-4x4-sport-utility-3c4pjmb21tt269035/	39685 USD	2026 Diamond Black Crystal Pearlcoat Jeep Cherokee New 2026 Jeep Cherokee Limited Sport Utility 1.6L I4 For sale at Park Chrysler Jeep in Burnsville Minnesota.	https://vehicle-images.carscommerce.inc/9c17-110005314/3C4PJMB21TT269035/thumbnails/large/a5cfcace61f735a9660e0688ef268d94.jpg	in stock	NEW	SUV	Vehicles & Parts > Vehicles > Motor Vehicles > Cars, Trucks & Vans	3C4PJMB21TT269035	https://www.parkjeepchrysler.com/inventory/new-2026-jeep-cherokee-limited-4x4-sport-utility-3c4pjmb21tt269035/123?store={store_code}	BLACK	0 miles	Cherokee	3C4PJMB21TT269035	2026	39685 USD	PCJ100	39685 USD	MI
3C4PJMB23TT232536	2026 Jeep CHEROKEE LIMITED 4X4	Jeep	https://www.parkjeepchrysler.com/inventory/new-2026-jeep-cherokee-limited-4x4-sport-utility-3c4pjmb23tt232536/	40680 USD	2026 Diamond Black Crystal Pearlcoat Jeep Cherokee New 2026 Jeep Cherokee Limited Sport Utility 1.6L I4 For sale at Park Chrysler Jeep in Burnsville Minnesota.	https://vehicle-images.carscommerce.inc/70b2-110005314/3C4PJMB23TT232536/thumbnails/large/32324f996784fcb01948eb0c07c9d55f.jpg	in stock	NEW	SUV	Vehicles & Parts > Vehicles > Motor Vehicles > Cars, Trucks & Vans	3C4PJMB23TT232536	https://www.parkjeepchrysler.com/inventory/new-2026-jeep-cherokee-limited-4x4-sport-utility-3c4pjmb23tt232536/123?store={store_code}	BLACK	0 miles	Cherokee	3C4PJMB23TT232536	2026	40680 USD	PCJ100	40680 USD	MI
3C4PJMB23TT249045	2026 Jeep CHEROKEE LIMITED 4X4	Jeep	https://www.parkjeepchrysler.com/inventory/new-2026-jeep-cherokee-limited-4x4-sport-utility-3c4pjmb23tt249045/	39685 USD	2026 Sting-Gray Clearcoat Jeep Cherokee New 2026 Jeep Cherokee Limited Sport Utility 1.6L I4 For sale at Park Chrysler Jeep in Burnsville Minnesota.	https://vehicle-images.carscommerce.inc/7427-110005314/3C4PJMB23TT249045/thumbnails/large/0457ecd84fce6adc642a17af5401c2e5.jpg	in stock	NEW	SUV	Vehicles & Parts > Vehicles > Motor Vehicles > Cars, Trucks & Vans	3C4PJMB23TT249045	https://www.parkjeepchrysler.com/inventory/new-2026-jeep-cherokee-limited-4x4-sport-utility-3c4pjmb23tt249045/123?store={store_code}	GRAY	0 miles	Cherokee	3C4PJMB23TT249045	2026	39685 USD	PCJ100	39685 USD	MI
3C4PJMB23TT269036	2026 Jeep CHEROKEE LIMITED 4X4	Jeep	https://www.parkjeepchrysler.com/inventory/new-2026-jeep-cherokee-limited-4x4-sport-utility-3c4pjmb23tt269036/	39685 USD	2026 Sting-Gray Clearcoat Jeep Cherokee New 2026 Jeep Cherokee Limited Sport Utility 1.6L I4 For sale at Park Chrysler Jeep in Burnsville Minnesota.	https://vehicle-images.carscommerce.inc/fc25-110005314/3C4PJMB23TT269036/thumbnails/large/633ed85d83e1d8b10462f75776f24531.jpg	in stock	NEW	SUV	Vehicles & Parts > Vehicles > Motor Vehicles > Cars, Trucks & Vans	3C4PJMB23TT269036	https://www.parkjeepchrysler.com/inventory/new-2026-jeep-cherokee-limited-4x4-sport-utility-3c4pjmb23tt269036/123?store={store_code}	GRAY	0 miles	Cherokee	3C4PJMB23TT269036	2026	39685 USD	PCJ100	39685 USD	MI
3C4PJMB24TT256523	2026 Jeep CHEROKEE LIMITED 4X4	Jeep	https://www.parkjeepchrysler.com/inventory/new-2026-jeep-cherokee-limited-4x4-sport-utility-3c4pjmb24tt256523/	39090 USD	2026 Bright White Clearcoat Jeep Cherokee New 2026 Jeep Cherokee Limited Sport Utility 1.6L I4 For sale at Park Chrysler Jeep in Burnsville Minnesota.	https://vehicle-images.carscommerce.inc/17f6-110005314/3C4PJMB24TT256523/thumbnails/large/c15bf0462e5a1ba3330d8711539b6bf4.jpg	in stock	NEW	SUV	Vehicles & Parts > Vehicles > Motor Vehicles > Cars, Trucks & Vans	3C4PJMB24TT256523	https://www.parkjeepchrysler.com/inventory/new-2026-jeep-cherokee-limited-4x4-sport-utility-3c4pjmb24tt256523/123?store={store_code}	WHITE	0 miles	Cherokee	3C4PJMB24TT256523	2026	39090 USD	PCJ100	39090 USD	MI
3C4PJMB25TT269040	2026 Jeep CHEROKEE LIMITED 4X4	Jeep	https://www.parkjeepchrysler.com/inventory/new-2026-jeep-cherokee-limited-4x4-sport-utility-3c4pjmb25tt269040/	40680 USD	2026 Sting-Gray Clearcoat Jeep Cherokee New 2026 Jeep Cherokee Limited Sport Utility 1.6L I4 For sale at Park Chrysler Jeep in Burnsville Minnesota.	https://vehicle-images.carscommerce.inc/681a-110005314/3C4PJMB25TT269040/thumbnails/large/ecbafcf2eebae1c6a9ec23006ddf4d62.jpg	in stock	NEW	SUV	Vehicles & Parts > Vehicles > Motor Vehicles > Cars, Trucks & Vans	3C4PJMB25TT269040	https://www.parkjeepchrysler.com/inventory/new-2026-jeep-cherokee-limited-4x4-sport-utility-3c4pjmb25tt269040/123?store={store_code}	GRAY	0 miles	Cherokee	3C4PJMB25TT269040	2026	40680 USD	PCJ100	40680 USD	MI
3C4PJMB26TT217836	2026 Jeep CHEROKEE LIMITED 4X4	Jeep	https://www.parkjeepchrysler.com/inventory/new-2026-jeep-cherokee-limited-4x4-sport-utility-3c4pjmb26tt217836/	41280 USD	2026 Silver Zynith Clearcoat Jeep Cherokee New 2026 Jeep Cherokee Limited Sport Utility 1.6L I4 For sale at Park Chrysler Jeep in Burnsville Minnesota.	https://vehicle-images.carscommerce.inc/567d-110005314/3C4PJMB26TT217836/thumbnails/large/b02b0f6d8576b73e4375e7cc9126dcdc.jpg	in stock	NEW	SUV	Vehicles & Parts > Vehicles > Motor Vehicles > Cars, Trucks & Vans	3C4PJMB26TT217836	https://www.parkjeepchrysler.com/inventory/new-2026-jeep-cherokee-limited-4x4-sport-utility-3c4pjmb26tt217836/123?store={store_code}	SILVER	0 miles	Cherokee	3C4PJMB26TT217836	2026	41280 USD	PCJ100	41280 USD	MI
3C4PJMB26TT228044	2026 Jeep CHEROKEE LIMITED 4X4	Jeep	https://www.parkjeepchrysler.com/inventory/new-2026-jeep-cherokee-limited-4x4-sport-utility-3c4pjmb26tt228044/	39090 USD	2026 Bright White Clearcoat Jeep Cherokee New 2026 Jeep Cherokee Limited Sport Utility 1.6L I4 For sale at Park Chrysler Jeep in Burnsville Minnesota.	https://vehicle-images.carscommerce.inc/b87b-110005314/3C4PJMB26TT228044/thumbnails/large/f4c9d7a3d2625fcbfbd5179900e53fdc.jpg	in stock	NEW	SUV	Vehicles & Parts > Vehicles > Motor Vehicles > Cars, Trucks & Vans	3C4PJMB26TT228044	https://www.parkjeepchrysler.com/inventory/new-2026-jeep-cherokee-limited-4x4-sport-utility-3c4pjmb26tt228044/123?store={store_code}	WHITE	0 miles	Cherokee	3C4PJMB26TT228044	2026	39090 USD	PCJ100	39090 USD	MI
3C4PJMB26TT256524	2026 Jeep CHEROKEE LIMITED 4X4	Jeep	https://www.parkjeepchrysler.com/inventory/new-2026-jeep-cherokee-limited-4x4-sport-utility-3c4pjmb26tt256524/	39685 USD	2026 Diamond Black Crystal Pearlcoat Jeep Cherokee New 2026 Jeep Cherokee Limited Sport Utility 1.6L I4 For sale at Park Chrysler Jeep in Burnsville Minnesota.	https://vehicle-images.carscommerce.inc/8170-110005314/3C4PJMB26TT256524/thumbnails/large/6dffcbf2dd8773cdda1958eed66e1114.jpg	in stock	NEW	SUV	Vehicles & Parts > Vehicles > Motor Vehicles > Cars, Trucks & Vans	3C4PJMB26TT256524	https://www.parkjeepchrysler.com/inventory/new-2026-jeep-cherokee-limited-4x4-sport-utility-3c4pjmb26tt256524/123?store={store_code}	BLACK	0 miles	Cherokee	3C4PJMB26TT256524	2026	39685 USD	PCJ100	39685 USD	MI
3C4PJMB27TT236167	2026 Jeep CHEROKEE LIMITED 4X4	Jeep	https://www.parkjeepchrysler.com/inventory/new-2026-jeep-cherokee-limited-4x4-sport-utility-3c4pjmb27tt236167/	39090 USD	2026 Hydro Blue Pearlcoat Jeep Cherokee New 2026 Jeep Cherokee Limited Sport Utility 1.6L I4 For sale at Park Chrysler Jeep in Burnsville Minnesota.	https://vehicle-images.carscommerce.inc/499f-110005314/3C4PJMB27TT236167/thumbnails/large/2608254ef9fae0463a4ed66e85c2902a.jpg	in stock	NEW	SUV	Vehicles & Parts > Vehicles > Motor Vehicles > Cars, Trucks & Vans	3C4PJMB27TT236167	https://www.parkjeepchrysler.com/inventory/new-2026-jeep-cherokee-limited-4x4-sport-utility-3c4pjmb27tt236167/123?store={store_code}	BLUE	0 miles	Cherokee	3C4PJMB27TT236167	2026	39090 USD	PCJ100	39090 USD	MI
3C4PJMB27TT239263	2026 Jeep CHEROKEE LIMITED 4X4	Jeep	https://www.parkjeepchrysler.com/inventory/new-2026-jeep-cherokee-limited-4x4-sport-utility-3c4pjmb27tt239263/	40685 USD	2026 Hydro Blue Pearlcoat Jeep Cherokee New 2026 Jeep Cherokee Limited Sport Utility 1.6L I4 For sale at Park Chrysler Jeep in Burnsville Minnesota.	https://vehicle-images.carscommerce.inc/a72d-110005314/3C4PJMB27TT239263/thumbnails/large/f0c28a772b5acfb17305dd1b40399f14.jpg	in stock	NEW	SUV	Vehicles & Parts > Vehicles > Motor Vehicles > Cars, Trucks & Vans	3C4PJMB27TT239263	https://www.parkjeepchrysler.com/inventory/new-2026-jeep-cherokee-limited-4x4-sport-utility-3c4pjmb27tt239263/123?store={store_code}	BLUE	0 miles	Cherokee	3C4PJMB27TT239263	2026	40685 USD	PCJ100	40685 USD	MI
3C4PJMB28TT228045	2026 Jeep CHEROKEE LIMITED 4X4	Jeep	https://www.parkjeepchrysler.com/inventory/new-2026-jeep-cherokee-limited-4x4-sport-utility-3c4pjmb28tt228045/	39685 USD	2026 Diamond Black Crystal Pearlcoat Jeep Cherokee New 2026 Jeep Cherokee Limited Sport Utility 1.6L I4 For sale at Park Chrysler Jeep in Burnsville Minnesota.	https://vehicle-images.carscommerce.inc/7ce7-110005314/3C4PJMB28TT228045/thumbnails/large/1f4af0fdde17f07eb52b2a1bd474398e.jpg	in stock	NEW	SUV	Vehicles & Parts > Vehicles > Motor Vehicles > Cars, Trucks & Vans	3C4PJMB28TT228045	https://www.parkjeepchrysler.com/inventory/new-2026-jeep-cherokee-limited-4x4-sport-utility-3c4pjmb28tt228045/123?store={store_code}	BLACK	0 miles	Cherokee	3C4PJMB28TT228045	2026	39685 USD	PCJ100	39685 USD	MI
3C4PJMB28TT231608	2026 Jeep CHEROKEE LIMITED 4X4	Jeep	https://www.parkjeepchrysler.com/inventory/new-2026-jeep-cherokee-limited-4x4-sport-utility-3c4pjmb28tt231608/	40685 USD	2026 Bright White Clearcoat Jeep Cherokee New 2026 Jeep Cherokee Limited Sport Utility 1.6L I4 For sale at Park Chrysler Jeep in Burnsville Minnesota.	https://vehicle-images.carscommerce.inc/243d-110005314/3C4PJMB28TT231608/thumbnails/large/e3bd879d6d08ccb12de9eec6b3b60fb7.jpg	in stock	NEW	SUV	Vehicles & Parts > Vehicles > Motor Vehicles > Cars, Trucks & Vans	3C4PJMB28TT231608	https://www.parkjeepchrysler.com/inventory/new-2026-jeep-cherokee-limited-4x4-sport-utility-3c4pjmb28tt231608/123?store={store_code}	WHITE	0 miles	Cherokee	3C4PJMB28TT231608	2026	40685 USD	PCJ100	40685 USD	MI
3C4PJMB28TT269033	2026 Jeep CHEROKEE LIMITED 4X4	Jeep	https://www.parkjeepchrysler.com/inventory/new-2026-jeep-cherokee-limited-4x4-sport-utility-3c4pjmb28tt269033/	39685 USD	2026 Diamond Black Crystal Pearlcoat Jeep Cherokee New 2026 Jeep Cherokee Limited Sport Utility 1.6L I4 For sale at Park Chrysler Jeep in Burnsville Minnesota.	https://vehicle-images.carscommerce.inc/8849-110005314/3C4PJMB28TT269033/thumbnails/large/d430639fc323adf6b58a95cd17770505.jpg	in stock	NEW	SUV	Vehicles & Parts > Vehicles > Motor Vehicles > Cars, Trucks & Vans	3C4PJMB28TT269033	https://www.parkjeepchrysler.com/inventory/new-2026-jeep-cherokee-limited-4x4-sport-utility-3c4pjmb28tt269033/123?store={store_code}	BLACK	0 miles	Cherokee	3C4PJMB28TT269033	2026	39685 USD	PCJ100	39685 USD	MI
3C4PJMB29TT236042	2026 Jeep Limited 4x4	Jeep	https://www.parkjeepchrysler.com/inventory/new-2026-jeep-cherokee-limited-4x4-sport-utility-3c4pjmb29tt236042/	38095 USD	2026 Red Hot Pearlcoat Jeep Cherokee New 2026 Jeep Cherokee Limited Sport Utility 1.6L I4 For sale at Park Chrysler Jeep in Burnsville Minnesota.	https://vehicle-images.carscommerce.inc/8a76-110005314/3C4PJMB29TT236042/thumbnails/large/288ee1a54c467d96480b555dc3cc1941.jpg	in stock	NEW	SUV	Vehicles & Parts > Vehicles > Motor Vehicles > Cars, Trucks & Vans	3C4PJMB29TT236042	https://www.parkjeepchrysler.com/inventory/new-2026-jeep-cherokee-limited-4x4-sport-utility-3c4pjmb29tt236042/123?store={store_code}	RED	0 miles	Cherokee	3C4PJMB29TT236042	2026	38095 USD	PCJ100	38095 USD	MI
3C4PJMB29TT250619	2026 Jeep CHEROKEE LIMITED 4X4	Jeep	https://www.parkjeepchrysler.com/inventory/new-2026-jeep-cherokee-limited-4x4-sport-utility-3c4pjmb29tt250619/	39685 USD	2026 Diamond Black Crystal Pearlcoat Jeep Cherokee New 2026 Jeep Cherokee Limited Sport Utility 1.6L I4 For sale at Park Chrysler Jeep in Burnsville Minnesota.	https://vehicle-images.carscommerce.inc/d2e4-110005314/3C4PJMB29TT250619/thumbnails/large/5ce998062620f9337cc4d1af8222b8a8.jpg	in stock	NEW	SUV	Vehicles & Parts > Vehicles > Motor Vehicles > Cars, Trucks & Vans	3C4PJMB29TT250619	https://www.parkjeepchrysler.com/inventory/new-2026-jeep-cherokee-limited-4x4-sport-utility-3c4pjmb29tt250619/123?store={store_code}	BLACK	0 miles	Cherokee	3C4PJMB29TT250619	2026	39685 USD	PCJ100	39685 USD	MI
3C4PJMB29TT256520	2026 Jeep CHEROKEE LIMITED 4X4	Jeep	https://www.parkjeepchrysler.com/inventory/new-2026-jeep-cherokee-limited-4x4-sport-utility-3c4pjmb29tt256520/	39685 USD	2026 Diamond Black Crystal Pearlcoat Jeep Cherokee New 2026 Jeep Cherokee Limited Sport Utility 1.6L I4 For sale at Park Chrysler Jeep in Burnsville Minnesota.	https://vehicle-images.carscommerce.inc/cff6-110005314/3C4PJMB29TT256520/thumbnails/large/deadb51a45704f1e49617eac8c1698d8.jpg	in stock	NEW	SUV	Vehicles & Parts > Vehicles > Motor Vehicles > Cars, Trucks & Vans	3C4PJMB29TT256520	https://www.parkjeepchrysler.com/inventory/new-2026-jeep-cherokee-limited-4x4-sport-utility-3c4pjmb29tt256520/123?store={store_code}	BLACK	0 miles	Cherokee	3C4PJMB29TT256520	2026	39685 USD	PCJ100	39685 USD	MI
3C4PJMB2XTT217838	2026 Jeep CHEROKEE LIMITED 4X4	Jeep	https://www.parkjeepchrysler.com/inventory/new-2026-jeep-cherokee-limited-4x4-sport-utility-3c4pjmb2xtt217838/	41280 USD	2026 Diamond Black Crystal Pearlcoat Jeep Cherokee New 2026 Jeep Cherokee Limited Sport Utility 1.6L I4 For sale at Park Chrysler Jeep in Burnsville Minnesota.	https://vehicle-images.carscommerce.inc/8141-110005314/3C4PJMB2XTT217838/thumbnails/large/9849c70b7b334a985fd7b682bb288a4d.jpg	in stock	NEW	SUV	Vehicles & Parts > Vehicles > Motor Vehicles > Cars, Trucks & Vans	3C4PJMB2XTT217838	https://www.parkjeepchrysler.com/inventory/new-2026-jeep-cherokee-limited-4x4-sport-utility-3c4pjmb2xtt217838/123?store={store_code}	BLACK	0 miles	Cherokee	3C4PJMB2XTT217838	2026	41280 USD	PCJ100	41280 USD	MI
3C4PJMB2XTT231609	2026 Jeep CHEROKEE LIMITED 4X4	Jeep	https://www.parkjeepchrysler.com/inventory/new-2026-jeep-cherokee-limited-4x4-sport-utility-3c4pjmb2xtt231609/	41280 USD	2026 Diamond Black Crystal Pearlcoat Jeep Cherokee New 2026 Jeep Cherokee Limited Sport Utility 1.6L I4 For sale at Park Chrysler Jeep in Burnsville Minnesota.	https://vehicle-images.carscommerce.inc/dee5-110005314/3C4PJMB2XTT231609/thumbnails/large/d2853e7d59ea4f28591de30c4620f879.jpg	in stock	NEW	SUV	Vehicles & Parts > Vehicles > Motor Vehicles > Cars, Trucks & Vans	3C4PJMB2XTT231609	https://www.parkjeepchrysler.com/inventory/new-2026-jeep-cherokee-limited-4x4-sport-utility-3c4pjmb2xtt231609/123?store={store_code}	BLACK	0 miles	Cherokee	3C4PJMB2XTT231609	2026	41280 USD	PCJ100	41280 USD	MI
3C4PJMC21TT256526	2026 Jeep CHEROKEE OVERLAND 4X4	Jeep	https://www.parkjeepchrysler.com/inventory/new-2026-jeep-cherokee-overland-4x4-sport-utility-3c4pjmc21tt256526/	44060 USD	2026 Hydro Blue Pearl-Coat Exterior Paint Jeep Cherokee New 2026 Jeep Cherokee Overland Sport Utility 1.6L I4 For sale at Park Chrysler Jeep in Burnsville Minnesota.	https://vehicle-images.carscommerce.inc/6a59-110005314/3C4PJMC21TT256526/thumbnails/large/ea5caaa995974aa852b06ca4fa75a121.jpg	in stock	NEW	SUV	Vehicles & Parts > Vehicles > Motor Vehicles > Cars, Trucks & Vans	3C4PJMC21TT256526	https://www.parkjeepchrysler.com/inventory/new-2026-jeep-cherokee-overland-4x4-sport-utility-3c4pjmc21tt256526/123?store={store_code}	BLUE	0 miles	Cherokee	3C4PJMC21TT256526	2026	44060 USD	PCJ100	44060 USD	MI
3C4PJMC21TT262892	2026 Jeep CHEROKEE OVERLAND 4X4	Jeep	https://www.parkjeepchrysler.com/inventory/new-2026-jeep-cherokee-overland-4x4-sport-utility-3c4pjmc21tt262892/	42840 USD	2026 Bright White Clear-Coat Exterior Paint Jeep Cherokee New 2026 Jeep Cherokee Overland Sport Utility 1.6L I4 For sale at Park Chrysler Jeep in Burnsville Minnesota.	https://vehicle-images.carscommerce.inc/28a5-110005314/3C4PJMC21TT262892/thumbnails/large/5cfccb311aa883f2a5c85d2d726948f1.jpg	in stock	NEW	SUV	Vehicles & Parts > Vehicles > Motor Vehicles > Cars, Trucks & Vans	3C4PJMC21TT262892	https://www.parkjeepchrysler.com/inventory/new-2026-jeep-cherokee-overland-4x4-sport-utility-3c4pjmc21tt262892/123?store={store_code}	WHITE	0 miles	Cherokee	3C4PJMC21TT262892	2026	42840 USD	PCJ100	42840 USD	MI
3C4PJMC22TT293777	2026 Jeep CHEROKEE OVERLAND 4X4	Jeep	https://www.parkjeepchrysler.com/inventory/new-2026-jeep-cherokee-overland-4x4-sport-utility-3c4pjmc22tt293777/	41845 USD	2026 Bright White Clear-Coat Exterior Paint Jeep Cherokee New 2026 Jeep Cherokee Overland Sport Utility 1.6L I4 For sale at Park Chrysler Jeep in Burnsville Minnesota.	https://vehicle-images.carscommerce.inc/a859-110005314/3C4PJMC22TT293777/thumbnails/large/02a9a470c4a9344979d1f1cb62feb063.jpg	in stock	NEW	SUV	Vehicles & Parts > Vehicles > Motor Vehicles > Cars, Trucks & Vans	3C4PJMC22TT293777	https://www.parkjeepchrysler.com/inventory/new-2026-jeep-cherokee-overland-4x4-sport-utility-3c4pjmc22tt293777/123?store={store_code}	WHITE	0 miles	Cherokee	3C4PJMC22TT293777	2026	41845 USD	PCJ100	41845 USD	MI
3C4PJMC28TT197975	2026 Jeep CHEROKEE OVERLAND 4X4	Jeep	https://www.parkjeepchrysler.com/inventory/new-2026-jeep-cherokee-overland-4x4-sport-utility-3c4pjmc28tt197975/	43435 USD	2026 Diamond Black Crystal Pearl-Coat Exterior Paint Jeep Cherokee New 2026 Jeep Cherokee Overland Sport Utility 1.6L I4 For sale at Park Chrysler Jeep in Burnsville Minnesota.	https://vehicle-images.carscommerce.inc/2666-110005314/3C4PJMC28TT197975/thumbnails/large/d40fe2cf80418c3de599435722a42f8f.jpg	in stock	NEW	SUV	Vehicles & Parts > Vehicles > Motor Vehicles > Cars, Trucks & Vans	3C4PJMC28TT197975	https://www.parkjeepchrysler.com/inventory/new-2026-jeep-cherokee-overland-4x4-sport-utility-3c4pjmc28tt197975/123?store={store_code}	BLACK	0 miles	Cherokee	3C4PJMC28TT197975	2026	43435 USD	PCJ100	43435 USD	MI
3C4PJMC29TT218493	2026 Jeep CHEROKEE OVERLAND 4X4	Jeep	https://www.parkjeepchrysler.com/inventory/new-2026-jeep-cherokee-overland-4x4-sport-utility-3c4pjmc29tt218493/	44430 USD	2026 Diamond Black Crystal Pearl-Coat Exterior Paint Jeep Cherokee New 2026 Jeep Cherokee Overland Sport Utility 1.6L I4 For sale at Park Chrysler Jeep in Burnsville Minnesota.	https://vehicle-images.carscommerce.inc/a191-110005314/3C4PJMC29TT218493/thumbnails/large/7f8fb75b969d8152034c8fabd395fe39.jpg	in stock	NEW	SUV	Vehicles & Parts > Vehicles > Motor Vehicles > Cars, Trucks & Vans	3C4PJMC29TT218493	https://www.parkjeepchrysler.com/inventory/new-2026-jeep-cherokee-overland-4x4-sport-utility-3c4pjmc29tt218493/123?store={store_code}	BLACK	0 miles	Cherokee	3C4PJMC29TT218493	2026	44430 USD	PCJ100	44430 USD	MI
3C4PJMC2XTT256525	2026 Jeep CHEROKEE OVERLAND 4X4	Jeep	https://www.parkjeepchrysler.com/inventory/new-2026-jeep-cherokee-overland-4x4-sport-utility-3c4pjmc2xtt256525/	44655 USD	2026 Sting-Gray Clear-Coat Exterior Paint Jeep Cherokee New 2026 Jeep Cherokee Overland Sport Utility 1.6L I4 For sale at Park Chrysler Jeep in Burnsville Minnesota.	https://vehicle-images.carscommerce.inc/3384-110005314/3C4PJMC2XTT256525/thumbnails/large/405f7773c07202dafaf8784d8f96f332.jpg	in stock	NEW	SUV	Vehicles & Parts > Vehicles > Motor Vehicles > Cars, Trucks & Vans	3C4PJMC2XTT256525	https://www.parkjeepchrysler.com/inventory/new-2026-jeep-cherokee-overland-4x4-sport-utility-3c4pjmc2xtt256525/123?store={store_code}	GRAY	0 miles	Cherokee	3C4PJMC2XTT256525	2026	44655 USD	PCJ100	44655 USD	MI
3C4PJMC2XTT279318	2026 Jeep CHEROKEE OVERLAND 4X4	Jeep	https://www.parkjeepchrysler.com/inventory/new-2026-jeep-cherokee-overland-4x4-sport-utility-3c4pjmc2xtt279318/	42070 USD	2026 Red Hot Pearl-Coat Exterior Paint Jeep Cherokee New 2026 Jeep Cherokee Overland Sport Utility 1.6L I4 For sale at Park Chrysler Jeep in Burnsville Minnesota.	https://vehicle-images.carscommerce.inc/1b6f-110005314/3C4PJMC2XTT279318/thumbnails/large/126a704b651fdccc00268cd283f0df93.jpg	in stock	NEW	SUV	Vehicles & Parts > Vehicles > Motor Vehicles > Cars, Trucks & Vans	3C4PJMC2XTT279318	https://www.parkjeepchrysler.com/inventory/new-2026-jeep-cherokee-overland-4x4-sport-utility-3c4pjmc2xtt279318/123?store={store_code}	RED	0 miles	Cherokee	3C4PJMC2XTT279318	2026	42070 USD	PCJ100	42070 USD	MI
3C4NJDBN4TT164183	2026 Jeep COMPASS LATITUDE ALTITUDE 4X4	Jeep	https://www.parkjeepchrysler.com/inventory/new-2026-jeep-compass-latitude-4x4-sport-utility-3c4njdbn4tt164183/	31725 USD	2026 Silver Zynith Metallic Clearcoat Jeep Compass New 2026 Jeep Compass Latitude Sport Utility 2.0L I4 DOHC For sale at Park Chrysler Jeep in Burnsville Minnesota.	https://vehicle-images.carscommerce.inc/3011-110005314/3C4NJDBN4TT164183/thumbnails/large/e7f829390fe16204b0f6b9306ad5df87.jpg	in stock	NEW	SUV	Vehicles & Parts > Vehicles > Motor Vehicles > Cars, Trucks & Vans	3C4NJDBN4TT164183	https://www.parkjeepchrysler.com/inventory/new-2026-jeep-compass-latitude-4x4-sport-utility-3c4njdbn4tt164183/123?store={store_code}	SILVER	0 miles	Compass	3C4NJDBN4TT164183	2026	31725 USD	PCJ100	31725 USD	MI
3C4NJDBN7TT200755	2026 Jeep COMPASS LATITUDE ALTITUDE 4X4	Jeep	https://www.parkjeepchrysler.com/inventory/new-2026-jeep-compass-latitude-4x4-sport-utility-3c4njdbn7tt200755/	32185 USD	2026 Red Hot Pearlcoat Jeep Compass New 2026 Jeep Compass Latitude Sport Utility 2.0L I4 DOHC For sale at Park Chrysler Jeep in Burnsville Minnesota.	https://vehicle-images.carscommerce.inc/ac93-110005314/3C4NJDBN7TT200755/thumbnails/large/4afe54f9b9710dcbc8ced5c0d679ca8a.jpg	in stock	NEW	SUV	Vehicles & Parts > Vehicles > Motor Vehicles > Cars, Trucks & Vans	3C4NJDBN7TT200755	https://www.parkjeepchrysler.com/inventory/new-2026-jeep-compass-latitude-4x4-sport-utility-3c4njdbn7tt200755/123?store={store_code}	RED	0 miles	Compass	3C4NJDBN7TT200755	2026	32185 USD	PCJ100	32185 USD	MI
3C4NJDBN9TT200756	2026 Jeep COMPASS LATITUDE ALTITUDE 4X4	Jeep	https://www.parkjeepchrysler.com/inventory/new-2026-jeep-compass-latitude-4x4-sport-utility-3c4njdbn9tt200756/	32225 USD	2026 Silver Zynith Metallic Clearcoat Jeep Compass New 2026 Jeep Compass Latitude Sport Utility 2.0L I4 DOHC For sale at Park Chrysler Jeep in Burnsville Minnesota.	https://vehicle-images.carscommerce.inc/be3d-110005314/3C4NJDBN9TT200756/thumbnails/large/ebd066c2531dea8454e6b08e2b7ff0ed.jpg	in stock	NEW	SUV	Vehicles & Parts > Vehicles > Motor Vehicles > Cars, Trucks & Vans	3C4NJDBN9TT200756	https://www.parkjeepchrysler.com/inventory/new-2026-jeep-compass-latitude-4x4-sport-utility-3c4njdbn9tt200756/123?store={store_code}	SILVER	0 miles	Compass	3C4NJDBN9TT200756	2026	32225 USD	PCJ100	32225 USD	MI
3C4NJDCN0TT243476	2026 Jeep COMPASS LIMITED ALTITUDE 4X4	Jeep	https://www.parkjeepchrysler.com/inventory/new-2026-jeep-compass-limited-4x4-sport-utility-3c4njdcn0tt243476/	33340 USD	2026 Bright White Clearcoat Jeep Compass New 2026 Jeep Compass Limited Sport Utility 2.0L I4 DOHC For sale at Park Chrysler Jeep in Burnsville Minnesota.	https://vehicle-images.carscommerce.inc/c9eb-110005314/3C4NJDCN0TT243476/thumbnails/large/ba9b29caaeb85b5181df961085a7c871.jpg	in stock	NEW	SUV	Vehicles & Parts > Vehicles > Motor Vehicles > Cars, Trucks & Vans	3C4NJDCN0TT243476	https://www.parkjeepchrysler.com/inventory/new-2026-jeep-compass-limited-4x4-sport-utility-3c4njdcn0tt243476/123?store={store_code}	WHITE	0 miles	Compass	3C4NJDCN0TT243476	2026	33340 USD	PCJ100	33340 USD	MI
3C4NJDCN1TT278396	2026 Jeep COMPASS LIMITED ALTITUDE 4X4	Jeep	https://www.parkjeepchrysler.com/inventory/new-2026-jeep-compass-limited-4x4-sport-utility-3c4njdcn1tt278396/	35945 USD	2026 Bright White Clearcoat Jeep Compass New 2026 Jeep Compass Limited Sport Utility 2.0L I4 DOHC For sale at Park Chrysler Jeep in Burnsville Minnesota.	https://vehicle-images.carscommerce.inc/d22b-110005314/3C4NJDCN1TT278396/thumbnails/large/b9be0247855884c7e4abf07adfaae98d.jpg	in stock	NEW	SUV	Vehicles & Parts > Vehicles > Motor Vehicles > Cars, Trucks & Vans	3C4NJDCN1TT278396	https://www.parkjeepchrysler.com/inventory/new-2026-jeep-compass-limited-4x4-sport-utility-3c4njdcn1tt278396/123?store={store_code}	WHITE	0 miles	Compass	3C4NJDCN1TT278396	2026	35945 USD	PCJ100	35945 USD	MI
3C4NJDCN1TT278401	2026 Jeep COMPASS LIMITED ALTITUDE 4X4	Jeep	https://www.parkjeepchrysler.com/inventory/new-2026-jeep-compass-limited-4x4-sport-utility-3c4njdcn1tt278401/	34245 USD	2026 Silver Zynith Metallic Clearcoat Jeep Compass New 2026 Jeep Compass Limited Sport Utility 2.0L I4 DOHC For sale at Park Chrysler Jeep in Burnsville Minnesota.	https://vehicle-images.carscommerce.inc/71a7-110005314/3C4NJDCN1TT278401/thumbnails/large/05d4d838a14a92616b0f229b7195c986.jpg	in stock	NEW	SUV	Vehicles & Parts > Vehicles > Motor Vehicles > Cars, Trucks & Vans	3C4NJDCN1TT278401	https://www.parkjeepchrysler.com/inventory/new-2026-jeep-compass-limited-4x4-sport-utility-3c4njdcn1tt278401/123?store={store_code}	SILVER	0 miles	Compass	3C4NJDCN1TT278401	2026	34245 USD	PCJ100	34245 USD	MI
3C4NJDCN2TT243477	2026 Jeep COMPASS LIMITED ALTITUDE 4X4	Jeep	https://www.parkjeepchrysler.com/inventory/new-2026-jeep-compass-limited-4x4-sport-utility-3c4njdcn2tt243477/	34245 USD	2026 Fathom Blue Pearl Coat Jeep Compass New 2026 Jeep Compass Limited Sport Utility 2.0L I4 DOHC For sale at Park Chrysler Jeep in Burnsville Minnesota.	https://vehicle-images.carscommerce.inc/add9-110005314/3C4NJDCN2TT243477/thumbnails/large/d6ab523df275c85083ed46c5b8913e91.jpg	in stock	NEW	SUV	Vehicles & Parts > Vehicles > Motor Vehicles > Cars, Trucks & Vans	3C4NJDCN2TT243477	https://www.parkjeepchrysler.com/inventory/new-2026-jeep-compass-limited-4x4-sport-utility-3c4njdcn2tt243477/123?store={store_code}	BLUE	0 miles	Compass	3C4NJDCN2TT243477	2026	34245 USD	PCJ100	34245 USD	MI
3C4NJDCN2TT243480	2026 Jeep COMPASS LIMITED ALTITUDE 4X4	Jeep	https://www.parkjeepchrysler.com/inventory/new-2026-jeep-compass-limited-4x4-sport-utility-3c4njdcn2tt243480/	34245 USD	2026 Silver Zynith Metallic Clearcoat Jeep Compass New 2026 Jeep Compass Limited Sport Utility 2.0L I4 DOHC For sale at Park Chrysler Jeep in Burnsville Minnesota.	https://vehicle-images.carscommerce.inc/bd48-110005314/3C4NJDCN2TT243480/thumbnails/large/14247c839fa2291b68fd614a5a566cbb.jpg	in stock	NEW	SUV	Vehicles & Parts > Vehicles > Motor Vehicles > Cars, Trucks & Vans	3C4NJDCN2TT243480	https://www.parkjeepchrysler.com/inventory/new-2026-jeep-compass-limited-4x4-sport-utility-3c4njdcn2tt243480/123?store={store_code}	SILVER	0 miles	Compass	3C4NJDCN2TT243480	2026	34245 USD	PCJ100	34245 USD	MI
3C4NJDCN2TT266502	2026 Jeep COMPASS LIMITED ALTITUDE 4X4	Jeep	https://www.parkjeepchrysler.com/inventory/new-2026-jeep-compass-limited-4x4-sport-utility-3c4njdcn2tt266502/	33875 USD	2026 Red Hot Pearlcoat Jeep Compass New 2026 Jeep Compass Limited Sport Utility 2.0L I4 DOHC For sale at Park Chrysler Jeep in Burnsville Minnesota.	https://vehicle-images.carscommerce.inc/2425-110005314/3C4NJDCN2TT266502/thumbnails/large/dac31666735a72a724939d842a1129b6.jpg	in stock	NEW	SUV	Vehicles & Parts > Vehicles > Motor Vehicles > Cars, Trucks & Vans	3C4NJDCN2TT266502	https://www.parkjeepchrysler.com/inventory/new-2026-jeep-compass-limited-4x4-sport-utility-3c4njdcn2tt266502/123?store={store_code}	RED	0 miles	Compass	3C4NJDCN2TT266502	2026	33875 USD	PCJ100	33875 USD	MI
3C4NJDCN2TT284370	2026 Jeep Limited 4x4	Jeep	https://www.parkjeepchrysler.com/inventory/new-2026-jeep-compass-limited-4x4-sport-utility-3c4njdcn2tt284370/	31905 USD	2026 Bright White Clearcoat Jeep Compass New 2026 Jeep Compass Limited Sport Utility 2.0L I4 DOHC For sale at Park Chrysler Jeep in Burnsville Minnesota.	https://vehicle-images.carscommerce.inc/b512-110005314/3C4NJDCN2TT284370/thumbnails/large/24e8b3a3656a8b4e99f2d6613d4e9dc5.jpg	in stock	NEW	SUV	Vehicles & Parts > Vehicles > Motor Vehicles > Cars, Trucks & Vans	3C4NJDCN2TT284370	https://www.parkjeepchrysler.com/inventory/new-2026-jeep-compass-limited-4x4-sport-utility-3c4njdcn2tt284370/123?store={store_code}	WHITE	0 miles	Compass	3C4NJDCN2TT284370	2026	31905 USD	PCJ100	31905 USD	MI
3C4NJDCN4TT243478	2026 Jeep COMPASS LIMITED ALTITUDE 4X4	Jeep	https://www.parkjeepchrysler.com/inventory/new-2026-jeep-compass-limited-4x4-sport-utility-3c4njdcn4tt243478/	34245 USD	2026 Fathom Blue Pearl Coat Jeep Compass New 2026 Jeep Compass Limited Sport Utility 2.0L I4 DOHC For sale at Park Chrysler Jeep in Burnsville Minnesota.	https://vehicle-images.carscommerce.inc/1ede-110005314/3C4NJDCN4TT243478/thumbnails/large/6dd2bd043d20e2e70d97dbf4d13b17c1.jpg	in stock	NEW	SUV	Vehicles & Parts > Vehicles > Motor Vehicles > Cars, Trucks & Vans	3C4NJDCN4TT243478	https://www.parkjeepchrysler.com/inventory/new-2026-jeep-compass-limited-4x4-sport-utility-3c4njdcn4tt243478/123?store={store_code}	BLUE	0 miles	Compass	3C4NJDCN4TT243478	2026	34245 USD	PCJ100	34245 USD	MI
3C4NJDCN4TT278392	2026 Jeep COMPASS LIMITED 4X4	Jeep	https://www.parkjeepchrysler.com/inventory/new-2026-jeep-compass-limited-4x4-sport-utility-3c4njdcn4tt278392/	34175 USD	2026 Bright White Clearcoat Jeep Compass New 2026 Jeep Compass Limited Sport Utility 2.0L I4 DOHC For sale at Park Chrysler Jeep in Burnsville Minnesota.	https://vehicle-images.carscommerce.inc/7282-110005314/3C4NJDCN4TT278392/thumbnails/large/e33c8eab88ddb30175bb3b607541ca79.jpg	in stock	NEW	SUV	Vehicles & Parts > Vehicles > Motor Vehicles > Cars, Trucks & Vans	3C4NJDCN4TT278392	https://www.parkjeepchrysler.com/inventory/new-2026-jeep-compass-limited-4x4-sport-utility-3c4njdcn4tt278392/123?store={store_code}	WHITE	0 miles	Compass	3C4NJDCN4TT278392	2026	34175 USD	PCJ100	34175 USD	MI
3C4NJDCN5TT278398	2026 Jeep COMPASS LIMITED ALTITUDE 4X4	Jeep	https://www.parkjeepchrysler.com/inventory/new-2026-jeep-compass-limited-4x4-sport-utility-3c4njdcn5tt278398/	34245 USD	2026 Fathom Blue Pearl Coat Jeep Compass New 2026 Jeep Compass Limited Sport Utility 2.0L I4 DOHC For sale at Park Chrysler Jeep in Burnsville Minnesota.	https://vehicle-images.carscommerce.inc/e547-110005314/3C4NJDCN5TT278398/thumbnails/large/e5a2f799e0f10531409e263cabeb1785.jpg	in stock	NEW	SUV	Vehicles & Parts > Vehicles > Motor Vehicles > Cars, Trucks & Vans	3C4NJDCN5TT278398	https://www.parkjeepchrysler.com/inventory/new-2026-jeep-compass-limited-4x4-sport-utility-3c4njdcn5tt278398/123?store={store_code}	BLUE	0 miles	Compass	3C4NJDCN5TT278398	2026	34245 USD	PCJ100	34245 USD	MI
3C4NJDCN5TT284637	2026 Jeep COMPASS LIMITED ALTITUDE 4X4	Jeep	https://www.parkjeepchrysler.com/inventory/new-2026-jeep-compass-limited-4x4-sport-utility-3c4njdcn5tt284637/	36170 USD	2026 Bright White Clearcoat Jeep Compass New 2026 Jeep Compass Limited Sport Utility 2.0L I4 DOHC For sale at Park Chrysler Jeep in Burnsville Minnesota.	https://vehicle-images.carscommerce.inc/50af-110005314/3C4NJDCN5TT284637/thumbnails/large/b4b27e162dc8fa34b69b98068f846842.jpg	in stock	NEW	SUV	Vehicles & Parts > Vehicles > Motor Vehicles > Cars, Trucks & Vans	3C4NJDCN5TT284637	https://www.parkjeepchrysler.com/inventory/new-2026-jeep-compass-limited-4x4-sport-utility-3c4njdcn5tt284637/123?store={store_code}	WHITE	0 miles	Compass	3C4NJDCN5TT284637	2026	36170 USD	PCJ100	36170 USD	MI
3C4NJDCN6TT169478	2026 Jeep COMPASS LIMITED ALTITUDE 4X4	Jeep	https://www.parkjeepchrysler.com/inventory/new-2026-jeep-compass-limited-4x4-sport-utility-3c4njdcn6tt169478/	33205 USD	2026 Red Hot Pearlcoat Jeep Compass New 2026 Jeep Compass Limited Sport Utility 2.0L I4 DOHC For sale at Park Chrysler Jeep in Burnsville Minnesota.	https://vehicle-images.carscommerce.inc/7888-110005314/3C4NJDCN6TT169478/thumbnails/large/593c112aabe606a8a2f4dee04a7f5967.jpg	in stock	NEW	SUV	Vehicles & Parts > Vehicles > Motor Vehicles > Cars, Trucks & Vans	3C4NJDCN6TT169478	https://www.parkjeepchrysler.com/inventory/new-2026-jeep-compass-limited-4x4-sport-utility-3c4njdcn6tt169478/123?store={store_code}	RED	0 miles	Compass	3C4NJDCN6TT169478	2026	33205 USD	PCJ100	33205 USD	MI
3C4NJDCN6TT243479	2026 Jeep COMPASS LIMITED ALTITUDE 4X4	Jeep	https://www.parkjeepchrysler.com/inventory/new-2026-jeep-compass-limited-4x4-sport-utility-3c4njdcn6tt243479/	34245 USD	2026 Silver Zynith Metallic Clearcoat Jeep Compass New 2026 Jeep Compass Limited Sport Utility 2.0L I4 DOHC For sale at Park Chrysler Jeep in Burnsville Minnesota.	https://vehicle-images.carscommerce.inc/1e85-110005314/3C4NJDCN6TT243479/thumbnails/large/d5ab32200d6546f4c4b639da31fa6ff9.jpg	in stock	NEW	SUV	Vehicles & Parts > Vehicles > Motor Vehicles > Cars, Trucks & Vans	3C4NJDCN6TT243479	https://www.parkjeepchrysler.com/inventory/new-2026-jeep-compass-limited-4x4-sport-utility-3c4njdcn6tt243479/123?store={store_code}	SILVER	0 miles	Compass	3C4NJDCN6TT243479	2026	34245 USD	PCJ100	34245 USD	MI
3C4NJDCN6TT243482	2026 Jeep COMPASS LIMITED ALTITUDE 4X4	Jeep	https://www.parkjeepchrysler.com/inventory/new-2026-jeep-compass-limited-4x4-sport-utility-3c4njdcn6tt243482/	33935 USD	2026 Diamond Black Crystal Pearlcoat Jeep Compass New 2026 Jeep Compass Limited Sport Utility 2.0L I4 DOHC For sale at Park Chrysler Jeep in Burnsville Minnesota.	https://vehicle-images.carscommerce.inc/2a83-110005314/3C4NJDCN6TT243482/thumbnails/large/09d85bd8f75d57dcfeb07d5a90f3c1c0.jpg	in stock	NEW	SUV	Vehicles & Parts > Vehicles > Motor Vehicles > Cars, Trucks & Vans	3C4NJDCN6TT243482	https://www.parkjeepchrysler.com/inventory/new-2026-jeep-compass-limited-4x4-sport-utility-3c4njdcn6tt243482/123?store={store_code}	BLACK	0 miles	Compass	3C4NJDCN6TT243482	2026	33935 USD	PCJ100	33935 USD	MI
3C4NJDCN7TT278399	2026 Jeep COMPASS LIMITED ALTITUDE 4X4	Jeep	https://www.parkjeepchrysler.com/inventory/new-2026-jeep-compass-limited-4x4-sport-utility-3c4njdcn7tt278399/	33650 USD	2026 Hydro Blue Pearlcoat Jeep Compass New 2026 Jeep Compass Limited Sport Utility 2.0L I4 DOHC For sale at Park Chrysler Jeep in Burnsville Minnesota.	https://vehicle-images.carscommerce.inc/9d64-110005314/3C4NJDCN7TT278399/thumbnails/large/aa3f4e361029c22476d98fee2abca950.jpg	in stock	NEW	SUV	Vehicles & Parts > Vehicles > Motor Vehicles > Cars, Trucks & Vans	3C4NJDCN7TT278399	https://www.parkjeepchrysler.com/inventory/new-2026-jeep-compass-limited-4x4-sport-utility-3c4njdcn7tt278399/123?store={store_code}	BLUE	0 miles	Compass	3C4NJDCN7TT278399	2026	33650 USD	PCJ100	33650 USD	MI
3C4NJDCNXTT213966	2026 Jeep COMPASS LIMITED ALTITUDE 4X4	Jeep	https://www.parkjeepchrysler.com/inventory/new-2026-jeep-compass-limited-4x4-sport-utility-3c4njdcnxtt213966/	33340 USD	2026 Bright White Clearcoat Jeep Compass New 2026 Jeep Compass Limited Sport Utility 2.0L I4 DOHC For sale at Park Chrysler Jeep in Burnsville Minnesota.	https://vehicle-images.carscommerce.inc/c79a-110005314/3C4NJDCNXTT213966/thumbnails/large/e41ad1a078feb48db2ffb0643c7901a9.jpg	in stock	NEW	SUV	Vehicles & Parts > Vehicles > Motor Vehicles > Cars, Trucks & Vans	3C4NJDCNXTT213966	https://www.parkjeepchrysler.com/inventory/new-2026-jeep-compass-limited-4x4-sport-utility-3c4njdcnxtt213966/123?store={store_code}	WHITE	0 miles	Compass	3C4NJDCNXTT213966	2026	33340 USD	PCJ100	33340 USD	MI
3C4NJDCNXTT278400	2026 Jeep COMPASS LIMITED ALTITUDE 4X4	Jeep	https://www.parkjeepchrysler.com/inventory/new-2026-jeep-compass-limited-4x4-sport-utility-3c4njdcnxtt278400/	35945 USD	2026 Red Hot Pearlcoat Jeep Compass New 2026 Jeep Compass Limited Sport Utility 2.0L I4 DOHC For sale at Park Chrysler Jeep in Burnsville Minnesota.	https://vehicle-images.carscommerce.inc/8129-110005314/3C4NJDCNXTT278400/thumbnails/large/8a0dc04d351e68bc5d034207217574b9.jpg	in stock	NEW	SUV	Vehicles & Parts > Vehicles > Motor Vehicles > Cars, Trucks & Vans	3C4NJDCNXTT278400	https://www.parkjeepchrysler.com/inventory/new-2026-jeep-compass-limited-4x4-sport-utility-3c4njdcnxtt278400/123?store={store_code}	RED	0 miles	Compass	3C4NJDCNXTT278400	2026	35945 USD	PCJ100	35945 USD	MI
3C4NJDDN1TT278428	2026 Jeep COMPASS TRAILHAWK 4X4	Jeep	https://www.parkjeepchrysler.com/inventory/new-2026-jeep-compass-trailhawk-4x4-sport-utility-3c4njddn1tt278428/	33275 USD	2026 Fathom Blue Pearl-Coat Exterior Paint Jeep Compass New 2026 Jeep Compass Trailhawk Sport Utility 2.0L I4 DOHC For sale at Park Chrysler Jeep in Burnsville Minnesota.	https://vehicle-images.carscommerce.inc/f933-110005314/3C4NJDDN1TT278428/thumbnails/large/8ae6a2b94fce8cfca5ad5a5601c33e21.jpg	in stock	NEW	SUV	Vehicles & Parts > Vehicles > Motor Vehicles > Cars, Trucks & Vans	3C4NJDDN1TT278428	https://www.parkjeepchrysler.com/inventory/new-2026-jeep-compass-trailhawk-4x4-sport-utility-3c4njddn1tt278428/123?store={store_code}	BLUE	0 miles	Compass	3C4NJDDN1TT278428	2026	33275 USD	PCJ100	33275 USD	MI
3C4NJDDN2TT265896	2026 Jeep COMPASS TRAILHAWK 4X4	Jeep	https://www.parkjeepchrysler.com/inventory/new-2026-jeep-compass-trailhawk-4x4-sport-utility-3c4njddn2tt265896/	34975 USD	2026 Bright White Clear-Coat Exterior Paint Jeep Compass New 2026 Jeep Compass Trailhawk Sport Utility 2.0L I4 DOHC For sale at Park Chrysler Jeep in Burnsville Minnesota.	https://vehicle-images.carscommerce.inc/6085-110005314/3C4NJDDN2TT265896/thumbnails/large/6a594f563da26e0e35b4041698b121ea.jpg	in stock	NEW	SUV	Vehicles & Parts > Vehicles > Motor Vehicles > Cars, Trucks & Vans	3C4NJDDN2TT265896	https://www.parkjeepchrysler.com/inventory/new-2026-jeep-compass-trailhawk-4x4-sport-utility-3c4njddn2tt265896/123?store={store_code}	WHITE	0 miles	Compass	3C4NJDDN2TT265896	2026	34975 USD	PCJ100	34975 USD	MI
3C4NJDDN3TT278429	2026 Jeep COMPASS TRAILHAWK 4X4	Jeep	https://www.parkjeepchrysler.com/inventory/new-2026-jeep-compass-trailhawk-4x4-sport-utility-3c4njddn3tt278429/	32680 USD	2026 Red Hot Pearl-Coat Exterior Paint Jeep Compass New 2026 Jeep Compass Trailhawk Sport Utility 2.0L I4 DOHC For sale at Park Chrysler Jeep in Burnsville Minnesota.	https://vehicle-images.carscommerce.inc/e8c4-110005314/3C4NJDDN3TT278429/thumbnails/large/fa1b7a8f402d0c33c345d1c923804bf8.jpg	in stock	NEW	SUV	Vehicles & Parts > Vehicles > Motor Vehicles > Cars, Trucks & Vans	3C4NJDDN3TT278429	https://www.parkjeepchrysler.com/inventory/new-2026-jeep-compass-trailhawk-4x4-sport-utility-3c4njddn3tt278429/123?store={store_code}	RED	0 miles	Compass	3C4NJDDN3TT278429	2026	32680 USD	PCJ100	32680 USD	MI
3C4NJDDN4TT265897	2026 Jeep COMPASS TRAILHAWK 4X4	Jeep	https://www.parkjeepchrysler.com/inventory/new-2026-jeep-compass-trailhawk-4x4-sport-utility-3c4njddn4tt265897/	34975 USD	2026 Red Hot Pearl-Coat Exterior Paint Jeep Compass New 2026 Jeep Compass Trailhawk Sport Utility 2.0L I4 DOHC For sale at Park Chrysler Jeep in Burnsville Minnesota.	https://vehicle-images.carscommerce.inc/8441-110005314/3C4NJDDN4TT265897/thumbnails/large/caa93fa5340f79240225d2b47e60b638.jpg	in stock	NEW	SUV	Vehicles & Parts > Vehicles > Motor Vehicles > Cars, Trucks & Vans	3C4NJDDN4TT265897	https://www.parkjeepchrysler.com/inventory/new-2026-jeep-compass-trailhawk-4x4-sport-utility-3c4njddn4tt265897/123?store={store_code}	RED	0 miles	Compass	3C4NJDDN4TT265897	2026	34975 USD	PCJ100	34975 USD	MI
3C4NJDDNXTT278427	2026 Jeep COMPASS TRAILHAWK 4X4	Jeep	https://www.parkjeepchrysler.com/inventory/new-2026-jeep-compass-trailhawk-4x4-sport-utility-3c4njddnxtt278427/	32680 USD	2026 Bright White Clear-Coat Exterior Paint Jeep Compass New 2026 Jeep Compass Trailhawk Sport Utility 2.0L I4 DOHC For sale at Park Chrysler Jeep in Burnsville Minnesota.	https://vehicle-images.carscommerce.inc/87a4-110005314/3C4NJDDNXTT278427/thumbnails/large/c67328737b701a3a4aebe4ba5bbc3890.jpg	in stock	NEW	SUV	Vehicles & Parts > Vehicles > Motor Vehicles > Cars, Trucks & Vans	3C4NJDDNXTT278427	https://www.parkjeepchrysler.com/inventory/new-2026-jeep-compass-trailhawk-4x4-sport-utility-3c4njddnxtt278427/123?store={store_code}	WHITE	0 miles	Compass	3C4NJDDNXTT278427	2026	32680 USD	PCJ100	32680 USD	MI
3C4NJDDNXTT278430	2026 Jeep COMPASS TRAILHAWK 4X4	Jeep	https://www.parkjeepchrysler.com/inventory/new-2026-jeep-compass-trailhawk-4x4-sport-utility-3c4njddnxtt278430/	34975 USD	2026 Bright White Clear-Coat Exterior Paint Jeep Compass New 2026 Jeep Compass Trailhawk Sport Utility 2.0L I4 DOHC For sale at Park Chrysler Jeep in Burnsville Minnesota.	https://vehicle-images.carscommerce.inc/3392-110005314/3C4NJDDNXTT278430/thumbnails/large/ee6cee7ea6ae4b2c76f47e10b983de47.jpg	in stock	NEW	SUV	Vehicles & Parts > Vehicles > Motor Vehicles > Cars, Trucks & Vans	3C4NJDDNXTT278430	https://www.parkjeepchrysler.com/inventory/new-2026-jeep-compass-trailhawk-4x4-sport-utility-3c4njddnxtt278430/123?store={store_code}	WHITE	0 miles	Compass	3C4NJDDNXTT278430	2026	34975 USD	PCJ100	34975 USD	MI
1C6RJTBG3TL165843	2026 Jeep GLADIATOR RUBICON X 4X4	Jeep	https://www.parkjeepchrysler.com/inventory/new-2026-jeep-gladiator-rubicon-x-4x4-crew-cab-1c6rjtbg3tl165843/	52944 USD	2026 Granite Crystal Metallic Clearcoat Jeep Gladiator New 2026 Jeep Gladiator Rubicon X Crew Cab 3.6L V6 24V VVT For sale at Park Chrysler Jeep in Burnsville Minnesota.	https://vehicle-images.carscommerce.inc/7eb8-110005314/1C6RJTBG3TL165843/thumbnails/large/410fe1abfa69dbf91ba78c4e1061a948.jpg	in stock	NEW	TRUCK	Vehicles & Parts > Vehicles > Motor Vehicles > Cars, Trucks & Vans	1C6RJTBG3TL165843	https://www.parkjeepchrysler.com/inventory/new-2026-jeep-gladiator-rubicon-x-4x4-crew-cab-1c6rjtbg3tl165843/123?store={store_code}	GRAY	0 miles	Gladiator	1C6RJTBG3TL165843	2026	52944 USD	PCJ100	52944 USD	MI
1C6RJTBG6TL173189	2026 Jeep GLADIATOR RUBICON X 4X4	Jeep	https://www.parkjeepchrysler.com/inventory/new-2026-jeep-gladiator-rubicon-x-4x4-crew-cab-1c6rjtbg6tl173189/	54955 USD	2026 Black Clearcoat Jeep Gladiator New 2026 Jeep Gladiator Rubicon X Crew Cab 3.6L V6 24V VVT For sale at Park Chrysler Jeep in Burnsville Minnesota.	https://vehicle-images.carscommerce.inc/6204-110005314/1C6RJTBG6TL173189/thumbnails/large/79fe2b7aae5d891742998ee77217bb28.jpg	in stock	NEW	TRUCK	Vehicles & Parts > Vehicles > Motor Vehicles > Cars, Trucks & Vans	1C6RJTBG6TL173189	https://www.parkjeepchrysler.com/inventory/new-2026-jeep-gladiator-rubicon-x-4x4-crew-cab-1c6rjtbg6tl173189/123?store={store_code}	BLACK	0 miles	Gladiator	1C6RJTBG6TL173189	2026	54955 USD	PCJ100	54955 USD	MI
1C6RJTBG3TL178916	2026 Jeep GLADIATOR SHADOW OPS 4X4	Jeep	https://www.parkjeepchrysler.com/inventory/new-2026-jeep-gladiator-shadow-ops-4x4-crew-cab-1c6rjtbg3tl178916/	56700 USD	2026 Black Clearcoat Jeep Gladiator New 2026 Jeep Gladiator Shadow Ops Crew Cab 3.6L V6 24V VVT For sale at Park Chrysler Jeep in Burnsville Minnesota.	https://vehicle-images.carscommerce.inc/91d3-110005314/1C6RJTBG3TL178916/thumbnails/large/ddd0521657ae73eb6d1ecfe91e9ab2eb.jpg	in stock	NEW	TRUCK	Vehicles & Parts > Vehicles > Motor Vehicles > Cars, Trucks & Vans	1C6RJTBG3TL178916	https://www.parkjeepchrysler.com/inventory/new-2026-jeep-gladiator-shadow-ops-4x4-crew-cab-1c6rjtbg3tl178916/123?store={store_code}	BLACK	0 miles	Gladiator	1C6RJTBG3TL178916	2026	56700 USD	PCJ100	56700 USD	MI
1C6RJTBG5TL178657	2026 Jeep GLADIATOR SHADOW OPS 4X4	Jeep	https://www.parkjeepchrysler.com/inventory/new-2026-jeep-gladiator-shadow-ops-4x4-crew-cab-1c6rjtbg5tl178657/	57051 USD	2026 Bright White Clearcoat Jeep Gladiator New 2026 Jeep Gladiator Shadow Ops Crew Cab 3.6L V6 24V VVT For sale at Park Chrysler Jeep in Burnsville Minnesota.	https://vehicle-images.carscommerce.inc/b267-110005314/1C6RJTBG5TL178657/thumbnails/large/09df383691700dab94cfcc1ea7f43542.jpg	in stock	NEW	TRUCK	Vehicles & Parts > Vehicles > Motor Vehicles > Cars, Trucks & Vans	1C6RJTBG5TL178657	https://www.parkjeepchrysler.com/inventory/new-2026-jeep-gladiator-shadow-ops-4x4-crew-cab-1c6rjtbg5tl178657/123?store={store_code}	WHITE	0 miles	Gladiator	1C6RJTBG5TL178657	2026	57051 USD	PCJ100	57051 USD	MI
1C6RJTBG5TL178660	2026 Jeep GLADIATOR SHADOW OPS 4X4	Jeep	https://www.parkjeepchrysler.com/inventory/new-2026-jeep-gladiator-shadow-ops-4x4-crew-cab-1c6rjtbg5tl178660/	52924 USD	2026 Bright White Clearcoat Jeep Gladiator New 2026 Jeep Gladiator Shadow Ops Crew Cab 3.6L V6 24V VVT For sale at Park Chrysler Jeep in Burnsville Minnesota.	https://vehicle-images.carscommerce.inc/9733-110005314/1C6RJTBG5TL178660/thumbnails/large/8b391340a89e08b308aaa07b3196febf.jpg	in stock	NEW	TRUCK	Vehicles & Parts > Vehicles > Motor Vehicles > Cars, Trucks & Vans	1C6RJTBG5TL178660	https://www.parkjeepchrysler.com/inventory/new-2026-jeep-gladiator-shadow-ops-4x4-crew-cab-1c6rjtbg5tl178660/123?store={store_code}	WHITE	0 miles	Gladiator	1C6RJTBG5TL178660	2026	52924 USD	PCJ100	52924 USD	MI
1C6RJTBG7TL178658	2026 Jeep GLADIATOR SHADOW OPS 4X4	Jeep	https://www.parkjeepchrysler.com/inventory/new-2026-jeep-gladiator-shadow-ops-4x4-crew-cab-1c6rjtbg7tl178658/	57638 USD	2026 Granite Crystal Metallic Clearcoat Jeep Gladiator New 2026 Jeep Gladiator Shadow Ops Crew Cab 3.6L V6 24V VVT For sale at Park Chrysler Jeep in Burnsville Minnesota.	https://vehicle-images.carscommerce.inc/5130-110005314/1C6RJTBG7TL178658/thumbnails/large/94589923a84e5357cb6c47142caa6544.jpg	in stock	NEW	TRUCK	Vehicles & Parts > Vehicles > Motor Vehicles > Cars, Trucks & Vans	1C6RJTBG7TL178658	https://www.parkjeepchrysler.com/inventory/new-2026-jeep-gladiator-shadow-ops-4x4-crew-cab-1c6rjtbg7tl178658/123?store={store_code}	GRAY	0 miles	Gladiator	1C6RJTBG7TL178658	2026	57638 USD	PCJ100	57638 USD	MI
1C6RJTBG7TL178661	2026 Jeep GLADIATOR SHADOW OPS 4X4	Jeep	https://www.parkjeepchrysler.com/inventory/new-2026-jeep-gladiator-shadow-ops-4x4-crew-cab-1c6rjtbg7tl178661/	53511 USD	2026 Granite Crystal Metallic Clearcoat Jeep Gladiator New 2026 Jeep Gladiator Shadow Ops Crew Cab 3.6L V6 24V VVT For sale at Park Chrysler Jeep in Burnsville Minnesota.	https://vehicle-images.carscommerce.inc/6350-110005314/1C6RJTBG7TL178661/thumbnails/large/61ae865b5db94304297e49c7ca7ed176.jpg	in stock	NEW	TRUCK	Vehicles & Parts > Vehicles > Motor Vehicles > Cars, Trucks & Vans	1C6RJTBG7TL178661	https://www.parkjeepchrysler.com/inventory/new-2026-jeep-gladiator-shadow-ops-4x4-crew-cab-1c6rjtbg7tl178661/123?store={store_code}	GRAY	0 miles	Gladiator	1C6RJTBG7TL178661	2026	53511 USD	PCJ100	53511 USD	MI
1C6RJTBG7TL180894	2026 Jeep GLADIATOR SHADOW OPS 4X4	Jeep	https://www.parkjeepchrysler.com/inventory/new-2026-jeep-gladiator-shadow-ops-4x4-crew-cab-1c6rjtbg7tl180894/	54044 USD	2026 Black Clearcoat Jeep Gladiator New 2026 Jeep Gladiator Shadow Ops Crew Cab 3.6L V6 24V VVT For sale at Park Chrysler Jeep in Burnsville Minnesota.	https://vehicle-images.carscommerce.inc/5fee-110005314/1C6RJTBG7TL180894/thumbnails/large/018e7aa9e0c7b9dc72bdff5319c9be6e.jpg	in stock	NEW	TRUCK	Vehicles & Parts > Vehicles > Motor Vehicles > Cars, Trucks & Vans	1C6RJTBG7TL180894	https://www.parkjeepchrysler.com/inventory/new-2026-jeep-gladiator-shadow-ops-4x4-crew-cab-1c6rjtbg7tl180894/123?store={store_code}	BLACK	0 miles	Gladiator	1C6RJTBG7TL180894	2026	54044 USD	PCJ100	54044 USD	MI
1C6RJTBG9TL180895	2026 Jeep GLADIATOR SHADOW OPS 4X4	Jeep	https://www.parkjeepchrysler.com/inventory/new-2026-jeep-gladiator-shadow-ops-4x4-crew-cab-1c6rjtbg9tl180895/	54103 USD	2026 Bright White Clearcoat Jeep Gladiator New 2026 Jeep Gladiator Shadow Ops Crew Cab 3.6L V6 24V VVT For sale at Park Chrysler Jeep in Burnsville Minnesota.	https://vehicle-images.carscommerce.inc/32eb-110005314/1C6RJTBG9TL180895/thumbnails/large/32a68d7b2a392bc0fa6c576115608e97.jpg	in stock	NEW	TRUCK	Vehicles & Parts > Vehicles > Motor Vehicles > Cars, Trucks & Vans	1C6RJTBG9TL180895	https://www.parkjeepchrysler.com/inventory/new-2026-jeep-gladiator-shadow-ops-4x4-crew-cab-1c6rjtbg9tl180895/123?store={store_code}	WHITE	0 miles	Gladiator	1C6RJTBG9TL180895	2026	54103 USD	PCJ100	54103 USD	MI
1C6PJTAG4TL185995	2026 Jeep GLADIATOR SPORT S 4X4	Jeep	https://www.parkjeepchrysler.com/inventory/new-2026-jeep-gladiator-sport-s-4x4-crew-cab-1c6pjtag4tl185995/	48500 USD	2026 Black Clearcoat Jeep Gladiator New 2026 Jeep Gladiator Sport S Crew Cab 3.6L V6 24V VVT For sale at Park Chrysler Jeep in Burnsville Minnesota.	https://vehicle-images.carscommerce.inc/21c9-110005314/1C6PJTAG4TL185995/thumbnails/large/2d8a0d29b423a31f65207971c6444eef.jpg	in stock	NEW	TRUCK	Vehicles & Parts > Vehicles > Motor Vehicles > Cars, Trucks & Vans	1C6PJTAG4TL185995	https://www.parkjeepchrysler.com/inventory/new-2026-jeep-gladiator-sport-s-4x4-crew-cab-1c6pjtag4tl185995/123?store={store_code}	BLACK	0 miles	Gladiator	1C6PJTAG4TL185995	2026	48500 USD	PCJ100	48500 USD	MI
1C6PJTAG4TL186001	2026 Jeep GLADIATOR SPORT S 4X4	Jeep	https://www.parkjeepchrysler.com/inventory/new-2026-jeep-gladiator-sport-s-4x4-crew-cab-1c6pjtag4tl186001/	49450 USD	2026 Bright White Clearcoat Jeep Gladiator New 2026 Jeep Gladiator Sport S Crew Cab 3.6L V6 24V VVT For sale at Park Chrysler Jeep in Burnsville Minnesota.	https://vehicle-images.carscommerce.inc/7b64-110005314/1C6PJTAG4TL186001/thumbnails/large/88e2d2ca0bc527e4fe205e5e3820c725.jpg	in stock	NEW	TRUCK	Vehicles & Parts > Vehicles > Motor Vehicles > Cars, Trucks & Vans	1C6PJTAG4TL186001	https://www.parkjeepchrysler.com/inventory/new-2026-jeep-gladiator-sport-s-4x4-crew-cab-1c6pjtag4tl186001/123?store={store_code}	WHITE	0 miles	Gladiator	1C6PJTAG4TL186001	2026	49450 USD	PCJ100	49450 USD	MI
1C6PJTAG6TL185996	2026 Jeep GLADIATOR SPORT S 4X4	Jeep	https://www.parkjeepchrysler.com/inventory/new-2026-jeep-gladiator-sport-s-4x4-crew-cab-1c6pjtag6tl185996/	47934 USD	2026 Bright White Clearcoat Jeep Gladiator New 2026 Jeep Gladiator Sport S Crew Cab 3.6L V6 24V VVT For sale at Park Chrysler Jeep in Burnsville Minnesota.	https://vehicle-images.carscommerce.inc/9002-110005314/1C6PJTAG6TL185996/thumbnails/large/97e3274cabe3682f3cc1dd03612081d6.jpg	in stock	NEW	TRUCK	Vehicles & Parts > Vehicles > Motor Vehicles > Cars, Trucks & Vans	1C6PJTAG6TL185996	https://www.parkjeepchrysler.com/inventory/new-2026-jeep-gladiator-sport-s-4x4-crew-cab-1c6pjtag6tl185996/123?store={store_code}	WHITE	0 miles	Gladiator	1C6PJTAG6TL185996	2026	47934 USD	PCJ100	47934 USD	MI
1C6PJTAG6TL186002	2026 Jeep GLADIATOR SPORT S 4X4	Jeep	https://www.parkjeepchrysler.com/inventory/new-2026-jeep-gladiator-sport-s-4x4-crew-cab-1c6pjtag6tl186002/	50015 USD	2026 Granite Crystal Metallic Clearcoat Jeep Gladiator New 2026 Jeep Gladiator Sport S Crew Cab 3.6L V6 24V VVT For sale at Park Chrysler Jeep in Burnsville Minnesota.	https://vehicle-images.carscommerce.inc/c3bf-110005314/1C6PJTAG6TL186002/thumbnails/large/05974a9cfc62bb65aca0909c572fdda0.jpg	in stock	NEW	TRUCK	Vehicles & Parts > Vehicles > Motor Vehicles > Cars, Trucks & Vans	1C6PJTAG6TL186002	https://www.parkjeepchrysler.com/inventory/new-2026-jeep-gladiator-sport-s-4x4-crew-cab-1c6pjtag6tl186002/123?store={store_code}	GRAY	0 miles	Gladiator	1C6PJTAG6TL186002	2026	50015 USD	PCJ100	50015 USD	MI
1C6PJTAG8TL185997	2026 Jeep GLADIATOR SPORT S 4X4	Jeep	https://www.parkjeepchrysler.com/inventory/new-2026-jeep-gladiator-sport-s-4x4-crew-cab-1c6pjtag8tl185997/	48500 USD	2026 Granite Crystal Metallic Clearcoat Jeep Gladiator New 2026 Jeep Gladiator Sport S Crew Cab 3.6L V6 24V VVT For sale at Park Chrysler Jeep in Burnsville Minnesota.	https://vehicle-images.carscommerce.inc/23ab-110005314/1C6PJTAG8TL185997/thumbnails/large/9405bd74d049ec908916039cbd35c8d6.jpg	in stock	NEW	TRUCK	Vehicles & Parts > Vehicles > Motor Vehicles > Cars, Trucks & Vans	1C6PJTAG8TL185997	https://www.parkjeepchrysler.com/inventory/new-2026-jeep-gladiator-sport-s-4x4-crew-cab-1c6pjtag8tl185997/123?store={store_code}	GRAY	0 miles	Gladiator	1C6PJTAG8TL185997	2026	48500 USD	PCJ100	48500 USD	MI
1C4RJHBR0TC297613	2026 Jeep GRAND CHEROKEE 85TH ANNIVERSARY EDITION 4X4	Jeep	https://www.parkjeepchrysler.com/inventory/new-2026-jeep-grand-cherokee-4x4-sport-utility-1c4rjhbr0tc297613/	46028 USD	2026 Diamond Black Crystal Pearlcoat Jeep Grand Cherokee New 2026 Jeep Grand Cherokee Sport Utility 2.0L Hurricane 4 Turbo with ESS For sale at Park Chrysler Jeep in Burnsville Minnesota.	https://vehicle-images.carscommerce.inc/7eac-110005314/1C4RJHBR0TC297613/thumbnails/large/bc1165393d00602af715efb9e0c087e1.jpg	in stock	NEW	SUV	Vehicles & Parts > Vehicles > Motor Vehicles > Cars, Trucks & Vans	1C4RJHBR0TC297613	https://www.parkjeepchrysler.com/inventory/new-2026-jeep-grand-cherokee-4x4-sport-utility-1c4rjhbr0tc297613/123?store={store_code}	BLACK	0 miles	Grand Cherokee	1C4RJHBR0TC297613	2026	46028 USD	PCJ100	46028 USD	MI
1C4RJHBR2TC297614	2026 Jeep GRAND CHEROKEE 85TH ANNIVERSARY EDITION 4X4	Jeep	https://www.parkjeepchrysler.com/inventory/new-2026-jeep-grand-cherokee-4x4-sport-utility-1c4rjhbr2tc297614/	46028 USD	2026 Silver Zynith Jeep Grand Cherokee New 2026 Jeep Grand Cherokee Sport Utility 2.0L Hurricane 4 Turbo with ESS For sale at Park Chrysler Jeep in Burnsville Minnesota.	https://vehicle-images.carscommerce.inc/7dc3-110005314/1C4RJHBR2TC297614/thumbnails/large/003f99a875f10f3388d69fea9e6f7cd2.jpg	in stock	NEW	SUV	Vehicles & Parts > Vehicles > Motor Vehicles > Cars, Trucks & Vans	1C4RJHBR2TC297614	https://www.parkjeepchrysler.com/inventory/new-2026-jeep-grand-cherokee-4x4-sport-utility-1c4rjhbr2tc297614/123?store={store_code}	SILVER	0 miles	Grand Cherokee	1C4RJHBR2TC297614	2026	46028 USD	PCJ100	46028 USD	MI
1C4RJHBR4TC297615	2026 Jeep GRAND CHEROKEE 85TH ANNIVERSARY EDITION 4X4	Jeep	https://www.parkjeepchrysler.com/inventory/new-2026-jeep-grand-cherokee-4x4-sport-utility-1c4rjhbr4tc297615/	44596 USD	2026 Bright White Clearcoat Jeep Grand Cherokee New 2026 Jeep Grand Cherokee Sport Utility 2.0L Hurricane 4 Turbo with ESS For sale at Park Chrysler Jeep in Burnsville Minnesota.	https://vehicle-images.carscommerce.inc/827c-110005314/1C4RJHBR4TC297615/thumbnails/large/71342bfd9ca45916a99b55864537d3f0.jpg	in stock	NEW	SUV	Vehicles & Parts > Vehicles > Motor Vehicles > Cars, Trucks & Vans	1C4RJHBR4TC297615	https://www.parkjeepchrysler.com/inventory/new-2026-jeep-grand-cherokee-4x4-sport-utility-1c4rjhbr4tc297615/123?store={store_code}	WHITE	0 miles	Grand Cherokee	1C4RJHBR4TC297615	2026	44596 USD	PCJ100	44596 USD	MI
1C4RJHBR5TC286963	2026 Jeep GRAND CHEROKEE 85TH ANNIVERSARY EDITION 4X4	Jeep	https://www.parkjeepchrysler.com/inventory/new-2026-jeep-grand-cherokee-4x4-sport-utility-1c4rjhbr5tc286963/	45132 USD	2026 Silver Zynith Jeep Grand Cherokee New 2026 Jeep Grand Cherokee Sport Utility 2.0L Hurricane 4 Turbo with ESS For sale at Park Chrysler Jeep in Burnsville Minnesota.	https://vehicle-images.carscommerce.inc/9aba-110005314/1C4RJHBR5TC286963/thumbnails/large/100db02ebc05ccad3650165c6802fa87.jpg	in stock	NEW	SUV	Vehicles & Parts > Vehicles > Motor Vehicles > Cars, Trucks & Vans	1C4RJHBR5TC286963	https://www.parkjeepchrysler.com/inventory/new-2026-jeep-grand-cherokee-4x4-sport-utility-1c4rjhbr5tc286963/123?store={store_code}	SILVER	0 miles	Grand Cherokee	1C4RJHBR5TC286963	2026	45132 USD	PCJ100	45132 USD	MI
1C4RJHBR6TC297616	2026 Jeep GRAND CHEROKEE 85TH ANNIVERSARY EDITION 4X4	Jeep	https://www.parkjeepchrysler.com/inventory/new-2026-jeep-grand-cherokee-4x4-sport-utility-1c4rjhbr6tc297616/	45132 USD	2026 Diamond Black Crystal Pearlcoat Jeep Grand Cherokee New 2026 Jeep Grand Cherokee Sport Utility 2.0L Hurricane 4 Turbo with ESS For sale at Park Chrysler Jeep in Burnsville Minnesota.	https://vehicle-images.carscommerce.inc/9ca0-110005314/1C4RJHBR6TC297616/thumbnails/large/439eb89ddd5b8bf12435e0b756e8ea7b.jpg	in stock	NEW	SUV	Vehicles & Parts > Vehicles > Motor Vehicles > Cars, Trucks & Vans	1C4RJHBR6TC297616	https://www.parkjeepchrysler.com/inventory/new-2026-jeep-grand-cherokee-4x4-sport-utility-1c4rjhbr6tc297616/123?store={store_code}	BLACK	0 miles	Grand Cherokee	1C4RJHBR6TC297616	2026	45132 USD	PCJ100	45132 USD	MI
1C4RJHBR7TC270523	2026 Jeep GRAND CHEROKEE 85TH ANNIVERSARY EDITION 4X4	Jeep	https://www.parkjeepchrysler.com/inventory/new-2026-jeep-grand-cherokee-4x4-sport-utility-1c4rjhbr7tc270523/	45492 USD	2026 Bright White Clearcoat Jeep Grand Cherokee New 2026 Jeep Grand Cherokee Sport Utility 2.0L Hurricane 4 Turbo with ESS For sale at Park Chrysler Jeep in Burnsville Minnesota.	https://vehicle-images.carscommerce.inc/ed48-110005314/1C4RJHBR7TC270523/thumbnails/large/0de1128358e6412124ce7e9e508e5a24.jpg	in stock	NEW	SUV	Vehicles & Parts > Vehicles > Motor Vehicles > Cars, Trucks & Vans	1C4RJHBR7TC270523	https://www.parkjeepchrysler.com/inventory/new-2026-jeep-grand-cherokee-4x4-sport-utility-1c4rjhbr7tc270523/123?store={store_code}	WHITE	0 miles	Grand Cherokee	1C4RJHBR7TC270523	2026	45492 USD	PCJ100	45492 USD	MI
1C4RJHBR9TC297612	2026 Jeep GRAND CHEROKEE 85TH ANNIVERSARY EDITION 4X4	Jeep	https://www.parkjeepchrysler.com/inventory/new-2026-jeep-grand-cherokee-4x4-sport-utility-1c4rjhbr9tc297612/	45492 USD	2026 Bright White Clearcoat Jeep Grand Cherokee New 2026 Jeep Grand Cherokee Sport Utility 2.0L Hurricane 4 Turbo with ESS For sale at Park Chrysler Jeep in Burnsville Minnesota.	https://vehicle-images.carscommerce.inc/c2e8-110005314/1C4RJHBR9TC297612/thumbnails/large/ced210d8913860ce64414d039e77e3b6.jpg	in stock	NEW	SUV	Vehicles & Parts > Vehicles > Motor Vehicles > Cars, Trucks & Vans	1C4RJHBR9TC297612	https://www.parkjeepchrysler.com/inventory/new-2026-jeep-grand-cherokee-4x4-sport-utility-1c4rjhbr9tc297612/123?store={store_code}	WHITE	0 miles	Grand Cherokee	1C4RJHBR9TC297612	2026	45492 USD	PCJ100	45492 USD	MI
1C4RJHAR7TC193377	2026 Jeep GRAND CHEROKEE LAREDO ALTITUDE 4X4	Jeep	https://www.parkjeepchrysler.com/inventory/new-2026-jeep-grand-cherokee-altitude-4x4-sport-utility-1c4rjhar7tc193377/	40164 USD	2026 Velvet Red Pearlcoat Jeep Grand Cherokee New 2026 Jeep Grand Cherokee Altitude Sport Utility 2.0L Hurricane 4 Turbo with ESS For sale at Park Chrysler Jeep in Burnsville Minnesota.	https://vehicle-images.carscommerce.inc/32a4-110005314/1C4RJHAR7TC193377/thumbnails/large/643c948dec29a067143de5efc9689590.jpg	in stock	NEW	SUV	Vehicles & Parts > Vehicles > Motor Vehicles > Cars, Trucks & Vans	1C4RJHAR7TC193377	https://www.parkjeepchrysler.com/inventory/new-2026-jeep-grand-cherokee-altitude-4x4-sport-utility-1c4rjhar7tc193377/123?store={store_code}	RED	0 miles	Grand Cherokee	1C4RJHAR7TC193377	2026	40164 USD	PCJ100	40164 USD	MI
1C4RJKBR0T8606481	2026 Jeep GRAND CHEROKEE L LIMITED 4X4	Jeep	https://www.parkjeepchrysler.com/inventory/new-2026-jeep-grand-cherokee-l-limited-4x4-sport-utility-1c4rjkbr0t8606481/	47262 USD	2026 Copper Shino Metallic Clearcoat Jeep Grand Cherokee L New 2026 Jeep Grand Cherokee L Limited Sport Utility 2.0L Hurricane 4 Turbo with ESS For sale at Park Chrysler Jeep in Burnsville Minnesota.	https://vehicle-images.carscommerce.inc/ed89-110005314/1C4RJKBR0T8606481/thumbnails/large/e4df0e868f43280a6cd8b824d33a053d.jpg	in stock	NEW	SUV	Vehicles & Parts > Vehicles > Motor Vehicles > Cars, Trucks & Vans	1C4RJKBR0T8606481	https://www.parkjeepchrysler.com/inventory/new-2026-jeep-grand-cherokee-l-limited-4x4-sport-utility-1c4rjkbr0t8606481/123?store={store_code}	ORANGE	0 miles	Grand Cherokee L	1C4RJKBR0T8606481	2026	47262 USD	PCJ100	47262 USD	MI
1C4RJKBR0T8608098	2026 Jeep GRAND CHEROKEE L LIMITED 4X4	Jeep	https://www.parkjeepchrysler.com/inventory/new-2026-jeep-grand-cherokee-l-limited-4x4-sport-utility-1c4rjkbr0t8608098/	45192 USD	2026 Bright White Clearcoat Jeep Grand Cherokee L New 2026 Jeep Grand Cherokee L Limited Sport Utility 2.0L Hurricane 4 Turbo with ESS For sale at Park Chrysler Jeep in Burnsville Minnesota.	https://vehicle-images.carscommerce.inc/7f5f-110005314/1C4RJKBR0T8608098/thumbnails/large/eb4cc8353a169eb183136a346de119ae.jpg	in stock	NEW	SUV	Vehicles & Parts > Vehicles > Motor Vehicles > Cars, Trucks & Vans	1C4RJKBR0T8608098	https://www.parkjeepchrysler.com/inventory/new-2026-jeep-grand-cherokee-l-limited-4x4-sport-utility-1c4rjkbr0t8608098/123?store={store_code}	WHITE	0 miles	Grand Cherokee L	1C4RJKBR0T8608098	2026	45192 USD	PCJ100	45192 USD	MI
1C4RJKBR1T8562121	2026 Jeep GRAND CHEROKEE L LIMITED 4X4	Jeep	https://www.parkjeepchrysler.com/inventory/new-2026-jeep-grand-cherokee-l-limited-4x4-sport-utility-1c4rjkbr1t8562121/	45375 USD	2026 Diamond Black Crystal Pearlcoat Jeep Grand Cherokee L New 2026 Jeep Grand Cherokee L Limited Sport Utility 2.0L Hurricane 4 Turbo with ESS For sale at Park Chrysler Jeep in Burnsville Minnesota.	https://vehicle-images.carscommerce.inc/40d6-110005314/1C4RJKBR1T8562121/thumbnails/large/487febfa887e3f0825c6c5b962250c8d.jpg	in stock	NEW	SUV	Vehicles & Parts > Vehicles > Motor Vehicles > Cars, Trucks & Vans	1C4RJKBR1T8562121	https://www.parkjeepchrysler.com/inventory/new-2026-jeep-grand-cherokee-l-limited-4x4-sport-utility-1c4rjkbr1t8562121/123?store={store_code}	BLACK	0 miles	Grand Cherokee L	1C4RJKBR1T8562121	2026	45375 USD	PCJ100	45375 USD	MI
1C4RJKBR1T8582482	2026 Jeep GRAND CHEROKEE L LIMITED 4X4	Jeep	https://www.parkjeepchrysler.com/inventory/new-2026-jeep-grand-cherokee-l-limited-4x4-sport-utility-1c4rjkbr1t8582482/	42696 USD	2026 Baltic Gray Metallic Clearcoat Jeep Grand Cherokee L New 2026 Jeep Grand Cherokee L Limited Sport Utility 2.0L Hurricane 4 Turbo with ESS For sale at Park Chrysler Jeep in Burnsville Minnesota.	https://vehicle-images.carscommerce.inc/6db1-110005314/1C4RJKBR1T8582482/thumbnails/large/44b26fe1384f46158ca145625b8982c4.jpg	in stock	NEW	SUV	Vehicles & Parts > Vehicles > Motor Vehicles > Cars, Trucks & Vans	1C4RJKBR1T8582482	https://www.parkjeepchrysler.com/inventory/new-2026-jeep-grand-cherokee-l-limited-4x4-sport-utility-1c4rjkbr1t8582482/123?store={store_code}	GRAY	0 miles	Grand Cherokee L	1C4RJKBR1T8582482	2026	42696 USD	PCJ100	42696 USD	MI
1C4RJKBR2T8606479	2026 Jeep GRAND CHEROKEE L LIMITED 4X4	Jeep	https://www.parkjeepchrysler.com/inventory/new-2026-jeep-grand-cherokee-l-limited-4x4-sport-utility-1c4rjkbr2t8606479/	46576 USD	2026 Bright White Clearcoat Jeep Grand Cherokee L New 2026 Jeep Grand Cherokee L Limited Sport Utility 2.0L Hurricane 4 Turbo with ESS For sale at Park Chrysler Jeep in Burnsville Minnesota.	https://vehicle-images.carscommerce.inc/869c-110005314/1C4RJKBR2T8606479/thumbnails/large/d402f7674688ed76a0983175dae5161d.jpg	in stock	NEW	SUV	Vehicles & Parts > Vehicles > Motor Vehicles > Cars, Trucks & Vans	1C4RJKBR2T8606479	https://www.parkjeepchrysler.com/inventory/new-2026-jeep-grand-cherokee-l-limited-4x4-sport-utility-1c4rjkbr2t8606479/123?store={store_code}	WHITE	0 miles	Grand Cherokee L	1C4RJKBR2T8606479	2026	46576 USD	PCJ100	46576 USD	MI
1C4RJKBR2T8606482	2026 Jeep GRAND CHEROKEE L LIMITED 4X4	Jeep	https://www.parkjeepchrysler.com/inventory/new-2026-jeep-grand-cherokee-l-limited-4x4-sport-utility-1c4rjkbr2t8606482/	45530 USD	2026 Copper Shino Metallic Clearcoat Jeep Grand Cherokee L New 2026 Jeep Grand Cherokee L Limited Sport Utility 2.0L Hurricane 4 Turbo with ESS For sale at Park Chrysler Jeep in Burnsville Minnesota.	https://vehicle-images.carscommerce.inc/62ef-110005314/1C4RJKBR2T8606482/thumbnails/large/964309b23315978f8c65beb65e29246b.jpg	in stock	NEW	SUV	Vehicles & Parts > Vehicles > Motor Vehicles > Cars, Trucks & Vans	1C4RJKBR2T8606482	https://www.parkjeepchrysler.com/inventory/new-2026-jeep-grand-cherokee-l-limited-4x4-sport-utility-1c4rjkbr2t8606482/123?store={store_code}	ORANGE	0 miles	Grand Cherokee L	1C4RJKBR2T8606482	2026	45530 USD	PCJ100	45530 USD	MI
1C4RJKBR5T8574918	2026 Jeep GRAND CHEROKEE L LIMITED 4X4	Jeep	https://www.parkjeepchrysler.com/inventory/new-2026-jeep-grand-cherokee-l-limited-4x4-sport-utility-1c4rjkbr5t8574918/	45028 USD	2026 Baltic Gray Metallic Clearcoat Jeep Grand Cherokee L New 2026 Jeep Grand Cherokee L Limited Sport Utility 2.0L Hurricane 4 Turbo with ESS For sale at Park Chrysler Jeep in Burnsville Minnesota.	https://vehicle-images.carscommerce.inc/6a1f-110005314/1C4RJKBR5T8574918/thumbnails/large/bf074cbd4f022e71a2ac663deec0c3cf.jpg	in stock	NEW	SUV	Vehicles & Parts > Vehicles > Motor Vehicles > Cars, Trucks & Vans	1C4RJKBR5T8574918	https://www.parkjeepchrysler.com/inventory/new-2026-jeep-grand-cherokee-l-limited-4x4-sport-utility-1c4rjkbr5t8574918/123?store={store_code}	GRAY	0 miles	Grand Cherokee L	1C4RJKBR5T8574918	2026	45028 USD	PCJ100	45028 USD	MI
1C4RJKBR7T8567758	2026 Jeep GRAND CHEROKEE L LIMITED 4X4	Jeep	https://www.parkjeepchrysler.com/inventory/new-2026-jeep-grand-cherokee-l-limited-4x4-sport-utility-1c4rjkbr7t8567758/	44875 USD	2026 Diamond Black Crystal Pearlcoat Jeep Grand Cherokee L New 2026 Jeep Grand Cherokee L Limited Sport Utility 2.0L Hurricane 4 Turbo with ESS For sale at Park Chrysler Jeep in Burnsville Minnesota.	https://vehicle-images.carscommerce.inc/bb8a-110005314/1C4RJKBR7T8567758/thumbnails/large/ea7f6b36f96ad4c8da3dc106dcd7c54b.jpg	in stock	NEW	SUV	Vehicles & Parts > Vehicles > Motor Vehicles > Cars, Trucks & Vans	1C4RJKBR7T8567758	https://www.parkjeepchrysler.com/inventory/new-2026-jeep-grand-cherokee-l-limited-4x4-sport-utility-1c4rjkbr7t8567758/123?store={store_code}	BLACK	0 miles	Grand Cherokee L	1C4RJKBR7T8567758	2026	44875 USD	PCJ100	44875 USD	MI
1C4RJKBR7T8582485	2026 Jeep GRAND CHEROKEE L LIMITED 4X4	Jeep	https://www.parkjeepchrysler.com/inventory/new-2026-jeep-grand-cherokee-l-limited-4x4-sport-utility-1c4rjkbr7t8582485/	42696 USD	2026 Diamond Black Crystal Pearlcoat Jeep Grand Cherokee L New 2026 Jeep Grand Cherokee L Limited Sport Utility 2.0L Hurricane 4 Turbo with ESS For sale at Park Chrysler Jeep in Burnsville Minnesota.	https://vehicle-images.carscommerce.inc/71fe-110005314/1C4RJKBR7T8582485/thumbnails/large/47e644b7928d51363954ebeb56703384.jpg	in stock	NEW	SUV	Vehicles & Parts > Vehicles > Motor Vehicles > Cars, Trucks & Vans	1C4RJKBR7T8582485	https://www.parkjeepchrysler.com/inventory/new-2026-jeep-grand-cherokee-l-limited-4x4-sport-utility-1c4rjkbr7t8582485/123?store={store_code}	BLACK	0 miles	Grand Cherokee L	1C4RJKBR7T8582485	2026	42696 USD	PCJ100	42696 USD	MI
1C4RJKBR7T8606476	2026 Jeep GRAND CHEROKEE L LIMITED 4X4	Jeep	https://www.parkjeepchrysler.com/inventory/new-2026-jeep-grand-cherokee-l-limited-4x4-sport-utility-1c4rjkbr7t8606476/	45530 USD	2026 Fathom Blue Pearlcoat Jeep Grand Cherokee L New 2026 Jeep Grand Cherokee L Limited Sport Utility 2.0L Hurricane 4 Turbo with ESS For sale at Park Chrysler Jeep in Burnsville Minnesota.	https://vehicle-images.carscommerce.inc/7adb-110005314/1C4RJKBR7T8606476/thumbnails/large/f8ced342969e8640b317473a57f217e9.jpg	in stock	NEW	SUV	Vehicles & Parts > Vehicles > Motor Vehicles > Cars, Trucks & Vans	1C4RJKBR7T8606476	https://www.parkjeepchrysler.com/inventory/new-2026-jeep-grand-cherokee-l-limited-4x4-sport-utility-1c4rjkbr7t8606476/123?store={store_code}	BLUE	0 miles	Grand Cherokee L	1C4RJKBR7T8606476	2026	45530 USD	PCJ100	45530 USD	MI
1C4RJKBR8T8598517	2026 Jeep GRAND CHEROKEE L LIMITED 4X4	Jeep	https://www.parkjeepchrysler.com/inventory/new-2026-jeep-grand-cherokee-l-limited-4x4-sport-utility-1c4rjkbr8t8598517/	44630 USD	2026 Fathom Blue Pearlcoat Jeep Grand Cherokee L New 2026 Jeep Grand Cherokee L Limited Sport Utility 2.0L Hurricane 4 Turbo with ESS For sale at Park Chrysler Jeep in Burnsville Minnesota.	https://vehicle-images.carscommerce.inc/fcb5-110005314/1C4RJKBR8T8598517/thumbnails/large/1d3525a782f930eb86ca9eea2d4d1bcd.jpg	in stock	NEW	SUV	Vehicles & Parts > Vehicles > Motor Vehicles > Cars, Trucks & Vans	1C4RJKBR8T8598517	https://www.parkjeepchrysler.com/inventory/new-2026-jeep-grand-cherokee-l-limited-4x4-sport-utility-1c4rjkbr8t8598517/123?store={store_code}	BLUE	0 miles	Grand Cherokee L	1C4RJKBR8T8598517	2026	44630 USD	PCJ100	44630 USD	MI
1C4RJKBR9T8606477	2026 Jeep GRAND CHEROKEE L LIMITED 4X4	Jeep	https://www.parkjeepchrysler.com/inventory/new-2026-jeep-grand-cherokee-l-limited-4x4-sport-utility-1c4rjkbr9t8606477/	44994 USD	2026 Bright White Clearcoat Jeep Grand Cherokee L New 2026 Jeep Grand Cherokee L Limited Sport Utility 2.0L Hurricane 4 Turbo with ESS For sale at Park Chrysler Jeep in Burnsville Minnesota.	https://vehicle-images.carscommerce.inc/5dd4-110005314/1C4RJKBR9T8606477/thumbnails/large/c4bfa298721fcac6650a55e8cb2f68ca.jpg	in stock	NEW	SUV	Vehicles & Parts > Vehicles > Motor Vehicles > Cars, Trucks & Vans	1C4RJKBR9T8606477	https://www.parkjeepchrysler.com/inventory/new-2026-jeep-grand-cherokee-l-limited-4x4-sport-utility-1c4rjkbr9t8606477/123?store={store_code}	WHITE	0 miles	Grand Cherokee L	1C4RJKBR9T8606477	2026	44994 USD	PCJ100	44994 USD	MI
1C4RJKBR9T8606480	2026 Jeep GRAND CHEROKEE L LIMITED 4X4	Jeep	https://www.parkjeepchrysler.com/inventory/new-2026-jeep-grand-cherokee-l-limited-4x4-sport-utility-1c4rjkbr9t8606480/	46576 USD	2026 Steel Blue Jeep Grand Cherokee L New 2026 Jeep Grand Cherokee L Limited Sport Utility 2.0L Hurricane 4 Turbo with ESS For sale at Park Chrysler Jeep in Burnsville Minnesota.	https://vehicle-images.carscommerce.inc/e810-110005314/1C4RJKBR9T8606480/thumbnails/large/854cb14dfe15aad9c017e42ce404b114.jpg	in stock	NEW	SUV	Vehicles & Parts > Vehicles > Motor Vehicles > Cars, Trucks & Vans	1C4RJKBR9T8606480	https://www.parkjeepchrysler.com/inventory/new-2026-jeep-grand-cherokee-l-limited-4x4-sport-utility-1c4rjkbr9t8606480/123?store={store_code}	GRAY	0 miles	Grand Cherokee L	1C4RJKBR9T8606480	2026	46576 USD	PCJ100	46576 USD	MI
1C4RJKBR9T8608097	2026 Jeep GRAND CHEROKEE L LIMITED 4X4	Jeep	https://www.parkjeepchrysler.com/inventory/new-2026-jeep-grand-cherokee-l-limited-4x4-sport-utility-1c4rjkbr9t8608097/	45192 USD	2026 Bright White Clearcoat Jeep Grand Cherokee L New 2026 Jeep Grand Cherokee L Limited Sport Utility 2.0L Hurricane 4 Turbo with ESS For sale at Park Chrysler Jeep in Burnsville Minnesota.	https://vehicle-images.carscommerce.inc/b8b0-110005314/1C4RJKBR9T8608097/thumbnails/large/4659847cbe177605b073243a7492dc4d.jpg	in stock	NEW	SUV	Vehicles & Parts > Vehicles > Motor Vehicles > Cars, Trucks & Vans	1C4RJKBR9T8608097	https://www.parkjeepchrysler.com/inventory/new-2026-jeep-grand-cherokee-l-limited-4x4-sport-utility-1c4rjkbr9t8608097/123?store={store_code}	WHITE	0 miles	Grand Cherokee L	1C4RJKBR9T8608097	2026	45192 USD	PCJ100	45192 USD	MI
1C4RJKBR9T8611453	2026 Jeep GRAND CHEROKEE L LIMITED 4X4	Jeep	https://www.parkjeepchrysler.com/inventory/new-2026-jeep-grand-cherokee-l-limited-4x4-sport-utility-1c4rjkbr9t8611453/	44094 USD	2026 Bright White Clearcoat Jeep Grand Cherokee L New 2026 Jeep Grand Cherokee L Limited Sport Utility 2.0L Hurricane 4 Turbo with ESS For sale at Park Chrysler Jeep in Burnsville Minnesota.	https://vehicle-images.carscommerce.inc/6e8c-110005314/1C4RJKBR9T8611453/thumbnails/large/9502a92a9525335eaf2da6ad86e629b0.jpg	in stock	NEW	SUV	Vehicles & Parts > Vehicles > Motor Vehicles > Cars, Trucks & Vans	1C4RJKBR9T8611453	https://www.parkjeepchrysler.com/inventory/new-2026-jeep-grand-cherokee-l-limited-4x4-sport-utility-1c4rjkbr9t8611453/123?store={store_code}	WHITE	0 miles	Grand Cherokee L	1C4RJKBR9T8611453	2026	44094 USD	PCJ100	44094 USD	MI
1C4RJKBRXT8562120	2026 Jeep GRAND CHEROKEE L LIMITED 4X4	Jeep	https://www.parkjeepchrysler.com/inventory/new-2026-jeep-grand-cherokee-l-limited-4x4-sport-utility-1c4rjkbrxt8562120/	44825 USD	2026 Baltic Gray Metallic Clearcoat Jeep Grand Cherokee L New 2026 Jeep Grand Cherokee L Limited Sport Utility 2.0L Hurricane 4 Turbo with ESS For sale at Park Chrysler Jeep in Burnsville Minnesota.	https://vehicle-images.carscommerce.inc/2df7-110005314/1C4RJKBRXT8562120/thumbnails/large/2586f77f4169dd21f699f8f62770981f.jpg	in stock	NEW	SUV	Vehicles & Parts > Vehicles > Motor Vehicles > Cars, Trucks & Vans	1C4RJKBRXT8562120	https://www.parkjeepchrysler.com/inventory/new-2026-jeep-grand-cherokee-l-limited-4x4-sport-utility-1c4rjkbrxt8562120/123?store={store_code}	GRAY	0 miles	Grand Cherokee L	1C4RJKBRXT8562120	2026	44825 USD	PCJ100	44825 USD	MI
1C4RJKBRXT8606472	2026 Jeep GRAND CHEROKEE L LIMITED 4X4	Jeep	https://www.parkjeepchrysler.com/inventory/new-2026-jeep-grand-cherokee-l-limited-4x4-sport-utility-1c4rjkbrxt8606472/	44994 USD	2026 Bright White Clearcoat Jeep Grand Cherokee L New 2026 Jeep Grand Cherokee L Limited Sport Utility 2.0L Hurricane 4 Turbo with ESS For sale at Park Chrysler Jeep in Burnsville Minnesota.	https://vehicle-images.carscommerce.inc/71e7-110005314/1C4RJKBRXT8606472/thumbnails/large/6d50d81030d068e452cb95b99b2f0350.jpg	in stock	NEW	SUV	Vehicles & Parts > Vehicles > Motor Vehicles > Cars, Trucks & Vans	1C4RJKBRXT8606472	https://www.parkjeepchrysler.com/inventory/new-2026-jeep-grand-cherokee-l-limited-4x4-sport-utility-1c4rjkbrxt8606472/123?store={store_code}	WHITE	0 miles	Grand Cherokee L	1C4RJKBRXT8606472	2026	44994 USD	PCJ100	44994 USD	MI
1C4RJKBR0T8565401	2026 Jeep GRAND CHEROKEE L LIMITED RESERVE 4X4	Jeep	https://www.parkjeepchrysler.com/inventory/new-2026-jeep-grand-cherokee-l-limited-reserve-4x4-sport-utility-1c4rjkbr0t8565401/	52694 USD	2026 Bright White Clearcoat Jeep Grand Cherokee L New 2026 Jeep Grand Cherokee L Limited Reserve Sport Utility 2.0L Hurricane 4 Turbo with ESS For sale at Park Chrysler Jeep in Burnsville Minnesota.	https://vehicle-images.carscommerce.inc/d806-110005314/1C4RJKBR0T8565401/thumbnails/large/b186263ee7d110466b43ef9e0f1fff6a.jpg	in stock	NEW	SUV	Vehicles & Parts > Vehicles > Motor Vehicles > Cars, Trucks & Vans	1C4RJKBR0T8565401	https://www.parkjeepchrysler.com/inventory/new-2026-jeep-grand-cherokee-l-limited-reserve-4x4-sport-utility-1c4rjkbr0t8565401/123?store={store_code}	WHITE	0 miles	Grand Cherokee L	1C4RJKBR0T8565401	2026	52694 USD	PCJ100	52694 USD	MI
1C4RJKBR3T8574142	2026 Jeep GRAND CHEROKEE L LIMITED RESERVE 4X4	Jeep	https://www.parkjeepchrysler.com/inventory/new-2026-jeep-grand-cherokee-l-limited-reserve-4x4-sport-utility-1c4rjkbr3t8574142/	53381 USD	2026 Diamond Black Crystal Pearlcoat Jeep Grand Cherokee L New 2026 Jeep Grand Cherokee L Limited Reserve Sport Utility 2.0L Hurricane 4 Turbo with ESS For sale at Park Chrysler Jeep in Burnsville Minnesota.	https://vehicle-images.carscommerce.inc/3e98-110005314/1C4RJKBR3T8574142/thumbnails/large/31b887068c5d0aa2bd5621c92db86d38.jpg	in stock	NEW	SUV	Vehicles & Parts > Vehicles > Motor Vehicles > Cars, Trucks & Vans	1C4RJKBR3T8574142	https://www.parkjeepchrysler.com/inventory/new-2026-jeep-grand-cherokee-l-limited-reserve-4x4-sport-utility-1c4rjkbr3t8574142/123?store={store_code}	BLACK	0 miles	Grand Cherokee L	1C4RJKBR3T8574142	2026	53381 USD	PCJ100	53381 USD	MI
1C4RJKBR5T8576040	2026 Jeep GRAND CHEROKEE L LIMITED RESERVE 4X4	Jeep	https://www.parkjeepchrysler.com/inventory/new-2026-jeep-grand-cherokee-l-limited-reserve-4x4-sport-utility-1c4rjkbr5t8576040/	49958 USD	2026 Copper Shino Metallic Clearcoat Jeep Grand Cherokee L New 2026 Jeep Grand Cherokee L Limited Reserve Sport Utility 2.0L Hurricane 4 Turbo with ESS For sale at Park Chrysler Jeep in Burnsville Minnesota.	https://vehicle-images.carscommerce.inc/d71f-110005314/1C4RJKBR5T8576040/thumbnails/large/d0a72593139400318eded7450bfd5d30.jpg	in stock	NEW	SUV	Vehicles & Parts > Vehicles > Motor Vehicles > Cars, Trucks & Vans	1C4RJKBR5T8576040	https://www.parkjeepchrysler.com/inventory/new-2026-jeep-grand-cherokee-l-limited-reserve-4x4-sport-utility-1c4rjkbr5t8576040/123?store={store_code}	ORANGE	0 miles	Grand Cherokee L	1C4RJKBR5T8576040	2026	49958 USD	PCJ100	49958 USD	MI
1C4RJKER6T8569450	2026 Jeep GRAND CHEROKEE L SUMMIT 4X4	Jeep	https://www.parkjeepchrysler.com/inventory/new-2026-jeep-grand-cherokee-l-summit-4x4-sport-utility-1c4rjker6t8569450/	59307 USD	2026 Bright White Clear-Coat Exterior Paint Jeep Grand Cherokee L New 2026 Jeep Grand Cherokee L Summit Sport Utility 2.0L Hurricane 4 Turbo with ESS For sale at Park Chrysler Jeep in Burnsville Minnesota.	https://vehicle-images.carscommerce.inc/d479-110005314/1C4RJKER6T8569450/thumbnails/large/9d2426ecb55215eee140c15efbdbd4b4.jpg	in stock	NEW	SUV	Vehicles & Parts > Vehicles > Motor Vehicles > Cars, Trucks & Vans	1C4RJKER6T8569450	https://www.parkjeepchrysler.com/inventory/new-2026-jeep-grand-cherokee-l-summit-4x4-sport-utility-1c4rjker6t8569450/123?store={store_code}	WHITE	0 miles	Grand Cherokee L	1C4RJKER6T8569450	2026	59307 USD	PCJ100	59307 USD	MI
1C4RJKER6T8596471	2026 Jeep GRAND CHEROKEE L SUMMIT 4X4	Jeep	https://www.parkjeepchrysler.com/inventory/new-2026-jeep-grand-cherokee-l-summit-4x4-sport-utility-1c4rjker6t8596471/	59640 USD	2026 Fathom Blue Pearl-Coat Exterior Paint Jeep Grand Cherokee L New 2026 Jeep Grand Cherokee L Summit Sport Utility 2.0L Hurricane 4 Turbo with ESS For sale at Park Chrysler Jeep in Burnsville Minnesota.	https://vehicle-images.carscommerce.inc/f7ed-110005314/1C4RJKER6T8596471/thumbnails/large/afcfb43555b2bf2b932d6740520f814f.jpg	in stock	NEW	SUV	Vehicles & Parts > Vehicles > Motor Vehicles > Cars, Trucks & Vans	1C4RJKER6T8596471	https://www.parkjeepchrysler.com/inventory/new-2026-jeep-grand-cherokee-l-summit-4x4-sport-utility-1c4rjker6t8596471/123?store={store_code}	BLUE	0 miles	Grand Cherokee L	1C4RJKER6T8596471	2026	59640 USD	PCJ100	59640 USD	MI
1C4RJKER7T8552303	2026 Jeep GRAND CHEROKEE L SUMMIT 4X4	Jeep	https://www.parkjeepchrysler.com/inventory/new-2026-jeep-grand-cherokee-l-summit-4x4-sport-utility-1c4rjker7t8552303/	58736 USD	2026 Baltic Gray Metallic Clear-Coat Exterior Paint Jeep Grand Cherokee L New 2026 Jeep Grand Cherokee L Summit Sport Utility 2.0L Hurricane 4 Turbo with ESS For sale at Park Chrysler Jeep in Burnsville Minnesota.	https://vehicle-images.carscommerce.inc/90fe-110005314/1C4RJKER7T8552303/thumbnails/large/b94ef918a5731022b1240163e0a3873b.jpg	in stock	NEW	SUV	Vehicles & Parts > Vehicles > Motor Vehicles > Cars, Trucks & Vans	1C4RJKER7T8552303	https://www.parkjeepchrysler.com/inventory/new-2026-jeep-grand-cherokee-l-summit-4x4-sport-utility-1c4rjker7t8552303/123?store={store_code}	GRAY	0 miles	Grand Cherokee L	1C4RJKER7T8552303	2026	58736 USD	PCJ100	58736 USD	MI
1C4RJHBR0T8600988	2026 Jeep GRAND CHEROKEE LIMITED 4X4	Jeep	https://www.parkjeepchrysler.com/inventory/new-2026-jeep-grand-cherokee-limited-4x4-sport-utility-1c4rjhbr0t8600988/	44776 USD	2026 Bright White Clearcoat Jeep Grand Cherokee New 2026 Jeep Grand Cherokee Limited Sport Utility 2.0L Hurricane 4 Turbo with ESS For sale at Park Chrysler Jeep in Burnsville Minnesota.	https://vehicle-images.carscommerce.inc/a490-110005314/1C4RJHBR0T8600988/thumbnails/large/a833cbd06451975446b95d3a4592f69f.jpg	in stock	NEW	SUV	Vehicles & Parts > Vehicles > Motor Vehicles > Cars, Trucks & Vans	1C4RJHBR0T8600988	https://www.parkjeepchrysler.com/inventory/new-2026-jeep-grand-cherokee-limited-4x4-sport-utility-1c4rjhbr0t8600988/123?store={store_code}	WHITE	0 miles	Grand Cherokee	1C4RJHBR0T8600988	2026	44776 USD	PCJ100	44776 USD	MI
1C4RJHBR0TC304513	2026 Jeep GRAND CHEROKEE LIMITED 4X4	Jeep	https://www.parkjeepchrysler.com/inventory/new-2026-jeep-grand-cherokee-limited-4x4-sport-utility-1c4rjhbr0tc304513/	46208 USD	2026 Diamond Black Crystal Pearlcoat Jeep Grand Cherokee New 2026 Jeep Grand Cherokee Limited Sport Utility 2.0L Hurricane 4 Turbo with ESS For sale at Park Chrysler Jeep in Burnsville Minnesota.	https://vehicle-images.carscommerce.inc/530c-110005314/1C4RJHBR0TC304513/thumbnails/large/d7c33ffdaa739060761c4f0159956042.jpg	in stock	NEW	SUV	Vehicles & Parts > Vehicles > Motor Vehicles > Cars, Trucks & Vans	1C4RJHBR0TC304513	https://www.parkjeepchrysler.com/inventory/new-2026-jeep-grand-cherokee-limited-4x4-sport-utility-1c4rjhbr0tc304513/123?store={store_code}	BLACK	0 miles	Grand Cherokee	1C4RJHBR0TC304513	2026	46208 USD	PCJ100	46208 USD	MI
1C4RJHBR1TC211161	2026 Jeep GRAND CHEROKEE LIMITED 4X4	Jeep	https://www.parkjeepchrysler.com/inventory/new-2026-jeep-grand-cherokee-limited-4x4-sport-utility-1c4rjhbr1tc211161/	43819 USD	2026 Velvet Red Pearlcoat Jeep Grand Cherokee New 2026 Jeep Grand Cherokee Limited Sport Utility 2.0L Hurricane 4 Turbo with ESS For sale at Park Chrysler Jeep in Burnsville Minnesota.	https://vehicle-images.carscommerce.inc/ec7c-110005314/1C4RJHBR1TC211161/thumbnails/large/7d3fd49b48b67f7fe328f5c6099e1625.jpg	in stock	NEW	SUV	Vehicles & Parts > Vehicles > Motor Vehicles > Cars, Trucks & Vans	1C4RJHBR1TC211161	https://www.parkjeepchrysler.com/inventory/new-2026-jeep-grand-cherokee-limited-4x4-sport-utility-1c4rjhbr1tc211161/123?store={store_code}	RED	0 miles	Grand Cherokee	1C4RJHBR1TC211161	2026	43819 USD	PCJ100	43819 USD	MI
1C4RJHBR1TC304505	2026 Jeep GRAND CHEROKEE LIMITED 4X4	Jeep	https://www.parkjeepchrysler.com/inventory/new-2026-jeep-grand-cherokee-limited-4x4-sport-utility-1c4rjhbr1tc304505/	43940 USD	2026 Bright White Clearcoat Jeep Grand Cherokee New 2026 Jeep Grand Cherokee Limited Sport Utility 2.0L Hurricane 4 Turbo with ESS For sale at Park Chrysler Jeep in Burnsville Minnesota.	https://vehicle-images.carscommerce.inc/e54e-110005314/1C4RJHBR1TC304505/thumbnails/large/70bee649d40c2139a917b69779577250.jpg	in stock	NEW	SUV	Vehicles & Parts > Vehicles > Motor Vehicles > Cars, Trucks & Vans	1C4RJHBR1TC304505	https://www.parkjeepchrysler.com/inventory/new-2026-jeep-grand-cherokee-limited-4x4-sport-utility-1c4rjhbr1tc304505/123?store={store_code}	WHITE	0 miles	Grand Cherokee	1C4RJHBR1TC304505	2026	43940 USD	PCJ100	43940 USD	MI
1C4RJHBR3TC200839	2026 Jeep GRAND CHEROKEE LIMITED 4X4	Jeep	https://www.parkjeepchrysler.com/inventory/new-2026-jeep-grand-cherokee-limited-4x4-sport-utility-1c4rjhbr3tc200839/	44567 USD	2026 Silver Zynith Jeep Grand Cherokee New 2026 Jeep Grand Cherokee Limited Sport Utility 2.0L Hurricane 4 Turbo with ESS For sale at Park Chrysler Jeep in Burnsville Minnesota.	https://vehicle-images.carscommerce.inc/e6b8-110005314/1C4RJHBR3TC200839/thumbnails/large/944b562e5384e99335f654885fb28345.jpg	in stock	NEW	SUV	Vehicles & Parts > Vehicles > Motor Vehicles > Cars, Trucks & Vans	1C4RJHBR3TC200839	https://www.parkjeepchrysler.com/inventory/new-2026-jeep-grand-cherokee-limited-4x4-sport-utility-1c4rjhbr3tc200839/123?store={store_code}	SILVER	0 miles	Grand Cherokee	1C4RJHBR3TC200839	2026	44567 USD	PCJ100	44567 USD	MI
1C4RJHBR4TC304496	2026 Jeep GRAND CHEROKEE LIMITED 4X4	Jeep	https://www.parkjeepchrysler.com/inventory/new-2026-jeep-grand-cherokee-limited-4x4-sport-utility-1c4rjhbr4tc304496/	40708 USD	2026 Bright White Clearcoat Jeep Grand Cherokee New 2026 Jeep Grand Cherokee Limited Sport Utility 2.0L Hurricane 4 Turbo with ESS For sale at Park Chrysler Jeep in Burnsville Minnesota.	https://vehicle-images.carscommerce.inc/c2db-110005314/1C4RJHBR4TC304496/thumbnails/large/9def4ae7db4647c81a0c6c656c9067ad.jpg	in stock	NEW	SUV	Vehicles & Parts > Vehicles > Motor Vehicles > Cars, Trucks & Vans	1C4RJHBR4TC304496	https://www.parkjeepchrysler.com/inventory/new-2026-jeep-grand-cherokee-limited-4x4-sport-utility-1c4rjhbr4tc304496/123?store={store_code}	WHITE	0 miles	Grand Cherokee	1C4RJHBR4TC304496	2026	40708 USD	PCJ100	40708 USD	MI
1C4RJHBR4TC304501	2026 Jeep GRAND CHEROKEE LIMITED 4X4	Jeep	https://www.parkjeepchrysler.com/inventory/new-2026-jeep-grand-cherokee-limited-4x4-sport-utility-1c4rjhbr4tc304501/	42140 USD	2026 Baltic Gray Metallic Clearcoat Jeep Grand Cherokee New 2026 Jeep Grand Cherokee Limited Sport Utility 2.0L Hurricane 4 Turbo with ESS For sale at Park Chrysler Jeep in Burnsville Minnesota.	https://vehicle-images.carscommerce.inc/400c-110005314/1C4RJHBR4TC304501/thumbnails/large/0df31a005f7ac9172ceef27233853ace.jpg	in stock	NEW	SUV	Vehicles & Parts > Vehicles > Motor Vehicles > Cars, Trucks & Vans	1C4RJHBR4TC304501	https://www.parkjeepchrysler.com/inventory/new-2026-jeep-grand-cherokee-limited-4x4-sport-utility-1c4rjhbr4tc304501/123?store={store_code}	GRAY	0 miles	Grand Cherokee	1C4RJHBR4TC304501	2026	42140 USD	PCJ100	42140 USD	MI
1C4RJHBR5T8593696	2026 Jeep GRAND CHEROKEE LIMITED 4X4	Jeep	https://www.parkjeepchrysler.com/inventory/new-2026-jeep-grand-cherokee-limited-4x4-sport-utility-1c4rjhbr5t8593696/	43575 USD	2026 Fathom Blue Pearlcoat Jeep Grand Cherokee New 2026 Jeep Grand Cherokee Limited Sport Utility 2.0L Hurricane 4 Turbo with ESS For sale at Park Chrysler Jeep in Burnsville Minnesota.	https://vehicle-images.carscommerce.inc/6d75-110005314/1C4RJHBR5T8593696/thumbnails/large/1dd14e75934545d7541b79c058802579.jpg	in stock	NEW	SUV	Vehicles & Parts > Vehicles > Motor Vehicles > Cars, Trucks & Vans	1C4RJHBR5T8593696	https://www.parkjeepchrysler.com/inventory/new-2026-jeep-grand-cherokee-limited-4x4-sport-utility-1c4rjhbr5t8593696/123?store={store_code}	BLUE	0 miles	Grand Cherokee	1C4RJHBR5T8593696	2026	43575 USD	PCJ100	43575 USD	MI
1C4RJHBR5TC230196	2026 Jeep GRAND CHEROKEE LIMITED 4X4	Jeep	https://www.parkjeepchrysler.com/inventory/new-2026-jeep-grand-cherokee-limited-4x4-sport-utility-1c4rjhbr5tc230196/	41279 USD	2026 Bright White Clearcoat Jeep Grand Cherokee New 2026 Jeep Grand Cherokee Limited Sport Utility 2.0L Hurricane 4 Turbo with ESS For sale at Park Chrysler Jeep in Burnsville Minnesota.	https://vehicle-images.carscommerce.inc/e866-110005314/1C4RJHBR5TC230196/thumbnails/large/298ada208a7efba9dc48d81ea8f9634f.jpg	in stock	NEW	SUV	Vehicles & Parts > Vehicles > Motor Vehicles > Cars, Trucks & Vans	1C4RJHBR5TC230196	https://www.parkjeepchrysler.com/inventory/new-2026-jeep-grand-cherokee-limited-4x4-sport-utility-1c4rjhbr5tc230196/123?store={store_code}	WHITE	0 miles	Grand Cherokee	1C4RJHBR5TC230196	2026	41279 USD	PCJ100	41279 USD	MI
1C4RJHBR5TC304510	2026 Jeep GRAND CHEROKEE LIMITED 4X4	Jeep	https://www.parkjeepchrysler.com/inventory/new-2026-jeep-grand-cherokee-limited-4x4-sport-utility-1c4rjhbr5tc304510/	46208 USD	2026 Diamond Black Crystal Pearlcoat Jeep Grand Cherokee New 2026 Jeep Grand Cherokee Limited Sport Utility 2.0L Hurricane 4 Turbo with ESS For sale at Park Chrysler Jeep in Burnsville Minnesota.	https://vehicle-images.carscommerce.inc/d41a-110005314/1C4RJHBR5TC304510/thumbnails/large/73cd6e90fbfc572c1f6fa360fe071975.jpg	in stock	NEW	SUV	Vehicles & Parts > Vehicles > Motor Vehicles > Cars, Trucks & Vans	1C4RJHBR5TC304510	https://www.parkjeepchrysler.com/inventory/new-2026-jeep-grand-cherokee-limited-4x4-sport-utility-1c4rjhbr5tc304510/123?store={store_code}	BLACK	0 miles	Grand Cherokee	1C4RJHBR5TC304510	2026	46208 USD	PCJ100	46208 USD	MI
1C4RJHBR6T8599491	2026 Jeep GRAND CHEROKEE LIMITED 4X4	Jeep	https://www.parkjeepchrysler.com/inventory/new-2026-jeep-grand-cherokee-limited-4x4-sport-utility-1c4rjhbr6t8599491/	43575 USD	2026 Fathom Blue Pearlcoat Jeep Grand Cherokee New 2026 Jeep Grand Cherokee Limited Sport Utility 2.0L Hurricane 4 Turbo with ESS For sale at Park Chrysler Jeep in Burnsville Minnesota.	https://vehicle-images.carscommerce.inc/a632-110005314/1C4RJHBR6T8599491/thumbnails/large/c5f02f8f1622a71c3594917f92fda1b6.jpg	in stock	NEW	SUV	Vehicles & Parts > Vehicles > Motor Vehicles > Cars, Trucks & Vans	1C4RJHBR6T8599491	https://www.parkjeepchrysler.com/inventory/new-2026-jeep-grand-cherokee-limited-4x4-sport-utility-1c4rjhbr6t8599491/123?store={store_code}	BLUE	0 miles	Grand Cherokee	1C4RJHBR6T8599491	2026	43575 USD	PCJ100	43575 USD	MI
1C4RJHBR6TC304497	2026 Jeep GRAND CHEROKEE LIMITED 4X4	Jeep	https://www.parkjeepchrysler.com/inventory/new-2026-jeep-grand-cherokee-limited-4x4-sport-utility-1c4rjhbr6tc304497/	41244 USD	2026 Diamond Black Crystal Pearlcoat Jeep Grand Cherokee New 2026 Jeep Grand Cherokee Limited Sport Utility 2.0L Hurricane 4 Turbo with ESS For sale at Park Chrysler Jeep in Burnsville Minnesota.	https://vehicle-images.carscommerce.inc/8325-110005314/1C4RJHBR6TC304497/thumbnails/large/ed22cb893bcbf97d89f60fbc8f9d4030.jpg	in stock	NEW	SUV	Vehicles & Parts > Vehicles > Motor Vehicles > Cars, Trucks & Vans	1C4RJHBR6TC304497	https://www.parkjeepchrysler.com/inventory/new-2026-jeep-grand-cherokee-limited-4x4-sport-utility-1c4rjhbr6tc304497/123?store={store_code}	BLACK	0 miles	Grand Cherokee	1C4RJHBR6TC304497	2026	41244 USD	PCJ100	41244 USD	MI
1C4RJHBR7T8606433	2026 Jeep GRAND CHEROKEE LIMITED 4X4	Jeep	https://www.parkjeepchrysler.com/inventory/new-2026-jeep-grand-cherokee-limited-4x4-sport-utility-1c4rjhbr7t8606433/	41244 USD	2026 Fathom Blue Pearlcoat Jeep Grand Cherokee New 2026 Jeep Grand Cherokee Limited Sport Utility 2.0L Hurricane 4 Turbo with ESS For sale at Park Chrysler Jeep in Burnsville Minnesota.	https://vehicle-images.carscommerce.inc/cd71-110005314/1C4RJHBR7T8606433/thumbnails/large/a95321c1c407354fced9083b43ab3848.jpg	in stock	NEW	SUV	Vehicles & Parts > Vehicles > Motor Vehicles > Cars, Trucks & Vans	1C4RJHBR7T8606433	https://www.parkjeepchrysler.com/inventory/new-2026-jeep-grand-cherokee-limited-4x4-sport-utility-1c4rjhbr7t8606433/123?store={store_code}	BLUE	0 miles	Grand Cherokee	1C4RJHBR7T8606433	2026	41244 USD	PCJ100	41244 USD	MI
1C4RJHBR7TC200617	2026 Jeep GRAND CHEROKEE LIMITED 4X4	Jeep	https://www.parkjeepchrysler.com/inventory/new-2026-jeep-grand-cherokee-limited-4x4-sport-utility-1c4rjhbr7tc200617/	42082 USD	2026 Velvet Red Pearlcoat Jeep Grand Cherokee New 2026 Jeep Grand Cherokee Limited Sport Utility 2.0L Hurricane 4 Turbo with ESS For sale at Park Chrysler Jeep in Burnsville Minnesota.	https://vehicle-images.carscommerce.inc/1081-110005314/1C4RJHBR7TC200617/thumbnails/large/fc3d9b65ca0f92f5920d8359ae627174.jpg	in stock	NEW	SUV	Vehicles & Parts > Vehicles > Motor Vehicles > Cars, Trucks & Vans	1C4RJHBR7TC200617	https://www.parkjeepchrysler.com/inventory/new-2026-jeep-grand-cherokee-limited-4x4-sport-utility-1c4rjhbr7tc200617/123?store={store_code}	RED	0 miles	Grand Cherokee	1C4RJHBR7TC200617	2026	42082 USD	PCJ100	42082 USD	MI
1C4RJHBR7TC304508	2026 Jeep GRAND CHEROKEE LIMITED 4X4	Jeep	https://www.parkjeepchrysler.com/inventory/new-2026-jeep-grand-cherokee-limited-4x4-sport-utility-1c4rjhbr7tc304508/	43575 USD	2026 Diamond Black Crystal Pearlcoat Jeep Grand Cherokee New 2026 Jeep Grand Cherokee Limited Sport Utility 2.0L Hurricane 4 Turbo with ESS For sale at Park Chrysler Jeep in Burnsville Minnesota.	https://vehicle-images.carscommerce.inc/e01e-110005314/1C4RJHBR7TC304508/thumbnails/large/b986dddacbbef9c075b0ff0cb181d6fb.jpg	in stock	NEW	SUV	Vehicles & Parts > Vehicles > Motor Vehicles > Cars, Trucks & Vans	1C4RJHBR7TC304508	https://www.parkjeepchrysler.com/inventory/new-2026-jeep-grand-cherokee-limited-4x4-sport-utility-1c4rjhbr7tc304508/123?store={store_code}	BLACK	0 miles	Grand Cherokee	1C4RJHBR7TC304508	2026	43575 USD	PCJ100	43575 USD	MI
1C4RJHBR7TC304511	2026 Jeep GRAND CHEROKEE LIMITED 4X4	Jeep	https://www.parkjeepchrysler.com/inventory/new-2026-jeep-grand-cherokee-limited-4x4-sport-utility-1c4rjhbr7tc304511/	46208 USD	2026 Baltic Gray Metallic Clearcoat Jeep Grand Cherokee New 2026 Jeep Grand Cherokee Limited Sport Utility 2.0L Hurricane 4 Turbo with ESS For sale at Park Chrysler Jeep in Burnsville Minnesota.	https://vehicle-images.carscommerce.inc/d552-110005314/1C4RJHBR7TC304511/thumbnails/large/b91366b9a302d005737bfc52c34ca59e.jpg	in stock	NEW	SUV	Vehicles & Parts > Vehicles > Motor Vehicles > Cars, Trucks & Vans	1C4RJHBR7TC304511	https://www.parkjeepchrysler.com/inventory/new-2026-jeep-grand-cherokee-limited-4x4-sport-utility-1c4rjhbr7tc304511/123?store={store_code}	GRAY	0 miles	Grand Cherokee	1C4RJHBR7TC304511	2026	46208 USD	PCJ100	46208 USD	MI
1C4RJHBR8T8604268	2026 Jeep GRAND CHEROKEE LIMITED 4X4	Jeep	https://www.parkjeepchrysler.com/inventory/new-2026-jeep-grand-cherokee-limited-4x4-sport-utility-1c4rjhbr8t8604268/	41244 USD	2026 Fathom Blue Pearlcoat Jeep Grand Cherokee New 2026 Jeep Grand Cherokee Limited Sport Utility 2.0L Hurricane 4 Turbo with ESS For sale at Park Chrysler Jeep in Burnsville Minnesota.	https://vehicle-images.carscommerce.inc/ee8b-110005314/1C4RJHBR8T8604268/thumbnails/large/c364f58e1beb4ad151d6743ecfbf1db8.jpg	in stock	NEW	SUV	Vehicles & Parts > Vehicles > Motor Vehicles > Cars, Trucks & Vans	1C4RJHBR8T8604268	https://www.parkjeepchrysler.com/inventory/new-2026-jeep-grand-cherokee-limited-4x4-sport-utility-1c4rjhbr8t8604268/123?store={store_code}	BLUE	0 miles	Grand Cherokee	1C4RJHBR8T8604268	2026	41244 USD	PCJ100	41244 USD	MI
1C4RJHBR8TC304498	2026 Jeep GRAND CHEROKEE LIMITED 4X4	Jeep	https://www.parkjeepchrysler.com/inventory/new-2026-jeep-grand-cherokee-limited-4x4-sport-utility-1c4rjhbr8tc304498/	43580 USD	2026 Baltic Gray Metallic Clearcoat Jeep Grand Cherokee New 2026 Jeep Grand Cherokee Limited Sport Utility 2.0L Hurricane 4 Turbo with ESS For sale at Park Chrysler Jeep in Burnsville Minnesota.	https://vehicle-images.carscommerce.inc/7fc6-110005314/1C4RJHBR8TC304498/thumbnails/large/838e7c367ae30d78cd67188c53a1e534.jpg	in stock	NEW	SUV	Vehicles & Parts > Vehicles > Motor Vehicles > Cars, Trucks & Vans	1C4RJHBR8TC304498	https://www.parkjeepchrysler.com/inventory/new-2026-jeep-grand-cherokee-limited-4x4-sport-utility-1c4rjhbr8tc304498/123?store={store_code}	GRAY	0 miles	Grand Cherokee	1C4RJHBR8TC304498	2026	43580 USD	PCJ100	43580 USD	MI
1C4RJHBR8TC316909	2026 Jeep GRAND CHEROKEE LIMITED 4X4	Jeep	https://www.parkjeepchrysler.com/inventory/new-2026-jeep-grand-cherokee-limited-4x4-sport-utility-1c4rjhbr8tc316909/	44475 USD	2026 Baltic Gray Metallic Clearcoat Jeep Grand Cherokee New 2026 Jeep Grand Cherokee Limited Sport Utility 2.0L Hurricane 4 Turbo with ESS For sale at Park Chrysler Jeep in Burnsville Minnesota.	https://vehicle-images.carscommerce.inc/ce73-110005314/1C4RJHBR8TC316909/thumbnails/large/7f6eafde653ca72a6c6e4a6472322d0a.jpg	in stock	NEW	SUV	Vehicles & Parts > Vehicles > Motor Vehicles > Cars, Trucks & Vans	1C4RJHBR8TC316909	https://www.parkjeepchrysler.com/inventory/new-2026-jeep-grand-cherokee-limited-4x4-sport-utility-1c4rjhbr8tc316909/123?store={store_code}	GRAY	0 miles	Grand Cherokee	1C4RJHBR8TC316909	2026	44475 USD	PCJ100	44475 USD	MI
1C4RJHBR9T8606434	2026 Jeep GRAND CHEROKEE LIMITED 4X4	Jeep	https://www.parkjeepchrysler.com/inventory/new-2026-jeep-grand-cherokee-limited-4x4-sport-utility-1c4rjhbr9t8606434/	43580 USD	2026 Fathom Blue Pearlcoat Jeep Grand Cherokee New 2026 Jeep Grand Cherokee Limited Sport Utility 2.0L Hurricane 4 Turbo with ESS For sale at Park Chrysler Jeep in Burnsville Minnesota.	https://vehicle-images.carscommerce.inc/a9f5-110005314/1C4RJHBR9T8606434/thumbnails/large/6009fd85a2bcd6f8fe71e1158faa7820.jpg	in stock	NEW	SUV	Vehicles & Parts > Vehicles > Motor Vehicles > Cars, Trucks & Vans	1C4RJHBR9T8606434	https://www.parkjeepchrysler.com/inventory/new-2026-jeep-grand-cherokee-limited-4x4-sport-utility-1c4rjhbr9t8606434/123?store={store_code}	BLUE	0 miles	Grand Cherokee	1C4RJHBR9T8606434	2026	43580 USD	PCJ100	43580 USD	MI
1C4RJHBR9TC200618	2026 Jeep GRAND CHEROKEE LIMITED 4X4	Jeep	https://www.parkjeepchrysler.com/inventory/new-2026-jeep-grand-cherokee-limited-4x4-sport-utility-1c4rjhbr9tc200618/	47165 USD	2026 Diamond Black Crystal Pearlcoat Jeep Grand Cherokee New 2026 Jeep Grand Cherokee Limited Sport Utility 2.0L Hurricane 4 Turbo with ESS For sale at Park Chrysler Jeep in Burnsville Minnesota.	https://vehicle-images.carscommerce.inc/546e-110005314/1C4RJHBR9TC200618/thumbnails/large/1a7f0d3ed30f0b9433bec2401a89c788.jpg	in stock	NEW	SUV	Vehicles & Parts > Vehicles > Motor Vehicles > Cars, Trucks & Vans	1C4RJHBR9TC200618	https://www.parkjeepchrysler.com/inventory/new-2026-jeep-grand-cherokee-limited-4x4-sport-utility-1c4rjhbr9tc200618/123?store={store_code}	BLACK	0 miles	Grand Cherokee	1C4RJHBR9TC200618	2026	47165 USD	PCJ100	47165 USD	MI
1C4RJHBR9TC304512	2026 Jeep GRAND CHEROKEE LIMITED 4X4	Jeep	https://www.parkjeepchrysler.com/inventory/new-2026-jeep-grand-cherokee-limited-4x4-sport-utility-1c4rjhbr9tc304512/	45672 USD	2026 Bright White Clearcoat Jeep Grand Cherokee New 2026 Jeep Grand Cherokee Limited Sport Utility 2.0L Hurricane 4 Turbo with ESS For sale at Park Chrysler Jeep in Burnsville Minnesota.	https://vehicle-images.carscommerce.inc/fbd4-110005314/1C4RJHBR9TC304512/thumbnails/large/44d524c34d04163df70c83e2eb78ab4b.jpg	in stock	NEW	SUV	Vehicles & Parts > Vehicles > Motor Vehicles > Cars, Trucks & Vans	1C4RJHBR9TC304512	https://www.parkjeepchrysler.com/inventory/new-2026-jeep-grand-cherokee-limited-4x4-sport-utility-1c4rjhbr9tc304512/123?store={store_code}	WHITE	0 miles	Grand Cherokee	1C4RJHBR9TC304512	2026	45672 USD	PCJ100	45672 USD	MI
1C4RJHBRXTC200613	2026 Jeep GRAND CHEROKEE LIMITED 4X4	Jeep	https://www.parkjeepchrysler.com/inventory/new-2026-jeep-grand-cherokee-limited-4x4-sport-utility-1c4rjhbrxtc200613/	43997 USD	2026 Bright White Clearcoat Jeep Grand Cherokee New 2026 Jeep Grand Cherokee Limited Sport Utility 2.0L Hurricane 4 Turbo with ESS For sale at Park Chrysler Jeep in Burnsville Minnesota.	https://vehicle-images.carscommerce.inc/3004-110005314/1C4RJHBRXTC200613/thumbnails/large/ac252eeafdccb3476d6ff0a974ed4fc5.jpg	in stock	NEW	SUV	Vehicles & Parts > Vehicles > Motor Vehicles > Cars, Trucks & Vans	1C4RJHBRXTC200613	https://www.parkjeepchrysler.com/inventory/new-2026-jeep-grand-cherokee-limited-4x4-sport-utility-1c4rjhbrxtc200613/123?store={store_code}	WHITE	0 miles	Grand Cherokee	1C4RJHBRXTC200613	2026	43997 USD	PCJ100	43997 USD	MI
1C4RJHBRXTC304499	2026 Jeep GRAND CHEROKEE LIMITED 4X4	Jeep	https://www.parkjeepchrysler.com/inventory/new-2026-jeep-grand-cherokee-limited-4x4-sport-utility-1c4rjhbrxtc304499/	40708 USD	2026 Bright White Clearcoat Jeep Grand Cherokee New 2026 Jeep Grand Cherokee Limited Sport Utility 2.0L Hurricane 4 Turbo with ESS For sale at Park Chrysler Jeep in Burnsville Minnesota.	https://vehicle-images.carscommerce.inc/b0a3-110005314/1C4RJHBRXTC304499/thumbnails/large/685ff0b0a7c741470aa095b0ad66095a.jpg	in stock	NEW	SUV	Vehicles & Parts > Vehicles > Motor Vehicles > Cars, Trucks & Vans	1C4RJHBRXTC304499	https://www.parkjeepchrysler.com/inventory/new-2026-jeep-grand-cherokee-limited-4x4-sport-utility-1c4rjhbrxtc304499/123?store={store_code}	WHITE	0 miles	Grand Cherokee	1C4RJHBRXTC304499	2026	40708 USD	PCJ100	40708 USD	MI
1C4RJHBRXTC304504	2026 Jeep GRAND CHEROKEE LIMITED 4X4	Jeep	https://www.parkjeepchrysler.com/inventory/new-2026-jeep-grand-cherokee-limited-4x4-sport-utility-1c4rjhbrxtc304504/	43575 USD	2026 Baltic Gray Metallic Clearcoat Jeep Grand Cherokee New 2026 Jeep Grand Cherokee Limited Sport Utility 2.0L Hurricane 4 Turbo with ESS For sale at Park Chrysler Jeep in Burnsville Minnesota.	https://vehicle-images.carscommerce.inc/c6c1-110005314/1C4RJHBRXTC304504/thumbnails/large/bf80eb0d16831ca23372e2caaa8e0cfd.jpg	in stock	NEW	SUV	Vehicles & Parts > Vehicles > Motor Vehicles > Cars, Trucks & Vans	1C4RJHBRXTC304504	https://www.parkjeepchrysler.com/inventory/new-2026-jeep-grand-cherokee-limited-4x4-sport-utility-1c4rjhbrxtc304504/123?store={store_code}	GRAY	0 miles	Grand Cherokee	1C4RJHBRXTC304504	2026	43575 USD	PCJ100	43575 USD	MI
1C4RJHBR2TC279114	2026 Jeep GRAND CHEROKEE LIMITED RESERVE 4X4	Jeep	https://www.parkjeepchrysler.com/inventory/new-2026-jeep-grand-cherokee-limited-reserve-4x4-sport-utility-1c4rjhbr2tc279114/	47265 USD	2026 Bright White Clearcoat Jeep Grand Cherokee New 2026 Jeep Grand Cherokee Limited Reserve Sport Utility 2.0L Hurricane 4 Turbo with ESS For sale at Park Chrysler Jeep in Burnsville Minnesota.	https://vehicle-images.carscommerce.inc/449b-110005314/1C4RJHBR2TC279114/thumbnails/large/19dfa5a49ae2957d2189cf68e0150a45.jpg	in stock	NEW	SUV	Vehicles & Parts > Vehicles > Motor Vehicles > Cars, Trucks & Vans	1C4RJHBR2TC279114	https://www.parkjeepchrysler.com/inventory/new-2026-jeep-grand-cherokee-limited-reserve-4x4-sport-utility-1c4rjhbr2tc279114/123?store={store_code}	WHITE	0 miles	Grand Cherokee	1C4RJHBR2TC279114	2026	47265 USD	PCJ100	47265 USD	MI
1C4RJHBR4T8606972	2026 Jeep GRAND CHEROKEE LIMITED RESERVE 4X4	Jeep	https://www.parkjeepchrysler.com/inventory/new-2026-jeep-grand-cherokee-limited-reserve-4x4-sport-utility-1c4rjhbr4t8606972/	46905 USD	2026 Fathom Blue Pearlcoat Jeep Grand Cherokee New 2026 Jeep Grand Cherokee Limited Reserve Sport Utility 2.0L Hurricane 4 Turbo with ESS For sale at Park Chrysler Jeep in Burnsville Minnesota.	https://vehicle-images.carscommerce.inc/e19d-110005314/1C4RJHBR4T8606972/thumbnails/large/45e548abb96e5b121b58630ecdeda48c.jpg	in stock	NEW	SUV	Vehicles & Parts > Vehicles > Motor Vehicles > Cars, Trucks & Vans	1C4RJHBR4T8606972	https://www.parkjeepchrysler.com/inventory/new-2026-jeep-grand-cherokee-limited-reserve-4x4-sport-utility-1c4rjhbr4t8606972/123?store={store_code}	BLUE	0 miles	Grand Cherokee	1C4RJHBR4T8606972	2026	46905 USD	PCJ100	46905 USD	MI
1C4RJHBR8TC200559	2026 Jeep GRAND CHEROKEE LIMITED RESERVE 4X4	Jeep	https://www.parkjeepchrysler.com/inventory/new-2026-jeep-grand-cherokee-limited-reserve-4x4-sport-utility-1c4rjhbr8tc200559/	48095 USD	2026 Silver Zynith Jeep Grand Cherokee New 2026 Jeep Grand Cherokee Limited Reserve Sport Utility 2.0L Hurricane 4 Turbo with ESS For sale at Park Chrysler Jeep in Burnsville Minnesota.	https://vehicle-images.carscommerce.inc/be13-110005314/1C4RJHBR8TC200559/thumbnails/large/266b23c4103d31f39c27f0758554f6d9.jpg	in stock	NEW	SUV	Vehicles & Parts > Vehicles > Motor Vehicles > Cars, Trucks & Vans	1C4RJHBR8TC200559	https://www.parkjeepchrysler.com/inventory/new-2026-jeep-grand-cherokee-limited-reserve-4x4-sport-utility-1c4rjhbr8tc200559/123?store={store_code}	SILVER	0 miles	Grand Cherokee	1C4RJHBR8TC200559	2026	48095 USD	PCJ100	48095 USD	MI
1C4RJHBRXT8596433	2026 Jeep GRAND CHEROKEE LIMITED RESERVE 4X4	Jeep	https://www.parkjeepchrysler.com/inventory/new-2026-jeep-grand-cherokee-limited-reserve-4x4-sport-utility-1c4rjhbrxt8596433/	47800 USD	2026 Fathom Blue Pearlcoat Jeep Grand Cherokee New 2026 Jeep Grand Cherokee Limited Reserve Sport Utility 2.0L Hurricane 4 Turbo with ESS For sale at Park Chrysler Jeep in Burnsville Minnesota.	https://vehicle-images.carscommerce.inc/b6ef-110005314/1C4RJHBRXT8596433/thumbnails/large/3a0629ac99efda087f0afcea021d7c2d.jpg	in stock	NEW	SUV	Vehicles & Parts > Vehicles > Motor Vehicles > Cars, Trucks & Vans	1C4RJHBRXT8596433	https://www.parkjeepchrysler.com/inventory/new-2026-jeep-grand-cherokee-limited-reserve-4x4-sport-utility-1c4rjhbrxt8596433/123?store={store_code}	BLUE	0 miles	Grand Cherokee	1C4RJHBRXT8596433	2026	47800 USD	PCJ100	47800 USD	MI
1C4RJHER2T8576253	2026 Jeep GRAND CHEROKEE SUMMIT 4X4	Jeep	https://www.parkjeepchrysler.com/inventory/new-2026-jeep-grand-cherokee-summit-4x4-sport-utility-1c4rjher2t8576253/	57896 USD	2026 Copper Shino Metallic Clear-Coat Exterior Paint Jeep Grand Cherokee New 2026 Jeep Grand Cherokee Summit Sport Utility 2.0L I4 PDI Turbocharged DOHC 16V LEV3-SULEV30 324hp For sale at Park Chrysler Jeep in Burnsville Minnesota.	https://vehicle-images.carscommerce.inc/60c1-110005314/1C4RJHER2T8576253/thumbnails/large/2521142fcc5b45e11a8178ef4915ebd1.jpg	in stock	NEW	SUV	Vehicles & Parts > Vehicles > Motor Vehicles > Cars, Trucks & Vans	1C4RJHER2T8576253	https://www.parkjeepchrysler.com/inventory/new-2026-jeep-grand-cherokee-summit-4x4-sport-utility-1c4rjher2t8576253/123?store={store_code}	ORANGE	0 miles	Grand Cherokee	1C4RJHER2T8576253	2026	57896 USD	PCJ100	57896 USD	MI
1C4RJHER2T8582540	2026 Jeep GRAND CHEROKEE SUMMIT 4X4	Jeep	https://www.parkjeepchrysler.com/inventory/new-2026-jeep-grand-cherokee-summit-4x4-sport-utility-1c4rjher2t8582540/	58677 USD	2026 Diamond Black Crystal Pearl-Coat Exterior Paint Jeep Grand Cherokee New 2026 Jeep Grand Cherokee Summit Sport Utility 2.0L I4 PDI Turbocharged DOHC 16V LEV3-SULEV30 324hp For sale at Park Chrysler Jeep in Burnsville Minnesota.	https://vehicle-images.carscommerce.inc/3743-110005314/1C4RJHER2T8582540/thumbnails/large/48e64f5659b80b161a71b10242ea01fb.jpg	in stock	NEW	SUV	Vehicles & Parts > Vehicles > Motor Vehicles > Cars, Trucks & Vans	1C4RJHER2T8582540	https://www.parkjeepchrysler.com/inventory/new-2026-jeep-grand-cherokee-summit-4x4-sport-utility-1c4rjher2t8582540/123?store={store_code}	BLACK	0 miles	Grand Cherokee	1C4RJHER2T8582540	2026	58677 USD	PCJ100	58677 USD	MI
1C4RJHER2T8586166	2026 Jeep GRAND CHEROKEE SUMMIT 4X4	Jeep	https://www.parkjeepchrysler.com/inventory/new-2026-jeep-grand-cherokee-summit-4x4-sport-utility-1c4rjher2t8586166/	56296 USD	2026 Silver Zynith Exterior Paint Jeep Grand Cherokee New 2026 Jeep Grand Cherokee Summit Sport Utility 2.0L I4 PDI Turbocharged DOHC 16V LEV3-SULEV30 324hp For sale at Park Chrysler Jeep in Burnsville Minnesota.	https://vehicle-images.carscommerce.inc/38fc-110005314/1C4RJHER2T8586166/thumbnails/large/6955d5e27453c5720c882cb1f889fdb5.jpg	in stock	NEW	SUV	Vehicles & Parts > Vehicles > Motor Vehicles > Cars, Trucks & Vans	1C4RJHER2T8586166	https://www.parkjeepchrysler.com/inventory/new-2026-jeep-grand-cherokee-summit-4x4-sport-utility-1c4rjher2t8586166/123?store={store_code}	SILVER	0 miles	Grand Cherokee	1C4RJHER2T8586166	2026	56296 USD	PCJ100	56296 USD	MI
1C4RJHER3T8571398	2026 Jeep GRAND CHEROKEE SUMMIT 4X4	Jeep	https://www.parkjeepchrysler.com/inventory/new-2026-jeep-grand-cherokee-summit-4x4-sport-utility-1c4rjher3t8571398/	57524 USD	2026 Baltic Gray Metallic Clear-Coat Exterior Paint Jeep Grand Cherokee New 2026 Jeep Grand Cherokee Summit Sport Utility 2.0L Hurricane 4 Turbo with ESS For sale at Park Chrysler Jeep in Burnsville Minnesota.	https://vehicle-images.carscommerce.inc/fdda-110005314/1C4RJHER3T8571398/thumbnails/large/ce95b8db31f4a6f9d265e741165e2006.jpg	in stock	NEW	SUV	Vehicles & Parts > Vehicles > Motor Vehicles > Cars, Trucks & Vans	1C4RJHER3T8571398	https://www.parkjeepchrysler.com/inventory/new-2026-jeep-grand-cherokee-summit-4x4-sport-utility-1c4rjher3t8571398/123?store={store_code}	GRAY	0 miles	Grand Cherokee	1C4RJHER3T8571398	2026	57524 USD	PCJ100	57524 USD	MI
1C4RJHER3T8601211	2026 Jeep GRAND CHEROKEE SUMMIT 4X4	Jeep	https://www.parkjeepchrysler.com/inventory/new-2026-jeep-grand-cherokee-summit-4x4-sport-utility-1c4rjher3t8601211/	55819 USD	2026 Fathom Blue Pearl-Coat Exterior Paint Jeep Grand Cherokee New 2026 Jeep Grand Cherokee Summit Sport Utility 2.0L I4 PDI Turbocharged DOHC 16V LEV3-SULEV30 324hp For sale at Park Chrysler Jeep in Burnsville Minnesota.	https://vehicle-images.carscommerce.inc/b1b1-110005314/1C4RJHER3T8601211/thumbnails/large/72a0b0b41710a80c721516a5b2f42853.jpg	in stock	NEW	SUV	Vehicles & Parts > Vehicles > Motor Vehicles > Cars, Trucks & Vans	1C4RJHER3T8601211	https://www.parkjeepchrysler.com/inventory/new-2026-jeep-grand-cherokee-summit-4x4-sport-utility-1c4rjher3t8601211/123?store={store_code}	BLUE	0 miles	Grand Cherokee	1C4RJHER3T8601211	2026	55819 USD	PCJ100	55819 USD	MI
1C4RJHER4T8565366	2026 Jeep GRAND CHEROKEE SUMMIT 4X4	Jeep	https://www.parkjeepchrysler.com/inventory/new-2026-jeep-grand-cherokee-summit-4x4-sport-utility-1c4rjher4t8565366/	58198 USD	2026 Bright White Clear-Coat Exterior Paint Jeep Grand Cherokee New 2026 Jeep Grand Cherokee Summit Sport Utility 2.0L Hurricane 4 Turbo with ESS For sale at Park Chrysler Jeep in Burnsville Minnesota.	https://vehicle-images.carscommerce.inc/2623-110005314/1C4RJHER4T8565366/thumbnails/large/de60011ff64e1f91d9ad19ca26b3d5ea.jpg	in stock	NEW	SUV	Vehicles & Parts > Vehicles > Motor Vehicles > Cars, Trucks & Vans	1C4RJHER4T8565366	https://www.parkjeepchrysler.com/inventory/new-2026-jeep-grand-cherokee-summit-4x4-sport-utility-1c4rjher4t8565366/123?store={store_code}	WHITE	0 miles	Grand Cherokee	1C4RJHER4T8565366	2026	58198 USD	PCJ100	58198 USD	MI
1C4RJHER4T8604490	2026 Jeep GRAND CHEROKEE SUMMIT 4X4	Jeep	https://www.parkjeepchrysler.com/inventory/new-2026-jeep-grand-cherokee-summit-4x4-sport-utility-1c4rjher4t8604490/	57419 USD	2026 Bright White Clear-Coat Exterior Paint Jeep Grand Cherokee New 2026 Jeep Grand Cherokee Summit Sport Utility 2.0L I4 PDI Turbocharged DOHC 16V LEV3-SULEV30 324hp For sale at Park Chrysler Jeep in Burnsville Minnesota.	https://vehicle-images.carscommerce.inc/9b3f-110005314/1C4RJHER4T8604490/thumbnails/large/cd69dea66e5a8e19110bca4f539559c6.jpg	in stock	NEW	SUV	Vehicles & Parts > Vehicles > Motor Vehicles > Cars, Trucks & Vans	1C4RJHER4T8604490	https://www.parkjeepchrysler.com/inventory/new-2026-jeep-grand-cherokee-summit-4x4-sport-utility-1c4rjher4t8604490/123?store={store_code}	WHITE	0 miles	Grand Cherokee	1C4RJHER4T8604490	2026	57419 USD	PCJ100	57419 USD	MI
1C4RJHER6T8582539	2026 Jeep GRAND CHEROKEE SUMMIT 4X4	Jeep	https://www.parkjeepchrysler.com/inventory/new-2026-jeep-grand-cherokee-summit-4x4-sport-utility-1c4rjher6t8582539/	58200 USD	2026 Steel Blue Exterior Paint Jeep Grand Cherokee New 2026 Jeep Grand Cherokee Summit Sport Utility 2.0L Hurricane 4 Turbo with ESS For sale at Park Chrysler Jeep in Burnsville Minnesota.	https://vehicle-images.carscommerce.inc/57ff-110005314/1C4RJHER6T8582539/thumbnails/large/187dced5cc38ea430306d052ffff4988.jpg	in stock	NEW	SUV	Vehicles & Parts > Vehicles > Motor Vehicles > Cars, Trucks & Vans	1C4RJHER6T8582539	https://www.parkjeepchrysler.com/inventory/new-2026-jeep-grand-cherokee-summit-4x4-sport-utility-1c4rjher6t8582539/123?store={store_code}	GRAY	0 miles	Grand Cherokee	1C4RJHER6T8582539	2026	58200 USD	PCJ100	58200 USD	MI
1C4RJHER7T8595235	2026 Jeep GRAND CHEROKEE SUMMIT 4X4	Jeep	https://www.parkjeepchrysler.com/inventory/new-2026-jeep-grand-cherokee-summit-4x4-sport-utility-1c4rjher7t8595235/	57419 USD	2026 Fathom Blue Pearl-Coat Exterior Paint Jeep Grand Cherokee New 2026 Jeep Grand Cherokee Summit Sport Utility 2.0L I4 PDI Turbocharged DOHC 16V LEV3-SULEV30 324hp For sale at Park Chrysler Jeep in Burnsville Minnesota.	https://vehicle-images.carscommerce.inc/50b0-110005314/1C4RJHER7T8595235/thumbnails/large/f842301cefa4e0c6423cbf395f657617.jpg	in stock	NEW	SUV	Vehicles & Parts > Vehicles > Motor Vehicles > Cars, Trucks & Vans	1C4RJHER7T8595235	https://www.parkjeepchrysler.com/inventory/new-2026-jeep-grand-cherokee-summit-4x4-sport-utility-1c4rjher7t8595235/123?store={store_code}	BLUE	0 miles	Grand Cherokee	1C4RJHER7T8595235	2026	57419 USD	PCJ100	57419 USD	MI
1C4RJHER8T8593896	2026 Jeep GRAND CHEROKEE SUMMIT 4X4	Jeep	https://www.parkjeepchrysler.com/inventory/new-2026-jeep-grand-cherokee-summit-4x4-sport-utility-1c4rjher8t8593896/	57419 USD	2026 Bright White Clear-Coat Exterior Paint Jeep Grand Cherokee New 2026 Jeep Grand Cherokee Summit Sport Utility 2.0L Hurricane 4 Turbo with ESS For sale at Park Chrysler Jeep in Burnsville Minnesota.	https://vehicle-images.carscommerce.inc/d398-110005314/1C4RJHER8T8593896/thumbnails/large/d9dcc8dbbfcb994cb771faf256ad58b8.jpg	in stock	NEW	SUV	Vehicles & Parts > Vehicles > Motor Vehicles > Cars, Trucks & Vans	1C4RJHER8T8593896	https://www.parkjeepchrysler.com/inventory/new-2026-jeep-grand-cherokee-summit-4x4-sport-utility-1c4rjher8t8593896/123?store={store_code}	WHITE	0 miles	Grand Cherokee	1C4RJHER8T8593896	2026	57419 USD	PCJ100	57419 USD	MI
1C4RJHER9T8586164	2026 Jeep GRAND CHEROKEE SUMMIT 4X4	Jeep	https://www.parkjeepchrysler.com/inventory/new-2026-jeep-grand-cherokee-summit-4x4-sport-utility-1c4rjher9t8586164/	57077 USD	2026 Baltic Gray Metallic Clear-Coat Exterior Paint Jeep Grand Cherokee New 2026 Jeep Grand Cherokee Summit Sport Utility 2.0L I4 PDI Turbocharged DOHC 16V LEV3-SULEV30 324hp For sale at Park Chrysler Jeep in Burnsville Minnesota.	https://vehicle-images.carscommerce.inc/eaa1-110005314/1C4RJHER9T8586164/thumbnails/large/f686e935e7a9cb92fd64d12ddae53b69.jpg	in stock	NEW	SUV	Vehicles & Parts > Vehicles > Motor Vehicles > Cars, Trucks & Vans	1C4RJHER9T8586164	https://www.parkjeepchrysler.com/inventory/new-2026-jeep-grand-cherokee-summit-4x4-sport-utility-1c4rjher9t8586164/123?store={store_code}	GRAY	0 miles	Grand Cherokee	1C4RJHER9T8586164	2026	57077 USD	PCJ100	57077 USD	MI
1C4RJHER9T8595253	2026 Jeep GRAND CHEROKEE SUMMIT 4X4	Jeep	https://www.parkjeepchrysler.com/inventory/new-2026-jeep-grand-cherokee-summit-4x4-sport-utility-1c4rjher9t8595253/	57896 USD	2026 Diamond Black Crystal Pearl-Coat Exterior Paint Jeep Grand Cherokee New 2026 Jeep Grand Cherokee Summit Sport Utility 2.0L I4 PDI Turbocharged DOHC 16V LEV3-SULEV30 324hp For sale at Park Chrysler Jeep in Burnsville Minnesota.	https://vehicle-images.carscommerce.inc/5cbd-110005314/1C4RJHER9T8595253/thumbnails/large/486258b641f187478ffe36a74dd31b55.jpg	in stock	NEW	SUV	Vehicles & Parts > Vehicles > Motor Vehicles > Cars, Trucks & Vans	1C4RJHER9T8595253	https://www.parkjeepchrysler.com/inventory/new-2026-jeep-grand-cherokee-summit-4x4-sport-utility-1c4rjher9t8595253/123?store={store_code}	BLACK	0 miles	Grand Cherokee	1C4RJHER9T8595253	2026	57896 USD	PCJ100	57896 USD	MI
1C4SJVAP0TS198344	2026 Jeep GRAND WAGONEER 85TH ANNIVERSARY EDITION 4X4	Jeep	https://www.parkjeepchrysler.com/inventory/new-2026-jeep-grand-wagoneer-85th-anniversary-edition-4x4-sport-utility-1c4sjvap0ts198344/	75858 USD	2026 Silver Zynith Jeep Grand Wagoneer New 2026 Jeep Grand Wagoneer 85th Anniversary Edition Sport Utility 3.0L I6 For sale at Park Chrysler Jeep in Burnsville Minnesota.	https://vehicle-images.carscommerce.inc/1966-110005314/1C4SJVAP0TS198344/thumbnails/large/f24e56b2835c0ea91fc01a55772f3870.jpg	in stock	NEW	SUV	Vehicles & Parts > Vehicles > Motor Vehicles > Cars, Trucks & Vans	1C4SJVAP0TS198344	https://www.parkjeepchrysler.com/inventory/new-2026-jeep-grand-wagoneer-85th-anniversary-edition-4x4-sport-utility-1c4sjvap0ts198344/123?store={store_code}	SILVER	0 miles	Grand Wagoneer	1C4SJVAP0TS198344	2026	75858 USD	PCJ100	75858 USD	MI
1C4SJVAP3TS198340	2026 Jeep GRAND WAGONEER 85TH ANNIVERSARY EDITION 4X4	Jeep	https://www.parkjeepchrysler.com/inventory/new-2026-jeep-grand-wagoneer-85th-anniversary-edition-4x4-sport-utility-1c4sjvap3ts198340/	75239 USD	2026 Bright White Clearcoat Jeep Grand Wagoneer New 2026 Jeep Grand Wagoneer 85th Anniversary Edition Sport Utility 3.0L I6 For sale at Park Chrysler Jeep in Burnsville Minnesota.	https://vehicle-images.carscommerce.inc/37c3-110005314/1C4SJVAP3TS198340/thumbnails/large/dfbde2c452db2f2b82cfe28d17258cc3.jpg	in stock	NEW	SUV	Vehicles & Parts > Vehicles > Motor Vehicles > Cars, Trucks & Vans	1C4SJVAP3TS198340	https://www.parkjeepchrysler.com/inventory/new-2026-jeep-grand-wagoneer-85th-anniversary-edition-4x4-sport-utility-1c4sjvap3ts198340/123?store={store_code}	WHITE	0 miles	Grand Wagoneer	1C4SJVAP3TS198340	2026	75239 USD	PCJ100	75239 USD	MI
1C4SJVAP5TS198341	2026 Jeep GRAND WAGONEER 85TH ANNIVERSARY EDITION 4X4	Jeep	https://www.parkjeepchrysler.com/inventory/new-2026-jeep-grand-wagoneer-85th-anniversary-edition-4x4-sport-utility-1c4sjvap5ts198341/	75239 USD	2026 Bright White Clearcoat Jeep Grand Wagoneer New 2026 Jeep Grand Wagoneer 85th Anniversary Edition Sport Utility 3.0L I6 For sale at Park Chrysler Jeep in Burnsville Minnesota.	https://vehicle-images.carscommerce.inc/344f-110005314/1C4SJVAP5TS198341/thumbnails/large/6827c8e83333d24ef0da5681434d81bb.jpg	in stock	NEW	SUV	Vehicles & Parts > Vehicles > Motor Vehicles > Cars, Trucks & Vans	1C4SJVAP5TS198341	https://www.parkjeepchrysler.com/inventory/new-2026-jeep-grand-wagoneer-85th-anniversary-edition-4x4-sport-utility-1c4sjvap5ts198341/123?store={store_code}	WHITE	0 miles	Grand Wagoneer	1C4SJVAP5TS198341	2026	75239 USD	PCJ100	75239 USD	MI
1C4SJVAP7TS198342	2026 Jeep GRAND WAGONEER 85TH ANNIVERSARY EDITION 4X4	Jeep	https://www.parkjeepchrysler.com/inventory/new-2026-jeep-grand-wagoneer-85th-anniversary-edition-4x4-sport-utility-1c4sjvap7ts198342/	75858 USD	2026 High Gloss Black Jeep Grand Wagoneer New 2026 Jeep Grand Wagoneer 85th Anniversary Edition Sport Utility 3.0L I6 For sale at Park Chrysler Jeep in Burnsville Minnesota.	https://vehicle-images.carscommerce.inc/da3f-110005314/1C4SJVAP7TS198342/thumbnails/large/8659dcc4f2c4297c44cc5ffa76b997f7.jpg	in stock	NEW	SUV	Vehicles & Parts > Vehicles > Motor Vehicles > Cars, Trucks & Vans	1C4SJVAP7TS198342	https://www.parkjeepchrysler.com/inventory/new-2026-jeep-grand-wagoneer-85th-anniversary-edition-4x4-sport-utility-1c4sjvap7ts198342/123?store={store_code}	BLACK	0 miles	Grand Wagoneer	1C4SJVAP7TS198342	2026	75858 USD	PCJ100	75858 USD	MI
1C4SJVAP9TS198343	2026 Jeep GRAND WAGONEER 85TH ANNIVERSARY EDITION 4X4	Jeep	https://www.parkjeepchrysler.com/inventory/new-2026-jeep-grand-wagoneer-85th-anniversary-edition-4x4-sport-utility-1c4sjvap9ts198343/	75858 USD	2026 High Gloss Black Jeep Grand Wagoneer New 2026 Jeep Grand Wagoneer 85th Anniversary Edition Sport Utility 3.0L I6 For sale at Park Chrysler Jeep in Burnsville Minnesota.	https://vehicle-images.carscommerce.inc/4fa7-110005314/1C4SJVAP9TS198343/thumbnails/large/f855e3b43b2917aa9690f0fbab636925.jpg	in stock	NEW	SUV	Vehicles & Parts > Vehicles > Motor Vehicles > Cars, Trucks & Vans	1C4SJVAP9TS198343	https://www.parkjeepchrysler.com/inventory/new-2026-jeep-grand-wagoneer-85th-anniversary-edition-4x4-sport-utility-1c4sjvap9ts198343/123?store={store_code}	BLACK	0 miles	Grand Wagoneer	1C4SJVAP9TS198343	2026	75858 USD	PCJ100	75858 USD	MI
1C4SJSBP2TS192199	2026 Jeep GRAND WAGONEER L LIMITED RESERVE 4X4	Jeep	https://www.parkjeepchrysler.com/inventory/new-2026-jeep-grand-wagoneer-l-limited-reserve-4x4-sport-utility-1c4sjsbp2ts192199/	82013 USD	2026 Bright White Clearcoat Jeep Grand Wagoneer L New 2026 Jeep Grand Wagoneer L Limited Reserve Sport Utility 3.0L I6 For sale at Park Chrysler Jeep in Burnsville Minnesota.	https://vehicle-images.carscommerce.inc/2634-110005314/1C4SJSBP2TS192199/thumbnails/large/0a2327098280f651ed1522595642c249.jpg	in stock	NEW	SUV	Vehicles & Parts > Vehicles > Motor Vehicles > Cars, Trucks & Vans	1C4SJSBP2TS192199	https://www.parkjeepchrysler.com/inventory/new-2026-jeep-grand-wagoneer-l-limited-reserve-4x4-sport-utility-1c4sjsbp2ts192199/123?store={store_code}	WHITE	0 miles	Grand Wagoneer L	1C4SJSBP2TS192199	2026	82013 USD	PCJ100	82013 USD	MI
1C4SJSBP3TS165206	2026 Jeep GRAND WAGONEER L LIMITED RESERVE 4X4	Jeep	https://www.parkjeepchrysler.com/inventory/new-2026-jeep-grand-wagoneer-l-limited-reserve-4x4-sport-utility-1c4sjsbp3ts165206/	83100 USD	2026 Velvet Red Pearlcoat (DISC) Jeep Grand Wagoneer L New 2026 Jeep Grand Wagoneer L Limited Reserve Sport Utility 3.0L I6 For sale at Park Chrysler Jeep in Burnsville Minnesota.	https://vehicle-images.carscommerce.inc/631b-110005314/1C4SJSBP3TS165206/thumbnails/large/c09709f24aca8a7ff882af2b87519855.jpg	in stock	NEW	SUV	Vehicles & Parts > Vehicles > Motor Vehicles > Cars, Trucks & Vans	1C4SJSBP3TS165206	https://www.parkjeepchrysler.com/inventory/new-2026-jeep-grand-wagoneer-l-limited-reserve-4x4-sport-utility-1c4sjsbp3ts165206/123?store={store_code}	RED	0 miles	Grand Wagoneer L	1C4SJSBP3TS165206	2026	83100 USD	PCJ100	83100 USD	MI
1C4SJSBP4TS184802	2026 Jeep GRAND WAGONEER L LIMITED RESERVE 4X4	Jeep	https://www.parkjeepchrysler.com/inventory/new-2026-jeep-grand-wagoneer-l-limited-reserve-4x4-sport-utility-1c4sjsbp4ts184802/	82632 USD	2026 Fathom Blue Pearlcoat Jeep Grand Wagoneer L New 2026 Jeep Grand Wagoneer L Limited Reserve Sport Utility 3.0L I6 For sale at Park Chrysler Jeep in Burnsville Minnesota.	https://vehicle-images.carscommerce.inc/a4ac-110005314/1C4SJSBP4TS184802/thumbnails/large/b0da10846b6d7cc37a9b18f5765574ac.jpg	in stock	NEW	SUV	Vehicles & Parts > Vehicles > Motor Vehicles > Cars, Trucks & Vans	1C4SJSBP4TS184802	https://www.parkjeepchrysler.com/inventory/new-2026-jeep-grand-wagoneer-l-limited-reserve-4x4-sport-utility-1c4sjsbp4ts184802/123?store={store_code}	BLUE	0 miles	Grand Wagoneer L	1C4SJSBP4TS184802	2026	82632 USD	PCJ100	82632 USD	MI
1C4SJSBP5TS192200	2026 Jeep GRAND WAGONEER L LIMITED RESERVE 4X4	Jeep	https://www.parkjeepchrysler.com/inventory/new-2026-jeep-grand-wagoneer-l-limited-reserve-4x4-sport-utility-1c4sjsbp5ts192200/	82632 USD	2026 Silver Zynith Jeep Grand Wagoneer L New 2026 Jeep Grand Wagoneer L Limited Reserve Sport Utility 3.0L I6 For sale at Park Chrysler Jeep in Burnsville Minnesota.	https://vehicle-images.carscommerce.inc/810d-110005314/1C4SJSBP5TS192200/thumbnails/large/1acca87eeb34547347124ce854c4c8ec.jpg	in stock	NEW	SUV	Vehicles & Parts > Vehicles > Motor Vehicles > Cars, Trucks & Vans	1C4SJSBP5TS192200	https://www.parkjeepchrysler.com/inventory/new-2026-jeep-grand-wagoneer-l-limited-reserve-4x4-sport-utility-1c4sjsbp5ts192200/123?store={store_code}	SILVER	0 miles	Grand Wagoneer L	1C4SJSBP5TS192200	2026	82632 USD	PCJ100	82632 USD	MI
1C4SJSBP6TS184803	2026 Jeep GRAND WAGONEER L LIMITED RESERVE 4X4	Jeep	https://www.parkjeepchrysler.com/inventory/new-2026-jeep-grand-wagoneer-l-limited-reserve-4x4-sport-utility-1c4sjsbp6ts184803/	82632 USD	2026 High Gloss Black Jeep Grand Wagoneer L New 2026 Jeep Grand Wagoneer L Limited Reserve Sport Utility 3.0L I6 For sale at Park Chrysler Jeep in Burnsville Minnesota.	https://vehicle-images.carscommerce.inc/5174-110005314/1C4SJSBP6TS184803/thumbnails/large/d5ee4929528fd19947903f03c9f828f9.jpg	in stock	NEW	SUV	Vehicles & Parts > Vehicles > Motor Vehicles > Cars, Trucks & Vans	1C4SJSBP6TS184803	https://www.parkjeepchrysler.com/inventory/new-2026-jeep-grand-wagoneer-l-limited-reserve-4x4-sport-utility-1c4sjsbp6ts184803/123?store={store_code}	BLACK	0 miles	Grand Wagoneer L	1C4SJSBP6TS184803	2026	82632 USD	PCJ100	82632 USD	MI
1C4SJSBP8TS184804	2026 Jeep GRAND WAGONEER L LIMITED RESERVE 4X4	Jeep	https://www.parkjeepchrysler.com/inventory/new-2026-jeep-grand-wagoneer-l-limited-reserve-4x4-sport-utility-1c4sjsbp8ts184804/	82013 USD	2026 Bright White Clearcoat Jeep Grand Wagoneer L New 2026 Jeep Grand Wagoneer L Limited Reserve Sport Utility 3.0L I6 For sale at Park Chrysler Jeep in Burnsville Minnesota.	https://vehicle-images.carscommerce.inc/5ff6-110005314/1C4SJSBP8TS184804/thumbnails/large/235371b65068c4f529fa4e65a34e58e8.jpg	in stock	NEW	SUV	Vehicles & Parts > Vehicles > Motor Vehicles > Cars, Trucks & Vans	1C4SJSBP8TS184804	https://www.parkjeepchrysler.com/inventory/new-2026-jeep-grand-wagoneer-l-limited-reserve-4x4-sport-utility-1c4sjsbp8ts184804/123?store={store_code}	WHITE	0 miles	Grand Wagoneer L	1C4SJSBP8TS184804	2026	82013 USD	PCJ100	82013 USD	MI
1C4SJSEP0TS177678	2026 Jeep GRAND WAGONEER L SUMMIT RESERVE 4X4	Jeep	https://www.parkjeepchrysler.com/inventory/new-2026-jeep-grand-wagoneer-l-summit-reserve-4x4-sport-utility-1c4sjsep0ts177678/	102181 USD	2026 Fathom Blue Pearlcoat Jeep Grand Wagoneer L New 2026 Jeep Grand Wagoneer L Summit Reserve Sport Utility 3.0L I6 For sale at Park Chrysler Jeep in Burnsville Minnesota.	https://vehicle-images.carscommerce.inc/93df-110005314/1C4SJSEP0TS177678/thumbnails/large/f46b1e4cb11afa1755254370ad661b3b.jpg	in stock	NEW	SUV	Vehicles & Parts > Vehicles > Motor Vehicles > Cars, Trucks & Vans	1C4SJSEP0TS177678	https://www.parkjeepchrysler.com/inventory/new-2026-jeep-grand-wagoneer-l-summit-reserve-4x4-sport-utility-1c4sjsep0ts177678/123?store={store_code}	BLUE	0 miles	Grand Wagoneer L	1C4SJSEP0TS177678	2026	102181 USD	PCJ100	102181 USD	MI
1C4SJSEP2TS177679	2026 Jeep GRAND WAGONEER L SUMMIT RESERVE 4X4	Jeep	https://www.parkjeepchrysler.com/inventory/new-2026-jeep-grand-wagoneer-l-summit-reserve-4x4-sport-utility-1c4sjsep2ts177679/	101562 USD	2026 Steel Blue Jeep Grand Wagoneer L New 2026 Jeep Grand Wagoneer L Summit Reserve Sport Utility 3.0L I6 For sale at Park Chrysler Jeep in Burnsville Minnesota.	https://vehicle-images.carscommerce.inc/fce1-110005314/1C4SJSEP2TS177679/thumbnails/large/c7adefc7fe1320a5d2659ebbb8ae8ffd.jpg	in stock	NEW	SUV	Vehicles & Parts > Vehicles > Motor Vehicles > Cars, Trucks & Vans	1C4SJSEP2TS177679	https://www.parkjeepchrysler.com/inventory/new-2026-jeep-grand-wagoneer-l-summit-reserve-4x4-sport-utility-1c4sjsep2ts177679/123?store={store_code}	GRAY	0 miles	Grand Wagoneer L	1C4SJSEP2TS177679	2026	101562 USD	PCJ100	101562 USD	MI
1C4SJSEP9TS177680	2026 Jeep GRAND WAGONEER L SUMMIT RESERVE 4X4	Jeep	https://www.parkjeepchrysler.com/inventory/new-2026-jeep-grand-wagoneer-l-summit-reserve-4x4-sport-utility-1c4sjsep9ts177680/	102181 USD	2026 High Gloss Black Jeep Grand Wagoneer L New 2026 Jeep Grand Wagoneer L Summit Reserve Sport Utility 3.0L I6 For sale at Park Chrysler Jeep in Burnsville Minnesota.	https://vehicle-images.carscommerce.inc/1a32-110005314/1C4SJSEP9TS177680/thumbnails/large/e78c03a56145e36e450ae070594964c6.jpg	in stock	NEW	SUV	Vehicles & Parts > Vehicles > Motor Vehicles > Cars, Trucks & Vans	1C4SJSEP9TS177680	https://www.parkjeepchrysler.com/inventory/new-2026-jeep-grand-wagoneer-l-summit-reserve-4x4-sport-utility-1c4sjsep9ts177680/123?store={store_code}	BLACK	0 miles	Grand Wagoneer L	1C4SJSEP9TS177680	2026	102181 USD	PCJ100	102181 USD	MI
1C4SJVBP0TS176665	2026 Jeep GRAND WAGONEER LIMITED ALTITUDE 4X4	Jeep	https://www.parkjeepchrysler.com/inventory/new-2026-jeep-grand-wagoneer-limited-altitude-4x4-sport-utility-1c4sjvbp0ts176665/	76266 USD	2026 Fathom Blue Pearlcoat Jeep Grand Wagoneer New 2026 Jeep Grand Wagoneer Limited Altitude Sport Utility 3.0L I6 For sale at Park Chrysler Jeep in Burnsville Minnesota.	https://vehicle-images.carscommerce.inc/7b61-110005314/1C4SJVBP0TS176665/thumbnails/large/5d33181fb041f4732ed9a28686bc6020.jpg	in stock	NEW	SUV	Vehicles & Parts > Vehicles > Motor Vehicles > Cars, Trucks & Vans	1C4SJVBP0TS176665	https://www.parkjeepchrysler.com/inventory/new-2026-jeep-grand-wagoneer-limited-altitude-4x4-sport-utility-1c4sjvbp0ts176665/123?store={store_code}	BLUE	0 miles	Grand Wagoneer	1C4SJVBP0TS176665	2026	76266 USD	PCJ100	76266 USD	MI
1C4SJVBP3TS160721	2026 Jeep GRAND WAGONEER LIMITED ALTITUDE 4X4	Jeep	https://www.parkjeepchrysler.com/inventory/new-2026-jeep-grand-wagoneer-limited-altitude-4x4-sport-utility-1c4sjvbp3ts160721/	73685 USD	2026 Bright White Clearcoat Jeep Grand Wagoneer New 2026 Jeep Grand Wagoneer Limited Altitude Sport Utility 3.0L I6 For sale at Park Chrysler Jeep in Burnsville Minnesota.	https://vehicle-images.carscommerce.inc/c6a3-110005314/1C4SJVBP3TS160721/thumbnails/large/fbb7c60f8941f03129a7494b93aa450e.jpg	in stock	NEW	SUV	Vehicles & Parts > Vehicles > Motor Vehicles > Cars, Trucks & Vans	1C4SJVBP3TS160721	https://www.parkjeepchrysler.com/inventory/new-2026-jeep-grand-wagoneer-limited-altitude-4x4-sport-utility-1c4sjvbp3ts160721/123?store={store_code}	WHITE	0 miles	Grand Wagoneer	1C4SJVBP3TS160721	2026	73685 USD	PCJ100	73685 USD	MI
1C4SJVBP5TS151356	2026 Jeep GRAND WAGONEER LIMITED ALTITUDE 4X4	Jeep	https://www.parkjeepchrysler.com/inventory/new-2026-jeep-grand-wagoneer-limited-altitude-4x4-sport-utility-1c4sjvbp5ts151356/	73179 USD	2026 Bright White Clearcoat Jeep Grand Wagoneer New 2026 Jeep Grand Wagoneer Limited Altitude Sport Utility 3.0L I6 For sale at Park Chrysler Jeep in Burnsville Minnesota.	https://vehicle-images.carscommerce.inc/3299-110005314/1C4SJVBP5TS151356/thumbnails/large/73c20957c2b7078029d121aa4dc5ec5e.jpg	in stock	NEW	SUV	Vehicles & Parts > Vehicles > Motor Vehicles > Cars, Trucks & Vans	1C4SJVBP5TS151356	https://www.parkjeepchrysler.com/inventory/new-2026-jeep-grand-wagoneer-limited-altitude-4x4-sport-utility-1c4sjvbp5ts151356/123?store={store_code}	WHITE	0 miles	Grand Wagoneer	1C4SJVBP5TS151356	2026	73179 USD	PCJ100	73179 USD	MI
1C4SJVBP5TS160722	2026 Jeep GRAND WAGONEER LIMITED ALTITUDE 4X4	Jeep	https://www.parkjeepchrysler.com/inventory/new-2026-jeep-grand-wagoneer-limited-altitude-4x4-sport-utility-1c4sjvbp5ts160722/	74305 USD	2026 Baltic Gray Metallic Clearcoat Jeep Grand Wagoneer New 2026 Jeep Grand Wagoneer Limited Altitude Sport Utility 3.0L I6 For sale at Park Chrysler Jeep in Burnsville Minnesota.	https://vehicle-images.carscommerce.inc/f2b3-110005314/1C4SJVBP5TS160722/thumbnails/large/ac327ed8e60c9595d74e2ac739f6cc5e.jpg	in stock	NEW	SUV	Vehicles & Parts > Vehicles > Motor Vehicles > Cars, Trucks & Vans	1C4SJVBP5TS160722	https://www.parkjeepchrysler.com/inventory/new-2026-jeep-grand-wagoneer-limited-altitude-4x4-sport-utility-1c4sjvbp5ts160722/123?store={store_code}	GRAY	0 miles	Grand Wagoneer	1C4SJVBP5TS160722	2026	74305 USD	PCJ100	74305 USD	MI
1C4SJVBP7TS151357	2026 Jeep GRAND WAGONEER LIMITED ALTITUDE 4X4	Jeep	https://www.parkjeepchrysler.com/inventory/new-2026-jeep-grand-wagoneer-limited-altitude-4x4-sport-utility-1c4sjvbp7ts151357/	73179 USD	2026 Velvet Red Pearlcoat (DISC) Jeep Grand Wagoneer New 2026 Jeep Grand Wagoneer Limited Altitude Sport Utility 3.0L I6 For sale at Park Chrysler Jeep in Burnsville Minnesota.	https://vehicle-images.carscommerce.inc/5ebb-110005314/1C4SJVBP7TS151357/thumbnails/large/b6a4679fea69352356be4e492dd5e49f.jpg	in stock	NEW	SUV	Vehicles & Parts > Vehicles > Motor Vehicles > Cars, Trucks & Vans	1C4SJVBP7TS151357	https://www.parkjeepchrysler.com/inventory/new-2026-jeep-grand-wagoneer-limited-altitude-4x4-sport-utility-1c4sjvbp7ts151357/123?store={store_code}	RED	0 miles	Grand Wagoneer	1C4SJVBP7TS151357	2026	73179 USD	PCJ100	73179 USD	MI
1C4SJVBP7TS160723	2026 Jeep GRAND WAGONEER LIMITED ALTITUDE 4X4	Jeep	https://www.parkjeepchrysler.com/inventory/new-2026-jeep-grand-wagoneer-limited-altitude-4x4-sport-utility-1c4sjvbp7ts160723/	73686 USD	2026 Steel Blue Jeep Grand Wagoneer New 2026 Jeep Grand Wagoneer Limited Altitude Sport Utility 3.0L I6 For sale at Park Chrysler Jeep in Burnsville Minnesota.	https://vehicle-images.carscommerce.inc/2f34-110005314/1C4SJVBP7TS160723/thumbnails/large/7bf6dc24f444b2480816173469f166f6.jpg	in stock	NEW	SUV	Vehicles & Parts > Vehicles > Motor Vehicles > Cars, Trucks & Vans	1C4SJVBP7TS160723	https://www.parkjeepchrysler.com/inventory/new-2026-jeep-grand-wagoneer-limited-altitude-4x4-sport-utility-1c4sjvbp7ts160723/123?store={store_code}	GRAY	0 miles	Grand Wagoneer	1C4SJVBP7TS160723	2026	73686 USD	PCJ100	73686 USD	MI
1C4SJVBP2TS176666	2026 Jeep GRAND WAGONEER LIMITED RESERVE 4X4	Jeep	https://www.parkjeepchrysler.com/inventory/new-2026-jeep-grand-wagoneer-limited-reserve-4x4-sport-utility-1c4sjvbp2ts176666/	81517 USD	2026 Baltic Gray Metallic Clearcoat Jeep Grand Wagoneer New 2026 Jeep Grand Wagoneer Limited Reserve Sport Utility 3.0L I6 For sale at Park Chrysler Jeep in Burnsville Minnesota.	https://vehicle-images.carscommerce.inc/b03c-110005314/1C4SJVBP2TS176666/thumbnails/large/43c3c62a25d35a7c86071dfb0c34cdc6.jpg	in stock	NEW	SUV	Vehicles & Parts > Vehicles > Motor Vehicles > Cars, Trucks & Vans	1C4SJVBP2TS176666	https://www.parkjeepchrysler.com/inventory/new-2026-jeep-grand-wagoneer-limited-reserve-4x4-sport-utility-1c4sjvbp2ts176666/123?store={store_code}	GRAY	0 miles	Grand Wagoneer	1C4SJVBP2TS176666	2026	81517 USD	PCJ100	81517 USD	MI
1C4SJVBP4TS176667	2026 Jeep GRAND WAGONEER LIMITED RESERVE 4X4	Jeep	https://www.parkjeepchrysler.com/inventory/new-2026-jeep-grand-wagoneer-limited-reserve-4x4-sport-utility-1c4sjvbp4ts176667/	80898 USD	2026 Bright White Clearcoat Jeep Grand Wagoneer New 2026 Jeep Grand Wagoneer Limited Reserve Sport Utility 3.0L I6 For sale at Park Chrysler Jeep in Burnsville Minnesota.	https://vehicle-images.carscommerce.inc/afbf-110005314/1C4SJVBP4TS176667/thumbnails/large/2200ab8738d08ef1a2c1908932f8b46d.jpg	in stock	NEW	SUV	Vehicles & Parts > Vehicles > Motor Vehicles > Cars, Trucks & Vans	1C4SJVBP4TS176667	https://www.parkjeepchrysler.com/inventory/new-2026-jeep-grand-wagoneer-limited-reserve-4x4-sport-utility-1c4sjvbp4ts176667/123?store={store_code}	WHITE	0 miles	Grand Wagoneer	1C4SJVBP4TS176667	2026	80898 USD	PCJ100	80898 USD	MI
1C4SJVBP9TS154289	2026 Jeep GRAND WAGONEER LIMITED RESERVE 4X4	Jeep	https://www.parkjeepchrysler.com/inventory/new-2026-jeep-grand-wagoneer-limited-reserve-4x4-sport-utility-1c4sjvbp9ts154289/	80628 USD	2026 Velvet Red Pearlcoat (DISC) Jeep Grand Wagoneer New 2026 Jeep Grand Wagoneer Limited Reserve Sport Utility 3.0L I6 For sale at Park Chrysler Jeep in Burnsville Minnesota.	https://vehicle-images.carscommerce.inc/3bf4-110005314/1C4SJVBP9TS154289/thumbnails/large/f2abbc0943c70663d17d8fe31a76d2b1.jpg	in stock	NEW	SUV	Vehicles & Parts > Vehicles > Motor Vehicles > Cars, Trucks & Vans	1C4SJVBP9TS154289	https://www.parkjeepchrysler.com/inventory/new-2026-jeep-grand-wagoneer-limited-reserve-4x4-sport-utility-1c4sjvbp9ts154289/123?store={store_code}	RED	0 miles	Grand Wagoneer	1C4SJVBP9TS154289	2026	80628 USD	PCJ100	80628 USD	MI
1C4SJVEP2TS160902	2026 Jeep GRAND WAGONEER SUMMIT OBSIDIAN 4X4	Jeep	https://www.parkjeepchrysler.com/inventory/new-2026-jeep-grand-wagoneer-summit-obsidian-4x4-sport-utility-1c4sjvep2ts160902/	95907 USD	2026 High Gloss Black Jeep Grand Wagoneer New 2026 Jeep Grand Wagoneer Summit Obsidian Sport Utility 3.0L I6 For sale at Park Chrysler Jeep in Burnsville Minnesota.	https://vehicle-images.carscommerce.inc/1386-110005314/1C4SJVEP2TS160902/thumbnails/large/8b9155fe3d4bcb56d08f7e2e5158907a.jpg	in stock	NEW	SUV	Vehicles & Parts > Vehicles > Motor Vehicles > Cars, Trucks & Vans	1C4SJVEP2TS160902	https://www.parkjeepchrysler.com/inventory/new-2026-jeep-grand-wagoneer-summit-obsidian-4x4-sport-utility-1c4sjvep2ts160902/123?store={store_code}	BLACK	0 miles	Grand Wagoneer	1C4SJVEP2TS160902	2026	95907 USD	PCJ100	95907 USD	MI
1C4SJVEP7TS152570	2026 Jeep GRAND WAGONEER SUMMIT OBSIDIAN 4X4	Jeep	https://www.parkjeepchrysler.com/inventory/new-2026-jeep-grand-wagoneer-summit-obsidian-4x4-sport-utility-1c4sjvep7ts152570/	98949 USD	2026 Baltic Gray Metallic Clearcoat Jeep Grand Wagoneer New 2026 Jeep Grand Wagoneer Summit Obsidian Sport Utility 3.0L I6 For sale at Park Chrysler Jeep in Burnsville Minnesota.	https://vehicle-images.carscommerce.inc/28c2-110005314/1C4SJVEP7TS152570/thumbnails/large/7cc952d582cee8e65d4c829bcf3b3977.jpg	in stock	NEW	SUV	Vehicles & Parts > Vehicles > Motor Vehicles > Cars, Trucks & Vans	1C4SJVEP7TS152570	https://www.parkjeepchrysler.com/inventory/new-2026-jeep-grand-wagoneer-summit-obsidian-4x4-sport-utility-1c4sjvep7ts152570/123?store={store_code}	GRAY	0 miles	Grand Wagoneer	1C4SJVEP7TS152570	2026	98949 USD	PCJ100	98949 USD	MI
1C4SJVEP5TS177676	2026 Jeep GRAND WAGONEER SUMMIT RESERVE 4X4	Jeep	https://www.parkjeepchrysler.com/inventory/new-2026-jeep-grand-wagoneer-summit-reserve-4x4-sport-utility-1c4sjvep5ts177676/	98674 USD	2026 Steel Blue Jeep Grand Wagoneer New 2026 Jeep Grand Wagoneer Summit Reserve Sport Utility 3.0L I6 For sale at Park Chrysler Jeep in Burnsville Minnesota.	https://vehicle-images.carscommerce.inc/a866-110005314/1C4SJVEP5TS177676/thumbnails/large/f81ebf2d2cbb9e642e9537c3eeb4f674.jpg	in stock	NEW	SUV	Vehicles & Parts > Vehicles > Motor Vehicles > Cars, Trucks & Vans	1C4SJVEP5TS177676	https://www.parkjeepchrysler.com/inventory/new-2026-jeep-grand-wagoneer-summit-reserve-4x4-sport-utility-1c4sjvep5ts177676/123?store={store_code}	GRAY	0 miles	Grand Wagoneer	1C4SJVEP5TS177676	2026	98674 USD	PCJ100	98674 USD	MI
1C4SJVEP7TS177677	2026 Jeep GRAND WAGONEER SUMMIT RESERVE 4X4	Jeep	https://www.parkjeepchrysler.com/inventory/new-2026-jeep-grand-wagoneer-summit-reserve-4x4-sport-utility-1c4sjvep7ts177677/	98674 USD	2026 Bright White Clearcoat Jeep Grand Wagoneer New 2026 Jeep Grand Wagoneer Summit Reserve Sport Utility 3.0L I6 For sale at Park Chrysler Jeep in Burnsville Minnesota.	https://vehicle-images.carscommerce.inc/b15b-110005314/1C4SJVEP7TS177677/thumbnails/large/ea4f9e32c81417d3425a5a449e7d532a.jpg	in stock	NEW	SUV	Vehicles & Parts > Vehicles > Motor Vehicles > Cars, Trucks & Vans	1C4SJVEP7TS177677	https://www.parkjeepchrysler.com/inventory/new-2026-jeep-grand-wagoneer-summit-reserve-4x4-sport-utility-1c4sjvep7ts177677/123?store={store_code}	WHITE	0 miles	Grand Wagoneer	1C4SJVEP7TS177677	2026	98674 USD	PCJ100	98674 USD	MI
1C4SJVAP6TS168071	2026 Jeep GRAND WAGONEER UPLAND 4X4	Jeep	https://www.parkjeepchrysler.com/inventory/new-2026-jeep-grand-wagoneer-upland-4x4-sport-utility-1c4sjvap6ts168071/	73250 USD	2026 Baltic Gray Metallic Clearcoat Jeep Grand Wagoneer New 2026 Jeep Grand Wagoneer Upland Sport Utility 3.0L I6 For sale at Park Chrysler Jeep in Burnsville Minnesota.	https://vehicle-images.carscommerce.inc/cabc-110005314/1C4SJVAP6TS168071/thumbnails/large/4c247f9653e21465b502f2bc60a0f1fa.jpg	in stock	NEW	SUV	Vehicles & Parts > Vehicles > Motor Vehicles > Cars, Trucks & Vans	1C4SJVAP6TS168071	https://www.parkjeepchrysler.com/inventory/new-2026-jeep-grand-wagoneer-upland-4x4-sport-utility-1c4sjvap6ts168071/123?store={store_code}	GRAY	0 miles	Grand Wagoneer	1C4SJVAP6TS168071	2026	73250 USD	PCJ100	73250 USD	MI
1C4SJVAP9TS177573	2026 Jeep GRAND WAGONEER UPLAND 4X4	Jeep	https://www.parkjeepchrysler.com/inventory/new-2026-jeep-grand-wagoneer-upland-4x4-sport-utility-1c4sjvap9ts177573/	73958 USD	2026 Fathom Blue Pearlcoat Jeep Grand Wagoneer New 2026 Jeep Grand Wagoneer Upland Sport Utility 3.0L I6 For sale at Park Chrysler Jeep in Burnsville Minnesota.	https://vehicle-images.carscommerce.inc/671f-110005314/1C4SJVAP9TS177573/thumbnails/large/33546dd0b6cb64dbe2268160ab84d47c.jpg	in stock	NEW	SUV	Vehicles & Parts > Vehicles > Motor Vehicles > Cars, Trucks & Vans	1C4SJVAP9TS177573	https://www.parkjeepchrysler.com/inventory/new-2026-jeep-grand-wagoneer-upland-4x4-sport-utility-1c4sjvap9ts177573/123?store={store_code}	BLUE	0 miles	Grand Wagoneer	1C4SJVAP9TS177573	2026	73958 USD	PCJ100	73958 USD	MI
1C4SJVAPXTS190848	2026 Jeep GRAND WAGONEER UPLAND 4X4	Jeep	https://www.parkjeepchrysler.com/inventory/new-2026-jeep-grand-wagoneer-upland-4x4-sport-utility-1c4sjvapxts190848/	72631 USD	2026 Steel Blue Jeep Grand Wagoneer New 2026 Jeep Grand Wagoneer Upland Sport Utility 3.0L I6 For sale at Park Chrysler Jeep in Burnsville Minnesota.	https://vehicle-images.carscommerce.inc/4fd4-110005314/1C4SJVAPXTS190848/thumbnails/large/44f4dfc4245419cba49bde185b38b0cd.jpg	in stock	NEW	SUV	Vehicles & Parts > Vehicles > Motor Vehicles > Cars, Trucks & Vans	1C4SJVAPXTS190848	https://www.parkjeepchrysler.com/inventory/new-2026-jeep-grand-wagoneer-upland-4x4-sport-utility-1c4sjvapxts190848/123?store={store_code}	GRAY	0 miles	Grand Wagoneer	1C4SJVAPXTS190848	2026	72631 USD	PCJ100	72631 USD	MI
3C4RJACK5TT215856	2026 Jeep JEEP RECON MOAB	Jeep	https://www.parkjeepchrysler.com/inventory/new-2026-jeep-recon-moab-4x4-sport-utility-3c4rjack5tt215856/	72330 USD	2026 Bright White Clear-Coat Exterior Paint Jeep Recon New 2026 Jeep Recon Moab Sport Utility 400V G2500 FR/RR Elec Drive Motors For sale at Park Chrysler Jeep in Burnsville Minnesota.	https://vehicle-images.carscommerce.inc/d523-110005314/3C4RJACK5TT215856/thumbnails/large/6fcb78dbdd1f17f7a29b16b63b27177d.jpg	in stock	NEW	SUV	Vehicles & Parts > Vehicles > Motor Vehicles > Cars, Trucks & Vans	3C4RJACK5TT215856	https://www.parkjeepchrysler.com/inventory/new-2026-jeep-recon-moab-4x4-sport-utility-3c4rjack5tt215856/123?store={store_code}	WHITE	0 miles	Recon	3C4RJACK5TT215856	2026	72330 USD	PCJ100	72330 USD	MI
3C4RJACK7TT215874	2026 Jeep JEEP RECON MOAB	Jeep	https://www.parkjeepchrysler.com/inventory/new-2026-jeep-recon-moab-4x4-sport-utility-3c4rjack7tt215874/	70335 USD	2026 Bright White Clear-Coat Exterior Paint Jeep Recon New 2026 Jeep Recon Moab Sport Utility 400V G2500 FR/RR Elec Drive Motors For sale at Park Chrysler Jeep in Burnsville Minnesota.	https://vehicle-images.carscommerce.inc/57f0-110005314/3C4RJACK7TT215874/thumbnails/large/683b341be0667037866308f97ed50f99.jpg	in stock	NEW	SUV	Vehicles & Parts > Vehicles > Motor Vehicles > Cars, Trucks & Vans	3C4RJACK7TT215874	https://www.parkjeepchrysler.com/inventory/new-2026-jeep-recon-moab-4x4-sport-utility-3c4rjack7tt215874/123?store={store_code}	WHITE	0 miles	Recon	3C4RJACK7TT215874	2026	70335 USD	PCJ100	70335 USD	MI
1C4PJXDG0TW282346	2026 Jeep WRANGLER 4-DOOR 85TH ANNIVERSARY EDITION	Jeep	https://www.parkjeepchrysler.com/inventory/new-2026-jeep-wrangler-85th-anniversary-edition-4x4-4-door-1c4pjxdg0tw282346/	46750 USD	2026 Bright White Clearcoat Jeep Wrangler New 2026 Jeep Wrangler 85th Anniversary Edition 4-door 3.6L V6 24V VVT For sale at Park Chrysler Jeep in Burnsville Minnesota.	https://vehicle-images.carscommerce.inc/f389-110005314/1C4PJXDG0TW282346/thumbnails/large/0d62eb4f8a0dc9251cb36aaccc80e7df.jpg	in stock	NEW	SUV	Vehicles & Parts > Vehicles > Motor Vehicles > Cars, Trucks & Vans	1C4PJXDG0TW282346	https://www.parkjeepchrysler.com/inventory/new-2026-jeep-wrangler-85th-anniversary-edition-4x4-4-door-1c4pjxdg0tw282346/123?store={store_code}	WHITE	0 miles	Wrangler	1C4PJXDG0TW282346	2026	46750 USD	PCJ100	46750 USD	MI
1C4PJXDG3TW282342	2026 Jeep WRANGLER 4-DOOR 85TH ANNIVERSARY EDITION	Jeep	https://www.parkjeepchrysler.com/inventory/new-2026-jeep-wrangler-85th-anniversary-edition-4x4-4-door-1c4pjxdg3tw282342/	48445 USD	2026 Black Clearcoat Jeep Wrangler New 2026 Jeep Wrangler 85th Anniversary Edition 4-door 3.6L V6 24V VVT For sale at Park Chrysler Jeep in Burnsville Minnesota.	https://vehicle-images.carscommerce.inc/c449-110005314/1C4PJXDG3TW282342/thumbnails/large/ab785656dd12a2e85bd984f6f1c4913e.jpg	in stock	NEW	SUV	Vehicles & Parts > Vehicles > Motor Vehicles > Cars, Trucks & Vans	1C4PJXDG3TW282342	https://www.parkjeepchrysler.com/inventory/new-2026-jeep-wrangler-85th-anniversary-edition-4x4-4-door-1c4pjxdg3tw282342/123?store={store_code}	BLACK	0 miles	Wrangler	1C4PJXDG3TW282342	2026	48445 USD	PCJ100	48445 USD	MI
1C4PJXDG7TW282344	2026 Jeep WRANGLER 4-DOOR 85TH ANNIVERSARY EDITION	Jeep	https://www.parkjeepchrysler.com/inventory/new-2026-jeep-wrangler-85th-anniversary-edition-4x4-4-door-1c4pjxdg7tw282344/	48445 USD	2026 Granite Crystal Metallic Clearcoat Jeep Wrangler New 2026 Jeep Wrangler 85th Anniversary Edition 4-door 3.6L V6 24V VVT For sale at Park Chrysler Jeep in Burnsville Minnesota.	https://vehicle-images.carscommerce.inc/f736-110005314/1C4PJXDG7TW282344/thumbnails/large/d9844bdf3ca16b5603b7b7e6ef7e6705.jpg	in stock	NEW	SUV	Vehicles & Parts > Vehicles > Motor Vehicles > Cars, Trucks & Vans	1C4PJXDG7TW282344	https://www.parkjeepchrysler.com/inventory/new-2026-jeep-wrangler-85th-anniversary-edition-4x4-4-door-1c4pjxdg7tw282344/123?store={store_code}	GRAY	0 miles	Wrangler	1C4PJXDG7TW282344	2026	48445 USD	PCJ100	48445 USD	MI
1C4PJXDG9TW282345	2026 Jeep WRANGLER 4-DOOR 85TH ANNIVERSARY EDITION	Jeep	https://www.parkjeepchrysler.com/inventory/new-2026-jeep-wrangler-85th-anniversary-edition-4x4-4-door-1c4pjxdg9tw282345/	47345 USD	2026 Black Clearcoat Jeep Wrangler New 2026 Jeep Wrangler 85th Anniversary Edition 4-door 3.6L V6 24V VVT For sale at Park Chrysler Jeep in Burnsville Minnesota.	https://vehicle-images.carscommerce.inc/37ef-110005314/1C4PJXDG9TW282345/thumbnails/large/a27e52cea3ea2921fbd0bc0763d381f5.jpg	in stock	NEW	SUV	Vehicles & Parts > Vehicles > Motor Vehicles > Cars, Trucks & Vans	1C4PJXDG9TW282345	https://www.parkjeepchrysler.com/inventory/new-2026-jeep-wrangler-85th-anniversary-edition-4x4-4-door-1c4pjxdg9tw282345/123?store={store_code}	BLACK	0 miles	Wrangler	1C4PJXDG9TW282345	2026	47345 USD	PCJ100	47345 USD	MI
1C4PJXDN0TW264959	2026 Jeep WRANGLER 4-DOOR 85TH ANNIVERSARY EDITION	Jeep	https://www.parkjeepchrysler.com/inventory/new-2026-jeep-wrangler-85th-anniversary-edition-4x4-4-door-1c4pjxdn0tw264959/	48045 USD	2026 Bright White Clearcoat Jeep Wrangler New 2026 Jeep Wrangler 85th Anniversary Edition 4-door 2.0L I4 DOHC For sale at Park Chrysler Jeep in Burnsville Minnesota.	https://vehicle-images.carscommerce.inc/1cee-110005314/1C4PJXDN0TW264959/thumbnails/large/e986825cfbf7c3deb46d9ae33157d4fa.jpg	in stock	NEW	SUV	Vehicles & Parts > Vehicles > Motor Vehicles > Cars, Trucks & Vans	1C4PJXDN0TW264959	https://www.parkjeepchrysler.com/inventory/new-2026-jeep-wrangler-85th-anniversary-edition-4x4-4-door-1c4pjxdn0tw264959/123?store={store_code}	WHITE	0 miles	Wrangler	1C4PJXDN0TW264959	2026	48045 USD	PCJ100	48045 USD	MI
1C4PJXDN1TW264954	2026 Jeep WRANGLER 4-DOOR 85TH ANNIVERSARY EDITION	Jeep	https://www.parkjeepchrysler.com/inventory/new-2026-jeep-wrangler-85th-anniversary-edition-4x4-4-door-1c4pjxdn1tw264954/	44655 USD	2026 Bright White Clearcoat Jeep Wrangler New 2026 Jeep Wrangler 85th Anniversary Edition 4-door 2.0L I4 DOHC For sale at Park Chrysler Jeep in Burnsville Minnesota.	https://vehicle-images.carscommerce.inc/e171-110005314/1C4PJXDN1TW264954/thumbnails/large/72c0975074ea38d3bf1aec5666c4dd04.jpg	in stock	NEW	SUV	Vehicles & Parts > Vehicles > Motor Vehicles > Cars, Trucks & Vans	1C4PJXDN1TW264954	https://www.parkjeepchrysler.com/inventory/new-2026-jeep-wrangler-85th-anniversary-edition-4x4-4-door-1c4pjxdn1tw264954/123?store={store_code}	WHITE	0 miles	Wrangler	1C4PJXDN1TW264954	2026	44655 USD	PCJ100	44655 USD	MI
1C4PJXDN3TW264955	2026 Jeep WRANGLER 4-DOOR 85TH ANNIVERSARY EDITION	Jeep	https://www.parkjeepchrysler.com/inventory/new-2026-jeep-wrangler-85th-anniversary-edition-4x4-4-door-1c4pjxdn3tw264955/	44950 USD	2026 Granite Crystal Metallic Clearcoat Jeep Wrangler New 2026 Jeep Wrangler 85th Anniversary Edition 4-door 2.0L I4 DOHC For sale at Park Chrysler Jeep in Burnsville Minnesota.	https://vehicle-images.carscommerce.inc/9cf8-110005314/1C4PJXDN3TW264955/thumbnails/large/ed39324bbeb6de0254a3661561003127.jpg	in stock	NEW	SUV	Vehicles & Parts > Vehicles > Motor Vehicles > Cars, Trucks & Vans	1C4PJXDN3TW264955	https://www.parkjeepchrysler.com/inventory/new-2026-jeep-wrangler-85th-anniversary-edition-4x4-4-door-1c4pjxdn3tw264955/123?store={store_code}	GRAY	0 miles	Wrangler	1C4PJXDN3TW264955	2026	44950 USD	PCJ100	44950 USD	MI
1C4PJXDN5TW264956	2026 Jeep WRANGLER 4-DOOR 85TH ANNIVERSARY EDITION	Jeep	https://www.parkjeepchrysler.com/inventory/new-2026-jeep-wrangler-85th-anniversary-edition-4x4-4-door-1c4pjxdn5tw264956/	46350 USD	2026 Black Clearcoat Jeep Wrangler New 2026 Jeep Wrangler 85th Anniversary Edition 4-door 2.0L I4 DOHC For sale at Park Chrysler Jeep in Burnsville Minnesota.	https://vehicle-images.carscommerce.inc/d64b-110005314/1C4PJXDN5TW264956/thumbnails/large/3f3b9073e82f062194750057d0fa8a2e.jpg	in stock	NEW	SUV	Vehicles & Parts > Vehicles > Motor Vehicles > Cars, Trucks & Vans	1C4PJXDN5TW264956	https://www.parkjeepchrysler.com/inventory/new-2026-jeep-wrangler-85th-anniversary-edition-4x4-4-door-1c4pjxdn5tw264956/123?store={store_code}	BLACK	0 miles	Wrangler	1C4PJXDN5TW264956	2026	46350 USD	PCJ100	46350 USD	MI
1C4PJXDN7TW264957	2026 Jeep WRANGLER 4-DOOR 85TH ANNIVERSARY EDITION	Jeep	https://www.parkjeepchrysler.com/inventory/new-2026-jeep-wrangler-85th-anniversary-edition-4x4-4-door-1c4pjxdn7tw264957/	45755 USD	2026 Bright White Clearcoat Jeep Wrangler New 2026 Jeep Wrangler 85th Anniversary Edition 4-door 2.0L I4 DOHC For sale at Park Chrysler Jeep in Burnsville Minnesota.	https://vehicle-images.carscommerce.inc/2d32-110005314/1C4PJXDN7TW264957/thumbnails/large/adc2305cb772ae1492f4a4ae07ae2529.jpg	in stock	NEW	SUV	Vehicles & Parts > Vehicles > Motor Vehicles > Cars, Trucks & Vans	1C4PJXDN7TW264957	https://www.parkjeepchrysler.com/inventory/new-2026-jeep-wrangler-85th-anniversary-edition-4x4-4-door-1c4pjxdn7tw264957/123?store={store_code}	WHITE	0 miles	Wrangler	1C4PJXDN7TW264957	2026	45755 USD	PCJ100	45755 USD	MI
1C4PJXDN7TW264960	2026 Jeep WRANGLER 4-DOOR 85TH ANNIVERSARY EDITION	Jeep	https://www.parkjeepchrysler.com/inventory/new-2026-jeep-wrangler-85th-anniversary-edition-4x4-4-door-1c4pjxdn7tw264960/	47840 USD	2026 Granite Crystal Metallic Clearcoat Jeep Wrangler New 2026 Jeep Wrangler 85th Anniversary Edition 4-door 2.0L I4 DOHC For sale at Park Chrysler Jeep in Burnsville Minnesota.	https://vehicle-images.carscommerce.inc/fd29-110005314/1C4PJXDN7TW264960/thumbnails/large/6fcc9dd9f24b3c9c34567d3c85d72d85.jpg	in stock	NEW	SUV	Vehicles & Parts > Vehicles > Motor Vehicles > Cars, Trucks & Vans	1C4PJXDN7TW264960	https://www.parkjeepchrysler.com/inventory/new-2026-jeep-wrangler-85th-anniversary-edition-4x4-4-door-1c4pjxdn7tw264960/123?store={store_code}	GRAY	0 miles	Wrangler	1C4PJXDN7TW264960	2026	47840 USD	PCJ100	47840 USD	MI
1C4PJXDN9TW264958	2026 Jeep WRANGLER 4-DOOR 85TH ANNIVERSARY EDITION	Jeep	https://www.parkjeepchrysler.com/inventory/new-2026-jeep-wrangler-85th-anniversary-edition-4x4-4-door-1c4pjxdn9tw264958/	46350 USD	2026 Granite Crystal Metallic Clearcoat Jeep Wrangler New 2026 Jeep Wrangler 85th Anniversary Edition 4-door 2.0L I4 DOHC For sale at Park Chrysler Jeep in Burnsville Minnesota.	https://vehicle-images.carscommerce.inc/bc15-110005314/1C4PJXDN9TW264958/thumbnails/large/b1b05b8ae78ca377edf25c1590c0e22f.jpg	in stock	NEW	SUV	Vehicles & Parts > Vehicles > Motor Vehicles > Cars, Trucks & Vans	1C4PJXDN9TW264958	https://www.parkjeepchrysler.com/inventory/new-2026-jeep-wrangler-85th-anniversary-edition-4x4-4-door-1c4pjxdn9tw264958/123?store={store_code}	GRAY	0 miles	Wrangler	1C4PJXDN9TW264958	2026	46350 USD	PCJ100	46350 USD	MI
1C4PJXDNXTW264953	2026 Jeep WRANGLER 4-DOOR 85TH ANNIVERSARY EDITION	Jeep	https://www.parkjeepchrysler.com/inventory/new-2026-jeep-wrangler-85th-anniversary-edition-4x4-4-door-1c4pjxdnxtw264953/	44950 USD	2026 Black Clearcoat Jeep Wrangler New 2026 Jeep Wrangler 85th Anniversary Edition 4-door 2.0L I4 DOHC For sale at Park Chrysler Jeep in Burnsville Minnesota.	https://vehicle-images.carscommerce.inc/9211-110005314/1C4PJXDNXTW264953/thumbnails/large/d6a1d994dba49bed0f995a502184b260.jpg	in stock	NEW	SUV	Vehicles & Parts > Vehicles > Motor Vehicles > Cars, Trucks & Vans	1C4PJXDNXTW264953	https://www.parkjeepchrysler.com/inventory/new-2026-jeep-wrangler-85th-anniversary-edition-4x4-4-door-1c4pjxdnxtw264953/123?store={store_code}	BLACK	0 miles	Wrangler	1C4PJXDNXTW264953	2026	44950 USD	PCJ100	44950 USD	MI
1C4PJXFG0TW173690	2026 Jeep WRANGLER 4-DOOR RUBICON	Jeep	https://www.parkjeepchrysler.com/inventory/new-2026-jeep-wrangler-rubicon-4x4-4-door-1c4pjxfg0tw173690/	53105 USD	2026 Black Clearcoat Jeep Wrangler New 2026 Jeep Wrangler Rubicon 4-door 3.6L V6 24V VVT For sale at Park Chrysler Jeep in Burnsville Minnesota.	https://vehicle-images.carscommerce.inc/33ac-110005314/1C4PJXFG0TW173690/thumbnails/large/4683af2ac3ca6d37d1aa9a889dfa071b.jpg	in stock	NEW	SUV	Vehicles & Parts > Vehicles > Motor Vehicles > Cars, Trucks & Vans	1C4PJXFG0TW173690	https://www.parkjeepchrysler.com/inventory/new-2026-jeep-wrangler-rubicon-4x4-4-door-1c4pjxfg0tw173690/123?store={store_code}	BLACK	0 miles	Wrangler	1C4PJXFG0TW173690	2026	53105 USD	PCJ100	53105 USD	MI
1C4PJXFG2TW279493	2026 Jeep WRANGLER 4-DOOR RUBICON	Jeep	https://www.parkjeepchrysler.com/inventory/new-2026-jeep-wrangler-rubicon-4x4-4-door-1c4pjxfg2tw279493/	53535 USD	2026 Black Clearcoat Jeep Wrangler New 2026 Jeep Wrangler Rubicon 4-door 3.6L V6 24V VVT For sale at Park Chrysler Jeep in Burnsville Minnesota.	https://vehicle-images.carscommerce.inc/da6b-110005314/1C4PJXFG2TW279493/thumbnails/large/8a320b2444206643f632ffe250973140.jpg	in stock	NEW	SUV	Vehicles & Parts > Vehicles > Motor Vehicles > Cars, Trucks & Vans	1C4PJXFG2TW279493	https://www.parkjeepchrysler.com/inventory/new-2026-jeep-wrangler-rubicon-4x4-4-door-1c4pjxfg2tw279493/123?store={store_code}	BLACK	0 miles	Wrangler	1C4PJXFG2TW279493	2026	53535 USD	PCJ100	53535 USD	MI
1C4PJXFG2TW341300	2026 Jeep WRANGLER 4-DOOR RUBICON	Jeep	https://www.parkjeepchrysler.com/inventory/new-2026-jeep-wrangler-rubicon-4x4-4-door-1c4pjxfg2tw341300/	57575 USD	2026 Black Clearcoat Jeep Wrangler New 2026 Jeep Wrangler Rubicon 4-door 3.6L V6 24V VVT For sale at Park Chrysler Jeep in Burnsville Minnesota.	https://vehicle-images.carscommerce.inc/aa28-110005314/1C4PJXFG2TW341300/thumbnails/large/b79e20ad59373a3e33756d12117df538.jpg	in stock	NEW	SUV	Vehicles & Parts > Vehicles > Motor Vehicles > Cars, Trucks & Vans	1C4PJXFG2TW341300	https://www.parkjeepchrysler.com/inventory/new-2026-jeep-wrangler-rubicon-4x4-4-door-1c4pjxfg2tw341300/123?store={store_code}	BLACK	0 miles	Wrangler	1C4PJXFG2TW341300	2026	57575 USD	PCJ100	57575 USD	MI
1C4PJXFG3TW302604	2026 Jeep WRANGLER 4-DOOR RUBICON	Jeep	https://www.parkjeepchrysler.com/inventory/new-2026-jeep-wrangler-rubicon-4x4-4-door-1c4pjxfg3tw302604/	57635 USD	2026 Goldilocks Jeep Wrangler New 2026 Jeep Wrangler Rubicon 4-door 3.6L V6 24V VVT For sale at Park Chrysler Jeep in Burnsville Minnesota.	https://vehicle-images.carscommerce.inc/1fe1-110005314/1C4PJXFG3TW302604/thumbnails/large/35f536b97a898d0d42b766d39b1438a4.jpg	in stock	NEW	SUV	Vehicles & Parts > Vehicles > Motor Vehicles > Cars, Trucks & Vans	1C4PJXFG3TW302604	https://www.parkjeepchrysler.com/inventory/new-2026-jeep-wrangler-rubicon-4x4-4-door-1c4pjxfg3tw302604/123?store={store_code}	GOLD	0 miles	Wrangler	1C4PJXFG3TW302604	2026	57635 USD	PCJ100	57635 USD	MI
1C4PJXFN6TW195966	2026 Jeep WRANGLER 4-DOOR RUBICON	Jeep	https://www.parkjeepchrysler.com/inventory/new-2026-jeep-wrangler-rubicon-4x4-4-door-1c4pjxfn6tw195966/	52135 USD	2026 Granite Crystal Metallic Clearcoat Jeep Wrangler New 2026 Jeep Wrangler Rubicon 4-door 2.0L I4 DOHC For sale at Park Chrysler Jeep in Burnsville Minnesota.	https://vehicle-images.carscommerce.inc/a1ea-110005314/1C4PJXFN6TW195966/thumbnails/large/5fc1435d59f63d46bfe1aee003df69fc.jpg	in stock	NEW	SUV	Vehicles & Parts > Vehicles > Motor Vehicles > Cars, Trucks & Vans	1C4PJXFN6TW195966	https://www.parkjeepchrysler.com/inventory/new-2026-jeep-wrangler-rubicon-4x4-4-door-1c4pjxfn6tw195966/123?store={store_code}	GRAY	0 miles	Wrangler	1C4PJXFN6TW195966	2026	52135 USD	PCJ100	52135 USD	MI
1C4PJXFN9TW242763	2026 Jeep WRANGLER 4-DOOR RUBICON	Jeep	https://www.parkjeepchrysler.com/inventory/new-2026-jeep-wrangler-rubicon-4x4-4-door-1c4pjxfn9tw242763/	55890 USD	2026 Black Clearcoat Jeep Wrangler New 2026 Jeep Wrangler Rubicon 4-door 2.0L I4 DOHC For sale at Park Chrysler Jeep in Burnsville Minnesota.	https://vehicle-images.carscommerce.inc/a267-110005314/1C4PJXFN9TW242763/thumbnails/large/4f070a677e46b155918633c94f6a5a9f.jpg	in stock	NEW	SUV	Vehicles & Parts > Vehicles > Motor Vehicles > Cars, Trucks & Vans	1C4PJXFN9TW242763	https://www.parkjeepchrysler.com/inventory/new-2026-jeep-wrangler-rubicon-4x4-4-door-1c4pjxfn9tw242763/123?store={store_code}	BLACK	0 miles	Wrangler	1C4PJXFN9TW242763	2026	55890 USD	PCJ100	55890 USD	MI
1C4PJXCNXTW216760	2026 Jeep WRANGLER 2-DOOR RUBICON X	Jeep	https://www.parkjeepchrysler.com/inventory/new-2026-jeep-wrangler-rubicon-x-4x4-2-door-1c4pjxcnxtw216760/	61830 USD	2026 Bright White Clearcoat Jeep Wrangler New 2026 Jeep Wrangler Rubicon X 2-door 2.0L I4 DOHC For sale at Park Chrysler Jeep in Burnsville Minnesota.	https://vehicle-images.carscommerce.inc/d302-110005314/1C4PJXCNXTW216760/thumbnails/large/a9bdf749f2da4575aeda0411fd58e6cd.jpg	in stock	NEW	SUV	Vehicles & Parts > Vehicles > Motor Vehicles > Cars, Trucks & Vans	1C4PJXCNXTW216760	https://www.parkjeepchrysler.com/inventory/new-2026-jeep-wrangler-rubicon-x-4x4-2-door-1c4pjxcnxtw216760/123?store={store_code}	WHITE	0 miles	Wrangler	1C4PJXCNXTW216760	2026	61830 USD	PCJ100	61830 USD	MI
1C4RJXFG1TW325100	2026 Jeep WRANGLER 4-DOOR RUBICON X	Jeep	https://www.parkjeepchrysler.com/inventory/new-2026-jeep-wrangler-rubicon-x-4x4-4-door-1c4rjxfg1tw325100/	64650 USD	2026 Black Clearcoat Jeep Wrangler New 2026 Jeep Wrangler Rubicon X 4-door 3.6L V6 24V VVT For sale at Park Chrysler Jeep in Burnsville Minnesota.	https://vehicle-images.carscommerce.inc/773b-110005314/1C4RJXFG1TW325100/thumbnails/large/99d06b967590e464b8d74ef0dc7d4f92.jpg	in stock	NEW	SUV	Vehicles & Parts > Vehicles > Motor Vehicles > Cars, Trucks & Vans	1C4RJXFG1TW325100	https://www.parkjeepchrysler.com/inventory/new-2026-jeep-wrangler-rubicon-x-4x4-4-door-1c4rjxfg1tw325100/123?store={store_code}	BLACK	0 miles	Wrangler	1C4RJXFG1TW325100	2026	64650 USD	PCJ100	64650 USD	MI
1C4RJXFG6TW306414	2026 Jeep WRANGLER 4-DOOR RUBICON X	Jeep	https://www.parkjeepchrysler.com/inventory/new-2026-jeep-wrangler-rubicon-x-4x4-4-door-1c4rjxfg6tw306414/	64735 USD	2026 Goldilocks Jeep Wrangler New 2026 Jeep Wrangler Rubicon X 4-door 3.6L V6 24V VVT For sale at Park Chrysler Jeep in Burnsville Minnesota.	https://vehicle-images.carscommerce.inc/5c74-110005314/1C4RJXFG6TW306414/thumbnails/large/ad19eedf37d8aaa5cb9092af5791aafa.jpg	in stock	NEW	SUV	Vehicles & Parts > Vehicles > Motor Vehicles > Cars, Trucks & Vans	1C4RJXFG6TW306414	https://www.parkjeepchrysler.com/inventory/new-2026-jeep-wrangler-rubicon-x-4x4-4-door-1c4rjxfg6tw306414/123?store={store_code}	GOLD	0 miles	Wrangler	1C4RJXFG6TW306414	2026	64735 USD	PCJ100	64735 USD	MI
1C4RJXFG7TW309208	2026 Jeep WRANGLER 4-DOOR RUBICON X	Jeep	https://www.parkjeepchrysler.com/inventory/new-2026-jeep-wrangler-rubicon-x-4x4-4-door-1c4rjxfg7tw309208/	65460 USD	2026 Bright White Clearcoat Jeep Wrangler New 2026 Jeep Wrangler Rubicon X 4-door 3.6L V6 24V VVT For sale at Park Chrysler Jeep in Burnsville Minnesota.	https://vehicle-images.carscommerce.inc/2be0-110005314/1C4RJXFG7TW309208/thumbnails/large/ffd6553fe39c6f860596ec643cfabddc.jpg	in stock	NEW	SUV	Vehicles & Parts > Vehicles > Motor Vehicles > Cars, Trucks & Vans	1C4RJXFG7TW309208	https://www.parkjeepchrysler.com/inventory/new-2026-jeep-wrangler-rubicon-x-4x4-4-door-1c4rjxfg7tw309208/123?store={store_code}	WHITE	0 miles	Wrangler	1C4RJXFG7TW309208	2026	65460 USD	PCJ100	65460 USD	MI
1C4PJXEN0TW342056	2026 Jeep WRANGLER 4-DOOR SAHARA	Jeep	https://www.parkjeepchrysler.com/inventory/new-2026-jeep-wrangler-sahara-4x4-4-door-1c4pjxen0tw342056/	51860 USD	2026 Granite Crystal Metallic Clear-Coat Exterior Paint Jeep Wrangler New 2026 Jeep Wrangler Sahara 4-door 2.0L I4 DOHC For sale at Park Chrysler Jeep in Burnsville Minnesota.	https://vehicle-images.carscommerce.inc/cc3e-110005314/1C4PJXEN0TW342056/thumbnails/large/741a15e610011588e71eef147a81133e.jpg	in stock	NEW	SUV	Vehicles & Parts > Vehicles > Motor Vehicles > Cars, Trucks & Vans	1C4PJXEN0TW342056	https://www.parkjeepchrysler.com/inventory/new-2026-jeep-wrangler-sahara-4x4-4-door-1c4pjxen0tw342056/123?store={store_code}	GRAY	0 miles	Wrangler	1C4PJXEN0TW342056	2026	51860 USD	PCJ100	51860 USD	MI
1C4PJXEN7TW342054	2026 Jeep WRANGLER 4-DOOR SAHARA	Jeep	https://www.parkjeepchrysler.com/inventory/new-2026-jeep-wrangler-sahara-4x4-4-door-1c4pjxen7tw342054/	51860 USD	2026 Black Clear-Coat Exterior Paint Jeep Wrangler New 2026 Jeep Wrangler Sahara 4-door 2.0L I4 DOHC For sale at Park Chrysler Jeep in Burnsville Minnesota.	https://vehicle-images.carscommerce.inc/eded-110005314/1C4PJXEN7TW342054/thumbnails/large/c2910b99c42b4ea0efb5ffdba0e96938.jpg	in stock	NEW	SUV	Vehicles & Parts > Vehicles > Motor Vehicles > Cars, Trucks & Vans	1C4PJXEN7TW342054	https://www.parkjeepchrysler.com/inventory/new-2026-jeep-wrangler-sahara-4x4-4-door-1c4pjxen7tw342054/123?store={store_code}	BLACK	0 miles	Wrangler	1C4PJXEN7TW342054	2026	51860 USD	PCJ100	51860 USD	MI
1C4PJXDGXTW173828	2026 Jeep WRANGLER 4-DOOR SPORT S	Jeep	https://www.parkjeepchrysler.com/inventory/new-2026-jeep-wrangler-sport-s-4x4-4-door-1c4pjxdgxtw173828/	48350 USD	2026 Granite Crystal Metallic Clearcoat Jeep Wrangler New 2026 Jeep Wrangler Sport S 4-door 3.6L V6 24V VVT For sale at Park Chrysler Jeep in Burnsville Minnesota.	https://vehicle-images.carscommerce.inc/b4e1-110005314/1C4PJXDGXTW173828/thumbnails/large/3ba4cd72409b406ef6cd8041732ceaa6.jpg	in stock	NEW	SUV	Vehicles & Parts > Vehicles > Motor Vehicles > Cars, Trucks & Vans	1C4PJXDGXTW173828	https://www.parkjeepchrysler.com/inventory/new-2026-jeep-wrangler-sport-s-4x4-4-door-1c4pjxdgxtw173828/123?store={store_code}	GRAY	0 miles	Wrangler	1C4PJXDGXTW173828	2026	48350 USD	PCJ100	48350 USD	MI
1C4PJXDNXTW186982	2026 Jeep WRANGLER 4-DOOR SPORT S	Jeep	https://www.parkjeepchrysler.com/inventory/new-2026-jeep-wrangler-sport-s-4x4-4-door-1c4pjxdnxtw186982/	48160 USD	2026 Black Clearcoat Jeep Wrangler New 2026 Jeep Wrangler Sport S 4-door 2.0L I4 DOHC For sale at Park Chrysler Jeep in Burnsville Minnesota.	https://vehicle-images.carscommerce.inc/50c6-110005314/1C4PJXDNXTW186982/thumbnails/large/afa94863eeecf9c7eac4615e2abe213c.jpg	in stock	NEW	SUV	Vehicles & Parts > Vehicles > Motor Vehicles > Cars, Trucks & Vans	1C4PJXDNXTW186982	https://www.parkjeepchrysler.com/inventory/new-2026-jeep-wrangler-sport-s-4x4-4-door-1c4pjxdnxtw186982/123?store={store_code}	BLACK	0 miles	Wrangler	1C4PJXDNXTW186982	2026	48160 USD	PCJ100	48160 USD	MI
1C4RJXSJ7TW318783	2026 Jeep WRANGLER 4-DOOR WILLYS 392	Jeep	https://www.parkjeepchrysler.com/inventory/new-2026-jeep-wrangler-willys-392-4x4-4-door-1c4rjxsj7tw318783/	75000 USD	2026 Black Clearcoat Jeep Wrangler New 2026 Jeep Wrangler Willys 392 4-door SRT HEMI 6.4L V8 MDS For sale at Park Chrysler Jeep in Burnsville Minnesota.	https://vehicle-images.carscommerce.inc/d1b2-110005314/1C4RJXSJ7TW318783/thumbnails/large/8477f9ae97c14fbf5c501655f9eb3f80.jpg	in stock	NEW	SUV	Vehicles & Parts > Vehicles > Motor Vehicles > Cars, Trucks & Vans	1C4RJXSJ7TW318783	https://www.parkjeepchrysler.com/inventory/new-2026-jeep-wrangler-willys-392-4x4-4-door-1c4rjxsj7tw318783/123?store={store_code}	BLACK	0 miles	Wrangler	1C4RJXSJ7TW318783	2026	75000 USD	PCJ100	75000 USD	MI
1C4PJXAN4TW204915	2026 Jeep WRANGLER 2-DOOR WILLYS	Jeep	https://www.parkjeepchrysler.com/inventory/new-2026-jeep-wrangler-willys-4x4-2-door-1c4pjxan4tw204915/	47785 USD	2026 Black Clearcoat Jeep Wrangler New 2026 Jeep Wrangler Willys 2-door 2.0L I4 DOHC For sale at Park Chrysler Jeep in Burnsville Minnesota.	https://vehicle-images.carscommerce.inc/aca7-110005314/1C4PJXAN4TW204915/thumbnails/large/52be926b78172df072f22a1f85fcad49.jpg	in stock	NEW	SUV	Vehicles & Parts > Vehicles > Motor Vehicles > Cars, Trucks & Vans	1C4PJXAN4TW204915	https://www.parkjeepchrysler.com/inventory/new-2026-jeep-wrangler-willys-4x4-2-door-1c4pjxan4tw204915/123?store={store_code}	BLACK	0 miles	Wrangler	1C4PJXAN4TW204915	2026	47785 USD	PCJ100	47785 USD	MI
1C4PJXDG2TW302600	2026 Jeep WRANGLER 4-DOOR WILLYS	Jeep	https://www.parkjeepchrysler.com/inventory/new-2026-jeep-wrangler-willys-4x4-4-door-1c4pjxdg2tw302600/	54955 USD	2026 Goldilocks Jeep Wrangler New 2026 Jeep Wrangler Willys 4-door 3.6L V6 24V VVT For sale at Park Chrysler Jeep in Burnsville Minnesota.	https://vehicle-images.carscommerce.inc/555b-110005314/1C4PJXDG2TW302600/thumbnails/large/56a039db9d8a19e460800eb85ac3fdf2.jpg	in stock	NEW	SUV	Vehicles & Parts > Vehicles > Motor Vehicles > Cars, Trucks & Vans	1C4PJXDG2TW302600	https://www.parkjeepchrysler.com/inventory/new-2026-jeep-wrangler-willys-4x4-4-door-1c4pjxdg2tw302600/123?store={store_code}	GOLD	0 miles	Wrangler	1C4PJXDG2TW302600	2026	54955 USD	PCJ100	54955 USD	MI
1C4PJXDG9TW168636	2026 Jeep WRANGLER 4-DOOR WILLYS	Jeep	https://www.parkjeepchrysler.com/inventory/new-2026-jeep-wrangler-willys-4x4-4-door-1c4pjxdg9tw168636/	49645 USD	2026 Hydro Blue Pearlcoat Jeep Wrangler New 2026 Jeep Wrangler Willys 4-door 3.6L V6 24V VVT For sale at Park Chrysler Jeep in Burnsville Minnesota.	https://vehicle-images.carscommerce.inc/abcf-110005314/1C4PJXDG9TW168636/thumbnails/large/53e16a6d4b458238771ba08140bbbc57.jpg	in stock	NEW	SUV	Vehicles & Parts > Vehicles > Motor Vehicles > Cars, Trucks & Vans	1C4PJXDG9TW168636	https://www.parkjeepchrysler.com/inventory/new-2026-jeep-wrangler-willys-4x4-4-door-1c4pjxdg9tw168636/123?store={store_code}	BLUE	0 miles	Wrangler	1C4PJXDG9TW168636	2026	49645 USD	PCJ100	49645 USD	MI
1C4PJXDN0TW157149	2026 Jeep WRANGLER 4-DOOR WILLYS	Jeep	https://www.parkjeepchrysler.com/inventory/new-2026-jeep-wrangler-willys-4x4-4-door-1c4pjxdn0tw157149/	52090 USD	2026 Granite Crystal Metallic Clearcoat Jeep Wrangler New 2026 Jeep Wrangler Willys 4-door 2.0L I4 DOHC For sale at Park Chrysler Jeep in Burnsville Minnesota.	https://vehicle-images.carscommerce.inc/1563-110005314/1C4PJXDN0TW157149/thumbnails/large/f7357f825978fbfee627e5d8ed33a2b0.jpg	in stock	NEW	SUV	Vehicles & Parts > Vehicles > Motor Vehicles > Cars, Trucks & Vans	1C4PJXDN0TW157149	https://www.parkjeepchrysler.com/inventory/new-2026-jeep-wrangler-willys-4x4-4-door-1c4pjxdn0tw157149/123?store={store_code}	GRAY	0 miles	Wrangler	1C4PJXDN0TW157149	2026	52090 USD	PCJ100	52090 USD	MI
2C4RC3GG2VR551241	2027 Chrysler PACIFICA LIMITED AWD	Chrysler	https://www.parkjeepchrysler.com/inventory/new-2027-chrysler-pacifica-limited-awd-passenger-van-2c4rc3gg2vr551241/	53730 USD	2027 Diamond Black Crystal Pearl-Coat Exterior Paint Chrysler Pacifica New 2027 Chrysler Pacifica Limited Passenger Van 3.6L V6 24V VVT For sale at Park Chrysler Jeep in Burnsville Minnesota.	https://vehicle-images.carscommerce.inc/d7bc-110005314/2C4RC3GG2VR551241/thumbnails/large/8a71b4f36c25684f61812da07ed36069.jpg	in stock	NEW	VAN	Vehicles & Parts > Vehicles > Motor Vehicles > Cars, Trucks & Vans	2C4RC3GG2VR551241	https://www.parkjeepchrysler.com/inventory/new-2027-chrysler-pacifica-limited-awd-passenger-van-2c4rc3gg2vr551241/123?store={store_code}	BLACK	0 miles	Pacifica	2C4RC3GG2VR551241	2027	53730 USD	PCJ100	53730 USD	MI
2C4RC3BG5VR550611	2027 Chrysler PACIFICA SELECT AWD	Chrysler	https://www.parkjeepchrysler.com/inventory/new-2027-chrysler-pacifica-select-awd-passenger-van-2c4rc3bg5vr550611/	50825 USD	2027 Diamond Black Crystal Pearl-Coat Exterior Paint Chrysler Pacifica New 2027 Chrysler Pacifica Select Passenger Van 3.6L V6 24V VVT For sale at Park Chrysler Jeep in Burnsville Minnesota.	https://vehicle-images.carscommerce.inc/249a-110005314/2C4RC3BG5VR550611/thumbnails/large/4a009d89e7ea0730ed00942fa8c413e8.jpg	in stock	NEW	VAN	Vehicles & Parts > Vehicles > Motor Vehicles > Cars, Trucks & Vans	2C4RC3BG5VR550611	https://www.parkjeepchrysler.com/inventory/new-2027-chrysler-pacifica-select-awd-passenger-van-2c4rc3bg5vr550611/123?store={store_code}	BLACK	0 miles	Pacifica	2C4RC3BG5VR550611	2027	50825 USD	PCJ100	50825 USD	MI
2C4RC3BG5VR605042	2027 Chrysler PACIFICA SELECT AWD	Chrysler	https://www.parkjeepchrysler.com/inventory/new-2027-chrysler-pacifica-select-awd-passenger-van-2c4rc3bg5vr605042/	49110 USD	2027 Diamond Black Crystal Pearl-Coat Exterior Paint Chrysler Pacifica New 2027 Chrysler Pacifica Select Passenger Van 3.6L V6 24V VVT For sale at Park Chrysler Jeep in Burnsville Minnesota.	https://vehicle-images.carscommerce.inc/36a7-110005314/2C4RC3BG5VR605042/thumbnails/large/952b34a6e8709c77fc8632cdc1fd70df.jpg	in stock	NEW	VAN	Vehicles & Parts > Vehicles > Motor Vehicles > Cars, Trucks & Vans	2C4RC3BG5VR605042	https://www.parkjeepchrysler.com/inventory/new-2027-chrysler-pacifica-select-awd-passenger-van-2c4rc3bg5vr605042/123?store={store_code}	BLACK	0 miles	Pacifica	2C4RC3BG5VR605042	2027	49110 USD	PCJ100	49110 USD	MI
1C4RJKBR8V8151382	2027 Jeep Limited 4x4	Jeep	https://www.parkjeepchrysler.com/inventory/new-2027-jeep-grand-cherokee-l-limited-4x4-sport-utility-1c4rjkbr8v8151382/	53220 USD	2027 Sting-Gray Clearcoat Jeep Grand Cherokee L New 2027 Jeep Grand Cherokee L Limited Sport Utility 2.0L Hurricane 4 Turbo with ESS For sale at Park Chrysler Jeep in Burnsville Minnesota.	https://vehicle-images.carscommerce.inc/dbe6-110005314/1C4RJKBR8V8151382/thumbnails/large/fc25abf1f1c7fb654f6fb622775c8f16.jpg	in stock	NEW	SUV	Vehicles & Parts > Vehicles > Motor Vehicles > Cars, Trucks & Vans	1C4RJKBR8V8151382	https://www.parkjeepchrysler.com/inventory/new-2027-jeep-grand-cherokee-l-limited-4x4-sport-utility-1c4rjkbr8v8151382/123?store={store_code}	GRAY	0 miles	Grand Cherokee L	1C4RJKBR8V8151382	2027	53220 USD	PCJ100	53220 USD	MI
1C4RJKBR5V8152473	2027 Jeep Limited Reserve 4x4	Jeep	https://www.parkjeepchrysler.com/inventory/new-2027-jeep-grand-cherokee-l-limited-reserve-4x4-sport-utility-1c4rjkbr5v8152473/	56745 USD	2027 Sting-Gray Clearcoat Jeep Grand Cherokee L New 2027 Jeep Grand Cherokee L Limited Reserve Sport Utility 2.0L Hurricane 4 Turbo with ESS For sale at Park Chrysler Jeep in Burnsville Minnesota.	https://vehicle-images.carscommerce.inc/a734-110005314/1C4RJKBR5V8152473/thumbnails/large/b562b4b20dc3712626eb4064a1c01283.jpg	in stock	NEW	SUV	Vehicles & Parts > Vehicles > Motor Vehicles > Cars, Trucks & Vans	1C4RJKBR5V8152473	https://www.parkjeepchrysler.com/inventory/new-2027-jeep-grand-cherokee-l-limited-reserve-4x4-sport-utility-1c4rjkbr5v8152473/123?store={store_code}	GRAY	0 miles	Grand Cherokee L	1C4RJKBR5V8152473	2027	56745 USD	PCJ100	56745 USD	MI
1C4RJKER6V8154731	2027 Jeep Summit 4x4	Jeep	https://www.parkjeepchrysler.com/inventory/new-2027-jeep-grand-cherokee-l-summit-4x4-sport-utility-1c4rjker6v8154731/	66565 USD	2027 Fathom Blue Pearlcoat Jeep Grand Cherokee L New 2027 Jeep Grand Cherokee L Summit Sport Utility 2.0L Hurricane 4 Turbo with ESS For sale at Park Chrysler Jeep in Burnsville Minnesota.	https://vehicle-images.carscommerce.inc/7282-110005314/1C4RJKER6V8154731/thumbnails/large/c59c6b4e2a95df41d0994b260902dbe1.jpg	in stock	NEW	SUV	Vehicles & Parts > Vehicles > Motor Vehicles > Cars, Trucks & Vans	1C4RJKER6V8154731	https://www.parkjeepchrysler.com/inventory/new-2027-jeep-grand-cherokee-l-summit-4x4-sport-utility-1c4rjker6v8154731/123?store={store_code}	BLUE	0 miles	Grand Cherokee L	1C4RJKER6V8154731	2027	66565 USD	PCJ100	66565 USD	MI
1C4RJHBR4V8151799	2027 Jeep Limited 4x4	Jeep	https://www.parkjeepchrysler.com/inventory/new-2027-jeep-grand-cherokee-limited-4x4-sport-utility-1c4rjhbr4v8151799/	48400 USD	2027 Sting-Gray Clearcoat Jeep Grand Cherokee New 2027 Jeep Grand Cherokee Limited Sport Utility 2.0L Hurricane 4 Turbo with ESS For sale at Park Chrysler Jeep in Burnsville Minnesota.	https://vehicle-images.carscommerce.inc/76f4-110005314/1C4RJHBR4V8151799/thumbnails/large/4a5599ec3979676ea4583dca6aa5c965.jpg	in stock	NEW	SUV	Vehicles & Parts > Vehicles > Motor Vehicles > Cars, Trucks & Vans	1C4RJHBR4V8151799	https://www.parkjeepchrysler.com/inventory/new-2027-jeep-grand-cherokee-limited-4x4-sport-utility-1c4rjhbr4v8151799/123?store={store_code}	GRAY	0 miles	Grand Cherokee	1C4RJHBR4V8151799	2027	48400 USD	PCJ100	48400 USD	MI
1C4RJHBR7V8152008	2027 Jeep Limited 4x4	Jeep	https://www.parkjeepchrysler.com/inventory/new-2027-jeep-grand-cherokee-limited-4x4-sport-utility-1c4rjhbr7v8152008/	50995 USD	2027 Sting-Gray Clearcoat Jeep Grand Cherokee New 2027 Jeep Grand Cherokee Limited Sport Utility 2.0L Hurricane 4 Turbo with ESS For sale at Park Chrysler Jeep in Burnsville Minnesota.	https://vehicle-images.carscommerce.inc/64fb-110005314/1C4RJHBR7V8152008/thumbnails/large/7805529ecb1d8767c4fcc1dc7caeec46.jpg	in stock	NEW	SUV	Vehicles & Parts > Vehicles > Motor Vehicles > Cars, Trucks & Vans	1C4RJHBR7V8152008	https://www.parkjeepchrysler.com/inventory/new-2027-jeep-grand-cherokee-limited-4x4-sport-utility-1c4rjhbr7v8152008/123?store={store_code}	GRAY	0 miles	Grand Cherokee	1C4RJHBR7V8152008	2027	50995 USD	PCJ100	50995 USD	MI
1C4RJHBRXV8150818	2027 Jeep Limited 4x4	Jeep	https://www.parkjeepchrysler.com/inventory/new-2027-jeep-grand-cherokee-limited-4x4-sport-utility-1c4rjhbrxv8150818/	51220 USD	2027 Sting-Gray Clearcoat Jeep Grand Cherokee New 2027 Jeep Grand Cherokee Limited Sport Utility 2.0L Hurricane 4 Turbo with ESS For sale at Park Chrysler Jeep in Burnsville Minnesota.	https://vehicle-images.carscommerce.inc/64fb-110005314/1C4RJHBRXV8150818/thumbnails/large/7805529ecb1d8767c4fcc1dc7caeec46.jpg	in stock	NEW	SUV	Vehicles & Parts > Vehicles > Motor Vehicles > Cars, Trucks & Vans	1C4RJHBRXV8150818	https://www.parkjeepchrysler.com/inventory/new-2027-jeep-grand-cherokee-limited-4x4-sport-utility-1c4rjhbrxv8150818/123?store={store_code}	GRAY	0 miles	Grand Cherokee	1C4RJHBRXV8150818	2027	51220 USD	PCJ100	51220 USD	MI
1C4RJHBRXV8155713	2027 Jeep Limited 4x4	Jeep	https://www.parkjeepchrysler.com/inventory/new-2027-jeep-grand-cherokee-limited-4x4-sport-utility-1c4rjhbrxv8155713/	54085 USD	2027 Copper Shino Metallic Clearcoat Jeep Grand Cherokee New 2027 Jeep Grand Cherokee Limited Sport Utility 2.0L Hurricane 4 Turbo with ESS For sale at Park Chrysler Jeep in Burnsville Minnesota.	https://vehicle-images.carscommerce.inc/b680-110005314/1C4RJHBRXV8155713/thumbnails/large/d3dcddc559b7b7cda309d63d1fb05791.jpg	in stock	NEW	SUV	Vehicles & Parts > Vehicles > Motor Vehicles > Cars, Trucks & Vans	1C4RJHBRXV8155713	https://www.parkjeepchrysler.com/inventory/new-2027-jeep-grand-cherokee-limited-4x4-sport-utility-1c4rjhbrxv8155713/123?store={store_code}	ORANGE	0 miles	Grand Cherokee	1C4RJHBRXV8155713	2027	54085 USD	PCJ100	54085 USD	MI
1C4RJHBR2V8151607	2027 Jeep Limited Reserve 4x4	Jeep	https://www.parkjeepchrysler.com/inventory/new-2027-jeep-grand-cherokee-limited-reserve-4x4-sport-utility-1c4rjhbr2v8151607/	54220 USD	2027 Sting-Gray Clearcoat Jeep Grand Cherokee New 2027 Jeep Grand Cherokee Limited Reserve Sport Utility 2.0L Hurricane 4 Turbo with ESS For sale at Park Chrysler Jeep in Burnsville Minnesota.	https://vehicle-images.carscommerce.inc/64fb-110005314/1C4RJHBR2V8151607/thumbnails/large/7805529ecb1d8767c4fcc1dc7caeec46.jpg	in stock	NEW	SUV	Vehicles & Parts > Vehicles > Motor Vehicles > Cars, Trucks & Vans	1C4RJHBR2V8151607	https://www.parkjeepchrysler.com/inventory/new-2027-jeep-grand-cherokee-limited-reserve-4x4-sport-utility-1c4rjhbr2v8151607/123?store={store_code}	GRAY	0 miles	Grand Cherokee	1C4RJHBR2V8151607	2027	54220 USD	PCJ100	54220 USD	MI
1C4RJHBR4V8153424	2027 Jeep Limited Reserve 4x4	Jeep	https://www.parkjeepchrysler.com/inventory/new-2027-jeep-grand-cherokee-limited-reserve-4x4-sport-utility-1c4rjhbr4v8153424/	54220 USD	2027 Sting-Gray Clearcoat Jeep Grand Cherokee New 2027 Jeep Grand Cherokee Limited Reserve Sport Utility 2.0L Hurricane 4 Turbo with ESS For sale at Park Chrysler Jeep in Burnsville Minnesota.	https://vehicle-images.carscommerce.inc/9296-110005314/1C4RJHBR4V8153424/thumbnails/large/06a42c4b79b1702281c44a1ae1f921f0.jpg	in stock	NEW	SUV	Vehicles & Parts > Vehicles > Motor Vehicles > Cars, Trucks & Vans	1C4RJHBR4V8153424	https://www.parkjeepchrysler.com/inventory/new-2027-jeep-grand-cherokee-limited-reserve-4x4-sport-utility-1c4rjhbr4v8153424/123?store={store_code}	GRAY	0 miles	Grand Cherokee	1C4RJHBR4V8153424	2027	54220 USD	PCJ100	54220 USD	MI
1C4RJHBR5V8161922	2027 Jeep Limited Reserve 4x4	Jeep	https://www.parkjeepchrysler.com/inventory/new-2027-jeep-grand-cherokee-limited-reserve-4x4-sport-utility-1c4rjhbr5v8161922/	57855 USD	2027 Sting-Gray Clearcoat Jeep Grand Cherokee New 2027 Jeep Grand Cherokee Limited Reserve Sport Utility 2.0L Hurricane 4 Turbo with ESS For sale at Park Chrysler Jeep in Burnsville Minnesota.	https://vehicle-images.carscommerce.inc/7237-110005314/1C4RJHBR5V8161922/thumbnails/large/680abee0e195b49384c6d5d408e65d41.jpg	in stock	NEW	SUV	Vehicles & Parts > Vehicles > Motor Vehicles > Cars, Trucks & Vans	1C4RJHBR5V8161922	https://www.parkjeepchrysler.com/inventory/new-2027-jeep-grand-cherokee-limited-reserve-4x4-sport-utility-1c4rjhbr5v8161922/123?store={store_code}	GRAY	0 miles	Grand Cherokee	1C4RJHBR5V8161922	2027	57855 USD	PCJ100	57855 USD	MI
1C4RJHBR7V8161923	2027 Jeep Limited Reserve 4x4	Jeep	https://www.parkjeepchrysler.com/inventory/new-2027-jeep-grand-cherokee-limited-reserve-4x4-sport-utility-1c4rjhbr7v8161923/	57855 USD	2027 Sting-Gray Clearcoat Jeep Grand Cherokee New 2027 Jeep Grand Cherokee Limited Reserve Sport Utility 2.0L Hurricane 4 Turbo with ESS For sale at Park Chrysler Jeep in Burnsville Minnesota.	https://vehicle-images.carscommerce.inc/994c-110005314/1C4RJHBR7V8161923/thumbnails/large/37c68d52ca1847b8442eb9d1924751d3.jpg	in stock	NEW	SUV	Vehicles & Parts > Vehicles > Motor Vehicles > Cars, Trucks & Vans	1C4RJHBR7V8161923	https://www.parkjeepchrysler.com/inventory/new-2027-jeep-grand-cherokee-limited-reserve-4x4-sport-utility-1c4rjhbr7v8161923/123?store={store_code}	GRAY	0 miles	Grand Cherokee	1C4RJHBR7V8161923	2027	57855 USD	PCJ100	57855 USD	MI
1C4RJHER5V8161513	2027 Jeep Summit 4x4	Jeep	https://www.parkjeepchrysler.com/inventory/new-2027-jeep-grand-cherokee-summit-4x4-sport-utility-1c4rjher5v8161513/	64340 USD	2027 Copper Shino Metallic Clearcoat Jeep Grand Cherokee New 2027 Jeep Grand Cherokee Summit Sport Utility 2.0L I4 PDI Turbocharged DOHC 16V LEV3-SULEV30 324hp For sale at Park Chrysler Jeep in Burnsville Minnesota.	https://vehicle-images.carscommerce.inc/6f48-110005314/1C4RJHER5V8161513/thumbnails/large/5cd8c6ca2fd2ed3a2c41e5bd3213c776.jpg	in stock	NEW	SUV	Vehicles & Parts > Vehicles > Motor Vehicles > Cars, Trucks & Vans	1C4RJHER5V8161513	https://www.parkjeepchrysler.com/inventory/new-2027-jeep-grand-cherokee-summit-4x4-sport-utility-1c4rjher5v8161513/123?store={store_code}	ORANGE	0 miles	Grand Cherokee	1C4RJHER5V8161513	2027	64340 USD	PCJ100	64340 USD	MI
1C4RJHER5V8162354	2027 Jeep Summit 4x4	Jeep	https://www.parkjeepchrysler.com/inventory/new-2027-jeep-grand-cherokee-summit-4x4-sport-utility-1c4rjher5v8162354/	63970 USD	2027 Bright White Clearcoat Jeep Grand Cherokee New 2027 Jeep Grand Cherokee Summit Sport Utility 2.0L I4 PDI Turbocharged DOHC 16V LEV3-SULEV30 324hp For sale at Park Chrysler Jeep in Burnsville Minnesota.	https://vehicle-images.carscommerce.inc/fe23-110005314/1C4RJHER5V8162354/thumbnails/large/273e00a6ab2e10df27ca99e0e0e561c0.jpg	in stock	NEW	SUV	Vehicles & Parts > Vehicles > Motor Vehicles > Cars, Trucks & Vans	1C4RJHER5V8162354	https://www.parkjeepchrysler.com/inventory/new-2027-jeep-grand-cherokee-summit-4x4-sport-utility-1c4rjher5v8162354/123?store={store_code}	WHITE	0 miles	Grand Cherokee	1C4RJHER5V8162354	2027	63970 USD	PCJ100	63970 USD	MI
1C4RJHER8V8163840	2027 Jeep Summit 4x4	Jeep	https://www.parkjeepchrysler.com/inventory/new-2027-jeep-grand-cherokee-summit-4x4-sport-utility-1c4rjher8v8163840/	65065 USD	2027 Sting-Gray Clear Coat Jeep Grand Cherokee New 2027 Jeep Grand Cherokee Summit Sport Utility 2.0L I4 PDI Turbocharged DOHC 16V LEV3-SULEV30 324hp For sale at Park Chrysler Jeep in Burnsville Minnesota.	https://vehicle-images.carscommerce.inc/64fb-110005314/1C4RJHER8V8163840/thumbnails/large/7805529ecb1d8767c4fcc1dc7caeec46.jpg	in stock	NEW	SUV	Vehicles & Parts > Vehicles > Motor Vehicles > Cars, Trucks & Vans	1C4RJHER8V8163840	https://www.parkjeepchrysler.com/inventory/new-2027-jeep-grand-cherokee-summit-4x4-sport-utility-1c4rjher8v8163840/123?store={store_code}	GRAY	0 miles	Grand Cherokee	1C4RJHER8V8163840	2027	65065 USD	PCJ100	65065 USD	MI
1C4RJXFG5VW553040	2027 Jeep Rubicon X 4 Door 4x4	Jeep	https://www.parkjeepchrysler.com/inventory/new-2027-jeep-wrangler-rubicon-x-4x4-4-door-1c4rjxfg5vw553040/	67535 USD	2027 Bright White Clearcoat Jeep Wrangler New 2027 Jeep Wrangler Rubicon X 4-door 3.6L V6 24V VVT For sale at Park Chrysler Jeep in Burnsville Minnesota.	https://vehicle-images.carscommerce.inc/345d-110005314/1C4RJXFG5VW553040/thumbnails/large/f75ffa03f024a37425a1bb03b6971712.jpg	in stock	NEW	SUV	Vehicles & Parts > Vehicles > Motor Vehicles > Cars, Trucks & Vans	1C4RJXFG5VW553040	https://www.parkjeepchrysler.com/inventory/new-2027-jeep-wrangler-rubicon-x-4x4-4-door-1c4rjxfg5vw553040/123?store={store_code}	WHITE	0 miles	Wrangler	1C4RJXFG5VW553040	2027	67535 USD	PCJ100	67535 USD	MI
1C4PJXEG8VW551985	2027 Jeep Sahara 4 Door 4x4	Jeep	https://www.parkjeepchrysler.com/inventory/new-2027-jeep-wrangler-sahara-4x4-4-door-1c4pjxeg8vw551985/	58135 USD	2027 Bright White Clearcoat Jeep Wrangler New 2027 Jeep Wrangler Sahara 4-door 3.6L V6 24V VVT For sale at Park Chrysler Jeep in Burnsville Minnesota.	https://vehicle-images.carscommerce.inc/5e62-110005314/1C4PJXEG8VW551985/thumbnails/large/27317d058f3013fd0a429e542ebe3f16.jpg	in stock	NEW	SUV	Vehicles & Parts > Vehicles > Motor Vehicles > Cars, Trucks & Vans	1C4PJXEG8VW551985	https://www.parkjeepchrysler.com/inventory/new-2027-jeep-wrangler-sahara-4x4-4-door-1c4pjxeg8vw551985/123?store={store_code}	WHITE	0 miles	Wrangler	1C4PJXEG8VW551985	2027	58135 USD	PCJ100	58135 USD	MI
1C4PJXEG9VW553311	2027 Jeep Sahara 4 Door 4x4	Jeep	https://www.parkjeepchrysler.com/inventory/new-2027-jeep-wrangler-sahara-4x4-4-door-1c4pjxeg9vw553311/	56720 USD	2027 Bright White Clearcoat Jeep Wrangler New 2027 Jeep Wrangler Sahara 4-door 3.6L V6 24V VVT For sale at Park Chrysler Jeep in Burnsville Minnesota.	https://vehicle-images.carscommerce.inc/5e62-110005314/1C4PJXEG9VW553311/thumbnails/large/27317d058f3013fd0a429e542ebe3f16.jpg	in stock	NEW	SUV	Vehicles & Parts > Vehicles > Motor Vehicles > Cars, Trucks & Vans	1C4PJXEG9VW553311	https://www.parkjeepchrysler.com/inventory/new-2027-jeep-wrangler-sahara-4x4-4-door-1c4pjxeg9vw553311/123?store={store_code}	WHITE	0 miles	Wrangler	1C4PJXEG9VW553311	2027	56720 USD	PCJ100	56720 USD	MI
1C4PJMDB1JD611003	2018 Jeep Cherokee Limited 4WD 4D Sport Utility	Jeep	https://www.parkjeepchrysler.com/inventory/used-2018-jeep-cherokee-limited-4wd-4d-sport-utility-1c4pjmdb1jd611003/	17738 USD	2018 Green Jeep Cherokee Used 2018 Jeep Cherokee Limited 4D Sport Utility 2.4L I4 MultiAir For sale at Park Chrysler Jeep in Burnsville Minnesota.	https://vehicle-images.carscommerce.inc/b0a2-110005314/1C4PJMDB1JD611003/thumbnails/large/7e3c389dca204ceadb758ec1848d762a.jpg	in stock	USED	SUV	Vehicles & Parts > Vehicles > Motor Vehicles > Cars, Trucks & Vans	1C4PJMDB1JD611003	https://www.parkjeepchrysler.com/inventory/used-2018-jeep-cherokee-limited-4wd-4d-sport-utility-1c4pjmdb1jd611003/123?store={store_code}	GREEN	66765 miles	Cherokee	1C4PJMDB1JD611003	2018	17738 USD	PCJ100	17738 USD	MI
2C3CDXCT3KH562283	2019 Dodge Charger R/T RWD 4D Sedan	Dodge	https://www.parkjeepchrysler.com/inventory/used-2019-dodge-charger-rt-rwd-4d-sedan-2c3cdxct3kh562283/	29608 USD	2019 White Dodge Charger Used 2019 Dodge Charger R/T 4D Sedan HEMI 5.7L V8 Multi Displacement VVT For sale at Park Chrysler Jeep in Burnsville Minnesota.	https://vehicle-images.carscommerce.inc/b257-110005314/2C3CDXCT3KH562283/thumbnails/large/3c6aee3e49707424c7efdc57bb9d32cc.jpg	in stock	USED	OTHER	Vehicles & Parts > Vehicles > Motor Vehicles > Cars, Trucks & Vans	2C3CDXCT3KH562283	https://www.parkjeepchrysler.com/inventory/used-2019-dodge-charger-rt-rwd-4d-sedan-2c3cdxct3kh562283/123?store={store_code}	WHITE	42783 miles	Charger	2C3CDXCT3KH562283	2019	29608 USD	PCJ100	29608 USD	MI
2C4RC1N70LR288249	2020 Chrysler Pacifica Hybrid Limited FWD 4D Passenger Van	Chrysler	https://www.parkjeepchrysler.com/inventory/used-2020-chrysler-pacifica-hybrid-limited-fwd-4d-passenger-van-2c4rc1n70lr288249/	17573 USD	2020 Red Chrysler Pacifica Used 2020 Chrysler Pacifica Hybrid Limited 4D Passenger Van 3.6L V6 For sale at Park Chrysler Jeep in Burnsville Minnesota.	https://www.parkjeepchrysler.com/wp-content/plugins/inventory/images/notfound.jpg	in stock	USED	VAN	Vehicles & Parts > Vehicles > Motor Vehicles > Cars, Trucks & Vans	2C4RC1N70LR288249	https://www.parkjeepchrysler.com/inventory/used-2020-chrysler-pacifica-hybrid-limited-fwd-4d-passenger-van-2c4rc1n70lr288249/123?store={store_code}	RED	109277 miles	Pacifica	2C4RC1N70LR288249	2020	17573 USD	PCJ100	17573 USD	MI
2C4RC1EG5LR237930	2020 Chrysler Pacifica Touring L Plus FWD 4D Passenger Van	Chrysler	https://www.parkjeepchrysler.com/inventory/used-2020-chrysler-pacifica-touring-l-plus-fwd-4d-passenger-van-2c4rc1eg5lr237930/	21988 USD	2020 Gray Chrysler Pacifica Used 2020 Chrysler Pacifica Touring L Plus 4D Passenger Van 3.6L V6 24V VVT For sale at Park Chrysler Jeep in Burnsville Minnesota.	https://vehicle-images.carscommerce.inc/173f-110005314/2C4RC1EG5LR237930/thumbnails/large/15bb425b5e8d076793eab5bb047bf5b4.jpg	in stock	USED	VAN	Vehicles & Parts > Vehicles > Motor Vehicles > Cars, Trucks & Vans	2C4RC1EG5LR237930	https://www.parkjeepchrysler.com/inventory/used-2020-chrysler-pacifica-touring-l-plus-fwd-4d-passenger-van-2c4rc1eg5lr237930/123?store={store_code}	GRAY	88326 miles	Pacifica	2C4RC1EG5LR237930	2020	21988 USD	PCJ100	21988 USD	MI
2FMPK4AP6LBA17654	2020 Ford Edge ST AWD 4D Sport Utility	Ford	https://www.parkjeepchrysler.com/inventory/used-2020-ford-edge-st-awd-4d-sport-utility-2fmpk4ap6lba17654/	21224 USD	2020 Blue Ford Edge Used 2020 Ford Edge ST 4D Sport Utility 2.7L V6 EcoBoost For sale at Park Chrysler Jeep in Burnsville Minnesota.	https://vehicle-images.carscommerce.inc/a677-110005314/2FMPK4AP6LBA17654/thumbnails/large/cd1c30e12c141d0ac486e9d23a1127a6.jpg	in stock	USED	SUV	Vehicles & Parts > Vehicles > Motor Vehicles > Cars, Trucks & Vans	2FMPK4AP6LBA17654	https://www.parkjeepchrysler.com/inventory/used-2020-ford-edge-st-awd-4d-sport-utility-2fmpk4ap6lba17654/123?store={store_code}	BLUE	83978 miles	Edge	2FMPK4AP6LBA17654	2020	21224 USD	PCJ100	21224 USD	MI
1C6JJTBG1LL197123	2020 Jeep Gladiator Rubicon 4WD 4D Crew Cab	Jeep	https://www.parkjeepchrysler.com/inventory/used-2020-jeep-gladiator-rubicon-4wd-4d-crew-cab-1c6jjtbg1ll197123/	33842 USD	2020 Gray Jeep Gladiator Used 2020 Jeep Gladiator Rubicon 4D Crew Cab 3.6L V6 24V VVT For sale at Park Chrysler Jeep in Burnsville Minnesota.	https://vehicle-images.carscommerce.inc/7f32-110005314/1C6JJTBG1LL197123/thumbnails/large/587313e4ccbaff9b3c9e062440b4c715.jpg	in stock	USED	TRUCK	Vehicles & Parts > Vehicles > Motor Vehicles > Cars, Trucks & Vans	1C6JJTBG1LL197123	https://www.parkjeepchrysler.com/inventory/used-2020-jeep-gladiator-rubicon-4wd-4d-crew-cab-1c6jjtbg1ll197123/123?store={store_code}	GRAY	53030 miles	Gladiator	1C6JJTBG1LL197123	2020	33842 USD	PCJ100	33842 USD	MI
1C4RJFBG2LC234385	2020 Jeep Grand Cherokee Limited 4WD 4D Sport Utility	Jeep	https://www.parkjeepchrysler.com/inventory/used-2020-jeep-grand-cherokee-limited-4wd-4d-sport-utility-1c4rjfbg2lc234385/	20337 USD	2020 Blue Jeep Grand Cherokee Used 2020 Jeep Grand Cherokee Limited 4D Sport Utility 3.6L V6 24V VVT For sale at Park Chrysler Jeep in Burnsville Minnesota.	https://vehicle-images.carscommerce.inc/2cb1-110005314/1C4RJFBG2LC234385/thumbnails/large/0c5403caf365dbde25c8529ab87781d0.jpg	in stock	USED	SUV	Vehicles & Parts > Vehicles > Motor Vehicles > Cars, Trucks & Vans	1C4RJFBG2LC234385	https://www.parkjeepchrysler.com/inventory/used-2020-jeep-grand-cherokee-limited-4wd-4d-sport-utility-1c4rjfbg2lc234385/123?store={store_code}	BLUE	90312 miles	Grand Cherokee	1C4RJFBG2LC234385	2020	20337 USD	PCJ100	20337 USD	MI
1C4HJXCG2LW150260	2020 Jeep Wrangler Rubicon 4WD 2D Sport Utility	Jeep	https://www.parkjeepchrysler.com/inventory/used-2020-jeep-wrangler-rubicon-4wd-2d-sport-utility-1c4hjxcg2lw150260/	31832 USD	2020 Green Jeep Wrangler Used 2020 Jeep Wrangler Rubicon 2D Sport Utility 3.6L V6 24V VVT For sale at Park Chrysler Jeep in Burnsville Minnesota.	https://www.parkjeepchrysler.com/wp-content/plugins/inventory/images/notfound.jpg	in stock	USED	SUV	Vehicles & Parts > Vehicles > Motor Vehicles > Cars, Trucks & Vans	1C4HJXCG2LW150260	https://www.parkjeepchrysler.com/inventory/used-2020-jeep-wrangler-rubicon-4wd-2d-sport-utility-1c4hjxcg2lw150260/123?store={store_code}	GREEN	35549 miles	Wrangler	1C4HJXCG2LW150260	2020	31832 USD	PCJ100	31832 USD	MI
1C4HJXFN6LW267219	2020 Jeep Wrangler Unlimited Rubicon 4WD 4D Sport Utility	Jeep	https://www.parkjeepchrysler.com/inventory/used-2020-jeep-wrangler-unlimited-rubicon-4wd-4d-sport-utility-1c4hjxfn6lw267219/	30328 USD	2020 Blue Jeep Wrangler Used 2020 Jeep Wrangler Unlimited Rubicon 4D Sport Utility 2.0L I4 DOHC For sale at Park Chrysler Jeep in Burnsville Minnesota.	https://vehicle-images.carscommerce.inc/2814-110005314/1C4HJXFN6LW267219/thumbnails/large/cc1c4ac40cf6ae9253ba10d8a7b21249.jpg	in stock	USED	SUV	Vehicles & Parts > Vehicles > Motor Vehicles > Cars, Trucks & Vans	1C4HJXFN6LW267219	https://www.parkjeepchrysler.com/inventory/used-2020-jeep-wrangler-unlimited-rubicon-4wd-4d-sport-utility-1c4hjxfn6lw267219/123?store={store_code}	BLUE	65651 miles	Wrangler	1C4HJXFN6LW267219	2020	30328 USD	PCJ100	30328 USD	MI
JM3KFBAY0L0745169	2020 Mazda CX-5 Grand Touring Reserve AWD 4D Sport Utility	Mazda	https://www.parkjeepchrysler.com/inventory/used-2020-mazda-cx-5-grand-touring-reserve-awd-4d-sport-utility-jm3kfbay0l0745169/	24834 USD	2020 Black Mazda CX-5 Used 2020 Mazda CX-5 Grand Touring Reserve 4D Sport Utility 2.5L 4-Cylinder For sale at Park Chrysler Jeep in Burnsville Minnesota.	https://www.parkjeepchrysler.com/wp-content/plugins/inventory/images/notfound.jpg	in stock	USED	SUV	Vehicles & Parts > Vehicles > Motor Vehicles > Cars, Trucks & Vans	JM3KFBAY0L0745169	https://www.parkjeepchrysler.com/inventory/used-2020-mazda-cx-5-grand-touring-reserve-awd-4d-sport-utility-jm3kfbay0l0745169/123?store={store_code}	BLACK	51483 miles	CX-5	JM3KFBAY0L0745169	2020	24834 USD	PCJ100	24834 USD	MI
1C6SRFFT8LN110439	2020 Ram 1500 Big Horn/Lone Star 4WD 4D Crew Cab	Ram	https://www.parkjeepchrysler.com/inventory/used-2020-ram-1500-big-hornlone-star-4wd-4d-crew-cab-1c6srfft8ln110439/	22668 USD	2020 Gray Ram 1500 Used 2020 Ram 1500 Big Horn/Lone Star 4D Crew Cab HEMI 5.7L V8 Multi Displacement VVT For sale at Park Chrysler Jeep in Burnsville Minnesota.	https://vehicle-images.carscommerce.inc/2e60-110005314/1C6SRFFT8LN110439/thumbnails/large/1889a93703a88d63462b6aad624df198.jpg	in stock	USED	TRUCK	Vehicles & Parts > Vehicles > Motor Vehicles > Cars, Trucks & Vans	1C6SRFFT8LN110439	https://www.parkjeepchrysler.com/inventory/used-2020-ram-1500-big-hornlone-star-4wd-4d-crew-cab-1c6srfft8ln110439/123?store={store_code}	GRAY	129574 miles	1500	1C6SRFFT8LN110439	2020	22668 USD	PCJ100	22668 USD	MI
3VV2B7AX3LM058257	2020 Volkswagen Tiguan 2.0T SE AWD 4D Sport Utility	Volkswagen	https://www.parkjeepchrysler.com/inventory/used-2020-volkswagen-tiguan-2-0t-se-awd-4d-sport-utility-3vv2b7ax3lm058257/	17288 USD	2020 Silver Volkswagen Tiguan Used 2020 Volkswagen Tiguan 2.0T SE 4D Sport Utility 2.0L TSI DOHC For sale at Park Chrysler Jeep in Burnsville Minnesota.	https://www.parkjeepchrysler.com/wp-content/plugins/inventory/images/notfound.jpg	in stock	USED	SUV	Vehicles & Parts > Vehicles > Motor Vehicles > Cars, Trucks & Vans	3VV2B7AX3LM058257	https://www.parkjeepchrysler.com/inventory/used-2020-volkswagen-tiguan-2-0t-se-awd-4d-sport-utility-3vv2b7ax3lm058257/123?store={store_code}	SILVER	95785 miles	Tiguan	3VV2B7AX3LM058257	2020	17288 USD	PCJ100	17288 USD	MI
5FNYF6H72MB047219	2021 Honda Pilot Black Edition AWD 4D Sport Utility	Honda	https://www.parkjeepchrysler.com/inventory/used-2021-honda-pilot-black-edition-awd-4d-sport-utility-5fnyf6h72mb047219/	35105 USD	2021 White Honda Pilot Used 2021 Honda Pilot Black Edition 4D Sport Utility 3.5L V6 24V SOHC i-VTEC For sale at Park Chrysler Jeep in Burnsville Minnesota.	https://vehicle-images.carscommerce.inc/30c8-110005314/5FNYF6H72MB047219/thumbnails/large/01f5e135f43563e9afcc1dec7ba4548b.jpg	in stock	USED	SUV	Vehicles & Parts > Vehicles > Motor Vehicles > Cars, Trucks & Vans	5FNYF6H72MB047219	https://www.parkjeepchrysler.com/inventory/used-2021-honda-pilot-black-edition-awd-4d-sport-utility-5fnyf6h72mb047219/123?store={store_code}	WHITE	33090 miles	Pilot	5FNYF6H72MB047219	2021	35105 USD	PCJ100	35105 USD	MI
1C4PJMMX9MD201677	2021 Jeep Cherokee Latitude Lux 4WD 4D Sport Utility	Jeep	https://www.parkjeepchrysler.com/inventory/used-2021-jeep-cherokee-latitude-lux-4wd-4d-sport-utility-1c4pjmmx9md201677/	21708 USD	2021 Black Jeep Cherokee Used 2021 Jeep Cherokee Latitude Lux 4D Sport Utility 3.2L V6 For sale at Park Chrysler Jeep in Burnsville Minnesota.	https://www.parkjeepchrysler.com/wp-content/plugins/inventory/images/notfound.jpg	in stock	USED	SUV	Vehicles & Parts > Vehicles > Motor Vehicles > Cars, Trucks & Vans	1C4PJMMX9MD201677	https://www.parkjeepchrysler.com/inventory/used-2021-jeep-cherokee-latitude-lux-4wd-4d-sport-utility-1c4pjmmx9md201677/123?store={store_code}	BLACK	58091 miles	Cherokee	1C4PJMMX9MD201677	2021	21708 USD	PCJ100	21708 USD	MI
1C4RJFBG6MC639473	2021 Jeep Grand Cherokee Limited 4WD 4D Sport Utility	Jeep	https://www.parkjeepchrysler.com/inventory/used-2021-jeep-grand-cherokee-limited-4wd-4d-sport-utility-1c4rjfbg6mc639473/	21328 USD	2021 Brown Jeep Grand Cherokee Used 2021 Jeep Grand Cherokee Limited 4D Sport Utility 3.6L V6 24V VVT For sale at Park Chrysler Jeep in Burnsville Minnesota.	https://www.parkjeepchrysler.com/wp-content/plugins/inventory/images/notfound.jpg	in stock	USED	SUV	Vehicles & Parts > Vehicles > Motor Vehicles > Cars, Trucks & Vans	1C4RJFBG6MC639473	https://www.parkjeepchrysler.com/inventory/used-2021-jeep-grand-cherokee-limited-4wd-4d-sport-utility-1c4rjfbg6mc639473/123?store={store_code}	BROWN	101694 miles	Grand Cherokee	1C4RJFBG6MC639473	2021	21328 USD	PCJ100	21328 USD	MI
1C4GJXAN2MW756639	2021 Jeep Wrangler Sport S 4WD 2D Sport Utility	Jeep	https://www.parkjeepchrysler.com/inventory/used-2021-jeep-wrangler-sport-s-4wd-2d-sport-utility-1c4gjxan2mw756639/	24784 USD	2021 Green Jeep Wrangler Used 2021 Jeep Wrangler Sport S 2D Sport Utility 2.0L I4 DOHC For sale at Park Chrysler Jeep in Burnsville Minnesota.	https://vehicle-images.carscommerce.inc/fbba-110005314/1C4GJXAN2MW756639/thumbnails/large/0161c540ee3c61c4a8fd9e74e7eed188.jpg	in stock	USED	SUV	Vehicles & Parts > Vehicles > Motor Vehicles > Cars, Trucks & Vans	1C4GJXAN2MW756639	https://www.parkjeepchrysler.com/inventory/used-2021-jeep-wrangler-sport-s-4wd-2d-sport-utility-1c4gjxan2mw756639/123?store={store_code}	GREEN	55569 miles	Wrangler	1C4GJXAN2MW756639	2021	24784 USD	PCJ100	24784 USD	MI
3MVDMBDL4MM267570	2021 Mazda CX-30 Premium AWD 4D Sport Utility	Mazda	https://www.parkjeepchrysler.com/inventory/used-2021-mazda-cx-30-premium-awd-4d-sport-utility-3mvdmbdl4mm267570/	21243 USD	2021 Blue Mazda CX-30 Used 2021 Mazda CX-30 Premium 4D Sport Utility SKYACTIV®-G 2.5L 4-Cylinder DOHC 16V For sale at Park Chrysler Jeep in Burnsville Minnesota.	https://vehicle-images.carscommerce.inc/d90e-110005314/3MVDMBDL4MM267570/thumbnails/large/3a30aee43227fe3df53298e105d81a34.jpg	in stock	USED	SUV	Vehicles & Parts > Vehicles > Motor Vehicles > Cars, Trucks & Vans	3MVDMBDL4MM267570	https://www.parkjeepchrysler.com/inventory/used-2021-mazda-cx-30-premium-awd-4d-sport-utility-3mvdmbdl4mm267570/123?store={store_code}	BLUE	57178 miles	CX-30	3MVDMBDL4MM267570	2021	21243 USD	PCJ100	21243 USD	MI
1C6RR7GG5MS501637	2021 Ram 1500 Classic Warlock 4WD 4D Quad Cab	Ram	https://www.parkjeepchrysler.com/inventory/used-2021-ram-1500-classic-warlock-4wd-4d-quad-cab-1c6rr7gg5ms501637/	24283 USD	2021 White Ram 1500 Classic Used 2021 Ram 1500 Classic Warlock 4D Quad Cab 3.6L V6 24V VVT For sale at Park Chrysler Jeep in Burnsville Minnesota.	https://vehicle-images.carscommerce.inc/7f78-110005314/1C6RR7GG5MS501637/thumbnails/large/b716c95cb794a5b6d83a526b6d66ae13.jpg	in stock	USED	TRUCK	Vehicles & Parts > Vehicles > Motor Vehicles > Cars, Trucks & Vans	1C6RR7GG5MS501637	https://www.parkjeepchrysler.com/inventory/used-2021-ram-1500-classic-warlock-4wd-4d-quad-cab-1c6rr7gg5ms501637/123?store={store_code}	WHITE	83730 miles	1500 Classic	1C6RR7GG5MS501637	2021	24283 USD	PCJ100	24283 USD	MI
2GC4YREY9N1240415	2022 Chevrolet Silverado 2500HD High Country 4WD 4D Crew Cab	Chevrolet	https://www.parkjeepchrysler.com/inventory/used-2022-chevrolet-silverado-2500hd-high-country-4wd-4d-crew-cab-2gc4yrey9n1240415/	55343 USD	2022 Black Chevrolet Silverado 2500HD Used 2022 Chevrolet Silverado 2500HD High Country 4D Crew Cab Duramax 6.6L V8 Turbodiesel For sale at Park Chrysler Jeep in Burnsville Minnesota.	https://vehicle-images.carscommerce.inc/b557-110005314/2GC4YREY9N1240415/thumbnails/large/bf2bbfc84501e6c9c4c05c925859e818.jpg	in stock	USED	TRUCK	Vehicles & Parts > Vehicles > Motor Vehicles > Cars, Trucks & Vans	2GC4YREY9N1240415	https://www.parkjeepchrysler.com/inventory/used-2022-chevrolet-silverado-2500hd-high-country-4wd-4d-crew-cab-2gc4yrey9n1240415/123?store={store_code}	BLACK	45454 miles	Silverado 2500HD	2GC4YREY9N1240415	2022	55343 USD	PCJ100	55343 USD	MI
1C4SDJCT7NC229807	2022 Dodge Durango R/T AWD 4D Sport Utility	Dodge	https://www.parkjeepchrysler.com/inventory/used-2022-dodge-durango-rt-awd-4d-sport-utility-1c4sdjct7nc229807/	38912 USD	2022 Gray Dodge Durango Used 2022 Dodge Durango R/T 4D Sport Utility HEMI 5.7L V8 Multi Displacement VVT For sale at Park Chrysler Jeep in Burnsville Minnesota.	https://www.parkjeepchrysler.com/wp-content/plugins/inventory/images/notfound.jpg	in stock	USED	SUV	Vehicles & Parts > Vehicles > Motor Vehicles > Cars, Trucks & Vans	1C4SDJCT7NC229807	https://www.parkjeepchrysler.com/inventory/used-2022-dodge-durango-rt-awd-4d-sport-utility-1c4sdjct7nc229807/123?store={store_code}	GRAY	33771 miles	Durango	1C4SDJCT7NC229807	2022	38912 USD	PCJ100	38912 USD	MI
1FTFW1E80NKE99889	2022 Ford F-150 XLT 4WD 4D SuperCrew	Ford	https://www.parkjeepchrysler.com/inventory/used-2022-ford-f-150-xlt-4wd-4d-supercrew-1ftfw1e80nke99889/	35343 USD	2022 Black Ford F-150 Used 2022 Ford F-150 XLT 4D SuperCrew 3.5L V6 EcoBoost For sale at Park Chrysler Jeep in Burnsville Minnesota.	https://vehicle-images.carscommerce.inc/f40e-110005314/1FTFW1E80NKE99889/thumbnails/large/3b2ba49b6b5020754f6c4910aeae81ca.jpg	in stock	USED	TRUCK	Vehicles & Parts > Vehicles > Motor Vehicles > Cars, Trucks & Vans	1FTFW1E80NKE99889	https://www.parkjeepchrysler.com/inventory/used-2022-ford-f-150-xlt-4wd-4d-supercrew-1ftfw1e80nke99889/123?store={store_code}	BLACK	57889 miles	F-150	1FTFW1E80NKE99889	2022	35343 USD	PCJ100	35343 USD	MI
1C4PJMBX8ND508083	2022 Jeep Cherokee Trailhawk 4WD 4D Sport Utility	Jeep	https://www.parkjeepchrysler.com/inventory/used-2022-jeep-cherokee-trailhawk-4wd-4d-sport-utility-1c4pjmbx8nd508083/	25356 USD	2022 White Jeep Cherokee Used 2022 Jeep Cherokee Trailhawk 4D Sport Utility 3.2L V6 For sale at Park Chrysler Jeep in Burnsville Minnesota.	https://vehicle-images.carscommerce.inc/c72d-110005314/1C4PJMBX8ND508083/thumbnails/large/da9b87b9f043a8910f6a7548b5815b50.jpg	in stock	USED	SUV	Vehicles & Parts > Vehicles > Motor Vehicles > Cars, Trucks & Vans	1C4PJMBX8ND508083	https://www.parkjeepchrysler.com/inventory/used-2022-jeep-cherokee-trailhawk-4wd-4d-sport-utility-1c4pjmbx8nd508083/123?store={store_code}	WHITE	26404 miles	Cherokee	1C4PJMBX8ND508083	2022	25356 USD	PCJ100	25356 USD	MI
1C4RJKAG5N8550167	2022 Jeep Grand Cherokee L Altitude 4WD 4D Sport Utility	Jeep	https://www.parkjeepchrysler.com/inventory/used-2022-jeep-grand-cherokee-l-altitude-4wd-4d-sport-utility-1c4rjkag5n8550167/	28972 USD	2022 Gray Jeep Grand Cherokee L Used 2022 Jeep Grand Cherokee L Altitude 4D Sport Utility 3.6L V6 24V VVT For sale at Park Chrysler Jeep in Burnsville Minnesota.	https://vehicle-images.carscommerce.inc/1d03-110005314/1C4RJKAG5N8550167/thumbnails/large/7c3a3d3a9d73176d5507436bdcf5a9c3.jpg	in stock	USED	SUV	Vehicles & Parts > Vehicles > Motor Vehicles > Cars, Trucks & Vans	1C4RJKAG5N8550167	https://www.parkjeepchrysler.com/inventory/used-2022-jeep-grand-cherokee-l-altitude-4wd-4d-sport-utility-1c4rjkag5n8550167/123?store={store_code}	GRAY	49170 miles	Grand Cherokee L	1C4RJKAG5N8550167	2022	28972 USD	PCJ100	28972 USD	MI
1C4HJXFG0NW109107	2022 Jeep Wrangler Unlimited Rubicon 4WD 4D Sport Utility	Jeep	https://www.parkjeepchrysler.com/inventory/used-2022-jeep-wrangler-unlimited-rubicon-4wd-4d-sport-utility-1c4hjxfg0nw109107/	36834 USD	2022 Red Jeep Wrangler Used 2022 Jeep Wrangler Unlimited Rubicon 4D Sport Utility 3.6L V6 24V VVT For sale at Park Chrysler Jeep in Burnsville Minnesota.	https://vehicle-images.carscommerce.inc/66b1-110005314/1C4HJXFG0NW109107/thumbnails/large/37f9f0987fddeaf14049a0c9f1c1e427.jpg	in stock	USED	SUV	Vehicles & Parts > Vehicles > Motor Vehicles > Cars, Trucks & Vans	1C4HJXFG0NW109107	https://www.parkjeepchrysler.com/inventory/used-2022-jeep-wrangler-unlimited-rubicon-4wd-4d-sport-utility-1c4hjxfg0nw109107/123?store={store_code}	RED	32024 miles	Wrangler	1C4HJXFG0NW109107	2022	36834 USD	PCJ100	36834 USD	MI
1C4HJXFN5NW234778	2022 Jeep Wrangler Unlimited Rubicon 4WD 4D Sport Utility	Jeep	https://www.parkjeepchrysler.com/inventory/used-2022-jeep-wrangler-unlimited-rubicon-4wd-4d-sport-utility-1c4hjxfn5nw234778/	37218 USD	2022 Gray Jeep Wrangler Used 2022 Jeep Wrangler Unlimited Rubicon 4D Sport Utility 2.0L I4 DOHC For sale at Park Chrysler Jeep in Burnsville Minnesota.	https://www.parkjeepchrysler.com/wp-content/plugins/inventory/images/notfound.jpg	in stock	USED	SUV	Vehicles & Parts > Vehicles > Motor Vehicles > Cars, Trucks & Vans	1C4HJXFN5NW234778	https://www.parkjeepchrysler.com/inventory/used-2022-jeep-wrangler-unlimited-rubicon-4wd-4d-sport-utility-1c4hjxfn5nw234778/123?store={store_code}	GRAY	28981 miles	Wrangler	1C4HJXFN5NW234778	2022	37218 USD	PCJ100	37218 USD	MI
1C4HJXDN7NW278283	2022 Jeep Wrangler Unlimited Willys 4WD 4D Sport Utility	Jeep	https://www.parkjeepchrysler.com/inventory/used-2022-jeep-wrangler-unlimited-willys-4wd-4d-sport-utility-1c4hjxdn7nw278283/	29819 USD	2022 Blue Jeep Wrangler Used 2022 Jeep Wrangler Unlimited Willys 4D Sport Utility 2.0L I4 DOHC For sale at Park Chrysler Jeep in Burnsville Minnesota.	https://www.parkjeepchrysler.com/wp-content/plugins/inventory/images/notfound.jpg	in stock	USED	SUV	Vehicles & Parts > Vehicles > Motor Vehicles > Cars, Trucks & Vans	1C4HJXDN7NW278283	https://www.parkjeepchrysler.com/inventory/used-2022-jeep-wrangler-unlimited-willys-4wd-4d-sport-utility-1c4hjxdn7nw278283/123?store={store_code}	BLUE	34115 miles	Wrangler	1C4HJXDN7NW278283	2022	29819 USD	PCJ100	29819 USD	MI
3VV4B7AX9NM044455	2022 Volkswagen Tiguan 2.0T SEL R-Line AWD 4D Sport Utility	Volkswagen	https://www.parkjeepchrysler.com/inventory/used-2022-volkswagen-tiguan-2-0t-sel-r-line-awd-4d-sport-utility-3vv4b7ax9nm044455/	25845 USD	2022 Gray Volkswagen Tiguan Used 2022 Volkswagen Tiguan 2.0T SEL R-Line 4D Sport Utility 2.0L TSI DOHC For sale at Park Chrysler Jeep in Burnsville Minnesota.	https://vehicle-images.carscommerce.inc/465c-110005314/3VV4B7AX9NM044455/thumbnails/large/1b7975d963569369c23f626636f562c4.jpg	in stock	USED	SUV	Vehicles & Parts > Vehicles > Motor Vehicles > Cars, Trucks & Vans	3VV4B7AX9NM044455	https://www.parkjeepchrysler.com/inventory/used-2022-volkswagen-tiguan-2-0t-sel-r-line-awd-4d-sport-utility-3vv4b7ax9nm044455/123?store={store_code}	GRAY	45216 miles	Tiguan	3VV4B7AX9NM044455	2022	25845 USD	PCJ100	25845 USD	MI
5J8YE1H05PL000763	2023 Acura MDX A-Spec AWD 4D Sport Utility	Acura	https://www.parkjeepchrysler.com/inventory/used-2023-acura-mdx-a-spec-awd-4d-sport-utility-5j8ye1h05pl000763/	43648 USD	2023 White Acura MDX Used 2023 Acura MDX A-Spec 4D Sport Utility 3.5L V6 SOHC i-VTEC 24V For sale at Park Chrysler Jeep in Burnsville Minnesota.	https://vehicle-images.carscommerce.inc/1d42-110005314/5J8YE1H05PL000763/thumbnails/large/b3bf0acc209bb30a72be50fdaf5b2a0f.jpg	in stock	USED	SUV	Vehicles & Parts > Vehicles > Motor Vehicles > Cars, Trucks & Vans	5J8YE1H05PL000763	https://www.parkjeepchrysler.com/inventory/used-2023-acura-mdx-a-spec-awd-4d-sport-utility-5j8ye1h05pl000763/123?store={store_code}	WHITE	33710 miles	MDX	5J8YE1H05PL000763	2023	43648 USD	PCJ100	43648 USD	MI
5UX53DP08P9N79530	2023 BMW X3 xDrive30i AWD 4D Sport Utility	BMW	https://www.parkjeepchrysler.com/inventory/used-2023-bmw-x3-xdrive30i-awd-4d-sport-utility-5ux53dp08p9n79530/	31911 USD	2023 Gray BMW X3 Used 2023 BMW X3 xDrive30i 4D Sport Utility 2.0L I4 TwinPower Turbo For sale at Park Chrysler Jeep in Burnsville Minnesota.	https://vehicle-images.carscommerce.inc/8d30-110005314/5UX53DP08P9N79530/thumbnails/large/cf41b3041392ae58c1b58d991db03990.jpg	in stock	USED	SUV	Vehicles & Parts > Vehicles > Motor Vehicles > Cars, Trucks & Vans	5UX53DP08P9N79530	https://www.parkjeepchrysler.com/inventory/used-2023-bmw-x3-xdrive30i-awd-4d-sport-utility-5ux53dp08p9n79530/123?store={store_code}	GRAY	57467 miles	X3	5UX53DP08P9N79530	2023	31911 USD	PCJ100	31911 USD	MI
2C3CDZC94PH502407	2023 Dodge Challenger SRT Hellcat Jailbreak RWD 2D Coupe	Dodge	https://www.parkjeepchrysler.com/inventory/used-2023-dodge-challenger-srt-hellcat-jailbreak-rwd-2d-coupe-2c3cdzc94ph502407/	59138 USD	2023 Black Dodge Challenger Used 2023 Dodge Challenger SRT Hellcat Jailbreak 2D Coupe 6.2L V8 Supercharged For sale at Park Chrysler Jeep in Burnsville Minnesota.	https://vehicle-images.carscommerce.inc/94c3-110005314/2C3CDZC94PH502407/thumbnails/large/0b8890990cab71eff169569fa170a95d.jpg	in stock	USED	OTHER	Vehicles & Parts > Vehicles > Motor Vehicles > Cars, Trucks & Vans	2C3CDZC94PH502407	https://www.parkjeepchrysler.com/inventory/used-2023-dodge-challenger-srt-hellcat-jailbreak-rwd-2d-coupe-2c3cdzc94ph502407/123?store={store_code}	BLACK	26871 miles	Challenger	2C3CDZC94PH502407	2023	59138 USD	PCJ100	59138 USD	MI
1C4PJMMB3PD106721	2023 Jeep Cherokee Altitude 4WD 4D Sport Utility	Jeep	https://www.parkjeepchrysler.com/inventory/used-2023-jeep-cherokee-altitude-4wd-4d-sport-utility-1c4pjmmb3pd106721/	25343 USD	2023 White Jeep Cherokee Used 2023 Jeep Cherokee Altitude 4D Sport Utility 2.4L I4 For sale at Park Chrysler Jeep in Burnsville Minnesota.	https://vehicle-images.carscommerce.inc/6454-110005314/1C4PJMMB3PD106721/thumbnails/large/000fa92411f8c0bd76e1ecad1ef55248.jpg	in stock	USED	SUV	Vehicles & Parts > Vehicles > Motor Vehicles > Cars, Trucks & Vans	1C4PJMMB3PD106721	https://www.parkjeepchrysler.com/inventory/used-2023-jeep-cherokee-altitude-4wd-4d-sport-utility-1c4pjmmb3pd106721/123?store={store_code}	WHITE	30552 miles	Cherokee	1C4PJMMB3PD106721	2023	25343 USD	PCJ100	25343 USD	MI
1C4PJMBN0PD116412	2023 Jeep Cherokee Trailhawk 4WD 4D Sport Utility	Jeep	https://www.parkjeepchrysler.com/inventory/used-2023-jeep-cherokee-trailhawk-4wd-4d-sport-utility-1c4pjmbn0pd116412/	29714 USD	2023 Black Jeep Cherokee Used 2023 Jeep Cherokee Trailhawk 4D Sport Utility 2.0L I4 DOHC For sale at Park Chrysler Jeep in Burnsville Minnesota.	https://vehicle-images.carscommerce.inc/d736-110005314/1C4PJMBN0PD116412/thumbnails/large/c8373133b0805b98f7086e199540a9ad.jpg	in stock	USED	SUV	Vehicles & Parts > Vehicles > Motor Vehicles > Cars, Trucks & Vans	1C4PJMBN0PD116412	https://www.parkjeepchrysler.com/inventory/used-2023-jeep-cherokee-trailhawk-4wd-4d-sport-utility-1c4pjmbn0pd116412/123?store={store_code}	BLACK	30683 miles	Cherokee	1C4PJMBN0PD116412	2023	29714 USD	PCJ100	29714 USD	MI
3C4NJDCN2PT536012	2023 Jeep Compass Limited 4WD 4D Sport Utility	Jeep	https://www.parkjeepchrysler.com/inventory/used-2023-jeep-compass-limited-4wd-4d-sport-utility-3c4njdcn2pt536012/	24574 USD	2023 White Jeep Compass Used 2023 Jeep Compass Limited 4D Sport Utility 2.0L I4 DOHC For sale at Park Chrysler Jeep in Burnsville Minnesota.	https://www.parkjeepchrysler.com/wp-content/plugins/inventory/images/notfound.jpg	in stock	USED	SUV	Vehicles & Parts > Vehicles > Motor Vehicles > Cars, Trucks & Vans	3C4NJDCN2PT536012	https://www.parkjeepchrysler.com/inventory/used-2023-jeep-compass-limited-4wd-4d-sport-utility-3c4njdcn2pt536012/123?store={store_code}	WHITE	25342 miles	Compass	3C4NJDCN2PT536012	2023	24574 USD	PCJ100	24574 USD	MI
1C4RJYB63P8785209	2023 Jeep Grand Cherokee 4xe 4WD 4D Sport Utility	Jeep	https://www.parkjeepchrysler.com/inventory/used-2023-jeep-grand-cherokee-4xe-4wd-4d-sport-utility-1c4rjyb63p8785209/	28343 USD	2023 Silver Jeep Grand Cherokee Used 2023 Jeep Grand Cherokee 4xe 4D Sport Utility 2.0L I4 DOHC For sale at Park Chrysler Jeep in Burnsville Minnesota.	https://vehicle-images.carscommerce.inc/6111-110005314/1C4RJYB63P8785209/thumbnails/large/ee8601354a33fd54c92f29d8551e6a09.jpg	in stock	USED	SUV	Vehicles & Parts > Vehicles > Motor Vehicles > Cars, Trucks & Vans	1C4RJYB63P8785209	https://www.parkjeepchrysler.com/inventory/used-2023-jeep-grand-cherokee-4xe-4wd-4d-sport-utility-1c4rjyb63p8785209/123?store={store_code}	SILVER	22143 miles	Grand Cherokee	1C4RJYB63P8785209	2023	28343 USD	PCJ100	28343 USD	MI
1C4RJKBG6P8840726	2023 Jeep Grand Cherokee L Limited 4WD 4D Sport Utility	Jeep	https://www.parkjeepchrysler.com/inventory/used-2023-jeep-grand-cherokee-l-limited-4wd-4d-sport-utility-1c4rjkbg6p8840726/	33343 USD	2023 Silver Jeep Grand Cherokee L Used 2023 Jeep Grand Cherokee L Limited 4D Sport Utility 3.6L V6 24V VVT For sale at Park Chrysler Jeep in Burnsville Minnesota.	https://vehicle-images.carscommerce.inc/cd74-110005314/1C4RJKBG6P8840726/thumbnails/large/c3f935939a2946c4f689cd1844b3d6cf.jpg	in stock	USED	SUV	Vehicles & Parts > Vehicles > Motor Vehicles > Cars, Trucks & Vans	1C4RJKBG6P8840726	https://www.parkjeepchrysler.com/inventory/used-2023-jeep-grand-cherokee-l-limited-4wd-4d-sport-utility-1c4rjkbg6p8840726/123?store={store_code}	SILVER	36895 miles	Grand Cherokee L	1C4RJKBG6P8840726	2023	33343 USD	PCJ100	33343 USD	MI
1C4RJKBGXP8801461	2023 Jeep Grand Cherokee L Limited 4WD 4D Sport Utility	Jeep	https://www.parkjeepchrysler.com/inventory/used-2023-jeep-grand-cherokee-l-limited-4wd-4d-sport-utility-1c4rjkbgxp8801461/	32493 USD	2023 White Jeep Grand Cherokee L Used 2023 Jeep Grand Cherokee L Limited 4D Sport Utility 3.6L V6 24V VVT For sale at Park Chrysler Jeep in Burnsville Minnesota.	https://vehicle-images.carscommerce.inc/49d1-110005314/1C4RJKBGXP8801461/thumbnails/large/165988e4a58c1db7bb89bf0de7169f63.jpg	in stock	USED	SUV	Vehicles & Parts > Vehicles > Motor Vehicles > Cars, Trucks & Vans	1C4RJKBGXP8801461	https://www.parkjeepchrysler.com/inventory/used-2023-jeep-grand-cherokee-l-limited-4wd-4d-sport-utility-1c4rjkbgxp8801461/123?store={store_code}	WHITE	32172 miles	Grand Cherokee L	1C4RJKBGXP8801461	2023	32493 USD	PCJ100	32493 USD	MI
1C4RJKDG7P8753396	2023 Jeep Grand Cherokee L Overland 4WD 4D Sport Utility	Jeep	https://www.parkjeepchrysler.com/inventory/used-2023-jeep-grand-cherokee-l-overland-4wd-4d-sport-utility-1c4rjkdg7p8753396/	36095 USD	2023 Black Jeep Grand Cherokee L Used 2023 Jeep Grand Cherokee L Overland 4D Sport Utility 3.6L V6 24V VVT For sale at Park Chrysler Jeep in Burnsville Minnesota.	https://vehicle-images.carscommerce.inc/a505-110005314/1C4RJKDG7P8753396/thumbnails/large/2b473aaa3a50ee20ed57cbea1b3ba431.jpg	in stock	USED	SUV	Vehicles & Parts > Vehicles > Motor Vehicles > Cars, Trucks & Vans	1C4RJKDG7P8753396	https://www.parkjeepchrysler.com/inventory/used-2023-jeep-grand-cherokee-l-overland-4wd-4d-sport-utility-1c4rjkdg7p8753396/123?store={store_code}	BLACK	35659 miles	Grand Cherokee L	1C4RJKDG7P8753396	2023	36095 USD	PCJ100	36095 USD	MI
1C4RJKETXP8763383	2023 Jeep Grand Cherokee L Summit 4WD 4D Sport Utility	Jeep	https://www.parkjeepchrysler.com/inventory/used-2023-jeep-grand-cherokee-l-summit-4wd-4d-sport-utility-1c4rjketxp8763383/	46347 USD	2023 Black Jeep Grand Cherokee L Used 2023 Jeep Grand Cherokee L Summit 4D Sport Utility HEMI 5.7L V8 Multi Displacement VVT For sale at Park Chrysler Jeep in Burnsville Minnesota.	https://www.parkjeepchrysler.com/wp-content/plugins/inventory/images/notfound.jpg	in stock	USED	SUV	Vehicles & Parts > Vehicles > Motor Vehicles > Cars, Trucks & Vans	1C4RJKETXP8763383	https://www.parkjeepchrysler.com/inventory/used-2023-jeep-grand-cherokee-l-summit-4wd-4d-sport-utility-1c4rjketxp8763383/123?store={store_code}	BLACK	28145 miles	Grand Cherokee L	1C4RJKETXP8763383	2023	46347 USD	PCJ100	46347 USD	MI
1C4RJHBG3P8910475	2023 Jeep Grand Cherokee Limited 4WD 4D Sport Utility	Jeep	https://www.parkjeepchrysler.com/inventory/used-2023-jeep-grand-cherokee-limited-4wd-4d-sport-utility-1c4rjhbg3p8910475/	32983 USD	2023 Black Jeep Grand Cherokee Used 2023 Jeep Grand Cherokee Limited 4D Sport Utility 3.6L V6 24V VVT For sale at Park Chrysler Jeep in Burnsville Minnesota.	https://vehicle-images.carscommerce.inc/772e-110005314/1C4RJHBG3P8910475/thumbnails/large/c207086e53c04b2aef10b9c3773f5a87.jpg	in stock	USED	SUV	Vehicles & Parts > Vehicles > Motor Vehicles > Cars, Trucks & Vans	1C4RJHBG3P8910475	https://www.parkjeepchrysler.com/inventory/used-2023-jeep-grand-cherokee-limited-4wd-4d-sport-utility-1c4rjhbg3p8910475/123?store={store_code}	BLACK	22637 miles	Grand Cherokee	1C4RJHBG3P8910475	2023	32983 USD	PCJ100	32983 USD	MI
1C4RJHBG3PC500613	2023 Jeep Grand Cherokee Limited 4WD 4D Sport Utility	Jeep	https://www.parkjeepchrysler.com/inventory/used-2023-jeep-grand-cherokee-limited-4wd-4d-sport-utility-1c4rjhbg3pc500613/	32343 USD	2023 Black Jeep Grand Cherokee Used 2023 Jeep Grand Cherokee Limited 4D Sport Utility 3.6L V6 24V VVT For sale at Park Chrysler Jeep in Burnsville Minnesota.	https://vehicle-images.carscommerce.inc/1e93-110005314/1C4RJHBG3PC500613/thumbnails/large/ca37505f0fcd590e302efa4038c23233.jpg	in stock	USED	SUV	Vehicles & Parts > Vehicles > Motor Vehicles > Cars, Trucks & Vans	1C4RJHBG3PC500613	https://www.parkjeepchrysler.com/inventory/used-2023-jeep-grand-cherokee-limited-4wd-4d-sport-utility-1c4rjhbg3pc500613/123?store={store_code}	BLACK	30107 miles	Grand Cherokee	1C4RJHBG3PC500613	2023	32343 USD	PCJ100	32343 USD	MI
1C4RJHBG3PC601246	2023 Jeep Grand Cherokee Limited 4WD 4D Sport Utility	Jeep	https://www.parkjeepchrysler.com/inventory/used-2023-jeep-grand-cherokee-limited-4wd-4d-sport-utility-1c4rjhbg3pc601246/	33304 USD	2023 White Jeep Grand Cherokee Used 2023 Jeep Grand Cherokee Limited 4D Sport Utility 3.6L V6 24V VVT For sale at Park Chrysler Jeep in Burnsville Minnesota.	https://www.parkjeepchrysler.com/wp-content/plugins/inventory/images/notfound.jpg	in stock	USED	SUV	Vehicles & Parts > Vehicles > Motor Vehicles > Cars, Trucks & Vans	1C4RJHBG3PC601246	https://www.parkjeepchrysler.com/inventory/used-2023-jeep-grand-cherokee-limited-4wd-4d-sport-utility-1c4rjhbg3pc601246/123?store={store_code}	WHITE	23652 miles	Grand Cherokee	1C4RJHBG3PC601246	2023	33304 USD	PCJ100	33304 USD	MI
1C4RJHBG7PC586895	2023 Jeep Grand Cherokee Limited 4WD 4D Sport Utility	Jeep	https://www.parkjeepchrysler.com/inventory/used-2023-jeep-grand-cherokee-limited-4wd-4d-sport-utility-1c4rjhbg7pc586895/	29679 USD	2023 Black Jeep Grand Cherokee Used 2023 Jeep Grand Cherokee Limited 4D Sport Utility 3.6L V6 24V VVT For sale at Park Chrysler Jeep in Burnsville Minnesota.	https://vehicle-images.carscommerce.inc/ee90-110005314/1C4RJHBG7PC586895/thumbnails/large/045d73240924f2200c411ec3853afa1e.jpg	in stock	USED	SUV	Vehicles & Parts > Vehicles > Motor Vehicles > Cars, Trucks & Vans	1C4RJHBG7PC586895	https://www.parkjeepchrysler.com/inventory/used-2023-jeep-grand-cherokee-limited-4wd-4d-sport-utility-1c4rjhbg7pc586895/123?store={store_code}	BLACK	38926 miles	Grand Cherokee	1C4RJHBG7PC586895	2023	29679 USD	PCJ100	29679 USD	MI
1C4RJHDG0PC508729	2023 Jeep Grand Cherokee Overland 4WD 4D Sport Utility	Jeep	https://www.parkjeepchrysler.com/inventory/used-2023-jeep-grand-cherokee-overland-4wd-4d-sport-utility-1c4rjhdg0pc508729/	35344 USD	2023 Black Jeep Grand Cherokee Used 2023 Jeep Grand Cherokee Overland 4D Sport Utility 3.6L V6 24V VVT For sale at Park Chrysler Jeep in Burnsville Minnesota.	https://www.parkjeepchrysler.com/wp-content/plugins/inventory/images/notfound.jpg	in stock	USED	SUV	Vehicles & Parts > Vehicles > Motor Vehicles > Cars, Trucks & Vans	1C4RJHDG0PC508729	https://www.parkjeepchrysler.com/inventory/used-2023-jeep-grand-cherokee-overland-4wd-4d-sport-utility-1c4rjhdg0pc508729/123?store={store_code}	BLACK	36631 miles	Grand Cherokee	1C4RJHDG0PC508729	2023	35344 USD	PCJ100	35344 USD	MI
1C4RJHDGXPC666768	2023 Jeep Grand Cherokee Overland 4WD 4D Sport Utility	Jeep	https://www.parkjeepchrysler.com/inventory/used-2023-jeep-grand-cherokee-overland-4wd-4d-sport-utility-1c4rjhdgxpc666768/	37844 USD	2023 Gray Jeep Grand Cherokee Used 2023 Jeep Grand Cherokee Overland 4D Sport Utility 3.6L V6 24V VVT For sale at Park Chrysler Jeep in Burnsville Minnesota.	https://vehicle-images.carscommerce.inc/9d91-110005314/1C4RJHDGXPC666768/thumbnails/large/bb1250a2b383d48d73d33625424af3da.jpg	in stock	USED	SUV	Vehicles & Parts > Vehicles > Motor Vehicles > Cars, Trucks & Vans	1C4RJHDGXPC666768	https://www.parkjeepchrysler.com/inventory/used-2023-jeep-grand-cherokee-overland-4wd-4d-sport-utility-1c4rjhdgxpc666768/123?store={store_code}	GRAY	17063 miles	Grand Cherokee	1C4RJHDGXPC666768	2023	37844 USD	PCJ100	37844 USD	MI
1C4RJHEG0P8769344	2023 Jeep Grand Cherokee Summit 4WD 4D Sport Utility	Jeep	https://www.parkjeepchrysler.com/inventory/used-2023-jeep-grand-cherokee-summit-4wd-4d-sport-utility-1c4rjheg0p8769344/	32895 USD	2023 White Jeep Grand Cherokee Used 2023 Jeep Grand Cherokee Summit 4D Sport Utility 3.6L V6 24V VVT For sale at Park Chrysler Jeep in Burnsville Minnesota.	https://vehicle-images.carscommerce.inc/9ece-110005314/1C4RJHEG0P8769344/thumbnails/large/b50c310287f75794ccef2f1acb32f428.jpg	in stock	USED	SUV	Vehicles & Parts > Vehicles > Motor Vehicles > Cars, Trucks & Vans	1C4RJHEG0P8769344	https://www.parkjeepchrysler.com/inventory/used-2023-jeep-grand-cherokee-summit-4wd-4d-sport-utility-1c4rjheg0p8769344/123?store={store_code}	WHITE	91183 miles	Grand Cherokee	1C4RJHEG0P8769344	2023	32895 USD	PCJ100	32895 USD	MI
1C4RJYE66P8798001	2023 Jeep Grand Cherokee Summit Reserve 4xe 4WD 4D Sport Utility	Jeep	https://www.parkjeepchrysler.com/inventory/used-2023-jeep-grand-cherokee-summit-reserve-4xe-4wd-4d-sport-utility-1c4rjye66p8798001/	38318 USD	2023 White Jeep Grand Cherokee Used 2023 Jeep Grand Cherokee Summit Reserve 4xe 4D Sport Utility 2.0L I4 DOHC For sale at Park Chrysler Jeep in Burnsville Minnesota.	https://vehicle-images.carscommerce.inc/3d23-110005314/1C4RJYE66P8798001/thumbnails/large/64dcf89ac018d19e291726e4dabaadd7.jpg	in stock	USED	SUV	Vehicles & Parts > Vehicles > Motor Vehicles > Cars, Trucks & Vans	1C4RJYE66P8798001	https://www.parkjeepchrysler.com/inventory/used-2023-jeep-grand-cherokee-summit-reserve-4xe-4wd-4d-sport-utility-1c4rjye66p8798001/123?store={store_code}	WHITE	19825 miles	Grand Cherokee	1C4RJYE66P8798001	2023	38318 USD	PCJ100	38318 USD	MI
1C4HJXFG1PW600725	2023 Jeep Wrangler Rubicon 4WD 4D Sport Utility	Jeep	https://www.parkjeepchrysler.com/inventory/used-2023-jeep-wrangler-rubicon-4wd-4d-sport-utility-1c4hjxfg1pw600725/	39348 USD	2023 Yellow Jeep Wrangler Used 2023 Jeep Wrangler Rubicon 4D Sport Utility 3.6L V6 24V VVT For sale at Park Chrysler Jeep in Burnsville Minnesota.	https://www.parkjeepchrysler.com/wp-content/plugins/inventory/images/notfound.jpg	in stock	USED	SUV	Vehicles & Parts > Vehicles > Motor Vehicles > Cars, Trucks & Vans	1C4HJXFG1PW600725	https://www.parkjeepchrysler.com/inventory/used-2023-jeep-wrangler-rubicon-4wd-4d-sport-utility-1c4hjxfg1pw600725/123?store={store_code}	YELLOW	30749 miles	Wrangler	1C4HJXFG1PW600725	2023	39348 USD	PCJ100	39348 USD	MI
1C4JJXR63PW521867	2023 Jeep Wrangler Rubicon 4xe 4WD 4D Sport Utility	Jeep	https://www.parkjeepchrysler.com/inventory/used-2023-jeep-wrangler-rubicon-4xe-4wd-4d-sport-utility-1c4jjxr63pw521867/	33127 USD	2023 Gray Jeep Wrangler Used 2023 Jeep Wrangler Rubicon 4xe 4D Sport Utility 2.0L I4 DOHC For sale at Park Chrysler Jeep in Burnsville Minnesota.	https://vehicle-images.carscommerce.inc/9dd1-110005314/1C4JJXR63PW521867/thumbnails/large/7e2c04d51a5db50696592b4d7fcdfac5.jpg	in stock	USED	SUV	Vehicles & Parts > Vehicles > Motor Vehicles > Cars, Trucks & Vans	1C4JJXR63PW521867	https://www.parkjeepchrysler.com/inventory/used-2023-jeep-wrangler-rubicon-4xe-4wd-4d-sport-utility-1c4jjxr63pw521867/123?store={store_code}	GRAY	19589 miles	Wrangler	1C4JJXR63PW521867	2023	33127 USD	PCJ100	33127 USD	MI
5XYP6DGC0PG344663	2023 Kia Telluride S AWD 4D Sport Utility	Kia	https://www.parkjeepchrysler.com/inventory/used-2023-kia-telluride-s-awd-4d-sport-utility-5xyp6dgc0pg344663/	31823 USD	2023 Black Kia Telluride Used 2023 Kia Telluride S 4D Sport Utility 3.8L V6 DGI DOHC Dual CVVT For sale at Park Chrysler Jeep in Burnsville Minnesota.	https://vehicle-images.carscommerce.inc/3840-110005314/5XYP6DGC0PG344663/thumbnails/large/a4ddaa6d8a2084301aec952d56499817.jpg	in stock	USED	SUV	Vehicles & Parts > Vehicles > Motor Vehicles > Cars, Trucks & Vans	5XYP6DGC0PG344663	https://www.parkjeepchrysler.com/inventory/used-2023-kia-telluride-s-awd-4d-sport-utility-5xyp6dgc0pg344663/123?store={store_code}	BLACK	51349 miles	Telluride	5XYP6DGC0PG344663	2023	31823 USD	PCJ100	31823 USD	MI
JN8BT3CB2PW471108	2023 Nissan Rogue SL AWD 4D Sport Utility	Nissan	https://www.parkjeepchrysler.com/inventory/used-2023-nissan-rogue-sl-awd-4d-sport-utility-jn8bt3cb2pw471108/	27171 USD	2023 White Nissan Rogue Used 2023 Nissan Rogue SL 4D Sport Utility 1.5L I3 Turbocharged DOHC 12V LEV3-ULEV50 201hp For sale at Park Chrysler Jeep in Burnsville Minnesota.	https://vehicle-images.carscommerce.inc/1fa8-110005314/JN8BT3CB2PW471108/thumbnails/large/f8ffd364907bbfa74e94fceb766671fc.jpg	in stock	USED	SUV	Vehicles & Parts > Vehicles > Motor Vehicles > Cars, Trucks & Vans	JN8BT3CB2PW471108	https://www.parkjeepchrysler.com/inventory/used-2023-nissan-rogue-sl-awd-4d-sport-utility-jn8bt3cb2pw471108/123?store={store_code}	WHITE	13191 miles	Rogue	JN8BT3CB2PW471108	2023	27171 USD	PCJ100	27171 USD	MI
1C6SRFKT6PN534407	2023 Ram 1500 Laramie Longhorn 4WD 4D Crew Cab	Ram	https://www.parkjeepchrysler.com/inventory/used-2023-ram-1500-laramie-longhorn-4wd-4d-crew-cab-1c6srfkt6pn534407/	39226 USD	2023 Blue Ram 1500 Used 2023 Ram 1500 Laramie Longhorn 4D Crew Cab HEMI 5.7L V8 Multi Displacement VVT eTorque For sale at Park Chrysler Jeep in Burnsville Minnesota.	https://www.parkjeepchrysler.com/wp-content/plugins/inventory/images/notfound.jpg	in stock	USED	TRUCK	Vehicles & Parts > Vehicles > Motor Vehicles > Cars, Trucks & Vans	1C6SRFKT6PN534407	https://www.parkjeepchrysler.com/inventory/used-2023-ram-1500-laramie-longhorn-4wd-4d-crew-cab-1c6srfkt6pn534407/123?store={store_code}	BLUE	58079 miles	1500	1C6SRFKT6PN534407	2023	39226 USD	PCJ100	39226 USD	MI
3TYGZ5AN8PT153586	2023 Toyota Tacoma Limited 4WD 4D Double Cab	Toyota	https://www.parkjeepchrysler.com/inventory/used-2023-toyota-tacoma-limited-4wd-4d-double-cab-3tygz5an8pt153586/	43415 USD	2023 Beige Toyota Tacoma Used 2023 Toyota Tacoma Limited 4D Double Cab 3.5L V6 PDI DOHC 24V LEV3-ULEV70 278hp For sale at Park Chrysler Jeep in Burnsville Minnesota.	https://vehicle-images.carscommerce.inc/cd8f-110005314/3TYGZ5AN8PT153586/thumbnails/large/60f6487e431fcefb45e4373205fb7f42.jpg	in stock	USED	TRUCK	Vehicles & Parts > Vehicles > Motor Vehicles > Cars, Trucks & Vans	3TYGZ5AN8PT153586	https://www.parkjeepchrysler.com/inventory/used-2023-toyota-tacoma-limited-4wd-4d-double-cab-3tygz5an8pt153586/123?store={store_code}	BEIGE	30503 miles	Tacoma	3TYGZ5AN8PT153586	2023	43415 USD	PCJ100	43415 USD	MI
2C4RC3BG0RR157198	2024 Chrysler Pacifica Touring L AWD 4D Passenger Van	Chrysler	https://www.parkjeepchrysler.com/inventory/used-2024-chrysler-pacifica-touring-l-awd-4d-passenger-van-2c4rc3bg0rr157198/	36105 USD	2024 White Chrysler Pacifica Used 2024 Chrysler Pacifica Touring L 4D Passenger Van 3.6L V6 24V VVT For sale at Park Chrysler Jeep in Burnsville Minnesota.	https://vehicle-images.carscommerce.inc/93ae-110005314/2C4RC3BG0RR157198/thumbnails/large/983ad0087ae6412cb6feee3d66ca2a51.jpg	in stock	USED	VAN	Vehicles & Parts > Vehicles > Motor Vehicles > Cars, Trucks & Vans	2C4RC3BG0RR157198	https://www.parkjeepchrysler.com/inventory/used-2024-chrysler-pacifica-touring-l-awd-4d-passenger-van-2c4rc3bg0rr157198/123?store={store_code}	WHITE	26211 miles	Pacifica	2C4RC3BG0RR157198	2024	36105 USD	PCJ100	36105 USD	MI
1C4RJYB66RC711279	2024 Jeep Grand Cherokee 4xe 4WD 4D Sport Utility	Jeep	https://www.parkjeepchrysler.com/inventory/used-2024-jeep-grand-cherokee-4xe-4wd-4d-sport-utility-1c4rjyb66rc711279/	31784 USD	2024 Red Jeep Grand Cherokee Used 2024 Jeep Grand Cherokee 4xe 4D Sport Utility 2.0L I4 DOHC For sale at Park Chrysler Jeep in Burnsville Minnesota.	https://vehicle-images.carscommerce.inc/a212-110005314/1C4RJYB66RC711279/thumbnails/large/2dba594057506b81da627065d3fa674c.jpg	in stock	USED	SUV	Vehicles & Parts > Vehicles > Motor Vehicles > Cars, Trucks & Vans	1C4RJYB66RC711279	https://www.parkjeepchrysler.com/inventory/used-2024-jeep-grand-cherokee-4xe-4wd-4d-sport-utility-1c4rjyb66rc711279/123?store={store_code}	RED	6695 miles	Grand Cherokee	1C4RJYB66RC711279	2024	31784 USD	PCJ100	31784 USD	MI
1C4RJKAG2R8594715	2024 Jeep Grand Cherokee L Altitude X 4WD 4D Sport Utility	Jeep	https://www.parkjeepchrysler.com/inventory/used-2024-jeep-grand-cherokee-l-altitude-x-4wd-4d-sport-utility-1c4rjkag2r8594715/	36343 USD	2024 Black Jeep Grand Cherokee L Used 2024 Jeep Grand Cherokee L Altitude X 4D Sport Utility 3.6L V6 24V VVT For sale at Park Chrysler Jeep in Burnsville Minnesota.	https://vehicle-images.carscommerce.inc/44b2-110005314/1C4RJKAG2R8594715/thumbnails/large/e27fe5eee0eede4e9cf0d9791124a8c6.jpg	in stock	USED	SUV	Vehicles & Parts > Vehicles > Motor Vehicles > Cars, Trucks & Vans	1C4RJKAG2R8594715	https://www.parkjeepchrysler.com/inventory/used-2024-jeep-grand-cherokee-l-altitude-x-4wd-4d-sport-utility-1c4rjkag2r8594715/123?store={store_code}	BLACK	12677 miles	Grand Cherokee L	1C4RJKAG2R8594715	2024	36343 USD	PCJ100	36343 USD	MI
1C4RJKBG6R8598636	2024 Jeep Grand Cherokee L Limited 4WD 4D Sport Utility	Jeep	https://www.parkjeepchrysler.com/inventory/used-2024-jeep-grand-cherokee-l-limited-4wd-4d-sport-utility-1c4rjkbg6r8598636/	38133 USD	2024 Gray Jeep Grand Cherokee L Used 2024 Jeep Grand Cherokee L Limited 4D Sport Utility 3.6L V6 24V VVT For sale at Park Chrysler Jeep in Burnsville Minnesota.	https://vehicle-images.carscommerce.inc/c6ff-110005314/1C4RJKBG6R8598636/thumbnails/large/503c33bb5eafdf8a5ee57194f0fb8686.jpg	in stock	USED	SUV	Vehicles & Parts > Vehicles > Motor Vehicles > Cars, Trucks & Vans	1C4RJKBG6R8598636	https://www.parkjeepchrysler.com/inventory/used-2024-jeep-grand-cherokee-l-limited-4wd-4d-sport-utility-1c4rjkbg6r8598636/123?store={store_code}	GRAY	12744 miles	Grand Cherokee L	1C4RJKBG6R8598636	2024	38133 USD	PCJ100	38133 USD	MI
1C4RJHEG1R8576719	2024 Jeep Grand Cherokee Summit Reserve 4WD 4D Sport Utility	Jeep	https://www.parkjeepchrysler.com/inventory/used-2024-jeep-grand-cherokee-summit-reserve-4wd-4d-sport-utility-1c4rjheg1r8576719/	49793 USD	2024 Black Jeep Grand Cherokee Used 2024 Jeep Grand Cherokee Summit Reserve 4D Sport Utility 3.6L V6 24V VVT For sale at Park Chrysler Jeep in Burnsville Minnesota.	https://vehicle-images.carscommerce.inc/ac36-110005314/1C4RJHEG1R8576719/thumbnails/large/09564451849b686bfecafa65d9f177a0.jpg	in stock	USED	SUV	Vehicles & Parts > Vehicles > Motor Vehicles > Cars, Trucks & Vans	1C4RJHEG1R8576719	https://www.parkjeepchrysler.com/inventory/used-2024-jeep-grand-cherokee-summit-reserve-4wd-4d-sport-utility-1c4rjheg1r8576719/123?store={store_code}	BLACK	11717 miles	Grand Cherokee	1C4RJHEG1R8576719	2024	49793 USD	PCJ100	49793 USD	MI
1C4RJHEG1R8619973	2024 Jeep Grand Cherokee Summit Reserve 4WD 4D Sport Utility	Jeep	https://www.parkjeepchrysler.com/inventory/used-2024-jeep-grand-cherokee-summit-reserve-4wd-4d-sport-utility-1c4rjheg1r8619973/	43233 USD	2024 Black Jeep Grand Cherokee Used 2024 Jeep Grand Cherokee Summit Reserve 4D Sport Utility 3.6L V6 24V VVT For sale at Park Chrysler Jeep in Burnsville Minnesota.	https://vehicle-images.carscommerce.inc/bb65-110005314/1C4RJHEG1R8619973/thumbnails/large/f6a424d371f7bafc57f01962e664c7e5.jpg	in stock	USED	SUV	Vehicles & Parts > Vehicles > Motor Vehicles > Cars, Trucks & Vans	1C4RJHEG1R8619973	https://www.parkjeepchrysler.com/inventory/used-2024-jeep-grand-cherokee-summit-reserve-4wd-4d-sport-utility-1c4rjheg1r8619973/123?store={store_code}	BLACK	22940 miles	Grand Cherokee	1C4RJHEG1R8619973	2024	43233 USD	PCJ100	43233 USD	MI
1C4SJSDP5RS173944	2024 Jeep Wagoneer L Series III 4WD 4D Sport Utility	Jeep	https://www.parkjeepchrysler.com/inventory/used-2024-jeep-wagoneer-l-series-iii-4wd-4d-sport-utility-1c4sjsdp5rs173944/	55678 USD	2024 Black Jeep Wagoneer L Used 2024 Jeep Wagoneer L Series III 4D Sport Utility 3.0L I6 For sale at Park Chrysler Jeep in Burnsville Minnesota.	https://www.parkjeepchrysler.com/wp-content/plugins/inventory/images/notfound.jpg	in stock	USED	SUV	Vehicles & Parts > Vehicles > Motor Vehicles > Cars, Trucks & Vans	1C4SJSDP5RS173944	https://www.parkjeepchrysler.com/inventory/used-2024-jeep-wagoneer-l-series-iii-4wd-4d-sport-utility-1c4sjsdp5rs173944/123?store={store_code}	BLACK	29536 miles	Wagoneer L	1C4SJSDP5RS173944	2024	55678 USD	PCJ100	55678 USD	MI
1C4RJXFG6RW165742	2024 Jeep Wrangler Rubicon X 4WD 4D Sport Utility	Jeep	https://www.parkjeepchrysler.com/inventory/used-2024-jeep-wrangler-rubicon-x-4wd-4d-sport-utility-1c4rjxfg6rw165742/	52322 USD	2024 Silver Jeep Wrangler Used 2024 Jeep Wrangler Rubicon X 4D Sport Utility 3.6L V6 24V VVT For sale at Park Chrysler Jeep in Burnsville Minnesota.	https://www.parkjeepchrysler.com/wp-content/plugins/inventory/images/notfound.jpg	in stock	USED	SUV	Vehicles & Parts > Vehicles > Motor Vehicles > Cars, Trucks & Vans	1C4RJXFG6RW165742	https://www.parkjeepchrysler.com/inventory/used-2024-jeep-wrangler-rubicon-x-4wd-4d-sport-utility-1c4rjxfg6rw165742/123?store={store_code}	SILVER	17627 miles	Wrangler	1C4RJXFG6RW165742	2024	52322 USD	PCJ100	52322 USD	MI
1C4PJXEG5RW346226	2024 Jeep Wrangler Sahara 4WD 4D Sport Utility	Jeep	https://www.parkjeepchrysler.com/inventory/used-2024-jeep-wrangler-sahara-4wd-4d-sport-utility-1c4pjxeg5rw346226/	37038 USD	2024 Black Jeep Wrangler Used 2024 Jeep Wrangler Sahara 4D Sport Utility 3.6L V6 24V VVT For sale at Park Chrysler Jeep in Burnsville Minnesota.	https://vehicle-images.carscommerce.inc/8bcf-110005314/1C4PJXEG5RW346226/thumbnails/large/b86eb7211633b9092d74277feea3ffdd.jpg	in stock	USED	SUV	Vehicles & Parts > Vehicles > Motor Vehicles > Cars, Trucks & Vans	1C4PJXEG5RW346226	https://www.parkjeepchrysler.com/inventory/used-2024-jeep-wrangler-sahara-4wd-4d-sport-utility-1c4pjxeg5rw346226/123?store={store_code}	BLACK	26832 miles	Wrangler	1C4PJXEG5RW346226	2024	37038 USD	PCJ100	37038 USD	MI
1C4PJXDG8RW238006	2024 Jeep Wrangler Sport 4WD 4D Sport Utility	Jeep	https://www.parkjeepchrysler.com/inventory/used-2024-jeep-wrangler-sport-4wd-4d-sport-utility-1c4pjxdg8rw238006/	40228 USD	2024 Gray Jeep Wrangler Used 2024 Jeep Wrangler Sport 4D Sport Utility 3.6L V6 24V VVT For sale at Park Chrysler Jeep in Burnsville Minnesota.	https://vehicle-images.carscommerce.inc/1cdd-110005314/1C4PJXDG8RW238006/thumbnails/large/715d6e8ddd18a58a2a9097d918f72c0d.jpg	in stock	USED	SUV	Vehicles & Parts > Vehicles > Motor Vehicles > Cars, Trucks & Vans	1C4PJXDG8RW238006	https://www.parkjeepchrysler.com/inventory/used-2024-jeep-wrangler-sport-4wd-4d-sport-utility-1c4pjxdg8rw238006/123?store={store_code}	GRAY	12137 miles	Wrangler	1C4PJXDG8RW238006	2024	40228 USD	PCJ100	40228 USD	MI
JM3KKEHC4R1101281	2024 Mazda CX-90 3.3 Turbo S Premium Plus AWD 4D Sport Utility	Mazda	https://www.parkjeepchrysler.com/inventory/used-2024-mazda-cx-90-3-3-turbo-s-premium-plus-awd-4d-sport-utility-jm3kkehc4r1101281/	33223 USD	2024 Red Mazda CX-90 Used 2024 Mazda CX-90 3.3 Turbo S Premium Plus 4D Sport Utility I6 Turbo For sale at Park Chrysler Jeep in Burnsville Minnesota.	https://vehicle-images.carscommerce.inc/902e-110005314/JM3KKEHC4R1101281/thumbnails/large/b515496e0f0f1d6121635d1fbacf6f3f.jpg	in stock	USED	SUV	Vehicles & Parts > Vehicles > Motor Vehicles > Cars, Trucks & Vans	JM3KKEHC4R1101281	https://www.parkjeepchrysler.com/inventory/used-2024-mazda-cx-90-3-3-turbo-s-premium-plus-awd-4d-sport-utility-jm3kkehc4r1101281/123?store={store_code}	RED	51790 miles	CX-90	JM3KKEHC4R1101281	2024	33223 USD	PCJ100	33223 USD	MI
1N4BL4EW1RN369105	2024 Nissan Altima 2.5 SL AWD 4D Sedan	Nissan	https://www.parkjeepchrysler.com/inventory/used-2024-nissan-altima-2-5-sl-awd-4d-sedan-1n4bl4ew1rn369105/	25033 USD	2024 Gray Nissan Altima Used 2024 Nissan Altima 2.5 SL 4D Sedan 2.5L 4-Cylinder DOHC 16V For sale at Park Chrysler Jeep in Burnsville Minnesota.	https://www.parkjeepchrysler.com/wp-content/plugins/inventory/images/notfound.jpg	in stock	USED	OTHER	Vehicles & Parts > Vehicles > Motor Vehicles > Cars, Trucks & Vans	1N4BL4EW1RN369105	https://www.parkjeepchrysler.com/inventory/used-2024-nissan-altima-2-5-sl-awd-4d-sedan-1n4bl4ew1rn369105/123?store={store_code}	GRAY	34799 miles	Altima	1N4BL4EW1RN369105	2024	25033 USD	PCJ100	25033 USD	MI
7JRH60FL0RG306768	2024 Volvo S60 Recharge Plug-In Hybrid T8 Plus Dark Theme AWD 4D Sedan	Volvo	https://www.parkjeepchrysler.com/inventory/used-2024-volvo-s60-recharge-plug-in-hybrid-t8-plus-dark-theme-awd-4d-sedan-7jrh60fl0rg306768/	42932 USD	2024 Gray Volvo S60 Recharge Plug-In Used 2024 Volvo S60 Recharge Plug-In Hybrid T8 Plus Dark Theme 4D Sedan 2.0L I4 For sale at Park Chrysler Jeep in Burnsville Minnesota.	https://vehicle-images.carscommerce.inc/978d-110005314/7JRH60FL0RG306768/thumbnails/large/913e076d9fd996a75ecc33dc7151214d.jpg	in stock	USED	OTHER	Vehicles & Parts > Vehicles > Motor Vehicles > Cars, Trucks & Vans	7JRH60FL0RG306768	https://www.parkjeepchrysler.com/inventory/used-2024-volvo-s60-recharge-plug-in-hybrid-t8-plus-dark-theme-awd-4d-sedan-7jrh60fl0rg306768/123?store={store_code}	GRAY	19504 miles	S60 Recharge Plug-In	7JRH60FL0RG306768	2024	42932 USD	PCJ100	42932 USD	MI
5UX23EM02S9Z44676	2025 BMW X7 xDrive40i AWD 4D Sport Utility	BMW	https://www.parkjeepchrysler.com/inventory/used-2025-bmw-x7-xdrive40i-awd-4d-sport-utility-5ux23em02s9z44676/	65935 USD	2025 Gray BMW X7 Used 2025 BMW X7 xDrive40i 4D Sport Utility 3.0L I6 DOHC 24V For sale at Park Chrysler Jeep in Burnsville Minnesota.	https://vehicle-images.carscommerce.inc/eb18-110005314/5UX23EM02S9Z44676/thumbnails/large/cf02ac131bb00e109a03a6d8431fcd65.jpg	in stock	USED	SUV	Vehicles & Parts > Vehicles > Motor Vehicles > Cars, Trucks & Vans	5UX23EM02S9Z44676	https://www.parkjeepchrysler.com/inventory/used-2025-bmw-x7-xdrive40i-awd-4d-sport-utility-5ux23em02s9z44676/123?store={store_code}	GRAY	30501 miles	X7	5UX23EM02S9Z44676	2025	65935 USD	PCJ100	65935 USD	MI
2C4RC3BG4SR581151	2025 Chrysler Pacifica Select AWD 4D Passenger Van	Chrysler	https://www.parkjeepchrysler.com/inventory/used-2025-chrysler-pacifica-select-awd-4d-passenger-van-2c4rc3bg4sr581151/	36322 USD	2025 Black Chrysler Pacifica Used 2025 Chrysler Pacifica Select 4D Passenger Van 3.6L V6 24V VVT For sale at Park Chrysler Jeep in Burnsville Minnesota.	https://vehicle-images.carscommerce.inc/9a05-110005314/2C4RC3BG4SR581151/thumbnails/large/0da528894edd010d15dbb2d89edc4583.jpg	in stock	USED	VAN	Vehicles & Parts > Vehicles > Motor Vehicles > Cars, Trucks & Vans	2C4RC3BG4SR581151	https://www.parkjeepchrysler.com/inventory/used-2025-chrysler-pacifica-select-awd-4d-passenger-van-2c4rc3bg4sr581151/123?store={store_code}	BLACK	23688 miles	Pacifica	2C4RC3BG4SR581151	2025	36322 USD	PCJ100	36322 USD	MI
1C4RJKBG3S8719676	2025 Jeep Grand Cherokee L Limited 4WD 4D Sport Utility	Jeep	https://www.parkjeepchrysler.com/inventory/used-2025-jeep-grand-cherokee-l-limited-4wd-4d-sport-utility-1c4rjkbg3s8719676/	38779 USD	2025 Black Jeep Grand Cherokee L Used 2025 Jeep Grand Cherokee L Limited 4D Sport Utility 3.6L V6 24V VVT For sale at Park Chrysler Jeep in Burnsville Minnesota.	https://vehicle-images.carscommerce.inc/4a5e-110005314/1C4RJKBG3S8719676/thumbnails/large/07049935d03a00a71505aea4fac501f1.jpg	in stock	USED	SUV	Vehicles & Parts > Vehicles > Motor Vehicles > Cars, Trucks & Vans	1C4RJKBG3S8719676	https://www.parkjeepchrysler.com/inventory/used-2025-jeep-grand-cherokee-l-limited-4wd-4d-sport-utility-1c4rjkbg3s8719676/123?store={store_code}	BLACK	9866 miles	Grand Cherokee L	1C4RJKBG3S8719676	2025	38779 USD	PCJ100	38779 USD	MI
1C4RJKBG4S8695016	2025 Jeep Grand Cherokee L Limited 4WD 4D Sport Utility	Jeep	https://www.parkjeepchrysler.com/inventory/used-2025-jeep-grand-cherokee-l-limited-4wd-4d-sport-utility-1c4rjkbg4s8695016/	39594 USD	2025 Black Jeep Grand Cherokee L Used 2025 Jeep Grand Cherokee L Limited 4D Sport Utility 3.6L V6 24V VVT For sale at Park Chrysler Jeep in Burnsville Minnesota.	https://vehicle-images.carscommerce.inc/859e-110005314/1C4RJKBG4S8695016/thumbnails/large/bf14e56a52a0451890dfb94ad9527099.jpg	in stock	USED	SUV	Vehicles & Parts > Vehicles > Motor Vehicles > Cars, Trucks & Vans	1C4RJKBG4S8695016	https://www.parkjeepchrysler.com/inventory/used-2025-jeep-grand-cherokee-l-limited-4wd-4d-sport-utility-1c4rjkbg4s8695016/123?store={store_code}	BLACK	9073 miles	Grand Cherokee L	1C4RJKBG4S8695016	2025	39594 USD	PCJ100	39594 USD	MI
1C4RJKBG5S8719680	2025 Jeep Grand Cherokee L Limited 4WD 4D Sport Utility	Jeep	https://www.parkjeepchrysler.com/inventory/used-2025-jeep-grand-cherokee-l-limited-4wd-4d-sport-utility-1c4rjkbg5s8719680/	39108 USD	2025 Red Jeep Grand Cherokee L Used 2025 Jeep Grand Cherokee L Limited 4D Sport Utility 3.6L V6 24V VVT For sale at Park Chrysler Jeep in Burnsville Minnesota.	https://vehicle-images.carscommerce.inc/14d8-110005314/1C4RJKBG5S8719680/thumbnails/large/840acb9bf29ea55161880b877dbcf188.jpg	in stock	USED	SUV	Vehicles & Parts > Vehicles > Motor Vehicles > Cars, Trucks & Vans	1C4RJKBG5S8719680	https://www.parkjeepchrysler.com/inventory/used-2025-jeep-grand-cherokee-l-limited-4wd-4d-sport-utility-1c4rjkbg5s8719680/123?store={store_code}	RED	10576 miles	Grand Cherokee L	1C4RJKBG5S8719680	2025	39108 USD	PCJ100	39108 USD	MI
1C4RJKBG9S8719679	2025 Jeep Grand Cherokee L Limited 4WD 4D Sport Utility	Jeep	https://www.parkjeepchrysler.com/inventory/used-2025-jeep-grand-cherokee-l-limited-4wd-4d-sport-utility-1c4rjkbg9s8719679/	39672 USD	2025 Black Jeep Grand Cherokee L Used 2025 Jeep Grand Cherokee L Limited 4D Sport Utility 3.6L V6 24V VVT For sale at Park Chrysler Jeep in Burnsville Minnesota.	https://vehicle-images.carscommerce.inc/5c87-110005314/1C4RJKBG9S8719679/thumbnails/large/1120856d342e9aa940405001d095612e.jpg	in stock	USED	SUV	Vehicles & Parts > Vehicles > Motor Vehicles > Cars, Trucks & Vans	1C4RJKBG9S8719679	https://www.parkjeepchrysler.com/inventory/used-2025-jeep-grand-cherokee-l-limited-4wd-4d-sport-utility-1c4rjkbg9s8719679/123?store={store_code}	BLACK	8835 miles	Grand Cherokee L	1C4RJKBG9S8719679	2025	39672 USD	PCJ100	39672 USD	MI
1C4RJHBG4SC269486	2025 Jeep Grand Cherokee Limited 4WD 4D Sport Utility	Jeep	https://www.parkjeepchrysler.com/inventory/used-2025-jeep-grand-cherokee-limited-4wd-4d-sport-utility-1c4rjhbg4sc269486/	34233 USD	2025 White Jeep Grand Cherokee Used 2025 Jeep Grand Cherokee Limited 4D Sport Utility 3.6L V6 24V VVT For sale at Park Chrysler Jeep in Burnsville Minnesota.	https://vehicle-images.carscommerce.inc/e298-110005314/1C4RJHBG4SC269486/thumbnails/large/374e9b7c01f4d7789792e4aa3c82bc83.jpg	in stock	USED	SUV	Vehicles & Parts > Vehicles > Motor Vehicles > Cars, Trucks & Vans	1C4RJHBG4SC269486	https://www.parkjeepchrysler.com/inventory/used-2025-jeep-grand-cherokee-limited-4wd-4d-sport-utility-1c4rjhbg4sc269486/123?store={store_code}	WHITE	35030 miles	Grand Cherokee	1C4RJHBG4SC269486	2025	34233 USD	PCJ100	34233 USD	MI
1C4RJHBG4SC336524	2025 Jeep Grand Cherokee Limited 4WD 4D Sport Utility	Jeep	https://www.parkjeepchrysler.com/inventory/used-2025-jeep-grand-cherokee-limited-4wd-4d-sport-utility-1c4rjhbg4sc336524/	38834 USD	2025 White Jeep Grand Cherokee Used 2025 Jeep Grand Cherokee Limited 4D Sport Utility 3.6L V6 24V VVT For sale at Park Chrysler Jeep in Burnsville Minnesota.	https://vehicle-images.carscommerce.inc/c37c-110005314/1C4RJHBG4SC336524/thumbnails/large/e4941928a93a7d9db7e05bd4be1dfcc6.jpg	in stock	USED	SUV	Vehicles & Parts > Vehicles > Motor Vehicles > Cars, Trucks & Vans	1C4RJHBG4SC336524	https://www.parkjeepchrysler.com/inventory/used-2025-jeep-grand-cherokee-limited-4wd-4d-sport-utility-1c4rjhbg4sc336524/123?store={store_code}	WHITE	7439 miles	Grand Cherokee	1C4RJHBG4SC336524	2025	38834 USD	PCJ100	38834 USD	MI
1C4RJHBG9SC323395	2025 Jeep Grand Cherokee Limited 4WD 4D Sport Utility	Jeep	https://www.parkjeepchrysler.com/inventory/used-2025-jeep-grand-cherokee-limited-4wd-4d-sport-utility-1c4rjhbg9sc323395/	40108 USD	2025 White Jeep Grand Cherokee Used 2025 Jeep Grand Cherokee Limited 4D Sport Utility 3.6L V6 24V VVT For sale at Park Chrysler Jeep in Burnsville Minnesota.	https://vehicle-images.carscommerce.inc/3f91-110005314/1C4RJHBG9SC323395/thumbnails/large/62234e1af3bb7a30e35dc69489595b4f.jpg	in stock	USED	SUV	Vehicles & Parts > Vehicles > Motor Vehicles > Cars, Trucks & Vans	1C4RJHBG9SC323395	https://www.parkjeepchrysler.com/inventory/used-2025-jeep-grand-cherokee-limited-4wd-4d-sport-utility-1c4rjhbg9sc323395/123?store={store_code}	WHITE	6828 miles	Grand Cherokee	1C4RJHBG9SC323395	2025	40108 USD	PCJ100	40108 USD	MI
1C6SRFFP7SN656361	2025 Ram 1500 Big Horn/Lone Star 4WD 4D Crew Cab	Ram	https://www.parkjeepchrysler.com/inventory/used-2025-ram-1500-big-hornlone-star-4wd-4d-crew-cab-1c6srffp7sn656361/	44774 USD	2025 White Ram 1500 Used 2025 Ram 1500 Big Horn/Lone Star 4D Crew Cab 3.0L I6 For sale at Park Chrysler Jeep in Burnsville Minnesota.	https://vehicle-images.carscommerce.inc/9850-110005314/1C6SRFFP7SN656361/thumbnails/large/9300ee5ad68659766f506ccdea486007.jpg	in stock	USED	TRUCK	Vehicles & Parts > Vehicles > Motor Vehicles > Cars, Trucks & Vans	1C6SRFFP7SN656361	https://www.parkjeepchrysler.com/inventory/used-2025-ram-1500-big-hornlone-star-4wd-4d-crew-cab-1c6srffp7sn656361/123?store={store_code}	WHITE	1523 miles	1500	1C6SRFFP7SN656361	2025	44774 USD	PCJ100	44774 USD	MI
1C6SRFJP5SN662022	2025 Ram 1500 Laramie 4WD 4D Crew Cab	Ram	https://www.parkjeepchrysler.com/inventory/used-2025-ram-1500-laramie-4wd-4d-crew-cab-1c6srfjp5sn662022/	48194 USD	2025 Gray Ram 1500 Used 2025 Ram 1500 Laramie 4D Crew Cab 3.0L I6 For sale at Park Chrysler Jeep in Burnsville Minnesota.	https://vehicle-images.carscommerce.inc/2296-110005314/1C6SRFJP5SN662022/thumbnails/large/ad6ff1e573b2432ec5667d87d941cfcc.jpg	in stock	USED	TRUCK	Vehicles & Parts > Vehicles > Motor Vehicles > Cars, Trucks & Vans	1C6SRFJP5SN662022	https://www.parkjeepchrysler.com/inventory/used-2025-ram-1500-laramie-4wd-4d-crew-cab-1c6srfjp5sn662022/123?store={store_code}	GRAY	9843 miles	1500	1C6SRFJP5SN662022	2025	48194 USD	PCJ100	48194 USD	MI
1C6SRFHP5SN701584	2025 Ram 1500 Limited 4WD 4D Crew Cab	Ram	https://www.parkjeepchrysler.com/inventory/used-2025-ram-1500-limited-4wd-4d-crew-cab-1c6srfhp5sn701584/	63733 USD	2025 Black Ram 1500 Used 2025 Ram 1500 Limited 4D Crew Cab 3.0L I6 For sale at Park Chrysler Jeep in Burnsville Minnesota.	https://vehicle-images.carscommerce.inc/79ed-110005314/1C6SRFHP5SN701584/thumbnails/large/6081ac89eaa5927f4a8ea07cf72f1899.jpg	in stock	USED	TRUCK	Vehicles & Parts > Vehicles > Motor Vehicles > Cars, Trucks & Vans	1C6SRFHP5SN701584	https://www.parkjeepchrysler.com/inventory/used-2025-ram-1500-limited-4wd-4d-crew-cab-1c6srfhp5sn701584/123?store={store_code}	BLACK	1507 miles	1500	1C6SRFHP5SN701584	2025	63733 USD	PCJ100	63733 USD	MI
3C6MR5AJ6SG507602	2025 Ram 2500 Tradesman 4WD 2D Standard Cab	Ram	https://www.parkjeepchrysler.com/inventory/used-2025-ram-2500-tradesman-4wd-2d-standard-cab-3c6mr5aj6sg507602/	44678 USD	2025 White Ram 2500 Used 2025 Ram 2500 Tradesman 2D Standard Cab 6.4L V8 For sale at Park Chrysler Jeep in Burnsville Minnesota.	https://vehicle-images.carscommerce.inc/8b7a-110005314/3C6MR5AJ6SG507602/thumbnails/large/978e1bbc6f7b2f169978bbf59f222410.jpg	in stock	USED	TRUCK	Vehicles & Parts > Vehicles > Motor Vehicles > Cars, Trucks & Vans	3C6MR5AJ6SG507602	https://www.parkjeepchrysler.com/inventory/used-2025-ram-2500-tradesman-4wd-2d-standard-cab-3c6mr5aj6sg507602/123?store={store_code}	WHITE	132 miles	2500	3C6MR5AJ6SG507602	2025	44678 USD	PCJ100	44678 USD	MI
2C4RC3GG3TR154540	2026 Chrysler Pacifica Limited AWD 4D Passenger Van	Chrysler	https://www.parkjeepchrysler.com/inventory/used-2026-chrysler-pacifica-limited-awd-4d-passenger-van-2c4rc3gg3tr154540/	46075 USD	2026 White Chrysler Pacifica Used 2026 Chrysler Pacifica Limited 4D Passenger Van 3.6L V6 24V VVT For sale at Park Chrysler Jeep in Burnsville Minnesota.	https://vehicle-images.carscommerce.inc/9480-110005314/2C4RC3GG3TR154540/thumbnails/large/87e32ba6ca832137f4de9b5c548d5de3.jpg	in stock	USED	VAN	Vehicles & Parts > Vehicles > Motor Vehicles > Cars, Trucks & Vans	2C4RC3GG3TR154540	https://www.parkjeepchrysler.com/inventory/used-2026-chrysler-pacifica-limited-awd-4d-passenger-van-2c4rc3gg3tr154540/123?store={store_code}	WHITE	4051 miles	Pacifica	2C4RC3GG3TR154540	2026	46075 USD	PCJ100	46075 USD	MI
