id	title	brand	link	vehicle MSRP	description	image_link	availability	condition	product_type	google_product_category	MPN	link_template	color	mileage	model	vin	year	price	store code	MSRP	mileage.unit	certified_pre_owned	custom_label_0	custom_label_1	custom_label_2
3TMLB5JN9SM165592	2025 Toyota Tacoma SR5 5' Bed	Toyota	https://www.stcloudtoyota.com/vehicle/Used/2025/Toyota/Tacoma/3TMLB5JN9SM165592/	59341 USD	2025 UNDERGROUND Toyota Tacoma SR5 For sale at St. Cloud Toyota in St. Cloud Minnesota.	https://assets.cai-media-management.com/resize/1024x1024/common-vehicle-media/e1eaa3a2-26a0-4f56-85b9-8ddcf7097ed0.jpg	in stock	USED	TRUCK	Vehicles & Parts > Vehicles > Motor Vehicles > Cars, Trucks & Vans	3TMLB5JN9SM165592	https://www.stcloudtoyota.com/vehicle/Used/2025/Toyota/Tacoma/3TMLB5JN9SM165592/123?store={store_code}	NA	9786 miles	Tacoma	3TMLB5JN9SM165592	2025	59341 USD	2186	59341 USD	MI	no	Tacoma	No	Over 20k
7MUFBABG7TV43B998	2026 Toyota Corolla Cross Hybrid SE	Toyota	https://www.stcloudtoyota.com/vehicle/New/2026/Toyota/Corolla-Cross-Hybrid/7MUFBABG7TV43B998/	34464 USD	2026 Celestite Toyota Corolla Cross SE 2.0L 4-Cyl. Hybrid For sale at St. Cloud Toyota in St. Cloud Minnesota.	https://media.rti.toyota.com/adobe/assets/urn:aaid:aem:1a26d3b3-fe06-46df-b1af-01f5e597f0bc/as/image.png?size=1200,663	in stock	NEW	SUV	Vehicles & Parts > Vehicles > Motor Vehicles > Cars, Trucks & Vans	7MUFBABG7TV43B998	https://www.stcloudtoyota.com/vehicle/New/2026/Toyota/Corolla-Cross-Hybrid/7MUFBABG7TV43B998/123?store={store_code}	NA	0 miles	Corolla Cross	7MUFBABG7TV43B998	2026	34464 USD	2186	34464 USD	MI	no	Corolla Cross	No	Over 20k
7MUDAABG2TV43C793	2026 Toyota Corolla Cross XLE	Toyota	https://www.stcloudtoyota.com/vehicle/New/2026/Toyota/Corolla-Cross/7MUDAABG2TV43C793/	35829 USD	2026 Celestite Toyota Corolla Cross XLE 2.0L 4-Cyl. For sale at St. Cloud Toyota in St. Cloud Minnesota.	https://media.rti.toyota.com/adobe/assets/urn:aaid:aem:c4e99d70-bcbb-43de-9082-ccff6e71bb81/as/image.png?size=1200,663	in stock	NEW	SUV	Vehicles & Parts > Vehicles > Motor Vehicles > Cars, Trucks & Vans	7MUDAABG2TV43C793	https://www.stcloudtoyota.com/vehicle/New/2026/Toyota/Corolla-Cross/7MUDAABG2TV43C793/123?store={store_code}	NA	0 miles	Corolla Cross	7MUDAABG2TV43C793	2026	35829 USD	2186	35829 USD	MI	no	Corolla Cross	No	Over 20k
5TDADAB55TS055990	2026 Toyota Grand Highlander Hybrid MAX Limited	Toyota	https://www.stcloudtoyota.com/vehicle/New/2026/Toyota/Grand-Highlander-Hybrid/5TDADAB55TS055990/	64657 USD	2026 Storm Cloud Toyota Grand Highlander MAX Limited For sale at St. Cloud Toyota in St. Cloud Minnesota.	https://media.rti.toyota.com/adobe/assets/urn:aaid:aem:180f27e2-492a-411e-8304-487a299716ce/as/image.png?size=1200,663	in stock	NEW	SUV	Vehicles & Parts > Vehicles > Motor Vehicles > Cars, Trucks & Vans	5TDADAB55TS055990	https://www.stcloudtoyota.com/vehicle/New/2026/Toyota/Grand-Highlander-Hybrid/5TDADAB55TS055990/123?store={store_code}	GRAY	0 miles	Grand Highlander	5TDADAB55TS055990	2026	64657 USD	2186	64657 USD	MI	no	Grand Highlander	No	Over 20k
5TDADAB59TS057032	2026 Toyota Grand Highlander Hybrid MAX Platinum	Toyota	https://www.stcloudtoyota.com/vehicle/New/2026/Toyota/Grand-Highlander-Hybrid/5TDADAB59TS057032/	63447 USD	2026 Storm Cloud Toyota Grand Highlander MAX Platinum For sale at St. Cloud Toyota in St. Cloud Minnesota.	https://media.rti.toyota.com/adobe/assets/urn:aaid:aem:371a4222-24d6-43a2-92c2-744fda46ba2a/as/image.png?size=1200,663	in stock	NEW	SUV	Vehicles & Parts > Vehicles > Motor Vehicles > Cars, Trucks & Vans	5TDADAB59TS057032	https://www.stcloudtoyota.com/vehicle/New/2026/Toyota/Grand-Highlander-Hybrid/5TDADAB59TS057032/123?store={store_code}	GRAY	0 miles	Grand Highlander	5TDADAB59TS057032	2026	63447 USD	2186	63447 USD	MI	no	Grand Highlander	No	Over 20k
2T36CRAV0TW46J604	2026 Toyota RAV4 Woodland	Toyota	https://www.stcloudtoyota.com/vehicle/New/2026/Toyota/RAV4/2T36CRAV0TW46J604/	43899 USD	2026 Urban Rock Toyota RAV4 Woodland 2.5L 4-Cyl. Hybrid For sale at St. Cloud Toyota in St. Cloud Minnesota.	https://media.rti.toyota.com/adobe/assets/urn:aaid:aem:0ed33567-e046-4b5a-8144-e1f1fde3eb83/as/image.png?size=1200,663	in stock	NEW	SUV	Vehicles & Parts > Vehicles > Motor Vehicles > Cars, Trucks & Vans	2T36CRAV0TW46J604	https://www.stcloudtoyota.com/vehicle/New/2026/Toyota/RAV4/2T36CRAV0TW46J604/123?store={store_code}	NA	0 miles	RAV4	2T36CRAV0TW46J604	2026	43899 USD	2186	43899 USD	MI	no	RAV4	No	Over 20k
2T36CRAV1TW42H448	2026 Toyota RAV4 SE	Toyota	https://www.stcloudtoyota.com/vehicle/New/2026/Toyota/RAV4/2T36CRAV1TW42H448/	40169 USD	2026 Meteor Shower Toyota RAV4 SE 2.5L 4-Cyl. Hybrid For sale at St. Cloud Toyota in St. Cloud Minnesota.	https://media.rti.toyota.com/adobe/assets/urn:aaid:aem:56f82443-c91a-498b-b9d5-3ac5382cd1f3/as/image.png?size=1200,663	in stock	NEW	SUV	Vehicles & Parts > Vehicles > Motor Vehicles > Cars, Trucks & Vans	2T36CRAV1TW42H448	https://www.stcloudtoyota.com/vehicle/New/2026/Toyota/RAV4/2T36CRAV1TW42H448/123?store={store_code}	NA	0 miles	RAV4	2T36CRAV1TW42H448	2026	40169 USD	2186	40169 USD	MI	no	RAV4	No	Over 20k
2T36CRAV2TC048729	2026 Toyota RAV4 LE	Toyota	https://www.stcloudtoyota.com/vehicle/New/2026/Toyota/RAV4/2T36CRAV2TC048729/	36637 USD	2026 Meteor Shower Toyota RAV4 LE 2.5L 4-Cyl. Hybrid For sale at St. Cloud Toyota in St. Cloud Minnesota.	https://media.rti.toyota.com/adobe/assets/urn:aaid:aem:461d0455-ab46-4e20-9e42-0eca5781010d/as/image.png?size=1200,663	in stock	NEW	SUV	Vehicles & Parts > Vehicles > Motor Vehicles > Cars, Trucks & Vans	2T36CRAV2TC048729	https://www.stcloudtoyota.com/vehicle/New/2026/Toyota/RAV4/2T36CRAV2TC048729/123?store={store_code}	NA	0 miles	RAV4	2T36CRAV2TC048729	2026	36637 USD	2186	36637 USD	MI	no	RAV4	No	Over 20k
2T36CRAV5TW46G589	2026 Toyota RAV4 Woodland	Toyota	https://www.stcloudtoyota.com/vehicle/New/2026/Toyota/RAV4/2T36CRAV5TW46G589/	45019 USD	2026 Everest Toyota RAV4 Woodland 2.5L 4-Cyl. Hybrid For sale at St. Cloud Toyota in St. Cloud Minnesota.	https://media.rti.toyota.com/adobe/assets/urn:aaid:aem:1a6638cf-643a-444c-850f-18d25aa8a534/as/image.png?size=1200,663	in stock	NEW	SUV	Vehicles & Parts > Vehicles > Motor Vehicles > Cars, Trucks & Vans	2T36CRAV5TW46G589	https://www.stcloudtoyota.com/vehicle/New/2026/Toyota/RAV4/2T36CRAV5TW46G589/123?store={store_code}	NA	0 miles	RAV4	2T36CRAV5TW46G589	2026	45019 USD	2186	45019 USD	MI	no	RAV4	No	Over 20k
2T36CRAVXTW46E384	2026 Toyota RAV4 Woodland	Toyota	https://www.stcloudtoyota.com/vehicle/New/2026/Toyota/RAV4/2T36CRAVXTW46E384/	44069 USD	2026 Everest Toyota RAV4 Woodland 2.5L 4-Cyl. Hybrid For sale at St. Cloud Toyota in St. Cloud Minnesota.	https://media.rti.toyota.com/adobe/assets/urn:aaid:aem:1a6638cf-643a-444c-850f-18d25aa8a534/as/image.png?size=1200,663	in stock	NEW	SUV	Vehicles & Parts > Vehicles > Motor Vehicles > Cars, Trucks & Vans	2T36CRAVXTW46E384	https://www.stcloudtoyota.com/vehicle/New/2026/Toyota/RAV4/2T36CRAVXTW46E384/123?store={store_code}	NA	0 miles	RAV4	2T36CRAVXTW46E384	2026	44069 USD	2186	44069 USD	MI	no	RAV4	No	Over 20k
3TMLB5JN6TM329480	2026 Toyota Tacoma SR5 Double Cab 5-ft bed	Toyota	https://www.stcloudtoyota.com/vehicle/New/2026/Toyota/Tacoma/3TMLB5JN6TM329480/	44464 USD	2026 Underground Toyota Tacoma SR5 i-FORCE 2.4L 4-Cyl. Turbo For sale at St. Cloud Toyota in St. Cloud Minnesota.	https://media.rti.toyota.com/adobe/assets/urn:aaid:aem:9bf2e1df-acd8-4d72-a99a-fd8cc9826a6f/as/image.png?size=1200,663	in stock	NEW	TRUCK	Vehicles & Parts > Vehicles > Motor Vehicles > Cars, Trucks & Vans	3TMLB5JN6TM329480	https://www.stcloudtoyota.com/vehicle/New/2026/Toyota/Tacoma/3TMLB5JN6TM329480/123?store={store_code}	NA	0 miles	Tacoma	3TMLB5JN6TM329480	2026	44464 USD	2186	44464 USD	MI	no	Tacoma	No	Over 20k
3TMLB5JNXTM318174	2026 Toyota Tacoma TRD Sport Double Cab 5-ft bed	Toyota	https://www.stcloudtoyota.com/vehicle/New/2026/Toyota/Tacoma/3TMLB5JNXTM318174/	46824 USD	2026 Mudbath Toyota Tacoma TRD Sport i-FORCE 2.4L 4-Cyl. Turbo For sale at St. Cloud Toyota in St. Cloud Minnesota.	https://media.rti.toyota.com/adobe/assets/urn:aaid:aem:d71f6fe9-5f46-40c6-9593-df25e904379c/as/image.png?size=1200,663	in stock	NEW	TRUCK	Vehicles & Parts > Vehicles > Motor Vehicles > Cars, Trucks & Vans	3TMLB5JNXTM318174	https://www.stcloudtoyota.com/vehicle/New/2026/Toyota/Tacoma/3TMLB5JNXTM318174/123?store={store_code}	NA	0 miles	Tacoma	3TMLB5JNXTM318174	2026	46824 USD	2186	46824 USD	MI	no	Tacoma	No	Over 20k
JTND4MBE5V3277850	2027 Toyota Corolla Hatchback SE	Toyota	https://www.stcloudtoyota.com/vehicle/New/2027/Toyota/Corolla-Hatchback/JTND4MBE5V3277850/	27385 USD	2027 Inked Toyota Corolla SE 2.0L 4-Cyl. For sale at St. Cloud Toyota in St. Cloud Minnesota.	https://media.rti.toyota.com/adobe/assets/urn:aaid:aem:a036e4c9-4104-4d83-93aa-28621019b653/as/image.png?size=1200,663	in stock	NEW	OTHER	Vehicles & Parts > Vehicles > Motor Vehicles > Cars, Trucks & Vans	JTND4MBE5V3277850	https://www.stcloudtoyota.com/vehicle/New/2027/Toyota/Corolla-Hatchback/JTND4MBE5V3277850/123?store={store_code}	NA	0 miles	Corolla	JTND4MBE5V3277850	2027	27385 USD	2186	27385 USD	MI	no	Corolla	No	Over 20k
5YFB4MDE6VP45C899	2027 Toyota Corolla LE	Toyota	https://www.stcloudtoyota.com/vehicle/New/2027/Toyota/Corolla/5YFB4MDE6VP45C899/	26742 USD	2027 Inked Toyota Corolla LE 2.0L 4-Cyl. For sale at St. Cloud Toyota in St. Cloud Minnesota.	https://media.rti.toyota.com/adobe/assets/urn:aaid:aem:16cbf183-7a36-4382-bdca-4b24a0e9fd2e/as/image.png?size=1200,663	in stock	NEW	OTHER	Vehicles & Parts > Vehicles > Motor Vehicles > Cars, Trucks & Vans	5YFB4MDE6VP45C899	https://www.stcloudtoyota.com/vehicle/New/2027/Toyota/Corolla/5YFB4MDE6VP45C899/123?store={store_code}	NA	0 miles	Corolla	5YFB4MDE6VP45C899	2027	26742 USD	2186	26742 USD	MI	no	Corolla	No	Over 20k
5YFT4MCE6VP46D424	2027 Toyota Corolla XSE	Toyota	https://www.stcloudtoyota.com/vehicle/New/2027/Toyota/Corolla/5YFT4MCE6VP46D424/	32295 USD	2027 Inked Toyota Corolla XSE 2.0L 4-Cyl. For sale at St. Cloud Toyota in St. Cloud Minnesota.	https://media.rti.toyota.com/adobe/assets/urn:aaid:aem:28ed44b6-89ca-4627-9f3d-62f8a97982be/as/image.png?size=1200,663	in stock	NEW	OTHER	Vehicles & Parts > Vehicles > Motor Vehicles > Cars, Trucks & Vans	5YFT4MCE6VP46D424	https://www.stcloudtoyota.com/vehicle/New/2027/Toyota/Corolla/5YFT4MCE6VP46D424/123?store={store_code}	NA	0 miles	Corolla	5YFT4MCE6VP46D424	2027	32295 USD	2186	32295 USD	MI	no	Corolla	No	Over 20k
JTDACACU9V3088147	2027 Toyota Prius Plug-in Hybrid Nightshade	Toyota	https://www.stcloudtoyota.com/vehicle/New/2027/Toyota/Prius-Plug-in-Hybrid/JTDACACU9V3088147/	41924 USD	2027 Inked Toyota Prius Plug-in Nightshade 2.0L 4-Cyl. For sale at St. Cloud Toyota in St. Cloud Minnesota.	https://media.rti.toyota.com/adobe/assets/urn:aaid:aem:3011beef-5311-4f24-b708-04d9a5ec32af/as/image.png?size=1200,663	in stock	NEW	OTHER	Vehicles & Parts > Vehicles > Motor Vehicles > Cars, Trucks & Vans	JTDACACU9V3088147	https://www.stcloudtoyota.com/vehicle/New/2027/Toyota/Prius-Plug-in-Hybrid/JTDACACU9V3088147/123?store={store_code}	NA	0 miles	Prius Plug-in	JTDACACU9V3088147	2027	41924 USD	2186	41924 USD	MI	no	Prius Plug-in	No	Over 20k
JTDADABU5V3037601	2027 Toyota Prius Limited AWD	Toyota	https://www.stcloudtoyota.com/vehicle/New/2027/Toyota/Prius/JTDADABU5V3037601/	40046 USD	2027 Cutting Edge Toyota Prius Limited AWD 2.0L 4-Cyl. Hybrid For sale at St. Cloud Toyota in St. Cloud Minnesota.	https://assets.cai-media-management.com/resize/1024x1024/common-vehicle-media/15768c2a-5b04-48c6-8a05-437a4850c8d1.jpg	in stock	NEW	OTHER	Vehicles & Parts > Vehicles > Motor Vehicles > Cars, Trucks & Vans	JTDADABU5V3037601	https://www.stcloudtoyota.com/vehicle/New/2027/Toyota/Prius/JTDADABU5V3037601/123?store={store_code}	NA	0 miles	Prius	JTDADABU5V3037601	2027	40046 USD	2186	40046 USD	MI	no	Prius	No	Over 20k
3GCUKSEJ9FG354788	2015 Chevrolet Silverado 1500 LTZ Crew Cab	Chevrolet	https://www.stcloudtoyota.com/vehicle/Used/2015/Chevrolet/Silverado-1500/3GCUKSEJ9FG354788/	23341 USD	2015 Tungsten Metallic Chevrolet Silverado 1500 LTZ EcoTec3 6.2L V8 For sale at St. Cloud Toyota in St. Cloud Minnesota.	https://assets.cai-media-management.com/resize/1024x1024/common-vehicle-media/22662ad7-8596-4c63-a739-8009f9c9d45b.jpg	in stock	USED	TRUCK	Vehicles & Parts > Vehicles > Motor Vehicles > Cars, Trucks & Vans	3GCUKSEJ9FG354788	https://www.stcloudtoyota.com/vehicle/Used/2015/Chevrolet/Silverado-1500/3GCUKSEJ9FG354788/123?store={store_code}	NA	91878 miles	Silverado 1500	3GCUKSEJ9FG354788	2015	23341 USD	2186	23341 USD	MI	no	Silverado 1500	No	Over 20k
JTELU5JR3N5997514	2022 Toyota 4Runner TRD Pro	Toyota	https://www.stcloudtoyota.com/vehicle/Used/2022/Toyota/4Runner/JTELU5JR3N5997514/	54941 USD	2022 Lime Rush Toyota 4Runner TRD Pro 4.0L DOHC 24-Valve V6 For sale at St. Cloud Toyota in St. Cloud Minnesota.	https://assets.cai-media-management.com/resize/1024x1024/common-vehicle-media/dc54447e-f15d-4507-ab8e-8cccd42f2631.jpg	in stock	USED	SUV	Vehicles & Parts > Vehicles > Motor Vehicles > Cars, Trucks & Vans	JTELU5JR3N5997514	https://www.stcloudtoyota.com/vehicle/Used/2022/Toyota/4Runner/JTELU5JR3N5997514/123?store={store_code}	NA	12959 miles	4Runner	JTELU5JR3N5997514	2022	54941 USD	2186	54941 USD	MI	no	4Runner	No	Over 20k
5TDKDRBH6PS032432	2023 Toyota Highlander Platinum	Toyota	https://www.stcloudtoyota.com/vehicle/Used/2023/Toyota/Highlander/5TDKDRBH6PS032432/	43341 USD	2023 Wind Chill Pearl Toyota Highlander Platinum For sale at St. Cloud Toyota in St. Cloud Minnesota.	https://assets.cai-media-management.com/resize/1024x1024/common-vehicle-media/8494600c-7036-423e-bb70-9d1cbfbc3b3c.jpg	in stock	USED	SUV	Vehicles & Parts > Vehicles > Motor Vehicles > Cars, Trucks & Vans	5TDKDRBH6PS032432	https://www.stcloudtoyota.com/vehicle/Used/2023/Toyota/Highlander/5TDKDRBH6PS032432/123?store={store_code}	WHITE	50575 miles	Highlander	5TDKDRBH6PS032432	2023	43341 USD	2186	43341 USD	MI	no	Highlander	No	Over 20k
1N6ED1EK9RN661128	2024 Nissan Frontier PRO-4X Crew Cab	Nissan	https://www.stcloudtoyota.com/vehicle/Used/2024/Nissan/Frontier/1N6ED1EK9RN661128/	36641 USD	2024 Baja Storm Nissan Frontier PRO-4X 3.8L Direct Injection DOHC 24-Valve V6 For sale at St. Cloud Toyota in St. Cloud Minnesota.	https://assets.cai-media-management.com/resize/1024x1024/common-vehicle-media/44870d0a-c3f1-4e4e-97d7-130a151db6b1.jpg	in stock	USED	TRUCK	Vehicles & Parts > Vehicles > Motor Vehicles > Cars, Trucks & Vans	1N6ED1EK9RN661128	https://www.stcloudtoyota.com/vehicle/Used/2024/Nissan/Frontier/1N6ED1EK9RN661128/123?store={store_code}	NA	12101 miles	Frontier	1N6ED1EK9RN661128	2024	36641 USD	2186	36641 USD	MI	no	Frontier	No	Over 20k
4T1DAACK5SU060963	2025 Toyota Camry SE	Toyota	https://www.stcloudtoyota.com/vehicle/Used/2025/Toyota/Camry/4T1DAACK5SU060963/	29341 USD	2025 Underground Toyota Camry SE 2.5L 4-Cylinder 16-Valve DOHC Hybrid For sale at St. Cloud Toyota in St. Cloud Minnesota.	https://assets.cai-media-management.com/resize/1024x1024/common-vehicle-media/245c7067-9278-47f1-8b96-7683332434db.jpg	in stock	USED	OTHER	Vehicles & Parts > Vehicles > Motor Vehicles > Cars, Trucks & Vans	4T1DAACK5SU060963	https://www.stcloudtoyota.com/vehicle/Used/2025/Toyota/Camry/4T1DAACK5SU060963/123?store={store_code}	NA	53720 miles	Camry	4T1DAACK5SU060963	2025	29341 USD	2186	29341 USD	MI	no	Camry	No	Over 20k
4T1DAACK9SU036374	2025 Toyota Camry LE	Toyota	https://www.stcloudtoyota.com/vehicle/Used/2025/Toyota/Camry/4T1DAACK9SU036374/	28341 USD	2025 Underground Toyota Camry LE 2.5L 4-Cylinder 16-Valve DOHC Hybrid For sale at St. Cloud Toyota in St. Cloud Minnesota.	https://assets.cai-media-management.com/resize/1024x1024/common-vehicle-media/861b42a4-1f17-4f84-adc8-3d07494b4692.jpg	in stock	USED	OTHER	Vehicles & Parts > Vehicles > Motor Vehicles > Cars, Trucks & Vans	4T1DAACK9SU036374	https://www.stcloudtoyota.com/vehicle/Used/2025/Toyota/Camry/4T1DAACK9SU036374/123?store={store_code}	NA	54338 miles	Camry	4T1DAACK9SU036374	2025	28341 USD	2186	28341 USD	MI	no	Camry	No	Over 20k
5TDAAAA54SS034220	2025 Toyota Grand Highlander LE	Toyota	https://www.stcloudtoyota.com/vehicle/Used/2025/Toyota/Grand-Highlander/5TDAAAA54SS034220/	43341 USD	2025 Storm Cloud Toyota Grand Highlander LE For sale at St. Cloud Toyota in St. Cloud Minnesota.	https://assets.cai-media-management.com/resize/1024x1024/common-vehicle-media/3edba87f-6da7-41bd-985d-a5b0e7908855.jpg	in stock	USED	SUV	Vehicles & Parts > Vehicles > Motor Vehicles > Cars, Trucks & Vans	5TDAAAA54SS034220	https://www.stcloudtoyota.com/vehicle/Used/2025/Toyota/Grand-Highlander/5TDAAAA54SS034220/123?store={store_code}	GRAY	7299 miles	Grand Highlander	5TDAAAA54SS034220	2025	43341 USD	2186	43341 USD	MI	no	Grand Highlander	No	Over 20k
5TDEBRCH2SS650924	2025 Toyota Highlander Hybrid Platinum	Toyota	https://www.stcloudtoyota.com/vehicle/Used/2025/Toyota/Highlander-Hybrid/5TDEBRCH2SS650924/	53341 USD	2025 Midnight Black Metallic Toyota Highlander Platinum For sale at St. Cloud Toyota in St. Cloud Minnesota.	https://assets.cai-media-management.com/resize/1024x1024/common-vehicle-media/78c61d95-4415-43e6-8934-f3d966abdfdd.jpg	in stock	USED	SUV	Vehicles & Parts > Vehicles > Motor Vehicles > Cars, Trucks & Vans	5TDEBRCH2SS650924	https://www.stcloudtoyota.com/vehicle/Used/2025/Toyota/Highlander-Hybrid/5TDEBRCH2SS650924/123?store={store_code}	BLACK	39762 miles	Highlander	5TDEBRCH2SS650924	2025	53341 USD	2186	53341 USD	MI	no	Highlander	No	Over 20k
JTDACACU5T3056759	2026 Toyota Prius Plug-In Hybrid XSE Premium	Toyota	https://www.stcloudtoyota.com/vehicle/Used/2026/Toyota/Prius-Plug-In-Hybrid/JTDACACU5T3056759/	44744 USD	2026 Cutting Edge Toyota Prius Plug-In XSE Premium 2.0L 4-Cylinder DOHC 16V VVT-I For sale at St. Cloud Toyota in St. Cloud Minnesota.	https://assets.cai-media-management.com/resize/1024x1024/common-vehicle-media/842a2393-de22-446c-bef7-64322ee3a68f.png	in stock	USED	OTHER	Vehicles & Parts > Vehicles > Motor Vehicles > Cars, Trucks & Vans	JTDACACU5T3056759	https://www.stcloudtoyota.com/vehicle/Used/2026/Toyota/Prius-Plug-In-Hybrid/JTDACACU5T3056759/123?store={store_code}	NA	3253 miles	Prius Plug-In	JTDACACU5T3056759	2026	44744 USD	2186	44744 USD	MI	no	Prius Plug-In	No	Over 20k
7SVAAABA9TX093597	2026 Toyota Sequoia TRD Pro	Toyota	https://www.stcloudtoyota.com/vehicle/Used/2026/Toyota/Sequoia/7SVAAABA9TX093597/	86934 USD	2026 Wave Maker Toyota Sequoia TRD Pro 3.4L Twin-Turbo V6 Hybrid i-FORCE MAX For sale at St. Cloud Toyota in St. Cloud Minnesota.	https://assets.cai-media-management.com/resize/1024x1024/common-vehicle-media/6324c98c-581d-45cd-b5c7-60f6e6810af2.jpg	in stock	USED	SUV	Vehicles & Parts > Vehicles > Motor Vehicles > Cars, Trucks & Vans	7SVAAABA9TX093597	https://www.stcloudtoyota.com/vehicle/Used/2026/Toyota/Sequoia/7SVAAABA9TX093597/123?store={store_code}	NA	2195 miles	Sequoia	7SVAAABA9TX093597	2026	86934 USD	2186	86934 USD	MI	no	Sequoia	No	Over 20k
3TYLC5LN0TT052744	2026 Toyota Tacoma Hybrid Limited 5' Bed	Toyota	https://www.stcloudtoyota.com/vehicle/Used/2026/Toyota/Tacoma-Hybrid/3TYLC5LN0TT052744/	54341 USD	2026 WIND CHILL PEARL Toyota Tacoma Limited For sale at St. Cloud Toyota in St. Cloud Minnesota.	https://assets.cai-media-management.com/resize/1024x1024/common-vehicle-media/71748485-be5f-4cea-b481-7f8b4c2cb4de.jpg	in stock	USED	TRUCK	Vehicles & Parts > Vehicles > Motor Vehicles > Cars, Trucks & Vans	3TYLC5LN0TT052744	https://www.stcloudtoyota.com/vehicle/Used/2026/Toyota/Tacoma-Hybrid/3TYLC5LN0TT052744/123?store={store_code}	WHITE	7035 miles	Tacoma	3TYLC5LN0TT052744	2026	54341 USD	2186	54341 USD	MI	no	Tacoma	No	Over 20k
JTDBDMHE8V140BB87	2027 Toyota Corolla Hybrid SE AWD	Toyota	https://www.stcloudtoyota.com/vehicle/New/2027/Toyota/Corolla-Hybrid/JTDBDMHE8V140BB87/	32262 USD	2027 Inked Toyota Corolla SE AWD 1.8L 4-Cyl. Hybrid For sale at St. Cloud Toyota in St. Cloud Minnesota.	https://media.rti.toyota.com/adobe/assets/urn:aaid:aem:637a524b-f7b4-4fde-bc10-acbba77f98dc/as/image.png?size=1200,663	in stock	NEW	OTHER	Vehicles & Parts > Vehicles > Motor Vehicles > Cars, Trucks & Vans	JTDBDMHE8V140BB87	https://www.stcloudtoyota.com/vehicle/New/2027/Toyota/Corolla-Hybrid/JTDBDMHE8V140BB87/123?store={store_code}	NA	0 miles	Corolla	JTDBDMHE8V140BB87	2027	32262 USD	2186	32262 USD	MI	no	Corolla	No	Over 20k
7MUDAABG1TV180336	2026 Toyota Corolla Cross XLE	Toyota	https://www.stcloudtoyota.com/vehicle/Used/2026/Toyota/Corolla-Cross/7MUDAABG1TV180336/	35341 USD	2026 Celestite Toyota Corolla Cross XLE 2.0L Dynamic Force 4-Cylinder DOHC 16-Valve For sale at St. Cloud Toyota in St. Cloud Minnesota.	https://assets.cai-media-management.com/resize/1024x1024/common-vehicle-media/594b4270-d963-4792-802b-a846c9f2886b.jpg	in stock	USED	SUV	Vehicles & Parts > Vehicles > Motor Vehicles > Cars, Trucks & Vans	7MUDAABG1TV180336	https://www.stcloudtoyota.com/vehicle/Used/2026/Toyota/Corolla-Cross/7MUDAABG1TV180336/123?store={store_code}	NA	13057 miles	Corolla Cross	7MUDAABG1TV180336	2026	35341 USD	2186	35341 USD	MI	no	Corolla Cross	No	Over 20k
5YFT4MCE3TP257843	2026 Toyota Corolla XSE	Toyota	https://www.stcloudtoyota.com/vehicle/Used/2026/Toyota/Corolla/5YFT4MCE3TP257843/	29841 USD	2026 WIND CHILL PEARL Toyota Corolla XSE For sale at St. Cloud Toyota in St. Cloud Minnesota.	https://assets.cai-media-management.com/resize/1024x1024/common-vehicle-media/6e0d224d-042d-4d42-82d7-fcb2ab6ae89f.jpg	in stock	USED	OTHER	Vehicles & Parts > Vehicles > Motor Vehicles > Cars, Trucks & Vans	5YFT4MCE3TP257843	https://www.stcloudtoyota.com/vehicle/Used/2026/Toyota/Corolla/5YFT4MCE3TP257843/123?store={store_code}	WHITE	12774 miles	Corolla	5YFT4MCE3TP257843	2026	29841 USD	2186	29841 USD	MI	no	Corolla	No	Over 20k
JTEVA5BR0T141DN80	2026 Toyota 4Runner Limited	Toyota	https://www.stcloudtoyota.com/vehicle/New/2026/Toyota/4Runner/JTEVA5BR0T141DN80/	64162 USD	2026 Supersonic Red Toyota 4Runner Limited i-FORCE 2.4L 4-Cyl. Turbo For sale at St. Cloud Toyota in St. Cloud Minnesota.	https://media.rti.toyota.com/adobe/assets/urn:aaid:aem:b8c46945-b0be-4801-9d03-d73e1b0ea27a/as/image.png?size=1200,663	in stock	NEW	SUV	Vehicles & Parts > Vehicles > Motor Vehicles > Cars, Trucks & Vans	JTEVA5BR0T141DN80	https://www.stcloudtoyota.com/vehicle/New/2026/Toyota/4Runner/JTEVA5BR0T141DN80/123?store={store_code}	RED	0 miles	4Runner	JTEVA5BR0T141DN80	2026	64162 USD	2186	64162 USD	MI	no	4Runner	No	Over 20k
JTEVA5BR1T5170849	2026 Toyota 4Runner Limited	Toyota	https://www.stcloudtoyota.com/vehicle/New/2026/Toyota/4Runner/JTEVA5BR1T5170849/	62218 USD	2026 Wind Chill Pearl Toyota 4Runner Limited i-FORCE 2.4L 4-Cyl. Turbo For sale at St. Cloud Toyota in St. Cloud Minnesota.	https://media.rti.toyota.com/adobe/assets/urn:aaid:aem:ba7320e6-8dcd-4106-b899-ccb254289fe0/as/image.png?size=1200,663	in stock	NEW	SUV	Vehicles & Parts > Vehicles > Motor Vehicles > Cars, Trucks & Vans	JTEVA5BR1T5170849	https://www.stcloudtoyota.com/vehicle/New/2026/Toyota/4Runner/JTEVA5BR1T5170849/123?store={store_code}	WHITE	0 miles	4Runner	JTEVA5BR1T5170849	2026	62218 USD	2186	62218 USD	MI	no	4Runner	No	Over 20k
JTEVA5BR2T5166163	2026 Toyota 4Runner TRD Off-Road Premium	Toyota	https://www.stcloudtoyota.com/vehicle/New/2026/Toyota/4Runner/JTEVA5BR2T5166163/	61708 USD	2026 Black Toyota 4Runner TRD Off-Road Premium i-FORCE 2.4L 4-Cyl. Turbo For sale at St. Cloud Toyota in St. Cloud Minnesota.	https://media.rti.toyota.com/adobe/assets/urn:aaid:aem:4cdc4c97-03b2-42f4-8779-5ac4a0752ff9/as/image.png?size=1200,663	in stock	NEW	SUV	Vehicles & Parts > Vehicles > Motor Vehicles > Cars, Trucks & Vans	JTEVA5BR2T5166163	https://www.stcloudtoyota.com/vehicle/New/2026/Toyota/4Runner/JTEVA5BR2T5166163/123?store={store_code}	BLACK	0 miles	4Runner	JTEVA5BR2T5166163	2026	61708 USD	2186	61708 USD	MI	no	4Runner	No	Over 20k
JTEVA5BR7T5164232	2026 Toyota 4Runner TRD Sport Premium	Toyota	https://www.stcloudtoyota.com/vehicle/New/2026/Toyota/4Runner/JTEVA5BR7T5164232/	59618 USD	2026 Black Toyota 4Runner TRD Sport Premium i-FORCE 2.4L 4-Cyl. Turbo For sale at St. Cloud Toyota in St. Cloud Minnesota.	https://media.rti.toyota.com/adobe/assets/urn:aaid:aem:fa8a4495-d028-428b-a0ea-884707fa536f/as/image.png?size=1200,663	in stock	NEW	SUV	Vehicles & Parts > Vehicles > Motor Vehicles > Cars, Trucks & Vans	JTEVA5BR7T5164232	https://www.stcloudtoyota.com/vehicle/New/2026/Toyota/4Runner/JTEVA5BR7T5164232/123?store={store_code}	BLACK	0 miles	4Runner	JTEVA5BR7T5164232	2026	59618 USD	2186	59618 USD	MI	no	4Runner	No	Over 20k
JTEVA5BR8T5177104	2026 Toyota 4Runner TRD Sport	Toyota	https://www.stcloudtoyota.com/vehicle/New/2026/Toyota/4Runner/JTEVA5BR8T5177104/	54967 USD	2026 Black Toyota 4Runner TRD Sport i-FORCE 2.4L 4-Cyl. Turbo For sale at St. Cloud Toyota in St. Cloud Minnesota.	https://media.rti.toyota.com/adobe/assets/urn:aaid:aem:092127f3-a471-43bc-8578-44fe8ecb0576/as/image.png?size=1200,663	in stock	NEW	SUV	Vehicles & Parts > Vehicles > Motor Vehicles > Cars, Trucks & Vans	JTEVA5BR8T5177104	https://www.stcloudtoyota.com/vehicle/New/2026/Toyota/4Runner/JTEVA5BR8T5177104/123?store={store_code}	BLACK	0 miles	4Runner	JTEVA5BR8T5177104	2026	54967 USD	2186	54967 USD	MI	no	4Runner	No	Over 20k
JTEVA5BRXT5164113	2026 Toyota 4Runner TRD Off-Road Premium	Toyota	https://www.stcloudtoyota.com/vehicle/New/2026/Toyota/4Runner/JTEVA5BRXT5164113/	62128 USD	2026 Ice Cap Toyota 4Runner TRD Off-Road Premium i-FORCE 2.4L 4-Cyl. Turbo For sale at St. Cloud Toyota in St. Cloud Minnesota.	https://media.rti.toyota.com/adobe/assets/urn:aaid:aem:08439581-7ca5-4fc4-8bec-ae6c594f7fd0/as/image.png?size=1200,663	in stock	NEW	SUV	Vehicles & Parts > Vehicles > Motor Vehicles > Cars, Trucks & Vans	JTEVA5BRXT5164113	https://www.stcloudtoyota.com/vehicle/New/2026/Toyota/4Runner/JTEVA5BRXT5164113/123?store={store_code}	WHITE	0 miles	4Runner	JTEVA5BRXT5164113	2026	62128 USD	2186	62128 USD	MI	no	4Runner	No	Over 20k
JTMAAAAD8TJ024019	2026 Toyota C-HR SE	Toyota	https://www.stcloudtoyota.com/vehicle/New/2026/Toyota/C-HR/JTMAAAAD8TJ024019/	38262 USD	2026 Cement Toyota C-HR SE Dual Electric Motors For sale at St. Cloud Toyota in St. Cloud Minnesota.	https://media.rti.toyota.com/adobe/assets/urn:aaid:aem:64743a52-288b-4871-abad-911f6160fce1/as/image.png?size=1200,663	in stock	NEW	SUV	Vehicles & Parts > Vehicles > Motor Vehicles > Cars, Trucks & Vans	JTMAAAAD8TJ024019	https://www.stcloudtoyota.com/vehicle/New/2026/Toyota/C-HR/JTMAAAAD8TJ024019/123?store={store_code}	GRAY	0 miles	C-HR	JTMAAAAD8TJ024019	2026	38262 USD	2186	38262 USD	MI	no	C-HR	No	Over 20k
4T1DAACK6TU371772	2026 Toyota Camry SE	Toyota	https://www.stcloudtoyota.com/vehicle/New/2026/Toyota/Camry/4T1DAACK6TU371772/	38495 USD	2026 Heavy Metal Toyota Camry SE 2.5L 4-Cyl. Gas/Electric Hybrid For sale at St. Cloud Toyota in St. Cloud Minnesota.	https://media.rti.toyota.com/adobe/assets/urn:aaid:aem:3f5039b2-923b-4b6a-9d68-9a6ea2fece0f/as/image.png?size=1200,663	in stock	NEW	OTHER	Vehicles & Parts > Vehicles > Motor Vehicles > Cars, Trucks & Vans	4T1DAACK6TU371772	https://www.stcloudtoyota.com/vehicle/New/2026/Toyota/Camry/4T1DAACK6TU371772/123?store={store_code}	GRAY	0 miles	Camry	4T1DAACK6TU371772	2026	38495 USD	2186	38495 USD	MI	no	Camry	No	Over 20k
7MUBAABG6TV212723	2026 Toyota Corolla Cross LE	Toyota	https://www.stcloudtoyota.com/vehicle/New/2026/Toyota/Corolla-Cross/7MUBAABG6TV212723/	32744 USD	2026 Cavalry Blue Toyota Corolla Cross LE 2.0L 4-Cyl. For sale at St. Cloud Toyota in St. Cloud Minnesota.	https://media.rti.toyota.com/adobe/assets/urn:aaid:aem:15cb2af9-dde9-4548-809b-b5df62d5c2b3/as/image.png?size=1200,663	in stock	NEW	SUV	Vehicles & Parts > Vehicles > Motor Vehicles > Cars, Trucks & Vans	7MUBAABG6TV212723	https://www.stcloudtoyota.com/vehicle/New/2026/Toyota/Corolla-Cross/7MUBAABG6TV212723/123?store={store_code}	BLUE	0 miles	Corolla Cross	7MUBAABG6TV212723	2026	32744 USD	2186	32744 USD	MI	no	Corolla Cross	No	Over 20k
7MUCAABG7TV42B817	2026 Toyota Corolla Cross LE	Toyota	https://www.stcloudtoyota.com/vehicle/New/2026/Toyota/Corolla-Cross/7MUCAABG7TV42B817/	32304 USD	2026 Jet Black Toyota Corolla Cross LE 2.0L 4-Cyl. For sale at St. Cloud Toyota in St. Cloud Minnesota.	https://media.rti.toyota.com/adobe/assets/urn:aaid:aem:331db587-57d5-49c7-b543-dfee08d7d817/as/image.png?size=1200,663	in stock	NEW	SUV	Vehicles & Parts > Vehicles > Motor Vehicles > Cars, Trucks & Vans	7MUCAABG7TV42B817	https://www.stcloudtoyota.com/vehicle/New/2026/Toyota/Corolla-Cross/7MUCAABG7TV42B817/123?store={store_code}	BLACK	0 miles	Corolla Cross	7MUCAABG7TV42B817	2026	32304 USD	2186	32304 USD	MI	no	Corolla Cross	No	Over 20k
7MUDAABG0TV43A623	2026 Toyota Corolla Cross XLE	Toyota	https://www.stcloudtoyota.com/vehicle/New/2026/Toyota/Corolla-Cross/7MUDAABG0TV43A623/	35829 USD	2026 Jet Black Toyota Corolla Cross XLE 2.0L 4-Cyl. For sale at St. Cloud Toyota in St. Cloud Minnesota.	https://media.rti.toyota.com/adobe/assets/urn:aaid:aem:edc2a5ab-fc58-4698-b554-28b9bc1b92cb/as/image.png?size=1200,663	in stock	NEW	SUV	Vehicles & Parts > Vehicles > Motor Vehicles > Cars, Trucks & Vans	7MUDAABG0TV43A623	https://www.stcloudtoyota.com/vehicle/New/2026/Toyota/Corolla-Cross/7MUDAABG0TV43A623/123?store={store_code}	BLACK	0 miles	Corolla Cross	7MUDAABG0TV43A623	2026	35829 USD	2186	35829 USD	MI	no	Corolla Cross	No	Over 20k
7MUDAABG5TV210910	2026 Toyota Corolla Cross XLE	Toyota	https://www.stcloudtoyota.com/vehicle/New/2026/Toyota/Corolla-Cross/7MUDAABG5TV210910/	36873 USD	2026 Wind Chill Pearl Toyota Corolla Cross XLE 2.0L 4-Cyl. For sale at St. Cloud Toyota in St. Cloud Minnesota.	https://media.rti.toyota.com/adobe/assets/urn:aaid:aem:d1c4ae33-9c96-4a59-af39-fc83da62bf5e/as/image.png?size=1200,663	in stock	NEW	SUV	Vehicles & Parts > Vehicles > Motor Vehicles > Cars, Trucks & Vans	7MUDAABG5TV210910	https://www.stcloudtoyota.com/vehicle/New/2026/Toyota/Corolla-Cross/7MUDAABG5TV210910/123?store={store_code}	WHITE	0 miles	Corolla Cross	7MUDAABG5TV210910	2026	36873 USD	2186	36873 USD	MI	no	Corolla Cross	No	Over 20k
JTDACAAJ0T3058704	2026 Toyota Crown Signia Limited	Toyota	https://www.stcloudtoyota.com/vehicle/New/2026/Toyota/Crown-Signia/JTDACAAJ0T3058704/	54479 USD	2026 Oxygen White Toyota Crown Signia Limited 2.5L 4-Cyl. Hybrid For sale at St. Cloud Toyota in St. Cloud Minnesota.	https://media.rti.toyota.com/adobe/assets/urn:aaid:aem:7209f9d3-7f80-4912-a618-e583cefc7d7c/as/image.png?size=1200,663	in stock	NEW	OTHER	Vehicles & Parts > Vehicles > Motor Vehicles > Cars, Trucks & Vans	JTDACAAJ0T3058704	https://www.stcloudtoyota.com/vehicle/New/2026/Toyota/Crown-Signia/JTDACAAJ0T3058704/123?store={store_code}	WHITE	0 miles	Crown Signia	JTDACAAJ0T3058704	2026	54479 USD	2186	54479 USD	MI	no	Crown Signia	No	Over 20k
JTDACAAJ4T3057989	2026 Toyota Crown Signia Limited	Toyota	https://www.stcloudtoyota.com/vehicle/New/2026/Toyota/Crown-Signia/JTDACAAJ4T3057989/	54264 USD	2026 Bronze Age Toyota Crown Signia Limited 2.5L 4-Cyl. Hybrid For sale at St. Cloud Toyota in St. Cloud Minnesota.	https://media.rti.toyota.com/adobe/assets/urn:aaid:aem:8eaf3557-e1d4-4b19-b265-e218e45d8de8/as/image.png?size=1200,663	in stock	NEW	OTHER	Vehicles & Parts > Vehicles > Motor Vehicles > Cars, Trucks & Vans	JTDACAAJ4T3057989	https://www.stcloudtoyota.com/vehicle/New/2026/Toyota/Crown-Signia/JTDACAAJ4T3057989/123?store={store_code}	BRONZE	0 miles	Crown Signia	JTDACAAJ4T3057989	2026	54264 USD	2186	54264 USD	MI	no	Crown Signia	No	Over 20k
JTDACAAJ6T3059811	2026 Toyota Crown Signia XLE	Toyota	https://www.stcloudtoyota.com/vehicle/New/2026/Toyota/Crown-Signia/JTDACAAJ6T3059811/	48094 USD	2026 Storm Cloud Toyota Crown Signia XLE 2.5L 4-Cyl. Hybrid For sale at St. Cloud Toyota in St. Cloud Minnesota.	https://media.rti.toyota.com/adobe/assets/urn:aaid:aem:c8468ba9-9050-4168-a769-1625dd67e78a/as/image.png?size=1200,663	in stock	NEW	OTHER	Vehicles & Parts > Vehicles > Motor Vehicles > Cars, Trucks & Vans	JTDACAAJ6T3059811	https://www.stcloudtoyota.com/vehicle/New/2026/Toyota/Crown-Signia/JTDACAAJ6T3059811/123?store={store_code}	GRAY	0 miles	Crown Signia	JTDACAAJ6T3059811	2026	48094 USD	2186	48094 USD	MI	no	Crown Signia	No	Over 20k
JTDACAAJ9T3057180	2026 Toyota Crown Signia Limited	Toyota	https://www.stcloudtoyota.com/vehicle/New/2026/Toyota/Crown-Signia/JTDACAAJ9T3057180/	53694 USD	2026 Bronze Age Toyota Crown Signia Limited 2.5L 4-Cyl. Hybrid For sale at St. Cloud Toyota in St. Cloud Minnesota.	https://media.rti.toyota.com/adobe/assets/urn:aaid:aem:8eaf3557-e1d4-4b19-b265-e218e45d8de8/as/image.png?size=1200,663	in stock	NEW	OTHER	Vehicles & Parts > Vehicles > Motor Vehicles > Cars, Trucks & Vans	JTDACAAJ9T3057180	https://www.stcloudtoyota.com/vehicle/New/2026/Toyota/Crown-Signia/JTDACAAJ9T3057180/123?store={store_code}	BRONZE	0 miles	Crown Signia	JTDACAAJ9T3057180	2026	53694 USD	2186	53694 USD	MI	no	Crown Signia	No	Over 20k
5TDAAAB50TS41F230	2026 Toyota Grand Highlander Platinum	Toyota	https://www.stcloudtoyota.com/vehicle/New/2026/Toyota/Grand-Highlander/5TDAAAB50TS41F230/	59788 USD	2026 Wind Chill Pearl Toyota Grand Highlander Platinum 2.4L 4-Cyl. Turbocharged For sale at St. Cloud Toyota in St. Cloud Minnesota.	https://media.rti.toyota.com/adobe/assets/urn:aaid:aem:5c79aa6a-6175-4ab7-a31d-549fd93ab11e/as/image.png?size=1200,663	in stock	NEW	SUV	Vehicles & Parts > Vehicles > Motor Vehicles > Cars, Trucks & Vans	5TDAAAB50TS41F230	https://www.stcloudtoyota.com/vehicle/New/2026/Toyota/Grand-Highlander/5TDAAAB50TS41F230/123?store={store_code}	WHITE	0 miles	Grand Highlander	5TDAAAB50TS41F230	2026	59788 USD	2186	59788 USD	MI	no	Grand Highlander	No	Over 20k
5TDKBRCH7TS45A047	2026 Toyota Highlander Hybrid XLE	Toyota	https://www.stcloudtoyota.com/vehicle/New/2026/Toyota/Highlander-Hybrid/5TDKBRCH7TS45A047/	54091 USD	2026 Ruby Flare Pearl Toyota Highlander XLE 2.5L 4-Cyl. Hybrid For sale at St. Cloud Toyota in St. Cloud Minnesota.	https://media.rti.toyota.com/adobe/assets/urn:aaid:aem:f2a53318-bf51-443c-8e6b-d181674ca67e/as/image.png?size=1200,663	in stock	NEW	SUV	Vehicles & Parts > Vehicles > Motor Vehicles > Cars, Trucks & Vans	5TDKBRCH7TS45A047	https://www.stcloudtoyota.com/vehicle/New/2026/Toyota/Highlander-Hybrid/5TDKBRCH7TS45A047/123?store={store_code}	RED	0 miles	Highlander	5TDKBRCH7TS45A047	2026	54091 USD	2186	54091 USD	MI	no	Highlander	No	Over 20k
5TDKDRBH8TS621248	2026 Toyota Highlander Limited	Toyota	https://www.stcloudtoyota.com/vehicle/New/2026/Toyota/Highlander/5TDKDRBH8TS621248/	54383 USD	2026 Heavy Metal Toyota Highlander Limited 2.4L 4-Cyl. Turbo For sale at St. Cloud Toyota in St. Cloud Minnesota.	https://media.rti.toyota.com/adobe/assets/urn:aaid:aem:da9b7ffa-0cf0-43fd-98eb-84b1f1cb70d9/as/image.png?size=1200,663	in stock	NEW	SUV	Vehicles & Parts > Vehicles > Motor Vehicles > Cars, Trucks & Vans	5TDKDRBH8TS621248	https://www.stcloudtoyota.com/vehicle/New/2026/Toyota/Highlander/5TDKDRBH8TS621248/123?store={store_code}	GRAY	0 miles	Highlander	5TDKDRBH8TS621248	2026	54383 USD	2186	54383 USD	MI	no	Highlander	No	Over 20k
5TDKDRBHXTS622000	2026 Toyota Highlander Limited	Toyota	https://www.stcloudtoyota.com/vehicle/New/2026/Toyota/Highlander/5TDKDRBHXTS622000/	57520 USD	2026 Wind Chill Pearl Toyota Highlander Limited 2.4L 4-Cyl. Turbo For sale at St. Cloud Toyota in St. Cloud Minnesota.	https://media.rti.toyota.com/adobe/assets/urn:aaid:aem:8ebeac6c-4a24-4296-b8df-71d64b227bf6/as/image.png?size=1200,663	in stock	NEW	SUV	Vehicles & Parts > Vehicles > Motor Vehicles > Cars, Trucks & Vans	5TDKDRBHXTS622000	https://www.stcloudtoyota.com/vehicle/New/2026/Toyota/Highlander/5TDKDRBHXTS622000/123?store={store_code}	WHITE	0 miles	Highlander	5TDKDRBHXTS622000	2026	57520 USD	2186	57520 USD	MI	no	Highlander	No	Over 20k
JTM7ERAV3TJ046905	2026 Toyota RAV4 Plug-in Hybrid XSE	Toyota	https://www.stcloudtoyota.com/vehicle/New/2026/Toyota/RAV4-Plug-in-Hybrid/JTM7ERAV3TJ046905/	51034 USD	2026 Midnight Black Metallic Toyota RAV4 Plug-in XSE 2.5L 4-Cyl. Plug-in Hybrid For sale at St. Cloud Toyota in St. Cloud Minnesota.	https://media.rti.toyota.com/adobe/assets/urn:aaid:aem:0adc176e-b5f2-4136-b41a-72ef8b61ced6/as/image.png?size=1200,663	in stock	NEW	SUV	Vehicles & Parts > Vehicles > Motor Vehicles > Cars, Trucks & Vans	JTM7ERAV3TJ046905	https://www.stcloudtoyota.com/vehicle/New/2026/Toyota/RAV4-Plug-in-Hybrid/JTM7ERAV3TJ046905/123?store={store_code}	BLACK	0 miles	RAV4 Plug-in	JTM7ERAV3TJ046905	2026	51034 USD	2186	51034 USD	MI	no	RAV4 Plug-in	No	Over 20k
2T36CRAV0TC047207	2026 Toyota RAV4 LE	Toyota	https://www.stcloudtoyota.com/vehicle/New/2026/Toyota/RAV4/2T36CRAV0TC047207/	35943 USD	2026 Storm Cloud Toyota RAV4 LE 2.5L 4-Cyl. Hybrid For sale at St. Cloud Toyota in St. Cloud Minnesota.	https://media.rti.toyota.com/adobe/assets/urn:aaid:aem:df5e04ac-3324-4296-ae0e-a74d3446a3f0/as/image.png?size=1200,663	in stock	NEW	SUV	Vehicles & Parts > Vehicles > Motor Vehicles > Cars, Trucks & Vans	2T36CRAV0TC047207	https://www.stcloudtoyota.com/vehicle/New/2026/Toyota/RAV4/2T36CRAV0TC047207/123?store={store_code}	GRAY	0 miles	RAV4	2T36CRAV0TC047207	2026	35943 USD	2186	35943 USD	MI	no	RAV4	No	Over 20k
2T36CRAVXTW119013	2026 Toyota RAV4 XLE Premium	Toyota	https://www.stcloudtoyota.com/vehicle/New/2026/Toyota/RAV4/2T36CRAVXTW119013/	44197 USD	2026 Storm Cloud Toyota RAV4 XLE Premium 2.5L 4-Cyl. Hybrid For sale at St. Cloud Toyota in St. Cloud Minnesota.	https://media.rti.toyota.com/adobe/assets/urn:aaid:aem:90eb625d-d13c-45fc-b33b-648edc189d0f/as/image.png?size=1200,663	in stock	NEW	SUV	Vehicles & Parts > Vehicles > Motor Vehicles > Cars, Trucks & Vans	2T36CRAVXTW119013	https://www.stcloudtoyota.com/vehicle/New/2026/Toyota/RAV4/2T36CRAVXTW119013/123?store={store_code}	GRAY	0 miles	RAV4	2T36CRAVXTW119013	2026	44197 USD	2186	44197 USD	MI	no	RAV4	No	Over 20k
4T36CRAV1TU42P641	2026 Toyota RAV4 XSE	Toyota	https://www.stcloudtoyota.com/vehicle/New/2026/Toyota/RAV4/4T36CRAV1TU42P641/	45954 USD	2026 Midnight Black Metallic Toyota RAV4 XSE 2.5L 4-Cyl. Hybrid For sale at St. Cloud Toyota in St. Cloud Minnesota.	https://media.rti.toyota.com/adobe/assets/urn:aaid:aem:0e18ee3f-1692-46b2-9936-6978084a98fb/as/image.png?size=1200,663	in stock	NEW	SUV	Vehicles & Parts > Vehicles > Motor Vehicles > Cars, Trucks & Vans	4T36CRAV1TU42P641	https://www.stcloudtoyota.com/vehicle/New/2026/Toyota/RAV4/4T36CRAV1TU42P641/123?store={store_code}	BLACK	0 miles	RAV4	4T36CRAV1TU42P641	2026	45954 USD	2186	45954 USD	MI	no	RAV4	No	Over 20k
4T36CRAV2TU41P717	2026 Toyota RAV4 XLE Premium	Toyota	https://www.stcloudtoyota.com/vehicle/New/2026/Toyota/RAV4/4T36CRAV2TU41P717/	43546 USD	2026 Midnight Black Metallic Toyota RAV4 XLE Premium 2.5L 4-Cyl. Hybrid For sale at St. Cloud Toyota in St. Cloud Minnesota.	https://media.rti.toyota.com/adobe/assets/urn:aaid:aem:ca5bf83b-e033-4929-bf19-95cc523796d2/as/image.png?size=1200,663	in stock	NEW	SUV	Vehicles & Parts > Vehicles > Motor Vehicles > Cars, Trucks & Vans	4T36CRAV2TU41P717	https://www.stcloudtoyota.com/vehicle/New/2026/Toyota/RAV4/4T36CRAV2TU41P717/123?store={store_code}	BLACK	0 miles	RAV4	4T36CRAV2TU41P717	2026	43546 USD	2186	43546 USD	MI	no	RAV4	No	Over 20k
4T36CRAV5TU013861	2026 Toyota RAV4 SE	Toyota	https://www.stcloudtoyota.com/vehicle/New/2026/Toyota/RAV4/4T36CRAV5TU013861/	39159 USD	2026 Midnight Black Metallic Toyota RAV4 SE 2.5L 4-Cyl. Hybrid For sale at St. Cloud Toyota in St. Cloud Minnesota.	https://media.rti.toyota.com/adobe/assets/urn:aaid:aem:77996eb3-a5c1-4492-8346-fd355da428da/as/image.png?size=1200,663	in stock	NEW	SUV	Vehicles & Parts > Vehicles > Motor Vehicles > Cars, Trucks & Vans	4T36CRAV5TU013861	https://www.stcloudtoyota.com/vehicle/New/2026/Toyota/RAV4/4T36CRAV5TU013861/123?store={store_code}	BLACK	0 miles	RAV4	4T36CRAV5TU013861	2026	39159 USD	2186	39159 USD	MI	no	RAV4	No	Over 20k
4T36CRAV6TU011438	2026 Toyota RAV4 SE	Toyota	https://www.stcloudtoyota.com/vehicle/New/2026/Toyota/RAV4/4T36CRAV6TU011438/	39159 USD	2026 Midnight Black Metallic Toyota RAV4 SE 2.5L 4-Cyl. Hybrid For sale at St. Cloud Toyota in St. Cloud Minnesota.	https://media.rti.toyota.com/adobe/assets/urn:aaid:aem:77996eb3-a5c1-4492-8346-fd355da428da/as/image.png?size=1200,663	in stock	NEW	SUV	Vehicles & Parts > Vehicles > Motor Vehicles > Cars, Trucks & Vans	4T36CRAV6TU011438	https://www.stcloudtoyota.com/vehicle/New/2026/Toyota/RAV4/4T36CRAV6TU011438/123?store={store_code}	BLACK	0 miles	RAV4	4T36CRAV6TU011438	2026	39159 USD	2186	39159 USD	MI	no	RAV4	No	Over 20k
4T36CRAV7TU014882	2026 Toyota RAV4 XLE Premium	Toyota	https://www.stcloudtoyota.com/vehicle/New/2026/Toyota/RAV4/4T36CRAV7TU014882/	43333 USD	2026 Ice Cap Toyota RAV4 XLE Premium 2.5L 4-Cyl. Hybrid For sale at St. Cloud Toyota in St. Cloud Minnesota.	https://media.rti.toyota.com/adobe/assets/urn:aaid:aem:b666ae4b-108a-4aa4-b130-1a9fd1f23caf/as/image.png?size=1200,663	in stock	NEW	SUV	Vehicles & Parts > Vehicles > Motor Vehicles > Cars, Trucks & Vans	4T36CRAV7TU014882	https://www.stcloudtoyota.com/vehicle/New/2026/Toyota/RAV4/4T36CRAV7TU014882/123?store={store_code}	WHITE	0 miles	RAV4	4T36CRAV7TU014882	2026	43333 USD	2186	43333 USD	MI	no	RAV4	No	Over 20k
4T36CRAV7TU44H199	2026 Toyota RAV4 XLE Premium	Toyota	https://www.stcloudtoyota.com/vehicle/New/2026/Toyota/RAV4/4T36CRAV7TU44H199/	43937 USD	2026 Wind Chill Pearl Toyota RAV4 XLE Premium 2.5L 4-Cyl. Hybrid For sale at St. Cloud Toyota in St. Cloud Minnesota.	https://media.rti.toyota.com/adobe/assets/urn:aaid:aem:aac7968e-49d3-453a-97a9-6a24408fbb80/as/image.png?size=1200,663	in stock	NEW	SUV	Vehicles & Parts > Vehicles > Motor Vehicles > Cars, Trucks & Vans	4T36CRAV7TU44H199	https://www.stcloudtoyota.com/vehicle/New/2026/Toyota/RAV4/4T36CRAV7TU44H199/123?store={store_code}	WHITE	0 miles	RAV4	4T36CRAV7TU44H199	2026	43937 USD	2186	43937 USD	MI	no	RAV4	No	Over 20k
4T36CRAV8TU015846	2026 Toyota RAV4 SE	Toyota	https://www.stcloudtoyota.com/vehicle/New/2026/Toyota/RAV4/4T36CRAV8TU015846/	40334 USD	2026 Ice Cap Toyota RAV4 SE 2.5L 4-Cyl. Hybrid For sale at St. Cloud Toyota in St. Cloud Minnesota.	https://media.rti.toyota.com/adobe/assets/urn:aaid:aem:f46a24a8-1ff6-4f8e-9158-d7955c873739/as/image.png?size=1200,663	in stock	NEW	SUV	Vehicles & Parts > Vehicles > Motor Vehicles > Cars, Trucks & Vans	4T36CRAV8TU015846	https://www.stcloudtoyota.com/vehicle/New/2026/Toyota/RAV4/4T36CRAV8TU015846/123?store={store_code}	WHITE	0 miles	RAV4	4T36CRAV8TU015846	2026	40334 USD	2186	40334 USD	MI	no	RAV4	No	Over 20k
4T36CRAV9TU42P984	2026 Toyota RAV4 SE	Toyota	https://www.stcloudtoyota.com/vehicle/New/2026/Toyota/RAV4/4T36CRAV9TU42P984/	41085 USD	2026 Ice Cap Toyota RAV4 SE 2.5L 4-Cyl. Hybrid For sale at St. Cloud Toyota in St. Cloud Minnesota.	https://media.rti.toyota.com/adobe/assets/urn:aaid:aem:f46a24a8-1ff6-4f8e-9158-d7955c873739/as/image.png?size=1200,663	in stock	NEW	SUV	Vehicles & Parts > Vehicles > Motor Vehicles > Cars, Trucks & Vans	4T36CRAV9TU42P984	https://www.stcloudtoyota.com/vehicle/New/2026/Toyota/RAV4/4T36CRAV9TU42P984/123?store={store_code}	WHITE	0 miles	RAV4	4T36CRAV9TU42P984	2026	41085 USD	2186	41085 USD	MI	no	RAV4	No	Over 20k
4T36CRAV9TU46H308	2026 Toyota RAV4 XLE Premium	Toyota	https://www.stcloudtoyota.com/vehicle/New/2026/Toyota/RAV4/4T36CRAV9TU46H308/	44197 USD	2026 Ruby Flare Pearl Toyota RAV4 XLE Premium 2.5L 4-Cyl. Hybrid For sale at St. Cloud Toyota in St. Cloud Minnesota.	https://media.rti.toyota.com/adobe/assets/urn:aaid:aem:1b742767-b8ee-45c6-a2ef-8bac66afe14a/as/image.png?size=1200,663	in stock	NEW	SUV	Vehicles & Parts > Vehicles > Motor Vehicles > Cars, Trucks & Vans	4T36CRAV9TU46H308	https://www.stcloudtoyota.com/vehicle/New/2026/Toyota/RAV4/4T36CRAV9TU46H308/123?store={store_code}	RED	0 miles	RAV4	4T36CRAV9TU46H308	2026	44197 USD	2186	44197 USD	MI	no	RAV4	No	Over 20k
JTM6CRAV6T141DL96	2026 Toyota RAV4 Woodland	Toyota	https://www.stcloudtoyota.com/vehicle/New/2026/Toyota/RAV4/JTM6CRAV6T141DL96/	43649 USD	2026 Ice Cap Toyota RAV4 Woodland 2.5L 4-Cyl. Hybrid For sale at St. Cloud Toyota in St. Cloud Minnesota.	https://media.rti.toyota.com/adobe/assets/urn:aaid:aem:9c78e30f-948b-4dbc-9c77-4016dce32c58/as/image.png?size=1200,663	in stock	NEW	SUV	Vehicles & Parts > Vehicles > Motor Vehicles > Cars, Trucks & Vans	JTM6CRAV6T141DL96	https://www.stcloudtoyota.com/vehicle/New/2026/Toyota/RAV4/JTM6CRAV6T141DL96/123?store={store_code}	WHITE	0 miles	RAV4	JTM6CRAV6T141DL96	2026	43649 USD	2186	43649 USD	MI	no	RAV4	No	Over 20k
7SVAAABA3TX107316	2026 Toyota Sequoia Platinum	Toyota	https://www.stcloudtoyota.com/vehicle/New/2026/Toyota/Sequoia/7SVAAABA3TX107316/	86598 USD	2026 Midnight Black Metallic Toyota Sequoia Platinum i-FORCE MAX Hybrid For sale at St. Cloud Toyota in St. Cloud Minnesota.	https://media.rti.toyota.com/adobe/assets/urn:aaid:aem:ab7e992a-5568-4a1d-ba12-3aa638e99225/as/image.png?size=1200,663	in stock	NEW	SUV	Vehicles & Parts > Vehicles > Motor Vehicles > Cars, Trucks & Vans	7SVAAABA3TX107316	https://www.stcloudtoyota.com/vehicle/New/2026/Toyota/Sequoia/7SVAAABA3TX107316/123?store={store_code}	BLACK	0 miles	Sequoia	7SVAAABA3TX107316	2026	86598 USD	2186	86598 USD	MI	no	Sequoia	No	Over 20k
7SVAAABA3TX43A544	2026 Toyota Sequoia Capstone	Toyota	https://www.stcloudtoyota.com/vehicle/New/2026/Toyota/Sequoia/7SVAAABA3TX43A544/	89748 USD	2026 Wind Chill Pearl Toyota Sequoia Capstone i-FORCE MAX Hybrid For sale at St. Cloud Toyota in St. Cloud Minnesota.	https://media.rti.toyota.com/adobe/assets/urn:aaid:aem:91c52c41-5c92-445c-bba4-7c638c1dab07/as/image.png?size=1200,663	in stock	NEW	SUV	Vehicles & Parts > Vehicles > Motor Vehicles > Cars, Trucks & Vans	7SVAAABA3TX43A544	https://www.stcloudtoyota.com/vehicle/New/2026/Toyota/Sequoia/7SVAAABA3TX43A544/123?store={store_code}	WHITE	0 miles	Sequoia	7SVAAABA3TX43A544	2026	89748 USD	2186	89748 USD	MI	no	Sequoia	No	Over 20k
5TDCSKFC1TS44D655	2026 Toyota Sienna Woodland Edition	Toyota	https://www.stcloudtoyota.com/vehicle/New/2026/Toyota/Sienna/5TDCSKFC1TS44D655/	55534 USD	2026 Cement Toyota Sienna Woodland Edition 2.5L Hybrid For sale at St. Cloud Toyota in St. Cloud Minnesota.	https://media.rti.toyota.com/adobe/assets/urn:aaid:aem:28d061a6-e1ec-45ae-a3cb-96a6362ac17b/as/image.png?size=1200,663	in stock	NEW	VAN	Vehicles & Parts > Vehicles > Motor Vehicles > Cars, Trucks & Vans	5TDCSKFC1TS44D655	https://www.stcloudtoyota.com/vehicle/New/2026/Toyota/Sienna/5TDCSKFC1TS44D655/123?store={store_code}	GRAY	0 miles	Sienna	5TDCSKFC1TS44D655	2026	55534 USD	2186	55534 USD	MI	no	Sienna	No	Over 20k
5TDESKFC1TS290070	2026 Toyota Sienna Platinum	Toyota	https://www.stcloudtoyota.com/vehicle/New/2026/Toyota/Sienna/5TDESKFC1TS290070/	63135 USD	2026 Cypress Toyota Sienna Platinum 2.5L Hybrid For sale at St. Cloud Toyota in St. Cloud Minnesota.	https://media.rti.toyota.com/adobe/assets/urn:aaid:aem:647d8c98-2d8e-473a-b13a-a8edd1a5492a/as/image.png?size=1200,663	in stock	NEW	VAN	Vehicles & Parts > Vehicles > Motor Vehicles > Cars, Trucks & Vans	5TDESKFC1TS290070	https://www.stcloudtoyota.com/vehicle/New/2026/Toyota/Sienna/5TDESKFC1TS290070/123?store={store_code}	GREEN	0 miles	Sienna	5TDESKFC1TS290070	2026	63135 USD	2186	63135 USD	MI	no	Sienna	No	Over 20k
5TDESKFC2TS42B673	2026 Toyota Sienna Platinum	Toyota	https://www.stcloudtoyota.com/vehicle/New/2026/Toyota/Sienna/5TDESKFC2TS42B673/	63338 USD	2026 Midnight Black Metallic Toyota Sienna Platinum 2.5L Hybrid For sale at St. Cloud Toyota in St. Cloud Minnesota.	https://media.rti.toyota.com/adobe/assets/urn:aaid:aem:c7c36131-f995-4b4b-9693-49a73833f416/as/image.png?size=1200,663	in stock	NEW	VAN	Vehicles & Parts > Vehicles > Motor Vehicles > Cars, Trucks & Vans	5TDESKFC2TS42B673	https://www.stcloudtoyota.com/vehicle/New/2026/Toyota/Sienna/5TDESKFC2TS42B673/123?store={store_code}	BLACK	0 miles	Sienna	5TDESKFC2TS42B673	2026	63338 USD	2186	63338 USD	MI	no	Sienna	No	Over 20k
5TDESKFC3TS296825	2026 Toyota Sienna Platinum	Toyota	https://www.stcloudtoyota.com/vehicle/New/2026/Toyota/Sienna/5TDESKFC3TS296825/	63043 USD	2026 Midnight Black Metallic Toyota Sienna Platinum 2.5L Hybrid For sale at St. Cloud Toyota in St. Cloud Minnesota.	https://media.rti.toyota.com/adobe/assets/urn:aaid:aem:c7c36131-f995-4b4b-9693-49a73833f416/as/image.png?size=1200,663	in stock	NEW	VAN	Vehicles & Parts > Vehicles > Motor Vehicles > Cars, Trucks & Vans	5TDESKFC3TS296825	https://www.stcloudtoyota.com/vehicle/New/2026/Toyota/Sienna/5TDESKFC3TS296825/123?store={store_code}	BLACK	0 miles	Sienna	5TDESKFC3TS296825	2026	63043 USD	2186	63043 USD	MI	no	Sienna	No	Over 20k
5TDESKFC5TS296826	2026 Toyota Sienna Platinum	Toyota	https://www.stcloudtoyota.com/vehicle/New/2026/Toyota/Sienna/5TDESKFC5TS296826/	63518 USD	2026 Wind Chill Pearl Toyota Sienna Platinum 2.5L Hybrid For sale at St. Cloud Toyota in St. Cloud Minnesota.	https://media.rti.toyota.com/adobe/assets/urn:aaid:aem:4e7b846d-4c49-42f9-8296-4c1a784ecea1/as/image.png?size=1200,663	in stock	NEW	VAN	Vehicles & Parts > Vehicles > Motor Vehicles > Cars, Trucks & Vans	5TDESKFC5TS296826	https://www.stcloudtoyota.com/vehicle/New/2026/Toyota/Sienna/5TDESKFC5TS296826/123?store={store_code}	WHITE	0 miles	Sienna	5TDESKFC5TS296826	2026	63518 USD	2186	63518 USD	MI	no	Sienna	No	Over 20k
5TDKSKFCXTS41B427	2026 Toyota Sienna LE	Toyota	https://www.stcloudtoyota.com/vehicle/New/2026/Toyota/Sienna/5TDKSKFCXTS41B427/	46120 USD	2026 Cypress Toyota Sienna LE 2.5L Hybrid For sale at St. Cloud Toyota in St. Cloud Minnesota.	https://media.rti.toyota.com/adobe/assets/urn:aaid:aem:34369228-bb90-4acd-b67b-43142b2950b0/as/image.png?size=1200,663	in stock	NEW	VAN	Vehicles & Parts > Vehicles > Motor Vehicles > Cars, Trucks & Vans	5TDKSKFCXTS41B427	https://www.stcloudtoyota.com/vehicle/New/2026/Toyota/Sienna/5TDKSKFCXTS41B427/123?store={store_code}	GREEN	0 miles	Sienna	5TDKSKFCXTS41B427	2026	46120 USD	2186	46120 USD	MI	no	Sienna	No	Over 20k
3TYLC5LN2TT080688	2026 Toyota Tacoma i-FORCE MAX TRD Pro Double Cab 5-ft bed	Toyota	https://www.stcloudtoyota.com/vehicle/New/2026/Toyota/Tacoma-i-FORCE-MAX/3TYLC5LN2TT080688/	68438 USD	2026 Ice Cap with Black roof Toyota Tacoma i-FORCE MAX TRD Pro i-FORCE MAX 2.4L 4-Cyl. Turbo Hybrid Powertrain For sale at St. Cloud Toyota in St. Cloud Minnesota.	https://media.rti.toyota.com/adobe/assets/urn:aaid:aem:8aa9a22e-4bbf-434b-8860-e013bf18f2e5/as/image.png?size=1200,663	in stock	NEW	TRUCK	Vehicles & Parts > Vehicles > Motor Vehicles > Cars, Trucks & Vans	3TYLC5LN2TT080688	https://www.stcloudtoyota.com/vehicle/New/2026/Toyota/Tacoma-i-FORCE-MAX/3TYLC5LN2TT080688/123?store={store_code}	WHITE	0 miles	Tacoma i-FORCE MAX	3TYLC5LN2TT080688	2026	68438 USD	2186	68438 USD	MI	no	Tacoma i-FORCE MAX	No	Over 20k
3TYLC5LN7TT41A863	2026 Toyota Tacoma i-FORCE MAX Limited Double Cab 5-ft bed	Toyota	https://www.stcloudtoyota.com/vehicle/New/2026/Toyota/Tacoma-i-FORCE-MAX/3TYLC5LN7TT41A863/	60309 USD	2026 Bronze Oxide Toyota Tacoma i-FORCE MAX Limited i-FORCE MAX 2.4L 4-Cyl. Turbo Hybrid Powertrain For sale at St. Cloud Toyota in St. Cloud Minnesota.	https://media.rti.toyota.com/adobe/assets/urn:aaid:aem:b4bab490-654b-41f9-af02-7e9eda84ccb4/as/image.png?size=1200,663	in stock	NEW	TRUCK	Vehicles & Parts > Vehicles > Motor Vehicles > Cars, Trucks & Vans	3TYLC5LN7TT41A863	https://www.stcloudtoyota.com/vehicle/New/2026/Toyota/Tacoma-i-FORCE-MAX/3TYLC5LN7TT41A863/123?store={store_code}	BRONZE	0 miles	Tacoma i-FORCE MAX	3TYLC5LN7TT41A863	2026	60309 USD	2186	60309 USD	MI	no	Tacoma i-FORCE MAX	No	Over 20k
3TMLB5JN0TM41B080	2026 Toyota Tacoma SR5 Double Cab 5-ft bed	Toyota	https://www.stcloudtoyota.com/vehicle/New/2026/Toyota/Tacoma/3TMLB5JN0TM41B080/	44409 USD	2026 Celestial Silver Metallic Toyota Tacoma SR5 i-FORCE 2.4L 4-Cyl. Turbo For sale at St. Cloud Toyota in St. Cloud Minnesota.	https://media.rti.toyota.com/adobe/assets/urn:aaid:aem:037d38c9-4859-4c4f-81ef-aae69e8e20d8/as/image.png?size=1200,663	in stock	NEW	TRUCK	Vehicles & Parts > Vehicles > Motor Vehicles > Cars, Trucks & Vans	3TMLB5JN0TM41B080	https://www.stcloudtoyota.com/vehicle/New/2026/Toyota/Tacoma/3TMLB5JN0TM41B080/123?store={store_code}	SILVER	0 miles	Tacoma	3TMLB5JN0TM41B080	2026	44409 USD	2186	44409 USD	MI	no	Tacoma	No	Over 20k
3TMLB5JN2TM321117	2026 Toyota Tacoma TRD Sport Double Cab 5-ft bed	Toyota	https://www.stcloudtoyota.com/vehicle/New/2026/Toyota/Tacoma/3TMLB5JN2TM321117/	47954 USD	2026 Black Toyota Tacoma TRD Sport i-FORCE 2.4L 4-Cyl. Turbo For sale at St. Cloud Toyota in St. Cloud Minnesota.	https://media.rti.toyota.com/adobe/assets/urn:aaid:aem:3d3d09fa-1ba1-411a-a293-3561e564dff2/as/image.png?size=1200,663	in stock	NEW	TRUCK	Vehicles & Parts > Vehicles > Motor Vehicles > Cars, Trucks & Vans	3TMLB5JN2TM321117	https://www.stcloudtoyota.com/vehicle/New/2026/Toyota/Tacoma/3TMLB5JN2TM321117/123?store={store_code}	BLACK	0 miles	Tacoma	3TMLB5JN2TM321117	2026	47954 USD	2186	47954 USD	MI	no	Tacoma	No	Over 20k
3TMLB5JN2TM43A925	2026 Toyota Tacoma TRD Off-Road Double Cab 5-ft bed	Toyota	https://www.stcloudtoyota.com/vehicle/New/2026/Toyota/Tacoma/3TMLB5JN2TM43A925/	48118 USD	2026 Black Toyota Tacoma TRD Off-Road i-FORCE 2.4L 4-Cyl. Turbo For sale at St. Cloud Toyota in St. Cloud Minnesota.	https://media.rti.toyota.com/adobe/assets/urn:aaid:aem:355bc51f-7a81-42c2-a028-a84b5a799a01/as/image.png?size=1200,663	in stock	NEW	TRUCK	Vehicles & Parts > Vehicles > Motor Vehicles > Cars, Trucks & Vans	3TMLB5JN2TM43A925	https://www.stcloudtoyota.com/vehicle/New/2026/Toyota/Tacoma/3TMLB5JN2TM43A925/123?store={store_code}	BLACK	0 miles	Tacoma	3TMLB5JN2TM43A925	2026	48118 USD	2186	48118 USD	MI	no	Tacoma	No	Over 20k
3TMLB5JN5TM327283	2026 Toyota Tacoma TRD Off-Road Double Cab 5-ft bed	Toyota	https://www.stcloudtoyota.com/vehicle/New/2026/Toyota/Tacoma/3TMLB5JN5TM327283/	47453 USD	2026 Bronze Oxide Toyota Tacoma TRD Off-Road i-FORCE 2.4L 4-Cyl. Turbo For sale at St. Cloud Toyota in St. Cloud Minnesota.	https://media.rti.toyota.com/adobe/assets/urn:aaid:aem:2784c6da-2c19-487f-a3df-5e06c4a2e0a5/as/image.png?size=1200,663	in stock	NEW	TRUCK	Vehicles & Parts > Vehicles > Motor Vehicles > Cars, Trucks & Vans	3TMLB5JN5TM327283	https://www.stcloudtoyota.com/vehicle/New/2026/Toyota/Tacoma/3TMLB5JN5TM327283/123?store={store_code}	BRONZE	0 miles	Tacoma	3TMLB5JN5TM327283	2026	47453 USD	2186	47453 USD	MI	no	Tacoma	No	Over 20k
3TMLB5JN5TM328241	2026 Toyota Tacoma Limited Double Cab 5-ft bed	Toyota	https://www.stcloudtoyota.com/vehicle/New/2026/Toyota/Tacoma/3TMLB5JN5TM328241/	56029 USD	2026 Bronze Oxide Toyota Tacoma Limited i-FORCE 2.4L 4-Cyl. Turbo For sale at St. Cloud Toyota in St. Cloud Minnesota.	https://media.rti.toyota.com/adobe/assets/urn:aaid:aem:41f2c134-9771-48b5-a658-490987518775/as/image.png?size=1200,663	in stock	NEW	TRUCK	Vehicles & Parts > Vehicles > Motor Vehicles > Cars, Trucks & Vans	3TMLB5JN5TM328241	https://www.stcloudtoyota.com/vehicle/New/2026/Toyota/Tacoma/3TMLB5JN5TM328241/123?store={store_code}	BRONZE	0 miles	Tacoma	3TMLB5JN5TM328241	2026	56029 USD	2186	56029 USD	MI	no	Tacoma	No	Over 20k
3TMLB5JN6TM330211	2026 Toyota Tacoma Limited Double Cab 5-ft bed	Toyota	https://www.stcloudtoyota.com/vehicle/New/2026/Toyota/Tacoma/3TMLB5JN6TM330211/	57334 USD	2026 Bronze Oxide Toyota Tacoma Limited i-FORCE 2.4L 4-Cyl. Turbo For sale at St. Cloud Toyota in St. Cloud Minnesota.	https://media.rti.toyota.com/adobe/assets/urn:aaid:aem:41f2c134-9771-48b5-a658-490987518775/as/image.png?size=1200,663	in stock	NEW	TRUCK	Vehicles & Parts > Vehicles > Motor Vehicles > Cars, Trucks & Vans	3TMLB5JN6TM330211	https://www.stcloudtoyota.com/vehicle/New/2026/Toyota/Tacoma/3TMLB5JN6TM330211/123?store={store_code}	BRONZE	0 miles	Tacoma	3TMLB5JN6TM330211	2026	57334 USD	2186	57334 USD	MI	no	Tacoma	No	Over 20k
3TMLB5JN7TM323056	2026 Toyota Tacoma TRD Sport Double Cab 5-ft bed	Toyota	https://www.stcloudtoyota.com/vehicle/New/2026/Toyota/Tacoma/3TMLB5JN7TM323056/	51929 USD	2026 Black Toyota Tacoma TRD Sport i-FORCE 2.4L 4-Cyl. Turbo For sale at St. Cloud Toyota in St. Cloud Minnesota.	https://media.rti.toyota.com/adobe/assets/urn:aaid:aem:3d3d09fa-1ba1-411a-a293-3561e564dff2/as/image.png?size=1200,663	in stock	NEW	TRUCK	Vehicles & Parts > Vehicles > Motor Vehicles > Cars, Trucks & Vans	3TMLB5JN7TM323056	https://www.stcloudtoyota.com/vehicle/New/2026/Toyota/Tacoma/3TMLB5JN7TM323056/123?store={store_code}	BLACK	0 miles	Tacoma	3TMLB5JN7TM323056	2026	51929 USD	2186	51929 USD	MI	no	Tacoma	No	Over 20k
3TMLB5JN9TM316982	2026 Toyota Tacoma TRD Off-Road Double Cab 5-ft bed	Toyota	https://www.stcloudtoyota.com/vehicle/New/2026/Toyota/Tacoma/3TMLB5JN9TM316982/	47048 USD	2026 Heritage Blue Toyota Tacoma TRD Off-Road i-FORCE 2.4L 4-Cyl. Turbo For sale at St. Cloud Toyota in St. Cloud Minnesota.	https://assets.cai-media-management.com/resize/1024x1024/common-vehicle-media/71cb5de0-dd88-435b-a4c4-7d7a407e33fe.jpg	in stock	NEW	TRUCK	Vehicles & Parts > Vehicles > Motor Vehicles > Cars, Trucks & Vans	3TMLB5JN9TM316982	https://www.stcloudtoyota.com/vehicle/New/2026/Toyota/Tacoma/3TMLB5JN9TM316982/123?store={store_code}	BLUE	0 miles	Tacoma	3TMLB5JN9TM316982	2026	47048 USD	2186	47048 USD	MI	no	Tacoma	No	Over 20k
3TMLB5JNXTM323679	2026 Toyota Tacoma Limited Double Cab 5-ft bed	Toyota	https://www.stcloudtoyota.com/vehicle/New/2026/Toyota/Tacoma/3TMLB5JNXTM323679/	59178 USD	2026 Bronze Oxide Toyota Tacoma Limited i-FORCE 2.4L 4-Cyl. Turbo For sale at St. Cloud Toyota in St. Cloud Minnesota.	https://media.rti.toyota.com/adobe/assets/urn:aaid:aem:41f2c134-9771-48b5-a658-490987518775/as/image.png?size=1200,663	in stock	NEW	TRUCK	Vehicles & Parts > Vehicles > Motor Vehicles > Cars, Trucks & Vans	3TMLB5JNXTM323679	https://www.stcloudtoyota.com/vehicle/New/2026/Toyota/Tacoma/3TMLB5JNXTM323679/123?store={store_code}	BRONZE	0 miles	Tacoma	3TMLB5JNXTM323679	2026	59178 USD	2186	59178 USD	MI	no	Tacoma	No	Over 20k
3TMLB5JNXTM326453	2026 Toyota Tacoma Limited Double Cab 5-ft bed	Toyota	https://www.stcloudtoyota.com/vehicle/New/2026/Toyota/Tacoma/3TMLB5JNXTM326453/	56968 USD	2026 Black Toyota Tacoma Limited i-FORCE 2.4L 4-Cyl. Turbo For sale at St. Cloud Toyota in St. Cloud Minnesota.	https://media.rti.toyota.com/adobe/assets/urn:aaid:aem:103a0640-58d4-44b5-804f-fe60408ce672/as/image.png?size=1200,663	in stock	NEW	TRUCK	Vehicles & Parts > Vehicles > Motor Vehicles > Cars, Trucks & Vans	3TMLB5JNXTM326453	https://www.stcloudtoyota.com/vehicle/New/2026/Toyota/Tacoma/3TMLB5JNXTM326453/123?store={store_code}	BLACK	0 miles	Tacoma	3TMLB5JNXTM326453	2026	56968 USD	2186	56968 USD	MI	no	Tacoma	No	Over 20k
3TMLB5JNXTM42A126	2026 Toyota Tacoma TRD Sport Double Cab 6-ft bed	Toyota	https://www.stcloudtoyota.com/vehicle/New/2026/Toyota/Tacoma/3TMLB5JNXTM42A126/	57540 USD	2026 Celestial Silver Metallic Toyota Tacoma TRD Sport i-FORCE 2.4L 4-Cyl. Turbo For sale at St. Cloud Toyota in St. Cloud Minnesota.	https://media.rti.toyota.com/adobe/assets/urn:aaid:aem:3a7635b3-7d5b-4c7c-9604-1ff89deec99b/as/image.png?size=1200,663	in stock	NEW	TRUCK	Vehicles & Parts > Vehicles > Motor Vehicles > Cars, Trucks & Vans	3TMLB5JNXTM42A126	https://www.stcloudtoyota.com/vehicle/New/2026/Toyota/Tacoma/3TMLB5JNXTM42A126/123?store={store_code}	SILVER	0 miles	Tacoma	3TMLB5JNXTM42A126	2026	57540 USD	2186	57540 USD	MI	no	Tacoma	No	Over 20k
3TYLB5JN7TT42B724	2026 Toyota Tacoma TRD Sport Double Cab 6-ft bed	Toyota	https://www.stcloudtoyota.com/vehicle/New/2026/Toyota/Tacoma/3TYLB5JN7TT42B724/	56549 USD	2026 Wind Chill Pearl Toyota Tacoma TRD Sport i-FORCE 2.4L 4-Cyl. Turbo For sale at St. Cloud Toyota in St. Cloud Minnesota.	https://media.rti.toyota.com/adobe/assets/urn:aaid:aem:ebcabf8a-bb70-4d88-ab53-204b07421f8c/as/image.png?size=1200,663	in stock	NEW	TRUCK	Vehicles & Parts > Vehicles > Motor Vehicles > Cars, Trucks & Vans	3TYLB5JN7TT42B724	https://www.stcloudtoyota.com/vehicle/New/2026/Toyota/Tacoma/3TYLB5JN7TT42B724/123?store={store_code}	WHITE	0 miles	Tacoma	3TYLB5JN7TT42B724	2026	56549 USD	2186	56549 USD	MI	no	Tacoma	No	Over 20k
3TYLB5JNXTT152680	2026 Toyota Tacoma Limited Double Cab 5-ft bed	Toyota	https://www.stcloudtoyota.com/vehicle/New/2026/Toyota/Tacoma/3TYLB5JNXTT152680/	56504 USD	2026 Supersonic Red Toyota Tacoma Limited i-FORCE 2.4L 4-Cyl. Turbo For sale at St. Cloud Toyota in St. Cloud Minnesota.	https://media.rti.toyota.com/adobe/assets/urn:aaid:aem:ec31f1bd-ff79-431d-8b7b-17987fd71612/as/image.png?size=1200,663	in stock	NEW	TRUCK	Vehicles & Parts > Vehicles > Motor Vehicles > Cars, Trucks & Vans	3TYLB5JNXTT152680	https://www.stcloudtoyota.com/vehicle/New/2026/Toyota/Tacoma/3TYLB5JNXTT152680/123?store={store_code}	RED	0 miles	Tacoma	3TYLB5JNXTT152680	2026	56504 USD	2186	56504 USD	MI	no	Tacoma	No	Over 20k
5TFMC5DB2TX152357	2026 Toyota Tundra i-FORCE MAX 1794 Edition CrewMax 5.5-Ft.	Toyota	https://www.stcloudtoyota.com/vehicle/New/2026/Toyota/Tundra-i-FORCE-MAX/5TFMC5DB2TX152357/	76045 USD	2026 Blueprint Toyota Tundra i-FORCE MAX 1794 Edition i-FORCE MAX V6 Hybrid For sale at St. Cloud Toyota in St. Cloud Minnesota.	https://media.rti.toyota.com/adobe/assets/urn:aaid:aem:bc8a3d07-9974-4604-93d6-e54b1bc194ea/as/image.png?size=1200,663	in stock	NEW	TRUCK	Vehicles & Parts > Vehicles > Motor Vehicles > Cars, Trucks & Vans	5TFMC5DB2TX152357	https://www.stcloudtoyota.com/vehicle/New/2026/Toyota/Tundra-i-FORCE-MAX/5TFMC5DB2TX152357/123?store={store_code}	BLUE	0 miles	Tundra i-FORCE MAX	5TFMC5DB2TX152357	2026	76045 USD	2186	76045 USD	MI	no	Tundra i-FORCE MAX	No	Over 20k
5TFMC5DB8TX41D592	2026 Toyota Tundra i-FORCE MAX 1794 Edition CrewMax 5.5-Ft.	Toyota	https://www.stcloudtoyota.com/vehicle/New/2026/Toyota/Tundra-i-FORCE-MAX/5TFMC5DB8TX41D592/	76045 USD	2026 Blueprint Toyota Tundra i-FORCE MAX 1794 Edition i-FORCE MAX V6 Hybrid For sale at St. Cloud Toyota in St. Cloud Minnesota.	https://media.rti.toyota.com/adobe/assets/urn:aaid:aem:bc8a3d07-9974-4604-93d6-e54b1bc194ea/as/image.png?size=1200,663	in stock	NEW	TRUCK	Vehicles & Parts > Vehicles > Motor Vehicles > Cars, Trucks & Vans	5TFMC5DB8TX41D592	https://www.stcloudtoyota.com/vehicle/New/2026/Toyota/Tundra-i-FORCE-MAX/5TFMC5DB8TX41D592/123?store={store_code}	BLUE	0 miles	Tundra i-FORCE MAX	5TFMC5DB8TX41D592	2026	76045 USD	2186	76045 USD	MI	no	Tundra i-FORCE MAX	No	Over 20k
5TFNC5DB1TX149146	2026 Toyota Tundra i-FORCE MAX Platinum CrewMax 5.5-Ft.	Toyota	https://www.stcloudtoyota.com/vehicle/New/2026/Toyota/Tundra-i-FORCE-MAX/5TFNC5DB1TX149146/	72299 USD	2026 Midnight Black Metallic Toyota Tundra i-FORCE MAX Platinum i-FORCE MAX V6 Hybrid For sale at St. Cloud Toyota in St. Cloud Minnesota.	https://assets.cai-media-management.com/resize/1024x1024/common-vehicle-media/50c2e083-0165-4682-bb2b-c81b774f496c.jpg	in stock	NEW	TRUCK	Vehicles & Parts > Vehicles > Motor Vehicles > Cars, Trucks & Vans	5TFNC5DB1TX149146	https://www.stcloudtoyota.com/vehicle/New/2026/Toyota/Tundra-i-FORCE-MAX/5TFNC5DB1TX149146/123?store={store_code}	BLACK	0 miles	Tundra i-FORCE MAX	5TFNC5DB1TX149146	2026	72299 USD	2186	72299 USD	MI	no	Tundra i-FORCE MAX	No	Over 20k
5TFVC5DB3TX152436	2026 Toyota Tundra i-FORCE MAX Capstone CrewMax 5.5-Ft.	Toyota	https://www.stcloudtoyota.com/vehicle/New/2026/Toyota/Tundra-i-FORCE-MAX/5TFVC5DB3TX152436/	79625 USD	2026 Magnetic Gray Metallic Toyota Tundra i-FORCE MAX Capstone i-FORCE MAX V6 Hybrid For sale at St. Cloud Toyota in St. Cloud Minnesota.	https://media.rti.toyota.com/adobe/assets/urn:aaid:aem:5e9677b6-6df9-4d69-a7ab-29ed0c38ddd3/as/image.png?size=1200,663	in stock	NEW	TRUCK	Vehicles & Parts > Vehicles > Motor Vehicles > Cars, Trucks & Vans	5TFVC5DB3TX152436	https://www.stcloudtoyota.com/vehicle/New/2026/Toyota/Tundra-i-FORCE-MAX/5TFVC5DB3TX152436/123?store={store_code}	GRAY	0 miles	Tundra i-FORCE MAX	5TFVC5DB3TX152436	2026	79625 USD	2186	79625 USD	MI	no	Tundra i-FORCE MAX	No	Over 20k
5TFWC5DB6TX152743	2026 Toyota Tundra i-FORCE MAX Limited CrewMax 5.5-Ft.	Toyota	https://www.stcloudtoyota.com/vehicle/New/2026/Toyota/Tundra-i-FORCE-MAX/5TFWC5DB6TX152743/	68723 USD	2026 Supersonic Red Toyota Tundra i-FORCE MAX Limited i-FORCE MAX V6 Hybrid For sale at St. Cloud Toyota in St. Cloud Minnesota.	https://media.rti.toyota.com/adobe/assets/urn:aaid:aem:1a1072f9-2a9d-496b-8694-8be5cf9ba47f/as/image.png?size=1200,663	in stock	NEW	TRUCK	Vehicles & Parts > Vehicles > Motor Vehicles > Cars, Trucks & Vans	5TFWC5DB6TX152743	https://www.stcloudtoyota.com/vehicle/New/2026/Toyota/Tundra-i-FORCE-MAX/5TFWC5DB6TX152743/123?store={store_code}	RED	0 miles	Tundra i-FORCE MAX	5TFWC5DB6TX152743	2026	68723 USD	2186	68723 USD	MI	no	Tundra i-FORCE MAX	No	Over 20k
5TFJA5DB6TX457935	2026 Toyota Tundra Limited CrewMax 5.5-Ft.	Toyota	https://www.stcloudtoyota.com/vehicle/New/2026/Toyota/Tundra/5TFJA5DB6TX457935/	64349 USD	2026 Midnight Black Metallic Toyota Tundra Limited i-FORCE V6 For sale at St. Cloud Toyota in St. Cloud Minnesota.	https://media.rti.toyota.com/adobe/assets/urn:aaid:aem:82af93d6-85f0-40e5-94cb-e6703ea0a3c6/as/image.png?size=1200,663	in stock	NEW	TRUCK	Vehicles & Parts > Vehicles > Motor Vehicles > Cars, Trucks & Vans	5TFJA5DB6TX457935	https://www.stcloudtoyota.com/vehicle/New/2026/Toyota/Tundra/5TFJA5DB6TX457935/123?store={store_code}	BLACK	0 miles	Tundra	5TFJA5DB6TX457935	2026	64349 USD	2186	64349 USD	MI	no	Tundra	No	Over 20k
5TFJA5DB7TX41D088	2026 Toyota Tundra Limited CrewMax 5.5-Ft.	Toyota	https://www.stcloudtoyota.com/vehicle/New/2026/Toyota/Tundra/5TFJA5DB7TX41D088/	64244 USD	2026 Celestial Silver Metallic Toyota Tundra Limited i-FORCE V6 For sale at St. Cloud Toyota in St. Cloud Minnesota.	https://media.rti.toyota.com/adobe/assets/urn:aaid:aem:37219955-864c-4e6a-9a25-a853c3f13b59/as/image.png?size=1200,663	in stock	NEW	TRUCK	Vehicles & Parts > Vehicles > Motor Vehicles > Cars, Trucks & Vans	5TFJA5DB7TX41D088	https://www.stcloudtoyota.com/vehicle/New/2026/Toyota/Tundra/5TFJA5DB7TX41D088/123?store={store_code}	SILVER	0 miles	Tundra	5TFJA5DB7TX41D088	2026	64244 USD	2186	64244 USD	MI	no	Tundra	No	Over 20k
5TFLA5DB0TX41D863	2026 Toyota Tundra SR5 CrewMax 5.5-Ft.	Toyota	https://www.stcloudtoyota.com/vehicle/New/2026/Toyota/Tundra/5TFLA5DB0TX41D863/	63114 USD	2026 Lunar Rock Toyota Tundra SR5 i-FORCE V6 For sale at St. Cloud Toyota in St. Cloud Minnesota.	https://media.rti.toyota.com/adobe/assets/urn:aaid:aem:01e01a14-1835-424a-a588-c539ce4d6e93/as/image.png?size=1200,663	in stock	NEW	TRUCK	Vehicles & Parts > Vehicles > Motor Vehicles > Cars, Trucks & Vans	5TFLA5DB0TX41D863	https://www.stcloudtoyota.com/vehicle/New/2026/Toyota/Tundra/5TFLA5DB0TX41D863/123?store={store_code}	SILVER	0 miles	Tundra	5TFLA5DB0TX41D863	2026	63114 USD	2186	63114 USD	MI	no	Tundra	No	Over 20k
5TFLA5DB2TX41B161	2026 Toyota Tundra SR5 CrewMax 5.5-Ft.	Toyota	https://www.stcloudtoyota.com/vehicle/New/2026/Toyota/Tundra/5TFLA5DB2TX41B161/	62954 USD	2026 Midnight Black Metallic Toyota Tundra SR5 i-FORCE V6 For sale at St. Cloud Toyota in St. Cloud Minnesota.	https://media.rti.toyota.com/adobe/assets/urn:aaid:aem:d6cf9c26-4246-4532-a2c1-d20e06cdcda5/as/image.png?size=1200,663	in stock	NEW	TRUCK	Vehicles & Parts > Vehicles > Motor Vehicles > Cars, Trucks & Vans	5TFLA5DB2TX41B161	https://www.stcloudtoyota.com/vehicle/New/2026/Toyota/Tundra/5TFLA5DB2TX41B161/123?store={store_code}	BLACK	0 miles	Tundra	5TFLA5DB2TX41B161	2026	62954 USD	2186	62954 USD	MI	no	Tundra	No	Over 20k
5TFLA5DB3TX41A102	2026 Toyota Tundra SR5 CrewMax 5.5-Ft.	Toyota	https://www.stcloudtoyota.com/vehicle/New/2026/Toyota/Tundra/5TFLA5DB3TX41A102/	62846 USD	2026 Blueprint Toyota Tundra SR5 i-FORCE V6 For sale at St. Cloud Toyota in St. Cloud Minnesota.	https://media.rti.toyota.com/adobe/assets/urn:aaid:aem:d62c4b1f-1825-41b0-9bd5-80127f7cc160/as/image.png?size=1200,663	in stock	NEW	TRUCK	Vehicles & Parts > Vehicles > Motor Vehicles > Cars, Trucks & Vans	5TFLA5DB3TX41A102	https://www.stcloudtoyota.com/vehicle/New/2026/Toyota/Tundra/5TFLA5DB3TX41A102/123?store={store_code}	BLUE	0 miles	Tundra	5TFLA5DB3TX41A102	2026	62846 USD	2186	62846 USD	MI	no	Tundra	No	Over 20k
5TFLA5DB4TX460731	2026 Toyota Tundra SR5 CrewMax 5.5-Ft.	Toyota	https://www.stcloudtoyota.com/vehicle/New/2026/Toyota/Tundra/5TFLA5DB4TX460731/	54099 USD	2026 Celestial Silver Metallic Toyota Tundra SR5 i-FORCE V6 For sale at St. Cloud Toyota in St. Cloud Minnesota.	https://media.rti.toyota.com/adobe/assets/urn:aaid:aem:f3e8ef7c-dc81-44d5-9566-4813dcb731b5/as/image.png?size=1200,663	in stock	NEW	TRUCK	Vehicles & Parts > Vehicles > Motor Vehicles > Cars, Trucks & Vans	5TFLA5DB4TX460731	https://www.stcloudtoyota.com/vehicle/New/2026/Toyota/Tundra/5TFLA5DB4TX460731/123?store={store_code}	SILVER	0 miles	Tundra	5TFLA5DB4TX460731	2026	54099 USD	2186	54099 USD	MI	no	Tundra	No	Over 20k
5TFLA5DB7TX40C553	2026 Toyota Tundra SR5 CrewMax 5.5-Ft.	Toyota	https://www.stcloudtoyota.com/vehicle/New/2026/Toyota/Tundra/5TFLA5DB7TX40C553/	55181 USD	2026 Ice Cap Toyota Tundra SR5 i-FORCE V6 For sale at St. Cloud Toyota in St. Cloud Minnesota.	https://media.rti.toyota.com/adobe/assets/urn:aaid:aem:7c92d6ae-7401-4296-ade0-926d04269b0d/as/image.png?size=1200,663	in stock	NEW	TRUCK	Vehicles & Parts > Vehicles > Motor Vehicles > Cars, Trucks & Vans	5TFLA5DB7TX40C553	https://www.stcloudtoyota.com/vehicle/New/2026/Toyota/Tundra/5TFLA5DB7TX40C553/123?store={store_code}	WHITE	0 miles	Tundra	5TFLA5DB7TX40C553	2026	55181 USD	2186	55181 USD	MI	no	Tundra	No	Over 20k
5TFLA5DBXTX457414	2026 Toyota Tundra SR5 CrewMax 5.5-Ft.	Toyota	https://www.stcloudtoyota.com/vehicle/New/2026/Toyota/Tundra/5TFLA5DBXTX457414/	56536 USD	2026 Ice Cap Toyota Tundra SR5 i-FORCE V6 For sale at St. Cloud Toyota in St. Cloud Minnesota.	https://media.rti.toyota.com/adobe/assets/urn:aaid:aem:7c92d6ae-7401-4296-ade0-926d04269b0d/as/image.png?size=1200,663	in stock	NEW	TRUCK	Vehicles & Parts > Vehicles > Motor Vehicles > Cars, Trucks & Vans	5TFLA5DBXTX457414	https://www.stcloudtoyota.com/vehicle/New/2026/Toyota/Tundra/5TFLA5DBXTX457414/123?store={store_code}	WHITE	0 miles	Tundra	5TFLA5DBXTX457414	2026	56536 USD	2186	56536 USD	MI	no	Tundra	No	Over 20k
5TFNA5DB0TX42D592	2026 Toyota Tundra Platinum CrewMax 5.5-Ft.	Toyota	https://www.stcloudtoyota.com/vehicle/New/2026/Toyota/Tundra/5TFNA5DB0TX42D592/	71028 USD	2026 Lunar Rock Toyota Tundra Platinum i-FORCE V6 For sale at St. Cloud Toyota in St. Cloud Minnesota.	https://media.rti.toyota.com/adobe/assets/urn:aaid:aem:a464d89e-b79d-44a1-a065-72a763ed7912/as/image.png?size=1200,663	in stock	NEW	TRUCK	Vehicles & Parts > Vehicles > Motor Vehicles > Cars, Trucks & Vans	5TFNA5DB0TX42D592	https://www.stcloudtoyota.com/vehicle/New/2026/Toyota/Tundra/5TFNA5DB0TX42D592/123?store={store_code}	SILVER	0 miles	Tundra	5TFNA5DB0TX42D592	2026	71028 USD	2186	71028 USD	MI	no	Tundra	No	Over 20k
5TFWA5DB5TX41C947	2026 Toyota Tundra SR5 CrewMax 5.5-Ft.	Toyota	https://www.stcloudtoyota.com/vehicle/New/2026/Toyota/Tundra/5TFWA5DB5TX41C947/	63489 USD	2026 Ice Cap Toyota Tundra SR5 i-FORCE V6 For sale at St. Cloud Toyota in St. Cloud Minnesota.	https://media.rti.toyota.com/adobe/assets/urn:aaid:aem:7c92d6ae-7401-4296-ade0-926d04269b0d/as/image.png?size=1200,663	in stock	NEW	TRUCK	Vehicles & Parts > Vehicles > Motor Vehicles > Cars, Trucks & Vans	5TFWA5DB5TX41C947	https://www.stcloudtoyota.com/vehicle/New/2026/Toyota/Tundra/5TFWA5DB5TX41C947/123?store={store_code}	WHITE	0 miles	Tundra	5TFWA5DB5TX41C947	2026	63489 USD	2186	63489 USD	MI	no	Tundra	No	Over 20k
JTMBGAHB9TY615118	2026 Toyota bZ Woodland	Toyota	https://www.stcloudtoyota.com/vehicle/New/2026/Toyota/bZ-Woodland/JTMBGAHB9TY615118/	47820 USD	2026 Steel Toyota bZ Woodland Dual Electric Motors For sale at St. Cloud Toyota in St. Cloud Minnesota.	https://assets.cai-media-management.com/resize/1024x1024/common-vehicle-media/457fff19-fc60-499e-9411-6e0335e81eb1.jpg	in stock	NEW	SUV	Vehicles & Parts > Vehicles > Motor Vehicles > Cars, Trucks & Vans	JTMBGAHB9TY615118	https://www.stcloudtoyota.com/vehicle/New/2026/Toyota/bZ-Woodland/JTMBGAHB9TY615118/123?store={store_code}	GRAY	0 miles	bZ Woodland	JTMBGAHB9TY615118	2026	47820 USD	2186	47820 USD	MI	no	bZ Woodland	No	Over 20k
JTND4MBEXV3275513	2027 Toyota Corolla Hatchback SE	Toyota	https://www.stcloudtoyota.com/vehicle/New/2027/Toyota/Corolla-Hatchback/JTND4MBEXV3275513/	27161 USD	2027 Ice Cap Toyota Corolla SE 2.0L 4-Cyl. For sale at St. Cloud Toyota in St. Cloud Minnesota.	https://media.rti.toyota.com/adobe/assets/urn:aaid:aem:4efd911c-03bb-4dcc-9c88-1980121c15cb/as/image.png?size=1200,663	in stock	NEW	OTHER	Vehicles & Parts > Vehicles > Motor Vehicles > Cars, Trucks & Vans	JTND4MBEXV3275513	https://www.stcloudtoyota.com/vehicle/New/2027/Toyota/Corolla-Hatchback/JTND4MBEXV3275513/123?store={store_code}	WHITE	0 miles	Corolla	JTND4MBEXV3275513	2027	27161 USD	2186	27161 USD	MI	no	Corolla	No	Over 20k
JTDBCMFE9V3171152	2027 Toyota Corolla Hybrid SE	Toyota	https://www.stcloudtoyota.com/vehicle/New/2027/Toyota/Corolla-Hybrid/JTDBCMFE9V3171152/	31337 USD	2027 Wind Chill Pearl Toyota Corolla SE 1.8L 4-Cyl. Hybrid For sale at St. Cloud Toyota in St. Cloud Minnesota.	https://media.rti.toyota.com/adobe/assets/urn:aaid:aem:dd63748e-848c-4fbd-85a5-b0e93366e683/as/image.png?size=1200,663	in stock	NEW	OTHER	Vehicles & Parts > Vehicles > Motor Vehicles > Cars, Trucks & Vans	JTDBCMFE9V3171152	https://www.stcloudtoyota.com/vehicle/New/2027/Toyota/Corolla-Hybrid/JTDBCMFE9V3171152/123?store={store_code}	WHITE	0 miles	Corolla	JTDBCMFE9V3171152	2027	31337 USD	2186	31337 USD	MI	no	Corolla	No	Over 20k
5YFB4MDE9VP514940	2027 Toyota Corolla LE	Toyota	https://www.stcloudtoyota.com/vehicle/New/2027/Toyota/Corolla/5YFB4MDE9VP514940/	25696 USD	2027 Ice Cap Toyota Corolla LE 2.0L 4-Cyl. For sale at St. Cloud Toyota in St. Cloud Minnesota.	https://media.rti.toyota.com/adobe/assets/urn:aaid:aem:1074397a-f0be-472f-aef8-f4d9b89b2567/as/image.png?size=1200,663	in stock	NEW	OTHER	Vehicles & Parts > Vehicles > Motor Vehicles > Cars, Trucks & Vans	5YFB4MDE9VP514940	https://www.stcloudtoyota.com/vehicle/New/2027/Toyota/Corolla/5YFB4MDE9VP514940/123?store={store_code}	WHITE	0 miles	Corolla	5YFB4MDE9VP514940	2027	25696 USD	2186	25696 USD	MI	no	Corolla	No	Over 20k
5YFP4MCE3VP46D611	2027 Toyota Corolla SE	Toyota	https://www.stcloudtoyota.com/vehicle/New/2027/Toyota/Corolla/5YFP4MCE3VP46D611/	29157 USD	2027 Blueprint Toyota Corolla SE 2.0L 4-Cyl. For sale at St. Cloud Toyota in St. Cloud Minnesota.	https://media.rti.toyota.com/adobe/assets/urn:aaid:aem:b9203b10-2232-4739-ad10-60d3469813a2/as/image.png?size=1200,663	in stock	NEW	OTHER	Vehicles & Parts > Vehicles > Motor Vehicles > Cars, Trucks & Vans	5YFP4MCE3VP46D611	https://www.stcloudtoyota.com/vehicle/New/2027/Toyota/Corolla/5YFP4MCE3VP46D611/123?store={store_code}	BLUE	0 miles	Corolla	5YFP4MCE3VP46D611	2027	29157 USD	2186	29157 USD	MI	no	Corolla	No	Over 20k
5YFT4MCEXVP299140	2027 Toyota Corolla XSE	Toyota	https://www.stcloudtoyota.com/vehicle/New/2027/Toyota/Corolla/5YFT4MCEXVP299140/	31238 USD	2027 Blueprint Toyota Corolla XSE 2.0L 4-Cyl. For sale at St. Cloud Toyota in St. Cloud Minnesota.	https://assets.cai-media-management.com/resize/1024x1024/common-vehicle-media/ad317929-6546-457d-8657-1ec36ab13436.jpg	in stock	NEW	OTHER	Vehicles & Parts > Vehicles > Motor Vehicles > Cars, Trucks & Vans	5YFT4MCEXVP299140	https://www.stcloudtoyota.com/vehicle/New/2027/Toyota/Corolla/5YFT4MCEXVP299140/123?store={store_code}	BLUE	0 miles	Corolla	5YFT4MCEXVP299140	2027	31238 USD	2186	31238 USD	MI	no	Corolla	No	Over 20k
JTDAFAAFXV3017535	2027 Toyota Crown Platinum	Toyota	https://www.stcloudtoyota.com/vehicle/New/2027/Toyota/Crown/JTDAFAAFXV3017535/	58233 USD	2027 Finish Line Red Toyota Crown Platinum 2.4L 4-Cyl. Turbo Hybrid MAX For sale at St. Cloud Toyota in St. Cloud Minnesota.	https://media.rti.toyota.com/adobe/assets/urn:aaid:aem:16d74782-cf4a-4319-88c5-a282fbab50eb/as/image.png?size=1200,663	in stock	NEW	OTHER	Vehicles & Parts > Vehicles > Motor Vehicles > Cars, Trucks & Vans	JTDAFAAFXV3017535	https://www.stcloudtoyota.com/vehicle/New/2027/Toyota/Crown/JTDAFAAFXV3017535/123?store={store_code}	RED	0 miles	Crown	JTDAFAAFXV3017535	2027	58233 USD	2186	58233 USD	MI	no	Crown	No	Over 20k
JTEABFAJ2V141BB64	2027 Toyota Land Cruiser	Toyota	https://www.stcloudtoyota.com/vehicle/New/2027/Toyota/Land-Cruiser/JTEABFAJ2V141BB64/	76945 USD	2027 Wind Chill Pearl Toyota Land Cruiser 2.4L 4-Cyl. i-FORCE MAX Hybrid For sale at St. Cloud Toyota in St. Cloud Minnesota.	https://media.rti.toyota.com/adobe/assets/urn:aaid:aem:0f7ef5a2-0c0d-4adb-b9e5-f229a59f3346/as/image.png?size=1200,663	in stock	NEW	SUV	Vehicles & Parts > Vehicles > Motor Vehicles > Cars, Trucks & Vans	JTEABFAJ2V141BB64	https://www.stcloudtoyota.com/vehicle/New/2027/Toyota/Land-Cruiser/JTEABFAJ2V141BB64/123?store={store_code}	WHITE	0 miles	Land Cruiser	JTEABFAJ2V141BB64	2027	76945 USD	2186	76945 USD	MI	no	Land Cruiser	No	Over 20k
JTDADABU6V3039874	2027 Toyota Prius XLE AWD	Toyota	https://www.stcloudtoyota.com/vehicle/New/2027/Toyota/Prius/JTDADABU6V3039874/	37491 USD	2027 Supersonic Red Toyota Prius XLE AWD 2.0L 4-Cyl. Hybrid For sale at St. Cloud Toyota in St. Cloud Minnesota.	https://media.rti.toyota.com/adobe/assets/urn:aaid:aem:c0bce614-c5e5-4f84-ada8-4584160165ca/as/image.png?size=1200,663	in stock	NEW	OTHER	Vehicles & Parts > Vehicles > Motor Vehicles > Cars, Trucks & Vans	JTDADABU6V3039874	https://www.stcloudtoyota.com/vehicle/New/2027/Toyota/Prius/JTDADABU6V3039874/123?store={store_code}	RED	0 miles	Prius	JTDADABU6V3039874	2027	37491 USD	2186	37491 USD	MI	no	Prius	No	Over 20k
JTMBDAFB7VA015852	2027 Toyota bZ XLE	Toyota	https://www.stcloudtoyota.com/vehicle/New/2027/Toyota/bZ/JTMBDAFB7VA015852/	43904 USD	2027 Wind Chill Pearl Toyota bZ XLE Dual Electric Motors For sale at St. Cloud Toyota in St. Cloud Minnesota.	https://media.rti.toyota.com/adobe/assets/urn:aaid:aem:d1f11f26-3f78-4074-a7e4-ff6aade23418/as/image.png?size=1200,663	in stock	NEW	SUV	Vehicles & Parts > Vehicles > Motor Vehicles > Cars, Trucks & Vans	JTMBDAFB7VA015852	https://www.stcloudtoyota.com/vehicle/New/2027/Toyota/bZ/JTMBDAFB7VA015852/123?store={store_code}	WHITE	0 miles	bZ	JTMBDAFB7VA015852	2027	43904 USD	2186	43904 USD	MI	no	bZ	No	Over 20k
4T1FA38PX8U136355	2008 Toyota Camry Solara SLE	Toyota	https://www.stcloudtoyota.com/vehicle/Used/2008/Toyota/Camry-Solara/4T1FA38PX8U136355/	16041 USD	2008 Blue Metallic Toyota Camry Solara SLE 3.3L DOHC V6 SMPI For sale at St. Cloud Toyota in St. Cloud Minnesota.	https://assets.cai-media-management.com/resize/1024x1024/common-vehicle-media/3dfdebc7-ac91-47bd-9918-43c7f2a69c01.jpg	in stock	USED	OTHER	Vehicles & Parts > Vehicles > Motor Vehicles > Cars, Trucks & Vans	4T1FA38PX8U136355	https://www.stcloudtoyota.com/vehicle/Used/2008/Toyota/Camry-Solara/4T1FA38PX8U136355/123?store={store_code}	BLUE	41282 miles	Camry Solara	4T1FA38PX8U136355	2008	16041 USD	2186	16041 USD	MI	no	Camry Solara	No	Under 20k
2T3RFREVXEW150909	2014 Toyota RAV4 XLE	Toyota	https://www.stcloudtoyota.com/vehicle/Used/2014/Toyota/RAV4/2T3RFREVXEW150909/	16841 USD	2014 Barcelona Red Metallic Toyota RAV4 XLE 2.5L DOHC 4-Cylinder Engine with Dual VVT-I For sale at St. Cloud Toyota in St. Cloud Minnesota.	https://assets.cai-media-management.com/resize/1024x1024/common-vehicle-media/655889b3-8d65-445f-932c-b7ba8f81d682.jpg	in stock	USED	SUV	Vehicles & Parts > Vehicles > Motor Vehicles > Cars, Trucks & Vans	2T3RFREVXEW150909	https://www.stcloudtoyota.com/vehicle/Used/2014/Toyota/RAV4/2T3RFREVXEW150909/123?store={store_code}	RED	106143 miles	RAV4	2T3RFREVXEW150909	2014	16841 USD	2186	16841 USD	MI	no	RAV4	No	Under 20k
1FTEW1EG8FFD08815	2015 Ford F-150 Platinum Crew Cab	Ford	https://www.stcloudtoyota.com/vehicle/Used/2015/Ford/F-150/1FTEW1EG8FFD08815/	29341 USD	2015 Tuxedo Black Metallic Ford F-150 Platinum 3.5L V6 For sale at St. Cloud Toyota in St. Cloud Minnesota.	https://assets.cai-media-management.com/resize/1024x1024/common-vehicle-media/eb72d251-bf7b-4f24-86ae-1e86fa0c39de.jpg	in stock	USED	TRUCK	Vehicles & Parts > Vehicles > Motor Vehicles > Cars, Trucks & Vans	1FTEW1EG8FFD08815	https://www.stcloudtoyota.com/vehicle/Used/2015/Ford/F-150/1FTEW1EG8FFD08815/123?store={store_code}	BLACK	73337 miles	F-150	1FTEW1EG8FFD08815	2015	29341 USD	2186	29341 USD	MI	no	F-150	No	Over 20k
5TDJKRFH2FS151010	2015 Toyota Highlander XLE V6	Toyota	https://www.stcloudtoyota.com/vehicle/Used/2015/Toyota/Highlander/5TDJKRFH2FS151010/	14841 USD	2015 Blizzard Pearl Toyota Highlander XLE V6 3.5L V6 DOHC 24-Valve Engine with Dual VVT-I For sale at St. Cloud Toyota in St. Cloud Minnesota.	https://assets.cai-media-management.com/resize/1024x1024/common-vehicle-media/a0869e96-c208-4c09-bda7-073475177510.jpg	in stock	USED	SUV	Vehicles & Parts > Vehicles > Motor Vehicles > Cars, Trucks & Vans	5TDJKRFH2FS151010	https://www.stcloudtoyota.com/vehicle/Used/2015/Toyota/Highlander/5TDJKRFH2FS151010/123?store={store_code}	WHITE	193200 miles	Highlander	5TDJKRFH2FS151010	2015	14841 USD	2186	14841 USD	MI	no	Highlander	No	Under 20k
1FM5K8GT6GGB90852	2016 Ford Explorer Sport	Ford	https://www.stcloudtoyota.com/vehicle/Used/2016/Ford/Explorer/1FM5K8GT6GGB90852/	15041 USD	2016 Ingot Silver Metallic Ford Explorer Sport 3.5L V6 For sale at St. Cloud Toyota in St. Cloud Minnesota.	https://assets.cai-media-management.com/resize/1024x1024/common-vehicle-media/e7d75fd4-5c22-41b9-920b-fe06cfa53844.jpg	in stock	USED	SUV	Vehicles & Parts > Vehicles > Motor Vehicles > Cars, Trucks & Vans	1FM5K8GT6GGB90852	https://www.stcloudtoyota.com/vehicle/Used/2016/Ford/Explorer/1FM5K8GT6GGB90852/123?store={store_code}	SILVER	113025 miles	Explorer	1FM5K8GT6GGB90852	2016	15041 USD	2186	15041 USD	MI	no	Explorer	No	Under 20k
1C4NJDBB2GD638522	2016 Jeep Compass Sport	Jeep	https://www.stcloudtoyota.com/vehicle/Used/2016/Jeep/Compass/1C4NJDBB2GD638522/	7841 USD	2016 Black Clearcoat Jeep Compass Sport 2.4L I4 DOHC 16V Dual VVT For sale at St. Cloud Toyota in St. Cloud Minnesota.	https://assets.cai-media-management.com/resize/1024x1024/common-vehicle-media/2d377ee1-337c-48f8-8da3-242fdcb05864.jpg	in stock	USED	SUV	Vehicles & Parts > Vehicles > Motor Vehicles > Cars, Trucks & Vans	1C4NJDBB2GD638522	https://www.stcloudtoyota.com/vehicle/Used/2016/Jeep/Compass/1C4NJDBB2GD638522/123?store={store_code}	BLACK	129109 miles	Compass	1C4NJDBB2GD638522	2016	7841 USD	2186	7841 USD	MI	no	Compass	No	Under 20k
JTEBU5JRXG5313539	2016 Toyota 4Runner Trail	Toyota	https://www.stcloudtoyota.com/vehicle/Used/2016/Toyota/4Runner/JTEBU5JRXG5313539/	24341 USD	2016 Classic Silver Metallic Toyota 4Runner Trail 4.0L V6 DOHC SMPI For sale at St. Cloud Toyota in St. Cloud Minnesota.	https://assets.cai-media-management.com/resize/1024x1024/common-vehicle-media/6e010690-1b6d-4049-b82e-75cf213bd260.jpg	in stock	USED	SUV	Vehicles & Parts > Vehicles > Motor Vehicles > Cars, Trucks & Vans	JTEBU5JRXG5313539	https://www.stcloudtoyota.com/vehicle/Used/2016/Toyota/4Runner/JTEBU5JRXG5313539/123?store={store_code}	SILVER	160800 miles	4Runner	JTEBU5JRXG5313539	2016	24341 USD	2186	24341 USD	MI	no	4Runner	No	Over 20k
1FMCU9GD7HUA69816	2017 Ford Escape SE	Ford	https://www.stcloudtoyota.com/vehicle/Used/2017/Ford/Escape/1FMCU9GD7HUA69816/	13941 USD	2017 Shadow Black Ford Escape SE 1.5L EcoBoost For sale at St. Cloud Toyota in St. Cloud Minnesota.	https://assets.cai-media-management.com/resize/1024x1024/common-vehicle-media/dac2c6a7-f898-4f72-a5cc-57be6fd83eb5.jpg	in stock	USED	SUV	Vehicles & Parts > Vehicles > Motor Vehicles > Cars, Trucks & Vans	1FMCU9GD7HUA69816	https://www.stcloudtoyota.com/vehicle/Used/2017/Ford/Escape/1FMCU9GD7HUA69816/123?store={store_code}	BLACK	59506 miles	Escape	1FMCU9GD7HUA69816	2017	13941 USD	2186	13941 USD	MI	no	Escape	No	Under 20k
1FT8W3BT4HEC59132	2017 Ford F-350SD Lariat Crew Cab	Ford	https://www.stcloudtoyota.com/vehicle/Used/2017/Ford/F-350SD/1FT8W3BT4HEC59132/	48341 USD	2017 Race Red Ford F-350SD Lariat Power Stroke 6.7L V8 DI 32V OHV Turbodiesel For sale at St. Cloud Toyota in St. Cloud Minnesota.	https://assets.cai-media-management.com/resize/1024x1024/common-vehicle-media/77fa274b-44bb-47a8-ac0e-f10efaf831e5.jpg	in stock	USED	TRUCK	Vehicles & Parts > Vehicles > Motor Vehicles > Cars, Trucks & Vans	1FT8W3BT4HEC59132	https://www.stcloudtoyota.com/vehicle/Used/2017/Ford/F-350SD/1FT8W3BT4HEC59132/123?store={store_code}	RED	107081 miles	F-350SD	1FT8W3BT4HEC59132	2017	48341 USD	2186	48341 USD	MI	no	F-350SD	No	Over 20k
2T3BFREV9HW592005	2017 Toyota RAV4 LE	Toyota	https://www.stcloudtoyota.com/vehicle/Used/2017/Toyota/RAV4/2T3BFREV9HW592005/	19341 USD	2017 Black Toyota RAV4 LE 2.5L DOHC 4-Cylinder Engine with Dual VVT-I For sale at St. Cloud Toyota in St. Cloud Minnesota.	https://assets.cai-media-management.com/resize/1024x1024/common-vehicle-media/895e7e6b-35cd-4aa1-9402-fc6f1263523d.png	in stock	USED	SUV	Vehicles & Parts > Vehicles > Motor Vehicles > Cars, Trucks & Vans	2T3BFREV9HW592005	https://www.stcloudtoyota.com/vehicle/Used/2017/Toyota/RAV4/2T3BFREV9HW592005/123?store={store_code}	BLACK	115637 miles	RAV4	2T3BFREV9HW592005	2017	19341 USD	2186	19341 USD	MI	no	RAV4	No	Under 20k
WA1BNAFYXJ2217102	2018 Audi Q5 2.0T	Audi	https://www.stcloudtoyota.com/vehicle/Used/2018/Audi/Q5/WA1BNAFYXJ2217102/	17341 USD	2018 Ibis White Audi Q5 2.0T 2.0L TFSI Direct-Injection DOHC 4 Cylinder For sale at St. Cloud Toyota in St. Cloud Minnesota.	https://assets.cai-media-management.com/resize/1024x1024/common-vehicle-media/fa052398-c2fa-4d10-84bb-2a93ed021621.jpg	in stock	USED	SUV	Vehicles & Parts > Vehicles > Motor Vehicles > Cars, Trucks & Vans	WA1BNAFYXJ2217102	https://www.stcloudtoyota.com/vehicle/Used/2018/Audi/Q5/WA1BNAFYXJ2217102/123?store={store_code}	WHITE	93733 miles	Q5	WA1BNAFYXJ2217102	2018	17341 USD	2186	17341 USD	MI	no	Q5	No	Under 20k
3GCUKREC0JG498880	2018 Chevrolet Silverado 1500 LT Crew Cab	Chevrolet	https://www.stcloudtoyota.com/vehicle/Used/2018/Chevrolet/Silverado-1500/3GCUKREC0JG498880/	24041 USD	2018 Red Hot Chevrolet Silverado 1500 LT EcoTec3 5.3L V8 For sale at St. Cloud Toyota in St. Cloud Minnesota.	https://assets.cai-media-management.com/resize/1024x1024/common-vehicle-media/386534e1-1dda-4bc2-96ec-3af664661de9.jpg	in stock	USED	TRUCK	Vehicles & Parts > Vehicles > Motor Vehicles > Cars, Trucks & Vans	3GCUKREC0JG498880	https://www.stcloudtoyota.com/vehicle/Used/2018/Chevrolet/Silverado-1500/3GCUKREC0JG498880/123?store={store_code}	RED	95125 miles	Silverado 1500	3GCUKREC0JG498880	2018	24041 USD	2186	24041 USD	MI	no	Silverado 1500	No	Over 20k
1FMCU9GD1JUD08766	2018 Ford Escape SE	Ford	https://www.stcloudtoyota.com/vehicle/Used/2018/Ford/Escape/1FMCU9GD1JUD08766/	15541 USD	2018 White Gold Metallic Ford Escape SE EcoBoost 1.5L I4 GTDi DOHC Turbocharged VCT For sale at St. Cloud Toyota in St. Cloud Minnesota.	https://assets.cai-media-management.com/resize/1024x1024/common-vehicle-media/c28e56ee-221f-4103-ae14-18a431f1b82b.jpg	in stock	USED	SUV	Vehicles & Parts > Vehicles > Motor Vehicles > Cars, Trucks & Vans	1FMCU9GD1JUD08766	https://www.stcloudtoyota.com/vehicle/Used/2018/Ford/Escape/1FMCU9GD1JUD08766/123?store={store_code}	WHITE	48555 miles	Escape	1FMCU9GD1JUD08766	2018	15541 USD	2186	15541 USD	MI	no	Escape	No	Under 20k
3TMCZ5AN3JM164044	2018 Toyota Tacoma TRD Off-Road 5' Bed	Toyota	https://www.stcloudtoyota.com/vehicle/Used/2018/Toyota/Tacoma/3TMCZ5AN3JM164044/	26341 USD	2018 Midnight Black Metallic Toyota Tacoma TRD Off-Road 3.5L Atkinson-Cycle V6 For sale at St. Cloud Toyota in St. Cloud Minnesota.	https://assets.cai-media-management.com/resize/1024x1024/common-vehicle-media/324e1c81-827c-4c70-84b0-c28ef12aa09c.jpg	in stock	USED	TRUCK	Vehicles & Parts > Vehicles > Motor Vehicles > Cars, Trucks & Vans	3TMCZ5AN3JM164044	https://www.stcloudtoyota.com/vehicle/Used/2018/Toyota/Tacoma/3TMCZ5AN3JM164044/123?store={store_code}	BLACK	146237 miles	Tacoma	3TMCZ5AN3JM164044	2018	26341 USD	2186	26341 USD	MI	no	Tacoma	No	Over 20k
2GNAXVEX4K6202778	2019 Chevrolet Equinox LT	Chevrolet	https://www.stcloudtoyota.com/vehicle/Used/2019/Chevrolet/Equinox/2GNAXVEX4K6202778/	19041 USD	2019 Nightfall Gray Metallic Chevrolet Equinox LT 2.0L Turbocharged For sale at St. Cloud Toyota in St. Cloud Minnesota.	https://assets.cai-media-management.com/resize/1024x1024/common-vehicle-media/2700a7e4-b927-442b-9a4f-1e8dcbaf0a72.jpg	in stock	USED	SUV	Vehicles & Parts > Vehicles > Motor Vehicles > Cars, Trucks & Vans	2GNAXVEX4K6202778	https://www.stcloudtoyota.com/vehicle/Used/2019/Chevrolet/Equinox/2GNAXVEX4K6202778/123?store={store_code}	GRAY	62526 miles	Equinox	2GNAXVEX4K6202778	2019	19041 USD	2186	19041 USD	MI	no	Equinox	No	Under 20k
1FM5K8F88KGB48804	2019 Ford Explorer Limited	Ford	https://www.stcloudtoyota.com/vehicle/Used/2019/Ford/Explorer/1FM5K8F88KGB48804/	20341 USD	2019 Ruby Red Metallic Tinted Clearcoat Ford Explorer Limited 3.5L 6-Cylinder SMPI Turbocharged DOHC For sale at St. Cloud Toyota in St. Cloud Minnesota.	https://assets.cai-media-management.com/resize/1024x1024/common-vehicle-media/b94f1260-5ccb-4bac-a302-cfdf480b2882.jpg	in stock	USED	SUV	Vehicles & Parts > Vehicles > Motor Vehicles > Cars, Trucks & Vans	1FM5K8F88KGB48804	https://www.stcloudtoyota.com/vehicle/Used/2019/Ford/Explorer/1FM5K8F88KGB48804/123?store={store_code}	RED	80957 miles	Explorer	1FM5K8F88KGB48804	2019	20341 USD	2186	20341 USD	MI	no	Explorer	No	Over 20k
1GTG6EEN2K1216508	2019 GMC Canyon Denali Crew Cab	GMC	https://www.stcloudtoyota.com/vehicle/Used/2019/GMC/Canyon/1GTG6EEN2K1216508/	25341 USD	2019 Onyx Black GMC Canyon Denali V6 For sale at St. Cloud Toyota in St. Cloud Minnesota.	https://assets.cai-media-management.com/resize/1024x1024/common-vehicle-media/5d062176-4d6b-4b12-972b-2b3d7fd0a3a4.jpg	in stock	USED	TRUCK	Vehicles & Parts > Vehicles > Motor Vehicles > Cars, Trucks & Vans	1GTG6EEN2K1216508	https://www.stcloudtoyota.com/vehicle/Used/2019/GMC/Canyon/1GTG6EEN2K1216508/123?store={store_code}	BLACK	111821 miles	Canyon	1GTG6EEN2K1216508	2019	25341 USD	2186	25341 USD	MI	no	Canyon	No	Over 20k
1GKS2GKCXKR268799	2019 GMC Yukon XL SLT	GMC	https://www.stcloudtoyota.com/vehicle/Used/2019/GMC/Yukon-XL/1GKS2GKCXKR268799/	28041 USD	2019 Summit White GMC Yukon XL SLT EcoTec3 5.3L V8 For sale at St. Cloud Toyota in St. Cloud Minnesota.	https://assets.cai-media-management.com/resize/1024x1024/common-vehicle-media/badcc647-933f-4c80-a90f-ea191dab9fb6.jpg	in stock	USED	SUV	Vehicles & Parts > Vehicles > Motor Vehicles > Cars, Trucks & Vans	1GKS2GKCXKR268799	https://www.stcloudtoyota.com/vehicle/Used/2019/GMC/Yukon-XL/1GKS2GKCXKR268799/123?store={store_code}	WHITE	95664 miles	Yukon XL	1GKS2GKCXKR268799	2019	28041 USD	2186	28041 USD	MI	no	Yukon XL	No	Over 20k
JTJDZKCA0K2015397	2019 Lexus RX 350L	Lexus	https://www.stcloudtoyota.com/vehicle/Used/2019/Lexus/RX/JTJDZKCA0K2015397/	30341 USD	2019 Obsidian Lexus RX 350L 3.5L V6 DOHC 24-Valve VVT-I For sale at St. Cloud Toyota in St. Cloud Minnesota.	https://assets.cai-media-management.com/resize/1024x1024/common-vehicle-media/753ffa1b-2ea0-4e04-b58a-d7eed868b810.jpg	in stock	USED	SUV	Vehicles & Parts > Vehicles > Motor Vehicles > Cars, Trucks & Vans	JTJDZKCA0K2015397	https://www.stcloudtoyota.com/vehicle/Used/2019/Lexus/RX/JTJDZKCA0K2015397/123?store={store_code}	BLACK	94228 miles	RX	JTJDZKCA0K2015397	2019	30341 USD	2186	30341 USD	MI	no	RX	No	Over 20k
2T3J1RFVXKW067647	2019 Toyota RAV4 Adventure	Toyota	https://www.stcloudtoyota.com/vehicle/Used/2019/Toyota/RAV4/2T3J1RFVXKW067647/	24841 USD	2019 Midnight Black Metallic Toyota RAV4 Adventure 2.5L DOHC 4-Cylinder Engine with Dual VVT-I For sale at St. Cloud Toyota in St. Cloud Minnesota.	https://assets.cai-media-management.com/resize/1024x1024/common-vehicle-media/ee46e69e-5640-494c-9cc8-3cc6c420b098.jpg	in stock	USED	SUV	Vehicles & Parts > Vehicles > Motor Vehicles > Cars, Trucks & Vans	2T3J1RFVXKW067647	https://www.stcloudtoyota.com/vehicle/Used/2019/Toyota/RAV4/2T3J1RFVXKW067647/123?store={store_code}	BLACK	117990 miles	RAV4	2T3J1RFVXKW067647	2019	24841 USD	2186	24841 USD	MI	no	RAV4	No	Over 20k
2GNAXUEV9L6154897	2020 Chevrolet Equinox LT	Chevrolet	https://www.stcloudtoyota.com/vehicle/Used/2020/Chevrolet/Equinox/2GNAXUEV9L6154897/	14341 USD	2020 Nightfall Gray Metallic Chevrolet Equinox LT 1.5L DOHC For sale at St. Cloud Toyota in St. Cloud Minnesota.	https://assets.cai-media-management.com/resize/1024x1024/common-vehicle-media/dc73a5d3-bbd0-45c4-88ed-bc023df70bc9.jpg	in stock	USED	SUV	Vehicles & Parts > Vehicles > Motor Vehicles > Cars, Trucks & Vans	2GNAXUEV9L6154897	https://www.stcloudtoyota.com/vehicle/Used/2020/Chevrolet/Equinox/2GNAXUEV9L6154897/123?store={store_code}	GRAY	107788 miles	Equinox	2GNAXUEV9L6154897	2020	14341 USD	2186	14341 USD	MI	no	Equinox	No	Under 20k
2C4RC1GGXLR164986	2020 Chrysler Pacifica Limited	Chrysler	https://www.stcloudtoyota.com/vehicle/Used/2020/Chrysler/Pacifica/2C4RC1GGXLR164986/	21341 USD	2020 Brilliant Black Crystal Pearlcoat Chrysler Pacifica Limited 3.6L V6 24V VVT For sale at St. Cloud Toyota in St. Cloud Minnesota.	https://assets.cai-media-management.com/resize/1024x1024/common-vehicle-media/23f3012b-98f5-4ce6-976c-5016e96309a6.jpg	in stock	USED	VAN	Vehicles & Parts > Vehicles > Motor Vehicles > Cars, Trucks & Vans	2C4RC1GGXLR164986	https://www.stcloudtoyota.com/vehicle/Used/2020/Chrysler/Pacifica/2C4RC1GGXLR164986/123?store={store_code}	BLACK	92717 miles	Pacifica	2C4RC1GGXLR164986	2020	21341 USD	2186	21341 USD	MI	no	Pacifica	No	Over 20k
1C4PJMDX4LD567156	2020 Jeep Cherokee Limited	Jeep	https://www.stcloudtoyota.com/vehicle/Used/2020/Jeep/Cherokee/1C4PJMDX4LD567156/	17341 USD	2020 Velvet Red Pearlcoat Jeep Cherokee Limited 3.2L V6 For sale at St. Cloud Toyota in St. Cloud Minnesota.	https://assets.cai-media-management.com/resize/1024x1024/common-vehicle-media/2dc9e4e7-af2f-4774-9520-8d85f1ec0db4.jpg	in stock	USED	SUV	Vehicles & Parts > Vehicles > Motor Vehicles > Cars, Trucks & Vans	1C4PJMDX4LD567156	https://www.stcloudtoyota.com/vehicle/Used/2020/Jeep/Cherokee/1C4PJMDX4LD567156/123?store={store_code}	RED	98360 miles	Cherokee	1C4PJMDX4LD567156	2020	17341 USD	2186	17341 USD	MI	no	Cherokee	No	Under 20k
1C4HJXFN9LW270552	2020 Jeep Wrangler Unlimited Rubicon	Jeep	https://www.stcloudtoyota.com/vehicle/Used/2020/Jeep/Wrangler/1C4HJXFN9LW270552/	32141 USD	2020 Bright White Clearcoat Jeep Wrangler Unlimited Rubicon 2.0L I4 DOHC For sale at St. Cloud Toyota in St. Cloud Minnesota.	https://assets.cai-media-management.com/resize/1024x1024/common-vehicle-media/2037b3d9-bbaf-47ac-9c91-f3ec0ad661df.jpg	in stock	USED	SUV	Vehicles & Parts > Vehicles > Motor Vehicles > Cars, Trucks & Vans	1C4HJXFN9LW270552	https://www.stcloudtoyota.com/vehicle/Used/2020/Jeep/Wrangler/1C4HJXFN9LW270552/123?store={store_code}	WHITE	64444 miles	Wrangler	1C4HJXFN9LW270552	2020	32141 USD	2186	32141 USD	MI	no	Wrangler	No	Over 20k
2T2HZMDA5LC236975	2020 Lexus RX 350	Lexus	https://www.stcloudtoyota.com/vehicle/Used/2020/Lexus/RX/2T2HZMDA5LC236975/	37841 USD	2020 Eminent White Pearl Lexus RX 350 3.5L V6 DOHC 24-Valve VVT-IW For sale at St. Cloud Toyota in St. Cloud Minnesota.	https://assets.cai-media-management.com/resize/1024x1024/common-vehicle-media/9f6371f6-ed1d-4830-acd7-04f5826c50ee.jpg	in stock	USED	SUV	Vehicles & Parts > Vehicles > Motor Vehicles > Cars, Trucks & Vans	2T2HZMDA5LC236975	https://www.stcloudtoyota.com/vehicle/Used/2020/Lexus/RX/2T2HZMDA5LC236975/123?store={store_code}	WHITE	42996 miles	RX	2T2HZMDA5LC236975	2020	37841 USD	2186	37841 USD	MI	no	RX	No	Over 20k
JF2GTAMC1LH278509	2020 Subaru Crosstrek Limited	Subaru	https://www.stcloudtoyota.com/vehicle/Used/2020/Subaru/Crosstrek/JF2GTAMC1LH278509/	24341 USD	2020 Sunshine Orange Subaru Crosstrek Limited 2.0L DOHC For sale at St. Cloud Toyota in St. Cloud Minnesota.	https://assets.cai-media-management.com/resize/1024x1024/common-vehicle-media/aa4c7ce9-024f-4b82-a5be-5ca2331fe5ab.jpg	in stock	USED	SUV	Vehicles & Parts > Vehicles > Motor Vehicles > Cars, Trucks & Vans	JF2GTAMC1LH278509	https://www.stcloudtoyota.com/vehicle/Used/2020/Subaru/Crosstrek/JF2GTAMC1LH278509/123?store={store_code}	ORANGE	50178 miles	Crosstrek	JF2GTAMC1LH278509	2020	24341 USD	2186	24341 USD	MI	no	Crosstrek	No	Over 20k
JF2SKAGC1LH506940	2020 Subaru Forester Premium	Subaru	https://www.stcloudtoyota.com/vehicle/Used/2020/Subaru/Forester/JF2SKAGC1LH506940/	13141 USD	2020 Crimson Red Pearl Subaru Forester Premium 2.5L 4 Cylinder DOHC 16V Engine with VVT For sale at St. Cloud Toyota in St. Cloud Minnesota.	https://assets.cai-media-management.com/resize/1024x1024/common-vehicle-media/4ad89d1b-b18c-414e-85f7-72d218b3146d.jpg	in stock	USED	SUV	Vehicles & Parts > Vehicles > Motor Vehicles > Cars, Trucks & Vans	JF2SKAGC1LH506940	https://www.stcloudtoyota.com/vehicle/Used/2020/Subaru/Forester/JF2SKAGC1LH506940/123?store={store_code}	RED	156190 miles	Forester	JF2SKAGC1LH506940	2020	13141 USD	2186	13141 USD	MI	no	Forester	No	Under 20k
JF2SKARC5LH404585	2020 Subaru Forester Sport	Subaru	https://www.stcloudtoyota.com/vehicle/Used/2020/Subaru/Forester/JF2SKARC5LH404585/	26541 USD	2020 Ice Silver Metallic Subaru Forester Sport 2.5L 4 Cylinder DOHC 16V Engine with VVT For sale at St. Cloud Toyota in St. Cloud Minnesota.	https://assets.cai-media-management.com/resize/1024x1024/common-vehicle-media/2133c6aa-6f46-4179-bf69-5d1145babedb.jpg	in stock	USED	SUV	Vehicles & Parts > Vehicles > Motor Vehicles > Cars, Trucks & Vans	JF2SKARC5LH404585	https://www.stcloudtoyota.com/vehicle/Used/2020/Subaru/Forester/JF2SKARC5LH404585/123?store={store_code}	SILVER	20065 miles	Forester	JF2SKARC5LH404585	2020	26541 USD	2186	26541 USD	MI	no	Forester	No	Over 20k
5TDDZRBH5LS052790	2020 Toyota Highlander Limited	Toyota	https://www.stcloudtoyota.com/vehicle/Used/2020/Toyota/Highlander/5TDDZRBH5LS052790/	34341 USD	2020 Blizzard Pearl Toyota Highlander Limited 3.5L V6 DOHC For sale at St. Cloud Toyota in St. Cloud Minnesota.	https://assets.cai-media-management.com/resize/1024x1024/common-vehicle-media/d56a6251-9a3d-48b8-ab9d-41b189548c9f.jpg	in stock	USED	SUV	Vehicles & Parts > Vehicles > Motor Vehicles > Cars, Trucks & Vans	5TDDZRBH5LS052790	https://www.stcloudtoyota.com/vehicle/Used/2020/Toyota/Highlander/5TDDZRBH5LS052790/123?store={store_code}	WHITE	69950 miles	Highlander	5TDDZRBH5LS052790	2020	34341 USD	2186	34341 USD	MI	no	Highlander	No	Over 20k
3TMGZ5AN1LM348581	2020 Toyota Tacoma Limited 5' Bed	Toyota	https://www.stcloudtoyota.com/vehicle/Used/2020/Toyota/Tacoma/3TMGZ5AN1LM348581/	35141 USD	2020 Super White Toyota Tacoma Limited 3.5L Atkinson-Cycle V6 For sale at St. Cloud Toyota in St. Cloud Minnesota.	https://assets.cai-media-management.com/resize/1024x1024/common-vehicle-media/0cae68eb-8280-4766-ada7-4117234d74a1.jpg	in stock	USED	TRUCK	Vehicles & Parts > Vehicles > Motor Vehicles > Cars, Trucks & Vans	3TMGZ5AN1LM348581	https://www.stcloudtoyota.com/vehicle/Used/2020/Toyota/Tacoma/3TMGZ5AN1LM348581/123?store={store_code}	WHITE	81236 miles	Tacoma	3TMGZ5AN1LM348581	2020	35141 USD	2186	35141 USD	MI	no	Tacoma	No	Over 20k
19UUB6F47MA006288	2021 Acura TLX Technology Package	Acura	https://www.stcloudtoyota.com/vehicle/Used/2021/Acura/TLX/19UUB6F47MA006288/	27341 USD	2021 Platinum White Pearl Acura TLX Technology Package 2.0L DOHC 16-Valve VTEC 4-Cylinder Turbo For sale at St. Cloud Toyota in St. Cloud Minnesota.	https://assets.cai-media-management.com/resize/1024x1024/common-vehicle-media/d9775238-2954-4e4e-ad0f-7ddd493ec5ed.jpg	in stock	USED	OTHER	Vehicles & Parts > Vehicles > Motor Vehicles > Cars, Trucks & Vans	19UUB6F47MA006288	https://www.stcloudtoyota.com/vehicle/Used/2021/Acura/TLX/19UUB6F47MA006288/123?store={store_code}	WHITE	65376 miles	TLX	19UUB6F47MA006288	2021	27341 USD	2186	27341 USD	MI	no	TLX	No	Over 20k
1G1ZD5ST2MF021928	2021 Chevrolet Malibu LT	Chevrolet	https://www.stcloudtoyota.com/vehicle/Used/2021/Chevrolet/Malibu/1G1ZD5ST2MF021928/	15341 USD	2021 Silver Ice Metallic Chevrolet Malibu LT 1.5L DOHC For sale at St. Cloud Toyota in St. Cloud Minnesota.	https://assets.cai-media-management.com/resize/1024x1024/common-vehicle-media/b58f785d-c3b7-41a5-9f5b-2d548d4d8f33.jpg	in stock	USED	OTHER	Vehicles & Parts > Vehicles > Motor Vehicles > Cars, Trucks & Vans	1G1ZD5ST2MF021928	https://www.stcloudtoyota.com/vehicle/Used/2021/Chevrolet/Malibu/1G1ZD5ST2MF021928/123?store={store_code}	SILVER	96928 miles	Malibu	1G1ZD5ST2MF021928	2021	15341 USD	2186	15341 USD	MI	no	Malibu	No	Under 20k
3GCUYEETXMG362185	2021 Chevrolet Silverado 1500 RST Crew Cab	Chevrolet	https://www.stcloudtoyota.com/vehicle/Used/2021/Chevrolet/Silverado-1500/3GCUYEETXMG362185/	28341 USD	2021 Summit White Chevrolet Silverado 1500 RST 3.0L I6 For sale at St. Cloud Toyota in St. Cloud Minnesota.	https://assets.cai-media-management.com/resize/1024x1024/common-vehicle-media/357e9caf-7a7f-4943-851b-c319d3f66bfd.jpg	in stock	USED	TRUCK	Vehicles & Parts > Vehicles > Motor Vehicles > Cars, Trucks & Vans	3GCUYEETXMG362185	https://www.stcloudtoyota.com/vehicle/Used/2021/Chevrolet/Silverado-1500/3GCUYEETXMG362185/123?store={store_code}	WHITE	100283 miles	Silverado 1500	3GCUYEETXMG362185	2021	28341 USD	2186	28341 USD	MI	no	Silverado 1500	No	Over 20k
1C4RJKDG9M8147786	2021 Jeep Grand Cherokee L Overland	Jeep	https://www.stcloudtoyota.com/vehicle/Used/2021/Jeep/Grand-Cherokee-L/1C4RJKDG9M8147786/	24341 USD	2021 Velvet Red Pearlcoat Jeep Grand Cherokee L Overland 3.6L V6 24V VVT For sale at St. Cloud Toyota in St. Cloud Minnesota.	https://assets.cai-media-management.com/resize/1024x1024/common-vehicle-media/8de08ce3-46dc-49e2-9778-429567db6a78.jpg	in stock	USED	SUV	Vehicles & Parts > Vehicles > Motor Vehicles > Cars, Trucks & Vans	1C4RJKDG9M8147786	https://www.stcloudtoyota.com/vehicle/Used/2021/Jeep/Grand-Cherokee-L/1C4RJKDG9M8147786/123?store={store_code}	RED	113145 miles	Grand Cherokee L	1C4RJKDG9M8147786	2021	24341 USD	2186	24341 USD	MI	no	Grand Cherokee L	No	Over 20k
1C4RJFAG0MC548944	2021 Jeep Grand Cherokee Laredo X	Jeep	https://www.stcloudtoyota.com/vehicle/Used/2021/Jeep/Grand-Cherokee/1C4RJFAG0MC548944/	22641 USD	2021 Velvet Red Pearlcoat Jeep Grand Cherokee Laredo X 3.6L V6 24V VVT For sale at St. Cloud Toyota in St. Cloud Minnesota.	https://assets.cai-media-management.com/resize/1024x1024/common-vehicle-media/1266933a-6275-418c-bc7b-7f3c1a4a3aac.jpg	in stock	USED	SUV	Vehicles & Parts > Vehicles > Motor Vehicles > Cars, Trucks & Vans	1C4RJFAG0MC548944	https://www.stcloudtoyota.com/vehicle/Used/2021/Jeep/Grand-Cherokee/1C4RJFAG0MC548944/123?store={store_code}	RED	72070 miles	Grand Cherokee	1C4RJFAG0MC548944	2021	22641 USD	2186	22641 USD	MI	no	Grand Cherokee	No	Over 20k
1C6SRFFT6MN808579	2021 Ram 1500 Big Horn/Lone Star Crew Cab	Ram	https://www.stcloudtoyota.com/vehicle/Used/2021/Ram/1500/1C6SRFFT6MN808579/	29041 USD	2021 Maximum Steel Metallic Clearcoat Ram 1500 Big Horn/Lone Star HEMI 5.7L V8 Multi Displacement VVT For sale at St. Cloud Toyota in St. Cloud Minnesota.	https://assets.cai-media-management.com/resize/1024x1024/common-vehicle-media/a496fdad-6971-45c0-9af6-f5ba1ac8c9be.jpg	in stock	USED	TRUCK	Vehicles & Parts > Vehicles > Motor Vehicles > Cars, Trucks & Vans	1C6SRFFT6MN808579	https://www.stcloudtoyota.com/vehicle/Used/2021/Ram/1500/1C6SRFFT6MN808579/123?store={store_code}	GRAY	82540 miles	1500	1C6SRFFT6MN808579	2021	29041 USD	2186	29041 USD	MI	no	1500	No	Over 20k
4T1H31AK1MU547997	2021 Toyota Camry Hybrid LE	Toyota	https://www.stcloudtoyota.com/vehicle/Used/2021/Toyota/Camry-Hybrid/4T1H31AK1MU547997/	23341 USD	2021 Super White Toyota Camry LE 2.5L I-4 DOHC 16-Valve Hybrid For sale at St. Cloud Toyota in St. Cloud Minnesota.	https://assets.cai-media-management.com/resize/1024x1024/common-vehicle-media/708b2024-1758-477a-aa6e-51106d8dfe1c.jpg	in stock	USED	OTHER	Vehicles & Parts > Vehicles > Motor Vehicles > Cars, Trucks & Vans	4T1H31AK1MU547997	https://www.stcloudtoyota.com/vehicle/Used/2021/Toyota/Camry-Hybrid/4T1H31AK1MU547997/123?store={store_code}	WHITE	85366 miles	Camry	4T1H31AK1MU547997	2021	23341 USD	2186	23341 USD	MI	no	Camry	No	Over 20k
5TDEBRCH7MS025342	2021 Toyota Highlander Hybrid Platinum	Toyota	https://www.stcloudtoyota.com/vehicle/Used/2021/Toyota/Highlander-Hybrid/5TDEBRCH7MS025342/	38341 USD	2021 Ruby Flare Pearl Toyota Highlander Platinum 2.5L L4HV DOHC For sale at St. Cloud Toyota in St. Cloud Minnesota.	https://assets.cai-media-management.com/resize/1024x1024/common-vehicle-media/ff4582a1-0948-467d-8fc5-e169d472b00b.jpg	in stock	USED	SUV	Vehicles & Parts > Vehicles > Motor Vehicles > Cars, Trucks & Vans	5TDEBRCH7MS025342	https://www.stcloudtoyota.com/vehicle/Used/2021/Toyota/Highlander-Hybrid/5TDEBRCH7MS025342/123?store={store_code}	RED	74360 miles	Highlander	5TDEBRCH7MS025342	2021	38341 USD	2186	38341 USD	MI	no	Highlander	No	Over 20k
JTMB6RFV6MD043898	2021 Toyota RAV4 Hybrid XLE Premium	Toyota	https://www.stcloudtoyota.com/vehicle/Used/2021/Toyota/RAV4-Hybrid/JTMB6RFV6MD043898/	28341 USD	2021 Magnetic Gray Metallic Toyota RAV4 XLE Premium 2.5L 4-Cylinder Atkinson Cycle For sale at St. Cloud Toyota in St. Cloud Minnesota.	https://assets.cai-media-management.com/resize/1024x1024/common-vehicle-media/cb0b73bf-dcd0-43f8-90a9-0865af91750e.jpg	in stock	USED	SUV	Vehicles & Parts > Vehicles > Motor Vehicles > Cars, Trucks & Vans	JTMB6RFV6MD043898	https://www.stcloudtoyota.com/vehicle/Used/2021/Toyota/RAV4-Hybrid/JTMB6RFV6MD043898/123?store={store_code}	GRAY	101418 miles	RAV4	JTMB6RFV6MD043898	2021	28341 USD	2186	28341 USD	MI	no	RAV4	No	Over 20k
2C4RC1CG7NR141528	2022 Chrysler Voyager LX	Chrysler	https://www.stcloudtoyota.com/vehicle/Used/2022/Chrysler/Voyager/2C4RC1CG7NR141528/	19841 USD	2022 Silver Mist Clearcoat Chrysler Voyager LX 3.6L V6 24V VVT For sale at St. Cloud Toyota in St. Cloud Minnesota.	https://assets.cai-media-management.com/resize/1024x1024/common-vehicle-media/ecdb9c31-ae32-445f-8176-edc839cd9203.jpg	in stock	USED	VAN	Vehicles & Parts > Vehicles > Motor Vehicles > Cars, Trucks & Vans	2C4RC1CG7NR141528	https://www.stcloudtoyota.com/vehicle/Used/2022/Chrysler/Voyager/2C4RC1CG7NR141528/123?store={store_code}	SILVER	69445 miles	Voyager	2C4RC1CG7NR141528	2022	19841 USD	2186	19841 USD	MI	no	Voyager	No	Under 20k
2FMPK4K99NBA51669	2022 Ford Edge Titanium	Ford	https://www.stcloudtoyota.com/vehicle/Used/2022/Ford/Edge/2FMPK4K99NBA51669/	23141 USD	2022 Iconic Silver Metallic Ford Edge Titanium EcoBoost 2.0L I4 GTDi DOHC Turbocharged VCT For sale at St. Cloud Toyota in St. Cloud Minnesota.	https://assets.cai-media-management.com/resize/1024x1024/common-vehicle-media/9095f518-971d-4989-8b22-255bb986e388.jpg	in stock	USED	SUV	Vehicles & Parts > Vehicles > Motor Vehicles > Cars, Trucks & Vans	2FMPK4K99NBA51669	https://www.stcloudtoyota.com/vehicle/Used/2022/Ford/Edge/2FMPK4K99NBA51669/123?store={store_code}	SILVER	58661 miles	Edge	2FMPK4K99NBA51669	2022	23141 USD	2186	23141 USD	MI	no	Edge	No	Over 20k
1FTFW1E54NFA71290	2022 Ford F-150 Lariat Crew Cab	Ford	https://www.stcloudtoyota.com/vehicle/Used/2022/Ford/F-150/1FTFW1E54NFA71290/	49341 USD	2022 Oxford White Ford F-150 Lariat 5.0L V8 For sale at St. Cloud Toyota in St. Cloud Minnesota.	https://assets.cai-media-management.com/resize/1024x1024/common-vehicle-media/2b26be8d-090e-4505-a04d-f78a8578f2fd.jpg	in stock	USED	TRUCK	Vehicles & Parts > Vehicles > Motor Vehicles > Cars, Trucks & Vans	1FTFW1E54NFA71290	https://www.stcloudtoyota.com/vehicle/Used/2022/Ford/F-150/1FTFW1E54NFA71290/123?store={store_code}	WHITE	15951 miles	F-150	1FTFW1E54NFA71290	2022	49341 USD	2186	49341 USD	MI	no	F-150	No	Over 20k
3GTP9EELXNG102302	2022 GMC Sierra 1500 Limited AT4 Crew Cab	GMC	https://www.stcloudtoyota.com/vehicle/Used/2022/GMC/Sierra-1500-Limited/3GTP9EELXNG102302/	42341 USD	2022 Summit White GMC Sierra 1500 Limited AT4 EcoTec3 6.2L V8 For sale at St. Cloud Toyota in St. Cloud Minnesota.	https://assets.cai-media-management.com/resize/1024x1024/common-vehicle-media/dccb4bb0-e59e-4ac0-96f8-e084140dd8d1.jpg	in stock	USED	TRUCK	Vehicles & Parts > Vehicles > Motor Vehicles > Cars, Trucks & Vans	3GTP9EELXNG102302	https://www.stcloudtoyota.com/vehicle/Used/2022/GMC/Sierra-1500-Limited/3GTP9EELXNG102302/123?store={store_code}	WHITE	44126 miles	Sierra 1500 Limited	3GTP9EELXNG102302	2022	42341 USD	2186	42341 USD	MI	no	Sierra 1500 Limited	No	Over 20k
KM8JFCA17NU073647	2022 Hyundai Tucson Hybrid SEL Convenience	Hyundai	https://www.stcloudtoyota.com/vehicle/Used/2022/Hyundai/Tucson-Hybrid/KM8JFCA17NU073647/	23341 USD	2022 Deep Sea Hyundai Tucson SEL Convenience 1.6L Turbo GDI DOHC 16-Valve I4 CVVD For sale at St. Cloud Toyota in St. Cloud Minnesota.	https://assets.cai-media-management.com/resize/1024x1024/common-vehicle-media/86b8cddc-0c32-42ba-b3fd-0ee1f3ccbebc.jpg	in stock	USED	SUV	Vehicles & Parts > Vehicles > Motor Vehicles > Cars, Trucks & Vans	KM8JFCA17NU073647	https://www.stcloudtoyota.com/vehicle/Used/2022/Hyundai/Tucson-Hybrid/KM8JFCA17NU073647/123?store={store_code}	BLUE	58013 miles	Tucson	KM8JFCA17NU073647	2022	23341 USD	2186	23341 USD	MI	no	Tucson	No	Over 20k
1C4RJKBG3N8587667	2022 Jeep Grand Cherokee L Limited	Jeep	https://www.stcloudtoyota.com/vehicle/Used/2022/Jeep/Grand-Cherokee-L/1C4RJKBG3N8587667/	33341 USD	2022 Bright White Clearcoat Jeep Grand Cherokee L Limited 3.6L V6 24V VVT For sale at St. Cloud Toyota in St. Cloud Minnesota.	https://assets.cai-media-management.com/resize/1024x1024/common-vehicle-media/7050cfe8-c55e-4a4a-99c5-b310607614c3.jpg	in stock	USED	SUV	Vehicles & Parts > Vehicles > Motor Vehicles > Cars, Trucks & Vans	1C4RJKBG3N8587667	https://www.stcloudtoyota.com/vehicle/Used/2022/Jeep/Grand-Cherokee-L/1C4RJKBG3N8587667/123?store={store_code}	WHITE	22070 miles	Grand Cherokee L	1C4RJKBG3N8587667	2022	33341 USD	2186	33341 USD	MI	no	Grand Cherokee L	No	Over 20k
JTEMU5JR6N6043662	2022 Toyota 4Runner SR5	Toyota	https://www.stcloudtoyota.com/vehicle/Used/2022/Toyota/4Runner/JTEMU5JR6N6043662/	32341 USD	2022 Classic Silver Metallic Toyota 4Runner SR5 4.0L DOHC 24-Valve V6 For sale at St. Cloud Toyota in St. Cloud Minnesota.	https://assets.cai-media-management.com/resize/1024x1024/common-vehicle-media/3cf4be10-cd99-4b5b-a177-6a513a79b8c7.jpg	in stock	USED	SUV	Vehicles & Parts > Vehicles > Motor Vehicles > Cars, Trucks & Vans	JTEMU5JR6N6043662	https://www.stcloudtoyota.com/vehicle/Used/2022/Toyota/4Runner/JTEMU5JR6N6043662/123?store={store_code}	SILVER	117742 miles	4Runner	JTEMU5JR6N6043662	2022	32341 USD	2186	32341 USD	MI	no	4Runner	No	Over 20k
5TDGBRCH7NS562416	2022 Toyota Highlander Hybrid XLE	Toyota	https://www.stcloudtoyota.com/vehicle/Used/2022/Toyota/Highlander-Hybrid/5TDGBRCH7NS562416/	36341 USD	2022 Midnight Black Metallic Toyota Highlander XLE 2.5L L4HV DOHC For sale at St. Cloud Toyota in St. Cloud Minnesota.	https://assets.cai-media-management.com/resize/1024x1024/common-vehicle-media/d938cf60-8bbb-4a88-91b2-b335f3098641.jpg	in stock	USED	SUV	Vehicles & Parts > Vehicles > Motor Vehicles > Cars, Trucks & Vans	5TDGBRCH7NS562416	https://www.stcloudtoyota.com/vehicle/Used/2022/Toyota/Highlander-Hybrid/5TDGBRCH7NS562416/123?store={store_code}	BLACK	73139 miles	Highlander	5TDGBRCH7NS562416	2022	36341 USD	2186	36341 USD	MI	no	Highlander	No	Over 20k
5TDFZRBH7NS187068	2022 Toyota Highlander Platinum	Toyota	https://www.stcloudtoyota.com/vehicle/Used/2022/Toyota/Highlander/5TDFZRBH7NS187068/	37341 USD	2022 Midnight Black Metallic Toyota Highlander Platinum 3.5L V6 DOHC For sale at St. Cloud Toyota in St. Cloud Minnesota.	https://assets.cai-media-management.com/resize/1024x1024/common-vehicle-media/958a6f81-3c09-4ea3-ba24-1e31764c5509.jpg	in stock	USED	SUV	Vehicles & Parts > Vehicles > Motor Vehicles > Cars, Trucks & Vans	5TDFZRBH7NS187068	https://www.stcloudtoyota.com/vehicle/Used/2022/Toyota/Highlander/5TDFZRBH7NS187068/123?store={store_code}	BLACK	86812 miles	Highlander	5TDFZRBH7NS187068	2022	37341 USD	2186	37341 USD	MI	no	Highlander	No	Over 20k
4T3LWRFV0NU065100	2022 Toyota RAV4 Hybrid LE	Toyota	https://www.stcloudtoyota.com/vehicle/Used/2022/Toyota/RAV4-Hybrid/4T3LWRFV0NU065100/	27341 USD	2022 Midnight Black Metallic Toyota RAV4 LE 2.5L 4-Cylinder Atkinson Cycle For sale at St. Cloud Toyota in St. Cloud Minnesota.	https://assets.cai-media-management.com/resize/1024x1024/common-vehicle-media/e26b52b3-5799-4b0b-9c75-3615e16717b9.jpg	in stock	USED	SUV	Vehicles & Parts > Vehicles > Motor Vehicles > Cars, Trucks & Vans	4T3LWRFV0NU065100	https://www.stcloudtoyota.com/vehicle/Used/2022/Toyota/RAV4-Hybrid/4T3LWRFV0NU065100/123?store={store_code}	BLACK	80443 miles	RAV4	4T3LWRFV0NU065100	2022	27341 USD	2186	27341 USD	MI	no	RAV4	No	Over 20k
JTMB6RFV5ND524243	2022 Toyota RAV4 Hybrid XLE Premium	Toyota	https://www.stcloudtoyota.com/vehicle/Used/2022/Toyota/RAV4-Hybrid/JTMB6RFV5ND524243/	37341 USD	2022 Silver Sky Metallic Toyota RAV4 XLE Premium 2.5L 4-Cylinder Atkinson Cycle For sale at St. Cloud Toyota in St. Cloud Minnesota.	https://assets.cai-media-management.com/resize/1024x1024/common-vehicle-media/06faf174-def6-4d5b-97ff-aef45dcb0efe.jpg	in stock	USED	SUV	Vehicles & Parts > Vehicles > Motor Vehicles > Cars, Trucks & Vans	JTMB6RFV5ND524243	https://www.stcloudtoyota.com/vehicle/Used/2022/Toyota/RAV4-Hybrid/JTMB6RFV5ND524243/123?store={store_code}	SILVER	29983 miles	RAV4	JTMB6RFV5ND524243	2022	37341 USD	2186	37341 USD	MI	no	RAV4	No	Over 20k
5TFMC5DB6NX010676	2022 Toyota Tundra Hybrid 1794 Edition 5.5' Bed	Toyota	https://www.stcloudtoyota.com/vehicle/Used/2022/Toyota/Tundra-Hybrid/5TFMC5DB6NX010676/	46341 USD	2022 Magnetic Gray Metallic Toyota Tundra 1794 Edition 3.4L V6 Hybrid i-FORCE MAX For sale at St. Cloud Toyota in St. Cloud Minnesota.	https://assets.cai-media-management.com/resize/1024x1024/common-vehicle-media/bdbc4b53-838e-4fda-89a3-0f987ae5b02e.jpg	in stock	USED	TRUCK	Vehicles & Parts > Vehicles > Motor Vehicles > Cars, Trucks & Vans	5TFMC5DB6NX010676	https://www.stcloudtoyota.com/vehicle/Used/2022/Toyota/Tundra-Hybrid/5TFMC5DB6NX010676/123?store={store_code}	GRAY	64906 miles	Tundra	5TFMC5DB6NX010676	2022	46341 USD	2186	46341 USD	MI	no	Tundra	No	Over 20k
5TFLA5GD1NX001205	2022 Toyota Tundra SR5 8.1' Bed	Toyota	https://www.stcloudtoyota.com/vehicle/Used/2022/Toyota/Tundra/5TFLA5GD1NX001205/	33341 USD	2022 Supersonic Red Toyota Tundra SR5 3.4L V6 i-FORCE (389 HP) For sale at St. Cloud Toyota in St. Cloud Minnesota.	https://assets.cai-media-management.com/resize/1024x1024/common-vehicle-media/f4de9461-f154-463f-b333-1accd7ab891c.png	in stock	USED	TRUCK	Vehicles & Parts > Vehicles > Motor Vehicles > Cars, Trucks & Vans	5TFLA5GD1NX001205	https://www.stcloudtoyota.com/vehicle/Used/2022/Toyota/Tundra/5TFLA5GD1NX001205/123?store={store_code}	RED	90402 miles	Tundra	5TFLA5GD1NX001205	2022	33341 USD	2186	33341 USD	MI	no	Tundra	No	Over 20k
5GAEVAKW0PJ249922	2023 Buick Enclave Essence	Buick	https://www.stcloudtoyota.com/vehicle/Used/2023/Buick/Enclave/5GAEVAKW0PJ249922/	34341 USD	2023 Moonstone Gray Metallic Buick Enclave Essence 3.6L V6 SIDI VVT For sale at St. Cloud Toyota in St. Cloud Minnesota.	https://assets.cai-media-management.com/resize/1024x1024/common-vehicle-media/4ecd816c-d86c-4e77-ae18-5b7b01a6f302.jpg	in stock	USED	SUV	Vehicles & Parts > Vehicles > Motor Vehicles > Cars, Trucks & Vans	5GAEVAKW0PJ249922	https://www.stcloudtoyota.com/vehicle/Used/2023/Buick/Enclave/5GAEVAKW0PJ249922/123?store={store_code}	GRAY	36674 miles	Enclave	5GAEVAKW0PJ249922	2023	34341 USD	2186	34341 USD	MI	no	Enclave	No	Over 20k
LRBFZPR41PD078674	2023 Buick Envision Essence	Buick	https://www.stcloudtoyota.com/vehicle/Used/2023/Buick/Envision/LRBFZPR41PD078674/	30841 USD	2023 Ebony Twilight Metallic Buick Envision Essence 2.0L Turbocharged For sale at St. Cloud Toyota in St. Cloud Minnesota.	https://assets.cai-media-management.com/resize/1024x1024/common-vehicle-media/b1804b7f-bc82-40ff-a46a-4edd4a652d69.jpg	in stock	USED	SUV	Vehicles & Parts > Vehicles > Motor Vehicles > Cars, Trucks & Vans	LRBFZPR41PD078674	https://www.stcloudtoyota.com/vehicle/Used/2023/Buick/Envision/LRBFZPR41PD078674/123?store={store_code}	BLACK	29137 miles	Envision	LRBFZPR41PD078674	2023	30841 USD	2186	30841 USD	MI	no	Envision	No	Over 20k
LRBFZSR48PD153356	2023 Buick Envision Avenir	Buick	https://www.stcloudtoyota.com/vehicle/Used/2023/Buick/Envision/LRBFZSR48PD153356/	34341 USD	2023 Moonstone Gray Metallic Buick Envision Avenir 2.0L Turbocharged For sale at St. Cloud Toyota in St. Cloud Minnesota.	https://assets.cai-media-management.com/resize/1024x1024/common-vehicle-media/4f39349c-c899-49ee-bfc0-77341a4f099d.jpg	in stock	USED	SUV	Vehicles & Parts > Vehicles > Motor Vehicles > Cars, Trucks & Vans	LRBFZSR48PD153356	https://www.stcloudtoyota.com/vehicle/Used/2023/Buick/Envision/LRBFZSR48PD153356/123?store={store_code}	GRAY	22006 miles	Envision	LRBFZSR48PD153356	2023	34341 USD	2186	34341 USD	MI	no	Envision	No	Over 20k
3GNKBHR45PS150669	2023 Chevrolet Blazer LT	Chevrolet	https://www.stcloudtoyota.com/vehicle/Used/2023/Chevrolet/Blazer/3GNKBHR45PS150669/	21041 USD	2023 Copper Bronze Metallic Chevrolet Blazer LT 2.0L Turbocharged For sale at St. Cloud Toyota in St. Cloud Minnesota.	https://assets.cai-media-management.com/resize/1024x1024/common-vehicle-media/97d1277c-3817-46e3-b263-6bace191a2a2.jpg	in stock	USED	SUV	Vehicles & Parts > Vehicles > Motor Vehicles > Cars, Trucks & Vans	3GNKBHR45PS150669	https://www.stcloudtoyota.com/vehicle/Used/2023/Chevrolet/Blazer/3GNKBHR45PS150669/123?store={store_code}	BRONZE	82127 miles	Blazer	3GNKBHR45PS150669	2023	21041 USD	2186	21041 USD	MI	no	Blazer	No	Over 20k
3GNKBHR4XPS219369	2023 Chevrolet Blazer LT	Chevrolet	https://www.stcloudtoyota.com/vehicle/Used/2023/Chevrolet/Blazer/3GNKBHR4XPS219369/	28741 USD	2023 Black Chevrolet Blazer LT 2.0L Turbocharged For sale at St. Cloud Toyota in St. Cloud Minnesota.	https://assets.cai-media-management.com/resize/1024x1024/common-vehicle-media/1a8d295c-a022-4893-b54d-0c744f2d0d32.jpg	in stock	USED	SUV	Vehicles & Parts > Vehicles > Motor Vehicles > Cars, Trucks & Vans	3GNKBHR4XPS219369	https://www.stcloudtoyota.com/vehicle/Used/2023/Chevrolet/Blazer/3GNKBHR4XPS219369/123?store={store_code}	BLACK	20043 miles	Blazer	3GNKBHR4XPS219369	2023	28741 USD	2186	28741 USD	MI	no	Blazer	No	Over 20k
3GCUDDE86PG269539	2023 Chevrolet Silverado 1500 LT Crew Cab	Chevrolet	https://www.stcloudtoyota.com/vehicle/Used/2023/Chevrolet/Silverado-1500/3GCUDDE86PG269539/	39841 USD	2023 Dark Ash Metallic Chevrolet Silverado 1500 LT 3.0L I6 For sale at St. Cloud Toyota in St. Cloud Minnesota.	https://assets.cai-media-management.com/resize/1024x1024/common-vehicle-media/e5dac26d-04f8-44b4-bdc2-206d39ed61e7.jpg	in stock	USED	TRUCK	Vehicles & Parts > Vehicles > Motor Vehicles > Cars, Trucks & Vans	3GCUDDE86PG269539	https://www.stcloudtoyota.com/vehicle/Used/2023/Chevrolet/Silverado-1500/3GCUDDE86PG269539/123?store={store_code}	GRAY	31806 miles	Silverado 1500	3GCUDDE86PG269539	2023	39841 USD	2186	39841 USD	MI	no	Silverado 1500	No	Over 20k
2C4RC1CG5PR601823	2023 Chrysler Voyager LX	Chrysler	https://www.stcloudtoyota.com/vehicle/Used/2023/Chrysler/Voyager/2C4RC1CG5PR601823/	21341 USD	2023 Bright White Clearcoat Chrysler Voyager LX 3.6L V6 24V VVT For sale at St. Cloud Toyota in St. Cloud Minnesota.	https://assets.cai-media-management.com/resize/1024x1024/common-vehicle-media/c992ea37-7bfb-4ade-bced-1cd07a7fb4f8.jpg	in stock	USED	VAN	Vehicles & Parts > Vehicles > Motor Vehicles > Cars, Trucks & Vans	2C4RC1CG5PR601823	https://www.stcloudtoyota.com/vehicle/Used/2023/Chrysler/Voyager/2C4RC1CG5PR601823/123?store={store_code}	WHITE	68927 miles	Voyager	2C4RC1CG5PR601823	2023	21341 USD	2186	21341 USD	MI	no	Voyager	No	Over 20k
1C4RDJDG0PC677793	2023 Dodge Durango GT Plus	Dodge	https://www.stcloudtoyota.com/vehicle/Used/2023/Dodge/Durango/1C4RDJDG0PC677793/	35041 USD	2023 Red Oxide Dodge Durango GT Plus 3.6L V6 24V VVT For sale at St. Cloud Toyota in St. Cloud Minnesota.	https://assets.cai-media-management.com/resize/1024x1024/common-vehicle-media/6112e862-e30f-4501-8a7b-a731c8a42dc2.jpg	in stock	USED	SUV	Vehicles & Parts > Vehicles > Motor Vehicles > Cars, Trucks & Vans	1C4RDJDG0PC677793	https://www.stcloudtoyota.com/vehicle/Used/2023/Dodge/Durango/1C4RDJDG0PC677793/123?store={store_code}	RED	33620 miles	Durango	1C4RDJDG0PC677793	2023	35041 USD	2186	35041 USD	MI	no	Durango	No	Over 20k
3FMCR9B63PRD67554	2023 Ford Bronco Sport Big Bend	Ford	https://www.stcloudtoyota.com/vehicle/Used/2023/Ford/Bronco-Sport/3FMCR9B63PRD67554/	25341 USD	2023 Carbonized Gray Metallic Ford Bronco Sport Big Bend 1.5L EcoBoost For sale at St. Cloud Toyota in St. Cloud Minnesota.	https://assets.cai-media-management.com/resize/1024x1024/common-vehicle-media/6715a938-ac1a-46a2-ad4f-accf1e58fc91.jpg	in stock	USED	SUV	Vehicles & Parts > Vehicles > Motor Vehicles > Cars, Trucks & Vans	3FMCR9B63PRD67554	https://www.stcloudtoyota.com/vehicle/Used/2023/Ford/Bronco-Sport/3FMCR9B63PRD67554/123?store={store_code}	GRAY	38662 miles	Bronco Sport	3FMCR9B63PRD67554	2023	25341 USD	2186	25341 USD	MI	no	Bronco Sport	No	Over 20k
1FMDE5BH2PLB13830	2023 Ford Bronco Black Diamond	Ford	https://www.stcloudtoyota.com/vehicle/Used/2023/Ford/Bronco/1FMDE5BH2PLB13830/	39641 USD	2023 Oxford White Ford Bronco Black Diamond 2.3L EcoBoost I-4 For sale at St. Cloud Toyota in St. Cloud Minnesota.	https://assets.cai-media-management.com/resize/1024x1024/common-vehicle-media/4d6d0ae3-37f1-4e27-8e66-40d1cbba334c.jpg	in stock	USED	SUV	Vehicles & Parts > Vehicles > Motor Vehicles > Cars, Trucks & Vans	1FMDE5BH2PLB13830	https://www.stcloudtoyota.com/vehicle/Used/2023/Ford/Bronco/1FMDE5BH2PLB13830/123?store={store_code}	WHITE	30009 miles	Bronco	1FMDE5BH2PLB13830	2023	39641 USD	2186	39641 USD	MI	no	Bronco	No	Over 20k
1FMCU9JZ7PUA83590	2023 Ford Escape Hybrid Platinum	Ford	https://www.stcloudtoyota.com/vehicle/Used/2023/Ford/Escape-Hybrid/1FMCU9JZ7PUA83590/	28741 USD	2023 Atlas Blue Metallic Ford Escape Platinum 2.5L iVCT For sale at St. Cloud Toyota in St. Cloud Minnesota.	https://assets.cai-media-management.com/resize/1024x1024/common-vehicle-media/ee2d7173-8444-4702-85d2-9b34c5ddd9dd.jpg	in stock	USED	SUV	Vehicles & Parts > Vehicles > Motor Vehicles > Cars, Trucks & Vans	1FMCU9JZ7PUA83590	https://www.stcloudtoyota.com/vehicle/Used/2023/Ford/Escape-Hybrid/1FMCU9JZ7PUA83590/123?store={store_code}	BLUE	11743 miles	Escape	1FMCU9JZ7PUA83590	2023	28741 USD	2186	28741 USD	MI	no	Escape	No	Over 20k
1FTFW1E55PFC33995	2023 Ford F-150 XLT Crew Cab	Ford	https://www.stcloudtoyota.com/vehicle/Used/2023/Ford/F-150/1FTFW1E55PFC33995/	37341 USD	2023 Iconic Silver Metallic Ford F-150 XLT 5.0L V8 For sale at St. Cloud Toyota in St. Cloud Minnesota.	https://assets.cai-media-management.com/resize/1024x1024/common-vehicle-media/61600413-505c-4770-b312-b211f5ad35f7.jpg	in stock	USED	TRUCK	Vehicles & Parts > Vehicles > Motor Vehicles > Cars, Trucks & Vans	1FTFW1E55PFC33995	https://www.stcloudtoyota.com/vehicle/Used/2023/Ford/F-150/1FTFW1E55PFC33995/123?store={store_code}	SILVER	72768 miles	F-150	1FTFW1E55PFC33995	2023	37341 USD	2186	37341 USD	MI	no	F-150	No	Over 20k
1FTFW1E86PKD84748	2023 Ford F-150 XLT Crew Cab	Ford	https://www.stcloudtoyota.com/vehicle/Used/2023/Ford/F-150/1FTFW1E86PKD84748/	40641 USD	2023 Oxford White Ford F-150 XLT 3.5L V6 EcoBoost For sale at St. Cloud Toyota in St. Cloud Minnesota.	https://assets.cai-media-management.com/resize/1024x1024/common-vehicle-media/dfe759f6-0f1c-4da2-a4c1-f83cca288b76.jpg	in stock	USED	TRUCK	Vehicles & Parts > Vehicles > Motor Vehicles > Cars, Trucks & Vans	1FTFW1E86PKD84748	https://www.stcloudtoyota.com/vehicle/Used/2023/Ford/F-150/1FTFW1E86PKD84748/123?store={store_code}	WHITE	24969 miles	F-150	1FTFW1E86PKD84748	2023	40641 USD	2186	40641 USD	MI	no	F-150	No	Over 20k
3GTUUEE85PG347850	2023 GMC Sierra 1500 AT4 Crew Cab	GMC	https://www.stcloudtoyota.com/vehicle/Used/2023/GMC/Sierra-1500/3GTUUEE85PG347850/	44341 USD	2023 Titanium Rush Metallic GMC Sierra 1500 AT4 3.0L I6 For sale at St. Cloud Toyota in St. Cloud Minnesota.	https://assets.cai-media-management.com/resize/1024x1024/common-vehicle-media/4d583e77-372b-4695-b591-827004d215fd.jpg	in stock	USED	TRUCK	Vehicles & Parts > Vehicles > Motor Vehicles > Cars, Trucks & Vans	3GTUUEE85PG347850	https://www.stcloudtoyota.com/vehicle/Used/2023/GMC/Sierra-1500/3GTUUEE85PG347850/123?store={store_code}	GRAY	71632 miles	Sierra 1500	3GTUUEE85PG347850	2023	44341 USD	2186	44341 USD	MI	no	Sierra 1500	No	Over 20k
5FNRL6H64PB077783	2023 Honda Odyssey EX-L	Honda	https://www.stcloudtoyota.com/vehicle/Used/2023/Honda/Odyssey/5FNRL6H64PB077783/	37341 USD	2023 Lunar Silver Metallic Honda Odyssey EX-L 3.5L V6 SOHC 24-Valve i-VTEC For sale at St. Cloud Toyota in St. Cloud Minnesota.	https://assets.cai-media-management.com/resize/1024x1024/common-vehicle-media/ee11991a-43c8-4625-b46e-2c7755cdf523.jpg	in stock	USED	VAN	Vehicles & Parts > Vehicles > Motor Vehicles > Cars, Trucks & Vans	5FNRL6H64PB077783	https://www.stcloudtoyota.com/vehicle/Used/2023/Honda/Odyssey/5FNRL6H64PB077783/123?store={store_code}	SILVER	21157 miles	Odyssey	5FNRL6H64PB077783	2023	37341 USD	2186	37341 USD	MI	no	Odyssey	No	Over 20k
5FNYF8H5XPB013351	2023 Honda Passport EX-L	Honda	https://www.stcloudtoyota.com/vehicle/Used/2023/Honda/Passport/5FNYF8H5XPB013351/	33341 USD	2023 Platinum White Pearl Honda Passport EX-L 3.5L V6 24-Valve SOHC i-VTEC For sale at St. Cloud Toyota in St. Cloud Minnesota.	https://assets.cai-media-management.com/resize/1024x1024/common-vehicle-media/37f3b48e-f200-4be3-80aa-21264dd65180.jpg	in stock	USED	SUV	Vehicles & Parts > Vehicles > Motor Vehicles > Cars, Trucks & Vans	5FNYF8H5XPB013351	https://www.stcloudtoyota.com/vehicle/Used/2023/Honda/Passport/5FNYF8H5XPB013351/123?store={store_code}	WHITE	36695 miles	Passport	5FNYF8H5XPB013351	2023	33341 USD	2186	33341 USD	MI	no	Passport	No	Over 20k
3C4NJDCN0PT572443	2023 Jeep Compass Limited	Jeep	https://www.stcloudtoyota.com/vehicle/Used/2023/Jeep/Compass/3C4NJDCN0PT572443/	24641 USD	2023 Laser Blue Pearlcoat Jeep Compass Limited 2.0L I4 DOHC For sale at St. Cloud Toyota in St. Cloud Minnesota.	https://assets.cai-media-management.com/resize/1024x1024/common-vehicle-media/43db7158-2998-4e8c-a8fe-5604804d363b.jpg	in stock	USED	SUV	Vehicles & Parts > Vehicles > Motor Vehicles > Cars, Trucks & Vans	3C4NJDCN0PT572443	https://www.stcloudtoyota.com/vehicle/Used/2023/Jeep/Compass/3C4NJDCN0PT572443/123?store={store_code}	BLUE	14101 miles	Compass	3C4NJDCN0PT572443	2023	24641 USD	2186	24641 USD	MI	no	Compass	No	Over 20k
3C4NJDCN4PT536948	2023 Jeep Compass Limited	Jeep	https://www.stcloudtoyota.com/vehicle/Used/2023/Jeep/Compass/3C4NJDCN4PT536948/	24841 USD	2023 Granite Crystal Metallic Clearcoat Jeep Compass Limited 2.0L I4 DOHC For sale at St. Cloud Toyota in St. Cloud Minnesota.	https://assets.cai-media-management.com/resize/1024x1024/common-vehicle-media/e099b48b-84be-4163-a182-d72428529c3f.jpg	in stock	USED	SUV	Vehicles & Parts > Vehicles > Motor Vehicles > Cars, Trucks & Vans	3C4NJDCN4PT536948	https://www.stcloudtoyota.com/vehicle/Used/2023/Jeep/Compass/3C4NJDCN4PT536948/123?store={store_code}	GRAY	16299 miles	Compass	3C4NJDCN4PT536948	2023	24841 USD	2186	24841 USD	MI	no	Compass	No	Over 20k
3C4NJDCNXPT549431	2023 Jeep Compass Limited	Jeep	https://www.stcloudtoyota.com/vehicle/Used/2023/Jeep/Compass/3C4NJDCNXPT549431/	26141 USD	2023 Granite Crystal Metallic Clearcoat Jeep Compass Limited 2.0L I4 DOHC For sale at St. Cloud Toyota in St. Cloud Minnesota.	https://assets.cai-media-management.com/resize/1024x1024/common-vehicle-media/b0293d11-35ec-4225-8607-70235bf58dd5.jpg	in stock	USED	SUV	Vehicles & Parts > Vehicles > Motor Vehicles > Cars, Trucks & Vans	3C4NJDCNXPT549431	https://www.stcloudtoyota.com/vehicle/Used/2023/Jeep/Compass/3C4NJDCNXPT549431/123?store={store_code}	GRAY	7860 miles	Compass	3C4NJDCNXPT549431	2023	26141 USD	2186	26141 USD	MI	no	Compass	No	Over 20k
1C4RJKAG5P8880975	2023 Jeep Grand Cherokee L Altitude	Jeep	https://www.stcloudtoyota.com/vehicle/Used/2023/Jeep/Grand-Cherokee-L/1C4RJKAG5P8880975/	33341 USD	2023 Diamond Black Crystal Pearlcoat Jeep Grand Cherokee L Altitude 3.6L V6 24V VVT For sale at St. Cloud Toyota in St. Cloud Minnesota.	https://assets.cai-media-management.com/resize/1024x1024/common-vehicle-media/30fbb823-b64a-44f0-a731-8bdff274971e.jpg	in stock	USED	SUV	Vehicles & Parts > Vehicles > Motor Vehicles > Cars, Trucks & Vans	1C4RJKAG5P8880975	https://www.stcloudtoyota.com/vehicle/Used/2023/Jeep/Grand-Cherokee-L/1C4RJKAG5P8880975/123?store={store_code}	BLACK	30069 miles	Grand Cherokee L	1C4RJKAG5P8880975	2023	33341 USD	2186	33341 USD	MI	no	Grand Cherokee L	No	Over 20k
1C4RJKBG7P8830948	2023 Jeep Grand Cherokee L Limited	Jeep	https://www.stcloudtoyota.com/vehicle/Used/2023/Jeep/Grand-Cherokee-L/1C4RJKBG7P8830948/	35341 USD	2023 Bright White Clearcoat Jeep Grand Cherokee L Limited 3.6L V6 24V VVT For sale at St. Cloud Toyota in St. Cloud Minnesota.	https://assets.cai-media-management.com/resize/1024x1024/common-vehicle-media/1ae9db3a-eb72-449a-9894-b392907a5ccc.jpg	in stock	USED	SUV	Vehicles & Parts > Vehicles > Motor Vehicles > Cars, Trucks & Vans	1C4RJKBG7P8830948	https://www.stcloudtoyota.com/vehicle/Used/2023/Jeep/Grand-Cherokee-L/1C4RJKBG7P8830948/123?store={store_code}	WHITE	28175 miles	Grand Cherokee L	1C4RJKBG7P8830948	2023	35341 USD	2186	35341 USD	MI	no	Grand Cherokee L	No	Over 20k
1C4RJHAG3PC625323	2023 Jeep Grand Cherokee Laredo	Jeep	https://www.stcloudtoyota.com/vehicle/Used/2023/Jeep/Grand-Cherokee/1C4RJHAG3PC625323/	22341 USD	2023 Bright White Clearcoat Jeep Grand Cherokee Laredo 3.6L V6 24V VVT For sale at St. Cloud Toyota in St. Cloud Minnesota.	https://assets.cai-media-management.com/resize/1024x1024/common-vehicle-media/0301ec94-a76e-4e9c-9023-33f0aa90ff2d.png	in stock	USED	SUV	Vehicles & Parts > Vehicles > Motor Vehicles > Cars, Trucks & Vans	1C4RJHAG3PC625323	https://www.stcloudtoyota.com/vehicle/Used/2023/Jeep/Grand-Cherokee/1C4RJHAG3PC625323/123?store={store_code}	WHITE	81348 miles	Grand Cherokee	1C4RJHAG3PC625323	2023	22341 USD	2186	22341 USD	MI	no	Grand Cherokee	No	Over 20k
1C4RJHAG9P8910157	2023 Jeep Grand Cherokee Laredo	Jeep	https://www.stcloudtoyota.com/vehicle/Used/2023/Jeep/Grand-Cherokee/1C4RJHAG9P8910157/	30841 USD	2023 Diamond Black Crystal Pearlcoat Jeep Grand Cherokee Laredo 3.6L V6 24V VVT For sale at St. Cloud Toyota in St. Cloud Minnesota.	https://assets.cai-media-management.com/resize/1024x1024/common-vehicle-media/357fa444-15e0-4ff6-9e35-9e4c9bca0197.jpg	in stock	USED	SUV	Vehicles & Parts > Vehicles > Motor Vehicles > Cars, Trucks & Vans	1C4RJHAG9P8910157	https://www.stcloudtoyota.com/vehicle/Used/2023/Jeep/Grand-Cherokee/1C4RJHAG9P8910157/123?store={store_code}	BLACK	14682 miles	Grand Cherokee	1C4RJHAG9P8910157	2023	30841 USD	2186	30841 USD	MI	no	Grand Cherokee	No	Over 20k
5N1AZ2CS0PC125006	2023 Nissan Murano SL	Nissan	https://www.stcloudtoyota.com/vehicle/Used/2023/Nissan/Murano/5N1AZ2CS0PC125006/	28841 USD	2023 Boulder Gray Pearl Nissan Murano SL 3.5L DOHC 24-Valve V6 For sale at St. Cloud Toyota in St. Cloud Minnesota.	https://assets.cai-media-management.com/resize/1024x1024/common-vehicle-media/881ff801-c9d7-439f-944f-1aaca76ae317.jpg	in stock	USED	SUV	Vehicles & Parts > Vehicles > Motor Vehicles > Cars, Trucks & Vans	5N1AZ2CS0PC125006	https://www.stcloudtoyota.com/vehicle/Used/2023/Nissan/Murano/5N1AZ2CS0PC125006/123?store={store_code}	GRAY	40684 miles	Murano	5N1AZ2CS0PC125006	2023	28841 USD	2186	28841 USD	MI	no	Murano	No	Over 20k
5N1AZ2CS1PC120929	2023 Nissan Murano SL	Nissan	https://www.stcloudtoyota.com/vehicle/Used/2023/Nissan/Murano/5N1AZ2CS1PC120929/	26841 USD	2023 Pearl White Tricoat Nissan Murano SL 3.5L DOHC 24-Valve V6 For sale at St. Cloud Toyota in St. Cloud Minnesota.	https://assets.cai-media-management.com/resize/1024x1024/common-vehicle-media/62c83b97-51bd-4b77-bff4-d37f05357312.jpg	in stock	USED	SUV	Vehicles & Parts > Vehicles > Motor Vehicles > Cars, Trucks & Vans	5N1AZ2CS1PC120929	https://www.stcloudtoyota.com/vehicle/Used/2023/Nissan/Murano/5N1AZ2CS1PC120929/123?store={store_code}	WHITE	51499 miles	Murano	5N1AZ2CS1PC120929	2023	26841 USD	2186	26841 USD	MI	no	Murano	No	Over 20k
5N1AZ2DS0PC137722	2023 Nissan Murano Platinum	Nissan	https://www.stcloudtoyota.com/vehicle/Used/2023/Nissan/Murano/5N1AZ2DS0PC137722/	31841 USD	2023 Boulder Gray Pearl Nissan Murano Platinum 3.5L DOHC 24-Valve V6 For sale at St. Cloud Toyota in St. Cloud Minnesota.	https://assets.cai-media-management.com/resize/1024x1024/common-vehicle-media/97409b6e-cc55-44d9-8f88-3aa51663d032.jpg	in stock	USED	SUV	Vehicles & Parts > Vehicles > Motor Vehicles > Cars, Trucks & Vans	5N1AZ2DS0PC137722	https://www.stcloudtoyota.com/vehicle/Used/2023/Nissan/Murano/5N1AZ2DS0PC137722/123?store={store_code}	GRAY	27397 miles	Murano	5N1AZ2DS0PC137722	2023	31841 USD	2186	31841 USD	MI	no	Murano	No	Over 20k
5N1BT3AB3PC875403	2023 Nissan Rogue S	Nissan	https://www.stcloudtoyota.com/vehicle/Used/2023/Nissan/Rogue/5N1BT3AB3PC875403/	22341 USD	2023 Super Black Nissan Rogue S 1.5L I3 Turbocharged DOHC 12V LEV3-ULEV50 201hp For sale at St. Cloud Toyota in St. Cloud Minnesota.	https://assets.cai-media-management.com/resize/1024x1024/common-vehicle-media/b2ad0f87-8c3a-4077-b170-52dbe31c4aee.jpg	in stock	USED	SUV	Vehicles & Parts > Vehicles > Motor Vehicles > Cars, Trucks & Vans	5N1BT3AB3PC875403	https://www.stcloudtoyota.com/vehicle/Used/2023/Nissan/Rogue/5N1BT3AB3PC875403/123?store={store_code}	BLACK	40669 miles	Rogue	5N1BT3AB3PC875403	2023	22341 USD	2186	22341 USD	MI	no	Rogue	No	Over 20k
5N1BT3BB8PC934461	2023 Nissan Rogue SV	Nissan	https://www.stcloudtoyota.com/vehicle/Used/2023/Nissan/Rogue/5N1BT3BB8PC934461/	24341 USD	2023 Super Black Nissan Rogue SV 1.5L I3 Turbocharged DOHC 12V LEV3-ULEV50 201hp For sale at St. Cloud Toyota in St. Cloud Minnesota.	https://assets.cai-media-management.com/resize/1024x1024/common-vehicle-media/42f6cf94-e542-4390-aebe-24900d45fd45.jpg	in stock	USED	SUV	Vehicles & Parts > Vehicles > Motor Vehicles > Cars, Trucks & Vans	5N1BT3BB8PC934461	https://www.stcloudtoyota.com/vehicle/Used/2023/Nissan/Rogue/5N1BT3BB8PC934461/123?store={store_code}	BLACK	31001 miles	Rogue	5N1BT3BB8PC934461	2023	24341 USD	2186	24341 USD	MI	no	Rogue	No	Over 20k
5N1BT3BB9PC880703	2023 Nissan Rogue SV	Nissan	https://www.stcloudtoyota.com/vehicle/Used/2023/Nissan/Rogue/5N1BT3BB9PC880703/	24341 USD	2023 Pearl White Tricoat Nissan Rogue SV 1.5L I3 Turbocharged DOHC 12V LEV3-ULEV50 201hp For sale at St. Cloud Toyota in St. Cloud Minnesota.	https://assets.cai-media-management.com/resize/1024x1024/common-vehicle-media/ecfdbacd-0a5e-43d1-8b22-2e3ae4fa69df.jpg	in stock	USED	SUV	Vehicles & Parts > Vehicles > Motor Vehicles > Cars, Trucks & Vans	5N1BT3BB9PC880703	https://www.stcloudtoyota.com/vehicle/Used/2023/Nissan/Rogue/5N1BT3BB9PC880703/123?store={store_code}	WHITE	28102 miles	Rogue	5N1BT3BB9PC880703	2023	24341 USD	2186	24341 USD	MI	no	Rogue	No	Over 20k
5N1BT3BBXPC874778	2023 Nissan Rogue SV	Nissan	https://www.stcloudtoyota.com/vehicle/Used/2023/Nissan/Rogue/5N1BT3BBXPC874778/	27341 USD	2023 Pearl White Tricoat Nissan Rogue SV 1.5L I3 Turbocharged DOHC 12V LEV3-ULEV50 201hp For sale at St. Cloud Toyota in St. Cloud Minnesota.	https://assets.cai-media-management.com/resize/1024x1024/common-vehicle-media/6fa8837c-39ed-49c6-8282-f702ebaa7f50.png	in stock	USED	SUV	Vehicles & Parts > Vehicles > Motor Vehicles > Cars, Trucks & Vans	5N1BT3BBXPC874778	https://www.stcloudtoyota.com/vehicle/Used/2023/Nissan/Rogue/5N1BT3BBXPC874778/123?store={store_code}	WHITE	9288 miles	Rogue	5N1BT3BBXPC874778	2023	27341 USD	2186	27341 USD	MI	no	Rogue	No	Over 20k
JN8BT3BB0PW219231	2023 Nissan Rogue SV	Nissan	https://www.stcloudtoyota.com/vehicle/Used/2023/Nissan/Rogue/JN8BT3BB0PW219231/	25041 USD	2023 Super Black Nissan Rogue SV 1.5L Turbo For sale at St. Cloud Toyota in St. Cloud Minnesota.	https://assets.cai-media-management.com/resize/1024x1024/common-vehicle-media/49801396-e653-4ab4-9897-a10ab0c8546d.jpg	in stock	USED	SUV	Vehicles & Parts > Vehicles > Motor Vehicles > Cars, Trucks & Vans	JN8BT3BB0PW219231	https://www.stcloudtoyota.com/vehicle/Used/2023/Nissan/Rogue/JN8BT3BB0PW219231/123?store={store_code}	BLACK	23839 miles	Rogue	JN8BT3BB0PW219231	2023	25041 USD	2186	25041 USD	MI	no	Rogue	No	Over 20k
1C6SRFHT0PN629083	2023 Ram 1500 Limited Crew Cab	Ram	https://www.stcloudtoyota.com/vehicle/Used/2023/Ram/1500/1C6SRFHT0PN629083/	47341 USD	2023 Patriot Blue Pearlcoat Ram 1500 Limited HEMI 5.7L V8 Multi Displacement VVT eTorque For sale at St. Cloud Toyota in St. Cloud Minnesota.	https://assets.cai-media-management.com/resize/1024x1024/common-vehicle-media/85113bc0-36fb-414d-973d-740b752522ca.png	in stock	USED	TRUCK	Vehicles & Parts > Vehicles > Motor Vehicles > Cars, Trucks & Vans	1C6SRFHT0PN629083	https://www.stcloudtoyota.com/vehicle/Used/2023/Ram/1500/1C6SRFHT0PN629083/123?store={store_code}	BLUE	44932 miles	1500	1C6SRFHT0PN629083	2023	47341 USD	2186	47341 USD	MI	no	1500	No	Over 20k
4S4WMAND7P3420875	2023 Subaru Ascent Limited	Subaru	https://www.stcloudtoyota.com/vehicle/Used/2023/Subaru/Ascent/4S4WMAND7P3420875/	27341 USD	2023 Autumn Green Metallic Subaru Ascent Limited 2.4L DOHC 16 Valve 4-Cylinder Turbo For sale at St. Cloud Toyota in St. Cloud Minnesota.	https://assets.cai-media-management.com/resize/1024x1024/common-vehicle-media/ed531752-5cec-4467-90ed-5ded969769e1.jpg	in stock	USED	SUV	Vehicles & Parts > Vehicles > Motor Vehicles > Cars, Trucks & Vans	4S4WMAND7P3420875	https://www.stcloudtoyota.com/vehicle/Used/2023/Subaru/Ascent/4S4WMAND7P3420875/123?store={store_code}	GREEN	58205 miles	Ascent	4S4WMAND7P3420875	2023	27341 USD	2186	27341 USD	MI	no	Ascent	No	Over 20k
7SVAAABA1PX002652	2023 Toyota Sequoia Limited	Toyota	https://www.stcloudtoyota.com/vehicle/Used/2023/Toyota/Sequoia/7SVAAABA1PX002652/	56841 USD	2023 Supersonic Red Toyota Sequoia Limited 3.4L Twin-Turbo V6 Hybrid i-FORCE MAX For sale at St. Cloud Toyota in St. Cloud Minnesota.	https://assets.cai-media-management.com/resize/1024x1024/common-vehicle-media/f50b8b98-4a50-4e95-a935-2b306ff83eaf.jpg	in stock	USED	SUV	Vehicles & Parts > Vehicles > Motor Vehicles > Cars, Trucks & Vans	7SVAAABA1PX002652	https://www.stcloudtoyota.com/vehicle/Used/2023/Toyota/Sequoia/7SVAAABA1PX002652/123?store={store_code}	RED	56665 miles	Sequoia	7SVAAABA1PX002652	2023	56841 USD	2186	56841 USD	MI	no	Sequoia	No	Over 20k
3TMCZ5AN4PM584601	2023 Toyota Tacoma SR 5' Bed	Toyota	https://www.stcloudtoyota.com/vehicle/Used/2023/Toyota/Tacoma/3TMCZ5AN4PM584601/	35841 USD	2023 Magnetic Gray Metallic Toyota Tacoma SR 3.5L V6 D-4S Injection Atkinson Cycle For sale at St. Cloud Toyota in St. Cloud Minnesota.	https://assets.cai-media-management.com/resize/1024x1024/common-vehicle-media/9e501a0e-1738-435e-9660-7c2c72f2997b.jpg	in stock	USED	TRUCK	Vehicles & Parts > Vehicles > Motor Vehicles > Cars, Trucks & Vans	3TMCZ5AN4PM584601	https://www.stcloudtoyota.com/vehicle/Used/2023/Toyota/Tacoma/3TMCZ5AN4PM584601/123?store={store_code}	GRAY	49287 miles	Tacoma	3TMCZ5AN4PM584601	2023	35841 USD	2186	35841 USD	MI	no	Tacoma	No	Over 20k
1GCUDDEDXRZ188933	2024 Chevrolet Silverado 1500 LT	Chevrolet	https://www.stcloudtoyota.com/vehicle/Used/2024/Chevrolet/Silverado-1500/1GCUDDEDXRZ188933/	41341 USD	2024 Summit White Chevrolet Silverado 1500 LT EcoTec3 5.3L V8 For sale at St. Cloud Toyota in St. Cloud Minnesota.	https://assets.cai-media-management.com/resize/1024x1024/common-vehicle-media/60fd4fc7-0ddc-4376-8f02-9e9d571ac852.jpg	in stock	USED	TRUCK	Vehicles & Parts > Vehicles > Motor Vehicles > Cars, Trucks & Vans	1GCUDDEDXRZ188933	https://www.stcloudtoyota.com/vehicle/Used/2024/Chevrolet/Silverado-1500/1GCUDDEDXRZ188933/123?store={store_code}	WHITE	18177 miles	Silverado 1500	1GCUDDEDXRZ188933	2024	41341 USD	2186	41341 USD	MI	no	Silverado 1500	No	Over 20k
2C4RC1CG1RR145922	2024 Chrysler Voyager LX	Chrysler	https://www.stcloudtoyota.com/vehicle/Used/2024/Chrysler/Voyager/2C4RC1CG1RR145922/	22341 USD	2024 Bright White Clearcoat Chrysler Voyager LX 3.6L V6 24V VVT For sale at St. Cloud Toyota in St. Cloud Minnesota.	https://assets.cai-media-management.com/resize/1024x1024/common-vehicle-media/eaa2efcb-2fd1-4c4b-9072-d565f6828e96.jpg	in stock	USED	VAN	Vehicles & Parts > Vehicles > Motor Vehicles > Cars, Trucks & Vans	2C4RC1CG1RR145922	https://www.stcloudtoyota.com/vehicle/Used/2024/Chrysler/Voyager/2C4RC1CG1RR145922/123?store={store_code}	WHITE	66143 miles	Voyager	2C4RC1CG1RR145922	2024	22341 USD	2186	22341 USD	MI	no	Voyager	No	Over 20k
1FMCU9MN9RUB27326	2024 Ford Escape ST-Line	Ford	https://www.stcloudtoyota.com/vehicle/Used/2024/Ford/Escape/1FMCU9MN9RUB27326/	26841 USD	2024 Star White Metallic Tri-Coat Ford Escape ST-Line 1.5L EcoBoost For sale at St. Cloud Toyota in St. Cloud Minnesota.	https://assets.cai-media-management.com/resize/1024x1024/common-vehicle-media/268b134f-5cfa-4937-9911-c986dbffbca2.jpg	in stock	USED	SUV	Vehicles & Parts > Vehicles > Motor Vehicles > Cars, Trucks & Vans	1FMCU9MN9RUB27326	https://www.stcloudtoyota.com/vehicle/Used/2024/Ford/Escape/1FMCU9MN9RUB27326/123?store={store_code}	WHITE	6734 miles	Escape	1FMCU9MN9RUB27326	2024	26841 USD	2186	26841 USD	MI	no	Escape	No	Over 20k
1FTEW2LP0RKD03127	2024 Ford F-150 STX Crew Cab	Ford	https://www.stcloudtoyota.com/vehicle/Used/2024/Ford/F-150/1FTEW2LP0RKD03127/	38841 USD	2024 Oxford White Ford F-150 STX 2.7L V6 EcoBoost For sale at St. Cloud Toyota in St. Cloud Minnesota.	https://assets.cai-media-management.com/resize/1024x1024/common-vehicle-media/f31a9d19-e165-43d5-a770-5b4d1fd8228f.jpg	in stock	USED	TRUCK	Vehicles & Parts > Vehicles > Motor Vehicles > Cars, Trucks & Vans	1FTEW2LP0RKD03127	https://www.stcloudtoyota.com/vehicle/Used/2024/Ford/F-150/1FTEW2LP0RKD03127/123?store={store_code}	WHITE	22803 miles	F-150	1FTEW2LP0RKD03127	2024	38841 USD	2186	38841 USD	MI	no	F-150	No	Over 20k
1FTFW5L88RKD06517	2024 Ford F-150 Lariat Crew Cab	Ford	https://www.stcloudtoyota.com/vehicle/Used/2024/Ford/F-150/1FTFW5L88RKD06517/	51041 USD	2024 Antimatter Blue Metallic Ford F-150 Lariat 3.5L V6 EcoBoost For sale at St. Cloud Toyota in St. Cloud Minnesota.	https://assets.cai-media-management.com/resize/1024x1024/common-vehicle-media/5546b1be-bfe6-40d7-bf33-ae11f2c95ed7.jpg	in stock	USED	TRUCK	Vehicles & Parts > Vehicles > Motor Vehicles > Cars, Trucks & Vans	1FTFW5L88RKD06517	https://www.stcloudtoyota.com/vehicle/Used/2024/Ford/F-150/1FTFW5L88RKD06517/123?store={store_code}	BLUE	17601 miles	F-150	1FTFW5L88RKD06517	2024	51041 USD	2186	51041 USD	MI	no	F-150	No	Over 20k
1GTUUGED8RZ133382	2024 GMC Sierra 1500 Denali	GMC	https://www.stcloudtoyota.com/vehicle/Used/2024/GMC/Sierra-1500/1GTUUGED8RZ133382/	57341 USD	2024 Titanium GMC Sierra 1500 Denali EcoTec3 5.3L V8 For sale at St. Cloud Toyota in St. Cloud Minnesota.	https://assets.cai-media-management.com/resize/1024x1024/common-vehicle-media/b823fd42-7a06-492f-85dd-d33b8ae4cab1.png	in stock	USED	TRUCK	Vehicles & Parts > Vehicles > Motor Vehicles > Cars, Trucks & Vans	1GTUUGED8RZ133382	https://www.stcloudtoyota.com/vehicle/Used/2024/GMC/Sierra-1500/1GTUUGED8RZ133382/123?store={store_code}	GRAY	17460 miles	Sierra 1500	1GTUUGED8RZ133382	2024	57341 USD	2186	57341 USD	MI	no	Sierra 1500	No	Over 20k
3C4NJDCN9RT115746	2024 Jeep Compass Limited	Jeep	https://www.stcloudtoyota.com/vehicle/Used/2024/Jeep/Compass/3C4NJDCN9RT115746/	26341 USD	2024 Silver Zynith Metallic Clearcoat Jeep Compass Limited 2.0L I4 DOHC For sale at St. Cloud Toyota in St. Cloud Minnesota.	https://assets.cai-media-management.com/resize/1024x1024/common-vehicle-media/32984053-a578-4edc-9928-5e14f9304d18.jpg	in stock	USED	SUV	Vehicles & Parts > Vehicles > Motor Vehicles > Cars, Trucks & Vans	3C4NJDCN9RT115746	https://www.stcloudtoyota.com/vehicle/Used/2024/Jeep/Compass/3C4NJDCN9RT115746/123?store={store_code}	SILVER	8872 miles	Compass	3C4NJDCN9RT115746	2024	26341 USD	2186	26341 USD	MI	no	Compass	No	Over 20k
1C4RJHAG3RC233123	2024 Jeep Grand Cherokee Altitude X	Jeep	https://www.stcloudtoyota.com/vehicle/Used/2024/Jeep/Grand-Cherokee/1C4RJHAG3RC233123/	35341 USD	2024 Baltic Gray Metallic Clearcoat Jeep Grand Cherokee Altitude X 3.6L V6 24V VVT For sale at St. Cloud Toyota in St. Cloud Minnesota.	https://assets.cai-media-management.com/resize/1024x1024/common-vehicle-media/5d7c0c77-2b17-426a-a7db-9fa350884251.jpg	in stock	USED	SUV	Vehicles & Parts > Vehicles > Motor Vehicles > Cars, Trucks & Vans	1C4RJHAG3RC233123	https://www.stcloudtoyota.com/vehicle/Used/2024/Jeep/Grand-Cherokee/1C4RJHAG3RC233123/123?store={store_code}	GRAY	13434 miles	Grand Cherokee	1C4RJHAG3RC233123	2024	35341 USD	2186	35341 USD	MI	no	Grand Cherokee	No	Over 20k
5N1DR3CD9RC210000	2024 Nissan Pathfinder SL	Nissan	https://www.stcloudtoyota.com/vehicle/Used/2024/Nissan/Pathfinder/5N1DR3CD9RC210000/	36341 USD	2024 Gun Metallic Nissan Pathfinder SL 3.5L V6 DOHC For sale at St. Cloud Toyota in St. Cloud Minnesota.	https://assets.cai-media-management.com/resize/1024x1024/common-vehicle-media/214ceb92-533a-4935-a35f-7a1ba1e4250b.jpg	in stock	USED	SUV	Vehicles & Parts > Vehicles > Motor Vehicles > Cars, Trucks & Vans	5N1DR3CD9RC210000	https://www.stcloudtoyota.com/vehicle/Used/2024/Nissan/Pathfinder/5N1DR3CD9RC210000/123?store={store_code}	GRAY	21726 miles	Pathfinder	5N1DR3CD9RC210000	2024	36341 USD	2186	36341 USD	MI	no	Pathfinder	No	Over 20k
1C6SRFHT9RN143617	2024 Ram 1500 Limited	Ram	https://www.stcloudtoyota.com/vehicle/Used/2024/Ram/1500/1C6SRFHT9RN143617/	50041 USD	2024 Bright White Ram 1500 Limited HEMI 5.7L V8 Multi Displacement VVT eTorque For sale at St. Cloud Toyota in St. Cloud Minnesota.	https://assets.cai-media-management.com/resize/1024x1024/common-vehicle-media/db1ac408-f295-4ee1-9681-8bc6e7cce0af.jpg	in stock	USED	TRUCK	Vehicles & Parts > Vehicles > Motor Vehicles > Cars, Trucks & Vans	1C6SRFHT9RN143617	https://www.stcloudtoyota.com/vehicle/Used/2024/Ram/1500/1C6SRFHT9RN143617/123?store={store_code}	WHITE	35776 miles	1500	1C6SRFHT9RN143617	2024	50041 USD	2186	50041 USD	MI	no	1500	No	Over 20k
3C63R3EL6RG203028	2024 Ram 3500 Laramie Crew Cab	Ram	https://www.stcloudtoyota.com/vehicle/Used/2024/Ram/3500/3C63R3EL6RG203028/	66841 USD	2024 Diamond Black Crystal Pearlcoat Ram 3500 Laramie Cummins 6.7L I6 Turbodiesel For sale at St. Cloud Toyota in St. Cloud Minnesota.	https://assets.cai-media-management.com/resize/1024x1024/common-vehicle-media/2e6b44c9-e65b-46e6-8aa1-cc2c77a7da1a.jpg	in stock	USED	TRUCK	Vehicles & Parts > Vehicles > Motor Vehicles > Cars, Trucks & Vans	3C63R3EL6RG203028	https://www.stcloudtoyota.com/vehicle/Used/2024/Ram/3500/3C63R3EL6RG203028/123?store={store_code}	BLACK	8722 miles	3500	3C63R3EL6RG203028	2024	66841 USD	2186	66841 USD	MI	no	3500	No	Over 20k
2T3LWRFV4RW233150	2024 Toyota RAV4 Hybrid LE	Toyota	https://www.stcloudtoyota.com/vehicle/Used/2024/Toyota/RAV4-Hybrid/2T3LWRFV4RW233150/	31841 USD	2024 Magnetic Gray Metallic Toyota RAV4 LE 2.5L 4-Cylinder Atkinson Cycle For sale at St. Cloud Toyota in St. Cloud Minnesota.	https://assets.cai-media-management.com/resize/1024x1024/common-vehicle-media/02f72d58-4c89-4ef5-9597-b294174238c9.jpg	in stock	USED	SUV	Vehicles & Parts > Vehicles > Motor Vehicles > Cars, Trucks & Vans	2T3LWRFV4RW233150	https://www.stcloudtoyota.com/vehicle/Used/2024/Toyota/RAV4-Hybrid/2T3LWRFV4RW233150/123?store={store_code}	GRAY	67005 miles	RAV4	2T3LWRFV4RW233150	2024	31841 USD	2186	31841 USD	MI	no	RAV4	No	Over 20k
4T3LWRFV5RU149421	2024 Toyota RAV4 Hybrid LE	Toyota	https://www.stcloudtoyota.com/vehicle/Used/2024/Toyota/RAV4-Hybrid/4T3LWRFV5RU149421/	34341 USD	2024 Silver Sky Metallic Toyota RAV4 LE 2.5L 4-Cylinder Atkinson Cycle For sale at St. Cloud Toyota in St. Cloud Minnesota.	https://assets.cai-media-management.com/resize/1024x1024/common-vehicle-media/68812acc-cae1-481d-b62a-ffabfcca592b.jpg	in stock	USED	SUV	Vehicles & Parts > Vehicles > Motor Vehicles > Cars, Trucks & Vans	4T3LWRFV5RU149421	https://www.stcloudtoyota.com/vehicle/Used/2024/Toyota/RAV4-Hybrid/4T3LWRFV5RU149421/123?store={store_code}	SILVER	38594 miles	RAV4	4T3LWRFV5RU149421	2024	34341 USD	2186	34341 USD	MI	no	RAV4	No	Over 20k
2T3J1RFV0RW482082	2024 Toyota RAV4 Adventure	Toyota	https://www.stcloudtoyota.com/vehicle/Used/2024/Toyota/RAV4/2T3J1RFV0RW482082/	36341 USD	2024 Midnight Black Metallic Toyota RAV4 Adventure 2.5L DOHC 4-Cylinder Engine with Dual VVT-I For sale at St. Cloud Toyota in St. Cloud Minnesota.	https://assets.cai-media-management.com/resize/1024x1024/common-vehicle-media/9e8cdbec-76b1-4a56-bbb1-22d6aabf6178.jpg	in stock	USED	SUV	Vehicles & Parts > Vehicles > Motor Vehicles > Cars, Trucks & Vans	2T3J1RFV0RW482082	https://www.stcloudtoyota.com/vehicle/Used/2024/Toyota/RAV4/2T3J1RFV0RW482082/123?store={store_code}	BLACK	25296 miles	RAV4	2T3J1RFV0RW482082	2024	36341 USD	2186	36341 USD	MI	no	RAV4	No	Over 20k
5TFNC5DB7RX061775	2024 Toyota Tundra Hybrid Platinum 5.5' Bed	Toyota	https://www.stcloudtoyota.com/vehicle/Used/2024/Toyota/Tundra-Hybrid/5TFNC5DB7RX061775/	55341 USD	2024 Magnetic Gray Metallic Toyota Tundra Platinum 3.4L V6 Hybrid i-FORCE MAX For sale at St. Cloud Toyota in St. Cloud Minnesota.	https://assets.cai-media-management.com/resize/1024x1024/common-vehicle-media/79b5f6f6-3b1d-45fc-8091-6d8767652195.jpg	in stock	USED	TRUCK	Vehicles & Parts > Vehicles > Motor Vehicles > Cars, Trucks & Vans	5TFNC5DB7RX061775	https://www.stcloudtoyota.com/vehicle/Used/2024/Toyota/Tundra-Hybrid/5TFNC5DB7RX061775/123?store={store_code}	GRAY	24195 miles	Tundra	5TFNC5DB7RX061775	2024	55341 USD	2186	55341 USD	MI	no	Tundra	No	Over 20k
5TFLA5DB2RX230646	2024 Toyota Tundra SR5 5.5' Bed	Toyota	https://www.stcloudtoyota.com/vehicle/Used/2024/Toyota/Tundra/5TFLA5DB2RX230646/	43341 USD	2024 Midnight Black Metallic Toyota Tundra SR5 3.4L V6 i-FORCE (389 HP) For sale at St. Cloud Toyota in St. Cloud Minnesota.	https://assets.cai-media-management.com/resize/1024x1024/common-vehicle-media/f94aa068-e2a6-4205-aabb-8cd77ccaa933.jpg	in stock	USED	TRUCK	Vehicles & Parts > Vehicles > Motor Vehicles > Cars, Trucks & Vans	5TFLA5DB2RX230646	https://www.stcloudtoyota.com/vehicle/Used/2024/Toyota/Tundra/5TFLA5DB2RX230646/123?store={store_code}	BLACK	30854 miles	Tundra	5TFLA5DB2RX230646	2024	43341 USD	2186	43341 USD	MI	no	Tundra	No	Over 20k
1V2HE2CA3RC216729	2024 Volkswagen Atlas Cross Sport 2.0T SE w/Technology	Volkswagen	https://www.stcloudtoyota.com/vehicle/Used/2024/Volkswagen/Atlas-Cross-Sport/1V2HE2CA3RC216729/	33341 USD	2024 Platinum Gray Metallic Volkswagen Atlas Cross Sport 2.0T SE w/Technology 2.0L TSI I-4 DOHC 16-Valve Turbocharged For sale at St. Cloud Toyota in St. Cloud Minnesota.	https://assets.cai-media-management.com/resize/1024x1024/common-vehicle-media/b73fde8c-26dd-4bbd-9aaf-39092b6b95d2.jpg	in stock	USED	SUV	Vehicles & Parts > Vehicles > Motor Vehicles > Cars, Trucks & Vans	1V2HE2CA3RC216729	https://www.stcloudtoyota.com/vehicle/Used/2024/Volkswagen/Atlas-Cross-Sport/1V2HE2CA3RC216729/123?store={store_code}	WHITE	21965 miles	Atlas Cross Sport	1V2HE2CA3RC216729	2024	33341 USD	2186	33341 USD	MI	no	Atlas Cross Sport	No	Over 20k
1V2HE2CAXRC212306	2024 Volkswagen Atlas Cross Sport 2.0T SE w/Technology	Volkswagen	https://www.stcloudtoyota.com/vehicle/Used/2024/Volkswagen/Atlas-Cross-Sport/1V2HE2CAXRC212306/	31341 USD	2024 Deep Black Pearl Volkswagen Atlas Cross Sport 2.0T SE w/Technology 2.0L TSI I-4 DOHC 16-Valve Turbocharged For sale at St. Cloud Toyota in St. Cloud Minnesota.	https://assets.cai-media-management.com/resize/1024x1024/common-vehicle-media/508e459c-a074-41f5-b361-71479765e02e.jpg	in stock	USED	SUV	Vehicles & Parts > Vehicles > Motor Vehicles > Cars, Trucks & Vans	1V2HE2CAXRC212306	https://www.stcloudtoyota.com/vehicle/Used/2024/Volkswagen/Atlas-Cross-Sport/1V2HE2CAXRC212306/123?store={store_code}	BLACK	39764 miles	Atlas Cross Sport	1V2HE2CAXRC212306	2024	31341 USD	2186	31341 USD	MI	no	Atlas Cross Sport	No	Over 20k
1GCUKEE82SZ184928	2025 Chevrolet Silverado 1500 RST Crew Cab	Chevrolet	https://www.stcloudtoyota.com/vehicle/Used/2025/Chevrolet/Silverado-1500/1GCUKEE82SZ184928/	46041 USD	2025 Summit White Chevrolet Silverado 1500 RST 3.0L I6 For sale at St. Cloud Toyota in St. Cloud Minnesota.	https://assets.cai-media-management.com/resize/1024x1024/common-vehicle-media/72ab910e-e3c1-4b92-9c1a-eee5a1c9cdfe.jpg	in stock	USED	TRUCK	Vehicles & Parts > Vehicles > Motor Vehicles > Cars, Trucks & Vans	1GCUKEE82SZ184928	https://www.stcloudtoyota.com/vehicle/Used/2025/Chevrolet/Silverado-1500/1GCUKEE82SZ184928/123?store={store_code}	WHITE	24888 miles	Silverado 1500	1GCUKEE82SZ184928	2025	46041 USD	2186	46041 USD	MI	no	Silverado 1500	No	Over 20k
2C4RC1BG0SR568823	2025 Chrysler Pacifica Select	Chrysler	https://www.stcloudtoyota.com/vehicle/Used/2025/Chrysler/Pacifica/2C4RC1BG0SR568823/	30041 USD	2025 Ceramic Gray Clearcoat Chrysler Pacifica Select 3.6L V6 24V VVT For sale at St. Cloud Toyota in St. Cloud Minnesota.	https://assets.cai-media-management.com/resize/1024x1024/common-vehicle-media/7798ab17-bacd-40c5-942f-4387ff5da9cd.jpg	in stock	USED	VAN	Vehicles & Parts > Vehicles > Motor Vehicles > Cars, Trucks & Vans	2C4RC1BG0SR568823	https://www.stcloudtoyota.com/vehicle/Used/2025/Chrysler/Pacifica/2C4RC1BG0SR568823/123?store={store_code}	GRAY	24455 miles	Pacifica	2C4RC1BG0SR568823	2025	30041 USD	2186	30041 USD	MI	no	Pacifica	No	Over 20k
3FMCR9GN4SRE71477	2025 Ford Bronco Sport Heritage	Ford	https://www.stcloudtoyota.com/vehicle/Used/2025/Ford/Bronco-Sport/3FMCR9GN4SRE71477/	30841 USD	2025 Shadow Black Ford Bronco Sport Heritage 1.5L EcoBoost For sale at St. Cloud Toyota in St. Cloud Minnesota.	https://assets.cai-media-management.com/resize/1024x1024/common-vehicle-media/26f76cc0-f507-4b89-8706-e0d48b583527.jpg	in stock	USED	SUV	Vehicles & Parts > Vehicles > Motor Vehicles > Cars, Trucks & Vans	3FMCR9GN4SRE71477	https://www.stcloudtoyota.com/vehicle/Used/2025/Ford/Bronco-Sport/3FMCR9GN4SRE71477/123?store={store_code}	BLACK	9022 miles	Bronco Sport	3FMCR9GN4SRE71477	2025	30841 USD	2186	30841 USD	MI	no	Bronco Sport	No	Over 20k
1FTFW3L80SKD37142	2025 Ford F-150 XLT Crew Cab	Ford	https://www.stcloudtoyota.com/vehicle/Used/2025/Ford/F-150/1FTFW3L80SKD37142/	43041 USD	2025 Oxford White Ford F-150 XLT 3.5L V6 EcoBoost For sale at St. Cloud Toyota in St. Cloud Minnesota.	https://assets.cai-media-management.com/resize/1024x1024/common-vehicle-media/e00e6d71-7295-4ee3-8bf8-ff6cf3100880.jpg	in stock	USED	TRUCK	Vehicles & Parts > Vehicles > Motor Vehicles > Cars, Trucks & Vans	1FTFW3L80SKD37142	https://www.stcloudtoyota.com/vehicle/Used/2025/Ford/F-150/1FTFW3L80SKD37142/123?store={store_code}	WHITE	22226 miles	F-150	1FTFW3L80SKD37142	2025	43041 USD	2186	43041 USD	MI	no	F-150	No	Over 20k
1FTFW3L80SKE49634	2025 Ford F-150 XLT Crew Cab	Ford	https://www.stcloudtoyota.com/vehicle/Used/2025/Ford/F-150/1FTFW3L80SKE49634/	43341 USD	2025 Iconic Silver Metallic Ford F-150 XLT 3.5L V6 EcoBoost For sale at St. Cloud Toyota in St. Cloud Minnesota.	https://assets.cai-media-management.com/resize/1024x1024/common-vehicle-media/1549fb8a-905e-46af-99ac-8df4c4afaf90.jpg	in stock	USED	TRUCK	Vehicles & Parts > Vehicles > Motor Vehicles > Cars, Trucks & Vans	1FTFW3L80SKE49634	https://www.stcloudtoyota.com/vehicle/Used/2025/Ford/F-150/1FTFW3L80SKE49634/123?store={store_code}	SILVER	15669 miles	F-150	1FTFW3L80SKE49634	2025	43341 USD	2186	43341 USD	MI	no	F-150	No	Over 20k
1FTFW3L84SKE49779	2025 Ford F-150 XLT Crew Cab	Ford	https://www.stcloudtoyota.com/vehicle/Used/2025/Ford/F-150/1FTFW3L84SKE49779/	43341 USD	2025 Green Ford F-150 XLT 3.5L V6 EcoBoost For sale at St. Cloud Toyota in St. Cloud Minnesota.	https://assets.cai-media-management.com/resize/1024x1024/common-vehicle-media/9ef06eab-9b32-4e69-b1ae-f410c8d62d9c.jpg	in stock	USED	TRUCK	Vehicles & Parts > Vehicles > Motor Vehicles > Cars, Trucks & Vans	1FTFW3L84SKE49779	https://www.stcloudtoyota.com/vehicle/Used/2025/Ford/F-150/1FTFW3L84SKE49779/123?store={store_code}	GREEN	15364 miles	F-150	1FTFW3L84SKE49779	2025	43341 USD	2186	43341 USD	MI	no	F-150	No	Over 20k
JM3KFBEM1S0804297	2025 Mazda CX-5 2.5 S Premium Plus Package	Mazda	https://www.stcloudtoyota.com/vehicle/Used/2025/Mazda/CX-5/JM3KFBEM1S0804297/	35341 USD	2025 Machine Gray Metallic Mazda CX-5 2.5 S Premium Plus Package 2.5L SKYACTIV-G DOHC 16-Valve 4-Cylinder For sale at St. Cloud Toyota in St. Cloud Minnesota.	https://assets.cai-media-management.com/resize/1024x1024/common-vehicle-media/3012b7b6-3669-4eca-b06e-f561336df1db.jpg	in stock	USED	SUV	Vehicles & Parts > Vehicles > Motor Vehicles > Cars, Trucks & Vans	JM3KFBEM1S0804297	https://www.stcloudtoyota.com/vehicle/Used/2025/Mazda/CX-5/JM3KFBEM1S0804297/123?store={store_code}	GRAY	14646 miles	CX-5	JM3KFBEM1S0804297	2025	35341 USD	2186	35341 USD	MI	no	CX-5	No	Over 20k
JM3KFBEM4S0808747	2025 Mazda CX-5 2.5 S Premium Plus Package	Mazda	https://www.stcloudtoyota.com/vehicle/Used/2025/Mazda/CX-5/JM3KFBEM4S0808747/	35341 USD	2025 Platinum Quartz Metallic Mazda CX-5 2.5 S Premium Plus Package 2.5L SKYACTIV-G DOHC 16-Valve 4-Cylinder For sale at St. Cloud Toyota in St. Cloud Minnesota.	https://assets.cai-media-management.com/resize/1024x1024/common-vehicle-media/065e59dc-289f-46a0-a08a-9dc07ebbea02.jpg	in stock	USED	SUV	Vehicles & Parts > Vehicles > Motor Vehicles > Cars, Trucks & Vans	JM3KFBEM4S0808747	https://www.stcloudtoyota.com/vehicle/Used/2025/Mazda/CX-5/JM3KFBEM4S0808747/123?store={store_code}	WHITE	15842 miles	CX-5	JM3KFBEM4S0808747	2025	35341 USD	2186	35341 USD	MI	no	CX-5	No	Over 20k
7MMVAADW3SN132327	2025 Mazda CX-50 Hybrid Premium	Mazda	https://www.stcloudtoyota.com/vehicle/Used/2025/Mazda/CX-50-Hybrid/7MMVAADW3SN132327/	33341 USD	2025 Polymetal Gray Metallic Mazda CX-50 Premium 2.5L 4-Cylinder For sale at St. Cloud Toyota in St. Cloud Minnesota.	https://assets.cai-media-management.com/resize/1024x1024/common-vehicle-media/be5ffb1b-839b-4019-a457-8c650c9d1499.jpg	in stock	USED	SUV	Vehicles & Parts > Vehicles > Motor Vehicles > Cars, Trucks & Vans	7MMVAADW3SN132327	https://www.stcloudtoyota.com/vehicle/Used/2025/Mazda/CX-50-Hybrid/7MMVAADW3SN132327/123?store={store_code}	GRAY	29353 miles	CX-50	7MMVAADW3SN132327	2025	33341 USD	2186	33341 USD	MI	no	CX-50	No	Over 20k
7MMVABBM5SN340801	2025 Mazda CX-50 2.5 S Preferred Package	Mazda	https://www.stcloudtoyota.com/vehicle/Used/2025/Mazda/CX-50/7MMVABBM5SN340801/	25841 USD	2025 Jet Black Mica Mazda CX-50 2.5 S Preferred Package SKYACTIV®-G 2.5L 4-Cylinder DOHC 16V For sale at St. Cloud Toyota in St. Cloud Minnesota.	https://assets.cai-media-management.com/resize/1024x1024/common-vehicle-media/c1bcfb4b-f5a8-46b6-8f46-0a0b549d7d8d.jpg	in stock	USED	SUV	Vehicles & Parts > Vehicles > Motor Vehicles > Cars, Trucks & Vans	7MMVABBM5SN340801	https://www.stcloudtoyota.com/vehicle/Used/2025/Mazda/CX-50/7MMVABBM5SN340801/123?store={store_code}	BLACK	45760 miles	CX-50	7MMVABBM5SN340801	2025	25841 USD	2186	25841 USD	MI	no	CX-50	No	Over 20k
1N4BL4DV1SN391927	2025 Nissan Altima 2.5 SV	Nissan	https://www.stcloudtoyota.com/vehicle/Used/2025/Nissan/Altima/1N4BL4DV1SN391927/	21341 USD	2025 Super Black Nissan Altima 2.5 SV 2.5L DOHC 16-Valve 4-Cylinder For sale at St. Cloud Toyota in St. Cloud Minnesota.	https://assets.cai-media-management.com/resize/1024x1024/common-vehicle-media/394059e2-8450-4a62-9710-2a4af5496da9.jpg	in stock	USED	OTHER	Vehicles & Parts > Vehicles > Motor Vehicles > Cars, Trucks & Vans	1N4BL4DV1SN391927	https://www.stcloudtoyota.com/vehicle/Used/2025/Nissan/Altima/1N4BL4DV1SN391927/123?store={store_code}	BLACK	32374 miles	Altima	1N4BL4DV1SN391927	2025	21341 USD	2186	21341 USD	MI	no	Altima	No	Over 20k
1N4BL4DV2SN392679	2025 Nissan Altima 2.5 SV	Nissan	https://www.stcloudtoyota.com/vehicle/Used/2025/Nissan/Altima/1N4BL4DV2SN392679/	21341 USD	2025 Glacier White Nissan Altima 2.5 SV 2.5L DOHC 16-Valve 4-Cylinder For sale at St. Cloud Toyota in St. Cloud Minnesota.	https://assets.cai-media-management.com/resize/1024x1024/common-vehicle-media/26fc36c8-348d-4771-bcae-fe64b317718b.jpg	in stock	USED	OTHER	Vehicles & Parts > Vehicles > Motor Vehicles > Cars, Trucks & Vans	1N4BL4DV2SN392679	https://www.stcloudtoyota.com/vehicle/Used/2025/Nissan/Altima/1N4BL4DV2SN392679/123?store={store_code}	WHITE	31057 miles	Altima	1N4BL4DV2SN392679	2025	21341 USD	2186	21341 USD	MI	no	Altima	No	Over 20k
5N1BT3BB8SC815799	2025 Nissan Rogue SV	Nissan	https://www.stcloudtoyota.com/vehicle/Used/2025/Nissan/Rogue/5N1BT3BB8SC815799/	23841 USD	2025 Super Black Nissan Rogue SV 1.5L DOHC For sale at St. Cloud Toyota in St. Cloud Minnesota.	https://assets.cai-media-management.com/resize/1024x1024/common-vehicle-media/5f65e22c-91c2-4cbf-806d-d5ef40346714.jpg	in stock	USED	SUV	Vehicles & Parts > Vehicles > Motor Vehicles > Cars, Trucks & Vans	5N1BT3BB8SC815799	https://www.stcloudtoyota.com/vehicle/Used/2025/Nissan/Rogue/5N1BT3BB8SC815799/123?store={store_code}	BLACK	40802 miles	Rogue	5N1BT3BB8SC815799	2025	23841 USD	2186	23841 USD	MI	no	Rogue	No	Over 20k
3N1AB8BV0SY410573	2025 Nissan Sentra S	Nissan	https://www.stcloudtoyota.com/vehicle/Used/2025/Nissan/Sentra/3N1AB8BV0SY410573/	20141 USD	2025 Fresh Powder Nissan Sentra S 2.0L DOHC I-4 For sale at St. Cloud Toyota in St. Cloud Minnesota.	https://assets.cai-media-management.com/resize/1024x1024/common-vehicle-media/c0a41310-50b8-4b0a-9496-7c2d21d59f20.jpg	in stock	USED	OTHER	Vehicles & Parts > Vehicles > Motor Vehicles > Cars, Trucks & Vans	3N1AB8BV0SY410573	https://www.stcloudtoyota.com/vehicle/Used/2025/Nissan/Sentra/3N1AB8BV0SY410573/123?store={store_code}	WHITE	12938 miles	Sentra	3N1AB8BV0SY410573	2025	20141 USD	2186	20141 USD	MI	no	Sentra	No	Over 20k
3N1AB8CV1SY393183	2025 Nissan Sentra SV	Nissan	https://www.stcloudtoyota.com/vehicle/Used/2025/Nissan/Sentra/3N1AB8CV1SY393183/	21341 USD	2025 Gun Metallic Nissan Sentra SV 2.0L DOHC I-4 For sale at St. Cloud Toyota in St. Cloud Minnesota.	https://assets.cai-media-management.com/resize/1024x1024/common-vehicle-media/b42394b7-ba5c-4afb-bb98-728faf4bff4b.jpg	in stock	USED	OTHER	Vehicles & Parts > Vehicles > Motor Vehicles > Cars, Trucks & Vans	3N1AB8CV1SY393183	https://www.stcloudtoyota.com/vehicle/Used/2025/Nissan/Sentra/3N1AB8CV1SY393183/123?store={store_code}	GRAY	26326 miles	Sentra	3N1AB8CV1SY393183	2025	21341 USD	2186	21341 USD	MI	no	Sentra	No	Over 20k
3N1AB8CV1SY410080	2025 Nissan Sentra SV	Nissan	https://www.stcloudtoyota.com/vehicle/Used/2025/Nissan/Sentra/3N1AB8CV1SY410080/	21341 USD	2025 Super Black Nissan Sentra SV 2.0L DOHC I-4 For sale at St. Cloud Toyota in St. Cloud Minnesota.	https://assets.cai-media-management.com/resize/1024x1024/common-vehicle-media/8826d683-3b95-4953-b417-c08851b7c942.jpg	in stock	USED	OTHER	Vehicles & Parts > Vehicles > Motor Vehicles > Cars, Trucks & Vans	3N1AB8CV1SY410080	https://www.stcloudtoyota.com/vehicle/Used/2025/Nissan/Sentra/3N1AB8CV1SY410080/123?store={store_code}	BLACK	23433 miles	Sentra	3N1AB8CV1SY410080	2025	21341 USD	2186	21341 USD	MI	no	Sentra	No	Over 20k
3N1AB8CV7SY376629	2025 Nissan Sentra SV	Nissan	https://www.stcloudtoyota.com/vehicle/Used/2025/Nissan/Sentra/3N1AB8CV7SY376629/	20341 USD	2025 Aspen White Tricoat Nissan Sentra SV 2.0L DOHC I-4 For sale at St. Cloud Toyota in St. Cloud Minnesota.	https://assets.cai-media-management.com/resize/1024x1024/common-vehicle-media/8c5c0a37-7bf1-4fc6-be0a-05a251bc24e1.jpg	in stock	USED	OTHER	Vehicles & Parts > Vehicles > Motor Vehicles > Cars, Trucks & Vans	3N1AB8CV7SY376629	https://www.stcloudtoyota.com/vehicle/Used/2025/Nissan/Sentra/3N1AB8CV7SY376629/123?store={store_code}	WHITE	24485 miles	Sentra	3N1AB8CV7SY376629	2025	20341 USD	2186	20341 USD	MI	no	Sentra	No	Over 20k
3N1AB8CV8SY406754	2025 Nissan Sentra SV	Nissan	https://www.stcloudtoyota.com/vehicle/Used/2025/Nissan/Sentra/3N1AB8CV8SY406754/	20341 USD	2025 Gun Metallic Nissan Sentra SV 2.0L DOHC I-4 For sale at St. Cloud Toyota in St. Cloud Minnesota.	https://assets.cai-media-management.com/resize/1024x1024/common-vehicle-media/3cc24db8-bd3b-4579-be14-b6b96567ad20.jpg	in stock	USED	OTHER	Vehicles & Parts > Vehicles > Motor Vehicles > Cars, Trucks & Vans	3N1AB8CV8SY406754	https://www.stcloudtoyota.com/vehicle/Used/2025/Nissan/Sentra/3N1AB8CV8SY406754/123?store={store_code}	GRAY	17440 miles	Sentra	3N1AB8CV8SY406754	2025	20341 USD	2186	20341 USD	MI	no	Sentra	No	Over 20k
4S4BTAPC8S3216679	2025 Subaru Outback Touring	Subaru	https://www.stcloudtoyota.com/vehicle/Used/2025/Subaru/Outback/4S4BTAPC8S3216679/	34941 USD	2025 Magnetite Gray Metallic/Crystal Black Silica Subaru Outback Touring 2.5L DOHC 16 Valve 4-Cylinder For sale at St. Cloud Toyota in St. Cloud Minnesota.	https://assets.cai-media-management.com/resize/1024x1024/common-vehicle-media/6836792c-34b1-426e-98f7-c13f9dcb865f.jpg	in stock	USED	SUV	Vehicles & Parts > Vehicles > Motor Vehicles > Cars, Trucks & Vans	4S4BTAPC8S3216679	https://www.stcloudtoyota.com/vehicle/Used/2025/Subaru/Outback/4S4BTAPC8S3216679/123?store={store_code}	BLACK	15733 miles	Outback	4S4BTAPC8S3216679	2025	34941 USD	2186	34941 USD	MI	no	Outback	No	Over 20k
4T1DAACK2SU075663	2025 Toyota Camry SE	Toyota	https://www.stcloudtoyota.com/vehicle/Used/2025/Toyota/Camry/4T1DAACK2SU075663/	29841 USD	2025 Midnight Black Metallic Toyota Camry SE 2.5L 4-Cylinder 16-Valve DOHC Hybrid For sale at St. Cloud Toyota in St. Cloud Minnesota.	https://assets.cai-media-management.com/resize/1024x1024/common-vehicle-media/dea4948d-b554-4147-8d8e-5236bc15ea9b.jpg	in stock	USED	OTHER	Vehicles & Parts > Vehicles > Motor Vehicles > Cars, Trucks & Vans	4T1DAACK2SU075663	https://www.stcloudtoyota.com/vehicle/Used/2025/Toyota/Camry/4T1DAACK2SU075663/123?store={store_code}	BLACK	52718 miles	Camry	4T1DAACK2SU075663	2025	29841 USD	2186	29841 USD	MI	no	Camry	No	Over 20k
4T1DAACK2SU516496	2025 Toyota Camry SE	Toyota	https://www.stcloudtoyota.com/vehicle/Used/2025/Toyota/Camry/4T1DAACK2SU516496/	28841 USD	2025 Ice Cap Toyota Camry SE 2.5L 4-Cylinder 16-Valve DOHC Hybrid For sale at St. Cloud Toyota in St. Cloud Minnesota.	https://assets.cai-media-management.com/resize/1024x1024/common-vehicle-media/ff571a59-f42d-4ce1-bafd-1efb1a90460d.jpg	in stock	USED	OTHER	Vehicles & Parts > Vehicles > Motor Vehicles > Cars, Trucks & Vans	4T1DAACK2SU516496	https://www.stcloudtoyota.com/vehicle/Used/2025/Toyota/Camry/4T1DAACK2SU516496/123?store={store_code}	WHITE	60002 miles	Camry	4T1DAACK2SU516496	2025	28841 USD	2186	28841 USD	MI	no	Camry	No	Over 20k
4T1DAACK2SU531211	2025 Toyota Camry LE	Toyota	https://www.stcloudtoyota.com/vehicle/Used/2025/Toyota/Camry/4T1DAACK2SU531211/	28341 USD	2025 Midnight Black Metallic Toyota Camry LE 2.5L 4-Cylinder 16-Valve DOHC Hybrid For sale at St. Cloud Toyota in St. Cloud Minnesota.	https://assets.cai-media-management.com/resize/1024x1024/common-vehicle-media/4e970fc2-8fc8-4c84-ae85-f464fbb33e68.jpg	in stock	USED	OTHER	Vehicles & Parts > Vehicles > Motor Vehicles > Cars, Trucks & Vans	4T1DAACK2SU531211	https://www.stcloudtoyota.com/vehicle/Used/2025/Toyota/Camry/4T1DAACK2SU531211/123?store={store_code}	BLACK	58997 miles	Camry	4T1DAACK2SU531211	2025	28341 USD	2186	28341 USD	MI	no	Camry	No	Over 20k
4T1DAACK4SU573170	2025 Toyota Camry SE	Toyota	https://www.stcloudtoyota.com/vehicle/Used/2025/Toyota/Camry/4T1DAACK4SU573170/	30341 USD	2025 Heavy Metal Toyota Camry SE 2.5L 4-Cylinder 16-Valve DOHC Hybrid For sale at St. Cloud Toyota in St. Cloud Minnesota.	https://assets.cai-media-management.com/resize/1024x1024/common-vehicle-media/cae4dd11-a118-48f0-88ca-d1321c6cd531.jpg	in stock	USED	OTHER	Vehicles & Parts > Vehicles > Motor Vehicles > Cars, Trucks & Vans	4T1DAACK4SU573170	https://www.stcloudtoyota.com/vehicle/Used/2025/Toyota/Camry/4T1DAACK4SU573170/123?store={store_code}	GRAY	46927 miles	Camry	4T1DAACK4SU573170	2025	30341 USD	2186	30341 USD	MI	no	Camry	No	Over 20k
4T1DAACK8SU066790	2025 Toyota Camry SE	Toyota	https://www.stcloudtoyota.com/vehicle/Used/2025/Toyota/Camry/4T1DAACK8SU066790/	29841 USD	2025 Midnight Black Metallic Toyota Camry SE 2.5L 4-Cylinder 16-Valve DOHC Hybrid For sale at St. Cloud Toyota in St. Cloud Minnesota.	https://assets.cai-media-management.com/resize/1024x1024/common-vehicle-media/81dd8437-a6b6-438f-864a-95f7188140a5.jpg	in stock	USED	OTHER	Vehicles & Parts > Vehicles > Motor Vehicles > Cars, Trucks & Vans	4T1DAACK8SU066790	https://www.stcloudtoyota.com/vehicle/Used/2025/Toyota/Camry/4T1DAACK8SU066790/123?store={store_code}	BLACK	52857 miles	Camry	4T1DAACK8SU066790	2025	29841 USD	2186	29841 USD	MI	no	Camry	No	Over 20k
4T1DAACK8SU123683	2025 Toyota Camry LE	Toyota	https://www.stcloudtoyota.com/vehicle/Used/2025/Toyota/Camry/4T1DAACK8SU123683/	29341 USD	2025 Ice Cap Toyota Camry LE 2.5L 4-Cylinder 16-Valve DOHC Hybrid For sale at St. Cloud Toyota in St. Cloud Minnesota.	https://assets.cai-media-management.com/resize/1024x1024/common-vehicle-media/5cf3e34f-db35-4964-9d9f-cd20a8c39294.jpg	in stock	USED	OTHER	Vehicles & Parts > Vehicles > Motor Vehicles > Cars, Trucks & Vans	4T1DAACK8SU123683	https://www.stcloudtoyota.com/vehicle/Used/2025/Toyota/Camry/4T1DAACK8SU123683/123?store={store_code}	WHITE	44354 miles	Camry	4T1DAACK8SU123683	2025	29341 USD	2186	29341 USD	MI	no	Camry	No	Over 20k
4T1DAACKXSU034133	2025 Toyota Camry LE	Toyota	https://www.stcloudtoyota.com/vehicle/Used/2025/Toyota/Camry/4T1DAACKXSU034133/	27341 USD	2025 Ice Cap Toyota Camry LE 2.5L 4-Cylinder 16-Valve DOHC Hybrid For sale at St. Cloud Toyota in St. Cloud Minnesota.	https://assets.cai-media-management.com/resize/1024x1024/common-vehicle-media/0eb720c3-dd4b-43ed-a771-86f6ea14ac45.jpg	in stock	USED	OTHER	Vehicles & Parts > Vehicles > Motor Vehicles > Cars, Trucks & Vans	4T1DAACKXSU034133	https://www.stcloudtoyota.com/vehicle/Used/2025/Toyota/Camry/4T1DAACKXSU034133/123?store={store_code}	WHITE	55228 miles	Camry	4T1DAACKXSU034133	2025	27341 USD	2186	27341 USD	MI	no	Camry	No	Over 20k
7MUFBABG1SV082752	2025 Toyota Corolla Cross Hybrid XSE	Toyota	https://www.stcloudtoyota.com/vehicle/Used/2025/Toyota/Corolla-Cross/7MUFBABG1SV082752/	36341 USD	2025 Jet Black Toyota Corolla Cross Hybrid XSE 2.0L Dynamic Force 4-Cylinder DOHC 16-Valve For sale at St. Cloud Toyota in St. Cloud Minnesota.	https://assets.cai-media-management.com/resize/1024x1024/common-vehicle-media/d8c04023-16e3-4c5f-9682-4e266dd8c62c.jpg	in stock	USED	SUV	Vehicles & Parts > Vehicles > Motor Vehicles > Cars, Trucks & Vans	7MUFBABG1SV082752	https://www.stcloudtoyota.com/vehicle/Used/2025/Toyota/Corolla-Cross/7MUFBABG1SV082752/123?store={store_code}	BLACK	1700 miles	Corolla Cross	7MUFBABG1SV082752	2025	36341 USD	2186	36341 USD	MI	no	Corolla Cross	No	Over 20k
JTDACAAJXS3001408	2025 Toyota Crown Signia XLE	Toyota	https://www.stcloudtoyota.com/vehicle/Used/2025/Toyota/Crown-Signia/JTDACAAJXS3001408/	46341 USD	2025 Storm Cloud Toyota Crown Signia XLE 2.5l Dynamic Force 4-Cylinder Dohc 16-Valve For sale at St. Cloud Toyota in St. Cloud Minnesota.	https://assets.cai-media-management.com/resize/1024x1024/common-vehicle-media/c823dce3-d899-41e1-9da0-54f3e6fce36e.jpg	in stock	USED	SUV	Vehicles & Parts > Vehicles > Motor Vehicles > Cars, Trucks & Vans	JTDACAAJXS3001408	https://www.stcloudtoyota.com/vehicle/Used/2025/Toyota/Crown-Signia/JTDACAAJXS3001408/123?store={store_code}	GRAY	18425 miles	Crown Signia	JTDACAAJXS3001408	2025	46341 USD	2186	46341 USD	MI	no	Crown Signia	No	Over 20k
4T3E6RFV0SU186908	2025 Toyota RAV4 Hybrid XSE	Toyota	https://www.stcloudtoyota.com/vehicle/Used/2025/Toyota/RAV4-Hybrid/4T3E6RFV0SU186908/	44341 USD	2025 Wind Chill Pearl/Midnight Black Metallic Toyota RAV4 XSE 2.5L 4-Cylinder Atkinson Cycle For sale at St. Cloud Toyota in St. Cloud Minnesota.	https://assets.cai-media-management.com/resize/1024x1024/common-vehicle-media/b41e7b87-e490-430b-937b-ef93aaccc73f.jpg	in stock	USED	SUV	Vehicles & Parts > Vehicles > Motor Vehicles > Cars, Trucks & Vans	4T3E6RFV0SU186908	https://www.stcloudtoyota.com/vehicle/Used/2025/Toyota/RAV4-Hybrid/4T3E6RFV0SU186908/123?store={store_code}	WHITE	16235 miles	RAV4	4T3E6RFV0SU186908	2025	44341 USD	2186	44341 USD	MI	no	RAV4	No	Over 20k
4T3RWRFV2SU182277	2025 Toyota RAV4 Hybrid XLE	Toyota	https://www.stcloudtoyota.com/vehicle/Used/2025/Toyota/RAV4-Hybrid/4T3RWRFV2SU182277/	37341 USD	2025 Ice Cap Toyota RAV4 XLE 2.5L 4-Cylinder Atkinson Cycle For sale at St. Cloud Toyota in St. Cloud Minnesota.	https://assets.cai-media-management.com/resize/1024x1024/common-vehicle-media/e625842b-f941-46c3-9b99-29516cfcc915.jpg	in stock	USED	SUV	Vehicles & Parts > Vehicles > Motor Vehicles > Cars, Trucks & Vans	4T3RWRFV2SU182277	https://www.stcloudtoyota.com/vehicle/Used/2025/Toyota/RAV4-Hybrid/4T3RWRFV2SU182277/123?store={store_code}	WHITE	33587 miles	RAV4	4T3RWRFV2SU182277	2025	37341 USD	2186	37341 USD	MI	no	RAV4	No	Over 20k
4T3RWRFV6SU165286	2025 Toyota RAV4 Hybrid XLE	Toyota	https://www.stcloudtoyota.com/vehicle/Used/2025/Toyota/RAV4-Hybrid/4T3RWRFV6SU165286/	36841 USD	2025 Magnetic Gray Metallic Toyota RAV4 XLE 2.5L 4-Cylinder Atkinson Cycle For sale at St. Cloud Toyota in St. Cloud Minnesota.	https://assets.cai-media-management.com/resize/1024x1024/common-vehicle-media/df99b238-ccac-4e94-9d3d-66d823e3bbf8.jpg	in stock	USED	SUV	Vehicles & Parts > Vehicles > Motor Vehicles > Cars, Trucks & Vans	4T3RWRFV6SU165286	https://www.stcloudtoyota.com/vehicle/Used/2025/Toyota/RAV4-Hybrid/4T3RWRFV6SU165286/123?store={store_code}	GRAY	41729 miles	RAV4	4T3RWRFV6SU165286	2025	36841 USD	2186	36841 USD	MI	no	RAV4	No	Over 20k
4T3RWRFV6SU165823	2025 Toyota RAV4 Hybrid XLE	Toyota	https://www.stcloudtoyota.com/vehicle/Used/2025/Toyota/RAV4-Hybrid/4T3RWRFV6SU165823/	35841 USD	2025 Midnight Black Metallic Toyota RAV4 XLE 2.5L 4-Cylinder Atkinson Cycle For sale at St. Cloud Toyota in St. Cloud Minnesota.	https://assets.cai-media-management.com/resize/1024x1024/common-vehicle-media/79576518-8f7e-4f89-8dc5-f76b210d0200.jpg	in stock	USED	SUV	Vehicles & Parts > Vehicles > Motor Vehicles > Cars, Trucks & Vans	4T3RWRFV6SU165823	https://www.stcloudtoyota.com/vehicle/Used/2025/Toyota/RAV4-Hybrid/4T3RWRFV6SU165823/123?store={store_code}	BLACK	52084 miles	RAV4	4T3RWRFV6SU165823	2025	35841 USD	2186	35841 USD	MI	no	RAV4	No	Over 20k
JTMRWRFV4SJ080798	2025 Toyota RAV4 Hybrid XLE	Toyota	https://www.stcloudtoyota.com/vehicle/Used/2025/Toyota/RAV4-Hybrid/JTMRWRFV4SJ080798/	39341 USD	2025 Magnetic Gray Metallic Toyota RAV4 XLE 2.5L 4-Cylinder Atkinson Cycle For sale at St. Cloud Toyota in St. Cloud Minnesota.	https://assets.cai-media-management.com/resize/1024x1024/common-vehicle-media/f50d230b-a596-46d6-b4f8-e495c1c97cea.jpg	in stock	USED	SUV	Vehicles & Parts > Vehicles > Motor Vehicles > Cars, Trucks & Vans	JTMRWRFV4SJ080798	https://www.stcloudtoyota.com/vehicle/Used/2025/Toyota/RAV4-Hybrid/JTMRWRFV4SJ080798/123?store={store_code}	GRAY	23995 miles	RAV4	JTMRWRFV4SJ080798	2025	39341 USD	2186	39341 USD	MI	no	RAV4	No	Over 20k
2T3P1RFV0SW591836	2025 Toyota RAV4 XLE	Toyota	https://www.stcloudtoyota.com/vehicle/Used/2025/Toyota/RAV4/2T3P1RFV0SW591836/	36341 USD	2025 Midnight Black Metallic Toyota RAV4 XLE 2.5L DOHC 4-Cylinder Engine with Dual VVT-I For sale at St. Cloud Toyota in St. Cloud Minnesota.	https://assets.cai-media-management.com/resize/1024x1024/common-vehicle-media/2ee7066f-6c4d-4ded-b0ba-c3642cb73bdf.jpg	in stock	USED	SUV	Vehicles & Parts > Vehicles > Motor Vehicles > Cars, Trucks & Vans	2T3P1RFV0SW591836	https://www.stcloudtoyota.com/vehicle/Used/2025/Toyota/RAV4/2T3P1RFV0SW591836/123?store={store_code}	BLACK	19991 miles	RAV4	2T3P1RFV0SW591836	2025	36341 USD	2186	36341 USD	MI	no	RAV4	No	Over 20k
3TMLB5JN2SM155941	2025 Toyota Tacoma TRD Sport 5' Bed	Toyota	https://www.stcloudtoyota.com/vehicle/Used/2025/Toyota/Tacoma/3TMLB5JN2SM155941/	44341 USD	2025 Ice Cap Toyota Tacoma TRD Sport 2.4L 4-Cylinder Turbocharged i-FORCE For sale at St. Cloud Toyota in St. Cloud Minnesota.	https://assets.cai-media-management.com/resize/1024x1024/common-vehicle-media/45939e16-8b17-4da4-920c-dc89bf1ac68c.jpg	in stock	USED	TRUCK	Vehicles & Parts > Vehicles > Motor Vehicles > Cars, Trucks & Vans	3TMLB5JN2SM155941	https://www.stcloudtoyota.com/vehicle/Used/2025/Toyota/Tacoma/3TMLB5JN2SM155941/123?store={store_code}	WHITE	6593 miles	Tacoma	3TMLB5JN2SM155941	2025	44341 USD	2186	44341 USD	MI	no	Tacoma	No	Over 20k
3TMLB5JN3SM152563	2025 Toyota Tacoma SR5 5' Bed	Toyota	https://www.stcloudtoyota.com/vehicle/Used/2025/Toyota/Tacoma/3TMLB5JN3SM152563/	40341 USD	2025 Ice Cap Toyota Tacoma SR5 2.4L 4-Cylinder Turbocharged i-FORCE For sale at St. Cloud Toyota in St. Cloud Minnesota.	https://assets.cai-media-management.com/resize/1024x1024/common-vehicle-media/ee16450d-3040-4ae2-ad61-7dd85ea65f0e.jpg	in stock	USED	TRUCK	Vehicles & Parts > Vehicles > Motor Vehicles > Cars, Trucks & Vans	3TMLB5JN3SM152563	https://www.stcloudtoyota.com/vehicle/Used/2025/Toyota/Tacoma/3TMLB5JN3SM152563/123?store={store_code}	WHITE	11112 miles	Tacoma	3TMLB5JN3SM152563	2025	40341 USD	2186	40341 USD	MI	no	Tacoma	No	Over 20k
3TMLB5JN5SM141368	2025 Toyota Tacoma SR5 5' Bed	Toyota	https://www.stcloudtoyota.com/vehicle/Used/2025/Toyota/Tacoma/3TMLB5JN5SM141368/	40341 USD	2025 Ice Cap Toyota Tacoma SR5 2.4L 4-Cylinder Turbocharged i-FORCE For sale at St. Cloud Toyota in St. Cloud Minnesota.	https://assets.cai-media-management.com/resize/1024x1024/common-vehicle-media/11f1bf2f-0743-4301-bf61-a0a53ae3a0ff.jpg	in stock	USED	TRUCK	Vehicles & Parts > Vehicles > Motor Vehicles > Cars, Trucks & Vans	3TMLB5JN5SM141368	https://www.stcloudtoyota.com/vehicle/Used/2025/Toyota/Tacoma/3TMLB5JN5SM141368/123?store={store_code}	WHITE	14929 miles	Tacoma	3TMLB5JN5SM141368	2025	40341 USD	2186	40341 USD	MI	no	Tacoma	No	Over 20k
3TYLB5JN1ST078774	2025 Toyota Tacoma TRD Off-Road 5' Bed	Toyota	https://www.stcloudtoyota.com/vehicle/Used/2025/Toyota/Tacoma/3TYLB5JN1ST078774/	45341 USD	2025 Supersonic Red Toyota Tacoma TRD Off-Road 2.4L 4-Cylinder Turbocharged i-FORCE For sale at St. Cloud Toyota in St. Cloud Minnesota.	https://assets.cai-media-management.com/resize/1024x1024/common-vehicle-media/168c0953-6b0f-4844-a6e7-86ead3e64120.jpg	in stock	USED	TRUCK	Vehicles & Parts > Vehicles > Motor Vehicles > Cars, Trucks & Vans	3TYLB5JN1ST078774	https://www.stcloudtoyota.com/vehicle/Used/2025/Toyota/Tacoma/3TYLB5JN1ST078774/123?store={store_code}	RED	3314 miles	Tacoma	3TYLB5JN1ST078774	2025	45341 USD	2186	45341 USD	MI	no	Tacoma	No	Over 20k
3TYLD5KN8ST020394	2025 Toyota Tacoma SR 5' Bed	Toyota	https://www.stcloudtoyota.com/vehicle/Used/2025/Toyota/Tacoma/3TYLD5KN8ST020394/	38041 USD	2025 Celestial Silver Metallic Toyota Tacoma SR 2.4L 4-Cylinder Turbocharged i-FORCE For sale at St. Cloud Toyota in St. Cloud Minnesota.	https://assets.cai-media-management.com/resize/1024x1024/common-vehicle-media/331d799b-da40-4898-bc0f-64684a414775.jpg	in stock	USED	TRUCK	Vehicles & Parts > Vehicles > Motor Vehicles > Cars, Trucks & Vans	3TYLD5KN8ST020394	https://www.stcloudtoyota.com/vehicle/Used/2025/Toyota/Tacoma/3TYLD5KN8ST020394/123?store={store_code}	SILVER	10949 miles	Tacoma	3TYLD5KN8ST020394	2025	38041 USD	2186	38041 USD	MI	no	Tacoma	No	Over 20k
5TFMA5DB4SX258149	2025 Toyota Tundra 1794 5.5' Bed	Toyota	https://www.stcloudtoyota.com/vehicle/Used/2025/Toyota/Tundra/5TFMA5DB4SX258149/	63041 USD	2025 Midnight Black Metallic Toyota Tundra 1794 3.4L V6 i-FORCE (389 HP) For sale at St. Cloud Toyota in St. Cloud Minnesota.	https://assets.cai-media-management.com/resize/1024x1024/common-vehicle-media/0b7c307e-99aa-420c-9e41-ed09dff8e320.jpg	in stock	USED	TRUCK	Vehicles & Parts > Vehicles > Motor Vehicles > Cars, Trucks & Vans	5TFMA5DB4SX258149	https://www.stcloudtoyota.com/vehicle/Used/2025/Toyota/Tundra/5TFMA5DB4SX258149/123?store={store_code}	BLACK	10549 miles	Tundra	5TFMA5DB4SX258149	2025	63041 USD	2186	63041 USD	MI	no	Tundra	No	Over 20k
2C4RC1GG2TR176257	2026 Chrysler Pacifica Limited	Chrysler	https://www.stcloudtoyota.com/vehicle/Used/2026/Chrysler/Pacifica/2C4RC1GG2TR176257/	34341 USD	2026 Diamond Black Crystal Pearlcoat Chrysler Pacifica Limited 3.6L V6 24V VVT For sale at St. Cloud Toyota in St. Cloud Minnesota.	https://assets.cai-media-management.com/resize/1024x1024/common-vehicle-media/0696edc7-b671-4fe6-95ba-19a40353527a.jpg	in stock	USED	VAN	Vehicles & Parts > Vehicles > Motor Vehicles > Cars, Trucks & Vans	2C4RC1GG2TR176257	https://www.stcloudtoyota.com/vehicle/Used/2026/Chrysler/Pacifica/2C4RC1GG2TR176257/123?store={store_code}	BLACK	29430 miles	Pacifica	2C4RC1GG2TR176257	2026	34341 USD	2186	34341 USD	MI	no	Pacifica	No	Over 20k
2C4RC1GG6TR203783	2026 Chrysler Pacifica Limited	Chrysler	https://www.stcloudtoyota.com/vehicle/Used/2026/Chrysler/Pacifica/2C4RC1GG6TR203783/	34041 USD	2026 Silver Mist Clearcoat Chrysler Pacifica Limited 3.6L V6 24V VVT For sale at St. Cloud Toyota in St. Cloud Minnesota.	https://assets.cai-media-management.com/resize/1024x1024/common-vehicle-media/cae357a4-a0c2-4eb3-89ee-21cae5e48359.jpg	in stock	USED	VAN	Vehicles & Parts > Vehicles > Motor Vehicles > Cars, Trucks & Vans	2C4RC1GG6TR203783	https://www.stcloudtoyota.com/vehicle/Used/2026/Chrysler/Pacifica/2C4RC1GG6TR203783/123?store={store_code}	SILVER	35553 miles	Pacifica	2C4RC1GG6TR203783	2026	34041 USD	2186	34041 USD	MI	no	Pacifica	No	Over 20k
4S4SLDH68T3032242	2026 Subaru Forester Sport	Subaru	https://www.stcloudtoyota.com/vehicle/Used/2026/Subaru/Forester/4S4SLDH68T3032242/	32841 USD	2026 Crystal Black Silica Subaru Forester Sport 2.5L DOHC 16 Valve 4-Cylinder For sale at St. Cloud Toyota in St. Cloud Minnesota.	https://assets.cai-media-management.com/resize/1024x1024/common-vehicle-media/9d0d1ee5-7f30-4d8c-9393-e0f2369721e9.jpg	in stock	USED	SUV	Vehicles & Parts > Vehicles > Motor Vehicles > Cars, Trucks & Vans	4S4SLDH68T3032242	https://www.stcloudtoyota.com/vehicle/Used/2026/Subaru/Forester/4S4SLDH68T3032242/123?store={store_code}	BLACK	16335 miles	Forester	4S4SLDH68T3032242	2026	32841 USD	2186	32841 USD	MI	no	Forester	No	Over 20k
4S4SLDH68T3039305	2026 Subaru Forester Sport	Subaru	https://www.stcloudtoyota.com/vehicle/Used/2026/Subaru/Forester/4S4SLDH68T3039305/	33341 USD	2026 Crystal Black Silica Subaru Forester Sport 2.5L DOHC 16 Valve 4-Cylinder For sale at St. Cloud Toyota in St. Cloud Minnesota.	https://assets.cai-media-management.com/resize/1024x1024/common-vehicle-media/2e99c80b-6043-43a2-bc9a-0ef27c8feab2.jpg	in stock	USED	SUV	Vehicles & Parts > Vehicles > Motor Vehicles > Cars, Trucks & Vans	4S4SLDH68T3039305	https://www.stcloudtoyota.com/vehicle/Used/2026/Subaru/Forester/4S4SLDH68T3039305/123?store={store_code}	BLACK	15866 miles	Forester	4S4SLDH68T3039305	2026	33341 USD	2186	33341 USD	MI	no	Forester	No	Over 20k
JTEVA5BR2T5110627	2026 Toyota 4Runner TRD Sport	Toyota	https://www.stcloudtoyota.com/vehicle/Used/2026/Toyota/4Runner/JTEVA5BR2T5110627/	51841 USD	2026 Black Toyota 4Runner TRD Sport 2.4L 4-Cylinder Turbocharged i-FORCE For sale at St. Cloud Toyota in St. Cloud Minnesota.	https://assets.cai-media-management.com/resize/1024x1024/common-vehicle-media/23ce2c1f-1719-4fac-88e3-50acbc5fe402.jpg	in stock	USED	SUV	Vehicles & Parts > Vehicles > Motor Vehicles > Cars, Trucks & Vans	JTEVA5BR2T5110627	https://www.stcloudtoyota.com/vehicle/Used/2026/Toyota/4Runner/JTEVA5BR2T5110627/123?store={store_code}	BLACK	10776 miles	4Runner	JTEVA5BR2T5110627	2026	51841 USD	2186	51841 USD	MI	no	4Runner	No	Over 20k
JTEVA5BR3T5091232	2026 Toyota 4Runner SR5	Toyota	https://www.stcloudtoyota.com/vehicle/Used/2026/Toyota/4Runner/JTEVA5BR3T5091232/	46641 USD	2026 Heritage Blue Toyota 4Runner SR5 2.4L 4-Cylinder Turbocharged i-FORCE For sale at St. Cloud Toyota in St. Cloud Minnesota.	https://assets.cai-media-management.com/resize/1024x1024/common-vehicle-media/5dc5a683-8bac-4c9f-a520-5efa91108209.jpg	in stock	USED	SUV	Vehicles & Parts > Vehicles > Motor Vehicles > Cars, Trucks & Vans	JTEVA5BR3T5091232	https://www.stcloudtoyota.com/vehicle/Used/2026/Toyota/4Runner/JTEVA5BR3T5091232/123?store={store_code}	BLUE	12080 miles	4Runner	JTEVA5BR3T5091232	2026	46641 USD	2186	46641 USD	MI	no	4Runner	No	Over 20k
JTEVA5BR5T5089644	2026 Toyota 4Runner TRD Sport	Toyota	https://www.stcloudtoyota.com/vehicle/Used/2026/Toyota/4Runner/JTEVA5BR5T5089644/	51841 USD	2026 Wind Chill Pearl Toyota 4Runner TRD Sport 2.4L 4-Cylinder Turbocharged i-FORCE For sale at St. Cloud Toyota in St. Cloud Minnesota.	https://assets.cai-media-management.com/resize/1024x1024/common-vehicle-media/b78e6b52-a0bb-4fe5-a654-68237d14c207.jpg	in stock	USED	SUV	Vehicles & Parts > Vehicles > Motor Vehicles > Cars, Trucks & Vans	JTEVA5BR5T5089644	https://www.stcloudtoyota.com/vehicle/Used/2026/Toyota/4Runner/JTEVA5BR5T5089644/123?store={store_code}	WHITE	10381 miles	4Runner	JTEVA5BR5T5089644	2026	51841 USD	2186	51841 USD	MI	no	4Runner	No	Over 20k
JTEVA5BRXT5109922	2026 Toyota 4Runner TRD Sport	Toyota	https://www.stcloudtoyota.com/vehicle/Used/2026/Toyota/4Runner/JTEVA5BRXT5109922/	52341 USD	2026 Wind Chill Pearl Toyota 4Runner TRD Sport 2.4L 4-Cylinder Turbocharged i-FORCE For sale at St. Cloud Toyota in St. Cloud Minnesota.	https://assets.cai-media-management.com/resize/1024x1024/common-vehicle-media/392d7d25-8969-418c-94ec-1616d29c3a7f.jpg	in stock	USED	SUV	Vehicles & Parts > Vehicles > Motor Vehicles > Cars, Trucks & Vans	JTEVA5BRXT5109922	https://www.stcloudtoyota.com/vehicle/Used/2026/Toyota/4Runner/JTEVA5BRXT5109922/123?store={store_code}	WHITE	9141 miles	4Runner	JTEVA5BRXT5109922	2026	52341 USD	2186	52341 USD	MI	no	4Runner	No	Over 20k
7MUCAABGXTV175941	2026 Toyota Corolla Cross LE	Toyota	https://www.stcloudtoyota.com/vehicle/Used/2026/Toyota/Corolla-Cross/7MUCAABGXTV175941/	31341 USD	2026 Cypress Toyota Corolla Cross LE 2.0L Dynamic Force 4-Cylinder DOHC 16-Valve For sale at St. Cloud Toyota in St. Cloud Minnesota.	https://assets.cai-media-management.com/resize/1024x1024/common-vehicle-media/60d8827a-8eba-44e9-bbc4-fe127988be8f.jpg	in stock	USED	SUV	Vehicles & Parts > Vehicles > Motor Vehicles > Cars, Trucks & Vans	7MUCAABGXTV175941	https://www.stcloudtoyota.com/vehicle/Used/2026/Toyota/Corolla-Cross/7MUCAABGXTV175941/123?store={store_code}	GREEN	11884 miles	Corolla Cross	7MUCAABGXTV175941	2026	31341 USD	2186	31341 USD	MI	no	Corolla Cross	No	Over 20k
7MUDAABG0TV180344	2026 Toyota Corolla Cross XLE	Toyota	https://www.stcloudtoyota.com/vehicle/Used/2026/Toyota/Corolla-Cross/7MUDAABG0TV180344/	35841 USD	2026 Soul Red Crystal Toyota Corolla Cross XLE 2.0L Dynamic Force 4-Cylinder DOHC 16-Valve For sale at St. Cloud Toyota in St. Cloud Minnesota.	https://assets.cai-media-management.com/resize/1024x1024/common-vehicle-media/74fb7cbd-8217-47a0-839b-f92d32fecba3.jpg	in stock	USED	SUV	Vehicles & Parts > Vehicles > Motor Vehicles > Cars, Trucks & Vans	7MUDAABG0TV180344	https://www.stcloudtoyota.com/vehicle/Used/2026/Toyota/Corolla-Cross/7MUDAABG0TV180344/123?store={store_code}	RED	11916 miles	Corolla Cross	7MUDAABG0TV180344	2026	35841 USD	2186	35841 USD	MI	no	Corolla Cross	No	Over 20k
7MUDAABG6TV179330	2026 Toyota Corolla Cross XLE	Toyota	https://www.stcloudtoyota.com/vehicle/Used/2026/Toyota/Corolla-Cross/7MUDAABG6TV179330/	35841 USD	2026 Sonic Silver Toyota Corolla Cross XLE 2.0L Dynamic Force 4-Cylinder DOHC 16-Valve For sale at St. Cloud Toyota in St. Cloud Minnesota.	https://assets.cai-media-management.com/resize/1024x1024/common-vehicle-media/bdc0352b-cd1d-4419-8e6e-ac0fdf47526e.jpg	in stock	USED	SUV	Vehicles & Parts > Vehicles > Motor Vehicles > Cars, Trucks & Vans	7MUDAABG6TV179330	https://www.stcloudtoyota.com/vehicle/Used/2026/Toyota/Corolla-Cross/7MUDAABG6TV179330/123?store={store_code}	SILVER	8817 miles	Corolla Cross	7MUDAABG6TV179330	2026	35841 USD	2186	35841 USD	MI	no	Corolla Cross	No	Over 20k
7MUDAABG7TV169762	2026 Toyota Corolla Cross XLE	Toyota	https://www.stcloudtoyota.com/vehicle/Used/2026/Toyota/Corolla-Cross/7MUDAABG7TV169762/	35841 USD	2026 Sonic Silver Toyota Corolla Cross XLE 2.0L Dynamic Force 4-Cylinder DOHC 16-Valve For sale at St. Cloud Toyota in St. Cloud Minnesota.	https://assets.cai-media-management.com/resize/1024x1024/common-vehicle-media/7101914c-d5b6-43a0-aa44-80bd224adda2.jpg	in stock	USED	SUV	Vehicles & Parts > Vehicles > Motor Vehicles > Cars, Trucks & Vans	7MUDAABG7TV169762	https://www.stcloudtoyota.com/vehicle/Used/2026/Toyota/Corolla-Cross/7MUDAABG7TV169762/123?store={store_code}	SILVER	13958 miles	Corolla Cross	7MUDAABG7TV169762	2026	35841 USD	2186	35841 USD	MI	no	Corolla Cross	No	Over 20k
7MUDAABG9TV174557	2026 Toyota Corolla Cross XLE	Toyota	https://www.stcloudtoyota.com/vehicle/Used/2026/Toyota/Corolla-Cross/7MUDAABG9TV174557/	35341 USD	2026 Sonic Silver Toyota Corolla Cross XLE 2.0L Dynamic Force 4-Cylinder DOHC 16-Valve For sale at St. Cloud Toyota in St. Cloud Minnesota.	https://assets.cai-media-management.com/resize/1024x1024/common-vehicle-media/bb38c74d-c42c-45e2-8d10-6288d2c52655.jpg	in stock	USED	SUV	Vehicles & Parts > Vehicles > Motor Vehicles > Cars, Trucks & Vans	7MUDAABG9TV174557	https://www.stcloudtoyota.com/vehicle/Used/2026/Toyota/Corolla-Cross/7MUDAABG9TV174557/123?store={store_code}	SILVER	14686 miles	Corolla Cross	7MUDAABG9TV174557	2026	35341 USD	2186	35341 USD	MI	no	Corolla Cross	No	Over 20k
5TDKDRBH6TS602732	2026 Toyota Highlander XSE	Toyota	https://www.stcloudtoyota.com/vehicle/Used/2026/Toyota/Highlander/5TDKDRBH6TS602732/	51341 USD	2026 Heavy Metal Toyota Highlander XSE 2.4L 4-Cylinder For sale at St. Cloud Toyota in St. Cloud Minnesota.	https://assets.cai-media-management.com/resize/1024x1024/common-vehicle-media/e811310a-224c-4a43-9f72-b51817d41724.jpg	in stock	USED	SUV	Vehicles & Parts > Vehicles > Motor Vehicles > Cars, Trucks & Vans	5TDKDRBH6TS602732	https://www.stcloudtoyota.com/vehicle/Used/2026/Toyota/Highlander/5TDKDRBH6TS602732/123?store={store_code}	GRAY	7620 miles	Highlander	5TDKDRBH6TS602732	2026	51341 USD	2186	51341 USD	MI	no	Highlander	No	Over 20k
JTDACACU9T3057025	2026 Toyota Prius Plug-In Hybrid Nightshade	Toyota	https://www.stcloudtoyota.com/vehicle/Used/2026/Toyota/Prius-Plug-In-Hybrid/JTDACACU9T3057025/	37641 USD	2026 Wind Chill Pearl Toyota Prius Plug-In Nightshade 2.0L 4-Cylinder DOHC 16V VVT-I For sale at St. Cloud Toyota in St. Cloud Minnesota.	https://assets.cai-media-management.com/resize/1024x1024/common-vehicle-media/ece997d7-7a3c-483f-a0c0-6f551ff6696b.jpg	in stock	USED	OTHER	Vehicles & Parts > Vehicles > Motor Vehicles > Cars, Trucks & Vans	JTDACACU9T3057025	https://www.stcloudtoyota.com/vehicle/Used/2026/Toyota/Prius-Plug-In-Hybrid/JTDACACU9T3057025/123?store={store_code}	WHITE	11507 miles	Prius Plug-In	JTDACACU9T3057025	2026	37641 USD	2186	37641 USD	MI	no	Prius Plug-In	No	Over 20k
7SVAAABA3TX098584	2026 Toyota Sequoia Platinum	Toyota	https://www.stcloudtoyota.com/vehicle/Used/2026/Toyota/Sequoia/7SVAAABA3TX098584/	83341 USD	2026 Wind Chill Pearl Toyota Sequoia Platinum 3.4L Twin-Turbo V6 Hybrid i-FORCE MAX For sale at St. Cloud Toyota in St. Cloud Minnesota.	https://assets.cai-media-management.com/resize/1024x1024/common-vehicle-media/561495fd-1dad-4b7e-b65e-bb888bfcde45.jpg	in stock	USED	SUV	Vehicles & Parts > Vehicles > Motor Vehicles > Cars, Trucks & Vans	7SVAAABA3TX098584	https://www.stcloudtoyota.com/vehicle/Used/2026/Toyota/Sequoia/7SVAAABA3TX098584/123?store={store_code}	WHITE	2087 miles	Sequoia	7SVAAABA3TX098584	2026	83341 USD	2186	83341 USD	MI	no	Sequoia	No	Over 20k
7SVAAABA6TX081035	2026 Toyota Sequoia Platinum	Toyota	https://www.stcloudtoyota.com/vehicle/Used/2026/Toyota/Sequoia/7SVAAABA6TX081035/	81341 USD	2026 Supersonic Red Toyota Sequoia Platinum 3.4L Twin-Turbo V6 Hybrid i-FORCE MAX For sale at St. Cloud Toyota in St. Cloud Minnesota.	https://assets.cai-media-management.com/resize/1024x1024/common-vehicle-media/3fd601dd-6202-49c0-b148-a6e366bd0627.jpg	in stock	USED	SUV	Vehicles & Parts > Vehicles > Motor Vehicles > Cars, Trucks & Vans	7SVAAABA6TX081035	https://www.stcloudtoyota.com/vehicle/Used/2026/Toyota/Sequoia/7SVAAABA6TX081035/123?store={store_code}	RED	11120 miles	Sequoia	7SVAAABA6TX081035	2026	81341 USD	2186	81341 USD	MI	no	Sequoia	No	Over 20k
3TYLC5LN2TT054592	2026 Toyota Tacoma Hybrid TRD Off Road 5' Bed	Toyota	https://www.stcloudtoyota.com/vehicle/Used/2026/Toyota/Tacoma-Hybrid/3TYLC5LN2TT054592/	50253 USD	2026 Heritage Blue Toyota Tacoma TRD Off Road 2.4L 4-Cylinder Turbocharged Hybrid i-FORCE MAX For sale at St. Cloud Toyota in St. Cloud Minnesota.	https://assets.cai-media-management.com/resize/1024x1024/common-vehicle-media/1fceccd8-2831-4b32-b906-a085c26b76ca.jpg	in stock	USED	TRUCK	Vehicles & Parts > Vehicles > Motor Vehicles > Cars, Trucks & Vans	3TYLC5LN2TT054592	https://www.stcloudtoyota.com/vehicle/Used/2026/Toyota/Tacoma-Hybrid/3TYLC5LN2TT054592/123?store={store_code}	BLUE	500 miles	Tacoma	3TYLC5LN2TT054592	2026	50253 USD	2186	50253 USD	MI	no	Tacoma	No	Over 20k
5TFJC5DB9TX130746	2026 Toyota Tundra Hybrid Limited 5.5' Bed	Toyota	https://www.stcloudtoyota.com/vehicle/Used/2026/Toyota/Tundra-Hybrid/5TFJC5DB9TX130746/	64341 USD	2026 Magnetic Gray Metallic Toyota Tundra Limited 3.4L V6 Hybrid i-FORCE MAX For sale at St. Cloud Toyota in St. Cloud Minnesota.	https://assets.cai-media-management.com/resize/1024x1024/common-vehicle-media/435dbdb0-ec57-40aa-a55b-006379de3848.jpg	in stock	USED	TRUCK	Vehicles & Parts > Vehicles > Motor Vehicles > Cars, Trucks & Vans	5TFJC5DB9TX130746	https://www.stcloudtoyota.com/vehicle/Used/2026/Toyota/Tundra-Hybrid/5TFJC5DB9TX130746/123?store={store_code}	GRAY	6000 miles	Tundra	5TFJC5DB9TX130746	2026	64341 USD	2186	64341 USD	MI	no	Tundra	No	Over 20k
5TFNC5DB7TX118662	2026 Toyota Tundra Hybrid Platinum 5.5' Bed	Toyota	https://www.stcloudtoyota.com/vehicle/Used/2026/Toyota/Tundra-Hybrid/5TFNC5DB7TX118662/	63941 USD	2026 Wind Chill Pearl Toyota Tundra Platinum 3.4L V6 Hybrid i-FORCE MAX For sale at St. Cloud Toyota in St. Cloud Minnesota.	https://assets.cai-media-management.com/resize/1024x1024/common-vehicle-media/84b1182b-5fc8-4b5d-8cad-ee4c6255d70e.jpg	in stock	USED	TRUCK	Vehicles & Parts > Vehicles > Motor Vehicles > Cars, Trucks & Vans	5TFNC5DB7TX118662	https://www.stcloudtoyota.com/vehicle/Used/2026/Toyota/Tundra-Hybrid/5TFNC5DB7TX118662/123?store={store_code}	WHITE	9943 miles	Tundra	5TFNC5DB7TX118662	2026	63941 USD	2186	63941 USD	MI	no	Tundra	No	Over 20k
5TFNC5DB9TX149508	2026 Toyota Tundra Hybrid Platinum 5.5' Bed	Toyota	https://www.stcloudtoyota.com/vehicle/Used/2026/Toyota/Tundra-Hybrid/5TFNC5DB9TX149508/	73553 USD	2026 Celestial Silver Metallic Toyota Tundra Platinum 3.4L V6 Hybrid i-FORCE MAX For sale at St. Cloud Toyota in St. Cloud Minnesota.	https://assets.cai-media-management.com/resize/1024x1024/common-vehicle-media/a7005350-cf27-477f-85fe-43ef79bb6170.jpg	in stock	USED	TRUCK	Vehicles & Parts > Vehicles > Motor Vehicles > Cars, Trucks & Vans	5TFNC5DB9TX149508	https://www.stcloudtoyota.com/vehicle/Used/2026/Toyota/Tundra-Hybrid/5TFNC5DB9TX149508/123?store={store_code}	SILVER	10 miles	Tundra	5TFNC5DB9TX149508	2026	73553 USD	2186	73553 USD	MI	no	Tundra	No	Over 20k
5TFWC5DB5TX120060	2026 Toyota Tundra Hybrid Limited 5.5' Bed	Toyota	https://www.stcloudtoyota.com/vehicle/Used/2026/Toyota/Tundra-Hybrid/5TFWC5DB5TX120060/	64341 USD	2026 Magnetic Gray Metallic Toyota Tundra Limited 3.4L V6 Hybrid i-FORCE MAX For sale at St. Cloud Toyota in St. Cloud Minnesota.	https://assets.cai-media-management.com/resize/1024x1024/common-vehicle-media/22510bae-b820-4999-b944-d3a0b8491dda.jpg	in stock	USED	TRUCK	Vehicles & Parts > Vehicles > Motor Vehicles > Cars, Trucks & Vans	5TFWC5DB5TX120060	https://www.stcloudtoyota.com/vehicle/Used/2026/Toyota/Tundra-Hybrid/5TFWC5DB5TX120060/123?store={store_code}	GRAY	4846 miles	Tundra	5TFWC5DB5TX120060	2026	64341 USD	2186	64341 USD	MI	no	Tundra	No	Over 20k
5TFLA5DB9TX375805	2026 Toyota Tundra SR5 5.5' Bed	Toyota	https://www.stcloudtoyota.com/vehicle/Used/2026/Toyota/Tundra/5TFLA5DB9TX375805/	53341 USD	2026 Lunar Rock Toyota Tundra SR5 3.4L V6 i-FORCE (389 HP) For sale at St. Cloud Toyota in St. Cloud Minnesota.	https://assets.cai-media-management.com/resize/1024x1024/common-vehicle-media/2d693a27-3e74-4b6b-af15-041b996b3eda.jpg	in stock	USED	TRUCK	Vehicles & Parts > Vehicles > Motor Vehicles > Cars, Trucks & Vans	5TFLA5DB9TX375805	https://www.stcloudtoyota.com/vehicle/Used/2026/Toyota/Tundra/5TFLA5DB9TX375805/123?store={store_code}	SILVER	9951 miles	Tundra	5TFLA5DB9TX375805	2026	53341 USD	2186	53341 USD	MI	no	Tundra	No	Over 20k
5TFNA5EC8TX055794	2026 Toyota Tundra Platinum 6.5' Bed	Toyota	https://www.stcloudtoyota.com/vehicle/Used/2026/Toyota/Tundra/5TFNA5EC8TX055794/	62341 USD	2026 Midnight Black Metallic Toyota Tundra Platinum 3.4L V6 i-FORCE (389 HP) For sale at St. Cloud Toyota in St. Cloud Minnesota.	https://assets.cai-media-management.com/resize/1024x1024/common-vehicle-media/9787f24b-fbbe-40a2-aac0-479d3e1bf51f.jpg	in stock	USED	TRUCK	Vehicles & Parts > Vehicles > Motor Vehicles > Cars, Trucks & Vans	5TFNA5EC8TX055794	https://www.stcloudtoyota.com/vehicle/Used/2026/Toyota/Tundra/5TFNA5EC8TX055794/123?store={store_code}	BLACK	9803 miles	Tundra	5TFNA5EC8TX055794	2026	62341 USD	2186	62341 USD	MI	no	Tundra	No	Over 20k
5TFWA5DB7TX344775	2026 Toyota Tundra PLATINUM 5.5' Bed	Toyota	https://www.stcloudtoyota.com/vehicle/Used/2026/Toyota/Tundra/5TFWA5DB7TX344775/	64341 USD	2026 Midnight Black Metallic Toyota Tundra PLATINUM 3.4L V6 i-FORCE (389 HP) For sale at St. Cloud Toyota in St. Cloud Minnesota.	https://assets.cai-media-management.com/resize/1024x1024/common-vehicle-media/cc626e0d-bd4b-42e1-b94f-a29607f0f58a.jpg	in stock	USED	TRUCK	Vehicles & Parts > Vehicles > Motor Vehicles > Cars, Trucks & Vans	5TFWA5DB7TX344775	https://www.stcloudtoyota.com/vehicle/Used/2026/Toyota/Tundra/5TFWA5DB7TX344775/123?store={store_code}	BLACK	9516 miles	Tundra	5TFWA5DB7TX344775	2026	64341 USD	2186	64341 USD	MI	no	Tundra	No	Over 20k
4T36CRAV4TU40L320	2026 Toyota RAV4 XLE Premium	Toyota	https://www.stcloudtoyota.com/vehicle/New/2026/Toyota/RAV4/4T36CRAV4TU40L320/	42984 USD	2026 Blueprint Toyota RAV4 XLE Premium 2.5L 4-Cyl. Hybrid For sale at St. Cloud Toyota in St. Cloud Minnesota.	https://media.rti.toyota.com/adobe/assets/urn:aaid:aem:4e8810e9-a18a-4f6e-b440-65e4ed00c890/as/image.png?size=1200,663	in stock	NEW	SUV	Vehicles & Parts > Vehicles > Motor Vehicles > Cars, Trucks & Vans	4T36CRAV4TU40L320	https://www.stcloudtoyota.com/vehicle/New/2026/Toyota/RAV4/4T36CRAV4TU40L320/123?store={store_code}	BLUE	0 miles	RAV4	4T36CRAV4TU40L320	2026	42984 USD	2186	42984 USD	MI	no	RAV4	No	Over 20k
5TDYSKFC1TS291104	2026 Toyota Sienna XLE	Toyota	https://www.stcloudtoyota.com/vehicle/New/2026/Toyota/Sienna/5TDYSKFC1TS291104/	53780 USD	2026 Heavy Metal Toyota Sienna XLE 2.5L Hybrid For sale at St. Cloud Toyota in St. Cloud Minnesota.	https://media.rti.toyota.com/adobe/assets/urn:aaid:aem:b9b2e176-cbf5-4202-8768-0ddb4bbf4ffe/as/image.png?size=1200,663	in stock	NEW	VAN	Vehicles & Parts > Vehicles > Motor Vehicles > Cars, Trucks & Vans	5TDYSKFC1TS291104	https://www.stcloudtoyota.com/vehicle/New/2026/Toyota/Sienna/5TDYSKFC1TS291104/123?store={store_code}	GRAY	0 miles	Sienna	5TDYSKFC1TS291104	2026	53780 USD	2186	53780 USD	MI	no	Sienna	No	Over 20k
5TDZSKFC5TS42C415	2026 Toyota Sienna Limited	Toyota	https://www.stcloudtoyota.com/vehicle/New/2026/Toyota/Sienna/5TDZSKFC5TS42C415/	59548 USD	2026 Ruby Flare Pearl Toyota Sienna Limited 2.5L Hybrid For sale at St. Cloud Toyota in St. Cloud Minnesota.	https://media.rti.toyota.com/adobe/assets/urn:aaid:aem:7835a33d-853e-416a-a1ed-858b1eabd8a8/as/image.png?size=1200,663	in stock	NEW	VAN	Vehicles & Parts > Vehicles > Motor Vehicles > Cars, Trucks & Vans	5TDZSKFC5TS42C415	https://www.stcloudtoyota.com/vehicle/New/2026/Toyota/Sienna/5TDZSKFC5TS42C415/123?store={store_code}	RED	0 miles	Sienna	5TDZSKFC5TS42C415	2026	59548 USD	2186	59548 USD	MI	no	Sienna	No	Over 20k
3TMLB5JNXTM324847	2026 Toyota Tacoma SR5 Double Cab 5-ft bed	Toyota	https://www.stcloudtoyota.com/vehicle/New/2026/Toyota/Tacoma/3TMLB5JNXTM324847/	44464 USD	2026 Ice Cap Toyota Tacoma SR5 i-FORCE 2.4L 4-Cyl. Turbo For sale at St. Cloud Toyota in St. Cloud Minnesota.	https://media.rti.toyota.com/adobe/assets/urn:aaid:aem:570bdf33-fef9-420f-917b-72994bb487b1/as/image.png?size=1200,663	in stock	NEW	TRUCK	Vehicles & Parts > Vehicles > Motor Vehicles > Cars, Trucks & Vans	3TMLB5JNXTM324847	https://www.stcloudtoyota.com/vehicle/New/2026/Toyota/Tacoma/3TMLB5JNXTM324847/123?store={store_code}	WHITE	0 miles	Tacoma	3TMLB5JNXTM324847	2026	44464 USD	2186	44464 USD	MI	no	Tacoma	No	Over 20k
3TYLB5JN3TT160510	2026 Toyota Tacoma Limited Double Cab 5-ft bed	Toyota	https://www.stcloudtoyota.com/vehicle/New/2026/Toyota/Tacoma/3TYLB5JN3TT160510/	56504 USD	2026 Wind Chill Pearl Toyota Tacoma Limited i-FORCE 2.4L 4-Cyl. Turbo For sale at St. Cloud Toyota in St. Cloud Minnesota.	https://media.rti.toyota.com/adobe/assets/urn:aaid:aem:f3019191-f6e9-403c-8436-83d12707d8b5/as/image.png?size=1200,663	in stock	NEW	TRUCK	Vehicles & Parts > Vehicles > Motor Vehicles > Cars, Trucks & Vans	3TYLB5JN3TT160510	https://www.stcloudtoyota.com/vehicle/New/2026/Toyota/Tacoma/3TYLB5JN3TT160510/123?store={store_code}	WHITE	0 miles	Tacoma	3TYLB5JN3TT160510	2026	56504 USD	2186	56504 USD	MI	no	Tacoma	No	Over 20k
5TFJC5DB6TX41D724	2026 Toyota Tundra i-FORCE MAX Limited CrewMax 5.5-Ft.	Toyota	https://www.stcloudtoyota.com/vehicle/New/2026/Toyota/Tundra-i-FORCE-MAX/5TFJC5DB6TX41D724/	66180 USD	2026 Blueprint Toyota Tundra i-FORCE MAX Limited i-FORCE MAX V6 Hybrid For sale at St. Cloud Toyota in St. Cloud Minnesota.	https://media.rti.toyota.com/adobe/assets/urn:aaid:aem:0db1875d-6ae9-411d-97f4-dbee0ab5e6cd/as/image.png?size=1200,663	in stock	NEW	TRUCK	Vehicles & Parts > Vehicles > Motor Vehicles > Cars, Trucks & Vans	5TFJC5DB6TX41D724	https://www.stcloudtoyota.com/vehicle/New/2026/Toyota/Tundra-i-FORCE-MAX/5TFJC5DB6TX41D724/123?store={store_code}	BLUE	0 miles	Tundra i-FORCE MAX	5TFJC5DB6TX41D724	2026	66180 USD	2186	66180 USD	MI	no	Tundra i-FORCE MAX	No	Over 20k
5TFLA5DB1TX43D703	2026 Toyota Tundra SR5 CrewMax 5.5-Ft.	Toyota	https://www.stcloudtoyota.com/vehicle/New/2026/Toyota/Tundra/5TFLA5DB1TX43D703/	63939 USD	2026 Supersonic Red Toyota Tundra SR5 i-FORCE V6 For sale at St. Cloud Toyota in St. Cloud Minnesota.	https://media.rti.toyota.com/adobe/assets/urn:aaid:aem:927b5510-88b6-42d1-b3f5-d24fd0bfc4fa/as/image.png?size=1200,663	in stock	NEW	TRUCK	Vehicles & Parts > Vehicles > Motor Vehicles > Cars, Trucks & Vans	5TFLA5DB1TX43D703	https://www.stcloudtoyota.com/vehicle/New/2026/Toyota/Tundra/5TFLA5DB1TX43D703/123?store={store_code}	RED	0 miles	Tundra	5TFLA5DB1TX43D703	2026	63939 USD	2186	63939 USD	MI	no	Tundra	No	Over 20k
5TFNA5EC3TX40D005	2026 Toyota Tundra Platinum CrewMax 6.5-Ft.	Toyota	https://www.stcloudtoyota.com/vehicle/New/2026/Toyota/Tundra/5TFNA5EC3TX40D005/	71448 USD	2026 Wind Chill Pearl Toyota Tundra Platinum i-FORCE V6 For sale at St. Cloud Toyota in St. Cloud Minnesota.	https://media.rti.toyota.com/adobe/assets/urn:aaid:aem:e410b33e-25a7-4dfa-84fa-d75b3c9e5dd8/as/image.png?size=1200,663	in stock	NEW	TRUCK	Vehicles & Parts > Vehicles > Motor Vehicles > Cars, Trucks & Vans	5TFNA5EC3TX40D005	https://www.stcloudtoyota.com/vehicle/New/2026/Toyota/Tundra/5TFNA5EC3TX40D005/123?store={store_code}	WHITE	0 miles	Tundra	5TFNA5EC3TX40D005	2026	71448 USD	2186	71448 USD	MI	no	Tundra	No	Over 20k
JTMAAAAD3V140BB96	2027 Toyota C-HR SE	Toyota	https://www.stcloudtoyota.com/vehicle/New/2027/Toyota/C-HR/JTMAAAAD3V140BB96/	39589 USD	2027 Midnight Black Metallic Toyota C-HR SE Dual Electric Motors For sale at St. Cloud Toyota in St. Cloud Minnesota.	https://media.rti.toyota.com/adobe/assets/urn:aaid:aem:38abe4f1-c0de-41c5-b74d-8ad325069150/as/image.png?size=1200,663	in stock	NEW	SUV	Vehicles & Parts > Vehicles > Motor Vehicles > Cars, Trucks & Vans	JTMAAAAD3V140BB96	https://www.stcloudtoyota.com/vehicle/New/2027/Toyota/C-HR/JTMAAAAD3V140BB96/123?store={store_code}	BLACK	0 miles	C-HR	JTMAAAAD3V140BB96	2027	39589 USD	2186	39589 USD	MI	no	C-HR	No	Over 20k
5TDYK3DC6GS706254	2016 Toyota Sienna Limited Premium	Toyota	https://www.stcloudtoyota.com/vehicle/Used/2016/Toyota/Sienna/5TDYK3DC6GS706254/	24341 USD	2016 Midnight Black Metallic Toyota Sienna Limited Premium 3.5L DOHC V6 SMPI For sale at St. Cloud Toyota in St. Cloud Minnesota.	https://assets.cai-media-management.com/resize/1024x1024/common-vehicle-media/53c8175a-50c5-475f-bb96-ee85497d7294.jpg	in stock	USED	VAN	Vehicles & Parts > Vehicles > Motor Vehicles > Cars, Trucks & Vans	5TDYK3DC6GS706254	https://www.stcloudtoyota.com/vehicle/Used/2016/Toyota/Sienna/5TDYK3DC6GS706254/123?store={store_code}	BLACK	95559 miles	Sienna	5TDYK3DC6GS706254	2016	24341 USD	2186	24341 USD	MI	no	Sienna	No	Over 20k
5TDBY5G14KS170925	2019 Toyota Sequoia SR5	Toyota	https://www.stcloudtoyota.com/vehicle/Used/2019/Toyota/Sequoia/5TDBY5G14KS170925/	39341 USD	2019 Super White Toyota Sequoia SR5 5.7L I-Force V8 DOHC EFI VVT-I For sale at St. Cloud Toyota in St. Cloud Minnesota.	https://assets.cai-media-management.com/resize/1024x1024/common-vehicle-media/a2c390fe-f9eb-4a1b-8655-c45c0c341ff8.jpg	in stock	USED	SUV	Vehicles & Parts > Vehicles > Motor Vehicles > Cars, Trucks & Vans	5TDBY5G14KS170925	https://www.stcloudtoyota.com/vehicle/Used/2019/Toyota/Sequoia/5TDBY5G14KS170925/123?store={store_code}	WHITE	82291 miles	Sequoia	5TDBY5G14KS170925	2019	39341 USD	2186	39341 USD	MI	no	Sequoia	No	Over 20k
1G1ZG5ST0LF131284	2020 Chevrolet Malibu RS	Chevrolet	https://www.stcloudtoyota.com/vehicle/Used/2020/Chevrolet/Malibu/1G1ZG5ST0LF131284/	15341 USD	2020 Mosaic Black Metallic Chevrolet Malibu RS 1.5L DOHC For sale at St. Cloud Toyota in St. Cloud Minnesota.	https://assets.cai-media-management.com/resize/1024x1024/common-vehicle-media/abbdaee3-5f9a-4ab4-8e1f-809807551030.jpg	in stock	USED	OTHER	Vehicles & Parts > Vehicles > Motor Vehicles > Cars, Trucks & Vans	1G1ZG5ST0LF131284	https://www.stcloudtoyota.com/vehicle/Used/2020/Chevrolet/Malibu/1G1ZG5ST0LF131284/123?store={store_code}	BLACK	87000 miles	Malibu	1G1ZG5ST0LF131284	2020	15341 USD	2186	15341 USD	MI	no	Malibu	No	Under 20k
4S4BTACC7L3214459	2020 Subaru Outback Premium	Subaru	https://www.stcloudtoyota.com/vehicle/Used/2020/Subaru/Outback/4S4BTACC7L3214459/	21341 USD	2020 Autumn Green Metallic Subaru Outback Premium 2.5L DOHC 16 Valve 4-Cylinder For sale at St. Cloud Toyota in St. Cloud Minnesota.	https://assets.cai-media-management.com/resize/1024x1024/common-vehicle-media/07495ae2-b12e-40be-94b8-f02780f32231.jpg	in stock	USED	SUV	Vehicles & Parts > Vehicles > Motor Vehicles > Cars, Trucks & Vans	4S4BTACC7L3214459	https://www.stcloudtoyota.com/vehicle/Used/2020/Subaru/Outback/4S4BTACC7L3214459/123?store={store_code}	GREEN	79497 miles	Outback	4S4BTACC7L3214459	2020	21341 USD	2186	21341 USD	MI	no	Outback	No	Over 20k
JTEKU5JR5M5843218	2021 Toyota 4Runner Limited	Toyota	https://www.stcloudtoyota.com/vehicle/Used/2021/Toyota/4Runner/JTEKU5JR5M5843218/	39841 USD	2021 Midnight Black Metallic Toyota 4Runner Limited 4.0L V6 DOHC SMPI For sale at St. Cloud Toyota in St. Cloud Minnesota.	https://assets.cai-media-management.com/resize/1024x1024/common-vehicle-media/74f32377-ac06-4997-9afc-d7632291017d.jpg	in stock	USED	SUV	Vehicles & Parts > Vehicles > Motor Vehicles > Cars, Trucks & Vans	JTEKU5JR5M5843218	https://www.stcloudtoyota.com/vehicle/Used/2021/Toyota/4Runner/JTEKU5JR5M5843218/123?store={store_code}	BLACK	76217 miles	4Runner	JTEKU5JR5M5843218	2021	39841 USD	2186	39841 USD	MI	no	4Runner	No	Over 20k
5TFJA5DB9NX004413	2022 Toyota Tundra Limited 5.5' Bed	Toyota	https://www.stcloudtoyota.com/vehicle/Used/2022/Toyota/Tundra/5TFJA5DB9NX004413/	45341 USD	2022 Midnight Black Metallic Toyota Tundra Limited 3.4L V6 i-FORCE (389 HP) For sale at St. Cloud Toyota in St. Cloud Minnesota.	https://assets.cai-media-management.com/resize/1024x1024/common-vehicle-media/97aaa0d6-00f8-4bdc-a48e-3c54c89cbedc.jpg	in stock	USED	TRUCK	Vehicles & Parts > Vehicles > Motor Vehicles > Cars, Trucks & Vans	5TFJA5DB9NX004413	https://www.stcloudtoyota.com/vehicle/Used/2022/Toyota/Tundra/5TFJA5DB9NX004413/123?store={store_code}	BLACK	62253 miles	Tundra	5TFJA5DB9NX004413	2022	45341 USD	2186	45341 USD	MI	no	Tundra	No	Over 20k
2C4RC1CG1PR533701	2023 Chrysler Voyager LX	Chrysler	https://www.stcloudtoyota.com/vehicle/Used/2023/Chrysler/Voyager/2C4RC1CG1PR533701/	23341 USD	2023 Bright White Clearcoat Chrysler Voyager LX 3.6L V6 24V VVT For sale at St. Cloud Toyota in St. Cloud Minnesota.	https://assets.cai-media-management.com/resize/1024x1024/common-vehicle-media/e9e3f072-ec10-469f-8753-8fb64280959d.jpg	in stock	USED	VAN	Vehicles & Parts > Vehicles > Motor Vehicles > Cars, Trucks & Vans	2C4RC1CG1PR533701	https://www.stcloudtoyota.com/vehicle/Used/2023/Chrysler/Voyager/2C4RC1CG1PR533701/123?store={store_code}	WHITE	53301 miles	Voyager	2C4RC1CG1PR533701	2023	23341 USD	2186	23341 USD	MI	no	Voyager	No	Over 20k
3GTUUGED9PG342837	2023 GMC Sierra 1500 Denali Crew Cab	GMC	https://www.stcloudtoyota.com/vehicle/Used/2023/GMC/Sierra-1500/3GTUUGED9PG342837/	52341 USD	2023 White Frost Tricoat GMC Sierra 1500 Denali EcoTec3 5.3L V8 For sale at St. Cloud Toyota in St. Cloud Minnesota.	https://assets.cai-media-management.com/resize/1024x1024/common-vehicle-media/3492ad65-c6b2-4fd5-bd7d-5a2d5116b90b.jpg	in stock	USED	TRUCK	Vehicles & Parts > Vehicles > Motor Vehicles > Cars, Trucks & Vans	3GTUUGED9PG342837	https://www.stcloudtoyota.com/vehicle/Used/2023/GMC/Sierra-1500/3GTUUGED9PG342837/123?store={store_code}	WHITE	30016 miles	Sierra 1500	3GTUUGED9PG342837	2023	52341 USD	2186	52341 USD	MI	no	Sierra 1500	No	Over 20k
5N1BT3BB7PC862605	2023 Nissan Rogue SV	Nissan	https://www.stcloudtoyota.com/vehicle/Used/2023/Nissan/Rogue/5N1BT3BB7PC862605/	24341 USD	2023 Gun Metallic Nissan Rogue SV 1.5L I3 Turbocharged DOHC 12V LEV3-ULEV50 201hp For sale at St. Cloud Toyota in St. Cloud Minnesota.	https://assets.cai-media-management.com/resize/1024x1024/common-vehicle-media/83a9bba9-d412-483d-8bed-ad75d0d75cfc.jpg	in stock	USED	SUV	Vehicles & Parts > Vehicles > Motor Vehicles > Cars, Trucks & Vans	5N1BT3BB7PC862605	https://www.stcloudtoyota.com/vehicle/Used/2023/Nissan/Rogue/5N1BT3BB7PC862605/123?store={store_code}	GRAY	44795 miles	Rogue	5N1BT3BB7PC862605	2023	24341 USD	2186	24341 USD	MI	no	Rogue	No	Over 20k
1FTFW1RG4RFB04452	2024 Ford F-150 Raptor Crew Cab	Ford	https://www.stcloudtoyota.com/vehicle/Used/2024/Ford/F-150/1FTFW1RG4RFB04452/	69341 USD	2024 Carbonized Gray Metallic Ford F-150 Raptor 3.5L V6 EcoBoost For sale at St. Cloud Toyota in St. Cloud Minnesota.	https://assets.cai-media-management.com/resize/1024x1024/common-vehicle-media/a6edde18-a821-4ad0-98dd-a63ca65d72b0.jpg	in stock	USED	TRUCK	Vehicles & Parts > Vehicles > Motor Vehicles > Cars, Trucks & Vans	1FTFW1RG4RFB04452	https://www.stcloudtoyota.com/vehicle/Used/2024/Ford/F-150/1FTFW1RG4RFB04452/123?store={store_code}	GRAY	33448 miles	F-150	1FTFW1RG4RFB04452	2024	69341 USD	2186	69341 USD	MI	no	F-150	No	Over 20k
1GTUUDED6RZ247797	2024 GMC Sierra 1500 SLT	GMC	https://www.stcloudtoyota.com/vehicle/Used/2024/GMC/Sierra-1500/1GTUUDED6RZ247797/	49341 USD	2024 Titanium GMC Sierra 1500 SLT EcoTec3 5.3L V8 For sale at St. Cloud Toyota in St. Cloud Minnesota.	https://assets.cai-media-management.com/resize/1024x1024/common-vehicle-media/d5ebfe79-f994-47c1-9ce6-858ec3d68d74.jpg	in stock	USED	TRUCK	Vehicles & Parts > Vehicles > Motor Vehicles > Cars, Trucks & Vans	1GTUUDED6RZ247797	https://www.stcloudtoyota.com/vehicle/Used/2024/GMC/Sierra-1500/1GTUUDED6RZ247797/123?store={store_code}	GRAY	28965 miles	Sierra 1500	1GTUUDED6RZ247797	2024	49341 USD	2186	49341 USD	MI	no	Sierra 1500	No	Over 20k
JTERU5JR1R6246535	2024 Toyota 4Runner TRD Off-Road Premium	Toyota	https://www.stcloudtoyota.com/vehicle/Used/2024/Toyota/4Runner/JTERU5JR1R6246535/	47041 USD	2024 Ice Cap Toyota 4Runner TRD Off-Road Premium 4.0L DOHC 24-Valve V6 For sale at St. Cloud Toyota in St. Cloud Minnesota.	https://assets.cai-media-management.com/resize/1024x1024/common-vehicle-media/47c915b8-8e02-4b3b-b92f-2555c11bb145.jpg	in stock	USED	SUV	Vehicles & Parts > Vehicles > Motor Vehicles > Cars, Trucks & Vans	JTERU5JR1R6246535	https://www.stcloudtoyota.com/vehicle/Used/2024/Toyota/4Runner/JTERU5JR1R6246535/123?store={store_code}	WHITE	46586 miles	4Runner	JTERU5JR1R6246535	2024	47041 USD	2186	47041 USD	MI	no	4Runner	No	Over 20k
1FTFW3L81SKD12346	2025 Ford F-150 XLT Crew Cab	Ford	https://www.stcloudtoyota.com/vehicle/Used/2025/Ford/F-150/1FTFW3L81SKD12346/	43041 USD	2025 Agate Black Metallic Ford F-150 XLT 3.5L V6 EcoBoost For sale at St. Cloud Toyota in St. Cloud Minnesota.	https://assets.cai-media-management.com/resize/1024x1024/common-vehicle-media/7ade685a-a891-4885-b49d-4e48c499a407.jpg	in stock	USED	TRUCK	Vehicles & Parts > Vehicles > Motor Vehicles > Cars, Trucks & Vans	1FTFW3L81SKD12346	https://www.stcloudtoyota.com/vehicle/Used/2025/Ford/F-150/1FTFW3L81SKD12346/123?store={store_code}	BLACK	14114 miles	F-150	1FTFW3L81SKD12346	2025	43041 USD	2186	43041 USD	MI	no	F-150	No	Over 20k
JM3KFBBL9S0641524	2025 Mazda CX-5 2.5 S Select Package	Mazda	https://www.stcloudtoyota.com/vehicle/Used/2025/Mazda/CX-5/JM3KFBBL9S0641524/	25341 USD	2025 Machine Gray Metallic Mazda CX-5 2.5 S Select Package 2.5L SKYACTIV-G DOHC 16-Valve 4-Cylinder For sale at St. Cloud Toyota in St. Cloud Minnesota.	https://assets.cai-media-management.com/resize/1024x1024/common-vehicle-media/e7f762e7-ab05-463d-a0c6-665645cf4edf.jpg	in stock	USED	SUV	Vehicles & Parts > Vehicles > Motor Vehicles > Cars, Trucks & Vans	JM3KFBBL9S0641524	https://www.stcloudtoyota.com/vehicle/Used/2025/Mazda/CX-5/JM3KFBBL9S0641524/123?store={store_code}	GRAY	46553 miles	CX-5	JM3KFBBL9S0641524	2025	25341 USD	2186	25341 USD	MI	no	CX-5	No	Over 20k
3N1AB8CV8SY392371	2025 Nissan Sentra SV	Nissan	https://www.stcloudtoyota.com/vehicle/Used/2025/Nissan/Sentra/3N1AB8CV8SY392371/	21341 USD	2025 Gun Metallic Nissan Sentra SV 2.0L DOHC I-4 For sale at St. Cloud Toyota in St. Cloud Minnesota.	https://assets.cai-media-management.com/resize/1024x1024/common-vehicle-media/b023e05e-9a52-4a0f-abf3-01194f420d28.jpg	in stock	USED	OTHER	Vehicles & Parts > Vehicles > Motor Vehicles > Cars, Trucks & Vans	3N1AB8CV8SY392371	https://www.stcloudtoyota.com/vehicle/Used/2025/Nissan/Sentra/3N1AB8CV8SY392371/123?store={store_code}	GRAY	26184 miles	Sentra	3N1AB8CV8SY392371	2025	21341 USD	2186	21341 USD	MI	no	Sentra	No	Over 20k
4T1DAACK2SU034157	2025 Toyota Camry SE	Toyota	https://www.stcloudtoyota.com/vehicle/Used/2025/Toyota/Camry/4T1DAACK2SU034157/	28841 USD	2025 Midnight Black Metallic Toyota Camry SE 2.5L 4-Cylinder 16-Valve DOHC Hybrid For sale at St. Cloud Toyota in St. Cloud Minnesota.	https://assets.cai-media-management.com/resize/1024x1024/common-vehicle-media/f4d11555-b81e-4a30-89d4-ee9cad4471c6.jpg	in stock	USED	OTHER	Vehicles & Parts > Vehicles > Motor Vehicles > Cars, Trucks & Vans	4T1DAACK2SU034157	https://www.stcloudtoyota.com/vehicle/Used/2025/Toyota/Camry/4T1DAACK2SU034157/123?store={store_code}	BLACK	61570 miles	Camry	4T1DAACK2SU034157	2025	28841 USD	2186	28841 USD	MI	no	Camry	No	Over 20k
4T1DBADK6SU020600	2025 Toyota Camry XSE	Toyota	https://www.stcloudtoyota.com/vehicle/Used/2025/Toyota/Camry/4T1DBADK6SU020600/	39341 USD	2025 Supersonic Red Toyota Camry XSE 2.5L 4-Cylinder 16-Valve DOHC Hybrid For sale at St. Cloud Toyota in St. Cloud Minnesota.	https://assets.cai-media-management.com/resize/1024x1024/common-vehicle-media/6371b160-7233-445b-a2c8-39c816086239.jpg	in stock	USED	OTHER	Vehicles & Parts > Vehicles > Motor Vehicles > Cars, Trucks & Vans	4T1DBADK6SU020600	https://www.stcloudtoyota.com/vehicle/Used/2025/Toyota/Camry/4T1DBADK6SU020600/123?store={store_code}	RED	11050 miles	Camry	4T1DBADK6SU020600	2025	39341 USD	2186	39341 USD	MI	no	Camry	No	Over 20k
JTMRWRFV3SJ086043	2025 Toyota RAV4 Hybrid XLE	Toyota	https://www.stcloudtoyota.com/vehicle/Used/2025/Toyota/RAV4-Hybrid/JTMRWRFV3SJ086043/	39041 USD	2025 Midnight Black Metallic Toyota RAV4 XLE 2.5L 4-Cylinder Atkinson Cycle For sale at St. Cloud Toyota in St. Cloud Minnesota.	https://assets.cai-media-management.com/resize/1024x1024/common-vehicle-media/6e8cb09e-c728-417c-95d1-adf7d37bcc02.jpg	in stock	USED	SUV	Vehicles & Parts > Vehicles > Motor Vehicles > Cars, Trucks & Vans	JTMRWRFV3SJ086043	https://www.stcloudtoyota.com/vehicle/Used/2025/Toyota/RAV4-Hybrid/JTMRWRFV3SJ086043/123?store={store_code}	BLACK	23913 miles	RAV4	JTMRWRFV3SJ086043	2025	39041 USD	2186	39041 USD	MI	no	RAV4	No	Over 20k
3TMLB5JN0SM154528	2025 Toyota Tacoma SR5 5' Bed	Toyota	https://www.stcloudtoyota.com/vehicle/Used/2025/Toyota/Tacoma/3TMLB5JN0SM154528/	40341 USD	2025 Celestial Silver Metallic Toyota Tacoma SR5 2.4L 4-Cylinder Turbocharged i-FORCE For sale at St. Cloud Toyota in St. Cloud Minnesota.	https://assets.cai-media-management.com/resize/1024x1024/common-vehicle-media/1c267c0d-9145-4215-be59-5cbd9e02f8cb.png	in stock	USED	TRUCK	Vehicles & Parts > Vehicles > Motor Vehicles > Cars, Trucks & Vans	3TMLB5JN0SM154528	https://www.stcloudtoyota.com/vehicle/Used/2025/Toyota/Tacoma/3TMLB5JN0SM154528/123?store={store_code}	SILVER	12138 miles	Tacoma	3TMLB5JN0SM154528	2025	40341 USD	2186	40341 USD	MI	no	Tacoma	No	Over 20k
1V2FR2CA8SC507874	2025 Volkswagen Atlas 2.0T SEL Premium R-Line	Volkswagen	https://www.stcloudtoyota.com/vehicle/Used/2025/Volkswagen/Atlas/1V2FR2CA8SC507874/	43341 USD	2025 Deep Black Pearl Volkswagen Atlas 2.0T SEL Premium R-Line 2.0L TSI I-4 DOHC 16-Valve Turbocharged For sale at St. Cloud Toyota in St. Cloud Minnesota.	https://assets.cai-media-management.com/resize/1024x1024/common-vehicle-media/c06b05ef-06f8-42ed-9b95-824d76ba9f35.jpg	in stock	USED	SUV	Vehicles & Parts > Vehicles > Motor Vehicles > Cars, Trucks & Vans	1V2FR2CA8SC507874	https://www.stcloudtoyota.com/vehicle/Used/2025/Volkswagen/Atlas/1V2FR2CA8SC507874/123?store={store_code}	BLACK	17643 miles	Atlas	1V2FR2CA8SC507874	2025	43341 USD	2186	43341 USD	MI	no	Atlas	No	Over 20k
3TYLC5LN3TT055508	2026 Toyota Tacoma Hybrid TRD Off Road 5' Bed	Toyota	https://www.stcloudtoyota.com/vehicle/Used/2026/Toyota/Tacoma-Hybrid/3TYLC5LN3TT055508/	49341 USD	2026 Ice Cap Toyota Tacoma TRD Off Road 2.4L 4-Cylinder Turbocharged Hybrid i-FORCE MAX For sale at St. Cloud Toyota in St. Cloud Minnesota.	https://assets.cai-media-management.com/resize/1024x1024/common-vehicle-media/16a9408b-327a-4df6-8560-e804483667d0.jpg	in stock	USED	TRUCK	Vehicles & Parts > Vehicles > Motor Vehicles > Cars, Trucks & Vans	3TYLC5LN3TT055508	https://www.stcloudtoyota.com/vehicle/Used/2026/Toyota/Tacoma-Hybrid/3TYLC5LN3TT055508/123?store={store_code}	WHITE	5769 miles	Tacoma	3TYLC5LN3TT055508	2026	49341 USD	2186	49341 USD	MI	no	Tacoma	No	Over 20k
