id	title	brand	link	vehicle MSRP	description	image_link	availability	condition	product_type	google_product_category	MPN	link_template	color	mileage	model	vin	year	price	store code	MSRP	mileage.unit	certified_pre_owned	custom_label_0	custom_label_1	custom_label_2
3FMTK4SX5SMA56195	2025 Ford Mustang Mach-E GT	Ford	https://www.whitebearlincoln.com/used/Ford/2025-Ford-Mustang-Mach-E-d5a75b72ac1811ad7a6dbabb139be65e.htm	44348 USD	2025 Magenta Ford Mustang Mach-E GT For sale at White Bear Lincoln in White Bear Lake Minnesota.	https://pictures.web.dealer.com/w/whitebearlincolnfd/1455/b003d88418ff46a0302672005f05abc8x.jpg	in stock	USED	OTHER	Vehicles & Parts > Vehicles > Motor Vehicles > Cars, Trucks & Vans	3FMTK4SX5SMA56195	https://www.whitebearlincoln.com/used/Ford/2025-Ford-Mustang-Mach-E-d5a75b72ac1811ad7a6dbabb139be65e.htm?store={store_code}	NA	8561 miles	Mustang Mach-E	3FMTK4SX5SMA56195	2025	44348 USD	WHTBEARLNC	44348 USD	MI	no	Mustang Mach-E	No	Over 20k
2LMPJ8K91PBL25495	2023 Lincoln Nautilus Reserve	Lincoln	https://www.whitebearlincoln.com/certified/Lincoln/2023-Lincoln-Nautilus-fdfeb88dac185314b2d6ad0827717a64.htm	37345 USD	2023 Pearl Metallic Lincoln Nautilus Reserve 2.0L I-4 cyl For sale at White Bear Lincoln in White Bear Lake Minnesota.	https://pictures.web.dealer.com/w/whitebearlincolnfd/1583/9de6ea70033462819887d0f84d07fcffx.jpg	in stock	USED	SUV	Vehicles & Parts > Vehicles > Motor Vehicles > Cars, Trucks & Vans	2LMPJ8K91PBL25495	https://www.whitebearlincoln.com/certified/Lincoln/2023-Lincoln-Nautilus-fdfeb88dac185314b2d6ad0827717a64.htm?store={store_code}	NA	49859 miles	Nautilus	2LMPJ8K91PBL25495	2023	37345 USD	WHTBEARLNC	37345 USD	MI	yes	Nautilus	Yes	Over 20k
5LMPJ9J48SJ904220	2025 Lincoln Nautilus Black Label	Lincoln	https://www.whitebearlincoln.com/certified/Lincoln/2025-Lincoln-Nautilus-f4ce305bac18231b1ae8e5af0ab42391.htm	66343 USD	2025 Radiance Metallic Lincoln Nautilus Black Label 2.0L I-4 cyl For sale at White Bear Lincoln in White Bear Lake Minnesota.	https://pictures.web.dealer.com/w/whitebearlincolnfd/0286/1c5647a92d91f1d291a89aee178d847dx.jpg	in stock	USED	SUV	Vehicles & Parts > Vehicles > Motor Vehicles > Cars, Trucks & Vans	5LMPJ9J48SJ904220	https://www.whitebearlincoln.com/certified/Lincoln/2025-Lincoln-Nautilus-f4ce305bac18231b1ae8e5af0ab42391.htm?store={store_code}	NA	14005 miles	Nautilus	5LMPJ9J48SJ904220	2025	66343 USD	WHTBEARLNC	66343 USD	MI	yes	Nautilus	Yes	Over 20k
5LMPJ8K42TJ061920	2026 Lincoln Nautilus Reserve	Lincoln	https://www.whitebearlincoln.com/new/Lincoln/2026-Lincoln-Nautilus-2b665631ac181c7f9d356bdd7d97271e.htm	70405 USD	2026 Radiance Metallic Lincoln Nautilus Reserve 2.0L I-4 cyl For sale at White Bear Lincoln in White Bear Lake Minnesota.	https://pictures.web.dealer.com/w/whitebearlincolnfd/0911/16f67b73058b1fd2c10a3944f800e8adx.jpg	in stock	NEW	SUV	Vehicles & Parts > Vehicles > Motor Vehicles > Cars, Trucks & Vans	5LMPJ8K42TJ061920	https://www.whitebearlincoln.com/new/Lincoln/2026-Lincoln-Nautilus-2b665631ac181c7f9d356bdd7d97271e.htm?store={store_code}	NA	11 miles	Nautilus	5LMPJ8K42TJ061920	2026	70405 USD	WHTBEARLNC	70405 USD	MI	no	Nautilus	No	Over 20k
5GAEVCKW3JJ272470	2018 Buick Enclave Avenir	Buick	https://www.whitebearlincoln.com/used/Buick/2018-Buick-Enclave-02b87427ac180fd524801314c5b4269f.htm	16345 USD	2018 Pepperdust Buick Enclave Avenir 3.6L V-6 cyl For sale at White Bear Lincoln in White Bear Lake Minnesota.	https://pictures.web.dealer.com/w/whitebearlincolnfd/1349/0cf4196197e8d31982352735fbd68bbcx.jpg	in stock	USED	SUV	Vehicles & Parts > Vehicles > Motor Vehicles > Cars, Trucks & Vans	5GAEVCKW3JJ272470	https://www.whitebearlincoln.com/used/Buick/2018-Buick-Enclave-02b87427ac180fd524801314c5b4269f.htm?store={store_code}	NA	133327 miles	Enclave	5GAEVCKW3JJ272470	2018	16345 USD	WHTBEARLNC	16345 USD	MI	no	Enclave	No	Under 20k
1FTVW3LK3RWG18524	2024 Ford F-150 Lightning XLT	Ford	https://www.whitebearlincoln.com/used/Ford/2024-Ford-F-150-Lightning-d45cd4e4ac181a98f5666e5302d1249c.htm	42335 USD	2024 Black Metallic Ford F-150 Lightning XLT For sale at White Bear Lincoln in White Bear Lake Minnesota.	https://pictures.web.dealer.com/w/whitebearlincolnfd/1418/8898b2945d4a673f2cf40fb40dac6d42x.jpg	in stock	USED	TRUCK	Vehicles & Parts > Vehicles > Motor Vehicles > Cars, Trucks & Vans	1FTVW3LK3RWG18524	https://www.whitebearlincoln.com/used/Ford/2024-Ford-F-150-Lightning-d45cd4e4ac181a98f5666e5302d1249c.htm?store={store_code}	BLACK	29140 miles	F-150 Lightning	1FTVW3LK3RWG18524	2024	42335 USD	WHTBEARLNC	42335 USD	MI	no	F-150 Lightning	No	Over 20k
1FTER4KH0RLE01128	2024 Ford Ranger Lariat	Ford	https://www.whitebearlincoln.com/used/Ford/2024-Ford-Ranger-de18620aac1858eeeb7394106a0ca34f.htm	38348 USD	2024 Cactus Ford Ranger Lariat 2.3L I-4 cyl For sale at White Bear Lincoln in White Bear Lake Minnesota.	https://pictures.web.dealer.com/w/whitebearlincolnfd/0735/f9e01d8c63f0c5ac7d4484859b7ca97ex.jpg	in stock	USED	TRUCK	Vehicles & Parts > Vehicles > Motor Vehicles > Cars, Trucks & Vans	1FTER4KH0RLE01128	https://www.whitebearlincoln.com/used/Ford/2024-Ford-Ranger-de18620aac1858eeeb7394106a0ca34f.htm?store={store_code}	NA	22389 miles	Ranger	1FTER4KH0RLE01128	2024	38348 USD	WHTBEARLNC	38348 USD	MI	no	Ranger	No	Over 20k
1FT6W5L78SWG11277	2025 Ford F-150 Lightning Lariat	Ford	https://www.whitebearlincoln.com/used/Ford/2025-Ford-F-150-Lightning-f75995d0ac180706beba7998044abd88.htm	59838 USD	2025 Iconic Silver Ford F-150 Lightning Lariat For sale at White Bear Lincoln in White Bear Lake Minnesota.	https://pictures.web.dealer.com/w/whitebearlincolnfd/1910/81f23cb00692038ba52236dd3d972005x.jpg	in stock	USED	TRUCK	Vehicles & Parts > Vehicles > Motor Vehicles > Cars, Trucks & Vans	1FT6W5L78SWG11277	https://www.whitebearlincoln.com/used/Ford/2025-Ford-F-150-Lightning-f75995d0ac180706beba7998044abd88.htm?store={store_code}	SILVER	8873 miles	F-150 Lightning	1FT6W5L78SWG11277	2025	59838 USD	WHTBEARLNC	59838 USD	MI	no	F-150 Lightning	No	Over 20k
3FMTK4SX6SMA05269	2025 Ford Mustang Mach-E GT	Ford	https://www.whitebearlincoln.com/used/Ford/2025-Ford-Mustang-Mach-E-d5a75ea3ac1844aa32c76a8ada5104d2.htm	40346 USD	2025 Grabber Yellow Ford Mustang Mach-E GT For sale at White Bear Lincoln in White Bear Lake Minnesota.	https://pictures.web.dealer.com/w/whitebearlincolnfd/0630/76cb3d4c0f7d55009db6e92df7d6863dx.jpg	in stock	USED	OTHER	Vehicles & Parts > Vehicles > Motor Vehicles > Cars, Trucks & Vans	3FMTK4SX6SMA05269	https://www.whitebearlincoln.com/used/Ford/2025-Ford-Mustang-Mach-E-d5a75ea3ac1844aa32c76a8ada5104d2.htm?store={store_code}	YELLOW	22925 miles	Mustang Mach-E	3FMTK4SX6SMA05269	2025	40346 USD	WHTBEARLNC	40346 USD	MI	no	Mustang Mach-E	No	Over 20k
3FMTK4SX2SMA05348	2025 Ford Mustang Mach-E GT	Ford	https://www.whitebearlincoln.com/used/Ford/2025-Ford-Mustang-Mach-E-d8af3bcdac1829d834f74c6ffe6c8140.htm	40348 USD	2025 Shadow Black Ford Mustang Mach-E GT For sale at White Bear Lincoln in White Bear Lake Minnesota.	https://pictures.web.dealer.com/w/whitebearlincolnfd/0770/94fb6101eac9020d2406b240117efa93x.jpg	in stock	USED	OTHER	Vehicles & Parts > Vehicles > Motor Vehicles > Cars, Trucks & Vans	3FMTK4SX2SMA05348	https://www.whitebearlincoln.com/used/Ford/2025-Ford-Mustang-Mach-E-d8af3bcdac1829d834f74c6ffe6c8140.htm?store={store_code}	BLACK	18614 miles	Mustang Mach-E	3FMTK4SX2SMA05348	2025	40348 USD	WHTBEARLNC	40348 USD	MI	no	Mustang Mach-E	No	Over 20k
3FMTK1SU9TMA07006	2026 Ford Mustang Mach-E Select	Ford	https://www.whitebearlincoln.com/used/Ford/2026-Ford-Mustang-Mach-E-d5a7602aac1844aa32c76a8a13033494.htm	42145 USD	2026 White Metallic Ford Mustang Mach-E Select For sale at White Bear Lincoln in White Bear Lake Minnesota.	https://pictures.web.dealer.com/w/whitebearlincolnfd/1340/ff8fb32ce0e956d5add023495eca8669x.jpg	in stock	USED	OTHER	Vehicles & Parts > Vehicles > Motor Vehicles > Cars, Trucks & Vans	3FMTK1SU9TMA07006	https://www.whitebearlincoln.com/used/Ford/2026-Ford-Mustang-Mach-E-d5a7602aac1844aa32c76a8a13033494.htm?store={store_code}	WHITE	5261 miles	Mustang Mach-E	3FMTK1SU9TMA07006	2026	42145 USD	WHTBEARLNC	42145 USD	MI	no	Mustang Mach-E	No	Over 20k
JTJHZKFA7N2041139	2022 LEXUS RX 350L 350L	LEXUS	https://www.whitebearlincoln.com/used/Lexus/2022-Lexus-RX-350L-3ab9e86bac183b953cbae2d1a348f75c.htm	34345 USD	2022 Iridium LEXUS RX 350L 350L 3.5L V-6 cyl For sale at White Bear Lincoln in White Bear Lake Minnesota.	https://pictures.web.dealer.com/w/whitebearlincolnfd/0366/edf583f035f0adaef8eb866cc1807a75x.jpg	in stock	USED	OTHER	Vehicles & Parts > Vehicles > Motor Vehicles > Cars, Trucks & Vans	JTJHZKFA7N2041139	https://www.whitebearlincoln.com/used/Lexus/2022-Lexus-RX-350L-3ab9e86bac183b953cbae2d1a348f75c.htm?store={store_code}	NA	96466 miles	RX 350L	JTJHZKFA7N2041139	2022	34345 USD	WHTBEARLNC	34345 USD	MI	no	RX 350L	No	Over 20k
2T2BBMCA6RC047644	2024 LEXUS RX 350h 350h Premium Plus	LEXUS	https://www.whitebearlincoln.com/used/Lexus/2024-Lexus-RX-350h-02b8766fac1815683e0f538830e1f989.htm	52345 USD	2024 Mica LEXUS RX 350h 350h Premium Plus 2.5L I-4 cyl For sale at White Bear Lincoln in White Bear Lake Minnesota.	https://pictures.web.dealer.com/w/whitebearlincolnfd/0848/ca8c78efd076c31e5e5c688b63838723x.jpg	in stock	USED	OTHER	Vehicles & Parts > Vehicles > Motor Vehicles > Cars, Trucks & Vans	2T2BBMCA6RC047644	https://www.whitebearlincoln.com/used/Lexus/2024-Lexus-RX-350h-02b8766fac1815683e0f538830e1f989.htm?store={store_code}	NA	37864 miles	RX 350h	2T2BBMCA6RC047644	2024	52345 USD	WHTBEARLNC	52345 USD	MI	no	RX 350h	No	Over 20k
3LN6L2J91GR614880	2016 Lincoln MKZ Base	Lincoln	https://www.whitebearlincoln.com/used/Lincoln/2016-Lincoln-MKZ-1294ac1bac1806945ded6275a99dcd07.htm	16345 USD	2016 Guard Lincoln MKZ Base 2.0L I-4 cyl For sale at White Bear Lincoln in White Bear Lake Minnesota.	https://images.dealer.com/ddc/vehicles/2016/Lincoln/MKZ/Sedan/trim_Base_ec553a/color/Guard%20Metallic-HN-50%2C58%2C60-640-en_US.jpg	in stock	USED	OTHER	Vehicles & Parts > Vehicles > Motor Vehicles > Cars, Trucks & Vans	3LN6L2J91GR614880	https://www.whitebearlincoln.com/used/Lincoln/2016-Lincoln-MKZ-1294ac1bac1806945ded6275a99dcd07.htm?store={store_code}	NA	41199 miles	MKZ	3LN6L2J91GR614880	2016	16345 USD	WHTBEARLNC	16345 USD	MI	no	MKZ	No	Under 20k
5LM5J7WC6PGL12332	2023 Lincoln Aviator Reserve	Lincoln	https://www.whitebearlincoln.com/used/Lincoln/2023-Lincoln-Aviator-77811ffeac18288f6149a1abd08d4c27.htm	36849 USD	2023 Sandstone Metallic Lincoln Aviator Reserve 3.0L V-6 cyl For sale at White Bear Lincoln in White Bear Lake Minnesota.	https://pictures.web.dealer.com/w/whitebearlincolnfd/0218/cf9147e6907437bac8da6a73ed4e307cx.jpg	in stock	USED	SUV	Vehicles & Parts > Vehicles > Motor Vehicles > Cars, Trucks & Vans	5LM5J7WC6PGL12332	https://www.whitebearlincoln.com/used/Lincoln/2023-Lincoln-Aviator-77811ffeac18288f6149a1abd08d4c27.htm?store={store_code}	NA	22296 miles	Aviator	5LM5J7WC6PGL12332	2023	36849 USD	WHTBEARLNC	36849 USD	MI	no	Aviator	No	Over 20k
2LMPJ8KP9PBL29616	2023 Lincoln Nautilus Reserve	Lincoln	https://www.whitebearlincoln.com/used/Lincoln/2023-Lincoln-Nautilus-68ab8ff4ac185ca9e7e2cb7f8473fad8.htm	43345 USD	2023 Pearl Metallic Lincoln Nautilus Reserve 2.7L V-6 cyl For sale at White Bear Lincoln in White Bear Lake Minnesota.	https://pictures.web.dealer.com/w/whitebearlincolnfd/0973/600b4f224cc331525c032e2ad6927170x.jpg	in stock	USED	SUV	Vehicles & Parts > Vehicles > Motor Vehicles > Cars, Trucks & Vans	2LMPJ8KP9PBL29616	https://www.whitebearlincoln.com/used/Lincoln/2023-Lincoln-Nautilus-68ab8ff4ac185ca9e7e2cb7f8473fad8.htm?store={store_code}	NA	8430 miles	Nautilus	2LMPJ8KP9PBL29616	2023	43345 USD	WHTBEARLNC	43345 USD	MI	no	Nautilus	No	Over 20k
2LMPJ8KP1PBL07335	2023 Lincoln Nautilus Reserve	Lincoln	https://www.whitebearlincoln.com/used/Lincoln/2023-Lincoln-Nautilus-d45cd32eac18317c333ce9bd9a162b29.htm	40345 USD	2023 Pearl Metallic Lincoln Nautilus Reserve 2.7L V-6 cyl For sale at White Bear Lincoln in White Bear Lake Minnesota.	https://pictures.web.dealer.com/w/whitebearlincolnfd/0439/42214b81ac75534bc4b0c1f399c24b12x.jpg	in stock	USED	SUV	Vehicles & Parts > Vehicles > Motor Vehicles > Cars, Trucks & Vans	2LMPJ8KP1PBL07335	https://www.whitebearlincoln.com/used/Lincoln/2023-Lincoln-Nautilus-d45cd32eac18317c333ce9bd9a162b29.htm?store={store_code}	NA	17527 miles	Nautilus	2LMPJ8KP1PBL07335	2023	40345 USD	WHTBEARLNC	40345 USD	MI	no	Nautilus	No	Over 20k
5LM5J7XC3RGL09342	2024 Lincoln Aviator Reserve	Lincoln	https://www.whitebearlincoln.com/used/Lincoln/2024-Lincoln-Aviator-3f740bb4ac183b953cbae2d17d7e87ba.htm	55345 USD	2024 Pearl Metallic Lincoln Aviator Reserve 3.0L V-6 cyl For sale at White Bear Lincoln in White Bear Lake Minnesota.	https://pictures.web.dealer.com/w/whitebearlincolnfd/0686/f69de96ffbce15e8fe745fc69c66845ex.jpg	in stock	USED	SUV	Vehicles & Parts > Vehicles > Motor Vehicles > Cars, Trucks & Vans	5LM5J7XC3RGL09342	https://www.whitebearlincoln.com/used/Lincoln/2024-Lincoln-Aviator-3f740bb4ac183b953cbae2d17d7e87ba.htm?store={store_code}	NA	11891 miles	Aviator	5LM5J7XC3RGL09342	2024	55345 USD	WHTBEARLNC	55345 USD	MI	no	Aviator	No	Over 20k
5LMJJ2LG9REL23395	2024 Lincoln Navigator Reserve	Lincoln	https://www.whitebearlincoln.com/used/Lincoln/2024-Lincoln-Navigator-da32f1d1ac184c418849c2b516ed38d4.htm	65345 USD	2024 Radiance Metallic Lincoln Navigator Reserve 3.5L V-6 cyl For sale at White Bear Lincoln in White Bear Lake Minnesota.	https://pictures.web.dealer.com/w/whitebearlincolnfd/1034/7a8172366717323a7ea620723d7563ffx.jpg	in stock	USED	SUV	Vehicles & Parts > Vehicles > Motor Vehicles > Cars, Trucks & Vans	5LMJJ2LG9REL23395	https://www.whitebearlincoln.com/used/Lincoln/2024-Lincoln-Navigator-da32f1d1ac184c418849c2b516ed38d4.htm?store={store_code}	NA	13395 miles	Navigator	5LMJJ2LG9REL23395	2024	65345 USD	WHTBEARLNC	65345 USD	MI	no	Navigator	No	Over 20k
5LMCJ2DA3PUL08865	2023 Lincoln Corsair Reserve	Lincoln	https://www.whitebearlincoln.com/certified/Lincoln/2023-Lincoln-Corsair-68ab8cddac181fe2458d26f21f7a00a1.htm	39845 USD	2023 Asher Gray Lincoln Corsair Reserve 2.0L I-4 cyl For sale at White Bear Lincoln in White Bear Lake Minnesota.	https://pictures.web.dealer.com/w/whitebearlincolnfd/0626/5615a5e333ec49d7a637cbb81d7880f8x.jpg	in stock	USED	SUV	Vehicles & Parts > Vehicles > Motor Vehicles > Cars, Trucks & Vans	5LMCJ2DA3PUL08865	https://www.whitebearlincoln.com/certified/Lincoln/2023-Lincoln-Corsair-68ab8cddac181fe2458d26f21f7a00a1.htm?store={store_code}	GRAY	11032 miles	Corsair	5LMCJ2DA3PUL08865	2023	39845 USD	WHTBEARLNC	39845 USD	MI	yes	Corsair	Yes	Over 20k
2LMPJ8K99PBL16284	2023 Lincoln Nautilus Reserve	Lincoln	https://www.whitebearlincoln.com/certified/Lincoln/2023-Lincoln-Nautilus-81f5c703ac18278e495458b9da059a16.htm	42345 USD	2023 Gilded Green Lincoln Nautilus Reserve 2.0L I-4 cyl For sale at White Bear Lincoln in White Bear Lake Minnesota.	https://pictures.web.dealer.com/w/whitebearlincolnfd/1983/495a4c7c5f805eb3264798d95ce1ac6bx.jpg	in stock	USED	SUV	Vehicles & Parts > Vehicles > Motor Vehicles > Cars, Trucks & Vans	2LMPJ8K99PBL16284	https://www.whitebearlincoln.com/certified/Lincoln/2023-Lincoln-Nautilus-81f5c703ac18278e495458b9da059a16.htm?store={store_code}	GREEN	14015 miles	Nautilus	2LMPJ8K99PBL16284	2023	42345 USD	WHTBEARLNC	42345 USD	MI	yes	Nautilus	Yes	Over 20k
5LMCJ2DA5RUL05467	2024 Lincoln Corsair Reserve	Lincoln	https://www.whitebearlincoln.com/certified/Lincoln/2024-Lincoln-Corsair-68ab9304ac185b7043adb35b3f06f308.htm	42345 USD	2024 Infinite Black Lincoln Corsair Reserve 2.0L I-4 cyl For sale at White Bear Lincoln in White Bear Lake Minnesota.	https://pictures.web.dealer.com/w/whitebearlincolnfd/0560/bd1290b13e897e37029ff30749b22a81x.jpg	in stock	USED	SUV	Vehicles & Parts > Vehicles > Motor Vehicles > Cars, Trucks & Vans	5LMCJ2DA5RUL05467	https://www.whitebearlincoln.com/certified/Lincoln/2024-Lincoln-Corsair-68ab9304ac185b7043adb35b3f06f308.htm?store={store_code}	BLACK	17782 miles	Corsair	5LMCJ2DA5RUL05467	2024	42345 USD	WHTBEARLNC	42345 USD	MI	yes	Corsair	Yes	Over 20k
5LMCJ2CAXRUL25084	2024 Lincoln Corsair Reserve	Lincoln	https://www.whitebearlincoln.com/certified/Lincoln/2024-Lincoln-Corsair-ee254901ac18126d7bdb382da2bdbe67.htm	38345 USD	2024 Gray Metallic Lincoln Corsair Reserve 2.0L I-4 cyl For sale at White Bear Lincoln in White Bear Lake Minnesota.	https://pictures.web.dealer.com/w/whitebearlincolnfd/1040/ba3372089fb62e993fdc99999786cfb5x.jpg	in stock	USED	SUV	Vehicles & Parts > Vehicles > Motor Vehicles > Cars, Trucks & Vans	5LMCJ2CAXRUL25084	https://www.whitebearlincoln.com/certified/Lincoln/2024-Lincoln-Corsair-ee254901ac18126d7bdb382da2bdbe67.htm?store={store_code}	GRAY	17054 miles	Corsair	5LMCJ2CAXRUL25084	2024	38345 USD	WHTBEARLNC	38345 USD	MI	yes	Corsair	Yes	Over 20k
5LMPJ8J42TJ061921	2026 Lincoln Nautilus Premiere	Lincoln	https://www.whitebearlincoln.com/new/Lincoln/2026-Lincoln-Nautilus-2b665291ac1827da357610e248d06c61.htm	69505 USD	2026 White Platinum Tri-Coat Lincoln Nautilus Premiere 2.0L I-4 cyl For sale at White Bear Lincoln in White Bear Lake Minnesota.	https://pictures.web.dealer.com/w/whitebearlincolnfd/1185/f0ef42a30fbd6032ab8d8e03511767a7x.jpg	in stock	NEW	SUV	Vehicles & Parts > Vehicles > Motor Vehicles > Cars, Trucks & Vans	5LMPJ8J42TJ061921	https://www.whitebearlincoln.com/new/Lincoln/2026-Lincoln-Nautilus-2b665291ac1827da357610e248d06c61.htm?store={store_code}	WHITE	13 miles	Nautilus	5LMPJ8J42TJ061921	2026	69505 USD	WHTBEARLNC	69505 USD	MI	no	Nautilus	No	Over 20k
5LMPJ8K42TJ028013	2026 Lincoln Nautilus Reserve	Lincoln	https://www.whitebearlincoln.com/new/Lincoln/2026-Lincoln-Nautilus-573c4ddaac185a88a5c1d854533d18dd.htm	64605 USD	2026 Infinite Black Lincoln Nautilus Reserve 2.0L I-4 cyl For sale at White Bear Lincoln in White Bear Lake Minnesota.	https://pictures.web.dealer.com/w/whitebearlincolnfd/0034/8d87ff04397fb88f947bb146e145c5ecx.jpg	in stock	NEW	SUV	Vehicles & Parts > Vehicles > Motor Vehicles > Cars, Trucks & Vans	5LMPJ8K42TJ028013	https://www.whitebearlincoln.com/new/Lincoln/2026-Lincoln-Nautilus-573c4ddaac185a88a5c1d854533d18dd.htm?store={store_code}	BLACK	1204 miles	Nautilus	5LMPJ8K42TJ028013	2026	64605 USD	WHTBEARLNC	64605 USD	MI	no	Nautilus	No	Over 20k
5LMPJ8J43TJ061295	2026 Lincoln Nautilus Premiere	Lincoln	https://www.whitebearlincoln.com/new/Lincoln/2026-Lincoln-Nautilus-705da319ac185c10b24baea38dab8026.htm	65005 USD	2026 White Platinum Tri-Coat Lincoln Nautilus Premiere 2.0L I-4 cyl For sale at White Bear Lincoln in White Bear Lake Minnesota.	https://pictures.web.dealer.com/w/whitebearlincolnfd/1535/24d3790029a2a570027b4df2ec433877x.jpg	in stock	NEW	SUV	Vehicles & Parts > Vehicles > Motor Vehicles > Cars, Trucks & Vans	5LMPJ8J43TJ061295	https://www.whitebearlincoln.com/new/Lincoln/2026-Lincoln-Nautilus-705da319ac185c10b24baea38dab8026.htm?store={store_code}	WHITE	14 miles	Nautilus	5LMPJ8J43TJ061295	2026	65005 USD	WHTBEARLNC	65005 USD	MI	no	Nautilus	No	Over 20k
5LMPJ8K49TJ057198	2026 Lincoln Nautilus Reserve	Lincoln	https://www.whitebearlincoln.com/new/Lincoln/2026-Lincoln-Nautilus-705db488ac180f7172833b10ae384a6a.htm	66405 USD	2026 Infinite Black Lincoln Nautilus Reserve 2.0L I-4 cyl For sale at White Bear Lincoln in White Bear Lake Minnesota.	https://pictures.web.dealer.com/w/whitebearlincolnfd/1564/b00504c614442382a772a4a7ebb43356x.jpg	in stock	NEW	SUV	Vehicles & Parts > Vehicles > Motor Vehicles > Cars, Trucks & Vans	5LMPJ8K49TJ057198	https://www.whitebearlincoln.com/new/Lincoln/2026-Lincoln-Nautilus-705db488ac180f7172833b10ae384a6a.htm?store={store_code}	BLACK	13 miles	Nautilus	5LMPJ8K49TJ057198	2026	66405 USD	WHTBEARLNC	66405 USD	MI	no	Nautilus	No	Over 20k
5LMPJ9J46TJ058199	2026 Lincoln Nautilus Black Label	Lincoln	https://www.whitebearlincoln.com/new/Lincoln/2026-Lincoln-Nautilus-8567c9b1ac180e99be2ff67d9167b29a.htm	81955 USD	2026 Infinite Black Lincoln Nautilus Black Label 2.0L I-4 cyl For sale at White Bear Lincoln in White Bear Lake Minnesota.	https://pictures.web.dealer.com/w/whitebearlincolnfd/0272/4b02a29396879806bde312f23a870c61x.jpg	in stock	NEW	SUV	Vehicles & Parts > Vehicles > Motor Vehicles > Cars, Trucks & Vans	5LMPJ9J46TJ058199	https://www.whitebearlincoln.com/new/Lincoln/2026-Lincoln-Nautilus-8567c9b1ac180e99be2ff67d9167b29a.htm?store={store_code}	BLACK	25 miles	Nautilus	5LMPJ9J46TJ058199	2026	81955 USD	WHTBEARLNC	81955 USD	MI	no	Nautilus	No	Over 20k
5LMPJ8J45TJ073612	2026 Lincoln Nautilus Premiere	Lincoln	https://www.whitebearlincoln.com/new/Lincoln/2026-Lincoln-Nautilus-af8fe41cac1829477e81ca70a2be0c22.htm	61005 USD	2026 White Platinum Tri-Coat Lincoln Nautilus Premiere 2.0L I-4 cyl For sale at White Bear Lincoln in White Bear Lake Minnesota.	https://pictures.web.dealer.com/w/whitebearlincolnfd/1555/108fc07bf1b9dfa13585da170cd6168dx.jpg	in stock	NEW	SUV	Vehicles & Parts > Vehicles > Motor Vehicles > Cars, Trucks & Vans	5LMPJ8J45TJ073612	https://www.whitebearlincoln.com/new/Lincoln/2026-Lincoln-Nautilus-af8fe41cac1829477e81ca70a2be0c22.htm?store={store_code}	WHITE	11 miles	Nautilus	5LMPJ8J45TJ073612	2026	61005 USD	WHTBEARLNC	61005 USD	MI	no	Nautilus	No	Over 20k
5LMPJ8JA5TJ077052	2026 Lincoln Nautilus Premiere	Lincoln	https://www.whitebearlincoln.com/new/Lincoln/2026-Lincoln-Nautilus-af8fe5baac18477fe6a8802554cb19ee.htm	59755 USD	2026 Infinite Black Lincoln Nautilus Premiere 2.0L I-4 cyl For sale at White Bear Lincoln in White Bear Lake Minnesota.	https://pictures.web.dealer.com/w/whitebearlincolnfd/1501/363e65182f0a95edc1fe276108c53be6x.jpg	in stock	NEW	SUV	Vehicles & Parts > Vehicles > Motor Vehicles > Cars, Trucks & Vans	5LMPJ8JA5TJ077052	https://www.whitebearlincoln.com/new/Lincoln/2026-Lincoln-Nautilus-af8fe5baac18477fe6a8802554cb19ee.htm?store={store_code}	BLACK	9 miles	Nautilus	5LMPJ8JA5TJ077052	2026	59755 USD	WHTBEARLNC	59755 USD	MI	no	Nautilus	No	Over 20k
5LMPJ9J42TJ077056	2026 Lincoln Nautilus Black Label	Lincoln	https://www.whitebearlincoln.com/new/Lincoln/2026-Lincoln-Nautilus-af8fead8ac185a7cf19ec641867feb44.htm	83720 USD	2026 White Platinum Tri-Coat Lincoln Nautilus Black Label 2.0L I-4 cyl For sale at White Bear Lincoln in White Bear Lake Minnesota.	https://pictures.web.dealer.com/w/whitebearlincolnfd/1371/27a4d2d3a5f4b1020af0e14d5aac6982x.jpg	in stock	NEW	SUV	Vehicles & Parts > Vehicles > Motor Vehicles > Cars, Trucks & Vans	5LMPJ9J42TJ077056	https://www.whitebearlincoln.com/new/Lincoln/2026-Lincoln-Nautilus-af8fead8ac185a7cf19ec641867feb44.htm?store={store_code}	WHITE	11 miles	Nautilus	5LMPJ9J42TJ077056	2026	83720 USD	WHTBEARLNC	83720 USD	MI	no	Nautilus	No	Over 20k
5LMPJ8KA8TJ061913	2026 Lincoln Nautilus Reserve	Lincoln	https://www.whitebearlincoln.com/new/Lincoln/2026-Lincoln-Nautilus-b98e45eaac183c5b5fb7bc25b6d1368d.htm	67640 USD	2026 White Platinum Tri-Coat Lincoln Nautilus Reserve 2.0L I-4 cyl For sale at White Bear Lincoln in White Bear Lake Minnesota.	https://pictures.web.dealer.com/w/whitebearlincolnfd/0625/efdc8e6414a3def2e031561685a724c2x.jpg	in stock	NEW	SUV	Vehicles & Parts > Vehicles > Motor Vehicles > Cars, Trucks & Vans	5LMPJ8KA8TJ061913	https://www.whitebearlincoln.com/new/Lincoln/2026-Lincoln-Nautilus-b98e45eaac183c5b5fb7bc25b6d1368d.htm?store={store_code}	WHITE	50 miles	Nautilus	5LMPJ8KA8TJ061913	2026	67640 USD	WHTBEARLNC	67640 USD	MI	no	Nautilus	No	Over 20k
5LMJJ3LG5TEL09202	2026 Lincoln Navigator L Reserve	Lincoln	https://www.whitebearlincoln.com/new/Lincoln/2026-Lincoln-Navigator-L-7830399fac18269702d9db8b747dbb42.htm	104885 USD	2026 Crystal White Lincoln Navigator L Reserve 3.5L V-6 cyl For sale at White Bear Lincoln in White Bear Lake Minnesota.	https://pictures.web.dealer.com/w/whitebearlincolnfd/0226/06fa37fd581ddf64260235501c4818fex.jpg	in stock	NEW	SUV	Vehicles & Parts > Vehicles > Motor Vehicles > Cars, Trucks & Vans	5LMJJ3LG5TEL09202	https://www.whitebearlincoln.com/new/Lincoln/2026-Lincoln-Navigator-L-7830399fac18269702d9db8b747dbb42.htm?store={store_code}	WHITE	9 miles	Navigator L	5LMJJ3LG5TEL09202	2026	104885 USD	WHTBEARLNC	104885 USD	MI	no	Navigator L	No	Over 20k
5LMJJ3LG0TEL09625	2026 Lincoln Navigator L Reserve	Lincoln	https://www.whitebearlincoln.com/new/Lincoln/2026-Lincoln-Navigator-L-b5fc53a6ac180cb6fbf5ec490c286c07.htm	97990 USD	2026 White Metallic Lincoln Navigator L Reserve 3.5L V-6 cyl For sale at White Bear Lincoln in White Bear Lake Minnesota.	https://pictures.web.dealer.com/w/whitebearlincolnfd/1214/00c8c34c6de57014641c686b141c8c5ex.jpg	in stock	NEW	SUV	Vehicles & Parts > Vehicles > Motor Vehicles > Cars, Trucks & Vans	5LMJJ3LG0TEL09625	https://www.whitebearlincoln.com/new/Lincoln/2026-Lincoln-Navigator-L-b5fc53a6ac180cb6fbf5ec490c286c07.htm?store={store_code}	WHITE	1855 miles	Navigator L	5LMJJ3LG0TEL09625	2026	97990 USD	WHTBEARLNC	97990 USD	MI	no	Navigator L	No	Over 20k
5LM5J7XC7VGL01612	2027 Lincoln Aviator Reserve	Lincoln	https://www.whitebearlincoln.com/new/Lincoln/2027-Lincoln-Aviator-44f41325ac18393e2bce80d9ece4d0ff.htm	82350 USD	2027 Pristine White Tri-Coat Lincoln Aviator Reserve 3.0L V-6 cyl For sale at White Bear Lincoln in White Bear Lake Minnesota.	https://pictures.web.dealer.com/w/whitebearlincolnfd/1446/59a7da84e437a60765c86b812a9cf63ex.jpg	in stock	NEW	SUV	Vehicles & Parts > Vehicles > Motor Vehicles > Cars, Trucks & Vans	5LM5J7XC7VGL01612	https://www.whitebearlincoln.com/new/Lincoln/2027-Lincoln-Aviator-44f41325ac18393e2bce80d9ece4d0ff.htm?store={store_code}	WHITE	10 miles	Aviator	5LM5J7XC7VGL01612	2027	82350 USD	WHTBEARLNC	82350 USD	MI	no	Aviator	No	Over 20k
5LM5J7XC4VGL04368	2027 Lincoln Aviator Reserve	Lincoln	https://www.whitebearlincoln.com/new/Lincoln/2027-Lincoln-Aviator-725a55caac180e99be2ff67dd2eb6802.htm	82985 USD	2027 Pristine White Tri-Coat Lincoln Aviator Reserve 3.0L V-6 cyl For sale at White Bear Lincoln in White Bear Lake Minnesota.	https://pictures.web.dealer.com/w/whitebearlincolnfd/1212/92a8a0862903e353b71f7c7118c43e09x.jpg	in stock	NEW	SUV	Vehicles & Parts > Vehicles > Motor Vehicles > Cars, Trucks & Vans	5LM5J7XC4VGL04368	https://www.whitebearlincoln.com/new/Lincoln/2027-Lincoln-Aviator-725a55caac180e99be2ff67dd2eb6802.htm?store={store_code}	WHITE	7 miles	Aviator	5LM5J7XC4VGL04368	2027	82985 USD	WHTBEARLNC	82985 USD	MI	no	Aviator	No	Over 20k
5LM5J7XC4VGL00546	2027 Lincoln Aviator Reserve	Lincoln	https://www.whitebearlincoln.com/new/Lincoln/2027-Lincoln-Aviator-e22c68b2ac18341fab2e75cb1b4b59a2.htm	71690 USD	2027 Whisper Blue Lincoln Aviator Reserve 3.0L V-6 cyl For sale at White Bear Lincoln in White Bear Lake Minnesota.	https://pictures.web.dealer.com/w/whitebearlincolnfd/1800/f58203d9bc33c718c45ce1c3d6379bc7x.jpg	in stock	NEW	SUV	Vehicles & Parts > Vehicles > Motor Vehicles > Cars, Trucks & Vans	5LM5J7XC4VGL00546	https://www.whitebearlincoln.com/new/Lincoln/2027-Lincoln-Aviator-e22c68b2ac18341fab2e75cb1b4b59a2.htm?store={store_code}	BLUE	7 miles	Aviator	5LM5J7XC4VGL00546	2027	71690 USD	WHTBEARLNC	71690 USD	MI	no	Aviator	No	Over 20k
5LMJJ2LG7VEL02684	2027 Lincoln Navigator Reserve	Lincoln	https://www.whitebearlincoln.com/new/Lincoln/2027-Lincoln-Navigator-00765196ac184abdfb3c758d74d000f1.htm	110945 USD	2027 Gray Mist Lincoln Navigator Reserve 3.5L V-6 cyl For sale at White Bear Lincoln in White Bear Lake Minnesota.	https://pictures.web.dealer.com/w/whitebearlincolnfd/0236/0640e8dc63d46e40b03c9f22a95f925ax.jpg	in stock	NEW	SUV	Vehicles & Parts > Vehicles > Motor Vehicles > Cars, Trucks & Vans	5LMJJ2LG7VEL02684	https://www.whitebearlincoln.com/new/Lincoln/2027-Lincoln-Navigator-00765196ac184abdfb3c758d74d000f1.htm?store={store_code}	GRAY	54 miles	Navigator	5LMJJ2LG7VEL02684	2027	110945 USD	WHTBEARLNC	110945 USD	MI	no	Navigator	No	Over 20k
5LMJJ2TG9VEL02296	2027 Lincoln Navigator Black Label	Lincoln	https://www.whitebearlincoln.com/new/Lincoln/2027-Lincoln-Navigator-63301151ac1814e012e1fffcf5a3ae8b.htm	132340 USD	2027 White Metallic Lincoln Navigator Black Label 3.5L V-6 cyl For sale at White Bear Lincoln in White Bear Lake Minnesota.	https://pictures.web.dealer.com/w/whitebearlincolnfd/0912/2dba9647bee7ffa0fa4a6fbbd742ef4ex.jpg	in stock	NEW	SUV	Vehicles & Parts > Vehicles > Motor Vehicles > Cars, Trucks & Vans	5LMJJ2TG9VEL02296	https://www.whitebearlincoln.com/new/Lincoln/2027-Lincoln-Navigator-63301151ac1814e012e1fffcf5a3ae8b.htm?store={store_code}	WHITE	6 miles	Navigator	5LMJJ2TG9VEL02296	2027	132340 USD	WHTBEARLNC	132340 USD	MI	no	Navigator	No	Over 20k
5LMJJ2LGXVEL07474	2027 Lincoln Navigator Reserve	Lincoln	https://www.whitebearlincoln.com/new/Lincoln/2027-Lincoln-Navigator-681acf97ac185ca9e7e2cb7f3c63f3a6.htm	105340 USD	2027 Gray Mist Metallic Tri-Coat Lincoln Navigator Reserve 3.5L V-6 cyl For sale at White Bear Lincoln in White Bear Lake Minnesota.	https://pictures.web.dealer.com/w/whitebearlincolnfd/1518/de6dfc4be890d62b4c9d9a8929cc5430x.jpg	in stock	NEW	SUV	Vehicles & Parts > Vehicles > Motor Vehicles > Cars, Trucks & Vans	5LMJJ2LGXVEL07474	https://www.whitebearlincoln.com/new/Lincoln/2027-Lincoln-Navigator-681acf97ac185ca9e7e2cb7f3c63f3a6.htm?store={store_code}	GRAY	6 miles	Navigator	5LMJJ2LGXVEL07474	2027	105340 USD	WHTBEARLNC	105340 USD	MI	no	Navigator	No	Over 20k
5LMJJ2TG7VEL06511	2027 Lincoln Navigator Black Label	Lincoln	https://www.whitebearlincoln.com/new/Lincoln/2027-Lincoln-Navigator-8d0c1cc7ac183d20eebe8ad18e787a48.htm	123140 USD	2027 Infinite Black Lincoln Navigator Black Label 3.5L V-6 cyl For sale at White Bear Lincoln in White Bear Lake Minnesota.	https://pictures.web.dealer.com/w/whitebearlincolnfd/1764/f645b43880a710e929cc40afb2c742e8x.jpg	in stock	NEW	SUV	Vehicles & Parts > Vehicles > Motor Vehicles > Cars, Trucks & Vans	5LMJJ2TG7VEL06511	https://www.whitebearlincoln.com/new/Lincoln/2027-Lincoln-Navigator-8d0c1cc7ac183d20eebe8ad18e787a48.htm?store={store_code}	BLACK	5 miles	Navigator	5LMJJ2TG7VEL06511	2027	123140 USD	WHTBEARLNC	123140 USD	MI	no	Navigator	No	Over 20k
5LMJJ3LG0VEL01219	2027 Lincoln Navigator L Reserve	Lincoln	https://www.whitebearlincoln.com/new/Lincoln/2027-Lincoln-Navigator-L-1ac51a98ac185abe565e24b0720dbee8.htm	109620 USD	2027 White Metallic Lincoln Navigator L Reserve 3.5L V-6 cyl For sale at White Bear Lincoln in White Bear Lake Minnesota.	https://pictures.web.dealer.com/w/whitebearlincolnfd/0744/ff3a7709686f8dc6cef6d82f17c6ef06x.jpg	in stock	NEW	SUV	Vehicles & Parts > Vehicles > Motor Vehicles > Cars, Trucks & Vans	5LMJJ3LG0VEL01219	https://www.whitebearlincoln.com/new/Lincoln/2027-Lincoln-Navigator-L-1ac51a98ac185abe565e24b0720dbee8.htm?store={store_code}	WHITE	4 miles	Navigator L	5LMJJ3LG0VEL01219	2027	109620 USD	WHTBEARLNC	109620 USD	MI	no	Navigator L	No	Over 20k
5LMJJ3LG2VEL02128	2027 Lincoln Navigator L Reserve	Lincoln	https://www.whitebearlincoln.com/new/Lincoln/2027-Lincoln-Navigator-L-4cd5200dac180d0fb6e73ed9975fc052.htm	108745 USD	2027 Infinite Black Lincoln Navigator L Reserve 3.5L V-6 cyl For sale at White Bear Lincoln in White Bear Lake Minnesota.	https://pictures.web.dealer.com/w/whitebearlincolnfd/0872/2097036870fc837f5228d8cdf600fd34x.jpg	in stock	NEW	SUV	Vehicles & Parts > Vehicles > Motor Vehicles > Cars, Trucks & Vans	5LMJJ3LG2VEL02128	https://www.whitebearlincoln.com/new/Lincoln/2027-Lincoln-Navigator-L-4cd5200dac180d0fb6e73ed9975fc052.htm?store={store_code}	BLACK	11 miles	Navigator L	5LMJJ3LG2VEL02128	2027	108745 USD	WHTBEARLNC	108745 USD	MI	no	Navigator L	No	Over 20k
5LMJJ3TG0VEL07134	2027 Lincoln Navigator L Black Label	Lincoln	https://www.whitebearlincoln.com/new/Lincoln/2027-Lincoln-Navigator-L-6d31b704ac184bccd6d58c5b2d8deaa9.htm	129130 USD	2027 Infinite Black Lincoln Navigator L Black Label 3.5L V-6 cyl For sale at White Bear Lincoln in White Bear Lake Minnesota.	https://pictures.web.dealer.com/w/whitebearlincolnfd/1917/8ce9c5726a22667d8840e8dc094c41b1x.jpg	in stock	NEW	SUV	Vehicles & Parts > Vehicles > Motor Vehicles > Cars, Trucks & Vans	5LMJJ3TG0VEL07134	https://www.whitebearlincoln.com/new/Lincoln/2027-Lincoln-Navigator-L-6d31b704ac184bccd6d58c5b2d8deaa9.htm?store={store_code}	BLACK	5 miles	Navigator L	5LMJJ3TG0VEL07134	2027	129130 USD	WHTBEARLNC	129130 USD	MI	no	Navigator L	No	Over 20k
5LMJJ3TG3VEL02350	2027 Lincoln Navigator L Black Label	Lincoln	https://www.whitebearlincoln.com/new/Lincoln/2027-Lincoln-Navigator-L-8669b4ceac181c46cdfd0dfeae4f016d.htm	139600 USD	2027 Chroma Caviar Dark Gray Lincoln Navigator L Black Label 3.5L V-6 cyl For sale at White Bear Lincoln in White Bear Lake Minnesota.	https://pictures.web.dealer.com/w/whitebearlincolnfd/1642/32b908afe0a70f20bac54106bb694879x.jpg	in stock	NEW	SUV	Vehicles & Parts > Vehicles > Motor Vehicles > Cars, Trucks & Vans	5LMJJ3TG3VEL02350	https://www.whitebearlincoln.com/new/Lincoln/2027-Lincoln-Navigator-L-8669b4ceac181c46cdfd0dfeae4f016d.htm?store={store_code}	BLACK	14 miles	Navigator L	5LMJJ3TG3VEL02350	2027	139600 USD	WHTBEARLNC	139600 USD	MI	no	Navigator L	No	Over 20k
5LMJJ3LG4VEL01174	2027 Lincoln Navigator L Reserve	Lincoln	https://www.whitebearlincoln.com/new/Lincoln/2027-Lincoln-Navigator-L-98953a50ac1805ae6391f6060e79be23.htm	111090 USD	2027 White Metallic Lincoln Navigator L Reserve 3.5L V-6 cyl For sale at White Bear Lincoln in White Bear Lake Minnesota.	https://pictures.web.dealer.com/w/whitebearlincolnfd/0744/ff3a7709686f8dc6cef6d82f17c6ef06x.jpg	in stock	NEW	SUV	Vehicles & Parts > Vehicles > Motor Vehicles > Cars, Trucks & Vans	5LMJJ3LG4VEL01174	https://www.whitebearlincoln.com/new/Lincoln/2027-Lincoln-Navigator-L-98953a50ac1805ae6391f6060e79be23.htm?store={store_code}	WHITE	6 miles	Navigator L	5LMJJ3LG4VEL01174	2027	111090 USD	WHTBEARLNC	111090 USD	MI	no	Navigator L	No	Over 20k
5GAEVCKW8KJ242706	2019 Buick Enclave Avenir	Buick	https://www.whitebearlincoln.com/used/Buick/2019-Buick-Enclave-2b48545dac185a95ef3e7a70974d6ee3.htm	24345 USD	2019 White Frost Tricoat Buick Enclave Avenir 3.6L V-6 cyl For sale at White Bear Lincoln in White Bear Lake Minnesota.	https://pictures.web.dealer.com/w/whitebearlincolnfd/0665/c3fdb374a3a6e910f57db8e2408789e0x.jpg	in stock	USED	SUV	Vehicles & Parts > Vehicles > Motor Vehicles > Cars, Trucks & Vans	5GAEVCKW8KJ242706	https://www.whitebearlincoln.com/used/Buick/2019-Buick-Enclave-2b48545dac185a95ef3e7a70974d6ee3.htm?store={store_code}	WHITE	55117 miles	Enclave	5GAEVCKW8KJ242706	2019	24345 USD	WHTBEARLNC	24345 USD	MI	no	Enclave	No	Over 20k
1GYS4KKL9RR117787	2024 CADILLAC Escalade ESV Premium	CADILLAC	https://www.whitebearlincoln.com/used/CADILLAC/2024-CADILLAC-Escalade-ESV-df1624c3ac183e1692c7be59d0684386.htm	70345 USD	2024 Black Raven CADILLAC Escalade ESV Premium 6.2L V-8 cyl For sale at White Bear Lincoln in White Bear Lake Minnesota.	https://pictures.web.dealer.com/w/whitebearlincolnfd/0412/e8aa756139aeac0e593d332c8c309595x.jpg	in stock	USED	OTHER	Vehicles & Parts > Vehicles > Motor Vehicles > Cars, Trucks & Vans	1GYS4KKL9RR117787	https://www.whitebearlincoln.com/used/CADILLAC/2024-CADILLAC-Escalade-ESV-df1624c3ac183e1692c7be59d0684386.htm?store={store_code}	BLACK	50250 miles	Escalade ESV	1GYS4KKL9RR117787	2024	70345 USD	WHTBEARLNC	70345 USD	MI	no	Escalade ESV	No	Over 20k
1GNSKCKC7FR711640	2015 Chevrolet Tahoe LTZ	Chevrolet	https://www.whitebearlincoln.com/used/Chevrolet/2015-Chevrolet-Tahoe-4ee5309fac184f13ed91f8cba9552532.htm	15345 USD	2015 Silver Ice Chevrolet Tahoe LTZ 5.3L V-8 cyl For sale at White Bear Lincoln in White Bear Lake Minnesota.	https://pictures.web.dealer.com/w/whitebearlincolnfd/1608/0214aa0386a47c4d49f0d7f1dc25ffd8x.jpg	in stock	USED	SUV	Vehicles & Parts > Vehicles > Motor Vehicles > Cars, Trucks & Vans	1GNSKCKC7FR711640	https://www.whitebearlincoln.com/used/Chevrolet/2015-Chevrolet-Tahoe-4ee5309fac184f13ed91f8cba9552532.htm?store={store_code}	SILVER	168319 miles	Tahoe	1GNSKCKC7FR711640	2015	15345 USD	WHTBEARLNC	15345 USD	MI	no	Tahoe	No	Under 20k
3GNAXWEG6RL347333	2024 Chevrolet Equinox RS	Chevrolet	https://www.whitebearlincoln.com/used/Chevrolet/2024-Chevrolet-Equinox-521f24e1ac18494f4214ccecd827dbcd.htm	23345 USD	2024 Sterling Gray Metallic Chevrolet Equinox RS 1.5L I-4 cyl For sale at White Bear Lincoln in White Bear Lake Minnesota.	https://pictures.web.dealer.com/w/whitebearlincolnfd/0943/1b95475a099391f5424fab3dcc13c14bx.jpg	in stock	USED	SUV	Vehicles & Parts > Vehicles > Motor Vehicles > Cars, Trucks & Vans	3GNAXWEG6RL347333	https://www.whitebearlincoln.com/used/Chevrolet/2024-Chevrolet-Equinox-521f24e1ac18494f4214ccecd827dbcd.htm?store={store_code}	SILVER	43295 miles	Equinox	3GNAXWEG6RL347333	2024	23345 USD	WHTBEARLNC	23345 USD	MI	no	Equinox	No	Over 20k
1FM5K8D81GGC04690	2016 Ford Explorer XLT	Ford	https://www.whitebearlincoln.com/used/Ford/2016-Ford-Explorer-97d7ff4dac180452357e7dbb90dcf3b2.htm	11348 USD	2016 Magnetic Ford Explorer XLT 3.5L V-6 cyl For sale at White Bear Lincoln in White Bear Lake Minnesota.	https://pictures.web.dealer.com/w/whitebearlincolnfd/1345/e1d76120d99c63aa4b6240794e9b07bbx.jpg	in stock	USED	SUV	Vehicles & Parts > Vehicles > Motor Vehicles > Cars, Trucks & Vans	1FM5K8D81GGC04690	https://www.whitebearlincoln.com/used/Ford/2016-Ford-Explorer-97d7ff4dac180452357e7dbb90dcf3b2.htm?store={store_code}	GRAY	120789 miles	Explorer	1FM5K8D81GGC04690	2016	11348 USD	WHTBEARLNC	11348 USD	MI	no	Explorer	No	Under 20k
1FTEW1EG0GFB92026	2016 Ford F-150 Platinum	Ford	https://www.whitebearlincoln.com/used/Ford/2016-Ford-F-150-eece1399ac1858eeeb7394103e5902ef.htm	14345 USD	2016 Oxford White Ford F-150 Platinum 3.5L V-6 cyl For sale at White Bear Lincoln in White Bear Lake Minnesota.	https://pictures.web.dealer.com/w/whitebearlincolnfd/1358/036f26dbf86fed0f751a472a5209e031x.jpg	in stock	USED	TRUCK	Vehicles & Parts > Vehicles > Motor Vehicles > Cars, Trucks & Vans	1FTEW1EG0GFB92026	https://www.whitebearlincoln.com/used/Ford/2016-Ford-F-150-eece1399ac1858eeeb7394103e5902ef.htm?store={store_code}	WHITE	190436 miles	F-150	1FTEW1EG0GFB92026	2016	14345 USD	WHTBEARLNC	14345 USD	MI	no	F-150	No	Under 20k
1FM5K7F86HGC37080	2017 Ford Explorer Limited	Ford	https://www.whitebearlincoln.com/used/Ford/2017-Ford-Explorer-4fc2b36fac1827bd9540ac67fbb5a69d.htm	13345 USD	2017 Ruby Red Metallic Ford Explorer Limited 3.5L V-6 cyl For sale at White Bear Lincoln in White Bear Lake Minnesota.	https://pictures.web.dealer.com/w/whitebearlincolnfd/0198/caab66fb0e98f756bd2bfa45975b28e1x.jpg	in stock	USED	SUV	Vehicles & Parts > Vehicles > Motor Vehicles > Cars, Trucks & Vans	1FM5K7F86HGC37080	https://www.whitebearlincoln.com/used/Ford/2017-Ford-Explorer-4fc2b36fac1827bd9540ac67fbb5a69d.htm?store={store_code}	RED	126969 miles	Explorer	1FM5K7F86HGC37080	2017	13345 USD	WHTBEARLNC	13345 USD	MI	no	Explorer	No	Under 20k
1FMCU9HD3KUB27734	2019 Ford Escape SEL	Ford	https://www.whitebearlincoln.com/used/Ford/2019-Ford-Escape-f9b13eb4ac180c6d02a6c272d790dc8d.htm	12345 USD	2019 Ruby Red Tinted Ford Escape SEL 1.5L I-4 cyl For sale at White Bear Lincoln in White Bear Lake Minnesota.	https://pictures.web.dealer.com/w/whitebearlincolnfd/0155/fb34a76a42f385b60dd6b0f8812dd888x.jpg	in stock	USED	SUV	Vehicles & Parts > Vehicles > Motor Vehicles > Cars, Trucks & Vans	1FMCU9HD3KUB27734	https://www.whitebearlincoln.com/used/Ford/2019-Ford-Escape-f9b13eb4ac180c6d02a6c272d790dc8d.htm?store={store_code}	RED	121181 miles	Escape	1FMCU9HD3KUB27734	2019	12345 USD	WHTBEARLNC	12345 USD	MI	no	Escape	No	Under 20k
3FA6P0HD0KR275034	2019 Ford Fusion SE	Ford	https://www.whitebearlincoln.com/used/Ford/2019-Ford-Fusion-48b21648ac1858fe65a8f852f482e2a7.htm	15045 USD	2019 Ingot Silver Ford Fusion SE 1.5L I-4 cyl For sale at White Bear Lincoln in White Bear Lake Minnesota.	https://pictures.web.dealer.com/w/whitebearlincolnfd/0557/0e0f8b74ae96f1637da3ef89c3f843c3x.jpg	in stock	USED	OTHER	Vehicles & Parts > Vehicles > Motor Vehicles > Cars, Trucks & Vans	3FA6P0HD0KR275034	https://www.whitebearlincoln.com/used/Ford/2019-Ford-Fusion-48b21648ac1858fe65a8f852f482e2a7.htm?store={store_code}	SILVER	70944 miles	Fusion	3FA6P0HD0KR275034	2019	15045 USD	WHTBEARLNC	15045 USD	MI	no	Fusion	No	Under 20k
1FMJK1MT5LEA94999	2020 Ford Expedition Max Platinum	Ford	https://www.whitebearlincoln.com/used/Ford/2020-Ford-Expedition-Max-81f5c452ac181ba235d0c0428e0552e6.htm	29345 USD	2020 Agate Black Ford Expedition Max Platinum 3.5L V-6 cyl For sale at White Bear Lincoln in White Bear Lake Minnesota.	https://pictures.web.dealer.com/w/whitebearlincolnfd/0972/e97e49396c41fcf401aa942e5137691cx.jpg	in stock	USED	SUV	Vehicles & Parts > Vehicles > Motor Vehicles > Cars, Trucks & Vans	1FMJK1MT5LEA94999	https://www.whitebearlincoln.com/used/Ford/2020-Ford-Expedition-Max-81f5c452ac181ba235d0c0428e0552e6.htm?store={store_code}	BLACK	93769 miles	Expedition Max	1FMJK1MT5LEA94999	2020	29345 USD	WHTBEARLNC	29345 USD	MI	no	Expedition Max	No	Over 20k
1FMCU9H99NUB91471	2022 Ford Escape SEL	Ford	https://www.whitebearlincoln.com/used/Ford/2022-Ford-Escape-3a5306d5ac185c86ce639039914df579.htm	24045 USD	2022 Carbonized Gray Ford Escape SEL 2.0L I-4 cyl For sale at White Bear Lincoln in White Bear Lake Minnesota.	https://pictures.web.dealer.com/w/whitebearlincolnfd/1036/207c4f2cd17bb24ae23528219d3fee07x.jpg	in stock	USED	SUV	Vehicles & Parts > Vehicles > Motor Vehicles > Cars, Trucks & Vans	1FMCU9H99NUB91471	https://www.whitebearlincoln.com/used/Ford/2022-Ford-Escape-3a5306d5ac185c86ce639039914df579.htm?store={store_code}	GRAY	33326 miles	Escape	1FMCU9H99NUB91471	2022	24045 USD	WHTBEARLNC	24045 USD	MI	no	Escape	No	Over 20k
1FMJK1MT0NEA40447	2022 Ford Expedition Max Platinum	Ford	https://www.whitebearlincoln.com/used/Ford/2022-Ford-Expedition-Max-4fc2b1abac181e63234f4fee2bc6791d.htm	52345 USD	2022 Star White Tri-Coat Ford Expedition Max Platinum 3.5L V-6 cyl For sale at White Bear Lincoln in White Bear Lake Minnesota.	https://pictures.web.dealer.com/w/whitebearlincolnfd/1255/68fc624c57a076156753178884c6827ax.jpg	in stock	USED	SUV	Vehicles & Parts > Vehicles > Motor Vehicles > Cars, Trucks & Vans	1FMJK1MT0NEA40447	https://www.whitebearlincoln.com/used/Ford/2022-Ford-Expedition-Max-4fc2b1abac181e63234f4fee2bc6791d.htm?store={store_code}	WHITE	46719 miles	Expedition Max	1FMJK1MT0NEA40447	2022	52345 USD	WHTBEARLNC	52345 USD	MI	no	Expedition Max	No	Over 20k
1FDNF6DE9NDF07035	2022 Ford F-650 Diesel Base	Ford	https://www.whitebearlincoln.com/used/Ford/2022-Ford-F-650-Diesel-a49d8921ac185ff87b77b8e60338535a.htm	62340 USD	2022 Oxford White Ford F-650 Diesel Base 6.7L V-8 cyl For sale at White Bear Lincoln in White Bear Lake Minnesota.	https://pictures.web.dealer.com/w/whitebearlincolnfd/0340/09c5f0a79ae0dc7ecd71f6941b397755x.jpg	in stock	USED	OTHER	Vehicles & Parts > Vehicles > Motor Vehicles > Cars, Trucks & Vans	1FDNF6DE9NDF07035	https://www.whitebearlincoln.com/used/Ford/2022-Ford-F-650-Diesel-a49d8921ac185ff87b77b8e60338535a.htm?store={store_code}	WHITE	44337 miles	F-650 Diesel	1FDNF6DE9NDF07035	2022	62340 USD	WHTBEARLNC	62340 USD	MI	no	F-650 Diesel	No	Over 20k
NM0LS7T20N1539200	2022 Ford Transit Connect XLT	Ford	https://www.whitebearlincoln.com/used/Ford/2022-Ford-Transit-Connect-178b2320ac182cb634fa901d7704a62e.htm	27345 USD	2022 Agate Black Ford Transit Connect XLT 2.0L I-4 cyl For sale at White Bear Lincoln in White Bear Lake Minnesota.	https://pictures.web.dealer.com/w/whitebearlincolnfd/0793/b407879ab6865bebcc6cfb622005f5a5x.jpg	in stock	USED	VAN	Vehicles & Parts > Vehicles > Motor Vehicles > Cars, Trucks & Vans	NM0LS7T20N1539200	https://www.whitebearlincoln.com/used/Ford/2022-Ford-Transit-Connect-178b2320ac182cb634fa901d7704a62e.htm?store={store_code}	BLACK	32096 miles	Transit Connect	NM0LS7T20N1539200	2022	27345 USD	WHTBEARLNC	27345 USD	MI	no	Transit Connect	No	Over 20k
1FDWE3FK7PDD32120	2023 Ford E-350 Cutaway Base	Ford	https://www.whitebearlincoln.com/used/Ford/2023-Ford-E-350-Cutaway-2393359dac1822ec4c8104ece6682d0f.htm	33008 USD	2023 Oxford White Ford E-350 Cutaway Base 7.3L V-8 cyl For sale at White Bear Lincoln in White Bear Lake Minnesota.	https://pictures.web.dealer.com/w/whitebearlincolnfd/0501/1c6e7cf6729a3543a556415587ae0650x.jpg	in stock	USED	OTHER	Vehicles & Parts > Vehicles > Motor Vehicles > Cars, Trucks & Vans	1FDWE3FK7PDD32120	https://www.whitebearlincoln.com/used/Ford/2023-Ford-E-350-Cutaway-2393359dac1822ec4c8104ece6682d0f.htm?store={store_code}	WHITE	25734 miles	E-350 Cutaway	1FDWE3FK7PDD32120	2023	33008 USD	WHTBEARLNC	33008 USD	MI	no	E-350 Cutaway	No	Over 20k
1FMCU9GN8PUA90925	2023 Ford Escape Active	Ford	https://www.whitebearlincoln.com/used/Ford/2023-Ford-Escape-1294adccac183210c430dfaa1e9e4235.htm	17345 USD	2023 Carbonized Gray Ford Escape Active 1.5L I-3 cyl For sale at White Bear Lincoln in White Bear Lake Minnesota.	https://images.dealer.com/autodata/us/color/2023/USD30FOS132B0/M7.jpg	in stock	USED	SUV	Vehicles & Parts > Vehicles > Motor Vehicles > Cars, Trucks & Vans	1FMCU9GN8PUA90925	https://www.whitebearlincoln.com/used/Ford/2023-Ford-Escape-1294adccac183210c430dfaa1e9e4235.htm?store={store_code}	GRAY	80955 miles	Escape	1FMCU9GN8PUA90925	2023	17345 USD	WHTBEARLNC	17345 USD	MI	no	Escape	No	Under 20k
1FM5K8GCXPGB81037	2023 Ford Explorer ST	Ford	https://www.whitebearlincoln.com/used/Ford/2023-Ford-Explorer-63b7c959ac1825bc039c15277927af42.htm	39845 USD	2023 Star White Tri-Coat Ford Explorer ST 3.0L V-6 cyl For sale at White Bear Lincoln in White Bear Lake Minnesota.	https://pictures.web.dealer.com/w/whitebearlincolnfd/0825/fa79295f04cbfcf9e0497605ddca2d7cx.jpg	in stock	USED	SUV	Vehicles & Parts > Vehicles > Motor Vehicles > Cars, Trucks & Vans	1FM5K8GCXPGB81037	https://www.whitebearlincoln.com/used/Ford/2023-Ford-Explorer-63b7c959ac1825bc039c15277927af42.htm?store={store_code}	WHITE	29165 miles	Explorer	1FM5K8GCXPGB81037	2023	39845 USD	WHTBEARLNC	39845 USD	MI	no	Explorer	No	Over 20k
1FDRF3HN7PED02773	2023 Ford F-350 Chassis XL	Ford	https://www.whitebearlincoln.com/used/Ford/2023-Ford-F-350-Chassis-aa5ef38cac184763ed48d454cb883eb5.htm	56595 USD	2023 Agate Black Ford F-350 Chassis XL 7.3L V-8 cyl For sale at White Bear Lincoln in White Bear Lake Minnesota.	https://pictures.web.dealer.com/w/whitebearlincolnfd/1968/c4a49b05da2e81270c70fe25a51a682bx.jpg	in stock	USED	TRUCK	Vehicles & Parts > Vehicles > Motor Vehicles > Cars, Trucks & Vans	1FDRF3HN7PED02773	https://www.whitebearlincoln.com/used/Ford/2023-Ford-F-350-Chassis-aa5ef38cac184763ed48d454cb883eb5.htm?store={store_code}	BLACK	154 miles	F-350 Chassis	1FDRF3HN7PED02773	2023	56595 USD	WHTBEARLNC	56595 USD	MI	no	F-350 Chassis	No	Over 20k
1FD9W4HN4PED80496	2023 Ford F-450 Chassis XL	Ford	https://www.whitebearlincoln.com/used/Ford/2023-Ford-F-450-Chassis-f921aed9ac183d5c6d318c5b5366308e.htm	56345 USD	2023 Oxford White Ford F-450 Chassis XL 7.3L V-8 cyl For sale at White Bear Lincoln in White Bear Lake Minnesota.	https://pictures.web.dealer.com/w/whitebearlincolnfd/0187/656834822dfe25e9bb9812ba4692dd6ex.jpg	in stock	USED	TRUCK	Vehicles & Parts > Vehicles > Motor Vehicles > Cars, Trucks & Vans	1FD9W4HN4PED80496	https://www.whitebearlincoln.com/used/Ford/2023-Ford-F-450-Chassis-f921aed9ac183d5c6d318c5b5366308e.htm?store={store_code}	WHITE	51 miles	F-450 Chassis	1FD9W4HN4PED80496	2023	56345 USD	WHTBEARLNC	56345 USD	MI	no	F-450 Chassis	No	Over 20k
1FTBW2YG6PKB31159	2023 Ford Transit-350 Cargo Base	Ford	https://www.whitebearlincoln.com/used/Ford/2023-Ford-Transit-350-Cargo-efd34d75ac185176b72bbf846f342a96.htm	48345 USD	2023 Oxford White Ford Transit-350 Cargo Base 3.5L V-6 cyl For sale at White Bear Lincoln in White Bear Lake Minnesota.	https://images.dealer.com/autodata/us/color/2023/USD30FOV428A0/YZ.jpg	in stock	USED	VAN	Vehicles & Parts > Vehicles > Motor Vehicles > Cars, Trucks & Vans	1FTBW2YG6PKB31159	https://www.whitebearlincoln.com/used/Ford/2023-Ford-Transit-350-Cargo-efd34d75ac185176b72bbf846f342a96.htm?store={store_code}	WHITE	16595 miles	Transit-350 Cargo	1FTBW2YG6PKB31159	2023	48345 USD	WHTBEARLNC	48345 USD	MI	no	Transit-350 Cargo	No	Over 20k
1FMDE8BH7RLA26123	2024 Ford Bronco Outer Banks	Ford	https://www.whitebearlincoln.com/used/Ford/2024-Ford-Bronco-661d8c1eac185252e576917f4514dae4.htm	39838 USD	2024 Shadow Black Ford Bronco Outer Banks 2.3L I-4 cyl For sale at White Bear Lincoln in White Bear Lake Minnesota.	https://pictures.web.dealer.com/w/whitebearlincolnfd/1003/1a5950dd9fcd24fd3a122eb2eb7a5736x.jpg	in stock	USED	SUV	Vehicles & Parts > Vehicles > Motor Vehicles > Cars, Trucks & Vans	1FMDE8BH7RLA26123	https://www.whitebearlincoln.com/used/Ford/2024-Ford-Bronco-661d8c1eac185252e576917f4514dae4.htm?store={store_code}	BLACK	13270 miles	Bronco	1FMDE8BH7RLA26123	2024	39838 USD	WHTBEARLNC	39838 USD	MI	no	Bronco	No	Over 20k
3FMCR9C65RRF61620	2024 Ford Bronco Sport Outer Banks	Ford	https://www.whitebearlincoln.com/used/Ford/2024-Ford-Bronco-Sport-6e05054eac180aac8449eac686ba5233.htm	29345 USD	2024 Chili Pepper Red Ford Bronco Sport Outer Banks 1.5L I-3 cyl For sale at White Bear Lincoln in White Bear Lake Minnesota.	https://pictures.web.dealer.com/w/whitebearlincolnfd/0103/73c02f0133e0306dd2127a7567b179e7x.jpg	in stock	USED	SUV	Vehicles & Parts > Vehicles > Motor Vehicles > Cars, Trucks & Vans	3FMCR9C65RRF61620	https://www.whitebearlincoln.com/used/Ford/2024-Ford-Bronco-Sport-6e05054eac180aac8449eac686ba5233.htm?store={store_code}	RED	10749 miles	Bronco Sport	3FMCR9C65RRF61620	2024	29345 USD	WHTBEARLNC	29345 USD	MI	no	Bronco Sport	No	Over 20k
1FMEE2BP1RLB46685	2024 Ford Bronco Wildtrak	Ford	https://www.whitebearlincoln.com/used/Ford/2024-Ford-Bronco-d45cdff9ac18109a99ec7816f228412b.htm	52345 USD	2024 Shadow Black Ford Bronco Wildtrak 2.7L V-6 cyl For sale at White Bear Lincoln in White Bear Lake Minnesota.	https://pictures.web.dealer.com/w/whitebearlincolnfd/0826/7b50d7fcbd95c1574f828bcbee9f278ax.jpg	in stock	USED	SUV	Vehicles & Parts > Vehicles > Motor Vehicles > Cars, Trucks & Vans	1FMEE2BP1RLB46685	https://www.whitebearlincoln.com/used/Ford/2024-Ford-Bronco-d45cdff9ac18109a99ec7816f228412b.htm?store={store_code}	BLACK	17054 miles	Bronco	1FMEE2BP1RLB46685	2024	52345 USD	WHTBEARLNC	52345 USD	MI	no	Bronco	No	Over 20k
1FDXE4FN5RDD02329	2024 Ford E-450 Cutaway Base	Ford	https://www.whitebearlincoln.com/used/Ford/2024-Ford-E-450-Cutaway-a5d3db27ac1836316e8e0c16460cfdc2.htm	37850 USD	2024 Oxford White Ford E-450 Cutaway Base 7.3L V-8 cyl For sale at White Bear Lincoln in White Bear Lake Minnesota.	https://pictures.web.dealer.com/w/whitebearlincolnfd/1817/da3c122c61c234408433faf3e92a991ex.jpg	in stock	USED	OTHER	Vehicles & Parts > Vehicles > Motor Vehicles > Cars, Trucks & Vans	1FDXE4FN5RDD02329	https://www.whitebearlincoln.com/used/Ford/2024-Ford-E-450-Cutaway-a5d3db27ac1836316e8e0c16460cfdc2.htm?store={store_code}	WHITE	45031 miles	E-450 Cutaway	1FDXE4FN5RDD02329	2024	37850 USD	WHTBEARLNC	37850 USD	MI	no	E-450 Cutaway	No	Over 20k
2FMPK4J9XRBA08630	2024 Ford Edge SEL	Ford	https://www.whitebearlincoln.com/used/Ford/2024-Ford-Edge-9212a81cac18221a7f70d51e376bdfd2.htm	25845 USD	2024 White Metallic Ford Edge SEL 2.0L I-4 cyl For sale at White Bear Lincoln in White Bear Lake Minnesota.	https://pictures.web.dealer.com/w/whitebearlincolnfd/1703/227b81714f4aef7d24965cd47c183527x.jpg	in stock	USED	SUV	Vehicles & Parts > Vehicles > Motor Vehicles > Cars, Trucks & Vans	2FMPK4J9XRBA08630	https://www.whitebearlincoln.com/used/Ford/2024-Ford-Edge-9212a81cac18221a7f70d51e376bdfd2.htm?store={store_code}	WHITE	35520 miles	Edge	2FMPK4J9XRBA08630	2024	25845 USD	WHTBEARLNC	25845 USD	MI	no	Edge	No	Over 20k
2FMPK4AP8RBA06728	2024 Ford Edge ST	Ford	https://www.whitebearlincoln.com/used/Ford/2024-Ford-Edge-9928a6d8ac183460372772b88a24f54c.htm	34345 USD	2024 Star White Tri-Coat Ford Edge ST 2.7L V-6 cyl For sale at White Bear Lincoln in White Bear Lake Minnesota.	https://pictures.web.dealer.com/w/whitebearlincolnfd/0899/a6445bc8a36291e47c97497b1ec55189x.jpg	in stock	USED	SUV	Vehicles & Parts > Vehicles > Motor Vehicles > Cars, Trucks & Vans	2FMPK4AP8RBA06728	https://www.whitebearlincoln.com/used/Ford/2024-Ford-Edge-9928a6d8ac183460372772b88a24f54c.htm?store={store_code}	WHITE	22595 miles	Edge	2FMPK4AP8RBA06728	2024	34345 USD	WHTBEARLNC	34345 USD	MI	no	Edge	No	Over 20k
2FMPK4J90RBA61126	2024 Ford Edge SEL	Ford	https://www.whitebearlincoln.com/used/Ford/2024-Ford-Edge-f4ce33c5ac184c418849c2b525ffb43b.htm	26345 USD	2024 Oxford White Ford Edge SEL 2.0L I-4 cyl For sale at White Bear Lincoln in White Bear Lake Minnesota.	https://pictures.web.dealer.com/w/whitebearlincolnfd/1324/6d139449b2441c0559ffd775e17d76c9x.jpg	in stock	USED	SUV	Vehicles & Parts > Vehicles > Motor Vehicles > Cars, Trucks & Vans	2FMPK4J90RBA61126	https://www.whitebearlincoln.com/used/Ford/2024-Ford-Edge-f4ce33c5ac184c418849c2b525ffb43b.htm?store={store_code}	WHITE	22906 miles	Edge	2FMPK4J90RBA61126	2024	26345 USD	WHTBEARLNC	26345 USD	MI	no	Edge	No	Over 20k
2FMPK4J90RBB04850	2024 Ford Edge SEL	Ford	https://www.whitebearlincoln.com/used/Ford/2024-Ford-Edge-f79253c1ac18281ce6a130f74e4c0fb7.htm	25345 USD	2024 Agate Black Ford Edge SEL 2.0L I-4 cyl For sale at White Bear Lincoln in White Bear Lake Minnesota.	https://pictures.web.dealer.com/w/whitebearlincolnfd/0558/28f7ba5b9ca6086b875537681911be1fx.jpg	in stock	USED	SUV	Vehicles & Parts > Vehicles > Motor Vehicles > Cars, Trucks & Vans	2FMPK4J90RBB04850	https://www.whitebearlincoln.com/used/Ford/2024-Ford-Edge-f79253c1ac18281ce6a130f74e4c0fb7.htm?store={store_code}	BLACK	22705 miles	Edge	2FMPK4J90RBB04850	2024	25345 USD	WHTBEARLNC	25345 USD	MI	no	Edge	No	Over 20k
1FMCU9MN3RUB49872	2024 Ford Escape ST-Line	Ford	https://www.whitebearlincoln.com/used/Ford/2024-Ford-Escape-2d76dba4ac18381be180bcc07d3293cc.htm	23348 USD	2024 Black Metallic Ford Escape ST-Line 1.5L I-3 cyl For sale at White Bear Lincoln in White Bear Lake Minnesota.	https://pictures.web.dealer.com/w/whitebearlincolnfd/1625/52de3e246ce973147adfe875033f4704x.jpg	in stock	USED	SUV	Vehicles & Parts > Vehicles > Motor Vehicles > Cars, Trucks & Vans	1FMCU9MN3RUB49872	https://www.whitebearlincoln.com/used/Ford/2024-Ford-Escape-2d76dba4ac18381be180bcc07d3293cc.htm?store={store_code}	BLACK	22829 miles	Escape	1FMCU9MN3RUB49872	2024	23348 USD	WHTBEARLNC	23348 USD	MI	no	Escape	No	Over 20k
1FMCU9GN6RUB27005	2024 Ford Escape Active	Ford	https://www.whitebearlincoln.com/used/Ford/2024-Ford-Escape-ab9f0cf3ac1851979897d886467aa8d6.htm	23802 USD	2024 Gray Metallic Ford Escape Active 1.5L I-3 cyl For sale at White Bear Lincoln in White Bear Lake Minnesota.	https://pictures.web.dealer.com/w/whitebearlincolnfd/1309/14d69c7eb1343d149a96b49391daf282x.jpg	in stock	USED	SUV	Vehicles & Parts > Vehicles > Motor Vehicles > Cars, Trucks & Vans	1FMCU9GN6RUB27005	https://www.whitebearlincoln.com/used/Ford/2024-Ford-Escape-ab9f0cf3ac1851979897d886467aa8d6.htm?store={store_code}	GRAY	14097 miles	Escape	1FMCU9GN6RUB27005	2024	23802 USD	WHTBEARLNC	23802 USD	MI	no	Escape	No	Over 20k
1FMJU1M87REB15835	2024 Ford Expedition Platinum	Ford	https://www.whitebearlincoln.com/used/Ford/2024-Ford-Expedition-ea835b0aac180e1333104b23f6f269b8.htm	61845 USD	2024 White Metallic Ford Expedition Platinum 3.5L V-6 cyl For sale at White Bear Lincoln in White Bear Lake Minnesota.	https://pictures.web.dealer.com/w/whitebearlincolnfd/0453/bf948c581c4907994db91190f1bc0091x.jpg	in stock	USED	SUV	Vehicles & Parts > Vehicles > Motor Vehicles > Cars, Trucks & Vans	1FMJU1M87REB15835	https://www.whitebearlincoln.com/used/Ford/2024-Ford-Expedition-ea835b0aac180e1333104b23f6f269b8.htm?store={store_code}	WHITE	4310 miles	Expedition	1FMJU1M87REB15835	2024	61845 USD	WHTBEARLNC	61845 USD	MI	no	Expedition	No	Over 20k
1FM5K8GC1RGA01589	2024 Ford Explorer ST	Ford	https://www.whitebearlincoln.com/used/Ford/2024-Ford-Explorer-1294b00aac1854fcdbbb73361d57a4da.htm	46345 USD	2024 Black Ford Explorer ST 3.0L V-6 cyl For sale at White Bear Lincoln in White Bear Lake Minnesota.	https://images.dealer.com/autodata/us/large_stockphoto/2024/USD40FOS102F0.jpg	in stock	USED	SUV	Vehicles & Parts > Vehicles > Motor Vehicles > Cars, Trucks & Vans	1FM5K8GC1RGA01589	https://www.whitebearlincoln.com/used/Ford/2024-Ford-Explorer-1294b00aac1854fcdbbb73361d57a4da.htm?store={store_code}	BLACK	13906 miles	Explorer	1FM5K8GC1RGA01589	2024	46345 USD	WHTBEARLNC	46345 USD	MI	no	Explorer	No	Over 20k
1FT8W2BT0REF70486	2024 Ford F-250 Lariat	Ford	https://www.whitebearlincoln.com/used/Ford/2024-Ford-F-250-0822e5d6ac1823e7d7937e3e647a69ab.htm	74345 USD	2024 Oxford White Ford F-250 Lariat 6.7L V-8 cyl For sale at White Bear Lincoln in White Bear Lake Minnesota.	https://pictures.web.dealer.com/w/whitebearlincolnfd/0475/d4529eb4693cf084a11a592d93204336x.jpg	in stock	USED	TRUCK	Vehicles & Parts > Vehicles > Motor Vehicles > Cars, Trucks & Vans	1FT8W2BT0REF70486	https://www.whitebearlincoln.com/used/Ford/2024-Ford-F-250-0822e5d6ac1823e7d7937e3e647a69ab.htm?store={store_code}	WHITE	293 miles	F-250	1FT8W2BT0REF70486	2024	74345 USD	WHTBEARLNC	74345 USD	MI	no	F-250	No	Over 20k
1FT8W2BT9RED04142	2024 Ford F-250 Lariat	Ford	https://www.whitebearlincoln.com/used/Ford/2024-Ford-F-250-f87cbce5ac180156457cf6652f388b3e.htm	68845 USD	2024 Carbonized Gray Ford F-250 Lariat 6.7L V-8 cyl For sale at White Bear Lincoln in White Bear Lake Minnesota.	https://pictures.web.dealer.com/w/whitebearlincolnfd/0015/38ae9dc777975b49b46c82f93336922fx.jpg	in stock	USED	TRUCK	Vehicles & Parts > Vehicles > Motor Vehicles > Cars, Trucks & Vans	1FT8W2BT9RED04142	https://www.whitebearlincoln.com/used/Ford/2024-Ford-F-250-f87cbce5ac180156457cf6652f388b3e.htm?store={store_code}	GRAY	7752 miles	F-250	1FT8W2BT9RED04142	2024	68845 USD	WHTBEARLNC	68845 USD	MI	no	F-250	No	Over 20k
1FT8W4DM3RED80411	2024 Ford F-450 Lariat	Ford	https://www.whitebearlincoln.com/used/Ford/2024-Ford-F-450-1ad0758bac18510e2b684b25271e8c2c.htm	85838 USD	2024 Oxford White Ford F-450 Lariat 6.7L V-8 cyl For sale at White Bear Lincoln in White Bear Lake Minnesota.	https://pictures.web.dealer.com/w/whitebearlincolnfd/1653/e34a4169650f89d1b828db3295267286x.jpg	in stock	USED	OTHER	Vehicles & Parts > Vehicles > Motor Vehicles > Cars, Trucks & Vans	1FT8W4DM3RED80411	https://www.whitebearlincoln.com/used/Ford/2024-Ford-F-450-1ad0758bac18510e2b684b25271e8c2c.htm?store={store_code}	WHITE	7674 miles	F-450	1FT8W4DM3RED80411	2024	85838 USD	WHTBEARLNC	85838 USD	MI	no	F-450	No	Over 20k
3FTTW8R91RRB83143	2024 Ford Maverick Lariat	Ford	https://www.whitebearlincoln.com/used/Ford/2024-Ford-Maverick-63b7cbb0ac1824b1018118ba882bb1b1.htm	34345 USD	2024 Azure Gray Metallic Ford Maverick Lariat 2.0L I-4 cyl For sale at White Bear Lincoln in White Bear Lake Minnesota.	https://pictures.web.dealer.com/w/whitebearlincolnfd/0283/481d3d5ca54f9d7c612d1f85e9ead4c8x.jpg	in stock	USED	TRUCK	Vehicles & Parts > Vehicles > Motor Vehicles > Cars, Trucks & Vans	3FTTW8R91RRB83143	https://www.whitebearlincoln.com/used/Ford/2024-Ford-Maverick-63b7cbb0ac1824b1018118ba882bb1b1.htm?store={store_code}	GRAY	16356 miles	Maverick	3FTTW8R91RRB83143	2024	34345 USD	WHTBEARLNC	34345 USD	MI	no	Maverick	No	Over 20k
1FA6P8CF8R5399573	2024 Ford Mustang GT Premium	Ford	https://www.whitebearlincoln.com/used/Ford/2024-Ford-Mustang-ea835e48ac1852eb4ec889592d5202a0.htm	44345 USD	2024 Red Metallic Ford Mustang GT Premium 5.0L V-8 cyl For sale at White Bear Lincoln in White Bear Lake Minnesota.	https://pictures.web.dealer.com/w/whitebearlincolnfd/1525/f7819c906080993809355adf38633390x.jpg	in stock	USED	OTHER	Vehicles & Parts > Vehicles > Motor Vehicles > Cars, Trucks & Vans	1FA6P8CF8R5399573	https://www.whitebearlincoln.com/used/Ford/2024-Ford-Mustang-ea835e48ac1852eb4ec889592d5202a0.htm?store={store_code}	RED	25109 miles	Mustang	1FA6P8CF8R5399573	2024	44345 USD	WHTBEARLNC	44345 USD	MI	no	Mustang	No	Over 20k
1FTBR2C89RKA13388	2024 Ford Transit-250 Cargo Base	Ford	https://www.whitebearlincoln.com/used/Ford/2024-Ford-Transit-250-Cargo-36030083ac183b953cbae2d1b73ba287.htm	43345 USD	2024 White Ford Transit-250 Cargo Base 3.5L V-6 cyl For sale at White Bear Lincoln in White Bear Lake Minnesota.	https://pictures.web.dealer.com/w/whitebearlincolnfd/0108/dd6093f57bcfde302db8a482b9e75030x.jpg	in stock	USED	VAN	Vehicles & Parts > Vehicles > Motor Vehicles > Cars, Trucks & Vans	1FTBR2C89RKA13388	https://www.whitebearlincoln.com/used/Ford/2024-Ford-Transit-250-Cargo-36030083ac183b953cbae2d1b73ba287.htm?store={store_code}	WHITE	21415 miles	Transit-250 Cargo	1FTBR2C89RKA13388	2024	43345 USD	WHTBEARLNC	43345 USD	MI	no	Transit-250 Cargo	No	Over 20k
1FTBR2CG7RKA25319	2024 Ford Transit-250 Cargo Base	Ford	https://www.whitebearlincoln.com/used/Ford/2024-Ford-Transit-250-Cargo-85645be6ac180ee004f7d21e87ad93ba.htm	47345 USD	2024 White Ford Transit-250 Cargo Base 3.5L V-6 cyl For sale at White Bear Lincoln in White Bear Lake Minnesota.	https://pictures.web.dealer.com/w/whitebearlincolnfd/0732/a8085e533f99e0404b11a1ddd85e4882x.jpg	in stock	USED	VAN	Vehicles & Parts > Vehicles > Motor Vehicles > Cars, Trucks & Vans	1FTBR2CG7RKA25319	https://www.whitebearlincoln.com/used/Ford/2024-Ford-Transit-250-Cargo-85645be6ac180ee004f7d21e87ad93ba.htm?store={store_code}	WHITE	40396 miles	Transit-250 Cargo	1FTBR2CG7RKA25319	2024	47345 USD	WHTBEARLNC	47345 USD	MI	no	Transit-250 Cargo	No	Over 20k
1FMEE0RR8SLA41322	2025 Ford Bronco Raptor	Ford	https://www.whitebearlincoln.com/used/Ford/2025-Ford-Bronco-2c94e7beac184b5063bdeba286e0bef9.htm	75345 USD	2025 Gray Ford Bronco Raptor 3.0L V-6 cyl For sale at White Bear Lincoln in White Bear Lake Minnesota.	https://pictures.web.dealer.com/w/whitebearlincolnfd/1261/7d088b944567639061e1177a1a8e2032x.jpg	in stock	USED	SUV	Vehicles & Parts > Vehicles > Motor Vehicles > Cars, Trucks & Vans	1FMEE0RR8SLA41322	https://www.whitebearlincoln.com/used/Ford/2025-Ford-Bronco-2c94e7beac184b5063bdeba286e0bef9.htm?store={store_code}	GRAY	13975 miles	Bronco	1FMEE0RR8SLA41322	2025	75345 USD	WHTBEARLNC	75345 USD	MI	no	Bronco	No	Over 20k
1FMEE9BPXSLB26837	2025 Ford Bronco Badlands	Ford	https://www.whitebearlincoln.com/used/Ford/2025-Ford-Bronco-68ab8b39ac1859f7ab7450ad5b80e5eb.htm	54345 USD	2025 Oxford White Ford Bronco Badlands 2.7L V-6 cyl For sale at White Bear Lincoln in White Bear Lake Minnesota.	https://pictures.web.dealer.com/w/whitebearlincolnfd/0250/65a24ffb877f9608a9d4f1f74b2477bex.jpg	in stock	USED	SUV	Vehicles & Parts > Vehicles > Motor Vehicles > Cars, Trucks & Vans	1FMEE9BPXSLB26837	https://www.whitebearlincoln.com/used/Ford/2025-Ford-Bronco-68ab8b39ac1859f7ab7450ad5b80e5eb.htm?store={store_code}	WHITE	9940 miles	Bronco	1FMEE9BPXSLB26837	2025	54345 USD	WHTBEARLNC	54345 USD	MI	no	Bronco	No	Over 20k
1FMEE0RR9SLA64463	2025 Ford Bronco Raptor	Ford	https://www.whitebearlincoln.com/used/Ford/2025-Ford-Bronco-6f87d5d0ac180f7172833b10b53c6246.htm	75045 USD	2025 Oxford White Ford Bronco Raptor 3.0L V-6 cyl For sale at White Bear Lincoln in White Bear Lake Minnesota.	https://pictures.web.dealer.com/w/whitebearlincolnfd/1322/d3e9c1fbe8cbd5794f4081b874f3dc0bx.jpg	in stock	USED	SUV	Vehicles & Parts > Vehicles > Motor Vehicles > Cars, Trucks & Vans	1FMEE0RR9SLA64463	https://www.whitebearlincoln.com/used/Ford/2025-Ford-Bronco-6f87d5d0ac180f7172833b10b53c6246.htm?store={store_code}	WHITE	17349 miles	Bronco	1FMEE0RR9SLA64463	2025	75045 USD	WHTBEARLNC	75045 USD	MI	no	Bronco	No	Over 20k
3FMCR9GN9SRE58210	2025 Ford Bronco Sport Heritage	Ford	https://www.whitebearlincoln.com/used/Ford/2025-Ford-Bronco-Sport-21d51ecbac1832e951f5fea745c5e608.htm	29345 USD	2025 Shadow Black Ford Bronco Sport Heritage 1.5L I-3 cyl For sale at White Bear Lincoln in White Bear Lake Minnesota.	https://pictures.web.dealer.com/w/whitebearlincolnfd/1332/62ddce81c45c27a41fd1a5db2c0232c8x.jpg	in stock	USED	SUV	Vehicles & Parts > Vehicles > Motor Vehicles > Cars, Trucks & Vans	3FMCR9GN9SRE58210	https://www.whitebearlincoln.com/used/Ford/2025-Ford-Bronco-Sport-21d51ecbac1832e951f5fea745c5e608.htm?store={store_code}	BLACK	12439 miles	Bronco Sport	3FMCR9GN9SRE58210	2025	29345 USD	WHTBEARLNC	29345 USD	MI	no	Bronco Sport	No	Over 20k
3FMCR9CN4SRE98636	2025 Ford Bronco Sport Outer Banks	Ford	https://www.whitebearlincoln.com/used/Ford/2025-Ford-Bronco-Sport-48b2146fac1809e136d79eb2ad9883f6.htm	32845 USD	2025 Velocity Blue Ford Bronco Sport Outer Banks 1.5L I-3 cyl For sale at White Bear Lincoln in White Bear Lake Minnesota.	https://pictures.web.dealer.com/w/whitebearlincolnfd/1520/ef4c6b2306a672df81dcc332597c89b5x.jpg	in stock	USED	SUV	Vehicles & Parts > Vehicles > Motor Vehicles > Cars, Trucks & Vans	3FMCR9CN4SRE98636	https://www.whitebearlincoln.com/used/Ford/2025-Ford-Bronco-Sport-48b2146fac1809e136d79eb2ad9883f6.htm?store={store_code}	BLUE	2945 miles	Bronco Sport	3FMCR9CN4SRE98636	2025	32845 USD	WHTBEARLNC	32845 USD	MI	no	Bronco Sport	No	Over 20k
3FMCR9DA4SRE71108	2025 Ford Bronco Sport Badlands	Ford	https://www.whitebearlincoln.com/used/Ford/2025-Ford-Bronco-Sport-f759996fac185c8404187ace70b0de45.htm	34850 USD	2025 Shadow Black Ford Bronco Sport Badlands 2.0L I-4 cyl For sale at White Bear Lincoln in White Bear Lake Minnesota.	https://pictures.web.dealer.com/w/whitebearlincolnfd/0641/65c9159e9e08e53786202f17b707b029x.jpg	in stock	USED	SUV	Vehicles & Parts > Vehicles > Motor Vehicles > Cars, Trucks & Vans	3FMCR9DA4SRE71108	https://www.whitebearlincoln.com/used/Ford/2025-Ford-Bronco-Sport-f759996fac185c8404187ace70b0de45.htm?store={store_code}	BLACK	4928 miles	Bronco Sport	3FMCR9DA4SRE71108	2025	34850 USD	WHTBEARLNC	34850 USD	MI	no	Bronco Sport	No	Over 20k
1FMEE9BP6SLA41042	2025 Ford Bronco Badlands	Ford	https://www.whitebearlincoln.com/used/Ford/2025-Ford-Bronco-ed0cd13aac185c8404187ace6c924191.htm	57345 USD	2025 Gray Metallic Ford Bronco Badlands 2.7L V-6 cyl For sale at White Bear Lincoln in White Bear Lake Minnesota.	https://pictures.web.dealer.com/w/whitebearlincolnfd/0863/085995092220241ff3c90ca4c24f858bx.jpg	in stock	USED	SUV	Vehicles & Parts > Vehicles > Motor Vehicles > Cars, Trucks & Vans	1FMEE9BP6SLA41042	https://www.whitebearlincoln.com/used/Ford/2025-Ford-Bronco-ed0cd13aac185c8404187ace6c924191.htm?store={store_code}	GRAY	5528 miles	Bronco	1FMEE9BP6SLA41042	2025	57345 USD	WHTBEARLNC	57345 USD	MI	no	Bronco	No	Over 20k
1FMCU9JA0SUB24449	2025 Ford Escape Platinum	Ford	https://www.whitebearlincoln.com/used/Ford/2025-Ford-Escape-85645a1aac18278e495458b9e395da92.htm	29345 USD	2025 Agate Black Ford Escape Platinum 2.0L I-4 cyl For sale at White Bear Lincoln in White Bear Lake Minnesota.	https://pictures.web.dealer.com/w/whitebearlincolnfd/1317/e62b89defe9603a7f83975f7e7116f53x.jpg	in stock	USED	SUV	Vehicles & Parts > Vehicles > Motor Vehicles > Cars, Trucks & Vans	1FMCU9JA0SUB24449	https://www.whitebearlincoln.com/used/Ford/2025-Ford-Escape-85645a1aac18278e495458b9e395da92.htm?store={store_code}	BLACK	17138 miles	Escape	1FMCU9JA0SUB24449	2025	29345 USD	WHTBEARLNC	29345 USD	MI	no	Escape	No	Over 20k
1FMJU1J80SEA30619	2025 Ford Expedition Active	Ford	https://www.whitebearlincoln.com/used/Ford/2025-Ford-Expedition-00a8d25fac1837f47d123b906ef50075.htm	55250 USD	2025 White Metallic Ford Expedition Active 3.5L V-6 cyl For sale at White Bear Lincoln in White Bear Lake Minnesota.	https://pictures.web.dealer.com/w/whitebearlincolnfd/0683/f7cc19a3ad721ceadce272333b72315dx.jpg	in stock	USED	SUV	Vehicles & Parts > Vehicles > Motor Vehicles > Cars, Trucks & Vans	1FMJU1J80SEA30619	https://www.whitebearlincoln.com/used/Ford/2025-Ford-Expedition-00a8d25fac1837f47d123b906ef50075.htm?store={store_code}	WHITE	24839 miles	Expedition	1FMJU1J80SEA30619	2025	55250 USD	WHTBEARLNC	55250 USD	MI	no	Expedition	No	Over 20k
1FMJK1J83SEA38638	2025 Ford Expedition Max Active	Ford	https://www.whitebearlincoln.com/used/Ford/2025-Ford-Expedition-Max-af7d58e7ac180302593716fcb583928b.htm	53838 USD	2025 Agate Black Ford Expedition Max Active 3.5L V-6 cyl For sale at White Bear Lincoln in White Bear Lake Minnesota.	https://pictures.web.dealer.com/w/whitebearlincolnfd/1783/48c786683a4725774508e58cabf4e21ax.jpg	in stock	USED	SUV	Vehicles & Parts > Vehicles > Motor Vehicles > Cars, Trucks & Vans	1FMJK1J83SEA38638	https://www.whitebearlincoln.com/used/Ford/2025-Ford-Expedition-Max-af7d58e7ac180302593716fcb583928b.htm?store={store_code}	BLACK	33217 miles	Expedition Max	1FMJK1J83SEA38638	2025	53838 USD	WHTBEARLNC	53838 USD	MI	no	Expedition Max	No	Over 20k
1FMJK1MG3SEA15699	2025 Ford Expedition Max Platinum	Ford	https://www.whitebearlincoln.com/used/Ford/2025-Ford-Expedition-Max-f64e9e82ac180acbe92e69dba7cd2a3d.htm	75845 USD	2025 White Metallic Ford Expedition Max Platinum 3.5L V-6 cyl For sale at White Bear Lincoln in White Bear Lake Minnesota.	https://pictures.web.dealer.com/w/whitebearlincolnfd/0986/758926320f61727ef01d1aaf24df2ab6x.jpg	in stock	USED	SUV	Vehicles & Parts > Vehicles > Motor Vehicles > Cars, Trucks & Vans	1FMJK1MG3SEA15699	https://www.whitebearlincoln.com/used/Ford/2025-Ford-Expedition-Max-f64e9e82ac180acbe92e69dba7cd2a3d.htm?store={store_code}	WHITE	14680 miles	Expedition Max	1FMJK1MG3SEA15699	2025	75845 USD	WHTBEARLNC	75845 USD	MI	no	Expedition Max	No	Over 20k
1FMJU1J83SEA33210	2025 Ford Expedition Active	Ford	https://www.whitebearlincoln.com/used/Ford/2025-Ford-Expedition-aaf79d7eac1843b4d08f34f905160a2f.htm	54345 USD	2025 Agate Black Ford Expedition Active 3.5L V-6 cyl For sale at White Bear Lincoln in White Bear Lake Minnesota.	https://pictures.web.dealer.com/w/whitebearlincolnfd/0554/f00c34abc75356c936d94b0a505acf89x.jpg	in stock	USED	SUV	Vehicles & Parts > Vehicles > Motor Vehicles > Cars, Trucks & Vans	1FMJU1J83SEA33210	https://www.whitebearlincoln.com/used/Ford/2025-Ford-Expedition-aaf79d7eac1843b4d08f34f905160a2f.htm?store={store_code}	BLACK	20093 miles	Expedition	1FMJU1J83SEA33210	2025	54345 USD	WHTBEARLNC	54345 USD	MI	no	Expedition	No	Over 20k
1FMJU1J84SEA43194	2025 Ford Expedition Active	Ford	https://www.whitebearlincoln.com/used/Ford/2025-Ford-Expedition-aaf7ac46ac183c5b5fb7bc25106b978a.htm	57845 USD	2025 Space Silver Ford Expedition Active 3.5L V-6 cyl For sale at White Bear Lincoln in White Bear Lake Minnesota.	https://pictures.web.dealer.com/w/whitebearlincolnfd/1007/f1675c6c17235b3b295d897c079d4477x.jpg	in stock	USED	SUV	Vehicles & Parts > Vehicles > Motor Vehicles > Cars, Trucks & Vans	1FMJU1J84SEA43194	https://www.whitebearlincoln.com/used/Ford/2025-Ford-Expedition-aaf7ac46ac183c5b5fb7bc25106b978a.htm?store={store_code}	SILVER	7233 miles	Expedition	1FMJU1J84SEA43194	2025	57845 USD	WHTBEARLNC	57845 USD	MI	no	Expedition	No	Over 20k
1FMUK8HH7SGA07702	2025 Ford Explorer Platinum	Ford	https://www.whitebearlincoln.com/used/Ford/2025-Ford-Explorer-97e4f266ac182d59c0f767e22ee88548.htm	41348 USD	2025 Agate Black Ford Explorer Platinum 2.3L I-4 cyl For sale at White Bear Lincoln in White Bear Lake Minnesota.	https://pictures.web.dealer.com/w/whitebearlincolnfd/0404/8aaccad385aee2942b9ce9979d3ca756x.jpg	in stock	USED	SUV	Vehicles & Parts > Vehicles > Motor Vehicles > Cars, Trucks & Vans	1FMUK8HH7SGA07702	https://www.whitebearlincoln.com/used/Ford/2025-Ford-Explorer-97e4f266ac182d59c0f767e22ee88548.htm?store={store_code}	BLACK	24778 miles	Explorer	1FMUK8HH7SGA07702	2025	41348 USD	WHTBEARLNC	41348 USD	MI	no	Explorer	No	Over 20k
1FMUK8HH6SGA01647	2025 Ford Explorer Platinum	Ford	https://www.whitebearlincoln.com/used/Ford/2025-Ford-Explorer-9d0dacbdac182d59c0f767e206b3c1db.htm	43349 USD	2025 Agate Black Ford Explorer Platinum 2.3L I-4 cyl For sale at White Bear Lincoln in White Bear Lake Minnesota.	https://pictures.web.dealer.com/w/whitebearlincolnfd/1536/7373851bade10250304cf83d8aa95093x.jpg	in stock	USED	SUV	Vehicles & Parts > Vehicles > Motor Vehicles > Cars, Trucks & Vans	1FMUK8HH6SGA01647	https://www.whitebearlincoln.com/used/Ford/2025-Ford-Explorer-9d0dacbdac182d59c0f767e206b3c1db.htm?store={store_code}	BLACK	16584 miles	Explorer	1FMUK8HH6SGA01647	2025	43349 USD	WHTBEARLNC	43349 USD	MI	no	Explorer	No	Over 20k
1FMUK8DH3SGA48155	2025 Ford Explorer Active	Ford	https://www.whitebearlincoln.com/used/Ford/2025-Ford-Explorer-d5a76185ac183e1692c7be59bec95064.htm	37345 USD	2025 White Metallic Ford Explorer Active 2.3L I-4 cyl For sale at White Bear Lincoln in White Bear Lake Minnesota.	https://pictures.web.dealer.com/w/whitebearlincolnfd/1432/3cf36e4918b60ae6e54c18ed2fb1db59x.jpg	in stock	USED	SUV	Vehicles & Parts > Vehicles > Motor Vehicles > Cars, Trucks & Vans	1FMUK8DH3SGA48155	https://www.whitebearlincoln.com/used/Ford/2025-Ford-Explorer-d5a76185ac183e1692c7be59bec95064.htm?store={store_code}	WHITE	8495 miles	Explorer	1FMUK8DH3SGA48155	2025	37345 USD	WHTBEARLNC	37345 USD	MI	no	Explorer	No	Over 20k
1FMWK8GC5SGB15248	2025 Ford Explorer ST	Ford	https://www.whitebearlincoln.com/used/Ford/2025-Ford-Explorer-efd34bcdac18102d29ca7f4b602dc9b2.htm	47345 USD	2025 Vapor Blue Ford Explorer ST 3.0L V-6 cyl For sale at White Bear Lincoln in White Bear Lake Minnesota.	https://pictures.web.dealer.com/w/whitebearlincolnfd/1296/12729073331d366d72c702bb5d2c2e7bx.jpg	in stock	USED	SUV	Vehicles & Parts > Vehicles > Motor Vehicles > Cars, Trucks & Vans	1FMWK8GC5SGB15248	https://www.whitebearlincoln.com/used/Ford/2025-Ford-Explorer-efd34bcdac18102d29ca7f4b602dc9b2.htm?store={store_code}	BLUE	7566 miles	Explorer	1FMWK8GC5SGB15248	2025	47345 USD	WHTBEARLNC	47345 USD	MI	no	Explorer	No	Over 20k
1FTFW1RG4SFB29356	2025 Ford F-150 Raptor	Ford	https://www.whitebearlincoln.com/used/Ford/2025-Ford-F-150-178b2042ac180771c28b0c0e50d3d0fe.htm	75345 USD	2025 Antimatter Blue Ford F-150 Raptor 3.5L V-6 cyl For sale at White Bear Lincoln in White Bear Lake Minnesota.	https://pictures.web.dealer.com/w/whitebearlincolnfd/1690/ee3e8a763c8f03fc2814b16036a5ac22x.jpg	in stock	USED	TRUCK	Vehicles & Parts > Vehicles > Motor Vehicles > Cars, Trucks & Vans	1FTFW1RG4SFB29356	https://www.whitebearlincoln.com/used/Ford/2025-Ford-F-150-178b2042ac180771c28b0c0e50d3d0fe.htm?store={store_code}	BLUE	24419 miles	F-150	1FTFW1RG4SFB29356	2025	75345 USD	WHTBEARLNC	75345 USD	MI	no	F-150	No	Over 20k
1FTFW3L88SFB36906	2025 Ford F-150 XLT	Ford	https://www.whitebearlincoln.com/used/Ford/2025-Ford-F-150-46c3db30ac18279a8a8609ac090c34ae.htm	47338 USD	2025 Agate Black Ford F-150 XLT 3.5L V-6 cyl For sale at White Bear Lincoln in White Bear Lake Minnesota.	https://pictures.web.dealer.com/w/whitebearlincolnfd/1715/90400115685c7f71b417b5dc489d8ef2x.jpg	in stock	USED	TRUCK	Vehicles & Parts > Vehicles > Motor Vehicles > Cars, Trucks & Vans	1FTFW3L88SFB36906	https://www.whitebearlincoln.com/used/Ford/2025-Ford-F-150-46c3db30ac18279a8a8609ac090c34ae.htm?store={store_code}	BLACK	34115 miles	F-150	1FTFW3L88SFB36906	2025	47338 USD	WHTBEARLNC	47338 USD	MI	no	F-150	No	Over 20k
1FTFW3L57SKD47348	2025 Ford F-150 XLT	Ford	https://www.whitebearlincoln.com/used/Ford/2025-Ford-F-150-5a0f4191ac18460669bf3210024a5346.htm	46345 USD	2025 White Ford F-150 XLT 5.0L V-8 cyl For sale at White Bear Lincoln in White Bear Lake Minnesota.	https://pictures.web.dealer.com/w/whitebearlincolnfd/1081/d46be3143876a1e5e811b1e80e86f06ax.jpg	in stock	USED	TRUCK	Vehicles & Parts > Vehicles > Motor Vehicles > Cars, Trucks & Vans	1FTFW3L57SKD47348	https://www.whitebearlincoln.com/used/Ford/2025-Ford-F-150-5a0f4191ac18460669bf3210024a5346.htm?store={store_code}	WHITE	11944 miles	F-150	1FTFW3L57SKD47348	2025	46345 USD	WHTBEARLNC	46345 USD	MI	no	F-150	No	Over 20k
1FTFW3L80SKE49729	2025 Ford F-150 XLT	Ford	https://www.whitebearlincoln.com/used/Ford/2025-Ford-F-150-5a0f44e3ac180b7620d871aef2afdc27.htm	45345 USD	2025 Gray Ford F-150 XLT 3.5L V-6 cyl For sale at White Bear Lincoln in White Bear Lake Minnesota.	https://pictures.web.dealer.com/w/whitebearlincolnfd/1757/130c57ce93be589a59059699011217d6x.jpg	in stock	USED	TRUCK	Vehicles & Parts > Vehicles > Motor Vehicles > Cars, Trucks & Vans	1FTFW3L80SKE49729	https://www.whitebearlincoln.com/used/Ford/2025-Ford-F-150-5a0f44e3ac180b7620d871aef2afdc27.htm?store={store_code}	GRAY	17070 miles	F-150	1FTFW3L80SKE49729	2025	45345 USD	WHTBEARLNC	45345 USD	MI	no	F-150	No	Over 20k
1FTFW3LD7SFB00430	2025 Ford F-150 XLT	Ford	https://www.whitebearlincoln.com/used/Ford/2025-Ford-F-150-6681bdb1ac1826090cabaa516b139adf.htm	48348 USD	2025 Gray Metallic Ford F-150 XLT 3.5L V-6 cyl For sale at White Bear Lincoln in White Bear Lake Minnesota.	https://pictures.web.dealer.com/w/whitebearlincolnfd/0026/25f7a8d1dfbae77806f11a0c652fbb91x.jpg	in stock	USED	TRUCK	Vehicles & Parts > Vehicles > Motor Vehicles > Cars, Trucks & Vans	1FTFW3LD7SFB00430	https://www.whitebearlincoln.com/used/Ford/2025-Ford-F-150-6681bdb1ac1826090cabaa516b139adf.htm?store={store_code}	GRAY	13453 miles	F-150	1FTFW3LD7SFB00430	2025	48348 USD	WHTBEARLNC	48348 USD	MI	no	F-150	No	Over 20k
1FTFW3LD3SFB73570	2025 Ford F-150 XLT	Ford	https://www.whitebearlincoln.com/used/Ford/2025-Ford-F-150-744742f8ac18269702d9db8be31d3e0e.htm	46845 USD	2025 Agate Black Ford F-150 XLT 3.5L V-6 cyl For sale at White Bear Lincoln in White Bear Lake Minnesota.	https://pictures.web.dealer.com/w/whitebearlincolnfd/1026/7d8ac68786ee07a74caff4f55bd3c30dx.jpg	in stock	USED	TRUCK	Vehicles & Parts > Vehicles > Motor Vehicles > Cars, Trucks & Vans	1FTFW3LD3SFB73570	https://www.whitebearlincoln.com/used/Ford/2025-Ford-F-150-744742f8ac18269702d9db8be31d3e0e.htm?store={store_code}	BLACK	4029 miles	F-150	1FTFW3LD3SFB73570	2025	46845 USD	WHTBEARLNC	46845 USD	MI	no	F-150	No	Over 20k
1FTFW3LD1SFB00343	2025 Ford F-150 XLT	Ford	https://www.whitebearlincoln.com/used/Ford/2025-Ford-F-150-8b64e242ac18004bd121cf49adf23af7.htm	46345 USD	2025 Red Metallic Ford F-150 XLT 3.5L V-6 cyl For sale at White Bear Lincoln in White Bear Lake Minnesota.	https://pictures.web.dealer.com/w/whitebearlincolnfd/1928/9806b608a08ed6f2ea35590aec90ec51x.jpg	in stock	USED	TRUCK	Vehicles & Parts > Vehicles > Motor Vehicles > Cars, Trucks & Vans	1FTFW3LD1SFB00343	https://www.whitebearlincoln.com/used/Ford/2025-Ford-F-150-8b64e242ac18004bd121cf49adf23af7.htm?store={store_code}	RED	28489 miles	F-150	1FTFW3LD1SFB00343	2025	46345 USD	WHTBEARLNC	46345 USD	MI	no	F-150	No	Over 20k
1FTFW1RG6SFB00098	2025 Ford F-150 Raptor	Ford	https://www.whitebearlincoln.com/used/Ford/2025-Ford-F-150-aaf7a2aaac1834a791521c6b5de79ffa.htm	77345 USD	2025 White Metallic Ford F-150 Raptor 3.5L V-6 cyl For sale at White Bear Lincoln in White Bear Lake Minnesota.	https://pictures.web.dealer.com/w/whitebearlincolnfd/1069/01841449914641648a0758ee5c124580x.jpg	in stock	USED	TRUCK	Vehicles & Parts > Vehicles > Motor Vehicles > Cars, Trucks & Vans	1FTFW1RG6SFB00098	https://www.whitebearlincoln.com/used/Ford/2025-Ford-F-150-aaf7a2aaac1834a791521c6b5de79ffa.htm?store={store_code}	WHITE	8045 miles	F-150	1FTFW1RG6SFB00098	2025	77345 USD	WHTBEARLNC	77345 USD	MI	no	F-150	No	Over 20k
1FTFW7LD3SFA85299	2025 Ford F-150 Platinum	Ford	https://www.whitebearlincoln.com/used/Ford/2025-Ford-F-150-aaf7a525ac1829477e81ca70f4d07518.htm	64345 USD	2025 Antimatter Blue Ford F-150 Platinum 3.5L V-6 cyl For sale at White Bear Lincoln in White Bear Lake Minnesota.	https://pictures.web.dealer.com/w/whitebearlincolnfd/0526/e83f21b46454c58a4c22895668240ff8x.jpg	in stock	USED	TRUCK	Vehicles & Parts > Vehicles > Motor Vehicles > Cars, Trucks & Vans	1FTFW7LD3SFA85299	https://www.whitebearlincoln.com/used/Ford/2025-Ford-F-150-aaf7a525ac1829477e81ca70f4d07518.htm?store={store_code}	BLUE	10286 miles	F-150	1FTFW7LD3SFA85299	2025	64345 USD	WHTBEARLNC	64345 USD	MI	no	F-150	No	Over 20k
1FT8W2BM0SED52935	2025 Ford F-250 Platinum	Ford	https://www.whitebearlincoln.com/used/Ford/2025-Ford-F-250-a1058eadac181ec3a215fbb73f95b38b.htm	79879 USD	2025 Oxford White Ford F-250 Platinum 6.7L V-8 cyl For sale at White Bear Lincoln in White Bear Lake Minnesota.	https://pictures.web.dealer.com/w/whitebearlincolnfd/0546/0743f28a163a9a7be82189a5506f9036x.jpg	in stock	USED	TRUCK	Vehicles & Parts > Vehicles > Motor Vehicles > Cars, Trucks & Vans	1FT8W2BM0SED52935	https://www.whitebearlincoln.com/used/Ford/2025-Ford-F-250-a1058eadac181ec3a215fbb73f95b38b.htm?store={store_code}	WHITE	1907 miles	F-250	1FT8W2BM0SED52935	2025	79879 USD	WHTBEARLNC	79879 USD	MI	no	F-250	No	Over 20k
3FTTW8A35SRB05560	2025 Ford Maverick XL	Ford	https://www.whitebearlincoln.com/used/Ford/2025-Ford-Maverick-aaf7b0eaac183c5b5fb7bc25942635b6.htm	28345 USD	2025 Carbonized Gray Ford Maverick XL 2.5L I-4 cyl For sale at White Bear Lincoln in White Bear Lake Minnesota.	https://pictures.web.dealer.com/w/whitebearlincolnfd/0794/746a038d757f74e0aff5928b98066e21x.jpg	in stock	USED	TRUCK	Vehicles & Parts > Vehicles > Motor Vehicles > Cars, Trucks & Vans	3FTTW8A35SRB05560	https://www.whitebearlincoln.com/used/Ford/2025-Ford-Maverick-aaf7b0eaac183c5b5fb7bc25942635b6.htm?store={store_code}	GRAY	3284 miles	Maverick	3FTTW8A35SRB05560	2025	28345 USD	WHTBEARLNC	28345 USD	MI	no	Maverick	No	Over 20k
3FTTW8JA8SRA48284	2025 Ford Maverick XLT	Ford	https://www.whitebearlincoln.com/used/Ford/2025-Ford-Maverick-b61f7418ac180c97dc3ffb0cde59b458.htm	30845 USD	2025 Gray Metallic Ford Maverick XLT 2.0L I-4 cyl For sale at White Bear Lincoln in White Bear Lake Minnesota.	https://pictures.web.dealer.com/w/whitebearlincolnfd/1823/e026728dddba89ca887ed59882b4ade7x.jpg	in stock	USED	TRUCK	Vehicles & Parts > Vehicles > Motor Vehicles > Cars, Trucks & Vans	3FTTW8JA8SRA48284	https://www.whitebearlincoln.com/used/Ford/2025-Ford-Maverick-b61f7418ac180c97dc3ffb0cde59b458.htm?store={store_code}	GRAY	9897 miles	Maverick	3FTTW8JA8SRA48284	2025	30845 USD	WHTBEARLNC	30845 USD	MI	no	Maverick	No	Over 20k
1FAGP8FF4S5103261	2025 Ford Mustang GT Premium	Ford	https://www.whitebearlincoln.com/used/Ford/2025-Ford-Mustang-54f24050ac1852f701569dec2bdaee3f.htm	50345 USD	2025 Carbonized Gray Ford Mustang GT Premium 5.0L V-8 cyl For sale at White Bear Lincoln in White Bear Lake Minnesota.	https://pictures.web.dealer.com/w/whitebearlincolnfd/0836/908332942c7755f361b58108b19d2ab7x.jpg	in stock	USED	OTHER	Vehicles & Parts > Vehicles > Motor Vehicles > Cars, Trucks & Vans	1FAGP8FF4S5103261	https://www.whitebearlincoln.com/used/Ford/2025-Ford-Mustang-54f24050ac1852f701569dec2bdaee3f.htm?store={store_code}	GRAY	8099 miles	Mustang	1FAGP8FF4S5103261	2025	50345 USD	WHTBEARLNC	50345 USD	MI	no	Mustang	No	Over 20k
1FA6P8CF0S5401273	2025 Ford Mustang GT Premium	Ford	https://www.whitebearlincoln.com/used/Ford/2025-Ford-Mustang-de5cfa6fac18581a9abd1ec134a31ca4.htm	49957 USD	2025 Carbonized Gray Ford Mustang GT Premium 5.0L V-8 cyl For sale at White Bear Lincoln in White Bear Lake Minnesota.	https://pictures.web.dealer.com/w/whitebearlincolnfd/0180/8b4d55ae0c8bfcf3030cc92519e40baax.jpg	in stock	USED	OTHER	Vehicles & Parts > Vehicles > Motor Vehicles > Cars, Trucks & Vans	1FA6P8CF0S5401273	https://www.whitebearlincoln.com/used/Ford/2025-Ford-Mustang-de5cfa6fac18581a9abd1ec134a31ca4.htm?store={store_code}	GRAY	5522 miles	Mustang	1FA6P8CF0S5401273	2025	49957 USD	WHTBEARLNC	49957 USD	MI	no	Mustang	No	Over 20k
1FAGP8FFXS5100817	2025 Ford Mustang GT Premium	Ford	https://www.whitebearlincoln.com/used/Ford/2025-Ford-Mustang-f4ce370aac1837f47d123b9013787833.htm	50345 USD	2025 Race Red Ford Mustang GT Premium 5.0L V-8 cyl For sale at White Bear Lincoln in White Bear Lake Minnesota.	https://pictures.web.dealer.com/w/whitebearlincolnfd/0779/50d2a8254ac0ff7d0674db9360914135x.jpg	in stock	USED	OTHER	Vehicles & Parts > Vehicles > Motor Vehicles > Cars, Trucks & Vans	1FAGP8FFXS5100817	https://www.whitebearlincoln.com/used/Ford/2025-Ford-Mustang-f4ce370aac1837f47d123b9013787833.htm?store={store_code}	RED	17336 miles	Mustang	1FAGP8FFXS5100817	2025	50345 USD	WHTBEARLNC	50345 USD	MI	no	Mustang	No	Over 20k
1FTER4HH0SLE00218	2025 Ford Ranger XLT	Ford	https://www.whitebearlincoln.com/used/Ford/2025-Ford-Ranger-0c6d88d3ac1826fc4220aec5f5d801e9.htm	36348 USD	2025 Velocity Blue Ford Ranger XLT 2.3L I-4 cyl For sale at White Bear Lincoln in White Bear Lake Minnesota.	https://pictures.web.dealer.com/w/whitebearlincolnfd/1916/c88918ce1ceff8bd6c530317b7fd0e9cx.jpg	in stock	USED	TRUCK	Vehicles & Parts > Vehicles > Motor Vehicles > Cars, Trucks & Vans	1FTER4HH0SLE00218	https://www.whitebearlincoln.com/used/Ford/2025-Ford-Ranger-0c6d88d3ac1826fc4220aec5f5d801e9.htm?store={store_code}	BLUE	12935 miles	Ranger	1FTER4HH0SLE00218	2025	36348 USD	WHTBEARLNC	36348 USD	MI	no	Ranger	No	Over 20k
1FTBF8XG6SKA32404	2025 Ford Transit-350 Cargo Base	Ford	https://www.whitebearlincoln.com/used/Ford/2025-Ford-Transit-350-Cargo-17bcbd0cac184ea5d591755772ddffa7.htm	56345 USD	2025 Gray Metallic Ford Transit-350 Cargo Base 3.5L V-6 cyl For sale at White Bear Lincoln in White Bear Lake Minnesota.	https://images.dealer.com/autodata/us/color/2025/USD50FOV42DB0/DR.jpg	in stock	USED	VAN	Vehicles & Parts > Vehicles > Motor Vehicles > Cars, Trucks & Vans	1FTBF8XG6SKA32404	https://www.whitebearlincoln.com/used/Ford/2025-Ford-Transit-350-Cargo-17bcbd0cac184ea5d591755772ddffa7.htm?store={store_code}	GRAY	24585 miles	Transit-350 Cargo	1FTBF8XG6SKA32404	2025	56345 USD	WHTBEARLNC	56345 USD	MI	no	Transit-350 Cargo	No	Over 20k
1FTBW3X85SKB18377	2025 Ford Transit-350 Cargo Base	Ford	https://www.whitebearlincoln.com/used/Ford/2025-Ford-Transit-350-Cargo-1cb1a1dfac181bbdf7ea82701a641d50.htm	50845 USD	2025 Oxford White Ford Transit-350 Cargo Base 3.5L V-6 cyl For sale at White Bear Lincoln in White Bear Lake Minnesota.	https://pictures.web.dealer.com/w/whitebearlincolnfd/1841/c211a9fdc220fff1163a7f0d96de4ca1x.jpg	in stock	USED	VAN	Vehicles & Parts > Vehicles > Motor Vehicles > Cars, Trucks & Vans	1FTBW3X85SKB18377	https://www.whitebearlincoln.com/used/Ford/2025-Ford-Transit-350-Cargo-1cb1a1dfac181bbdf7ea82701a641d50.htm?store={store_code}	WHITE	12859 miles	Transit-350 Cargo	1FTBW3X85SKB18377	2025	50845 USD	WHTBEARLNC	50845 USD	MI	no	Transit-350 Cargo	No	Over 20k
1FBVU5XG3SKA00077	2025 Ford Transit-350 Passenger XLT	Ford	https://www.whitebearlincoln.com/used/Ford/2025-Ford-Transit-350-Passenger-1899e065ac1806945ded6275748d8cb4.htm	71345 USD	2025 Gray Metallic Ford Transit-350 Passenger XLT 3.5L V-6 cyl For sale at White Bear Lincoln in White Bear Lake Minnesota.	https://images.dealer.com/autodata/us/color/2025/USD50FOV448A0/DR.jpg	in stock	USED	VAN	Vehicles & Parts > Vehicles > Motor Vehicles > Cars, Trucks & Vans	1FBVU5XG3SKA00077	https://www.whitebearlincoln.com/used/Ford/2025-Ford-Transit-350-Passenger-1899e065ac1806945ded6275748d8cb4.htm?store={store_code}	GRAY	1257 miles	Transit-350 Passenger	1FBVU5XG3SKA00077	2025	71345 USD	WHTBEARLNC	71345 USD	MI	no	Transit-350 Passenger	No	Over 20k
3FMCR9DA0TRE29441	2026 Ford Bronco Sport Badlands	Ford	https://www.whitebearlincoln.com/used/Ford/2026-Ford-Bronco-Sport-1cb19daaac181da0dd1bebc3170b02c2.htm	38045 USD	2026 White Metallic Ford Bronco Sport Badlands 2.0L I-4 cyl For sale at White Bear Lincoln in White Bear Lake Minnesota.	https://pictures.web.dealer.com/w/whitebearlincolnfd/0997/82afbdc831894ebd5daa94c309cec508x.jpg	in stock	USED	SUV	Vehicles & Parts > Vehicles > Motor Vehicles > Cars, Trucks & Vans	3FMCR9DA0TRE29441	https://www.whitebearlincoln.com/used/Ford/2026-Ford-Bronco-Sport-1cb19daaac181da0dd1bebc3170b02c2.htm?store={store_code}	WHITE	8201 miles	Bronco Sport	3FMCR9DA0TRE29441	2026	38045 USD	WHTBEARLNC	38045 USD	MI	no	Bronco Sport	No	Over 20k
3FMCR9BN5TRE74414	2026 Ford Bronco Sport Big Bend	Ford	https://www.whitebearlincoln.com/used/Ford/2026-Ford-Bronco-Sport-201f4b27ac182cb634fa901d68933713.htm	30145 USD	2026 Velocity Blue Ford Bronco Sport Big Bend 1.5L I-3 cyl For sale at White Bear Lincoln in White Bear Lake Minnesota.	https://pictures.web.dealer.com/w/whitebearlincolnfd/1217/10787727059a75b1032739dc8c461c20x.jpg	in stock	USED	SUV	Vehicles & Parts > Vehicles > Motor Vehicles > Cars, Trucks & Vans	3FMCR9BN5TRE74414	https://www.whitebearlincoln.com/used/Ford/2026-Ford-Bronco-Sport-201f4b27ac182cb634fa901d68933713.htm?store={store_code}	BLUE	17 miles	Bronco Sport	3FMCR9BN5TRE74414	2026	30145 USD	WHTBEARLNC	30145 USD	MI	no	Bronco Sport	No	Over 20k
3FMCR9DA1TRE34129	2026 Ford Bronco Sport Badlands	Ford	https://www.whitebearlincoln.com/used/Ford/2026-Ford-Bronco-Sport-21d51d0dac1846fa1e3325110baaa068.htm	38345 USD	2026 Ruby Red Tinted Ford Bronco Sport Badlands 2.0L I-4 cyl For sale at White Bear Lincoln in White Bear Lake Minnesota.	https://pictures.web.dealer.com/w/whitebearlincolnfd/1388/489ff9d4933c76b9d0e1fa71158f961fx.jpg	in stock	USED	SUV	Vehicles & Parts > Vehicles > Motor Vehicles > Cars, Trucks & Vans	3FMCR9DA1TRE34129	https://www.whitebearlincoln.com/used/Ford/2026-Ford-Bronco-Sport-21d51d0dac1846fa1e3325110baaa068.htm?store={store_code}	RED	979 miles	Bronco Sport	3FMCR9DA1TRE34129	2026	38345 USD	WHTBEARLNC	38345 USD	MI	no	Bronco Sport	No	Over 20k
1FMWK8GC0TGA44431	2026 Ford Explorer ST	Ford	https://www.whitebearlincoln.com/used/Ford/2026-Ford-Explorer-17bcb839ac18250c48c621dfcca78082.htm	55345 USD	2026 Gray Metallic Ford Explorer ST 3.0L V-6 cyl For sale at White Bear Lincoln in White Bear Lake Minnesota.	https://pictures.web.dealer.com/w/whitebearlincolnfd/1585/b216ce58e7e0397a373a9ad29953c865x.jpg	in stock	USED	SUV	Vehicles & Parts > Vehicles > Motor Vehicles > Cars, Trucks & Vans	1FMWK8GC0TGA44431	https://www.whitebearlincoln.com/used/Ford/2026-Ford-Explorer-17bcb839ac18250c48c621dfcca78082.htm?store={store_code}	GRAY	8 miles	Explorer	1FMWK8GC0TGA44431	2026	55345 USD	WHTBEARLNC	55345 USD	MI	no	Explorer	No	Over 20k
1FMWK8GC8TGB19358	2026 Ford Explorer ST	Ford	https://www.whitebearlincoln.com/used/Ford/2026-Ford-Explorer-1cb1a034ac181e3327553039c5c7a284.htm	53345 USD	2026 White Metallic Ford Explorer ST 3.0L V-6 cyl For sale at White Bear Lincoln in White Bear Lake Minnesota.	https://pictures.web.dealer.com/w/whitebearlincolnfd/0830/8173bf765fc05f3e88edef8a051bd9a0x.jpg	in stock	USED	SUV	Vehicles & Parts > Vehicles > Motor Vehicles > Cars, Trucks & Vans	1FMWK8GC8TGB19358	https://www.whitebearlincoln.com/used/Ford/2026-Ford-Explorer-1cb1a034ac181e3327553039c5c7a284.htm?store={store_code}	WHITE	4139 miles	Explorer	1FMWK8GC8TGB19358	2026	53345 USD	WHTBEARLNC	53345 USD	MI	no	Explorer	No	Over 20k
1FMWK8GC3TGB81198	2026 Ford Explorer ST	Ford	https://www.whitebearlincoln.com/used/Ford/2026-Ford-Explorer-d81d6ad3ac185c8404187ace90b4a2a5.htm	52845 USD	2026 Rapid Red Tinted Ford Explorer ST 3.0L V-6 cyl For sale at White Bear Lincoln in White Bear Lake Minnesota.	https://pictures.web.dealer.com/w/whitebearlincolnfd/1528/eac29194efd68e8b68bb297698963f84x.jpg	in stock	USED	SUV	Vehicles & Parts > Vehicles > Motor Vehicles > Cars, Trucks & Vans	1FMWK8GC3TGB81198	https://www.whitebearlincoln.com/used/Ford/2026-Ford-Explorer-d81d6ad3ac185c8404187ace90b4a2a5.htm?store={store_code}	RED	25 miles	Explorer	1FMWK8GC3TGB81198	2026	52845 USD	WHTBEARLNC	52845 USD	MI	no	Explorer	No	Over 20k
1FT7W2BT9TED39492	2026 Ford F-250 XLT	Ford	https://www.whitebearlincoln.com/used/Ford/2026-Ford-F-250-503aaf92ac1826fc4220aec51710016a.htm	62348 USD	2026 Oxford White Ford F-250 XLT 6.7L V-8 cyl For sale at White Bear Lincoln in White Bear Lake Minnesota.	https://pictures.web.dealer.com/w/whitebearlincolnfd/1264/ff185270a3f537694748046a4a7675a7x.jpg	in stock	USED	TRUCK	Vehicles & Parts > Vehicles > Motor Vehicles > Cars, Trucks & Vans	1FT7W2BT9TED39492	https://www.whitebearlincoln.com/used/Ford/2026-Ford-F-250-503aaf92ac1826fc4220aec51710016a.htm?store={store_code}	WHITE	17 miles	F-250	1FT7W2BT9TED39492	2026	62348 USD	WHTBEARLNC	62348 USD	MI	no	F-250	No	Over 20k
1FT8W2BM2TEE05720	2026 Ford F-250 Platinum	Ford	https://www.whitebearlincoln.com/used/Ford/2026-Ford-F-250-68ab8e6aac183b721f3e02234004b30e.htm	86345 USD	2026 Oxford White Ford F-250 Platinum 6.7L V-8 cyl For sale at White Bear Lincoln in White Bear Lake Minnesota.	https://pictures.web.dealer.com/w/whitebearlincolnfd/0332/d5cb6be9d733c1e36fdfec05af19a3a8x.jpg	in stock	USED	TRUCK	Vehicles & Parts > Vehicles > Motor Vehicles > Cars, Trucks & Vans	1FT8W2BM2TEE05720	https://www.whitebearlincoln.com/used/Ford/2026-Ford-F-250-68ab8e6aac183b721f3e02234004b30e.htm?store={store_code}	WHITE	3239 miles	F-250	1FT8W2BM2TEE05720	2026	86345 USD	WHTBEARLNC	86345 USD	MI	no	F-250	No	Over 20k
3FTTW8J34TRA31548	2026 Ford Maverick XLT	Ford	https://www.whitebearlincoln.com/used/Ford/2026-Ford-Maverick-17bcbb6fac1854fcdbbb7336dff7ad5b.htm	34345 USD	2026 Azure Gray Metallic Ford Maverick XLT 2.5L I-4 cyl For sale at White Bear Lincoln in White Bear Lake Minnesota.	https://images.dealer.com/autodata/us/color/2026/USD60FOT212B0/G4.jpg	in stock	USED	TRUCK	Vehicles & Parts > Vehicles > Motor Vehicles > Cars, Trucks & Vans	3FTTW8J34TRA31548	https://www.whitebearlincoln.com/used/Ford/2026-Ford-Maverick-17bcbb6fac1854fcdbbb7336dff7ad5b.htm?store={store_code}	GRAY	1595 miles	Maverick	3FTTW8J34TRA31548	2026	34345 USD	WHTBEARLNC	34345 USD	MI	no	Maverick	No	Over 20k
1FA6P8CF3T5399505	2026 Ford Mustang GT Premium	Ford	https://www.whitebearlincoln.com/used/Ford/2026-Ford-Mustang-78ca9a1eac1850e5d4a9cbe2b8fa189d.htm	52338 USD	2026 Gray Metallic Ford Mustang GT Premium 5.0L V-8 cyl For sale at White Bear Lincoln in White Bear Lake Minnesota.	https://pictures.web.dealer.com/w/whitebearlincolnfd/1817/abcdb17f544995d7c91cede77e0b399cx.jpg	in stock	USED	OTHER	Vehicles & Parts > Vehicles > Motor Vehicles > Cars, Trucks & Vans	1FA6P8CF3T5399505	https://www.whitebearlincoln.com/used/Ford/2026-Ford-Mustang-78ca9a1eac1850e5d4a9cbe2b8fa189d.htm?store={store_code}	GRAY	8883 miles	Mustang	1FA6P8CF3T5399505	2026	52338 USD	WHTBEARLNC	52338 USD	MI	no	Mustang	No	Over 20k
1FM5K8AB3TGB76224	2026 Ford Police Interceptor Utility Base	Ford	https://www.whitebearlincoln.com/used/Ford/2026-Ford-Police-Interceptor-Utility-63b7c782ac1825bc039c1527aad0e6fe.htm	44208 USD	2026 Oxford White Ford Police Interceptor Utility Base 3.3L V-6 cyl For sale at White Bear Lincoln in White Bear Lake Minnesota.	https://pictures.web.dealer.com/w/whitebearlincolnfd/0167/f3a0f9fe7d4cdaf25197b97da945b887x.jpg	in stock	USED	OTHER	Vehicles & Parts > Vehicles > Motor Vehicles > Cars, Trucks & Vans	1FM5K8AB3TGB76224	https://www.whitebearlincoln.com/used/Ford/2026-Ford-Police-Interceptor-Utility-63b7c782ac1825bc039c1527aad0e6fe.htm?store={store_code}	WHITE	33 miles	Police Interceptor Utility	1FM5K8AB3TGB76224	2026	44208 USD	WHTBEARLNC	44208 USD	MI	no	Police Interceptor Utility	No	Over 20k
1FTBW2CG4TKB00915	2026 Ford Transit-350 Cargo Base	Ford	https://www.whitebearlincoln.com/used/Ford/2026-Ford-Transit-350-Cargo-178b21acac1854920943842dfc5fd3fe.htm	57838 USD	2026 Oxford White Ford Transit-350 Cargo Base 3.5L V-6 cyl For sale at White Bear Lincoln in White Bear Lake Minnesota.	https://pictures.web.dealer.com/w/whitebearlincolnfd/1981/9a82a8111aba5a13d73ef757edc536e0x.jpg	in stock	USED	VAN	Vehicles & Parts > Vehicles > Motor Vehicles > Cars, Trucks & Vans	1FTBW2CG4TKB00915	https://www.whitebearlincoln.com/used/Ford/2026-Ford-Transit-350-Cargo-178b21acac1854920943842dfc5fd3fe.htm?store={store_code}	WHITE	8 miles	Transit-350 Cargo	1FTBW2CG4TKB00915	2026	57838 USD	WHTBEARLNC	57838 USD	MI	no	Transit-350 Cargo	No	Over 20k
1FTBW1Y89TKA45289	2026 Ford Transit-350 Cargo Base	Ford	https://www.whitebearlincoln.com/used/Ford/2026-Ford-Transit-350-Cargo-1899ded3ac1844cced8e7ffc3c518178.htm	52345 USD	2026 Ingot Silver Ford Transit-350 Cargo Base 3.5L V-6 cyl For sale at White Bear Lincoln in White Bear Lake Minnesota.	https://pictures.web.dealer.com/w/whitebearlincolnfd/1096/5aacd3745592e4e0b95a88856fd5838fx.jpg	in stock	USED	VAN	Vehicles & Parts > Vehicles > Motor Vehicles > Cars, Trucks & Vans	1FTBW1Y89TKA45289	https://www.whitebearlincoln.com/used/Ford/2026-Ford-Transit-350-Cargo-1899ded3ac1844cced8e7ffc3c518178.htm?store={store_code}	SILVER	21 miles	Transit-350 Cargo	1FTBW1Y89TKA45289	2026	52345 USD	WHTBEARLNC	52345 USD	MI	no	Transit-350 Cargo	No	Over 20k
1FBAX2C8XTKA53847	2026 Ford Transit-350 Passenger XLT	Ford	https://www.whitebearlincoln.com/used/Ford/2026-Ford-Transit-350-Passenger-80eaf9d0ac185005b9496b41a29573bc.htm	55845 USD	2026 Oxford White Ford Transit-350 Passenger XLT 3.5L V-6 cyl For sale at White Bear Lincoln in White Bear Lake Minnesota.	https://pictures.web.dealer.com/w/whitebearlincolnfd/0517/ab7312220008a3b38a36c50d3350cbbdx.jpg	in stock	USED	VAN	Vehicles & Parts > Vehicles > Motor Vehicles > Cars, Trucks & Vans	1FBAX2C8XTKA53847	https://www.whitebearlincoln.com/used/Ford/2026-Ford-Transit-350-Passenger-80eaf9d0ac185005b9496b41a29573bc.htm?store={store_code}	WHITE	2642 miles	Transit-350 Passenger	1FBAX2C8XTKA53847	2026	55845 USD	WHTBEARLNC	55845 USD	MI	no	Transit-350 Passenger	No	Over 20k
1GT49VEY1RF267550	2024 GMC Sierra 3500 HD AT4	GMC	https://www.whitebearlincoln.com/used/GMC/2024-GMC-Sierra-3500-HD-b0fc4dcaac1829477e81ca7049f032e9.htm	65339 USD	2024 Sterling Metallic GMC Sierra 3500 HD AT4 6.6L V-8 cyl For sale at White Bear Lincoln in White Bear Lake Minnesota.	https://pictures.web.dealer.com/w/whitebearlincolnfd/0244/c499d014fefb3f4f3846fa84b75b48a8x.jpg	in stock	USED	TRUCK	Vehicles & Parts > Vehicles > Motor Vehicles > Cars, Trucks & Vans	1GT49VEY1RF267550	https://www.whitebearlincoln.com/used/GMC/2024-GMC-Sierra-3500-HD-b0fc4dcaac1829477e81ca7049f032e9.htm?store={store_code}	SILVER	40240 miles	Sierra 3500 HD	1GT49VEY1RF267550	2024	65339 USD	WHTBEARLNC	65339 USD	MI	no	Sierra 3500 HD	No	Over 20k
JHMAP11453T004084	2003 Honda S2000 Base	Honda	https://www.whitebearlincoln.com/used/Honda/2003-Honda-S2000-15e07ac9ac18472d539c0d0a5d1671d0.htm	35345 USD	2003 Berlina Black Honda S2000 Base 2.0L I-4 cyl For sale at White Bear Lincoln in White Bear Lake Minnesota.	https://pictures.web.dealer.com/w/whitebearlincolnfd/1190/4588e529ae75bbe290417a0502a81183x.jpg	in stock	USED	OTHER	Vehicles & Parts > Vehicles > Motor Vehicles > Cars, Trucks & Vans	JHMAP11453T004084	https://www.whitebearlincoln.com/used/Honda/2003-Honda-S2000-15e07ac9ac18472d539c0d0a5d1671d0.htm?store={store_code}	BLACK	49470 miles	S2000	JHMAP11453T004084	2003	35345 USD	WHTBEARLNC	35345 USD	MI	no	S2000	No	Over 20k
7FARW2H84KE009708	2019 Honda CR-V EX-L	Honda	https://www.whitebearlincoln.com/used/Honda/2019-Honda-CR-V-122c9025ac180d50c4c90ee10619df4d.htm	17345 USD	2019 Gray Honda CR-V EX-L 1.5L I-4 cyl For sale at White Bear Lincoln in White Bear Lake Minnesota.	https://images.dealer.com/ddc/vehicles/2019/Honda/CR-V/SUV/trim_EXL_0c6d2a/color/Gunmetal%20Metallic-GB-61%2C66%2C70-640-en_US.jpg	in stock	USED	SUV	Vehicles & Parts > Vehicles > Motor Vehicles > Cars, Trucks & Vans	7FARW2H84KE009708	https://www.whitebearlincoln.com/used/Honda/2019-Honda-CR-V-122c9025ac180d50c4c90ee10619df4d.htm?store={store_code}	GRAY	157847 miles	CR-V	7FARW2H84KE009708	2019	17345 USD	WHTBEARLNC	17345 USD	MI	no	CR-V	No	Under 20k
5NMP54GL8RH060645	2024 Hyundai Santa Fe Calligraphy	Hyundai	https://www.whitebearlincoln.com/used/Hyundai/2024-Hyundai-Santa-Fe-d45cdce3ac1844aa32c76a8a681a5457.htm	32345 USD	2024 Shimmering Silver Pearl Hyundai Santa Fe Calligraphy 2.5L I-4 cyl For sale at White Bear Lincoln in White Bear Lake Minnesota.	https://pictures.web.dealer.com/w/whitebearlincolnfd/0788/eddd3a5469b710936cd8683c275488c0x.jpg	in stock	USED	SUV	Vehicles & Parts > Vehicles > Motor Vehicles > Cars, Trucks & Vans	5NMP54GL8RH060645	https://www.whitebearlincoln.com/used/Hyundai/2024-Hyundai-Santa-Fe-d45cdce3ac1844aa32c76a8a681a5457.htm?store={store_code}	SILVER	6888 miles	Santa Fe	5NMP54GL8RH060645	2024	32345 USD	WHTBEARLNC	32345 USD	MI	no	Santa Fe	No	Over 20k
5NMP5DG17SH054310	2025 Hyundai Santa Fe Hybrid Calligraphy	Hyundai	https://www.whitebearlincoln.com/used/Hyundai/2025-Hyundai-Santa-Fe-Hybrid-d45cd963ac180e99e8df5097da858b53.htm	39345 USD	2025 Hampton Gray Hyundai Santa Fe Calligraphy 1.6L I-4 cyl For sale at White Bear Lincoln in White Bear Lake Minnesota.	https://pictures.web.dealer.com/w/whitebearlincolnfd/0697/d7a92f0b6c51cc7ac182ac8ccbab3812x.jpg	in stock	USED	SUV	Vehicles & Parts > Vehicles > Motor Vehicles > Cars, Trucks & Vans	5NMP5DG17SH054310	https://www.whitebearlincoln.com/used/Hyundai/2025-Hyundai-Santa-Fe-Hybrid-d45cd963ac180e99e8df5097da858b53.htm?store={store_code}	GRAY	3704 miles	Santa Fe	5NMP5DG17SH054310	2025	39345 USD	WHTBEARLNC	39345 USD	MI	no	Santa Fe	No	Over 20k
1C4RJFLT8MC749579	2021 Jeep Grand Cherokee Trailhawk	Jeep	https://www.whitebearlincoln.com/used/Jeep/2021-Jeep-Grand-Cherokee-3a53023dac184f13ca20cd18e607b5a8.htm	22345 USD	2021 Velvet Red Pearlcoat Jeep Grand Cherokee Trailhawk 5.7L V-8 cyl For sale at White Bear Lincoln in White Bear Lake Minnesota.	https://pictures.web.dealer.com/w/whitebearlincolnfd/1936/bc81a917db3f7ecbcf57c4a95a6a8c83x.jpg	in stock	USED	SUV	Vehicles & Parts > Vehicles > Motor Vehicles > Cars, Trucks & Vans	1C4RJFLT8MC749579	https://www.whitebearlincoln.com/used/Jeep/2021-Jeep-Grand-Cherokee-3a53023dac184f13ca20cd18e607b5a8.htm?store={store_code}	RED	110852 miles	Grand Cherokee	1C4RJFLT8MC749579	2021	22345 USD	WHTBEARLNC	22345 USD	MI	no	Grand Cherokee	No	Over 20k
1C4HJXFG6MW600862	2021 Jeep Wrangler Unlimited Rubicon	Jeep	https://www.whitebearlincoln.com/used/Jeep/2021-Jeep-Wrangler-dea9b4c2ac180e99e8df5097188d2ea5.htm	33345 USD	2021 Bright White Jeep Wrangler Unlimited Rubicon 3.6L V-6 cyl For sale at White Bear Lincoln in White Bear Lake Minnesota.	https://pictures.web.dealer.com/w/whitebearlincolnfd/1976/6164582cbef247a3eb4d950ba77fd317x.jpg	in stock	USED	SUV	Vehicles & Parts > Vehicles > Motor Vehicles > Cars, Trucks & Vans	1C4HJXFG6MW600862	https://www.whitebearlincoln.com/used/Jeep/2021-Jeep-Wrangler-dea9b4c2ac180e99e8df5097188d2ea5.htm?store={store_code}	WHITE	36621 miles	Wrangler	1C4HJXFG6MW600862	2021	33345 USD	WHTBEARLNC	33345 USD	MI	no	Wrangler	No	Over 20k
5XYRKDJF6RG304968	2024 Kia Sorento X-Line SX Prestige	Kia	https://www.whitebearlincoln.com/used/Kia/2024-Kia-Sorento-b01c985aac18131151cd1f59d06db354.htm	33845 USD	2024 Glacial White Pearl Kia Sorento X-Line SX Prestige 2.5L I-4 cyl For sale at White Bear Lincoln in White Bear Lake Minnesota.	https://pictures.web.dealer.com/w/whitebearlincolnfd/0279/48986512443c3dac24fb398ccedcfc15x.jpg	in stock	USED	SUV	Vehicles & Parts > Vehicles > Motor Vehicles > Cars, Trucks & Vans	5XYRKDJF6RG304968	https://www.whitebearlincoln.com/used/Kia/2024-Kia-Sorento-b01c985aac18131151cd1f59d06db354.htm?store={store_code}	WHITE	25640 miles	Sorento	5XYRKDJF6RG304968	2024	33845 USD	WHTBEARLNC	33845 USD	MI	no	Sorento	No	Over 20k
5LMCJ3D95KUL45985	2019 Lincoln MKC Reserve	Lincoln	https://www.whitebearlincoln.com/used/Lincoln/2019-Lincoln-MKC-178b1d4fac1827bd9540ac674b3a2428.htm	22345 USD	2019 Rhapsody Blue Lincoln MKC Reserve 2.0L I-4 cyl For sale at White Bear Lincoln in White Bear Lake Minnesota.	https://pictures.web.dealer.com/w/whitebearlincolnfd/1110/1dc0bc062382ba08ebeaa4e74a22613dx.jpg	in stock	USED	SUV	Vehicles & Parts > Vehicles > Motor Vehicles > Cars, Trucks & Vans	5LMCJ3D95KUL45985	https://www.whitebearlincoln.com/used/Lincoln/2019-Lincoln-MKC-178b1d4fac1827bd9540ac674b3a2428.htm?store={store_code}	BLUE	59291 miles	MKC	5LMCJ3D95KUL45985	2019	22345 USD	WHTBEARLNC	22345 USD	MI	no	MKC	No	Over 20k
5LM5J7XC9LGL36066	2020 Lincoln Aviator Reserve	Lincoln	https://www.whitebearlincoln.com/used/Lincoln/2020-Lincoln-Aviator-3597a118ac185c86595994b63450be93.htm	26345 USD	2020 Mocha Metallic Lincoln Aviator Reserve 3.0L V-6 cyl For sale at White Bear Lincoln in White Bear Lake Minnesota.	https://pictures.web.dealer.com/w/whitebearlincolnfd/0265/dae7847814124e095787de8bab371c9bx.jpg	in stock	USED	SUV	Vehicles & Parts > Vehicles > Motor Vehicles > Cars, Trucks & Vans	5LM5J7XC9LGL36066	https://www.whitebearlincoln.com/used/Lincoln/2020-Lincoln-Aviator-3597a118ac185c86595994b63450be93.htm?store={store_code}	BROWN	86461 miles	Aviator	5LM5J7XC9LGL36066	2020	26345 USD	WHTBEARLNC	26345 USD	MI	no	Aviator	No	Over 20k
1LN6L9RP2L5602746	2020 Lincoln Continental Reserve	Lincoln	https://www.whitebearlincoln.com/used/Lincoln/2020-Lincoln-Continental-da32e9fcac185e3b261a303844175a12.htm	25845 USD	2020 Infinite Black Lincoln Continental Reserve 2.7L V-6 cyl For sale at White Bear Lincoln in White Bear Lake Minnesota.	https://pictures.web.dealer.com/w/whitebearlincolnfd/1462/066b916b2a77b1c3a10c6681bbd42861x.jpg	in stock	USED	OTHER	Vehicles & Parts > Vehicles > Motor Vehicles > Cars, Trucks & Vans	1LN6L9RP2L5602746	https://www.whitebearlincoln.com/used/Lincoln/2020-Lincoln-Continental-da32e9fcac185e3b261a303844175a12.htm?store={store_code}	BLACK	73620 miles	Continental	1LN6L9RP2L5602746	2020	25845 USD	WHTBEARLNC	25845 USD	MI	no	Continental	No	Over 20k
5LMCJ2DH0LUL02514	2020 Lincoln Corsair Reserve	Lincoln	https://www.whitebearlincoln.com/used/Lincoln/2020-Lincoln-Corsair-c4e6a3f3ac184d71ed3716f78da1beeb.htm	24345 USD	2020 Blue Metallic Lincoln Corsair Reserve 2.3L I-4 cyl For sale at White Bear Lincoln in White Bear Lake Minnesota.	https://pictures.web.dealer.com/w/whitebearlincolnfd/1652/3fd7b7708ea77dfc77523852f31e763dx.jpg	in stock	USED	SUV	Vehicles & Parts > Vehicles > Motor Vehicles > Cars, Trucks & Vans	5LMCJ2DH0LUL02514	https://www.whitebearlincoln.com/used/Lincoln/2020-Lincoln-Corsair-c4e6a3f3ac184d71ed3716f78da1beeb.htm?store={store_code}	BLUE	60214 miles	Corsair	5LMCJ2DH0LUL02514	2020	24345 USD	WHTBEARLNC	24345 USD	MI	no	Corsair	No	Over 20k
5LMYJ8XY5MNL00791	2021 Lincoln Aviator Grand Touring	Lincoln	https://www.whitebearlincoln.com/used/Lincoln/2021-Lincoln-Aviator-96671dbfac183fb33720a5ceb560848d.htm	30345 USD	2021 White Lincoln Aviator Grand Touring 3.0L V-6 cyl For sale at White Bear Lincoln in White Bear Lake Minnesota.	https://pictures.web.dealer.com/w/whitebearlincolnfd/0087/d11f636b75b6de3fc8c5c1d1e6f97d48x.jpg	in stock	USED	SUV	Vehicles & Parts > Vehicles > Motor Vehicles > Cars, Trucks & Vans	5LMYJ8XY5MNL00791	https://www.whitebearlincoln.com/used/Lincoln/2021-Lincoln-Aviator-96671dbfac183fb33720a5ceb560848d.htm?store={store_code}	WHITE	79326 miles	Aviator	5LMYJ8XY5MNL00791	2021	30345 USD	WHTBEARLNC	30345 USD	MI	no	Aviator	No	Over 20k
2LMPJ6K93PBL13546	2023 Lincoln Nautilus Reserve	Lincoln	https://www.whitebearlincoln.com/used/Lincoln/2023-Lincoln-Nautilus-edf333f7ac182cddb86dbea1bbeeba29.htm	35345 USD	2023 Infinite Black Lincoln Nautilus Reserve 2.0L I-4 cyl For sale at White Bear Lincoln in White Bear Lake Minnesota.	https://pictures.web.dealer.com/w/whitebearlincolnfd/1726/a2f9c514eccb98450cbbeac06d74821ax.jpg	in stock	USED	SUV	Vehicles & Parts > Vehicles > Motor Vehicles > Cars, Trucks & Vans	2LMPJ6K93PBL13546	https://www.whitebearlincoln.com/used/Lincoln/2023-Lincoln-Nautilus-edf333f7ac182cddb86dbea1bbeeba29.htm?store={store_code}	BLACK	23104 miles	Nautilus	2LMPJ6K93PBL13546	2023	35345 USD	WHTBEARLNC	35345 USD	MI	no	Nautilus	No	Over 20k
5LMCJ1CA7RUL16109	2024 Lincoln Corsair Premiere	Lincoln	https://www.whitebearlincoln.com/used/Lincoln/2024-Lincoln-Corsair-68ab85e3ac184bccd6d58c5baebd9a81.htm	35345 USD	2024 White Metallic Lincoln Corsair Premiere 2.0L I-4 cyl For sale at White Bear Lincoln in White Bear Lake Minnesota.	https://pictures.web.dealer.com/w/whitebearlincolnfd/0431/10cb7c730bfa0b574a510e2dce43cc50x.jpg	in stock	USED	SUV	Vehicles & Parts > Vehicles > Motor Vehicles > Cars, Trucks & Vans	5LMCJ1CA7RUL16109	https://www.whitebearlincoln.com/used/Lincoln/2024-Lincoln-Corsair-68ab85e3ac184bccd6d58c5baebd9a81.htm?store={store_code}	WHITE	16109 miles	Corsair	5LMCJ1CA7RUL16109	2024	35345 USD	WHTBEARLNC	35345 USD	MI	no	Corsair	No	Over 20k
5LMTJ5DZ2RUL08737	2024 Lincoln Corsair Grand Touring	Lincoln	https://www.whitebearlincoln.com/used/Lincoln/2024-Lincoln-Corsair-8dd1cd0bac185983acee43b4d45ca8b6.htm	37345 USD	2024 Infinite Black Lincoln Corsair Grand Touring 2.5L I-4 cyl For sale at White Bear Lincoln in White Bear Lake Minnesota.	https://pictures.web.dealer.com/w/whitebearlincolnfd/1863/a73b4602fb1cd1e5a5208a3c4c4ec49fx.jpg	in stock	USED	SUV	Vehicles & Parts > Vehicles > Motor Vehicles > Cars, Trucks & Vans	5LMTJ5DZ2RUL08737	https://www.whitebearlincoln.com/used/Lincoln/2024-Lincoln-Corsair-8dd1cd0bac185983acee43b4d45ca8b6.htm?store={store_code}	BLACK	6697 miles	Corsair	5LMTJ5DZ2RUL08737	2024	37345 USD	WHTBEARLNC	37345 USD	MI	no	Corsair	No	Over 20k
5LMCJ2CA2RUL10076	2024 Lincoln Corsair Reserve	Lincoln	https://www.whitebearlincoln.com/used/Lincoln/2024-Lincoln-Corsair-d1277c8bac1817c04f88581abe3f008f.htm	38045 USD	2024 Gray Metallic Lincoln Corsair Reserve 2.0L I-4 cyl For sale at White Bear Lincoln in White Bear Lake Minnesota.	https://pictures.web.dealer.com/w/whitebearlincolnfd/0866/ba6b8b61dd99236b959fff8ccaf045dax.jpg	in stock	USED	SUV	Vehicles & Parts > Vehicles > Motor Vehicles > Cars, Trucks & Vans	5LMCJ2CA2RUL10076	https://www.whitebearlincoln.com/used/Lincoln/2024-Lincoln-Corsair-d1277c8bac1817c04f88581abe3f008f.htm?store={store_code}	GRAY	13143 miles	Corsair	5LMCJ2CA2RUL10076	2024	38045 USD	WHTBEARLNC	38045 USD	MI	no	Corsair	No	Over 20k
5LMTJ5DZ7RUL01637	2024 Lincoln Corsair Grand Touring	Lincoln	https://www.whitebearlincoln.com/used/Lincoln/2024-Lincoln-Corsair-d45cd849ac180e99e8df5097dc3704d0.htm	39345 USD	2024 White Metallic Lincoln Corsair Grand Touring 2.5L I-4 cyl For sale at White Bear Lincoln in White Bear Lake Minnesota.	https://pictures.web.dealer.com/w/whitebearlincolnfd/0886/562b6c06960d44ffe68f01cec52727ddx.jpg	in stock	USED	SUV	Vehicles & Parts > Vehicles > Motor Vehicles > Cars, Trucks & Vans	5LMTJ5DZ7RUL01637	https://www.whitebearlincoln.com/used/Lincoln/2024-Lincoln-Corsair-d45cd849ac180e99e8df5097dc3704d0.htm?store={store_code}	WHITE	8838 miles	Corsair	5LMTJ5DZ7RUL01637	2024	39345 USD	WHTBEARLNC	39345 USD	MI	no	Corsair	No	Over 20k
5LMCJ2CA6RUL21050	2024 Lincoln Corsair Reserve	Lincoln	https://www.whitebearlincoln.com/used/Lincoln/2024-Lincoln-Corsair-f7599375ac180512e887ce9cceab4e16.htm	37345 USD	2024 Black Metallic Lincoln Corsair Reserve 2.0L I-4 cyl For sale at White Bear Lincoln in White Bear Lake Minnesota.	https://pictures.web.dealer.com/w/whitebearlincolnfd/0684/48ca4dbe8c3fa122adb1279463d142ecx.jpg	in stock	USED	SUV	Vehicles & Parts > Vehicles > Motor Vehicles > Cars, Trucks & Vans	5LMCJ2CA6RUL21050	https://www.whitebearlincoln.com/used/Lincoln/2024-Lincoln-Corsair-f7599375ac180512e887ce9cceab4e16.htm?store={store_code}	BLACK	6922 miles	Corsair	5LMCJ2CA6RUL21050	2024	37345 USD	WHTBEARLNC	37345 USD	MI	no	Corsair	No	Over 20k
5LMPJ8KA4RJ786188	2024 Lincoln Nautilus Reserve	Lincoln	https://www.whitebearlincoln.com/used/Lincoln/2024-Lincoln-Nautilus-3f740d93ac182f099195f530d4b599e1.htm	52345 USD	2024 Black Metallic Lincoln Nautilus Reserve 2.0L I-4 cyl For sale at White Bear Lincoln in White Bear Lake Minnesota.	https://pictures.web.dealer.com/w/whitebearlincolnfd/0921/c27da6104603bc7cd58c82afd1913c69x.jpg	in stock	USED	SUV	Vehicles & Parts > Vehicles > Motor Vehicles > Cars, Trucks & Vans	5LMPJ8KA4RJ786188	https://www.whitebearlincoln.com/used/Lincoln/2024-Lincoln-Nautilus-3f740d93ac182f099195f530d4b599e1.htm?store={store_code}	BLACK	17721 miles	Nautilus	5LMPJ8KA4RJ786188	2024	52345 USD	WHTBEARLNC	52345 USD	MI	no	Nautilus	No	Over 20k
5LMPJ9J43RJ803516	2024 Lincoln Nautilus Black Label	Lincoln	https://www.whitebearlincoln.com/used/Lincoln/2024-Lincoln-Nautilus-587ebb1dac183f938bf553eebc295fb5.htm	55348 USD	2024 Gray Metallic Lincoln Nautilus Black Label 2.0L I-4 cyl For sale at White Bear Lincoln in White Bear Lake Minnesota.	https://pictures.web.dealer.com/w/whitebearlincolnfd/0019/e7c1c9197c32df6997184fb7da6b5834x.jpg	in stock	USED	SUV	Vehicles & Parts > Vehicles > Motor Vehicles > Cars, Trucks & Vans	5LMPJ9J43RJ803516	https://www.whitebearlincoln.com/used/Lincoln/2024-Lincoln-Nautilus-587ebb1dac183f938bf553eebc295fb5.htm?store={store_code}	GRAY	13056 miles	Nautilus	5LMPJ9J43RJ803516	2024	55348 USD	WHTBEARLNC	55348 USD	MI	no	Nautilus	No	Over 20k
5LMPJ8KA4RJ829332	2024 Lincoln Nautilus Reserve	Lincoln	https://www.whitebearlincoln.com/used/Lincoln/2024-Lincoln-Nautilus-aaf7a0ffac1810ac5033d1c6b951696b.htm	49845 USD	2024 Red Metallic Lincoln Nautilus Reserve 2.0L I-4 cyl For sale at White Bear Lincoln in White Bear Lake Minnesota.	https://pictures.web.dealer.com/w/whitebearlincolnfd/1082/77664e36da11e92ab5688ce7841e5deex.jpg	in stock	USED	SUV	Vehicles & Parts > Vehicles > Motor Vehicles > Cars, Trucks & Vans	5LMPJ8KA4RJ829332	https://www.whitebearlincoln.com/used/Lincoln/2024-Lincoln-Nautilus-aaf7a0ffac1810ac5033d1c6b951696b.htm?store={store_code}	RED	10339 miles	Nautilus	5LMPJ8KA4RJ829332	2024	49845 USD	WHTBEARLNC	49845 USD	MI	no	Nautilus	No	Over 20k
5LMPJ8K41RJ815561	2024 Lincoln Nautilus Reserve	Lincoln	https://www.whitebearlincoln.com/used/Lincoln/2024-Lincoln-Nautilus-aaf7af5fac185a7cf19ec6411fbdf5df.htm	48845 USD	2024 Red Metallic Lincoln Nautilus Reserve 2.0L I-4 cyl For sale at White Bear Lincoln in White Bear Lake Minnesota.	https://pictures.web.dealer.com/w/whitebearlincolnfd/1347/0318c0a7daef7d65d60955aa38ff2281x.jpg	in stock	USED	SUV	Vehicles & Parts > Vehicles > Motor Vehicles > Cars, Trucks & Vans	5LMPJ8K41RJ815561	https://www.whitebearlincoln.com/used/Lincoln/2024-Lincoln-Nautilus-aaf7af5fac185a7cf19ec6411fbdf5df.htm?store={store_code}	RED	13392 miles	Nautilus	5LMPJ8K41RJ815561	2024	48845 USD	WHTBEARLNC	48845 USD	MI	no	Nautilus	No	Over 20k
5LMJJ2LGXREL08727	2024 Lincoln Navigator Reserve	Lincoln	https://www.whitebearlincoln.com/used/Lincoln/2024-Lincoln-Navigator-85645f5aac184d75e32c2e1064814f4b.htm	63345 USD	2024 White Metallic Lincoln Navigator Reserve 3.5L V-6 cyl For sale at White Bear Lincoln in White Bear Lake Minnesota.	https://pictures.web.dealer.com/w/whitebearlincolnfd/1646/d6bc42f2d7acefc07f6b30ac00191971x.jpg	in stock	USED	SUV	Vehicles & Parts > Vehicles > Motor Vehicles > Cars, Trucks & Vans	5LMJJ2LGXREL08727	https://www.whitebearlincoln.com/used/Lincoln/2024-Lincoln-Navigator-85645f5aac184d75e32c2e1064814f4b.htm?store={store_code}	WHITE	9452 miles	Navigator	5LMJJ2LGXREL08727	2024	63345 USD	WHTBEARLNC	63345 USD	MI	no	Navigator	No	Over 20k
5LMJJ2TG0REL12480	2024 Lincoln Navigator Black Label	Lincoln	https://www.whitebearlincoln.com/used/Lincoln/2024-Lincoln-Navigator-87c57a32ac1825bc039c1527044c09fc.htm	67345 USD	2024 Black Metallic Lincoln Navigator Black Label 3.5L V-6 cyl For sale at White Bear Lincoln in White Bear Lake Minnesota.	https://pictures.web.dealer.com/w/whitebearlincolnfd/1460/4fb484b0e18940937e13bcc72eba12ffx.jpg	in stock	USED	SUV	Vehicles & Parts > Vehicles > Motor Vehicles > Cars, Trucks & Vans	5LMJJ2TG0REL12480	https://www.whitebearlincoln.com/used/Lincoln/2024-Lincoln-Navigator-87c57a32ac1825bc039c1527044c09fc.htm?store={store_code}	BLACK	29543 miles	Navigator	5LMJJ2TG0REL12480	2024	67345 USD	WHTBEARLNC	67345 USD	MI	no	Navigator	No	Over 20k
5LMJJ3TG0REL06376	2024 Lincoln Navigator L Black Label	Lincoln	https://www.whitebearlincoln.com/used/Lincoln/2024-Lincoln-Navigator-L-68ab87e7ac183d20eebe8ad1407b5653.htm	70338 USD	2024 White Metallic Lincoln Navigator L Black Label 3.5L V-6 cyl For sale at White Bear Lincoln in White Bear Lake Minnesota.	https://pictures.web.dealer.com/w/whitebearlincolnfd/1488/5f7460b1192e9ffbee8973ca5af407eax.jpg	in stock	USED	SUV	Vehicles & Parts > Vehicles > Motor Vehicles > Cars, Trucks & Vans	5LMJJ3TG0REL06376	https://www.whitebearlincoln.com/used/Lincoln/2024-Lincoln-Navigator-L-68ab87e7ac183d20eebe8ad1407b5653.htm?store={store_code}	WHITE	29924 miles	Navigator L	5LMJJ3TG0REL06376	2024	70338 USD	WHTBEARLNC	70338 USD	MI	no	Navigator L	No	Over 20k
5LMJJ2LG5REL16167	2024 Lincoln Navigator Reserve	Lincoln	https://www.whitebearlincoln.com/used/Lincoln/2024-Lincoln-Navigator-f7598ffbac18003fe20877a2c7ede78d.htm	61845 USD	2024 Gray Metallic Lincoln Navigator Reserve 3.5L V-6 cyl For sale at White Bear Lincoln in White Bear Lake Minnesota.	https://pictures.web.dealer.com/w/whitebearlincolnfd/0815/a3ad9a8d87d2530b26d08f32342030b7x.jpg	in stock	USED	SUV	Vehicles & Parts > Vehicles > Motor Vehicles > Cars, Trucks & Vans	5LMJJ2LG5REL16167	https://www.whitebearlincoln.com/used/Lincoln/2024-Lincoln-Navigator-f7598ffbac18003fe20877a2c7ede78d.htm?store={store_code}	GRAY	21862 miles	Navigator	5LMJJ2LG5REL16167	2024	61845 USD	WHTBEARLNC	61845 USD	MI	no	Navigator	No	Over 20k
5LM5J9XC6SGL15265	2025 Lincoln Aviator Black Label	Lincoln	https://www.whitebearlincoln.com/used/Lincoln/2025-Lincoln-Aviator-3f740504ac18393e40fc3430cac4e4f0.htm	78583 USD	2025 Infinite Black Lincoln Aviator Black Label 3.0L V-6 cyl For sale at White Bear Lincoln in White Bear Lake Minnesota.	https://pictures.web.dealer.com/w/whitebearlincolnfd/0527/18b40a630a1a0fabc72f1aff64481b65x.jpg	in stock	USED	SUV	Vehicles & Parts > Vehicles > Motor Vehicles > Cars, Trucks & Vans	5LM5J9XC6SGL15265	https://www.whitebearlincoln.com/used/Lincoln/2025-Lincoln-Aviator-3f740504ac18393e40fc3430cac4e4f0.htm?store={store_code}	BLACK	7760 miles	Aviator	5LM5J9XC6SGL15265	2025	78583 USD	WHTBEARLNC	78583 USD	MI	no	Aviator	No	Over 20k
5LM5J9XC8SGL24467	2025 Lincoln Aviator Black Label	Lincoln	https://www.whitebearlincoln.com/used/Lincoln/2025-Lincoln-Aviator-48b21b07ac183200ff501480e8823f3a.htm	76345 USD	2025 Red Carpet Tinted Lincoln Aviator Black Label 3.0L V-6 cyl For sale at White Bear Lincoln in White Bear Lake Minnesota.	https://pictures.web.dealer.com/w/whitebearlincolnfd/1907/9217021e7a7793007a09a557a5842ad8x.jpg	in stock	USED	SUV	Vehicles & Parts > Vehicles > Motor Vehicles > Cars, Trucks & Vans	5LM5J9XC8SGL24467	https://www.whitebearlincoln.com/used/Lincoln/2025-Lincoln-Aviator-48b21b07ac183200ff501480e8823f3a.htm?store={store_code}	RED	5023 miles	Aviator	5LM5J9XC8SGL24467	2025	76345 USD	WHTBEARLNC	76345 USD	MI	no	Aviator	No	Over 20k
5LM5J7XCXSGL08341	2025 Lincoln Aviator Reserve	Lincoln	https://www.whitebearlincoln.com/used/Lincoln/2025-Lincoln-Aviator-ae96cc79ac184088ef41bc9727c1cda5.htm	60343 USD	2025 White Metallic Lincoln Aviator Reserve 3.0L V-6 cyl For sale at White Bear Lincoln in White Bear Lake Minnesota.	https://pictures.web.dealer.com/w/whitebearlincolnfd/0446/7796ea94222af8cbda95afcf25bd1a79x.jpg	in stock	USED	SUV	Vehicles & Parts > Vehicles > Motor Vehicles > Cars, Trucks & Vans	5LM5J7XCXSGL08341	https://www.whitebearlincoln.com/used/Lincoln/2025-Lincoln-Aviator-ae96cc79ac184088ef41bc9727c1cda5.htm?store={store_code}	WHITE	18068 miles	Aviator	5LM5J7XCXSGL08341	2025	60343 USD	WHTBEARLNC	60343 USD	MI	no	Aviator	No	Over 20k
5LM5J9XC8SGL05451	2025 Lincoln Aviator Black Label	Lincoln	https://www.whitebearlincoln.com/used/Lincoln/2025-Lincoln-Aviator-f7598e56ac185c8404187acea8791ac4.htm	68698 USD	2025 Cenote Green Bright Colorant Lincoln Aviator Black Label 3.0L V-6 cyl For sale at White Bear Lincoln in White Bear Lake Minnesota.	https://pictures.web.dealer.com/w/whitebearlincolnfd/0897/b5b430a0e9d7a53adacdf3a42e8e7763x.jpg	in stock	USED	SUV	Vehicles & Parts > Vehicles > Motor Vehicles > Cars, Trucks & Vans	5LM5J9XC8SGL05451	https://www.whitebearlincoln.com/used/Lincoln/2025-Lincoln-Aviator-f7598e56ac185c8404187acea8791ac4.htm?store={store_code}	GREEN	6550 miles	Aviator	5LM5J9XC8SGL05451	2025	68698 USD	WHTBEARLNC	68698 USD	MI	no	Aviator	No	Over 20k
5LMCJ1DA4SUL07517	2025 Lincoln Corsair Premiere	Lincoln	https://www.whitebearlincoln.com/used/Lincoln/2025-Lincoln-Corsair-3f740714ac183e41ae36cd882cd8873b.htm	41345 USD	2025 Gray Metallic Lincoln Corsair Premiere 2.0L I-4 cyl For sale at White Bear Lincoln in White Bear Lake Minnesota.	https://pictures.web.dealer.com/w/whitebearlincolnfd/1697/c2e6ff3ced38eebfbb8ba3978f04a6bex.jpg	in stock	USED	SUV	Vehicles & Parts > Vehicles > Motor Vehicles > Cars, Trucks & Vans	5LMCJ1DA4SUL07517	https://www.whitebearlincoln.com/used/Lincoln/2025-Lincoln-Corsair-3f740714ac183e41ae36cd882cd8873b.htm?store={store_code}	GRAY	7782 miles	Corsair	5LMCJ1DA4SUL07517	2025	41345 USD	WHTBEARLNC	41345 USD	MI	no	Corsair	No	Over 20k
5LMCJ1DA7SUL24134	2025 Lincoln Corsair Premiere	Lincoln	https://www.whitebearlincoln.com/used/Lincoln/2025-Lincoln-Corsair-3f741002ac1827bd9540ac675b7f3b7a.htm	43345 USD	2025 Infinite Black Lincoln Corsair Premiere 2.0L I-4 cyl For sale at White Bear Lincoln in White Bear Lake Minnesota.	https://pictures.web.dealer.com/w/whitebearlincolnfd/0798/71a5244b4c45bbc8cbd273c8ec6d17e0x.jpg	in stock	USED	SUV	Vehicles & Parts > Vehicles > Motor Vehicles > Cars, Trucks & Vans	5LMCJ1DA7SUL24134	https://www.whitebearlincoln.com/used/Lincoln/2025-Lincoln-Corsair-3f741002ac1827bd9540ac675b7f3b7a.htm?store={store_code}	BLACK	372 miles	Corsair	5LMCJ1DA7SUL24134	2025	43345 USD	WHTBEARLNC	43345 USD	MI	no	Corsair	No	Over 20k
5LMCJ2DA9SUL00004	2025 Lincoln Corsair Reserve	Lincoln	https://www.whitebearlincoln.com/used/Lincoln/2025-Lincoln-Corsair-457523e8ac184f13fc02510bbfe9cb76.htm	47845 USD	2025 Crystal White Lincoln Corsair Reserve 2.0L I-4 cyl For sale at White Bear Lincoln in White Bear Lake Minnesota.	https://pictures.web.dealer.com/w/whitebearlincolnfd/1929/9d2561aadddd03136d9b60c0f3b56928x.jpg	in stock	USED	SUV	Vehicles & Parts > Vehicles > Motor Vehicles > Cars, Trucks & Vans	5LMCJ2DA9SUL00004	https://www.whitebearlincoln.com/used/Lincoln/2025-Lincoln-Corsair-457523e8ac184f13fc02510bbfe9cb76.htm?store={store_code}	WHITE	15897 miles	Corsair	5LMCJ2DA9SUL00004	2025	47845 USD	WHTBEARLNC	47845 USD	MI	no	Corsair	No	Over 20k
5LMCJ2CA5SUL03905	2025 Lincoln Corsair Reserve	Lincoln	https://www.whitebearlincoln.com/used/Lincoln/2025-Lincoln-Corsair-48b219ccac1813cdd93b4713cc56a57e.htm	41035 USD	2025 Red Carpet Tinted Lincoln Corsair Reserve 2.0L I-4 cyl For sale at White Bear Lincoln in White Bear Lake Minnesota.	https://pictures.web.dealer.com/w/whitebearlincolnfd/0822/b9777d2818f4f399c429f103287cd7a9x.jpg	in stock	USED	SUV	Vehicles & Parts > Vehicles > Motor Vehicles > Cars, Trucks & Vans	5LMCJ2CA5SUL03905	https://www.whitebearlincoln.com/used/Lincoln/2025-Lincoln-Corsair-48b219ccac1813cdd93b4713cc56a57e.htm?store={store_code}	RED	10238 miles	Corsair	5LMCJ2CA5SUL03905	2025	41035 USD	WHTBEARLNC	41035 USD	MI	no	Corsair	No	Over 20k
5LMCJ2DA6SUL04818	2025 Lincoln Corsair Reserve	Lincoln	https://www.whitebearlincoln.com/used/Lincoln/2025-Lincoln-Corsair-d386f67dac1829d84b57f24742ec0bf1.htm	44348 USD	2025 Infinite Black Lincoln Corsair Reserve 2.0L I-4 cyl For sale at White Bear Lincoln in White Bear Lake Minnesota.	https://pictures.web.dealer.com/w/whitebearlincolnfd/1268/0c5d63ca884e6f2f1827ee1c92b74fc6x.jpg	in stock	USED	SUV	Vehicles & Parts > Vehicles > Motor Vehicles > Cars, Trucks & Vans	5LMCJ2DA6SUL04818	https://www.whitebearlincoln.com/used/Lincoln/2025-Lincoln-Corsair-d386f67dac1829d84b57f24742ec0bf1.htm?store={store_code}	BLACK	5904 miles	Corsair	5LMCJ2DA6SUL04818	2025	44348 USD	WHTBEARLNC	44348 USD	MI	no	Corsair	No	Over 20k
5LMCJ2DAXSUL01680	2025 Lincoln Corsair Reserve	Lincoln	https://www.whitebearlincoln.com/used/Lincoln/2025-Lincoln-Corsair-de186689ac1807bdc0458511d760b733.htm	41348 USD	2025 White Metallic Lincoln Corsair Reserve 2.0L I-4 cyl For sale at White Bear Lincoln in White Bear Lake Minnesota.	https://pictures.web.dealer.com/w/whitebearlincolnfd/0890/cb2f36f344327c4ba71a2faf61a66fe3x.jpg	in stock	USED	SUV	Vehicles & Parts > Vehicles > Motor Vehicles > Cars, Trucks & Vans	5LMCJ2DAXSUL01680	https://www.whitebearlincoln.com/used/Lincoln/2025-Lincoln-Corsair-de186689ac1807bdc0458511d760b733.htm?store={store_code}	WHITE	16750 miles	Corsair	5LMCJ2DAXSUL01680	2025	41348 USD	WHTBEARLNC	41348 USD	MI	no	Corsair	No	Over 20k
5LMPJ8K45SJ950242	2025 Lincoln Nautilus Reserve	Lincoln	https://www.whitebearlincoln.com/used/Lincoln/2025-Lincoln-Nautilus-17bcbe7cac1815683e0f5388f3c29016.htm	57345 USD	2025 White Platinum Tri-Coat Lincoln Nautilus Reserve 2.0L I-4 cyl For sale at White Bear Lincoln in White Bear Lake Minnesota.	https://images.dealer.com/ddc/vehicles/2025/Lincoln/Nautilus/SUV/trim_Reserve_cc3964/color/White%20Platinum%20Metallic%20Tri-Coat-UG-231%2C230%2C228-640-en_US.jpg	in stock	USED	SUV	Vehicles & Parts > Vehicles > Motor Vehicles > Cars, Trucks & Vans	5LMPJ8K45SJ950242	https://www.whitebearlincoln.com/used/Lincoln/2025-Lincoln-Nautilus-17bcbe7cac1815683e0f5388f3c29016.htm?store={store_code}	WHITE	12510 miles	Nautilus	5LMPJ8K45SJ950242	2025	57345 USD	WHTBEARLNC	57345 USD	MI	no	Nautilus	No	Over 20k
5LMPJ8K47SJ958830	2025 Lincoln Nautilus Reserve	Lincoln	https://www.whitebearlincoln.com/used/Lincoln/2025-Lincoln-Nautilus-46c3d923ac182fab6af0ddda0652c3e5.htm	58348 USD	2025 Infinite Black Lincoln Nautilus Reserve 2.0L I-4 cyl For sale at White Bear Lincoln in White Bear Lake Minnesota.	https://pictures.web.dealer.com/w/whitebearlincolnfd/0270/c2749f3939a0dcd0f9cd09f7906d037cx.jpg	in stock	USED	SUV	Vehicles & Parts > Vehicles > Motor Vehicles > Cars, Trucks & Vans	5LMPJ8K47SJ958830	https://www.whitebearlincoln.com/used/Lincoln/2025-Lincoln-Nautilus-46c3d923ac182fab6af0ddda0652c3e5.htm?store={store_code}	BLACK	8245 miles	Nautilus	5LMPJ8K47SJ958830	2025	58348 USD	WHTBEARLNC	58348 USD	MI	no	Nautilus	No	Over 20k
5LMPJ8K48SJ893812	2025 Lincoln Nautilus Reserve	Lincoln	https://www.whitebearlincoln.com/used/Lincoln/2025-Lincoln-Nautilus-6e050698ac1804b19b597a9524119e03.htm	51845 USD	2025 Red Lincoln Nautilus Reserve 2.0L I-4 cyl For sale at White Bear Lincoln in White Bear Lake Minnesota.	https://pictures.web.dealer.com/w/whitebearlincolnfd/1085/abed6adc5c893717a92d18962af4924bx.jpg	in stock	USED	SUV	Vehicles & Parts > Vehicles > Motor Vehicles > Cars, Trucks & Vans	5LMPJ8K48SJ893812	https://www.whitebearlincoln.com/used/Lincoln/2025-Lincoln-Nautilus-6e050698ac1804b19b597a9524119e03.htm?store={store_code}	RED	20597 miles	Nautilus	5LMPJ8K48SJ893812	2025	51845 USD	WHTBEARLNC	51845 USD	MI	no	Nautilus	No	Over 20k
5LMPJ8J42SJ973401	2025 Lincoln Nautilus Premiere	Lincoln	https://www.whitebearlincoln.com/used/Lincoln/2025-Lincoln-Nautilus-ae96c78cac1812be80b66b4fc04ca33f.htm	54345 USD	2025 White Platinum Tri-Coat Lincoln Nautilus Premiere 2.0L I-4 cyl For sale at White Bear Lincoln in White Bear Lake Minnesota.	https://pictures.web.dealer.com/w/whitebearlincolnfd/0543/9e637d94d4469f4a1888ee2d571b25e4x.jpg	in stock	USED	SUV	Vehicles & Parts > Vehicles > Motor Vehicles > Cars, Trucks & Vans	5LMPJ8J42SJ973401	https://www.whitebearlincoln.com/used/Lincoln/2025-Lincoln-Nautilus-ae96c78cac1812be80b66b4fc04ca33f.htm?store={store_code}	WHITE	6793 miles	Nautilus	5LMPJ8J42SJ973401	2025	54345 USD	WHTBEARLNC	54345 USD	MI	no	Nautilus	No	Over 20k
5LMJJ2TGXSEL00343	2025 Lincoln Navigator Black Label	Lincoln	https://www.whitebearlincoln.com/used/Lincoln/2025-Lincoln-Navigator-0c6d86d4ac1846b2c5d9aed684546f13.htm	93238 USD	2025 Crystal White Lincoln Navigator Black Label 3.5L V-6 cyl For sale at White Bear Lincoln in White Bear Lake Minnesota.	https://pictures.web.dealer.com/w/whitebearlincolnfd/0859/6d33baf737755819f163a2f86256fd16x.jpg	in stock	USED	SUV	Vehicles & Parts > Vehicles > Motor Vehicles > Cars, Trucks & Vans	5LMJJ2TGXSEL00343	https://www.whitebearlincoln.com/used/Lincoln/2025-Lincoln-Navigator-0c6d86d4ac1846b2c5d9aed684546f13.htm?store={store_code}	WHITE	16873 miles	Navigator	5LMJJ2TGXSEL00343	2025	93238 USD	WHTBEARLNC	93238 USD	MI	no	Navigator	No	Over 20k
5LMJJ2LG7SEL06049	2025 Lincoln Navigator Reserve	Lincoln	https://www.whitebearlincoln.com/used/Lincoln/2025-Lincoln-Navigator-23933315ac1820dc6700e18b558c8802.htm	82345 USD	2025 White Metallic Lincoln Navigator Reserve 3.5L V-6 cyl For sale at White Bear Lincoln in White Bear Lake Minnesota.	https://pictures.web.dealer.com/w/whitebearlincolnfd/1093/fcd3618f068d3689025d527281d6302cx.jpg	in stock	USED	SUV	Vehicles & Parts > Vehicles > Motor Vehicles > Cars, Trucks & Vans	5LMJJ2LG7SEL06049	https://www.whitebearlincoln.com/used/Lincoln/2025-Lincoln-Navigator-23933315ac1820dc6700e18b558c8802.htm?store={store_code}	WHITE	2249 miles	Navigator	5LMJJ2LG7SEL06049	2025	82345 USD	WHTBEARLNC	82345 USD	MI	no	Navigator	No	Over 20k
5LMJJ3TGXSEL08786	2025 Lincoln Navigator L Black Label	Lincoln	https://www.whitebearlincoln.com/used/Lincoln/2025-Lincoln-Navigator-L-d166004bac18028bdbc4543e5896701f.htm	93345 USD	2025 White Metallic Lincoln Navigator L Black Label 3.5L V-6 cyl For sale at White Bear Lincoln in White Bear Lake Minnesota.	https://pictures.web.dealer.com/w/whitebearlincolnfd/1300/1cd3d5adf390c951f8041dc1b3420153x.jpg	in stock	USED	SUV	Vehicles & Parts > Vehicles > Motor Vehicles > Cars, Trucks & Vans	5LMJJ3TGXSEL08786	https://www.whitebearlincoln.com/used/Lincoln/2025-Lincoln-Navigator-L-d166004bac18028bdbc4543e5896701f.htm?store={store_code}	WHITE	7656 miles	Navigator L	5LMJJ3TGXSEL08786	2025	93345 USD	WHTBEARLNC	93345 USD	MI	no	Navigator L	No	Over 20k
5LMJJ2LG6SEL01599	2025 Lincoln Navigator Reserve	Lincoln	https://www.whitebearlincoln.com/used/Lincoln/2025-Lincoln-Navigator-da32ed2eac1839c94c8d3a4ada00e666.htm	80349 USD	2025 Crystal White Lincoln Navigator Reserve 3.5L V-6 cyl For sale at White Bear Lincoln in White Bear Lake Minnesota.	https://pictures.web.dealer.com/w/whitebearlincolnfd/0379/455e091a15de48b5c12c0ce081d79c71x.jpg	in stock	USED	SUV	Vehicles & Parts > Vehicles > Motor Vehicles > Cars, Trucks & Vans	5LMJJ2LG6SEL01599	https://www.whitebearlincoln.com/used/Lincoln/2025-Lincoln-Navigator-da32ed2eac1839c94c8d3a4ada00e666.htm?store={store_code}	WHITE	4541 miles	Navigator	5LMJJ2LG6SEL01599	2025	80349 USD	WHTBEARLNC	80349 USD	MI	no	Navigator	No	Over 20k
5LM5J7XC3TGL01233	2026 Lincoln Aviator Reserve	Lincoln	https://www.whitebearlincoln.com/used/Lincoln/2026-Lincoln-Aviator-af7d5df3ac1855708c1e5eefc74c4a02.htm	67345 USD	2026 Whisper Blue Lincoln Aviator Reserve 3.0L V-6 cyl For sale at White Bear Lincoln in White Bear Lake Minnesota.	https://pictures.web.dealer.com/w/whitebearlincolnfd/0797/6cede9fb9b7b239e512f08655870bb06x.jpg	in stock	USED	SUV	Vehicles & Parts > Vehicles > Motor Vehicles > Cars, Trucks & Vans	5LM5J7XC3TGL01233	https://www.whitebearlincoln.com/used/Lincoln/2026-Lincoln-Aviator-af7d5df3ac1855708c1e5eefc74c4a02.htm?store={store_code}	BLUE	1409 miles	Aviator	5LM5J7XC3TGL01233	2026	67345 USD	WHTBEARLNC	67345 USD	MI	no	Aviator	No	Over 20k
5LM5J6XC6TGL10051	2026 Lincoln Aviator Premiere	Lincoln	https://www.whitebearlincoln.com/used/Lincoln/2026-Lincoln-Aviator-efd349e5ac1831a9b524f53a87ad6240.htm	55945 USD	2026 White Metallic Lincoln Aviator Premiere 3.0L V-6 cyl For sale at White Bear Lincoln in White Bear Lake Minnesota.	https://pictures.web.dealer.com/w/whitebearlincolnfd/1666/131a8f9272b161d998f95f1e19d40918x.jpg	in stock	USED	SUV	Vehicles & Parts > Vehicles > Motor Vehicles > Cars, Trucks & Vans	5LM5J6XC6TGL10051	https://www.whitebearlincoln.com/used/Lincoln/2026-Lincoln-Aviator-efd349e5ac1831a9b524f53a87ad6240.htm?store={store_code}	WHITE	1176 miles	Aviator	5LM5J6XC6TGL10051	2026	55945 USD	WHTBEARLNC	55945 USD	MI	no	Aviator	No	Over 20k
5LMPJ8KA7TJ985856	2026 Lincoln Nautilus Reserve	Lincoln	https://www.whitebearlincoln.com/used/Lincoln/2026-Lincoln-Nautilus-17bcb9acac1806945ded6275a274cd7a.htm	60345 USD	2026 Infinite Black Lincoln Nautilus Reserve 2.0L I-4 cyl For sale at White Bear Lincoln in White Bear Lake Minnesota.	https://images.dealer.com/ddc/vehicles/2026/Lincoln/Nautilus/SUV/trim_Reserve_901d65/color/Infinite%20Black%20Metallic%20Clearcoat-UM-10%2C10%2C12-640-en_US.jpg	in stock	USED	SUV	Vehicles & Parts > Vehicles > Motor Vehicles > Cars, Trucks & Vans	5LMPJ8KA7TJ985856	https://www.whitebearlincoln.com/used/Lincoln/2026-Lincoln-Nautilus-17bcb9acac1806945ded6275a274cd7a.htm?store={store_code}	BLACK	13461 miles	Nautilus	5LMPJ8KA7TJ985856	2026	60345 USD	WHTBEARLNC	60345 USD	MI	no	Nautilus	No	Over 20k
5LMPJ8J43TJ002831	2026 Lincoln Nautilus Premiere	Lincoln	https://www.whitebearlincoln.com/used/Lincoln/2026-Lincoln-Nautilus-87c57bc8ac181c46cdfd0dfe90df1eb9.htm	57345 USD	2026 Infinite Black Lincoln Nautilus Premiere 2.0L I-4 cyl For sale at White Bear Lincoln in White Bear Lake Minnesota.	https://pictures.web.dealer.com/w/whitebearlincolnfd/0342/528f8b3ca8e37492b8c645e132e20646x.jpg	in stock	USED	SUV	Vehicles & Parts > Vehicles > Motor Vehicles > Cars, Trucks & Vans	5LMPJ8J43TJ002831	https://www.whitebearlincoln.com/used/Lincoln/2026-Lincoln-Nautilus-87c57bc8ac181c46cdfd0dfe90df1eb9.htm?store={store_code}	BLACK	17 miles	Nautilus	5LMPJ8J43TJ002831	2026	57345 USD	WHTBEARLNC	57345 USD	MI	no	Nautilus	No	Over 20k
5LMPJ8J44TJ995272	2026 Lincoln Nautilus Premiere	Lincoln	https://www.whitebearlincoln.com/used/Lincoln/2026-Lincoln-Nautilus-d45cdb1cac185bc0410e180bfc0035f4.htm	57345 USD	2026 White Platinum Tri-Coat Lincoln Nautilus Premiere 2.0L I-4 cyl For sale at White Bear Lincoln in White Bear Lake Minnesota.	https://pictures.web.dealer.com/w/whitebearlincolnfd/1206/7aa3d81d7cf125ad97d71e997071afd7x.jpg	in stock	USED	SUV	Vehicles & Parts > Vehicles > Motor Vehicles > Cars, Trucks & Vans	5LMPJ8J44TJ995272	https://www.whitebearlincoln.com/used/Lincoln/2026-Lincoln-Nautilus-d45cdb1cac185bc0410e180bfc0035f4.htm?store={store_code}	WHITE	1331 miles	Nautilus	5LMPJ8J44TJ995272	2026	57345 USD	WHTBEARLNC	57345 USD	MI	no	Nautilus	No	Over 20k
5LMJJ2LG3TEL07765	2026 Lincoln Navigator Reserve	Lincoln	https://www.whitebearlincoln.com/used/Lincoln/2026-Lincoln-Navigator-6681b717ac18460841a550255b428b15.htm	92338 USD	2026 White Metallic Lincoln Navigator Reserve 3.5L V-6 cyl For sale at White Bear Lincoln in White Bear Lake Minnesota.	https://pictures.web.dealer.com/w/whitebearlincolnfd/0985/8eff02f84bc381f6bdeb51f85fc21901x.jpg	in stock	USED	SUV	Vehicles & Parts > Vehicles > Motor Vehicles > Cars, Trucks & Vans	5LMJJ2LG3TEL07765	https://www.whitebearlincoln.com/used/Lincoln/2026-Lincoln-Navigator-6681b717ac18460841a550255b428b15.htm?store={store_code}	WHITE	12 miles	Navigator	5LMJJ2LG3TEL07765	2026	92338 USD	WHTBEARLNC	92338 USD	MI	no	Navigator	No	Over 20k
JN8BT3CB0PW488246	2023 Nissan Rogue SL	Nissan	https://www.whitebearlincoln.com/used/Nissan/2023-Nissan-Rogue-692430b9ac18278e4c624aba6a1873d9.htm	27345 USD	2023 Pearl White Tricoat Nissan Rogue SL 1.5L I-3 cyl For sale at White Bear Lincoln in White Bear Lake Minnesota.	https://pictures.web.dealer.com/w/whitebearlincolnfd/0020/4a4d4270bcf2efc9dae7d43484831d20x.jpg	in stock	USED	SUV	Vehicles & Parts > Vehicles > Motor Vehicles > Cars, Trucks & Vans	JN8BT3CB0PW488246	https://www.whitebearlincoln.com/used/Nissan/2023-Nissan-Rogue-692430b9ac18278e4c624aba6a1873d9.htm?store={store_code}	WHITE	10438 miles	Rogue	JN8BT3CB0PW488246	2023	27345 USD	WHTBEARLNC	27345 USD	MI	no	Rogue	No	Over 20k
WP0CB2982YU661299	2000 Porsche Boxster S	Porsche	https://www.whitebearlincoln.com/used/Porsche/2000-Porsche-Boxster-2b4850ffac183b953cbae2d11f4e1d43.htm	12345 USD	2000 Silver Porsche Boxster S 3.2L H-6 cyl For sale at White Bear Lincoln in White Bear Lake Minnesota.	https://pictures.web.dealer.com/w/whitebearlincolnfd/1445/16d19520429b7eb0ddb8222e486d3929x.jpg	in stock	USED	OTHER	Vehicles & Parts > Vehicles > Motor Vehicles > Cars, Trucks & Vans	WP0CB2982YU661299	https://www.whitebearlincoln.com/used/Porsche/2000-Porsche-Boxster-2b4850ffac183b953cbae2d11f4e1d43.htm?store={store_code}	SILVER	90138 miles	Boxster	WP0CB2982YU661299	2000	12345 USD	WHTBEARLNC	12345 USD	MI	no	Boxster	No	Under 20k
WP1AB2A52JLB34799	2018 Porsche Macan S	Porsche	https://www.whitebearlincoln.com/used/Porsche/2018-Porsche-Macan-197bd617ac181b397f50d7ac01a6561f.htm	15845 USD	2018 White Porsche Macan S 3.0L V-6 cyl For sale at White Bear Lincoln in White Bear Lake Minnesota.	https://pictures.web.dealer.com/w/whitebearlincolnfd/1197/e672d272be2062b6b8c816a0d8b1008ax.jpg	in stock	USED	OTHER	Vehicles & Parts > Vehicles > Motor Vehicles > Cars, Trucks & Vans	WP1AB2A52JLB34799	https://www.whitebearlincoln.com/used/Porsche/2018-Porsche-Macan-197bd617ac181b397f50d7ac01a6561f.htm?store={store_code}	WHITE	113362 miles	Macan	WP1AB2A52JLB34799	2018	15845 USD	WHTBEARLNC	15845 USD	MI	no	Macan	No	Under 20k
1C6RRFFGXKN794698	2019 Ram 1500 Big Horn/Lone Star	Ram	https://www.whitebearlincoln.com/used/Ram/2019-Ram-1500-178b1ec8ac18461266c543184cb3d77e.htm	22045 USD	2019 Diamond Black Crystal Pearlcoat Ram 1500 Big Horn/Lone Star 3.6L V-6 cyl For sale at White Bear Lincoln in White Bear Lake Minnesota.	https://pictures.web.dealer.com/w/whitebearlincolnfd/0767/17c88cd4e2f726bb987ed985a8d03454x.jpg	in stock	USED	TRUCK	Vehicles & Parts > Vehicles > Motor Vehicles > Cars, Trucks & Vans	1C6RRFFGXKN794698	https://www.whitebearlincoln.com/used/Ram/2019-Ram-1500-178b1ec8ac18461266c543184cb3d77e.htm?store={store_code}	BLACK	102777 miles	1500	1C6RRFFGXKN794698	2019	22045 USD	WHTBEARLNC	22045 USD	MI	no	1500	No	Over 20k
3C63RRJL0SG521774	2025 Ram 3500 Laramie	Ram	https://www.whitebearlincoln.com/used/Ram/2025-Ram-3500-85645819ac185b7043adb35b70b5c3ea.htm	69348 USD	2025 Bright White Ram 3500 Laramie 6.7L I-6 cyl For sale at White Bear Lincoln in White Bear Lake Minnesota.	https://pictures.web.dealer.com/w/whitebearlincolnfd/0664/02b45f2decebca14af616d72c9fd6b79x.jpg	in stock	USED	TRUCK	Vehicles & Parts > Vehicles > Motor Vehicles > Cars, Trucks & Vans	3C63RRJL0SG521774	https://www.whitebearlincoln.com/used/Ram/2025-Ram-3500-85645819ac185b7043adb35b70b5c3ea.htm?store={store_code}	WHITE	20235 miles	3500	3C63RRJL0SG521774	2025	69348 USD	WHTBEARLNC	69348 USD	MI	no	3500	No	Over 20k
